subset,source_model,filename,fusion,global_weight,patch_spat_weight,patch_temp_weight,patch_temp_mode,match_radius,top_m,temperature,lambda_dist,aggregation,bottomk_ratio,temporal_run_length,patch_region_size,patch_spat_percentile,patch_temp_percentile,patch_final_score,final_score
real,MSVD,-4wsuPCjDBc_5_15.mp4,patch_only,,0.1,0.9,same_grid_second_order,,,,,bottomk_mean,0.4,3,3,0.23910482227802277,0.6955241560935974,0.6498821973800659,0.6498821973800659
real,MSVD,-7KMZQEsJW4_205_208.mp4,patch_only,,0.1,0.9,same_grid_second_order,,,,,bottomk_mean,0.4,3,3,0.31330978870391846,0.40459364652633667,0.39546525478363037,0.39546525478363037
real,MSVD,-8y1Q0rA3n8_108_115.mp4,patch_only,,0.1,0.9,same_grid_second_order,,,,,bottomk_mean,0.4,3,3,0.5047114491462708,0.273851603269577,0.29693758487701416,0.29693758487701416
real,MSVD,-8y1Q0rA3n8_95_102.mp4,patch_only,,0.1,0.9,same_grid_second_order,,,,,bottomk_mean,0.4,3,3,0.8374558091163635,0.23792697489261627,0.2978798449039459,0.2978798449039459
real,MSVD,-AwoiGR6c8M_10_14.mp4,patch_only,,0.1,0.9,same_grid_second_order,,,,,bottomk_mean,0.4,3,3,0.4570082426071167,0.11778563261032104,0.15170788764953613,0.15170788764953613
real,MSVD,-Cv5LsqKUXc_17_25.mp4,patch_only,,0.1,0.9,same_grid_second_order,,,,,bottomk_mean,0.4,3,3,0.952296793460846,0.9222614765167236,0.9252650141716003,0.9252650141716003
real,MSVD,-Cv5LsqKUXc_71_76.mp4,patch_only,,0.1,0.9,same_grid_second_order,,,,,bottomk_mean,0.4,3,3,0.8327444195747375,0.8003533482551575,0.8035924434661865,0.8035924434661865
real,MSVD,-DKuLXYoY3g_14_20.mp4,patch_only,,0.1,0.9,same_grid_second_order,,,,,bottomk_mean,0.4,3,3,0.8521790504455566,0.38751471042633057,0.43398115038871765,0.43398115038871765
real,MSVD,-DRy7rBg0IQ_31_37.mp4,patch_only,,0.1,0.9,same_grid_second_order,,,,,bottomk_mean,0.4,3,3,0.5347467660903931,0.28857478499412537,0.3131919801235199,0.3131919801235199
real,MSVD,-FugkxLmGO4_5_16.mp4,patch_only,,0.1,0.9,same_grid_second_order,,,,,bottomk_mean,0.4,3,3,0.021790342405438423,0.42108362913131714,0.38115429878234863,0.38115429878234863
real,MSVD,-Ms9tsWmhyU_80_95.mp4,patch_only,,0.1,0.9,same_grid_second_order,,,,,bottomk_mean,0.4,3,3,0.4517078995704651,0.2868080139160156,0.3032979965209961,0.3032979965209961
real,MSVD,-YI0cxuNcq8_262_272.mp4,patch_only,,0.1,0.9,same_grid_second_order,,,,,bottomk_mean,0.4,3,3,0.5064781904220581,0.6048291921615601,0.5949941277503967,0.5949941277503967
real,MSVD,-_aaMGK6GGw_57_61.mp4,patch_only,,0.1,0.9,same_grid_second_order,,,,,bottomk_mean,0.4,3,3,0.5465252995491028,0.8085983395576477,0.7823910713195801,0.7823910713195801
real,MSVD,-_hbPLsZvvo_172_179.mp4,patch_only,,0.1,0.9,same_grid_second_order,,,,,bottomk_mean,0.4,3,3,0.7043580412864685,0.8722025752067566,0.8554181456565857,0.8554181456565857
real,MSVD,-_hbPLsZvvo_18_25.mp4,patch_only,,0.1,0.9,same_grid_second_order,,,,,bottomk_mean,0.4,3,3,0.8945818543434143,0.9764428734779358,0.9682567715644836,0.9682567715644836
real,MSVD,-_hbPLsZvvo_19_25.mp4,patch_only,,0.1,0.9,same_grid_second_order,,,,,bottomk_mean,0.4,3,3,0.9363957643508911,0.9540635943412781,0.952296793460846,0.952296793460846
real,MSVD,-_hbPLsZvvo_19_26.mp4,patch_only,,0.1,0.9,same_grid_second_order,,,,,bottomk_mean,0.4,3,3,0.9363957643508911,0.9540635943412781,0.952296793460846,0.952296793460846
real,MSVD,-_hbPLsZvvo_211_219.mp4,patch_only,,0.1,0.9,same_grid_second_order,,,,,bottomk_mean,0.4,3,3,0.9140164852142334,0.8274440765380859,0.8361012935638428,0.8361012935638428
real,MSVD,-_hbPLsZvvo_269_275.mp4,patch_only,,0.1,0.9,same_grid_second_order,,,,,bottomk_mean,0.4,3,3,0.6489987969398499,0.8150765895843506,0.7984687685966492,0.7984687685966492
real,MSVD,-_hbPLsZvvo_288_305.mp4,patch_only,,0.1,0.9,same_grid_second_order,,,,,bottomk_mean,0.4,3,3,0.3451119065284729,0.8710247278213501,0.8184334635734558,0.8184334635734558
real,MSVD,-_hbPLsZvvo_49_55.mp4,patch_only,,0.1,0.9,same_grid_second_order,,,,,bottomk_mean,0.4,3,3,0.5453474521636963,0.831566572189331,0.8029446601867676,0.8029446601867676
real,MSVD,-_hbPLsZvvo_5_8.mp4,patch_only,,0.1,0.9,same_grid_second_order,,,,,bottomk_mean,0.4,3,3,0.14487633109092712,0.6048291921615601,0.5588338971138,0.5588338971138
real,MSVD,-bjOB4zS0uE_100_105.mp4,patch_only,,0.1,0.9,same_grid_second_order,,,,,bottomk_mean,0.4,3,3,0.3739693760871887,0.8103651404380798,0.7667255401611328,0.7667255401611328
real,MSVD,-dm-ds5rRaM_44_52.mp4,patch_only,,0.1,0.9,same_grid_second_order,,,,,bottomk_mean,0.4,3,3,0.47349822521209717,0.17255595326423645,0.20265017449855804,0.20265017449855804
real,MSVD,-joBOHlg5J0_72_80.mp4,patch_only,,0.1,0.9,same_grid_second_order,,,,,bottomk_mean,0.4,3,3,0.35630154609680176,0.5565370917320251,0.5365135669708252,0.5365135669708252
real,MSVD,-mAoVOhKy0c_4_9.mp4,patch_only,,0.1,0.9,same_grid_second_order,,,,,bottomk_mean,0.4,3,3,0.02944640815258026,0.01590106077492237,0.017255594953894615,0.017255594953894615
real,MSVD,-pUwIypksfE_13_23.mp4,patch_only,,0.1,0.9,same_grid_second_order,,,,,bottomk_mean,0.4,3,3,0.39517077803611755,0.052414607256650925,0.08669022470712662,0.08669022470712662
real,MSVD,-rkErLY0rRc_26_35.mp4,patch_only,,0.1,0.9,same_grid_second_order,,,,,bottomk_mean,0.4,3,3,0.018256772309541702,0.03710247203707695,0.035217903554439545,0.035217903554439545
real,MSVD,-rkErLY0rRc_63_67.mp4,patch_only,,0.1,0.9,same_grid_second_order,,,,,bottomk_mean,0.4,3,3,0.3698468804359436,0.6737338304519653,0.6433451175689697,0.6433451175689697
real,MSVD,-rvjK0lE3z4_33_43.mp4,patch_only,,0.1,0.9,same_grid_second_order,,,,,bottomk_mean,0.4,3,3,0.36631330847740173,0.5418139100074768,0.524263858795166,0.524263858795166
real,MSVD,-s4-6QTT7HE_235_241.mp4,patch_only,,0.1,0.9,same_grid_second_order,,,,,bottomk_mean,0.4,3,3,0.7249705791473389,0.5541813969612122,0.5712603330612183,0.5712603330612183
real,MSVD,-t-ZWaJeH-o_0_15.mp4,patch_only,,0.1,0.9,same_grid_second_order,,,,,bottomk_mean,0.4,3,3,0.45524147152900696,0.35747939348220825,0.3672555983066559,0.3672555983066559
real,MSVD,-uT_1VDvXok_8_15.mp4,patch_only,,0.1,0.9,same_grid_second_order,,,,,bottomk_mean,0.4,3,3,0.3062426447868347,0.171967014670372,0.18539458513259888,0.18539458513259888
real,MSVD,-vKO3uSG6Do_3_14.mp4,patch_only,,0.1,0.9,same_grid_second_order,,,,,bottomk_mean,0.4,3,3,0.666077733039856,0.23262661695480347,0.27597174048423767,0.27597174048423767
real,MSVD,-vg3vR86fu0_1_6.mp4,patch_only,,0.1,0.9,same_grid_second_order,,,,,bottomk_mean,0.4,3,3,0.7974086999893188,0.4228504002094269,0.4603062570095062,0.4603062570095062
real,MSVD,-wa0umYJVGg_100_115.mp4,patch_only,,0.1,0.9,same_grid_second_order,,,,,bottomk_mean,0.4,3,3,0.4646643102169037,0.5736160278320312,0.5627208352088928,0.5627208352088928
real,MSVD,-wa0umYJVGg_117_123.mp4,patch_only,,0.1,0.9,same_grid_second_order,,,,,bottomk_mean,0.4,3,3,0.583038866519928,0.666077733039856,0.6577738523483276,0.6577738523483276
real,MSVD,-wa0umYJVGg_139_157.mp4,patch_only,,0.1,0.9,same_grid_second_order,,,,,bottomk_mean,0.4,3,3,0.984687864780426,0.9929328560829163,0.9921083450317383,0.9921083450317383
real,MSVD,-wa0umYJVGg_168_176.mp4,patch_only,,0.1,0.9,same_grid_second_order,,,,,bottomk_mean,0.4,3,3,0.45759716629981995,0.7832744121551514,0.7507067322731018,0.7507067322731018
real,MSVD,-wa0umYJVGg_23_41.mp4,patch_only,,0.1,0.9,same_grid_second_order,,,,,bottomk_mean,0.4,3,3,0.5877503156661987,0.6095406413078308,0.6073616147041321,0.6073616147041321
real,MSVD,-wa0umYJVGg_286_290.mp4,patch_only,,0.1,0.9,same_grid_second_order,,,,,bottomk_mean,0.4,3,3,0.6872791647911072,0.6890459656715393,0.6888692378997803,0.6888692378997803
real,MSVD,-zOrV-5vh1A_69_76.mp4,patch_only,,0.1,0.9,same_grid_second_order,,,,,bottomk_mean,0.4,3,3,0.12190812826156616,0.2043580710887909,0.19611307978630066,0.19611307978630066
real,MSVD,02Z-kuB3IaM_2_13.mp4,patch_only,,0.1,0.9,same_grid_second_order,,,,,bottomk_mean,0.4,3,3,0.5706713795661926,0.1301531195640564,0.17420494556427002,0.17420494556427002
real,MSVD,04Gt01vatkk_248_265.mp4,patch_only,,0.1,0.9,same_grid_second_order,,,,,bottomk_mean,0.4,3,3,0.8945818543434143,0.7067137956619263,0.7255005836486816,0.7255005836486816
real,MSVD,04Gt01vatkk_308_321.mp4,patch_only,,0.1,0.9,same_grid_second_order,,,,,bottomk_mean,0.4,3,3,0.8604240417480469,0.6378092169761658,0.6600706577301025,0.6600706577301025
real,MSVD,05gNigkqfNU_11_23.mp4,patch_only,,0.1,0.9,same_grid_second_order,,,,,bottomk_mean,0.4,3,3,0.8433451056480408,0.9952885508537292,0.9800942540168762,0.9800942540168762
real,MSVD,05gNigkqfNU_24_32.mp4,patch_only,,0.1,0.9,same_grid_second_order,,,,,bottomk_mean,0.4,3,3,0.9911660552024841,0.9028268456459045,0.9116607904434204,0.9116607904434204
real,MSVD,05gNigkqfNU_25_34.mp4,patch_only,,0.1,0.9,same_grid_second_order,,,,,bottomk_mean,0.4,3,3,0.9899882078170776,0.9028268456459045,0.9115430116653442,0.9115430116653442
real,MSVD,05gNigkqfNU_78_84.mp4,patch_only,,0.1,0.9,same_grid_second_order,,,,,bottomk_mean,0.4,3,3,0.5753828287124634,0.936984658241272,0.9008244872093201,0.9008244872093201
real,MSVD,06CbMa0kDr8_3_13.mp4,patch_only,,0.1,0.9,same_grid_second_order,,,,,bottomk_mean,0.4,3,3,0.03828033059835434,0.06713780760765076,0.06425206363201141,0.06425206363201141
real,MSVD,08pVpBq706k_175_212.mp4,patch_only,,0.1,0.9,same_grid_second_order,,,,,bottomk_mean,0.4,3,3,0.2644287347793579,0.27915194630622864,0.2776796221733093,0.2776796221733093
real,MSVD,0GXq1An3yHI_22_35.mp4,patch_only,,0.1,0.9,same_grid_second_order,,,,,bottomk_mean,0.4,3,3,0.9840989112854004,0.9063604474067688,0.9141342639923096,0.9141342639923096
real,MSVD,0I4VKj4d0WI_24_40.mp4,patch_only,,0.1,0.9,same_grid_second_order,,,,,bottomk_mean,0.4,3,3,0.6931684613227844,0.5382803082466125,0.5537691116333008,0.5537691116333008
real,MSVD,0IDJG0q9j_k_1_24.mp4,patch_only,,0.1,0.9,same_grid_second_order,,,,,bottomk_mean,0.4,3,3,0.19081272184848785,0.13074204325675964,0.13674911856651306,0.13674911856651306
real,MSVD,0M-PyX2DbZc_25_31.mp4,patch_only,,0.1,0.9,same_grid_second_order,,,,,bottomk_mean,0.4,3,3,0.23262661695480347,0.8027090430259705,0.7457008361816406,0.7457008361816406
real,MSVD,0ONJfp95yoE_1_10.mp4,patch_only,,0.1,0.9,same_grid_second_order,,,,,bottomk_mean,0.4,3,3,0.30270907282829285,0.3280329704284668,0.32550057768821716,0.32550057768821716
real,MSVD,0RWJEOScToE_414_421.mp4,patch_only,,0.1,0.9,same_grid_second_order,,,,,bottomk_mean,0.4,3,3,0.8351001143455505,0.7438162565231323,0.7529446482658386,0.7529446482658386
real,MSVD,0SMOK2ql7Pg_5_12.mp4,patch_only,,0.1,0.9,same_grid_second_order,,,,,bottomk_mean,0.4,3,3,0.5512367486953735,0.6625441908836365,0.6514134407043457,0.6514134407043457
real,MSVD,0bSz70pYAP0_5_15.mp4,patch_only,,0.1,0.9,same_grid_second_order,,,,,bottomk_mean,0.4,3,3,0.3239104747772217,0.0795053020119667,0.10394582152366638,0.10394582152366638
real,MSVD,0hyZ__3YhZc_279_283.mp4,patch_only,,0.1,0.9,same_grid_second_order,,,,,bottomk_mean,0.4,3,3,0.8951708078384399,0.7143698334693909,0.7324499487876892,0.7324499487876892
real,MSVD,0hyZ__3YhZc_289_295.mp4,patch_only,,0.1,0.9,same_grid_second_order,,,,,bottomk_mean,0.4,3,3,0.9611307382583618,0.9263839721679688,0.9298586845397949,0.9298586845397949
real,MSVD,0hyZ__3YhZc_302_307.mp4,patch_only,,0.1,0.9,same_grid_second_order,,,,,bottomk_mean,0.4,3,3,0.9352179169654846,0.8886925578117371,0.8933451175689697,0.8933451175689697
real,MSVD,0hyZ__3YhZc_341_348.mp4,patch_only,,0.1,0.9,same_grid_second_order,,,,,bottomk_mean,0.4,3,3,0.7797408699989319,0.6831566691398621,0.6928150653839111,0.6928150653839111
real,MSVD,0hyZ__3YhZc_352_356.mp4,patch_only,,0.1,0.9,same_grid_second_order,,,,,bottomk_mean,0.4,3,3,0.9234393239021301,0.9234393239021301,0.9234393239021301,0.9234393239021301
real,MSVD,0hyZ__3YhZc_380_384.mp4,patch_only,,0.1,0.9,same_grid_second_order,,,,,bottomk_mean,0.4,3,3,0.9157832860946655,0.7497055530548096,0.7663133144378662,0.7663133144378662
real,MSVD,0hyZ__3YhZc_388_394.mp4,patch_only,,0.1,0.9,same_grid_second_order,,,,,bottomk_mean,0.4,3,3,0.646054208278656,0.7567726969718933,0.7457008361816406,0.7457008361816406
real,MSVD,0hyZ__3YhZc_410_417.mp4,patch_only,,0.1,0.9,same_grid_second_order,,,,,bottomk_mean,0.4,3,3,0.8038869500160217,0.6760895252227783,0.6888692378997803,0.6888692378997803
real,MSVD,0hyZ__3YhZc_418_424.mp4,patch_only,,0.1,0.9,same_grid_second_order,,,,,bottomk_mean,0.4,3,3,0.8138986825942993,0.7220259308815002,0.7312132120132446,0.7312132120132446
real,MSVD,0hyZ__3YhZc_485_490.mp4,patch_only,,0.1,0.9,same_grid_second_order,,,,,bottomk_mean,0.4,3,3,0.949941098690033,0.7208480834960938,0.7437573671340942,0.7437573671340942
real,MSVD,0hyZ__3YhZc_562_568.mp4,patch_only,,0.1,0.9,same_grid_second_order,,,,,bottomk_mean,0.4,3,3,0.13250882923603058,0.18138986825942993,0.17650176584720612,0.17650176584720612
real,MSVD,0hyZ__3YhZc_575_580.mp4,patch_only,,0.1,0.9,same_grid_second_order,,,,,bottomk_mean,0.4,3,3,0.3321554660797119,0.6495877504348755,0.6178445219993591,0.6178445219993591
real,MSVD,0hyZ__3YhZc_632_637.mp4,patch_only,,0.1,0.9,same_grid_second_order,,,,,bottomk_mean,0.4,3,3,0.7726737260818481,0.7897526621818542,0.7880447506904602,0.7880447506904602
real,MSVD,0k1Ak8aTMVI_4_12.mp4,patch_only,,0.1,0.9,same_grid_second_order,,,,,bottomk_mean,0.4,3,3,0.4234393537044525,0.7756183743476868,0.740400493144989,0.740400493144989
real,MSVD,0lh_UWF9ZP4_138_145.mp4,patch_only,,0.1,0.9,same_grid_second_order,,,,,bottomk_mean,0.4,3,3,0.9228504300117493,0.9558303952217102,0.9525324106216431,0.9525324106216431
real,MSVD,0lh_UWF9ZP4_148_155.mp4,patch_only,,0.1,0.9,same_grid_second_order,,,,,bottomk_mean,0.4,3,3,0.6943463087081909,0.5424028038978577,0.5575971603393555,0.5575971603393555
real,MSVD,0lh_UWF9ZP4_157_160.mp4,patch_only,,0.1,0.9,same_grid_second_order,,,,,bottomk_mean,0.4,3,3,0.47585394978523254,0.47820964455604553,0.4779740869998932,0.4779740869998932
real,MSVD,0lh_UWF9ZP4_165_170.mp4,patch_only,,0.1,0.9,same_grid_second_order,,,,,bottomk_mean,0.4,3,3,0.8156654834747314,0.4988221526145935,0.5305064916610718,0.5305064916610718
real,MSVD,0lh_UWF9ZP4_174_178.mp4,patch_only,,0.1,0.9,same_grid_second_order,,,,,bottomk_mean,0.4,3,3,0.8716136813163757,0.9110718369483948,0.9071260094642639,0.9071260094642639
real,MSVD,0lh_UWF9ZP4_178_182.mp4,patch_only,,0.1,0.9,same_grid_second_order,,,,,bottomk_mean,0.4,3,3,0.4310953915119171,0.5229681730270386,0.5137808918952942,0.5137808918952942
real,MSVD,0lh_UWF9ZP4_183_190.mp4,patch_only,,0.1,0.9,same_grid_second_order,,,,,bottomk_mean,0.4,3,3,0.9793875217437744,0.9782096743583679,0.9783274531364441,0.9783274531364441
real,MSVD,0lh_UWF9ZP4_191_197.mp4,patch_only,,0.1,0.9,same_grid_second_order,,,,,bottomk_mean,0.4,3,3,0.9575971961021423,0.9393404126167297,0.9411661028862,0.9411661028862
real,MSVD,0lh_UWF9ZP4_199_207.mp4,patch_only,,0.1,0.9,same_grid_second_order,,,,,bottomk_mean,0.4,3,3,0.7956419587135315,0.8833922147750854,0.8746172189712524,0.8746172189712524
real,MSVD,0lh_UWF9ZP4_215_226.mp4,patch_only,,0.1,0.9,same_grid_second_order,,,,,bottomk_mean,0.4,3,3,0.8739693760871887,0.8828033208847046,0.8819199204444885,0.8819199204444885
real,MSVD,0lh_UWF9ZP4_21_26.mp4,patch_only,,0.1,0.9,same_grid_second_order,,,,,bottomk_mean,0.4,3,3,0.932273268699646,0.8757361769676208,0.881389856338501,0.881389856338501
real,MSVD,0lh_UWF9ZP4_27_31.mp4,patch_only,,0.1,0.9,same_grid_second_order,,,,,bottomk_mean,0.4,3,3,0.9982331991195679,0.9835100173950195,0.9849823117256165,0.9849823117256165
real,MSVD,0lh_UWF9ZP4_38_46.mp4,patch_only,,0.1,0.9,same_grid_second_order,,,,,bottomk_mean,0.4,3,3,0.5906949639320374,0.9116607904434204,0.8795641660690308,0.8795641660690308
real,MSVD,0lh_UWF9ZP4_50_60.mp4,patch_only,,0.1,0.9,same_grid_second_order,,,,,bottomk_mean,0.4,3,3,0.7243816256523132,0.9405182600021362,0.9189046025276184,0.9189046025276184
real,MSVD,0lh_UWF9ZP4_62_69.mp4,patch_only,,0.1,0.9,same_grid_second_order,,,,,bottomk_mean,0.4,3,3,0.849234402179718,0.8239104747772217,0.8264428973197937,0.8264428973197937
real,MSVD,0lh_UWF9ZP4_71_77.mp4,patch_only,,0.1,0.9,same_grid_second_order,,,,,bottomk_mean,0.4,3,3,0.7508834004402161,0.8080094456672668,0.8022968173027039,0.8022968173027039
real,MSVD,0lh_UWF9ZP4_79_82.mp4,patch_only,,0.1,0.9,same_grid_second_order,,,,,bottomk_mean,0.4,3,3,0.8510012030601501,0.882214367389679,0.8790930509567261,0.8790930509567261
real,MSVD,0lh_UWF9ZP4_82_87.mp4,patch_only,,0.1,0.9,same_grid_second_order,,,,,bottomk_mean,0.4,3,3,0.9711425304412842,0.9723203778266907,0.9722025990486145,0.9722025990486145
real,MSVD,0lh_UWF9ZP4_94_103.mp4,patch_only,,0.1,0.9,same_grid_second_order,,,,,bottomk_mean,0.4,3,3,0.8904593586921692,0.7791519165039062,0.790282666683197,0.790282666683197
real,MSVD,0piwbTivpDg_10_40.mp4,patch_only,,0.1,0.9,same_grid_second_order,,,,,bottomk_mean,0.4,3,3,0.5241460800170898,0.799175500869751,0.7716725468635559,0.7716725468635559
real,MSVD,0sUL0KCIc48_15_25.mp4,patch_only,,0.1,0.9,same_grid_second_order,,,,,bottomk_mean,0.4,3,3,0.5624263882637024,0.47055360674858093,0.47974085807800293,0.47974085807800293
real,MSVD,0vmoZEaN_-o_4_12.mp4,patch_only,,0.1,0.9,same_grid_second_order,,,,,bottomk_mean,0.4,3,3,0.5459364056587219,0.5111896395683289,0.5146642923355103,0.5146642923355103
real,MSVD,0vmoZEaN_-o_5_21.mp4,patch_only,,0.1,0.9,same_grid_second_order,,,,,bottomk_mean,0.4,3,3,0.6413427591323853,0.23085983097553253,0.27190813422203064,0.27190813422203064
real,MSVD,0wutCy2ZGOQ_4_10.mp4,patch_only,,0.1,0.9,same_grid_second_order,,,,,bottomk_mean,0.4,3,3,0.4935217797756195,0.7320376634597778,0.7081860899925232,0.7081860899925232
real,MSVD,0xx13BuvVmo_25_36.mp4,patch_only,,0.1,0.9,same_grid_second_order,,,,,bottomk_mean,0.4,3,3,0.6843345165252686,0.5553592443466187,0.5682567954063416,0.5682567954063416
real,MSVD,11xs9mFKObs_0_8.mp4,patch_only,,0.1,0.9,same_grid_second_order,,,,,bottomk_mean,0.4,3,3,0.012367491610348225,0.4676089584827423,0.4220848083496094,0.4220848083496094
real,MSVD,16iNk1hLJt4_37_40.mp4,patch_only,,0.1,0.9,same_grid_second_order,,,,,bottomk_mean,0.4,3,3,0.6071849465370178,0.04063604399561882,0.09729093313217163,0.09729093313217163
real,MSVD,1Dty_eGY9Ec_123_133.mp4,patch_only,,0.1,0.9,same_grid_second_order,,,,,bottomk_mean,0.4,3,3,0.25323909521102905,0.20671378076076508,0.21136631071567535,0.21136631071567535
real,MSVD,1QVn0FffExM_14_24.mp4,patch_only,,0.1,0.9,same_grid_second_order,,,,,bottomk_mean,0.4,3,3,0.009422850795090199,0.004711425397545099,0.005182567518204451,0.005182567518204451
real,MSVD,1RchFBCT9JU_43_53.mp4,patch_only,,0.1,0.9,same_grid_second_order,,,,,bottomk_mean,0.4,3,3,0.4870435893535614,0.2891637086868286,0.3089517056941986,0.3089517056941986
real,MSVD,1Sp2__RCT0c_11_15.mp4,patch_only,,0.1,0.9,same_grid_second_order,,,,,bottomk_mean,0.4,3,3,0.208480566740036,0.2750294506549835,0.26837456226348877,0.26837456226348877
real,MSVD,1_6V30igzIk_5_15.mp4,patch_only,,0.1,0.9,same_grid_second_order,,,,,bottomk_mean,0.4,3,3,0.7249705791473389,0.351590096950531,0.3889281451702118,0.3889281451702118
real,MSVD,1dA1RQgPN3c_72_82.mp4,patch_only,,0.1,0.9,same_grid_second_order,,,,,bottomk_mean,0.4,3,3,0.1967020034790039,0.6925795078277588,0.6429917812347412,0.6429917812347412
real,MSVD,1dYpcVv6n3Y_0_18.mp4,patch_only,,0.1,0.9,same_grid_second_order,,,,,bottomk_mean,0.4,3,3,0.4729093015193939,0.5447585582733154,0.5375736355781555,0.5375736355781555
real,MSVD,1dfR0A_BXjw_401_408.mp4,patch_only,,0.1,0.9,same_grid_second_order,,,,,bottomk_mean,0.4,3,3,0.8374558091163635,0.929917573928833,0.9206714034080505,0.9206714034080505
real,MSVD,1dfR0A_BXjw_441_448.mp4,patch_only,,0.1,0.9,same_grid_second_order,,,,,bottomk_mean,0.4,3,3,0.763839840888977,0.7803298234939575,0.7786808013916016,0.7786808013916016
real,MSVD,1dfR0A_BXjw_524_532.mp4,patch_only,,0.1,0.9,same_grid_second_order,,,,,bottomk_mean,0.4,3,3,0.8910483121871948,0.8062426447868347,0.8147231936454773,0.8147231936454773
real,MSVD,1dfR0A_BXjw_545_560.mp4,patch_only,,0.1,0.9,same_grid_second_order,,,,,bottomk_mean,0.4,3,3,0.3621908128261566,0.7750294208526611,0.7337455749511719,0.7337455749511719
real,MSVD,1hPxGmTGarM_9_19.mp4,patch_only,,0.1,0.9,same_grid_second_order,,,,,bottomk_mean,0.4,3,3,0.1548881083726883,0.22320376336574554,0.21637220680713654,0.21637220680713654
real,MSVD,1mIyMRPV8kg_9_17.mp4,patch_only,,0.1,0.9,same_grid_second_order,,,,,bottomk_mean,0.4,3,3,0.35747939348220825,0.3828032910823822,0.38027089834213257,0.38027089834213257
real,MSVD,1pw5ZdRhiig_50_59.mp4,patch_only,,0.1,0.9,same_grid_second_order,,,,,bottomk_mean,0.4,3,3,0.8480565547943115,0.16961130499839783,0.2374558299779892,0.2374558299779892
real,MSVD,1qU-kF-km1Q_6_16.mp4,patch_only,,0.1,0.9,same_grid_second_order,,,,,bottomk_mean,0.4,3,3,0.1849234402179718,0.4546525180339813,0.4276796281337738,0.4276796281337738
real,MSVD,1qV4wfjTYIo_151_164.mp4,patch_only,,0.1,0.9,same_grid_second_order,,,,,bottomk_mean,0.4,3,3,0.5859835147857666,0.31566548347473145,0.34269729256629944,0.34269729256629944
real,MSVD,1qxMJLkHDLw_0_9.mp4,patch_only,,0.1,0.9,same_grid_second_order,,,,,bottomk_mean,0.4,3,3,0.6313309669494629,0.7208480834960938,0.7118963599205017,0.7118963599205017
real,MSVD,1rECrfrdNTo_200_207.mp4,patch_only,,0.1,0.9,same_grid_second_order,,,,,bottomk_mean,0.4,3,3,0.26737338304519653,0.25736159086227417,0.2583627700805664,0.2583627700805664
real,MSVD,1sffYOXq4Iw_23_49.mp4,patch_only,,0.1,0.9,same_grid_second_order,,,,,bottomk_mean,0.4,3,3,0.9305064678192139,0.8627797365188599,0.8695524334907532,0.8695524334907532
real,MSVD,21uB8g-jDZI_70_79.mp4,patch_only,,0.1,0.9,same_grid_second_order,,,,,bottomk_mean,0.4,3,3,0.4793875217437744,0.2290930449962616,0.2541224956512451,0.2541224956512451
real,MSVD,229NvV0SRHw_0_5.mp4,patch_only,,0.1,0.9,same_grid_second_order,,,,,bottomk_mean,0.4,3,3,0.6825677156448364,0.6060070395469666,0.6136631369590759,0.6136631369590759
real,MSVD,25NmudB2fqg_0_7.mp4,patch_only,,0.1,0.9,same_grid_second_order,,,,,bottomk_mean,0.4,3,3,0.22497054934501648,0.914605438709259,0.8456419110298157,0.8456419110298157
real,MSVD,27hs9W89FuI_0_10.mp4,patch_only,,0.1,0.9,same_grid_second_order,,,,,bottomk_mean,0.4,3,3,0.41048291325569153,0.020023556426167488,0.05906949192285538,0.05906949192285538
real,MSVD,27mxaePkYB4_8_14.mp4,patch_only,,0.1,0.9,same_grid_second_order,,,,,bottomk_mean,0.4,3,3,0.07597173005342484,0.07243816554546356,0.07279151678085327,0.07279151678085327
real,MSVD,2F9jX7u5nOg_114_130.mp4,patch_only,,0.1,0.9,same_grid_second_order,,,,,bottomk_mean,0.4,3,3,0.5553592443466187,0.6495877504348755,0.6401649117469788,0.6401649117469788
real,MSVD,2F9jX7u5nOg_83_97.mp4,patch_only,,0.1,0.9,same_grid_second_order,,,,,bottomk_mean,0.4,3,3,0.5182567834854126,0.25971731543540955,0.28557124733924866,0.28557124733924866
real,MSVD,2FLsMPsywRc_45_63.mp4,patch_only,,0.1,0.9,same_grid_second_order,,,,,bottomk_mean,0.4,3,3,0.1107184886932373,0.5453474521636963,0.5018845796585083,0.5018845796585083
real,MSVD,2G9fkvBzzQE_10_20.mp4,patch_only,,0.1,0.9,same_grid_second_order,,,,,bottomk_mean,0.4,3,3,0.49528858065605164,0.2732626497745514,0.29546526074409485,0.29546526074409485
real,MSVD,2I20ZTFHheg_96_104.mp4,patch_only,,0.1,0.9,same_grid_second_order,,,,,bottomk_mean,0.4,3,3,0.12131919711828232,0.6142520904541016,0.5649587512016296,0.5649587512016296
real,MSVD,2KrdBUFeFtY_22_27.mp4,patch_only,,0.1,0.9,same_grid_second_order,,,,,bottomk_mean,0.4,3,3,0.48351001739501953,0.9552414417266846,0.9080682992935181,0.9080682992935181
real,MSVD,2L4oELbX8Ms_1_12.mp4,patch_only,,0.1,0.9,same_grid_second_order,,,,,bottomk_mean,0.4,3,3,0.6590105891227722,0.44346290826797485,0.4650176763534546,0.4650176763534546
real,MSVD,2LgrGHWSy6k_122_135.mp4,patch_only,,0.1,0.9,same_grid_second_order,,,,,bottomk_mean,0.4,3,3,0.5800942182540894,0.2396937608718872,0.27373379468917847,0.27373379468917847
real,MSVD,2MCpA01Sn_c_75_82.mp4,patch_only,,0.1,0.9,same_grid_second_order,,,,,bottomk_mean,0.4,3,3,0.8409894108772278,0.2538280189037323,0.31254416704177856,0.31254416704177856
real,MSVD,2Nn2CAeaI5k_72_77.mp4,patch_only,,0.1,0.9,same_grid_second_order,,,,,bottomk_mean,0.4,3,3,0.32332155108451843,0.21790342032909393,0.22844523191452026,0.22844523191452026
real,MSVD,2R_OAYQIkXM_14_22.mp4,patch_only,,0.1,0.9,same_grid_second_order,,,,,bottomk_mean,0.4,3,3,0.1301531195640564,0.633097767829895,0.5828033089637756,0.5828033089637756
real,MSVD,2YhDTpzxd3c_115_120.mp4,patch_only,,0.1,0.9,same_grid_second_order,,,,,bottomk_mean,0.4,3,3,0.017078915610909462,0.07184923440217972,0.06637220084667206,0.06637220084667206
real,MSVD,2YhDTpzxd3c_149_154.mp4,patch_only,,0.1,0.9,same_grid_second_order,,,,,bottomk_mean,0.4,3,3,0.39399293065071106,0.49646642804145813,0.4862190783023834,0.4862190783023834
real,MSVD,2YhDTpzxd3c_174_180.mp4,patch_only,,0.1,0.9,same_grid_second_order,,,,,bottomk_mean,0.4,3,3,0.5895170569419861,0.9157832860946655,0.8831566572189331,0.8831566572189331
real,MSVD,2YhDTpzxd3c_223_232.mp4,patch_only,,0.1,0.9,same_grid_second_order,,,,,bottomk_mean,0.4,3,3,0.4764428734779358,0.812131941318512,0.7785630226135254,0.7785630226135254
real,MSVD,2YhDTpzxd3c_22_27.mp4,patch_only,,0.1,0.9,same_grid_second_order,,,,,bottomk_mean,0.4,3,3,0.06890459358692169,0.07656066119670868,0.07579505443572998,0.07579505443572998
real,MSVD,2YhDTpzxd3c_240_245.mp4,patch_only,,0.1,0.9,same_grid_second_order,,,,,bottomk_mean,0.4,3,3,0.7891637086868286,0.7603062391281128,0.7631919980049133,0.7631919980049133
real,MSVD,2YhDTpzxd3c_45_49.mp4,patch_only,,0.1,0.9,same_grid_second_order,,,,,bottomk_mean,0.4,3,3,0.4428739547729492,0.5005889534950256,0.49481743574142456,0.49481743574142456
real,MSVD,2YhDTpzxd3c_98_101.mp4,patch_only,,0.1,0.9,same_grid_second_order,,,,,bottomk_mean,0.4,3,3,0.7432273030281067,0.6419317126274109,0.6520612239837646,0.6520612239837646
real,MSVD,2jXxtQRy47A_30_38.mp4,patch_only,,0.1,0.9,same_grid_second_order,,,,,bottomk_mean,0.4,3,3,0.3074204921722412,0.48881036043167114,0.4706713855266571,0.4706713855266571
real,MSVD,2jkExrrm_sQ_19_25.mp4,patch_only,,0.1,0.9,same_grid_second_order,,,,,bottomk_mean,0.4,3,3,0.6808009147644043,0.5747938752174377,0.585394561290741,0.585394561290741
real,MSVD,2mUMTFnQWaw_1_9.mp4,patch_only,,0.1,0.9,same_grid_second_order,,,,,bottomk_mean,0.4,3,3,0.6766784191131592,0.36277973651885986,0.3941695988178253,0.3941695988178253
real,MSVD,2xpIT0L4GqE_1_10.mp4,patch_only,,0.1,0.9,same_grid_second_order,,,,,bottomk_mean,0.4,3,3,0.46407538652420044,0.703180193901062,0.6792697310447693,0.6792697310447693
real,MSVD,30GeJHYoerk_121_126.mp4,patch_only,,0.1,0.9,same_grid_second_order,,,,,bottomk_mean,0.4,3,3,0.2667844593524933,0.08244994282722473,0.10088339447975159,0.10088339447975159
real,MSVD,30GeJHYoerk_63_75.mp4,patch_only,,0.1,0.9,same_grid_second_order,,,,,bottomk_mean,0.4,3,3,0.9187279343605042,0.9511189460754395,0.9478798508644104,0.9478798508644104
real,MSVD,30GeJHYoerk_80_85.mp4,patch_only,,0.1,0.9,same_grid_second_order,,,,,bottomk_mean,0.4,3,3,0.2526501715183258,0.10659599304199219,0.12120141088962555,0.12120141088962555
real,MSVD,30PpKtVT8Z4_35_50.mp4,patch_only,,0.1,0.9,same_grid_second_order,,,,,bottomk_mean,0.4,3,3,0.45111897587776184,0.364546537399292,0.37320375442504883,0.37320375442504883
real,MSVD,32_A0-er4Ws_16_20.mp4,patch_only,,0.1,0.9,same_grid_second_order,,,,,bottomk_mean,0.4,3,3,0.09010601043701172,0.19434629380702972,0.18392226099967957,0.18392226099967957
real,MSVD,39Ce7I6nXIw_96_104.mp4,patch_only,,0.1,0.9,same_grid_second_order,,,,,bottomk_mean,0.4,3,3,0.19611307978630066,0.2526501715183258,0.2469964623451233,0.2469964623451233
real,MSVD,3FnUTQMJVXI_31_36.mp4,patch_only,,0.1,0.9,same_grid_second_order,,,,,bottomk_mean,0.4,3,3,0.15017667412757874,0.37691402435302734,0.3542402684688568,0.3542402684688568
real,MSVD,3I9tSDU-OSk_17_22.mp4,patch_only,,0.1,0.9,same_grid_second_order,,,,,bottomk_mean,0.4,3,3,0.6283863186836243,0.901648998260498,0.8743227124214172,0.8743227124214172
real,MSVD,3OPQqH3YlHA_50_54.mp4,patch_only,,0.1,0.9,same_grid_second_order,,,,,bottomk_mean,0.4,3,3,0.7826855182647705,0.8722025752067566,0.8632509112358093,0.8632509112358093
real,MSVD,3SKyc0aKx70_46_52.mp4,patch_only,,0.1,0.9,same_grid_second_order,,,,,bottomk_mean,0.4,3,3,0.299175500869751,0.27620729804039,0.2785041332244873,0.2785041332244873
real,MSVD,3_51FhosiVY_93_101.mp4,patch_only,,0.1,0.9,same_grid_second_order,,,,,bottomk_mean,0.4,3,3,0.7744405269622803,0.5459364056587219,0.5687867999076843,0.5687867999076843
real,MSVD,3chNlP5TeO8_0_10.mp4,patch_only,,0.1,0.9,same_grid_second_order,,,,,bottomk_mean,0.4,3,3,0.28445228934288025,0.15842166543006897,0.17102473974227905,0.17102473974227905
real,MSVD,3doK4FQM5-k_46_57.mp4,patch_only,,0.1,0.9,same_grid_second_order,,,,,bottomk_mean,0.4,3,3,0.8627797365188599,0.7037691473960876,0.7196701765060425,0.7196701765060425
real,MSVD,3eqFFRSXwGE_84_96.mp4,patch_only,,0.1,0.9,same_grid_second_order,,,,,bottomk_mean,0.4,3,3,0.6336866617202759,0.5783274173736572,0.583863377571106,0.583863377571106
real,MSVD,3ftaoFnhTyY_140_150.mp4,patch_only,,0.1,0.9,same_grid_second_order,,,,,bottomk_mean,0.4,3,3,0.06360424309968948,0.05535924434661865,0.056183744221925735,0.056183744221925735
real,MSVD,3lBHYoI5V8s_30_45.mp4,patch_only,,0.1,0.9,same_grid_second_order,,,,,bottomk_mean,0.4,3,3,0.3356890380382538,0.5164899826049805,0.4984098970890045,0.4984098970890045
real,MSVD,3mbBbFH9fAg_21_29.mp4,patch_only,,0.1,0.9,same_grid_second_order,,,,,bottomk_mean,0.4,3,3,0.07067137956619263,0.03592461720108986,0.039399292320013046,0.039399292320013046
real,MSVD,3n_Kqak2JdA_48_71.mp4,patch_only,,0.1,0.9,same_grid_second_order,,,,,bottomk_mean,0.4,3,3,0.5724381804466248,0.3398115336894989,0.3630742132663727,0.3630742132663727
real,MSVD,3opDcpPxllE_50_66.mp4,patch_only,,0.1,0.9,same_grid_second_order,,,,,bottomk_mean,0.4,3,3,0.2020023614168167,0.07538280636072159,0.08804475516080856,0.08804475516080856
real,MSVD,3qqEKTPxLNs_1_15.mp4,patch_only,,0.1,0.9,same_grid_second_order,,,,,bottomk_mean,0.4,3,3,0.48115429282188416,0.4858657121658325,0.48539456725120544,0.48539456725120544
real,MSVD,3ytUOoa1SBE_12_23.mp4,patch_only,,0.1,0.9,same_grid_second_order,,,,,bottomk_mean,0.4,3,3,0.729093074798584,0.30270907282829285,0.34534746408462524,0.34534746408462524
real,MSVD,3zgEl-OLFKE_12_15.mp4,patch_only,,0.1,0.9,same_grid_second_order,,,,,bottomk_mean,0.4,3,3,0.5995288491249084,0.424617201089859,0.4421083629131317,0.4421083629131317
real,MSVD,3zrVqwV29V8_69_76.mp4,patch_only,,0.1,0.9,same_grid_second_order,,,,,bottomk_mean,0.4,3,3,0.7002355456352234,0.5771495699882507,0.589458167552948,0.589458167552948
real,MSVD,4-1gpwkD7Hc_7_15.mp4,patch_only,,0.1,0.9,same_grid_second_order,,,,,bottomk_mean,0.4,3,3,0.08716136962175369,0.04240282624959946,0.04687868058681488,0.04687868058681488
real,MSVD,45AGQSbodbU_5_15.mp4,patch_only,,0.1,0.9,same_grid_second_order,,,,,bottomk_mean,0.4,3,3,0.07479387521743774,0.33392226696014404,0.30800941586494446,0.30800941586494446
real,MSVD,47D9-U8hn5I_11_16.mp4,patch_only,,0.1,0.9,same_grid_second_order,,,,,bottomk_mean,0.4,3,3,0.35983508825302124,0.5818610191345215,0.559658408164978,0.559658408164978
real,MSVD,4D1o4FC8YbA_207_216.mp4,patch_only,,0.1,0.9,same_grid_second_order,,,,,bottomk_mean,0.4,3,3,0.7273262739181519,0.6342756152153015,0.6435806751251221,0.6435806751251221
real,MSVD,4D1o4FC8YbA_29_39.mp4,patch_only,,0.1,0.9,same_grid_second_order,,,,,bottomk_mean,0.4,3,3,0.7656065821647644,0.6107184886932373,0.6262072920799255,0.6262072920799255
real,MSVD,4Hhdr1IPOGs_1_10.mp4,patch_only,,0.1,0.9,same_grid_second_order,,,,,bottomk_mean,0.4,3,3,0.799175500869751,0.3557125926017761,0.40005889534950256,0.40005889534950256
real,MSVD,4Hhdr1IPOGs_90_98.mp4,patch_only,,0.1,0.9,same_grid_second_order,,,,,bottomk_mean,0.4,3,3,0.6489987969398499,0.3239104747772217,0.35641932487487793,0.35641932487487793
real,MSVD,4JVpbYmqfcI_5_19.mp4,patch_only,,0.1,0.9,same_grid_second_order,,,,,bottomk_mean,0.4,3,3,0.4882214367389679,0.9328621625900269,0.8883981108665466,0.8883981108665466
real,MSVD,4MjTb5A68VA_111_118.mp4,patch_only,,0.1,0.9,same_grid_second_order,,,,,bottomk_mean,0.4,3,3,0.2709069550037384,0.3321554660797119,0.3260306119918823,0.3260306119918823
real,MSVD,4PayIIIOeIs_230_238.mp4,patch_only,,0.1,0.9,same_grid_second_order,,,,,bottomk_mean,0.4,3,3,0.5247349739074707,0.3916372060775757,0.4049469828605652,0.4049469828605652
real,MSVD,4PcL6-mjRNk_11_18.mp4,patch_only,,0.1,0.9,same_grid_second_order,,,,,bottomk_mean,0.4,3,3,0.007656065747141838,0.5365135669708252,0.4836277961730957,0.4836277961730957
real,MSVD,4PcL6-mjRNk_47_55.mp4,patch_only,,0.1,0.9,same_grid_second_order,,,,,bottomk_mean,0.4,3,3,0.492343932390213,0.5147231817245483,0.5124852657318115,0.5124852657318115
real,MSVD,4QYPZM01xFE_14_26.mp4,patch_only,,0.1,0.9,same_grid_second_order,,,,,bottomk_mean,0.4,3,3,0.9416961073875427,0.6007066965103149,0.6348056793212891,0.6348056793212891
real,MSVD,4QdX5Q3qQsQ_38_44.mp4,patch_only,,0.1,0.9,same_grid_second_order,,,,,bottomk_mean,0.4,3,3,0.7726737260818481,0.5895170569419861,0.6078327298164368,0.6078327298164368
real,MSVD,4R-tumAGrtU_12_22.mp4,patch_only,,0.1,0.9,same_grid_second_order,,,,,bottomk_mean,0.4,3,3,0.7402827143669128,0.4852767884731293,0.5107774138450623,0.5107774138450623
real,MSVD,4Tn5S48sCwg_110_118.mp4,patch_only,,0.1,0.9,same_grid_second_order,,,,,bottomk_mean,0.4,3,3,0.2043580710887909,0.11896348744630814,0.1275029480457306,0.1275029480457306
real,MSVD,4UOVKok7j1U_1_8.mp4,patch_only,,0.1,0.9,same_grid_second_order,,,,,bottomk_mean,0.4,3,3,0.8091872930526733,0.6819788217544556,0.6946996450424194,0.6946996450424194
real,MSVD,4VLrxtf7Z_8_0_7.mp4,patch_only,,0.1,0.9,same_grid_second_order,,,,,bottomk_mean,0.4,3,3,0.27031803131103516,0.08775029331445694,0.10600706934928894,0.10600706934928894
real,MSVD,4_WZN7uW0NY_140_145.mp4,patch_only,,0.1,0.9,same_grid_second_order,,,,,bottomk_mean,0.4,3,3,0.6242638230323792,0.36513546109199524,0.39104828238487244,0.39104828238487244
real,MSVD,4cgzdXlJksU_83_90.mp4,patch_only,,0.1,0.9,same_grid_second_order,,,,,bottomk_mean,0.4,3,3,0.7650176882743835,0.9699646830558777,0.9494699835777283,0.9494699835777283
real,MSVD,4eJJF11bIxM_1_9.mp4,patch_only,,0.1,0.9,same_grid_second_order,,,,,bottomk_mean,0.4,3,3,0.6195524334907532,0.4151943325996399,0.4356301426887512,0.4356301426887512
real,MSVD,4ge5_V-xhP0_138_142.mp4,patch_only,,0.1,0.9,same_grid_second_order,,,,,bottomk_mean,0.4,3,3,0.18669022619724274,0.3227326273918152,0.30912837386131287,0.30912837386131287
real,MSVD,4ge5_V-xhP0_35_42.mp4,patch_only,,0.1,0.9,same_grid_second_order,,,,,bottomk_mean,0.4,3,3,0.37573614716529846,0.30388692021369934,0.31107184290885925,0.31107184290885925
real,MSVD,4ikH9ZRcF2Q_89_105.mp4,patch_only,,0.1,0.9,same_grid_second_order,,,,,bottomk_mean,0.4,3,3,0.5712603330612183,0.28975266218185425,0.31790342926979065,0.31790342926979065
real,MSVD,4kQnrKvOTNg_15_24.mp4,patch_only,,0.1,0.9,same_grid_second_order,,,,,bottomk_mean,0.4,3,3,0.3710247278213501,0.22379270195960999,0.23851589858531952,0.23851589858531952
real,MSVD,4s_0-zIWEog_1_15.mp4,patch_only,,0.1,0.9,same_grid_second_order,,,,,bottomk_mean,0.4,3,3,0.5318021178245544,0.3763251006603241,0.3918727934360504,0.3918727934360504
real,MSVD,4t5POXt2e68_5_11.mp4,patch_only,,0.1,0.9,same_grid_second_order,,,,,bottomk_mean,0.4,3,3,0.8398115634918213,0.6731448769569397,0.6898115277290344,0.6898115277290344
real,MSVD,4wT7zM8XgXQ_5_11.mp4,patch_only,,0.1,0.9,same_grid_second_order,,,,,bottomk_mean,0.4,3,3,0.23144876956939697,0.05653710290789604,0.07402826845645905,0.07402826845645905
real,MSVD,4xVGpDmA4lE_23_33.mp4,patch_only,,0.1,0.9,same_grid_second_order,,,,,bottomk_mean,0.4,3,3,0.08421672880649567,0.7373380661010742,0.6720259189605713,0.6720259189605713
real,MSVD,4yYapi-5QYQ_33_57.mp4,patch_only,,0.1,0.9,same_grid_second_order,,,,,bottomk_mean,0.4,3,3,0.8975265026092529,0.783863365650177,0.7952296733856201,0.7952296733856201
real,MSVD,4yf2WP6K1gQ_28_32.mp4,patch_only,,0.1,0.9,same_grid_second_order,,,,,bottomk_mean,0.4,3,3,0.21672555804252625,0.09540636092424393,0.10753828287124634,0.10753828287124634
real,MSVD,4z3b4mnw5y4_56_60.mp4,patch_only,,0.1,0.9,same_grid_second_order,,,,,bottomk_mean,0.4,3,3,0.10365135222673416,0.718492329120636,0.6570082306861877,0.6570082306861877
real,MSVD,4zPSShqsq-o_3_16.mp4,patch_only,,0.1,0.9,same_grid_second_order,,,,,bottomk_mean,0.4,3,3,0.2561837434768677,0.34570083022117615,0.3367491066455841,0.3367491066455841
real,MSVD,5-8z5U-o4O4_0_3.mp4,patch_only,,0.1,0.9,same_grid_second_order,,,,,bottomk_mean,0.4,3,3,0.11778563261032104,0.22202591598033905,0.2116018831729889,0.2116018831729889
real,MSVD,504gE1DA_4g_1_6.mp4,patch_only,,0.1,0.9,same_grid_second_order,,,,,bottomk_mean,0.4,3,3,0.4893992841243744,0.8863368630409241,0.8466430902481079,0.8466430902481079
real,MSVD,57C93mpt6Xo_358_368.mp4,patch_only,,0.1,0.9,same_grid_second_order,,,,,bottomk_mean,0.4,3,3,0.4051825702190399,0.8945818543434143,0.8456419110298157,0.8456419110298157
real,MSVD,5CS4nLI2ZX8_50_59.mp4,patch_only,,0.1,0.9,same_grid_second_order,,,,,bottomk_mean,0.4,3,3,0.040047112852334976,0.08421672880649567,0.07979976385831833,0.07979976385831833
real,MSVD,5CU2JhYM8tY_14_45.mp4,patch_only,,0.1,0.9,same_grid_second_order,,,,,bottomk_mean,0.4,3,3,0.6095406413078308,0.7414605617523193,0.728268563747406,0.728268563747406
real,MSVD,5E66Gk3V1Bc_23_30.mp4,patch_only,,0.1,0.9,same_grid_second_order,,,,,bottomk_mean,0.4,3,3,0.06183745712041855,0.12838633358478546,0.12173144519329071,0.12173144519329071
real,MSVD,5HAf_INrFy0_3_25.mp4,patch_only,,0.1,0.9,same_grid_second_order,,,,,bottomk_mean,0.4,3,3,0.2603062391281128,0.6024734973907471,0.5682567954063416,0.5682567954063416
real,MSVD,5JLi7L1Kwp8_23_30.mp4,patch_only,,0.1,0.9,same_grid_second_order,,,,,bottomk_mean,0.4,3,3,0.10659599304199219,0.2968197762966156,0.2777974009513855,0.2777974009513855
real,MSVD,5JSbxHECb-I_97_110.mp4,patch_only,,0.1,0.9,same_grid_second_order,,,,,bottomk_mean,0.4,3,3,0.9564192891120911,0.9216725826263428,0.9251472353935242,0.9251472353935242
real,MSVD,5K7Ru5s6YIw_8_11.mp4,patch_only,,0.1,0.9,same_grid_second_order,,,,,bottomk_mean,0.4,3,3,0.13780918717384338,0.4022379219532013,0.37579506635665894,0.37579506635665894
real,MSVD,5L5MoemWC6g_10_13.mp4,patch_only,,0.1,0.9,same_grid_second_order,,,,,bottomk_mean,0.4,3,3,0.14016489684581757,0.1171967014670372,0.1194935217499733,0.1194935217499733
real,MSVD,5OuYhq6Zl0g_0_10.mp4,patch_only,,0.1,0.9,same_grid_second_order,,,,,bottomk_mean,0.4,3,3,0.648409903049469,0.7114251852035522,0.7051236629486084,0.7051236629486084
real,MSVD,5OvgDatToBU_0_8.mp4,patch_only,,0.1,0.9,same_grid_second_order,,,,,bottomk_mean,0.4,3,3,0.15959952771663666,0.216136634349823,0.21048292517662048,0.21048292517662048
real,MSVD,5P6UU6m3cqk_57_75.mp4,patch_only,,0.1,0.9,same_grid_second_order,,,,,bottomk_mean,0.4,3,3,0.5353356599807739,0.2603062391281128,0.28780919313430786,0.28780919313430786
real,MSVD,5PpPOGU_0aA_65_75.mp4,patch_only,,0.1,0.9,same_grid_second_order,,,,,bottomk_mean,0.4,3,3,0.5188456773757935,0.043580684810876846,0.09110718220472336,0.09110718220472336
real,MSVD,5QJf-l4lPJw_133_138.mp4,patch_only,,0.1,0.9,same_grid_second_order,,,,,bottomk_mean,0.4,3,3,0.2997644245624542,0.29858657717704773,0.2987043559551239,0.2987043559551239
real,MSVD,5U3xz9Ovmhk_214_222.mp4,patch_only,,0.1,0.9,same_grid_second_order,,,,,bottomk_mean,0.4,3,3,0.7385159134864807,0.687868058681488,0.6929328441619873,0.6929328441619873
real,MSVD,5U3xz9Ovmhk_258_265.mp4,patch_only,,0.1,0.9,same_grid_second_order,,,,,bottomk_mean,0.4,3,3,0.716136634349823,0.8109540343284607,0.8014723062515259,0.8014723062515259
real,MSVD,5U3xz9Ovmhk_99_105.mp4,patch_only,,0.1,0.9,same_grid_second_order,,,,,bottomk_mean,0.4,3,3,0.8268551230430603,0.8521790504455566,0.8496466279029846,0.8496466279029846
real,MSVD,5U3xz9Ovmhk_9_15.mp4,patch_only,,0.1,0.9,same_grid_second_order,,,,,bottomk_mean,0.4,3,3,0.8009423017501831,0.9057714939117432,0.8952885866165161,0.8952885866165161
real,MSVD,5W02895vT8c_312_322.mp4,patch_only,,0.1,0.9,same_grid_second_order,,,,,bottomk_mean,0.4,3,3,0.018256772309541702,0.007067137863487005,0.008186100982129574,0.008186100982129574
real,MSVD,5XxshEdcfAM_85_100.mp4,patch_only,,0.1,0.9,same_grid_second_order,,,,,bottomk_mean,0.4,3,3,0.7084805369377136,0.6277974247932434,0.6358657479286194,0.6358657479286194
real,MSVD,5XxshEdcfAM_96_107.mp4,patch_only,,0.1,0.9,same_grid_second_order,,,,,bottomk_mean,0.4,3,3,0.7285041213035583,0.6607773900032043,0.6675500869750977,0.6675500869750977
real,MSVD,5YJaS2Eswg0_22_26.mp4,patch_only,,0.1,0.9,same_grid_second_order,,,,,bottomk_mean,0.4,3,3,0.6113074421882629,0.6513545513153076,0.6473498344421387,0.6473498344421387
real,MSVD,5dZ8PXABC30_14_20.mp4,patch_only,,0.1,0.9,same_grid_second_order,,,,,bottomk_mean,0.4,3,3,0.0494699664413929,0.17550058662891388,0.162897527217865,0.162897527217865
real,MSVD,5dv8MSWlxoQ_10_40.mp4,patch_only,,0.1,0.9,same_grid_second_order,,,,,bottomk_mean,0.4,3,3,0.484687864780426,0.8545347452163696,0.8175500631332397,0.8175500631332397
real,MSVD,5fDBl1wT2Lk_34_39.mp4,patch_only,,0.1,0.9,same_grid_second_order,,,,,bottomk_mean,0.4,3,3,0.3804475963115692,0.8680800795555115,0.8193168640136719,0.8193168640136719
real,MSVD,5fq9iIxxA1s_12_27.mp4,patch_only,,0.1,0.9,same_grid_second_order,,,,,bottomk_mean,0.4,3,3,0.21142520010471344,0.11425206065177917,0.12396937608718872,0.12396937608718872
real,MSVD,5l6acVf12S4_7_13.mp4,patch_only,,0.1,0.9,same_grid_second_order,,,,,bottomk_mean,0.4,3,3,0.11484099179506302,0.4717314541339874,0.4360423982143402,0.4360423982143402
real,MSVD,5zkCnHUnoYY_69_74.mp4,patch_only,,0.1,0.9,same_grid_second_order,,,,,bottomk_mean,0.4,3,3,0.2620730400085449,0.08657243847846985,0.10412249714136124,0.10412249714136124
real,MSVD,60x_yxy7Sfw_1_7.mp4,patch_only,,0.1,0.9,same_grid_second_order,,,,,bottomk_mean,0.4,3,3,0.4611307382583618,0.12838633358478546,0.16166077554225922,0.16166077554225922
real,MSVD,62I8I4sCPPQ_12_30.mp4,patch_only,,0.1,0.9,same_grid_second_order,,,,,bottomk_mean,0.4,3,3,0.36277973651885986,0.13486455380916595,0.15765605866909027,0.15765605866909027
real,MSVD,64Xn9edeWRA_0_11.mp4,patch_only,,0.1,0.9,same_grid_second_order,,,,,bottomk_mean,0.4,3,3,0.5206124782562256,0.6401649117469788,0.62820965051651,0.62820965051651
real,MSVD,6FmN22YcVVE_11_18.mp4,patch_only,,0.1,0.9,same_grid_second_order,,,,,bottomk_mean,0.4,3,3,0.5170789361000061,0.45111897587776184,0.4577149450778961,0.4577149450778961
real,MSVD,6GJ1DNOGDAM_223_233.mp4,patch_only,,0.1,0.9,same_grid_second_order,,,,,bottomk_mean,0.4,3,3,0.617785632610321,0.7084805369377136,0.6994110941886902,0.6994110941886902
real,MSVD,6JnGBs88sL0_4_10.mp4,patch_only,,0.1,0.9,same_grid_second_order,,,,,bottomk_mean,0.4,3,3,0.03297997638583183,0.0005889281746931374,0.003828032873570919,0.003828032873570919
real,MSVD,6KS8R3RxrV8_0_23.mp4,patch_only,,0.1,0.9,same_grid_second_order,,,,,bottomk_mean,0.4,3,3,0.08186101168394089,0.554770290851593,0.5074793696403503,0.5074793696403503
real,MSVD,6Lzq1HN33lE_5_15.mp4,patch_only,,0.1,0.9,same_grid_second_order,,,,,bottomk_mean,0.4,3,3,0.7367491126060486,0.6454652547836304,0.6545936465263367,0.6545936465263367
real,MSVD,6Q3ltyPJJMQ_67_72.mp4,patch_only,,0.1,0.9,same_grid_second_order,,,,,bottomk_mean,0.4,3,3,0.24381625652313232,0.45759716629981995,0.43621906638145447,0.43621906638145447
real,MSVD,6QbhfbLUtQs_13_23.mp4,patch_only,,0.1,0.9,same_grid_second_order,,,,,bottomk_mean,0.4,3,3,0.3633686602115631,0.8351001143455505,0.787926971912384,0.787926971912384
real,MSVD,6RlYLTU5gvM_18_24.mp4,patch_only,,0.1,0.9,same_grid_second_order,,,,,bottomk_mean,0.4,3,3,0.007067137863487005,0.02355712652206421,0.021908126771450043,0.021908126771450043
real,MSVD,6ZZkO14S7GY_5_15.mp4,patch_only,,0.1,0.9,same_grid_second_order,,,,,bottomk_mean,0.4,3,3,0.16725559532642365,0.5206124782562256,0.4852767884731293,0.4852767884731293
real,MSVD,6ZhKOK08tgM_225_233.mp4,patch_only,,0.1,0.9,same_grid_second_order,,,,,bottomk_mean,0.4,3,3,0.3333333432674408,0.4935217797756195,0.4775029420852661,0.4775029420852661
real,MSVD,6ZhKOK08tgM_45_49.mp4,patch_only,,0.1,0.9,same_grid_second_order,,,,,bottomk_mean,0.4,3,3,0.4087161421775818,0.8085983395576477,0.7686101198196411,0.7686101198196411
real,MSVD,6eokrw6_bjU_1_9.mp4,patch_only,,0.1,0.9,same_grid_second_order,,,,,bottomk_mean,0.4,3,3,0.7620730400085449,0.55241459608078,0.5733804702758789,0.5733804702758789
real,MSVD,6gQu8PWhFoQ_30_35.mp4,patch_only,,0.1,0.9,same_grid_second_order,,,,,bottomk_mean,0.4,3,3,0.4658421576023102,0.21554769575595856,0.24057714641094208,0.24057714641094208
real,MSVD,6gQu8PWhFoQ_37_41.mp4,patch_only,,0.1,0.9,same_grid_second_order,,,,,bottomk_mean,0.4,3,3,0.6012956500053406,0.5106006860733032,0.5196701884269714,0.5196701884269714
real,MSVD,6mYnZbIwcNo_10_16.mp4,patch_only,,0.1,0.9,same_grid_second_order,,,,,bottomk_mean,0.4,3,3,0.07302708923816681,0.20376914739608765,0.1906949281692505,0.1906949281692505
real,MSVD,6njscWrdnM0_8_18.mp4,patch_only,,0.1,0.9,same_grid_second_order,,,,,bottomk_mean,0.4,3,3,0.5583038926124573,0.7762073278427124,0.7544169425964355,0.7544169425964355
real,MSVD,6owu8Mow0_g_302_307.mp4,patch_only,,0.1,0.9,same_grid_second_order,,,,,bottomk_mean,0.4,3,3,0.6967020034790039,0.8415783047676086,0.8270906805992126,0.8270906805992126
real,MSVD,6owu8Mow0_g_527_534.mp4,patch_only,,0.1,0.9,same_grid_second_order,,,,,bottomk_mean,0.4,3,3,0.6601884365081787,0.5689045786857605,0.5780329704284668,0.5780329704284668
real,MSVD,6owu8Mow0_g_692_697.mp4,patch_only,,0.1,0.9,same_grid_second_order,,,,,bottomk_mean,0.4,3,3,0.6266195774078369,0.36395758390426636,0.39022380113601685,0.39022380113601685
real,MSVD,6pcqRuFEMLs_46_52.mp4,patch_only,,0.1,0.9,same_grid_second_order,,,,,bottomk_mean,0.4,3,3,0.6089516878128052,0.1548881083726883,0.20029446482658386,0.20029446482658386
real,MSVD,6q1dX6thX3E_286_295.mp4,patch_only,,0.1,0.9,same_grid_second_order,,,,,bottomk_mean,0.4,3,3,0.6260306239128113,0.4829210937023163,0.497232049703598,0.497232049703598
real,MSVD,6r5DmFa5ZR8_51_58.mp4,patch_only,,0.1,0.9,same_grid_second_order,,,,,bottomk_mean,0.4,3,3,0.22438162565231323,0.24381625652313232,0.24187278747558594,0.24187278747558594
real,MSVD,6sKdTbRkahM_6_12.mp4,patch_only,,0.1,0.9,same_grid_second_order,,,,,bottomk_mean,0.4,3,3,0.3763251006603241,0.6113074421882629,0.5878092050552368,0.5878092050552368
real,MSVD,6sYmDT5et00_301_339.mp4,patch_only,,0.1,0.9,same_grid_second_order,,,,,bottomk_mean,0.4,3,3,0.5712603330612183,0.8427562117576599,0.8156065940856934,0.8156065940856934
real,MSVD,6t0BpjwYKco_105_110.mp4,patch_only,,0.1,0.9,same_grid_second_order,,,,,bottomk_mean,0.4,3,3,0.9670200347900391,0.984687864780426,0.9829210638999939,0.9829210638999939
real,MSVD,6t0BpjwYKco_118_127.mp4,patch_only,,0.1,0.9,same_grid_second_order,,,,,bottomk_mean,0.4,3,3,0.9434629082679749,0.9829210638999939,0.978975236415863,0.978975236415863
real,MSVD,6t0BpjwYKco_142_151.mp4,patch_only,,0.1,0.9,same_grid_second_order,,,,,bottomk_mean,0.4,3,3,0.6578327417373657,0.7567726969718933,0.7468786835670471,0.7468786835670471
real,MSVD,6t0BpjwYKco_179_183.mp4,patch_only,,0.1,0.9,same_grid_second_order,,,,,bottomk_mean,0.4,3,3,0.38339221477508545,0.7190812826156616,0.685512363910675,0.685512363910675
real,MSVD,6t0BpjwYKco_230_240.mp4,patch_only,,0.1,0.9,same_grid_second_order,,,,,bottomk_mean,0.4,3,3,0.9252061247825623,0.8604240417480469,0.866902232170105,0.866902232170105
real,MSVD,6t0BpjwYKco_240_247.mp4,patch_only,,0.1,0.9,same_grid_second_order,,,,,bottomk_mean,0.4,3,3,0.8674911856651306,0.9458186030387878,0.9379858374595642,0.9379858374595642
real,MSVD,6t0BpjwYKco_254_258.mp4,patch_only,,0.1,0.9,same_grid_second_order,,,,,bottomk_mean,0.4,3,3,0.8839811682701111,0.7332155704498291,0.748292088508606,0.748292088508606
real,MSVD,6t0BpjwYKco_261_284.mp4,patch_only,,0.1,0.9,same_grid_second_order,,,,,bottomk_mean,0.4,3,3,0.5559481978416443,0.6743227243423462,0.6624853014945984,0.6624853014945984
real,MSVD,6t0BpjwYKco_46_53.mp4,patch_only,,0.1,0.9,same_grid_second_order,,,,,bottomk_mean,0.4,3,3,0.39634865522384644,0.9652532339096069,0.9083628058433533,0.9083628058433533
real,MSVD,6t0BpjwYKco_53_59.mp4,patch_only,,0.1,0.9,same_grid_second_order,,,,,bottomk_mean,0.4,3,3,0.8928150534629822,0.7302709221839905,0.7465253472328186,0.7465253472328186
real,MSVD,6t0BpjwYKco_71_76.mp4,patch_only,,0.1,0.9,same_grid_second_order,,,,,bottomk_mean,0.4,3,3,0.7909305095672607,0.9104829430580139,0.8985276818275452,0.8985276818275452
real,MSVD,6t0BpjwYKco_80_84.mp4,patch_only,,0.1,0.9,same_grid_second_order,,,,,bottomk_mean,0.4,3,3,0.7773851752281189,0.9411072134971619,0.9247350096702576,0.9247350096702576
real,MSVD,6vC6AT27RUc_29_46.mp4,patch_only,,0.1,0.9,same_grid_second_order,,,,,bottomk_mean,0.4,3,3,0.017078915610909462,0.45229682326316833,0.4087750315666199,0.4087750315666199
real,MSVD,6vSKIUGGLvY_81_87.mp4,patch_only,,0.1,0.9,same_grid_second_order,,,,,bottomk_mean,0.4,3,3,0.4528857469558716,0.7226148247718811,0.6956419348716736,0.6956419348716736
real,MSVD,71soiLO6I9U_15_24.mp4,patch_only,,0.1,0.9,same_grid_second_order,,,,,bottomk_mean,0.4,3,3,0.05064782127737999,0.053592462092638016,0.053297996520996094,0.053297996520996094
real,MSVD,73vUksucPz8_12_20.mp4,patch_only,,0.1,0.9,same_grid_second_order,,,,,bottomk_mean,0.4,3,3,0.3751472234725952,0.281507670879364,0.29087162017822266,0.29087162017822266
real,MSVD,74tRCYS_534_49_57.mp4,patch_only,,0.1,0.9,same_grid_second_order,,,,,bottomk_mean,0.4,3,3,0.24676088988780975,0.2785630226135254,0.2753828167915344,0.2753828167915344
real,MSVD,778mkceE0UQ_40_46.mp4,patch_only,,0.1,0.9,same_grid_second_order,,,,,bottomk_mean,0.4,3,3,0.15547703206539154,0.06537102162837982,0.07438162714242935,0.07438162714242935
real,MSVD,77iDIp40m9E_119_123.mp4,patch_only,,0.1,0.9,same_grid_second_order,,,,,bottomk_mean,0.4,3,3,0.35100117325782776,0.78621906042099,0.7426972985267639,0.7426972985267639
real,MSVD,77iDIp40m9E_126_131.mp4,patch_only,,0.1,0.9,same_grid_second_order,,,,,bottomk_mean,0.4,3,3,0.4911660850048065,0.4752650260925293,0.4768551290035248,0.4768551290035248
real,MSVD,77iDIp40m9E_159_181.mp4,patch_only,,0.1,0.9,same_grid_second_order,,,,,bottomk_mean,0.4,3,3,0.7803298234939575,0.8457008004188538,0.8391637206077576,0.8391637206077576
real,MSVD,77iDIp40m9E_3_9.mp4,patch_only,,0.1,0.9,same_grid_second_order,,,,,bottomk_mean,0.4,3,3,0.3539458215236664,0.5577149391174316,0.5373380184173584,0.5373380184173584
real,MSVD,7HcYJKMxpcg_20_28.mp4,patch_only,,0.1,0.9,same_grid_second_order,,,,,bottomk_mean,0.4,3,3,0.8533568978309631,0.585394561290741,0.6121907830238342,0.6121907830238342
real,MSVD,7M-jsjLB20Y_11_30.mp4,patch_only,,0.1,0.9,same_grid_second_order,,,,,bottomk_mean,0.4,3,3,0.47703179717063904,0.4599528908729553,0.461660772562027,0.461660772562027
real,MSVD,7NNg0_n-bS8_21_30.mp4,patch_only,,0.1,0.9,same_grid_second_order,,,,,bottomk_mean,0.4,3,3,0.35335689783096313,0.13780918717384338,0.15936395525932312,0.15936395525932312
real,MSVD,7OGizkf_JEo_191_194.mp4,patch_only,,0.1,0.9,same_grid_second_order,,,,,bottomk_mean,0.4,3,3,0.43050646781921387,0.15312132239341736,0.18085983395576477,0.18085983395576477
real,MSVD,7ZE2OzguWHo_28_38.mp4,patch_only,,0.1,0.9,same_grid_second_order,,,,,bottomk_mean,0.4,3,3,0.6525323987007141,0.6990576982498169,0.694405198097229,0.694405198097229
real,MSVD,7bcV-TL9mho_0_7.mp4,patch_only,,0.1,0.9,same_grid_second_order,,,,,bottomk_mean,0.4,3,3,0.366902232170105,0.3268551230430603,0.33085983991622925,0.33085983991622925
real,MSVD,7d1d2WlEnKs_0_12.mp4,patch_only,,0.1,0.9,same_grid_second_order,,,,,bottomk_mean,0.4,3,3,0.6790341734886169,0.6943463087081909,0.6928150653839111,0.6928150653839111
real,MSVD,7s0AXJtLL0Y_57_61.mp4,patch_only,,0.1,0.9,same_grid_second_order,,,,,bottomk_mean,0.4,3,3,0.2214369773864746,0.5977620482444763,0.5601295828819275,0.5601295828819275
real,MSVD,7uF-2adCsI0_60_67.mp4,patch_only,,0.1,0.9,same_grid_second_order,,,,,bottomk_mean,0.4,3,3,0.08009422570466995,0.4063604176044464,0.3737338185310364,0.3737338185310364
real,MSVD,7xNG7qGY9rw_14_29.mp4,patch_only,,0.1,0.9,same_grid_second_order,,,,,bottomk_mean,0.4,3,3,0.5329799652099609,0.45111897587776184,0.459305077791214,0.459305077791214
real,MSVD,80D0ylOqPJ8_0_5.mp4,patch_only,,0.1,0.9,same_grid_second_order,,,,,bottomk_mean,0.4,3,3,0.05889281630516052,0.19846878945827484,0.1845111846923828,0.1845111846923828
real,MSVD,88DOMJ11q2M_34_43.mp4,patch_only,,0.1,0.9,same_grid_second_order,,,,,bottomk_mean,0.4,3,3,0.512956440448761,0.17078916728496552,0.20500588417053223,0.20500588417053223
real,MSVD,88DOMJ11q2M_84_87.mp4,patch_only,,0.1,0.9,same_grid_second_order,,,,,bottomk_mean,0.4,3,3,0.5123674869537354,0.291519433259964,0.3136042356491089,0.3136042356491089
real,MSVD,88p7U5CnoYU_1_10.mp4,patch_only,,0.1,0.9,same_grid_second_order,,,,,bottomk_mean,0.4,3,3,0.5577149391174316,0.12426383793354034,0.16760894656181335,0.16760894656181335
real,MSVD,8BL9qmFRbd4_6_13.mp4,patch_only,,0.1,0.9,same_grid_second_order,,,,,bottomk_mean,0.4,3,3,0.5494699478149414,0.3386336863040924,0.35971730947494507,0.35971730947494507
real,MSVD,8CzlhZtunNc_5_11.mp4,patch_only,,0.1,0.9,same_grid_second_order,,,,,bottomk_mean,0.4,3,3,0.08009422570466995,0.13133098185062408,0.12620730698108673,0.12620730698108673
real,MSVD,8D_oQnBPfNo_43_50.mp4,patch_only,,0.1,0.9,same_grid_second_order,,,,,bottomk_mean,0.4,3,3,0.004122497048228979,0.11248527467250824,0.10164900124073029,0.10164900124073029
real,MSVD,8HB7ywgJuTg_131_142.mp4,patch_only,,0.1,0.9,same_grid_second_order,,,,,bottomk_mean,0.4,3,3,0.8998821973800659,0.9134275913238525,0.912073016166687,0.912073016166687
real,MSVD,8MVo7fje_oE_108_113.mp4,patch_only,,0.1,0.9,same_grid_second_order,,,,,bottomk_mean,0.4,3,3,0.3580683171749115,0.4352179169654846,0.42750293016433716,0.42750293016433716
real,MSVD,8MVo7fje_oE_113_118.mp4,patch_only,,0.1,0.9,same_grid_second_order,,,,,bottomk_mean,0.4,3,3,0.351590096950531,0.052414607256650925,0.08233215659856796,0.08233215659856796
real,MSVD,8MVo7fje_oE_125_130.mp4,patch_only,,0.1,0.9,same_grid_second_order,,,,,bottomk_mean,0.4,3,3,0.8839811682701111,0.5647820830345154,0.596701979637146,0.596701979637146
real,MSVD,8MVo7fje_oE_130_136.mp4,patch_only,,0.1,0.9,same_grid_second_order,,,,,bottomk_mean,0.4,3,3,0.8698468804359436,0.4946996569633484,0.532214343547821,0.532214343547821
real,MSVD,8MVo7fje_oE_139_144.mp4,patch_only,,0.1,0.9,same_grid_second_order,,,,,bottomk_mean,0.4,3,3,0.8957597017288208,0.801531195640564,0.8109540343284607,0.8109540343284607
real,MSVD,8MVo7fje_oE_153_158.mp4,patch_only,,0.1,0.9,same_grid_second_order,,,,,bottomk_mean,0.4,3,3,0.8780918717384338,0.5300353169441223,0.5648409724235535,0.5648409724235535
real,MSVD,8MVo7fje_oE_180_185.mp4,patch_only,,0.1,0.9,same_grid_second_order,,,,,bottomk_mean,0.4,3,3,0.8586572408676147,0.46937572956085205,0.5083038806915283,0.5083038806915283
real,MSVD,8MVo7fje_oE_85_90.mp4,patch_only,,0.1,0.9,same_grid_second_order,,,,,bottomk_mean,0.4,3,3,0.7237926721572876,0.7974086999893188,0.7900471091270447,0.7900471091270447
real,MSVD,8NFoN0K3bPg_20_28.mp4,patch_only,,0.1,0.9,same_grid_second_order,,,,,bottomk_mean,0.4,3,3,0.6401649117469788,0.26737338304519653,0.30465254187583923,0.30465254187583923
real,MSVD,8PQiaurIiDM_143_151.mp4,patch_only,,0.1,0.9,same_grid_second_order,,,,,bottomk_mean,0.4,3,3,0.7897526621818542,0.5318021178245544,0.5575971603393555,0.5575971603393555
real,MSVD,8PQiaurIiDM_173_180.mp4,patch_only,,0.1,0.9,same_grid_second_order,,,,,bottomk_mean,0.4,3,3,0.7597172856330872,0.366902232170105,0.40618374943733215,0.40618374943733215
real,MSVD,8PQiaurIiDM_247_255.mp4,patch_only,,0.1,0.9,same_grid_second_order,,,,,bottomk_mean,0.4,3,3,0.6890459656715393,0.6519434452056885,0.655653715133667,0.655653715133667
real,MSVD,8PQiaurIiDM_94_99.mp4,patch_only,,0.1,0.9,same_grid_second_order,,,,,bottomk_mean,0.4,3,3,0.6395759582519531,0.28327444195747375,0.3189046084880829,0.3189046084880829
real,MSVD,8VUbN3hkdBo_36_50.mp4,patch_only,,0.1,0.9,same_grid_second_order,,,,,bottomk_mean,0.4,3,3,0.4546525180339813,0.2644287347793579,0.283451110124588,0.283451110124588
real,MSVD,8e0yXMa708Y_24_33.mp4,patch_only,,0.1,0.9,same_grid_second_order,,,,,bottomk_mean,0.4,3,3,0.28739693760871887,0.16843345761299133,0.1803297996520996,0.1803297996520996
real,MSVD,8mSUD7JGNO0_174_181.mp4,patch_only,,0.1,0.9,same_grid_second_order,,,,,bottomk_mean,0.4,3,3,0.7391048073768616,0.14134275913238525,0.20111896097660065,0.20111896097660065
real,MSVD,8mSUD7JGNO0_198_204.mp4,patch_only,,0.1,0.9,same_grid_second_order,,,,,bottomk_mean,0.4,3,3,0.04475853964686394,0.4411071836948395,0.4014723300933838,0.4014723300933838
real,MSVD,8sARjdhSvpo_167_176.mp4,patch_only,,0.1,0.9,same_grid_second_order,,,,,bottomk_mean,0.4,3,3,0.8221436738967896,0.9093050360679626,0.9005889296531677,0.9005889296531677
real,MSVD,8yS2wqwActs_2_14.mp4,patch_only,,0.1,0.9,same_grid_second_order,,,,,bottomk_mean,0.4,3,3,0.46054181456565857,0.23616018891334534,0.25859835743904114,0.25859835743904114
real,MSVD,8yoUaH6wGLs_22_30.mp4,patch_only,,0.1,0.9,same_grid_second_order,,,,,bottomk_mean,0.4,3,3,0.026501767337322235,0.008833922445774078,0.010600706562399864,0.010600706562399864
real,MSVD,8yuPGwxwdPs_1_10.mp4,patch_only,,0.1,0.9,same_grid_second_order,,,,,bottomk_mean,0.4,3,3,0.27797409892082214,0.36160188913345337,0.35323911905288696,0.35323911905288696
real,MSVD,93n_oYVCLpk_9_12.mp4,patch_only,,0.1,0.9,same_grid_second_order,,,,,bottomk_mean,0.4,3,3,0.4363957643508911,0.7738515734672546,0.7401059865951538,0.7401059865951538
real,MSVD,953PkxFNiko_82_85.mp4,patch_only,,0.1,0.9,same_grid_second_order,,,,,bottomk_mean,0.4,3,3,0.09481742978096008,0.24028268456459045,0.22573615610599518,0.22573615610599518
real,MSVD,97JhYpoWxzY_0_4.mp4,patch_only,,0.1,0.9,same_grid_second_order,,,,,bottomk_mean,0.4,3,3,0.3904593586921692,0.47703179717063904,0.4683745503425598,0.4683745503425598
real,MSVD,98Alrg4pFXs_148_153.mp4,patch_only,,0.1,0.9,same_grid_second_order,,,,,bottomk_mean,0.4,3,3,0.7126030921936035,0.9269729256629944,0.9055359363555908,0.9055359363555908
real,MSVD,992zi9V3oiQ_15_17.mp4,patch_only,,0.1,0.9,same_grid_second_order,,,,,bottomk_mean,0.4,3,3,0.7108362913131714,0.34982332587242126,0.3859246075153351,0.3859246075153351
real,MSVD,9BScZRpF7SI_31_36.mp4,patch_only,,0.1,0.9,same_grid_second_order,,,,,bottomk_mean,0.4,3,3,0.34864547848701477,0.7396937608718872,0.7005889415740967,0.7005889415740967
real,MSVD,9Bxknsvy3jQ_53_58.mp4,patch_only,,0.1,0.9,same_grid_second_order,,,,,bottomk_mean,0.4,3,3,0.268551230430603,0.0924617201089859,0.11007066816091537,0.11007066816091537
real,MSVD,9HTUcMjWB3g_122_128.mp4,patch_only,,0.1,0.9,same_grid_second_order,,,,,bottomk_mean,0.4,3,3,0.9216725826263428,0.9770318269729614,0.9714958667755127,0.9714958667755127
real,MSVD,9HTUcMjWB3g_134_138.mp4,patch_only,,0.1,0.9,same_grid_second_order,,,,,bottomk_mean,0.4,3,3,0.8233215808868408,0.9982331991195679,0.9807420372962952,0.9807420372962952
real,MSVD,9HTUcMjWB3g_143_151.mp4,patch_only,,0.1,0.9,same_grid_second_order,,,,,bottomk_mean,0.4,3,3,0.9923439621925354,0.9917550086975098,0.9918138980865479,0.9918138980865479
real,MSVD,9IrWyZ0KZuk_160_166.mp4,patch_only,,0.1,0.9,same_grid_second_order,,,,,bottomk_mean,0.4,3,3,0.24028268456459045,0.372202605009079,0.35901060700416565,0.35901060700416565
real,MSVD,9LHg5RUGukI_58_63.mp4,patch_only,,0.1,0.9,same_grid_second_order,,,,,bottomk_mean,0.4,3,3,0.6837455630302429,0.6537102460861206,0.6567137837409973,0.6567137837409973
real,MSVD,9LHg5RUGukI_63_68.mp4,patch_only,,0.1,0.9,same_grid_second_order,,,,,bottomk_mean,0.4,3,3,0.6325088143348694,0.687868058681488,0.6823321580886841,0.6823321580886841
real,MSVD,9LOJmQQktHA_10_18.mp4,patch_only,,0.1,0.9,same_grid_second_order,,,,,bottomk_mean,0.4,3,3,0.7626619338989258,0.6743227243423462,0.6831566691398621,0.6831566691398621
real,MSVD,9LSuyLyuUiM_3_6.mp4,patch_only,,0.1,0.9,same_grid_second_order,,,,,bottomk_mean,0.4,3,3,0.37455829977989197,0.5641931891441345,0.5452296733856201,0.5452296733856201
real,MSVD,9OxQ-2gR1DU_18_38.mp4,patch_only,,0.1,0.9,same_grid_second_order,,,,,bottomk_mean,0.4,3,3,0.6472320556640625,0.8769140243530273,0.853945791721344,0.853945791721344
real,MSVD,9Q0JfdP36kI_167_170.mp4,patch_only,,0.1,0.9,same_grid_second_order,,,,,bottomk_mean,0.4,3,3,0.5270906686782837,0.5188456773757935,0.5196701884269714,0.5196701884269714
real,MSVD,9Q0JfdP36kI_19_27.mp4,patch_only,,0.1,0.9,same_grid_second_order,,,,,bottomk_mean,0.4,3,3,0.9446407556533813,0.9305064678192139,0.9319199323654175,0.9319199323654175
real,MSVD,9Q0JfdP36kI_23_28.mp4,patch_only,,0.1,0.9,same_grid_second_order,,,,,bottomk_mean,0.4,3,3,0.9787985682487488,0.8498232960700989,0.8627208471298218,0.8627208471298218
real,MSVD,9Q0JfdP36kI_56_64.mp4,patch_only,,0.1,0.9,same_grid_second_order,,,,,bottomk_mean,0.4,3,3,0.8869258165359497,0.5612485408782959,0.5938162803649902,0.5938162803649902
real,MSVD,9VG7Elw9TDA_85_91.mp4,patch_only,,0.1,0.9,same_grid_second_order,,,,,bottomk_mean,0.4,3,3,0.5164899826049805,0.3881036639213562,0.40094229578971863,0.40094229578971863
real,MSVD,9W6aQNcU3PA_92_103.mp4,patch_only,,0.1,0.9,same_grid_second_order,,,,,bottomk_mean,0.4,3,3,0.10129564255475998,0.9811543226242065,0.8931684494018555,0.8931684494018555
real,MSVD,9WpJxn-2h1o_122_150.mp4,patch_only,,0.1,0.9,same_grid_second_order,,,,,bottomk_mean,0.4,3,3,0.3215547800064087,0.3409894108772278,0.3390459418296814,0.3390459418296814
real,MSVD,9Wr48VFhZH8_45_50.mp4,patch_only,,0.1,0.9,same_grid_second_order,,,,,bottomk_mean,0.4,3,3,0.2020023614168167,0.4287396967411041,0.406065970659256,0.406065970659256
real,MSVD,9gbUM9oHBNI_557_563.mp4,patch_only,,0.1,0.9,same_grid_second_order,,,,,bottomk_mean,0.4,3,3,0.8280329704284668,0.6548880934715271,0.6722025871276855,0.6722025871276855
real,MSVD,9uDPqigcnzw_36_46.mp4,patch_only,,0.1,0.9,same_grid_second_order,,,,,bottomk_mean,0.4,3,3,0.8504122495651245,0.7673733830451965,0.7756772637367249,0.7756772637367249
real,MSVD,9wxB1UQi0MM_18_38.mp4,patch_only,,0.1,0.9,same_grid_second_order,,,,,bottomk_mean,0.4,3,3,0.9034157991409302,0.7120141386985779,0.7311543226242065,0.7311543226242065
real,MSVD,9zXqkHvs0po_59_65.mp4,patch_only,,0.1,0.9,same_grid_second_order,,,,,bottomk_mean,0.4,3,3,0.7550058960914612,0.7679623365402222,0.7666666507720947,0.7666666507720947
real,MSVD,A6XrTsLsUbA_4_15.mp4,patch_only,,0.1,0.9,same_grid_second_order,,,,,bottomk_mean,0.4,3,3,0.09187278896570206,0.043580684810876846,0.04840989410877228,0.04840989410877228
real,MSVD,ACK7SekJWts_140_150.mp4,patch_only,,0.1,0.9,same_grid_second_order,,,,,bottomk_mean,0.4,3,3,0.6160188317298889,0.8939929604530334,0.8661954998970032,0.8661954998970032
real,MSVD,ACOmKiJDkA4_130_144.mp4,patch_only,,0.1,0.9,same_grid_second_order,,,,,bottomk_mean,0.4,3,3,0.7508834004402161,0.6861013174057007,0.6925795078277588,0.6925795078277588
real,MSVD,ACOmKiJDkA4_161_170.mp4,patch_only,,0.1,0.9,same_grid_second_order,,,,,bottomk_mean,0.4,3,3,0.43934041261672974,0.7402827143669128,0.7101884484291077,0.7101884484291077
real,MSVD,ACOmKiJDkA4_175_182.mp4,patch_only,,0.1,0.9,same_grid_second_order,,,,,bottomk_mean,0.4,3,3,0.434628963470459,0.8498232960700989,0.8083038926124573,0.8083038926124573
real,MSVD,ACOmKiJDkA4_23_30.mp4,patch_only,,0.1,0.9,same_grid_second_order,,,,,bottomk_mean,0.4,3,3,0.5753828287124634,0.7974086999893188,0.7752061486244202,0.7752061486244202
real,MSVD,ACOmKiJDkA4_47_54.mp4,patch_only,,0.1,0.9,same_grid_second_order,,,,,bottomk_mean,0.4,3,3,0.9646643400192261,0.8568904399871826,0.8676678538322449,0.8676678538322449
real,MSVD,ACOmKiJDkA4_57_65.mp4,patch_only,,0.1,0.9,same_grid_second_order,,,,,bottomk_mean,0.4,3,3,0.9511189460754395,0.8898704648017883,0.8959952592849731,0.8959952592849731
real,MSVD,ACOmKiJDkA4_67_74.mp4,patch_only,,0.1,0.9,same_grid_second_order,,,,,bottomk_mean,0.4,3,3,0.45347467064857483,0.6272084712982178,0.6098350882530212,0.6098350882530212
real,MSVD,ACOmKiJDkA4_75_81.mp4,patch_only,,0.1,0.9,same_grid_second_order,,,,,bottomk_mean,0.4,3,3,0.882214367389679,0.8286219239234924,0.8339811563491821,0.8339811563491821
real,MSVD,AE9UaQwum8c_0_10.mp4,patch_only,,0.1,0.9,same_grid_second_order,,,,,bottomk_mean,0.4,3,3,0.5212014317512512,0.6054181456565857,0.5969964861869812,0.5969964861869812
real,MSVD,AEKPjVHSVZc_0_12.mp4,patch_only,,0.1,0.9,same_grid_second_order,,,,,bottomk_mean,0.4,3,3,0.17137809097766876,0.06890459358692169,0.0791519433259964,0.0791519433259964
real,MSVD,AGRFy5hDQiY_31_38.mp4,patch_only,,0.1,0.9,same_grid_second_order,,,,,bottomk_mean,0.4,3,3,0.6778563261032104,0.7732626795768738,0.7637220025062561,0.7637220025062561
real,MSVD,AJJ-iQkbRNE_97_109.mp4,patch_only,,0.1,0.9,same_grid_second_order,,,,,bottomk_mean,0.4,3,3,0.685512363910675,0.7820965647697449,0.7724381685256958,0.7724381685256958
real,MSVD,AKVBK-0veE8_5_12.mp4,patch_only,,0.1,0.9,same_grid_second_order,,,,,bottomk_mean,0.4,3,3,0.28857478499412537,0.17373380064964294,0.18521790206432343,0.18521790206432343
real,MSVD,AQhiE_NL6yY_91_101.mp4,patch_only,,0.1,0.9,same_grid_second_order,,,,,bottomk_mean,0.4,3,3,0.3998822271823883,0.14605417847633362,0.17143698036670685,0.17143698036670685
real,MSVD,AX38yo7Wuws_81_91.mp4,patch_only,,0.1,0.9,same_grid_second_order,,,,,bottomk_mean,0.4,3,3,0.9505300521850586,0.7202591300010681,0.7432861924171448,0.7432861924171448
real,MSVD,AXL1oMdCFUM_45_59.mp4,patch_only,,0.1,0.9,same_grid_second_order,,,,,bottomk_mean,0.4,3,3,0.038869258016347885,0.2691401541233063,0.24611307680606842,0.24611307680606842
real,MSVD,A_nCfAbXjoM_8_56.mp4,patch_only,,0.1,0.9,same_grid_second_order,,,,,bottomk_mean,0.4,3,3,0.23733805119991302,0.3356890380382538,0.32585394382476807,0.32585394382476807
real,MSVD,Aa7yf9XtcJM_45_50.mp4,patch_only,,0.1,0.9,same_grid_second_order,,,,,bottomk_mean,0.4,3,3,0.27149587869644165,0.796819806098938,0.744287371635437,0.744287371635437
real,MSVD,AdcgmBtE99c_108_114.mp4,patch_only,,0.1,0.9,same_grid_second_order,,,,,bottomk_mean,0.4,3,3,0.11601884663105011,0.06360424309968948,0.0688457041978836,0.0688457041978836
real,MSVD,Afmc6FeN-hM_20_24.mp4,patch_only,,0.1,0.9,same_grid_second_order,,,,,bottomk_mean,0.4,3,3,0.05477031692862511,0.35865724086761475,0.32826855778694153,0.32826855778694153
real,MSVD,AjZ-R3LFMzo_18_23.mp4,patch_only,,0.1,0.9,same_grid_second_order,,,,,bottomk_mean,0.4,3,3,0.7020023465156555,0.5076560378074646,0.5270906686782837,0.5270906686782837
real,MSVD,AjZ-R3LFMzo_24_38.mp4,patch_only,,0.1,0.9,same_grid_second_order,,,,,bottomk_mean,0.4,3,3,0.7455830574035645,0.18197879195213318,0.23833921551704407,0.23833921551704407
real,MSVD,AjZ-R3LFMzo_5_10.mp4,patch_only,,0.1,0.9,same_grid_second_order,,,,,bottomk_mean,0.4,3,3,0.343934029340744,0.15076561272144318,0.1700824499130249,0.1700824499130249
real,MSVD,AoNnzlGhI04_112_128.mp4,patch_only,,0.1,0.9,same_grid_second_order,,,,,bottomk_mean,0.4,3,3,0.3557125926017761,0.2561837434768677,0.26613661646842957,0.26613661646842957
real,MSVD,ApYvvQK7bBc_6_32.mp4,patch_only,,0.1,0.9,same_grid_second_order,,,,,bottomk_mean,0.4,3,3,0.6236749291419983,0.5294464230537415,0.5388692617416382,0.5388692617416382
real,MSVD,Ar70p1_LcfM_2_20.mp4,patch_only,,0.1,0.9,same_grid_second_order,,,,,bottomk_mean,0.4,3,3,0.04829210788011551,0.018256772309541702,0.021260306239128113,0.021260306239128113
real,MSVD,ArEWo8pERFc_17_21.mp4,patch_only,,0.1,0.9,same_grid_second_order,,,,,bottomk_mean,0.4,3,3,0.2579505443572998,0.3857479393482208,0.3729681968688965,0.3729681968688965
real,MSVD,Ayh26v6Nies_17_22.mp4,patch_only,,0.1,0.9,same_grid_second_order,,,,,bottomk_mean,0.4,3,3,0.06831566244363785,0.7614840865135193,0.6921672821044922,0.6921672821044922
real,MSVD,AysIdzGF-7M_6_14.mp4,patch_only,,0.1,0.9,same_grid_second_order,,,,,bottomk_mean,0.4,3,3,0.7738515734672546,0.6325088143348694,0.6466431021690369,0.6466431021690369
real,MSVD,AzMrltkXGJk_0_10.mp4,patch_only,,0.1,0.9,same_grid_second_order,,,,,bottomk_mean,0.4,3,3,0.635453462600708,0.5912838578224182,0.5957008004188538,0.5957008004188538
real,MSVD,B-Lsf7ZKf5c_10_25.mp4,patch_only,,0.1,0.9,same_grid_second_order,,,,,bottomk_mean,0.4,3,3,0.23262661695480347,0.5812720656394958,0.5464075207710266,0.5464075207710266
real,MSVD,B4foOe9kUgY_0_8.mp4,patch_only,,0.1,0.9,same_grid_second_order,,,,,bottomk_mean,0.4,3,3,0.33392226696014404,0.10188457369804382,0.12508833408355713,0.12508833408355713
real,MSVD,BAf3LXFUaGs_28_38.mp4,patch_only,,0.1,0.9,same_grid_second_order,,,,,bottomk_mean,0.4,3,3,0.7396937608718872,0.8557125926017761,0.8441107273101807,0.8441107273101807
real,MSVD,BApIQn69EVE_10_16.mp4,patch_only,,0.1,0.9,same_grid_second_order,,,,,bottomk_mean,0.4,3,3,0.23085983097553253,0.4110718369483948,0.3930506408214569,0.3930506408214569
real,MSVD,BE_uxYK9uz0_150_168.mp4,patch_only,,0.1,0.9,same_grid_second_order,,,,,bottomk_mean,0.4,3,3,0.19375735521316528,0.4976442754268646,0.4672555923461914,0.4672555923461914
real,MSVD,BE_uxYK9uz0_49_56.mp4,patch_only,,0.1,0.9,same_grid_second_order,,,,,bottomk_mean,0.4,3,3,0.5571260452270508,0.7773851752281189,0.7553592324256897,0.7553592324256897
real,MSVD,BGG0uYWZBdw_6_12.mp4,patch_only,,0.1,0.9,same_grid_second_order,,,,,bottomk_mean,0.4,3,3,0.5930506587028503,0.6678445339202881,0.6603651642799377,0.6603651642799377
real,MSVD,BIqVvRh_cEY_143_149.mp4,patch_only,,0.1,0.9,same_grid_second_order,,,,,bottomk_mean,0.4,3,3,0.2603062391281128,0.21378092467784882,0.2184334546327591,0.2184334546327591
real,MSVD,BLXzfdNmydQ_151_156.mp4,patch_only,,0.1,0.9,same_grid_second_order,,,,,bottomk_mean,0.4,3,3,0.6466431021690369,0.10718492418527603,0.16113074123859406,0.16113074123859406
real,MSVD,BOLKaQeB6j0_101_111.mp4,patch_only,,0.1,0.9,same_grid_second_order,,,,,bottomk_mean,0.4,3,3,0.7232037782669067,0.7879858613014221,0.781507670879364,0.781507670879364
real,MSVD,BOv-2HzNPaA_7_12.mp4,patch_only,,0.1,0.9,same_grid_second_order,,,,,bottomk_mean,0.4,3,3,0.7220259308815002,0.6242638230323792,0.6340400576591492,0.6340400576591492
real,MSVD,BVilbVCo9sU_1_11.mp4,patch_only,,0.1,0.9,same_grid_second_order,,,,,bottomk_mean,0.4,3,3,0.15253238379955292,0.13250882923603058,0.13451118767261505,0.13451118767261505
real,MSVD,BVjvRpmHg0w_157_165.mp4,patch_only,,0.1,0.9,same_grid_second_order,,,,,bottomk_mean,0.4,3,3,0.12249705195426941,0.5111896395683289,0.4723203778266907,0.4723203778266907
real,MSVD,BVjvRpmHg0w_231_250.mp4,patch_only,,0.1,0.9,same_grid_second_order,,,,,bottomk_mean,0.4,3,3,0.8032979965209961,0.9658421874046326,0.9495877623558044,0.9495877623558044
real,MSVD,BVjvRpmHg0w_47_51.mp4,patch_only,,0.1,0.9,same_grid_second_order,,,,,bottomk_mean,0.4,3,3,0.9570082426071167,0.8680800795555115,0.8769729137420654,0.8769729137420654
real,MSVD,BVy9SQI5R68_0_7.mp4,patch_only,,0.1,0.9,same_grid_second_order,,,,,bottomk_mean,0.4,3,3,0.18963485956192017,0.753239095211029,0.6968786716461182,0.6968786716461182
real,MSVD,BefkDBj5gSw_104_109.mp4,patch_only,,0.1,0.9,same_grid_second_order,,,,,bottomk_mean,0.4,3,3,0.7308598160743713,0.4469964802265167,0.47538280487060547,0.47538280487060547
real,MSVD,BefkDBj5gSw_233_240.mp4,patch_only,,0.1,0.9,same_grid_second_order,,,,,bottomk_mean,0.4,3,3,0.7208480834960938,0.6489987969398499,0.6561837196350098,0.6561837196350098
real,MSVD,BgoOihBb78w_38_40.mp4,patch_only,,0.1,0.9,same_grid_second_order,,,,,bottomk_mean,0.4,3,3,0.6955241560935974,0.8786808252334595,0.8603651523590088,0.8603651523590088
real,MSVD,BnJUWwSx1kE_11_22.mp4,patch_only,,0.1,0.9,same_grid_second_order,,,,,bottomk_mean,0.4,3,3,0.015312131494283676,0.20789164304733276,0.18863368034362793,0.18863368034362793
real,MSVD,BtQEY2SL4g4_11_16.mp4,patch_only,,0.1,0.9,same_grid_second_order,,,,,bottomk_mean,0.4,3,3,0.10659599304199219,0.060070671141147614,0.06472320109605789,0.06472320109605789
real,MSVD,BtQtRGI0F2Q_15_20.mp4,patch_only,,0.1,0.9,same_grid_second_order,,,,,bottomk_mean,0.4,3,3,0.32508835196495056,0.11660777032375336,0.13745583593845367,0.13745583593845367
real,MSVD,BvHnDAsMtUA_0_13.mp4,patch_only,,0.1,0.9,same_grid_second_order,,,,,bottomk_mean,0.4,3,3,0.6784452199935913,0.04652532562613487,0.10971731692552567,0.10971731692552567
real,MSVD,ByGspTdA1ug_16_24.mp4,patch_only,,0.1,0.9,same_grid_second_order,,,,,bottomk_mean,0.4,3,3,0.34157833456993103,0.6001178026199341,0.5742638111114502,0.5742638111114502
real,MSVD,C12BRGGcd5E_101_117.mp4,patch_only,,0.1,0.9,same_grid_second_order,,,,,bottomk_mean,0.4,3,3,0.7373380661010742,0.5865724086761475,0.6016489863395691,0.6016489863395691
real,MSVD,C2rDp6FnbP0_10_17.mp4,patch_only,,0.1,0.9,same_grid_second_order,,,,,bottomk_mean,0.4,3,3,0.9293286204338074,0.13250882923603058,0.21219080686569214,0.21219080686569214
real,MSVD,C9LHk0AJI7U_196_205.mp4,patch_only,,0.1,0.9,same_grid_second_order,,,,,bottomk_mean,0.4,3,3,0.833922266960144,0.8621907830238342,0.8593639731407166,0.8593639731407166
real,MSVD,C9vRgZDxTv4_26_33.mp4,patch_only,,0.1,0.9,same_grid_second_order,,,,,bottomk_mean,0.4,3,3,0.2720848023891449,0.10011778771877289,0.11731448769569397,0.11731448769569397
real,MSVD,CGllPWAwmUo_1_15.mp4,patch_only,,0.1,0.9,same_grid_second_order,,,,,bottomk_mean,0.4,3,3,0.24322733283042908,0.7285041213035583,0.6799764633178711,0.6799764633178711
real,MSVD,CHFXTeQWXjo_206_212.mp4,patch_only,,0.1,0.9,same_grid_second_order,,,,,bottomk_mean,0.4,3,3,0.8557125926017761,0.7962308526039124,0.8021790385246277,0.8021790385246277
real,MSVD,CHVhwcOg6y8_1_12.mp4,patch_only,,0.1,0.9,same_grid_second_order,,,,,bottomk_mean,0.4,3,3,0.356890469789505,0.5965842008590698,0.572614848613739,0.572614848613739
real,MSVD,CL49s8bO6Fg_1_11.mp4,patch_only,,0.1,0.9,same_grid_second_order,,,,,bottomk_mean,0.4,3,3,0.2979976534843445,0.18904593586921692,0.19994111359119415,0.19994111359119415
real,MSVD,CTIKmoEigCI_3_30.mp4,patch_only,,0.1,0.9,same_grid_second_order,,,,,bottomk_mean,0.4,3,3,0.20082449913024902,0.35100117325782776,0.3359835147857666,0.3359835147857666
real,MSVD,C_1cnNdMwxY_0_8.mp4,patch_only,,0.1,0.9,same_grid_second_order,,,,,bottomk_mean,0.4,3,3,0.633097767829895,0.9045936465263367,0.8774440288543701,0.8774440288543701
real,MSVD,C_DDjCRxTxQ_1_4.mp4,patch_only,,0.1,0.9,same_grid_second_order,,,,,bottomk_mean,0.4,3,3,0.3710247278213501,0.49293285608291626,0.48074203729629517,0.48074203729629517
real,MSVD,CcvJs77L-e8_15_22.mp4,patch_only,,0.1,0.9,same_grid_second_order,,,,,bottomk_mean,0.4,3,3,0.7956419587135315,0.3969375789165497,0.4368080198764801,0.4368080198764801
real,MSVD,Ce7equ9zCxk_4_19.mp4,patch_only,,0.1,0.9,same_grid_second_order,,,,,bottomk_mean,0.4,3,3,0.035335689783096313,0.1107184886932373,0.10318021476268768,0.10318021476268768
real,MSVD,CgWYN5e9K10_30_62.mp4,patch_only,,0.1,0.9,same_grid_second_order,,,,,bottomk_mean,0.4,3,3,0.05300353467464447,0.15724381804466248,0.14681978523731232,0.14681978523731232
real,MSVD,CjvMNwpAFWM_56_66.mp4,patch_only,,0.1,0.9,same_grid_second_order,,,,,bottomk_mean,0.4,3,3,0.15665489435195923,0.5942285060882568,0.5504711270332336,0.5504711270332336
real,MSVD,CquJjlNuotg_147_155.mp4,patch_only,,0.1,0.9,same_grid_second_order,,,,,bottomk_mean,0.4,3,3,0.45877504348754883,0.47349822521209717,0.47202590107917786,0.47202590107917786
real,MSVD,CulG2SMC7DU_14_25.mp4,patch_only,,0.1,0.9,same_grid_second_order,,,,,bottomk_mean,0.4,3,3,0.7526502013206482,0.15959952771663666,0.21890459954738617,0.21890459954738617
real,MSVD,CwPfvoqmV1Q_58_61.mp4,patch_only,,0.1,0.9,same_grid_second_order,,,,,bottomk_mean,0.4,3,3,0.7143698334693909,0.4870435893535614,0.50977623462677,0.50977623462677
real,MSVD,Cx1We6GX4IM_0_8.mp4,patch_only,,0.1,0.9,same_grid_second_order,,,,,bottomk_mean,0.4,3,3,0.005889281630516052,0.283863365650177,0.2560659646987915,0.2560659646987915
real,MSVD,Cxxx6wJ1jNo_0_10.mp4,patch_only,,0.1,0.9,same_grid_second_order,,,,,bottomk_mean,0.4,3,3,0.09599529206752777,0.35747939348220825,0.3313309848308563,0.3313309848308563
real,MSVD,D1tTBncIsm8_198_205.mp4,patch_only,,0.1,0.9,same_grid_second_order,,,,,bottomk_mean,0.4,3,3,0.1354534775018692,0.006478209514170885,0.019375735893845558,0.019375735893845558
real,MSVD,D1tTBncIsm8_248_254.mp4,patch_only,,0.1,0.9,same_grid_second_order,,,,,bottomk_mean,0.4,3,3,0.020023556426167488,0.02355712652206421,0.023203769698739052,0.023203769698739052
real,MSVD,D1tTBncIsm8_725_740.mp4,patch_only,,0.1,0.9,same_grid_second_order,,,,,bottomk_mean,0.4,3,3,0.6719670295715332,0.6207302808761597,0.625853955745697,0.625853955745697
real,MSVD,D1tTBncIsm8_841_848.mp4,patch_only,,0.1,0.9,same_grid_second_order,,,,,bottomk_mean,0.4,3,3,0.010600706562399864,0.0989399328827858,0.09010601043701172,0.09010601043701172
real,MSVD,D2FbgK_kkE8_121_151.mp4,patch_only,,0.1,0.9,same_grid_second_order,,,,,bottomk_mean,0.4,3,3,0.55241459608078,0.4528857469558716,0.46283861994743347,0.46283861994743347
real,MSVD,D9I1Z6O_mbw_141_146.mp4,patch_only,,0.1,0.9,same_grid_second_order,,,,,bottomk_mean,0.4,3,3,0.5771495699882507,0.3462897539138794,0.36937573552131653,0.36937573552131653
real,MSVD,DAmOfcvfKZ0_22_32.mp4,patch_only,,0.1,0.9,same_grid_second_order,,,,,bottomk_mean,0.4,3,3,0.8345111608505249,0.8256772756576538,0.8265606760978699,0.8265606760978699
real,MSVD,DB-3-TVjrxU_58_75.mp4,patch_only,,0.1,0.9,same_grid_second_order,,,,,bottomk_mean,0.4,3,3,0.6077738404273987,0.9434629082679749,0.9098939895629883,0.9098939895629883
real,MSVD,DBvSfds3FH4_76_80.mp4,patch_only,,0.1,0.9,same_grid_second_order,,,,,bottomk_mean,0.4,3,3,0.7997644543647766,0.969375729560852,0.9524146318435669,0.9524146318435669
real,MSVD,DBvSfds3FH4_84_88.mp4,patch_only,,0.1,0.9,same_grid_second_order,,,,,bottomk_mean,0.4,3,3,0.5883392095565796,0.6260306239128113,0.6222614645957947,0.6222614645957947
real,MSVD,DDtX5a-OgLQ_1_15.mp4,patch_only,,0.1,0.9,same_grid_second_order,,,,,bottomk_mean,0.4,3,3,0.7915194630622864,0.3710247278213501,0.41307419538497925,0.41307419538497925
real,MSVD,DGQL5lx-mwE_2_12.mp4,patch_only,,0.1,0.9,same_grid_second_order,,,,,bottomk_mean,0.4,3,3,0.1171967014670372,0.22025913000106812,0.20995289087295532,0.20995289087295532
real,MSVD,DIToA1dDwGQ_32_42.mp4,patch_only,,0.1,0.9,same_grid_second_order,,,,,bottomk_mean,0.4,3,3,0.6643109321594238,0.5488810539245605,0.5604240298271179,0.5604240298271179
real,MSVD,DIebwNHGjm8_27_38.mp4,patch_only,,0.1,0.9,same_grid_second_order,,,,,bottomk_mean,0.4,3,3,0.595995306968689,0.5942285060882568,0.5944051742553711,0.5944051742553711
real,MSVD,DJWmm_Q9WvY_1_25.mp4,patch_only,,0.1,0.9,same_grid_second_order,,,,,bottomk_mean,0.4,3,3,0.020023556426167488,0.09658421576023102,0.08892814815044403,0.08892814815044403
real,MSVD,DKZg4kIEa0A_31_36.mp4,patch_only,,0.1,0.9,same_grid_second_order,,,,,bottomk_mean,0.4,3,3,0.5871613621711731,0.299175500869751,0.3279740810394287,0.3279740810394287
real,MSVD,DKgHYLDebx0_0_8.mp4,patch_only,,0.1,0.9,same_grid_second_order,,,,,bottomk_mean,0.4,3,3,0.1484098881483078,0.5412249565124512,0.5019434690475464,0.5019434690475464
real,MSVD,DN7jwyL1Xgg_1_19.mp4,patch_only,,0.1,0.9,same_grid_second_order,,,,,bottomk_mean,0.4,3,3,0.3398115336894989,0.010600706562399864,0.04352179169654846,0.04352179169654846
real,MSVD,DcDYRpa34W8_11_25.mp4,patch_only,,0.1,0.9,same_grid_second_order,,,,,bottomk_mean,0.4,3,3,0.7267373204231262,0.5241460800170898,0.5444051623344421,0.5444051623344421
real,MSVD,De815YpTBic_41_48.mp4,patch_only,,0.1,0.9,same_grid_second_order,,,,,bottomk_mean,0.4,3,3,0.0017667844658717513,0.0017667844658717513,0.0017667844658717513,0.0017667844658717513
real,MSVD,Dgf0VHMEtNs_57_66.mp4,patch_only,,0.1,0.9,same_grid_second_order,,,,,bottomk_mean,0.4,3,3,0.062426384538412094,0.6283863186836243,0.571790337562561,0.571790337562561
real,MSVD,DhwrBs96Kgk_120_124.mp4,patch_only,,0.1,0.9,same_grid_second_order,,,,,bottomk_mean,0.4,3,3,0.19493521749973297,0.12485276907682419,0.13186101615428925,0.13186101615428925
real,MSVD,DlOhXqKcLXk_7_14.mp4,patch_only,,0.1,0.9,same_grid_second_order,,,,,bottomk_mean,0.4,3,3,0.8068315386772156,0.46407538652420044,0.49835100769996643,0.49835100769996643
real,MSVD,DuMkW35BwK8_43_47.mp4,patch_only,,0.1,0.9,same_grid_second_order,,,,,bottomk_mean,0.4,3,3,0.6519434452056885,0.8510012030601501,0.8310953974723816,0.8310953974723816
real,MSVD,DvYN53KBDr0_51_62.mp4,patch_only,,0.1,0.9,same_grid_second_order,,,,,bottomk_mean,0.4,3,3,0.11248527467250824,0.24263839423656464,0.22962307929992676,0.22962307929992676
real,MSVD,E2r6nnkwl0c_6_18.mp4,patch_only,,0.1,0.9,same_grid_second_order,,,,,bottomk_mean,0.4,3,3,0.4010600745677948,0.10188457369804382,0.13180212676525116,0.13180212676525116
real,MSVD,E4k0Aylzdyo_97_104.mp4,patch_only,,0.1,0.9,same_grid_second_order,,,,,bottomk_mean,0.4,3,3,0.22850412130355835,0.062426384538412094,0.07903415709733963,0.07903415709733963
real,MSVD,E61HNXjgyqA_22_32.mp4,patch_only,,0.1,0.9,same_grid_second_order,,,,,bottomk_mean,0.4,3,3,0.2567726671695709,0.18021202087402344,0.18786807358264923,0.18786807358264923
real,MSVD,E6sqA9QtV5I_195_201.mp4,patch_only,,0.1,0.9,same_grid_second_order,,,,,bottomk_mean,0.4,3,3,0.3934040069580078,0.27267372608184814,0.28474676609039307,0.28474676609039307
real,MSVD,EA-J-Y6QjUo_40_61.mp4,patch_only,,0.1,0.9,same_grid_second_order,,,,,bottomk_mean,0.4,3,3,0.7131919860839844,0.4051825702190399,0.4359835088253021,0.4359835088253021
real,MSVD,EBWPZIjtnTM_1_6.mp4,patch_only,,0.1,0.9,same_grid_second_order,,,,,bottomk_mean,0.4,3,3,0.23851589858531952,0.1613663136959076,0.16908127069473267,0.16908127069473267
real,MSVD,EKL6elkbFy0_16_30.mp4,patch_only,,0.1,0.9,same_grid_second_order,,,,,bottomk_mean,0.4,3,3,0.44876325130462646,0.37455829977989197,0.3819788098335266,0.3819788098335266
real,MSVD,EPXsiQw9vvo_1_12.mp4,patch_only,,0.1,0.9,same_grid_second_order,,,,,bottomk_mean,0.4,3,3,0.10777384787797928,0.19964663684368134,0.19045937061309814,0.19045937061309814
real,MSVD,EPgQ9QwbsLE_16_23.mp4,patch_only,,0.1,0.9,same_grid_second_order,,,,,bottomk_mean,0.4,3,3,0.18197879195213318,0.7608951926231384,0.7030035257339478,0.7030035257339478
real,MSVD,ETUJipdnfOM_0_5.mp4,patch_only,,0.1,0.9,same_grid_second_order,,,,,bottomk_mean,0.4,3,3,0.3998822271823883,0.4699646532535553,0.46295642852783203,0.46295642852783203
real,MSVD,EVqc7e8JCco_5_15.mp4,patch_only,,0.1,0.9,same_grid_second_order,,,,,bottomk_mean,0.4,3,3,0.6213191747665405,0.05064782127737999,0.10771495848894119,0.10771495848894119
real,MSVD,EXyp0Q7L1zE_30_38.mp4,patch_only,,0.1,0.9,same_grid_second_order,,,,,bottomk_mean,0.4,3,3,0.36925795674324036,0.18138986825942993,0.2001766711473465,0.2001766711473465
real,MSVD,Ea0thGZKPXA_25_35.mp4,patch_only,,0.1,0.9,same_grid_second_order,,,,,bottomk_mean,0.4,3,3,0.4352179169654846,0.39104828238487244,0.39546525478363037,0.39546525478363037
real,MSVD,EdrZtaBUXIo_25_29.mp4,patch_only,,0.1,0.9,same_grid_second_order,,,,,bottomk_mean,0.4,3,3,0.23380447924137115,0.3062426447868347,0.2989988327026367,0.2989988327026367
real,MSVD,EjAoBKagWQA_132_145.mp4,patch_only,,0.1,0.9,same_grid_second_order,,,,,bottomk_mean,0.4,3,3,0.3121319115161896,0.1354534775018692,0.15312132239341736,0.15312132239341736
real,MSVD,Els1Cclg_sk_4_15.mp4,patch_only,,0.1,0.9,same_grid_second_order,,,,,bottomk_mean,0.4,3,3,0.04240282624959946,0.11307420581579208,0.10600706934928894,0.10600706934928894
real,MSVD,EpMuCrbxE8A_107_115.mp4,patch_only,,0.1,0.9,same_grid_second_order,,,,,bottomk_mean,0.4,3,3,0.7408716082572937,1.0,0.9740871787071228,0.9740871787071228
real,MSVD,EqOGzNkekMk_5_15.mp4,patch_only,,0.1,0.9,same_grid_second_order,,,,,bottomk_mean,0.4,3,3,0.17550058662891388,0.47585394978523254,0.44581860303878784,0.44581860303878784
real,MSVD,EwTZ2xpQwpA_14_21.mp4,patch_only,,0.1,0.9,same_grid_second_order,,,,,bottomk_mean,0.4,3,3,0.7585394382476807,0.8032979965209961,0.7988221645355225,0.7988221645355225
real,MSVD,F1BwUJ4--Qw_21_38.mp4,patch_only,,0.1,0.9,same_grid_second_order,,,,,bottomk_mean,0.4,3,3,0.6566548943519592,0.6749116778373718,0.6730859875679016,0.6730859875679016
real,MSVD,F2Ny7rq9RKs_139_148.mp4,patch_only,,0.1,0.9,same_grid_second_order,,,,,bottomk_mean,0.4,3,3,0.8197879791259766,0.8651354312896729,0.8606007099151611,0.8606007099151611
real,MSVD,F3pmw2ga244_59_65.mp4,patch_only,,0.1,0.9,same_grid_second_order,,,,,bottomk_mean,0.4,3,3,0.09128386527299881,0.002944640815258026,0.011778563261032104,0.011778563261032104
real,MSVD,FA3OfhJK0mI_195_203.mp4,patch_only,,0.1,0.9,same_grid_second_order,,,,,bottomk_mean,0.4,3,3,0.2632508873939514,0.8733804225921631,0.8123674988746643,0.8123674988746643
real,MSVD,FAD8CbQuvco_35_45.mp4,patch_only,,0.1,0.9,same_grid_second_order,,,,,bottomk_mean,0.4,3,3,0.8321554660797119,0.7703180313110352,0.7765017747879028,0.7765017747879028
real,MSVD,FCjpuJaUec0_19_26.mp4,patch_only,,0.1,0.9,same_grid_second_order,,,,,bottomk_mean,0.4,3,3,0.537102460861206,0.09658421576023102,0.14063604176044464,0.14063604176044464
real,MSVD,FGjtmhI-Rmk_30_37.mp4,patch_only,,0.1,0.9,same_grid_second_order,,,,,bottomk_mean,0.4,3,3,0.07714958488941193,0.24499410390853882,0.22820965945720673,0.22820965945720673
real,MSVD,FH8vgAp4VDU_10_14.mp4,patch_only,,0.1,0.9,same_grid_second_order,,,,,bottomk_mean,0.4,3,3,0.5506477952003479,0.21024735271930695,0.2442874014377594,0.2442874014377594
real,MSVD,FHwC2THZJfA_0_10.mp4,patch_only,,0.1,0.9,same_grid_second_order,,,,,bottomk_mean,0.4,3,3,0.5965842008590698,0.6113074421882629,0.6098350882530212,0.6098350882530212
real,MSVD,FOOM-wA2rOY_77_86.mp4,patch_only,,0.1,0.9,same_grid_second_order,,,,,bottomk_mean,0.4,3,3,0.46171966195106506,0.5394582152366638,0.5316843390464783,0.5316843390464783
real,MSVD,FTh5zPk34bQ_16_30.mp4,patch_only,,0.1,0.9,same_grid_second_order,,,,,bottomk_mean,0.4,3,3,0.10895171016454697,0.5359246134757996,0.4932273328304291,0.4932273328304291
real,MSVD,FWzsXeXCwuc_111_116.mp4,patch_only,,0.1,0.9,same_grid_second_order,,,,,bottomk_mean,0.4,3,3,0.2514723241329193,0.5064781904220581,0.4809776246547699,0.4809776246547699
real,MSVD,FavUpD_IjVY_22_26.mp4,patch_only,,0.1,0.9,same_grid_second_order,,,,,bottomk_mean,0.4,3,3,0.13486455380916595,0.31684333086013794,0.2986454665660858,0.2986454665660858
real,MSVD,Fe4tO5vW9_E_64_70.mp4,patch_only,,0.1,0.9,same_grid_second_order,,,,,bottomk_mean,0.4,3,3,0.9381625652313232,0.8462897539138794,0.8554770350456238,0.8554770350456238
real,MSVD,FeTaKOPVaJg_15_25.mp4,patch_only,,0.1,0.9,same_grid_second_order,,,,,bottomk_mean,0.4,3,3,0.7179034352302551,0.25088340044021606,0.2975853979587555,0.2975853979587555
real,MSVD,FeTaKOPVaJg_60_70.mp4,patch_only,,0.1,0.9,same_grid_second_order,,,,,bottomk_mean,0.4,3,3,0.6378092169761658,0.0806831568479538,0.13639575242996216,0.13639575242996216
real,MSVD,FoL7aWvpvNs_199_204.mp4,patch_only,,0.1,0.9,same_grid_second_order,,,,,bottomk_mean,0.4,3,3,0.37926971912384033,0.7355712652206421,0.699941098690033,0.699941098690033
real,MSVD,FvfjDQj5sOY_1_10.mp4,patch_only,,0.1,0.9,same_grid_second_order,,,,,bottomk_mean,0.4,3,3,0.5441696047782898,0.3657243847846985,0.3835689127445221,0.3835689127445221
real,MSVD,FwCmcZpkk-k_22_32.mp4,patch_only,,0.1,0.9,same_grid_second_order,,,,,bottomk_mean,0.4,3,3,0.7355712652206421,0.8462897539138794,0.8352178931236267,0.8352178931236267
real,MSVD,FxIuFwMhOu8_18_26.mp4,patch_only,,0.1,0.9,same_grid_second_order,,,,,bottomk_mean,0.4,3,3,0.8828033208847046,0.6295641660690308,0.6548880934715271,0.6548880934715271
real,MSVD,G-M78KIy19E_315_330.mp4,patch_only,,0.1,0.9,same_grid_second_order,,,,,bottomk_mean,0.4,3,3,0.4204947054386139,0.47820964455604553,0.47243815660476685,0.47243815660476685
real,MSVD,G6w6kO8UPyg_31_41.mp4,patch_only,,0.1,0.9,same_grid_second_order,,,,,bottomk_mean,0.4,3,3,0.010011778213083744,0.1484098881483078,0.13457007706165314,0.13457007706165314
real,MSVD,GEXqMH8I3_w_14_18.mp4,patch_only,,0.1,0.9,same_grid_second_order,,,,,bottomk_mean,0.4,3,3,0.8062426447868347,0.5889281630516052,0.6106595993041992,0.6106595993041992
real,MSVD,GEXqMH8I3_w_63_68.mp4,patch_only,,0.1,0.9,same_grid_second_order,,,,,bottomk_mean,0.4,3,3,0.042991753667593,0.01590106077492237,0.01861012913286686,0.01861012913286686
real,MSVD,GMuijLIJH-U_1_10.mp4,patch_only,,0.1,0.9,same_grid_second_order,,,,,bottomk_mean,0.4,3,3,0.34040045738220215,0.5535924434661865,0.5322732329368591,0.5322732329368591
real,MSVD,GPT4vUwlrXY_1_10.mp4,patch_only,,0.1,0.9,same_grid_second_order,,,,,bottomk_mean,0.4,3,3,0.1366313248872757,0.08186101168394089,0.08733804523944855,0.08733804523944855
real,MSVD,GPyFZMJ5Dow_56_70.mp4,patch_only,,0.1,0.9,same_grid_second_order,,,,,bottomk_mean,0.4,3,3,0.7926973104476929,0.7856301665306091,0.7863368391990662,0.7863368391990662
real,MSVD,GWQTAe64m-0_160_166.mp4,patch_only,,0.1,0.9,same_grid_second_order,,,,,bottomk_mean,0.4,3,3,0.8003533482551575,0.5659599304199219,0.5893992781639099,0.5893992781639099
real,MSVD,GWQTAe64m-0_91_94.mp4,patch_only,,0.1,0.9,same_grid_second_order,,,,,bottomk_mean,0.4,3,3,0.8333333134651184,0.38457009196281433,0.42944639921188354,0.42944639921188354
real,MSVD,GY5Dl00LrEI_2_13.mp4,patch_only,,0.1,0.9,same_grid_second_order,,,,,bottomk_mean,0.4,3,3,0.7090694904327393,0.6719670295715332,0.6756772398948669,0.6756772398948669
real,MSVD,G_hxdUG6QXE_23_28.mp4,patch_only,,0.1,0.9,same_grid_second_order,,,,,bottomk_mean,0.4,3,3,0.8474676012992859,0.8651354312896729,0.8633686900138855,0.8633686900138855
real,MSVD,GcfWD62sbcs_13_33.mp4,patch_only,,0.1,0.9,same_grid_second_order,,,,,bottomk_mean,0.4,3,3,0.14369846880435944,0.28857478499412537,0.27408716082572937,0.27408716082572937
real,MSVD,Gh4Beb8StFM_29_50.mp4,patch_only,,0.1,0.9,same_grid_second_order,,,,,bottomk_mean,0.4,3,3,0.7302709221839905,0.39517077803611755,0.42868080735206604,0.42868080735206604
real,MSVD,GlW6n43pUQA_0_12.mp4,patch_only,,0.1,0.9,same_grid_second_order,,,,,bottomk_mean,0.4,3,3,0.7538280487060547,0.598351001739502,0.6138986945152283,0.6138986945152283
real,MSVD,Gn4Iv5ARIXc_37_40.mp4,patch_only,,0.1,0.9,same_grid_second_order,,,,,bottomk_mean,0.4,3,3,0.4287396967411041,0.1967020034790039,0.2199057787656784,0.2199057787656784
real,MSVD,Gn4Iv5ARIXc_83_93.mp4,patch_only,,0.1,0.9,same_grid_second_order,,,,,bottomk_mean,0.4,3,3,0.17726737260818481,0.5088339447975159,0.4756772816181183,0.4756772816181183
real,MSVD,GnwKcpfr_ng_10_20.mp4,patch_only,,0.1,0.9,same_grid_second_order,,,,,bottomk_mean,0.4,3,3,0.6425206065177917,0.16313309967517853,0.21107184886932373,0.21107184886932373
real,MSVD,GnwKcpfr_ng_47_57.mp4,patch_only,,0.1,0.9,same_grid_second_order,,,,,bottomk_mean,0.4,3,3,0.3857479393482208,0.15959952771663666,0.18221436440944672,0.18221436440944672
real,MSVD,Goj131_GxYs_2_7.mp4,patch_only,,0.1,0.9,same_grid_second_order,,,,,bottomk_mean,0.4,3,3,0.5288574695587158,0.19081272184848785,0.22461719810962677,0.22461719810962677
real,MSVD,GopEjCCu2jo_2_9.mp4,patch_only,,0.1,0.9,same_grid_second_order,,,,,bottomk_mean,0.4,3,3,0.7944640517234802,0.4452296793460846,0.4801531136035919,0.4801531136035919
real,MSVD,GtrTNldo0LI_33_46.mp4,patch_only,,0.1,0.9,same_grid_second_order,,,,,bottomk_mean,0.4,3,3,0.8757361769676208,0.9181389808654785,0.9138987064361572,0.9138987064361572
real,MSVD,Gw0FU733zzg_58_66.mp4,patch_only,,0.1,0.9,same_grid_second_order,,,,,bottomk_mean,0.4,3,3,0.8439340591430664,0.7426384091377258,0.7527679800987244,0.7527679800987244
real,MSVD,H1Bok7Dg7g8_21_26.mp4,patch_only,,0.1,0.9,same_grid_second_order,,,,,bottomk_mean,0.4,3,3,0.11896348744630814,0.3421672582626343,0.31984686851501465,0.31984686851501465
real,MSVD,H7vezmDeZaw_2_7.mp4,patch_only,,0.1,0.9,same_grid_second_order,,,,,bottomk_mean,0.4,3,3,0.9122496843338013,0.6707891821861267,0.6949352025985718,0.6949352025985718
real,MSVD,H9Oplnr8WcE_24_34.mp4,patch_only,,0.1,0.9,same_grid_second_order,,,,,bottomk_mean,0.4,3,3,0.2420494705438614,0.2473498284816742,0.24681979417800903,0.24681979417800903
real,MSVD,HAjwXjwN9-A_16_24.mp4,patch_only,,0.1,0.9,same_grid_second_order,,,,,bottomk_mean,0.4,3,3,0.5041224956512451,0.7520612478256226,0.7272673845291138,0.7272673845291138
real,MSVD,HBCJYhUjVf0_0_9.mp4,patch_only,,0.1,0.9,same_grid_second_order,,,,,bottomk_mean,0.4,3,3,0.41872790455818176,0.6766784191131592,0.6508833765983582,0.6508833765983582
real,MSVD,HDcIB1e9s5A_28_34.mp4,patch_only,,0.1,0.9,same_grid_second_order,,,,,bottomk_mean,0.4,3,3,0.4970553517341614,0.5276796221733093,0.5246171951293945,0.5246171951293945
real,MSVD,HJHPB_Y8GZE_22_28.mp4,patch_only,,0.1,0.9,same_grid_second_order,,,,,bottomk_mean,0.4,3,3,0.14899882674217224,0.6389870643615723,0.5899882316589355,0.5899882316589355
real,MSVD,HJHPB_Y8GZE_259_263.mp4,patch_only,,0.1,0.9,same_grid_second_order,,,,,bottomk_mean,0.4,3,3,0.6207302808761597,0.7597172856330872,0.7458186149597168,0.7458186149597168
real,MSVD,HM-ZDoRWiH4_0_5.mp4,patch_only,,0.1,0.9,same_grid_second_order,,,,,bottomk_mean,0.4,3,3,0.8727915287017822,0.8345111608505249,0.8383392095565796,0.8383392095565796
real,MSVD,HN-ccxID8IM_3_10.mp4,patch_only,,0.1,0.9,same_grid_second_order,,,,,bottomk_mean,0.4,3,3,0.0677267387509346,0.208480566740036,0.1944051831960678,0.1944051831960678
real,MSVD,HO_ovIrLWfQ_1_11.mp4,patch_only,,0.1,0.9,same_grid_second_order,,,,,bottomk_mean,0.4,3,3,0.17020022869110107,0.12720848619937897,0.13150765001773834,0.13150765001773834
real,MSVD,HPFLN5azwtA_56_63.mp4,patch_only,,0.1,0.9,same_grid_second_order,,,,,bottomk_mean,0.4,3,3,0.179623082280159,0.30683156847953796,0.2941107153892517,0.2941107153892517
real,MSVD,HV12kTtdTT4_5_14.mp4,patch_only,,0.1,0.9,same_grid_second_order,,,,,bottomk_mean,0.4,3,3,0.34687867760658264,0.7921083569526672,0.7475854158401489,0.7475854158401489
real,MSVD,HVR7KpItLfA_62_70.mp4,patch_only,,0.1,0.9,same_grid_second_order,,,,,bottomk_mean,0.4,3,3,0.21378092467784882,0.3280329704284668,0.3166077733039856,0.3166077733039856
real,MSVD,HYbEf-JKZnA_13_26.mp4,patch_only,,0.1,0.9,same_grid_second_order,,,,,bottomk_mean,0.4,3,3,0.20023557543754578,0.14487633109092712,0.15041224658489227,0.15041224658489227
real,MSVD,HZ-BuDDmvVk_0_10.mp4,patch_only,,0.1,0.9,same_grid_second_order,,,,,bottomk_mean,0.4,3,3,0.3085983395576477,0.3892815113067627,0.3812131881713867,0.3812131881713867
real,MSVD,HZqscSWtHmo_24_34.mp4,patch_only,,0.1,0.9,same_grid_second_order,,,,,bottomk_mean,0.4,3,3,0.25206124782562256,0.3610129654407501,0.3501177728176117,0.3501177728176117
real,MSVD,Hd-NeIhbYGc_28_31.mp4,patch_only,,0.1,0.9,same_grid_second_order,,,,,bottomk_mean,0.4,3,3,0.1342756152153015,0.5217903256416321,0.48303887248039246,0.48303887248039246
real,MSVD,Hd-NeIhbYGc_43_48.mp4,patch_only,,0.1,0.9,same_grid_second_order,,,,,bottomk_mean,0.4,3,3,0.27620729804039,0.4116607904434204,0.3981154263019562,0.3981154263019562
real,MSVD,He7Ge7Sogrk_47_70.mp4,patch_only,,0.1,0.9,same_grid_second_order,,,,,bottomk_mean,0.4,3,3,0.3268551230430603,0.21378092467784882,0.22508834302425385,0.22508834302425385
real,MSVD,HkpUWzNNVt4_20_30.mp4,patch_only,,0.1,0.9,same_grid_second_order,,,,,bottomk_mean,0.4,3,3,0.12485276907682419,0.22555948793888092,0.21548880636692047,0.21548880636692047
real,MSVD,HmVPxs4ygMc_44_53.mp4,patch_only,,0.1,0.9,same_grid_second_order,,,,,bottomk_mean,0.4,3,3,0.9422850608825684,0.8580682873725891,0.8664900064468384,0.8664900064468384
real,MSVD,HqbVbPvlDoM_0_11.mp4,patch_only,,0.1,0.9,same_grid_second_order,,,,,bottomk_mean,0.4,3,3,0.5217903256416321,0.2979976534843445,0.3203769028186798,0.3203769028186798
real,MSVD,Hu9Sq1RvuoA_19_62.mp4,patch_only,,0.1,0.9,same_grid_second_order,,,,,bottomk_mean,0.4,3,3,0.49175500869750977,0.17491166293621063,0.2065960019826889,0.2065960019826889
real,MSVD,HxRK-WqZ5Gk_30_50.mp4,patch_only,,0.1,0.9,same_grid_second_order,,,,,bottomk_mean,0.4,3,3,0.5948174595832825,0.11542991548776627,0.16336867213249207,0.16336867213249207
real,MSVD,HypgcCT1r68_38_46.mp4,patch_only,,0.1,0.9,same_grid_second_order,,,,,bottomk_mean,0.4,3,3,0.44051826000213623,0.05830388516187668,0.09652532637119293,0.09652532637119293
real,MSVD,HzYtvOYOEoU_21_32.mp4,patch_only,,0.1,0.9,same_grid_second_order,,,,,bottomk_mean,0.4,3,3,0.783863365650177,0.6431095600128174,0.657184898853302,0.657184898853302
real,MSVD,I9gLTZY1ouc_142_147.mp4,patch_only,,0.1,0.9,same_grid_second_order,,,,,bottomk_mean,0.4,3,3,0.7190812826156616,0.356890469789505,0.393109530210495,0.393109530210495
real,MSVD,IAvBB2lv8iw_142_148.mp4,patch_only,,0.1,0.9,same_grid_second_order,,,,,bottomk_mean,0.4,3,3,0.19081272184848785,0.23733805119991302,0.23268550634384155,0.23268550634384155
real,MSVD,IBgsLmDcL78_80_84.mp4,patch_only,,0.1,0.9,same_grid_second_order,,,,,bottomk_mean,0.4,3,3,0.502355694770813,0.8386337161064148,0.8050059080123901,0.8050059080123901
real,MSVD,ID2xXlUENG0_19_24.mp4,patch_only,,0.1,0.9,same_grid_second_order,,,,,bottomk_mean,0.4,3,3,0.33510011434555054,0.24970553815364838,0.25824499130249023,0.25824499130249023
real,MSVD,INDhUwDMg-4_220_227.mp4,patch_only,,0.1,0.9,same_grid_second_order,,,,,bottomk_mean,0.4,3,3,0.5111896395683289,0.3309776186943054,0.3489988148212433,0.3489988148212433
real,MSVD,ITNh8tWZPOA_5_25.mp4,patch_only,,0.1,0.9,same_grid_second_order,,,,,bottomk_mean,0.4,3,3,0.8751472234725952,0.21201413869857788,0.27832743525505066,0.27832743525505066
real,MSVD,IWhrWLOAin0_1_4.mp4,patch_only,,0.1,0.9,same_grid_second_order,,,,,bottomk_mean,0.4,3,3,0.1678445190191269,0.7449941039085388,0.6872791647911072,0.6872791647911072
real,MSVD,IY1Fn796MoY_7_10.mp4,patch_only,,0.1,0.9,same_grid_second_order,,,,,bottomk_mean,0.4,3,3,0.6702002286911011,0.3804475963115692,0.4094228446483612,0.4094228446483612
real,MSVD,IhwPQL9dFYc_124_129.mp4,patch_only,,0.1,0.9,same_grid_second_order,,,,,bottomk_mean,0.4,3,3,0.8303886651992798,0.7879858613014221,0.7922261357307434,0.7922261357307434
real,MSVD,IhwPQL9dFYc_130_136.mp4,patch_only,,0.1,0.9,same_grid_second_order,,,,,bottomk_mean,0.4,3,3,0.9110718369483948,0.736160159111023,0.7536513805389404,0.7536513805389404
real,MSVD,IhwPQL9dFYc_137_143.mp4,patch_only,,0.1,0.9,same_grid_second_order,,,,,bottomk_mean,0.4,3,3,0.8127208352088928,0.6902238130569458,0.702473521232605,0.702473521232605
real,MSVD,IhwPQL9dFYc_143_147.mp4,patch_only,,0.1,0.9,same_grid_second_order,,,,,bottomk_mean,0.4,3,3,0.869257926940918,0.7043580412864685,0.7208480834960938,0.7208480834960938
real,MSVD,IhwPQL9dFYc_153_170.mp4,patch_only,,0.1,0.9,same_grid_second_order,,,,,bottomk_mean,0.4,3,3,0.8421672582626343,0.6849234104156494,0.7006478309631348,0.7006478309631348
real,MSVD,IhwPQL9dFYc_171_175.mp4,patch_only,,0.1,0.9,same_grid_second_order,,,,,bottomk_mean,0.4,3,3,0.6448763012886047,0.7096584439277649,0.703180193901062,0.703180193901062
real,MSVD,IhwPQL9dFYc_24_30.mp4,patch_only,,0.1,0.9,same_grid_second_order,,,,,bottomk_mean,0.4,3,3,0.8934040069580078,0.94758540391922,0.9421672821044922,0.9421672821044922
real,MSVD,IhwPQL9dFYc_50_59.mp4,patch_only,,0.1,0.9,same_grid_second_order,,,,,bottomk_mean,0.4,3,3,0.9899882078170776,0.9852768182754517,0.9857479333877563,0.9857479333877563
real,MSVD,IhwPQL9dFYc_61_75.mp4,patch_only,,0.1,0.9,same_grid_second_order,,,,,bottomk_mean,0.4,3,3,0.9982331991195679,0.9787985682487488,0.9807420372962952,0.9807420372962952
real,MSVD,IiIiY6o-C9k_49_55.mp4,patch_only,,0.1,0.9,same_grid_second_order,,,,,bottomk_mean,0.4,3,3,0.6631330847740173,0.5783274173736572,0.5868080258369446,0.5868080258369446
real,MSVD,IiIiY6o-C9k_59_64.mp4,patch_only,,0.1,0.9,same_grid_second_order,,,,,bottomk_mean,0.4,3,3,0.7673733830451965,0.5206124782562256,0.5452885627746582,0.5452885627746582
real,MSVD,IiTzJQE67FA_74_86.mp4,patch_only,,0.1,0.9,same_grid_second_order,,,,,bottomk_mean,0.4,3,3,0.8097761869430542,0.49175500869750977,0.5235571265220642,0.5235571265220642
real,MSVD,IpHJffM3G1c_439_446.mp4,patch_only,,0.1,0.9,same_grid_second_order,,,,,bottomk_mean,0.4,3,3,0.8563015460968018,0.8074204921722412,0.8123086094856262,0.8123086094856262
real,MSVD,IpHJffM3G1c_464_470.mp4,patch_only,,0.1,0.9,same_grid_second_order,,,,,bottomk_mean,0.4,3,3,0.768551230430603,0.8227326273918152,0.8173145055770874,0.8173145055770874
real,MSVD,ItFqogTmAvQ_240_246.mp4,patch_only,,0.1,0.9,same_grid_second_order,,,,,bottomk_mean,0.4,3,3,0.6366313099861145,0.4723203778266907,0.48875147104263306,0.48875147104263306
real,MSVD,ItFqogTmAvQ_361_365.mp4,patch_only,,0.1,0.9,same_grid_second_order,,,,,bottomk_mean,0.4,3,3,0.7279151678085327,0.18315665423870087,0.23763251304626465,0.23763251304626465
real,MSVD,ItFqogTmAvQ_389_395.mp4,patch_only,,0.1,0.9,same_grid_second_order,,,,,bottomk_mean,0.4,3,3,0.5789163708686829,0.13191990554332733,0.17661955952644348,0.17661955952644348
real,MSVD,ItFqogTmAvQ_48_52.mp4,patch_only,,0.1,0.9,same_grid_second_order,,,,,bottomk_mean,0.4,3,3,0.814487636089325,0.47997644543647766,0.5134275555610657,0.5134275555610657
real,MSVD,Ixw6wmoC_xg_116_126.mp4,patch_only,,0.1,0.9,same_grid_second_order,,,,,bottomk_mean,0.4,3,3,0.43698468804359436,0.7573615908622742,0.7253239154815674,0.7253239154815674
real,MSVD,Ixw6wmoC_xg_60_70.mp4,patch_only,,0.1,0.9,same_grid_second_order,,,,,bottomk_mean,0.4,3,3,0.7567726969718933,0.879858672618866,0.8675500750541687,0.8675500750541687
real,MSVD,J3_hkgu6MGc_43_52.mp4,patch_only,,0.1,0.9,same_grid_second_order,,,,,bottomk_mean,0.4,3,3,0.6513545513153076,0.1054181382060051,0.16001178324222565,0.16001178324222565
real,MSVD,J4otiwOjQy8_98_112.mp4,patch_only,,0.1,0.9,same_grid_second_order,,,,,bottomk_mean,0.4,3,3,0.6749116778373718,0.7167255878448486,0.7125441431999207,0.7125441431999207
real,MSVD,J7zb8YXrmIA_93_99.mp4,patch_only,,0.1,0.9,same_grid_second_order,,,,,bottomk_mean,0.4,3,3,0.22084805369377136,0.025323910638689995,0.044876325875520706,0.044876325875520706
real,MSVD,J8cP93yG1Ao_14_24.mp4,patch_only,,0.1,0.9,same_grid_second_order,,,,,bottomk_mean,0.4,3,3,0.3345111906528473,0.49823322892189026,0.48186102509498596,0.48186102509498596
real,MSVD,JAFGw0WRHHU_108_116.mp4,patch_only,,0.1,0.9,same_grid_second_order,,,,,bottomk_mean,0.4,3,3,0.7485277056694031,0.5123674869537354,0.5359835028648376,0.5359835028648376
real,MSVD,JIoiUNOXGaI_8_13.mp4,patch_only,,0.1,0.9,same_grid_second_order,,,,,bottomk_mean,0.4,3,3,0.5600706934928894,0.7261484265327454,0.7095406651496887,0.7095406651496887
real,MSVD,JK1R9k1WDpc_6_15.mp4,patch_only,,0.1,0.9,same_grid_second_order,,,,,bottomk_mean,0.4,3,3,0.5265017747879028,0.2173144817352295,0.24823321402072906,0.24823321402072906
real,MSVD,JXSkYkiKO0I_42_46.mp4,patch_only,,0.1,0.9,same_grid_second_order,,,,,bottomk_mean,0.4,3,3,0.528268575668335,0.6702002286911011,0.6560070514678955,0.6560070514678955
real,MSVD,JYNzY9jmsQQ_2_10.mp4,patch_only,,0.1,0.9,same_grid_second_order,,,,,bottomk_mean,0.4,3,3,0.13839811086654663,0.25559481978416443,0.2438751459121704,0.2438751459121704
real,MSVD,J_evFB7RIKA_104_120.mp4,patch_only,,0.1,0.9,same_grid_second_order,,,,,bottomk_mean,0.4,3,3,0.5412249565124512,0.9729093313217163,0.929740846157074,0.929740846157074
real,MSVD,Jag7oTemldY_12_25.mp4,patch_only,,0.1,0.9,same_grid_second_order,,,,,bottomk_mean,0.4,3,3,0.3892815113067627,0.40930506587028503,0.40730270743370056,0.40730270743370056
real,MSVD,Je3V7U5Ctj4_504_511.mp4,patch_only,,0.1,0.9,same_grid_second_order,,,,,bottomk_mean,0.4,3,3,0.8404004573822021,0.916961133480072,0.9093050360679626,0.9093050360679626
real,MSVD,Je3V7U5Ctj4_558_563.mp4,patch_only,,0.1,0.9,same_grid_second_order,,,,,bottomk_mean,0.4,3,3,0.753239095211029,0.8168433308601379,0.810482919216156,0.810482919216156
real,MSVD,Je3V7U5Ctj4_569_576.mp4,patch_only,,0.1,0.9,same_grid_second_order,,,,,bottomk_mean,0.4,3,3,0.6560659408569336,0.7544169425964355,0.7445818781852722,0.7445818781852722
real,MSVD,Je3V7U5Ctj4_582_587.mp4,patch_only,,0.1,0.9,same_grid_second_order,,,,,bottomk_mean,0.4,3,3,0.5912838578224182,0.8486454486846924,0.8229092955589294,0.8229092955589294
real,MSVD,Je3V7U5Ctj4_634_639.mp4,patch_only,,0.1,0.9,same_grid_second_order,,,,,bottomk_mean,0.4,3,3,0.6272084712982178,0.8003533482551575,0.783038854598999,0.783038854598999
real,MSVD,Je3V7U5Ctj4_760_765.mp4,patch_only,,0.1,0.9,same_grid_second_order,,,,,bottomk_mean,0.4,3,3,0.4228504002094269,0.3032979965209961,0.31525322794914246,0.31525322794914246
real,MSVD,Je3V7U5Ctj4_768_773.mp4,patch_only,,0.1,0.9,same_grid_second_order,,,,,bottomk_mean,0.4,3,3,0.5194346308708191,0.2644287347793579,0.2899293303489685,0.2899293303489685
real,MSVD,Je3V7U5Ctj4_956_961.mp4,patch_only,,0.1,0.9,same_grid_second_order,,,,,bottomk_mean,0.4,3,3,0.8297997713088989,0.7650176882743835,0.7714958786964417,0.7714958786964417
real,MSVD,Je3V7U5Ctj4_997_1004.mp4,patch_only,,0.1,0.9,same_grid_second_order,,,,,bottomk_mean,0.4,3,3,0.6431095600128174,0.630742073059082,0.6319788098335266,0.6319788098335266
real,MSVD,Jfu-WkuCgD0_140_150.mp4,patch_only,,0.1,0.9,same_grid_second_order,,,,,bottomk_mean,0.4,3,3,0.9399293065071106,0.8351001143455505,0.8455830216407776,0.8455830216407776
real,MSVD,JhCvLmf9yr0_46_50.mp4,patch_only,,0.1,0.9,same_grid_second_order,,,,,bottomk_mean,0.4,3,3,0.30388692021369934,0.8186101317405701,0.7671378254890442,0.7671378254890442
real,MSVD,Jj4uYHr65H8_28_35.mp4,patch_only,,0.1,0.9,same_grid_second_order,,,,,bottomk_mean,0.4,3,3,0.12485276907682419,0.09187278896570206,0.09517078846693039,0.09517078846693039
real,MSVD,JktNQQnLblQ_4_9.mp4,patch_only,,0.1,0.9,same_grid_second_order,,,,,bottomk_mean,0.4,3,3,0.349234402179718,0.5612485408782959,0.5400471091270447,0.5400471091270447
real,MSVD,JledeVyklPw_1_6.mp4,patch_only,,0.1,0.9,same_grid_second_order,,,,,bottomk_mean,0.4,3,3,0.6036513447761536,0.8197879791259766,0.7981743216514587,0.7981743216514587
real,MSVD,JnNe61UZsdM_42_51.mp4,patch_only,,0.1,0.9,same_grid_second_order,,,,,bottomk_mean,0.4,3,3,0.48351001739501953,0.5877503156661987,0.577326238155365,0.577326238155365
real,MSVD,JnNe61UZsdM_78_88.mp4,patch_only,,0.1,0.9,same_grid_second_order,,,,,bottomk_mean,0.4,3,3,0.32862189412117004,0.6690223813056946,0.6349823474884033,0.6349823474884033
real,MSVD,JntMAcTlOF0_50_70.mp4,patch_only,,0.1,0.9,same_grid_second_order,,,,,bottomk_mean,0.4,3,3,0.9281507730484009,0.6030624508857727,0.6355712413787842,0.6355712413787842
real,MSVD,JpjAgSvr42k_0_12.mp4,patch_only,,0.1,0.9,same_grid_second_order,,,,,bottomk_mean,0.4,3,3,0.28032979369163513,0.6790341734886169,0.6391637325286865,0.6391637325286865
real,MSVD,JsD6uEZsIsU_1_47.mp4,patch_only,,0.1,0.9,same_grid_second_order,,,,,bottomk_mean,0.4,3,3,0.812131941318512,0.09128386527299881,0.16336867213249207,0.16336867213249207
real,MSVD,JsD6uEZsIsU_45_58.mp4,patch_only,,0.1,0.9,same_grid_second_order,,,,,bottomk_mean,0.4,3,3,0.8215547800064087,0.19611307978630066,0.2586572468280792,0.2586572468280792
real,MSVD,JsmHZlUgf1w_0_21.mp4,patch_only,,0.1,0.9,same_grid_second_order,,,,,bottomk_mean,0.4,3,3,0.16077739000320435,0.3474676012992859,0.3287985920906067,0.3287985920906067
real,MSVD,Jxw16bqzVqE_18_28.mp4,patch_only,,0.1,0.9,same_grid_second_order,,,,,bottomk_mean,0.4,3,3,0.4593639671802521,0.14428739249706268,0.1757950484752655,0.1757950484752655
real,MSVD,K-KVz3eqbnA_1_10.mp4,patch_only,,0.1,0.9,same_grid_second_order,,,,,bottomk_mean,0.4,3,3,0.40812721848487854,0.5441696047782898,0.5305653810501099,0.5305653810501099
real,MSVD,K-czl524zxk_6_15.mp4,patch_only,,0.1,0.9,same_grid_second_order,,,,,bottomk_mean,0.4,3,3,0.3775029480457306,0.3904593586921692,0.3891637325286865,0.3891637325286865
real,MSVD,K1ZM0LSLVw8_481_487.mp4,patch_only,,0.1,0.9,same_grid_second_order,,,,,bottomk_mean,0.4,3,3,0.8992933034896851,0.9970553517341614,0.9872791767120361,0.9872791767120361
real,MSVD,K1ZM0LSLVw8_488_494.mp4,patch_only,,0.1,0.9,same_grid_second_order,,,,,bottomk_mean,0.4,3,3,0.9375736117362976,0.9740871787071228,0.9704357981681824,0.9704357981681824
real,MSVD,K2LxyytY3Dw_104_112.mp4,patch_only,,0.1,0.9,same_grid_second_order,,,,,bottomk_mean,0.4,3,3,0.5070671439170837,0.5376914143562317,0.5346289873123169,0.5346289873123169
real,MSVD,K6xy6C-Hsa0_2_28.mp4,patch_only,,0.1,0.9,same_grid_second_order,,,,,bottomk_mean,0.4,3,3,0.9428739547729492,0.9876325130462646,0.983156681060791,0.983156681060791
real,MSVD,KFt5Zz5Mwlo_12_30.mp4,patch_only,,0.1,0.9,same_grid_second_order,,,,,bottomk_mean,0.4,3,3,0.3162544071674347,0.4193168580532074,0.4090105891227722,0.4090105891227722
real,MSVD,KIEWo_xJ5nU_0_7.mp4,patch_only,,0.1,0.9,same_grid_second_order,,,,,bottomk_mean,0.4,3,3,0.23203769326210022,0.22850412130355835,0.22885747253894806,0.22885747253894806
real,MSVD,KPPCwmU5OHQ_227_238.mp4,patch_only,,0.1,0.9,same_grid_second_order,,,,,bottomk_mean,0.4,3,3,0.9487632513046265,0.8922261595726013,0.8978798389434814,0.8978798389434814
real,MSVD,KPPCwmU5OHQ_258_266.mp4,patch_only,,0.1,0.9,same_grid_second_order,,,,,bottomk_mean,0.4,3,3,0.9093050360679626,0.7720848321914673,0.7858068346977234,0.7858068346977234
real,MSVD,KPPCwmU5OHQ_424_430.mp4,patch_only,,0.1,0.9,same_grid_second_order,,,,,bottomk_mean,0.4,3,3,0.9240282773971558,0.7561837434768677,0.7729681730270386,0.7729681730270386
real,MSVD,KPPCwmU5OHQ_467_472.mp4,patch_only,,0.1,0.9,same_grid_second_order,,,,,bottomk_mean,0.4,3,3,0.9458186030387878,0.7785630226135254,0.7952885627746582,0.7952885627746582
real,MSVD,KPPCwmU5OHQ_480_486.mp4,patch_only,,0.1,0.9,same_grid_second_order,,,,,bottomk_mean,0.4,3,3,0.9558303952217102,0.6336866617202759,0.6659010648727417,0.6659010648727417
real,MSVD,KPPCwmU5OHQ_56_62.mp4,patch_only,,0.1,0.9,same_grid_second_order,,,,,bottomk_mean,0.4,3,3,0.6219081282615662,0.8957597017288208,0.8683745861053467,0.8683745861053467
real,MSVD,KUc1cWKXjDc_20_30.mp4,patch_only,,0.1,0.9,same_grid_second_order,,,,,bottomk_mean,0.4,3,3,0.06537102162837982,0.15312132239341736,0.14434629678726196,0.14434629678726196
real,MSVD,KeSQ5Rv7eH8_73_79.mp4,patch_only,,0.1,0.9,same_grid_second_order,,,,,bottomk_mean,0.4,3,3,0.7608951926231384,0.8256772756576538,0.8191990852355957,0.8191990852355957
real,MSVD,Kf8oZGHDTt4_4_13.mp4,patch_only,,0.1,0.9,same_grid_second_order,,,,,bottomk_mean,0.4,3,3,0.1537102460861206,0.7131919860839844,0.6572437882423401,0.6572437882423401
real,MSVD,Kms3EXosNS0_8_17.mp4,patch_only,,0.1,0.9,same_grid_second_order,,,,,bottomk_mean,0.4,3,3,0.7932862043380737,0.6619552373886108,0.6750883460044861,0.6750883460044861
real,MSVD,KpmVL4ANieA_0_9.mp4,patch_only,,0.1,0.9,same_grid_second_order,,,,,bottomk_mean,0.4,3,3,0.6548880934715271,0.8445229530334473,0.8255594968795776,0.8255594968795776
real,MSVD,KqKUXRHHkCc_101_105.mp4,patch_only,,0.1,0.9,same_grid_second_order,,,,,bottomk_mean,0.4,3,3,0.6360424160957336,0.1978798657655716,0.24169611930847168,0.24169611930847168
real,MSVD,Kqb-mmkEWqU_1_5.mp4,patch_only,,0.1,0.9,same_grid_second_order,,,,,bottomk_mean,0.4,3,3,0.3374558389186859,0.30035334825515747,0.304063618183136,0.304063618183136
real,MSVD,KrBeBabazDU_15_20.mp4,patch_only,,0.1,0.9,same_grid_second_order,,,,,bottomk_mean,0.4,3,3,0.42226147651672363,0.32214370369911194,0.3321554660797119,0.3321554660797119
real,MSVD,Kxa0mnDj0bs_113_124.mp4,patch_only,,0.1,0.9,same_grid_second_order,,,,,bottomk_mean,0.4,3,3,0.73380446434021,0.416961133480072,0.4486454725265503,0.4486454725265503
real,MSVD,Kxa0mnDj0bs_15_20.mp4,patch_only,,0.1,0.9,same_grid_second_order,,,,,bottomk_mean,0.4,3,3,0.4299175441265106,0.5918728113174438,0.5756772756576538,0.5756772756576538
real,MSVD,L6dEUQ6WiHY_136_142.mp4,patch_only,,0.1,0.9,same_grid_second_order,,,,,bottomk_mean,0.4,3,3,0.570082426071167,0.30153122544288635,0.3283863365650177,0.3283863365650177
real,MSVD,L6dEUQ6WiHY_171_186.mp4,patch_only,,0.1,0.9,same_grid_second_order,,,,,bottomk_mean,0.4,3,3,0.2697291076183319,0.426972895860672,0.4112485349178314,0.4112485349178314
real,MSVD,L8h2DazQZJY_0_10.mp4,patch_only,,0.1,0.9,same_grid_second_order,,,,,bottomk_mean,0.4,3,3,0.5594817399978638,0.351590096950531,0.37237927317619324,0.37237927317619324
real,MSVD,L9wD3kw-8FE_65_73.mp4,patch_only,,0.1,0.9,same_grid_second_order,,,,,bottomk_mean,0.4,3,3,0.37043580412864685,0.5795053243637085,0.5585983395576477,0.5585983395576477
real,MSVD,LEz0puaKNTk_38_48.mp4,patch_only,,0.1,0.9,same_grid_second_order,,,,,bottomk_mean,0.4,3,3,0.38751471042633057,0.08716136962175369,0.1171967014670372,0.1171967014670372
real,MSVD,LF51fban_x4_300_325.mp4,patch_only,,0.1,0.9,same_grid_second_order,,,,,bottomk_mean,0.4,3,3,0.02120141312479973,0.01413427572697401,0.014840989373624325,0.014840989373624325
real,MSVD,LLkehH86ABY_30_36.mp4,patch_only,,0.1,0.9,same_grid_second_order,,,,,bottomk_mean,0.4,3,3,0.41224971413612366,0.3085983395576477,0.31896349787712097,0.31896349787712097
real,MSVD,LQ-jv8g1YVI_1_6.mp4,patch_only,,0.1,0.9,same_grid_second_order,,,,,bottomk_mean,0.4,3,3,0.5400471091270447,0.6189634799957275,0.6110718250274658,0.6110718250274658
real,MSVD,LSuVRWPoHr0_0_37.mp4,patch_only,,0.1,0.9,same_grid_second_order,,,,,bottomk_mean,0.4,3,3,0.9882214665412903,0.9381625652313232,0.9431684613227844,0.9431684613227844
real,MSVD,LYSPQqUvNO0_43_57.mp4,patch_only,,0.1,0.9,same_grid_second_order,,,,,bottomk_mean,0.4,3,3,0.30035334825515747,0.4181389808654785,0.4063604176044464,0.4063604176044464
real,MSVD,LacBy2NT3YQ_12_17.mp4,patch_only,,0.1,0.9,same_grid_second_order,,,,,bottomk_mean,0.4,3,3,0.12603062391281128,0.03356890380382538,0.04281507804989815,0.04281507804989815
real,MSVD,Li3umATsU0E_1_5.mp4,patch_only,,0.1,0.9,same_grid_second_order,,,,,bottomk_mean,0.4,3,3,0.004711425397545099,0.03180212154984474,0.029093051329255104,0.029093051329255104
real,MSVD,LjimLwAhAOQ_5_15.mp4,patch_only,,0.1,0.9,same_grid_second_order,,,,,bottomk_mean,0.4,3,3,0.6996466517448425,0.6696113348007202,0.6726148128509521,0.6726148128509521
real,MSVD,LqPIBHAmt4E_22_30.mp4,patch_only,,0.1,0.9,same_grid_second_order,,,,,bottomk_mean,0.4,3,3,0.6042402982711792,0.6101295351982117,0.6095406413078308,0.6095406413078308
real,MSVD,Lr8ds5iY5uk_8_15.mp4,patch_only,,0.1,0.9,same_grid_second_order,,,,,bottomk_mean,0.4,3,3,0.23674911260604858,0.048881035298109055,0.06766784191131592,0.06766784191131592
real,MSVD,Lt1JijkvSKk_0_10.mp4,patch_only,,0.1,0.9,same_grid_second_order,,,,,bottomk_mean,0.4,3,3,0.1601884514093399,0.27797409892082214,0.26619553565979004,0.26619553565979004
real,MSVD,LuQ0KiMMhoI_49_64.mp4,patch_only,,0.1,0.9,same_grid_second_order,,,,,bottomk_mean,0.4,3,3,0.41872790455818176,0.31978797912597656,0.32968199253082275,0.32968199253082275
real,MSVD,Lw0eGsYxElA_11_14.mp4,patch_only,,0.1,0.9,same_grid_second_order,,,,,bottomk_mean,0.4,3,3,0.27620729804039,0.7061248421669006,0.6631330847740173,0.6631330847740173
real,MSVD,LwicaralvS0_90_104.mp4,patch_only,,0.1,0.9,same_grid_second_order,,,,,bottomk_mean,0.4,3,3,0.2691401541233063,0.2043580710887909,0.2108362764120102,0.2108362764120102
real,MSVD,LwvyrDxM2G0_0_11.mp4,patch_only,,0.1,0.9,same_grid_second_order,,,,,bottomk_mean,0.4,3,3,0.39399293065071106,0.4481743276119232,0.44275617599487305,0.44275617599487305
real,MSVD,Ly5D0z9gKtc_15_20.mp4,patch_only,,0.1,0.9,same_grid_second_order,,,,,bottomk_mean,0.4,3,3,0.7078916430473328,0.7485277056694031,0.744464099407196,0.744464099407196
real,MSVD,LyYJiKxHZz0_0_10.mp4,patch_only,,0.1,0.9,same_grid_second_order,,,,,bottomk_mean,0.4,3,3,0.22614841163158417,0.1967020034790039,0.19964663684368134,0.19964663684368134
real,MSVD,Lyp7MiaCXNE_114_120.mp4,patch_only,,0.1,0.9,same_grid_second_order,,,,,bottomk_mean,0.4,3,3,0.78621906042099,0.02473498322069645,0.10088339447975159,0.10088339447975159
real,MSVD,M4It3DrhbE0_13_22.mp4,patch_only,,0.1,0.9,same_grid_second_order,,,,,bottomk_mean,0.4,3,3,0.23498232662677765,0.7155476808547974,0.6674911379814148,0.6674911379814148
real,MSVD,MF88IYF2MHY_25_59.mp4,patch_only,,0.1,0.9,same_grid_second_order,,,,,bottomk_mean,0.4,3,3,0.4334511160850525,0.7538280487060547,0.7217903137207031,0.7217903137207031
real,MSVD,MHWxjWwAbwM_10_25.mp4,patch_only,,0.1,0.9,same_grid_second_order,,,,,bottomk_mean,0.4,3,3,0.2408716082572937,0.07656066119670868,0.09299175441265106,0.09299175441265106
real,MSVD,MICawzo1MqI_3_13.mp4,patch_only,,0.1,0.9,same_grid_second_order,,,,,bottomk_mean,0.4,3,3,0.4988221526145935,0.6042402982711792,0.5936984419822693,0.5936984419822693
real,MSVD,MJNStEgDKXU_3_10.mp4,patch_only,,0.1,0.9,same_grid_second_order,,,,,bottomk_mean,0.4,3,3,0.171967014670372,0.20259128510951996,0.19952885806560516,0.19952885806560516
real,MSVD,MJoxGpEswOI_9_16.mp4,patch_only,,0.1,0.9,same_grid_second_order,,,,,bottomk_mean,0.4,3,3,0.5588927865028381,0.5694935321807861,0.5684334635734558,0.5684334635734558
real,MSVD,MMnnqzOoMF0_68_72.mp4,patch_only,,0.1,0.9,same_grid_second_order,,,,,bottomk_mean,0.4,3,3,0.8274440765380859,0.6908127069473267,0.7044758796691895,0.7044758796691895
real,MSVD,MPuKVz3sjBA_1_12.mp4,patch_only,,0.1,0.9,same_grid_second_order,,,,,bottomk_mean,0.4,3,3,0.5518257021903992,0.6036513447761536,0.5984687805175781,0.5984687805175781
real,MSVD,MSrJTeKNzdI_32_36.mp4,patch_only,,0.1,0.9,same_grid_second_order,,,,,bottomk_mean,0.4,3,3,0.4581860899925232,0.39399293065071106,0.40041226148605347,0.40041226148605347
real,MSVD,MTjrZthHwJQ_2_11.mp4,patch_only,,0.1,0.9,same_grid_second_order,,,,,bottomk_mean,0.4,3,3,0.502355694770813,0.39634865522384644,0.40694934129714966,0.40694934129714966
real,MSVD,MTkGPfMRXtc_5_21.mp4,patch_only,,0.1,0.9,same_grid_second_order,,,,,bottomk_mean,0.4,3,3,0.47055360674858093,0.3945818543434143,0.4021790325641632,0.4021790325641632
real,MSVD,MW21lp833Vo_143_149.mp4,patch_only,,0.1,0.9,same_grid_second_order,,,,,bottomk_mean,0.4,3,3,0.26266196370124817,0.5294464230537415,0.5027679800987244,0.5027679800987244
real,MSVD,MW21lp833Vo_8_16.mp4,patch_only,,0.1,0.9,same_grid_second_order,,,,,bottomk_mean,0.4,3,3,0.179623082280159,0.5241460800170898,0.4896937608718872,0.4896937608718872
real,MSVD,MWvCcwTw7Ac_154_181.mp4,patch_only,,0.1,0.9,same_grid_second_order,,,,,bottomk_mean,0.4,3,3,0.07538280636072159,0.20612485706806183,0.19305065274238586,0.19305065274238586
real,MSVD,MWvCcwTw7Ac_78_86.mp4,patch_only,,0.1,0.9,same_grid_second_order,,,,,bottomk_mean,0.4,3,3,0.21319198608398438,0.5400471091270447,0.5073615908622742,0.5073615908622742
real,MSVD,MWzeInQaUk4_12_20.mp4,patch_only,,0.1,0.9,same_grid_second_order,,,,,bottomk_mean,0.4,3,3,0.565371036529541,0.37573614716529846,0.3946996331214905,0.3946996331214905
real,MSVD,MY-rGamtAJc_6_22.mp4,patch_only,,0.1,0.9,same_grid_second_order,,,,,bottomk_mean,0.4,3,3,0.5930506587028503,0.43404003977775574,0.44994109869003296,0.44994109869003296
real,MSVD,MoqC84sXu88_47_59.mp4,patch_only,,0.1,0.9,same_grid_second_order,,,,,bottomk_mean,0.4,3,3,0.25736159086227417,0.16372202336788177,0.1730859875679016,0.1730859875679016
real,MSVD,MqS82kBtUHQ_0_12.mp4,patch_only,,0.1,0.9,same_grid_second_order,,,,,bottomk_mean,0.4,3,3,0.29210835695266724,0.43816253542900085,0.4235571324825287,0.4235571324825287
real,MSVD,MrMG15y3rWU_5_13.mp4,patch_only,,0.1,0.9,same_grid_second_order,,,,,bottomk_mean,0.4,3,3,0.18786807358264923,0.512956440448761,0.48044759035110474,0.48044759035110474
real,MSVD,MrQd1zUVRUM_103_110.mp4,patch_only,,0.1,0.9,same_grid_second_order,,,,,bottomk_mean,0.4,3,3,0.4752650260925293,0.2485276758670807,0.27120140194892883,0.27120140194892883
real,MSVD,Ms3QdGIzltU_10_20.mp4,patch_only,,0.1,0.9,same_grid_second_order,,,,,bottomk_mean,0.4,3,3,0.1236749142408371,0.23792697489261627,0.22650176286697388,0.22650176286697388
real,MSVD,Ms3QdGIzltU_1_16.mp4,patch_only,,0.1,0.9,same_grid_second_order,,,,,bottomk_mean,0.4,3,3,0.18904593586921692,0.4128386378288269,0.3904593586921692,0.3904593586921692
real,MSVD,Mutb8BHFvzk_15_20.mp4,patch_only,,0.1,0.9,same_grid_second_order,,,,,bottomk_mean,0.4,3,3,0.20906949043273926,0.18963485956192017,0.19157832860946655,0.19157832860946655
real,MSVD,MwOEK-KXSPc_1_10.mp4,patch_only,,0.1,0.9,same_grid_second_order,,,,,bottomk_mean,0.4,3,3,0.06713780760765076,0.36277973651885986,0.33321553468704224,0.33321553468704224
real,MSVD,N2Cm0SLr0ZE_18_29.mp4,patch_only,,0.1,0.9,same_grid_second_order,,,,,bottomk_mean,0.4,3,3,0.746760904788971,0.2550058960914612,0.30418139696121216,0.30418139696121216
real,MSVD,N3A7944_UJw_63_70.mp4,patch_only,,0.1,0.9,same_grid_second_order,,,,,bottomk_mean,0.4,3,3,0.5636042356491089,0.5871613621711731,0.5848056674003601,0.5848056674003601
real,MSVD,N6SglZopfmk_97_111.mp4,patch_only,,0.1,0.9,same_grid_second_order,,,,,bottomk_mean,0.4,3,3,0.38457009196281433,0.6401649117469788,0.6146054267883301,0.6146054267883301
real,MSVD,NKtfKR4GNjU_0_20.mp4,patch_only,,0.1,0.9,same_grid_second_order,,,,,bottomk_mean,0.4,3,3,0.16313309967517853,0.13780918717384338,0.14034157991409302,0.14034157991409302
real,MSVD,NMlKMfiHSho_1_15.mp4,patch_only,,0.1,0.9,same_grid_second_order,,,,,bottomk_mean,0.4,3,3,0.47997644543647766,0.5777385234832764,0.5679622888565063,0.5679622888565063
real,MSVD,NNYLo1OeZ-Q_48_54.mp4,patch_only,,0.1,0.9,same_grid_second_order,,,,,bottomk_mean,0.4,3,3,0.18786807358264923,0.9310954213142395,0.8567726612091064,0.8567726612091064
real,MSVD,NUYu9c9XsgY_7_21.mp4,patch_only,,0.1,0.9,same_grid_second_order,,,,,bottomk_mean,0.4,3,3,0.053592462092638016,0.1054181382060051,0.10023557394742966,0.10023557394742966
real,MSVD,NV6pq1W-I4g_7_16.mp4,patch_only,,0.1,0.9,same_grid_second_order,,,,,bottomk_mean,0.4,3,3,0.8080094456672668,0.6442874073982239,0.6606596112251282,0.6606596112251282
real,MSVD,NVGGgncVq-4_111_117.mp4,patch_only,,0.1,0.9,same_grid_second_order,,,,,bottomk_mean,0.4,3,3,0.3374558389186859,0.2096584290266037,0.22243815660476685,0.22243815660476685
real,MSVD,NVGGgncVq-4_12_20.mp4,patch_only,,0.1,0.9,same_grid_second_order,,,,,bottomk_mean,0.4,3,3,0.4098939895629883,0.26619553565979004,0.28056538105010986,0.28056538105010986
real,MSVD,NZWiKMZS_k8_39_48.mp4,patch_only,,0.1,0.9,same_grid_second_order,,,,,bottomk_mean,0.4,3,3,0.5406360626220703,0.3686690330505371,0.385865718126297,0.385865718126297
real,MSVD,NaX51emUDn4_0_20.mp4,patch_only,,0.1,0.9,same_grid_second_order,,,,,bottomk_mean,0.4,3,3,0.21260306239128113,0.5170789361000061,0.4866313338279724,0.4866313338279724
real,MSVD,NbOlG7THecM_25_34.mp4,patch_only,,0.1,0.9,same_grid_second_order,,,,,bottomk_mean,0.4,3,3,0.7173144817352295,0.47349822521209717,0.49787986278533936,0.49787986278533936
real,MSVD,Nd45qJn61Dw_0_10.mp4,patch_only,,0.1,0.9,same_grid_second_order,,,,,bottomk_mean,0.4,3,3,0.5029446482658386,0.45877504348754883,0.4631919860839844,0.4631919860839844
real,MSVD,Ne87egvJnWo_0_3.mp4,patch_only,,0.1,0.9,same_grid_second_order,,,,,bottomk_mean,0.4,3,3,0.5005889534950256,0.24263839423656464,0.26843345165252686,0.26843345165252686
real,MSVD,NjCqtzZ3OtU_62_67.mp4,patch_only,,0.1,0.9,same_grid_second_order,,,,,bottomk_mean,0.4,3,3,0.8786808252334595,0.5889281630516052,0.6179034113883972,0.6179034113883972
real,MSVD,NjblUomxFQo_100_108.mp4,patch_only,,0.1,0.9,same_grid_second_order,,,,,bottomk_mean,0.4,3,3,0.6436984539031982,0.6436984539031982,0.6436984539031982,0.6436984539031982
real,MSVD,NoCgvH4xZHo_240_251.mp4,patch_only,,0.1,0.9,same_grid_second_order,,,,,bottomk_mean,0.4,3,3,0.4281507730484009,0.4034157693386078,0.40588927268981934,0.40588927268981934
real,MSVD,NoCgvH4xZHo_56_63.mp4,patch_only,,0.1,0.9,same_grid_second_order,,,,,bottomk_mean,0.4,3,3,0.6796230673789978,0.5435807108879089,0.5571849346160889,0.5571849346160889
real,MSVD,NoCgvH4xZHo_68_74.mp4,patch_only,,0.1,0.9,same_grid_second_order,,,,,bottomk_mean,0.4,3,3,0.44464075565338135,0.43816253542900085,0.4388103783130646,0.4388103783130646
real,MSVD,O06WXS_XZN0_0_6.mp4,patch_only,,0.1,0.9,same_grid_second_order,,,,,bottomk_mean,0.4,3,3,0.3203769028186798,0.7379269599914551,0.6961719393730164,0.6961719393730164
real,MSVD,O2qiPS2NCeY_2_18.mp4,patch_only,,0.1,0.9,same_grid_second_order,,,,,bottomk_mean,0.4,3,3,0.053592462092638016,0.349234402179718,0.3196702003479004,0.3196702003479004
real,MSVD,O9cOSO9L8Zs_1_16.mp4,patch_only,,0.1,0.9,same_grid_second_order,,,,,bottomk_mean,0.4,3,3,0.547703206539154,0.18727914988994598,0.2233215570449829,0.2233215570449829
real,MSVD,O9yLRzpPp44_36_55.mp4,patch_only,,0.1,0.9,same_grid_second_order,,,,,bottomk_mean,0.4,3,3,0.372202605009079,0.5859835147857666,0.5646054148674011,0.5646054148674011
real,MSVD,OBLIjdMIIt8_54_61.mp4,patch_only,,0.1,0.9,same_grid_second_order,,,,,bottomk_mean,0.4,3,3,0.06537102162837982,0.07773851603269577,0.07650176435709,0.07650176435709
real,MSVD,OCcy9TDRGKo_118_127.mp4,patch_only,,0.1,0.9,same_grid_second_order,,,,,bottomk_mean,0.4,3,3,0.2732626497745514,0.021790342405438423,0.046937573701143265,0.046937573701143265
real,MSVD,OE6H_M52Sng_89_97.mp4,patch_only,,0.1,0.9,same_grid_second_order,,,,,bottomk_mean,0.4,3,3,0.6955241560935974,0.8380447626113892,0.8237926959991455,0.8237926959991455
real,MSVD,OIg10Bl7urs_0_10.mp4,patch_only,,0.1,0.9,same_grid_second_order,,,,,bottomk_mean,0.4,3,3,0.01295641902834177,0.09776207059621811,0.08928150683641434,0.08928150683641434
real,MSVD,OIjsSu_I4So_6_10.mp4,patch_only,,0.1,0.9,same_grid_second_order,,,,,bottomk_mean,0.4,3,3,0.530624270439148,0.11660777032375336,0.15800942480564117,0.15800942480564117
real,MSVD,OKBLPpAPp9c_2_17.mp4,patch_only,,0.1,0.9,same_grid_second_order,,,,,bottomk_mean,0.4,3,3,0.7703180313110352,0.4481743276119232,0.48038870096206665,0.48038870096206665
real,MSVD,OO-5-eVEKPA_25_31.mp4,patch_only,,0.1,0.9,same_grid_second_order,,,,,bottomk_mean,0.4,3,3,0.34982332587242126,0.036513544619083405,0.06784452497959137,0.06784452497959137
real,MSVD,OUII8_aOfNM_26_55.mp4,patch_only,,0.1,0.9,same_grid_second_order,,,,,bottomk_mean,0.4,3,3,0.9723203778266907,0.9428739547729492,0.9458186030387878,0.9458186030387878
real,MSVD,OUII8_aOfNM_60_69.mp4,patch_only,,0.1,0.9,same_grid_second_order,,,,,bottomk_mean,0.4,3,3,0.9776207208633423,0.9493522047996521,0.9521790146827698,0.9521790146827698
real,MSVD,OVEe1DMsOq0_43_52.mp4,patch_only,,0.1,0.9,same_grid_second_order,,,,,bottomk_mean,0.4,3,3,0.42520612478256226,0.5753828287124634,0.5603651404380798,0.5603651404380798
real,MSVD,O_NWtDShLeg_21_25.mp4,patch_only,,0.1,0.9,same_grid_second_order,,,,,bottomk_mean,0.4,3,3,0.07126030325889587,0.37926971912384033,0.3484687805175781,0.3484687805175781
real,MSVD,O_Pst-uryQI_1_14.mp4,patch_only,,0.1,0.9,same_grid_second_order,,,,,bottomk_mean,0.4,3,3,0.687868058681488,0.4558303952217102,0.4790341556072235,0.4790341556072235
real,MSVD,OaBmAg6gz30_4_18.mp4,patch_only,,0.1,0.9,same_grid_second_order,,,,,bottomk_mean,0.4,3,3,0.7608951926231384,0.9316843152046204,0.914605438709259,0.914605438709259
real,MSVD,ObBss94n3gI_35_46.mp4,patch_only,,0.1,0.9,same_grid_second_order,,,,,bottomk_mean,0.4,3,3,0.929917573928833,0.7267373204231262,0.7470553517341614,0.7470553517341614
real,MSVD,Okg8QYhdtvU_48_53.mp4,patch_only,,0.1,0.9,same_grid_second_order,,,,,bottomk_mean,0.4,3,3,0.5259128212928772,0.934628963470459,0.8937573432922363,0.8937573432922363
real,MSVD,Okg8QYhdtvU_73_92.mp4,patch_only,,0.1,0.9,same_grid_second_order,,,,,bottomk_mean,0.4,3,3,0.7202591300010681,0.8233215808868408,0.813015341758728,0.813015341758728
real,MSVD,Ow_o78zjo14_42_57.mp4,patch_only,,0.1,0.9,same_grid_second_order,,,,,bottomk_mean,0.4,3,3,0.10836277902126312,0.550058901309967,0.5058892965316772,0.5058892965316772
real,MSVD,OxL9z2BzBnk_0_19.mp4,patch_only,,0.1,0.9,same_grid_second_order,,,,,bottomk_mean,0.4,3,3,0.29505300521850586,0.5989399552345276,0.568551242351532,0.568551242351532
real,MSVD,P2WM91LENgk_40_50.mp4,patch_only,,0.1,0.9,same_grid_second_order,,,,,bottomk_mean,0.4,3,3,0.763839840888977,0.5047114491462708,0.530624270439148,0.530624270439148
real,MSVD,P4IjNV3lZkQ_136_144.mp4,patch_only,,0.1,0.9,same_grid_second_order,,,,,bottomk_mean,0.4,3,3,0.5824499130249023,0.434628963470459,0.4494110643863678,0.4494110643863678
real,MSVD,P6eo3LULuuc_1_11.mp4,patch_only,,0.1,0.9,same_grid_second_order,,,,,bottomk_mean,0.4,3,3,0.1054181382060051,0.017078915610909462,0.02591283805668354,0.02591283805668354
real,MSVD,PAN5IVvMlVc_17_23.mp4,patch_only,,0.1,0.9,same_grid_second_order,,,,,bottomk_mean,0.4,3,3,0.4805653691291809,0.6366313099861145,0.6210247278213501,0.6210247278213501
real,MSVD,PAm82v0AMFc_5_10.mp4,patch_only,,0.1,0.9,same_grid_second_order,,,,,bottomk_mean,0.4,3,3,0.055948175489902496,0.7508834004402161,0.6813898682594299,0.6813898682594299
real,MSVD,PBHZtoygOYg_450_465.mp4,patch_only,,0.1,0.9,same_grid_second_order,,,,,bottomk_mean,0.4,3,3,0.7349823117256165,0.13957597315311432,0.19911660254001617,0.19911660254001617
real,MSVD,PCXHuseKwDc_17_20.mp4,patch_only,,0.1,0.9,same_grid_second_order,,,,,bottomk_mean,0.4,3,3,0.03474676236510277,0.02944640815258026,0.029976442456245422,0.029976442456245422
real,MSVD,PCXHuseKwDc_68_76.mp4,patch_only,,0.1,0.9,same_grid_second_order,,,,,bottomk_mean,0.4,3,3,0.6342756152153015,0.6413427591323853,0.6406360268592834,0.6406360268592834
real,MSVD,PD6eQY7yCfw_32_37.mp4,patch_only,,0.1,0.9,same_grid_second_order,,,,,bottomk_mean,0.4,3,3,0.42402827739715576,0.3044758439064026,0.31643110513687134,0.31643110513687134
real,MSVD,PECk9A-07Pw_1_9.mp4,patch_only,,0.1,0.9,same_grid_second_order,,,,,bottomk_mean,0.4,3,3,0.4151943325996399,0.502355694770813,0.49363958835601807,0.49363958835601807
real,MSVD,PHDmVhShE80_20_29.mp4,patch_only,,0.1,0.9,same_grid_second_order,,,,,bottomk_mean,0.4,3,3,0.5736160278320312,0.8786808252334595,0.8481743335723877,0.8481743335723877
real,MSVD,PHDmVhShE80_36_46.mp4,patch_only,,0.1,0.9,same_grid_second_order,,,,,bottomk_mean,0.4,3,3,0.9705535769462585,0.8286219239234924,0.842815101146698,0.842815101146698
real,MSVD,PHDmVhShE80_82_86.mp4,patch_only,,0.1,0.9,same_grid_second_order,,,,,bottomk_mean,0.4,3,3,0.936984658241272,0.9676089286804199,0.9645465016365051,0.9645465016365051
real,MSVD,PJnJMp2ZpbA_3_15.mp4,patch_only,,0.1,0.9,same_grid_second_order,,,,,bottomk_mean,0.4,3,3,0.5730270743370056,0.29505300521850586,0.32285040616989136,0.32285040616989136
real,MSVD,POv7JaE3vJ8_40_50.mp4,patch_only,,0.1,0.9,same_grid_second_order,,,,,bottomk_mean,0.4,3,3,0.30506476759910583,0.635453462600708,0.602414608001709,0.602414608001709
real,MSVD,PTxHJMM6hHE_0_15.mp4,patch_only,,0.1,0.9,same_grid_second_order,,,,,bottomk_mean,0.4,3,3,0.09363957494497299,0.37043580412864685,0.3427561819553375,0.3427561819553375
real,MSVD,PeUHy0A1GF0_105_112.mp4,patch_only,,0.1,0.9,same_grid_second_order,,,,,bottomk_mean,0.4,3,3,0.6749116778373718,0.8527679443359375,0.8349823355674744,0.8349823355674744
real,MSVD,PeUHy0A1GF0_114_121.mp4,patch_only,,0.1,0.9,same_grid_second_order,,,,,bottomk_mean,0.4,3,3,0.3227326273918152,0.7073026895523071,0.6688457131385803,0.6688457131385803
real,MSVD,PeUHy0A1GF0_28_32.mp4,patch_only,,0.1,0.9,same_grid_second_order,,,,,bottomk_mean,0.4,3,3,0.9782096743583679,0.9793875217437744,0.9792697429656982,0.9792697429656982
real,MSVD,PeUHy0A1GF0_51_55.mp4,patch_only,,0.1,0.9,same_grid_second_order,,,,,bottomk_mean,0.4,3,3,0.851590096950531,0.9252061247825623,0.9178445339202881,0.9178445339202881
real,MSVD,PeUHy0A1GF0_62_66.mp4,patch_only,,0.1,0.9,same_grid_second_order,,,,,bottomk_mean,0.4,3,3,0.9764428734779358,0.9269729256629944,0.9319199323654175,0.9319199323654175
real,MSVD,PeUHy0A1GF0_68_73.mp4,patch_only,,0.1,0.9,same_grid_second_order,,,,,bottomk_mean,0.4,3,3,0.781507670879364,0.8062426447868347,0.8037691116333008,0.8037691116333008
real,MSVD,PeUHy0A1GF0_74_77.mp4,patch_only,,0.1,0.9,same_grid_second_order,,,,,bottomk_mean,0.4,3,3,0.2797408699989319,0.8674911856651306,0.8087161183357239,0.8087161183357239
real,MSVD,PeUHy0A1GF0_78_85.mp4,patch_only,,0.1,0.9,same_grid_second_order,,,,,bottomk_mean,0.4,3,3,0.7873969078063965,0.9034157991409302,0.8918138742446899,0.8918138742446899
real,MSVD,PeUHy0A1GF0_99_103.mp4,patch_only,,0.1,0.9,same_grid_second_order,,,,,bottomk_mean,0.4,3,3,0.8680800795555115,0.9599528908729553,0.9507656097412109,0.9507656097412109
real,MSVD,Pgm-mOQu2MM_48_62.mp4,patch_only,,0.1,0.9,same_grid_second_order,,,,,bottomk_mean,0.4,3,3,0.10306242853403091,0.34864547848701477,0.3240871727466583,0.3240871727466583
real,MSVD,PiyoeFC31kE_9_27.mp4,patch_only,,0.1,0.9,same_grid_second_order,,,,,bottomk_mean,0.4,3,3,0.71378093957901,0.5730270743370056,0.587102472782135,0.587102472782135
real,MSVD,PmrTDZy3f2M_35_39.mp4,patch_only,,0.1,0.9,same_grid_second_order,,,,,bottomk_mean,0.4,3,3,0.36160188913345337,0.2461719661951065,0.2577149569988251,0.2577149569988251
real,MSVD,PqvKNqkGI9o_47_52.mp4,patch_only,,0.1,0.9,same_grid_second_order,,,,,bottomk_mean,0.4,3,3,0.6024734973907471,0.7697290778160095,0.7530035376548767,0.7530035376548767
real,MSVD,PuQVs2Ch1LY_5_15.mp4,patch_only,,0.1,0.9,same_grid_second_order,,,,,bottomk_mean,0.4,3,3,0.35453474521636963,0.42756184935569763,0.42025911808013916,0.42025911808013916
real,MSVD,PugziVUikEg_117_140.mp4,patch_only,,0.1,0.9,same_grid_second_order,,,,,bottomk_mean,0.4,3,3,0.1978798657655716,0.653121292591095,0.6075971722602844,0.6075971722602844
real,MSVD,Puh1n8DTKw8_2_9.mp4,patch_only,,0.1,0.9,same_grid_second_order,,,,,bottomk_mean,0.4,3,3,0.916961133480072,0.7667844295501709,0.7818021178245544,0.7818021178245544
real,MSVD,Q-soOsOLIGQ_0_22.mp4,patch_only,,0.1,0.9,same_grid_second_order,,,,,bottomk_mean,0.4,3,3,0.2149587720632553,0.4204947054386139,0.3999411165714264,0.3999411165714264
real,MSVD,Q6HuQEIJqcA_9_16.mp4,patch_only,,0.1,0.9,same_grid_second_order,,,,,bottomk_mean,0.4,3,3,0.15429916977882385,0.23851589858531952,0.23009422421455383,0.23009422421455383
real,MSVD,Q7H9mI9dtMY_20_34.mp4,patch_only,,0.1,0.9,same_grid_second_order,,,,,bottomk_mean,0.4,3,3,0.5141342878341675,0.6560659408569336,0.641872763633728,0.641872763633728
real,MSVD,QA_JTtM1hKA_5_15.mp4,patch_only,,0.1,0.9,same_grid_second_order,,,,,bottomk_mean,0.4,3,3,0.4469964802265167,0.20906949043273926,0.232862189412117,0.232862189412117
real,MSVD,QGJy1K91gP4_90_100.mp4,patch_only,,0.1,0.9,same_grid_second_order,,,,,bottomk_mean,0.4,3,3,0.7697290778160095,0.40812721848487854,0.44428738951683044,0.44428738951683044
real,MSVD,QHkvBU8diwU_1_18.mp4,patch_only,,0.1,0.9,same_grid_second_order,,,,,bottomk_mean,0.4,3,3,0.8639575839042664,0.6383981108665466,0.6609540581703186,0.6609540581703186
real,MSVD,QOmrchUPnBs_10_20.mp4,patch_only,,0.1,0.9,same_grid_second_order,,,,,bottomk_mean,0.4,3,3,0.4817432165145874,0.6478209495544434,0.6312131881713867,0.6312131881713867
real,MSVD,QT8iCDc7NGU_18_23.mp4,patch_only,,0.1,0.9,same_grid_second_order,,,,,bottomk_mean,0.4,3,3,0.6619552373886108,0.6083627939224243,0.613722026348114,0.613722026348114
real,MSVD,QTAqjSbMkXU_65_75.mp4,patch_only,,0.1,0.9,same_grid_second_order,,,,,bottomk_mean,0.4,3,3,0.15253238379955292,0.6937573552131653,0.6396348476409912,0.6396348476409912
real,MSVD,QVSt5USMkMg_43_50.mp4,patch_only,,0.1,0.9,same_grid_second_order,,,,,bottomk_mean,0.4,3,3,0.3462897539138794,0.7773851752281189,0.7342756390571594,0.7342756390571594
real,MSVD,QhRqJp-CgEs_7_14.mp4,patch_only,,0.1,0.9,same_grid_second_order,,,,,bottomk_mean,0.4,3,3,0.3427561819553375,0.04475853964686394,0.0745583027601242,0.0745583027601242
real,MSVD,QjI3Y8ZKSqs_30_38.mp4,patch_only,,0.1,0.9,same_grid_second_order,,,,,bottomk_mean,0.4,3,3,0.6925795078277588,0.746760904788971,0.7413427829742432,0.7413427829742432
real,MSVD,Qjbcibrv3L0_26_32.mp4,patch_only,,0.1,0.9,same_grid_second_order,,,,,bottomk_mean,0.4,3,3,0.17667844891548157,0.41755005717277527,0.3934628963470459,0.3934628963470459
real,MSVD,QklHhN8pQBE_0_10.mp4,patch_only,,0.1,0.9,same_grid_second_order,,,,,bottomk_mean,0.4,3,3,0.3203769028186798,0.3539458215236664,0.35058891773223877,0.35058891773223877
real,MSVD,Qp-k0H93iJE_35_39.mp4,patch_only,,0.1,0.9,same_grid_second_order,,,,,bottomk_mean,0.4,3,3,0.39752650260925293,0.27031803131103516,0.283038854598999,0.283038854598999
real,MSVD,QqYWLR47eLI_10_18.mp4,patch_only,,0.1,0.9,same_grid_second_order,,,,,bottomk_mean,0.4,3,3,0.47820964455604553,0.4469964802265167,0.4501177966594696,0.4501177966594696
real,MSVD,QsC8__3lwO0_50_60.mp4,patch_only,,0.1,0.9,same_grid_second_order,,,,,bottomk_mean,0.4,3,3,0.7561837434768677,0.6725559234619141,0.6809187531471252,0.6809187531471252
real,MSVD,QsvBYKaCXEc_5_15.mp4,patch_only,,0.1,0.9,same_grid_second_order,,,,,bottomk_mean,0.4,3,3,0.20141342282295227,0.0924617201089859,0.10335689038038254,0.10335689038038254
real,MSVD,Qtu-PXuvCx4_12_17.mp4,patch_only,,0.1,0.9,same_grid_second_order,,,,,bottomk_mean,0.4,3,3,0.563015341758728,0.34157833456993103,0.363722026348114,0.363722026348114
real,MSVD,Qwn0Ni9G5ow_64_69.mp4,patch_only,,0.1,0.9,same_grid_second_order,,,,,bottomk_mean,0.4,3,3,0.05771495774388313,0.034157831221818924,0.036513544619083405,0.036513544619083405
real,MSVD,QzcTlEpAigQ_0_14.mp4,patch_only,,0.1,0.9,same_grid_second_order,,,,,bottomk_mean,0.4,3,3,0.4599528908729553,0.035335689783096313,0.07779740542173386,0.07779740542173386
real,MSVD,QzulzuWr0Zw_20_45.mp4,patch_only,,0.1,0.9,same_grid_second_order,,,,,bottomk_mean,0.4,3,3,0.4858657121658325,0.24381625652313232,0.26802119612693787,0.26802119612693787
real,MSVD,R0e8ojL0vcc_8_14.mp4,patch_only,,0.1,0.9,same_grid_second_order,,,,,bottomk_mean,0.4,3,3,0.041224971413612366,0.11955241113901138,0.11171966791152954,0.11171966791152954
real,MSVD,R1UrFBF_0iU_35_41.mp4,patch_only,,0.1,0.9,same_grid_second_order,,,,,bottomk_mean,0.4,3,3,0.6725559234619141,0.6872791647911072,0.6858068108558655,0.6858068108558655
real,MSVD,R24RktgUi-s_24_28.mp4,patch_only,,0.1,0.9,same_grid_second_order,,,,,bottomk_mean,0.4,3,3,0.4699646532535553,0.8421672582626343,0.804947018623352,0.804947018623352
real,MSVD,R24RktgUi-s_5_15.mp4,patch_only,,0.1,0.9,same_grid_second_order,,,,,bottomk_mean,0.4,3,3,0.7025913000106812,0.02709069475531578,0.09464075416326523,0.09464075416326523
real,MSVD,R2DvpPTfl-E_20_25.mp4,patch_only,,0.1,0.9,same_grid_second_order,,,,,bottomk_mean,0.4,3,3,0.035335689783096313,0.34040045738220215,0.30989399552345276,0.30989399552345276
real,MSVD,R3a9r8qFlhQ_0_12.mp4,patch_only,,0.1,0.9,same_grid_second_order,,,,,bottomk_mean,0.4,3,3,0.5323910713195801,0.866902232170105,0.8334510922431946,0.8334510922431946
real,MSVD,R8FDJgVW3Vc_0_4.mp4,patch_only,,0.1,0.9,same_grid_second_order,,,,,bottomk_mean,0.4,3,3,0.5424028038978577,0.5400471091270447,0.540282666683197,0.540282666683197
real,MSVD,RJNBxdDQOw4_13_26.mp4,patch_only,,0.1,0.9,same_grid_second_order,,,,,bottomk_mean,0.4,3,3,0.31036514043807983,0.17726737260818481,0.19057714939117432,0.19057714939117432
real,MSVD,RMznbCn5sQs_0_10.mp4,patch_only,,0.1,0.9,same_grid_second_order,,,,,bottomk_mean,0.4,3,3,0.6843345165252686,0.4687868058681488,0.49034157395362854,0.49034157395362854
real,MSVD,RWWvWFeE6_Q_2_26.mp4,patch_only,,0.1,0.9,same_grid_second_order,,,,,bottomk_mean,0.4,3,3,0.010600706562399864,0.06595995277166367,0.06042402982711792,0.06042402982711792
real,MSVD,RX6NSOuCCAE_13_27.mp4,patch_only,,0.1,0.9,same_grid_second_order,,,,,bottomk_mean,0.4,3,3,0.583038866519928,0.49528858065605164,0.504063606262207,0.504063606262207
real,MSVD,RZL9irxnhZ0_34_40.mp4,patch_only,,0.1,0.9,same_grid_second_order,,,,,bottomk_mean,0.4,3,3,0.11955241113901138,0.2561837434768677,0.24252061545848846,0.24252061545848846
real,MSVD,RieF9wrFd8s_1_8.mp4,patch_only,,0.1,0.9,same_grid_second_order,,,,,bottomk_mean,0.4,3,3,0.18021202087402344,0.05830388516187668,0.07049469649791718,0.07049469649791718
real,MSVD,RjpbFlOHFps_8_25.mp4,patch_only,,0.1,0.9,same_grid_second_order,,,,,bottomk_mean,0.4,3,3,0.12603062391281128,0.009422850795090199,0.02108362689614296,0.02108362689614296
real,MSVD,Rm-RnxN4oHA_215_225.mp4,patch_only,,0.1,0.9,same_grid_second_order,,,,,bottomk_mean,0.4,3,3,0.40282684564590454,0.12544170022010803,0.15318021178245544,0.15318021178245544
real,MSVD,RvJH_POzxmc_10_25.mp4,patch_only,,0.1,0.9,same_grid_second_order,,,,,bottomk_mean,0.4,3,3,0.46407538652420044,0.1654888093471527,0.19534747302532196,0.19534747302532196
real,MSVD,S-Civm_fbK8_20_26.mp4,patch_only,,0.1,0.9,same_grid_second_order,,,,,bottomk_mean,0.4,3,3,0.7426384091377258,0.3981154263019562,0.4325677156448364,0.4325677156448364
real,MSVD,SFFfhAUEoj0_10_16.mp4,patch_only,,0.1,0.9,same_grid_second_order,,,,,bottomk_mean,0.4,3,3,0.5912838578224182,0.38221436738967896,0.40312132239341736,0.40312132239341736
real,MSVD,SJZFNwfcSOw_3_18.mp4,patch_only,,0.1,0.9,same_grid_second_order,,,,,bottomk_mean,0.4,3,3,0.6896348595619202,0.2944640815258026,0.33398115634918213,0.33398115634918213
real,MSVD,SKhmFSV-XB0_12_18.mp4,patch_only,,0.1,0.9,same_grid_second_order,,,,,bottomk_mean,0.4,3,3,0.5989399552345276,0.19493521749973297,0.23533569276332855,0.23533569276332855
real,MSVD,SRzoLVNgHoI_56_66.mp4,patch_only,,0.1,0.9,same_grid_second_order,,,,,bottomk_mean,0.4,3,3,0.945229709148407,0.5724381804466248,0.6097173094749451,0.6097173094749451
real,MSVD,SULWQEAErKw_13_26.mp4,patch_only,,0.1,0.9,same_grid_second_order,,,,,bottomk_mean,0.4,3,3,0.01413427572697401,0.23616018891334534,0.21395759284496307,0.21395759284496307
real,MSVD,SZP3Jpbbwj0_52_59.mp4,patch_only,,0.1,0.9,same_grid_second_order,,,,,bottomk_mean,0.4,3,3,0.6902238130569458,0.13368669152259827,0.18934039771556854,0.18934039771556854
real,MSVD,SaOqf2d-y30_22_27.mp4,patch_only,,0.1,0.9,same_grid_second_order,,,,,bottomk_mean,0.4,3,3,0.047703180462121964,0.01472320407629013,0.018021201714873314,0.018021201714873314
real,MSVD,SaYwh6chmiw_15_40.mp4,patch_only,,0.1,0.9,same_grid_second_order,,,,,bottomk_mean,0.4,3,3,0.030035335570573807,0.031213192269206047,0.031095406040549278,0.031095406040549278
real,MSVD,ScdUht-pM6s_53_63.mp4,patch_only,,0.1,0.9,same_grid_second_order,,,,,bottomk_mean,0.4,3,3,0.8050647974014282,0.8616018891334534,0.8559481501579285,0.8559481501579285
real,MSVD,Sg5rTYrkpnU_35_48.mp4,patch_only,,0.1,0.9,same_grid_second_order,,,,,bottomk_mean,0.4,3,3,0.051236748695373535,0.0677267387509346,0.06607773900032043,0.06607773900032043
real,MSVD,Sj6GSmDpNDw_0_12.mp4,patch_only,,0.1,0.9,same_grid_second_order,,,,,bottomk_mean,0.4,3,3,0.6060070395469666,0.28209659457206726,0.31448763608932495,0.31448763608932495
real,MSVD,Sq7Vt6KC9Yg_17_35.mp4,patch_only,,0.1,0.9,same_grid_second_order,,,,,bottomk_mean,0.4,3,3,0.2290930449962616,0.46407538652420044,0.4405771493911743,0.4405771493911743
real,MSVD,SrDE9-cDz48_4_12.mp4,patch_only,,0.1,0.9,same_grid_second_order,,,,,bottomk_mean,0.4,3,3,0.034157831221818924,0.1236749142408371,0.11472320556640625,0.11472320556640625
real,MSVD,SzEbtbNSg04_111_117.mp4,patch_only,,0.1,0.9,same_grid_second_order,,,,,bottomk_mean,0.4,3,3,0.919316828250885,0.7809187173843384,0.7947585582733154,0.7947585582733154
real,MSVD,SzEbtbNSg04_214_224.mp4,patch_only,,0.1,0.9,same_grid_second_order,,,,,bottomk_mean,0.4,3,3,0.8162544369697571,0.8127208352088928,0.8130742311477661,0.8130742311477661
real,MSVD,SzEbtbNSg04_28_48.mp4,patch_only,,0.1,0.9,same_grid_second_order,,,,,bottomk_mean,0.4,3,3,0.9175500869750977,0.6978798508644104,0.7198469042778015,0.7198469042778015
real,MSVD,SzEbtbNSg04_70_85.mp4,patch_only,,0.1,0.9,same_grid_second_order,,,,,bottomk_mean,0.4,3,3,0.9540635943412781,0.9905771613121033,0.9869257807731628,0.9869257807731628
real,MSVD,SzEbtbNSg04_71_93.mp4,patch_only,,0.1,0.9,same_grid_second_order,,,,,bottomk_mean,0.4,3,3,0.952296793460846,0.984687864780426,0.981448769569397,0.981448769569397
real,MSVD,SzEbtbNSg04_88_93.mp4,patch_only,,0.1,0.9,same_grid_second_order,,,,,bottomk_mean,0.4,3,3,0.9758539199829102,0.9988221526145935,0.9965253472328186,0.9965253472328186
real,MSVD,T6lPRKRpu9w_32_39.mp4,patch_only,,0.1,0.9,same_grid_second_order,,,,,bottomk_mean,0.4,3,3,0.3109540641307831,0.25853946805000305,0.2637809216976166,0.2637809216976166
real,MSVD,TF6LNmwDr_0_2_10.mp4,patch_only,,0.1,0.9,same_grid_second_order,,,,,bottomk_mean,0.4,3,3,0.011778563261032104,0.010011778213083744,0.010188456624746323,0.010188456624746323
real,MSVD,TFJ6oR89Vb8_90_107.mp4,patch_only,,0.1,0.9,same_grid_second_order,,,,,bottomk_mean,0.4,3,3,0.43286219239234924,0.8203769326210022,0.7816254496574402,0.7816254496574402
real,MSVD,TIubRrkku-4_1_10.mp4,patch_only,,0.1,0.9,same_grid_second_order,,,,,bottomk_mean,0.4,3,3,0.21790342032909393,0.8433451056480408,0.7808009386062622,0.7808009386062622
real,MSVD,TPD5wO_LEPU_2_6.mp4,patch_only,,0.1,0.9,same_grid_second_order,,,,,bottomk_mean,0.4,3,3,0.2226148396730423,0.5347467660903931,0.5035335421562195,0.5035335421562195
real,MSVD,TPhpsIK7pDc_25_32.mp4,patch_only,,0.1,0.9,same_grid_second_order,,,,,bottomk_mean,0.4,3,3,0.1495877504348755,0.12131919711828232,0.12414605170488358,0.12414605170488358
real,MSVD,TXabUVUxJqI_22_31.mp4,patch_only,,0.1,0.9,same_grid_second_order,,,,,bottomk_mean,0.4,3,3,0.7002355456352234,0.29328620433807373,0.33398115634918213,0.33398115634918213
real,MSVD,TZ860P4iTaM_10_24.mp4,patch_only,,0.1,0.9,same_grid_second_order,,,,,bottomk_mean,0.4,3,3,0.2862190902233124,0.4599528908729553,0.4425795078277588,0.4425795078277588
real,MSVD,TZ860P4iTaM_11_20.mp4,patch_only,,0.1,0.9,same_grid_second_order,,,,,bottomk_mean,0.4,3,3,0.3162544071674347,0.19375735521316528,0.20600706338882446,0.20600706338882446
real,MSVD,TZ860P4iTaM_15_28.mp4,patch_only,,0.1,0.9,same_grid_second_order,,,,,bottomk_mean,0.4,3,3,0.283863365650177,0.1902237981557846,0.19958774745464325,0.19958774745464325
real,MSVD,Td29-SApubM_48_57.mp4,patch_only,,0.1,0.9,same_grid_second_order,,,,,bottomk_mean,0.4,3,3,0.4128386378288269,0.3998822271823883,0.40117785334587097,0.40117785334587097
real,MSVD,TdYN7cePiRI_6_13.mp4,patch_only,,0.1,0.9,same_grid_second_order,,,,,bottomk_mean,0.4,3,3,0.20494699478149414,0.33686691522598267,0.32367491722106934,0.32367491722106934
real,MSVD,Ted3imMggC0_48_58.mp4,patch_only,,0.1,0.9,same_grid_second_order,,,,,bottomk_mean,0.4,3,3,0.27561837434768677,0.770906925201416,0.7213780879974365,0.7213780879974365
real,MSVD,TgFmoZj3NoM_10_18.mp4,patch_only,,0.1,0.9,same_grid_second_order,,,,,bottomk_mean,0.4,3,3,0.962897539138794,0.9911660552024841,0.9883392453193665,0.9883392453193665
real,MSVD,Tied-t1fFsk_15_20.mp4,patch_only,,0.1,0.9,same_grid_second_order,,,,,bottomk_mean,0.4,3,3,0.8021201491355896,0.1925795078277588,0.25353357195854187,0.25353357195854187
real,MSVD,TjLCJKoot4U_43_65.mp4,patch_only,,0.1,0.9,same_grid_second_order,,,,,bottomk_mean,0.4,3,3,0.4976442754268646,0.16725559532642365,0.20029446482658386,0.20029446482658386
real,MSVD,Tm1HjqK0ABg_9_15.mp4,patch_only,,0.1,0.9,same_grid_second_order,,,,,bottomk_mean,0.4,3,3,0.15665489435195923,0.09599529206752777,0.10206124931573868,0.10206124931573868
real,MSVD,TnPOZVHB3x0_45_55.mp4,patch_only,,0.1,0.9,same_grid_second_order,,,,,bottomk_mean,0.4,3,3,0.7762073278427124,0.2709069550037384,0.32143697142601013,0.32143697142601013
real,MSVD,TsagxA4DKuc_28_41.mp4,patch_only,,0.1,0.9,same_grid_second_order,,,,,bottomk_mean,0.4,3,3,0.6772673726081848,0.7620730400085449,0.7535924911499023,0.7535924911499023
real,MSVD,TvBsaMgqh5s_61_68.mp4,patch_only,,0.1,0.9,same_grid_second_order,,,,,bottomk_mean,0.4,3,3,0.8027090430259705,0.9004711508750916,0.8906949162483215,0.8906949162483215
real,MSVD,TwQzFqBqgeA_0_10.mp4,patch_only,,0.1,0.9,same_grid_second_order,,,,,bottomk_mean,0.4,3,3,0.29858657717704773,0.01354534737765789,0.04204947128891945,0.04204947128891945
real,MSVD,TxzxPyfsSxY_0_10.mp4,patch_only,,0.1,0.9,same_grid_second_order,,,,,bottomk_mean,0.4,3,3,0.10129564255475998,0.45641931891441345,0.4209069609642029,0.4209069609642029
real,MSVD,UDwvax7K57c_28_35.mp4,patch_only,,0.1,0.9,same_grid_second_order,,,,,bottomk_mean,0.4,3,3,0.8262661695480347,0.6572437882423401,0.6741460561752319,0.6741460561752319
real,MSVD,UI3Cbj9fbxQ_2_23.mp4,patch_only,,0.1,0.9,same_grid_second_order,,,,,bottomk_mean,0.4,3,3,0.0005889281746931374,0.004711425397545099,0.004299175459891558,0.004299175459891558
real,MSVD,UJKythlXAIY_17_21.mp4,patch_only,,0.1,0.9,same_grid_second_order,,,,,bottomk_mean,0.4,3,3,0.17373380064964294,0.179623082280159,0.17903415858745575,0.17903415858745575
real,MSVD,UXs3eq68ZjE_194_200.mp4,patch_only,,0.1,0.9,same_grid_second_order,,,,,bottomk_mean,0.4,3,3,0.783863365650177,0.5836278200149536,0.6036513447761536,0.6036513447761536
real,MSVD,UXs3eq68ZjE_209_214.mp4,patch_only,,0.1,0.9,same_grid_second_order,,,,,bottomk_mean,0.4,3,3,0.6166077852249146,0.3863368630409241,0.4093639552593231,0.4093639552593231
real,MSVD,UXs3eq68ZjE_235_240.mp4,patch_only,,0.1,0.9,same_grid_second_order,,,,,bottomk_mean,0.4,3,3,0.9328621625900269,0.7915194630622864,0.8056536912918091,0.8056536912918091
real,MSVD,UXs3eq68ZjE_246_250.mp4,patch_only,,0.1,0.9,same_grid_second_order,,,,,bottomk_mean,0.4,3,3,0.8009423017501831,0.5247349739074707,0.5523557066917419,0.5523557066917419
real,MSVD,UXs3eq68ZjE_250_255.mp4,patch_only,,0.1,0.9,same_grid_second_order,,,,,bottomk_mean,0.4,3,3,0.9493522047996521,0.9163721799850464,0.9196702241897583,0.9196702241897583
real,MSVD,UXs3eq68ZjE_255_260.mp4,patch_only,,0.1,0.9,same_grid_second_order,,,,,bottomk_mean,0.4,3,3,0.9617196917533875,0.8945818543434143,0.9012956619262695,0.9012956619262695
real,MSVD,UXs3eq68ZjE_280_285.mp4,patch_only,,0.1,0.9,same_grid_second_order,,,,,bottomk_mean,0.4,3,3,0.9481742978096008,0.9093050360679626,0.9131919741630554,0.9131919741630554
real,MSVD,UXs3eq68ZjE_313_318.mp4,patch_only,,0.1,0.9,same_grid_second_order,,,,,bottomk_mean,0.4,3,3,0.8922261595726013,0.7320376634597778,0.7480565309524536,0.7480565309524536
real,MSVD,UXs3eq68ZjE_320_325.mp4,patch_only,,0.1,0.9,same_grid_second_order,,,,,bottomk_mean,0.4,3,3,0.9734982252120972,0.8303886651992798,0.8446996212005615,0.8446996212005615
real,MSVD,UXs3eq68ZjE_382_387.mp4,patch_only,,0.1,0.9,same_grid_second_order,,,,,bottomk_mean,0.4,3,3,0.9605417847633362,0.7738515734672546,0.7925206422805786,0.7925206422805786
real,MSVD,UXs3eq68ZjE_498_504.mp4,patch_only,,0.1,0.9,same_grid_second_order,,,,,bottomk_mean,0.4,3,3,0.8939929604530334,0.9487632513046265,0.9432862401008606,0.9432862401008606
real,MSVD,UXs3eq68ZjE_508_513.mp4,patch_only,,0.1,0.9,same_grid_second_order,,,,,bottomk_mean,0.4,3,3,0.6949352025985718,0.6601884365081787,0.6636631488800049,0.6636631488800049
real,MSVD,UbmZAe5u5FI_101_110.mp4,patch_only,,0.1,0.9,same_grid_second_order,,,,,bottomk_mean,0.4,3,3,0.19199058413505554,0.01295641902834177,0.03085983544588089,0.03085983544588089
real,MSVD,UbmZAe5u5FI_111_115.mp4,patch_only,,0.1,0.9,same_grid_second_order,,,,,bottomk_mean,0.4,3,3,0.21024735271930695,0.055948175489902496,0.07137808948755264,0.07137808948755264
real,MSVD,UbmZAe5u5FI_132_141.mp4,patch_only,,0.1,0.9,same_grid_second_order,,,,,bottomk_mean,0.4,3,3,0.585394561290741,0.6978798508644104,0.6866313219070435,0.6866313219070435
real,MSVD,UbmZAe5u5FI_16_23.mp4,patch_only,,0.1,0.9,same_grid_second_order,,,,,bottomk_mean,0.4,3,3,0.8498232960700989,0.8875147104263306,0.8837456107139587,0.8837456107139587
real,MSVD,UbmZAe5u5FI_26_33.mp4,patch_only,,0.1,0.9,same_grid_second_order,,,,,bottomk_mean,0.4,3,3,0.8286219239234924,0.2773851454257965,0.3325088322162628,0.3325088322162628
real,MSVD,UbmZAe5u5FI_36_40.mp4,patch_only,,0.1,0.9,same_grid_second_order,,,,,bottomk_mean,0.4,3,3,0.8103651404380798,0.7355712652206421,0.7430506348609924,0.7430506348609924
real,MSVD,UbmZAe5u5FI_44_55.mp4,patch_only,,0.1,0.9,same_grid_second_order,,,,,bottomk_mean,0.4,3,3,0.9752650260925293,0.8804475665092468,0.8899293541908264,0.8899293541908264
real,MSVD,UbmZAe5u5FI_60_70.mp4,patch_only,,0.1,0.9,same_grid_second_order,,,,,bottomk_mean,0.4,3,3,1.0,0.9899882078170776,0.9909893870353699,0.9909893870353699
real,MSVD,UbmZAe5u5FI_88_98.mp4,patch_only,,0.1,0.9,same_grid_second_order,,,,,bottomk_mean,0.4,3,3,0.2173144817352295,0.7237926721572876,0.6731448769569397,0.6731448769569397
real,MSVD,Uc63MFVwfrs_355_372.mp4,patch_only,,0.1,0.9,same_grid_second_order,,,,,bottomk_mean,0.4,3,3,0.9952885508537292,0.8845700621604919,0.8956419229507446,0.8956419229507446
real,MSVD,Uc63MFVwfrs_360_372.mp4,patch_only,,0.1,0.9,same_grid_second_order,,,,,bottomk_mean,0.4,3,3,0.9935218095779419,0.8869258165359497,0.897585391998291,0.897585391998291
real,MSVD,Ud3Qy8m6OxQ_52_62.mp4,patch_only,,0.1,0.9,same_grid_second_order,,,,,bottomk_mean,0.4,3,3,0.6248527765274048,0.432273268699646,0.45153120160102844,0.45153120160102844
real,MSVD,UdcObAQ5OOM_15_30.mp4,patch_only,,0.1,0.9,same_grid_second_order,,,,,bottomk_mean,0.4,3,3,0.1613663136959076,0.17667844891548157,0.17514723539352417,0.17514723539352417
real,MSVD,UgUFP5baQ9Y_0_10.mp4,patch_only,,0.1,0.9,same_grid_second_order,,,,,bottomk_mean,0.4,3,3,0.8115429878234863,0.08892814815044403,0.16118963062763214,0.16118963062763214
real,MSVD,UgUFP5baQ9Y_0_7.mp4,patch_only,,0.1,0.9,same_grid_second_order,,,,,bottomk_mean,0.4,3,3,0.7809187173843384,0.042991753667593,0.11678445339202881,0.11678445339202881
real,MSVD,Ugb_uH72d0I_8_17.mp4,patch_only,,0.1,0.9,same_grid_second_order,,,,,bottomk_mean,0.4,3,3,0.5117785334587097,0.36513546109199524,0.3797997534275055,0.3797997534275055
real,MSVD,UnWgz-mVMXU_2_6.mp4,patch_only,,0.1,0.9,same_grid_second_order,,,,,bottomk_mean,0.4,3,3,0.3686690330505371,0.5312131643295288,0.5149587988853455,0.5149587988853455
real,MSVD,UoPU8F9mus8_258_262.mp4,patch_only,,0.1,0.9,same_grid_second_order,,,,,bottomk_mean,0.4,3,3,0.46937572956085205,0.6619552373886108,0.642697274684906,0.642697274684906
real,MSVD,UqBafx3iRKw_22_29.mp4,patch_only,,0.1,0.9,same_grid_second_order,,,,,bottomk_mean,0.4,3,3,0.04181389883160591,0.3244993984699249,0.29623085260391235,0.29623085260391235
real,MSVD,V--abChiVVc_30_40.mp4,patch_only,,0.1,0.9,same_grid_second_order,,,,,bottomk_mean,0.4,3,3,0.515312135219574,0.7096584439277649,0.6902238130569458,0.6902238130569458
real,MSVD,V6Fxclwdfxc_1_11.mp4,patch_only,,0.1,0.9,same_grid_second_order,,,,,bottomk_mean,0.4,3,3,0.6007066965103149,0.06183745712041855,0.11572438478469849,0.11572438478469849
real,MSVD,V6Fxclwdfxc_56_66.mp4,patch_only,,0.1,0.9,same_grid_second_order,,,,,bottomk_mean,0.4,3,3,0.4717314541339874,0.07067137956619263,0.11077738553285599,0.11077738553285599
real,MSVD,VF1K_6ZSOAY_23_28.mp4,patch_only,,0.1,0.9,same_grid_second_order,,,,,bottomk_mean,0.4,3,3,0.1289752721786499,0.13368669152259827,0.1332155466079712,0.1332155466079712
real,MSVD,VF1K_6ZSOAY_60_70.mp4,patch_only,,0.1,0.9,same_grid_second_order,,,,,bottomk_mean,0.4,3,3,0.2173144817352295,0.3551236689090729,0.3413427472114563,0.3413427472114563
real,MSVD,VLBsAPZ2DDE_34_41.mp4,patch_only,,0.1,0.9,same_grid_second_order,,,,,bottomk_mean,0.4,3,3,0.7320376634597778,0.5995288491249084,0.6127797365188599,0.6127797365188599
real,MSVD,VU4qLrk5axA_40_58.mp4,patch_only,,0.1,0.9,same_grid_second_order,,,,,bottomk_mean,0.4,3,3,0.44581860303878784,0.8998821973800659,0.8544758558273315,0.8544758558273315
real,MSVD,VZ6H73nH7xs_27_33.mp4,patch_only,,0.1,0.9,same_grid_second_order,,,,,bottomk_mean,0.4,3,3,0.11542991548776627,0.33274441957473755,0.31101295351982117,0.31101295351982117
real,MSVD,VahnQw2gTQY_203_210.mp4,patch_only,,0.1,0.9,same_grid_second_order,,,,,bottomk_mean,0.4,3,3,0.9929328560829163,0.8574793934822083,0.8710247278213501,0.8710247278213501
real,MSVD,VahnQw2gTQY_274_280.mp4,patch_only,,0.1,0.9,same_grid_second_order,,,,,bottomk_mean,0.4,3,3,0.8180211782455444,0.7426384091377258,0.7501766681671143,0.7501766681671143
real,MSVD,VahnQw2gTQY_288_293.mp4,patch_only,,0.1,0.9,same_grid_second_order,,,,,bottomk_mean,0.4,3,3,0.8409894108772278,0.8592461943626404,0.8574205040931702,0.8574205040931702
real,MSVD,VahnQw2gTQY_298_305.mp4,patch_only,,0.1,0.9,same_grid_second_order,,,,,bottomk_mean,0.4,3,3,0.9729093313217163,0.8763250708580017,0.8859835267066956,0.8859835267066956
real,MSVD,VahnQw2gTQY_315_320.mp4,patch_only,,0.1,0.9,same_grid_second_order,,,,,bottomk_mean,0.4,3,3,0.9941107034683228,0.9181389808654785,0.9257361888885498,0.9257361888885498
real,MSVD,VahnQw2gTQY_322_327.mp4,patch_only,,0.1,0.9,same_grid_second_order,,,,,bottomk_mean,0.4,3,3,0.987043559551239,0.9640753865242004,0.9663721919059753,0.9663721919059753
real,MSVD,VfqlfprZsaQ_75_85.mp4,patch_only,,0.1,0.9,same_grid_second_order,,,,,bottomk_mean,0.4,3,3,0.7179034352302551,0.33804476261138916,0.3760306239128113,0.3760306239128113
real,MSVD,Vg1jyL3cr60_163_186.mp4,patch_only,,0.1,0.9,same_grid_second_order,,,,,bottomk_mean,0.4,3,3,0.2396937608718872,0.22084805369377136,0.22273263335227966,0.22273263335227966
real,MSVD,ViM0JjUoqRw_10_20.mp4,patch_only,,0.1,0.9,same_grid_second_order,,,,,bottomk_mean,0.4,3,3,0.4676089584827423,0.6590105891227722,0.6398704648017883,0.6398704648017883
real,MSVD,ViWQUOGIaSU_9_16.mp4,patch_only,,0.1,0.9,same_grid_second_order,,,,,bottomk_mean,0.4,3,3,0.216136634349823,0.03297997638583183,0.05129564180970192,0.05129564180970192
real,MSVD,Vn0Xv0fb1z4_18_30.mp4,patch_only,,0.1,0.9,same_grid_second_order,,,,,bottomk_mean,0.4,3,3,0.2826855182647705,0.5689045786857605,0.540282666683197,0.540282666683197
real,MSVD,VuCFgiWfVF4_0_6.mp4,patch_only,,0.1,0.9,same_grid_second_order,,,,,bottomk_mean,0.4,3,3,0.43580684065818787,0.47467610239982605,0.4707891643047333,0.4707891643047333
real,MSVD,VxM96IYzw0Q_2_15.mp4,patch_only,,0.1,0.9,same_grid_second_order,,,,,bottomk_mean,0.4,3,3,0.1472320407629013,0.13957597315311432,0.14034157991409302,0.14034157991409302
real,MSVD,W1052h2rzoA_91_98.mp4,patch_only,,0.1,0.9,same_grid_second_order,,,,,bottomk_mean,0.4,3,3,0.41755005717277527,0.5276796221733093,0.5166666507720947,0.5166666507720947
real,MSVD,W20Btaww6zc_134_139.mp4,patch_only,,0.1,0.9,same_grid_second_order,,,,,bottomk_mean,0.4,3,3,0.7261484265327454,0.9729093313217163,0.9482331871986389,0.9482331871986389
real,MSVD,W6_XuNhgtrM_2_5.mp4,patch_only,,0.1,0.9,same_grid_second_order,,,,,bottomk_mean,0.4,3,3,0.2956419289112091,0.2797408699989319,0.28133097290992737,0.28133097290992737
real,MSVD,W8_63NiTENw_23_30.mp4,patch_only,,0.1,0.9,same_grid_second_order,,,,,bottomk_mean,0.4,3,3,0.29093050956726074,0.6607773900032043,0.6237927079200745,0.6237927079200745
real,MSVD,W8l_ezoU8Lc_156_162.mp4,patch_only,,0.1,0.9,same_grid_second_order,,,,,bottomk_mean,0.4,3,3,0.6018845438957214,0.3427561819553375,0.3686690330505371,0.3686690330505371
real,MSVD,W8l_ezoU8Lc_55_70.mp4,patch_only,,0.1,0.9,same_grid_second_order,,,,,bottomk_mean,0.4,3,3,0.668433427810669,0.1861013025045395,0.23433451354503632,0.23433451354503632
real,MSVD,W8l_ezoU8Lc_76_86.mp4,patch_only,,0.1,0.9,same_grid_second_order,,,,,bottomk_mean,0.4,3,3,0.5535924434661865,0.5135453343391418,0.5175500512123108,0.5175500512123108
real,MSVD,WEJfT-oB4v4_20_35.mp4,patch_only,,0.1,0.9,same_grid_second_order,,,,,bottomk_mean,0.4,3,3,0.3127208352088928,0.26266196370124817,0.26766782999038696,0.26766782999038696
real,MSVD,WFNXwor69-U_33_40.mp4,patch_only,,0.1,0.9,same_grid_second_order,,,,,bottomk_mean,0.4,3,3,0.08362779766321182,0.3710247278213501,0.34228503704071045,0.34228503704071045
real,MSVD,WPG-BIWOrG4_130_134.mp4,patch_only,,0.1,0.9,same_grid_second_order,,,,,bottomk_mean,0.4,3,3,0.7208480834960938,0.7455830574035645,0.7431095242500305,0.7431095242500305
real,MSVD,WPG-BIWOrG4_608_613.mp4,patch_only,,0.1,0.9,same_grid_second_order,,,,,bottomk_mean,0.4,3,3,0.9310954213142395,0.7673733830451965,0.7837455868721008,0.7837455868721008
real,MSVD,WPG-BIWOrG4_672_677.mp4,patch_only,,0.1,0.9,same_grid_second_order,,,,,bottomk_mean,0.4,3,3,0.8568904399871826,0.8445229530334473,0.8457596898078918,0.8457596898078918
real,MSVD,WPG-BIWOrG4_683_689.mp4,patch_only,,0.1,0.9,same_grid_second_order,,,,,bottomk_mean,0.4,3,3,0.8368669152259827,0.7049469947814941,0.7181389927864075,0.7181389927864075
real,MSVD,WPG-BIWOrG4_755_761.mp4,patch_only,,0.1,0.9,same_grid_second_order,,,,,bottomk_mean,0.4,3,3,0.864546537399292,0.971731424331665,0.9610129594802856,0.9610129594802856
real,MSVD,WTf5EgVY5uU_100_104.mp4,patch_only,,0.1,0.9,same_grid_second_order,,,,,bottomk_mean,0.4,3,3,0.9098939895629883,0.9151943325996399,0.9146643280982971,0.9146643280982971
real,MSVD,WTf5EgVY5uU_104_108.mp4,patch_only,,0.1,0.9,same_grid_second_order,,,,,bottomk_mean,0.4,3,3,0.934628963470459,0.7956419587135315,0.8095406293869019,0.8095406293869019
real,MSVD,WTf5EgVY5uU_108_116.mp4,patch_only,,0.1,0.9,same_grid_second_order,,,,,bottomk_mean,0.4,3,3,0.9676089286804199,0.9087161421775818,0.914605438709259,0.914605438709259
real,MSVD,WTf5EgVY5uU_121_135.mp4,patch_only,,0.1,0.9,same_grid_second_order,,,,,bottomk_mean,0.4,3,3,0.94758540391922,0.9358068108558655,0.936984658241272,0.936984658241272
real,MSVD,WTf5EgVY5uU_124_128.mp4,patch_only,,0.1,0.9,same_grid_second_order,,,,,bottomk_mean,0.4,3,3,0.9310954213142395,0.9840989112854004,0.9787985682487488,0.9787985682487488
real,MSVD,WTf5EgVY5uU_130_135.mp4,patch_only,,0.1,0.9,same_grid_second_order,,,,,bottomk_mean,0.4,3,3,0.8792697191238403,0.9923439621925354,0.9810364842414856,0.9810364842414856
real,MSVD,WTf5EgVY5uU_15_19.mp4,patch_only,,0.1,0.9,same_grid_second_order,,,,,bottomk_mean,0.4,3,3,0.9746760725975037,0.9740871787071228,0.9741460680961609,0.9741460680961609
real,MSVD,WTf5EgVY5uU_16_24.mp4,patch_only,,0.1,0.9,same_grid_second_order,,,,,bottomk_mean,0.4,3,3,0.9817432165145874,0.9640753865242004,0.9658421874046326,0.9658421874046326
real,MSVD,WTf5EgVY5uU_18_23.mp4,patch_only,,0.1,0.9,same_grid_second_order,,,,,bottomk_mean,0.4,3,3,0.9811543226242065,0.9340400695800781,0.9387514591217041,0.9387514591217041
real,MSVD,WTf5EgVY5uU_218_236.mp4,patch_only,,0.1,0.9,same_grid_second_order,,,,,bottomk_mean,0.4,3,3,0.8610129356384277,0.6183745861053467,0.6426383852958679,0.6426383852958679
real,MSVD,WTf5EgVY5uU_32_52.mp4,patch_only,,0.1,0.9,same_grid_second_order,,,,,bottomk_mean,0.4,3,3,0.9917550086975098,0.987043559551239,0.9875147342681885,0.9875147342681885
real,MSVD,WTf5EgVY5uU_33_39.mp4,patch_only,,0.1,0.9,same_grid_second_order,,,,,bottomk_mean,0.4,3,3,0.9970553517341614,0.8904593586921692,0.9011189341545105,0.9011189341545105
real,MSVD,WTf5EgVY5uU_58_76.mp4,patch_only,,0.1,0.9,same_grid_second_order,,,,,bottomk_mean,0.4,3,3,0.9835100173950195,0.9416961073875427,0.9458774924278259,0.9458774924278259
real,MSVD,WTf5EgVY5uU_66_75.mp4,patch_only,,0.1,0.9,same_grid_second_order,,,,,bottomk_mean,0.4,3,3,0.982332170009613,0.9375736117362976,0.9420494437217712,0.9420494437217712
real,MSVD,WTf5EgVY5uU_76_83.mp4,patch_only,,0.1,0.9,same_grid_second_order,,,,,bottomk_mean,0.4,3,3,0.9593639373779297,0.949941098690033,0.9508833885192871,0.9508833885192871
real,MSVD,WTf5EgVY5uU_98_104.mp4,patch_only,,0.1,0.9,same_grid_second_order,,,,,bottomk_mean,0.4,3,3,0.9087161421775818,0.9363957643508911,0.9336277842521667,0.9336277842521667
real,MSVD,WTx-K045yQM_85_98.mp4,patch_only,,0.1,0.9,same_grid_second_order,,,,,bottomk_mean,0.4,3,3,0.731448769569397,0.617785632610321,0.6291519403457642,0.6291519403457642
real,MSVD,WV9K6MbLjHA_106_116.mp4,patch_only,,0.1,0.9,same_grid_second_order,,,,,bottomk_mean,0.4,3,3,0.5659599304199219,0.11130741983652115,0.1567726731300354,0.1567726731300354
real,MSVD,WWf0Z6ak3Dg_5_15.mp4,patch_only,,0.1,0.9,same_grid_second_order,,,,,bottomk_mean,0.4,3,3,0.6802120208740234,0.853945791721344,0.8365724086761475,0.8365724086761475
real,MSVD,WZTGqvbqOFE_28_34.mp4,patch_only,,0.1,0.9,same_grid_second_order,,,,,bottomk_mean,0.4,3,3,0.09481742978096008,0.580683171749115,0.5320965647697449,0.5320965647697449
real,MSVD,W_iR4YVCxUY_8_15.mp4,patch_only,,0.1,0.9,same_grid_second_order,,,,,bottomk_mean,0.4,3,3,0.002944640815258026,0.030624262988567352,0.02785630151629448,0.02785630151629448
real,MSVD,WeOU0Iba1Xg_1_30.mp4,patch_only,,0.1,0.9,same_grid_second_order,,,,,bottomk_mean,0.4,3,3,0.27267372608184814,0.7126030921936035,0.668610155582428,0.668610155582428
real,MSVD,Wnz3IevSNg0_1_8.mp4,patch_only,,0.1,0.9,same_grid_second_order,,,,,bottomk_mean,0.4,3,3,0.4204947054386139,0.23498232662677765,0.25353357195854187,0.25353357195854187
real,MSVD,WpB4-eLyiBc_10_20.mp4,patch_only,,0.1,0.9,same_grid_second_order,,,,,bottomk_mean,0.4,3,3,0.5147231817245483,0.45524147152900696,0.4611896276473999,0.4611896276473999
real,MSVD,WqQonRVs7WA_0_10.mp4,patch_only,,0.1,0.9,same_grid_second_order,,,,,bottomk_mean,0.4,3,3,0.2461719661951065,0.3892815113067627,0.37497055530548096,0.37497055530548096
real,MSVD,WqwcWk1In_g_46_54.mp4,patch_only,,0.1,0.9,same_grid_second_order,,,,,bottomk_mean,0.4,3,3,0.024146053940057755,0.12661954760551453,0.11637220531702042,0.11637220531702042
real,MSVD,WrsS6X-FB-I_30_47.mp4,patch_only,,0.1,0.9,same_grid_second_order,,,,,bottomk_mean,0.4,3,3,0.7873969078063965,0.744405210018158,0.7487043738365173,0.7487043738365173
real,MSVD,Wv3u2q3oGeU_35_45.mp4,patch_only,,0.1,0.9,same_grid_second_order,,,,,bottomk_mean,0.4,3,3,0.78621906042099,0.3739693760871887,0.4151943325996399,0.4151943325996399
real,MSVD,WyIqGyj21Dk_0_10.mp4,patch_only,,0.1,0.9,same_grid_second_order,,,,,bottomk_mean,0.4,3,3,0.06419316679239273,0.3127208352088928,0.28786808252334595,0.28786808252334595
real,MSVD,X0UJaprpxrk_18_26.mp4,patch_only,,0.1,0.9,same_grid_second_order,,,,,bottomk_mean,0.4,3,3,0.2579505443572998,0.4946996569633484,0.4710247218608856,0.4710247218608856
real,MSVD,X4yzrIc072w_4_20.mp4,patch_only,,0.1,0.9,same_grid_second_order,,,,,bottomk_mean,0.4,3,3,0.6148409843444824,0.5583038926124573,0.5639575719833374,0.5639575719833374
real,MSVD,X56XkGFe7OY_47_61.mp4,patch_only,,0.1,0.9,same_grid_second_order,,,,,bottomk_mean,0.4,3,3,0.09187278896570206,0.47055360674858093,0.432685524225235,0.432685524225235
real,MSVD,X6uJyuD_Zso_3_17.mp4,patch_only,,0.1,0.9,same_grid_second_order,,,,,bottomk_mean,0.4,3,3,0.9858657121658325,0.9469964504241943,0.9508833885192871,0.9508833885192871
real,MSVD,X7sQq-Iu1gQ_12_22.mp4,patch_only,,0.1,0.9,same_grid_second_order,,,,,bottomk_mean,0.4,3,3,0.6042402982711792,0.4287396967411041,0.4462897479534149,0.4462897479534149
real,MSVD,X98fLZHIzWQ_15_20.mp4,patch_only,,0.1,0.9,same_grid_second_order,,,,,bottomk_mean,0.4,3,3,0.30153122544288635,0.3451119065284729,0.34075382351875305,0.34075382351875305
real,MSVD,XEOH3t5AYY0_22_29.mp4,patch_only,,0.1,0.9,same_grid_second_order,,,,,bottomk_mean,0.4,3,3,0.2926972806453705,0.38103652000427246,0.372202605009079,0.372202605009079
real,MSVD,XNV7hKVu-Xg_40_47.mp4,patch_only,,0.1,0.9,same_grid_second_order,,,,,bottomk_mean,0.4,3,3,0.3816254436969757,0.5229681730270386,0.5088339447975159,0.5088339447975159
real,MSVD,XNzXXiE6qR4_0_10.mp4,patch_only,,0.1,0.9,same_grid_second_order,,,,,bottomk_mean,0.4,3,3,0.07243816554546356,0.10129564255475998,0.09840989112854004,0.09840989112854004
real,MSVD,XOAgUVVwKEA_8_20.mp4,patch_only,,0.1,0.9,same_grid_second_order,,,,,bottomk_mean,0.4,3,3,0.5076560378074646,0.24911661446094513,0.27497056126594543,0.27497056126594543
real,MSVD,X_NLV2KCnIE_60_70.mp4,patch_only,,0.1,0.9,same_grid_second_order,,,,,bottomk_mean,0.4,3,3,0.20376914739608765,0.23380447924137115,0.23080094158649445,0.23080094158649445
real,MSVD,XdB0pVjFYoU_1_8.mp4,patch_only,,0.1,0.9,same_grid_second_order,,,,,bottomk_mean,0.4,3,3,0.104240283370018,0.39929327368736267,0.3697879910469055,0.3697879910469055
real,MSVD,Xh6rdpJNaf0_0_15.mp4,patch_only,,0.1,0.9,same_grid_second_order,,,,,bottomk_mean,0.4,3,3,0.4464075267314911,0.424617201089859,0.42679622769355774,0.42679622769355774
real,MSVD,Xp6rxW4hFFo_32_40.mp4,patch_only,,0.1,0.9,same_grid_second_order,,,,,bottomk_mean,0.4,3,3,0.18727914988994598,0.11484099179506302,0.12208480387926102,0.12208480387926102
real,MSVD,XtQdAPV2UZs_4_11.mp4,patch_only,,0.1,0.9,same_grid_second_order,,,,,bottomk_mean,0.4,3,3,0.04063604399561882,0.22379270195960999,0.2054770290851593,0.2054770290851593
real,MSVD,Xvy21KrDv8I_0_10.mp4,patch_only,,0.1,0.9,same_grid_second_order,,,,,bottomk_mean,0.4,3,3,0.08303886651992798,0.0742049440741539,0.07508833706378937,0.07508833706378937
real,MSVD,Xwrl4htUPjo_22_38.mp4,patch_only,,0.1,0.9,same_grid_second_order,,,,,bottomk_mean,0.4,3,3,0.3981154263019562,0.9564192891120911,0.9005889296531677,0.9005889296531677
real,MSVD,Xxcv5jvRmcg_39_46.mp4,patch_only,,0.1,0.9,same_grid_second_order,,,,,bottomk_mean,0.4,3,3,0.22320376336574554,0.6342756152153015,0.5931684374809265,0.5931684374809265
real,MSVD,XzCcRzEa83U_1_8.mp4,patch_only,,0.1,0.9,same_grid_second_order,,,,,bottomk_mean,0.4,3,3,0.7479387521743774,0.7762073278427124,0.77338045835495,0.77338045835495
real,MSVD,XzCcRzEa83U_39_46.mp4,patch_only,,0.1,0.9,same_grid_second_order,,,,,bottomk_mean,0.4,3,3,0.8292108178138733,0.48233217000961304,0.517020046710968,0.517020046710968
real,MSVD,Y4BeJ-64294_20_30.mp4,patch_only,,0.1,0.9,same_grid_second_order,,,,,bottomk_mean,0.4,3,3,0.6095406413078308,0.3786807954311371,0.4017667770385742,0.4017667770385742
real,MSVD,Y4gaJn0wlDE_0_10.mp4,patch_only,,0.1,0.9,same_grid_second_order,,,,,bottomk_mean,0.4,3,3,0.26501765847206116,0.14899882674217224,0.1606007069349289,0.1606007069349289
real,MSVD,YAud4eS3DoA_54_65.mp4,patch_only,,0.1,0.9,same_grid_second_order,,,,,bottomk_mean,0.4,3,3,0.3150765597820282,0.6130741834640503,0.5832744240760803,0.5832744240760803
real,MSVD,YEmS8ZQIhTA_7_20.mp4,patch_only,,0.1,0.9,same_grid_second_order,,,,,bottomk_mean,0.4,3,3,0.3786807954311371,0.492343932390213,0.4809776246547699,0.4809776246547699
real,MSVD,YJ2aGe7CLBo_25_35.mp4,patch_only,,0.1,0.9,same_grid_second_order,,,,,bottomk_mean,0.4,3,3,0.5842167139053345,0.4493521749973297,0.46283861994743347,0.46283861994743347
real,MSVD,YRSOc193Pxc_68_73.mp4,patch_only,,0.1,0.9,same_grid_second_order,,,,,bottomk_mean,0.4,3,3,0.273851603269577,0.6542991995811462,0.6162543892860413,0.6162543892860413
real,MSVD,YS1mzzhmWWA_9_16.mp4,patch_only,,0.1,0.9,same_grid_second_order,,,,,bottomk_mean,0.4,3,3,0.853945791721344,0.8751472234725952,0.8730270862579346,0.8730270862579346
real,MSVD,YXixZrSxefk_17_48.mp4,patch_only,,0.1,0.9,same_grid_second_order,,,,,bottomk_mean,0.4,3,3,0.9740871787071228,0.9481742978096008,0.9507656097412109,0.9507656097412109
real,MSVD,YXixZrSxefk_49_59.mp4,patch_only,,0.1,0.9,same_grid_second_order,,,,,bottomk_mean,0.4,3,3,0.9210836291313171,0.9670200347900391,0.9624263644218445,0.9624263644218445
real,MSVD,YXixZrSxefk_6_15.mp4,patch_only,,0.1,0.9,same_grid_second_order,,,,,bottomk_mean,0.4,3,3,0.971731424331665,0.9935218095779419,0.9913427829742432,0.9913427829742432
real,MSVD,YZ0-6hdQ0mU_0_3.mp4,patch_only,,0.1,0.9,same_grid_second_order,,,,,bottomk_mean,0.4,3,3,0.1784452348947525,0.28739693760871887,0.27650177478790283,0.27650177478790283
real,MSVD,Ya-MkA187c8_36_45.mp4,patch_only,,0.1,0.9,same_grid_second_order,,,,,bottomk_mean,0.4,3,3,0.49646642804145813,0.6130741834640503,0.6014134287834167,0.6014134287834167
real,MSVD,YersIyzsOpc_15_30.mp4,patch_only,,0.1,0.9,same_grid_second_order,,,,,bottomk_mean,0.4,3,3,0.7343934178352356,0.6566548943519592,0.6644287109375,0.6644287109375
real,MSVD,Ylb4pnW-jP4_102_113.mp4,patch_only,,0.1,0.9,same_grid_second_order,,,,,bottomk_mean,0.4,3,3,0.8309776186943054,0.9446407556533813,0.9332744479179382,0.9332744479179382
real,MSVD,YmXCfQm0_CA_109_120.mp4,patch_only,,0.1,0.9,same_grid_second_order,,,,,bottomk_mean,0.4,3,3,0.1925795078277588,0.3256772756576538,0.3123674988746643,0.3123674988746643
real,MSVD,YmXCfQm0_CA_140_156.mp4,patch_only,,0.1,0.9,same_grid_second_order,,,,,bottomk_mean,0.4,3,3,0.5200235843658447,0.31861013174057007,0.3387514650821686,0.3387514650821686
real,MSVD,YmXCfQm0_CA_277_284.mp4,patch_only,,0.1,0.9,same_grid_second_order,,,,,bottomk_mean,0.4,3,3,0.09422850608825684,0.1861013025045395,0.1769140213727951,0.1769140213727951
real,MSVD,YmXCfQm0_CA_50_57.mp4,patch_only,,0.1,0.9,same_grid_second_order,,,,,bottomk_mean,0.4,3,3,0.5394582152366638,0.38339221477508545,0.39899882674217224,0.39899882674217224
real,MSVD,YmXCfQm0_CA_68_75.mp4,patch_only,,0.1,0.9,same_grid_second_order,,,,,bottomk_mean,0.4,3,3,0.7296819686889648,0.3215547800064087,0.3623674809932709,0.3623674809932709
real,MSVD,YmXCfQm0_CA_7_16.mp4,patch_only,,0.1,0.9,same_grid_second_order,,,,,bottomk_mean,0.4,3,3,0.19375735521316528,0.040047112852334976,0.05541813746094704,0.05541813746094704
real,MSVD,YndZ9YulpTo_61_76.mp4,patch_only,,0.1,0.9,same_grid_second_order,,,,,bottomk_mean,0.4,3,3,0.7037691473960876,0.8639575839042664,0.8479387760162354,0.8479387760162354
real,MSVD,YwmUgVrUJ4I_0_15.mp4,patch_only,,0.1,0.9,same_grid_second_order,,,,,bottomk_mean,0.4,3,3,0.08186101168394089,0.3998822271823883,0.3680800795555115,0.3680800795555115
real,MSVD,Z-An1QQ66f0_13_25.mp4,patch_only,,0.1,0.9,same_grid_second_order,,,,,bottomk_mean,0.4,3,3,0.29623085260391235,0.23144876956939697,0.23792697489261627,0.23792697489261627
real,MSVD,Z10_CDPQKKs_1_6.mp4,patch_only,,0.1,0.9,same_grid_second_order,,,,,bottomk_mean,0.4,3,3,0.6154299378395081,0.40694934129714966,0.42779740691185,0.42779740691185
real,MSVD,Z19zFlPah-o_6_11.mp4,patch_only,,0.1,0.9,same_grid_second_order,,,,,bottomk_mean,0.4,3,3,0.03710247203707695,0.0023557126987725496,0.005830388516187668,0.005830388516187668
real,MSVD,Z3XarHZ3HpY_10_17.mp4,patch_only,,0.1,0.9,same_grid_second_order,,,,,bottomk_mean,0.4,3,3,0.6372202634811401,0.04475853964686394,0.10400471091270447,0.10400471091270447
real,MSVD,Z3m9V8qPXhQ_13_24.mp4,patch_only,,0.1,0.9,same_grid_second_order,,,,,bottomk_mean,0.4,3,3,0.5429917573928833,0.34982332587242126,0.3691401779651642,0.3691401779651642
real,MSVD,Z8rTzW9Gb6Y_116_123.mp4,patch_only,,0.1,0.9,same_grid_second_order,,,,,bottomk_mean,0.4,3,3,0.4140164852142334,0.33392226696014404,0.34193167090415955,0.34193167090415955
real,MSVD,ZDoy9S82ETA_5_15.mp4,patch_only,,0.1,0.9,same_grid_second_order,,,,,bottomk_mean,0.4,3,3,0.6136631369590759,0.48998820781707764,0.502355694770813,0.502355694770813
real,MSVD,ZK4W-2ifl6I_1_28.mp4,patch_only,,0.1,0.9,same_grid_second_order,,,,,bottomk_mean,0.4,3,3,0.3244993984699249,0.5977620482444763,0.5704358220100403,0.5704358220100403
real,MSVD,ZL7P_XmSnEY_205_209.mp4,patch_only,,0.1,0.9,same_grid_second_order,,,,,bottomk_mean,0.4,3,3,0.38103652000427246,0.22084805369377136,0.23686690628528595,0.23686690628528595
real,MSVD,ZN2_czSBSD0_240_250.mp4,patch_only,,0.1,0.9,same_grid_second_order,,,,,bottomk_mean,0.4,3,3,0.0494699664413929,0.08303886651992798,0.07968197762966156,0.07968197762966156
real,MSVD,ZYaxg5NZW_g_21_27.mp4,patch_only,,0.1,0.9,same_grid_second_order,,,,,bottomk_mean,0.4,3,3,0.05653710290789604,0.0494699664413929,0.05017668008804321,0.05017668008804321
real,MSVD,ZbtpcGi2DWY_161_170.mp4,patch_only,,0.1,0.9,same_grid_second_order,,,,,bottomk_mean,0.4,3,3,0.10954063385725021,0.07479387521743774,0.07826855033636093,0.07826855033636093
real,MSVD,ZbtpcGi2DWY_56_62.mp4,patch_only,,0.1,0.9,same_grid_second_order,,,,,bottomk_mean,0.4,3,3,0.02473498322069645,0.062426384538412094,0.058657243847846985,0.058657243847846985
real,MSVD,ZbzDGXEwtGc_6_15.mp4,patch_only,,0.1,0.9,same_grid_second_order,,,,,bottomk_mean,0.4,3,3,0.007656065747141838,0.0011778563493862748,0.0018256772309541702,0.0018256772309541702
real,MSVD,ZdNP0dXCx2I_78_90.mp4,patch_only,,0.1,0.9,same_grid_second_order,,,,,bottomk_mean,0.4,3,3,0.19964663684368134,0.12720848619937897,0.13445229828357697,0.13445229828357697
real,MSVD,ZdlG8fjGJlo_78_87.mp4,patch_only,,0.1,0.9,same_grid_second_order,,,,,bottomk_mean,0.4,3,3,0.7120141386985779,0.7279151678085327,0.7263250946998596,0.7263250946998596
real,MSVD,Zg0p5TXi_Cc_30_46.mp4,patch_only,,0.1,0.9,same_grid_second_order,,,,,bottomk_mean,0.4,3,3,0.7720848321914673,0.8698468804359436,0.8600706458091736,0.8600706458091736
real,MSVD,ZlX_Gy4HP2E_38_55.mp4,patch_only,,0.1,0.9,same_grid_second_order,,,,,bottomk_mean,0.4,3,3,0.6254416704177856,0.5506477952003479,0.558127224445343,0.558127224445343
real,MSVD,ZnLgsasu82g_71_81.mp4,patch_only,,0.1,0.9,same_grid_second_order,,,,,bottomk_mean,0.4,3,3,0.14782096445560455,0.06595995277166367,0.07414605468511581,0.07414605468511581
real,MSVD,Zoz0HcCB1vU_0_10.mp4,patch_only,,0.1,0.9,same_grid_second_order,,,,,bottomk_mean,0.4,3,3,0.1590106040239334,0.40930506587028503,0.3842756152153015,0.3842756152153015
real,MSVD,Zqmx-nXhLAg_0_10.mp4,patch_only,,0.1,0.9,same_grid_second_order,,,,,bottomk_mean,0.4,3,3,0.21849234402179718,0.4570082426071167,0.43315666913986206,0.43315666913986206
real,MSVD,ZvJvNcukZ4w_0_10.mp4,patch_only,,0.1,0.9,same_grid_second_order,,,,,bottomk_mean,0.4,3,3,0.6725559234619141,0.5594817399978638,0.5707891583442688,0.5707891583442688
real,MSVD,ZxqkAGNyo8A_12_22.mp4,patch_only,,0.1,0.9,same_grid_second_order,,,,,bottomk_mean,0.4,3,3,0.5359246134757996,0.25736159086227417,0.28521791100502014,0.28521791100502014
real,MSVD,_0nX-El-ySo_83_93.mp4,patch_only,,0.1,0.9,same_grid_second_order,,,,,bottomk_mean,0.4,3,3,0.426972895860672,0.41872790455818176,0.41955241560935974,0.41955241560935974
real,MSVD,_1vy2HIN60A_32_40.mp4,patch_only,,0.1,0.9,same_grid_second_order,,,,,bottomk_mean,0.4,3,3,0.15842166543006897,0.17137809097766876,0.1700824499130249,0.1700824499130249
real,MSVD,_6OTzzK7t9Y_158_170.mp4,patch_only,,0.1,0.9,same_grid_second_order,,,,,bottomk_mean,0.4,3,3,0.29328620433807373,0.4623085856437683,0.44540634751319885,0.44540634751319885
real,MSVD,_6OTzzK7t9Y_73_78.mp4,patch_only,,0.1,0.9,same_grid_second_order,,,,,bottomk_mean,0.4,3,3,0.9257950782775879,0.846878707408905,0.854770302772522,0.854770302772522
real,MSVD,_9iG5Ge01PM_3_11.mp4,patch_only,,0.1,0.9,same_grid_second_order,,,,,bottomk_mean,0.4,3,3,0.12249705195426941,0.08892814815044403,0.09228504449129105,0.09228504449129105
real,MSVD,_JVxurtGIhI_32_42.mp4,patch_only,,0.1,0.9,same_grid_second_order,,,,,bottomk_mean,0.4,3,3,0.8568904399871826,0.15135453641414642,0.22190812230110168,0.22190812230110168
real,MSVD,_JorUS-8Nlg_63_73.mp4,patch_only,,0.1,0.9,same_grid_second_order,,,,,bottomk_mean,0.4,3,3,0.7379269599914551,0.7691401839256287,0.7660188674926758,0.7660188674926758
real,MSVD,_O9kWD8nuRU_16_23.mp4,patch_only,,0.1,0.9,same_grid_second_order,,,,,bottomk_mean,0.4,3,3,0.9063604474067688,0.8309776186943054,0.8385158777236938,0.8385158777236938
real,MSVD,_O9kWD8nuRU_37_43.mp4,patch_only,,0.1,0.9,same_grid_second_order,,,,,bottomk_mean,0.4,3,3,0.7438162565231323,0.9935218095779419,0.9685512185096741,0.9685512185096741
real,MSVD,_O9kWD8nuRU_45_49.mp4,patch_only,,0.1,0.9,same_grid_second_order,,,,,bottomk_mean,0.4,3,3,0.9964664578437805,0.9888103604316711,0.989575982093811,0.989575982093811
real,MSVD,_O9kWD8nuRU_50_56.mp4,patch_only,,0.1,0.9,same_grid_second_order,,,,,bottomk_mean,0.4,3,3,0.9204946756362915,0.9958775043487549,0.9883392453193665,0.9883392453193665
real,MSVD,_O9kWD8nuRU_70_76.mp4,patch_only,,0.1,0.9,same_grid_second_order,,,,,bottomk_mean,0.4,3,3,0.9623085856437683,0.9575971961021423,0.958068311214447,0.958068311214447
real,MSVD,_OBlgSz8sSM_15_32.mp4,patch_only,,0.1,0.9,same_grid_second_order,,,,,bottomk_mean,0.4,3,3,0.35453474521636963,0.43050646781921387,0.42290931940078735,0.42290931940078735
real,MSVD,_QJbjKkfdcs_52_57.mp4,patch_only,,0.1,0.9,same_grid_second_order,,,,,bottomk_mean,0.4,3,3,0.1967020034790039,0.3345111906528473,0.3207302689552307,0.3207302689552307
real,MSVD,_SNE2MYAotU_41_49.mp4,patch_only,,0.1,0.9,same_grid_second_order,,,,,bottomk_mean,0.4,3,3,0.34570083022117615,0.4882214367389679,0.47396937012672424,0.47396937012672424
real,MSVD,_WRC7HXBJpU_360_370.mp4,patch_only,,0.1,0.9,same_grid_second_order,,,,,bottomk_mean,0.4,3,3,0.9128386378288269,0.8934040069580078,0.8953474760055542,0.8953474760055542
real,MSVD,_WRC7HXBJpU_386_391.mp4,patch_only,,0.1,0.9,same_grid_second_order,,,,,bottomk_mean,0.4,3,3,0.4375736117362976,0.5624263882637024,0.5499411225318909,0.5499411225318909
real,MSVD,_WRC7HXBJpU_395_401.mp4,patch_only,,0.1,0.9,same_grid_second_order,,,,,bottomk_mean,0.4,3,3,0.9157832860946655,0.9517078995704651,0.9481154084205627,0.9481154084205627
real,MSVD,_WRC7HXBJpU_414_425.mp4,patch_only,,0.1,0.9,same_grid_second_order,,,,,bottomk_mean,0.4,3,3,0.4946996569633484,0.5094228386878967,0.5079505443572998,0.5079505443572998
real,MSVD,_ZwwKOzpt2I_69_76.mp4,patch_only,,0.1,0.9,same_grid_second_order,,,,,bottomk_mean,0.4,3,3,0.8657243847846985,0.7938751578330994,0.8010600805282593,0.8010600805282593
real,MSVD,_o1UXSxTjfo_68_80.mp4,patch_only,,0.1,0.9,same_grid_second_order,,,,,bottomk_mean,0.4,3,3,0.29387515783309937,0.34805652499198914,0.34263840317726135,0.34263840317726135
real,MSVD,_pBeOAMjGm8_1_18.mp4,patch_only,,0.1,0.9,same_grid_second_order,,,,,bottomk_mean,0.4,3,3,0.866902232170105,0.729093074798584,0.7428739666938782,0.7428739666938782
real,MSVD,_pj2Nutu5v8_1_8.mp4,patch_only,,0.1,0.9,same_grid_second_order,,,,,bottomk_mean,0.4,3,3,0.38221436738967896,0.4416961073875427,0.4357479512691498,0.4357479512691498
real,MSVD,_sJ_09Mf1HY_49_72.mp4,patch_only,,0.1,0.9,same_grid_second_order,,,,,bottomk_mean,0.4,3,3,0.6813898682594299,0.6949352025985718,0.693580687046051,0.693580687046051
real,MSVD,_txL575S_OA_13_23.mp4,patch_only,,0.1,0.9,same_grid_second_order,,,,,bottomk_mean,0.4,3,3,0.5777385234832764,0.007656065747141838,0.0646643117070198,0.0646643117070198
real,MSVD,_yUiusXxfWI_150_165.mp4,patch_only,,0.1,0.9,same_grid_second_order,,,,,bottomk_mean,0.4,3,3,0.5612485408782959,0.567726731300354,0.5670788884162903,0.5670788884162903
real,MSVD,a-cek0mvXxE_15_25.mp4,patch_only,,0.1,0.9,same_grid_second_order,,,,,bottomk_mean,0.4,3,3,0.8351001143455505,0.5353356599807739,0.5653121471405029,0.5653121471405029
real,MSVD,a0g7wtBkS98_34_42.mp4,patch_only,,0.1,0.9,same_grid_second_order,,,,,bottomk_mean,0.4,3,3,0.2879858613014221,0.036513544619083405,0.061660777777433395,0.061660777777433395
real,MSVD,a1Y73sPHKxw_0_5.mp4,patch_only,,0.1,0.9,same_grid_second_order,,,,,bottomk_mean,0.4,3,3,0.03180212154984474,0.028857478871941566,0.02915194258093834,0.02915194258093834
real,MSVD,a1i6T160REQ_5_18.mp4,patch_only,,0.1,0.9,same_grid_second_order,,,,,bottomk_mean,0.4,3,3,0.14369846880435944,0.3386336863040924,0.31914016604423523,0.31914016604423523
real,MSVD,a28s_wyqkyc_68_77.mp4,patch_only,,0.1,0.9,same_grid_second_order,,,,,bottomk_mean,0.4,3,3,0.24381625652313232,0.13486455380916595,0.145759716629982,0.145759716629982
real,MSVD,a8PAY4rvzRM_1_10.mp4,patch_only,,0.1,0.9,same_grid_second_order,,,,,bottomk_mean,0.4,3,3,0.005889281630516052,0.22968198359012604,0.20730270445346832,0.20730270445346832
real,MSVD,aA05I5QaZnM_66_75.mp4,patch_only,,0.1,0.9,same_grid_second_order,,,,,bottomk_mean,0.4,3,3,0.6454652547836304,0.8244994282722473,0.8065959811210632,0.8065959811210632
real,MSVD,aDjNl5gs4nM_18_47.mp4,patch_only,,0.1,0.9,same_grid_second_order,,,,,bottomk_mean,0.4,3,3,0.9658421874046326,0.8886925578117371,0.8964075446128845,0.8964075446128845
real,MSVD,aGUx0QOKWXw_7_12.mp4,patch_only,,0.1,0.9,same_grid_second_order,,,,,bottomk_mean,0.4,3,3,0.39281508326530457,0.5706713795661926,0.5528857707977295,0.5528857707977295
real,MSVD,aHiUM8uWxxo_17_25.mp4,patch_only,,0.1,0.9,same_grid_second_order,,,,,bottomk_mean,0.4,3,3,0.5965842008590698,0.12190812826156616,0.1693757325410843,0.1693757325410843
real,MSVD,aJoDt4DMkFU_118_124.mp4,patch_only,,0.1,0.9,same_grid_second_order,,,,,bottomk_mean,0.4,3,3,0.025323910638689995,0.6584216952323914,0.5951119065284729,0.5951119065284729
real,MSVD,aK8liAv-28s_72_82.mp4,patch_only,,0.1,0.9,same_grid_second_order,,,,,bottomk_mean,0.4,3,3,0.15194346010684967,0.3180212080478668,0.3014134168624878,0.3014134168624878
real,MSVD,aM-RcQj0a7I_37_55.mp4,patch_only,,0.1,0.9,same_grid_second_order,,,,,bottomk_mean,0.4,3,3,0.9098939895629883,0.8327444195747375,0.8404593467712402,0.8404593467712402
real,MSVD,aN0WsBcja_E_0_15.mp4,patch_only,,0.1,0.9,same_grid_second_order,,,,,bottomk_mean,0.4,3,3,0.24558304250240326,0.6525323987007141,0.6118374466896057,0.6118374466896057
real,MSVD,aQWCKcg0VRU_321_339.mp4,patch_only,,0.1,0.9,same_grid_second_order,,,,,bottomk_mean,0.4,3,3,0.3409894108772278,0.9699646830558777,0.9070671200752258,0.9070671200752258
real,MSVD,aeA-HN7BMdo_16_33.mp4,patch_only,,0.1,0.9,same_grid_second_order,,,,,bottomk_mean,0.4,3,3,0.9640753865242004,0.8474676012992859,0.8591284155845642,0.8591284155845642
real,MSVD,aeA-HN7BMdo_34_41.mp4,patch_only,,0.1,0.9,same_grid_second_order,,,,,bottomk_mean,0.4,3,3,0.3674911558628082,0.7626619338989258,0.7231448888778687,0.7231448888778687
real,MSVD,aeA-HN7BMdo_52_58.mp4,patch_only,,0.1,0.9,same_grid_second_order,,,,,bottomk_mean,0.4,3,3,0.8239104747772217,0.7167255878448486,0.727444052696228,0.727444052696228
real,MSVD,akXjIEoecNs_2_12.mp4,patch_only,,0.1,0.9,same_grid_second_order,,,,,bottomk_mean,0.4,3,3,0.7061248421669006,0.24499410390853882,0.291107177734375,0.291107177734375
real,MSVD,ao-9B8IV9_E_108_119.mp4,patch_only,,0.1,0.9,same_grid_second_order,,,,,bottomk_mean,0.4,3,3,0.5005889534950256,0.5924617052078247,0.5832744240760803,0.5832744240760803
real,MSVD,ao-9B8IV9_E_175_187.mp4,patch_only,,0.1,0.9,same_grid_second_order,,,,,bottomk_mean,0.4,3,3,0.550058901309967,0.42756184935569763,0.4398115575313568,0.4398115575313568
real,MSVD,ao-9B8IV9_E_37_44.mp4,patch_only,,0.1,0.9,same_grid_second_order,,,,,bottomk_mean,0.4,3,3,0.6295641660690308,0.7473497986793518,0.7355712652206421,0.7355712652206421
real,MSVD,ao-9B8IV9_E_77_81.mp4,patch_only,,0.1,0.9,same_grid_second_order,,,,,bottomk_mean,0.4,3,3,0.4181389808654785,0.2944640815258026,0.30683156847953796,0.30683156847953796
real,MSVD,ao-9B8IV9_E_87_95.mp4,patch_only,,0.1,0.9,same_grid_second_order,,,,,bottomk_mean,0.4,3,3,0.901648998260498,0.8739693760871887,0.8767373561859131,0.8767373561859131
real,MSVD,auFXfsCzAvQ_1_15.mp4,patch_only,,0.1,0.9,same_grid_second_order,,,,,bottomk_mean,0.4,3,3,0.14664310216903687,0.16489988565444946,0.16307421028614044,0.16307421028614044
real,MSVD,b24_bb57PPk_631_637.mp4,patch_only,,0.1,0.9,same_grid_second_order,,,,,bottomk_mean,0.4,3,3,0.18315665423870087,0.39752650260925293,0.37608951330184937,0.37608951330184937
real,MSVD,b4FM9OLBGyM_37_49.mp4,patch_only,,0.1,0.9,same_grid_second_order,,,,,bottomk_mean,0.4,3,3,0.29387515783309937,0.3009422719478607,0.3002355694770813,0.3002355694770813
real,MSVD,b71bI0rH1g8_75_90.mp4,patch_only,,0.1,0.9,same_grid_second_order,,,,,bottomk_mean,0.4,3,3,0.13074204325675964,0.15253238379955292,0.1503533571958542,0.1503533571958542
real,MSVD,b97TK8XVLHE_40_50.mp4,patch_only,,0.1,0.9,same_grid_second_order,,,,,bottomk_mean,0.4,3,3,0.18433451652526855,0.26383981108665466,0.25588926672935486,0.25588926672935486
real,MSVD,bDoCQEwghZU_201_211.mp4,patch_only,,0.1,0.9,same_grid_second_order,,,,,bottomk_mean,0.4,3,3,0.1666666716337204,0.2173144817352295,0.21224971115589142,0.21224971115589142
real,MSVD,bK-i_FAcpoY_86_92.mp4,patch_only,,0.1,0.9,same_grid_second_order,,,,,bottomk_mean,0.4,3,3,0.10247349739074707,0.05418138951063156,0.05901060253381729,0.05901060253381729
real,MSVD,bL_Kijz9IN4_0_15.mp4,patch_only,,0.1,0.9,same_grid_second_order,,,,,bottomk_mean,0.4,3,3,0.9057714939117432,0.9593639373779297,0.95400470495224,0.95400470495224
real,MSVD,bLqmf8x7rLI_2_8.mp4,patch_only,,0.1,0.9,same_grid_second_order,,,,,bottomk_mean,0.4,3,3,0.25323909521102905,0.2620730400085449,0.26118963956832886,0.26118963956832886
real,MSVD,bQJQGoJF7_k_109_115.mp4,patch_only,,0.1,0.9,same_grid_second_order,,,,,bottomk_mean,0.4,3,3,0.9004711508750916,0.8763250708580017,0.8787397146224976,0.8787397146224976
real,MSVD,bQJQGoJF7_k_120_126.mp4,patch_only,,0.1,0.9,same_grid_second_order,,,,,bottomk_mean,0.4,3,3,0.9022379517555237,0.8038869500160217,0.8137220144271851,0.8137220144271851
real,MSVD,bQJQGoJF7_k_145_153.mp4,patch_only,,0.1,0.9,same_grid_second_order,,,,,bottomk_mean,0.4,3,3,0.9269729256629944,0.9293286204338074,0.929093062877655,0.929093062877655
real,MSVD,bQJQGoJF7_k_162_169.mp4,patch_only,,0.1,0.9,same_grid_second_order,,,,,bottomk_mean,0.4,3,3,0.8545347452163696,0.7196701765060425,0.733156681060791,0.733156681060791
real,MSVD,bSIjZ75a50s_286_304.mp4,patch_only,,0.1,0.9,same_grid_second_order,,,,,bottomk_mean,0.4,3,3,0.22968198359012604,0.4634864628314972,0.44010600447654724,0.44010600447654724
real,MSVD,bXsKw3TOQXs_30_55.mp4,patch_only,,0.1,0.9,same_grid_second_order,,,,,bottomk_mean,0.4,3,3,0.8651354312896729,0.9034157991409302,0.8995877504348755,0.8995877504348755
real,MSVD,b_BuSVZwq6M_1_9.mp4,patch_only,,0.1,0.9,same_grid_second_order,,,,,bottomk_mean,0.4,3,3,0.2279151976108551,0.2420494705438614,0.24063603579998016,0.24063603579998016
real,MSVD,bb6V0Grtub4_174_185.mp4,patch_only,,0.1,0.9,same_grid_second_order,,,,,bottomk_mean,0.4,3,3,0.5488810539245605,0.73380446434021,0.715312123298645,0.715312123298645
real,MSVD,bmOy6p87TWI_26_35.mp4,patch_only,,0.1,0.9,same_grid_second_order,,,,,bottomk_mean,0.4,3,3,0.6713780760765076,0.22732625901699066,0.271731436252594,0.271731436252594
real,MSVD,bmvD4HlPFxg_20_27.mp4,patch_only,,0.1,0.9,same_grid_second_order,,,,,bottomk_mean,0.4,3,3,0.8056536912918091,0.630742073059082,0.6482332348823547,0.6482332348823547
real,MSVD,bnN_o0Hkn3M_73_80.mp4,patch_only,,0.1,0.9,same_grid_second_order,,,,,bottomk_mean,0.4,3,3,0.6189634799957275,0.4817432165145874,0.4954652488231659,0.4954652488231659
real,MSVD,bqMmyY1ImkI_0_14.mp4,patch_only,,0.1,0.9,same_grid_second_order,,,,,bottomk_mean,0.4,3,3,0.33922260999679565,0.47703179717063904,0.46325087547302246,0.46325087547302246
real,MSVD,bruzcOyIGeg_4_12.mp4,patch_only,,0.1,0.9,same_grid_second_order,,,,,bottomk_mean,0.4,3,3,0.49823322892189026,0.583038866519928,0.5745583176612854,0.5745583176612854
real,MSVD,btxCxlO1Euc_1_20.mp4,patch_only,,0.1,0.9,same_grid_second_order,,,,,bottomk_mean,0.4,3,3,0.4829210937023163,0.4257950484752655,0.4315076470375061,0.4315076470375061
real,MSVD,buJ5HDCinrM_150_166.mp4,patch_only,,0.1,0.9,same_grid_second_order,,,,,bottomk_mean,0.4,3,3,0.12779740989208221,0.763839840888977,0.7002355456352234,0.7002355456352234
real,MSVD,bxDlC7YV5is_0_12.mp4,patch_only,,0.1,0.9,same_grid_second_order,,,,,bottomk_mean,0.4,3,3,0.2656065821647644,0.3427561819553375,0.33504122495651245,0.33504122495651245
real,MSVD,bxjFqtfJlMs_18_27.mp4,patch_only,,0.1,0.9,same_grid_second_order,,,,,bottomk_mean,0.4,3,3,0.24970553815364838,0.10247349739074707,0.1171967014670372,0.1171967014670372
real,MSVD,c2MwqFYVE7A_40_45.mp4,patch_only,,0.1,0.9,same_grid_second_order,,,,,bottomk_mean,0.4,3,3,0.44346290826797485,0.10777384787797928,0.14134275913238525,0.14134275913238525
real,MSVD,c2a0GcoJAjw_107_129.mp4,patch_only,,0.1,0.9,same_grid_second_order,,,,,bottomk_mean,0.4,3,3,0.1925795078277588,0.45347467064857483,0.427385151386261,0.427385151386261
real,MSVD,c51L6ZxZGjQ_137_154.mp4,patch_only,,0.1,0.9,same_grid_second_order,,,,,bottomk_mean,0.4,3,3,0.5942285060882568,0.8197879791259766,0.7972320318222046,0.7972320318222046
real,MSVD,c53HKs39i28_26_35.mp4,patch_only,,0.1,0.9,same_grid_second_order,,,,,bottomk_mean,0.4,3,3,0.8892815113067627,0.8981154561042786,0.8972320556640625,0.8972320556640625
real,MSVD,c76tShLfQb0_74_81.mp4,patch_only,,0.1,0.9,same_grid_second_order,,,,,bottomk_mean,0.4,3,3,0.7691401839256287,0.43934041261672974,0.4723203778266907,0.4723203778266907
real,MSVD,cCmnN96zIeQ_14_24.mp4,patch_only,,0.1,0.9,same_grid_second_order,,,,,bottomk_mean,0.4,3,3,0.42638397216796875,0.5577149391174316,0.5445818901062012,0.5445818901062012
real,MSVD,cFzSEIGrEfA_0_24.mp4,patch_only,,0.1,0.9,same_grid_second_order,,,,,bottomk_mean,0.4,3,3,0.17785629630088806,0.6919905543327332,0.6405771374702454,0.6405771374702454
real,MSVD,cM55xNJ_pfU_1_20.mp4,patch_only,,0.1,0.9,same_grid_second_order,,,,,bottomk_mean,0.4,3,3,0.5100117921829224,0.19552414119243622,0.22697290778160095,0.22697290778160095
real,MSVD,cR2yi-JnGcQ_8_16.mp4,patch_only,,0.1,0.9,same_grid_second_order,,,,,bottomk_mean,0.4,3,3,0.061248525977134705,0.45347467064857483,0.41425207257270813,0.41425207257270813
real,MSVD,cSDkshD2ME0_11_14.mp4,patch_only,,0.1,0.9,same_grid_second_order,,,,,bottomk_mean,0.4,3,3,0.22732625901699066,0.1925795078277588,0.19605417549610138,0.19605417549610138
real,MSVD,cSDkshD2ME0_12_15.mp4,patch_only,,0.1,0.9,same_grid_second_order,,,,,bottomk_mean,0.4,3,3,0.291519433259964,0.5058892965316772,0.4844523072242737,0.4844523072242737
real,MSVD,cUW_bXll6YM_390_395.mp4,patch_only,,0.1,0.9,same_grid_second_order,,,,,bottomk_mean,0.4,3,3,0.3969375789165497,0.4840989410877228,0.47538280487060547,0.47538280487060547
real,MSVD,cWOPC2kt_IA_8_16.mp4,patch_only,,0.1,0.9,same_grid_second_order,,,,,bottomk_mean,0.4,3,3,0.0742049440741539,0.48115429282188416,0.44045937061309814,0.44045937061309814
real,MSVD,c_-eFL7Sfw4_19_35.mp4,patch_only,,0.1,0.9,same_grid_second_order,,,,,bottomk_mean,0.4,3,3,0.5671378374099731,0.563015341758728,0.5634275674819946,0.5634275674819946
real,MSVD,c_XV7nPoRg8_2_12.mp4,patch_only,,0.1,0.9,same_grid_second_order,,,,,bottomk_mean,0.4,3,3,0.13309776782989502,0.12544170022010803,0.12620730698108673,0.12620730698108673
real,MSVD,ceOXCFUmxzA_100_110.mp4,patch_only,,0.1,0.9,same_grid_second_order,,,,,bottomk_mean,0.4,3,3,0.5818610191345215,0.5712603330612183,0.5723204016685486,0.5723204016685486
real,MSVD,clKtfGBVI1I_15_28.mp4,patch_only,,0.1,0.9,same_grid_second_order,,,,,bottomk_mean,0.4,3,3,0.3733804523944855,0.14252060651779175,0.16560660302639008,0.16560660302639008
real,MSVD,clpgffj3sUw_1_12.mp4,patch_only,,0.1,0.9,same_grid_second_order,,,,,bottomk_mean,0.4,3,3,0.16372202336788177,0.5765606760978699,0.5352767705917358,0.5352767705917358
real,MSVD,cmQ3SiIaWy4_4_20.mp4,patch_only,,0.1,0.9,same_grid_second_order,,,,,bottomk_mean,0.4,3,3,0.16254417598247528,0.6967020034790039,0.6432862281799316,0.6432862281799316
real,MSVD,cnsjm3fNEec_4_10.mp4,patch_only,,0.1,0.9,same_grid_second_order,,,,,bottomk_mean,0.4,3,3,0.2550058960914612,0.7903415560722351,0.7368080019950867,0.7368080019950867
real,MSVD,cs33MNhpRNw_16_21.mp4,patch_only,,0.1,0.9,same_grid_second_order,,,,,bottomk_mean,0.4,3,3,0.4858657121658325,0.5494699478149414,0.5431095361709595,0.5431095361709595
real,MSVD,cwkjJrGpoaU_30_41.mp4,patch_only,,0.1,0.9,same_grid_second_order,,,,,bottomk_mean,0.4,3,3,0.9263839721679688,0.7979976534843445,0.8108362555503845,0.8108362555503845
real,MSVD,d1zdJO3CqVw_1_35.mp4,patch_only,,0.1,0.9,same_grid_second_order,,,,,bottomk_mean,0.4,3,3,0.5070671439170837,0.7544169425964355,0.7296819686889648,0.7296819686889648
real,MSVD,d4AGWnHJcaY_6_19.mp4,patch_only,,0.1,0.9,same_grid_second_order,,,,,bottomk_mean,0.4,3,3,0.7073026895523071,0.2667844593524933,0.3108362853527069,0.3108362853527069
real,MSVD,d7Gs0uGFLh0_5_13.mp4,patch_only,,0.1,0.9,same_grid_second_order,,,,,bottomk_mean,0.4,3,3,0.7820965647697449,0.47585394978523254,0.5064781904220581,0.5064781904220581
real,MSVD,d7eGypGOlOc_13_22.mp4,patch_only,,0.1,0.9,same_grid_second_order,,,,,bottomk_mean,0.4,3,3,0.7750294208526611,0.2514723241329193,0.30382803082466125,0.30382803082466125
real,MSVD,dEn5E-TNezw_13_23.mp4,patch_only,,0.1,0.9,same_grid_second_order,,,,,bottomk_mean,0.4,3,3,0.10011778771877289,0.1837455779314041,0.1753828078508377,0.1753828078508377
real,MSVD,dJ3ba9zwx6c_5_15.mp4,patch_only,,0.1,0.9,same_grid_second_order,,,,,bottomk_mean,0.4,3,3,0.598351001739502,0.09776207059621811,0.14782096445560455,0.14782096445560455
real,MSVD,dJCtOz32dnw_40_60.mp4,patch_only,,0.1,0.9,same_grid_second_order,,,,,bottomk_mean,0.4,3,3,0.5795053243637085,0.2862190902233124,0.3155477046966553,0.3155477046966553
real,MSVD,dJEoDaA6VXc_1_19.mp4,patch_only,,0.1,0.9,same_grid_second_order,,,,,bottomk_mean,0.4,3,3,0.24499410390853882,0.23085983097553253,0.23227326571941376,0.23227326571941376
real,MSVD,dMH0bHeiRNg_3_14.mp4,patch_only,,0.1,0.9,same_grid_second_order,,,,,bottomk_mean,0.4,3,3,0.7603062391281128,0.617785632610321,0.6320376992225647,0.6320376992225647
real,MSVD,dP15zlyra3c_0_10.mp4,patch_only,,0.1,0.9,same_grid_second_order,,,,,bottomk_mean,0.4,3,3,0.02826855145394802,0.0035335689317435026,0.006007066927850246,0.006007066927850246
real,MSVD,dQmaVQZz7EE_1_18.mp4,patch_only,,0.1,0.9,same_grid_second_order,,,,,bottomk_mean,0.4,3,3,0.6442874073982239,0.7067137956619263,0.7004711627960205,0.7004711627960205
real,MSVD,dZBIdRGKRhM_13_32.mp4,patch_only,,0.1,0.9,same_grid_second_order,,,,,bottomk_mean,0.4,3,3,0.49411073327064514,0.5471142530441284,0.5418139100074768,0.5418139100074768
real,MSVD,d_BWuttLRFM_42_52.mp4,patch_only,,0.1,0.9,same_grid_second_order,,,,,bottomk_mean,0.4,3,3,0.7102473378181458,0.4363957643508911,0.4637809097766876,0.4637809097766876
real,MSVD,dabI5gfaFm4_19_25.mp4,patch_only,,0.1,0.9,same_grid_second_order,,,,,bottomk_mean,0.4,3,3,0.9464075565338135,0.9876325130462646,0.9835100173950195,0.9835100173950195
real,MSVD,dc4UltkRJsw_53_59.mp4,patch_only,,0.1,0.9,same_grid_second_order,,,,,bottomk_mean,0.4,3,3,0.16489988565444946,0.5259128212928772,0.4898115396499634,0.4898115396499634
real,MSVD,dfOuTx66bJU_11_14.mp4,patch_only,,0.1,0.9,same_grid_second_order,,,,,bottomk_mean,0.4,3,3,0.10600706934928894,0.03474676236510277,0.041872791945934296,0.041872791945934296
real,MSVD,dfOuTx66bJU_34_39.mp4,patch_only,,0.1,0.9,same_grid_second_order,,,,,bottomk_mean,0.4,3,3,0.869257926940918,0.6383981108665466,0.6614841222763062,0.6614841222763062
real,MSVD,dhxE9CNeVeY_0_12.mp4,patch_only,,0.1,0.9,same_grid_second_order,,,,,bottomk_mean,0.4,3,3,0.5995288491249084,0.9051825404167175,0.8746172189712524,0.8746172189712524
real,MSVD,dmyz_f8Sx14_56_66.mp4,patch_only,,0.1,0.9,same_grid_second_order,,,,,bottomk_mean,0.4,3,3,0.6884570121765137,0.25206124782562256,0.2957008183002472,0.2957008183002472
real,MSVD,dq7agmFWkq0_5_9.mp4,patch_only,,0.1,0.9,same_grid_second_order,,,,,bottomk_mean,0.4,3,3,0.4022379219532013,0.5877503156661987,0.5691990852355957,0.5691990852355957
real,MSVD,dtn0PuxgfkM_0_5.mp4,patch_only,,0.1,0.9,same_grid_second_order,,,,,bottomk_mean,0.4,3,3,0.6383981108665466,0.21142520010471344,0.2541224956512451,0.2541224956512451
real,MSVD,dtwXtwJByYk_5_14.mp4,patch_only,,0.1,0.9,same_grid_second_order,,,,,bottomk_mean,0.4,3,3,0.6277974247932434,0.512956440448761,0.5244405269622803,0.5244405269622803
real,MSVD,e-j59PqJjSM_163_173.mp4,patch_only,,0.1,0.9,same_grid_second_order,,,,,bottomk_mean,0.4,3,3,0.6666666865348816,0.7891637086868286,0.7769140005111694,0.7769140005111694
real,MSVD,e-j59PqJjSM_264_277.mp4,patch_only,,0.1,0.9,same_grid_second_order,,,,,bottomk_mean,0.4,3,3,0.76619553565979,0.8050647974014282,0.8011778593063354,0.8011778593063354
real,MSVD,e-j59PqJjSM_405_416.mp4,patch_only,,0.1,0.9,same_grid_second_order,,,,,bottomk_mean,0.4,3,3,0.8898704648017883,0.7502944469451904,0.7642520666122437,0.7642520666122437
real,MSVD,e-j59PqJjSM_50_98.mp4,patch_only,,0.1,0.9,same_grid_second_order,,,,,bottomk_mean,0.4,3,3,0.5736160278320312,0.7473497986793518,0.7299764156341553,0.7299764156341553
real,MSVD,e-sf-hyrkTs_20_35.mp4,patch_only,,0.1,0.9,same_grid_second_order,,,,,bottomk_mean,0.4,3,3,0.5270906686782837,0.17550058662891388,0.21065959334373474,0.21065959334373474
real,MSVD,e3XkmpNcSt4_8_19.mp4,patch_only,,0.1,0.9,same_grid_second_order,,,,,bottomk_mean,0.4,3,3,0.16961130499839783,0.005889281630516052,0.0222614835947752,0.0222614835947752
real,MSVD,e40bBP0_AbE_64_67.mp4,patch_only,,0.1,0.9,same_grid_second_order,,,,,bottomk_mean,0.4,3,3,0.3839811682701111,0.22732625901699066,0.24299176037311554,0.24299176037311554
real,MSVD,e4QGnppJ-ys_6_14.mp4,patch_only,,0.1,0.9,same_grid_second_order,,,,,bottomk_mean,0.4,3,3,0.6707891821861267,0.8156654834747314,0.8011778593063354,0.8011778593063354
real,MSVD,e996zZ0uV_A_152_163.mp4,patch_only,,0.1,0.9,same_grid_second_order,,,,,bottomk_mean,0.4,3,3,0.34805652499198914,0.6148409843444824,0.5881625413894653,0.5881625413894653
real,MSVD,e996zZ0uV_A_196_204.mp4,patch_only,,0.1,0.9,same_grid_second_order,,,,,bottomk_mean,0.4,3,3,0.5924617052078247,0.9216725826263428,0.8887514472007751,0.8887514472007751
real,MSVD,e996zZ0uV_A_68_72.mp4,patch_only,,0.1,0.9,same_grid_second_order,,,,,bottomk_mean,0.4,3,3,0.24263839423656464,0.6301531195640564,0.5914016366004944,0.5914016366004944
real,MSVD,eKtsMfmQ_0s_61_68.mp4,patch_only,,0.1,0.9,same_grid_second_order,,,,,bottomk_mean,0.4,3,3,0.831566572189331,0.8439340591430664,0.842697262763977,0.842697262763977
real,MSVD,ePujnD4qJO0_62_77.mp4,patch_only,,0.1,0.9,same_grid_second_order,,,,,bottomk_mean,0.4,3,3,0.416961133480072,0.16195523738861084,0.18745583295822144,0.18745583295822144
real,MSVD,eTnlw7v8ea0_36_50.mp4,patch_only,,0.1,0.9,same_grid_second_order,,,,,bottomk_mean,0.4,3,3,0.8969375491142273,0.7114251852035522,0.7299764156341553,0.7299764156341553
real,MSVD,eVSQiPbepXg_44_49.mp4,patch_only,,0.1,0.9,same_grid_second_order,,,,,bottomk_mean,0.4,3,3,0.1289752721786499,0.21260306239128113,0.20424027740955353,0.20424027740955353
real,MSVD,eZLxohGP4IE_147_158.mp4,patch_only,,0.1,0.9,same_grid_second_order,,,,,bottomk_mean,0.4,3,3,0.7449941039085388,0.9075382947921753,0.8912838697433472,0.8912838697433472
real,MSVD,eZLxohGP4IE_15_25.mp4,patch_only,,0.1,0.9,same_grid_second_order,,,,,bottomk_mean,0.4,3,3,0.6295641660690308,0.5047114491462708,0.5171967148780823,0.5171967148780823
real,MSVD,eZLxohGP4IE_190_201.mp4,patch_only,,0.1,0.9,same_grid_second_order,,,,,bottomk_mean,0.4,3,3,0.8969375491142273,0.4428739547729492,0.488280326128006,0.488280326128006
real,MSVD,eb-Zp4pJLKk_2_19.mp4,patch_only,,0.1,0.9,same_grid_second_order,,,,,bottomk_mean,0.4,3,3,0.7414605617523193,0.8368669152259827,0.827326238155365,0.827326238155365
real,MSVD,ecVwxlXc1PQ_0_12.mp4,patch_only,,0.1,0.9,same_grid_second_order,,,,,bottomk_mean,0.4,3,3,0.2773851454257965,0.1902237981557846,0.19893993437290192,0.19893993437290192
real,MSVD,ecm9gf2Pgkc_1_24.mp4,patch_only,,0.1,0.9,same_grid_second_order,,,,,bottomk_mean,0.4,3,3,0.23498232662677765,0.650765597820282,0.6091873049736023,0.6091873049736023
real,MSVD,edqyq4Q-7uU_103_109.mp4,patch_only,,0.1,0.9,same_grid_second_order,,,,,bottomk_mean,0.4,3,3,0.8174322843551636,0.8044758439064026,0.8057714700698853,0.8057714700698853
real,MSVD,eiyuac7hA4A_4_47.mp4,patch_only,,0.1,0.9,same_grid_second_order,,,,,bottomk_mean,0.4,3,3,0.9658421874046326,0.763839840888977,0.7840400338172913,0.7840400338172913
real,MSVD,ejgwQqCHN1E_7_12.mp4,patch_only,,0.1,0.9,same_grid_second_order,,,,,bottomk_mean,0.4,3,3,0.8209658265113831,0.273851603269577,0.32856300473213196,0.32856300473213196
real,MSVD,elQqQfux7Po_12_22.mp4,patch_only,,0.1,0.9,same_grid_second_order,,,,,bottomk_mean,0.4,3,3,0.015312131494283676,0.14252060651779175,0.1297997683286667,0.1297997683286667
real,MSVD,emblM4a76jg_5_15.mp4,patch_only,,0.1,0.9,same_grid_second_order,,,,,bottomk_mean,0.4,3,3,0.27915194630622864,0.07891637086868286,0.0989399328827858,0.0989399328827858
real,MSVD,eoP-SCgYM2w_49_60.mp4,patch_only,,0.1,0.9,same_grid_second_order,,,,,bottomk_mean,0.4,3,3,0.22379270195960999,0.5842167139053345,0.5481743216514587,0.5481743216514587
real,MSVD,eroAmLZ85DI_28_35.mp4,patch_only,,0.1,0.9,same_grid_second_order,,,,,bottomk_mean,0.4,3,3,0.3032979965209961,0.8998821973800659,0.8402237892150879,0.8402237892150879
real,MSVD,eyMYc-37Sk4_0_10.mp4,patch_only,,0.1,0.9,same_grid_second_order,,,,,bottomk_mean,0.4,3,3,0.5600706934928894,0.5600706934928894,0.5600706934928894,0.5600706934928894
real,MSVD,eyhzdC936uk_15_27.mp4,patch_only,,0.1,0.9,same_grid_second_order,,,,,bottomk_mean,0.4,3,3,0.3297997713088989,0.7349823117256165,0.6944640874862671,0.6944640874862671
real,MSVD,f-24IxG9ijw_25_40.mp4,patch_only,,0.1,0.9,same_grid_second_order,,,,,bottomk_mean,0.4,3,3,0.2591283917427063,0.4623085856437683,0.44199058413505554,0.44199058413505554
real,MSVD,f9Won2JpOEU_60_80.mp4,patch_only,,0.1,0.9,same_grid_second_order,,,,,bottomk_mean,0.4,3,3,0.3957597315311432,0.28563016653060913,0.29664310812950134,0.29664310812950134
real,MSVD,f9_bP219ehQ_63_70.mp4,patch_only,,0.1,0.9,same_grid_second_order,,,,,bottomk_mean,0.4,3,3,0.14487633109092712,0.17432273924350739,0.17137809097766876,0.17137809097766876
real,MSVD,fBA_lxUiwSg_2_4.mp4,patch_only,,0.1,0.9,same_grid_second_order,,,,,bottomk_mean,0.4,3,3,0.34334510564804077,0.359246164560318,0.3576560616493225,0.3576560616493225
real,MSVD,fGc6_D0JEIQ_31_46.mp4,patch_only,,0.1,0.9,same_grid_second_order,,,,,bottomk_mean,0.4,3,3,0.5447585582733154,0.6672555804252625,0.6550058722496033,0.6550058722496033
real,MSVD,fHfpMUDrQCs_17_31.mp4,patch_only,,0.1,0.9,same_grid_second_order,,,,,bottomk_mean,0.4,3,3,0.5865724086761475,0.5795053243637085,0.5802119970321655,0.5802119970321655
real,MSVD,fIaLVw_Gc_w_99_109.mp4,patch_only,,0.1,0.9,same_grid_second_order,,,,,bottomk_mean,0.4,3,3,0.052414607256650925,0.02120141312479973,0.024322733283042908,0.024322733283042908
real,MSVD,fJr2evLANsE_0_10.mp4,patch_only,,0.1,0.9,same_grid_second_order,,,,,bottomk_mean,0.4,3,3,0.6124852895736694,0.4051825702190399,0.4259128272533417,0.4259128272533417
real,MSVD,fKqBnl8D1Qo_5_44.mp4,patch_only,,0.1,0.9,same_grid_second_order,,,,,bottomk_mean,0.4,3,3,0.45524147152900696,0.3333333432674408,0.3455241322517395,0.3455241322517395
real,MSVD,fMFvOgb4k6E_35_43.mp4,patch_only,,0.1,0.9,same_grid_second_order,,,,,bottomk_mean,0.4,3,3,0.5471142530441284,0.43050646781921387,0.4421672523021698,0.4421672523021698
real,MSVD,fMXfphSi6Yw_7_12.mp4,patch_only,,0.1,0.9,same_grid_second_order,,,,,bottomk_mean,0.4,3,3,0.09835100173950195,0.31330978870391846,0.2918139100074768,0.2918139100074768
real,MSVD,fVWUaH2mCt4_1_7.mp4,patch_only,,0.1,0.9,same_grid_second_order,,,,,bottomk_mean,0.4,3,3,0.028857478871941566,0.15194346010684967,0.1396348625421524,0.1396348625421524
real,MSVD,fd7Ky1lEPT8_40_50.mp4,patch_only,,0.1,0.9,same_grid_second_order,,,,,bottomk_mean,0.4,3,3,0.8250883221626282,0.7844523191452026,0.7885159254074097,0.7885159254074097
real,MSVD,fgWFxFg7-GU_10_26.mp4,patch_only,,0.1,0.9,same_grid_second_order,,,,,bottomk_mean,0.4,3,3,0.29505300521850586,0.4505300223827362,0.4349823296070099,0.4349823296070099
real,MSVD,ficwZQYmRLE_5_20.mp4,patch_only,,0.1,0.9,same_grid_second_order,,,,,bottomk_mean,0.4,3,3,0.02237926982343197,0.2343934029340744,0.21319198608398438,0.21319198608398438
real,MSVD,fjDvKHkmxs0_119_126.mp4,patch_only,,0.1,0.9,same_grid_second_order,,,,,bottomk_mean,0.4,3,3,0.12073027342557907,0.29093050956726074,0.2739104926586151,0.2739104926586151
real,MSVD,fjDvKHkmxs0_72_87.mp4,patch_only,,0.1,0.9,same_grid_second_order,,,,,bottomk_mean,0.4,3,3,0.11425206065177917,0.3374558389186859,0.3151354491710663,0.3151354491710663
real,MSVD,fkONJEgTNJY_25_35.mp4,patch_only,,0.1,0.9,same_grid_second_order,,,,,bottomk_mean,0.4,3,3,0.40164899826049805,0.16607773303985596,0.18963485956192017,0.18963485956192017
real,MSVD,fnpp8v9NbmY_181_188.mp4,patch_only,,0.1,0.9,same_grid_second_order,,,,,bottomk_mean,0.4,3,3,0.9587750434875488,0.9611307382583618,0.9608951807022095,0.9608951807022095
real,MSVD,fr9H1WLcF1A_141_148.mp4,patch_only,,0.1,0.9,same_grid_second_order,,,,,bottomk_mean,0.4,3,3,0.5335689187049866,0.41460540890693665,0.4265017807483673,0.4265017807483673
real,MSVD,fr9H1WLcF1A_256_261.mp4,patch_only,,0.1,0.9,same_grid_second_order,,,,,bottomk_mean,0.4,3,3,0.15783274173736572,0.3097762167453766,0.2945818603038788,0.2945818603038788
real,MSVD,fvBs0xpEZhQ_10_30.mp4,patch_only,,0.1,0.9,same_grid_second_order,,,,,bottomk_mean,0.4,3,3,0.1978798657655716,0.4116607904434204,0.39028269052505493,0.39028269052505493
real,MSVD,fw8qvK67jYY_50_97.mp4,patch_only,,0.1,0.9,same_grid_second_order,,,,,bottomk_mean,0.4,3,3,0.8062426447868347,0.9063604474067688,0.8963486552238464,0.8963486552238464
real,MSVD,g1Gldu1KS44_8_14.mp4,patch_only,,0.1,0.9,same_grid_second_order,,,,,bottomk_mean,0.4,3,3,0.07361602038145065,0.05889281630516052,0.060365136712789536,0.060365136712789536
real,MSVD,g2IYQq7IkXc_23_32.mp4,patch_only,,0.1,0.9,same_grid_second_order,,,,,bottomk_mean,0.4,3,3,0.2903415858745575,0.3085983395576477,0.3067726790904999,0.3067726790904999
real,MSVD,g36ho6UrBz0_5_20.mp4,patch_only,,0.1,0.9,same_grid_second_order,,,,,bottomk_mean,0.4,3,3,0.5689045786857605,0.5194346308708191,0.5243816375732422,0.5243816375732422
real,MSVD,g8LUhxR-6Wg_0_8.mp4,patch_only,,0.1,0.9,same_grid_second_order,,,,,bottomk_mean,0.4,3,3,0.030624262988567352,0.15665489435195923,0.14405182003974915,0.14405182003974915
real,MSVD,g9aZcaEg7iY_0_9.mp4,patch_only,,0.1,0.9,same_grid_second_order,,,,,bottomk_mean,0.4,3,3,0.7909305095672607,0.8392226099967957,0.8343933820724487,0.8343933820724487
real,MSVD,gCra4qOrjFw_1_17.mp4,patch_only,,0.1,0.9,same_grid_second_order,,,,,bottomk_mean,0.4,3,3,0.7579505443572998,0.27679622173309326,0.3249116539955139,0.3249116539955139
real,MSVD,gGDtPJzh_0s_30_45.mp4,patch_only,,0.1,0.9,same_grid_second_order,,,,,bottomk_mean,0.4,3,3,0.432273268699646,0.6802120208740234,0.6554181575775146,0.6554181575775146
real,MSVD,gHyXstpe_N8_116_125.mp4,patch_only,,0.1,0.9,same_grid_second_order,,,,,bottomk_mean,0.4,3,3,0.18138986825942993,0.21201413869857788,0.20895171165466309,0.20895171165466309
real,MSVD,gHyXstpe_N8_140_150.mp4,patch_only,,0.1,0.9,same_grid_second_order,,,,,bottomk_mean,0.4,3,3,0.5977620482444763,0.6160188317298889,0.6141931414604187,0.6141931414604187
real,MSVD,gHyXstpe_N8_95_100.mp4,patch_only,,0.1,0.9,same_grid_second_order,,,,,bottomk_mean,0.4,3,3,0.12720848619937897,0.030035335570573807,0.03975265100598335,0.03975265100598335
real,MSVD,gIvetX_oXeI_85_90.mp4,patch_only,,0.1,0.9,same_grid_second_order,,,,,bottomk_mean,0.4,3,3,0.5683156847953796,0.4464075267314911,0.4585983455181122,0.4585983455181122
real,MSVD,gWRRHV7DLV0_21_31.mp4,patch_only,,0.1,0.9,same_grid_second_order,,,,,bottomk_mean,0.4,3,3,0.036513544619083405,0.0035335689317435026,0.006831566337496042,0.006831566337496042
real,MSVD,gXVaC3gBWbc_22_30.mp4,patch_only,,0.1,0.9,same_grid_second_order,,,,,bottomk_mean,0.4,3,3,0.7679623365402222,0.8050647974014282,0.8013545274734497,0.8013545274734497
real,MSVD,gbUhorqLCzU_10_23.mp4,patch_only,,0.1,0.9,same_grid_second_order,,,,,bottomk_mean,0.4,3,3,0.18138986825942993,0.3215547800064087,0.3075382709503174,0.3075382709503174
real,MSVD,gbW9f8xydks_0_10.mp4,patch_only,,0.1,0.9,same_grid_second_order,,,,,bottomk_mean,0.4,3,3,0.12426383793354034,0.1472320407629013,0.1449352204799652,0.1449352204799652
real,MSVD,gbbRwBZuhzI_26_40.mp4,patch_only,,0.1,0.9,same_grid_second_order,,,,,bottomk_mean,0.4,3,3,0.4411071836948395,0.06419316679239273,0.10188457369804382,0.10188457369804382
real,MSVD,ge7OOILJA6U_20_25.mp4,patch_only,,0.1,0.9,same_grid_second_order,,,,,bottomk_mean,0.4,3,3,0.8392226099967957,0.7585394382476807,0.7666077613830566,0.7666077613830566
real,MSVD,ggWzbEFC-RE_1_11.mp4,patch_only,,0.1,0.9,same_grid_second_order,,,,,bottomk_mean,0.4,3,3,0.05948174372315407,0.2656065821647644,0.24499410390853882,0.24499410390853882
real,MSVD,ggic669elLM_200_215.mp4,patch_only,,0.1,0.9,same_grid_second_order,,,,,bottomk_mean,0.4,3,3,0.8186101317405701,0.3303886950016022,0.37921082973480225,0.37921082973480225
real,MSVD,ghynaoVNwZc_1_20.mp4,patch_only,,0.1,0.9,same_grid_second_order,,,,,bottomk_mean,0.4,3,3,0.43404003977775574,0.3292108476161957,0.33969375491142273,0.33969375491142273
real,MSVD,giLxPCgLLqg_9_19.mp4,patch_only,,0.1,0.9,same_grid_second_order,,,,,bottomk_mean,0.4,3,3,0.30918729305267334,0.10836277902126312,0.12844522297382355,0.12844522297382355
real,MSVD,gjVBEJGHrXk_26_38.mp4,patch_only,,0.1,0.9,same_grid_second_order,,,,,bottomk_mean,0.4,3,3,0.16077739000320435,0.31448763608932495,0.2991166114807129,0.2991166114807129
real,MSVD,glii-kazad8_21_29.mp4,patch_only,,0.1,0.9,same_grid_second_order,,,,,bottomk_mean,0.4,3,3,0.19493521749973297,0.06065959855914116,0.07408715784549713,0.07408715784549713
real,MSVD,glrijRGnmc0_211_215.mp4,patch_only,,0.1,0.9,same_grid_second_order,,,,,bottomk_mean,0.4,3,3,0.5135453343391418,0.5265017747879028,0.5252061486244202,0.5252061486244202
real,MSVD,gnEE6oWoz7U_124_132.mp4,patch_only,,0.1,0.9,same_grid_second_order,,,,,bottomk_mean,0.4,3,3,0.40694934129714966,0.24146054685115814,0.2580094337463379,0.2580094337463379
real,MSVD,gqSOvUH_njE_151_155.mp4,patch_only,,0.1,0.9,same_grid_second_order,,,,,bottomk_mean,0.4,3,3,0.07773851603269577,0.16961130499839783,0.16042402386665344,0.16042402386665344
real,MSVD,gqxpGOHUH9k_113_119.mp4,patch_only,,0.1,0.9,same_grid_second_order,,,,,bottomk_mean,0.4,3,3,0.836277961730957,0.7249705791473389,0.7361012697219849,0.7361012697219849
real,MSVD,gtixLEvO2Us_0_6.mp4,patch_only,,0.1,0.9,same_grid_second_order,,,,,bottomk_mean,0.4,3,3,0.4416961073875427,0.31036514043807983,0.3234982192516327,0.3234982192516327
real,MSVD,gvVsgOK1iJw_32_38.mp4,patch_only,,0.1,0.9,same_grid_second_order,,,,,bottomk_mean,0.4,3,3,0.3191990554332733,0.45877504348754883,0.4448174238204956,0.4448174238204956
real,MSVD,h0JvF9vpqx8_213_223.mp4,patch_only,,0.1,0.9,same_grid_second_order,,,,,bottomk_mean,0.4,3,3,0.3386336863040924,0.6837455630302429,0.649234414100647,0.649234414100647
real,MSVD,h0JvF9vpqx8_36_42.mp4,patch_only,,0.1,0.9,same_grid_second_order,,,,,bottomk_mean,0.4,3,3,0.3109540641307831,0.6413427591323853,0.6083039045333862,0.6083039045333862
real,MSVD,hEOGZoYSvT4_82_86.mp4,patch_only,,0.1,0.9,same_grid_second_order,,,,,bottomk_mean,0.4,3,3,0.4151943325996399,0.19199058413505554,0.21431095898151398,0.21431095898151398
real,MSVD,hFERWnoc-nU_0_12.mp4,patch_only,,0.1,0.9,same_grid_second_order,,,,,bottomk_mean,0.4,3,3,0.2473498284816742,0.29387515783309937,0.2892226278781891,0.2892226278781891
real,MSVD,hJFBXHtxKIc_163_168.mp4,patch_only,,0.1,0.9,same_grid_second_order,,,,,bottomk_mean,0.4,3,3,0.9405182600021362,0.700824499130249,0.7247938513755798,0.7247938513755798
real,MSVD,hJFBXHtxKIc_225_230.mp4,patch_only,,0.1,0.9,same_grid_second_order,,,,,bottomk_mean,0.4,3,3,0.9434629082679749,0.6648998856544495,0.692756175994873,0.692756175994873
real,MSVD,hJFBXHtxKIc_286_291.mp4,patch_only,,0.1,0.9,same_grid_second_order,,,,,bottomk_mean,0.4,3,3,0.8739693760871887,0.5742049217224121,0.6041814088821411,0.6041814088821411
real,MSVD,hJFBXHtxKIc_298_303.mp4,patch_only,,0.1,0.9,same_grid_second_order,,,,,bottomk_mean,0.4,3,3,0.6548880934715271,0.5518257021903992,0.562131941318512,0.562131941318512
real,MSVD,hJFBXHtxKIc_310_315.mp4,patch_only,,0.1,0.9,same_grid_second_order,,,,,bottomk_mean,0.4,3,3,0.8150765895843506,0.5954063534736633,0.6173734068870544,0.6173734068870544
real,MSVD,hJuqBDw_TT4_14_25.mp4,patch_only,,0.1,0.9,same_grid_second_order,,,,,bottomk_mean,0.4,3,3,0.2750294506549835,0.5147231817245483,0.49075382947921753,0.49075382947921753
real,MSVD,hM3jzlyNIpc_0_10.mp4,patch_only,,0.1,0.9,same_grid_second_order,,,,,bottomk_mean,0.4,3,3,0.5388692617416382,0.40694934129714966,0.420141339302063,0.420141339302063
real,MSVD,hNECyt6Bo0A_5_10.mp4,patch_only,,0.1,0.9,same_grid_second_order,,,,,bottomk_mean,0.4,3,3,0.8621907830238342,0.8209658265113831,0.8250883221626282,0.8250883221626282
real,MSVD,hNOzHvsEmg4_31_36.mp4,patch_only,,0.1,0.9,same_grid_second_order,,,,,bottomk_mean,0.4,3,3,0.5482921004295349,0.14134275913238525,0.18203769624233246,0.18203769624233246
real,MSVD,hNPZmTlY_3Q_0_8.mp4,patch_only,,0.1,0.9,same_grid_second_order,,,,,bottomk_mean,0.4,3,3,0.6648998856544495,0.9281507730484009,0.9018256664276123,0.9018256664276123
real,MSVD,hPyU5KjpWVc_0_35.mp4,patch_only,,0.1,0.9,same_grid_second_order,,,,,bottomk_mean,0.4,3,3,0.10070671141147614,0.14605417847633362,0.1415194272994995,0.1415194272994995
real,MSVD,hReROJQpSow_24_30.mp4,patch_only,,0.1,0.9,same_grid_second_order,,,,,bottomk_mean,0.4,3,3,0.2485276758670807,0.4193168580532074,0.4022379219532013,0.4022379219532013
real,MSVD,hSgGBHbJrmE_0_17.mp4,patch_only,,0.1,0.9,same_grid_second_order,,,,,bottomk_mean,0.4,3,3,0.05653710290789604,0.3869257867336273,0.3538869321346283,0.3538869321346283
real,MSVD,hW8TKz2Aea4_40_50.mp4,patch_only,,0.1,0.9,same_grid_second_order,,,,,bottomk_mean,0.4,3,3,0.3292108476161957,0.8816254138946533,0.8263840079307556,0.8263840079307556
real,MSVD,hW8TKz2Aea4_5_12.mp4,patch_only,,0.1,0.9,same_grid_second_order,,,,,bottomk_mean,0.4,3,3,0.0989399328827858,0.8191990852355957,0.7471731305122375,0.7471731305122375
real,MSVD,hWhKdXcqYeU_3_12.mp4,patch_only,,0.1,0.9,same_grid_second_order,,,,,bottomk_mean,0.4,3,3,0.5541813969612122,0.14664310216903687,0.18739694356918335,0.18739694356918335
real,MSVD,hXn7D6-AAMA_0_9.mp4,patch_only,,0.1,0.9,same_grid_second_order,,,,,bottomk_mean,0.4,3,3,0.05771495774388313,0.26089516282081604,0.24057714641094208,0.24057714641094208
real,MSVD,haJn6k5zVnE_1_23.mp4,patch_only,,0.1,0.9,same_grid_second_order,,,,,bottomk_mean,0.4,3,3,0.7791519165039062,0.5017668008804321,0.5295053124427795,0.5295053124427795
real,MSVD,hcCLIzzB1jQ_1_7.mp4,patch_only,,0.1,0.9,same_grid_second_order,,,,,bottomk_mean,0.4,3,3,0.7461719512939453,0.7255594730377197,0.7276207208633423,0.7276207208633423
real,MSVD,hksxtbcS780_7_14.mp4,patch_only,,0.1,0.9,same_grid_second_order,,,,,bottomk_mean,0.4,3,3,0.20789164304733276,0.040047112852334976,0.056831564754247665,0.056831564754247665
real,MSVD,ht2oIYBSoI0_9_21.mp4,patch_only,,0.1,0.9,same_grid_second_order,,,,,bottomk_mean,0.4,3,3,0.7756183743476868,0.21436984837055206,0.2704946994781494,0.2704946994781494
real,MSVD,htWPOGTagec_2_18.mp4,patch_only,,0.1,0.9,same_grid_second_order,,,,,bottomk_mean,0.4,3,3,0.7067137956619263,0.10306242853403091,0.16342756152153015,0.16342756152153015
real,MSVD,htry5uxX0-Y_45_52.mp4,patch_only,,0.1,0.9,same_grid_second_order,,,,,bottomk_mean,0.4,3,3,0.3138987123966217,0.3539458215236664,0.34994110465049744,0.34994110465049744
real,MSVD,i2GgBwlwV0c_24_31.mp4,patch_only,,0.1,0.9,same_grid_second_order,,,,,bottomk_mean,0.4,3,3,0.11012956500053406,0.1666666716337204,0.16101296246051788,0.16101296246051788
real,MSVD,i3cHNObcEh8_0_10.mp4,patch_only,,0.1,0.9,same_grid_second_order,,,,,bottomk_mean,0.4,3,3,0.21436984837055206,0.34687867760658264,0.3336277902126312,0.3336277902126312
real,MSVD,iCiGjZEV7VI_65_75.mp4,patch_only,,0.1,0.9,same_grid_second_order,,,,,bottomk_mean,0.4,3,3,0.5948174595832825,0.7461719512939453,0.7310364842414856,0.7310364842414856
real,MSVD,iEW-EkPQywU_61_83.mp4,patch_only,,0.1,0.9,same_grid_second_order,,,,,bottomk_mean,0.4,3,3,0.8769140243530273,0.9310954213142395,0.9256772398948669,0.9256772398948669
real,MSVD,iLr7ZHAq1ro_7_11.mp4,patch_only,,0.1,0.9,same_grid_second_order,,,,,bottomk_mean,0.4,3,3,0.027679622173309326,0.011778563261032104,0.013368668965995312,0.013368668965995312
real,MSVD,iUYWdCxvJCI_2_14.mp4,patch_only,,0.1,0.9,same_grid_second_order,,,,,bottomk_mean,0.4,3,3,0.5335689187049866,0.5671378374099731,0.5637809038162231,0.5637809038162231
real,MSVD,iarsmqA3dck_19_25.mp4,patch_only,,0.1,0.9,same_grid_second_order,,,,,bottomk_mean,0.4,3,3,0.33627796173095703,0.8563015460968018,0.8042991757392883,0.8042991757392883
real,MSVD,ibSwITK4jjQ_14_24.mp4,patch_only,,0.1,0.9,same_grid_second_order,,,,,bottomk_mean,0.4,3,3,0.037691403180360794,0.1590106040239334,0.1468786746263504,0.1468786746263504
real,MSVD,idRc_KkInds_0_6.mp4,patch_only,,0.1,0.9,same_grid_second_order,,,,,bottomk_mean,0.4,3,3,0.016489988192915916,0.03828033059835434,0.03610129654407501,0.03610129654407501
real,MSVD,idXJu0BQRvo_2_6.mp4,patch_only,,0.1,0.9,same_grid_second_order,,,,,bottomk_mean,0.4,3,3,0.2862190902233124,0.4375736117362976,0.4224381744861603,0.4224381744861603
real,MSVD,ifS2nXfCyYo_4_34.mp4,patch_only,,0.1,0.9,same_grid_second_order,,,,,bottomk_mean,0.4,3,3,0.41048291325569153,0.5930506587028503,0.5747938752174377,0.5747938752174377
real,MSVD,inzk2fTUe1w_1_15.mp4,patch_only,,0.1,0.9,same_grid_second_order,,,,,bottomk_mean,0.4,3,3,0.07656066119670868,0.7237926721572876,0.6590694785118103,0.6590694785118103
real,MSVD,io2dbV-Qbus_215_247.mp4,patch_only,,0.1,0.9,same_grid_second_order,,,,,bottomk_mean,0.4,3,3,0.7096584439277649,0.6171966791152954,0.6264428496360779,0.6264428496360779
real,MSVD,itxzpFW1z7E_22_36.mp4,patch_only,,0.1,0.9,same_grid_second_order,,,,,bottomk_mean,0.4,3,3,0.171967014670372,0.281507670879364,0.2705535888671875,0.2705535888671875
real,MSVD,iuqVpMdb1NM_35_43.mp4,patch_only,,0.1,0.9,same_grid_second_order,,,,,bottomk_mean,0.4,3,3,0.8457008004188538,0.76619553565979,0.7741460800170898,0.7741460800170898
real,MSVD,iwpnUHFhjWc_84_94.mp4,patch_only,,0.1,0.9,same_grid_second_order,,,,,bottomk_mean,0.4,3,3,0.44994109869003296,0.5212014317512512,0.5140753984451294,0.5140753984451294
real,MSVD,iyAoiWeD53k_120_127.mp4,patch_only,,0.1,0.9,same_grid_second_order,,,,,bottomk_mean,0.4,3,3,0.8757361769676208,0.9817432165145874,0.9711425304412842,0.9711425304412842
real,MSVD,izU1dDwnuMY_80_92.mp4,patch_only,,0.1,0.9,same_grid_second_order,,,,,bottomk_mean,0.4,3,3,0.1861013025045395,0.1784452348947525,0.1792108416557312,0.1792108416557312
real,MSVD,j1Z890_Q3so_131_138.mp4,patch_only,,0.1,0.9,same_grid_second_order,,,,,bottomk_mean,0.4,3,3,0.8686690330505371,0.3138987123966217,0.36937573552131653,0.36937573552131653
real,MSVD,j2Dhf-xFUxU_13_20.mp4,patch_only,,0.1,0.9,same_grid_second_order,,,,,bottomk_mean,0.4,3,3,0.796819806098938,0.8627797365188599,0.8561837673187256,0.8561837673187256
real,MSVD,j2Dhf-xFUxU_20_29.mp4,patch_only,,0.1,0.9,same_grid_second_order,,,,,bottomk_mean,0.4,3,3,0.7667844295501709,0.8138986825942993,0.8091872930526733,0.8091872930526733
real,MSVD,j2sOMdilDWU_87_97.mp4,patch_only,,0.1,0.9,same_grid_second_order,,,,,bottomk_mean,0.4,3,3,0.9246171712875366,0.5194346308708191,0.5599529147148132,0.5599529147148132
real,MSVD,j4dMnAPZu70_12_17.mp4,patch_only,,0.1,0.9,same_grid_second_order,,,,,bottomk_mean,0.4,3,3,0.2632508873939514,0.343934029340744,0.33586573600769043,0.33586573600769043
real,MSVD,j7xz1nos-xc_10_20.mp4,patch_only,,0.1,0.9,same_grid_second_order,,,,,bottomk_mean,0.4,3,3,0.30800941586494446,0.0677267387509346,0.09175500273704529,0.09175500273704529
real,MSVD,jCplbayVbtw_10_20.mp4,patch_only,,0.1,0.9,same_grid_second_order,,,,,bottomk_mean,0.4,3,3,0.04416961222887039,0.012367491610348225,0.015547703020274639,0.015547703020274639
real,MSVD,jDFn-1lXJ98_71_80.mp4,patch_only,,0.1,0.9,same_grid_second_order,,,,,bottomk_mean,0.4,3,3,0.031213192269206047,0.1849234402179718,0.16955241560935974,0.16955241560935974
real,MSVD,jI58q6rcNLc_8_18.mp4,patch_only,,0.1,0.9,same_grid_second_order,,,,,bottomk_mean,0.4,3,3,0.6142520904541016,0.2809187173843384,0.3142520487308502,0.3142520487308502
real,MSVD,jLgmCY1fEE8_16_26.mp4,patch_only,,0.1,0.9,same_grid_second_order,,,,,bottomk_mean,0.4,3,3,0.3881036639213562,0.6124852895736694,0.5900471210479736,0.5900471210479736
real,MSVD,jMO3jGQeqyk_3_6.mp4,patch_only,,0.1,0.9,same_grid_second_order,,,,,bottomk_mean,0.4,3,3,0.47349822521209717,0.9210836291313171,0.8763250708580017,0.8763250708580017
real,MSVD,jPBxl9gFqNY_110_117.mp4,patch_only,,0.1,0.9,same_grid_second_order,,,,,bottomk_mean,0.4,3,3,0.6613662838935852,0.8327444195747375,0.8156065940856934,0.8156065940856934
real,MSVD,jTaLGh_MKCM_5_20.mp4,patch_only,,0.1,0.9,same_grid_second_order,,,,,bottomk_mean,0.4,3,3,0.5783274173736572,0.07302708923816681,0.12355712801218033,0.12355712801218033
real,MSVD,jTnrm338_KY_34_42.mp4,patch_only,,0.1,0.9,same_grid_second_order,,,,,bottomk_mean,0.4,3,3,0.7226148247718811,0.6442874073982239,0.6521201133728027,0.6521201133728027
real,MSVD,jW77z3-SrO4_56_63.mp4,patch_only,,0.1,0.9,same_grid_second_order,,,,,bottomk_mean,0.4,3,3,0.9140164852142334,0.7868080139160156,0.7995288372039795,0.7995288372039795
real,MSVD,jZ8X8e7eRVk_24_27.mp4,patch_only,,0.1,0.9,same_grid_second_order,,,,,bottomk_mean,0.4,3,3,0.18551236391067505,0.21672555804252625,0.21360424160957336,0.21360424160957336
real,MSVD,jbzaMtPYtl8_48_58.mp4,patch_only,,0.1,0.9,same_grid_second_order,,,,,bottomk_mean,0.4,3,3,0.2744405269622803,0.46525323390960693,0.44617196917533875,0.44617196917533875
real,MSVD,jcIrD7rNvTM_10_21.mp4,patch_only,,0.1,0.9,same_grid_second_order,,,,,bottomk_mean,0.4,3,3,0.24970553815364838,0.3150765597820282,0.3085394501686096,0.3085394501686096
real,MSVD,jdAbpLooDgM_10_15.mp4,patch_only,,0.1,0.9,same_grid_second_order,,,,,bottomk_mean,0.4,3,3,0.5017668008804321,0.22673733532428741,0.2542402744293213,0.2542402744293213
real,MSVD,jjl2ZMdFCsw_130_142.mp4,patch_only,,0.1,0.9,same_grid_second_order,,,,,bottomk_mean,0.4,3,3,0.6672555804252625,0.31978797912597656,0.35453474521636963,0.35453474521636963
real,MSVD,jjl2ZMdFCsw_17_35.mp4,patch_only,,0.1,0.9,same_grid_second_order,,,,,bottomk_mean,0.4,3,3,0.7544169425964355,0.48645466566085815,0.5132508873939514,0.5132508873939514
real,MSVD,jlahRlo4jlU_30_36.mp4,patch_only,,0.1,0.9,same_grid_second_order,,,,,bottomk_mean,0.4,3,3,0.7850412130355835,0.2879858613014221,0.33769139647483826,0.33769139647483826
real,MSVD,jmoT2we_rqo_0_5.mp4,patch_only,,0.1,0.9,same_grid_second_order,,,,,bottomk_mean,0.4,3,3,0.7196701765060425,0.32744404673576355,0.36666667461395264,0.36666667461395264
real,MSVD,jv-eV6jR3Qw_7_12.mp4,patch_only,,0.1,0.9,same_grid_second_order,,,,,bottomk_mean,0.4,3,3,0.6130741834640503,0.051236748695373535,0.10742049664258957,0.10742049664258957
real,MSVD,jvxUeT1Nlb8_100_115.mp4,patch_only,,0.1,0.9,same_grid_second_order,,,,,bottomk_mean,0.4,3,3,0.060070671141147614,0.30506476759910583,0.28056538105010986,0.28056538105010986
real,MSVD,jxdubZzQrio_33_46.mp4,patch_only,,0.1,0.9,same_grid_second_order,,,,,bottomk_mean,0.4,3,3,0.8168433308601379,0.37691402435302734,0.4209069609642029,0.4209069609642029
real,MSVD,k06Ge9ANKM8_5_16.mp4,patch_only,,0.1,0.9,same_grid_second_order,,,,,bottomk_mean,0.4,3,3,0.17903415858745575,0.5518257021903992,0.5145465135574341,0.5145465135574341
real,MSVD,k5OKBX2e7xA_19_32.mp4,patch_only,,0.1,0.9,same_grid_second_order,,,,,bottomk_mean,0.4,3,3,0.2809187173843384,0.343934029340744,0.33763250708580017,0.33763250708580017
real,MSVD,k8l4ETsylVY_9_18.mp4,patch_only,,0.1,0.9,same_grid_second_order,,,,,bottomk_mean,0.4,3,3,0.5541813969612122,0.48998820781707764,0.49640753865242004,0.49640753865242004
real,MSVD,k9Brw_0gncU_14_33.mp4,patch_only,,0.1,0.9,same_grid_second_order,,,,,bottomk_mean,0.4,3,3,0.6183745861053467,0.4087161421775818,0.4296819865703583,0.4296819865703583
real,MSVD,kBMsuhDvg88_45_64.mp4,patch_only,,0.1,0.9,same_grid_second_order,,,,,bottomk_mean,0.4,3,3,0.2055359184741974,0.17785629630088806,0.18062426149845123,0.18062426149845123
real,MSVD,kBjUDCyDCuI_20_26.mp4,patch_only,,0.1,0.9,same_grid_second_order,,,,,bottomk_mean,0.4,3,3,0.4893992841243744,0.7826855182647705,0.7533568739891052,0.7533568739891052
real,MSVD,kEGmZDpZ_RE_248_293.mp4,patch_only,,0.1,0.9,same_grid_second_order,,,,,bottomk_mean,0.4,3,3,0.9876325130462646,0.9328621625900269,0.9383392333984375,0.9383392333984375
real,MSVD,kEGmZDpZ_RE_295_330.mp4,patch_only,,0.1,0.9,same_grid_second_order,,,,,bottomk_mean,0.4,3,3,0.8722025752067566,0.8857479095458984,0.8843933939933777,0.8843933939933777
real,MSVD,kI6MWZrl8v8_149_161.mp4,patch_only,,0.1,0.9,same_grid_second_order,,,,,bottomk_mean,0.4,3,3,0.3857479393482208,0.33156654238700867,0.33698469400405884,0.33698469400405884
real,MSVD,kIZanu909lw_67_80.mp4,patch_only,,0.1,0.9,same_grid_second_order,,,,,bottomk_mean,0.4,3,3,0.969375729560852,0.9681978821754456,0.9683156609535217,0.9683156609535217
real,MSVD,kKGehSw5ht8_39_45.mp4,patch_only,,0.1,0.9,same_grid_second_order,,,,,bottomk_mean,0.4,3,3,0.3009422719478607,0.11130741983652115,0.13027091324329376,0.13027091324329376
real,MSVD,kNHivduxQWg_0_14.mp4,patch_only,,0.1,0.9,same_grid_second_order,,,,,bottomk_mean,0.4,3,3,0.02591283805668354,0.18551236391067505,0.16955241560935974,0.16955241560935974
real,MSVD,kRNHJSc4AXE_220_228.mp4,patch_only,,0.1,0.9,same_grid_second_order,,,,,bottomk_mean,0.4,3,3,0.6595995426177979,0.7055359482765198,0.7009422779083252,0.7009422779083252
real,MSVD,kSzS_lFtJDk_55_70.mp4,patch_only,,0.1,0.9,same_grid_second_order,,,,,bottomk_mean,0.4,3,3,0.06654888391494751,0.007067137863487005,0.013015312142670155,0.013015312142670155
real,MSVD,kWLNZzuo3do_145_151.mp4,patch_only,,0.1,0.9,same_grid_second_order,,,,,bottomk_mean,0.4,3,3,0.8097761869430542,0.8745583295822144,0.8680800795555115,0.8680800795555115
real,MSVD,kWLNZzuo3do_147_153.mp4,patch_only,,0.1,0.9,same_grid_second_order,,,,,bottomk_mean,0.4,3,3,0.8580682873725891,0.8910483121871948,0.8877502679824829,0.8877502679824829
real,MSVD,kWLNZzuo3do_152_164.mp4,patch_only,,0.1,0.9,same_grid_second_order,,,,,bottomk_mean,0.4,3,3,0.8427562117576599,0.9287396669387817,0.920141339302063,0.920141339302063
real,MSVD,kWLNZzuo3do_154_165.mp4,patch_only,,0.1,0.9,same_grid_second_order,,,,,bottomk_mean,0.4,3,3,0.8592461943626404,0.9428739547729492,0.9345111846923828,0.9345111846923828
real,MSVD,kWLNZzuo3do_167_181.mp4,patch_only,,0.1,0.9,same_grid_second_order,,,,,bottomk_mean,0.4,3,3,0.7779740691184998,0.8598350882530212,0.8516489863395691,0.8516489863395691
real,MSVD,kWLNZzuo3do_17_23.mp4,patch_only,,0.1,0.9,same_grid_second_order,,,,,bottomk_mean,0.4,3,3,0.9852768182754517,0.9528857469558716,0.9561248421669006,0.9561248421669006
real,MSVD,kWLNZzuo3do_192_196.mp4,patch_only,,0.1,0.9,same_grid_second_order,,,,,bottomk_mean,0.4,3,3,0.9888103604316711,0.9805653691291809,0.9813898801803589,0.9813898801803589
real,MSVD,kWLNZzuo3do_206_213.mp4,patch_only,,0.1,0.9,same_grid_second_order,,,,,bottomk_mean,0.4,3,3,0.8663133382797241,0.8174322843551636,0.8223204016685486,0.8223204016685486
real,MSVD,kWLNZzuo3do_217_222.mp4,patch_only,,0.1,0.9,same_grid_second_order,,,,,bottomk_mean,0.4,3,3,0.8875147104263306,0.9234393239021301,0.9198468923568726,0.9198468923568726
real,MSVD,kWLNZzuo3do_222_227.mp4,patch_only,,0.1,0.9,same_grid_second_order,,,,,bottomk_mean,0.4,3,3,0.9399293065071106,0.8244994282722473,0.8360424041748047,0.8360424041748047
real,MSVD,kWLNZzuo3do_228_232.mp4,patch_only,,0.1,0.9,same_grid_second_order,,,,,bottomk_mean,0.4,3,3,0.8244994282722473,0.73380446434021,0.7428739666938782,0.7428739666938782
real,MSVD,kWLNZzuo3do_24_31.mp4,patch_only,,0.1,0.9,same_grid_second_order,,,,,bottomk_mean,0.4,3,3,0.8710247278213501,0.6542991995811462,0.6759717464447021,0.6759717464447021
real,MSVD,kWLNZzuo3do_251_260.mp4,patch_only,,0.1,0.9,same_grid_second_order,,,,,bottomk_mean,0.4,3,3,0.7108362913131714,0.7726737260818481,0.7664899826049805,0.7664899826049805
real,MSVD,kWLNZzuo3do_25_32.mp4,patch_only,,0.1,0.9,same_grid_second_order,,,,,bottomk_mean,0.4,3,3,0.8916372060775757,0.9888103604316711,0.979093074798584,0.979093074798584
real,MSVD,kWLNZzuo3do_262_270.mp4,patch_only,,0.1,0.9,same_grid_second_order,,,,,bottomk_mean,0.4,3,3,0.6937573552131653,0.8992933034896851,0.8787397146224976,0.8787397146224976
real,MSVD,kWLNZzuo3do_31_37.mp4,patch_only,,0.1,0.9,same_grid_second_order,,,,,bottomk_mean,0.4,3,3,0.9799764156341553,0.9758539199829102,0.9762662053108215,0.9762662053108215
real,MSVD,kWLNZzuo3do_38_47.mp4,patch_only,,0.1,0.9,same_grid_second_order,,,,,bottomk_mean,0.4,3,3,0.7832744121551514,0.8527679443359375,0.8458186388015747,0.8458186388015747
real,MSVD,kWLNZzuo3do_48_53.mp4,patch_only,,0.1,0.9,same_grid_second_order,,,,,bottomk_mean,0.4,3,3,0.4958775043487549,0.8168433308601379,0.7847467660903931,0.7847467660903931
real,MSVD,kWLNZzuo3do_56_62.mp4,patch_only,,0.1,0.9,same_grid_second_order,,,,,bottomk_mean,0.4,3,3,0.7856301665306091,0.9575971961021423,0.9404004812240601,0.9404004812240601
real,MSVD,kWLNZzuo3do_76_80.mp4,patch_only,,0.1,0.9,same_grid_second_order,,,,,bottomk_mean,0.4,3,3,0.32626619935035706,0.9140164852142334,0.8552414774894714,0.8552414774894714
real,MSVD,kWLNZzuo3do_86_93.mp4,patch_only,,0.1,0.9,same_grid_second_order,,,,,bottomk_mean,0.4,3,3,0.7626619338989258,0.755594789981842,0.7563015222549438,0.7563015222549438
real,MSVD,kk3TIio1-Uw_5_14.mp4,patch_only,,0.1,0.9,same_grid_second_order,,,,,bottomk_mean,0.4,3,3,0.4293286204338074,0.1484098881483078,0.17650176584720612,0.17650176584720612
real,MSVD,klFyrnrUSck_13_19.mp4,patch_only,,0.1,0.9,same_grid_second_order,,,,,bottomk_mean,0.4,3,3,0.997644305229187,0.9658421874046326,0.9690223932266235,0.9690223932266235
real,MSVD,klFyrnrUSck_25_36.mp4,patch_only,,0.1,0.9,same_grid_second_order,,,,,bottomk_mean,0.4,3,3,0.9269729256629944,0.8297997713088989,0.8395170569419861,0.8395170569419861
real,MSVD,klFyrnrUSck_63_73.mp4,patch_only,,0.1,0.9,same_grid_second_order,,,,,bottomk_mean,0.4,3,3,0.9081271886825562,0.9799764156341553,0.9727914929389954,0.9727914929389954
real,MSVD,klFyrnrUSck_79_85.mp4,patch_only,,0.1,0.9,same_grid_second_order,,,,,bottomk_mean,0.4,3,3,0.7985865473747253,0.8409894108772278,0.8367491364479065,0.8367491364479065
real,MSVD,klFyrnrUSck_87_100.mp4,patch_only,,0.1,0.9,same_grid_second_order,,,,,bottomk_mean,0.4,3,3,0.8486454486846924,0.7932862043380737,0.7988221645355225,0.7988221645355225
real,MSVD,klteYv1Uv9A_27_33.mp4,patch_only,,0.1,0.9,same_grid_second_order,,,,,bottomk_mean,0.4,3,3,0.09776207059621811,0.09363957494497299,0.09405182301998138,0.09405182301998138
real,MSVD,kquB3rIgfGk_197_202.mp4,patch_only,,0.1,0.9,same_grid_second_order,,,,,bottomk_mean,0.4,3,3,0.13309776782989502,0.6071849465370178,0.5597761869430542,0.5597761869430542
real,MSVD,kquB3rIgfGk_525_532.mp4,patch_only,,0.1,0.9,same_grid_second_order,,,,,bottomk_mean,0.4,3,3,0.32214370369911194,0.635453462600708,0.604122519493103,0.604122519493103
real,MSVD,krAk8WPZRL4_207_212.mp4,patch_only,,0.1,0.9,same_grid_second_order,,,,,bottomk_mean,0.4,3,3,0.4116607904434204,0.2697291076183319,0.2839222550392151,0.2839222550392151
real,MSVD,kuNQpRTc-hA_126_135.mp4,patch_only,,0.1,0.9,same_grid_second_order,,,,,bottomk_mean,0.4,3,3,0.3604240417480469,0.46702003479003906,0.45636042952537537,0.45636042952537537
real,MSVD,l5JJ2n2ggiQ_319_327.mp4,patch_only,,0.1,0.9,same_grid_second_order,,,,,bottomk_mean,0.4,3,3,0.5812720656394958,0.08009422570466995,0.13021200895309448,0.13021200895309448
real,MSVD,lAznAeFFldg_6_10.mp4,patch_only,,0.1,0.9,same_grid_second_order,,,,,bottomk_mean,0.4,3,3,0.7502944469451904,0.7084805369377136,0.7126619815826416,0.7126619815826416
real,MSVD,lB1UPJ4leqs_0_6.mp4,patch_only,,0.1,0.9,same_grid_second_order,,,,,bottomk_mean,0.4,3,3,0.8886925578117371,0.3922261595726013,0.44187280535697937,0.44187280535697937
real,MSVD,lB1UPJ4leqs_1_6.mp4,patch_only,,0.1,0.9,same_grid_second_order,,,,,bottomk_mean,0.4,3,3,0.8881036639213562,0.38987043499946594,0.43969374895095825,0.43969374895095825
real,MSVD,lFdg5CWMTt0_24_28.mp4,patch_only,,0.1,0.9,same_grid_second_order,,,,,bottomk_mean,0.4,3,3,0.6389870643615723,0.5341578125953674,0.5446407794952393,0.5446407794952393
real,MSVD,lGk1MA6YP-M_36_48.mp4,patch_only,,0.1,0.9,same_grid_second_order,,,,,bottomk_mean,0.4,3,3,0.35217902064323425,0.15724381804466248,0.17673733830451965,0.17673733830451965
real,MSVD,lKADopH3qFY_0_10.mp4,patch_only,,0.1,0.9,same_grid_second_order,,,,,bottomk_mean,0.4,3,3,0.36513546109199524,0.5029446482658386,0.48916372656822205,0.48916372656822205
real,MSVD,lKpGc3SCSVw_12_20.mp4,patch_only,,0.1,0.9,same_grid_second_order,,,,,bottomk_mean,0.4,3,3,0.31861013174057007,0.3881036639213562,0.38115429878234863,0.38115429878234863
real,MSVD,lR8RrUBhCQg_5_15.mp4,patch_only,,0.1,0.9,same_grid_second_order,,,,,bottomk_mean,0.4,3,3,0.16607773303985596,0.16195523738861084,0.16236749291419983,0.16236749291419983
real,MSVD,lSnWhsmlGec_5_10.mp4,patch_only,,0.1,0.9,same_grid_second_order,,,,,bottomk_mean,0.4,3,3,0.7591283917427063,0.07126030325889587,0.1400471180677414,0.1400471180677414
real,MSVD,labytsb3gfI_146_154.mp4,patch_only,,0.1,0.9,same_grid_second_order,,,,,bottomk_mean,0.4,3,3,0.1837455779314041,0.7873969078063965,0.7270318269729614,0.7270318269729614
real,MSVD,lb8J2zCQTlo_3_8.mp4,patch_only,,0.1,0.9,same_grid_second_order,,,,,bottomk_mean,0.4,3,3,0.9546525478363037,0.945229709148407,0.9461719393730164,0.9461719393730164
real,MSVD,lc9bA-hvqHU_1_6.mp4,patch_only,,0.1,0.9,same_grid_second_order,,,,,bottomk_mean,0.4,3,3,0.12838633358478546,0.041224971413612366,0.049941107630729675,0.049941107630729675
real,MSVD,lcu-DwrnYY8_2_5.mp4,patch_only,,0.1,0.9,same_grid_second_order,,,,,bottomk_mean,0.4,3,3,0.7567726969718933,0.5747938752174377,0.5929917693138123,0.5929917693138123
real,MSVD,lexLAjh8fPA_27_31.mp4,patch_only,,0.1,0.9,same_grid_second_order,,,,,bottomk_mean,0.4,3,3,0.40459364652633667,0.7385159134864807,0.7051236629486084,0.7051236629486084
real,MSVD,lfGlDg47How_110_115.mp4,patch_only,,0.1,0.9,same_grid_second_order,,,,,bottomk_mean,0.4,3,3,0.9051825404167175,0.7402827143669128,0.7567726969718933,0.7567726969718933
real,MSVD,lfGlDg47How_361_367.mp4,patch_only,,0.1,0.9,same_grid_second_order,,,,,bottomk_mean,0.4,3,3,0.8633686900138855,0.7897526621818542,0.7971142530441284,0.7971142530441284
real,MSVD,lfGlDg47How_93_98.mp4,patch_only,,0.1,0.9,same_grid_second_order,,,,,bottomk_mean,0.4,3,3,0.8851590156555176,0.8716136813163757,0.8729681968688965,0.8729681968688965
real,MSVD,ljGcQocjSs4_38_60.mp4,patch_only,,0.1,0.9,same_grid_second_order,,,,,bottomk_mean,0.4,3,3,0.8445229530334473,0.4793875217437744,0.5159010887145996,0.5159010887145996
real,MSVD,lm0z7eLsbbw_9_23.mp4,patch_only,,0.1,0.9,same_grid_second_order,,,,,bottomk_mean,0.4,3,3,0.2485276758670807,0.28032979369163513,0.27714958786964417,0.27714958786964417
real,MSVD,lmCrIZeob4w_23_26.mp4,patch_only,,0.1,0.9,same_grid_second_order,,,,,bottomk_mean,0.4,3,3,0.3775029480457306,0.5471142530441284,0.5301530957221985,0.5301530957221985
real,MSVD,lo4KcsBN--A_0_10.mp4,patch_only,,0.1,0.9,same_grid_second_order,,,,,bottomk_mean,0.4,3,3,0.47703179717063904,0.14369846880435944,0.17703180015087128,0.17703180015087128
real,MSVD,lsanQj2yacs_102_108.mp4,patch_only,,0.1,0.9,same_grid_second_order,,,,,bottomk_mean,0.4,3,3,0.6537102460861206,0.7149587869644165,0.7088339328765869,0.7088339328765869
real,MSVD,lv8d_qLLqsk_1_20.mp4,patch_only,,0.1,0.9,same_grid_second_order,,,,,bottomk_mean,0.4,3,3,0.8527679443359375,0.515312135219574,0.5490577220916748,0.5490577220916748
real,MSVD,lvFYUmDSOvU_34_38.mp4,patch_only,,0.1,0.9,same_grid_second_order,,,,,bottomk_mean,0.4,3,3,0.21554769575595856,0.04711425304412842,0.0639575943350792,0.0639575943350792
real,MSVD,lw7pTwpx0K0_38_48.mp4,patch_only,,0.1,0.9,same_grid_second_order,,,,,bottomk_mean,0.4,3,3,0.11955241113901138,0.7626619338989258,0.6983510255813599,0.6983510255813599
real,MSVD,m1NR0uNNs5Y_104_110.mp4,patch_only,,0.1,0.9,same_grid_second_order,,,,,bottomk_mean,0.4,3,3,0.919316828250885,0.6224970817565918,0.6521790623664856,0.6521790623664856
real,MSVD,m1NR0uNNs5Y_123_129.mp4,patch_only,,0.1,0.9,same_grid_second_order,,,,,bottomk_mean,0.4,3,3,0.879858672618866,0.6808009147644043,0.7007067203521729,0.7007067203521729
real,MSVD,m1NR0uNNs5Y_160_166.mp4,patch_only,,0.1,0.9,same_grid_second_order,,,,,bottomk_mean,0.4,3,3,0.8775029182434082,0.8780918717384338,0.8780329823493958,0.8780329823493958
real,MSVD,m1NR0uNNs5Y_192_198.mp4,patch_only,,0.1,0.9,same_grid_second_order,,,,,bottomk_mean,0.4,3,3,0.9958775043487549,0.9958775043487549,0.9958775043487549,0.9958775043487549
real,MSVD,m1NR0uNNs5Y_224_230.mp4,patch_only,,0.1,0.9,same_grid_second_order,,,,,bottomk_mean,0.4,3,3,0.9281507730484009,0.9081271886825562,0.9101295471191406,0.9101295471191406
real,MSVD,m1NR0uNNs5Y_273_280.mp4,patch_only,,0.1,0.9,same_grid_second_order,,,,,bottomk_mean,0.4,3,3,0.9623085856437683,0.9623085856437683,0.9623085856437683,0.9623085856437683
real,MSVD,m1NR0uNNs5Y_57_64.mp4,patch_only,,0.1,0.9,same_grid_second_order,,,,,bottomk_mean,0.4,3,3,0.9587750434875488,0.9246171712875366,0.9280329942703247,0.9280329942703247
real,MSVD,m1NR0uNNs5Y_73_78.mp4,patch_only,,0.1,0.9,same_grid_second_order,,,,,bottomk_mean,0.4,3,3,0.914605438709259,0.9670200347900391,0.9617785811424255,0.9617785811424255
real,MSVD,m1NR0uNNs5Y_88_94.mp4,patch_only,,0.1,0.9,same_grid_second_order,,,,,bottomk_mean,0.4,3,3,0.9181389808654785,0.8150765895843506,0.8253828287124634,0.8253828287124634
real,MSVD,m4D72WXFd8s_557_564.mp4,patch_only,,0.1,0.9,same_grid_second_order,,,,,bottomk_mean,0.4,3,3,0.005300353281199932,0.020612485706806183,0.019081272184848785,0.019081272184848785
real,MSVD,m7x8uIdg2XU_67_73.mp4,patch_only,,0.1,0.9,same_grid_second_order,,,,,bottomk_mean,0.4,3,3,0.3527679741382599,0.5329799652099609,0.5149587988853455,0.5149587988853455
real,MSVD,mCrRHP4LFmo_24_40.mp4,patch_only,,0.1,0.9,same_grid_second_order,,,,,bottomk_mean,0.4,3,3,0.3863368630409241,0.3739693760871887,0.3752061128616333,0.3752061128616333
real,MSVD,mF6ijhSrbBQ_32_40.mp4,patch_only,,0.1,0.9,same_grid_second_order,,,,,bottomk_mean,0.4,3,3,0.23733805119991302,0.39281508326530457,0.37726736068725586,0.37726736068725586
real,MSVD,mFCf8lLXrUc_25_35.mp4,patch_only,,0.1,0.9,same_grid_second_order,,,,,bottomk_mean,0.4,3,3,0.4623085856437683,0.6955241560935974,0.6722025871276855,0.6722025871276855
real,MSVD,mFCf8lLXrUc_36_57.mp4,patch_only,,0.1,0.9,same_grid_second_order,,,,,bottomk_mean,0.4,3,3,0.22673733532428741,0.6996466517448425,0.6523557305335999,0.6523557305335999
real,MSVD,mHv4iJ9Yr1g_10_16.mp4,patch_only,,0.1,0.9,same_grid_second_order,,,,,bottomk_mean,0.4,3,3,0.5530035495758057,0.6248527765274048,0.6176678538322449,0.6176678538322449
real,MSVD,mJ9eRvxjLc4_0_16.mp4,patch_only,,0.1,0.9,same_grid_second_order,,,,,bottomk_mean,0.4,3,3,0.07773851603269577,0.4151943325996399,0.38144877552986145,0.38144877552986145
real,MSVD,mOZkcBcWR8o_6_12.mp4,patch_only,,0.1,0.9,same_grid_second_order,,,,,bottomk_mean,0.4,3,3,0.29740872979164124,0.3680800795555115,0.3610129654407501,0.3610129654407501
real,MSVD,mZVPkPqwzR4_38_45.mp4,patch_only,,0.1,0.9,same_grid_second_order,,,,,bottomk_mean,0.4,3,3,0.2408716082572937,0.5335689187049866,0.5042991638183594,0.5042991638183594
real,MSVD,me1D1WZ0yNM_120_124.mp4,patch_only,,0.1,0.9,same_grid_second_order,,,,,bottomk_mean,0.4,3,3,0.9222614765167236,0.799175500869751,0.8114840984344482,0.8114840984344482
real,MSVD,mfJjIOfj6D8_3_10.mp4,patch_only,,0.1,0.9,same_grid_second_order,,,,,bottomk_mean,0.4,3,3,0.15135453641414642,0.03945818543434143,0.05064782127737999,0.05064782127737999
real,MSVD,mmSQTI6gMNQ_120_128.mp4,patch_only,,0.1,0.9,same_grid_second_order,,,,,bottomk_mean,0.4,3,3,0.4664310812950134,0.5076560378074646,0.5035335421562195,0.5035335421562195
real,MSVD,mmSQTI6gMNQ_15_21.mp4,patch_only,,0.1,0.9,same_grid_second_order,,,,,bottomk_mean,0.4,3,3,0.6478209495544434,0.3256772756576538,0.35789164900779724,0.35789164900779724
real,MSVD,msCidKHOh74_392_399.mp4,patch_only,,0.1,0.9,same_grid_second_order,,,,,bottomk_mean,0.4,3,3,0.3321554660797119,0.46054181456565857,0.44770318269729614,0.44770318269729614
real,MSVD,msCidKHOh74_410_418.mp4,patch_only,,0.1,0.9,same_grid_second_order,,,,,bottomk_mean,0.4,3,3,0.49941107630729675,0.3775029480457306,0.3896937668323517,0.3896937668323517
real,MSVD,mtrCf667KDk_134_176.mp4,patch_only,,0.1,0.9,same_grid_second_order,,,,,bottomk_mean,0.4,3,3,0.8733804225921631,0.9122496843338013,0.9083628058433533,0.9083628058433533
real,MSVD,muI1BFsdbdo_33_45.mp4,patch_only,,0.1,0.9,same_grid_second_order,,,,,bottomk_mean,0.4,3,3,0.048881035298109055,0.05771495774388313,0.056831564754247665,0.056831564754247665
real,MSVD,mv89psg6zh4_33_46.mp4,patch_only,,0.1,0.9,same_grid_second_order,,,,,bottomk_mean,0.4,3,3,0.8044758439064026,0.30565372109413147,0.35553592443466187,0.35553592443466187
real,MSVD,n016q1w8Q30_2_11.mp4,patch_only,,0.1,0.9,same_grid_second_order,,,,,bottomk_mean,0.4,3,3,0.9340400695800781,0.9240282773971558,0.925029456615448,0.925029456615448
real,MSVD,n2NLoLNecgI_168_178.mp4,patch_only,,0.1,0.9,same_grid_second_order,,,,,bottomk_mean,0.4,3,3,0.06949352473020554,0.15547703206539154,0.1468786746263504,0.1468786746263504
real,MSVD,nBFhvrAOFqY_23_29.mp4,patch_only,,0.1,0.9,same_grid_second_order,,,,,bottomk_mean,0.4,3,3,0.09658421576023102,0.2679623067378998,0.250824511051178,0.250824511051178
real,MSVD,nBFhvrAOFqY_89_103.mp4,patch_only,,0.1,0.9,same_grid_second_order,,,,,bottomk_mean,0.4,3,3,0.13074204325675964,0.5906949639320374,0.5446996688842773,0.5446996688842773
real,MSVD,nCtZFOYAlvQ_44_49.mp4,patch_only,,0.1,0.9,same_grid_second_order,,,,,bottomk_mean,0.4,3,3,0.6584216952323914,0.14487633109092712,0.19623085856437683,0.19623085856437683
real,MSVD,nHZsE7T7hwI_13_23.mp4,patch_only,,0.1,0.9,same_grid_second_order,,,,,bottomk_mean,0.4,3,3,0.8256772756576538,0.9464075565338135,0.9343345165252686,0.9343345165252686
real,MSVD,nLvX-erABqY_67_72.mp4,patch_only,,0.1,0.9,same_grid_second_order,,,,,bottomk_mean,0.4,3,3,0.16313309967517853,0.17255595326423645,0.1716136634349823,0.1716136634349823
real,MSVD,nLz0QuerH1c_8_15.mp4,patch_only,,0.1,0.9,same_grid_second_order,,,,,bottomk_mean,0.4,3,3,0.17078916728496552,0.7014134526252747,0.6483510136604309,0.6483510136604309
real,MSVD,nMBSDpB3WB8_5_14.mp4,patch_only,,0.1,0.9,same_grid_second_order,,,,,bottomk_mean,0.4,3,3,0.424617201089859,0.18727914988994598,0.21101295948028564,0.21101295948028564
real,MSVD,nPj6EcVGoUY_7_15.mp4,patch_only,,0.1,0.9,same_grid_second_order,,,,,bottomk_mean,0.4,3,3,0.0011778563493862748,0.2526501715183258,0.2275029420852661,0.2275029420852661
real,MSVD,nS6oQxX_Qi8_2_12.mp4,patch_only,,0.1,0.9,same_grid_second_order,,,,,bottomk_mean,0.4,3,3,0.3987043499946594,0.3733804523944855,0.3759128451347351,0.3759128451347351
real,MSVD,nTUONeDqhdk_10_15.mp4,patch_only,,0.1,0.9,same_grid_second_order,,,,,bottomk_mean,0.4,3,3,0.43816253542900085,0.8910483121871948,0.8457596898078918,0.8457596898078918
real,MSVD,nTasT5h0LEg_12_14.mp4,patch_only,,0.1,0.9,same_grid_second_order,,,,,bottomk_mean,0.4,3,3,0.5312131643295288,0.4805653691291809,0.4856301546096802,0.4856301546096802
real,MSVD,nULE40HEWpA_5_11.mp4,patch_only,,0.1,0.9,same_grid_second_order,,,,,bottomk_mean,0.4,3,3,0.28975266218185425,0.3621908128261566,0.3549470007419586,0.3549470007419586
real,MSVD,nV3Wv8iHp4U_0_38.mp4,patch_only,,0.1,0.9,same_grid_second_order,,,,,bottomk_mean,0.4,3,3,0.042991753667593,0.5842167139053345,0.5300942063331604,0.5300942063331604
real,MSVD,nYwbAb0QvBE_195_210.mp4,patch_only,,0.1,0.9,same_grid_second_order,,,,,bottomk_mean,0.4,3,3,0.7885748147964478,0.952296793460846,0.9359245896339417,0.9359245896339417
real,MSVD,nZSFn51l3hc_318_326.mp4,patch_only,,0.1,0.9,same_grid_second_order,,,,,bottomk_mean,0.4,3,3,0.9699646830558777,0.8975265026092529,0.9047703146934509,0.9047703146934509
real,MSVD,nZSFn51l3hc_480_485.mp4,patch_only,,0.1,0.9,same_grid_second_order,,,,,bottomk_mean,0.4,3,3,0.9063604474067688,0.6595995426177979,0.6842756271362305,0.6842756271362305
real,MSVD,nZSFn51l3hc_660_666.mp4,patch_only,,0.1,0.9,same_grid_second_order,,,,,bottomk_mean,0.4,3,3,0.7921083569526672,0.4334511160850525,0.46931684017181396,0.46931684017181396
real,MSVD,n_Z0-giaspE_168_193.mp4,patch_only,,0.1,0.9,same_grid_second_order,,,,,bottomk_mean,0.4,3,3,0.7785630226135254,0.8009423017501831,0.7987043857574463,0.7987043857574463
real,MSVD,n_Z0-giaspE_379_387.mp4,patch_only,,0.1,0.9,same_grid_second_order,,,,,bottomk_mean,0.4,3,3,0.37161365151405334,0.6213191747665405,0.5963486433029175,0.5963486433029175
real,MSVD,n_Z0-giaspE_437_447.mp4,patch_only,,0.1,0.9,same_grid_second_order,,,,,bottomk_mean,0.4,3,3,0.6348645687103271,0.8268551230430603,0.8076560497283936,0.8076560497283936
real,MSVD,n_Z0-giaspE_62_78.mp4,patch_only,,0.1,0.9,same_grid_second_order,,,,,bottomk_mean,0.4,3,3,0.14605417847633362,0.20023557543754578,0.1948174387216568,0.1948174387216568
real,MSVD,nau1vCzyFQ4_37_54.mp4,patch_only,,0.1,0.9,same_grid_second_order,,,,,bottomk_mean,0.4,3,3,0.9994110465049744,0.9593639373779297,0.9633686542510986,0.9633686542510986
real,MSVD,nb12bAaKzvA_0_10.mp4,patch_only,,0.1,0.9,same_grid_second_order,,,,,bottomk_mean,0.4,3,3,0.4723203778266907,0.09363957494497299,0.13150765001773834,0.13150765001773834
real,MSVD,nc0fVlaTYEs_34_44.mp4,patch_only,,0.1,0.9,same_grid_second_order,,,,,bottomk_mean,0.4,3,3,0.7767962217330933,0.9505300521850586,0.9331566691398621,0.9331566691398621
real,MSVD,nc8hwLaOyZU_1_19.mp4,patch_only,,0.1,0.9,same_grid_second_order,,,,,bottomk_mean,0.4,3,3,0.3610129654407501,0.5482921004295349,0.5295642018318176,0.5295642018318176
real,MSVD,ngHDYzhDBk4_24_29.mp4,patch_only,,0.1,0.9,same_grid_second_order,,,,,bottomk_mean,0.4,3,3,0.11660777032375336,0.20259128510951996,0.19399292767047882,0.19399292767047882
real,MSVD,ngHDYzhDBk4_5_14.mp4,patch_only,,0.1,0.9,same_grid_second_order,,,,,bottomk_mean,0.4,3,3,0.5647820830345154,0.3162544071674347,0.34110718965530396,0.34110718965530396
real,MSVD,nhm_APPwhWk_6_12.mp4,patch_only,,0.1,0.9,same_grid_second_order,,,,,bottomk_mean,0.4,3,3,0.6760895252227783,0.6831566691398621,0.6824499368667603,0.6824499368667603
real,MSVD,nlU3crMsbWI_19_23.mp4,patch_only,,0.1,0.9,same_grid_second_order,,,,,bottomk_mean,0.4,3,3,0.4481743276119232,0.5665488839149475,0.5547114014625549,0.5547114014625549
real,MSVD,nohvigNMsbo_199_207.mp4,patch_only,,0.1,0.9,same_grid_second_order,,,,,bottomk_mean,0.4,3,3,0.5694935321807861,0.6319199204444885,0.6256772875785828,0.6256772875785828
real,MSVD,nq4hG6qgyPs_184_195.mp4,patch_only,,0.1,0.9,same_grid_second_order,,,,,bottomk_mean,0.4,3,3,0.8816254138946533,0.7921083569526672,0.8010600805282593,0.8010600805282593
real,MSVD,nq4hG6qgyPs_240_251.mp4,patch_only,,0.1,0.9,same_grid_second_order,,,,,bottomk_mean,0.4,3,3,0.9687868356704712,0.9864546656608582,0.984687864780426,0.984687864780426
real,MSVD,nq4hG6qgyPs_370_377.mp4,patch_only,,0.1,0.9,same_grid_second_order,,,,,bottomk_mean,0.4,3,3,0.9581860899925232,0.9416961073875427,0.9433451294898987,0.9433451294898987
real,MSVD,nrZyPuRd5pU_85_92.mp4,patch_only,,0.1,0.9,same_grid_second_order,,,,,bottomk_mean,0.4,3,3,0.6978798508644104,0.8356890678405762,0.8219081163406372,0.8219081163406372
real,MSVD,nwk4m329bLw_2_10.mp4,patch_only,,0.1,0.9,same_grid_second_order,,,,,bottomk_mean,0.4,3,3,0.6696113348007202,0.18786807358264923,0.23604241013526917,0.23604241013526917
real,MSVD,o2X6UCaNqKA_27_36.mp4,patch_only,,0.1,0.9,same_grid_second_order,,,,,bottomk_mean,0.4,3,3,0.846878707408905,0.5182567834854126,0.5511189699172974,0.5511189699172974
real,MSVD,o4OsYxsNGMI_77_82.mp4,patch_only,,0.1,0.9,same_grid_second_order,,,,,bottomk_mean,0.4,3,3,0.34452298283576965,0.8657243847846985,0.8136042356491089,0.8136042356491089
real,MSVD,o4pL7FObqds_137_147.mp4,patch_only,,0.1,0.9,same_grid_second_order,,,,,bottomk_mean,0.4,3,3,0.6743227243423462,0.40164899826049805,0.4289163649082184,0.4289163649082184
real,MSVD,o4pL7FObqds_243_263.mp4,patch_only,,0.1,0.9,same_grid_second_order,,,,,bottomk_mean,0.4,3,3,0.06183745712041855,0.3727915287017822,0.3416961133480072,0.3416961133480072
real,MSVD,o4pL7FObqds_72_78.mp4,patch_only,,0.1,0.9,same_grid_second_order,,,,,bottomk_mean,0.4,3,3,0.24793875217437744,0.18080094456672668,0.18751472234725952,0.18751472234725952
real,MSVD,oBt257I-pL0_0_10.mp4,patch_only,,0.1,0.9,same_grid_second_order,,,,,bottomk_mean,0.4,3,3,0.30153122544288635,0.4163722097873688,0.4048880934715271,0.4048880934715271
real,MSVD,oDcd2JbOyzg_38_55.mp4,patch_only,,0.1,0.9,same_grid_second_order,,,,,bottomk_mean,0.4,3,3,0.9946996569633484,0.8551236987113953,0.8690812587738037,0.8690812587738037
real,MSVD,oDcd2JbOyzg_85_98.mp4,patch_only,,0.1,0.9,same_grid_second_order,,,,,bottomk_mean,0.4,3,3,0.9864546656608582,0.9946996569633484,0.9938751459121704,0.9938751459121704
real,MSVD,oFUsn1owAbs_158_168.mp4,patch_only,,0.1,0.9,same_grid_second_order,,,,,bottomk_mean,0.4,3,3,0.22555948793888092,0.6166077852249146,0.577502965927124,0.577502965927124
real,MSVD,oG6LLGi_n48_51_55.mp4,patch_only,,0.1,0.9,same_grid_second_order,,,,,bottomk_mean,0.4,3,3,0.43934041261672974,0.537102460861206,0.5273262858390808,0.5273262858390808
real,MSVD,oRBgVOiZVsc_16_22.mp4,patch_only,,0.1,0.9,same_grid_second_order,,,,,bottomk_mean,0.4,3,3,0.6654888391494751,0.8969375491142273,0.8737927079200745,0.8737927079200745
real,MSVD,oSnYUfCGiCA_7_17.mp4,patch_only,,0.1,0.9,same_grid_second_order,,,,,bottomk_mean,0.4,3,3,0.09069493412971497,0.49646642804145813,0.4558892846107483,0.4558892846107483
real,MSVD,o_mWZWcm2r4_10_15.mp4,patch_only,,0.1,0.9,same_grid_second_order,,,,,bottomk_mean,0.4,3,3,0.25088340044021606,0.104240283370018,0.11890459060668945,0.11890459060668945
real,MSVD,o_mWZWcm2r4_47_54.mp4,patch_only,,0.1,0.9,same_grid_second_order,,,,,bottomk_mean,0.4,3,3,0.21201413869857788,0.16843345761299133,0.17279152572155,0.17279152572155
real,MSVD,oeaVXK2GAyc_4_21.mp4,patch_only,,0.1,0.9,same_grid_second_order,,,,,bottomk_mean,0.4,3,3,0.5435807108879089,0.36925795674324036,0.386690229177475,0.386690229177475
real,MSVD,ogcqFaNbah4_475_487.mp4,patch_only,,0.1,0.9,same_grid_second_order,,,,,bottomk_mean,0.4,3,3,0.6678445339202881,0.6472320556640625,0.6492933034896851,0.6492933034896851
real,MSVD,ok4cM6WTA5E_120_133.mp4,patch_only,,0.1,0.9,same_grid_second_order,,,,,bottomk_mean,0.4,3,3,0.904004693031311,0.7809187173843384,0.7932273149490356,0.7932273149490356
real,MSVD,ok4cM6WTA5E_142_150.mp4,patch_only,,0.1,0.9,same_grid_second_order,,,,,bottomk_mean,0.4,3,3,0.6401649117469788,0.8810365200042725,0.8569493293762207,0.8569493293762207
real,MSVD,ok4cM6WTA5E_178_184.mp4,patch_only,,0.1,0.9,same_grid_second_order,,,,,bottomk_mean,0.4,3,3,0.3191990554332733,0.8586572408676147,0.8047114014625549,0.8047114014625549
real,MSVD,omIPdpxg--4_39_46.mp4,patch_only,,0.1,0.9,same_grid_second_order,,,,,bottomk_mean,0.4,3,3,0.20259128510951996,0.07832744717597961,0.09075383096933365,0.09075383096933365
real,MSVD,onW5hJXnI5s_10_16.mp4,patch_only,,0.1,0.9,same_grid_second_order,,,,,bottomk_mean,0.4,3,3,0.13722026348114014,0.13898704946041107,0.13881036639213562,0.13881036639213562
real,MSVD,onW5hJXnI5s_126_133.mp4,patch_only,,0.1,0.9,same_grid_second_order,,,,,bottomk_mean,0.4,3,3,0.4452296793460846,0.6778563261032104,0.6545936465263367,0.6545936465263367
real,MSVD,onxE6PpEXes_8_25.mp4,patch_only,,0.1,0.9,same_grid_second_order,,,,,bottomk_mean,0.4,3,3,0.5365135669708252,0.02591283805668354,0.07697290927171707,0.07697290927171707
real,MSVD,otLEUwHao_E_140_151.mp4,patch_only,,0.1,0.9,same_grid_second_order,,,,,bottomk_mean,0.4,3,3,0.4852767884731293,0.4428739547729492,0.4471142590045929,0.4471142590045929
real,MSVD,otvx5OZHTJc_1_22.mp4,patch_only,,0.1,0.9,same_grid_second_order,,,,,bottomk_mean,0.4,3,3,0.9805653691291809,0.8704358339309692,0.8814487457275391,0.8814487457275391
real,MSVD,p3J3TAdKAYQ_0_10.mp4,patch_only,,0.1,0.9,same_grid_second_order,,,,,bottomk_mean,0.4,3,3,0.7167255878448486,0.38457009196281433,0.41778564453125,0.41778564453125
real,MSVD,p69d3UBdpR8_98_109.mp4,patch_only,,0.1,0.9,same_grid_second_order,,,,,bottomk_mean,0.4,3,3,0.4493521749973297,0.7526502013206482,0.7223203778266907,0.7223203778266907
real,MSVD,p6T3XrnYtFk_4_13.mp4,patch_only,,0.1,0.9,same_grid_second_order,,,,,bottomk_mean,0.4,3,3,0.5053003430366516,0.42402827739715576,0.4321554899215698,0.4321554899215698
real,MSVD,p6cg2jWI34M_34_42.mp4,patch_only,,0.1,0.9,same_grid_second_order,,,,,bottomk_mean,0.4,3,3,0.2785630226135254,0.25441697239875793,0.256831556558609,0.256831556558609
real,MSVD,p7IAuvd87hQ_12_19.mp4,patch_only,,0.1,0.9,same_grid_second_order,,,,,bottomk_mean,0.4,3,3,0.13722026348114014,0.12131919711828232,0.1229093074798584,0.1229093074798584
real,MSVD,p9g06ktIkJg_4_11.mp4,patch_only,,0.1,0.9,same_grid_second_order,,,,,bottomk_mean,0.4,3,3,0.06478209793567657,0.4128386378288269,0.37803298234939575,0.37803298234939575
real,MSVD,pDvzOLRLjPc_0_8.mp4,patch_only,,0.1,0.9,same_grid_second_order,,,,,bottomk_mean,0.4,3,3,0.6030624508857727,0.6283863186836243,0.625853955745697,0.625853955745697
real,MSVD,pFSoWsocv0g_8_17.mp4,patch_only,,0.1,0.9,same_grid_second_order,,,,,bottomk_mean,0.4,3,3,0.03239104896783829,0.869257926940918,0.785571277141571,0.785571277141571
real,MSVD,pGCRurvXQGM_45_56.mp4,patch_only,,0.1,0.9,same_grid_second_order,,,,,bottomk_mean,0.4,3,3,0.6230859756469727,0.5712603330612183,0.5764428973197937,0.5764428973197937
real,MSVD,pGsU4FekJQM_10_18.mp4,patch_only,,0.1,0.9,same_grid_second_order,,,,,bottomk_mean,0.4,3,3,0.09717314690351486,0.24793875217437744,0.232862189412117,0.232862189412117
real,MSVD,pNelR-nHz7g_68_90.mp4,patch_only,,0.1,0.9,same_grid_second_order,,,,,bottomk_mean,0.4,3,3,0.7326266169548035,0.7850412130355835,0.77979975938797,0.77979975938797
real,MSVD,pQYEZTwSVbQ_12_18.mp4,patch_only,,0.1,0.9,same_grid_second_order,,,,,bottomk_mean,0.4,3,3,0.5889281630516052,0.19964663684368134,0.2385747879743576,0.2385747879743576
real,MSVD,pRpeEdMmmQ0_65_70.mp4,patch_only,,0.1,0.9,same_grid_second_order,,,,,bottomk_mean,0.4,3,3,0.3851590156555176,0.4840989410877228,0.474204957485199,0.474204957485199
real,MSVD,pUPKsHTDZTo_70_85.mp4,patch_only,,0.1,0.9,same_grid_second_order,,,,,bottomk_mean,0.4,3,3,0.39104828238487244,0.06949352473020554,0.10164900124073029,0.10164900124073029
real,MSVD,pcjuCotJYj8_50_62.mp4,patch_only,,0.1,0.9,same_grid_second_order,,,,,bottomk_mean,0.4,3,3,0.45641931891441345,0.7385159134864807,0.7103062272071838,0.7103062272071838
real,MSVD,pfQPRXcihkI_127_138.mp4,patch_only,,0.1,0.9,same_grid_second_order,,,,,bottomk_mean,0.4,3,3,0.9829210638999939,0.9540635943412781,0.9569493532180786,0.9569493532180786
real,MSVD,pfQPRXcihkI_160_184.mp4,patch_only,,0.1,0.9,same_grid_second_order,,,,,bottomk_mean,0.4,3,3,0.9681978821754456,0.9752650260925293,0.9745582938194275,0.9745582938194275
real,MSVD,pmEKZ6yVewc_0_10.mp4,patch_only,,0.1,0.9,same_grid_second_order,,,,,bottomk_mean,0.4,3,3,0.620141327381134,0.4581860899925232,0.47438162565231323,0.47438162565231323
real,MSVD,po2tcrG6KzM_2_8.mp4,patch_only,,0.1,0.9,same_grid_second_order,,,,,bottomk_mean,0.4,3,3,0.33627796173095703,0.29740872979164124,0.3012956380844116,0.3012956380844116
real,MSVD,pptYu3YQnxY_160_170.mp4,patch_only,,0.1,0.9,same_grid_second_order,,,,,bottomk_mean,0.4,3,3,0.5058892965316772,0.8881036639213562,0.849882185459137,0.849882185459137
real,MSVD,pqTWUzehCUM_42_47.mp4,patch_only,,0.1,0.9,same_grid_second_order,,,,,bottomk_mean,0.4,3,3,0.4140164852142334,0.7273262739181519,0.6959952712059021,0.6959952712059021
real,MSVD,psXeA8sSYdI_25_30.mp4,patch_only,,0.1,0.9,same_grid_second_order,,,,,bottomk_mean,0.4,3,3,0.7703180313110352,0.7025913000106812,0.7093639373779297,0.7093639373779297
real,MSVD,ptHkvYrH9fY_2_10.mp4,patch_only,,0.1,0.9,same_grid_second_order,,,,,bottomk_mean,0.4,3,3,0.5883392095565796,0.28445228934288025,0.31484100222587585,0.31484100222587585
real,MSVD,puineN1UMto_25_29.mp4,patch_only,,0.1,0.9,same_grid_second_order,,,,,bottomk_mean,0.4,3,3,0.6224970817565918,0.39517077803611755,0.41790342330932617,0.41790342330932617
real,MSVD,pzq5fPfsPZg_145_160.mp4,patch_only,,0.1,0.9,same_grid_second_order,,,,,bottomk_mean,0.4,3,3,0.5612485408782959,0.8321554660797119,0.8050647974014282,0.8050647974014282
real,MSVD,pzq5fPfsPZg_29_33.mp4,patch_only,,0.1,0.9,same_grid_second_order,,,,,bottomk_mean,0.4,3,3,0.14016489684581757,0.4611307382583618,0.42903414368629456,0.42903414368629456
real,MSVD,pzq5fPfsPZg_51_57.mp4,patch_only,,0.1,0.9,same_grid_second_order,,,,,bottomk_mean,0.4,3,3,0.698468804359436,0.7703180313110352,0.7631331086158752,0.7631331086158752
real,MSVD,q-JHcsqJXWY_0_8.mp4,patch_only,,0.1,0.9,same_grid_second_order,,,,,bottomk_mean,0.4,3,3,0.630742073059082,0.022968197241425514,0.08374558389186859,0.08374558389186859
real,MSVD,q-a6NEotUX8_5_10.mp4,patch_only,,0.1,0.9,same_grid_second_order,,,,,bottomk_mean,0.4,3,3,0.6902238130569458,0.1366313248872757,0.19199058413505554,0.19199058413505554
real,MSVD,q3I3R_gqy8M_34_37.mp4,patch_only,,0.1,0.9,same_grid_second_order,,,,,bottomk_mean,0.4,3,3,0.39104828238487244,0.17726737260818481,0.1986454725265503,0.1986454725265503
real,MSVD,q3I3R_gqy8M_38_42.mp4,patch_only,,0.1,0.9,same_grid_second_order,,,,,bottomk_mean,0.4,3,3,0.2891637086868286,0.30800941586494446,0.30612486600875854,0.30612486600875854
real,MSVD,q3I3R_gqy8M_73_79.mp4,patch_only,,0.1,0.9,same_grid_second_order,,,,,bottomk_mean,0.4,3,3,0.3097762167453766,0.42108362913131714,0.40995287895202637,0.40995287895202637
real,MSVD,q5ZRMvjzhXQ_15_29.mp4,patch_only,,0.1,0.9,same_grid_second_order,,,,,bottomk_mean,0.4,3,3,0.41342756152153015,0.2926972806453705,0.3047703206539154,0.3047703206539154
real,MSVD,q6vz80UkVtw_0_7.mp4,patch_only,,0.1,0.9,same_grid_second_order,,,,,bottomk_mean,0.4,3,3,0.11307420581579208,0.4440518319606781,0.4109540581703186,0.4109540581703186
real,MSVD,q7pOFn8s4zc_263_273.mp4,patch_only,,0.1,0.9,same_grid_second_order,,,,,bottomk_mean,0.4,3,3,0.44758540391921997,0.35630154609680176,0.36542990803718567,0.36542990803718567
real,MSVD,q7pOFn8s4zc_27_36.mp4,patch_only,,0.1,0.9,same_grid_second_order,,,,,bottomk_mean,0.4,3,3,0.5212014317512512,0.10070671141147614,0.14275617897510529,0.14275617897510529
real,MSVD,q8t7iSGAKik_11_31.mp4,patch_only,,0.1,0.9,same_grid_second_order,,,,,bottomk_mean,0.4,3,3,0.9328621625900269,0.6260306239128113,0.6567137837409973,0.6567137837409973
real,MSVD,q8t7iSGAKik_57_74.mp4,patch_only,,0.1,0.9,same_grid_second_order,,,,,bottomk_mean,0.4,3,3,0.9393404126167297,0.6713780760765076,0.6981742978096008,0.6981742978096008
real,MSVD,q9ew_nITQWY_54_62.mp4,patch_only,,0.1,0.9,same_grid_second_order,,,,,bottomk_mean,0.4,3,3,0.41990578174591064,0.41048291325569153,0.4114252030849457,0.4114252030849457
real,MSVD,qBFSt85-xqk_15_20.mp4,patch_only,,0.1,0.9,same_grid_second_order,,,,,bottomk_mean,0.4,3,3,0.7520612478256226,0.6790341734886169,0.686336874961853,0.686336874961853
real,MSVD,qDjtN7xxNr4_44_51.mp4,patch_only,,0.1,0.9,same_grid_second_order,,,,,bottomk_mean,0.4,3,3,0.6914016604423523,0.7420494556427002,0.7369846701622009,0.7369846701622009
real,MSVD,qIk_Dz5XE5E_104_109.mp4,patch_only,,0.1,0.9,same_grid_second_order,,,,,bottomk_mean,0.4,3,3,0.43168434500694275,0.33627796173095703,0.3458186089992523,0.3458186089992523
real,MSVD,qLwgb3F0aPU_298_305.mp4,patch_only,,0.1,0.9,same_grid_second_order,,,,,bottomk_mean,0.4,3,3,0.6866902112960815,0.6466431021690369,0.6506478190422058,0.6506478190422058
real,MSVD,qNjeEx92rTA_281_299.mp4,patch_only,,0.1,0.9,same_grid_second_order,,,,,bottomk_mean,0.4,3,3,0.9652532339096069,0.919316828250885,0.9239104986190796,0.9239104986190796
real,MSVD,qOiN__I1-Zo_2_8.mp4,patch_only,,0.1,0.9,same_grid_second_order,,,,,bottomk_mean,0.4,3,3,0.21967020630836487,0.46525323390960693,0.4406949281692505,0.4406949281692505
real,MSVD,qPXynwa_2iM_15_25.mp4,patch_only,,0.1,0.9,same_grid_second_order,,,,,bottomk_mean,0.4,3,3,0.2656065821647644,0.24676088988780975,0.24864546954631805,0.24864546954631805
real,MSVD,qeKX-N1nKiM_0_5.mp4,patch_only,,0.1,0.9,same_grid_second_order,,,,,bottomk_mean,0.4,3,3,0.07184923440217972,0.4216725528240204,0.386690229177475,0.386690229177475
real,MSVD,qeKX-N1nKiM_106_115.mp4,patch_only,,0.1,0.9,same_grid_second_order,,,,,bottomk_mean,0.4,3,3,0.9387514591217041,0.7108362913131714,0.7336277961730957,0.7336277961730957
real,MSVD,qeKX-N1nKiM_123_130.mp4,patch_only,,0.1,0.9,same_grid_second_order,,,,,bottomk_mean,0.4,3,3,0.3922261595726013,0.6372202634811401,0.6127208471298218,0.6127208471298218
real,MSVD,qeKX-N1nKiM_133_142.mp4,patch_only,,0.1,0.9,same_grid_second_order,,,,,bottomk_mean,0.4,3,3,0.755594789981842,0.8138986825942993,0.8080683350563049,0.8080683350563049
real,MSVD,qeKX-N1nKiM_37_43.mp4,patch_only,,0.1,0.9,same_grid_second_order,,,,,bottomk_mean,0.4,3,3,0.8810365200042725,0.8922261595726013,0.8911072015762329,0.8911072015762329
real,MSVD,qeKX-N1nKiM_52_59.mp4,patch_only,,0.1,0.9,same_grid_second_order,,,,,bottomk_mean,0.4,3,3,0.9505300521850586,0.916961133480072,0.9203180074691772,0.9203180074691772
real,MSVD,qeKX-N1nKiM_68_72.mp4,patch_only,,0.1,0.9,same_grid_second_order,,,,,bottomk_mean,0.4,3,3,0.9469964504241943,0.934628963470459,0.9358657002449036,0.9358657002449036
real,MSVD,qeKX-N1nKiM_74_77.mp4,patch_only,,0.1,0.9,same_grid_second_order,,,,,bottomk_mean,0.4,3,3,0.36395758390426636,0.849234402179718,0.800706684589386,0.800706684589386
real,MSVD,qew09qQgMAg_22_27.mp4,patch_only,,0.1,0.9,same_grid_second_order,,,,,bottomk_mean,0.4,3,3,0.42756184935569763,0.6248527765274048,0.6051236987113953,0.6051236987113953
real,MSVD,qhknaG9ifbs_122_127.mp4,patch_only,,0.1,0.9,same_grid_second_order,,,,,bottomk_mean,0.4,3,3,0.703180193901062,0.6224970817565918,0.630565345287323,0.630565345287323
real,MSVD,qqYysi3qotc_148_195.mp4,patch_only,,0.1,0.9,same_grid_second_order,,,,,bottomk_mean,0.4,3,3,0.6166077852249146,0.6896348595619202,0.6823321580886841,0.6823321580886841
real,MSVD,qvg9eM4Hmzk_1_9.mp4,patch_only,,0.1,0.9,same_grid_second_order,,,,,bottomk_mean,0.4,3,3,0.04593639448285103,0.02826855145394802,0.030035335570573807,0.030035335570573807
real,MSVD,qvg9eM4Hmzk_4_10.mp4,patch_only,,0.1,0.9,same_grid_second_order,,,,,bottomk_mean,0.4,3,3,0.04593639448285103,0.038869258016347885,0.0395759716629982,0.0395759716629982
real,MSVD,qypmR4O1Gwk_0_10.mp4,patch_only,,0.1,0.9,same_grid_second_order,,,,,bottomk_mean,0.4,3,3,0.08127208799123764,0.812131941318512,0.7390459179878235,0.7390459179878235
real,MSVD,qzQzooI4BqU_5_15.mp4,patch_only,,0.1,0.9,same_grid_second_order,,,,,bottomk_mean,0.4,3,3,0.4063604176044464,0.528268575668335,0.5160777568817139,0.5160777568817139
real,MSVD,r0E-0ntoNWo_20_30.mp4,patch_only,,0.1,0.9,same_grid_second_order,,,,,bottomk_mean,0.4,3,3,0.104240283370018,0.3297997713088989,0.30724382400512695,0.30724382400512695
real,MSVD,r0rmrbTb7fU_98_109.mp4,patch_only,,0.1,0.9,same_grid_second_order,,,,,bottomk_mean,0.4,3,3,0.14252060651779175,0.35983508825302124,0.33810365200042725,0.33810365200042725
real,MSVD,r2PM0om2El8_18_25.mp4,patch_only,,0.1,0.9,same_grid_second_order,,,,,bottomk_mean,0.4,3,3,0.03180212154984474,0.08303886651992798,0.07791519165039062,0.07791519165039062
real,MSVD,r4qv_BNlQNk_93_98.mp4,patch_only,,0.1,0.9,same_grid_second_order,,,,,bottomk_mean,0.4,3,3,0.1654888093471527,0.6843345165252686,0.6324499249458313,0.6324499249458313
real,MSVD,rKF0ZW34FRk_41_54.mp4,patch_only,,0.1,0.9,same_grid_second_order,,,,,bottomk_mean,0.4,3,3,0.7155476808547974,0.5005889534950256,0.5220848321914673,0.5220848321914673
real,MSVD,rV5VmhY3-Sw_65_76.mp4,patch_only,,0.1,0.9,same_grid_second_order,,,,,bottomk_mean,0.4,3,3,0.1419316828250885,0.12308598309755325,0.12497055530548096,0.12497055530548096
real,MSVD,rVFJzN20jhQ_27_32.mp4,patch_only,,0.1,0.9,same_grid_second_order,,,,,bottomk_mean,0.4,3,3,0.38869258761405945,0.6778563261032104,0.6489399075508118,0.6489399075508118
real,MSVD,ri5AyXzxb4o_201_215.mp4,patch_only,,0.1,0.9,same_grid_second_order,,,,,bottomk_mean,0.4,3,3,0.8851590156555176,0.4022379219532013,0.4505300223827362,0.4505300223827362
real,MSVD,rl1rVk_xIOs_1_16.mp4,patch_only,,0.1,0.9,same_grid_second_order,,,,,bottomk_mean,0.4,3,3,0.281507670879364,0.4664310812950134,0.4479387402534485,0.4479387402534485
real,MSVD,rnawC5C8gSI_82_90.mp4,patch_only,,0.1,0.9,same_grid_second_order,,,,,bottomk_mean,0.4,3,3,0.09305065125226974,0.48881036043167114,0.44923439621925354,0.44923439621925354
real,MSVD,rq2p5ML8-WI_63_69.mp4,patch_only,,0.1,0.9,same_grid_second_order,,,,,bottomk_mean,0.4,3,3,0.4163722097873688,0.4858657121658325,0.47891637682914734,0.47891637682914734
real,MSVD,ruNrdmjcNTc_0_5.mp4,patch_only,,0.1,0.9,same_grid_second_order,,,,,bottomk_mean,0.4,3,3,0.05182567611336708,0.026501767337322235,0.02903415821492672,0.02903415821492672
real,MSVD,rw9h_574HxE_13_18.mp4,patch_only,,0.1,0.9,same_grid_second_order,,,,,bottomk_mean,0.4,3,3,0.7414605617523193,0.49411073327064514,0.5188456773757935,0.5188456773757935
real,MSVD,rw9h_574HxE_161_166.mp4,patch_only,,0.1,0.9,same_grid_second_order,,,,,bottomk_mean,0.4,3,3,0.6083627939224243,0.6466431021690369,0.6428150534629822,0.6428150534629822
real,MSVD,rw9h_574HxE_229_236.mp4,patch_only,,0.1,0.9,same_grid_second_order,,,,,bottomk_mean,0.4,3,3,0.7326266169548035,0.5535924434661865,0.5714958906173706,0.5714958906173706
real,MSVD,rw9h_574HxE_251_254.mp4,patch_only,,0.1,0.9,same_grid_second_order,,,,,bottomk_mean,0.4,3,3,0.5376914143562317,0.5571260452270508,0.5551825761795044,0.5551825761795044
real,MSVD,rw9h_574HxE_59_66.mp4,patch_only,,0.1,0.9,same_grid_second_order,,,,,bottomk_mean,0.4,3,3,0.663722038269043,0.3174322843551636,0.3520612418651581,0.3520612418651581
real,MSVD,rw9h_574HxE_70_74.mp4,patch_only,,0.1,0.9,same_grid_second_order,,,,,bottomk_mean,0.4,3,3,0.3309776186943054,0.5429917573928833,0.5217903256416321,0.5217903256416321
real,MSVD,rwHT2SuNOi8_195_201.mp4,patch_only,,0.1,0.9,same_grid_second_order,,,,,bottomk_mean,0.4,3,3,0.8804475665092468,0.8504122495651245,0.8534157872200012,0.8534157872200012
real,MSVD,rwHT2SuNOi8_240_255.mp4,patch_only,,0.1,0.9,same_grid_second_order,,,,,bottomk_mean,0.4,3,3,0.40282684564590454,0.7296819686889648,0.6969964504241943,0.6969964504241943
real,MSVD,ry7AUQtuwdU_4_39.mp4,patch_only,,0.1,0.9,same_grid_second_order,,,,,bottomk_mean,0.4,3,3,0.4687868058681488,0.2226148396730423,0.24723203480243683,0.24723203480243683
real,MSVD,s-QQWRdF-5Y_19_28.mp4,patch_only,,0.1,0.9,same_grid_second_order,,,,,bottomk_mean,0.4,3,3,0.1902237981557846,0.13722026348114014,0.14252060651779175,0.14252060651779175
real,MSVD,s-dSFyz_5Ww_31_41.mp4,patch_only,,0.1,0.9,same_grid_second_order,,,,,bottomk_mean,0.4,3,3,0.46702003479003906,0.8368669152259827,0.7998822331428528,0.7998822331428528
real,MSVD,s0hwEUC5emA_127_132.mp4,patch_only,,0.1,0.9,same_grid_second_order,,,,,bottomk_mean,0.4,3,3,0.17550058662891388,0.1601884514093399,0.1617196649312973,0.1617196649312973
real,MSVD,s1ZABV7AQdA_38_48.mp4,patch_only,,0.1,0.9,same_grid_second_order,,,,,bottomk_mean,0.4,3,3,0.3044758439064026,0.5683156847953796,0.541931688785553,0.541931688785553
real,MSVD,s20OlIRK340_125_138.mp4,patch_only,,0.1,0.9,same_grid_second_order,,,,,bottomk_mean,0.4,3,3,0.08657243847846985,0.4970553517341614,0.45600706338882446,0.45600706338882446
real,MSVD,s20OlIRK340_147_174.mp4,patch_only,,0.1,0.9,same_grid_second_order,,,,,bottomk_mean,0.4,3,3,0.8981154561042786,0.8833922147750854,0.8848645687103271,0.8848645687103271
real,MSVD,s6QwbmWbSmw_18_24.mp4,patch_only,,0.1,0.9,same_grid_second_order,,,,,bottomk_mean,0.4,3,3,0.01295641902834177,0.08951707929372787,0.08186101168394089,0.08186101168394089
real,MSVD,s7znbqra118_91_97.mp4,patch_only,,0.1,0.9,same_grid_second_order,,,,,bottomk_mean,0.4,3,3,0.14134275913238525,0.10954063385725021,0.11272084712982178,0.11272084712982178
real,MSVD,s80J2dAUUyI_33_43.mp4,patch_only,,0.1,0.9,same_grid_second_order,,,,,bottomk_mean,0.4,3,3,0.6419317126274109,0.30153122544288635,0.3355712592601776,0.3355712592601776
real,MSVD,s8utHZYTNTs_35_42.mp4,patch_only,,0.1,0.9,same_grid_second_order,,,,,bottomk_mean,0.4,3,3,0.6289752721786499,0.7155476808547974,0.7068904638290405,0.7068904638290405
real,MSVD,s9TklvyLFyI_177_191.mp4,patch_only,,0.1,0.9,same_grid_second_order,,,,,bottomk_mean,0.4,3,3,0.6861013174057007,0.4676089584827423,0.4894581735134125,0.4894581735134125
real,MSVD,sBjr8UJOpsQ_149_169.mp4,patch_only,,0.1,0.9,same_grid_second_order,,,,,bottomk_mean,0.4,3,3,0.3256772756576538,0.32096585631370544,0.32143697142601013,0.32143697142601013
real,MSVD,sBjr8UJOpsQ_181_195.mp4,patch_only,,0.1,0.9,same_grid_second_order,,,,,bottomk_mean,0.4,3,3,0.1990577131509781,0.2055359184741974,0.20488810539245605,0.20488810539245605
real,MSVD,sFExO_PW22s_10_18.mp4,patch_only,,0.1,0.9,same_grid_second_order,,,,,bottomk_mean,0.4,3,3,0.0023557126987725496,0.01413427572697401,0.01295641902834177,0.01295641902834177
real,MSVD,sJC7E06IBXI_49_59.mp4,patch_only,,0.1,0.9,same_grid_second_order,,,,,bottomk_mean,0.4,3,3,0.48763251304626465,0.07538280636072159,0.11660777032375336,0.11660777032375336
real,MSVD,sJSmRik2c-c_1_7.mp4,patch_only,,0.1,0.9,same_grid_second_order,,,,,bottomk_mean,0.4,3,3,0.0795053020119667,0.021790342405438423,0.027561837807297707,0.027561837807297707
real,MSVD,sMscRb9TcQE_146_161.mp4,patch_only,,0.1,0.9,same_grid_second_order,,,,,bottomk_mean,0.4,3,3,0.35747939348220825,0.5647820830345154,0.5440518260002136,0.5440518260002136
real,MSVD,sRKQfxxEP4M_117_125.mp4,patch_only,,0.1,0.9,same_grid_second_order,,,,,bottomk_mean,0.4,3,3,0.7714958786964417,0.5259128212928772,0.5504711270332336,0.5504711270332336
real,MSVD,sTMlQSbAGfE_0_12.mp4,patch_only,,0.1,0.9,same_grid_second_order,,,,,bottomk_mean,0.4,3,3,0.07891637086868286,0.29623085260391235,0.27449941635131836,0.27449941635131836
real,MSVD,sWqi41wyXcQ_68_79.mp4,patch_only,,0.1,0.9,same_grid_second_order,,,,,bottomk_mean,0.4,3,3,0.15547703206539154,0.6213191747665405,0.5747349858283997,0.5747349858283997
real,MSVD,sXyjCgR0rAc_0_11.mp4,patch_only,,0.1,0.9,same_grid_second_order,,,,,bottomk_mean,0.4,3,3,0.8833922147750854,0.43286219239234924,0.4779151976108551,0.4779151976108551
real,MSVD,sb1dX5xAFvk_10_17.mp4,patch_only,,0.1,0.9,same_grid_second_order,,,,,bottomk_mean,0.4,3,3,0.7491165995597839,0.2720848023891449,0.31978797912597656,0.31978797912597656
real,MSVD,seTkGZlEU64_81_110.mp4,patch_only,,0.1,0.9,same_grid_second_order,,,,,bottomk_mean,0.4,3,3,0.8227326273918152,0.7950530052185059,0.7978209853172302,0.7978209853172302
real,MSVD,shPymuahrsc_5_12.mp4,patch_only,,0.1,0.9,same_grid_second_order,,,,,bottomk_mean,0.4,3,3,0.40694934129714966,0.2408716082572937,0.25747939944267273,0.25747939944267273
real,MSVD,sm0OYD0NSbQ_51_59.mp4,patch_only,,0.1,0.9,same_grid_second_order,,,,,bottomk_mean,0.4,3,3,0.22850412130355835,0.016489988192915916,0.037691403180360794,0.037691403180360794
real,MSVD,suj4VNfZz5E_33_50.mp4,patch_only,,0.1,0.9,same_grid_second_order,,,,,bottomk_mean,0.4,3,3,0.7979976534843445,0.666077733039856,0.6792697310447693,0.6792697310447693
real,MSVD,sv5YlZspb30_10_20.mp4,patch_only,,0.1,0.9,same_grid_second_order,,,,,bottomk_mean,0.4,3,3,0.2667844593524933,0.366902232170105,0.356890469789505,0.356890469789505
real,MSVD,swJ0zhVJ8DU_15_21.mp4,patch_only,,0.1,0.9,same_grid_second_order,,,,,bottomk_mean,0.4,3,3,0.31566548347473145,0.9528857469558716,0.8891637325286865,0.8891637325286865
real,MSVD,swKrHEeOj9c_4_8.mp4,patch_only,,0.1,0.9,same_grid_second_order,,,,,bottomk_mean,0.4,3,3,0.39929327368736267,0.6760895252227783,0.648409903049469,0.648409903049469
real,MSVD,t3VPeyYL-fI_35_39.mp4,patch_only,,0.1,0.9,same_grid_second_order,,,,,bottomk_mean,0.4,3,3,0.8551236987113953,0.9199057817459106,0.9134275913238525,0.9134275913238525
real,MSVD,t4aPGtx7e6k_0_10.mp4,patch_only,,0.1,0.9,same_grid_second_order,,,,,bottomk_mean,0.4,3,3,0.5559481978416443,0.6802120208740234,0.66778564453125,0.66778564453125
real,MSVD,t8Nf1MK7lts_0_10.mp4,patch_only,,0.1,0.9,same_grid_second_order,,,,,bottomk_mean,0.4,3,3,0.3798586428165436,0.4352179169654846,0.4296819865703583,0.4296819865703583
real,MSVD,tBj4Ny19vfQ_54_59.mp4,patch_only,,0.1,0.9,same_grid_second_order,,,,,bottomk_mean,0.4,3,3,0.08480565249919891,0.44876325130462646,0.41236749291419983,0.41236749291419983
real,MSVD,tHLiYTS9Iz8_1_16.mp4,patch_only,,0.1,0.9,same_grid_second_order,,,,,bottomk_mean,0.4,3,3,0.46819788217544556,0.9623085856437683,0.912897527217865,0.912897527217865
real,MSVD,tIMDKdMnNYM_266_273.mp4,patch_only,,0.1,0.9,same_grid_second_order,,,,,bottomk_mean,0.4,3,3,0.2591283917427063,0.5094228386878967,0.4843934178352356,0.4843934178352356
real,MSVD,tJHUH9tpqPg_113_118.mp4,patch_only,,0.1,0.9,same_grid_second_order,,,,,bottomk_mean,0.4,3,3,0.30506476759910583,0.4711425304412842,0.45453473925590515,0.45453473925590515
real,MSVD,tPkZK-PzeQE_10_28.mp4,patch_only,,0.1,0.9,same_grid_second_order,,,,,bottomk_mean,0.4,3,3,0.4428739547729492,0.4034157693386078,0.40736159682273865,0.40736159682273865
real,MSVD,tYQ7O6V0Fvk_20_55.mp4,patch_only,,0.1,0.9,same_grid_second_order,,,,,bottomk_mean,0.4,3,3,0.8203769326210022,0.28445228934288025,0.33804476261138916,0.33804476261138916
real,MSVD,tYh4iDFgmEE_10_14.mp4,patch_only,,0.1,0.9,same_grid_second_order,,,,,bottomk_mean,0.4,3,3,0.25559481978416443,0.6007066965103149,0.566195547580719,0.566195547580719
real,MSVD,tYh4iDFgmEE_50_54.mp4,patch_only,,0.1,0.9,same_grid_second_order,,,,,bottomk_mean,0.4,3,3,0.5848056674003601,0.6996466517448425,0.6881625652313232,0.6881625652313232
real,MSVD,tZmDWltBziM_42_47.mp4,patch_only,,0.1,0.9,same_grid_second_order,,,,,bottomk_mean,0.4,3,3,0.5765606760978699,0.517667829990387,0.5235571265220642,0.5235571265220642
real,MSVD,tZmDWltBziM_70_80.mp4,patch_only,,0.1,0.9,same_grid_second_order,,,,,bottomk_mean,0.4,3,3,0.026501767337322235,0.051236748695373535,0.048763249069452286,0.048763249069452286
real,MSVD,tmAX2PnRCY0_284_292.mp4,patch_only,,0.1,0.9,same_grid_second_order,,,,,bottomk_mean,0.4,3,3,0.47879859805107117,0.8639575839042664,0.8254417181015015,0.8254417181015015
real,MSVD,tn-Hoz4KbkE_89_93.mp4,patch_only,,0.1,0.9,same_grid_second_order,,,,,bottomk_mean,0.4,3,3,0.34687867760658264,0.3604240417480469,0.35906949639320374,0.35906949639320374
real,MSVD,tn1d5DmdMqY_15_28.mp4,patch_only,,0.1,0.9,same_grid_second_order,,,,,bottomk_mean,0.4,3,3,0.7938751578330994,0.40047115087509155,0.4398115575313568,0.4398115575313568
real,MSVD,toE0QYZzJKE_1_8.mp4,patch_only,,0.1,0.9,same_grid_second_order,,,,,bottomk_mean,0.4,3,3,0.4711425304412842,0.25853946805000305,0.27979975938796997,0.27979975938796997
real,MSVD,tqxRDVKtkSY_30_45.mp4,patch_only,,0.1,0.9,same_grid_second_order,,,,,bottomk_mean,0.4,3,3,0.3680800795555115,0.06949352473020554,0.09935218095779419,0.09935218095779419
real,MSVD,tzd3AYTZq0U_0_6.mp4,patch_only,,0.1,0.9,same_grid_second_order,,,,,bottomk_mean,0.4,3,3,0.22202591598033905,0.2108362764120102,0.2119552344083786,0.2119552344083786
real,MSVD,u4T76jsPin0_0_11.mp4,patch_only,,0.1,0.9,same_grid_second_order,,,,,bottomk_mean,0.4,3,3,0.5229681730270386,0.26737338304519653,0.2929328680038452,0.2929328680038452
real,MSVD,u4kMN1jamdM_10_20.mp4,patch_only,,0.1,0.9,same_grid_second_order,,,,,bottomk_mean,0.4,3,3,0.11130741983652115,0.06419316679239273,0.06890459358692169,0.06890459358692169
real,MSVD,u9E9HpuJQ7U_29_43.mp4,patch_only,,0.1,0.9,same_grid_second_order,,,,,bottomk_mean,0.4,3,3,0.1354534775018692,0.5465252995491028,0.5054181218147278,0.5054181218147278
real,MSVD,u9prcUCHlqM_503_511.mp4,patch_only,,0.1,0.9,same_grid_second_order,,,,,bottomk_mean,0.4,3,3,0.3504122495651245,0.5636042356491089,0.5422850251197815,0.5422850251197815
real,MSVD,u9prcUCHlqM_73_80.mp4,patch_only,,0.1,0.9,same_grid_second_order,,,,,bottomk_mean,0.4,3,3,0.580683171749115,0.5512367486953735,0.5541813969612122,0.5541813969612122
real,MSVD,uAaWVeaYLdQ_1_12.mp4,patch_only,,0.1,0.9,same_grid_second_order,,,,,bottomk_mean,0.4,3,3,0.8598350882530212,0.6825677156448364,0.7002944350242615,0.7002944350242615
real,MSVD,uB9zRlV47qA_17_23.mp4,patch_only,,0.1,0.9,same_grid_second_order,,,,,bottomk_mean,0.4,3,3,0.08892814815044403,0.2750294506549835,0.2564193308353424,0.2564193308353424
real,MSVD,uGDuIyfJXXg_23_33.mp4,patch_only,,0.1,0.9,same_grid_second_order,,,,,bottomk_mean,0.4,3,3,0.01472320407629013,0.027679622173309326,0.026383981108665466,0.026383981108665466
real,MSVD,uH8ObB_dyOk_159_166.mp4,patch_only,,0.1,0.9,same_grid_second_order,,,,,bottomk_mean,0.4,3,3,0.4040047228336334,0.3798586428165436,0.38227325677871704,0.38227325677871704
real,MSVD,uJPupV4oLZ0_4_12.mp4,patch_only,,0.1,0.9,same_grid_second_order,,,,,bottomk_mean,0.4,3,3,0.2108362764120102,0.3191990554332733,0.30836278200149536,0.30836278200149536
real,MSVD,uO7Eysrs8_k_106_114.mp4,patch_only,,0.1,0.9,same_grid_second_order,,,,,bottomk_mean,0.4,3,3,0.5365135669708252,0.5812720656394958,0.5767962336540222,0.5767962336540222
real,MSVD,uO7Eysrs8_k_80_90.mp4,patch_only,,0.1,0.9,same_grid_second_order,,,,,bottomk_mean,0.4,3,3,0.20730270445346832,0.0494699664413929,0.06525323539972305,0.06525323539972305
real,MSVD,uVPnDJKt1M0_0_6.mp4,patch_only,,0.1,0.9,same_grid_second_order,,,,,bottomk_mean,0.4,3,3,0.653121292591095,0.1548881083726883,0.2047114223241806,0.2047114223241806
real,MSVD,uZEGu-TA2cU_42_58.mp4,patch_only,,0.1,0.9,same_grid_second_order,,,,,bottomk_mean,0.4,3,3,0.38987043499946594,0.2355712652206421,0.25100117921829224,0.25100117921829224
real,MSVD,u_6tre9_99Q_13_25.mp4,patch_only,,0.1,0.9,same_grid_second_order,,,,,bottomk_mean,0.4,3,3,0.6808009147644043,0.3981154263019562,0.42638397216796875,0.42638397216796875
real,MSVD,ub-aYLzCF_Q_1_10.mp4,patch_only,,0.1,0.9,same_grid_second_order,,,,,bottomk_mean,0.4,3,3,0.42520612478256226,0.43698468804359436,0.43580684065818787,0.43580684065818787
real,MSVD,ufFT2BWh3BQ_0_8.mp4,patch_only,,0.1,0.9,same_grid_second_order,,,,,bottomk_mean,0.4,3,3,0.7497055530548096,0.08833922445774078,0.1544758528470993,0.1544758528470993
real,MSVD,uiLr9bdOL0M_23_30.mp4,patch_only,,0.1,0.9,same_grid_second_order,,,,,bottomk_mean,0.4,3,3,0.008833922445774078,0.3527679741382599,0.31837454438209534,0.31837454438209534
real,MSVD,ul9Xvjt83eI_111_120.mp4,patch_only,,0.1,0.9,same_grid_second_order,,,,,bottomk_mean,0.4,3,3,0.6107184886932373,0.3816254436969757,0.4045347571372986,0.4045347571372986
real,MSVD,ulPvRmNfXK4_96_100.mp4,patch_only,,0.1,0.9,same_grid_second_order,,,,,bottomk_mean,0.4,3,3,0.567726731300354,0.7591283917427063,0.7399882078170776,0.7399882078170776
real,MSVD,umjc1CkO4JA_290_305.mp4,patch_only,,0.1,0.9,same_grid_second_order,,,,,bottomk_mean,0.4,3,3,0.5235571265220642,0.08539458364248276,0.12921082973480225,0.12921082973480225
real,MSVD,uppFvcVwqqY_5_15.mp4,patch_only,,0.1,0.9,same_grid_second_order,,,,,bottomk_mean,0.4,3,3,0.17255595326423645,0.21967020630836487,0.2149587720632553,0.2149587720632553
real,MSVD,uqVCk2oDpSE_194_200.mp4,patch_only,,0.1,0.9,same_grid_second_order,,,,,bottomk_mean,0.4,3,3,0.7950530052185059,0.6077738404273987,0.626501739025116,0.626501739025116
real,MSVD,uxEhH6MPH28_69_85.mp4,patch_only,,0.1,0.9,same_grid_second_order,,,,,bottomk_mean,0.4,3,3,0.9075382947921753,0.6967020034790039,0.717785656452179,0.717785656452179
real,MSVD,uy0HNWto0UY_18_25.mp4,patch_only,,0.1,0.9,same_grid_second_order,,,,,bottomk_mean,0.4,3,3,0.7143698334693909,0.16431094706058502,0.21931684017181396,0.21931684017181396
real,MSVD,v-9Gx0gJmfo_26_32.mp4,patch_only,,0.1,0.9,same_grid_second_order,,,,,bottomk_mean,0.4,3,3,0.4817432165145874,0.291519433259964,0.3105418086051941,0.3105418086051941
real,MSVD,v-9Gx0gJmfo_91_99.mp4,patch_only,,0.1,0.9,same_grid_second_order,,,,,bottomk_mean,0.4,3,3,0.7055359482765198,0.08127208799123764,0.14369846880435944,0.14369846880435944
real,MSVD,v4_AzQSnmY4_40_55.mp4,patch_only,,0.1,0.9,same_grid_second_order,,,,,bottomk_mean,0.4,3,3,0.47467610239982605,0.22438162565231323,0.24941107630729675,0.24941107630729675
real,MSVD,v5CeGLEnVFE_0_8.mp4,patch_only,,0.1,0.9,same_grid_second_order,,,,,bottomk_mean,0.4,3,3,0.40930506587028503,0.7650176882743835,0.7294464111328125,0.7294464111328125
real,MSVD,v7iIZXtpIb8_5_15.mp4,patch_only,,0.1,0.9,same_grid_second_order,,,,,bottomk_mean,0.4,3,3,0.43816253542900085,0.1837455779314041,0.20918728411197662,0.20918728411197662
real,MSVD,vDhEpqfhVI0_0_8.mp4,patch_only,,0.1,0.9,same_grid_second_order,,,,,bottomk_mean,0.4,3,3,0.5641931891441345,0.10482921451330185,0.15076561272144318,0.15076561272144318
real,MSVD,vMoOpQQy6sI_22_55.mp4,patch_only,,0.1,0.9,same_grid_second_order,,,,,bottomk_mean,0.4,3,3,0.6619552373886108,0.9375736117362976,0.9100117683410645,0.9100117683410645
real,MSVD,vRC9sBNt9vs_10_16.mp4,patch_only,,0.1,0.9,same_grid_second_order,,,,,bottomk_mean,0.4,3,3,0.11012956500053406,0.20730270445346832,0.19758538901805878,0.19758538901805878
real,MSVD,vZa13vJugGU_0_30.mp4,patch_only,,0.1,0.9,same_grid_second_order,,,,,bottomk_mean,0.4,3,3,0.46289753913879395,0.5594817399978638,0.5498233437538147,0.5498233437538147
real,MSVD,v_tGw5gwlEw_136_152.mp4,patch_only,,0.1,0.9,same_grid_second_order,,,,,bottomk_mean,0.4,3,3,0.5094228386878967,0.6142520904541016,0.6037691235542297,0.6037691235542297
real,MSVD,veE0E79dEEc_18_45.mp4,patch_only,,0.1,0.9,same_grid_second_order,,,,,bottomk_mean,0.4,3,3,0.9770318269729614,0.9634864330291748,0.9648410081863403,0.9648410081863403
real,MSVD,vfktGc_qx-w_2_18.mp4,patch_only,,0.1,0.9,same_grid_second_order,,,,,bottomk_mean,0.4,3,3,0.15076561272144318,0.6925795078277588,0.6383981108665466,0.6383981108665466
real,MSVD,vloe_60s_dk_0_9.mp4,patch_only,,0.1,0.9,same_grid_second_order,,,,,bottomk_mean,0.4,3,3,0.20906949043273926,0.5312131643295288,0.49899882078170776,0.49899882078170776
real,MSVD,vpR0L3sIvoo_15_49.mp4,patch_only,,0.1,0.9,same_grid_second_order,,,,,bottomk_mean,0.4,3,3,0.736160159111023,0.620141327381134,0.6317432522773743,0.6317432522773743
real,MSVD,vub04F8CWng_32_41.mp4,patch_only,,0.1,0.9,same_grid_second_order,,,,,bottomk_mean,0.4,3,3,0.06949352473020554,0.04711425304412842,0.04935218021273613,0.04935218021273613
real,MSVD,vulNlhUI6m0_7_27.mp4,patch_only,,0.1,0.9,same_grid_second_order,,,,,bottomk_mean,0.4,3,3,0.4216725528240204,0.38221436738967896,0.3861601948738098,0.3861601948738098
real,MSVD,vuvpbeQak9Q_23_29.mp4,patch_only,,0.1,0.9,same_grid_second_order,,,,,bottomk_mean,0.4,3,3,0.08892814815044403,0.017667844891548157,0.024793874472379684,0.024793874472379684
real,MSVD,vz71JKcpeUU_0_10.mp4,patch_only,,0.1,0.9,same_grid_second_order,,,,,bottomk_mean,0.4,3,3,0.037691403180360794,0.2020023614168167,0.18557125329971313,0.18557125329971313
real,MSVD,w28TljSqtW8_64_75.mp4,patch_only,,0.1,0.9,same_grid_second_order,,,,,bottomk_mean,0.4,3,3,0.8462897539138794,0.9994110465049744,0.9840989112854004,0.9840989112854004
real,MSVD,w9mqbwOIkVg_6_12.mp4,patch_only,,0.1,0.9,same_grid_second_order,,,,,bottomk_mean,0.4,3,3,0.364546537399292,0.982332170009613,0.9205535650253296,0.9205535650253296
real,MSVD,wFPmKChNrhU_3_11.mp4,patch_only,,0.1,0.9,same_grid_second_order,,,,,bottomk_mean,0.4,3,3,0.5159010887145996,0.08480565249919891,0.1279151886701584,0.1279151886701584
real,MSVD,wLUH7qA_6sA_90_115.mp4,patch_only,,0.1,0.9,same_grid_second_order,,,,,bottomk_mean,0.4,3,3,0.3657243847846985,0.11012956500053406,0.13568904995918274,0.13568904995918274
real,MSVD,wNv74rvkAw8_30_40.mp4,patch_only,,0.1,0.9,same_grid_second_order,,,,,bottomk_mean,0.4,3,3,0.7049469947814941,0.1990577131509781,0.2496466487646103,0.2496466487646103
real,MSVD,wON-YuA1GjA_3_63.mp4,patch_only,,0.1,0.9,same_grid_second_order,,,,,bottomk_mean,0.4,3,3,0.9534747004508972,0.997644305229187,0.9932273030281067,0.9932273030281067
real,MSVD,wX-Bl25Htag_104_115.mp4,patch_only,,0.1,0.9,same_grid_second_order,,,,,bottomk_mean,0.4,3,3,0.2343934029340744,0.2614840865135193,0.2587750256061554,0.2587750256061554
real,MSVD,wjH72cZ0GLM_1_10.mp4,patch_only,,0.1,0.9,same_grid_second_order,,,,,bottomk_mean,0.4,3,3,0.022968197241425514,0.010600706562399864,0.011837455444037914,0.011837455444037914
real,MSVD,wkgGxsuNVSg_34_41.mp4,patch_only,,0.1,0.9,same_grid_second_order,,,,,bottomk_mean,0.4,3,3,0.3280329704284668,0.5041224956512451,0.48651355504989624,0.48651355504989624
real,MSVD,wn9rDTZj-m4_8_18.mp4,patch_only,,0.1,0.9,same_grid_second_order,,,,,bottomk_mean,0.4,3,3,0.3268551230430603,0.05712603032588959,0.0840989425778389,0.0840989425778389
real,MSVD,wpUT0DNB3qs_9_19.mp4,patch_only,,0.1,0.9,same_grid_second_order,,,,,bottomk_mean,0.4,3,3,0.6319199204444885,0.053592462092638016,0.11142520606517792,0.11142520606517792
real,MSVD,wsj_dzz33Ko_31_41.mp4,patch_only,,0.1,0.9,same_grid_second_order,,,,,bottomk_mean,0.4,3,3,0.6972909569740295,0.7491165995597839,0.7439340353012085,0.7439340353012085
real,MSVD,wzfkC2TjdeQ_0_31.mp4,patch_only,,0.1,0.9,same_grid_second_order,,,,,bottomk_mean,0.4,3,3,0.49057716131210327,0.6083627939224243,0.5965842008590698,0.5965842008590698
real,MSVD,x1i0UOssll8_141_151.mp4,patch_only,,0.1,0.9,same_grid_second_order,,,,,bottomk_mean,0.4,3,3,0.14252060651779175,0.27031803131103516,0.2575382888317108,0.2575382888317108
real,MSVD,x68Djm_Q0GA_0_10.mp4,patch_only,,0.1,0.9,same_grid_second_order,,,,,bottomk_mean,0.4,3,3,0.20612485706806183,0.35335689783096313,0.3386336863040924,0.3386336863040924
real,MSVD,x8Ul09tk6zk_0_8.mp4,patch_only,,0.1,0.9,same_grid_second_order,,,,,bottomk_mean,0.4,3,3,0.8445229530334473,0.14016489684581757,0.21060070395469666,0.21060070395469666
real,MSVD,xBW_uR3kGr4_42_55.mp4,patch_only,,0.1,0.9,same_grid_second_order,,,,,bottomk_mean,0.4,3,3,0.5294464230537415,0.595995306968689,0.5893403887748718,0.5893403887748718
real,MSVD,xCFCXzDUGjY_5_9.mp4,patch_only,,0.1,0.9,same_grid_second_order,,,,,bottomk_mean,0.4,3,3,0.45347467064857483,0.668433427810669,0.6469375491142273,0.6469375491142273
real,MSVD,xEDCfcMZlZY_37_41.mp4,patch_only,,0.1,0.9,same_grid_second_order,,,,,bottomk_mean,0.4,3,3,0.359246164560318,0.6861013174057007,0.6534157991409302,0.6534157991409302
real,MSVD,xGdoi3W3Z4o_2_40.mp4,patch_only,,0.1,0.9,same_grid_second_order,,,,,bottomk_mean,0.4,3,3,0.9034157991409302,0.9204946756362915,0.9187868237495422,0.9187868237495422
real,MSVD,xOQn1z_oWDY_30_39.mp4,patch_only,,0.1,0.9,same_grid_second_order,,,,,bottomk_mean,0.4,3,3,0.5665488839149475,0.42638397216796875,0.44040048122406006,0.44040048122406006
real,MSVD,xTd_IdIcB4s_2_10.mp4,patch_only,,0.1,0.9,same_grid_second_order,,,,,bottomk_mean,0.4,3,3,0.2850412130355835,0.30683156847953796,0.30465254187583923,0.30465254187583923
real,MSVD,xXlWsBhFvis_6_10.mp4,patch_only,,0.1,0.9,same_grid_second_order,,,,,bottomk_mean,0.4,3,3,0.6690223813056946,0.6448763012886047,0.6472909450531006,0.6472909450531006
real,MSVD,x_7BrCQdVUs_172_177.mp4,patch_only,,0.1,0.9,same_grid_second_order,,,,,bottomk_mean,0.4,3,3,0.16902238130569458,0.663722038269043,0.6142520904541016,0.6142520904541016
real,MSVD,xaPepCVepCg_35_46.mp4,patch_only,,0.1,0.9,same_grid_second_order,,,,,bottomk_mean,0.4,3,3,0.30565372109413147,0.030624262988567352,0.058127209544181824,0.058127209544181824
real,MSVD,xdhLQCYQ-nQ_50_63.mp4,patch_only,,0.1,0.9,same_grid_second_order,,,,,bottomk_mean,0.4,3,3,0.6572437882423401,0.2290930449962616,0.27190813422203064,0.27190813422203064
real,MSVD,xfRIRSWy0y0_10_20.mp4,patch_only,,0.1,0.9,same_grid_second_order,,,,,bottomk_mean,0.4,3,3,0.3138987123966217,0.16431094706058502,0.1792697310447693,0.1792697310447693
real,MSVD,xgIIcPSh4EU_0_6.mp4,patch_only,,0.1,0.9,same_grid_second_order,,,,,bottomk_mean,0.4,3,3,0.08775029331445694,0.06065959855914116,0.06336867064237595,0.06336867064237595
real,MSVD,xlPyHMkpaQY_1_7.mp4,patch_only,,0.1,0.9,same_grid_second_order,,,,,bottomk_mean,0.4,3,3,0.3292108476161957,0.8221436738967896,0.7728503942489624,0.7728503942489624
real,MSVD,xpOYXbMDDBY_1_20.mp4,patch_only,,0.1,0.9,same_grid_second_order,,,,,bottomk_mean,0.4,3,3,0.3174322843551636,0.019434629008173943,0.04923439398407936,0.04923439398407936
real,MSVD,xtbsD3PUua4_174_185.mp4,patch_only,,0.1,0.9,same_grid_second_order,,,,,bottomk_mean,0.4,3,3,0.9116607904434204,0.9128386378288269,0.9127208590507507,0.9127208590507507
real,MSVD,xtbsD3PUua4_84_94.mp4,patch_only,,0.1,0.9,same_grid_second_order,,,,,bottomk_mean,0.4,3,3,0.9893993139266968,0.9705535769462585,0.9724381566047668,0.9724381566047668
real,MSVD,xxHx6s_DbUo_121_128.mp4,patch_only,,0.1,0.9,same_grid_second_order,,,,,bottomk_mean,0.4,3,3,0.25441697239875793,0.3121319115161896,0.3063604235649109,0.3063604235649109
real,MSVD,xxHx6s_DbUo_162_165.mp4,patch_only,,0.1,0.9,same_grid_second_order,,,,,bottomk_mean,0.4,3,3,0.16843345761299133,0.8604240417480469,0.7912249565124512,0.7912249565124512
real,MSVD,xxHx6s_DbUo_173_177.mp4,patch_only,,0.1,0.9,same_grid_second_order,,,,,bottomk_mean,0.4,3,3,0.6118963360786438,0.6236749291419983,0.6224970817565918,0.6224970817565918
real,MSVD,xxHx6s_DbUo_182_186.mp4,patch_only,,0.1,0.9,same_grid_second_order,,,,,bottomk_mean,0.4,3,3,0.8080094456672668,0.7514722943305969,0.7571260333061218,0.7571260333061218
real,MSVD,xxHx6s_DbUo_202_207.mp4,patch_only,,0.1,0.9,same_grid_second_order,,,,,bottomk_mean,0.4,3,3,0.22025913000106812,0.9387514591217041,0.866902232170105,0.866902232170105
real,MSVD,xxHx6s_DbUo_216_222.mp4,patch_only,,0.1,0.9,same_grid_second_order,,,,,bottomk_mean,0.4,3,3,0.08833922445774078,0.09481742978096008,0.09416960924863815,0.09416960924863815
real,MSVD,xxHx6s_DbUo_240_248.mp4,patch_only,,0.1,0.9,same_grid_second_order,,,,,bottomk_mean,0.4,3,3,0.33156654238700867,0.731448769569397,0.6914605498313904,0.6914605498313904
real,MSVD,xxHx6s_DbUo_32_36.mp4,patch_only,,0.1,0.9,same_grid_second_order,,,,,bottomk_mean,0.4,3,3,0.5412249565124512,0.9776207208633423,0.93398118019104,0.93398118019104
real,MSVD,xxHx6s_DbUo_41_44.mp4,patch_only,,0.1,0.9,same_grid_second_order,,,,,bottomk_mean,0.4,3,3,0.3180212080478668,0.8274440765380859,0.7765017747879028,0.7765017747879028
real,MSVD,xxHx6s_DbUo_49_56.mp4,patch_only,,0.1,0.9,same_grid_second_order,,,,,bottomk_mean,0.4,3,3,0.6737338304519653,0.44464075565338135,0.4675500690937042,0.4675500690937042
real,MSVD,xxHx6s_DbUo_57_61.mp4,patch_only,,0.1,0.9,same_grid_second_order,,,,,bottomk_mean,0.4,3,3,0.09835100173950195,0.6654888391494751,0.6087750196456909,0.6087750196456909
real,MSVD,xxHx6s_DbUo_82_86.mp4,patch_only,,0.1,0.9,same_grid_second_order,,,,,bottomk_mean,0.4,3,3,0.6065959930419922,0.09952885657548904,0.15023557841777802,0.15023557841777802
real,MSVD,xxHx6s_DbUo_98_101.mp4,patch_only,,0.1,0.9,same_grid_second_order,,,,,bottomk_mean,0.4,3,3,0.2614840865135193,0.7944640517234802,0.7411660552024841,0.7411660552024841
real,MSVD,xy9LLUUZ6ic_50_60.mp4,patch_only,,0.1,0.9,same_grid_second_order,,,,,bottomk_mean,0.4,3,3,0.6831566691398621,0.7179034352302551,0.714428722858429,0.714428722858429
real,MSVD,y8SDRc4IOjs_94_99.mp4,patch_only,,0.1,0.9,same_grid_second_order,,,,,bottomk_mean,0.4,3,3,0.5,0.9587750434875488,0.912897527217865,0.912897527217865
real,MSVD,yAD_TS5L2d4_4_11.mp4,patch_only,,0.1,0.9,same_grid_second_order,,,,,bottomk_mean,0.4,3,3,0.04711425304412842,0.5930506587028503,0.5384570360183716,0.5384570360183716
real,MSVD,yBK02O1Oewc_20_35.mp4,patch_only,,0.1,0.9,same_grid_second_order,,,,,bottomk_mean,0.4,3,3,0.6914016604423523,0.8398115634918213,0.824970543384552,0.824970543384552
real,MSVD,yFPHhRat6bc_160_210.mp4,patch_only,,0.1,0.9,same_grid_second_order,,,,,bottomk_mean,0.4,3,3,0.7473497986793518,0.9611307382583618,0.9397526383399963,0.9397526383399963
real,MSVD,yId1rg5-ac0_40_50.mp4,patch_only,,0.1,0.9,same_grid_second_order,,,,,bottomk_mean,0.4,3,3,0.45229682326316833,0.8963486552238464,0.8519434332847595,0.8519434332847595
real,MSVD,yNy9jTeolUk_8_12.mp4,patch_only,,0.1,0.9,same_grid_second_order,,,,,bottomk_mean,0.4,3,3,0.5300353169441223,0.5064781904220581,0.5088339447975159,0.5088339447975159
real,MSVD,yOnRm3TP6hM_0_12.mp4,patch_only,,0.1,0.9,same_grid_second_order,,,,,bottomk_mean,0.4,3,3,0.492343932390213,0.6908127069473267,0.670965850353241,0.670965850353241
real,MSVD,yPNFVj-pISU_105_115.mp4,patch_only,,0.1,0.9,same_grid_second_order,,,,,bottomk_mean,0.4,3,3,0.4634864628314972,0.4299175441265106,0.43327444791793823,0.43327444791793823
real,MSVD,yREFkmrrYiw_51_57.mp4,patch_only,,0.1,0.9,same_grid_second_order,,,,,bottomk_mean,0.4,3,3,0.698468804359436,0.6560659408569336,0.6603062152862549,0.6603062152862549
real,MSVD,yYA7YXIKbg4_9_14.mp4,patch_only,,0.1,0.9,same_grid_second_order,,,,,bottomk_mean,0.4,3,3,0.02355712652206421,0.1289752721786499,0.11843345314264297,0.11843345314264297
real,MSVD,ybVb3t560oY_0_9.mp4,patch_only,,0.1,0.9,same_grid_second_order,,,,,bottomk_mean,0.4,3,3,0.5241460800170898,0.7226148247718811,0.7027679681777954,0.7027679681777954
real,MSVD,yd8jh9QYfEs_4_10.mp4,patch_only,,0.1,0.9,same_grid_second_order,,,,,bottomk_mean,0.4,3,3,0.23616018891334534,0.32508835196495056,0.3161955177783966,0.3161955177783966
real,MSVD,yfMTsYcLt10_0_7.mp4,patch_only,,0.1,0.9,same_grid_second_order,,,,,bottomk_mean,0.4,3,3,0.9022379517555237,0.8115429878234863,0.8206124901771545,0.8206124901771545
real,MSVD,yg4aNiO1JnI_111_114.mp4,patch_only,,0.1,0.9,same_grid_second_order,,,,,bottomk_mean,0.4,3,3,0.11837455630302429,0.11248527467250824,0.11307420581579208,0.11307420581579208
real,MSVD,ymC2bNi6-Is_9_19.mp4,patch_only,,0.1,0.9,same_grid_second_order,,,,,bottomk_mean,0.4,3,3,0.38221436738967896,0.4911660850048065,0.4802708923816681,0.4802708923816681
real,MSVD,ysTmUTQ5wZE_17_45.mp4,patch_only,,0.1,0.9,same_grid_second_order,,,,,bottomk_mean,0.4,3,3,0.37691402435302734,0.09069493412971497,0.11931684613227844,0.11931684613227844
real,MSVD,yvfhk1kwKls_103_113.mp4,patch_only,,0.1,0.9,same_grid_second_order,,,,,bottomk_mean,0.4,3,3,0.44228503108024597,0.36925795674324036,0.37656065821647644,0.37656065821647644
real,MSVD,ywHBKayhyvQ_19_28.mp4,patch_only,,0.1,0.9,same_grid_second_order,,,,,bottomk_mean,0.4,3,3,0.05477031692862511,0.04829210788011551,0.04893992841243744,0.04893992841243744
real,MSVD,ywMLb2VfHbI_13_20.mp4,patch_only,,0.1,0.9,same_grid_second_order,,,,,bottomk_mean,0.4,3,3,0.13898704946041107,0.15429916977882385,0.15276795625686646,0.15276795625686646
real,MSVD,yyxtyCaEVqk_250_264.mp4,patch_only,,0.1,0.9,same_grid_second_order,,,,,bottomk_mean,0.4,3,3,0.9546525478363037,0.8851590156555176,0.8921083807945251,0.8921083807945251
real,MSVD,yyxtyCaEVqk_321_328.mp4,patch_only,,0.1,0.9,same_grid_second_order,,,,,bottomk_mean,0.4,3,3,0.8616018891334534,0.833922266960144,0.8366902470588684,0.8366902470588684
real,MSVD,yyxtyCaEVqk_329_360.mp4,patch_only,,0.1,0.9,same_grid_second_order,,,,,bottomk_mean,0.4,3,3,0.8133097887039185,0.8091872930526733,0.8095995187759399,0.8095995187759399
real,MSVD,z0Si1XxMibg_0_30.mp4,patch_only,,0.1,0.9,same_grid_second_order,,,,,bottomk_mean,0.4,3,3,0.04475853964686394,0.6012956500053406,0.5456419587135315,0.5456419587135315
real,MSVD,z0zb--BOhDY_16_22.mp4,patch_only,,0.1,0.9,same_grid_second_order,,,,,bottomk_mean,0.4,3,3,0.6601884365081787,0.4310953915119171,0.45400470495224,0.45400470495224
real,MSVD,z2kUc8wp9l8_40_46.mp4,patch_only,,0.1,0.9,same_grid_second_order,,,,,bottomk_mean,0.4,3,3,0.28209659457206726,0.21908126771450043,0.22538280487060547,0.22538280487060547
real,MSVD,z8dcUzdi2bw_3_16.mp4,patch_only,,0.1,0.9,same_grid_second_order,,,,,bottomk_mean,0.4,3,3,0.8191990852355957,0.7308598160743713,0.7396937608718872,0.7396937608718872
real,MSVD,zBrC1GmA0Qg_26_33.mp4,patch_only,,0.1,0.9,same_grid_second_order,,,,,bottomk_mean,0.4,3,3,0.28563016653060913,0.4228504002094269,0.4091283977031708,0.4091283977031708
real,MSVD,zCf8NWJ8kzA_47_52.mp4,patch_only,,0.1,0.9,same_grid_second_order,,,,,bottomk_mean,0.4,3,3,0.5759717226028442,0.085983507335186,0.13498233258724213,0.13498233258724213
real,MSVD,zFIn8DeV5PM_20_33.mp4,patch_only,,0.1,0.9,same_grid_second_order,,,,,bottomk_mean,0.4,3,3,0.744405210018158,0.5376914143562317,0.5583627820014954,0.5583627820014954
real,MSVD,zH4v_DClIoc_3_28.mp4,patch_only,,0.1,0.9,same_grid_second_order,,,,,bottomk_mean,0.4,3,3,0.28327444195747375,0.04534746706485748,0.06914016604423523,0.06914016604423523
real,MSVD,zHy7pM0U49w_103_109.mp4,patch_only,,0.1,0.9,same_grid_second_order,,,,,bottomk_mean,0.4,3,3,0.9134275913238525,0.8987043499946594,0.9001767039299011,0.9001767039299011
real,MSVD,zHy7pM0U49w_110_116.mp4,patch_only,,0.1,0.9,same_grid_second_order,,,,,bottomk_mean,0.4,3,3,0.9010600447654724,0.8386337161064148,0.8448763489723206,0.8448763489723206
real,MSVD,zS50h-a8RTg_3_9.mp4,patch_only,,0.1,0.9,same_grid_second_order,,,,,bottomk_mean,0.4,3,3,0.8863368630409241,0.4416961073875427,0.48616018891334534,0.48616018891334534
real,MSVD,zSPBC8EO6dY_122_126.mp4,patch_only,,0.1,0.9,same_grid_second_order,,,,,bottomk_mean,0.4,3,3,0.08539458364248276,0.12014134228229523,0.11666666716337204,0.11666666716337204
real,MSVD,zSPBC8EO6dY_132_140.mp4,patch_only,,0.1,0.9,same_grid_second_order,,,,,bottomk_mean,0.4,3,3,0.700824499130249,0.43934041261672974,0.46548882126808167,0.46548882126808167
real,MSVD,zSPBC8EO6dY_64_73.mp4,patch_only,,0.1,0.9,same_grid_second_order,,,,,bottomk_mean,0.4,3,3,0.019434629008173943,0.11542991548776627,0.10583038628101349,0.10583038628101349
real,MSVD,zSPBC8EO6dY_97_110.mp4,patch_only,,0.1,0.9,same_grid_second_order,,,,,bottomk_mean,0.4,3,3,0.085983507335186,0.23203769326210022,0.21743227541446686,0.21743227541446686
real,MSVD,zTn-nNj5Bng_61_77.mp4,patch_only,,0.1,0.9,same_grid_second_order,,,,,bottomk_mean,0.4,3,3,0.517667829990387,0.26266196370124817,0.2881625294685364,0.2881625294685364
real,MSVD,zTn-nNj5Bng_8_19.mp4,patch_only,,0.1,0.9,same_grid_second_order,,,,,bottomk_mean,0.4,3,3,0.4505300223827362,0.4140164852142334,0.41766783595085144,0.41766783595085144
real,MSVD,zWVQImPY2Cc_27_44.mp4,patch_only,,0.1,0.9,same_grid_second_order,,,,,bottomk_mean,0.4,3,3,0.6495877504348755,0.663722038269043,0.6623085737228394,0.6623085737228394
real,MSVD,zYcY4mjLpxU_104_118.mp4,patch_only,,0.1,0.9,same_grid_second_order,,,,,bottomk_mean,0.4,3,3,0.4051825702190399,0.24911661446094513,0.2647232115268707,0.2647232115268707
real,MSVD,zYcY4mjLpxU_45_55.mp4,patch_only,,0.1,0.9,same_grid_second_order,,,,,bottomk_mean,0.4,3,3,0.6054181456565857,0.20082449913024902,0.2412838637828827,0.2412838637828827
real,MSVD,z_qf7tOnHVg_81_89.mp4,patch_only,,0.1,0.9,same_grid_second_order,,,,,bottomk_mean,0.4,3,3,0.11307420581579208,0.48233217000961304,0.44540634751319885,0.44540634751319885
real,MSVD,zbAk0gX7kas_16_24.mp4,patch_only,,0.1,0.9,same_grid_second_order,,,,,bottomk_mean,0.4,3,3,0.06065959855914116,0.15017667412757874,0.1412249654531479,0.1412249654531479
real,MSVD,zfQOH4UGU_I_1_10.mp4,patch_only,,0.1,0.9,same_grid_second_order,,,,,bottomk_mean,0.4,3,3,0.0035335689317435026,0.44051826000213623,0.3968198001384735,0.3968198001384735
real,MSVD,zhLcONtNkew_16_21.mp4,patch_only,,0.1,0.9,same_grid_second_order,,,,,bottomk_mean,0.4,3,3,0.13191990554332733,0.11955241113901138,0.12078916281461716,0.12078916281461716
real,MSVD,zkTn5Ef1Oig_70_75.mp4,patch_only,,0.1,0.9,same_grid_second_order,,,,,bottomk_mean,0.4,3,3,0.17491166293621063,0.31154298782348633,0.2978798449039459,0.2978798449039459
real,MSVD,zkTn5Ef1Oig_71_75.mp4,patch_only,,0.1,0.9,same_grid_second_order,,,,,bottomk_mean,0.4,3,3,0.17491166293621063,0.31154298782348633,0.2978798449039459,0.2978798449039459
real,MSVD,zlS1_zBYluY_15_21.mp4,patch_only,,0.1,0.9,same_grid_second_order,,,,,bottomk_mean,0.4,3,3,0.650765597820282,0.10777384787797928,0.1620730310678482,0.1620730310678482
real,MSVD,zpgW7m7_LZw_2_15.mp4,patch_only,,0.1,0.9,same_grid_second_order,,,,,bottomk_mean,0.4,3,3,0.3421672582626343,0.22614841163158417,0.23775029182434082,0.23775029182434082
real,MSVD,zuYZ5kPatJE_78_116.mp4,patch_only,,0.1,0.9,same_grid_second_order,,,,,bottomk_mean,0.4,3,3,0.6542991995811462,0.299175500869751,0.33468785881996155,0.33468785881996155
real,MSVD,zulPFoY64wE_26_33.mp4,patch_only,,0.1,0.9,same_grid_second_order,,,,,bottomk_mean,0.4,3,3,0.4882214367389679,0.5,0.4988221526145935,0.4988221526145935
real,MSVD,zv2RIbUsnSw_159_162.mp4,patch_only,,0.1,0.9,same_grid_second_order,,,,,bottomk_mean,0.4,3,3,0.8386337161064148,0.7797408699989319,0.7856301665306091,0.7856301665306091
real,MSVD,zv2RIbUsnSw_335_341.mp4,patch_only,,0.1,0.9,same_grid_second_order,,,,,bottomk_mean,0.4,3,3,0.5100117921829224,0.700824499130249,0.6817432045936584,0.6817432045936584
real,MSVD,zxB4dFJhHR8_1_9.mp4,patch_only,,0.1,0.9,same_grid_second_order,,,,,bottomk_mean,0.4,3,3,0.20494699478149414,0.07302708923816681,0.08621907979249954,0.08621907979249954
real,MSVD,zzit5b_-ukg_5_20.mp4,patch_only,,0.1,0.9,same_grid_second_order,,,,,bottomk_mean,0.4,3,3,0.5088339447975159,0.5035335421562195,0.504063606262207,0.504063606262207
annotated,Sora,-ahmed-_776843120%2Fmd.mp4,patch_only,,0.1,0.9,same_grid_second_order,,,,,bottomk_mean,0.4,3,3,0.01472320407629013,0.0017667844658717513,0.003062426345422864,0.003062426345422864
annotated,Sora,0065464654_4804233%2Fmd.mp4,patch_only,,0.1,0.9,same_grid_second_order,,,,,bottomk_mean,0.4,3,3,0.15547703206539154,0.009422850795090199,0.024028267711400986,0.024028267711400986
annotated,Sora,050221_138598904%2Fmd.mp4,patch_only,,0.1,0.9,same_grid_second_order,,,,,bottomk_mean,0.4,3,3,0.0005889281746931374,0.0023557126987725496,0.0021790340542793274,0.0021790340542793274
annotated,Sora,09045_552603156%2Fmd.mp4,patch_only,,0.1,0.9,same_grid_second_order,,,,,bottomk_mean,0.4,3,3,0.6007066965103149,0.2343934029340744,0.2710247337818146,0.2710247337818146
annotated,Sora,111111111111_421748285%2Fmd.mp4,patch_only,,0.1,0.9,same_grid_second_order,,,,,bottomk_mean,0.4,3,3,0.03945818543434143,0.018845701590180397,0.020906949415802956,0.020906949415802956
annotated,Sora,1121231231231231_643574533%2Fmd.mp4,patch_only,,0.1,0.9,same_grid_second_order,,,,,bottomk_mean,0.4,3,3,0.3686690330505371,0.1967020034790039,0.213898703455925,0.213898703455925
annotated,Sora,12345-90086_161537791%2Fmd.mp4,patch_only,,0.1,0.9,same_grid_second_order,,,,,bottomk_mean,0.4,3,3,0.5212014317512512,0.2055359184741974,0.2371024787425995,0.2371024787425995
annotated,Sora,12348822_520388045%2Fmd.mp4,patch_only,,0.1,0.9,same_grid_second_order,,,,,bottomk_mean,0.4,3,3,0.05182567611336708,0.009422850795090199,0.013663132674992085,0.013663132674992085
annotated,Sora,1235311_468903194%2Fmd.mp4,patch_only,,0.1,0.9,same_grid_second_order,,,,,bottomk_mean,0.4,3,3,0.12720848619937897,0.025323910638689995,0.03551236912608147,0.03551236912608147
annotated,Sora,1554545_990274538%2Fmd.mp4,patch_only,,0.1,0.9,same_grid_second_order,,,,,bottomk_mean,0.4,3,3,0.1054181382060051,0.03297997638583183,0.04022379219532013,0.04022379219532013
annotated,Sora,1656511_927926754%2Fmd.mp4,patch_only,,0.1,0.9,same_grid_second_order,,,,,bottomk_mean,0.4,3,3,0.027679622173309326,0.002944640815258026,0.005418139044195414,0.005418139044195414
annotated,Sora,1tree2_75260605%2Fmd.mp4,patch_only,,0.1,0.9,same_grid_second_order,,,,,bottomk_mean,0.4,3,3,0.007656065747141838,0.0005889281746931374,0.0012956418795511127,0.0012956418795511127
annotated,Sora,2111132_923581868%2Fmd.mp4,patch_only,,0.1,0.9,same_grid_second_order,,,,,bottomk_mean,0.4,3,3,0.06595995277166367,0.002944640815258026,0.00924617238342762,0.00924617238342762
annotated,Sora,22225591_159614590%2Fmd.mp4,patch_only,,0.1,0.9,same_grid_second_order,,,,,bottomk_mean,0.4,3,3,0.1537102460861206,0.08362779766321182,0.09063604474067688,0.09063604474067688
annotated,Sora,22322777_980901699%2Fmd.mp4,patch_only,,0.1,0.9,same_grid_second_order,,,,,bottomk_mean,0.4,3,3,0.050058893859386444,0.030035335570573807,0.03203769028186798,0.03203769028186798
annotated,Sora,23234111213123123123_474219769%2Fmd.mp4,patch_only,,0.1,0.9,same_grid_second_order,,,,,bottomk_mean,0.4,3,3,0.01472320407629013,0.0005889281746931374,0.002002355642616749,0.002002355642616749
annotated,Sora,23446k_310435470%2Fmd.mp4,patch_only,,0.1,0.9,same_grid_second_order,,,,,bottomk_mean,0.4,3,3,0.03945818543434143,0.03239104896783829,0.0330977626144886,0.0330977626144886
annotated,Sora,247axel_879229487%2Fmd.mp4,patch_only,,0.1,0.9,same_grid_second_order,,,,,bottomk_mean,0.4,3,3,0.30035334825515747,0.14487633109092712,0.16042402386665344,0.16042402386665344
annotated,Sora,2592108_968226828%2Fmd.mp4,patch_only,,0.1,0.9,same_grid_second_order,,,,,bottomk_mean,0.4,3,3,0.6266195774078369,0.3863368630409241,0.41036513447761536,0.41036513447761536
annotated,Sora,2kota_345048458%2Fmd.mp4,patch_only,,0.1,0.9,same_grid_second_order,,,,,bottomk_mean,0.4,3,3,0.16607773303985596,0.010600706562399864,0.026148410513997078,0.026148410513997078
annotated,Sora,2mas_968402667%2Fmd.mp4,patch_only,,0.1,0.9,same_grid_second_order,,,,,bottomk_mean,0.4,3,3,0.4540635943412781,0.23498232662677765,0.2568904459476471,0.2568904459476471
annotated,Sora,331212222122_15392619%2Fmd.mp4,patch_only,,0.1,0.9,same_grid_second_order,,,,,bottomk_mean,0.4,3,3,0.08892814815044403,0.005300353281199932,0.013663132674992085,0.013663132674992085
annotated,Sora,35h_783477259%2Fmd.mp4,patch_only,,0.1,0.9,same_grid_second_order,,,,,bottomk_mean,0.4,3,3,0.37043580412864685,0.356890469789505,0.35824498534202576,0.35824498534202576
annotated,Sora,360video_921703662%2Fmd.mp4,patch_only,,0.1,0.9,same_grid_second_order,,,,,bottomk_mean,0.4,3,3,0.027679622173309326,0.0023557126987725496,0.004888103809207678,0.004888103809207678
annotated,Sora,3769_109597890%2Fmd.mp4,patch_only,,0.1,0.9,same_grid_second_order,,,,,bottomk_mean,0.4,3,3,0.02120141312479973,0.03710247203707695,0.03551236912608147,0.03551236912608147
annotated,Sora,3dq_200412742%2Fmd.mp4,patch_only,,0.1,0.9,same_grid_second_order,,,,,bottomk_mean,0.4,3,3,0.08716136962175369,0.028857478871941566,0.034687869250774384,0.034687869250774384
annotated,Sora,40-_747442607%2Fmd.mp4,patch_only,,0.1,0.9,same_grid_second_order,,,,,bottomk_mean,0.4,3,3,0.35335689783096313,0.043580684810876846,0.0745583027601242,0.0745583027601242
annotated,Sora,444enki_753218487%2Fmd.mp4,patch_only,,0.1,0.9,same_grid_second_order,,,,,bottomk_mean,0.4,3,3,0.07126030325889587,0.009422850795090199,0.015606596134603024,0.015606596134603024
annotated,Sora,454555555555555555555555_393753335%2Fmd.mp4,patch_only,,0.1,0.9,same_grid_second_order,,,,,bottomk_mean,0.4,3,3,0.020023556426167488,0.038869258016347885,0.03698468953371048,0.03698468953371048
annotated,Sora,54888787787_225275064%2Fmd.mp4,patch_only,,0.1,0.9,same_grid_second_order,,,,,bottomk_mean,0.4,3,3,0.1054181382060051,0.0795053020119667,0.08209658414125443,0.08209658414125443
annotated,Sora,5ej_26436982%2Fmd.mp4,patch_only,,0.1,0.9,same_grid_second_order,,,,,bottomk_mean,0.4,3,3,0.48351001739501953,0.26501765847206116,0.2868669033050537,0.2868669033050537
annotated,Sora,624329_926004613%2Fmd.mp4,patch_only,,0.1,0.9,same_grid_second_order,,,,,bottomk_mean,0.4,3,3,0.10600706934928894,0.02237926982343197,0.03074204921722412,0.03074204921722412
annotated,Sora,7adi1_961703618%2Fmd.mp4,patch_only,,0.1,0.9,same_grid_second_order,,,,,bottomk_mean,0.4,3,3,0.020023556426167488,0.010011778213083744,0.011012956500053406,0.011012956500053406
annotated,Sora,7negiashish_371783258%2Fmd.mp4,patch_only,,0.1,0.9,same_grid_second_order,,,,,bottomk_mean,0.4,3,3,0.26266196370124817,0.0677267387509346,0.08722025901079178,0.08722025901079178
annotated,Sora,8---d7652_28389355%2Fmd.mp4,patch_only,,0.1,0.9,same_grid_second_order,,,,,bottomk_mean,0.4,3,3,0.08303886651992798,0.01295641902834177,0.019964665174484253,0.019964665174484253
annotated,Sora,951963_106836580%2Fmd.mp4,patch_only,,0.1,0.9,same_grid_second_order,,,,,bottomk_mean,0.4,3,3,0.061248525977134705,0.02591283805668354,0.02944640815258026,0.02944640815258026
annotated,Sora,95trevorthompson_watermarked.mp4,patch_only,,0.1,0.9,same_grid_second_order,,,,,bottomk_mean,0.4,3,3,0.004122497048228979,0.004122497048228979,0.004122497048228979,0.004122497048228979
annotated,Sora,_dri__121308411%2Fmd.mp4,patch_only,,0.1,0.9,same_grid_second_order,,,,,bottomk_mean,0.4,3,3,0.020023556426167488,0.0005889281746931374,0.002532391110435128,0.002532391110435128
annotated,Sora,_horse_619318200%2Fmd.mp4,patch_only,,0.1,0.9,same_grid_second_order,,,,,bottomk_mean,0.4,3,3,0.0023557126987725496,0.0005889281746931374,0.000765606586355716,0.000765606586355716
annotated,Sora,_kx_283277740%2Fmd.mp4,patch_only,,0.1,0.9,same_grid_second_order,,,,,bottomk_mean,0.4,3,3,0.008833922445774078,0.004711425397545099,0.0051236748695373535,0.0051236748695373535
annotated,Sora,aaabnnon_466467197%2Fmd.mp4,patch_only,,0.1,0.9,same_grid_second_order,,,,,bottomk_mean,0.4,3,3,0.006478209514170885,0.0005889281746931374,0.0011778563493862748,0.0011778563493862748
annotated,Sora,aadeseveruz_88242328%2Fmd.mp4,patch_only,,0.1,0.9,same_grid_second_order,,,,,bottomk_mean,0.4,3,3,0.02120141312479973,0.002944640815258026,0.004770318046212196,0.004770318046212196
annotated,Sora,aaroneboyce_443104867%2Fmd.mp4,patch_only,,0.1,0.9,same_grid_second_order,,,,,bottomk_mean,0.4,3,3,0.16077739000320435,0.0023557126987725496,0.018197879195213318,0.018197879195213318
annotated,Sora,aarya121212_594284790%2Fmd.mp4,patch_only,,0.1,0.9,same_grid_second_order,,,,,bottomk_mean,0.4,3,3,0.14428739249706268,0.09422850608825684,0.09923439472913742,0.09923439472913742
annotated,Sora,abanuni_29343697%2Fmd.mp4,patch_only,,0.1,0.9,same_grid_second_order,,,,,bottomk_mean,0.4,3,3,0.21967020630836487,0.05653710290789604,0.07285041362047195,0.07285041362047195
annotated,Sora,abbasi303_277787488%2Fmd.mp4,patch_only,,0.1,0.9,same_grid_second_order,,,,,bottomk_mean,0.4,3,3,0.14428739249706268,0.008833922445774078,0.02237926982343197,0.02237926982343197
annotated,Sora,abbasshahwan_871443816%2Fmd.mp4,patch_only,,0.1,0.9,same_grid_second_order,,,,,bottomk_mean,0.4,3,3,0.7267373204231262,0.10600706934928894,0.16808009147644043,0.16808009147644043
annotated,Sora,abcd-x_714432516%2Fmd.mp4,patch_only,,0.1,0.9,same_grid_second_order,,,,,bottomk_mean,0.4,3,3,0.6843345165252686,0.06065959855914116,0.12302709370851517,0.12302709370851517
annotated,Sora,abcdefghijfdsfsdfsf_302058589%2Fmd.mp4,patch_only,,0.1,0.9,same_grid_second_order,,,,,bottomk_mean,0.4,3,3,0.10895171016454697,0.09658421576023102,0.09782096743583679,0.09782096743583679
annotated,Sora,abcolp_973369478%2Fmd.mp4,patch_only,,0.1,0.9,same_grid_second_order,,,,,bottomk_mean,0.4,3,3,0.44051826000213623,0.1861013025045395,0.2115429937839508,0.2115429937839508
annotated,Sora,abddu_393690614%2Fmd.mp4,patch_only,,0.1,0.9,same_grid_second_order,,,,,bottomk_mean,0.4,3,3,0.12603062391281128,0.009422850795090199,0.02108362689614296,0.02108362689614296
annotated,Sora,abdujaliliy_109159782%2Fmd.mp4,patch_only,,0.1,0.9,same_grid_second_order,,,,,bottomk_mean,0.4,3,3,0.12131919711828232,0.10070671141147614,0.1027679592370987,0.1027679592370987
annotated,Sora,abdulrahmaruss_974098107%2Fmd.mp4,patch_only,,0.1,0.9,same_grid_second_order,,,,,bottomk_mean,0.4,3,3,0.047703180462121964,0.06478209793567657,0.06307420134544373,0.06307420134544373
annotated,Sora,abdurrahmaneymenolu_706897355%2Fmd.mp4,patch_only,,0.1,0.9,same_grid_second_order,,,,,bottomk_mean,0.4,3,3,0.0806831568479538,0.05653710290789604,0.05895170941948891,0.05895170941948891
annotated,Sora,abhilashdwarakish_136979546%2Fmd.mp4,patch_only,,0.1,0.9,same_grid_second_order,,,,,bottomk_mean,0.4,3,3,0.047703180462121964,0.010011778213083744,0.013780918903648853,0.013780918903648853
annotated,Sora,abo1221_434152204%2Fmd.mp4,patch_only,,0.1,0.9,same_grid_second_order,,,,,bottomk_mean,0.4,3,3,0.44051826000213623,0.3180212080478668,0.330270916223526,0.330270916223526
annotated,Sora,abrahamgs_591406678%2Fmd.mp4,patch_only,,0.1,0.9,same_grid_second_order,,,,,bottomk_mean,0.4,3,3,0.2732626497745514,0.23910482227802277,0.24252061545848846,0.24252061545848846
annotated,Sora,acasssss_358588184%2Fmd.mp4,patch_only,,0.1,0.9,same_grid_second_order,,,,,bottomk_mean,0.4,3,3,0.22968198359012604,0.22850412130355835,0.22862191498279572,0.22862191498279572
annotated,Sora,accalmie_531835679%2Fmd.mp4,patch_only,,0.1,0.9,same_grid_second_order,,,,,bottomk_mean,0.4,3,3,0.040047112852334976,0.0023557126987725496,0.006124852690845728,0.006124852690845728
annotated,Sora,acfofangel_890043053%2Fmd.mp4,patch_only,,0.1,0.9,same_grid_second_order,,,,,bottomk_mean,0.4,3,3,0.18315665423870087,0.2620730400085449,0.2541813850402832,0.2541813850402832
annotated,Sora,achigala_611943440%2Fmd.mp4,patch_only,,0.1,0.9,same_grid_second_order,,,,,bottomk_mean,0.4,3,3,0.14782096445560455,0.11130741983652115,0.11495877802371979,0.11495877802371979
annotated,Sora,adabaharat_376490481%2Fmd.mp4,patch_only,,0.1,0.9,same_grid_second_order,,,,,bottomk_mean,0.4,3,3,0.2997644245624542,0.41755005717277527,0.40577149391174316,0.40577149391174316
annotated,Sora,adafafffaf5455_136583813%2Fmd.mp4,patch_only,,0.1,0.9,same_grid_second_order,,,,,bottomk_mean,0.4,3,3,0.018845701590180397,0.01295641902834177,0.01354534737765789,0.01354534737765789
annotated,Sora,adarsh1431a_967753927%2Fmd.mp4,patch_only,,0.1,0.9,same_grid_second_order,,,,,bottomk_mean,0.4,3,3,0.020023556426167488,0.0017667844658717513,0.0035924618132412434,0.0035924618132412434
annotated,Sora,adcollective_150185417%2Fmd.mp4,patch_only,,0.1,0.9,same_grid_second_order,,,,,bottomk_mean,0.4,3,3,0.008833922445774078,0.005300353281199932,0.005653710104525089,0.005653710104525089
annotated,Sora,adil104_297888031%2Fmd.mp4,patch_only,,0.1,0.9,same_grid_second_order,,,,,bottomk_mean,0.4,3,3,0.08303886651992798,0.017667844891548157,0.02420494705438614,0.02420494705438614
annotated,Sora,aditya992_151486281%2Fmd.mp4,patch_only,,0.1,0.9,same_grid_second_order,,,,,bottomk_mean,0.4,3,3,0.17491166293621063,0.24028268456459045,0.23374558985233307,0.23374558985233307
annotated,Sora,adityanayak23_431329179%2Fmd.mp4,patch_only,,0.1,0.9,same_grid_second_order,,,,,bottomk_mean,0.4,3,3,0.19493521749973297,0.37691402435302734,0.35871613025665283,0.35871613025665283
annotated,Sora,adlgcxpm_635548396%2Fmd.mp4,patch_only,,0.1,0.9,same_grid_second_order,,,,,bottomk_mean,0.4,3,3,0.10482921451330185,0.1054181382060051,0.10535924881696701,0.10535924881696701
annotated,Sora,adosphere01_656411819%2Fmd.mp4,patch_only,,0.1,0.9,same_grid_second_order,,,,,bottomk_mean,0.4,3,3,0.18080094456672668,0.021790342405438423,0.037691403180360794,0.037691403180360794
annotated,Sora,adryan91_80558088%2Fmd.mp4,patch_only,,0.1,0.9,same_grid_second_order,,,,,bottomk_mean,0.4,3,3,0.4110718369483948,0.6625441908836365,0.6373969316482544,0.6373969316482544
annotated,Sora,advivedi9_742747348%2Fmd.mp4,patch_only,,0.1,0.9,same_grid_second_order,,,,,bottomk_mean,0.4,3,3,0.1925795078277588,0.04534746706485748,0.060070671141147614,0.060070671141147614
annotated,Sora,aedtetg_210017708%2Fmd.mp4,patch_only,,0.1,0.9,same_grid_second_order,,,,,bottomk_mean,0.4,3,3,0.21967020630836487,0.009422850795090199,0.03044758550822735,0.03044758550822735
annotated,Sora,aerobott_375068661%2Fmd.mp4,patch_only,,0.1,0.9,same_grid_second_order,,,,,bottomk_mean,0.4,3,3,0.12426383793354034,0.0005889281746931374,0.01295641902834177,0.01295641902834177
annotated,Sora,afsinsahin_379807705%2Fmd.mp4,patch_only,,0.1,0.9,same_grid_second_order,,,,,bottomk_mean,0.4,3,3,0.2485276758670807,0.12190812826156616,0.13457007706165314,0.13457007706165314
annotated,Sora,afterburner739_499935257%2Fmd.mp4,patch_only,,0.1,0.9,same_grid_second_order,,,,,bottomk_mean,0.4,3,3,0.4634864628314972,0.14487633109092712,0.17673733830451965,0.17673733830451965
annotated,Sora,agpdd_759040193%2Fmd.mp4,patch_only,,0.1,0.9,same_grid_second_order,,,,,bottomk_mean,0.4,3,3,0.08951707929372787,0.018256772309541702,0.02538280375301838,0.02538280375301838
annotated,Sora,ahnsungmin_677028767%2Fmd.mp4,patch_only,,0.1,0.9,same_grid_second_order,,,,,bottomk_mean,0.4,3,3,0.746760904788971,0.20906949043273926,0.2628386318683624,0.2628386318683624
annotated,Sora,aidenchoi0929_115923825%2Fmd.mp4,patch_only,,0.1,0.9,same_grid_second_order,,,,,bottomk_mean,0.4,3,3,0.0005889281746931374,0.0011778563493862748,0.001118963467888534,0.001118963467888534
annotated,Sora,aienjoyer42_97516890%2Fmd.mp4,patch_only,,0.1,0.9,same_grid_second_order,,,,,bottomk_mean,0.4,3,3,0.12131919711828232,0.004122497048228979,0.015842167660593987,0.015842167660593987
annotated,Sora,aifirst_758361788%2Fmd.mp4,patch_only,,0.1,0.9,same_grid_second_order,,,,,bottomk_mean,0.4,3,3,0.2214369773864746,0.0005889281746931374,0.02267373353242874,0.02267373353242874
annotated,Sora,ailiver9787_847228081%2Fmd.mp4,patch_only,,0.1,0.9,same_grid_second_order,,,,,bottomk_mean,0.4,3,3,0.03592461720108986,0.06595995277166367,0.06295642256736755,0.06295642256736755
annotated,Sora,aira1918_591101039%2Fmd.mp4,patch_only,,0.1,0.9,same_grid_second_order,,,,,bottomk_mean,0.4,3,3,0.01472320407629013,0.11484099179506302,0.10482921451330185,0.10482921451330185
annotated,Sora,aix_innovation_lab_655744264%2Fmd.mp4,patch_only,,0.1,0.9,same_grid_second_order,,,,,bottomk_mean,0.4,3,3,0.047703180462121964,0.004122497048228979,0.008480565622448921,0.008480565622448921
annotated,Sora,ajaykr09_547123938%2Fmd.mp4,patch_only,,0.1,0.9,same_grid_second_order,,,,,bottomk_mean,0.4,3,3,0.11425206065177917,0.011778563261032104,0.02202591300010681,0.02202591300010681
annotated,Sora,ajilus_483238082%2Fmd.mp4,patch_only,,0.1,0.9,same_grid_second_order,,,,,bottomk_mean,0.4,3,3,0.05300353467464447,0.009422850795090199,0.013780918903648853,0.013780918903648853
annotated,Sora,ak1990_679900919%2Fmd.mp4,patch_only,,0.1,0.9,same_grid_second_order,,,,,bottomk_mean,0.4,3,3,0.21142520010471344,0.10011778771877289,0.11124853044748306,0.11124853044748306
annotated,Sora,akash_28072002_824906559%2Fmd.mp4,patch_only,,0.1,0.9,same_grid_second_order,,,,,bottomk_mean,0.4,3,3,0.07832744717597961,0.02473498322069645,0.03009422868490219,0.03009422868490219
annotated,Sora,akashb_468014520%2Fmd.mp4,patch_only,,0.1,0.9,same_grid_second_order,,,,,bottomk_mean,0.4,3,3,0.02120141312479973,0.03710247203707695,0.03551236912608147,0.03551236912608147
annotated,Sora,akbarkareorg_452587540%2Fmd.mp4,patch_only,,0.1,0.9,same_grid_second_order,,,,,bottomk_mean,0.4,3,3,0.10600706934928894,0.0035335689317435026,0.013780918903648853,0.013780918903648853
annotated,Sora,akihiro_n_525531899%2Fmd.mp4,patch_only,,0.1,0.9,same_grid_second_order,,,,,bottomk_mean,0.4,3,3,0.36925795674324036,0.02473498322069645,0.059187278151512146,0.059187278151512146
annotated,Sora,akira12343_871344059%2Fmd.mp4,patch_only,,0.1,0.9,same_grid_second_order,,,,,bottomk_mean,0.4,3,3,0.09481742978096008,0.03710247203707695,0.04287397116422653,0.04287397116422653
annotated,Sora,akirakaweade_593876105%2Fmd.mp4,patch_only,,0.1,0.9,same_grid_second_order,,,,,bottomk_mean,0.4,3,3,0.13898704946041107,0.06301531195640564,0.07061248272657394,0.07061248272657394
annotated,Sora,akkarma_181967214%2Fmd.mp4,patch_only,,0.1,0.9,same_grid_second_order,,,,,bottomk_mean,0.4,3,3,0.002944640815258026,0.004122497048228979,0.004004711285233498,0.004004711285233498
annotated,Sora,akshit-sarin_764972304%2Fmd.mp4,patch_only,,0.1,0.9,same_grid_second_order,,,,,bottomk_mean,0.4,3,3,0.15665489435195923,0.07773851603269577,0.0856301560997963,0.0856301560997963
annotated,Sora,alan4649_199924089%2Fmd.mp4,patch_only,,0.1,0.9,same_grid_second_order,,,,,bottomk_mean,0.4,3,3,0.10129564255475998,0.3957597315311432,0.36631330847740173,0.36631330847740173
annotated,Sora,alanjack_489722798%2Fmd.mp4,patch_only,,0.1,0.9,same_grid_second_order,,,,,bottomk_mean,0.4,3,3,0.004122497048228979,0.01472320407629013,0.013663132674992085,0.013663132674992085
annotated,Sora,alankam_988968402%2Fmd.mp4,patch_only,,0.1,0.9,same_grid_second_order,,,,,bottomk_mean,0.4,3,3,0.07126030325889587,0.02120141312479973,0.026207303628325462,0.026207303628325462
annotated,Sora,alanpaulpanassiti_287632183%2Fmd.mp4,patch_only,,0.1,0.9,same_grid_second_order,,,,,bottomk_mean,0.4,3,3,0.08127208799123764,0.011778563261032104,0.018727915361523628,0.018727915361523628
annotated,Sora,albrchetti_153064388%2Fmd.mp4,patch_only,,0.1,0.9,same_grid_second_order,,,,,bottomk_mean,0.4,3,3,0.14134275913238525,0.010011778213083744,0.023144876584410667,0.023144876584410667
annotated,Sora,aleks007_362820217%2Fmd.mp4,patch_only,,0.1,0.9,same_grid_second_order,,,,,bottomk_mean,0.4,3,3,0.004711425397545099,0.012367491610348225,0.011601884849369526,0.011601884849369526
annotated,Sora,aleks8622_375234076%2Fmd.mp4,patch_only,,0.1,0.9,same_grid_second_order,,,,,bottomk_mean,0.4,3,3,0.050058893859386444,0.004122497048228979,0.00871613621711731,0.00871613621711731
annotated,Sora,alexa90_19844171%2Fmd.mp4,patch_only,,0.1,0.9,same_grid_second_order,,,,,bottomk_mean,0.4,3,3,0.23203769326210022,0.5577149391174316,0.5251472592353821,0.5251472592353821
annotated,Sora,alexabrazura_414697163%2Fmd.mp4,patch_only,,0.1,0.9,same_grid_second_order,,,,,bottomk_mean,0.4,3,3,0.036513544619083405,0.007067137863487005,0.010011778213083744,0.010011778213083744
annotated,Sora,alexkolarov94_780280004%2Fmd.mp4,patch_only,,0.1,0.9,same_grid_second_order,,,,,bottomk_mean,0.4,3,3,0.002944640815258026,0.004711425397545099,0.004534746985882521,0.004534746985882521
annotated,Sora,alexkuehndirector_506818934%2Fmd.mp4,patch_only,,0.1,0.9,same_grid_second_order,,,,,bottomk_mean,0.4,3,3,0.05653710290789604,0.009422850795090199,0.01413427572697401,0.01413427572697401
annotated,Sora,alfredo70_760449309%2Fmd.mp4,patch_only,,0.1,0.9,same_grid_second_order,,,,,bottomk_mean,0.4,3,3,0.020023556426167488,0.007656065747141838,0.008892814628779888,0.008892814628779888
annotated,Sora,alienornc_693341583%2Fmd.mp4,patch_only,,0.1,0.9,same_grid_second_order,,,,,bottomk_mean,0.4,3,3,0.034157831221818924,0.0806831568479538,0.07603062689304352,0.07603062689304352
annotated,Sora,alivecoaching_362499862%2Fmd.mp4,patch_only,,0.1,0.9,same_grid_second_order,,,,,bottomk_mean,0.4,3,3,0.35335689783096313,0.036513544619083405,0.06819787621498108,0.06819787621498108
annotated,Sora,alkemm_332661861%2Fmd.mp4,patch_only,,0.1,0.9,same_grid_second_order,,,,,bottomk_mean,0.4,3,3,0.10011778771877289,0.03828033059835434,0.044464074075222015,0.044464074075222015
annotated,Sora,allanteste_224958894%2Fmd.mp4,patch_only,,0.1,0.9,same_grid_second_order,,,,,bottomk_mean,0.4,3,3,0.16843345761299133,0.016489988192915916,0.03168433532118797,0.03168433532118797
annotated,Sora,allesclaerchen_99582902%2Fmd.mp4,patch_only,,0.1,0.9,same_grid_second_order,,,,,bottomk_mean,0.4,3,3,0.20906949043273926,0.002944640815258026,0.02355712652206421,0.02355712652206421
annotated,Sora,alma0307_733145307%2Fmd.mp4,patch_only,,0.1,0.9,same_grid_second_order,,,,,bottomk_mean,0.4,3,3,0.03239104896783829,0.053592462092638016,0.05147232115268707,0.05147232115268707
annotated,Sora,alper1992_262589180%2Fmd.mp4,patch_only,,0.1,0.9,same_grid_second_order,,,,,bottomk_mean,0.4,3,3,0.027679622173309326,0.29210835695266724,0.2656655013561249,0.2656655013561249
annotated,Sora,alpha_bit_911455093%2Fmd.mp4,patch_only,,0.1,0.9,same_grid_second_order,,,,,bottomk_mean,0.4,3,3,0.42520612478256226,0.291519433259964,0.3048880994319916,0.3048880994319916
annotated,Sora,alsiess__444041278%2Fmd.mp4,patch_only,,0.1,0.9,same_grid_second_order,,,,,bottomk_mean,0.4,3,3,0.02944640815258026,0.020612485706806183,0.0214958768337965,0.0214958768337965
annotated,Sora,alwyns_502037549%2Fmd.mp4,patch_only,,0.1,0.9,same_grid_second_order,,,,,bottomk_mean,0.4,3,3,0.11601884663105011,0.08186101168394089,0.08527679741382599,0.08527679741382599
annotated,Sora,alxndraag_499864146%2Fmd.mp4,patch_only,,0.1,0.9,same_grid_second_order,,,,,bottomk_mean,0.4,3,3,0.5082449913024902,0.01472320407629013,0.06407538056373596,0.06407538056373596
annotated,Sora,amack04_632760166%2Fmd.mp4,patch_only,,0.1,0.9,same_grid_second_order,,,,,bottomk_mean,0.4,3,3,0.4363957643508911,0.07773851603269577,0.11360424011945724,0.11360424011945724
annotated,Sora,amanadlakha_825403788%2Fmd.mp4,patch_only,,0.1,0.9,same_grid_second_order,,,,,bottomk_mean,0.4,3,3,0.06301531195640564,0.02473498322069645,0.028563015162944794,0.028563015162944794
annotated,Sora,ambika8802_watermarked.mp4,patch_only,,0.1,0.9,same_grid_second_order,,,,,bottomk_mean,0.4,3,3,0.08716136962175369,0.035335689783096313,0.04051825776696205,0.04051825776696205
annotated,Sora,ambwood_124104980%2Fmd.mp4,patch_only,,0.1,0.9,same_grid_second_order,,,,,bottomk_mean,0.4,3,3,0.15429916977882385,0.16843345761299133,0.1670200228691101,0.1670200228691101
annotated,Sora,amfereday_424344053%2Fmd.mp4,patch_only,,0.1,0.9,same_grid_second_order,,,,,bottomk_mean,0.4,3,3,0.020023556426167488,0.01295641902834177,0.013663132674992085,0.013663132674992085
annotated,Sora,amirflg1960_800479732%2Fmd.mp4,patch_only,,0.1,0.9,same_grid_second_order,,,,,bottomk_mean,0.4,3,3,0.08186101168394089,0.017667844891548157,0.02408716082572937,0.02408716082572937
annotated,Sora,amit898569856_246028372%2Fmd.mp4,patch_only,,0.1,0.9,same_grid_second_order,,,,,bottomk_mean,0.4,3,3,0.12720848619937897,0.005300353281199932,0.017491165548563004,0.017491165548563004
annotated,Sora,ammyzz_708865578%2Fmd.mp4,patch_only,,0.1,0.9,same_grid_second_order,,,,,bottomk_mean,0.4,3,3,0.02237926982343197,0.011189634911715984,0.01230859849601984,0.01230859849601984
annotated,Sora,amohns_watermarked.mp4,patch_only,,0.1,0.9,same_grid_second_order,,,,,bottomk_mean,0.4,3,3,0.1925795078277588,0.2697291076183319,0.26201412081718445,0.26201412081718445
annotated,Sora,amorebody_118598225%2Fmd.mp4,patch_only,,0.1,0.9,same_grid_second_order,,,,,bottomk_mean,0.4,3,3,0.14782096445560455,0.30565372109413147,0.2898704409599304,0.2898704409599304
annotated,Sora,amorphouslibra_897590446%2Fmd.mp4,patch_only,,0.1,0.9,same_grid_second_order,,,,,bottomk_mean,0.4,3,3,0.06065959855914116,0.0035335689317435026,0.00924617238342762,0.00924617238342762
annotated,Sora,amysung00_717763020%2Fmd.mp4,patch_only,,0.1,0.9,same_grid_second_order,,,,,bottomk_mean,0.4,3,3,0.10129564255475998,0.006478209514170885,0.015959952026605606,0.015959952026605606
annotated,Sora,anabohuele_920521129%2Fmd.mp4,patch_only,,0.1,0.9,same_grid_second_order,,,,,bottomk_mean,0.4,3,3,0.20612485706806183,0.11955241113901138,0.1282096654176712,0.1282096654176712
annotated,Sora,anamepopovic_492970037%2Fmd.mp4,patch_only,,0.1,0.9,same_grid_second_order,,,,,bottomk_mean,0.4,3,3,0.1849234402179718,0.3386336863040924,0.32326266169548035,0.32326266169548035
annotated,Sora,anbjorkstrom_933734398%2Fmd.mp4,patch_only,,0.1,0.9,same_grid_second_order,,,,,bottomk_mean,0.4,3,3,0.11778563261032104,0.017667844891548157,0.027679622173309326,0.027679622173309326
annotated,Sora,ancade_283672368%2Fmd.mp4,patch_only,,0.1,0.9,same_grid_second_order,,,,,bottomk_mean,0.4,3,3,0.35335689783096313,0.02120141312479973,0.0544169619679451,0.0544169619679451
annotated,Sora,andes2tokyo_895325730%2Fmd.mp4,patch_only,,0.1,0.9,same_grid_second_order,,,,,bottomk_mean,0.4,3,3,0.05948174372315407,0.004122497048228979,0.009658421389758587,0.009658421389758587
annotated,Sora,andrewkorolow_973684774%2Fmd.mp4,patch_only,,0.1,0.9,same_grid_second_order,,,,,bottomk_mean,0.4,3,3,0.19081272184848785,0.007067137863487005,0.025441696867346764,0.025441696867346764
annotated,Sora,andy2510_13896800%2Fmd.mp4,patch_only,,0.1,0.9,same_grid_second_order,,,,,bottomk_mean,0.4,3,3,0.26383981108665466,0.21554769575595856,0.2203769087791443,0.2203769087791443
annotated,Sora,angiemarierm_141689241%2Fmd.mp4,patch_only,,0.1,0.9,same_grid_second_order,,,,,bottomk_mean,0.4,3,3,0.04534746706485748,0.0005889281746931374,0.005064782220870256,0.005064782220870256
annotated,Sora,animss01_189765887%2Fmd.mp4,patch_only,,0.1,0.9,same_grid_second_order,,,,,bottomk_mean,0.4,3,3,0.004122497048228979,0.0023557126987725496,0.002532391110435128,0.002532391110435128
annotated,Sora,aninvinciblemind_688429844%2Fmd.mp4,patch_only,,0.1,0.9,same_grid_second_order,,,,,bottomk_mean,0.4,3,3,0.018845701590180397,0.04416961222887039,0.04163721948862076,0.04163721948862076
annotated,Sora,ankita68_239170629%2Fmd.mp4,patch_only,,0.1,0.9,same_grid_second_order,,,,,bottomk_mean,0.4,3,3,0.6230859756469727,0.6242638230323792,0.624146044254303,0.624146044254303
annotated,Sora,ankitagrawaljsr_791222574%2Fmd.mp4,patch_only,,0.1,0.9,same_grid_second_order,,,,,bottomk_mean,0.4,3,3,0.15724381804466248,0.034157831221818924,0.04646643251180649,0.04646643251180649
annotated,Sora,annetst_921821427%2Fmd.mp4,patch_only,,0.1,0.9,same_grid_second_order,,,,,bottomk_mean,0.4,3,3,0.010011778213083744,0.0035335689317435026,0.004181389696896076,0.004181389696896076
annotated,Sora,antoinemg_733077046%2Fmd.mp4,patch_only,,0.1,0.9,same_grid_second_order,,,,,bottomk_mean,0.4,3,3,0.29858657717704773,0.7179034352302551,0.6759717464447021,0.6759717464447021
annotated,Sora,anuj_kothari_264220718%2Fmd.mp4,patch_only,,0.1,0.9,same_grid_second_order,,,,,bottomk_mean,0.4,3,3,0.018845701590180397,0.028857478871941566,0.02785630151629448,0.02785630151629448
annotated,Sora,anujdxb_242175959%2Fmd.mp4,patch_only,,0.1,0.9,same_grid_second_order,,,,,bottomk_mean,0.4,3,3,0.0,0.011778563261032104,0.010600706562399864,0.010600706562399864
annotated,Sora,anujtiwary69_19415224%2Fmd.mp4,patch_only,,0.1,0.9,same_grid_second_order,,,,,bottomk_mean,0.4,3,3,0.05948174372315407,0.020612485706806183,0.02449941076338291,0.02449941076338291
annotated,Sora,anwar1001_368378969%2Fmd.mp4,patch_only,,0.1,0.9,same_grid_second_order,,,,,bottomk_mean,0.4,3,3,0.02237926982343197,0.028857478871941566,0.028209658339619637,0.028209658339619637
annotated,Sora,aomammm_483165930%2Fmd.mp4,patch_only,,0.1,0.9,same_grid_second_order,,,,,bottomk_mean,0.4,3,3,0.11012956500053406,0.20376914739608765,0.1944051831960678,0.1944051831960678
annotated,Sora,aphillips8430_842158779%2Fmd.mp4,patch_only,,0.1,0.9,same_grid_second_order,,,,,bottomk_mean,0.4,3,3,0.050058893859386444,0.031213192269206047,0.0330977626144886,0.0330977626144886
annotated,Sora,apndump_204122224%2Fmd.mp4,patch_only,,0.1,0.9,same_grid_second_order,,,,,bottomk_mean,0.4,3,3,0.030035335570573807,0.0017667844658717513,0.004593639634549618,0.004593639634549618
annotated,Sora,aqmed_555825407%2Fmd.mp4,patch_only,,0.1,0.9,same_grid_second_order,,,,,bottomk_mean,0.4,3,3,0.5859835147857666,0.4281507730484009,0.44393405318260193,0.44393405318260193
annotated,Sora,aqulley_655469041%2Fmd.mp4,patch_only,,0.1,0.9,same_grid_second_order,,,,,bottomk_mean,0.4,3,3,0.02473498322069645,0.03239104896783829,0.03162544220685959,0.03162544220685959
annotated,Sora,aralvi84_662898395%2Fmd.mp4,patch_only,,0.1,0.9,same_grid_second_order,,,,,bottomk_mean,0.4,3,3,0.07479387521743774,0.14899882674217224,0.1415783315896988,0.1415783315896988
annotated,Sora,arbechemindo_530571076%2Fmd.mp4,patch_only,,0.1,0.9,same_grid_second_order,,,,,bottomk_mean,0.4,3,3,0.004122497048228979,0.0005889281746931374,0.0009422850562259555,0.0009422850562259555
annotated,Sora,arcidalia_981981851%2Fmd.mp4,patch_only,,0.1,0.9,same_grid_second_order,,,,,bottomk_mean,0.4,3,3,0.008833922445774078,0.008833922445774078,0.008833922445774078,0.008833922445774078
annotated,Sora,arfo75_154788139%2Fmd.mp4,patch_only,,0.1,0.9,same_grid_second_order,,,,,bottomk_mean,0.4,3,3,0.062426384538412094,0.09305065125226974,0.08998822420835495,0.08998822420835495
annotated,Sora,ariasto_852379771%2Fmd.mp4,patch_only,,0.1,0.9,same_grid_second_order,,,,,bottomk_mean,0.4,3,3,0.5924617052078247,0.10718492418527603,0.15571260452270508,0.15571260452270508
annotated,Sora,arnav619_734526242%2Fmd.mp4,patch_only,,0.1,0.9,same_grid_second_order,,,,,bottomk_mean,0.4,3,3,0.14899882674217224,0.12014134228229523,0.12302709370851517,0.12302709370851517
annotated,Sora,art_tra_979742107%2Fmd.mp4,patch_only,,0.1,0.9,same_grid_second_order,,,,,bottomk_mean,0.4,3,3,0.1472320407629013,0.010011778213083744,0.023733804002404213,0.023733804002404213
annotated,Sora,artemasso_706144935%2Fmd.mp4,patch_only,,0.1,0.9,same_grid_second_order,,,,,bottomk_mean,0.4,3,3,0.05535924434661865,0.06831566244363785,0.06702002137899399,0.06702002137899399
annotated,Sora,arthures369_194530034%2Fmd.mp4,patch_only,,0.1,0.9,same_grid_second_order,,,,,bottomk_mean,0.4,3,3,0.06831566244363785,0.004711425397545099,0.01107184961438179,0.01107184961438179
annotated,Sora,artimuebles_483781783%2Fmd.mp4,patch_only,,0.1,0.9,same_grid_second_order,,,,,bottomk_mean,0.4,3,3,0.2720848023891449,0.03474676236510277,0.05848056450486183,0.05848056450486183
annotated,Sora,artzet_940092949%2Fmd.mp4,patch_only,,0.1,0.9,same_grid_second_order,,,,,bottomk_mean,0.4,3,3,0.020023556426167488,0.038869258016347885,0.03698468953371048,0.03698468953371048
annotated,Sora,arukamo_935771223%2Fmd.mp4,patch_only,,0.1,0.9,same_grid_second_order,,,,,bottomk_mean,0.4,3,3,0.07479387521743774,0.004122497048228979,0.011189634911715984,0.011189634911715984
annotated,Sora,asd123zxc2314_385850007%2Fmd.mp4,patch_only,,0.1,0.9,same_grid_second_order,,,,,bottomk_mean,0.4,3,3,0.372202605009079,0.037691403180360794,0.0711425170302391,0.0711425170302391
annotated,Sora,ashes1881_697273547%2Fmd.mp4,patch_only,,0.1,0.9,same_grid_second_order,,,,,bottomk_mean,0.4,3,3,0.34452298283576965,0.7485277056694031,0.7081272006034851,0.7081272006034851
annotated,Sora,asimjofa321_148452168%2Fmd.mp4,patch_only,,0.1,0.9,same_grid_second_order,,,,,bottomk_mean,0.4,3,3,0.25206124782562256,0.0677267387509346,0.08616019040346146,0.08616019040346146
annotated,Sora,aspirezonerealestate_707980198%2Fmd.mp4,patch_only,,0.1,0.9,same_grid_second_order,,,,,bottomk_mean,0.4,3,3,0.3751472234725952,0.01295641902834177,0.04917550086975098,0.04917550086975098
annotated,Sora,astacake_48457029%2Fmd.mp4,patch_only,,0.1,0.9,same_grid_second_order,,,,,bottomk_mean,0.4,3,3,0.12720848619937897,0.025323910638689995,0.03551236912608147,0.03551236912608147
annotated,Sora,asuragate_952991473%2Fmd.mp4,patch_only,,0.1,0.9,same_grid_second_order,,,,,bottomk_mean,0.4,3,3,0.2343934029340744,0.11130741983652115,0.12361601740121841,0.12361601740121841
annotated,Sora,at____999_458200743%2Fmd.mp4,patch_only,,0.1,0.9,same_grid_second_order,,,,,bottomk_mean,0.4,3,3,0.11130741983652115,0.009422850795090199,0.019611308351159096,0.019611308351159096
annotated,Sora,atakivancevsen_96347779%2Fmd.mp4,patch_only,,0.1,0.9,same_grid_second_order,,,,,bottomk_mean,0.4,3,3,0.3969375789165497,0.04416961222887039,0.07944640517234802,0.07944640517234802
annotated,Sora,atheef_583386805%2Fmd.mp4,patch_only,,0.1,0.9,same_grid_second_order,,,,,bottomk_mean,0.4,3,3,0.2709069550037384,0.021790342405438423,0.04670200124382973,0.04670200124382973
annotated,Sora,auiyukicute4gmailcom_532002007%2Fmd.mp4,patch_only,,0.1,0.9,same_grid_second_order,,,,,bottomk_mean,0.4,3,3,0.16961130499839783,0.03710247203707695,0.05035335570573807,0.05035335570573807
annotated,Sora,aurora-sora_487554182%2Fmd.mp4,patch_only,,0.1,0.9,same_grid_second_order,,,,,bottomk_mean,0.4,3,3,0.01295641902834177,0.0035335689317435026,0.004475853871554136,0.004475853871554136
annotated,Sora,aurota_lala_424237240%2Fmd.mp4,patch_only,,0.1,0.9,same_grid_second_order,,,,,bottomk_mean,0.4,3,3,0.4469964802265167,0.2108362764120102,0.2344522923231125,0.2344522923231125
annotated,Sora,aurus-_270918830%2Fmd.mp4,patch_only,,0.1,0.9,same_grid_second_order,,,,,bottomk_mean,0.4,3,3,0.3032979965209961,0.020023556426167488,0.04835100099444389,0.04835100099444389
annotated,Sora,austerestore_475177574%2Fmd.mp4,patch_only,,0.1,0.9,same_grid_second_order,,,,,bottomk_mean,0.4,3,3,0.03356890380382538,0.008833922445774078,0.011307420209050179,0.011307420209050179
annotated,Sora,austin355_586562389%2Fmd.mp4,patch_only,,0.1,0.9,same_grid_second_order,,,,,bottomk_mean,0.4,3,3,0.06831566244363785,0.017667844891548157,0.022732626646757126,0.022732626646757126
annotated,Sora,autreone_709991703%2Fmd.mp4,patch_only,,0.1,0.9,same_grid_second_order,,,,,bottomk_mean,0.4,3,3,0.04181389883160591,0.09010601043701172,0.08527679741382599,0.08527679741382599
annotated,Sora,autumnolive_772003448%2Fmd.mp4,patch_only,,0.1,0.9,same_grid_second_order,,,,,bottomk_mean,0.4,3,3,0.04829210788011551,0.053592462092638016,0.053062427788972855,0.053062427788972855
annotated,Sora,avamarketing_582895542%2Fmd.mp4,patch_only,,0.1,0.9,same_grid_second_order,,,,,bottomk_mean,0.4,3,3,0.140753835439682,0.05653710290789604,0.06495877355337143,0.06495877355337143
annotated,Sora,awxdi_776270500%2Fmd.mp4,patch_only,,0.1,0.9,same_grid_second_order,,,,,bottomk_mean,0.4,3,3,0.3851590156555176,0.1613663136959076,0.1837455779314041,0.1837455779314041
annotated,Sora,axo09_278259719%2Fmd.mp4,patch_only,,0.1,0.9,same_grid_second_order,,,,,bottomk_mean,0.4,3,3,0.47820964455604553,0.16254417598247528,0.1941107213497162,0.1941107213497162
annotated,Sora,ayami_jp_318488182%2Fmd.mp4,patch_only,,0.1,0.9,same_grid_second_order,,,,,bottomk_mean,0.4,3,3,0.07714958488941193,0.002944640815258026,0.010365135036408901,0.010365135036408901
annotated,Sora,ayan12_610035271%2Fmd.mp4,patch_only,,0.1,0.9,same_grid_second_order,,,,,bottomk_mean,0.4,3,3,0.08186101168394089,0.005300353281199932,0.01295641902834177,0.01295641902834177
annotated,Sora,aymbot_529062337%2Fmd.mp4,patch_only,,0.1,0.9,same_grid_second_order,,,,,bottomk_mean,0.4,3,3,0.3138987123966217,0.5541813969612122,0.5301530957221985,0.5301530957221985
annotated,Sora,azenmoktan_87349735%2Fmd.mp4,patch_only,,0.1,0.9,same_grid_second_order,,,,,bottomk_mean,0.4,3,3,0.3097762167453766,0.1342756152153015,0.1518256813287735,0.1518256813287735
annotated,Sora,b_i_a_777331738%2Fmd.mp4,patch_only,,0.1,0.9,same_grid_second_order,,,,,bottomk_mean,0.4,3,3,0.041224971413612366,0.0035335689317435026,0.007302708923816681,0.007302708923816681
annotated,Sora,bababububu_232918578%2Fmd.mp4,patch_only,,0.1,0.9,same_grid_second_order,,,,,bottomk_mean,0.4,3,3,0.17255595326423645,0.053592462092638016,0.06548880785703659,0.06548880785703659
annotated,Sora,babu12999_504611764%2Fmd.mp4,patch_only,,0.1,0.9,same_grid_second_order,,,,,bottomk_mean,0.4,3,3,0.12956419587135315,0.028857478871941566,0.03892815113067627,0.03892815113067627
annotated,Sora,babychamp_128451259%2Fmd.mp4,patch_only,,0.1,0.9,same_grid_second_order,,,,,bottomk_mean,0.4,3,3,0.6124852895736694,0.06713780760765076,0.12167255580425262,0.12167255580425262
annotated,Sora,babycharmcz_993616866%2Fmd.mp4,patch_only,,0.1,0.9,same_grid_second_order,,,,,bottomk_mean,0.4,3,3,0.5318021178245544,0.0005889281746931374,0.053710248321294785,0.053710248321294785
annotated,Sora,babygaang_398671334%2Fmd.mp4,patch_only,,0.1,0.9,same_grid_second_order,,,,,bottomk_mean,0.4,3,3,0.1849234402179718,0.38457009196281433,0.3646054267883301,0.3646054267883301
annotated,Sora,badhiin_watermarked.mp4,patch_only,,0.1,0.9,same_grid_second_order,,,,,bottomk_mean,0.4,3,3,0.018845701590180397,0.47467610239982605,0.42909306287765503,0.42909306287765503
annotated,Sora,bae1981_475803894%2Fmd.mp4,patch_only,,0.1,0.9,same_grid_second_order,,,,,bottomk_mean,0.4,3,3,0.16431094706058502,0.010011778213083744,0.025441696867346764,0.025441696867346764
annotated,Sora,bajpaianshuman_835560964%2Fmd.mp4,patch_only,,0.1,0.9,same_grid_second_order,,,,,bottomk_mean,0.4,3,3,0.048881035298109055,0.0005889281746931374,0.005418139044195414,0.005418139044195414
annotated,Sora,bami0776_956498167%2Fmd.mp4,patch_only,,0.1,0.9,same_grid_second_order,,,,,bottomk_mean,0.4,3,3,0.0806831568479538,0.0035335689317435026,0.011248528026044369,0.011248528026044369
annotated,Sora,bananenfaust_522597945%2Fmd.mp4,patch_only,,0.1,0.9,same_grid_second_order,,,,,bottomk_mean,0.4,3,3,0.010011778213083744,0.0035335689317435026,0.004181389696896076,0.004181389696896076
annotated,Sora,banchoet_78940656%2Fmd.mp4,patch_only,,0.1,0.9,same_grid_second_order,,,,,bottomk_mean,0.4,3,3,0.7744405269622803,0.06478209793567657,0.13574793934822083,0.13574793934822083
annotated,Sora,barbagallo_478897870%2Fmd.mp4,patch_only,,0.1,0.9,same_grid_second_order,,,,,bottomk_mean,0.4,3,3,0.0005889281746931374,0.0023557126987725496,0.0021790340542793274,0.0021790340542793274
annotated,Sora,barizzaofis_795702849%2Fmd.mp4,patch_only,,0.1,0.9,same_grid_second_order,,,,,bottomk_mean,0.4,3,3,0.1849234402179718,0.009422850795090199,0.026972908526659012,0.026972908526659012
annotated,Sora,barsfunnyaf_908182574%2Fmd.mp4,patch_only,,0.1,0.9,same_grid_second_order,,,,,bottomk_mean,0.4,3,3,0.002944640815258026,0.007067137863487005,0.006654887925833464,0.006654887925833464
annotated,Sora,batmang_492024172%2Fmd.mp4,patch_only,,0.1,0.9,same_grid_second_order,,,,,bottomk_mean,0.4,3,3,0.11248527467250824,0.009422850795090199,0.019729092717170715,0.019729092717170715
annotated,Sora,bcabe_771103962%2Fmd.mp4,patch_only,,0.1,0.9,same_grid_second_order,,,,,bottomk_mean,0.4,3,3,0.5182567834854126,0.1495877504348755,0.1864546537399292,0.1864546537399292
annotated,Sora,beckytravis_410235854%2Fmd.mp4,patch_only,,0.1,0.9,same_grid_second_order,,,,,bottomk_mean,0.4,3,3,0.07832744717597961,0.08303886651992798,0.0825677290558815,0.0825677290558815
annotated,Sora,beegee1152_421751003%2Fmd.mp4,patch_only,,0.1,0.9,same_grid_second_order,,,,,bottomk_mean,0.4,3,3,0.11778563261032104,0.05418138951063156,0.06054181233048439,0.06054181233048439
annotated,Sora,believeinjc_586471273%2Fmd.mp4,patch_only,,0.1,0.9,same_grid_second_order,,,,,bottomk_mean,0.4,3,3,0.01472320407629013,0.011189634911715984,0.011542991735041142,0.011542991735041142
annotated,Sora,bella_libya_watermarked.mp4,patch_only,,0.1,0.9,same_grid_second_order,,,,,bottomk_mean,0.4,3,3,0.33627796173095703,0.12956419587135315,0.15023557841777802,0.15023557841777802
annotated,Sora,bem2025s_521143860%2Fmd.mp4,patch_only,,0.1,0.9,same_grid_second_order,,,,,bottomk_mean,0.4,3,3,0.38987043499946594,0.05653710290789604,0.08987043797969818,0.08987043797969818
annotated,Sora,benbakry_826187566%2Fmd.mp4,patch_only,,0.1,0.9,same_grid_second_order,,,,,bottomk_mean,0.4,3,3,0.13839811086654663,0.048881035298109055,0.0578327439725399,0.0578327439725399
annotated,Sora,benigogoi_658001820%2Fmd.mp4,patch_only,,0.1,0.9,same_grid_second_order,,,,,bottomk_mean,0.4,3,3,0.4151943325996399,0.18021202087402344,0.20371024310588837,0.20371024310588837
annotated,Sora,benlatrobe_712706050%2Fmd.mp4,patch_only,,0.1,0.9,same_grid_second_order,,,,,bottomk_mean,0.4,3,3,0.18551236391067505,0.008833922445774078,0.026501767337322235,0.026501767337322235
annotated,Sora,bergkamp1977_241944285%2Fmd.mp4,patch_only,,0.1,0.9,same_grid_second_order,,,,,bottomk_mean,0.4,3,3,0.16607773303985596,0.018845701590180397,0.03356890380382538,0.03356890380382538
annotated,Sora,bernardonyqr6_59392084%2Fmd.mp4,patch_only,,0.1,0.9,same_grid_second_order,,,,,bottomk_mean,0.4,3,3,0.04063604399561882,0.010600706562399864,0.013604240491986275,0.013604240491986275
annotated,Sora,berne63_850814281%2Fmd.mp4,patch_only,,0.1,0.9,same_grid_second_order,,,,,bottomk_mean,0.4,3,3,0.4140164852142334,0.024146053940057755,0.06313309818506241,0.06313309818506241
annotated,Sora,beth999_585771189%2Fmd.mp4,patch_only,,0.1,0.9,same_grid_second_order,,,,,bottomk_mean,0.4,3,3,0.09540636092424393,0.01295641902834177,0.02120141312479973,0.02120141312479973
annotated,Sora,beziiiii_173900815%2Fmd.mp4,patch_only,,0.1,0.9,same_grid_second_order,,,,,bottomk_mean,0.4,3,3,0.4228504002094269,0.010600706562399864,0.05182567611336708,0.05182567611336708
annotated,Sora,bfrkyr_986901808%2Fmd.mp4,patch_only,,0.1,0.9,same_grid_second_order,,,,,bottomk_mean,0.4,3,3,0.08892814815044403,0.0017667844658717513,0.01048292126506567,0.01048292126506567
annotated,Sora,bgayle777_645011331%2Fmd.mp4,patch_only,,0.1,0.9,same_grid_second_order,,,,,bottomk_mean,0.4,3,3,0.0,0.0,0.0,0.0
annotated,Sora,bgcgroup_690611799%2Fmd.mp4,patch_only,,0.1,0.9,same_grid_second_order,,,,,bottomk_mean,0.4,3,3,0.050058893859386444,0.018256772309541702,0.021436985582113266,0.021436985582113266
annotated,Sora,bharath2502_847284518%2Fmd.mp4,patch_only,,0.1,0.9,same_grid_second_order,,,,,bottomk_mean,0.4,3,3,0.2526501715183258,0.04240282624959946,0.06342756003141403,0.06342756003141403
annotated,Sora,bhavik786_690086001%2Fmd.mp4,patch_only,,0.1,0.9,same_grid_second_order,,,,,bottomk_mean,0.4,3,3,0.004122497048228979,0.009422850795090199,0.008892814628779888,0.008892814628779888
annotated,Sora,bibanus_300660996%2Fmd.mp4,patch_only,,0.1,0.9,same_grid_second_order,,,,,bottomk_mean,0.4,3,3,0.047703180462121964,0.01295641902834177,0.016431095078587532,0.016431095078587532
annotated,Sora,bigserial_127535823%2Fmd.mp4,patch_only,,0.1,0.9,same_grid_second_order,,,,,bottomk_mean,0.4,3,3,0.004122497048228979,0.0005889281746931374,0.0009422850562259555,0.0009422850562259555
annotated,Sora,binbin9175_599101194%2Fmd.mp4,patch_only,,0.1,0.9,same_grid_second_order,,,,,bottomk_mean,0.4,3,3,0.28445228934288025,0.02826855145394802,0.05388692393898964,0.05388692393898964
annotated,Sora,biqy_501144162%2Fmd.mp4,patch_only,,0.1,0.9,same_grid_second_order,,,,,bottomk_mean,0.4,3,3,0.35630154609680176,0.04063604399561882,0.07220259308815002,0.07220259308815002
annotated,Sora,bkf0015_469589399%2Fmd.mp4,patch_only,,0.1,0.9,same_grid_second_order,,,,,bottomk_mean,0.4,3,3,0.20259128510951996,0.27797409892082214,0.27043581008911133,0.27043581008911133
annotated,Sora,bl8ckh8mm3r83_445636073%2Fmd.mp4,patch_only,,0.1,0.9,same_grid_second_order,,,,,bottomk_mean,0.4,3,3,0.0,0.0023557126987725496,0.0021201414056122303,0.0021201414056122303
annotated,Sora,blacktreklamp_356779907%2Fmd.mp4,patch_only,,0.1,0.9,same_grid_second_order,,,,,bottomk_mean,0.4,3,3,0.27915194630622864,0.0005889281746931374,0.028445228934288025,0.028445228934288025
annotated,Sora,blazicks_318148198%2Fmd.mp4,patch_only,,0.1,0.9,same_grid_second_order,,,,,bottomk_mean,0.4,3,3,0.002944640815258026,0.005300353281199932,0.005064782220870256,0.005064782220870256
annotated,Sora,blizzad_773522257%2Fmd.mp4,patch_only,,0.1,0.9,same_grid_second_order,,,,,bottomk_mean,0.4,3,3,0.11484099179506302,0.017667844891548157,0.027385158464312553,0.027385158464312553
annotated,Sora,bloomxd_407394449%2Fmd.mp4,patch_only,,0.1,0.9,same_grid_second_order,,,,,bottomk_mean,0.4,3,3,0.12956419587135315,0.0924617201089859,0.09617196768522263,0.09617196768522263
annotated,Sora,blueryan_529348797%2Fmd.mp4,patch_only,,0.1,0.9,same_grid_second_order,,,,,bottomk_mean,0.4,3,3,0.041224971413612366,0.10365135222673416,0.0974087193608284,0.0974087193608284
annotated,Sora,bluewagun_41638069%2Fmd.mp4,patch_only,,0.1,0.9,same_grid_second_order,,,,,bottomk_mean,0.4,3,3,0.22320376336574554,0.002944640815258026,0.024970553815364838,0.024970553815364838
annotated,Sora,bojackhorsemanpbj_113101031%2Fmd.mp4,patch_only,,0.1,0.9,same_grid_second_order,,,,,bottomk_mean,0.4,3,3,0.07891637086868286,0.04475853964686394,0.04817432165145874,0.04817432165145874
annotated,Sora,bonesmx_768572567%2Fmd.mp4,patch_only,,0.1,0.9,same_grid_second_order,,,,,bottomk_mean,0.4,3,3,0.016489988192915916,0.009422850795090199,0.010129564441740513,0.010129564441740513
annotated,Sora,bongado_52019138%2Fmd.mp4,patch_only,,0.1,0.9,same_grid_second_order,,,,,bottomk_mean,0.4,3,3,0.4216725528240204,0.031213192269206047,0.07025913149118423,0.07025913149118423
annotated,Sora,bonjouryentinglai_437714217%2Fmd.mp4,patch_only,,0.1,0.9,same_grid_second_order,,,,,bottomk_mean,0.4,3,3,0.5100117921829224,0.10659599304199219,0.14693757891654968,0.14693757891654968
annotated,Sora,boostgo_656435623%2Fmd.mp4,patch_only,,0.1,0.9,same_grid_second_order,,,,,bottomk_mean,0.4,3,3,0.6342756152153015,0.4116607904434204,0.43392226099967957,0.43392226099967957
annotated,Sora,bootgimp_65065717%2Fmd.mp4,patch_only,,0.1,0.9,same_grid_second_order,,,,,bottomk_mean,0.4,3,3,0.047703180462121964,0.02826855145394802,0.03021201491355896,0.03021201491355896
annotated,Sora,boxermann_154367211%2Fmd.mp4,patch_only,,0.1,0.9,same_grid_second_order,,,,,bottomk_mean,0.4,3,3,0.002944640815258026,0.010011778213083744,0.00930506456643343,0.00930506456643343
annotated,Sora,brabieblue_817914292%2Fmd.mp4,patch_only,,0.1,0.9,same_grid_second_order,,,,,bottomk_mean,0.4,3,3,0.18080094456672668,0.08362779766321182,0.09334511309862137,0.09334511309862137
annotated,Sora,bradfordbarnett_418232944%2Fmd.mp4,patch_only,,0.1,0.9,same_grid_second_order,,,,,bottomk_mean,0.4,3,3,0.16843345761299133,0.011189634911715984,0.026914017274975777,0.026914017274975777
annotated,Sora,brandonhuang01_267473516%2Fmd.mp4,patch_only,,0.1,0.9,same_grid_second_order,,,,,bottomk_mean,0.4,3,3,0.3998822271823883,0.25206124782562256,0.26684334874153137,0.26684334874153137
annotated,Sora,brandonius_942619990%2Fmd.mp4,patch_only,,0.1,0.9,same_grid_second_order,,,,,bottomk_mean,0.4,3,3,0.04416961222887039,0.0005889281746931374,0.004946996457874775,0.004946996457874775
annotated,Sora,bre337_769251236%2Fmd.mp4,patch_only,,0.1,0.9,same_grid_second_order,,,,,bottomk_mean,0.4,3,3,0.11248527467250824,0.10954063385725021,0.10983510315418243,0.10983510315418243
annotated,Sora,breathesisbykenique_806232855%2Fmd.mp4,patch_only,,0.1,0.9,same_grid_second_order,,,,,bottomk_mean,0.4,3,3,0.02473498322069645,0.01295641902834177,0.01413427572697401,0.01413427572697401
annotated,Sora,brickwahl_999_509695725%2Fmd.mp4,patch_only,,0.1,0.9,same_grid_second_order,,,,,bottomk_mean,0.4,3,3,0.09599529206752777,0.01295641902834177,0.021260306239128113,0.021260306239128113
annotated,Sora,brodiedance_706000421%2Fmd.mp4,patch_only,,0.1,0.9,same_grid_second_order,,,,,bottomk_mean,0.4,3,3,0.2485276758670807,0.30800941586494446,0.3020612597465515,0.3020612597465515
annotated,Sora,bryanarias_749269367%2Fmd.mp4,patch_only,,0.1,0.9,same_grid_second_order,,,,,bottomk_mean,0.4,3,3,0.08127208799123764,0.01472320407629013,0.02137809246778488,0.02137809246778488
annotated,Sora,bstaff413_310949993%2Fmd.mp4,patch_only,,0.1,0.9,same_grid_second_order,,,,,bottomk_mean,0.4,3,3,0.32096585631370544,0.0035335689317435026,0.03527679666876793,0.03527679666876793
annotated,Sora,bthalion_589431267%2Fmd.mp4,patch_only,,0.1,0.9,same_grid_second_order,,,,,bottomk_mean,0.4,3,3,0.007656065747141838,0.015312131494283676,0.014546525664627552,0.014546525664627552
annotated,Sora,btpriyal_575225816%2Fmd.mp4,patch_only,,0.1,0.9,same_grid_second_order,,,,,bottomk_mean,0.4,3,3,0.050058893859386444,0.0005889281746931374,0.005535924807190895,0.005535924807190895
annotated,Sora,bubarad_295104563%2Fmd.mp4,patch_only,,0.1,0.9,same_grid_second_order,,,,,bottomk_mean,0.4,3,3,0.004122497048228979,0.01590106077492237,0.01472320407629013,0.01472320407629013
annotated,Sora,bubtuk_148233142%2Fmd.mp4,patch_only,,0.1,0.9,same_grid_second_order,,,,,bottomk_mean,0.4,3,3,0.18904593586921692,0.4729093015193939,0.4445229768753052,0.4445229768753052
annotated,Sora,bugunda1974_696387245%2Fmd.mp4,patch_only,,0.1,0.9,same_grid_second_order,,,,,bottomk_mean,0.4,3,3,0.020612485706806183,0.0035335689317435026,0.005241460632532835,0.005241460632532835
annotated,Sora,burek_svemirski_861660516%2Fmd.mp4,patch_only,,0.1,0.9,same_grid_second_order,,,,,bottomk_mean,0.4,3,3,0.004122497048228979,0.0005889281746931374,0.0009422850562259555,0.0009422850562259555
annotated,Sora,buschdogg_875400141%2Fmd.mp4,patch_only,,0.1,0.9,same_grid_second_order,,,,,bottomk_mean,0.4,3,3,0.5141342878341675,0.7738515734672546,0.7478798627853394,0.7478798627853394
annotated,Sora,bussingjokes_699010719%2Fmd.mp4,patch_only,,0.1,0.9,same_grid_second_order,,,,,bottomk_mean,0.4,3,3,0.22968198359012604,0.11307420581579208,0.12473498284816742,0.12473498284816742
annotated,Sora,bytebuilders_205000963%2Fmd.mp4,patch_only,,0.1,0.9,same_grid_second_order,,,,,bottomk_mean,0.4,3,3,0.21142520010471344,0.04711425304412842,0.0635453462600708,0.0635453462600708
annotated,Sora,c18ola_363151624%2Fmd.mp4,patch_only,,0.1,0.9,same_grid_second_order,,,,,bottomk_mean,0.4,3,3,0.047703180462121964,0.01295641902834177,0.016431095078587532,0.016431095078587532
annotated,Sora,cache13_394202853%2Fmd.mp4,patch_only,,0.1,0.9,same_grid_second_order,,,,,bottomk_mean,0.4,3,3,0.16372202336788177,0.07891637086868286,0.08739693462848663,0.08739693462848663
annotated,Sora,caesar_08_102119734%2Fmd.mp4,patch_only,,0.1,0.9,same_grid_second_order,,,,,bottomk_mean,0.4,3,3,0.14016489684581757,0.06419316679239273,0.07179034501314163,0.07179034501314163
annotated,Sora,cainhd2_watermarked.mp4,patch_only,,0.1,0.9,same_grid_second_order,,,,,bottomk_mean,0.4,3,3,0.03592461720108986,0.009422850795090199,0.012073026970028877,0.012073026970028877
annotated,Sora,callumhall0504_276528656%2Fmd.mp4,patch_only,,0.1,0.9,same_grid_second_order,,,,,bottomk_mean,0.4,3,3,0.4151943325996399,0.7355712652206421,0.7035335898399353,0.7035335898399353
annotated,Sora,canekbasti_337896899%2Fmd.mp4,patch_only,,0.1,0.9,same_grid_second_order,,,,,bottomk_mean,0.4,3,3,0.20906949043273926,0.005300353281199932,0.025677267462015152,0.025677267462015152
annotated,Sora,canofsticks_817228831%2Fmd.mp4,patch_only,,0.1,0.9,same_grid_second_order,,,,,bottomk_mean,0.4,3,3,0.062426384538412094,0.06360424309968948,0.06348645687103271,0.06348645687103271
annotated,Sora,caobin_710564068%2Fmd.mp4,patch_only,,0.1,0.9,same_grid_second_order,,,,,bottomk_mean,0.4,3,3,0.11778563261032104,0.021790342405438423,0.03138986974954605,0.03138986974954605
annotated,Sora,captainsroute_479705604%2Fmd.mp4,patch_only,,0.1,0.9,same_grid_second_order,,,,,bottomk_mean,0.4,3,3,0.620141327381134,0.03474676236510277,0.09328621625900269,0.09328621625900269
annotated,Sora,capybaraboy_870409113%2Fmd.mp4,patch_only,,0.1,0.9,same_grid_second_order,,,,,bottomk_mean,0.4,3,3,0.06890459358692169,0.009422850795090199,0.01537102460861206,0.01537102460861206
annotated,Sora,caramelaimel_630289840%2Fmd.mp4,patch_only,,0.1,0.9,same_grid_second_order,,,,,bottomk_mean,0.4,3,3,0.016489988192915916,0.020612485706806183,0.02020023576915264,0.02020023576915264
annotated,Sora,carefree5collective_965803380%2Fmd.mp4,patch_only,,0.1,0.9,same_grid_second_order,,,,,bottomk_mean,0.4,3,3,0.01472320407629013,0.007067137863487005,0.007832744158804417,0.007832744158804417
annotated,Sora,carlosantonio_430605212%2Fmd.mp4,patch_only,,0.1,0.9,same_grid_second_order,,,,,bottomk_mean,0.4,3,3,0.18315665423870087,0.018845701590180397,0.03527679666876793,0.03527679666876793
annotated,Sora,casey2025_371635944%2Fmd.mp4,patch_only,,0.1,0.9,same_grid_second_order,,,,,bottomk_mean,0.4,3,3,0.004711425397545099,0.0005889281746931374,0.0010011778213083744,0.0010011778213083744
annotated,Sora,casp3rrrr_909638998%2Fmd.mp4,patch_only,,0.1,0.9,same_grid_second_order,,,,,bottomk_mean,0.4,3,3,0.620141327381134,0.7349823117256165,0.7234982252120972,0.7234982252120972
annotated,Sora,cat13471718_779057186%2Fmd.mp4,patch_only,,0.1,0.9,same_grid_second_order,,,,,bottomk_mean,0.4,3,3,0.004122497048228979,0.01295641902834177,0.012073026970028877,0.012073026970028877
annotated,Sora,catieiei_772883956%2Fmd.mp4,patch_only,,0.1,0.9,same_grid_second_order,,,,,bottomk_mean,0.4,3,3,0.10718492418527603,0.008833922445774078,0.018669022247195244,0.018669022247195244
annotated,Sora,cats1401_606207696%2Fmd.mp4,patch_only,,0.1,0.9,same_grid_second_order,,,,,bottomk_mean,0.4,3,3,0.030035335570573807,0.06360424309968948,0.06024735048413277,0.06024735048413277
annotated,Sora,cb-teamdks_516914746%2Fmd.mp4,patch_only,,0.1,0.9,same_grid_second_order,,,,,bottomk_mean,0.4,3,3,0.16431094706058502,0.012367491610348225,0.027561837807297707,0.027561837807297707
annotated,Sora,cb13_518201373%2Fmd.mp4,patch_only,,0.1,0.9,same_grid_second_order,,,,,bottomk_mean,0.4,3,3,0.03356890380382538,0.0005889281746931374,0.0038869257550686598,0.0038869257550686598
annotated,Sora,cbd-kluk_667115510%2Fmd.mp4,patch_only,,0.1,0.9,same_grid_second_order,,,,,bottomk_mean,0.4,3,3,0.07656066119670868,0.0005889281746931374,0.008186100982129574,0.008186100982129574
annotated,Sora,cdkljfh3546yrfg_160472766%2Fmd.mp4,patch_only,,0.1,0.9,same_grid_second_order,,,,,bottomk_mean,0.4,3,3,0.018845701590180397,0.0035335689317435026,0.005064782220870256,0.005064782220870256
annotated,Sora,cesar126a_538201963%2Fmd.mp4,patch_only,,0.1,0.9,same_grid_second_order,,,,,bottomk_mean,0.4,3,3,0.004122497048228979,0.0017667844658717513,0.002002355642616749,0.002002355642616749
annotated,Sora,cfuzi_503954378%2Fmd.mp4,patch_only,,0.1,0.9,same_grid_second_order,,,,,bottomk_mean,0.4,3,3,0.04534746706485748,0.004122497048228979,0.008244994096457958,0.008244994096457958
annotated,Sora,cgdg_99696766%2Fmd.mp4,patch_only,,0.1,0.9,same_grid_second_order,,,,,bottomk_mean,0.4,3,3,0.03356890380382538,0.009422850795090199,0.011837455444037914,0.011837455444037914
annotated,Sora,chasexcx_403885798%2Fmd.mp4,patch_only,,0.1,0.9,same_grid_second_order,,,,,bottomk_mean,0.4,3,3,0.48881036043167114,0.5017668008804321,0.5004711151123047,0.5004711151123047
annotated,Sora,chatgpt3004_457460970%2Fmd.mp4,patch_only,,0.1,0.9,same_grid_second_order,,,,,bottomk_mean,0.4,3,3,0.15135453641414642,0.14605417847633362,0.14658421277999878,0.14658421277999878
annotated,Sora,chatgptplususer0_409682271%2Fmd.mp4,patch_only,,0.1,0.9,same_grid_second_order,,,,,bottomk_mean,0.4,3,3,0.39752650260925293,0.14428739249706268,0.16961130499839783,0.16961130499839783
annotated,Sora,chaun811_166688670%2Fmd.mp4,patch_only,,0.1,0.9,same_grid_second_order,,,,,bottomk_mean,0.4,3,3,0.12956419587135315,0.2526501715183258,0.24034157395362854,0.24034157395362854
annotated,Sora,chazn_744158193%2Fmd.mp4,patch_only,,0.1,0.9,same_grid_second_order,,,,,bottomk_mean,0.4,3,3,0.010011778213083744,0.006478209514170885,0.006831566337496042,0.006831566337496042
annotated,Sora,cheetahvscrocodile_938385704%2Fmd.mp4,patch_only,,0.1,0.9,same_grid_second_order,,,,,bottomk_mean,0.4,3,3,0.11248527467250824,0.07832744717597961,0.08174322545528412,0.08174322545528412
annotated,Sora,chhm97_756201403%2Fmd.mp4,patch_only,,0.1,0.9,same_grid_second_order,,,,,bottomk_mean,0.4,3,3,0.11660777032375336,0.008833922445774078,0.019611308351159096,0.019611308351159096
annotated,Sora,chiaras26_322200714%2Fmd.mp4,patch_only,,0.1,0.9,same_grid_second_order,,,,,bottomk_mean,0.4,3,3,0.05948174372315407,0.03474676236510277,0.03722025826573372,0.03722025826573372
annotated,Sora,childrengame_349702204%2Fmd.mp4,patch_only,,0.1,0.9,same_grid_second_order,,,,,bottomk_mean,0.4,3,3,0.16372202336788177,0.005300353281199932,0.021142520010471344,0.021142520010471344
annotated,Sora,chintubhl4u_743579561%2Fmd.mp4,patch_only,,0.1,0.9,same_grid_second_order,,,,,bottomk_mean,0.4,3,3,0.002944640815258026,0.0023557126987725496,0.0024146053474396467,0.0024146053474396467
annotated,Sora,chococereal_515762206%2Fmd.mp4,patch_only,,0.1,0.9,same_grid_second_order,,,,,bottomk_mean,0.4,3,3,0.050058893859386444,0.005300353281199932,0.009776207618415356,0.009776207618415356
annotated,Sora,chokynana_256090007%2Fmd.mp4,patch_only,,0.1,0.9,same_grid_second_order,,,,,bottomk_mean,0.4,3,3,0.09010601043701172,0.14605417847633362,0.1404593586921692,0.1404593586921692
annotated,Sora,chomai_5046861%2Fmd.mp4,patch_only,,0.1,0.9,same_grid_second_order,,,,,bottomk_mean,0.4,3,3,0.08303886651992798,0.2591283917427063,0.24151943624019623,0.24151943624019623
annotated,Sora,choomantraa_38810765%2Fmd.mp4,patch_only,,0.1,0.9,same_grid_second_order,,,,,bottomk_mean,0.4,3,3,0.17903415858745575,0.3256772756576538,0.31101295351982117,0.31101295351982117
annotated,Sora,chris-is-agile_293885078%2Fmd.mp4,patch_only,,0.1,0.9,same_grid_second_order,,,,,bottomk_mean,0.4,3,3,0.27915194630622864,0.14487633109092712,0.1583038866519928,0.1583038866519928
annotated,Sora,chriskpictures_966578016%2Fmd.mp4,patch_only,,0.1,0.9,same_grid_second_order,,,,,bottomk_mean,0.4,3,3,0.020023556426167488,0.0,0.002002355642616749,0.002002355642616749
annotated,Sora,chrismas_315229662%2Fmd.mp4,patch_only,,0.1,0.9,same_grid_second_order,,,,,bottomk_mean,0.4,3,3,0.2514723241329193,0.5771495699882507,0.5445818901062012,0.5445818901062012
annotated,Sora,chrismom_245173793%2Fmd.mp4,patch_only,,0.1,0.9,same_grid_second_order,,,,,bottomk_mean,0.4,3,3,0.06949352473020554,0.009422850795090199,0.015429917722940445,0.015429917722940445
annotated,Sora,christianebechler_619850547%2Fmd.mp4,patch_only,,0.1,0.9,same_grid_second_order,,,,,bottomk_mean,0.4,3,3,0.0023557126987725496,0.0035335689317435026,0.003415783168748021,0.003415783168748021
annotated,Sora,chs3_378954854%2Fmd.mp4,patch_only,,0.1,0.9,same_grid_second_order,,,,,bottomk_mean,0.4,3,3,0.33274441957473755,0.010011778213083744,0.04228504002094269,0.04228504002094269
annotated,Sora,cihjrp_271742031%2Fmd.mp4,patch_only,,0.1,0.9,same_grid_second_order,,,,,bottomk_mean,0.4,3,3,0.08303886651992798,0.008833922445774078,0.016254417598247528,0.016254417598247528
annotated,Sora,cindyaaa20_453641741%2Fmd.mp4,patch_only,,0.1,0.9,same_grid_second_order,,,,,bottomk_mean,0.4,3,3,0.048881035298109055,0.01295641902834177,0.0165488813072443,0.0165488813072443
annotated,Sora,clozoro_828586341%2Fmd.mp4,patch_only,,0.1,0.9,same_grid_second_order,,,,,bottomk_mean,0.4,3,3,0.002944640815258026,0.017667844891548157,0.016195524483919144,0.016195524483919144
annotated,Sora,cmorel1107_699879499%2Fmd.mp4,patch_only,,0.1,0.9,same_grid_second_order,,,,,bottomk_mean,0.4,3,3,0.06890459358692169,0.004122497048228979,0.010600706562399864,0.010600706562399864
annotated,Sora,cnkim_322777371%2Fmd.mp4,patch_only,,0.1,0.9,same_grid_second_order,,,,,bottomk_mean,0.4,3,3,0.1054181382060051,0.01413427572697401,0.023262662813067436,0.023262662813067436
annotated,Sora,cnugoodai1gmailcom_729543292%2Fmd.mp4,patch_only,,0.1,0.9,same_grid_second_order,,,,,bottomk_mean,0.4,3,3,0.08127208799123764,0.005300353281199932,0.01289752684533596,0.01289752684533596
annotated,Sora,cobaxter_870868562%2Fmd.mp4,patch_only,,0.1,0.9,same_grid_second_order,,,,,bottomk_mean,0.4,3,3,0.08833922445774078,0.01295641902834177,0.020494699478149414,0.020494699478149414
annotated,Sora,codumo_844467006%2Fmd.mp4,patch_only,,0.1,0.9,same_grid_second_order,,,,,bottomk_mean,0.4,3,3,0.050058893859386444,0.009422850795090199,0.013486454263329506,0.013486454263329506
annotated,Sora,coldrock_240284482%2Fmd.mp4,patch_only,,0.1,0.9,same_grid_second_order,,,,,bottomk_mean,0.4,3,3,0.4051825702190399,0.020023556426167488,0.058539457619190216,0.058539457619190216
annotated,Sora,compeador_709661667%2Fmd.mp4,patch_only,,0.1,0.9,same_grid_second_order,,,,,bottomk_mean,0.4,3,3,0.0,0.008833922445774078,0.007950530387461185,0.007950530387461185
annotated,Sora,comrade_rt_656517612%2Fmd.mp4,patch_only,,0.1,0.9,same_grid_second_order,,,,,bottomk_mean,0.4,3,3,0.06419316679239273,0.04475853964686394,0.04670200124382973,0.04670200124382973
annotated,Sora,connorcac_562657148%2Fmd.mp4,patch_only,,0.1,0.9,same_grid_second_order,,,,,bottomk_mean,0.4,3,3,0.0,0.0005889281746931374,0.0005300353514030576,0.0005300353514030576
annotated,Sora,conquestofzabor_465405624%2Fmd.mp4,patch_only,,0.1,0.9,same_grid_second_order,,,,,bottomk_mean,0.4,3,3,0.2343934029340744,0.009422850795090199,0.03191990405321121,0.03191990405321121
annotated,Sora,consoleout_804775100%2Fmd.mp4,patch_only,,0.1,0.9,same_grid_second_order,,,,,bottomk_mean,0.4,3,3,0.0806831568479538,0.009422850795090199,0.0165488813072443,0.0165488813072443
annotated,Sora,coolastekatten_324776573%2Fmd.mp4,patch_only,,0.1,0.9,same_grid_second_order,,,,,bottomk_mean,0.4,3,3,0.06890459358692169,0.01295641902834177,0.018551236018538475,0.018551236018538475
annotated,Sora,coqrouge_309642307%2Fmd.mp4,patch_only,,0.1,0.9,same_grid_second_order,,,,,bottomk_mean,0.4,3,3,0.31330978870391846,0.8262661695480347,0.774970531463623,0.774970531463623
annotated,Sora,corastudio_557670912%2Fmd.mp4,patch_only,,0.1,0.9,same_grid_second_order,,,,,bottomk_mean,0.4,3,3,0.08892814815044403,0.03356890380382538,0.03910483047366142,0.03910483047366142
annotated,Sora,coretech-video_320299135%2Fmd.mp4,patch_only,,0.1,0.9,same_grid_second_order,,,,,bottomk_mean,0.4,3,3,0.16607773303985596,0.22850412130355835,0.2222614884376526,0.2222614884376526
annotated,Sora,cosus8662_705151392%2Fmd.mp4,patch_only,,0.1,0.9,same_grid_second_order,,,,,bottomk_mean,0.4,3,3,0.17726737260818481,0.009422850795090199,0.026207303628325462,0.026207303628325462
annotated,Sora,cottyy_729398960%2Fmd.mp4,patch_only,,0.1,0.9,same_grid_second_order,,,,,bottomk_mean,0.4,3,3,0.2620730400085449,0.15959952771663666,0.16984687745571136,0.16984687745571136
annotated,Sora,cowuu99_44257172%2Fmd.mp4,patch_only,,0.1,0.9,same_grid_second_order,,,,,bottomk_mean,0.4,3,3,0.020023556426167488,0.0017667844658717513,0.0035924618132412434,0.0035924618132412434
annotated,Sora,cpnbr_218342187%2Fmd.mp4,patch_only,,0.1,0.9,same_grid_second_order,,,,,bottomk_mean,0.4,3,3,0.004122497048228979,0.007067137863487005,0.006772673688828945,0.006772673688828945
annotated,Sora,crashhstudio_329054510%2Fmd.mp4,patch_only,,0.1,0.9,same_grid_second_order,,,,,bottomk_mean,0.4,3,3,0.06419316679239273,0.0005889281746931374,0.006949352100491524,0.006949352100491524
annotated,Sora,crazykyo2013_76702406%2Fmd.mp4,patch_only,,0.1,0.9,same_grid_second_order,,,,,bottomk_mean,0.4,3,3,0.2514723241329193,0.011189634911715984,0.035217903554439545,0.035217903554439545
annotated,Sora,creativai_46115001%2Fmd.mp4,patch_only,,0.1,0.9,same_grid_second_order,,,,,bottomk_mean,0.4,3,3,0.16431094706058502,0.01295641902834177,0.028091872110962868,0.028091872110962868
annotated,Sora,crimony_37712692%2Fmd.mp4,patch_only,,0.1,0.9,same_grid_second_order,,,,,bottomk_mean,0.4,3,3,0.040047112852334976,0.16725559532642365,0.1545347422361374,0.1545347422361374
annotated,Sora,crisgonb_682370524%2Fmd.mp4,patch_only,,0.1,0.9,same_grid_second_order,,,,,bottomk_mean,0.4,3,3,0.018845701590180397,0.011189634911715984,0.011955241672694683,0.011955241672694683
annotated,Sora,crjemara_474014621%2Fmd.mp4,patch_only,,0.1,0.9,same_grid_second_order,,,,,bottomk_mean,0.4,3,3,0.04240282624959946,0.0005889281746931374,0.004770318046212196,0.004770318046212196
annotated,Sora,ctv48930f_231287594%2Fmd.mp4,patch_only,,0.1,0.9,same_grid_second_order,,,,,bottomk_mean,0.4,3,3,0.2461719661951065,0.11660777032375336,0.12956419587135315,0.12956419587135315
annotated,Sora,cur10uzed_440757292%2Fmd.mp4,patch_only,,0.1,0.9,same_grid_second_order,,,,,bottomk_mean,0.4,3,3,0.29858657717704773,0.09481742978096008,0.11519434303045273,0.11519434303045273
annotated,Sora,cwbschleser_968737390%2Fmd.mp4,patch_only,,0.1,0.9,same_grid_second_order,,,,,bottomk_mean,0.4,3,3,0.13368669152259827,0.021790342405438423,0.03297997638583183,0.03297997638583183
annotated,Sora,d3l3t3r_630157237%2Fmd.mp4,patch_only,,0.1,0.9,same_grid_second_order,,,,,bottomk_mean,0.4,3,3,0.33274441957473755,0.005300353281199932,0.0380447581410408,0.0380447581410408
annotated,Sora,dadada2_watermarked.mp4,patch_only,,0.1,0.9,same_grid_second_order,,,,,bottomk_mean,0.4,3,3,0.01472320407629013,0.016489988192915916,0.016313308849930763,0.016313308849930763
annotated,Sora,daegyeom1_665546816%2Fmd.mp4,patch_only,,0.1,0.9,same_grid_second_order,,,,,bottomk_mean,0.4,3,3,0.216136634349823,0.06301531195640564,0.07832744717597961,0.07832744717597961
annotated,Sora,dakini_cranini_4526540%2Fmd.mp4,patch_only,,0.1,0.9,same_grid_second_order,,,,,bottomk_mean,0.4,3,3,0.07832744717597961,0.07891637086868286,0.07885748147964478,0.07885748147964478
annotated,Sora,damianon_885106911%2Fmd.mp4,patch_only,,0.1,0.9,same_grid_second_order,,,,,bottomk_mean,0.4,3,3,0.13780918717384338,0.11248527467250824,0.11501766741275787,0.11501766741275787
annotated,Sora,dan_9999999_343203364%2Fmd.mp4,patch_only,,0.1,0.9,same_grid_second_order,,,,,bottomk_mean,0.4,3,3,0.09952885657548904,0.04240282624959946,0.048115428537130356,0.048115428537130356
annotated,Sora,dand7_729543769%2Fmd.mp4,patch_only,,0.1,0.9,same_grid_second_order,,,,,bottomk_mean,0.4,3,3,0.26089516282081604,0.07184923440217972,0.09075383096933365,0.09075383096933365
annotated,Sora,dangerfieldsmith_695531973%2Fmd.mp4,patch_only,,0.1,0.9,same_grid_second_order,,,,,bottomk_mean,0.4,3,3,0.01472320407629013,0.008833922445774078,0.009422850795090199,0.009422850795090199
annotated,Sora,danieltayxs_660057025%2Fmd.mp4,patch_only,,0.1,0.9,same_grid_second_order,,,,,bottomk_mean,0.4,3,3,0.0005889281746931374,0.008833922445774078,0.008009422570466995,0.008009422570466995
annotated,Sora,darkbloond_370767910%2Fmd.mp4,patch_only,,0.1,0.9,same_grid_second_order,,,,,bottomk_mean,0.4,3,3,0.23380447924137115,0.0005889281746931374,0.023910483345389366,0.023910483345389366
annotated,Sora,daroking_261771646%2Fmd.mp4,patch_only,,0.1,0.9,same_grid_second_order,,,,,bottomk_mean,0.4,3,3,0.12838633358478546,0.005300353281199932,0.017608951777219772,0.017608951777219772
annotated,Sora,datbv_202053279%2Fmd.mp4,patch_only,,0.1,0.9,same_grid_second_order,,,,,bottomk_mean,0.4,3,3,0.17078916728496552,0.0005889281746931374,0.017608951777219772,0.017608951777219772
annotated,Sora,dathiccboi_watermarked.mp4,patch_only,,0.1,0.9,same_grid_second_order,,,,,bottomk_mean,0.4,3,3,0.1590106040239334,0.004122497048228979,0.019611308351159096,0.019611308351159096
annotated,Sora,deacon12_154218517%2Fmd.mp4,patch_only,,0.1,0.9,same_grid_second_order,,,,,bottomk_mean,0.4,3,3,0.2997644245624542,0.08244994282722473,0.10418138653039932,0.10418138653039932
annotated,Sora,deadlycious_473215800%2Fmd.mp4,patch_only,,0.1,0.9,same_grid_second_order,,,,,bottomk_mean,0.4,3,3,0.512956440448761,0.4840989410877228,0.4869846999645233,0.4869846999645233
annotated,Sora,debabrat_825324580%2Fmd.mp4,patch_only,,0.1,0.9,same_grid_second_order,,,,,bottomk_mean,0.4,3,3,0.07832744717597961,0.011189634911715984,0.017903415486216545,0.017903415486216545
annotated,Sora,deep99_567425258%2Fmd.mp4,patch_only,,0.1,0.9,same_grid_second_order,,,,,bottomk_mean,0.4,3,3,0.10011778771877289,0.0035335689317435026,0.013191990554332733,0.013191990554332733
annotated,Sora,deepak2002_311185574%2Fmd.mp4,patch_only,,0.1,0.9,same_grid_second_order,,,,,bottomk_mean,0.4,3,3,0.04534746706485748,0.004122497048228979,0.008244994096457958,0.008244994096457958
annotated,Sora,deepk_689250595%2Fmd.mp4,patch_only,,0.1,0.9,same_grid_second_order,,,,,bottomk_mean,0.4,3,3,0.11778563261032104,0.22202591598033905,0.2116018831729889,0.2116018831729889
annotated,Sora,deguru_460443911%2Fmd.mp4,patch_only,,0.1,0.9,same_grid_second_order,,,,,bottomk_mean,0.4,3,3,0.30035334825515747,0.06537102162837982,0.08886925876140594,0.08886925876140594
annotated,Sora,denai7_377726539%2Fmd.mp4,patch_only,,0.1,0.9,same_grid_second_order,,,,,bottomk_mean,0.4,3,3,0.002944640815258026,0.005300353281199932,0.005064782220870256,0.005064782220870256
annotated,Sora,denan99_431707645%2Fmd.mp4,patch_only,,0.1,0.9,same_grid_second_order,,,,,bottomk_mean,0.4,3,3,0.030035335570573807,0.007656065747141838,0.00989399291574955,0.00989399291574955
annotated,Sora,dendemaster_759866418%2Fmd.mp4,patch_only,,0.1,0.9,same_grid_second_order,,,,,bottomk_mean,0.4,3,3,0.21967020630836487,0.09422850608825684,0.10677267611026764,0.10677267611026764
annotated,Sora,derd4nny_371604535%2Fmd.mp4,patch_only,,0.1,0.9,same_grid_second_order,,,,,bottomk_mean,0.4,3,3,0.062426384538412094,0.10600706934928894,0.10164900124073029,0.10164900124073029
annotated,Sora,deremkay_401094524%2Fmd.mp4,patch_only,,0.1,0.9,same_grid_second_order,,,,,bottomk_mean,0.4,3,3,0.03945818543434143,0.009422850795090199,0.012426383793354034,0.012426383793354034
annotated,Sora,derrts_558635912%2Fmd.mp4,patch_only,,0.1,0.9,same_grid_second_order,,,,,bottomk_mean,0.4,3,3,0.022968197241425514,0.0023557126987725496,0.004416961222887039,0.004416961222887039
annotated,Sora,devinmgomez_779564098%2Fmd.mp4,patch_only,,0.1,0.9,same_grid_second_order,,,,,bottomk_mean,0.4,3,3,0.01472320407629013,0.05182567611336708,0.048115428537130356,0.048115428537130356
annotated,Sora,devoronan_659323%2Fmd.mp4,patch_only,,0.1,0.9,same_grid_second_order,,,,,bottomk_mean,0.4,3,3,0.018845701590180397,0.012367491610348225,0.013015312142670155,0.013015312142670155
annotated,Sora,devsu_244499584%2Fmd.mp4,patch_only,,0.1,0.9,same_grid_second_order,,,,,bottomk_mean,0.4,3,3,0.1731448769569397,0.0005889281746931374,0.01784452237188816,0.01784452237188816
annotated,Sora,dgamerx_599364467%2Fmd.mp4,patch_only,,0.1,0.9,same_grid_second_order,,,,,bottomk_mean,0.4,3,3,0.18904593586921692,0.062426384538412094,0.07508833706378937,0.07508833706378937
annotated,Sora,dhavalsabhi1111_175168251%2Fmd.mp4,patch_only,,0.1,0.9,same_grid_second_order,,,,,bottomk_mean,0.4,3,3,0.11601884663105011,0.0035335689317435026,0.01478209625929594,0.01478209625929594
annotated,Sora,dhiraj_96_109508160%2Fmd.mp4,patch_only,,0.1,0.9,same_grid_second_order,,,,,bottomk_mean,0.4,3,3,0.010011778213083744,0.0035335689317435026,0.004181389696896076,0.004181389696896076
annotated,Sora,dhruvkamal_177770023%2Fmd.mp4,patch_only,,0.1,0.9,same_grid_second_order,,,,,bottomk_mean,0.4,3,3,0.20730270445346832,0.06360424309968948,0.07797408849000931,0.07797408849000931
annotated,Sora,dianazin_31120087%2Fmd.mp4,patch_only,,0.1,0.9,same_grid_second_order,,,,,bottomk_mean,0.4,3,3,0.002944640815258026,0.017667844891548157,0.016195524483919144,0.016195524483919144
annotated,Sora,digitalwebkrida_530672759%2Fmd.mp4,patch_only,,0.1,0.9,same_grid_second_order,,,,,bottomk_mean,0.4,3,3,0.08951707929372787,0.28327444195747375,0.26389870047569275,0.26389870047569275
annotated,Sora,digitosdm_257072956%2Fmd.mp4,patch_only,,0.1,0.9,same_grid_second_order,,,,,bottomk_mean,0.4,3,3,0.34805652499198914,0.017667844891548157,0.050706714391708374,0.050706714391708374
annotated,Sora,dilorc2_928591332%2Fmd.mp4,patch_only,,0.1,0.9,same_grid_second_order,,,,,bottomk_mean,0.4,3,3,0.05830388516187668,0.04416961222887039,0.04558303952217102,0.04558303952217102
annotated,Sora,dimgouso_917618391%2Fmd.mp4,patch_only,,0.1,0.9,same_grid_second_order,,,,,bottomk_mean,0.4,3,3,0.22025913000106812,0.020612485706806183,0.040577150881290436,0.040577150881290436
annotated,Sora,dinnguyen_706603630%2Fmd.mp4,patch_only,,0.1,0.9,same_grid_second_order,,,,,bottomk_mean,0.4,3,3,0.0,0.0005889281746931374,0.0005300353514030576,0.0005300353514030576
annotated,Sora,dippitydeep_845152132%2Fmd.mp4,patch_only,,0.1,0.9,same_grid_second_order,,,,,bottomk_mean,0.4,3,3,0.19316843152046204,0.07656066119670868,0.08822143822908401,0.08822143822908401
annotated,Sora,dirtgamerzz_86749701%2Fmd.mp4,patch_only,,0.1,0.9,same_grid_second_order,,,,,bottomk_mean,0.4,3,3,0.002944640815258026,0.01295641902834177,0.011955241672694683,0.011955241672694683
annotated,Sora,divyang10_579399429%2Fmd.mp4,patch_only,,0.1,0.9,same_grid_second_order,,,,,bottomk_mean,0.4,3,3,0.0011778563493862748,0.020023556426167488,0.018138987943530083,0.018138987943530083
annotated,Sora,djd1968_970149800%2Fmd.mp4,patch_only,,0.1,0.9,same_grid_second_order,,,,,bottomk_mean,0.4,3,3,0.38987043499946594,0.5312131643295288,0.5170789361000061,0.5170789361000061
annotated,Sora,djunio7_289785062%2Fmd.mp4,patch_only,,0.1,0.9,same_grid_second_order,,,,,bottomk_mean,0.4,3,3,0.010600706562399864,0.0035335689317435026,0.004240282811224461,0.004240282811224461
annotated,Sora,dkfkq_745665830%2Fmd.mp4,patch_only,,0.1,0.9,same_grid_second_order,,,,,bottomk_mean,0.4,3,3,0.42756184935569763,0.01413427572697401,0.05547703057527542,0.05547703057527542
annotated,Sora,dkfqksid_79186270%2Fmd.mp4,patch_only,,0.1,0.9,same_grid_second_order,,,,,bottomk_mean,0.4,3,3,0.009422850795090199,0.048881035298109055,0.04493521898984909,0.04493521898984909
annotated,Sora,dkmagu_426680524%2Fmd.mp4,patch_only,,0.1,0.9,same_grid_second_order,,,,,bottomk_mean,0.4,3,3,0.06478209793567657,0.05182567611336708,0.05312132090330124,0.05312132090330124
annotated,Sora,dkwalter77_808295025%2Fmd.mp4,patch_only,,0.1,0.9,same_grid_second_order,,,,,bottomk_mean,0.4,3,3,0.008833922445774078,0.01295641902834177,0.012544170022010803,0.012544170022010803
annotated,Sora,dlw01_397082776%2Fmd.mp4,patch_only,,0.1,0.9,same_grid_second_order,,,,,bottomk_mean,0.4,3,3,0.0,0.0005889281746931374,0.0005300353514030576,0.0005300353514030576
annotated,Sora,dmrdn_945608709%2Fmd.mp4,patch_only,,0.1,0.9,same_grid_second_order,,,,,bottomk_mean,0.4,3,3,0.11130741983652115,0.09422850608825684,0.09593639522790909,0.09593639522790909
annotated,Sora,dmv7_792530860%2Fmd.mp4,patch_only,,0.1,0.9,same_grid_second_order,,,,,bottomk_mean,0.4,3,3,0.015312131494283676,0.01295641902834177,0.013191990554332733,0.013191990554332733
annotated,Sora,dneil_929288206%2Fmd.mp4,patch_only,,0.1,0.9,same_grid_second_order,,,,,bottomk_mean,0.4,3,3,0.018845701590180397,0.0005889281746931374,0.0024146053474396467,0.0024146053474396467
annotated,Sora,docdirk_900439986%2Fmd.mp4,patch_only,,0.1,0.9,same_grid_second_order,,,,,bottomk_mean,0.4,3,3,0.04534746706485748,0.1342756152153015,0.12538279592990875,0.12538279592990875
annotated,Sora,docente_emmess_775671215%2Fmd.mp4,patch_only,,0.1,0.9,same_grid_second_order,,,,,bottomk_mean,0.4,3,3,0.3869257867336273,0.14134275913238525,0.1659010648727417,0.1659010648727417
annotated,Sora,dogpamine_73691395%2Fmd.mp4,patch_only,,0.1,0.9,same_grid_second_order,,,,,bottomk_mean,0.4,3,3,0.05182567611336708,0.10600706934928894,0.10058892518281937,0.10058892518281937
annotated,Sora,dolcevi_454857053%2Fmd.mp4,patch_only,,0.1,0.9,same_grid_second_order,,,,,bottomk_mean,0.4,3,3,0.002944640815258026,0.0005889281746931374,0.0008244994096457958,0.0008244994096457958
annotated,Sora,domey96_139913611%2Fmd.mp4,patch_only,,0.1,0.9,same_grid_second_order,,,,,bottomk_mean,0.4,3,3,0.12720848619937897,0.04534746706485748,0.05353356897830963,0.05353356897830963
annotated,Sora,don-olsen_996780737%2Fmd.mp4,patch_only,,0.1,0.9,same_grid_second_order,,,,,bottomk_mean,0.4,3,3,0.5058892965316772,0.13839811086654663,0.17514723539352417,0.17514723539352417
annotated,Sora,donchepe_507258076%2Fmd.mp4,patch_only,,0.1,0.9,same_grid_second_order,,,,,bottomk_mean,0.4,3,3,0.14899882674217224,0.03356890380382538,0.045111894607543945,0.045111894607543945
annotated,Sora,dong988_849757725%2Fmd.mp4,patch_only,,0.1,0.9,same_grid_second_order,,,,,bottomk_mean,0.4,3,3,0.3009422719478607,0.13133098185062408,0.14829210937023163,0.14829210937023163
annotated,Sora,donpapa_236435772%2Fmd.mp4,patch_only,,0.1,0.9,same_grid_second_order,,,,,bottomk_mean,0.4,3,3,0.10011778771877289,0.1537102460861206,0.14835099875926971,0.14835099875926971
annotated,Sora,dookiecookie_732069723%2Fmd.mp4,patch_only,,0.1,0.9,same_grid_second_order,,,,,bottomk_mean,0.4,3,3,0.037691403180360794,0.009422850795090199,0.012249705381691456,0.012249705381691456
annotated,Sora,doorinvasion_273464560%2Fmd.mp4,patch_only,,0.1,0.9,same_grid_second_order,,,,,bottomk_mean,0.4,3,3,0.048881035298109055,0.009422850795090199,0.013368668965995312,0.013368668965995312
annotated,Sora,doroshev_976250727%2Fmd.mp4,patch_only,,0.1,0.9,same_grid_second_order,,,,,bottomk_mean,0.4,3,3,0.08244994282722473,0.10600706934928894,0.10365135222673416,0.10365135222673416
annotated,Sora,doubtful_445151992%2Fmd.mp4,patch_only,,0.1,0.9,same_grid_second_order,,,,,bottomk_mean,0.4,3,3,0.16372202336788177,0.08716136962175369,0.09481742978096008,0.09481742978096008
annotated,Sora,dow1_648329452%2Fmd.mp4,patch_only,,0.1,0.9,same_grid_second_order,,,,,bottomk_mean,0.4,3,3,0.3244993984699249,0.35630154609680176,0.3531213104724884,0.3531213104724884
annotated,Sora,downtroddengoat_365669666%2Fmd.mp4,patch_only,,0.1,0.9,same_grid_second_order,,,,,bottomk_mean,0.4,3,3,0.05300353467464447,0.018845701590180397,0.0222614835947752,0.0222614835947752
annotated,Sora,dragonvision_852957896%2Fmd.mp4,patch_only,,0.1,0.9,same_grid_second_order,,,,,bottomk_mean,0.4,3,3,0.32096585631370544,0.04475853964686394,0.07237926870584488,0.07237926870584488
annotated,Sora,drcom0_339739458%2Fmd.mp4,patch_only,,0.1,0.9,same_grid_second_order,,,,,bottomk_mean,0.4,3,3,0.042991753667593,0.1366313248872757,0.12726737558841705,0.12726737558841705
annotated,Sora,dreamticket_736925287%2Fmd.mp4,patch_only,,0.1,0.9,same_grid_second_order,,,,,bottomk_mean,0.4,3,3,0.050058893859386444,0.055948175489902496,0.05535924434661865,0.05535924434661865
annotated,Sora,dronex_59193099%2Fmd.mp4,patch_only,,0.1,0.9,same_grid_second_order,,,,,bottomk_mean,0.4,3,3,0.4310953915119171,0.10600706934928894,0.138515904545784,0.138515904545784
annotated,Sora,drrm_879708150%2Fmd.mp4,patch_only,,0.1,0.9,same_grid_second_order,,,,,bottomk_mean,0.4,3,3,0.027679622173309326,0.01295641902834177,0.014428739435970783,0.014428739435970783
annotated,Sora,drstaroselsky_462431379%2Fmd.mp4,patch_only,,0.1,0.9,same_grid_second_order,,,,,bottomk_mean,0.4,3,3,0.5141342878341675,0.16902238130569458,0.2035335749387741,0.2035335749387741
annotated,Sora,druidefuzi_239060436%2Fmd.mp4,patch_only,,0.1,0.9,same_grid_second_order,,,,,bottomk_mean,0.4,3,3,0.036513544619083405,0.007067137863487005,0.010011778213083744,0.010011778213083744
annotated,Sora,dudxs_watermarked.mp4,patch_only,,0.1,0.9,same_grid_second_order,,,,,bottomk_mean,0.4,3,3,0.008833922445774078,0.26501765847206116,0.23939929902553558,0.23939929902553558
annotated,Sora,durian3nak_191430588%2Fmd.mp4,patch_only,,0.1,0.9,same_grid_second_order,,,,,bottomk_mean,0.4,3,3,0.07243816554546356,0.009422850795090199,0.015724381431937218,0.015724381431937218
annotated,Sora,dustbee_99203930%2Fmd.mp4,patch_only,,0.1,0.9,same_grid_second_order,,,,,bottomk_mean,0.4,3,3,0.1054181382060051,0.0023557126987725496,0.012661955319344997,0.012661955319344997
annotated,Sora,duvidl_105618591%2Fmd.mp4,patch_only,,0.1,0.9,same_grid_second_order,,,,,bottomk_mean,0.4,3,3,0.15724381804466248,0.04240282624959946,0.05388692393898964,0.05388692393898964
annotated,Sora,dxlxb_248886845%2Fmd.mp4,patch_only,,0.1,0.9,same_grid_second_order,,,,,bottomk_mean,0.4,3,3,0.13309776782989502,0.3604240417480469,0.33769139647483826,0.33769139647483826
annotated,Sora,dynahrm_315303480%2Fmd.mp4,patch_only,,0.1,0.9,same_grid_second_order,,,,,bottomk_mean,0.4,3,3,0.03945818543434143,0.0005889281746931374,0.004475853871554136,0.004475853871554136
annotated,Sora,eafunu_566106041%2Fmd.mp4,patch_only,,0.1,0.9,same_grid_second_order,,,,,bottomk_mean,0.4,3,3,0.2720848023891449,0.09717314690351486,0.11466430872678757,0.11466430872678757
annotated,Sora,eageroij_788279597%2Fmd.mp4,patch_only,,0.1,0.9,same_grid_second_order,,,,,bottomk_mean,0.4,3,3,0.39517077803611755,0.018256772309541702,0.055948175489902496,0.055948175489902496
annotated,Sora,ebabe-86_198708927%2Fmd.mp4,patch_only,,0.1,0.9,same_grid_second_order,,,,,bottomk_mean,0.4,3,3,0.06478209793567657,0.010011778213083744,0.015488809905946255,0.015488809905946255
annotated,Sora,echovia_220719408%2Fmd.mp4,patch_only,,0.1,0.9,same_grid_second_order,,,,,bottomk_mean,0.4,3,3,0.09069493412971497,0.12661954760551453,0.12302709370851517,0.12302709370851517
annotated,Sora,ecn9633_748655989%2Fmd.mp4,patch_only,,0.1,0.9,same_grid_second_order,,,,,bottomk_mean,0.4,3,3,0.14782096445560455,0.007067137863487005,0.021142520010471344,0.021142520010471344
annotated,Sora,eddiechau_153115262%2Fmd.mp4,patch_only,,0.1,0.9,same_grid_second_order,,,,,bottomk_mean,0.4,3,3,0.40459364652633667,0.4658421576023102,0.4597173035144806,0.4597173035144806
annotated,Sora,edisonaikunal_104911536%2Fmd.mp4,patch_only,,0.1,0.9,same_grid_second_order,,,,,bottomk_mean,0.4,3,3,0.14782096445560455,0.09717314690351486,0.10223792493343353,0.10223792493343353
annotated,Sora,edrfgedsf_172044468%2Fmd.mp4,patch_only,,0.1,0.9,same_grid_second_order,,,,,bottomk_mean,0.4,3,3,0.14428739249706268,0.03710247203707695,0.04782096669077873,0.04782096669077873
annotated,Sora,edsnxevlla_watermarked.mp4,patch_only,,0.1,0.9,same_grid_second_order,,,,,bottomk_mean,0.4,3,3,0.027679622173309326,0.0035335689317435026,0.005948174279183149,0.005948174279183149
annotated,Sora,edwinho__296508647%2Fmd.mp4,patch_only,,0.1,0.9,same_grid_second_order,,,,,bottomk_mean,0.4,3,3,0.04829210788011551,0.026501767337322235,0.028680801391601562,0.028680801391601562
annotated,Sora,eea_518469573%2Fmd.mp4,patch_only,,0.1,0.9,same_grid_second_order,,,,,bottomk_mean,0.4,3,3,0.02120141312479973,0.7691401839256287,0.6943463087081909,0.6943463087081909
annotated,Sora,eekaa_29_767500519%2Fmd.mp4,patch_only,,0.1,0.9,same_grid_second_order,,,,,bottomk_mean,0.4,3,3,0.4051825702190399,0.010600706562399864,0.050058893859386444,0.050058893859386444
annotated,Sora,effn_844305696%2Fmd.mp4,patch_only,,0.1,0.9,same_grid_second_order,,,,,bottomk_mean,0.4,3,3,0.01472320407629013,0.018256772309541702,0.017903415486216545,0.017903415486216545
annotated,Sora,ejahshan_520191802%2Fmd.mp4,patch_only,,0.1,0.9,same_grid_second_order,,,,,bottomk_mean,0.4,3,3,0.2343934029340744,0.01295641902834177,0.035100117325782776,0.035100117325782776
annotated,Sora,ejcheon_632590268%2Fmd.mp4,patch_only,,0.1,0.9,same_grid_second_order,,,,,bottomk_mean,0.4,3,3,0.4729093015193939,0.16254417598247528,0.19358068704605103,0.19358068704605103
annotated,Sora,ekimsloan_971390084%2Fmd.mp4,patch_only,,0.1,0.9,same_grid_second_order,,,,,bottomk_mean,0.4,3,3,0.2614840865135193,0.03474676236510277,0.05742049589753151,0.05742049589753151
annotated,Sora,el-_429578756%2Fmd.mp4,patch_only,,0.1,0.9,same_grid_second_order,,,,,bottomk_mean,0.4,3,3,0.49823322892189026,0.06301531195640564,0.1065371036529541,0.1065371036529541
annotated,Sora,el_greco__247758180%2Fmd.mp4,patch_only,,0.1,0.9,same_grid_second_order,,,,,bottomk_mean,0.4,3,3,0.4352179169654846,0.3727915287017822,0.379034161567688,0.379034161567688
annotated,Sora,elfatal_664268356%2Fmd.mp4,patch_only,,0.1,0.9,same_grid_second_order,,,,,bottomk_mean,0.4,3,3,0.12485276907682419,0.03710247203707695,0.045877501368522644,0.045877501368522644
annotated,Sora,elimar1998_843811609%2Fmd.mp4,patch_only,,0.1,0.9,same_grid_second_order,,,,,bottomk_mean,0.4,3,3,0.3138987123966217,0.010011778213083744,0.04040047153830528,0.04040047153830528
annotated,Sora,eljaymesa_626766963%2Fmd.mp4,patch_only,,0.1,0.9,same_grid_second_order,,,,,bottomk_mean,0.4,3,3,0.2614840865135193,0.09069493412971497,0.10777384787797928,0.10777384787797928
annotated,Sora,ell123456_935419208%2Fmd.mp4,patch_only,,0.1,0.9,same_grid_second_order,,,,,bottomk_mean,0.4,3,3,0.15312132239341736,0.02826855145394802,0.04075382649898529,0.04075382649898529
annotated,Sora,elliotelliot_77430543%2Fmd.mp4,patch_only,,0.1,0.9,same_grid_second_order,,,,,bottomk_mean,0.4,3,3,0.11542991548776627,0.11660777032375336,0.11648999154567719,0.11648999154567719
annotated,Sora,elmikafebrina_187372913%2Fmd.mp4,patch_only,,0.1,0.9,same_grid_second_order,,,,,bottomk_mean,0.4,3,3,0.1560659557580948,0.10365135222673416,0.10889281332492828,0.10889281332492828
annotated,Sora,elmira97_594750276%2Fmd.mp4,patch_only,,0.1,0.9,same_grid_second_order,,,,,bottomk_mean,0.4,3,3,0.31861013174057007,0.1289752721786499,0.14793875813484192,0.14793875813484192
annotated,Sora,elrike_953310629%2Fmd.mp4,patch_only,,0.1,0.9,same_grid_second_order,,,,,bottomk_mean,0.4,3,3,0.19493521749973297,0.02120141312479973,0.03857479244470596,0.03857479244470596
annotated,Sora,elt16_822368017%2Fmd.mp4,patch_only,,0.1,0.9,same_grid_second_order,,,,,bottomk_mean,0.4,3,3,0.08244994282722473,0.005300353281199932,0.013015312142670155,0.013015312142670155
annotated,Sora,enesronaldo_92355579%2Fmd.mp4,patch_only,,0.1,0.9,same_grid_second_order,,,,,bottomk_mean,0.4,3,3,0.23792697489261627,0.010011778213083744,0.03280329704284668,0.03280329704284668
annotated,Sora,englisheasystudy_728504513%2Fmd.mp4,patch_only,,0.1,0.9,same_grid_second_order,,,,,bottomk_mean,0.4,3,3,0.31330978870391846,0.16902238130569458,0.1834511160850525,0.1834511160850525
annotated,Sora,erg01_946601838%2Fmd.mp4,patch_only,,0.1,0.9,same_grid_second_order,,,,,bottomk_mean,0.4,3,3,0.09599529206752777,0.4352179169654846,0.40129563212394714,0.40129563212394714
annotated,Sora,erhaudan_watermarked.mp4,patch_only,,0.1,0.9,same_grid_second_order,,,,,bottomk_mean,0.4,3,3,0.10482921451330185,0.24676088988780975,0.23256772756576538,0.23256772756576538
annotated,Sora,ericbinek_280719355%2Fmd.mp4,patch_only,,0.1,0.9,same_grid_second_order,,,,,bottomk_mean,0.4,3,3,0.2485276758670807,0.0023557126987725496,0.026972908526659012,0.026972908526659012
annotated,Sora,erichsentax_61247407%2Fmd.mp4,patch_only,,0.1,0.9,same_grid_second_order,,,,,bottomk_mean,0.4,3,3,0.5353356599807739,0.07184923440217972,0.11819788068532944,0.11819788068532944
annotated,Sora,erickibarra_55706887%2Fmd.mp4,patch_only,,0.1,0.9,same_grid_second_order,,,,,bottomk_mean,0.4,3,3,0.10482921451330185,0.04534746706485748,0.05129564180970192,0.05129564180970192
annotated,Sora,escheer_817543978%2Fmd.mp4,patch_only,,0.1,0.9,same_grid_second_order,,,,,bottomk_mean,0.4,3,3,0.09658421576023102,0.06360424309968948,0.06690223515033722,0.06690223515033722
annotated,Sora,essilon_437013608%2Fmd.mp4,patch_only,,0.1,0.9,same_grid_second_order,,,,,bottomk_mean,0.4,3,3,0.2149587720632553,0.11307420581579208,0.12326265871524811,0.12326265871524811
annotated,Sora,eth1270_932415528%2Fmd.mp4,patch_only,,0.1,0.9,same_grid_second_order,,,,,bottomk_mean,0.4,3,3,0.002944640815258026,0.012367491610348225,0.011425206437706947,0.011425206437706947
annotated,Sora,eumpage_977590453%2Fmd.mp4,patch_only,,0.1,0.9,same_grid_second_order,,,,,bottomk_mean,0.4,3,3,0.04181389883160591,0.007656065747141838,0.01107184961438179,0.01107184961438179
annotated,Sora,eun99_457380646%2Fmd.mp4,patch_only,,0.1,0.9,same_grid_second_order,,,,,bottomk_mean,0.4,3,3,0.18080094456672668,0.0035335689317435026,0.021260306239128113,0.021260306239128113
annotated,Sora,evilinvaders1111_388954648%2Fmd.mp4,patch_only,,0.1,0.9,same_grid_second_order,,,,,bottomk_mean,0.4,3,3,0.040047112852334976,0.01295641902834177,0.015665488317608833,0.015665488317608833
annotated,Sora,exdono_252662804%2Fmd.mp4,patch_only,,0.1,0.9,same_grid_second_order,,,,,bottomk_mean,0.4,3,3,0.004122497048228979,0.0017667844658717513,0.002002355642616749,0.002002355642616749
annotated,Sora,fafhan_707005490%2Fmd.mp4,patch_only,,0.1,0.9,same_grid_second_order,,,,,bottomk_mean,0.4,3,3,0.08892814815044403,0.02473498322069645,0.031154299154877663,0.031154299154877663
annotated,Sora,fahris_25057194%2Fmd.mp4,patch_only,,0.1,0.9,same_grid_second_order,,,,,bottomk_mean,0.4,3,3,0.02237926982343197,0.01295641902834177,0.013898704200983047,0.013898704200983047
annotated,Sora,fan66666_402617482%2Fmd.mp4,patch_only,,0.1,0.9,same_grid_second_order,,,,,bottomk_mean,0.4,3,3,0.20730270445346832,0.06183745712041855,0.07638397812843323,0.07638397812843323
annotated,Sora,fancy009_312071336%2Fmd.mp4,patch_only,,0.1,0.9,same_grid_second_order,,,,,bottomk_mean,0.4,3,3,0.09305065125226974,0.020612485706806183,0.02785630151629448,0.02785630151629448
annotated,Sora,fantaran_543574120%2Fmd.mp4,patch_only,,0.1,0.9,same_grid_second_order,,,,,bottomk_mean,0.4,3,3,0.2226148396730423,0.09717314690351486,0.10971731692552567,0.10971731692552567
annotated,Sora,fantasycat_01_810810314%2Fmd.mp4,patch_only,,0.1,0.9,same_grid_second_order,,,,,bottomk_mean,0.4,3,3,0.03945818543434143,0.010600706562399864,0.013486454263329506,0.013486454263329506
annotated,Sora,farzanaabbas_768419170%2Fmd.mp4,patch_only,,0.1,0.9,same_grid_second_order,,,,,bottomk_mean,0.4,3,3,0.23380447924137115,0.11896348744630814,0.13044758141040802,0.13044758141040802
annotated,Sora,fashionnat_360058630%2Fmd.mp4,patch_only,,0.1,0.9,same_grid_second_order,,,,,bottomk_mean,0.4,3,3,0.08892814815044403,0.040047112852334976,0.04493521898984909,0.04493521898984909
annotated,Sora,fatherratner_5665659%2Fmd.mp4,patch_only,,0.1,0.9,same_grid_second_order,,,,,bottomk_mean,0.4,3,3,0.04593639448285103,0.17608951032161713,0.16307421028614044,0.16307421028614044
annotated,Sora,fathersunite_782861915%2Fmd.mp4,patch_only,,0.1,0.9,same_grid_second_order,,,,,bottomk_mean,0.4,3,3,0.16254417598247528,0.11189635097980499,0.11696112900972366,0.11696112900972366
annotated,Sora,faultiergpt_980305976%2Fmd.mp4,patch_only,,0.1,0.9,same_grid_second_order,,,,,bottomk_mean,0.4,3,3,0.2055359184741974,0.002944640815258026,0.023203769698739052,0.023203769698739052
annotated,Sora,fccor_910543542%2Fmd.mp4,patch_only,,0.1,0.9,same_grid_second_order,,,,,bottomk_mean,0.4,3,3,0.062426384538412094,0.26737338304519653,0.24687868356704712,0.24687868356704712
annotated,Sora,fdfererrereer_659180772%2Fmd.mp4,patch_only,,0.1,0.9,same_grid_second_order,,,,,bottomk_mean,0.4,3,3,0.3244993984699249,0.3657243847846985,0.36160188913345337,0.36160188913345337
annotated,Sora,fdghhhhhhhhhhhg_999425854%2Fmd.mp4,patch_only,,0.1,0.9,same_grid_second_order,,,,,bottomk_mean,0.4,3,3,0.018845701590180397,0.0023557126987725496,0.004004711285233498,0.004004711285233498
annotated,Sora,fdsf4444_250289996%2Fmd.mp4,patch_only,,0.1,0.9,same_grid_second_order,,,,,bottomk_mean,0.4,3,3,0.06654888391494751,0.012367491610348225,0.017785629257559776,0.017785629257559776
annotated,Sora,fercc22_171870359%2Fmd.mp4,patch_only,,0.1,0.9,same_grid_second_order,,,,,bottomk_mean,0.4,3,3,0.39104828238487244,0.09717314690351486,0.12656065821647644,0.12656065821647644
annotated,Sora,ferdigan_963134811%2Fmd.mp4,patch_only,,0.1,0.9,same_grid_second_order,,,,,bottomk_mean,0.4,3,3,0.12603062391281128,0.043580684810876846,0.05182567611336708,0.05182567611336708
annotated,Sora,fff11232_181424113%2Fmd.mp4,patch_only,,0.1,0.9,same_grid_second_order,,,,,bottomk_mean,0.4,3,3,0.20494699478149414,0.017667844891548157,0.036395758390426636,0.036395758390426636
annotated,Sora,fgfgcv_869756281%2Fmd.mp4,patch_only,,0.1,0.9,same_grid_second_order,,,,,bottomk_mean,0.4,3,3,0.17137809097766876,0.005300353281199932,0.021908126771450043,0.021908126771450043
annotated,Sora,figolu69_675850694%2Fmd.mp4,patch_only,,0.1,0.9,same_grid_second_order,,,,,bottomk_mean,0.4,3,3,0.018845701590180397,0.0035335689317435026,0.005064782220870256,0.005064782220870256
annotated,Sora,figuriniste_663293400%2Fmd.mp4,patch_only,,0.1,0.9,same_grid_second_order,,,,,bottomk_mean,0.4,3,3,0.4063604176044464,0.01295641902834177,0.052296821027994156,0.052296821027994156
annotated,Sora,flash4bes_276602999%2Fmd.mp4,patch_only,,0.1,0.9,same_grid_second_order,,,,,bottomk_mean,0.4,3,3,0.29858657717704773,0.21024735271930695,0.21908126771450043,0.21908126771450043
annotated,Sora,flepp2025_603653671%2Fmd.mp4,patch_only,,0.1,0.9,same_grid_second_order,,,,,bottomk_mean,0.4,3,3,0.08186101168394089,0.043580684810876846,0.04740871489048004,0.04740871489048004
annotated,Sora,flexinfo_400707893%2Fmd.mp4,patch_only,,0.1,0.9,same_grid_second_order,,,,,bottomk_mean,0.4,3,3,0.6266195774078369,0.5441696047782898,0.55241459608078,0.55241459608078
annotated,Sora,flightsniper_75221103%2Fmd.mp4,patch_only,,0.1,0.9,same_grid_second_order,,,,,bottomk_mean,0.4,3,3,0.02709069475531578,0.08009422570466995,0.07479387521743774,0.07479387521743774
annotated,Sora,flip_ayub_26437661%2Fmd.mp4,patch_only,,0.1,0.9,same_grid_second_order,,,,,bottomk_mean,0.4,3,3,0.21201413869857788,0.0035335689317435026,0.024381624534726143,0.024381624534726143
annotated,Sora,focusneo_271191846%2Fmd.mp4,patch_only,,0.1,0.9,same_grid_second_order,,,,,bottomk_mean,0.4,3,3,0.05418138951063156,0.01295641902834177,0.017078915610909462,0.017078915610909462
annotated,Sora,foodsafety_hyd_18016140%2Fmd.mp4,patch_only,,0.1,0.9,same_grid_second_order,,,,,bottomk_mean,0.4,3,3,0.22084805369377136,0.16843345761299133,0.17367491126060486,0.17367491126060486
annotated,Sora,fordy09_751823083%2Fmd.mp4,patch_only,,0.1,0.9,same_grid_second_order,,,,,bottomk_mean,0.4,3,3,0.018845701590180397,0.02473498322069645,0.024146053940057755,0.024146053940057755
annotated,Sora,formanchristian_181030693%2Fmd.mp4,patch_only,,0.1,0.9,same_grid_second_order,,,,,bottomk_mean,0.4,3,3,0.5229681730270386,0.009422850795090199,0.06077738478779793,0.06077738478779793
annotated,Sora,fpersada_247716691%2Fmd.mp4,patch_only,,0.1,0.9,same_grid_second_order,,,,,bottomk_mean,0.4,3,3,0.14016489684581757,0.0924617201089859,0.09723203629255295,0.09723203629255295
annotated,Sora,francesco_1311_265110907%2Fmd.mp4,patch_only,,0.1,0.9,same_grid_second_order,,,,,bottomk_mean,0.4,3,3,0.29858657717704773,0.1289752721786499,0.14593639969825745,0.14593639969825745
annotated,Sora,franciscodelosssantos_174433028%2Fmd.mp4,patch_only,,0.1,0.9,same_grid_second_order,,,,,bottomk_mean,0.4,3,3,0.11778563261032104,0.011189634911715984,0.02184923365712166,0.02184923365712166
annotated,Sora,frazonline_75275353%2Fmd.mp4,patch_only,,0.1,0.9,same_grid_second_order,,,,,bottomk_mean,0.4,3,3,0.10836277902126312,0.011189634911715984,0.020906949415802956,0.020906949415802956
annotated,Sora,freakysl_41517390%2Fmd.mp4,patch_only,,0.1,0.9,same_grid_second_order,,,,,bottomk_mean,0.4,3,3,0.07479387521743774,0.07126030325889587,0.07161366194486618,0.07161366194486618
annotated,Sora,fredofredo72000_198087495%2Fmd.mp4,patch_only,,0.1,0.9,same_grid_second_order,,,,,bottomk_mean,0.4,3,3,0.16431094706058502,0.012367491610348225,0.027561837807297707,0.027561837807297707
annotated,Sora,fuego_frank_625157043%2Fmd.mp4,patch_only,,0.1,0.9,same_grid_second_order,,,,,bottomk_mean,0.4,3,3,0.017078915610909462,0.002944640815258026,0.004358068108558655,0.004358068108558655
annotated,Sora,fuki12_514209847%2Fmd.mp4,patch_only,,0.1,0.9,same_grid_second_order,,,,,bottomk_mean,0.4,3,3,0.27267372608184814,0.09069493412971497,0.10889281332492828,0.10889281332492828
annotated,Sora,fullife_972580013%2Fmd.mp4,patch_only,,0.1,0.9,same_grid_second_order,,,,,bottomk_mean,0.4,3,3,0.018845701590180397,0.0023557126987725496,0.004004711285233498,0.004004711285233498
annotated,Sora,fumiiioooi_723591708%2Fmd.mp4,patch_only,,0.1,0.9,same_grid_second_order,,,,,bottomk_mean,0.4,3,3,0.27797409892082214,0.02473498322069645,0.050058893859386444,0.050058893859386444
annotated,Sora,funfun92_984322707%2Fmd.mp4,patch_only,,0.1,0.9,same_grid_second_order,,,,,bottomk_mean,0.4,3,3,0.11248527467250824,0.017667844891548157,0.027149587869644165,0.027149587869644165
annotated,Sora,funnyglm_829411037%2Fmd.mp4,patch_only,,0.1,0.9,same_grid_second_order,,,,,bottomk_mean,0.4,3,3,0.018256772309541702,0.0005889281746931374,0.0023557126987725496,0.0023557126987725496
annotated,Sora,g4mbitt_251561056%2Fmd.mp4,patch_only,,0.1,0.9,same_grid_second_order,,,,,bottomk_mean,0.4,3,3,0.10482921451330185,0.1601884514093399,0.15465253591537476,0.15465253591537476
annotated,Sora,gaami_959348673%2Fmd.mp4,patch_only,,0.1,0.9,same_grid_second_order,,,,,bottomk_mean,0.4,3,3,0.002944640815258026,0.10306242853403091,0.09305065125226974,0.09305065125226974
annotated,Sora,gabrielc_203_695863521%2Fmd.mp4,patch_only,,0.1,0.9,same_grid_second_order,,,,,bottomk_mean,0.4,3,3,0.011189634911715984,0.01295641902834177,0.012779740616679192,0.012779740616679192
annotated,Sora,gaga12312343_160416655%2Fmd.mp4,patch_only,,0.1,0.9,same_grid_second_order,,,,,bottomk_mean,0.4,3,3,0.3268551230430603,0.10659599304199219,0.128621906042099,0.128621906042099
annotated,Sora,gaichan_594486512%2Fmd.mp4,patch_only,,0.1,0.9,same_grid_second_order,,,,,bottomk_mean,0.4,3,3,0.07479387521743774,0.0005889281746931374,0.008009422570466995,0.008009422570466995
annotated,Sora,ganchan_9658915%2Fmd.mp4,patch_only,,0.1,0.9,same_grid_second_order,,,,,bottomk_mean,0.4,3,3,0.20376914739608765,0.0924617201089859,0.10359246283769608,0.10359246283769608
annotated,Sora,gaotoon_149249433%2Fmd.mp4,patch_only,,0.1,0.9,same_grid_second_order,,,,,bottomk_mean,0.4,3,3,0.140753835439682,0.0035335689317435026,0.017255594953894615,0.017255594953894615
annotated,Sora,gapd6_21287967%2Fmd.mp4,patch_only,,0.1,0.9,same_grid_second_order,,,,,bottomk_mean,0.4,3,3,0.12956419587135315,0.028857478871941566,0.03892815113067627,0.03892815113067627
annotated,Sora,garotojoao_523972916%2Fmd.mp4,patch_only,,0.1,0.9,same_grid_second_order,,,,,bottomk_mean,0.4,3,3,0.21849234402179718,0.08951707929372787,0.10241460800170898,0.10241460800170898
annotated,Sora,gasuba-na-_342029579%2Fmd.mp4,patch_only,,0.1,0.9,same_grid_second_order,,,,,bottomk_mean,0.4,3,3,0.13604240119457245,0.043580684810876846,0.05282685533165932,0.05282685533165932
annotated,Sora,gauravsingh4268_942656298%2Fmd.mp4,patch_only,,0.1,0.9,same_grid_second_order,,,,,bottomk_mean,0.4,3,3,0.06478209793567657,0.08127208799123764,0.07962308824062347,0.07962308824062347
annotated,Sora,gclapham_544243996%2Fmd.mp4,patch_only,,0.1,0.9,same_grid_second_order,,,,,bottomk_mean,0.4,3,3,0.04416961222887039,0.020612485706806183,0.022968197241425514,0.022968197241425514
annotated,Sora,ge0rge89_777617921%2Fmd.mp4,patch_only,,0.1,0.9,same_grid_second_order,,,,,bottomk_mean,0.4,3,3,0.0,0.0005889281746931374,0.0005300353514030576,0.0005300353514030576
annotated,Sora,gelugu_377901294%2Fmd.mp4,patch_only,,0.1,0.9,same_grid_second_order,,,,,bottomk_mean,0.4,3,3,0.24793875217437744,0.09363957494497299,0.10906949639320374,0.10906949639320374
annotated,Sora,genesissoma_95768650%2Fmd.mp4,patch_only,,0.1,0.9,same_grid_second_order,,,,,bottomk_mean,0.4,3,3,0.034157831221818924,0.027679622173309326,0.028327444568276405,0.028327444568276405
annotated,Sora,genvideoki_188217267%2Fmd.mp4,patch_only,,0.1,0.9,same_grid_second_order,,,,,bottomk_mean,0.4,3,3,0.05653710290789604,0.1342756152153015,0.12650176882743835,0.12650176882743835
annotated,Sora,geoeira_262793738%2Fmd.mp4,patch_only,,0.1,0.9,same_grid_second_order,,,,,bottomk_mean,0.4,3,3,0.027679622173309326,0.0005889281746931374,0.0032979976385831833,0.0032979976385831833
annotated,Sora,geommakri_171957923%2Fmd.mp4,patch_only,,0.1,0.9,same_grid_second_order,,,,,bottomk_mean,0.4,3,3,0.018845701590180397,0.004122497048228979,0.005594817455857992,0.005594817455857992
annotated,Sora,geongangmi_731864692%2Fmd.mp4,patch_only,,0.1,0.9,same_grid_second_order,,,,,bottomk_mean,0.4,3,3,0.03474676236510277,0.01295641902834177,0.015135453082621098,0.015135453082621098
annotated,Sora,georgelivingstona_910043255%2Fmd.mp4,patch_only,,0.1,0.9,same_grid_second_order,,,,,bottomk_mean,0.4,3,3,0.1537102460861206,0.020023556426167488,0.033392224460840225,0.033392224460840225
annotated,Sora,gerald9_232921283%2Fmd.mp4,patch_only,,0.1,0.9,same_grid_second_order,,,,,bottomk_mean,0.4,3,3,0.16843345761299133,0.24911661446094513,0.24104829132556915,0.24104829132556915
annotated,Sora,gerardoki_377835783%2Fmd.mp4,patch_only,,0.1,0.9,same_grid_second_order,,,,,bottomk_mean,0.4,3,3,0.027679622173309326,0.0035335689317435026,0.005948174279183149,0.005948174279183149
annotated,Sora,gergelykovacs1983_739310197%2Fmd.mp4,patch_only,,0.1,0.9,same_grid_second_order,,,,,bottomk_mean,0.4,3,3,0.18904593586921692,0.0005889281746931374,0.019434629008173943,0.019434629008173943
annotated,Sora,germannick_86639057%2Fmd.mp4,patch_only,,0.1,0.9,same_grid_second_order,,,,,bottomk_mean,0.4,3,3,0.04063604399561882,0.008833922445774078,0.012014133855700493,0.012014133855700493
annotated,Sora,gerold61_788300290%2Fmd.mp4,patch_only,,0.1,0.9,same_grid_second_order,,,,,bottomk_mean,0.4,3,3,0.3374558389186859,0.41224971413612366,0.4047703146934509,0.4047703146934509
annotated,Sora,gertwilvenemagmailcom_455623523%2Fmd.mp4,patch_only,,0.1,0.9,same_grid_second_order,,,,,bottomk_mean,0.4,3,3,0.27679622173309326,0.038869258016347885,0.06266195327043533,0.06266195327043533
annotated,Sora,getwebbed_271519455%2Fmd.mp4,patch_only,,0.1,0.9,same_grid_second_order,,,,,bottomk_mean,0.4,3,3,0.018845701590180397,0.06301531195640564,0.0585983507335186,0.0585983507335186
annotated,Sora,gi4ma_714220672%2Fmd.mp4,patch_only,,0.1,0.9,same_grid_second_order,,,,,bottomk_mean,0.4,3,3,0.4723203778266907,0.018256772309541702,0.06366313248872757,0.06366313248872757
annotated,Sora,gigi0602_64830481%2Fmd.mp4,patch_only,,0.1,0.9,same_grid_second_order,,,,,bottomk_mean,0.4,3,3,0.020023556426167488,0.05653710290789604,0.0528857484459877,0.0528857484459877
annotated,Sora,gilmomedia_357265093%2Fmd.mp4,patch_only,,0.1,0.9,same_grid_second_order,,,,,bottomk_mean,0.4,3,3,0.13839811086654663,0.07184923440217972,0.07850412279367447,0.07850412279367447
annotated,Sora,gilstraussmecom_740624672%2Fmd.mp4,patch_only,,0.1,0.9,same_grid_second_order,,,,,bottomk_mean,0.4,3,3,0.38103652000427246,0.0005889281746931374,0.03863368555903435,0.03863368555903435
annotated,Sora,gimdonghun_320759929%2Fmd.mp4,patch_only,,0.1,0.9,same_grid_second_order,,,,,bottomk_mean,0.4,3,3,0.3981154263019562,0.698468804359436,0.668433427810669,0.668433427810669
annotated,Sora,gimlet5_643840082%2Fmd.mp4,patch_only,,0.1,0.9,same_grid_second_order,,,,,bottomk_mean,0.4,3,3,0.018845701590180397,0.0005889281746931374,0.0024146053474396467,0.0024146053474396467
annotated,Sora,gio199999_299397529%2Fmd.mp4,patch_only,,0.1,0.9,same_grid_second_order,,,,,bottomk_mean,0.4,3,3,0.0,0.0005889281746931374,0.0005300353514030576,0.0005300353514030576
annotated,Sora,giri1978_61831221%2Fmd.mp4,patch_only,,0.1,0.9,same_grid_second_order,,,,,bottomk_mean,0.4,3,3,0.18080094456672668,0.026501767337322235,0.04193168506026268,0.04193168506026268
annotated,Sora,giumafra_731864805%2Fmd.mp4,patch_only,,0.1,0.9,same_grid_second_order,,,,,bottomk_mean,0.4,3,3,0.24793875217437744,0.0035335689317435026,0.027974087744951248,0.027974087744951248
annotated,Sora,glum06_737807537%2Fmd.mp4,patch_only,,0.1,0.9,same_grid_second_order,,,,,bottomk_mean,0.4,3,3,0.3074204921722412,0.16725559532642365,0.18127208948135376,0.18127208948135376
annotated,Sora,gnah122_539420798%2Fmd.mp4,patch_only,,0.1,0.9,same_grid_second_order,,,,,bottomk_mean,0.4,3,3,0.06831566244363785,0.0035335689317435026,0.010011778213083744,0.010011778213083744
annotated,Sora,goalinn_867478110%2Fmd.mp4,patch_only,,0.1,0.9,same_grid_second_order,,,,,bottomk_mean,0.4,3,3,0.10070671141147614,0.020612485706806183,0.028621908277273178,0.028621908277273178
annotated,Sora,goe396_372727511%2Fmd.mp4,patch_only,,0.1,0.9,same_grid_second_order,,,,,bottomk_mean,0.4,3,3,0.06301531195640564,0.012367491610348225,0.01743227243423462,0.01743227243423462
annotated,Sora,goipon_326967631%2Fmd.mp4,patch_only,,0.1,0.9,same_grid_second_order,,,,,bottomk_mean,0.4,3,3,0.04181389883160591,0.3710247278213501,0.33810365200042725,0.33810365200042725
annotated,Sora,gokuygohan_582986112%2Fmd.mp4,patch_only,,0.1,0.9,same_grid_second_order,,,,,bottomk_mean,0.4,3,3,0.01472320407629013,0.24676088988780975,0.22355712950229645,0.22355712950229645
annotated,Sora,gongdonghui_157837114%2Fmd.mp4,patch_only,,0.1,0.9,same_grid_second_order,,,,,bottomk_mean,0.4,3,3,0.16195523738861084,0.005300353281199932,0.02096584253013134,0.02096584253013134
annotated,Sora,gorain_580903709%2Fmd.mp4,patch_only,,0.1,0.9,same_grid_second_order,,,,,bottomk_mean,0.4,3,3,0.11778563261032104,0.017667844891548157,0.027679622173309326,0.027679622173309326
annotated,Sora,gotham22143_255625921%2Fmd.mp4,patch_only,,0.1,0.9,same_grid_second_order,,,,,bottomk_mean,0.4,3,3,0.04534746706485748,0.10011778771877289,0.09464075416326523,0.09464075416326523
annotated,Sora,grandyy_456017468%2Fmd.mp4,patch_only,,0.1,0.9,same_grid_second_order,,,,,bottomk_mean,0.4,3,3,0.027679622173309326,0.036513544619083405,0.03563015162944794,0.03563015162944794
annotated,Sora,grimreaper_650_210975587%2Fmd.mp4,patch_only,,0.1,0.9,same_grid_second_order,,,,,bottomk_mean,0.4,3,3,0.15724381804466248,0.036513544619083405,0.04858657345175743,0.04858657345175743
annotated,Sora,grullmash_181079615%2Fmd.mp4,patch_only,,0.1,0.9,same_grid_second_order,,,,,bottomk_mean,0.4,3,3,0.11778563261032104,0.035335689783096313,0.043580684810876846,0.043580684810876846
annotated,Sora,grwo_652824664%2Fmd.mp4,patch_only,,0.1,0.9,same_grid_second_order,,,,,bottomk_mean,0.4,3,3,0.011778563261032104,0.0005889281746931374,0.0017078915843740106,0.0017078915843740106
annotated,Sora,gtsir_592899335%2Fmd.mp4,patch_only,,0.1,0.9,same_grid_second_order,,,,,bottomk_mean,0.4,3,3,0.3174322843551636,0.32744404673576355,0.3264428675174713,0.3264428675174713
annotated,Sora,gugeron_376915645%2Fmd.mp4,patch_only,,0.1,0.9,same_grid_second_order,,,,,bottomk_mean,0.4,3,3,0.47703179717063904,0.1342756152153015,0.1685512363910675,0.1685512363910675
annotated,Sora,gurmannnpreet_765593847%2Fmd.mp4,patch_only,,0.1,0.9,same_grid_second_order,,,,,bottomk_mean,0.4,3,3,0.01295641902834177,0.016489988192915916,0.01613663136959076,0.01613663136959076
annotated,Sora,gutoarruda123_617186063%2Fmd.mp4,patch_only,,0.1,0.9,same_grid_second_order,,,,,bottomk_mean,0.4,3,3,0.33627796173095703,0.0795053020119667,0.10518256574869156,0.10518256574869156
annotated,Sora,habithai_120013945%2Fmd.mp4,patch_only,,0.1,0.9,same_grid_second_order,,,,,bottomk_mean,0.4,3,3,0.48351001739501953,0.20259128510951996,0.23068316280841827,0.23068316280841827
annotated,Sora,hackcrack_468307879%2Fmd.mp4,patch_only,,0.1,0.9,same_grid_second_order,,,,,bottomk_mean,0.4,3,3,0.027679622173309326,0.030035335570573807,0.02979976497590542,0.02979976497590542
annotated,Sora,hain7_567128618%2Fmd.mp4,patch_only,,0.1,0.9,same_grid_second_order,,,,,bottomk_mean,0.4,3,3,0.2567726671695709,0.1107184886932373,0.12532390654087067,0.12532390654087067
annotated,Sora,halon3_433256855%2Fmd.mp4,patch_only,,0.1,0.9,same_grid_second_order,,,,,bottomk_mean,0.4,3,3,0.02237926982343197,0.0005889281746931374,0.0027679624035954475,0.0027679624035954475
annotated,Sora,hamnaz_830425429%2Fmd.mp4,patch_only,,0.1,0.9,same_grid_second_order,,,,,bottomk_mean,0.4,3,3,0.1925795078277588,0.020612485706806183,0.037809185683727264,0.037809185683727264
annotated,Sora,hang41_949506370%2Fmd.mp4,patch_only,,0.1,0.9,same_grid_second_order,,,,,bottomk_mean,0.4,3,3,0.06301531195640564,0.055948175489902496,0.05665488913655281,0.05665488913655281
annotated,Sora,hanjaejin_899894474%2Fmd.mp4,patch_only,,0.1,0.9,same_grid_second_order,,,,,bottomk_mean,0.4,3,3,0.09010601043701172,0.10011778771877289,0.09911660850048065,0.09911660850048065
annotated,Sora,hardyfan863_851916789%2Fmd.mp4,patch_only,,0.1,0.9,same_grid_second_order,,,,,bottomk_mean,0.4,3,3,0.24793875217437744,0.14899882674217224,0.15889281034469604,0.15889281034469604
annotated,Sora,hariviswanathan_952791628%2Fmd.mp4,patch_only,,0.1,0.9,same_grid_second_order,,,,,bottomk_mean,0.4,3,3,0.040047112852334976,0.038869258016347885,0.038987044245004654,0.038987044245004654
annotated,Sora,harunsinger_882862013%2Fmd.mp4,patch_only,,0.1,0.9,same_grid_second_order,,,,,bottomk_mean,0.4,3,3,0.04240282624959946,0.0,0.004240282811224461,0.004240282811224461
annotated,Sora,harusunshine_450175492%2Fmd.mp4,patch_only,,0.1,0.9,same_grid_second_order,,,,,bottomk_mean,0.4,3,3,0.6678445339202881,0.6383981108665466,0.6413427591323853,0.6413427591323853
annotated,Sora,harvenger_737845649%2Fmd.mp4,patch_only,,0.1,0.9,same_grid_second_order,,,,,bottomk_mean,0.4,3,3,0.004122497048228979,0.009422850795090199,0.008892814628779888,0.008892814628779888
annotated,Sora,harvestcovenant_201124291%2Fmd.mp4,patch_only,,0.1,0.9,same_grid_second_order,,,,,bottomk_mean,0.4,3,3,0.11778563261032104,0.07008244842290878,0.07485276460647583,0.07485276460647583
annotated,Sora,hasdaddy_170180644%2Fmd.mp4,patch_only,,0.1,0.9,same_grid_second_order,,,,,bottomk_mean,0.4,3,3,0.12720848619937897,0.026501767337322235,0.03657243773341179,0.03657243773341179
annotated,Sora,hass18_741450444%2Fmd.mp4,patch_only,,0.1,0.9,same_grid_second_order,,,,,bottomk_mean,0.4,3,3,0.09658421576023102,0.022968197241425514,0.03032979927957058,0.03032979927957058
annotated,Sora,hayodele_456014574%2Fmd.mp4,patch_only,,0.1,0.9,same_grid_second_order,,,,,bottomk_mean,0.4,3,3,0.034157831221818924,0.0023557126987725496,0.005535924807190895,0.005535924807190895
annotated,Sora,hbao_311792413%2Fmd.mp4,patch_only,,0.1,0.9,same_grid_second_order,,,,,bottomk_mean,0.4,3,3,0.02591283805668354,0.0035335689317435026,0.005771495867520571,0.005771495867520571
annotated,Sora,hebingcheng_94020428%2Fmd.mp4,patch_only,,0.1,0.9,same_grid_second_order,,,,,bottomk_mean,0.4,3,3,0.0795053020119667,0.009422850795090199,0.016431095078587532,0.016431095078587532
annotated,Sora,heinert_544304282%2Fmd.mp4,patch_only,,0.1,0.9,same_grid_second_order,,,,,bottomk_mean,0.4,3,3,0.0,0.007067137863487005,0.006360424216836691,0.006360424216836691
annotated,Sora,helegiel_306124228%2Fmd.mp4,patch_only,,0.1,0.9,same_grid_second_order,,,,,bottomk_mean,0.4,3,3,0.03945818543434143,0.010011778213083744,0.01295641902834177,0.01295641902834177
annotated,Sora,helen-of-troy_926105390%2Fmd.mp4,patch_only,,0.1,0.9,same_grid_second_order,,,,,bottomk_mean,0.4,3,3,0.42756184935569763,0.007067137863487005,0.04911660775542259,0.04911660775542259
annotated,Sora,heloo66_966200006%2Fmd.mp4,patch_only,,0.1,0.9,same_grid_second_order,,,,,bottomk_mean,0.4,3,3,0.12661954760551453,0.048881035298109055,0.05665488913655281,0.05665488913655281
annotated,Sora,hemak_723498806%2Fmd.mp4,patch_only,,0.1,0.9,same_grid_second_order,,,,,bottomk_mean,0.4,3,3,0.08539458364248276,0.061248525977134705,0.06366313248872757,0.06366313248872757
annotated,Sora,henry_hwang_775883289%2Fmd.mp4,patch_only,,0.1,0.9,same_grid_second_order,,,,,bottomk_mean,0.4,3,3,0.05064782127737999,0.002944640815258026,0.0077149588614702225,0.0077149588614702225
annotated,Sora,herkenhoffs_978975480%2Fmd.mp4,patch_only,,0.1,0.9,same_grid_second_order,,,,,bottomk_mean,0.4,3,3,0.3798586428165436,0.01295641902834177,0.04964664205908775,0.04964664205908775
annotated,Sora,hermanossoccer_55879464%2Fmd.mp4,patch_only,,0.1,0.9,same_grid_second_order,,,,,bottomk_mean,0.4,3,3,0.49175500869750977,0.031213192269206047,0.0772673711180687,0.0772673711180687
annotated,Sora,heryrason_401581354%2Fmd.mp4,patch_only,,0.1,0.9,same_grid_second_order,,,,,bottomk_mean,0.4,3,3,0.6890459656715393,0.21201413869857788,0.25971731543540955,0.25971731543540955
annotated,Sora,hestcreative_693511783%2Fmd.mp4,patch_only,,0.1,0.9,same_grid_second_order,,,,,bottomk_mean,0.4,3,3,0.1925795078277588,0.0005889281746931374,0.0197879858314991,0.0197879858314991
annotated,Sora,het1402_851608003%2Fmd.mp4,patch_only,,0.1,0.9,same_grid_second_order,,,,,bottomk_mean,0.4,3,3,0.0005889281746931374,0.0005889281746931374,0.0005889281746931374,0.0005889281746931374
annotated,Sora,hibeagle_537720141%2Fmd.mp4,patch_only,,0.1,0.9,same_grid_second_order,,,,,bottomk_mean,0.4,3,3,0.23027090728282928,0.05418138951063156,0.07179034501314163,0.07179034501314163
annotated,Sora,highbud_88989277%2Fmd.mp4,patch_only,,0.1,0.9,same_grid_second_order,,,,,bottomk_mean,0.4,3,3,0.2968197762966156,0.5117785334587097,0.49028268456459045,0.49028268456459045
annotated,Sora,hildengpt_485161972%2Fmd.mp4,patch_only,,0.1,0.9,same_grid_second_order,,,,,bottomk_mean,0.4,3,3,0.11660777032375336,0.036513544619083405,0.0445229671895504,0.0445229671895504
annotated,Sora,hinarino_786556878%2Fmd.mp4,patch_only,,0.1,0.9,same_grid_second_order,,,,,bottomk_mean,0.4,3,3,0.040047112852334976,0.0005889281746931374,0.004534746985882521,0.004534746985882521
annotated,Sora,hirobonstudio_234092156%2Fmd.mp4,patch_only,,0.1,0.9,same_grid_second_order,,,,,bottomk_mean,0.4,3,3,0.29093050956726074,0.04416961222887039,0.0688457041978836,0.0688457041978836
annotated,Sora,hirose0725_388456515%2Fmd.mp4,patch_only,,0.1,0.9,same_grid_second_order,,,,,bottomk_mean,0.4,3,3,0.28445228934288025,0.010011778213083744,0.037455830723047256,0.037455830723047256
annotated,Sora,hisashin1975_466060065%2Fmd.mp4,patch_only,,0.1,0.9,same_grid_second_order,,,,,bottomk_mean,0.4,3,3,0.372202605009079,0.17020022869110107,0.19040046632289886,0.19040046632289886
annotated,Sora,hit420_63888530%2Fmd.mp4,patch_only,,0.1,0.9,same_grid_second_order,,,,,bottomk_mean,0.4,3,3,0.33156654238700867,0.16902238130569458,0.1852767914533615,0.1852767914533615
annotated,Sora,hoevers_137565996%2Fmd.mp4,patch_only,,0.1,0.9,same_grid_second_order,,,,,bottomk_mean,0.4,3,3,0.006478209514170885,0.009422850795090199,0.009128386154770851,0.009128386154770851
annotated,Sora,holdenb000_511801582%2Fmd.mp4,patch_only,,0.1,0.9,same_grid_second_order,,,,,bottomk_mean,0.4,3,3,0.6919905543327332,0.010011778213083744,0.07820966094732285,0.07820966094732285
annotated,Sora,holliem_34475579%2Fmd.mp4,patch_only,,0.1,0.9,same_grid_second_order,,,,,bottomk_mean,0.4,3,3,0.0,0.002944640815258026,0.002650176640599966,0.002650176640599966
annotated,Sora,hollywood26_918417423%2Fmd.mp4,patch_only,,0.1,0.9,same_grid_second_order,,,,,bottomk_mean,0.4,3,3,0.016489988192915916,0.007067137863487005,0.008009422570466995,0.008009422570466995
annotated,Sora,holmes1685_676282149%2Fmd.mp4,patch_only,,0.1,0.9,same_grid_second_order,,,,,bottomk_mean,0.4,3,3,0.01295641902834177,0.0005889281746931374,0.0018256772309541702,0.0018256772309541702
annotated,Sora,hongjmd_341764284%2Fmd.mp4,patch_only,,0.1,0.9,same_grid_second_order,,,,,bottomk_mean,0.4,3,3,0.02591283805668354,0.0035335689317435026,0.005771495867520571,0.005771495867520571
annotated,Sora,honorable1_579788276%2Fmd.mp4,patch_only,,0.1,0.9,same_grid_second_order,,,,,bottomk_mean,0.4,3,3,0.038869258016347885,0.018845701590180397,0.02084805630147457,0.02084805630147457
annotated,Sora,hoosurdady45_479301729%2Fmd.mp4,patch_only,,0.1,0.9,same_grid_second_order,,,,,bottomk_mean,0.4,3,3,0.004122497048228979,0.017667844891548157,0.016313308849930763,0.016313308849930763
annotated,Sora,hrushiusername__718885808%2Fmd.mp4,patch_only,,0.1,0.9,same_grid_second_order,,,,,bottomk_mean,0.4,3,3,0.04829210788011551,0.01295641902834177,0.016489988192915916,0.016489988192915916
annotated,Sora,huettche_420044687%2Fmd.mp4,patch_only,,0.1,0.9,same_grid_second_order,,,,,bottomk_mean,0.4,3,3,0.015312131494283676,0.0017667844658717513,0.0031213192269206047,0.0031213192269206047
annotated,Sora,hugjklojl_369642332%2Fmd.mp4,patch_only,,0.1,0.9,same_grid_second_order,,,,,bottomk_mean,0.4,3,3,0.15429916977882385,0.04181389883160591,0.053062427788972855,0.053062427788972855
annotated,Sora,huhuhun_329010096%2Fmd.mp4,patch_only,,0.1,0.9,same_grid_second_order,,,,,bottomk_mean,0.4,3,3,0.0806831568479538,0.15253238379955292,0.145347461104393,0.145347461104393
annotated,Sora,hunchotest_114722156%2Fmd.mp4,patch_only,,0.1,0.9,same_grid_second_order,,,,,bottomk_mean,0.4,3,3,0.4469964802265167,0.06301531195640564,0.10141342878341675,0.10141342878341675
annotated,Sora,husseinalsafi_669032360%2Fmd.mp4,patch_only,,0.1,0.9,same_grid_second_order,,,,,bottomk_mean,0.4,3,3,0.12956419587135315,0.20141342282295227,0.19422850012779236,0.19422850012779236
annotated,Sora,huydat1_730838639%2Fmd.mp4,patch_only,,0.1,0.9,same_grid_second_order,,,,,bottomk_mean,0.4,3,3,0.21142520010471344,0.06595995277166367,0.08050648123025894,0.08050648123025894
annotated,Sora,iamabhijith_19213187%2Fmd.mp4,patch_only,,0.1,0.9,same_grid_second_order,,,,,bottomk_mean,0.4,3,3,0.13898704946041107,0.02473498322069645,0.0361601896584034,0.0361601896584034
annotated,Sora,iamjag_507663808%2Fmd.mp4,patch_only,,0.1,0.9,same_grid_second_order,,,,,bottomk_mean,0.4,3,3,0.16254417598247528,0.002944640815258026,0.018904592841863632,0.018904592841863632
annotated,Sora,iamkartikeya_908444902%2Fmd.mp4,patch_only,,0.1,0.9,same_grid_second_order,,,,,bottomk_mean,0.4,3,3,0.13133098185062408,0.062426384538412094,0.06931684166193008,0.06931684166193008
annotated,Sora,ibkdeep_945984265%2Fmd.mp4,patch_only,,0.1,0.9,same_grid_second_order,,,,,bottomk_mean,0.4,3,3,0.15665489435195923,0.028857478871941566,0.04163721948862076,0.04163721948862076
annotated,Sora,icc1_750454441%2Fmd.mp4,patch_only,,0.1,0.9,same_grid_second_order,,,,,bottomk_mean,0.4,3,3,0.15547703206539154,0.12779740989208221,0.13056537508964539,0.13056537508964539
annotated,Sora,icecube1415_716866809%2Fmd.mp4,patch_only,,0.1,0.9,same_grid_second_order,,,,,bottomk_mean,0.4,3,3,0.041224971413612366,0.06654888391494751,0.06401649117469788,0.06401649117469788
annotated,Sora,icjames_478524987%2Fmd.mp4,patch_only,,0.1,0.9,same_grid_second_order,,,,,bottomk_mean,0.4,3,3,0.31566548347473145,0.15253238379955292,0.16884569823741913,0.16884569823741913
annotated,Sora,ictoken_239589133%2Fmd.mp4,patch_only,,0.1,0.9,same_grid_second_order,,,,,bottomk_mean,0.4,3,3,0.07243816554546356,0.0005889281746931374,0.0077738515101373196,0.0077738515101373196
annotated,Sora,idayvuelta_405473922%2Fmd.mp4,patch_only,,0.1,0.9,same_grid_second_order,,,,,bottomk_mean,0.4,3,3,0.27915194630622864,0.10011778771877289,0.11802120506763458,0.11802120506763458
annotated,Sora,idbrg_893262572%2Fmd.mp4,patch_only,,0.1,0.9,same_grid_second_order,,,,,bottomk_mean,0.4,3,3,0.05535924434661865,0.017078915610909462,0.020906949415802956,0.020906949415802956
annotated,Sora,idealcollagen_816106618%2Fmd.mp4,patch_only,,0.1,0.9,same_grid_second_order,,,,,bottomk_mean,0.4,3,3,0.12720848619937897,0.06065959855914116,0.06731449067592621,0.06731449067592621
annotated,Sora,idhun_867370191%2Fmd.mp4,patch_only,,0.1,0.9,same_grid_second_order,,,,,bottomk_mean,0.4,3,3,0.17078916728496552,0.1837455779314041,0.18244993686676025,0.18244993686676025
annotated,Sora,idisonakaman_726288976%2Fmd.mp4,patch_only,,0.1,0.9,same_grid_second_order,,,,,bottomk_mean,0.4,3,3,0.020023556426167488,0.01295641902834177,0.013663132674992085,0.013663132674992085
annotated,Sora,iegjr_272062666%2Fmd.mp4,patch_only,,0.1,0.9,same_grid_second_order,,,,,bottomk_mean,0.4,3,3,0.0005889281746931374,0.0017667844658717513,0.0016489988192915916,0.0016489988192915916
annotated,Sora,ignastefanini_997678504%2Fmd.mp4,patch_only,,0.1,0.9,same_grid_second_order,,,,,bottomk_mean,0.4,3,3,0.16195523738861084,0.10011778771877289,0.10630153119564056,0.10630153119564056
annotated,Sora,ihvkjerh56_491647147%2Fmd.mp4,patch_only,,0.1,0.9,same_grid_second_order,,,,,bottomk_mean,0.4,3,3,0.03945818543434143,0.0035335689317435026,0.007126030512154102,0.007126030512154102
annotated,Sora,ilayis_728369313%2Fmd.mp4,patch_only,,0.1,0.9,same_grid_second_order,,,,,bottomk_mean,0.4,3,3,0.042991753667593,0.02591283805668354,0.02762073092162609,0.02762073092162609
annotated,Sora,ilhamiekrem_422156761%2Fmd.mp4,patch_only,,0.1,0.9,same_grid_second_order,,,,,bottomk_mean,0.4,3,3,0.03828033059835434,0.11248527467250824,0.10506477952003479,0.10506477952003479
annotated,Sora,illabo_468610594%2Fmd.mp4,patch_only,,0.1,0.9,same_grid_second_order,,,,,bottomk_mean,0.4,3,3,0.05477031692862511,0.01295641902834177,0.017137808725237846,0.017137808725237846
annotated,Sora,illilui_685099558%2Fmd.mp4,patch_only,,0.1,0.9,same_grid_second_order,,,,,bottomk_mean,0.4,3,3,0.2343934029340744,0.0677267387509346,0.08439340442419052,0.08439340442419052
annotated,Sora,ilya444222_607724229%2Fmd.mp4,patch_only,,0.1,0.9,same_grid_second_order,,,,,bottomk_mean,0.4,3,3,0.1537102460861206,0.06537102162837982,0.0742049440741539,0.0742049440741539
annotated,Sora,imageofsar_414834608%2Fmd.mp4,patch_only,,0.1,0.9,same_grid_second_order,,,,,bottomk_mean,0.4,3,3,0.036513544619083405,0.03239104896783829,0.03280329704284668,0.03280329704284668
annotated,Sora,imbalcarta_907739575%2Fmd.mp4,patch_only,,0.1,0.9,same_grid_second_order,,,,,bottomk_mean,0.4,3,3,0.020023556426167488,0.27561837434768677,0.2500588893890381,0.2500588893890381
annotated,Sora,imdaniel_329734093%2Fmd.mp4,patch_only,,0.1,0.9,same_grid_second_order,,,,,bottomk_mean,0.4,3,3,0.004122497048228979,0.008833922445774078,0.008362779393792152,0.008362779393792152
annotated,Sora,imgisthelimit_142190191%2Fmd.mp4,patch_only,,0.1,0.9,same_grid_second_order,,,,,bottomk_mean,0.4,3,3,0.30035334825515747,0.3256772756576538,0.3231448829174042,0.3231448829174042
annotated,Sora,imperialx_655252363%2Fmd.mp4,patch_only,,0.1,0.9,same_grid_second_order,,,,,bottomk_mean,0.4,3,3,0.15842166543006897,0.09422850608825684,0.10064782202243805,0.10064782202243805
annotated,Sora,infinitiserve_838517177%2Fmd.mp4,patch_only,,0.1,0.9,same_grid_second_order,,,,,bottomk_mean,0.4,3,3,0.1560659557580948,0.017667844891548157,0.03150765597820282,0.03150765597820282
annotated,Sora,infoslanakgmailcom_102521982%2Fmd.mp4,patch_only,,0.1,0.9,same_grid_second_order,,,,,bottomk_mean,0.4,3,3,0.04534746706485748,0.0035335689317435026,0.0077149588614702225,0.0077149588614702225
annotated,Sora,interopia_364231176%2Fmd.mp4,patch_only,,0.1,0.9,same_grid_second_order,,,,,bottomk_mean,0.4,3,3,0.04534746706485748,0.002944640815258026,0.007184923626482487,0.007184923626482487
annotated,Sora,inximkr_714238610%2Fmd.mp4,patch_only,,0.1,0.9,same_grid_second_order,,,,,bottomk_mean,0.4,3,3,0.08892814815044403,0.06360424309968948,0.06613662838935852,0.06613662838935852
annotated,Sora,ioannaiva_689278227%2Fmd.mp4,patch_only,,0.1,0.9,same_grid_second_order,,,,,bottomk_mean,0.4,3,3,0.4363957643508911,0.043580684810876846,0.08286219090223312,0.08286219090223312
annotated,Sora,ioh777_744392517%2Fmd.mp4,patch_only,,0.1,0.9,same_grid_second_order,,,,,bottomk_mean,0.4,3,3,0.006478209514170885,0.01295641902834177,0.01230859849601984,0.01230859849601984
annotated,Sora,ipman33_824593088%2Fmd.mp4,patch_only,,0.1,0.9,same_grid_second_order,,,,,bottomk_mean,0.4,3,3,0.171967014670372,0.01295641902834177,0.028857478871941566,0.028857478871941566
annotated,Sora,iris_77_533310116%2Fmd.mp4,patch_only,,0.1,0.9,same_grid_second_order,,,,,bottomk_mean,0.4,3,3,0.002944640815258026,0.0005889281746931374,0.0008244994096457958,0.0008244994096457958
annotated,Sora,irise2025_60511699%2Fmd.mp4,patch_only,,0.1,0.9,same_grid_second_order,,,,,bottomk_mean,0.4,3,3,0.15253238379955292,0.020023556426167488,0.033274441957473755,0.033274441957473755
annotated,Sora,irmatorres_137920054%2Fmd.mp4,patch_only,,0.1,0.9,same_grid_second_order,,,,,bottomk_mean,0.4,3,3,0.05653710290789604,0.0005889281746931374,0.006183745805174112,0.006183745805174112
annotated,Sora,isajose_466624048%2Fmd.mp4,patch_only,,0.1,0.9,same_grid_second_order,,,,,bottomk_mean,0.4,3,3,0.021790342405438423,0.02237926982343197,0.022320376709103584,0.022320376709103584
annotated,Sora,isapeace_290797384%2Fmd.mp4,patch_only,,0.1,0.9,same_grid_second_order,,,,,bottomk_mean,0.4,3,3,0.0023557126987725496,0.0005889281746931374,0.000765606586355716,0.000765606586355716
annotated,Sora,ishanmail28_484977411%2Fmd.mp4,patch_only,,0.1,0.9,same_grid_second_order,,,,,bottomk_mean,0.4,3,3,0.15194346010684967,0.017667844891548157,0.031095406040549278,0.031095406040549278
annotated,Sora,islaniamh_141446391%2Fmd.mp4,patch_only,,0.1,0.9,same_grid_second_order,,,,,bottomk_mean,0.4,3,3,0.08892814815044403,0.0035335689317435026,0.012073026970028877,0.012073026970028877
annotated,Sora,ism_122875593%2Fmd.mp4,patch_only,,0.1,0.9,same_grid_second_order,,,,,bottomk_mean,0.4,3,3,0.291519433259964,0.03828033059835434,0.06360424309968948,0.06360424309968948
annotated,Sora,itscarlosrios_248447563%2Fmd.mp4,patch_only,,0.1,0.9,same_grid_second_order,,,,,bottomk_mean,0.4,3,3,0.02591283805668354,0.002944640815258026,0.005241460632532835,0.005241460632532835
annotated,Sora,itsokbutno_271983187%2Fmd.mp4,patch_only,,0.1,0.9,same_grid_second_order,,,,,bottomk_mean,0.4,3,3,0.004122497048228979,0.01295641902834177,0.012073026970028877,0.012073026970028877
annotated,Sora,itzbeckz_470277008%2Fmd.mp4,patch_only,,0.1,0.9,same_grid_second_order,,,,,bottomk_mean,0.4,3,3,0.35983508825302124,0.39281508326530457,0.38951706886291504,0.38951706886291504
annotated,Sora,ivanivanivan1_309324009%2Fmd.mp4,patch_only,,0.1,0.9,same_grid_second_order,,,,,bottomk_mean,0.4,3,3,0.06183745712041855,0.15135453641414642,0.14240282773971558,0.14240282773971558
annotated,Sora,j_lock55_626070219%2Fmd.mp4,patch_only,,0.1,0.9,same_grid_second_order,,,,,bottomk_mean,0.4,3,3,0.04181389883160591,0.009422850795090199,0.012661955319344997,0.012661955319344997
annotated,Sora,jackadhd_344785515%2Fmd.mp4,patch_only,,0.1,0.9,same_grid_second_order,,,,,bottomk_mean,0.4,3,3,0.016489988192915916,0.0017667844658717513,0.0032391047570854425,0.0032391047570854425
annotated,Sora,jackhipins_649721170%2Fmd.mp4,patch_only,,0.1,0.9,same_grid_second_order,,,,,bottomk_mean,0.4,3,3,0.004122497048228979,0.01295641902834177,0.012073026970028877,0.012073026970028877
annotated,Sora,jacksk_701698230%2Fmd.mp4,patch_only,,0.1,0.9,same_grid_second_order,,,,,bottomk_mean,0.4,3,3,0.027679622173309326,0.009422850795090199,0.011248528026044369,0.011248528026044369
annotated,Sora,jademagnum_watermarked.mp4,patch_only,,0.1,0.9,same_grid_second_order,,,,,bottomk_mean,0.4,3,3,0.022968197241425514,0.05064782127737999,0.04787985980510712,0.04787985980510712
annotated,Sora,jaimetrevino_430286853%2Fmd.mp4,patch_only,,0.1,0.9,same_grid_second_order,,,,,bottomk_mean,0.4,3,3,0.0,0.0005889281746931374,0.0005300353514030576,0.0005300353514030576
annotated,Sora,jairgf8_9552676%2Fmd.mp4,patch_only,,0.1,0.9,same_grid_second_order,,,,,bottomk_mean,0.4,3,3,0.30035334825515747,0.10895171016454697,0.12809187173843384,0.12809187173843384
annotated,Sora,jallday_720591041%2Fmd.mp4,patch_only,,0.1,0.9,same_grid_second_order,,,,,bottomk_mean,0.4,3,3,0.12544170022010803,0.05418138951063156,0.06130741909146309,0.06130741909146309
annotated,Sora,jam14_414903139%2Fmd.mp4,patch_only,,0.1,0.9,same_grid_second_order,,,,,bottomk_mean,0.4,3,3,0.018845701590180397,0.009422850795090199,0.010365135036408901,0.010365135036408901
annotated,Sora,janellea_292080081%2Fmd.mp4,patch_only,,0.1,0.9,same_grid_second_order,,,,,bottomk_mean,0.4,3,3,0.4893992841243744,0.16843345761299133,0.2005300372838974,0.2005300372838974
annotated,Sora,janjan20_700688902%2Fmd.mp4,patch_only,,0.1,0.9,same_grid_second_order,,,,,bottomk_mean,0.4,3,3,0.05535924434661865,0.0023557126987725496,0.007656065747141838,0.007656065747141838
annotated,Sora,janzuary_487873408%2Fmd.mp4,patch_only,,0.1,0.9,same_grid_second_order,,,,,bottomk_mean,0.4,3,3,0.027679622173309326,0.018256772309541702,0.019199058413505554,0.019199058413505554
annotated,Sora,jason564_573757719%2Fmd.mp4,patch_only,,0.1,0.9,same_grid_second_order,,,,,bottomk_mean,0.4,3,3,0.052414607256650925,0.008833922445774078,0.013191990554332733,0.013191990554332733
annotated,Sora,jason_0112_999326806%2Fmd.mp4,patch_only,,0.1,0.9,same_grid_second_order,,,,,bottomk_mean,0.4,3,3,0.08951707929372787,0.04063604399561882,0.045524146407842636,0.045524146407842636
annotated,Sora,jasonrink_398413126%2Fmd.mp4,patch_only,,0.1,0.9,same_grid_second_order,,,,,bottomk_mean,0.4,3,3,0.0023557126987725496,0.0005889281746931374,0.000765606586355716,0.000765606586355716
annotated,Sora,jauntybadger_159865527%2Fmd.mp4,patch_only,,0.1,0.9,same_grid_second_order,,,,,bottomk_mean,0.4,3,3,0.3374558389186859,0.2514723241329193,0.26007068157196045,0.26007068157196045
annotated,Sora,jax0817_386768246%2Fmd.mp4,patch_only,,0.1,0.9,same_grid_second_order,,,,,bottomk_mean,0.4,3,3,0.03945818543434143,0.004122497048228979,0.007656065747141838,0.007656065747141838
annotated,Sora,jaydenliu99_712857750%2Fmd.mp4,patch_only,,0.1,0.9,same_grid_second_order,,,,,bottomk_mean,0.4,3,3,0.01295641902834177,0.03180212154984474,0.029917549341917038,0.029917549341917038
annotated,Sora,jayvillaver78_804808830%2Fmd.mp4,patch_only,,0.1,0.9,same_grid_second_order,,,,,bottomk_mean,0.4,3,3,0.04181389883160591,0.07891637086868286,0.07520612329244614,0.07520612329244614
annotated,Sora,jazbean_610517503%2Fmd.mp4,patch_only,,0.1,0.9,same_grid_second_order,,,,,bottomk_mean,0.4,3,3,0.03592461720108986,0.0005889281746931374,0.004122497048228979,0.004122497048228979
annotated,Sora,jazminedeluna__830573001%2Fmd.mp4,patch_only,,0.1,0.9,same_grid_second_order,,,,,bottomk_mean,0.4,3,3,0.216136634349823,0.09128386527299881,0.10376913845539093,0.10376913845539093
annotated,Sora,jbkcd_524956592%2Fmd.mp4,patch_only,,0.1,0.9,same_grid_second_order,,,,,bottomk_mean,0.4,3,3,0.08892814815044403,0.012367491610348225,0.020023556426167488,0.020023556426167488
annotated,Sora,jc2006_156122584%2Fmd.mp4,patch_only,,0.1,0.9,same_grid_second_order,,,,,bottomk_mean,0.4,3,3,0.027679622173309326,0.011189634911715984,0.012838633731007576,0.012838633731007576
annotated,Sora,jchrispin_668493906%2Fmd.mp4,patch_only,,0.1,0.9,same_grid_second_order,,,,,bottomk_mean,0.4,3,3,0.3604240417480469,0.037691403180360794,0.06996466219425201,0.06996466219425201
annotated,Sora,jct27_610742747%2Fmd.mp4,patch_only,,0.1,0.9,same_grid_second_order,,,,,bottomk_mean,0.4,3,3,0.0005889281746931374,0.005300353281199932,0.0048292106948792934,0.0048292106948792934
annotated,Sora,jeff1688_watermarked.mp4,patch_only,,0.1,0.9,same_grid_second_order,,,,,bottomk_mean,0.4,3,3,0.29387515783309937,0.010011778213083744,0.03839811682701111,0.03839811682701111
annotated,Sora,jeffk21_661425512%2Fmd.mp4,patch_only,,0.1,0.9,same_grid_second_order,,,,,bottomk_mean,0.4,3,3,0.06301531195640564,0.005300353281199932,0.01107184961438179,0.01107184961438179
annotated,Sora,jeffreyzou_775207158%2Fmd.mp4,patch_only,,0.1,0.9,same_grid_second_order,,,,,bottomk_mean,0.4,3,3,0.39634865522384644,0.020612485706806183,0.05818610265851021,0.05818610265851021
annotated,Sora,jeonghuijeong_992609226%2Fmd.mp4,patch_only,,0.1,0.9,same_grid_second_order,,,,,bottomk_mean,0.4,3,3,0.22968198359012604,0.554770290851593,0.5222615003585815,0.5222615003585815
annotated,Sora,jeroenbas_704163635%2Fmd.mp4,patch_only,,0.1,0.9,same_grid_second_order,,,,,bottomk_mean,0.4,3,3,0.2903415858745575,0.004711425397545099,0.033274441957473755,0.033274441957473755
annotated,Sora,jesuschavito_811434120%2Fmd.mp4,patch_only,,0.1,0.9,same_grid_second_order,,,,,bottomk_mean,0.4,3,3,0.45877504348754883,0.07361602038145065,0.11213192343711853,0.11213192343711853
annotated,Sora,jesusfrustrado_296465501%2Fmd.mp4,patch_only,,0.1,0.9,same_grid_second_order,,,,,bottomk_mean,0.4,3,3,0.09599529206752777,0.18845701217651367,0.1792108416557312,0.1792108416557312
annotated,Sora,jesusinkerala_519686254%2Fmd.mp4,patch_only,,0.1,0.9,same_grid_second_order,,,,,bottomk_mean,0.4,3,3,0.10482921451330185,0.009422850795090199,0.018963485956192017,0.018963485956192017
annotated,Sora,jesustarrr_301218199%2Fmd.mp4,patch_only,,0.1,0.9,same_grid_second_order,,,,,bottomk_mean,0.4,3,3,0.08127208799123764,0.12544170022010803,0.1210247352719307,0.1210247352719307
annotated,Sora,jgs1992_706659641%2Fmd.mp4,patch_only,,0.1,0.9,same_grid_second_order,,,,,bottomk_mean,0.4,3,3,0.20376914739608765,0.036513544619083405,0.05323910340666771,0.05323910340666771
annotated,Sora,jhyjmi7_852417034%2Fmd.mp4,patch_only,,0.1,0.9,same_grid_second_order,,,,,bottomk_mean,0.4,3,3,0.24793875217437744,0.0005889281746931374,0.025323910638689995,0.025323910638689995
annotated,Sora,jiavansh_851258748%2Fmd.mp4,patch_only,,0.1,0.9,same_grid_second_order,,,,,bottomk_mean,0.4,3,3,0.02120141312479973,0.04240282624959946,0.040282685309648514,0.040282685309648514
annotated,Sora,jihea_639834535%2Fmd.mp4,patch_only,,0.1,0.9,same_grid_second_order,,,,,bottomk_mean,0.4,3,3,0.3462897539138794,0.16843345761299133,0.18621908128261566,0.18621908128261566
annotated,Sora,jildo420_674536644%2Fmd.mp4,patch_only,,0.1,0.9,same_grid_second_order,,,,,bottomk_mean,0.4,3,3,0.004711425397545099,0.020612485706806183,0.0190223790705204,0.0190223790705204
annotated,Sora,jimmyscat_182007748%2Fmd.mp4,patch_only,,0.1,0.9,same_grid_second_order,,,,,bottomk_mean,0.4,3,3,0.047703180462121964,0.020612485706806183,0.02332155406475067,0.02332155406475067
annotated,Sora,jimymukmin_137635841%2Fmd.mp4,patch_only,,0.1,0.9,same_grid_second_order,,,,,bottomk_mean,0.4,3,3,0.02237926982343197,0.011778563261032104,0.012838633731007576,0.012838633731007576
annotated,Sora,jin48mailru_24640877%2Fmd.mp4,patch_only,,0.1,0.9,same_grid_second_order,,,,,bottomk_mean,0.4,3,3,0.17491166293621063,0.20612485706806183,0.20300354063510895,0.20300354063510895
annotated,Sora,jindodddd_742210789%2Fmd.mp4,patch_only,,0.1,0.9,same_grid_second_order,,,,,bottomk_mean,0.4,3,3,0.004122497048228979,0.0035335689317435026,0.0035924618132412434,0.0035924618132412434
annotated,Sora,jinjinjeong_547063959%2Fmd.mp4,patch_only,,0.1,0.9,same_grid_second_order,,,,,bottomk_mean,0.4,3,3,0.3604240417480469,0.062426384538412094,0.09222614765167236,0.09222614765167236
annotated,Sora,jinnorix_511428509%2Fmd.mp4,patch_only,,0.1,0.9,same_grid_second_order,,,,,bottomk_mean,0.4,3,3,0.08009422570466995,0.1978798657655716,0.1861013025045395,0.1861013025045395
annotated,Sora,jjinsunglee6945_193019935%2Fmd.mp4,patch_only,,0.1,0.9,same_grid_second_order,,,,,bottomk_mean,0.4,3,3,0.007656065747141838,0.0017667844658717513,0.0023557126987725496,0.0023557126987725496
annotated,Sora,jk0019_135807324%2Fmd.mp4,patch_only,,0.1,0.9,same_grid_second_order,,,,,bottomk_mean,0.4,3,3,0.2149587720632553,0.14428739249706268,0.15135453641414642,0.15135453641414642
annotated,Sora,jlcjr1991_682835269%2Fmd.mp4,patch_only,,0.1,0.9,same_grid_second_order,,,,,bottomk_mean,0.4,3,3,0.15135453641414642,0.02826855145394802,0.040577150881290436,0.040577150881290436
annotated,Sora,jmallut_636554510%2Fmd.mp4,patch_only,,0.1,0.9,same_grid_second_order,,,,,bottomk_mean,0.4,3,3,0.02473498322069645,0.020023556426167488,0.020494699478149414,0.020494699478149414
annotated,Sora,jmth_488817098%2Fmd.mp4,patch_only,,0.1,0.9,same_grid_second_order,,,,,bottomk_mean,0.4,3,3,0.2850412130355835,0.038869258016347885,0.06348645687103271,0.06348645687103271
annotated,Sora,joansehi_867021446%2Fmd.mp4,patch_only,,0.1,0.9,same_grid_second_order,,,,,bottomk_mean,0.4,3,3,0.07832744717597961,0.018256772309541702,0.024263840168714523,0.024263840168714523
annotated,Sora,joaopedro6969_581170393%2Fmd.mp4,patch_only,,0.1,0.9,same_grid_second_order,,,,,bottomk_mean,0.4,3,3,0.036513544619083405,0.0005889281746931374,0.004181389696896076,0.004181389696896076
annotated,Sora,joecool306_471500784%2Fmd.mp4,patch_only,,0.1,0.9,same_grid_second_order,,,,,bottomk_mean,0.4,3,3,0.010600706562399864,0.004122497048228979,0.004770318046212196,0.004770318046212196
annotated,Sora,joel67_635869244%2Fmd.mp4,patch_only,,0.1,0.9,same_grid_second_order,,,,,bottomk_mean,0.4,3,3,0.08186101168394089,0.009422850795090199,0.01666666753590107,0.01666666753590107
annotated,Sora,joewillnauer_999425491%2Fmd.mp4,patch_only,,0.1,0.9,same_grid_second_order,,,,,bottomk_mean,0.4,3,3,0.06831566244363785,0.01295641902834177,0.01849234476685524,0.01849234476685524
annotated,Sora,johndouglas2025_885053332%2Fmd.mp4,patch_only,,0.1,0.9,same_grid_second_order,,,,,bottomk_mean,0.4,3,3,0.0,0.0,0.0,0.0
annotated,Sora,johntoso_16709113%2Fmd.mp4,patch_only,,0.1,0.9,same_grid_second_order,,,,,bottomk_mean,0.4,3,3,0.23616018891334534,0.02473498322069645,0.045877501368522644,0.045877501368522644
annotated,Sora,johnvanderpol_496241161%2Fmd.mp4,patch_only,,0.1,0.9,same_grid_second_order,,,,,bottomk_mean,0.4,3,3,0.21790342032909393,0.2691401541233063,0.2640164792537689,0.2640164792537689
annotated,Sora,johnwickerson_618482429%2Fmd.mp4,patch_only,,0.1,0.9,same_grid_second_order,,,,,bottomk_mean,0.4,3,3,0.7102473378181458,0.8244994282722473,0.8130742311477661,0.8130742311477661
annotated,Sora,jonas9x9_283347008%2Fmd.mp4,patch_only,,0.1,0.9,same_grid_second_order,,,,,bottomk_mean,0.4,3,3,0.002944640815258026,0.002944640815258026,0.002944640815258026,0.002944640815258026
annotated,Sora,jonejaidee_995969810%2Fmd.mp4,patch_only,,0.1,0.9,same_grid_second_order,,,,,bottomk_mean,0.4,3,3,0.02591283805668354,0.0,0.0025912837591022253,0.0025912837591022253
annotated,Sora,jonhliao_578945302%2Fmd.mp4,patch_only,,0.1,0.9,same_grid_second_order,,,,,bottomk_mean,0.4,3,3,0.018256772309541702,0.004122497048228979,0.005535924807190895,0.005535924807190895
annotated,Sora,jonstronglives_867833632%2Fmd.mp4,patch_only,,0.1,0.9,same_grid_second_order,,,,,bottomk_mean,0.4,3,3,0.21024735271930695,0.004711425397545099,0.02526501752436161,0.02526501752436161
annotated,Sora,joren111_304812655%2Fmd.mp4,patch_only,,0.1,0.9,same_grid_second_order,,,,,bottomk_mean,0.4,3,3,0.8345111608505249,0.5583038926124573,0.5859246253967285,0.5859246253967285
annotated,Sora,joseantonio71_614690824%2Fmd.mp4,patch_only,,0.1,0.9,same_grid_second_order,,,,,bottomk_mean,0.4,3,3,0.3686690330505371,0.43050646781921387,0.4243227243423462,0.4243227243423462
annotated,Sora,josefo28_watermarked.mp4,patch_only,,0.1,0.9,same_grid_second_order,,,,,bottomk_mean,0.4,3,3,0.020023556426167488,0.17137809097766876,0.15624263882637024,0.15624263882637024
annotated,Sora,joseluisperezmolinero_915724720%2Fmd.mp4,patch_only,,0.1,0.9,same_grid_second_order,,,,,bottomk_mean,0.4,3,3,0.02473498322069645,0.0005889281746931374,0.003003533463925123,0.003003533463925123
annotated,Sora,josemirmoura_421852191%2Fmd.mp4,patch_only,,0.1,0.9,same_grid_second_order,,,,,bottomk_mean,0.4,3,3,0.3280329704284668,0.09069493412971497,0.11442873626947403,0.11442873626947403
annotated,Sora,josetorres21_990373300%2Fmd.mp4,patch_only,,0.1,0.9,same_grid_second_order,,,,,bottomk_mean,0.4,3,3,0.01472320407629013,0.007067137863487005,0.007832744158804417,0.007832744158804417
annotated,Sora,joshbuoni_943173441%2Fmd.mp4,patch_only,,0.1,0.9,same_grid_second_order,,,,,bottomk_mean,0.4,3,3,0.02237926982343197,0.01295641902834177,0.013898704200983047,0.013898704200983047
annotated,Sora,joshivishal2050_383975949%2Fmd.mp4,patch_only,,0.1,0.9,same_grid_second_order,,,,,bottomk_mean,0.4,3,3,0.030035335570573807,0.0017667844658717513,0.004593639634549618,0.004593639634549618
annotated,Sora,joy1509_887794620%2Fmd.mp4,patch_only,,0.1,0.9,same_grid_second_order,,,,,bottomk_mean,0.4,3,3,0.21201413869857788,0.04534746706485748,0.0620141327381134,0.0620141327381134
annotated,Sora,joyfuljourneyparenting_424442081%2Fmd.mp4,patch_only,,0.1,0.9,same_grid_second_order,,,,,bottomk_mean,0.4,3,3,0.2968197762966156,0.1537102460861206,0.16802120208740234,0.16802120208740234
annotated,Sora,jphil16_592195217%2Fmd.mp4,patch_only,,0.1,0.9,same_grid_second_order,,,,,bottomk_mean,0.4,3,3,0.08303886651992798,0.053592462092638016,0.05653710290789604,0.05653710290789604
annotated,Sora,jr122202_960987041%2Fmd.mp4,patch_only,,0.1,0.9,same_grid_second_order,,,,,bottomk_mean,0.4,3,3,0.17667844891548157,0.13604240119457245,0.14010600745677948,0.14010600745677948
annotated,Sora,jugaldesai_637915109%2Fmd.mp4,patch_only,,0.1,0.9,same_grid_second_order,,,,,bottomk_mean,0.4,3,3,0.16372202336788177,0.10365135222673416,0.10965842008590698,0.10965842008590698
annotated,Sora,juice126_679243754%2Fmd.mp4,patch_only,,0.1,0.9,same_grid_second_order,,,,,bottomk_mean,0.4,3,3,0.359246164560318,0.1236749142408371,0.1472320407629013,0.1472320407629013
annotated,Sora,juio8998_432147229%2Fmd.mp4,patch_only,,0.1,0.9,same_grid_second_order,,,,,bottomk_mean,0.4,3,3,0.13368669152259827,0.27915194630622864,0.26460543274879456,0.26460543274879456
annotated,Sora,juju_6_194870880%2Fmd.mp4,patch_only,,0.1,0.9,same_grid_second_order,,,,,bottomk_mean,0.4,3,3,0.0005889281746931374,0.0035335689317435026,0.0032391047570854425,0.0032391047570854425
annotated,Sora,julana137_905108568%2Fmd.mp4,patch_only,,0.1,0.9,same_grid_second_order,,,,,bottomk_mean,0.4,3,3,0.017078915610909462,0.0005889281746931374,0.002237926935777068,0.002237926935777068
annotated,Sora,juli3n93_126049668%2Fmd.mp4,patch_only,,0.1,0.9,same_grid_second_order,,,,,bottomk_mean,0.4,3,3,0.17078916728496552,0.06301531195640564,0.07379269599914551,0.07379269599914551
annotated,Sora,julia66_865292154%2Fmd.mp4,patch_only,,0.1,0.9,same_grid_second_order,,,,,bottomk_mean,0.4,3,3,0.02237926982343197,0.010011778213083744,0.011248528026044369,0.011248528026044369
annotated,Sora,julianna366_840879800%2Fmd.mp4,patch_only,,0.1,0.9,same_grid_second_order,,,,,bottomk_mean,0.4,3,3,0.0,0.0005889281746931374,0.0005300353514030576,0.0005300353514030576
annotated,Sora,julilll_527536976%2Fmd.mp4,patch_only,,0.1,0.9,same_grid_second_order,,,,,bottomk_mean,0.4,3,3,0.11012956500053406,0.05300353467464447,0.05871613696217537,0.05871613696217537
annotated,Sora,junaidali62_184120014%2Fmd.mp4,patch_only,,0.1,0.9,same_grid_second_order,,,,,bottomk_mean,0.4,3,3,0.1054181382060051,0.08833922445774078,0.09004711359739304,0.09004711359739304
annotated,Sora,june7777_362269320%2Fmd.mp4,patch_only,,0.1,0.9,same_grid_second_order,,,,,bottomk_mean,0.4,3,3,0.5848056674003601,0.23144876956939697,0.2667844593524933,0.2667844593524933
annotated,Sora,juneyjay_925085337%2Fmd.mp4,patch_only,,0.1,0.9,same_grid_second_order,,,,,bottomk_mean,0.4,3,3,0.0,0.0035335689317435026,0.0031802121084183455,0.0031802121084183455
annotated,Sora,junghyang_152370562%2Fmd.mp4,patch_only,,0.1,0.9,same_grid_second_order,,,,,bottomk_mean,0.4,3,3,0.07479387521743774,0.01295641902834177,0.01914016529917717,0.01914016529917717
annotated,Sora,junjiyang_685124968%2Fmd.mp4,patch_only,,0.1,0.9,same_grid_second_order,,,,,bottomk_mean,0.4,3,3,0.01295641902834177,0.024146053940057755,0.0230270903557539,0.0230270903557539
annotated,Sora,junsei0421_325886516%2Fmd.mp4,patch_only,,0.1,0.9,same_grid_second_order,,,,,bottomk_mean,0.4,3,3,0.09128386527299881,0.06183745712041855,0.06478209793567657,0.06478209793567657
annotated,Sora,junz2_156186885%2Fmd.mp4,patch_only,,0.1,0.9,same_grid_second_order,,,,,bottomk_mean,0.4,3,3,0.07773851603269577,0.0005889281746931374,0.008303887210786343,0.008303887210786343
annotated,Sora,juseoklee_402883065%2Fmd.mp4,patch_only,,0.1,0.9,same_grid_second_order,,,,,bottomk_mean,0.4,3,3,0.4140164852142334,0.10365135222673416,0.1346878707408905,0.1346878707408905
annotated,Sora,justinstanelle_17844808%2Fmd.mp4,patch_only,,0.1,0.9,same_grid_second_order,,,,,bottomk_mean,0.4,3,3,0.03356890380382538,0.0005889281746931374,0.0038869257550686598,0.0038869257550686598
annotated,Sora,jwieyiu_805528075%2Fmd.mp4,patch_only,,0.1,0.9,same_grid_second_order,,,,,bottomk_mean,0.4,3,3,0.02120141312479973,0.010600706562399864,0.011660777032375336,0.011660777032375336
annotated,Sora,k0tyaara_281920107%2Fmd.mp4,patch_only,,0.1,0.9,same_grid_second_order,,,,,bottomk_mean,0.4,3,3,0.16195523738861084,0.010600706562399864,0.025736160576343536,0.025736160576343536
annotated,Sora,k4eeo_3158243%2Fmd.mp4,patch_only,,0.1,0.9,same_grid_second_order,,,,,bottomk_mean,0.4,3,3,0.010011778213083744,0.005300353281199932,0.005771495867520571,0.005771495867520571
annotated,Sora,k8from2n_663197102%2Fmd.mp4,patch_only,,0.1,0.9,same_grid_second_order,,,,,bottomk_mean,0.4,3,3,0.22025913000106812,0.0035335689317435026,0.025206124410033226,0.025206124410033226
annotated,Sora,k_benas_985917767%2Fmd.mp4,patch_only,,0.1,0.9,same_grid_second_order,,,,,bottomk_mean,0.4,3,3,0.012367491610348225,0.026501767337322235,0.025088340044021606,0.025088340044021606
annotated,Sora,k_sim_587049355%2Fmd.mp4,patch_only,,0.1,0.9,same_grid_second_order,,,,,bottomk_mean,0.4,3,3,0.07773851603269577,0.004122497048228979,0.011484098620712757,0.011484098620712757
annotated,Sora,kakehashi_369955668%2Fmd.mp4,patch_only,,0.1,0.9,same_grid_second_order,,,,,bottomk_mean,0.4,3,3,0.6171966791152954,0.08716136962175369,0.14016489684581757,0.14016489684581757
annotated,Sora,kalantara_india_624342825%2Fmd.mp4,patch_only,,0.1,0.9,same_grid_second_order,,,,,bottomk_mean,0.4,3,3,0.19729092717170715,0.14605417847633362,0.15117785334587097,0.15117785334587097
annotated,Sora,kamonratsiam_565557352%2Fmd.mp4,patch_only,,0.1,0.9,same_grid_second_order,,,,,bottomk_mean,0.4,3,3,0.03297997638583183,0.017667844891548157,0.019199058413505554,0.019199058413505554
annotated,Sora,kanon0707_322281649%2Fmd.mp4,patch_only,,0.1,0.9,same_grid_second_order,,,,,bottomk_mean,0.4,3,3,0.2903415858745575,0.9375736117362976,0.8728504180908203,0.8728504180908203
annotated,Sora,kanpisit212_845190426%2Fmd.mp4,patch_only,,0.1,0.9,same_grid_second_order,,,,,bottomk_mean,0.4,3,3,0.006478209514170885,0.0035335689317435026,0.003828032873570919,0.003828032873570919
annotated,Sora,kapten04_583390041%2Fmd.mp4,patch_only,,0.1,0.9,same_grid_second_order,,,,,bottomk_mean,0.4,3,3,0.23733805119991302,0.291519433259964,0.2861012816429138,0.2861012816429138
annotated,Sora,karam900_963851082%2Fmd.mp4,patch_only,,0.1,0.9,same_grid_second_order,,,,,bottomk_mean,0.4,3,3,0.30506476759910583,0.15253238379955292,0.1677856296300888,0.1677856296300888
annotated,Sora,kawaks_900269071%2Fmd.mp4,patch_only,,0.1,0.9,same_grid_second_order,,,,,bottomk_mean,0.4,3,3,0.08127208799123764,0.007067137863487005,0.014487632550299168,0.014487632550299168
annotated,Sora,kazuhide28_40941955%2Fmd.mp4,patch_only,,0.1,0.9,same_grid_second_order,,,,,bottomk_mean,0.4,3,3,0.020023556426167488,0.0005889281746931374,0.002532391110435128,0.002532391110435128
annotated,Sora,kazuma3_180419351%2Fmd.mp4,patch_only,,0.1,0.9,same_grid_second_order,,,,,bottomk_mean,0.4,3,3,0.0,0.011778563261032104,0.010600706562399864,0.010600706562399864
annotated,Sora,kbspeter_142702458%2Fmd.mp4,patch_only,,0.1,0.9,same_grid_second_order,,,,,bottomk_mean,0.4,3,3,0.30153122544288635,0.1342756152153015,0.1510011851787567,0.1510011851787567
annotated,Sora,kddhyan_861313647%2Fmd.mp4,patch_only,,0.1,0.9,same_grid_second_order,,,,,bottomk_mean,0.4,3,3,0.0,0.0,0.0,0.0
annotated,Sora,keitokaneko_171984933%2Fmd.mp4,patch_only,,0.1,0.9,same_grid_second_order,,,,,bottomk_mean,0.4,3,3,0.01295641902834177,0.0035335689317435026,0.004475853871554136,0.004475853871554136
annotated,Sora,kellyng_603157992%2Fmd.mp4,patch_only,,0.1,0.9,same_grid_second_order,,,,,bottomk_mean,0.4,3,3,0.17667844891548157,0.10600706934928894,0.11307420581579208,0.11307420581579208
annotated,Sora,kenshoedge_211016245%2Fmd.mp4,patch_only,,0.1,0.9,same_grid_second_order,,,,,bottomk_mean,0.4,3,3,0.07714958488941193,0.01295641902834177,0.019375735893845558,0.019375735893845558
annotated,Sora,kerpalmagyar_877341020%2Fmd.mp4,patch_only,,0.1,0.9,same_grid_second_order,,,,,bottomk_mean,0.4,3,3,0.49646642804145813,0.05653710290789604,0.10053003579378128,0.10053003579378128
annotated,Sora,kevisya_313025365%2Fmd.mp4,patch_only,,0.1,0.9,same_grid_second_order,,,,,bottomk_mean,0.4,3,3,0.020023556426167488,0.0,0.002002355642616749,0.002002355642616749
annotated,Sora,kfcowgirl_500423045%2Fmd.mp4,patch_only,,0.1,0.9,same_grid_second_order,,,,,bottomk_mean,0.4,3,3,0.16372202336788177,0.01295641902834177,0.028032980859279633,0.028032980859279633
annotated,Sora,kfcpizza_814470320%2Fmd.mp4,patch_only,,0.1,0.9,same_grid_second_order,,,,,bottomk_mean,0.4,3,3,0.21260306239128113,0.01295641902834177,0.03292108327150345,0.03292108327150345
annotated,Sora,kfwkfkfwlfj_764392770%2Fmd.mp4,patch_only,,0.1,0.9,same_grid_second_order,,,,,bottomk_mean,0.4,3,3,0.0005889281746931374,0.028857478871941566,0.02603062428534031,0.02603062428534031
annotated,Sora,khactung_576179112%2Fmd.mp4,patch_only,,0.1,0.9,same_grid_second_order,,,,,bottomk_mean,0.4,3,3,0.432273268699646,0.5147231817245483,0.5064781904220581,0.5064781904220581
annotated,Sora,khloe2020_978535619%2Fmd.mp4,patch_only,,0.1,0.9,same_grid_second_order,,,,,bottomk_mean,0.4,3,3,0.004122497048228979,0.0035335689317435026,0.0035924618132412434,0.0035924618132412434
annotated,Sora,kiangsvd_816947996%2Fmd.mp4,patch_only,,0.1,0.9,same_grid_second_order,,,,,bottomk_mean,0.4,3,3,0.12838633358478546,0.0005889281746931374,0.013368668965995312,0.013368668965995312
annotated,Sora,kidzynavi123_689657620%2Fmd.mp4,patch_only,,0.1,0.9,same_grid_second_order,,,,,bottomk_mean,0.4,3,3,0.1666666716337204,0.0677267387509346,0.077620729804039,0.077620729804039
annotated,Sora,kietvt1_224533072%2Fmd.mp4,patch_only,,0.1,0.9,same_grid_second_order,,,,,bottomk_mean,0.4,3,3,0.24028268456459045,0.05418138951063156,0.07279151678085327,0.07279151678085327
annotated,Sora,kim1171_759736099%2Fmd.mp4,patch_only,,0.1,0.9,same_grid_second_order,,,,,bottomk_mean,0.4,3,3,0.0989399328827858,0.05182567611336708,0.05653710290789604,0.05653710290789604
annotated,Sora,kimkangmin00_393742378%2Fmd.mp4,patch_only,,0.1,0.9,same_grid_second_order,,,,,bottomk_mean,0.4,3,3,0.13368669152259827,0.009422850795090199,0.02184923365712166,0.02184923365712166
annotated,Sora,kimkyungseob_599183004%2Fmd.mp4,patch_only,,0.1,0.9,same_grid_second_order,,,,,bottomk_mean,0.4,3,3,0.10070671141147614,0.1366313248872757,0.13303886353969574,0.13303886353969574
annotated,Sora,kimsungin_515912855%2Fmd.mp4,patch_only,,0.1,0.9,same_grid_second_order,,,,,bottomk_mean,0.4,3,3,0.14546525478363037,0.021790342405438423,0.034157831221818924,0.034157831221818924
annotated,Sora,kingader_758308579%2Fmd.mp4,patch_only,,0.1,0.9,same_grid_second_order,,,,,bottomk_mean,0.4,3,3,0.46819788217544556,0.09952885657548904,0.13639575242996216,0.13639575242996216
annotated,Sora,kingpiro38_588526570%2Fmd.mp4,patch_only,,0.1,0.9,same_grid_second_order,,,,,bottomk_mean,0.4,3,3,0.0,0.0023557126987725496,0.0021201414056122303,0.0021201414056122303
annotated,Sora,kingsseven_940874972%2Fmd.mp4,patch_only,,0.1,0.9,same_grid_second_order,,,,,bottomk_mean,0.4,3,3,0.22379270195960999,0.05535924434661865,0.07220259308815002,0.07220259308815002
annotated,Sora,kintop_371343820%2Fmd.mp4,patch_only,,0.1,0.9,same_grid_second_order,,,,,bottomk_mean,0.4,3,3,0.21260306239128113,0.1342756152153015,0.14210836589336395,0.14210836589336395
annotated,Sora,kirstymind_241225744%2Fmd.mp4,patch_only,,0.1,0.9,same_grid_second_order,,,,,bottomk_mean,0.4,3,3,0.19081272184848785,0.0924617201089859,0.10229682177305222,0.10229682177305222
annotated,Sora,kishan51_107241124%2Fmd.mp4,patch_only,,0.1,0.9,same_grid_second_order,,,,,bottomk_mean,0.4,3,3,0.1560659557580948,0.0005889281746931374,0.01613663136959076,0.01613663136959076
annotated,Sora,kitbag_984706617%2Fmd.mp4,patch_only,,0.1,0.9,same_grid_second_order,,,,,bottomk_mean,0.4,3,3,0.0,0.005300353281199932,0.004770318046212196,0.004770318046212196
annotated,Sora,kitfatcat_193688388%2Fmd.mp4,patch_only,,0.1,0.9,same_grid_second_order,,,,,bottomk_mean,0.4,3,3,0.5812720656394958,0.002944640815258026,0.06077738478779793,0.06077738478779793
annotated,Sora,kitsunen_994713703%2Fmd.mp4,patch_only,,0.1,0.9,same_grid_second_order,,,,,bottomk_mean,0.4,3,3,0.5229681730270386,0.6566548943519592,0.6432862281799316,0.6432862281799316
annotated,Sora,kjell_li_288246915%2Fmd.mp4,patch_only,,0.1,0.9,same_grid_second_order,,,,,bottomk_mean,0.4,3,3,0.0023557126987725496,0.0035335689317435026,0.003415783168748021,0.003415783168748021
annotated,Sora,kkeeyou_701029214%2Fmd.mp4,patch_only,,0.1,0.9,same_grid_second_order,,,,,bottomk_mean,0.4,3,3,0.5,0.09776207059621811,0.13798587024211884,0.13798587024211884
annotated,Sora,kksr_479831408%2Fmd.mp4,patch_only,,0.1,0.9,same_grid_second_order,,,,,bottomk_mean,0.4,3,3,0.06831566244363785,0.0023557126987725496,0.008951707743108273,0.008951707743108273
annotated,Sora,klaushaller_382554895%2Fmd.mp4,patch_only,,0.1,0.9,same_grid_second_order,,,,,bottomk_mean,0.4,3,3,0.018256772309541702,0.010011778213083744,0.010836278088390827,0.010836278088390827
annotated,Sora,knottedus_973961149%2Fmd.mp4,patch_only,,0.1,0.9,same_grid_second_order,,,,,bottomk_mean,0.4,3,3,0.2614840865135193,0.1784452348947525,0.18674911558628082,0.18674911558628082
annotated,Sora,knudback_948467168%2Fmd.mp4,patch_only,,0.1,0.9,same_grid_second_order,,,,,bottomk_mean,0.4,3,3,0.17667844891548157,0.002944640815258026,0.02031802199780941,0.02031802199780941
annotated,Sora,kodelingua_568175035%2Fmd.mp4,patch_only,,0.1,0.9,same_grid_second_order,,,,,bottomk_mean,0.4,3,3,0.0989399328827858,0.024146053940057755,0.03162544220685959,0.03162544220685959
annotated,Sora,koguz_watermarked.mp4,patch_only,,0.1,0.9,same_grid_second_order,,,,,bottomk_mean,0.4,3,3,0.011778563261032104,0.007067137863487005,0.007538280449807644,0.007538280449807644
annotated,Sora,kohei0217_watermarked.mp4,patch_only,,0.1,0.9,same_grid_second_order,,,,,bottomk_mean,0.4,3,3,0.18433451652526855,0.018256772309541702,0.03486454486846924,0.03486454486846924
annotated,Sora,koheisasaki_699330640%2Fmd.mp4,patch_only,,0.1,0.9,same_grid_second_order,,,,,bottomk_mean,0.4,3,3,0.0005889281746931374,0.1366313248872757,0.12302709370851517,0.12302709370851517
annotated,Sora,kojikabutoz_431321198%2Fmd.mp4,patch_only,,0.1,0.9,same_grid_second_order,,,,,bottomk_mean,0.4,3,3,0.015312131494283676,0.0005889281746931374,0.0020612485241144896,0.0020612485241144896
annotated,Sora,komalsbt_645136479%2Fmd.mp4,patch_only,,0.1,0.9,same_grid_second_order,,,,,bottomk_mean,0.4,3,3,0.5724381804466248,0.3857479393482208,0.4044169485569,0.4044169485569
annotated,Sora,kooksung_205324726%2Fmd.mp4,patch_only,,0.1,0.9,same_grid_second_order,,,,,bottomk_mean,0.4,3,3,0.048881035298109055,0.010011778213083744,0.013898704200983047,0.013898704200983047
annotated,Sora,koopelstien_463535114%2Fmd.mp4,patch_only,,0.1,0.9,same_grid_second_order,,,,,bottomk_mean,0.4,3,3,0.7402827143669128,0.2343934029340744,0.2849823236465454,0.2849823236465454
annotated,Sora,koriice_49088538%2Fmd.mp4,patch_only,,0.1,0.9,same_grid_second_order,,,,,bottomk_mean,0.4,3,3,0.0023557126987725496,0.006478209514170885,0.006065960042178631,0.006065960042178631
annotated,Sora,kotaroshimada_425382343%2Fmd.mp4,patch_only,,0.1,0.9,same_grid_second_order,,,,,bottomk_mean,0.4,3,3,0.05477031692862511,0.018256772309541702,0.021908126771450043,0.021908126771450043
annotated,Sora,kotw305_70290367%2Fmd.mp4,patch_only,,0.1,0.9,same_grid_second_order,,,,,bottomk_mean,0.4,3,3,0.12485276907682419,0.02473498322069645,0.03474676236510277,0.03474676236510277
annotated,Sora,kreidev_279191945%2Fmd.mp4,patch_only,,0.1,0.9,same_grid_second_order,,,,,bottomk_mean,0.4,3,3,0.1654888093471527,0.03710247203707695,0.049941107630729675,0.049941107630729675
annotated,Sora,krishna799_826229107%2Fmd.mp4,patch_only,,0.1,0.9,same_grid_second_order,,,,,bottomk_mean,0.4,3,3,0.6272084712982178,0.4157832860946655,0.4369257986545563,0.4369257986545563
annotated,Sora,krishna8686_watermarked.mp4,patch_only,,0.1,0.9,same_grid_second_order,,,,,bottomk_mean,0.4,3,3,0.05535924434661865,0.020612485706806183,0.02408716082572937,0.02408716082572937
annotated,Sora,krishplace_852795945%2Fmd.mp4,patch_only,,0.1,0.9,same_grid_second_order,,,,,bottomk_mean,0.4,3,3,0.03592461720108986,0.028857478871941566,0.02956419251859188,0.02956419251859188
annotated,Sora,kristopuz_851159636%2Fmd.mp4,patch_only,,0.1,0.9,same_grid_second_order,,,,,bottomk_mean,0.4,3,3,0.03945818543434143,0.042991753667593,0.042638398706912994,0.042638398706912994
annotated,Sora,kruewl_109547898%2Fmd.mp4,patch_only,,0.1,0.9,same_grid_second_order,,,,,bottomk_mean,0.4,3,3,0.03945818543434143,0.005300353281199932,0.00871613621711731,0.00871613621711731
annotated,Sora,krumatcha_255949224%2Fmd.mp4,patch_only,,0.1,0.9,same_grid_second_order,,,,,bottomk_mean,0.4,3,3,0.15665489435195923,0.07832744717597961,0.08616019040346146,0.08616019040346146
annotated,Sora,kruxly_47357269%2Fmd.mp4,patch_only,,0.1,0.9,same_grid_second_order,,,,,bottomk_mean,0.4,3,3,0.34687867760658264,0.06478209793567657,0.09299175441265106,0.09299175441265106
annotated,Sora,kruyuth_971299712%2Fmd.mp4,patch_only,,0.1,0.9,same_grid_second_order,,,,,bottomk_mean,0.4,3,3,0.30035334825515747,0.05535924434661865,0.07985866069793701,0.07985866069793701
annotated,Sora,kryco_250868939%2Fmd.mp4,patch_only,,0.1,0.9,same_grid_second_order,,,,,bottomk_mean,0.4,3,3,0.015312131494283676,0.031213192269206047,0.029623085632920265,0.029623085632920265
annotated,Sora,ksumit21_269077023%2Fmd.mp4,patch_only,,0.1,0.9,same_grid_second_order,,,,,bottomk_mean,0.4,3,3,0.020023556426167488,0.0,0.002002355642616749,0.002002355642616749
annotated,Sora,kubacode_977440674%2Fmd.mp4,patch_only,,0.1,0.9,same_grid_second_order,,,,,bottomk_mean,0.4,3,3,0.07479387521743774,0.0005889281746931374,0.008009422570466995,0.008009422570466995
annotated,Sora,kucchu_745483116%2Fmd.mp4,patch_only,,0.1,0.9,same_grid_second_order,,,,,bottomk_mean,0.4,3,3,0.11012956500053406,0.06301531195640564,0.0677267387509346,0.0677267387509346
annotated,Sora,kumark9_939199529%2Fmd.mp4,patch_only,,0.1,0.9,same_grid_second_order,,,,,bottomk_mean,0.4,3,3,0.07243816554546356,0.0023557126987725496,0.009363957680761814,0.009363957680761814
annotated,Sora,kunj1600_859953327%2Fmd.mp4,patch_only,,0.1,0.9,same_grid_second_order,,,,,bottomk_mean,0.4,3,3,0.18669022619724274,0.018845701590180397,0.03563015162944794,0.03563015162944794
annotated,Sora,kupofsoup_361498671%2Fmd.mp4,patch_only,,0.1,0.9,same_grid_second_order,,,,,bottomk_mean,0.4,3,3,0.10070671141147614,0.01295641902834177,0.02173144929111004,0.02173144929111004
annotated,Sora,kushagrakunwar_935631697%2Fmd.mp4,patch_only,,0.1,0.9,same_grid_second_order,,,,,bottomk_mean,0.4,3,3,0.2408716082572937,0.0005889281746931374,0.02461719699203968,0.02461719699203968
annotated,Sora,kwms573_256898032%2Fmd.mp4,patch_only,,0.1,0.9,same_grid_second_order,,,,,bottomk_mean,0.4,3,3,0.10306242853403091,0.0011778563493862748,0.011366313323378563,0.011366313323378563
annotated,Sora,kycdoe_16456758%2Fmd.mp4,patch_only,,0.1,0.9,same_grid_second_order,,,,,bottomk_mean,0.4,3,3,0.008833922445774078,0.010011778213083744,0.00989399291574955,0.00989399291574955
annotated,Sora,kylepedey_324852654%2Fmd.mp4,patch_only,,0.1,0.9,same_grid_second_order,,,,,bottomk_mean,0.4,3,3,0.008833922445774078,0.026501767337322235,0.02473498322069645,0.02473498322069645
annotated,Sora,kyungasong_209626116%2Fmd.mp4,patch_only,,0.1,0.9,same_grid_second_order,,,,,bottomk_mean,0.4,3,3,0.42520612478256226,0.030035335570573807,0.06955241411924362,0.06955241411924362
annotated,Sora,laagencia_412931745%2Fmd.mp4,patch_only,,0.1,0.9,same_grid_second_order,,,,,bottomk_mean,0.4,3,3,0.14428739249706268,0.3957597315311432,0.3706124722957611,0.3706124722957611
annotated,Sora,lado29_286125236%2Fmd.mp4,patch_only,,0.1,0.9,same_grid_second_order,,,,,bottomk_mean,0.4,3,3,0.05948174372315407,0.0005889281746931374,0.006478209514170885,0.006478209514170885
annotated,Sora,ladvision_51306946%2Fmd.mp4,patch_only,,0.1,0.9,same_grid_second_order,,,,,bottomk_mean,0.4,3,3,0.07597173005342484,0.012367491610348225,0.018727915361523628,0.018727915361523628
annotated,Sora,lagioisingrini_259506507%2Fmd.mp4,patch_only,,0.1,0.9,same_grid_second_order,,,,,bottomk_mean,0.4,3,3,0.007656065747141838,0.004122497048228979,0.004475853871554136,0.004475853871554136
annotated,Sora,laiwang_537594903%2Fmd.mp4,patch_only,,0.1,0.9,same_grid_second_order,,,,,bottomk_mean,0.4,3,3,0.2709069550037384,0.18138986825942993,0.19034157693386078,0.19034157693386078
annotated,Sora,lakhe_428465144%2Fmd.mp4,patch_only,,0.1,0.9,same_grid_second_order,,,,,bottomk_mean,0.4,3,3,0.16489988565444946,0.01295641902834177,0.028150765225291252,0.028150765225291252
annotated,Sora,lakotacamp_563858347%2Fmd.mp4,patch_only,,0.1,0.9,same_grid_second_order,,,,,bottomk_mean,0.4,3,3,0.23733805119991302,0.11484099179506302,0.1270906925201416,0.1270906925201416
annotated,Sora,lance_246_53175348%2Fmd.mp4,patch_only,,0.1,0.9,same_grid_second_order,,,,,bottomk_mean,0.4,3,3,0.3945818543434143,0.10129564255475998,0.13062426447868347,0.13062426447868347
annotated,Sora,landissimo_763773615%2Fmd.mp4,patch_only,,0.1,0.9,same_grid_second_order,,,,,bottomk_mean,0.4,3,3,0.07773851603269577,0.010011778213083744,0.01678445190191269,0.01678445190191269
annotated,Sora,lars670_439938794%2Fmd.mp4,patch_only,,0.1,0.9,same_grid_second_order,,,,,bottomk_mean,0.4,3,3,0.010011778213083744,0.026501767337322235,0.02485276758670807,0.02485276758670807
annotated,Sora,lasimo_40810628%2Fmd.mp4,patch_only,,0.1,0.9,same_grid_second_order,,,,,bottomk_mean,0.4,3,3,0.010600706562399864,0.008833922445774078,0.009010600857436657,0.009010600857436657
annotated,Sora,laurasimport_269794814%2Fmd.mp4,patch_only,,0.1,0.9,same_grid_second_order,,,,,bottomk_mean,0.4,3,3,0.02237926982343197,0.042991753667593,0.040930505841970444,0.040930505841970444
annotated,Sora,lazypandazem_566926496%2Fmd.mp4,patch_only,,0.1,0.9,same_grid_second_order,,,,,bottomk_mean,0.4,3,3,0.011189634911715984,0.005300353281199932,0.005889281630516052,0.005889281630516052
annotated,Sora,leabridgerton_189604004%2Fmd.mp4,patch_only,,0.1,0.9,same_grid_second_order,,,,,bottomk_mean,0.4,3,3,0.5141342878341675,0.0795053020119667,0.12296819686889648,0.12296819686889648
annotated,Sora,leejwo_907280466%2Fmd.mp4,patch_only,,0.1,0.9,same_grid_second_order,,,,,bottomk_mean,0.4,3,3,0.09540636092424393,0.002944640815258026,0.012190812267363071,0.012190812267363071
annotated,Sora,leoleoleo100_951268817%2Fmd.mp4,patch_only,,0.1,0.9,same_grid_second_order,,,,,bottomk_mean,0.4,3,3,0.006478209514170885,0.0017667844658717513,0.002237926935777068,0.002237926935777068
annotated,Sora,leopard1223_107764534%2Fmd.mp4,patch_only,,0.1,0.9,same_grid_second_order,,,,,bottomk_mean,0.4,3,3,0.0,0.002944640815258026,0.002650176640599966,0.002650176640599966
annotated,Sora,leraaxe_587107646%2Fmd.mp4,patch_only,,0.1,0.9,same_grid_second_order,,,,,bottomk_mean,0.4,3,3,0.015312131494283676,0.0005889281746931374,0.0020612485241144896,0.0020612485241144896
annotated,Sora,lesyaleo88_895509488%2Fmd.mp4,patch_only,,0.1,0.9,same_grid_second_order,,,,,bottomk_mean,0.4,3,3,0.3786807954311371,0.47879859805107117,0.4687868058681488,0.4687868058681488
annotated,Sora,lifestar_857355916%2Fmd.mp4,patch_only,,0.1,0.9,same_grid_second_order,,,,,bottomk_mean,0.4,3,3,0.002944640815258026,0.0,0.0002944640873465687,0.0002944640873465687
annotated,Sora,liiiisa_533982359%2Fmd.mp4,patch_only,,0.1,0.9,same_grid_second_order,,,,,bottomk_mean,0.4,3,3,0.517667829990387,0.10129564255475998,0.14293286204338074,0.14293286204338074
annotated,Sora,limor1501_687703864%2Fmd.mp4,patch_only,,0.1,0.9,same_grid_second_order,,,,,bottomk_mean,0.4,3,3,0.0,0.0005889281746931374,0.0005300353514030576,0.0005300353514030576
annotated,Sora,lin5989_396163243%2Fmd.mp4,patch_only,,0.1,0.9,same_grid_second_order,,,,,bottomk_mean,0.4,3,3,0.28032979369163513,0.2473498284816742,0.25064781308174133,0.25064781308174133
annotated,Sora,lindenr_197211305%2Fmd.mp4,patch_only,,0.1,0.9,same_grid_second_order,,,,,bottomk_mean,0.4,3,3,0.0005889281746931374,0.0005889281746931374,0.0005889281746931374,0.0005889281746931374
annotated,Sora,lindirium_339413934%2Fmd.mp4,patch_only,,0.1,0.9,same_grid_second_order,,,,,bottomk_mean,0.4,3,3,0.041224971413612366,0.02473498322069645,0.026383981108665466,0.026383981108665466
annotated,Sora,lindorin_879827191%2Fmd.mp4,patch_only,,0.1,0.9,same_grid_second_order,,,,,bottomk_mean,0.4,3,3,0.31861013174057007,0.009422850795090199,0.0403415784239769,0.0403415784239769
annotated,Sora,liornoyman_786096617%2Fmd.mp4,patch_only,,0.1,0.9,same_grid_second_order,,,,,bottomk_mean,0.4,3,3,0.018845701590180397,0.005300353281199932,0.006654887925833464,0.006654887925833464
annotated,Sora,live0333_736455123%2Fmd.mp4,patch_only,,0.1,0.9,same_grid_second_order,,,,,bottomk_mean,0.4,3,3,0.028857478871941566,0.002944640815258026,0.005535924807190895,0.005535924807190895
annotated,Sora,lizzl_105470695%2Fmd.mp4,patch_only,,0.1,0.9,same_grid_second_order,,,,,bottomk_mean,0.4,3,3,0.11778563261032104,0.0035335689317435026,0.014958774670958519,0.014958774670958519
annotated,Sora,lkoq_753996478%2Fmd.mp4,patch_only,,0.1,0.9,same_grid_second_order,,,,,bottomk_mean,0.4,3,3,0.03828033059835434,0.10895171016454697,0.10188457369804382,0.10188457369804382
annotated,Sora,llllllahaks_297627079%2Fmd.mp4,patch_only,,0.1,0.9,same_grid_second_order,,,,,bottomk_mean,0.4,3,3,0.004122497048228979,0.0005889281746931374,0.0009422850562259555,0.0009422850562259555
annotated,Sora,lmbloecher_486915395%2Fmd.mp4,patch_only,,0.1,0.9,same_grid_second_order,,,,,bottomk_mean,0.4,3,3,0.0,0.0795053020119667,0.0715547725558281,0.0715547725558281
annotated,Sora,lonelyai_369000600%2Fmd.mp4,patch_only,,0.1,0.9,same_grid_second_order,,,,,bottomk_mean,0.4,3,3,0.01472320407629013,0.007067137863487005,0.007832744158804417,0.007832744158804417
annotated,Sora,lonnix80_515057748%2Fmd.mp4,patch_only,,0.1,0.9,same_grid_second_order,,,,,bottomk_mean,0.4,3,3,0.21967020630836487,0.09305065125226974,0.10571260005235672,0.10571260005235672
annotated,Sora,lontongg_830571883%2Fmd.mp4,patch_only,,0.1,0.9,same_grid_second_order,,,,,bottomk_mean,0.4,3,3,0.16431094706058502,0.06831566244363785,0.07791519165039062,0.07791519165039062
annotated,Sora,looxyt_735295850%2Fmd.mp4,patch_only,,0.1,0.9,same_grid_second_order,,,,,bottomk_mean,0.4,3,3,0.0989399328827858,0.05653710290789604,0.06077738478779793,0.06077738478779793
annotated,Sora,lord_granola_440596962%2Fmd.mp4,patch_only,,0.1,0.9,same_grid_second_order,,,,,bottomk_mean,0.4,3,3,0.03592461720108986,0.024146053940057755,0.025323910638689995,0.025323910638689995
annotated,Sora,lordlongshoot_867558861%2Fmd.mp4,patch_only,,0.1,0.9,same_grid_second_order,,,,,bottomk_mean,0.4,3,3,0.085983507335186,0.12661954760551453,0.12255594879388809,0.12255594879388809
annotated,Sora,lorenzokking_112795806%2Fmd.mp4,patch_only,,0.1,0.9,same_grid_second_order,,,,,bottomk_mean,0.4,3,3,0.06949352473020554,0.021790342405438423,0.02656066045165062,0.02656066045165062
annotated,Sora,louismilan_921024380%2Fmd.mp4,patch_only,,0.1,0.9,same_grid_second_order,,,,,bottomk_mean,0.4,3,3,0.4634864628314972,0.018256772309541702,0.0627797394990921,0.0627797394990921
annotated,Sora,lp_dip_847320339%2Fmd.mp4,patch_only,,0.1,0.9,same_grid_second_order,,,,,bottomk_mean,0.4,3,3,0.22497054934501648,0.09187278896570206,0.10518256574869156,0.10518256574869156
annotated,Sora,lplocked_135948471%2Fmd.mp4,patch_only,,0.1,0.9,same_grid_second_order,,,,,bottomk_mean,0.4,3,3,0.06654888391494751,0.0005889281746931374,0.007184923626482487,0.007184923626482487
annotated,Sora,lsh823823_600837877%2Fmd.mp4,patch_only,,0.1,0.9,same_grid_second_order,,,,,bottomk_mean,0.4,3,3,0.2997644245624542,0.5824499130249023,0.5541813969612122,0.5541813969612122
annotated,Sora,lsmarujo_786565328%2Fmd.mp4,patch_only,,0.1,0.9,same_grid_second_order,,,,,bottomk_mean,0.4,3,3,0.04181389883160591,0.26501765847206116,0.24269728362560272,0.24269728362560272
annotated,Sora,luaplegin_974286721%2Fmd.mp4,patch_only,,0.1,0.9,same_grid_second_order,,,,,bottomk_mean,0.4,3,3,0.03945818543434143,0.06065959855914116,0.058539457619190216,0.058539457619190216
annotated,Sora,luc-mt_971895655%2Fmd.mp4,patch_only,,0.1,0.9,same_grid_second_order,,,,,bottomk_mean,0.4,3,3,0.3127208352088928,0.062426384538412094,0.08745583146810532,0.08745583146810532
annotated,Sora,luca_marian_628453585%2Fmd.mp4,patch_only,,0.1,0.9,same_grid_second_order,,,,,bottomk_mean,0.4,3,3,0.10482921451330185,0.004122497048228979,0.014193168841302395,0.014193168841302395
annotated,Sora,lucaicecreamwalker_584585814%2Fmd.mp4,patch_only,,0.1,0.9,same_grid_second_order,,,,,bottomk_mean,0.4,3,3,0.018845701590180397,0.03828033059835434,0.03633686527609825,0.03633686527609825
annotated,Sora,lucatoz_988454821%2Fmd.mp4,patch_only,,0.1,0.9,same_grid_second_order,,,,,bottomk_mean,0.4,3,3,0.14252060651779175,0.0005889281746931374,0.01478209625929594,0.01478209625929594
annotated,Sora,lucky41_505428209%2Fmd.mp4,patch_only,,0.1,0.9,same_grid_second_order,,,,,bottomk_mean,0.4,3,3,0.6266195774078369,0.3421672582626343,0.3706124722957611,0.3706124722957611
annotated,Sora,lucrmz_915428237%2Fmd.mp4,patch_only,,0.1,0.9,same_grid_second_order,,,,,bottomk_mean,0.4,3,3,0.004711425397545099,0.01295641902834177,0.012131920084357262,0.012131920084357262
annotated,Sora,ludens7_763074184%2Fmd.mp4,patch_only,,0.1,0.9,same_grid_second_order,,,,,bottomk_mean,0.4,3,3,0.18080094456672668,0.01295641902834177,0.029740871861577034,0.029740871861577034
annotated,Sora,luisdavila2_416667043%2Fmd.mp4,patch_only,,0.1,0.9,same_grid_second_order,,,,,bottomk_mean,0.4,3,3,0.12720848619937897,0.0035335689317435026,0.01590106077492237,0.01590106077492237
annotated,Sora,luisrepi_472527513%2Fmd.mp4,patch_only,,0.1,0.9,same_grid_second_order,,,,,bottomk_mean,0.4,3,3,0.23733805119991302,0.23910482227802277,0.2389281541109085,0.2389281541109085
annotated,Sora,lukas9_958959024%2Fmd.mp4,patch_only,,0.1,0.9,same_grid_second_order,,,,,bottomk_mean,0.4,3,3,0.01472320407629013,0.02473498322069645,0.023733804002404213,0.023733804002404213
annotated,Sora,lukreaner_575344018%2Fmd.mp4,patch_only,,0.1,0.9,same_grid_second_order,,,,,bottomk_mean,0.4,3,3,0.01472320407629013,0.028857478871941566,0.027444051578640938,0.027444051578640938
annotated,Sora,lulunono_895943612%2Fmd.mp4,patch_only,,0.1,0.9,same_grid_second_order,,,,,bottomk_mean,0.4,3,3,0.06949352473020554,0.028857478871941566,0.03292108327150345,0.03292108327150345
annotated,Sora,luminai28_790257220%2Fmd.mp4,patch_only,,0.1,0.9,same_grid_second_order,,,,,bottomk_mean,0.4,3,3,0.018845701590180397,0.008833922445774078,0.009835099801421165,0.009835099801421165
annotated,Sora,luuap_441453556%2Fmd.mp4,patch_only,,0.1,0.9,same_grid_second_order,,,,,bottomk_mean,0.4,3,3,0.05418138951063156,0.1107184886932373,0.10506477952003479,0.10506477952003479
annotated,Sora,luxurie_471830830%2Fmd.mp4,patch_only,,0.1,0.9,same_grid_second_order,,,,,bottomk_mean,0.4,3,3,0.04534746706485748,0.05418138951063156,0.053297996520996094,0.053297996520996094
annotated,Sora,lwq666_638158370%2Fmd.mp4,patch_only,,0.1,0.9,same_grid_second_order,,,,,bottomk_mean,0.4,3,3,0.041224971413612366,0.0005889281746931374,0.004652532283216715,0.004652532283216715
annotated,Sora,m0a9s_333173421%2Fmd.mp4,patch_only,,0.1,0.9,same_grid_second_order,,,,,bottomk_mean,0.4,3,3,0.2226148396730423,0.02237926982343197,0.04240282624959946,0.04240282624959946
annotated,Sora,machinedog227_282755331%2Fmd.mp4,patch_only,,0.1,0.9,same_grid_second_order,,,,,bottomk_mean,0.4,3,3,0.13898704946041107,0.3657243847846985,0.34305065870285034,0.34305065870285034
annotated,Sora,madi7777_253431818%2Fmd.mp4,patch_only,,0.1,0.9,same_grid_second_order,,,,,bottomk_mean,0.4,3,3,0.515312135219574,0.10659599304199219,0.14746761322021484,0.14746761322021484
annotated,Sora,madoriens_314305618%2Fmd.mp4,patch_only,,0.1,0.9,same_grid_second_order,,,,,bottomk_mean,0.4,3,3,0.25206124782562256,0.007067137863487005,0.031566549092531204,0.031566549092531204
annotated,Sora,mafgos_558284776%2Fmd.mp4,patch_only,,0.1,0.9,same_grid_second_order,,,,,bottomk_mean,0.4,3,3,0.19611307978630066,0.028857478871941566,0.04558303952217102,0.04558303952217102
annotated,Sora,maharajinsights_660152614%2Fmd.mp4,patch_only,,0.1,0.9,same_grid_second_order,,,,,bottomk_mean,0.4,3,3,0.15253238379955292,0.04416961222887039,0.055005889385938644,0.055005889385938644
annotated,Sora,mai3_706982590%2Fmd.mp4,patch_only,,0.1,0.9,same_grid_second_order,,,,,bottomk_mean,0.4,3,3,0.18080094456672668,0.017667844891548157,0.03398115560412407,0.03398115560412407
annotated,Sora,maiko7979_947402348%2Fmd.mp4,patch_only,,0.1,0.9,same_grid_second_order,,,,,bottomk_mean,0.4,3,3,0.04181389883160591,0.04711425304412842,0.04658421501517296,0.04658421501517296
annotated,Sora,makermindsai_287286313%2Fmd.mp4,patch_only,,0.1,0.9,same_grid_second_order,,,,,bottomk_mean,0.4,3,3,0.2620730400085449,0.08775029331445694,0.10518256574869156,0.10518256574869156
annotated,Sora,makifuwo_799712489%2Fmd.mp4,patch_only,,0.1,0.9,same_grid_second_order,,,,,bottomk_mean,0.4,3,3,0.39104828238487244,0.17608951032161713,0.19758538901805878,0.19758538901805878
annotated,Sora,makiken_995509627%2Fmd.mp4,patch_only,,0.1,0.9,same_grid_second_order,,,,,bottomk_mean,0.4,3,3,0.12720848619937897,0.01295641902834177,0.024381624534726143,0.024381624534726143
annotated,Sora,makoom_942951449%2Fmd.mp4,patch_only,,0.1,0.9,same_grid_second_order,,,,,bottomk_mean,0.4,3,3,0.0005889281746931374,0.0005889281746931374,0.0005889281746931374,0.0005889281746931374
annotated,Sora,mamasai_51195902%2Fmd.mp4,patch_only,,0.1,0.9,same_grid_second_order,,,,,bottomk_mean,0.4,3,3,0.05653710290789604,0.09187278896570206,0.08833922445774078,0.08833922445774078
annotated,Sora,mamos13_261946167%2Fmd.mp4,patch_only,,0.1,0.9,same_grid_second_order,,,,,bottomk_mean,0.4,3,3,0.010011778213083744,0.208480566740036,0.18863368034362793,0.18863368034362793
annotated,Sora,manankh_115659803%2Fmd.mp4,patch_only,,0.1,0.9,same_grid_second_order,,,,,bottomk_mean,0.4,3,3,0.01472320407629013,0.025323910638689995,0.024263840168714523,0.024263840168714523
annotated,Sora,manavfury_964794548%2Fmd.mp4,patch_only,,0.1,0.9,same_grid_second_order,,,,,bottomk_mean,0.4,3,3,0.047703180462121964,0.0035335689317435026,0.007950530387461185,0.007950530387461185
annotated,Sora,manie07_367609493%2Fmd.mp4,patch_only,,0.1,0.9,same_grid_second_order,,,,,bottomk_mean,0.4,3,3,0.6419317126274109,0.3863368630409241,0.41189634799957275,0.41189634799957275
annotated,Sora,mannxtrem_watermarked.mp4,patch_only,,0.1,0.9,same_grid_second_order,,,,,bottomk_mean,0.4,3,3,0.6301531195640564,0.008833922445774078,0.07096584141254425,0.07096584141254425
annotated,Sora,manoftomorrow_151979960%2Fmd.mp4,patch_only,,0.1,0.9,same_grid_second_order,,,,,bottomk_mean,0.4,3,3,0.020023556426167488,0.012367491610348225,0.013133097440004349,0.013133097440004349
annotated,Sora,manpreetrehsi_388381118%2Fmd.mp4,patch_only,,0.1,0.9,same_grid_second_order,,,,,bottomk_mean,0.4,3,3,0.14899882674217224,0.02237926982343197,0.03504122421145439,0.03504122421145439
annotated,Sora,marcelo122ju_767092408%2Fmd.mp4,patch_only,,0.1,0.9,same_grid_second_order,,,,,bottomk_mean,0.4,3,3,0.018845701590180397,0.028857478871941566,0.02785630151629448,0.02785630151629448
annotated,Sora,marcosmedeiros_599275797%2Fmd.mp4,patch_only,,0.1,0.9,same_grid_second_order,,,,,bottomk_mean,0.4,3,3,0.6295641660690308,0.28739693760871887,0.3216136693954468,0.3216136693954468
annotated,Sora,mareki619_881318936%2Fmd.mp4,patch_only,,0.1,0.9,same_grid_second_order,,,,,bottomk_mean,0.4,3,3,0.6007066965103149,0.20141342282295227,0.24134275317192078,0.24134275317192078
annotated,Sora,maria2_625193172%2Fmd.mp4,patch_only,,0.1,0.9,same_grid_second_order,,,,,bottomk_mean,0.4,3,3,0.002944640815258026,0.009422850795090199,0.008775029331445694,0.008775029331445694
annotated,Sora,mariekelapachamama_762059817%2Fmd.mp4,patch_only,,0.1,0.9,same_grid_second_order,,,,,bottomk_mean,0.4,3,3,0.29328620433807373,0.06301531195640564,0.08604240417480469,0.08604240417480469
annotated,Sora,mariosalibaa_25607956%2Fmd.mp4,patch_only,,0.1,0.9,same_grid_second_order,,,,,bottomk_mean,0.4,3,3,0.16372202336788177,0.10011778771877289,0.10647820681333542,0.10647820681333542
annotated,Sora,marisolpb_44926398%2Fmd.mp4,patch_only,,0.1,0.9,same_grid_second_order,,,,,bottomk_mean,0.4,3,3,0.5742049217224121,0.16195523738861084,0.2031802088022232,0.2031802088022232
annotated,Sora,maropppp_2546425%2Fmd.mp4,patch_only,,0.1,0.9,same_grid_second_order,,,,,bottomk_mean,0.4,3,3,0.09952885657548904,0.06301531195640564,0.06666667014360428,0.06666667014360428
annotated,Sora,marquez0001ita_627948475%2Fmd.mp4,patch_only,,0.1,0.9,same_grid_second_order,,,,,bottomk_mean,0.4,3,3,0.11601884663105011,0.6189634799957275,0.5686690211296082,0.5686690211296082
annotated,Sora,martagg95_167161911%2Fmd.mp4,patch_only,,0.1,0.9,same_grid_second_order,,,,,bottomk_mean,0.4,3,3,0.01295641902834177,0.005300353281199932,0.006065960042178631,0.006065960042178631
annotated,Sora,martin1999_324456172%2Fmd.mp4,patch_only,,0.1,0.9,same_grid_second_order,,,,,bottomk_mean,0.4,3,3,0.04593639448285103,0.22084805369377136,0.20335689187049866,0.20335689187049866
annotated,Sora,martinfaye_210135632%2Fmd.mp4,patch_only,,0.1,0.9,same_grid_second_order,,,,,bottomk_mean,0.4,3,3,0.6283863186836243,0.11130741983652115,0.16301530599594116,0.16301530599594116
annotated,Sora,marum0927_164451429%2Fmd.mp4,patch_only,,0.1,0.9,same_grid_second_order,,,,,bottomk_mean,0.4,3,3,0.007656065747141838,0.01295641902834177,0.012426383793354034,0.012426383793354034
annotated,Sora,marzej_607057221%2Fmd.mp4,patch_only,,0.1,0.9,same_grid_second_order,,,,,bottomk_mean,0.4,3,3,0.07067137956619263,0.08775029331445694,0.08604240417480469,0.08604240417480469
annotated,Sora,masocampus_823057074%2Fmd.mp4,patch_only,,0.1,0.9,same_grid_second_order,,,,,bottomk_mean,0.4,3,3,0.04534746706485748,0.0017667844658717513,0.006124852690845728,0.006124852690845728
annotated,Sora,matahari_988929505%2Fmd.mp4,patch_only,,0.1,0.9,same_grid_second_order,,,,,bottomk_mean,0.4,3,3,0.09540636092424393,0.030035335570573807,0.03657243773341179,0.03657243773341179
annotated,Sora,matibirba_24_350280461%2Fmd.mp4,patch_only,,0.1,0.9,same_grid_second_order,,,,,bottomk_mean,0.4,3,3,0.30035334825515747,0.07184923440217972,0.09469964355230331,0.09469964355230331
annotated,Sora,matku1411_788237923%2Fmd.mp4,patch_only,,0.1,0.9,same_grid_second_order,,,,,bottomk_mean,0.4,3,3,0.008833922445774078,0.005300353281199932,0.005653710104525089,0.005653710104525089
annotated,Sora,matread_257666643%2Fmd.mp4,patch_only,,0.1,0.9,same_grid_second_order,,,,,bottomk_mean,0.4,3,3,0.004122497048228979,0.0005889281746931374,0.0009422850562259555,0.0009422850562259555
annotated,Sora,matsnminds_61606403%2Fmd.mp4,patch_only,,0.1,0.9,same_grid_second_order,,,,,bottomk_mean,0.4,3,3,0.020023556426167488,0.4440518319606781,0.40164899826049805,0.40164899826049805
annotated,Sora,maullin_363338812%2Fmd.mp4,patch_only,,0.1,0.9,same_grid_second_order,,,,,bottomk_mean,0.4,3,3,0.08127208799123764,0.11896348744630814,0.11519434303045273,0.11519434303045273
annotated,Sora,max222221444444666_301369155%2Fmd.mp4,patch_only,,0.1,0.9,same_grid_second_order,,,,,bottomk_mean,0.4,3,3,0.12720848619937897,0.48881036043167114,0.45265018939971924,0.45265018939971924
annotated,Sora,maxi1611_603708681%2Fmd.mp4,patch_only,,0.1,0.9,same_grid_second_order,,,,,bottomk_mean,0.4,3,3,0.16372202336788177,0.2879858613014221,0.2755594849586487,0.2755594849586487
annotated,Sora,maximjakob_410375761%2Fmd.mp4,patch_only,,0.1,0.9,same_grid_second_order,,,,,bottomk_mean,0.4,3,3,0.1601884514093399,0.062426384538412094,0.07220259308815002,0.07220259308815002
annotated,Sora,maya_ai_386496974%2Fmd.mp4,patch_only,,0.1,0.9,same_grid_second_order,,,,,bottomk_mean,0.4,3,3,0.5123674869537354,0.13604240119457245,0.17367491126060486,0.17367491126060486
annotated,Sora,mayamayamayamaya_watermarked.mp4,patch_only,,0.1,0.9,same_grid_second_order,,,,,bottomk_mean,0.4,3,3,0.020023556426167488,0.0035335689317435026,0.005182567518204451,0.005182567518204451
annotated,Sora,maylsonhonorato_587255262%2Fmd.mp4,patch_only,,0.1,0.9,same_grid_second_order,,,,,bottomk_mean,0.4,3,3,0.0005889281746931374,0.015312131494283676,0.013839811086654663,0.013839811086654663
annotated,Sora,mblegal_943880865%2Fmd.mp4,patch_only,,0.1,0.9,same_grid_second_order,,,,,bottomk_mean,0.4,3,3,0.10600706934928894,0.4228504002094269,0.391166090965271,0.391166090965271
annotated,Sora,mchyke_267318924%2Fmd.mp4,patch_only,,0.1,0.9,same_grid_second_order,,,,,bottomk_mean,0.4,3,3,0.08892814815044403,0.018845701590180397,0.025853944942355156,0.025853944942355156
annotated,Sora,mcmoshe_69758465%2Fmd.mp4,patch_only,,0.1,0.9,same_grid_second_order,,,,,bottomk_mean,0.4,3,3,0.040047112852334976,0.011189634911715984,0.014075382612645626,0.014075382612645626
annotated,Sora,mcomlan_287194423%2Fmd.mp4,patch_only,,0.1,0.9,same_grid_second_order,,,,,bottomk_mean,0.4,3,3,0.022968197241425514,0.03474676236510277,0.03356890380382538,0.03356890380382538
annotated,Sora,med32_795280142%2Fmd.mp4,patch_only,,0.1,0.9,same_grid_second_order,,,,,bottomk_mean,0.4,3,3,0.17667844891548157,0.012367491610348225,0.028798585757613182,0.028798585757613182
annotated,Sora,medicaldetective1_908697545%2Fmd.mp4,patch_only,,0.1,0.9,same_grid_second_order,,,,,bottomk_mean,0.4,3,3,0.49057716131210327,0.0924617201089859,0.13227325677871704,0.13227325677871704
annotated,Sora,medogtunes_385142022%2Fmd.mp4,patch_only,,0.1,0.9,same_grid_second_order,,,,,bottomk_mean,0.4,3,3,0.04829210788011551,0.07656066119670868,0.07373380661010742,0.07373380661010742
annotated,Sora,mehdee_mh_391433449%2Fmd.mp4,patch_only,,0.1,0.9,same_grid_second_order,,,,,bottomk_mean,0.4,3,3,0.07773851603269577,0.05418138951063156,0.05653710290789604,0.05653710290789604
annotated,Sora,mei3xxx_273654546%2Fmd.mp4,patch_only,,0.1,0.9,same_grid_second_order,,,,,bottomk_mean,0.4,3,3,0.01472320407629013,0.01295641902834177,0.013133097440004349,0.013133097440004349
annotated,Sora,meisech_339250796%2Fmd.mp4,patch_only,,0.1,0.9,same_grid_second_order,,,,,bottomk_mean,0.4,3,3,0.0,0.002944640815258026,0.002650176640599966,0.002650176640599966
annotated,Sora,melissaleal_881460246%2Fmd.mp4,patch_only,,0.1,0.9,same_grid_second_order,,,,,bottomk_mean,0.4,3,3,0.0806831568479538,0.08303886651992798,0.08280330151319504,0.08280330151319504
annotated,Sora,mema1892_599666759%2Fmd.mp4,patch_only,,0.1,0.9,same_grid_second_order,,,,,bottomk_mean,0.4,3,3,0.03297997638583183,0.010600706562399864,0.012838633731007576,0.012838633731007576
annotated,Sora,menuts_617367556%2Fmd.mp4,patch_only,,0.1,0.9,same_grid_second_order,,,,,bottomk_mean,0.4,3,3,0.4817432165145874,0.2332155406475067,0.258068323135376,0.258068323135376
annotated,Sora,meotor_983822491%2Fmd.mp4,patch_only,,0.1,0.9,same_grid_second_order,,,,,bottomk_mean,0.4,3,3,0.08951707929372787,0.04240282624959946,0.04711425304412842,0.04711425304412842
annotated,Sora,meou_893714378%2Fmd.mp4,patch_only,,0.1,0.9,same_grid_second_order,,,,,bottomk_mean,0.4,3,3,0.3786807954311371,0.004122497048228979,0.041578326374292374,0.041578326374292374
annotated,Sora,meow2122_624463230%2Fmd.mp4,patch_only,,0.1,0.9,same_grid_second_order,,,,,bottomk_mean,0.4,3,3,0.01354534737765789,0.07243816554546356,0.06654888391494751,0.06654888391494751
annotated,Sora,meow_404_335135671%2Fmd.mp4,patch_only,,0.1,0.9,same_grid_second_order,,,,,bottomk_mean,0.4,3,3,0.7620730400085449,0.030035335570573807,0.10323910415172577,0.10323910415172577
annotated,Sora,mernz24_145894670%2Fmd.mp4,patch_only,,0.1,0.9,same_grid_second_order,,,,,bottomk_mean,0.4,3,3,0.07243816554546356,0.16902238130569458,0.15936395525932312,0.15936395525932312
annotated,Sora,meshashee_792723333%2Fmd.mp4,patch_only,,0.1,0.9,same_grid_second_order,,,,,bottomk_mean,0.4,3,3,0.4764428734779358,0.3138987123966217,0.33015310764312744,0.33015310764312744
annotated,Sora,metatroncube_774432556%2Fmd.mp4,patch_only,,0.1,0.9,same_grid_second_order,,,,,bottomk_mean,0.4,3,3,0.2096584290266037,0.026501767337322235,0.04481743276119232,0.04481743276119232
annotated,Sora,metaversa_22930850%2Fmd.mp4,patch_only,,0.1,0.9,same_grid_second_order,,,,,bottomk_mean,0.4,3,3,0.4075382947921753,0.04240282624959946,0.07891637086868286,0.07891637086868286
annotated,Sora,meths22_8155683%2Fmd.mp4,patch_only,,0.1,0.9,same_grid_second_order,,,,,bottomk_mean,0.4,3,3,0.38869258761405945,0.08009422570466995,0.11095406115055084,0.11095406115055084
annotated,Sora,mffi_194115403%2Fmd.mp4,patch_only,,0.1,0.9,same_grid_second_order,,,,,bottomk_mean,0.4,3,3,0.1837455779314041,0.020612485706806183,0.036925796419382095,0.036925796419382095
annotated,Sora,mgdtools_143910281%2Fmd.mp4,patch_only,,0.1,0.9,same_grid_second_order,,,,,bottomk_mean,0.4,3,3,0.06949352473020554,0.07126030325889587,0.07108362764120102,0.07108362764120102
annotated,Sora,mhatipo_212052818%2Fmd.mp4,patch_only,,0.1,0.9,same_grid_second_order,,,,,bottomk_mean,0.4,3,3,0.036513544619083405,0.020612485706806183,0.022202590480446815,0.022202590480446815
annotated,Sora,michaelcs_550674407%2Fmd.mp4,patch_only,,0.1,0.9,same_grid_second_order,,,,,bottomk_mean,0.4,3,3,0.7208480834960938,0.22202591598033905,0.27190813422203064,0.27190813422203064
annotated,Sora,michal12345_793659239%2Fmd.mp4,patch_only,,0.1,0.9,same_grid_second_order,,,,,bottomk_mean,0.4,3,3,0.053592462092638016,0.0,0.0053592463955283165,0.0053592463955283165
annotated,Sora,michealarun_124204376%2Fmd.mp4,patch_only,,0.1,0.9,same_grid_second_order,,,,,bottomk_mean,0.4,3,3,0.052414607256650925,0.018845701590180397,0.022202590480446815,0.022202590480446815
annotated,Sora,michelesalvemini_908098194%2Fmd.mp4,patch_only,,0.1,0.9,same_grid_second_order,,,,,bottomk_mean,0.4,3,3,0.18080094456672668,0.048881035298109055,0.06207302585244179,0.06207302585244179
annotated,Sora,miele123_969486541%2Fmd.mp4,patch_only,,0.1,0.9,same_grid_second_order,,,,,bottomk_mean,0.4,3,3,0.16313309967517853,0.0035335689317435026,0.019493522122502327,0.019493522122502327
annotated,Sora,migueldamasmd_64696416%2Fmd.mp4,patch_only,,0.1,0.9,same_grid_second_order,,,,,bottomk_mean,0.4,3,3,0.2850412130355835,0.04711425304412842,0.07090695202350616,0.07090695202350616
annotated,Sora,miina-nana_85291939%2Fmd.mp4,patch_only,,0.1,0.9,same_grid_second_order,,,,,bottomk_mean,0.4,3,3,0.09717314690351486,0.007067137863487005,0.016077738255262375,0.016077738255262375
annotated,Sora,mikealbert99_87574649%2Fmd.mp4,patch_only,,0.1,0.9,same_grid_second_order,,,,,bottomk_mean,0.4,3,3,0.02591283805668354,0.018845701590180397,0.01955241523683071,0.01955241523683071
annotated,Sora,mikeberlin_751491130%2Fmd.mp4,patch_only,,0.1,0.9,same_grid_second_order,,,,,bottomk_mean,0.4,3,3,0.0023557126987725496,0.0005889281746931374,0.000765606586355716,0.000765606586355716
annotated,Sora,mikebpolo_714766101%2Fmd.mp4,patch_only,,0.1,0.9,same_grid_second_order,,,,,bottomk_mean,0.4,3,3,0.004122497048228979,0.0005889281746931374,0.0009422850562259555,0.0009422850562259555
annotated,Sora,mikonorip_346563989%2Fmd.mp4,patch_only,,0.1,0.9,same_grid_second_order,,,,,bottomk_mean,0.4,3,3,0.010011778213083744,0.01590106077492237,0.015312131494283676,0.015312131494283676
annotated,Sora,millernew_408643075%2Fmd.mp4,patch_only,,0.1,0.9,same_grid_second_order,,,,,bottomk_mean,0.4,3,3,0.17255595326423645,0.002944640815258026,0.01990577206015587,0.01990577206015587
annotated,Sora,miltsch_799475534%2Fmd.mp4,patch_only,,0.1,0.9,same_grid_second_order,,,,,bottomk_mean,0.4,3,3,0.005889281630516052,0.01590106077492237,0.01489988248795271,0.01489988248795271
annotated,Sora,min-seokcho_439384052%2Fmd.mp4,patch_only,,0.1,0.9,same_grid_second_order,,,,,bottomk_mean,0.4,3,3,0.3604240417480469,0.022968197241425514,0.056713782250881195,0.056713782250881195
annotated,Sora,minerbr_865672258%2Fmd.mp4,patch_only,,0.1,0.9,same_grid_second_order,,,,,bottomk_mean,0.4,3,3,0.14546525478363037,0.01590106077492237,0.028857478871941566,0.028857478871941566
annotated,Sora,minimoments_29906066%2Fmd.mp4,patch_only,,0.1,0.9,same_grid_second_order,,,,,bottomk_mean,0.4,3,3,0.02120141312479973,0.0035335689317435026,0.005300353281199932,0.005300353281199932
annotated,Sora,minn528_266650598%2Fmd.mp4,patch_only,,0.1,0.9,same_grid_second_order,,,,,bottomk_mean,0.4,3,3,0.041224971413612366,0.17137809097766876,0.15836277604103088,0.15836277604103088
annotated,Sora,minto_56_304280054%2Fmd.mp4,patch_only,,0.1,0.9,same_grid_second_order,,,,,bottomk_mean,0.4,3,3,0.0677267387509346,0.0005889281746931374,0.007302708923816681,0.007302708923816681
annotated,Sora,mirfozil_329285933%2Fmd.mp4,patch_only,,0.1,0.9,same_grid_second_order,,,,,bottomk_mean,0.4,3,3,0.5424028038978577,0.3604240417480469,0.378621906042099,0.378621906042099
annotated,Sora,mirianweber_321307117%2Fmd.mp4,patch_only,,0.1,0.9,same_grid_second_order,,,,,bottomk_mean,0.4,3,3,0.3097762167453766,0.012367491610348225,0.04210836440324783,0.04210836440324783
annotated,Sora,missicsart_909039448%2Fmd.mp4,patch_only,,0.1,0.9,same_grid_second_order,,,,,bottomk_mean,0.4,3,3,0.050058893859386444,0.005300353281199932,0.009776207618415356,0.009776207618415356
annotated,Sora,missionary0_517250858%2Fmd.mp4,patch_only,,0.1,0.9,same_grid_second_order,,,,,bottomk_mean,0.4,3,3,0.047703180462121964,0.02237926982343197,0.024911660701036453,0.024911660701036453
annotated,Sora,mitwok_490143289%2Fmd.mp4,patch_only,,0.1,0.9,same_grid_second_order,,,,,bottomk_mean,0.4,3,3,0.0005889281746931374,0.03239104896783829,0.029210835695266724,0.029210835695266724
annotated,Sora,miya_zzq_768646018%2Fmd.mp4,patch_only,,0.1,0.9,same_grid_second_order,,,,,bottomk_mean,0.4,3,3,0.027679622173309326,0.36277973651885986,0.32926973700523376,0.32926973700523376
annotated,Sora,mjcjrfl77_713619446%2Fmd.mp4,patch_only,,0.1,0.9,same_grid_second_order,,,,,bottomk_mean,0.4,3,3,0.002944640815258026,0.0023557126987725496,0.0024146053474396467,0.0024146053474396467
annotated,Sora,mmc2_475991045%2Fmd.mp4,patch_only,,0.1,0.9,same_grid_second_order,,,,,bottomk_mean,0.4,3,3,0.06890459358692169,0.024146053940057755,0.028621908277273178,0.028621908277273178
annotated,Sora,mmetano_338016144%2Fmd.mp4,patch_only,,0.1,0.9,same_grid_second_order,,,,,bottomk_mean,0.4,3,3,0.24440518021583557,0.038869258016347885,0.059422850608825684,0.059422850608825684
annotated,Sora,mmi0290bgmailcom_100784815%2Fmd.mp4,patch_only,,0.1,0.9,same_grid_second_order,,,,,bottomk_mean,0.4,3,3,0.030035335570573807,0.0005889281746931374,0.0035335689317435026,0.0035335689317435026
annotated,Sora,mnsmerch_79424590%2Fmd.mp4,patch_only,,0.1,0.9,same_grid_second_order,,,,,bottomk_mean,0.4,3,3,0.040047112852334976,0.04711425304412842,0.046407539397478104,0.046407539397478104
annotated,Sora,moazzamk_606515066%2Fmd.mp4,patch_only,,0.1,0.9,same_grid_second_order,,,,,bottomk_mean,0.4,3,3,0.4281507730484009,0.2620730400085449,0.27868080139160156,0.27868080139160156
annotated,Sora,mobeka1_220867295%2Fmd.mp4,patch_only,,0.1,0.9,same_grid_second_order,,,,,bottomk_mean,0.4,3,3,0.1560659557580948,0.021790342405438423,0.035217903554439545,0.035217903554439545
annotated,Sora,mobilemenders_351687080%2Fmd.mp4,patch_only,,0.1,0.9,same_grid_second_order,,,,,bottomk_mean,0.4,3,3,0.0,0.004711425397545099,0.004240282811224461,0.004240282811224461
annotated,Sora,moha_666_254310782%2Fmd.mp4,patch_only,,0.1,0.9,same_grid_second_order,,,,,bottomk_mean,0.4,3,3,0.026501767337322235,0.010600706562399864,0.012190812267363071,0.012190812267363071
annotated,Sora,moizdxb_944100187%2Fmd.mp4,patch_only,,0.1,0.9,same_grid_second_order,,,,,bottomk_mean,0.4,3,3,0.3798586428165436,0.0035335689317435026,0.04116607829928398,0.04116607829928398
annotated,Sora,momenttowonder_992482655%2Fmd.mp4,patch_only,,0.1,0.9,same_grid_second_order,,,,,bottomk_mean,0.4,3,3,0.08127208799123764,0.16195523738861084,0.15388692915439606,0.15388692915439606
annotated,Sora,moni010100_364669447%2Fmd.mp4,patch_only,,0.1,0.9,same_grid_second_order,,,,,bottomk_mean,0.4,3,3,0.08951707929372787,0.17432273924350739,0.16584216058254242,0.16584216058254242
annotated,Sora,monkeyhumaniscute_691423745%2Fmd.mp4,patch_only,,0.1,0.9,same_grid_second_order,,,,,bottomk_mean,0.4,3,3,0.36925795674324036,0.07479387521743774,0.104240283370018,0.104240283370018
annotated,Sora,mookkie_978014952%2Fmd.mp4,patch_only,,0.1,0.9,same_grid_second_order,,,,,bottomk_mean,0.4,3,3,0.01295641902834177,0.0005889281746931374,0.0018256772309541702,0.0018256772309541702
annotated,Sora,moonshot1234_810382082%2Fmd.mp4,patch_only,,0.1,0.9,same_grid_second_order,,,,,bottomk_mean,0.4,3,3,0.030035335570573807,0.011778563261032104,0.013604240491986275,0.013604240491986275
annotated,Sora,mooseyjd_495427237%2Fmd.mp4,patch_only,,0.1,0.9,same_grid_second_order,,,,,bottomk_mean,0.4,3,3,0.18963485956192017,0.026501767337322235,0.04281507804989815,0.04281507804989815
annotated,Sora,motiet_806585431%2Fmd.mp4,patch_only,,0.1,0.9,same_grid_second_order,,,,,bottomk_mean,0.4,3,3,0.2632508873939514,0.01295641902834177,0.03798586502671242,0.03798586502671242
annotated,Sora,moz666_620584293%2Fmd.mp4,patch_only,,0.1,0.9,same_grid_second_order,,,,,bottomk_mean,0.4,3,3,0.02120141312479973,0.05653710290789604,0.05300353467464447,0.05300353467464447
annotated,Sora,mrcoaching_155245533%2Fmd.mp4,patch_only,,0.1,0.9,same_grid_second_order,,,,,bottomk_mean,0.4,3,3,0.4793875217437744,0.26501765847206116,0.2864546477794647,0.2864546477794647
annotated,Sora,mrgreensmoke_106680126%2Fmd.mp4,patch_only,,0.1,0.9,same_grid_second_order,,,,,bottomk_mean,0.4,3,3,0.29210835695266724,0.43934041261672974,0.424617201089859,0.424617201089859
annotated,Sora,mrjamiemitchell_88303293%2Fmd.mp4,patch_only,,0.1,0.9,same_grid_second_order,,,,,bottomk_mean,0.4,3,3,0.08303886651992798,0.011189634911715984,0.01837455853819847,0.01837455853819847
annotated,Sora,mrkumaar_233381987%2Fmd.mp4,patch_only,,0.1,0.9,same_grid_second_order,,,,,bottomk_mean,0.4,3,3,0.25971731543540955,0.009422850795090199,0.034452296793460846,0.034452296793460846
annotated,Sora,mrmujo_319813296%2Fmd.mp4,patch_only,,0.1,0.9,same_grid_second_order,,,,,bottomk_mean,0.4,3,3,0.048881035298109055,0.0017667844658717513,0.006478209514170885,0.006478209514170885
annotated,Sora,mrosst_watermarked.mp4,patch_only,,0.1,0.9,same_grid_second_order,,,,,bottomk_mean,0.4,3,3,0.018845701590180397,0.028857478871941566,0.02785630151629448,0.02785630151629448
annotated,Sora,mrysbekov_308992830%2Fmd.mp4,patch_only,,0.1,0.9,same_grid_second_order,,,,,bottomk_mean,0.4,3,3,0.2603062391281128,0.004122497048228979,0.029740871861577034,0.029740871861577034
annotated,Sora,mtuala_669125922%2Fmd.mp4,patch_only,,0.1,0.9,same_grid_second_order,,,,,bottomk_mean,0.4,3,3,0.4310953915119171,0.11778563261032104,0.1491166055202484,0.1491166055202484
annotated,Sora,mtwhitmire_308362190%2Fmd.mp4,patch_only,,0.1,0.9,same_grid_second_order,,,,,bottomk_mean,0.4,3,3,0.018845701590180397,0.028857478871941566,0.02785630151629448,0.02785630151629448
annotated,Sora,munju_594508189%2Fmd.mp4,patch_only,,0.1,0.9,same_grid_second_order,,,,,bottomk_mean,0.4,3,3,0.6160188317298889,0.12308598309755325,0.172379270195961,0.172379270195961
annotated,Sora,murf890_938448865%2Fmd.mp4,patch_only,,0.1,0.9,same_grid_second_order,,,,,bottomk_mean,0.4,3,3,0.06478209793567657,0.0035335689317435026,0.009658421389758587,0.009658421389758587
annotated,Sora,mursii_322390153%2Fmd.mp4,patch_only,,0.1,0.9,same_grid_second_order,,,,,bottomk_mean,0.4,3,3,0.018845701590180397,0.005889281630516052,0.007184923626482487,0.007184923626482487
annotated,Sora,murukku12345_543572519%2Fmd.mp4,patch_only,,0.1,0.9,same_grid_second_order,,,,,bottomk_mean,0.4,3,3,0.002944640815258026,0.0005889281746931374,0.0008244994096457958,0.0008244994096457958
annotated,Sora,mydesk-jesper_196804815%2Fmd.mp4,patch_only,,0.1,0.9,same_grid_second_order,,,,,bottomk_mean,0.4,3,3,0.5117785334587097,0.14428739249706268,0.18103651702404022,0.18103651702404022
annotated,Sora,myffisto_395080599%2Fmd.mp4,patch_only,,0.1,0.9,same_grid_second_order,,,,,bottomk_mean,0.4,3,3,0.15842166543006897,0.2656065821647644,0.254888117313385,0.254888117313385
annotated,Sora,myhorus_147210941%2Fmd.mp4,patch_only,,0.1,0.9,same_grid_second_order,,,,,bottomk_mean,0.4,3,3,0.10070671141147614,0.356890469789505,0.33127209544181824,0.33127209544181824
annotated,Sora,mysisterandi_264347686%2Fmd.mp4,patch_only,,0.1,0.9,same_grid_second_order,,,,,bottomk_mean,0.4,3,3,0.3097762167453766,0.22555948793888092,0.2339811474084854,0.2339811474084854
annotated,Sora,mysticnomadmuse_458158329%2Fmd.mp4,patch_only,,0.1,0.9,same_grid_second_order,,,,,bottomk_mean,0.4,3,3,0.2396937608718872,0.14605417847633362,0.15541814267635345,0.15541814267635345
annotated,Sora,mywebistop_675589014%2Fmd.mp4,patch_only,,0.1,0.9,same_grid_second_order,,,,,bottomk_mean,0.4,3,3,0.08362779766321182,0.07302708923816681,0.07408715784549713,0.07408715784549713
annotated,Sora,mywm_242750446%2Fmd.mp4,patch_only,,0.1,0.9,same_grid_second_order,,,,,bottomk_mean,0.4,3,3,0.041224971413612366,0.009422850795090199,0.012603062205016613,0.012603062205016613
annotated,Sora,nadaaltaher_584598434%2Fmd.mp4,patch_only,,0.1,0.9,same_grid_second_order,,,,,bottomk_mean,0.4,3,3,0.11778563261032104,0.03710247203707695,0.04517078772187233,0.04517078772187233
annotated,Sora,nahuel_c_495820071%2Fmd.mp4,patch_only,,0.1,0.9,same_grid_second_order,,,,,bottomk_mean,0.4,3,3,0.0,0.0017667844658717513,0.0015901060542091727,0.0015901060542091727
annotated,Sora,nakapike_872347434%2Fmd.mp4,patch_only,,0.1,0.9,same_grid_second_order,,,,,bottomk_mean,0.4,3,3,0.04416961222887039,0.0,0.004416961222887039,0.004416961222887039
annotated,Sora,nana0307_655072498%2Fmd.mp4,patch_only,,0.1,0.9,same_grid_second_order,,,,,bottomk_mean,0.4,3,3,0.06595995277166367,0.06301531195640564,0.06330977380275726,0.06330977380275726
annotated,Sora,nanigaski696_773350383%2Fmd.mp4,patch_only,,0.1,0.9,same_grid_second_order,,,,,bottomk_mean,0.4,3,3,0.16843345761299133,0.006478209514170885,0.02267373353242874,0.02267373353242874
annotated,Sora,nannytip_516229679%2Fmd.mp4,patch_only,,0.1,0.9,same_grid_second_order,,,,,bottomk_mean,0.4,3,3,0.7155476808547974,0.21142520010471344,0.2618374526500702,0.2618374526500702
annotated,Sora,naosmee_494256556%2Fmd.mp4,patch_only,,0.1,0.9,same_grid_second_order,,,,,bottomk_mean,0.4,3,3,0.05535924434661865,0.02473498322069645,0.027797408401966095,0.027797408401966095
annotated,Sora,naseef_ironic_846574969%2Fmd.mp4,patch_only,,0.1,0.9,same_grid_second_order,,,,,bottomk_mean,0.4,3,3,0.10070671141147614,0.4128386378288269,0.3816254436969757,0.3816254436969757
annotated,Sora,nate24_461546493%2Fmd.mp4,patch_only,,0.1,0.9,same_grid_second_order,,,,,bottomk_mean,0.4,3,3,0.13368669152259827,0.017667844891548157,0.029269728809595108,0.029269728809595108
annotated,Sora,natielo_817618579%2Fmd.mp4,patch_only,,0.1,0.9,same_grid_second_order,,,,,bottomk_mean,0.4,3,3,0.3816254436969757,0.5541813969612122,0.5369257926940918,0.5369257926940918
annotated,Sora,natparsons_462842676%2Fmd.mp4,patch_only,,0.1,0.9,same_grid_second_order,,,,,bottomk_mean,0.4,3,3,0.004122497048228979,0.005300353281199932,0.005182567518204451,0.005182567518204451
annotated,Sora,naturebd_47922430%2Fmd.mp4,patch_only,,0.1,0.9,same_grid_second_order,,,,,bottomk_mean,0.4,3,3,0.0677267387509346,0.01295641902834177,0.018433451652526855,0.018433451652526855
annotated,Sora,nazare123_842652393%2Fmd.mp4,patch_only,,0.1,0.9,same_grid_second_order,,,,,bottomk_mean,0.4,3,3,0.1054181382060051,0.0023557126987725496,0.012661955319344997,0.012661955319344997
annotated,Sora,ncs_nltn_738003011%2Fmd.mp4,patch_only,,0.1,0.9,same_grid_second_order,,,,,bottomk_mean,0.4,3,3,0.06949352473020554,0.006478209514170885,0.012779740616679192,0.012779740616679192
annotated,Sora,nd98_777603026%2Fmd.mp4,patch_only,,0.1,0.9,same_grid_second_order,,,,,bottomk_mean,0.4,3,3,0.08186101168394089,0.21967020630836487,0.2058892846107483,0.2058892846107483
annotated,Sora,neabada_363605853%2Fmd.mp4,patch_only,,0.1,0.9,same_grid_second_order,,,,,bottomk_mean,0.4,3,3,0.5965842008590698,0.49411073327064514,0.5043580532073975,0.5043580532073975
annotated,Sora,nebojsha_440771721%2Fmd.mp4,patch_only,,0.1,0.9,same_grid_second_order,,,,,bottomk_mean,0.4,3,3,0.01472320407629013,0.0017667844658717513,0.003062426345422864,0.003062426345422864
annotated,Sora,neilcoetzer_734213131%2Fmd.mp4,patch_only,,0.1,0.9,same_grid_second_order,,,,,bottomk_mean,0.4,3,3,0.10070671141147614,0.10365135222673416,0.10335689038038254,0.10335689038038254
annotated,Sora,neles_829044731%2Fmd.mp4,patch_only,,0.1,0.9,same_grid_second_order,,,,,bottomk_mean,0.4,3,3,0.010600706562399864,0.0023557126987725496,0.0031802121084183455,0.0031802121084183455
annotated,Sora,neliepop_789120052%2Fmd.mp4,patch_only,,0.1,0.9,same_grid_second_order,,,,,bottomk_mean,0.4,3,3,0.02120141312479973,0.011778563261032104,0.012720848433673382,0.012720848433673382
annotated,Sora,nenogt_324502827%2Fmd.mp4,patch_only,,0.1,0.9,same_grid_second_order,,,,,bottomk_mean,0.4,3,3,0.14782096445560455,0.18138986825942993,0.1780329793691635,0.1780329793691635
annotated,Sora,neo_star_837223296%2Fmd.mp4,patch_only,,0.1,0.9,same_grid_second_order,,,,,bottomk_mean,0.4,3,3,0.018845701590180397,0.018845701590180397,0.018845701590180397,0.018845701590180397
annotated,Sora,neolithicfarming_261906809%2Fmd.mp4,patch_only,,0.1,0.9,same_grid_second_order,,,,,bottomk_mean,0.4,3,3,0.018845701590180397,0.0005889281746931374,0.0024146053474396467,0.0024146053474396467
annotated,Sora,neovii_479248543%2Fmd.mp4,patch_only,,0.1,0.9,same_grid_second_order,,,,,bottomk_mean,0.4,3,3,0.10895171016454697,0.0005889281746931374,0.011425206437706947,0.011425206437706947
annotated,Sora,nerimal_257200770%2Fmd.mp4,patch_only,,0.1,0.9,same_grid_second_order,,,,,bottomk_mean,0.4,3,3,0.5753828287124634,0.1861013025045395,0.22502945363521576,0.22502945363521576
annotated,Sora,nerof76_179217329%2Fmd.mp4,patch_only,,0.1,0.9,same_grid_second_order,,,,,bottomk_mean,0.4,3,3,0.05064782127737999,0.09363957494497299,0.08934040367603302,0.08934040367603302
annotated,Sora,netrunner04_511382613%2Fmd.mp4,patch_only,,0.1,0.9,same_grid_second_order,,,,,bottomk_mean,0.4,3,3,0.03592461720108986,0.01295641902834177,0.015253239311277866,0.015253239311277866
annotated,Sora,newuser123333_972635580%2Fmd.mp4,patch_only,,0.1,0.9,same_grid_second_order,,,,,bottomk_mean,0.4,3,3,0.04475853964686394,0.05653710290789604,0.05535924434661865,0.05535924434661865
annotated,Sora,nginoid_480719763%2Fmd.mp4,patch_only,,0.1,0.9,same_grid_second_order,,,,,bottomk_mean,0.4,3,3,0.018845701590180397,0.0005889281746931374,0.0024146053474396467,0.0024146053474396467
annotated,Sora,nguyenhieuls_243551143%2Fmd.mp4,patch_only,,0.1,0.9,same_grid_second_order,,,,,bottomk_mean,0.4,3,3,0.5235571265220642,0.6519434452056885,0.6391048431396484,0.6391048431396484
annotated,Sora,nicholtn_170685276%2Fmd.mp4,patch_only,,0.1,0.9,same_grid_second_order,,,,,bottomk_mean,0.4,3,3,0.10482921451330185,0.020612485706806183,0.02903415821492672,0.02903415821492672
annotated,Sora,nicksideas_859326529%2Fmd.mp4,patch_only,,0.1,0.9,same_grid_second_order,,,,,bottomk_mean,0.4,3,3,0.010011778213083744,0.06537102162837982,0.059835098683834076,0.059835098683834076
annotated,Sora,nicl1_826528268%2Fmd.mp4,patch_only,,0.1,0.9,same_grid_second_order,,,,,bottomk_mean,0.4,3,3,0.002944640815258026,0.018845701590180397,0.017255594953894615,0.017255594953894615
annotated,Sora,nile_6594_825743924%2Fmd.mp4,patch_only,,0.1,0.9,same_grid_second_order,,,,,bottomk_mean,0.4,3,3,0.20376914739608765,0.15547703206539154,0.16030624508857727,0.16030624508857727
annotated,Sora,nimbus5000_70627956%2Fmd.mp4,patch_only,,0.1,0.9,same_grid_second_order,,,,,bottomk_mean,0.4,3,3,0.09305065125226974,0.28327444195747375,0.26425206661224365,0.26425206661224365
annotated,Sora,ninad_92_282551264%2Fmd.mp4,patch_only,,0.1,0.9,same_grid_second_order,,,,,bottomk_mean,0.4,3,3,0.12838633358478546,0.017667844891548157,0.028739694505929947,0.028739694505929947
annotated,Sora,nishi8ken5_111804900%2Fmd.mp4,patch_only,,0.1,0.9,same_grid_second_order,,,,,bottomk_mean,0.4,3,3,0.04829210788011551,0.008833922445774078,0.012779740616679192,0.012779740616679192
annotated,Sora,nitin42563_709455839%2Fmd.mp4,patch_only,,0.1,0.9,same_grid_second_order,,,,,bottomk_mean,0.4,3,3,0.010600706562399864,0.002944640815258026,0.003710247343406081,0.003710247343406081
annotated,Sora,niurkamilenka_394751153%2Fmd.mp4,patch_only,,0.1,0.9,same_grid_second_order,,,,,bottomk_mean,0.4,3,3,0.022968197241425514,0.0035335689317435026,0.005477031692862511,0.005477031692862511
annotated,Sora,niyasya_588449853%2Fmd.mp4,patch_only,,0.1,0.9,same_grid_second_order,,,,,bottomk_mean,0.4,3,3,0.02120141312479973,0.0035335689317435026,0.005300353281199932,0.005300353281199932
annotated,Sora,niyazaliyev_841612778%2Fmd.mp4,patch_only,,0.1,0.9,same_grid_second_order,,,,,bottomk_mean,0.4,3,3,0.3987043499946594,0.0924617201089859,0.12308598309755325,0.12308598309755325
annotated,Sora,nk01_515387485%2Fmd.mp4,patch_only,,0.1,0.9,same_grid_second_order,,,,,bottomk_mean,0.4,3,3,0.03592461720108986,0.017078915610909462,0.018963485956192017,0.018963485956192017
annotated,Sora,noah_boa13_976875120%2Fmd.mp4,patch_only,,0.1,0.9,same_grid_second_order,,,,,bottomk_mean,0.4,3,3,0.12661954760551453,0.01295641902834177,0.024322733283042908,0.024322733283042908
annotated,Sora,noahsrv_184343623%2Fmd.mp4,patch_only,,0.1,0.9,same_grid_second_order,,,,,bottomk_mean,0.4,3,3,0.1484098881483078,0.07243816554546356,0.08003533631563187,0.08003533631563187
annotated,Sora,noboos_493017490%2Fmd.mp4,patch_only,,0.1,0.9,same_grid_second_order,,,,,bottomk_mean,0.4,3,3,0.09481742978096008,0.0795053020119667,0.0810365155339241,0.0810365155339241
annotated,Sora,nod-1_25260514%2Fmd.mp4,patch_only,,0.1,0.9,same_grid_second_order,,,,,bottomk_mean,0.4,3,3,0.08303886651992798,0.01295641902834177,0.019964665174484253,0.019964665174484253
annotated,Sora,noesisfield_767641517%2Fmd.mp4,patch_only,,0.1,0.9,same_grid_second_order,,,,,bottomk_mean,0.4,3,3,0.13368669152259827,0.004711425397545099,0.017608951777219772,0.017608951777219772
annotated,Sora,nohyoungsun_662638387%2Fmd.mp4,patch_only,,0.1,0.9,same_grid_second_order,,,,,bottomk_mean,0.4,3,3,0.48998820781707764,0.009422850795090199,0.057479389011859894,0.057479389011859894
annotated,Sora,nokonoko__289792548%2Fmd.mp4,patch_only,,0.1,0.9,same_grid_second_order,,,,,bottomk_mean,0.4,3,3,0.0017667844658717513,0.062426384538412094,0.05636042356491089,0.05636042356491089
annotated,Sora,nomad_genie_194060401%2Fmd.mp4,patch_only,,0.1,0.9,same_grid_second_order,,,,,bottomk_mean,0.4,3,3,0.03592461720108986,0.02120141312479973,0.02267373353242874,0.02267373353242874
annotated,Sora,nonene_217898570%2Fmd.mp4,patch_only,,0.1,0.9,same_grid_second_order,,,,,bottomk_mean,0.4,3,3,0.0924617201089859,0.0005889281746931374,0.009776207618415356,0.009776207618415356
annotated,Sora,notjenna_513964701%2Fmd.mp4,patch_only,,0.1,0.9,same_grid_second_order,,,,,bottomk_mean,0.4,3,3,0.02120141312479973,0.0035335689317435026,0.005300353281199932,0.005300353281199932
annotated,Sora,npecor_458161621%2Fmd.mp4,patch_only,,0.1,0.9,same_grid_second_order,,,,,bottomk_mean,0.4,3,3,0.041224971413612366,0.13368669152259827,0.1244405210018158,0.1244405210018158
annotated,Sora,nphoenix22_345629957%2Fmd.mp4,patch_only,,0.1,0.9,same_grid_second_order,,,,,bottomk_mean,0.4,3,3,0.18021202087402344,0.010011778213083744,0.027031801640987396,0.027031801640987396
annotated,Sora,numnim1125_265368961%2Fmd.mp4,patch_only,,0.1,0.9,same_grid_second_order,,,,,bottomk_mean,0.4,3,3,0.0806831568479538,0.07008244842290878,0.0711425170302391,0.0711425170302391
annotated,Sora,nyasith_585576726%2Fmd.mp4,patch_only,,0.1,0.9,same_grid_second_order,,,,,bottomk_mean,0.4,3,3,0.10482921451330185,0.002944640815258026,0.013133097440004349,0.013133097440004349
annotated,Sora,obscura_altair_34654038%2Fmd.mp4,patch_only,,0.1,0.9,same_grid_second_order,,,,,bottomk_mean,0.4,3,3,0.16372202336788177,0.025323910638689995,0.03916372358798981,0.03916372358798981
annotated,Sora,oclo_715728439%2Fmd.mp4,patch_only,,0.1,0.9,same_grid_second_order,,,,,bottomk_mean,0.4,3,3,0.09540636092424393,0.018845701590180397,0.026501767337322235,0.026501767337322235
annotated,Sora,octaviusthunder_495498540%2Fmd.mp4,patch_only,,0.1,0.9,same_grid_second_order,,,,,bottomk_mean,0.4,3,3,0.13191990554332733,0.002944640815258026,0.015842167660593987,0.015842167660593987
annotated,Sora,octopusandme_585210539%2Fmd.mp4,patch_only,,0.1,0.9,same_grid_second_order,,,,,bottomk_mean,0.4,3,3,0.04534746706485748,0.012367491610348225,0.015665488317608833,0.015665488317608833
annotated,Sora,odyax_813625445%2Fmd.mp4,patch_only,,0.1,0.9,same_grid_second_order,,,,,bottomk_mean,0.4,3,3,0.12720848619937897,0.07184923440217972,0.07738515734672546,0.07738515734672546
annotated,Sora,ogbadd_66891882%2Fmd.mp4,patch_only,,0.1,0.9,same_grid_second_order,,,,,bottomk_mean,0.4,3,3,0.0,0.0023557126987725496,0.0021201414056122303,0.0021201414056122303
annotated,Sora,ogbigmak_832729197%2Fmd.mp4,patch_only,,0.1,0.9,same_grid_second_order,,,,,bottomk_mean,0.4,3,3,0.10482921451330185,0.010600706562399864,0.020023556426167488,0.020023556426167488
annotated,Sora,ogguys_785445373%2Fmd.mp4,patch_only,,0.1,0.9,same_grid_second_order,,,,,bottomk_mean,0.4,3,3,0.0,0.0035335689317435026,0.0031802121084183455,0.0031802121084183455
annotated,Sora,okinand_351793707%2Fmd.mp4,patch_only,,0.1,0.9,same_grid_second_order,,,,,bottomk_mean,0.4,3,3,0.020612485706806183,0.16254417598247528,0.14835099875926971,0.14835099875926971
annotated,Sora,olastech_199457569%2Fmd.mp4,patch_only,,0.1,0.9,same_grid_second_order,,,,,bottomk_mean,0.4,3,3,0.49057716131210327,0.6248527765274048,0.6114252209663391,0.6114252209663391
annotated,Sora,olga345_405485455%2Fmd.mp4,patch_only,,0.1,0.9,same_grid_second_order,,,,,bottomk_mean,0.4,3,3,0.002944640815258026,0.0035335689317435026,0.003474676050245762,0.003474676050245762
annotated,Sora,olga_rus85_577453942%2Fmd.mp4,patch_only,,0.1,0.9,same_grid_second_order,,,,,bottomk_mean,0.4,3,3,0.40459364652633667,0.08480565249919891,0.11678445339202881,0.11678445339202881
annotated,Sora,olgamerzlyakova_963491632%2Fmd.mp4,patch_only,,0.1,0.9,same_grid_second_order,,,,,bottomk_mean,0.4,3,3,0.034157831221818924,0.010011778213083744,0.012426383793354034,0.012426383793354034
annotated,Sora,oliversantos_51554786%2Fmd.mp4,patch_only,,0.1,0.9,same_grid_second_order,,,,,bottomk_mean,0.4,3,3,0.3256772756576538,0.08775029331445694,0.11154299229383469,0.11154299229383469
annotated,Sora,olivier1223455_563698350%2Fmd.mp4,patch_only,,0.1,0.9,same_grid_second_order,,,,,bottomk_mean,0.4,3,3,0.7155476808547974,0.16489988565444946,0.2199646681547165,0.2199646681547165
annotated,Sora,omegavid_440368737%2Fmd.mp4,patch_only,,0.1,0.9,same_grid_second_order,,,,,bottomk_mean,0.4,3,3,0.27915194630622864,0.10247349739074707,0.12014134228229523,0.12014134228229523
annotated,Sora,onebitewolrd_534629260%2Fmd.mp4,patch_only,,0.1,0.9,same_grid_second_order,,,,,bottomk_mean,0.4,3,3,0.050058893859386444,0.08716136962175369,0.08345112204551697,0.08345112204551697
annotated,Sora,onewayagencyro_676718388%2Fmd.mp4,patch_only,,0.1,0.9,same_grid_second_order,,,,,bottomk_mean,0.4,3,3,0.12426383793354034,0.009422850795090199,0.020906949415802956,0.020906949415802956
annotated,Sora,onewestside_183696504%2Fmd.mp4,patch_only,,0.1,0.9,same_grid_second_order,,,,,bottomk_mean,0.4,3,3,0.10129564255475998,0.0677267387509346,0.07108362764120102,0.07108362764120102
annotated,Sora,optimka_778498472%2Fmd.mp4,patch_only,,0.1,0.9,same_grid_second_order,,,,,bottomk_mean,0.4,3,3,0.10718492418527603,0.0005889281746931374,0.011248528026044369,0.011248528026044369
annotated,Sora,organicspree_952205204%2Fmd.mp4,patch_only,,0.1,0.9,same_grid_second_order,,,,,bottomk_mean,0.4,3,3,0.49823322892189026,0.44051826000213623,0.4462897479534149,0.4462897479534149
annotated,Sora,ormanbeckles_193195260%2Fmd.mp4,patch_only,,0.1,0.9,same_grid_second_order,,,,,bottomk_mean,0.4,3,3,0.02473498322069645,0.028857478871941566,0.028445228934288025,0.028445228934288025
annotated,Sora,osobear_335488631%2Fmd.mp4,patch_only,,0.1,0.9,same_grid_second_order,,,,,bottomk_mean,0.4,3,3,0.432273268699646,0.21790342032909393,0.2393403947353363,0.2393403947353363
annotated,Sora,ourhosting_293106736%2Fmd.mp4,patch_only,,0.1,0.9,same_grid_second_order,,,,,bottomk_mean,0.4,3,3,0.02473498322069645,0.028857478871941566,0.028445228934288025,0.028445228934288025
annotated,Sora,p_adamovich_811253046%2Fmd.mp4,patch_only,,0.1,0.9,same_grid_second_order,,,,,bottomk_mean,0.4,3,3,0.09599529206752777,0.09305065125226974,0.09334511309862137,0.09334511309862137
annotated,Sora,pablank_91903847%2Fmd.mp4,patch_only,,0.1,0.9,same_grid_second_order,,,,,bottomk_mean,0.4,3,3,0.39104828238487244,0.08362779766321182,0.11436984688043594,0.11436984688043594
annotated,Sora,padustudio_432639649%2Fmd.mp4,patch_only,,0.1,0.9,same_grid_second_order,,,,,bottomk_mean,0.4,3,3,0.21967020630836487,0.0005889281746931374,0.022497056052088737,0.022497056052088737
annotated,Sora,paitoonvar_388874422%2Fmd.mp4,patch_only,,0.1,0.9,same_grid_second_order,,,,,bottomk_mean,0.4,3,3,0.03945818543434143,0.0035335689317435026,0.007126030512154102,0.007126030512154102
annotated,Sora,pajab_183422548%2Fmd.mp4,patch_only,,0.1,0.9,same_grid_second_order,,,,,bottomk_mean,0.4,3,3,0.027679622173309326,0.038869258016347885,0.03775029629468918,0.03775029629468918
annotated,Sora,palagio91_306235273%2Fmd.mp4,patch_only,,0.1,0.9,same_grid_second_order,,,,,bottomk_mean,0.4,3,3,0.002944640815258026,0.0005889281746931374,0.0008244994096457958,0.0008244994096457958
annotated,Sora,palm23_watermarked.mp4,patch_only,,0.1,0.9,same_grid_second_order,,,,,bottomk_mean,0.4,3,3,0.10895171016454697,0.005300353281199932,0.015665488317608833,0.015665488317608833
annotated,Sora,palpunuri_423229998%2Fmd.mp4,patch_only,,0.1,0.9,same_grid_second_order,,,,,bottomk_mean,0.4,3,3,0.020023556426167488,0.018256772309541702,0.018433451652526855,0.018433451652526855
annotated,Sora,panchocordova11_349982004%2Fmd.mp4,patch_only,,0.1,0.9,same_grid_second_order,,,,,bottomk_mean,0.4,3,3,0.015312131494283676,0.0005889281746931374,0.0020612485241144896,0.0020612485241144896
annotated,Sora,panda_1996_186911185%2Fmd.mp4,patch_only,,0.1,0.9,same_grid_second_order,,,,,bottomk_mean,0.4,3,3,0.02709069475531578,0.0035335689317435026,0.005889281630516052,0.005889281630516052
annotated,Sora,pangmaoaaa_231904363%2Fmd.mp4,patch_only,,0.1,0.9,same_grid_second_order,,,,,bottomk_mean,0.4,3,3,0.041224971413612366,0.10011778771877289,0.09422850608825684,0.09422850608825684
annotated,Sora,papbk_413387427%2Fmd.mp4,patch_only,,0.1,0.9,same_grid_second_order,,,,,bottomk_mean,0.4,3,3,0.11778563261032104,0.0005889281746931374,0.01230859849601984,0.01230859849601984
annotated,Sora,parapleum_636701244%2Fmd.mp4,patch_only,,0.1,0.9,same_grid_second_order,,,,,bottomk_mean,0.4,3,3,0.04593639448285103,0.04181389883160591,0.042226146906614304,0.042226146906614304
annotated,Sora,parcival00_337074473%2Fmd.mp4,patch_only,,0.1,0.9,same_grid_second_order,,,,,bottomk_mean,0.4,3,3,0.017078915610909462,0.0806831568479538,0.07432273030281067,0.07432273030281067
annotated,Sora,paritak_809877107%2Fmd.mp4,patch_only,,0.1,0.9,same_grid_second_order,,,,,bottomk_mean,0.4,3,3,0.4363957643508911,0.20906949043273926,0.23180212080478668,0.23180212080478668
annotated,Sora,paulfifita_820510104%2Fmd.mp4,patch_only,,0.1,0.9,same_grid_second_order,,,,,bottomk_mean,0.4,3,3,0.2968197762966156,0.01295641902834177,0.041342757642269135,0.041342757642269135
annotated,Sora,paulkim73_860718930%2Fmd.mp4,patch_only,,0.1,0.9,same_grid_second_order,,,,,bottomk_mean,0.4,3,3,0.14428739249706268,0.002944640815258026,0.017078915610909462,0.017078915610909462
annotated,Sora,pavan011_19474876%2Fmd.mp4,patch_only,,0.1,0.9,same_grid_second_order,,,,,bottomk_mean,0.4,3,3,0.05535924434661865,0.2290930449962616,0.21171967685222626,0.21171967685222626
annotated,Sora,pavlik1986_61800800%2Fmd.mp4,patch_only,,0.1,0.9,same_grid_second_order,,,,,bottomk_mean,0.4,3,3,0.05477031692862511,0.0005889281746931374,0.006007066927850246,0.006007066927850246
annotated,Sora,pavpav_982548855%2Fmd.mp4,patch_only,,0.1,0.9,same_grid_second_order,,,,,bottomk_mean,0.4,3,3,0.040047112852334976,0.036513544619083405,0.03686690330505371,0.03686690330505371
annotated,Sora,pawelciolka_679542558%2Fmd.mp4,patch_only,,0.1,0.9,same_grid_second_order,,,,,bottomk_mean,0.4,3,3,0.17550058662891388,0.12956419587135315,0.13415783643722534,0.13415783643722534
annotated,Sora,pawtheru_46555770%2Fmd.mp4,patch_only,,0.1,0.9,same_grid_second_order,,,,,bottomk_mean,0.4,3,3,0.08775029331445694,0.010600706562399864,0.018315665423870087,0.018315665423870087
annotated,Sora,payranci_273774668%2Fmd.mp4,patch_only,,0.1,0.9,same_grid_second_order,,,,,bottomk_mean,0.4,3,3,0.02355712652206421,0.08009422570466995,0.07444051653146744,0.07444051653146744
annotated,Sora,paytonmckenzie_818006895%2Fmd.mp4,patch_only,,0.1,0.9,same_grid_second_order,,,,,bottomk_mean,0.4,3,3,0.33804476261138916,0.051236748695373535,0.0799175500869751,0.0799175500869751
annotated,Sora,peanutsm78_744882768%2Fmd.mp4,patch_only,,0.1,0.9,same_grid_second_order,,,,,bottomk_mean,0.4,3,3,0.13898704946041107,0.01295641902834177,0.025559481233358383,0.025559481233358383
annotated,Sora,pedronamslaw_195126954%2Fmd.mp4,patch_only,,0.1,0.9,same_grid_second_order,,,,,bottomk_mean,0.4,3,3,0.005889281630516052,0.11778563261032104,0.10659599304199219,0.10659599304199219
annotated,Sora,pegasusu_575831929%2Fmd.mp4,patch_only,,0.1,0.9,same_grid_second_order,,,,,bottomk_mean,0.4,3,3,0.07479387521743774,0.01295641902834177,0.01914016529917717,0.01914016529917717
annotated,Sora,peiris16_201582618%2Fmd.mp4,patch_only,,0.1,0.9,same_grid_second_order,,,,,bottomk_mean,0.4,3,3,0.03945818543434143,0.009422850795090199,0.012426383793354034,0.012426383793354034
annotated,Sora,penggaoyun_327200878%2Fmd.mp4,patch_only,,0.1,0.9,same_grid_second_order,,,,,bottomk_mean,0.4,3,3,0.35453474521636963,0.11130741983652115,0.13563016057014465,0.13563016057014465
annotated,Sora,performace_135351053%2Fmd.mp4,patch_only,,0.1,0.9,same_grid_second_order,,,,,bottomk_mean,0.4,3,3,0.31330978870391846,0.15253238379955292,0.1686101257801056,0.1686101257801056
annotated,Sora,petfunnelsvideo_425839869%2Fmd.mp4,patch_only,,0.1,0.9,same_grid_second_order,,,,,bottomk_mean,0.4,3,3,0.002944640815258026,0.02120141312479973,0.019375735893845558,0.019375735893845558
annotated,Sora,petges_158153756%2Fmd.mp4,patch_only,,0.1,0.9,same_grid_second_order,,,,,bottomk_mean,0.4,3,3,0.04829210788011551,0.062426384538412094,0.061012957245111465,0.061012957245111465
annotated,Sora,pgraz_370921770%2Fmd.mp4,patch_only,,0.1,0.9,same_grid_second_order,,,,,bottomk_mean,0.4,3,3,0.2485276758670807,0.10954063385725021,0.12343934178352356,0.12343934178352356
annotated,Sora,philipp77777_69930550%2Fmd.mp4,patch_only,,0.1,0.9,same_grid_second_order,,,,,bottomk_mean,0.4,3,3,0.07302708923816681,0.05653710290789604,0.05818610265851021,0.05818610265851021
annotated,Sora,philpo_949204222%2Fmd.mp4,patch_only,,0.1,0.9,same_grid_second_order,,,,,bottomk_mean,0.4,3,3,0.05948174372315407,0.05418138951063156,0.05471142381429672,0.05471142381429672
annotated,Sora,philtremble_969109406%2Fmd.mp4,patch_only,,0.1,0.9,same_grid_second_order,,,,,bottomk_mean,0.4,3,3,0.27915194630622864,0.028857478871941566,0.05388692393898964,0.05388692393898964
annotated,Sora,photoncounter_912573839%2Fmd.mp4,patch_only,,0.1,0.9,same_grid_second_order,,,,,bottomk_mean,0.4,3,3,0.23085983097553253,0.01295641902834177,0.03474676236510277,0.03474676236510277
annotated,Sora,phox146_166597033%2Fmd.mp4,patch_only,,0.1,0.9,same_grid_second_order,,,,,bottomk_mean,0.4,3,3,0.19081272184848785,0.018256772309541702,0.03551236912608147,0.03551236912608147
annotated,Sora,phpdgs_989549820%2Fmd.mp4,patch_only,,0.1,0.9,same_grid_second_order,,,,,bottomk_mean,0.4,3,3,0.6737338304519653,0.46171966195106506,0.4829210937023163,0.4829210937023163
annotated,Sora,pikachuhi_115790213%2Fmd.mp4,patch_only,,0.1,0.9,same_grid_second_order,,,,,bottomk_mean,0.4,3,3,0.01295641902834177,0.004711425397545099,0.005535924807190895,0.005535924807190895
annotated,Sora,pimpawawaan_168271044%2Fmd.mp4,patch_only,,0.1,0.9,same_grid_second_order,,,,,bottomk_mean,0.4,3,3,0.062426384538412094,0.007067137863487005,0.012603062205016613,0.012603062205016613
annotated,Sora,pingucat_41826729%2Fmd.mp4,patch_only,,0.1,0.9,same_grid_second_order,,,,,bottomk_mean,0.4,3,3,0.017078915610909462,0.0035335689317435026,0.004888103809207678,0.004888103809207678
annotated,Sora,pippogames_547823636%2Fmd.mp4,patch_only,,0.1,0.9,same_grid_second_order,,,,,bottomk_mean,0.4,3,3,0.26266196370124817,0.11484099179506302,0.12962308526039124,0.12962308526039124
annotated,Sora,pit2523_584545686%2Fmd.mp4,patch_only,,0.1,0.9,same_grid_second_order,,,,,bottomk_mean,0.4,3,3,0.04534746706485748,0.02473498322069645,0.026796231046319008,0.026796231046319008
annotated,Sora,pitbullboy_95829927%2Fmd.mp4,patch_only,,0.1,0.9,same_grid_second_order,,,,,bottomk_mean,0.4,3,3,0.004122497048228979,0.0,0.0004122497048228979,0.0004122497048228979
annotated,Sora,pitchweed67_693646011%2Fmd.mp4,patch_only,,0.1,0.9,same_grid_second_order,,,,,bottomk_mean,0.4,3,3,0.21201413869857788,0.02473498322069645,0.04346289858222008,0.04346289858222008
annotated,Sora,plaidrico_350280688%2Fmd.mp4,patch_only,,0.1,0.9,same_grid_second_order,,,,,bottomk_mean,0.4,3,3,0.8091872930526733,0.5029446482658386,0.5335689187049866,0.5335689187049866
annotated,Sora,planetskool_tau_61597213%2Fmd.mp4,patch_only,,0.1,0.9,same_grid_second_order,,,,,bottomk_mean,0.4,3,3,0.04240282624959946,0.24322733283042908,0.22314487397670746,0.22314487397670746
annotated,Sora,plexicat_902559357%2Fmd.mp4,patch_only,,0.1,0.9,same_grid_second_order,,,,,bottomk_mean,0.4,3,3,0.39752650260925293,0.19316843152046204,0.21360424160957336,0.21360424160957336
annotated,Sora,pnj123456_285847600%2Fmd.mp4,patch_only,,0.1,0.9,same_grid_second_order,,,,,bottomk_mean,0.4,3,3,0.08127208799123764,0.02237926982343197,0.02826855145394802,0.02826855145394802
annotated,Sora,ponsuke_623442231%2Fmd.mp4,patch_only,,0.1,0.9,same_grid_second_order,,,,,bottomk_mean,0.4,3,3,0.39752650260925293,0.2603062391281128,0.2740282714366913,0.2740282714366913
annotated,Sora,poormedguy_520398330%2Fmd.mp4,patch_only,,0.1,0.9,same_grid_second_order,,,,,bottomk_mean,0.4,3,3,0.02120141312479973,0.04711425304412842,0.0445229671895504,0.0445229671895504
annotated,Sora,positives2025_49936734%2Fmd.mp4,patch_only,,0.1,0.9,same_grid_second_order,,,,,bottomk_mean,0.4,3,3,0.2149587720632553,0.03356890380382538,0.05170788988471031,0.05170788988471031
annotated,Sora,pp7ukk_579479389%2Fmd.mp4,patch_only,,0.1,0.9,same_grid_second_order,,,,,bottomk_mean,0.4,3,3,0.291519433259964,0.18256773054599762,0.19346289336681366,0.19346289336681366
annotated,Sora,pradeepmnn_803785334%2Fmd.mp4,patch_only,,0.1,0.9,same_grid_second_order,,,,,bottomk_mean,0.4,3,3,0.5376914143562317,0.18433451652526855,0.21967020630836487,0.21967020630836487
annotated,Sora,prakap27_978809837%2Fmd.mp4,patch_only,,0.1,0.9,same_grid_second_order,,,,,bottomk_mean,0.4,3,3,0.0005889281746931374,0.06831566244363785,0.06154299154877663,0.06154299154877663
annotated,Sora,prakashash18_640783800%2Fmd.mp4,patch_only,,0.1,0.9,same_grid_second_order,,,,,bottomk_mean,0.4,3,3,0.0,0.0035335689317435026,0.0031802121084183455,0.0031802121084183455
annotated,Sora,pranshuiykyk_915385991%2Fmd.mp4,patch_only,,0.1,0.9,same_grid_second_order,,,,,bottomk_mean,0.4,3,3,0.07832744717597961,0.1107184886932373,0.10747938603162766,0.10747938603162766
annotated,Sora,prapasabee_748286842%2Fmd.mp4,patch_only,,0.1,0.9,same_grid_second_order,,,,,bottomk_mean,0.4,3,3,0.09599529206752777,0.04593639448285103,0.05094228684902191,0.05094228684902191
annotated,Sora,prefer__915094796%2Fmd.mp4,patch_only,,0.1,0.9,same_grid_second_order,,,,,bottomk_mean,0.4,3,3,0.2850412130355835,0.002944640815258026,0.031154299154877663,0.031154299154877663
annotated,Sora,prelit_884743497%2Fmd.mp4,patch_only,,0.1,0.9,same_grid_second_order,,,,,bottomk_mean,0.4,3,3,0.004122497048228979,0.020612485706806183,0.018963485956192017,0.018963485956192017
annotated,Sora,pri-07_184643810%2Fmd.mp4,patch_only,,0.1,0.9,same_grid_second_order,,,,,bottomk_mean,0.4,3,3,0.020023556426167488,0.0023557126987725496,0.004122497048228979,0.004122497048228979
annotated,Sora,pricewon_386607539%2Fmd.mp4,patch_only,,0.1,0.9,same_grid_second_order,,,,,bottomk_mean,0.4,3,3,0.2396937608718872,0.0035335689317435026,0.027149587869644165,0.027149587869644165
annotated,Sora,pride777_147144265%2Fmd.mp4,patch_only,,0.1,0.9,same_grid_second_order,,,,,bottomk_mean,0.4,3,3,0.03828033059835434,0.026501767337322235,0.027679622173309326,0.027679622173309326
annotated,Sora,primals_637446586%2Fmd.mp4,patch_only,,0.1,0.9,same_grid_second_order,,,,,bottomk_mean,0.4,3,3,0.0005889281746931374,0.038869258016347885,0.03504122421145439,0.03504122421145439
annotated,Sora,prince8169827997_905030388%2Fmd.mp4,patch_only,,0.1,0.9,same_grid_second_order,,,,,bottomk_mean,0.4,3,3,0.30800941586494446,0.010011778213083744,0.03981154412031174,0.03981154412031174
annotated,Sora,prithvi111_607006720%2Fmd.mp4,patch_only,,0.1,0.9,same_grid_second_order,,,,,bottomk_mean,0.4,3,3,0.21378092467784882,0.008833922445774078,0.029328621923923492,0.029328621923923492
annotated,Sora,projec11_41028672%2Fmd.mp4,patch_only,,0.1,0.9,same_grid_second_order,,,,,bottomk_mean,0.4,3,3,0.140753835439682,0.03474676236510277,0.04534746706485748,0.04534746706485748
annotated,Sora,przemko3333_624397816%2Fmd.mp4,patch_only,,0.1,0.9,same_grid_second_order,,,,,bottomk_mean,0.4,3,3,0.024146053940057755,0.031213192269206047,0.030506478622555733,0.030506478622555733
annotated,Sora,psk86_575761025%2Fmd.mp4,patch_only,,0.1,0.9,same_grid_second_order,,,,,bottomk_mean,0.4,3,3,0.002944640815258026,0.0017667844658717513,0.001884570112451911,0.001884570112451911
annotated,Sora,psw555_325597008%2Fmd.mp4,patch_only,,0.1,0.9,same_grid_second_order,,,,,bottomk_mean,0.4,3,3,0.11307420581579208,0.01295641902834177,0.022968197241425514,0.022968197241425514
annotated,Sora,pumoco_468817883%2Fmd.mp4,patch_only,,0.1,0.9,same_grid_second_order,,,,,bottomk_mean,0.4,3,3,0.09010601043701172,0.004122497048228979,0.012720848433673382,0.012720848433673382
annotated,Sora,puzzleadir_902980592%2Fmd.mp4,patch_only,,0.1,0.9,same_grid_second_order,,,,,bottomk_mean,0.4,3,3,0.13309776782989502,0.2826855182647705,0.26772674918174744,0.26772674918174744
annotated,Sora,pvwalter_835388213%2Fmd.mp4,patch_only,,0.1,0.9,same_grid_second_order,,,,,bottomk_mean,0.4,3,3,0.10836277902126312,0.29093050956726074,0.27267372608184814,0.27267372608184814
annotated,Sora,pyontam_104778189%2Fmd.mp4,patch_only,,0.1,0.9,same_grid_second_order,,,,,bottomk_mean,0.4,3,3,0.020023556426167488,0.0017667844658717513,0.0035924618132412434,0.0035924618132412434
annotated,Sora,q_come_889831924%2Fmd.mp4,patch_only,,0.1,0.9,same_grid_second_order,,,,,bottomk_mean,0.4,3,3,0.08716136962175369,0.09658421576023102,0.09564193338155746,0.09564193338155746
annotated,Sora,qdh94_956385933%2Fmd.mp4,patch_only,,0.1,0.9,same_grid_second_order,,,,,bottomk_mean,0.4,3,3,0.02709069475531578,0.0017667844658717513,0.004299175459891558,0.004299175459891558
annotated,Sora,qosains_210565480%2Fmd.mp4,patch_only,,0.1,0.9,same_grid_second_order,,,,,bottomk_mean,0.4,3,3,0.03592461720108986,0.018256772309541702,0.020023556426167488,0.020023556426167488
annotated,Sora,quackel_601306478%2Fmd.mp4,patch_only,,0.1,0.9,same_grid_second_order,,,,,bottomk_mean,0.4,3,3,0.06301531195640564,0.0017667844658717513,0.007891637273132801,0.007891637273132801
annotated,Sora,qualityboost_620548651%2Fmd.mp4,patch_only,,0.1,0.9,same_grid_second_order,,,,,bottomk_mean,0.4,3,3,0.03592461720108986,0.002944640815258026,0.006242638453841209,0.006242638453841209
annotated,Sora,quantum_barbie_817473721%2Fmd.mp4,patch_only,,0.1,0.9,same_grid_second_order,,,,,bottomk_mean,0.4,3,3,0.30035334825515747,0.2343934029340744,0.24098940193653107,0.24098940193653107
annotated,Sora,quiethustle_387177629%2Fmd.mp4,patch_only,,0.1,0.9,same_grid_second_order,,,,,bottomk_mean,0.4,3,3,0.4593639671802521,0.14605417847633362,0.17738516628742218,0.17738516628742218
annotated,Sora,qwertyuiopasdfghjklzxcv_368757367%2Fmd.mp4,patch_only,,0.1,0.9,same_grid_second_order,,,,,bottomk_mean,0.4,3,3,0.15429916977882385,0.0806831568479538,0.08804475516080856,0.08804475516080856
annotated,Sora,r1vnsmq_984298832%2Fmd.mp4,patch_only,,0.1,0.9,same_grid_second_order,,,,,bottomk_mean,0.4,3,3,0.4299175441265106,0.0005889281746931374,0.04352179169654846,0.04352179169654846
annotated,Sora,r41nm4k3r_558614839%2Fmd.mp4,patch_only,,0.1,0.9,same_grid_second_order,,,,,bottomk_mean,0.4,3,3,0.5376914143562317,0.5106006860733032,0.5133097767829895,0.5133097767829895
annotated,Sora,rabbitcenter01_777662173%2Fmd.mp4,patch_only,,0.1,0.9,same_grid_second_order,,,,,bottomk_mean,0.4,3,3,0.14782096445560455,0.1560659557580948,0.155241459608078,0.155241459608078
annotated,Sora,raccoonrich_422789751%2Fmd.mp4,patch_only,,0.1,0.9,same_grid_second_order,,,,,bottomk_mean,0.4,3,3,0.21967020630836487,0.07891637086868286,0.09299175441265106,0.09299175441265106
annotated,Sora,racota_61345332%2Fmd.mp4,patch_only,,0.1,0.9,same_grid_second_order,,,,,bottomk_mean,0.4,3,3,0.08892814815044403,0.06183745712041855,0.06454652547836304,0.06454652547836304
annotated,Sora,rafaellopes89_389822326%2Fmd.mp4,patch_only,,0.1,0.9,same_grid_second_order,,,,,bottomk_mean,0.4,3,3,0.22379270195960999,0.02473498322069645,0.04464075341820717,0.04464075341820717
annotated,Sora,rahulharsha_587511658%2Fmd.mp4,patch_only,,0.1,0.9,same_grid_second_order,,,,,bottomk_mean,0.4,3,3,0.01472320407629013,0.0035335689317435026,0.004652532283216715,0.004652532283216715
annotated,Sora,rainbow_123_130849515%2Fmd.mp4,patch_only,,0.1,0.9,same_grid_second_order,,,,,bottomk_mean,0.4,3,3,0.3504122495651245,0.03474676236510277,0.06631331145763397,0.06631331145763397
annotated,Sora,raj_shivali_536167176%2Fmd.mp4,patch_only,,0.1,0.9,same_grid_second_order,,,,,bottomk_mean,0.4,3,3,0.20376914739608765,0.23203769326210022,0.22921083867549896,0.22921083867549896
annotated,Sora,rajeshsound_855135209%2Fmd.mp4,patch_only,,0.1,0.9,same_grid_second_order,,,,,bottomk_mean,0.4,3,3,0.07538280636072159,0.002944640815258026,0.010188456624746323,0.010188456624746323
annotated,Sora,rakovalexander_69876888%2Fmd.mp4,patch_only,,0.1,0.9,same_grid_second_order,,,,,bottomk_mean,0.4,3,3,0.0806831568479538,0.07184923440217972,0.07273262739181519,0.07273262739181519
annotated,Sora,rambo77710_890334584%2Fmd.mp4,patch_only,,0.1,0.9,same_grid_second_order,,,,,bottomk_mean,0.4,3,3,0.017078915610909462,0.0011778563493862748,0.0027679624035954475,0.0027679624035954475
annotated,Sora,ramsesramos_809539441%2Fmd.mp4,patch_only,,0.1,0.9,same_grid_second_order,,,,,bottomk_mean,0.4,3,3,0.004711425397545099,0.0017667844658717513,0.0020612485241144896,0.0020612485241144896
annotated,Sora,ran511_942116636%2Fmd.mp4,patch_only,,0.1,0.9,same_grid_second_order,,,,,bottomk_mean,0.4,3,3,0.01295641902834177,0.07656066119670868,0.07020023465156555,0.07020023465156555
annotated,Sora,rana2025_watermarked.mp4,patch_only,,0.1,0.9,same_grid_second_order,,,,,bottomk_mean,0.4,3,3,0.3374558389186859,0.12661954760551453,0.14770318567752838,0.14770318567752838
annotated,Sora,randa0523_554849011%2Fmd.mp4,patch_only,,0.1,0.9,same_grid_second_order,,,,,bottomk_mean,0.4,3,3,0.03239104896783829,0.036513544619083405,0.03610129654407501,0.03610129654407501
annotated,Sora,raqibyousuf_172895658%2Fmd.mp4,patch_only,,0.1,0.9,same_grid_second_order,,,,,bottomk_mean,0.4,3,3,0.4646643102169037,0.6154299378395081,0.6003533601760864,0.6003533601760864
annotated,Sora,rasmusbangpederson_767248086%2Fmd.mp4,patch_only,,0.1,0.9,same_grid_second_order,,,,,bottomk_mean,0.4,3,3,0.08186101168394089,0.002944640815258026,0.010836278088390827,0.010836278088390827
annotated,Sora,raviiranjan_471925764%2Fmd.mp4,patch_only,,0.1,0.9,same_grid_second_order,,,,,bottomk_mean,0.4,3,3,0.010600706562399864,0.0005889281746931374,0.0015901060542091727,0.0015901060542091727
annotated,Sora,rawdi2_888439048%2Fmd.mp4,patch_only,,0.1,0.9,same_grid_second_order,,,,,bottomk_mean,0.4,3,3,0.09187278896570206,0.2679623067378998,0.2503533661365509,0.2503533661365509
annotated,Sora,rbrown907_162120050%2Fmd.mp4,patch_only,,0.1,0.9,same_grid_second_order,,,,,bottomk_mean,0.4,3,3,0.004711425397545099,0.018845701590180397,0.01743227243423462,0.01743227243423462
annotated,Sora,rcs1975_61260299%2Fmd.mp4,patch_only,,0.1,0.9,same_grid_second_order,,,,,bottomk_mean,0.4,3,3,0.020023556426167488,0.01295641902834177,0.013663132674992085,0.013663132674992085
annotated,Sora,realmoff_321433236%2Fmd.mp4,patch_only,,0.1,0.9,same_grid_second_order,,,,,bottomk_mean,0.4,3,3,0.343934029340744,0.012367491610348225,0.045524146407842636,0.045524146407842636
annotated,Sora,reamoore_850641240%2Fmd.mp4,patch_only,,0.1,0.9,same_grid_second_order,,,,,bottomk_mean,0.4,3,3,0.19199058413505554,0.05300353467464447,0.06690223515033722,0.06690223515033722
annotated,Sora,reborn-xiaoyu_835990987%2Fmd.mp4,patch_only,,0.1,0.9,same_grid_second_order,,,,,bottomk_mean,0.4,3,3,0.13486455380916595,0.0924617201089859,0.09670200198888779,0.09670200198888779
annotated,Sora,redfalx216_606895751%2Fmd.mp4,patch_only,,0.1,0.9,same_grid_second_order,,,,,bottomk_mean,0.4,3,3,0.06890459358692169,0.012367491610348225,0.018021201714873314,0.018021201714873314
annotated,Sora,reece654_234676358%2Fmd.mp4,patch_only,,0.1,0.9,same_grid_second_order,,,,,bottomk_mean,0.4,3,3,0.14664310216903687,0.01295641902834177,0.026325087994337082,0.026325087994337082
annotated,Sora,reeech_86643871%2Fmd.mp4,patch_only,,0.1,0.9,same_grid_second_order,,,,,bottomk_mean,0.4,3,3,0.15429916977882385,0.03297997638583183,0.045111894607543945,0.045111894607543945
annotated,Sora,reenabhatt_529843516%2Fmd.mp4,patch_only,,0.1,0.9,same_grid_second_order,,,,,bottomk_mean,0.4,3,3,0.6672555804252625,0.2290930449962616,0.2729093134403229,0.2729093134403229
annotated,Sora,reklamacia21030_77982294%2Fmd.mp4,patch_only,,0.1,0.9,same_grid_second_order,,,,,bottomk_mean,0.4,3,3,0.4764428734779358,0.08951707929372787,0.1282096654176712,0.1282096654176712
annotated,Sora,reliableflooring_943346318%2Fmd.mp4,patch_only,,0.1,0.9,same_grid_second_order,,,,,bottomk_mean,0.4,3,3,0.2850412130355835,0.0806831568479538,0.10111896693706512,0.10111896693706512
annotated,Sora,remajat_146614754%2Fmd.mp4,patch_only,,0.1,0.9,same_grid_second_order,,,,,bottomk_mean,0.4,3,3,0.2396937608718872,0.05712603032588959,0.07538280636072159,0.07538280636072159
annotated,Sora,rene_star_657081390%2Fmd.mp4,patch_only,,0.1,0.9,same_grid_second_order,,,,,bottomk_mean,0.4,3,3,0.0,0.0035335689317435026,0.0031802121084183455,0.0031802121084183455
annotated,Sora,rennradix_512194887%2Fmd.mp4,patch_only,,0.1,0.9,same_grid_second_order,,,,,bottomk_mean,0.4,3,3,0.002944640815258026,0.0005889281746931374,0.0008244994096457958,0.0008244994096457958
annotated,Sora,resukief_702175385%2Fmd.mp4,patch_only,,0.1,0.9,same_grid_second_order,,,,,bottomk_mean,0.4,3,3,0.0494699664413929,0.0035335689317435026,0.008127208799123764,0.008127208799123764
annotated,Sora,revatiaccounting_297487665%2Fmd.mp4,patch_only,,0.1,0.9,same_grid_second_order,,,,,bottomk_mean,0.4,3,3,0.0,0.01295641902834177,0.011660777032375336,0.011660777032375336
annotated,Sora,revopsfuel_185376271%2Fmd.mp4,patch_only,,0.1,0.9,same_grid_second_order,,,,,bottomk_mean,0.4,3,3,0.021790342405438423,0.011778563261032104,0.012779740616679192,0.012779740616679192
annotated,Sora,rgolden1_951562461%2Fmd.mp4,patch_only,,0.1,0.9,same_grid_second_order,,,,,bottomk_mean,0.4,3,3,0.16431094706058502,0.21436984837055206,0.20936395227909088,0.20936395227909088
annotated,Sora,rgs72_828992331%2Fmd.mp4,patch_only,,0.1,0.9,same_grid_second_order,,,,,bottomk_mean,0.4,3,3,0.21790342032909393,0.004711425397545099,0.02603062428534031,0.02603062428534031
annotated,Sora,rh1ng0_954745746%2Fmd.mp4,patch_only,,0.1,0.9,same_grid_second_order,,,,,bottomk_mean,0.4,3,3,0.7332155704498291,0.8356890678405762,0.8254417181015015,0.8254417181015015
annotated,Sora,riandiok_656364797%2Fmd.mp4,patch_only,,0.1,0.9,same_grid_second_order,,,,,bottomk_mean,0.4,3,3,0.2226148396730423,0.11660777032375336,0.12720848619937897,0.12720848619937897
annotated,Sora,ribosonik_588784532%2Fmd.mp4,patch_only,,0.1,0.9,same_grid_second_order,,,,,bottomk_mean,0.4,3,3,0.18904593586921692,0.020612485706806183,0.037455830723047256,0.037455830723047256
annotated,Sora,ricchierich_156556691%2Fmd.mp4,patch_only,,0.1,0.9,same_grid_second_order,,,,,bottomk_mean,0.4,3,3,0.10482921451330185,0.022968197241425514,0.031154299154877663,0.031154299154877663
annotated,Sora,rich727_394449732%2Fmd.mp4,patch_only,,0.1,0.9,same_grid_second_order,,,,,bottomk_mean,0.4,3,3,0.06890459358692169,0.11189635097980499,0.10759717226028442,0.10759717226028442
annotated,Sora,richnanugi_456370434%2Fmd.mp4,patch_only,,0.1,0.9,same_grid_second_order,,,,,bottomk_mean,0.4,3,3,0.3604240417480469,0.040047112852334976,0.07208480685949326,0.07208480685949326
annotated,Sora,rick_rpm_839911052%2Fmd.mp4,patch_only,,0.1,0.9,same_grid_second_order,,,,,bottomk_mean,0.4,3,3,0.3674911558628082,0.01413427572697401,0.0494699664413929,0.0494699664413929
annotated,Sora,rigcki_509250386%2Fmd.mp4,patch_only,,0.1,0.9,same_grid_second_order,,,,,bottomk_mean,0.4,3,3,0.3409894108772278,0.017078915610909462,0.0494699664413929,0.0494699664413929
annotated,Sora,rigidi_279466436%2Fmd.mp4,patch_only,,0.1,0.9,same_grid_second_order,,,,,bottomk_mean,0.4,3,3,0.01295641902834177,0.010011778213083744,0.010306242853403091,0.010306242853403091
annotated,Sora,rileyyyyyy_543219247%2Fmd.mp4,patch_only,,0.1,0.9,same_grid_second_order,,,,,bottomk_mean,0.4,3,3,0.3374558389186859,0.2538280189037323,0.2621908187866211,0.2621908187866211
annotated,Sora,ringingz_761255479%2Fmd.mp4,patch_only,,0.1,0.9,same_grid_second_order,,,,,bottomk_mean,0.4,3,3,0.19081272184848785,0.05948174372315407,0.07261484116315842,0.07261484116315842
annotated,Sora,ripon330_988203252%2Fmd.mp4,patch_only,,0.1,0.9,same_grid_second_order,,,,,bottomk_mean,0.4,3,3,0.0005889281746931374,0.004711425397545099,0.004299175459891558,0.004299175459891558
annotated,Sora,riri106_241092945%2Fmd.mp4,patch_only,,0.1,0.9,same_grid_second_order,,,,,bottomk_mean,0.4,3,3,0.2485276758670807,0.08244994282722473,0.09905771166086197,0.09905771166086197
annotated,Sora,ritzdeo_246346291%2Fmd.mp4,patch_only,,0.1,0.9,same_grid_second_order,,,,,bottomk_mean,0.4,3,3,0.5212014317512512,0.2926972806453705,0.3155477046966553,0.3155477046966553
annotated,Sora,rktmn2_292303902%2Fmd.mp4,patch_only,,0.1,0.9,same_grid_second_order,,,,,bottomk_mean,0.4,3,3,0.010011778213083744,0.010011778213083744,0.010011778213083744,0.010011778213083744
annotated,Sora,rl83_517146405%2Fmd.mp4,patch_only,,0.1,0.9,same_grid_second_order,,,,,bottomk_mean,0.4,3,3,0.01472320407629013,0.0005889281746931374,0.002002355642616749,0.002002355642616749
annotated,Sora,rmaldon240_290062757%2Fmd.mp4,patch_only,,0.1,0.9,same_grid_second_order,,,,,bottomk_mean,0.4,3,3,0.06301531195640564,0.017078915610909462,0.021672556176781654,0.021672556176781654
annotated,Sora,rmazzei_232208083%2Fmd.mp4,patch_only,,0.1,0.9,same_grid_second_order,,,,,bottomk_mean,0.4,3,3,0.11778563261032104,0.16725559532642365,0.16230860352516174,0.16230860352516174
annotated,Sora,rmee_395792812%2Fmd.mp4,patch_only,,0.1,0.9,same_grid_second_order,,,,,bottomk_mean,0.4,3,3,0.0005889281746931374,0.0023557126987725496,0.0021790340542793274,0.0021790340542793274
annotated,Sora,rnnuihunvi_329805799%2Fmd.mp4,patch_only,,0.1,0.9,same_grid_second_order,,,,,bottomk_mean,0.4,3,3,0.03945818543434143,0.0924617201089859,0.08716136962175369,0.08716136962175369
annotated,Sora,roavfd2025_322043276%2Fmd.mp4,patch_only,,0.1,0.9,same_grid_second_order,,,,,bottomk_mean,0.4,3,3,0.1537102460861206,0.01295641902834177,0.027031801640987396,0.027031801640987396
annotated,Sora,robertap_58540752%2Fmd.mp4,patch_only,,0.1,0.9,same_grid_second_order,,,,,bottomk_mean,0.4,3,3,0.08303886651992798,0.009422850795090199,0.01678445190191269,0.01678445190191269
annotated,Sora,robmelendez_382563902%2Fmd.mp4,patch_only,,0.1,0.9,same_grid_second_order,,,,,bottomk_mean,0.4,3,3,0.03356890380382538,0.020612485706806183,0.021908126771450043,0.021908126771450043
annotated,Sora,robmilliken_793829388%2Fmd.mp4,patch_only,,0.1,0.9,same_grid_second_order,,,,,bottomk_mean,0.4,3,3,0.08539458364248276,0.010600706562399864,0.0180800948292017,0.0180800948292017
annotated,Sora,rocco123_283921628%2Fmd.mp4,patch_only,,0.1,0.9,same_grid_second_order,,,,,bottomk_mean,0.4,3,3,0.7020023465156555,0.024146053940057755,0.09193168580532074,0.09193168580532074
annotated,Sora,rockisaac_900516865%2Fmd.mp4,patch_only,,0.1,0.9,same_grid_second_order,,,,,bottomk_mean,0.4,3,3,0.027679622173309326,0.0924617201089859,0.085983507335186,0.085983507335186
annotated,Sora,rockylehning_914823287%2Fmd.mp4,patch_only,,0.1,0.9,same_grid_second_order,,,,,bottomk_mean,0.4,3,3,0.1054181382060051,0.07184923440217972,0.07520612329244614,0.07520612329244614
annotated,Sora,roger-daangn_41967829%2Fmd.mp4,patch_only,,0.1,0.9,same_grid_second_order,,,,,bottomk_mean,0.4,3,3,0.08127208799123764,0.09069493412971497,0.08975265175104141,0.08975265175104141
annotated,Sora,rohaid_985001207%2Fmd.mp4,patch_only,,0.1,0.9,same_grid_second_order,,,,,bottomk_mean,0.4,3,3,0.11307420581579208,0.104240283370018,0.10512367635965347,0.10512367635965347
annotated,Sora,rohchee_843199166%2Fmd.mp4,patch_only,,0.1,0.9,same_grid_second_order,,,,,bottomk_mean,0.4,3,3,0.30035334825515747,0.16843345761299133,0.18162544071674347,0.18162544071674347
annotated,Sora,rohittchakma_992157010%2Fmd.mp4,patch_only,,0.1,0.9,same_grid_second_order,,,,,bottomk_mean,0.4,3,3,0.02709069475531578,0.050058893859386444,0.04776207357645035,0.04776207357645035
annotated,Sora,rolfwidmer_837292448%2Fmd.mp4,patch_only,,0.1,0.9,same_grid_second_order,,,,,bottomk_mean,0.4,3,3,0.12720848619937897,0.010011778213083744,0.02173144929111004,0.02173144929111004
annotated,Sora,ronron0319_846026845%2Fmd.mp4,patch_only,,0.1,0.9,same_grid_second_order,,,,,bottomk_mean,0.4,3,3,0.6548880934715271,0.37691402435302734,0.40471142530441284,0.40471142530441284
annotated,Sora,roshancreativeart_858945850%2Fmd.mp4,patch_only,,0.1,0.9,same_grid_second_order,,,,,bottomk_mean,0.4,3,3,0.022968197241425514,0.16431094706058502,0.15017667412757874,0.15017667412757874
annotated,Sora,roxannerobin_900426055%2Fmd.mp4,patch_only,,0.1,0.9,same_grid_second_order,,,,,bottomk_mean,0.4,3,3,0.35335689783096313,0.08244994282722473,0.10954063385725021,0.10954063385725021
annotated,Sora,rpihge2qr0qr23_713148595%2Fmd.mp4,patch_only,,0.1,0.9,same_grid_second_order,,,,,bottomk_mean,0.4,3,3,0.048881035298109055,0.0005889281746931374,0.005418139044195414,0.005418139044195414
annotated,Sora,rr-tr_974410548%2Fmd.mp4,patch_only,,0.1,0.9,same_grid_second_order,,,,,bottomk_mean,0.4,3,3,0.062426384538412094,0.09069493412971497,0.08786807954311371,0.08786807954311371
annotated,Sora,rrawlife_966069111%2Fmd.mp4,patch_only,,0.1,0.9,same_grid_second_order,,,,,bottomk_mean,0.4,3,3,0.04829210788011551,0.036513544619083405,0.037691403180360794,0.037691403180360794
annotated,Sora,rtdk_250862270%2Fmd.mp4,patch_only,,0.1,0.9,same_grid_second_order,,,,,bottomk_mean,0.4,3,3,0.07832744717597961,0.009422850795090199,0.016313308849930763,0.016313308849930763
annotated,Sora,ruaj-grupojuvenil_183499502%2Fmd.mp4,patch_only,,0.1,0.9,same_grid_second_order,,,,,bottomk_mean,0.4,3,3,0.5029446482658386,0.18845701217651367,0.2199057787656784,0.2199057787656784
annotated,Sora,rubi333_335638299%2Fmd.mp4,patch_only,,0.1,0.9,same_grid_second_order,,,,,bottomk_mean,0.4,3,3,0.10954063385725021,0.004711425397545099,0.015194346196949482,0.015194346196949482
annotated,Sora,rudra95_212593840%2Fmd.mp4,patch_only,,0.1,0.9,same_grid_second_order,,,,,bottomk_mean,0.4,3,3,0.5577149391174316,0.26266196370124817,0.2921672463417053,0.2921672463417053
annotated,Sora,ruedeesu_1830818%2Fmd.mp4,patch_only,,0.1,0.9,same_grid_second_order,,,,,bottomk_mean,0.4,3,3,0.20612485706806183,0.01295641902834177,0.03227326273918152,0.03227326273918152
annotated,Sora,rus941_watermarked.mp4,patch_only,,0.1,0.9,same_grid_second_order,,,,,bottomk_mean,0.4,3,3,0.3557125926017761,0.10247349739074707,0.12779740989208221,0.12779740989208221
annotated,Sora,ruslan_8_905536589%2Fmd.mp4,patch_only,,0.1,0.9,same_grid_second_order,,,,,bottomk_mean,0.4,3,3,0.16431094706058502,0.015312131494283676,0.03021201491355896,0.03021201491355896
annotated,Sora,rvanti_894398860%2Fmd.mp4,patch_only,,0.1,0.9,same_grid_second_order,,,,,bottomk_mean,0.4,3,3,0.2879858613014221,0.018845701590180397,0.045759718865156174,0.045759718865156174
annotated,Sora,ryan2006_659914083%2Fmd.mp4,patch_only,,0.1,0.9,same_grid_second_order,,,,,bottomk_mean,0.4,3,3,0.06831566244363785,0.06831566244363785,0.06831566244363785,0.06831566244363785
annotated,Sora,ryanbeardy_828673299%2Fmd.mp4,patch_only,,0.1,0.9,same_grid_second_order,,,,,bottomk_mean,0.4,3,3,0.2396937608718872,0.0,0.02396937645971775,0.02396937645971775
annotated,Sora,ryanwardhana_699542916%2Fmd.mp4,patch_only,,0.1,0.9,same_grid_second_order,,,,,bottomk_mean,0.4,3,3,0.7126030921936035,0.14605417847633362,0.20270906388759613,0.20270906388759613
annotated,Sora,ryomabou_798514238%2Fmd.mp4,patch_only,,0.1,0.9,same_grid_second_order,,,,,bottomk_mean,0.4,3,3,0.0005889281746931374,0.005300353281199932,0.0048292106948792934,0.0048292106948792934
annotated,Sora,s_taro_211427599%2Fmd.mp4,patch_only,,0.1,0.9,same_grid_second_order,,,,,bottomk_mean,0.4,3,3,0.017078915610909462,0.07243816554546356,0.06690223515033722,0.06690223515033722
annotated,Sora,sachinwork_898764946%2Fmd.mp4,patch_only,,0.1,0.9,same_grid_second_order,,,,,bottomk_mean,0.4,3,3,0.002944640815258026,0.011778563261032104,0.010895171202719212,0.010895171202719212
annotated,Sora,sadaeva1993_685929900%2Fmd.mp4,patch_only,,0.1,0.9,same_grid_second_order,,,,,bottomk_mean,0.4,3,3,0.01295641902834177,0.009422850795090199,0.009776207618415356,0.009776207618415356
annotated,Sora,safety_james_961418616%2Fmd.mp4,patch_only,,0.1,0.9,same_grid_second_order,,,,,bottomk_mean,0.4,3,3,0.23380447924137115,0.16843345761299133,0.17497055232524872,0.17497055232524872
annotated,Sora,sagaofidun_748498981%2Fmd.mp4,patch_only,,0.1,0.9,same_grid_second_order,,,,,bottomk_mean,0.4,3,3,0.06831566244363785,0.0011778563493862748,0.007891637273132801,0.007891637273132801
annotated,Sora,sagarcia8_453490180%2Fmd.mp4,patch_only,,0.1,0.9,same_grid_second_order,,,,,bottomk_mean,0.4,3,3,0.018845701590180397,0.004122497048228979,0.005594817455857992,0.005594817455857992
annotated,Sora,sagorkoiry_771106854%2Fmd.mp4,patch_only,,0.1,0.9,same_grid_second_order,,,,,bottomk_mean,0.4,3,3,0.23380447924137115,0.036513544619083405,0.05624263733625412,0.05624263733625412
annotated,Sora,sakaya5_515406421%2Fmd.mp4,patch_only,,0.1,0.9,same_grid_second_order,,,,,bottomk_mean,0.4,3,3,0.020023556426167488,0.0035335689317435026,0.005182567518204451,0.005182567518204451
annotated,Sora,salamehmo_634585565%2Fmd.mp4,patch_only,,0.1,0.9,same_grid_second_order,,,,,bottomk_mean,0.4,3,3,0.041224971413612366,0.005300353281199932,0.008892814628779888,0.008892814628779888
annotated,Sora,salamndar73_744561926%2Fmd.mp4,patch_only,,0.1,0.9,same_grid_second_order,,,,,bottomk_mean,0.4,3,3,0.18845701217651367,0.01295641902834177,0.030506478622555733,0.030506478622555733
annotated,Sora,salma9999_854316504%2Fmd.mp4,patch_only,,0.1,0.9,same_grid_second_order,,,,,bottomk_mean,0.4,3,3,0.4310953915119171,0.6908127069473267,0.6648409962654114,0.6648409962654114
annotated,Sora,samoskydev_438789419%2Fmd.mp4,patch_only,,0.1,0.9,same_grid_second_order,,,,,bottomk_mean,0.4,3,3,0.4287396967411041,0.030035335570573807,0.06990577280521393,0.06990577280521393
annotated,Sora,sampsonation_421507235%2Fmd.mp4,patch_only,,0.1,0.9,same_grid_second_order,,,,,bottomk_mean,0.4,3,3,0.03592461720108986,0.0017667844658717513,0.005182567518204451,0.005182567518204451
annotated,Sora,sandeep1010_401303462%2Fmd.mp4,patch_only,,0.1,0.9,same_grid_second_order,,,,,bottomk_mean,0.4,3,3,0.4570082426071167,0.08716136962175369,0.12414605170488358,0.12414605170488358
annotated,Sora,sandy07_485720382%2Fmd.mp4,patch_only,,0.1,0.9,same_grid_second_order,,,,,bottomk_mean,0.4,3,3,0.22555948793888092,0.03710247203707695,0.055948175489902496,0.055948175489902496
annotated,Sora,sangge555_652114665%2Fmd.mp4,patch_only,,0.1,0.9,same_grid_second_order,,,,,bottomk_mean,0.4,3,3,0.2720848023891449,0.0924617201089859,0.11042402684688568,0.11042402684688568
annotated,Sora,sanjeewaw_586509317%2Fmd.mp4,patch_only,,0.1,0.9,same_grid_second_order,,,,,bottomk_mean,0.4,3,3,0.0494699664413929,0.0017667844658717513,0.0065371026284992695,0.0065371026284992695
annotated,Sora,sank005_570995814%2Fmd.mp4,patch_only,,0.1,0.9,same_grid_second_order,,,,,bottomk_mean,0.4,3,3,0.09599529206752777,0.05182567611336708,0.05624263733625412,0.05624263733625412
annotated,Sora,sanraj1990_527510432%2Fmd.mp4,patch_only,,0.1,0.9,same_grid_second_order,,,,,bottomk_mean,0.4,3,3,0.15842166543006897,0.05948174372315407,0.06937573850154877,0.06937573850154877
annotated,Sora,santinelx_733555658%2Fmd.mp4,patch_only,,0.1,0.9,same_grid_second_order,,,,,bottomk_mean,0.4,3,3,0.06419316679239273,0.04829210788011551,0.04988221451640129,0.04988221451640129
annotated,Sora,saoden_309648290%2Fmd.mp4,patch_only,,0.1,0.9,same_grid_second_order,,,,,bottomk_mean,0.4,3,3,0.12720848619937897,0.0005889281746931374,0.013250883668661118,0.013250883668661118
annotated,Sora,sar909090_watermarked.mp4,patch_only,,0.1,0.9,same_grid_second_order,,,,,bottomk_mean,0.4,3,3,0.7190812826156616,0.17137809097766876,0.22614841163158417,0.22614841163158417
annotated,Sora,sara_creations_355797203%2Fmd.mp4,patch_only,,0.1,0.9,same_grid_second_order,,,,,bottomk_mean,0.4,3,3,0.2809187173843384,0.028857478871941566,0.05406360328197479,0.05406360328197479
annotated,Sora,sarahdanita_136895856%2Fmd.mp4,patch_only,,0.1,0.9,same_grid_second_order,,,,,bottomk_mean,0.4,3,3,0.15724381804466248,0.5076560378074646,0.4726148545742035,0.4726148545742035
annotated,Sora,sarahrendon_605938824%2Fmd.mp4,patch_only,,0.1,0.9,same_grid_second_order,,,,,bottomk_mean,0.4,3,3,0.004122497048228979,0.0023557126987725496,0.002532391110435128,0.002532391110435128
annotated,Sora,sarastasi_5259093%2Fmd.mp4,patch_only,,0.1,0.9,same_grid_second_order,,,,,bottomk_mean,0.4,3,3,0.0005889281746931374,0.0035335689317435026,0.0032391047570854425,0.0032391047570854425
annotated,Sora,saravanaraj480_378792994%2Fmd.mp4,patch_only,,0.1,0.9,same_grid_second_order,,,,,bottomk_mean,0.4,3,3,0.13839811086654663,0.007067137863487005,0.02020023576915264,0.02020023576915264
annotated,Sora,sarmadleo_410597866%2Fmd.mp4,patch_only,,0.1,0.9,same_grid_second_order,,,,,bottomk_mean,0.4,3,3,0.13368669152259827,0.12014134228229523,0.12149588018655777,0.12149588018655777
annotated,Sora,sartoryu_877312502%2Fmd.mp4,patch_only,,0.1,0.9,same_grid_second_order,,,,,bottomk_mean,0.4,3,3,0.12485276907682419,0.009422850795090199,0.02096584253013134,0.02096584253013134
annotated,Sora,sary6_280574055%2Fmd.mp4,patch_only,,0.1,0.9,same_grid_second_order,,,,,bottomk_mean,0.4,3,3,0.007656065747141838,0.04475853964686394,0.04104829207062721,0.04104829207062721
annotated,Sora,sasame_639589917%2Fmd.mp4,patch_only,,0.1,0.9,same_grid_second_order,,,,,bottomk_mean,0.4,3,3,0.10070671141147614,0.04829210788011551,0.05353356897830963,0.05353356897830963
annotated,Sora,sasikkumar_456646770%2Fmd.mp4,patch_only,,0.1,0.9,same_grid_second_order,,,,,bottomk_mean,0.4,3,3,0.2720848023891449,0.11307420581579208,0.1289752721786499,0.1289752721786499
annotated,Sora,sasu0101_928802584%2Fmd.mp4,patch_only,,0.1,0.9,same_grid_second_order,,,,,bottomk_mean,0.4,3,3,0.17491166293621063,0.026501767337322235,0.041342757642269135,0.041342757642269135
annotated,Sora,satoshiclub_690716138%2Fmd.mp4,patch_only,,0.1,0.9,same_grid_second_order,,,,,bottomk_mean,0.4,3,3,0.07243816554546356,0.012367491610348225,0.01837455853819847,0.01837455853819847
annotated,Sora,satyam1006_488961650%2Fmd.mp4,patch_only,,0.1,0.9,same_grid_second_order,,,,,bottomk_mean,0.4,3,3,0.03356890380382538,0.05535924434661865,0.053180210292339325,0.053180210292339325
annotated,Sora,saurabhasalkar_117425777%2Fmd.mp4,patch_only,,0.1,0.9,same_grid_second_order,,,,,bottomk_mean,0.4,3,3,0.2343934029340744,0.10600706934928894,0.11884570121765137,0.11884570121765137
annotated,Sora,sav_b4uvaz_520694241%2Fmd.mp4,patch_only,,0.1,0.9,same_grid_second_order,,,,,bottomk_mean,0.4,3,3,0.18021202087402344,0.13133098185062408,0.1362190842628479,0.1362190842628479
annotated,Sora,savadude_178879763%2Fmd.mp4,patch_only,,0.1,0.9,same_grid_second_order,,,,,bottomk_mean,0.4,3,3,0.38987043499946594,0.03297997638583183,0.06866902112960815,0.06866902112960815
annotated,Sora,sawaran_311452947%2Fmd.mp4,patch_only,,0.1,0.9,same_grid_second_order,,,,,bottomk_mean,0.4,3,3,0.015312131494283676,0.012367491610348225,0.012661955319344997,0.012661955319344997
annotated,Sora,scam2342_756030755%2Fmd.mp4,patch_only,,0.1,0.9,same_grid_second_order,,,,,bottomk_mean,0.4,3,3,0.021790342405438423,0.002944640815258026,0.0048292106948792934,0.0048292106948792934
annotated,Sora,scfisb_75279822%2Fmd.mp4,patch_only,,0.1,0.9,same_grid_second_order,,,,,bottomk_mean,0.4,3,3,0.18021202087402344,0.008833922445774078,0.025971731171011925,0.025971731171011925
annotated,Sora,schiller2011_629203786%2Fmd.mp4,patch_only,,0.1,0.9,same_grid_second_order,,,,,bottomk_mean,0.4,3,3,0.2709069550037384,0.1495877504348755,0.1617196649312973,0.1617196649312973
annotated,Sora,schmumacher_240573872%2Fmd.mp4,patch_only,,0.1,0.9,same_grid_second_order,,,,,bottomk_mean,0.4,3,3,0.3280329704284668,0.21319198608398438,0.22467608749866486,0.22467608749866486
annotated,Sora,scorpion_mall_shamscafe_25539151%2Fmd.mp4,patch_only,,0.1,0.9,same_grid_second_order,,,,,bottomk_mean,0.4,3,3,0.01354534737765789,0.0035335689317435026,0.004534746985882521,0.004534746985882521
annotated,Sora,scottie4_41286205%2Fmd.mp4,patch_only,,0.1,0.9,same_grid_second_order,,,,,bottomk_mean,0.4,3,3,0.041224971413612366,0.16902238130569458,0.15624263882637024,0.15624263882637024
annotated,Sora,sdgt36_802988873%2Fmd.mp4,patch_only,,0.1,0.9,same_grid_second_order,,,,,bottomk_mean,0.4,3,3,0.002944640815258026,0.04652532562613487,0.04216725379228592,0.04216725379228592
annotated,Sora,sebastianvjb476_749048940%2Fmd.mp4,patch_only,,0.1,0.9,same_grid_second_order,,,,,bottomk_mean,0.4,3,3,0.3727915287017822,0.18786807358264923,0.20636042952537537,0.20636042952537537
annotated,Sora,sebastuqui_759921729%2Fmd.mp4,patch_only,,0.1,0.9,same_grid_second_order,,,,,bottomk_mean,0.4,3,3,0.20906949043273926,0.08716136962175369,0.09935218095779419,0.09935218095779419
annotated,Sora,sefiret_613740761%2Fmd.mp4,patch_only,,0.1,0.9,same_grid_second_order,,,,,bottomk_mean,0.4,3,3,0.0005889281746931374,0.0035335689317435026,0.0032391047570854425,0.0032391047570854425
annotated,Sora,sentryspade_240145038%2Fmd.mp4,patch_only,,0.1,0.9,same_grid_second_order,,,,,bottomk_mean,0.4,3,3,0.15724381804466248,0.12661954760551453,0.12968197464942932,0.12968197464942932
annotated,Sora,seopsam_198347268%2Fmd.mp4,patch_only,,0.1,0.9,same_grid_second_order,,,,,bottomk_mean,0.4,3,3,0.24499410390853882,0.48233217000961304,0.4585983455181122,0.4585983455181122
annotated,Sora,serch___97101344%2Fmd.mp4,patch_only,,0.1,0.9,same_grid_second_order,,,,,bottomk_mean,0.4,3,3,0.2744405269622803,0.018256772309541702,0.04387514665722847,0.04387514665722847
annotated,Sora,seth7777_425459973%2Fmd.mp4,patch_only,,0.1,0.9,same_grid_second_order,,,,,bottomk_mean,0.4,3,3,0.010011778213083744,0.0017667844658717513,0.0025912837591022253,0.0025912837591022253
annotated,Sora,sexikhepri_984408016%2Fmd.mp4,patch_only,,0.1,0.9,same_grid_second_order,,,,,bottomk_mean,0.4,3,3,0.29740872979164124,0.3421672582626343,0.33769139647483826,0.33769139647483826
annotated,Sora,sgcgmdavid_70226623%2Fmd.mp4,patch_only,,0.1,0.9,same_grid_second_order,,,,,bottomk_mean,0.4,3,3,0.07714958488941193,0.02120141312479973,0.026796231046319008,0.026796231046319008
annotated,Sora,sgnicos_watermarked.mp4,patch_only,,0.1,0.9,same_grid_second_order,,,,,bottomk_mean,0.4,3,3,0.02355712652206421,0.0035335689317435026,0.005535924807190895,0.005535924807190895
annotated,Sora,shade2690_899611330%2Fmd.mp4,patch_only,,0.1,0.9,same_grid_second_order,,,,,bottomk_mean,0.4,3,3,0.047703180462121964,0.0035335689317435026,0.007950530387461185,0.007950530387461185
annotated,Sora,shadowassaian12_458138354%2Fmd.mp4,patch_only,,0.1,0.9,same_grid_second_order,,,,,bottomk_mean,0.4,3,3,0.050058893859386444,0.062426384538412094,0.06118963658809662,0.06118963658809662
annotated,Sora,shahadatclub_396292123%2Fmd.mp4,patch_only,,0.1,0.9,same_grid_second_order,,,,,bottomk_mean,0.4,3,3,0.1537102460861206,0.06301531195640564,0.07208480685949326,0.07208480685949326
annotated,Sora,shaheen089_665465442%2Fmd.mp4,patch_only,,0.1,0.9,same_grid_second_order,,,,,bottomk_mean,0.4,3,3,0.3244993984699249,0.0924617201089859,0.1156654879450798,0.1156654879450798
annotated,Sora,shahmanish_978894050%2Fmd.mp4,patch_only,,0.1,0.9,same_grid_second_order,,,,,bottomk_mean,0.4,3,3,0.16607773303985596,0.034157831221818924,0.04734982177615166,0.04734982177615166
annotated,Sora,shameemanjum_16051423%2Fmd.mp4,patch_only,,0.1,0.9,same_grid_second_order,,,,,bottomk_mean,0.4,3,3,0.10600706934928894,0.028857478871941566,0.03657243773341179,0.03657243773341179
annotated,Sora,shang0_860401353%2Fmd.mp4,patch_only,,0.1,0.9,same_grid_second_order,,,,,bottomk_mean,0.4,3,3,0.5795053243637085,0.6113074421882629,0.608127236366272,0.608127236366272
annotated,Sora,shanky12345_302806710%2Fmd.mp4,patch_only,,0.1,0.9,same_grid_second_order,,,,,bottomk_mean,0.4,3,3,0.03592461720108986,0.04475853964686394,0.04387514665722847,0.04387514665722847
annotated,Sora,shannengabrielle_236633393%2Fmd.mp4,patch_only,,0.1,0.9,same_grid_second_order,,,,,bottomk_mean,0.4,3,3,0.5188456773757935,0.10011778771877289,0.1419905722141266,0.1419905722141266
annotated,Sora,sharecare_619979359%2Fmd.mp4,patch_only,,0.1,0.9,same_grid_second_order,,,,,bottomk_mean,0.4,3,3,0.17255595326423645,0.005300353281199932,0.02202591300010681,0.02202591300010681
annotated,Sora,sharinggann_490970802%2Fmd.mp4,patch_only,,0.1,0.9,same_grid_second_order,,,,,bottomk_mean,0.4,3,3,0.21967020630836487,0.08716136962175369,0.10041224956512451,0.10041224956512451
annotated,Sora,shashank008_884272458%2Fmd.mp4,patch_only,,0.1,0.9,same_grid_second_order,,,,,bottomk_mean,0.4,3,3,0.23203769326210022,0.037691403180360794,0.05712603032588959,0.05712603032588959
annotated,Sora,shawnmak99_46853377%2Fmd.mp4,patch_only,,0.1,0.9,same_grid_second_order,,,,,bottomk_mean,0.4,3,3,0.15724381804466248,0.11955241113901138,0.12332155555486679,0.12332155555486679
annotated,Sora,shazzaok_949423796%2Fmd.mp4,patch_only,,0.1,0.9,same_grid_second_order,,,,,bottomk_mean,0.4,3,3,0.04593639448285103,0.1666666716337204,0.15459364652633667,0.15459364652633667
annotated,Sora,sheexhal_506442326%2Fmd.mp4,patch_only,,0.1,0.9,same_grid_second_order,,,,,bottomk_mean,0.4,3,3,0.12485276907682419,0.0806831568479538,0.08510011434555054,0.08510011434555054
annotated,Sora,shi_naoking55_458136360%2Fmd.mp4,patch_only,,0.1,0.9,same_grid_second_order,,,,,bottomk_mean,0.4,3,3,0.0,0.0005889281746931374,0.0005300353514030576,0.0005300353514030576
annotated,Sora,shibbolethcoin_432030948%2Fmd.mp4,patch_only,,0.1,0.9,same_grid_second_order,,,,,bottomk_mean,0.4,3,3,0.31330978870391846,0.06301531195640564,0.08804475516080856,0.08804475516080856
annotated,Sora,shijith_905472982%2Fmd.mp4,patch_only,,0.1,0.9,same_grid_second_order,,,,,bottomk_mean,0.4,3,3,0.002944640815258026,0.0035335689317435026,0.003474676050245762,0.003474676050245762
annotated,Sora,shima-san_18238221%2Fmd.mp4,patch_only,,0.1,0.9,same_grid_second_order,,,,,bottomk_mean,0.4,3,3,0.12190812826156616,0.11248527467250824,0.11342756450176239,0.11342756450176239
annotated,Sora,shinebrite_624640796%2Fmd.mp4,patch_only,,0.1,0.9,same_grid_second_order,,,,,bottomk_mean,0.4,3,3,0.12485276907682419,0.2879858613014221,0.2716725468635559,0.2716725468635559
annotated,Sora,shinji0116_781021860%2Fmd.mp4,patch_only,,0.1,0.9,same_grid_second_order,,,,,bottomk_mean,0.4,3,3,0.2461719661951065,0.018256772309541702,0.04104829207062721,0.04104829207062721
annotated,Sora,ship_15_342614611%2Fmd.mp4,patch_only,,0.1,0.9,same_grid_second_order,,,,,bottomk_mean,0.4,3,3,0.21967020630836487,0.26501765847206116,0.26048290729522705,0.26048290729522705
annotated,Sora,shopbytoniamockup_316609902%2Fmd.mp4,patch_only,,0.1,0.9,same_grid_second_order,,,,,bottomk_mean,0.4,3,3,0.02591283805668354,0.011189634911715984,0.012661955319344997,0.012661955319344997
annotated,Sora,shrb6_183122074%2Fmd.mp4,patch_only,,0.1,0.9,same_grid_second_order,,,,,bottomk_mean,0.4,3,3,0.39752650260925293,0.12956419587135315,0.1563604176044464,0.1563604176044464
annotated,Sora,shubhamkumar001007_260483807%2Fmd.mp4,patch_only,,0.1,0.9,same_grid_second_order,,,,,bottomk_mean,0.4,3,3,0.4581860899925232,0.04181389883160591,0.08345112204551697,0.08345112204551697
annotated,Sora,shubhashish7001_897617246%2Fmd.mp4,patch_only,,0.1,0.9,same_grid_second_order,,,,,bottomk_mean,0.4,3,3,0.0005889281746931374,0.0023557126987725496,0.0021790340542793274,0.0021790340542793274
annotated,Sora,shubzz_512334383%2Fmd.mp4,patch_only,,0.1,0.9,same_grid_second_order,,,,,bottomk_mean,0.4,3,3,0.047703180462121964,0.05418138951063156,0.05353356897830963,0.05353356897830963
annotated,Sora,silufonie_205350125%2Fmd.mp4,patch_only,,0.1,0.9,same_grid_second_order,,,,,bottomk_mean,0.4,3,3,0.024146053940057755,0.011189634911715984,0.012485276907682419,0.012485276907682419
annotated,Sora,silvian_watermarked.mp4,patch_only,,0.1,0.9,same_grid_second_order,,,,,bottomk_mean,0.4,3,3,0.05535924434661865,0.04475853964686394,0.04581861197948456,0.04581861197948456
annotated,Sora,silvinuni69_4791515%2Fmd.mp4,patch_only,,0.1,0.9,same_grid_second_order,,,,,bottomk_mean,0.4,3,3,0.20259128510951996,0.01590106077492237,0.034570083022117615,0.034570083022117615
annotated,Sora,sim91_647204790%2Fmd.mp4,patch_only,,0.1,0.9,same_grid_second_order,,,,,bottomk_mean,0.4,3,3,0.2603062391281128,0.09305065125226974,0.10977620631456375,0.10977620631456375
annotated,Sora,simarba_283636147%2Fmd.mp4,patch_only,,0.1,0.9,same_grid_second_order,,,,,bottomk_mean,0.4,3,3,0.06949352473020554,0.018256772309541702,0.023380447179079056,0.023380447179079056
annotated,Sora,simatic95_970615650%2Fmd.mp4,patch_only,,0.1,0.9,same_grid_second_order,,,,,bottomk_mean,0.4,3,3,0.10600706934928894,0.008833922445774078,0.018551236018538475,0.018551236018538475
annotated,Sora,simbeing_265290202%2Fmd.mp4,patch_only,,0.1,0.9,same_grid_second_order,,,,,bottomk_mean,0.4,3,3,0.022968197241425514,0.0035335689317435026,0.005477031692862511,0.005477031692862511
annotated,Sora,sinan324_515746543%2Fmd.mp4,patch_only,,0.1,0.9,same_grid_second_order,,,,,bottomk_mean,0.4,3,3,0.08303886651992798,0.23203769326210022,0.21713781356811523,0.21713781356811523
annotated,Sora,sir_crypto_141038241%2Fmd.mp4,patch_only,,0.1,0.9,same_grid_second_order,,,,,bottomk_mean,0.4,3,3,0.2473498284816742,0.0035335689317435026,0.027915194630622864,0.027915194630622864
annotated,Sora,sirini_446231221%2Fmd.mp4,patch_only,,0.1,0.9,same_grid_second_order,,,,,bottomk_mean,0.4,3,3,0.061248525977134705,0.017667844891548157,0.02202591300010681,0.02202591300010681
annotated,Sora,sis2002_628469285%2Fmd.mp4,patch_only,,0.1,0.9,same_grid_second_order,,,,,bottomk_mean,0.4,3,3,0.01472320407629013,0.005300353281199932,0.006242638453841209,0.006242638453841209
annotated,Sora,siva007_446834797%2Fmd.mp4,patch_only,,0.1,0.9,same_grid_second_order,,,,,bottomk_mean,0.4,3,3,0.020023556426167488,0.0035335689317435026,0.005182567518204451,0.005182567518204451
annotated,Sora,sj_2216_922899371%2Fmd.mp4,patch_only,,0.1,0.9,same_grid_second_order,,,,,bottomk_mean,0.4,3,3,0.3786807954311371,0.06065959855914116,0.0924617201089859,0.0924617201089859
annotated,Sora,sjel3007_841730312%2Fmd.mp4,patch_only,,0.1,0.9,same_grid_second_order,,,,,bottomk_mean,0.4,3,3,0.13133098185062408,0.5212014317512512,0.4822143614292145,0.4822143614292145
annotated,Sora,skbhow_727884749%2Fmd.mp4,patch_only,,0.1,0.9,same_grid_second_order,,,,,bottomk_mean,0.4,3,3,0.041224971413612366,0.0005889281746931374,0.004652532283216715,0.004652532283216715
annotated,Sora,skyfromtheblue_854567402%2Fmd.mp4,patch_only,,0.1,0.9,same_grid_second_order,,,,,bottomk_mean,0.4,3,3,0.004122497048228979,0.5088339447975159,0.45836278796195984,0.45836278796195984
annotated,Sora,slashchan_531061108%2Fmd.mp4,patch_only,,0.1,0.9,same_grid_second_order,,,,,bottomk_mean,0.4,3,3,0.0,0.0005889281746931374,0.0005300353514030576,0.0005300353514030576
annotated,Sora,slava_y_695501094%2Fmd.mp4,patch_only,,0.1,0.9,same_grid_second_order,,,,,bottomk_mean,0.4,3,3,0.011778563261032104,0.01295641902834177,0.012838633731007576,0.012838633731007576
annotated,Sora,slimtheshadee_95696637%2Fmd.mp4,patch_only,,0.1,0.9,same_grid_second_order,,,,,bottomk_mean,0.4,3,3,0.11484099179506302,0.1366313248872757,0.13445229828357697,0.13445229828357697
annotated,Sora,slimxoxshady_716127548%2Fmd.mp4,patch_only,,0.1,0.9,same_grid_second_order,,,,,bottomk_mean,0.4,3,3,0.0005889281746931374,0.018845701590180397,0.017020024359226227,0.017020024359226227
annotated,Sora,sly123-_528949405%2Fmd.mp4,patch_only,,0.1,0.9,same_grid_second_order,,,,,bottomk_mean,0.4,3,3,0.2408716082572937,0.01295641902834177,0.035747937858104706,0.035747937858104706
annotated,Sora,sm1689_391989685%2Fmd.mp4,patch_only,,0.1,0.9,same_grid_second_order,,,,,bottomk_mean,0.4,3,3,0.4287396967411041,0.517667829990387,0.5087750554084778,0.5087750554084778
annotated,Sora,smilescdc_539453069%2Fmd.mp4,patch_only,,0.1,0.9,same_grid_second_order,,,,,bottomk_mean,0.4,3,3,0.366902232170105,0.30565372109413147,0.31177857518196106,0.31177857518196106
annotated,Sora,smlzecnp_869155346%2Fmd.mp4,patch_only,,0.1,0.9,same_grid_second_order,,,,,bottomk_mean,0.4,3,3,0.01295641902834177,0.0005889281746931374,0.0018256772309541702,0.0018256772309541702
annotated,Sora,snomura_492490399%2Fmd.mp4,patch_only,,0.1,0.9,same_grid_second_order,,,,,bottomk_mean,0.4,3,3,0.04240282624959946,0.004122497048228979,0.007950530387461185,0.007950530387461185
annotated,Sora,sobeih91_151906067%2Fmd.mp4,patch_only,,0.1,0.9,same_grid_second_order,,,,,bottomk_mean,0.4,3,3,0.27149587869644165,0.009422850795090199,0.03563015162944794,0.03563015162944794
annotated,Sora,sockrobot_927555109%2Fmd.mp4,patch_only,,0.1,0.9,same_grid_second_order,,,,,bottomk_mean,0.4,3,3,0.34982332587242126,0.10600706934928894,0.13038869202136993,0.13038869202136993
annotated,Sora,sodiqjons_831648738%2Fmd.mp4,patch_only,,0.1,0.9,same_grid_second_order,,,,,bottomk_mean,0.4,3,3,0.3869257867336273,0.12485276907682419,0.1510600745677948,0.1510600745677948
annotated,Sora,sokon_704734720%2Fmd.mp4,patch_only,,0.1,0.9,same_grid_second_order,,,,,bottomk_mean,0.4,3,3,0.020023556426167488,0.0035335689317435026,0.005182567518204451,0.005182567518204451
annotated,Sora,solar2025_588665014%2Fmd.mp4,patch_only,,0.1,0.9,same_grid_second_order,,,,,bottomk_mean,0.4,3,3,0.2656065821647644,0.09658421576023102,0.11348645389080048,0.11348645389080048
annotated,Sora,solcollecta_348363187%2Fmd.mp4,patch_only,,0.1,0.9,same_grid_second_order,,,,,bottomk_mean,0.4,3,3,0.11248527467250824,0.19729092717170715,0.18881036341190338,0.18881036341190338
annotated,Sora,sollee11_114819764%2Fmd.mp4,patch_only,,0.1,0.9,same_grid_second_order,,,,,bottomk_mean,0.4,3,3,0.062426384538412094,0.030035335570573807,0.033274441957473755,0.033274441957473755
annotated,Sora,somya14_584793583%2Fmd.mp4,patch_only,,0.1,0.9,same_grid_second_order,,,,,bottomk_mean,0.4,3,3,0.027679622173309326,0.0023557126987725496,0.004888103809207678,0.004888103809207678
annotated,Sora,sonofyakub_885154928%2Fmd.mp4,patch_only,,0.1,0.9,same_grid_second_order,,,,,bottomk_mean,0.4,3,3,0.10070671141147614,0.018256772309541702,0.026501767337322235,0.026501767337322235
annotated,Sora,soothsister_712377718%2Fmd.mp4,patch_only,,0.1,0.9,same_grid_second_order,,,,,bottomk_mean,0.4,3,3,0.1925795078277588,0.28739693760871887,0.27791517972946167,0.27791517972946167
annotated,Sora,soracoconem_300191621%2Fmd.mp4,patch_only,,0.1,0.9,same_grid_second_order,,,,,bottomk_mean,0.4,3,3,0.4528857469558716,0.07891637086868286,0.11631330847740173,0.11631330847740173
annotated,Sora,sorajiei_576214078%2Fmd.mp4,patch_only,,0.1,0.9,same_grid_second_order,,,,,bottomk_mean,0.4,3,3,0.736160159111023,0.03474676236510277,0.10488810390233994,0.10488810390233994
annotated,Sora,sorasleep_710765456%2Fmd.mp4,patch_only,,0.1,0.9,same_grid_second_order,,,,,bottomk_mean,0.4,3,3,0.0,0.002944640815258026,0.002650176640599966,0.002650176640599966
annotated,Sora,sorustudio_876908138%2Fmd.mp4,patch_only,,0.1,0.9,same_grid_second_order,,,,,bottomk_mean,0.4,3,3,0.010011778213083744,0.005300353281199932,0.005771495867520571,0.005771495867520571
annotated,Sora,sosuke_873263122%2Fmd.mp4,patch_only,,0.1,0.9,same_grid_second_order,,,,,bottomk_mean,0.4,3,3,0.05300353467464447,0.005300353281199932,0.010070671327412128,0.010070671327412128
annotated,Sora,sourxu_499939788%2Fmd.mp4,patch_only,,0.1,0.9,same_grid_second_order,,,,,bottomk_mean,0.4,3,3,0.5064781904220581,0.12661954760551453,0.16460542380809784,0.16460542380809784
annotated,Sora,sozo_40_92215312%2Fmd.mp4,patch_only,,0.1,0.9,same_grid_second_order,,,,,bottomk_mean,0.4,3,3,0.4428739547729492,0.1354534775018692,0.16619552671909332,0.16619552671909332
annotated,Sora,spgg1_525553644%2Fmd.mp4,patch_only,,0.1,0.9,same_grid_second_order,,,,,bottomk_mean,0.4,3,3,0.020023556426167488,0.0005889281746931374,0.002532391110435128,0.002532391110435128
annotated,Sora,spiralcyc_417249819%2Fmd.mp4,patch_only,,0.1,0.9,same_grid_second_order,,,,,bottomk_mean,0.4,3,3,0.2709069550037384,0.009422850795090199,0.03557125851511955,0.03557125851511955
annotated,Sora,spoopysploinky_543382572%2Fmd.mp4,patch_only,,0.1,0.9,same_grid_second_order,,,,,bottomk_mean,0.4,3,3,0.4140164852142334,0.1342756152153015,0.16224969923496246,0.16224969923496246
annotated,Sora,sprnodes_126503992%2Fmd.mp4,patch_only,,0.1,0.9,same_grid_second_order,,,,,bottomk_mean,0.4,3,3,0.03592461720108986,0.030035335570573807,0.030624262988567352,0.030624262988567352
annotated,Sora,sprnvaa_930032274%2Fmd.mp4,patch_only,,0.1,0.9,same_grid_second_order,,,,,bottomk_mean,0.4,3,3,0.06419316679239273,0.0035335689317435026,0.009599529206752777,0.009599529206752777
annotated,Sora,spunkyvt_67395528%2Fmd.mp4,patch_only,,0.1,0.9,same_grid_second_order,,,,,bottomk_mean,0.4,3,3,0.1861013025045395,0.09658421576023102,0.10553592443466187,0.10553592443466187
annotated,Sora,sreeni3688_670173990%2Fmd.mp4,patch_only,,0.1,0.9,same_grid_second_order,,,,,bottomk_mean,0.4,3,3,0.07126030325889587,0.007067137863487005,0.013486454263329506,0.013486454263329506
annotated,Sora,sreenit_533089289%2Fmd.mp4,patch_only,,0.1,0.9,same_grid_second_order,,,,,bottomk_mean,0.4,3,3,0.0005889281746931374,0.005300353281199932,0.0048292106948792934,0.0048292106948792934
annotated,Sora,srichard_120064522%2Fmd.mp4,patch_only,,0.1,0.9,same_grid_second_order,,,,,bottomk_mean,0.4,3,3,0.03356890380382538,0.005300353281199932,0.008127208799123764,0.008127208799123764
annotated,Sora,srynyaie_142224866%2Fmd.mp4,patch_only,,0.1,0.9,same_grid_second_order,,,,,bottomk_mean,0.4,3,3,0.05948174372315407,0.07184923440217972,0.07061248272657394,0.07061248272657394
annotated,Sora,ssmoney_233809%2Fmd.mp4,patch_only,,0.1,0.9,same_grid_second_order,,,,,bottomk_mean,0.4,3,3,0.01295641902834177,0.04475853964686394,0.041578326374292374,0.041578326374292374
annotated,Sora,ssoorraassoorraa_14251048%2Fmd.mp4,patch_only,,0.1,0.9,same_grid_second_order,,,,,bottomk_mean,0.4,3,3,0.38751471042633057,0.18197879195213318,0.20253239572048187,0.20253239572048187
annotated,Sora,sss233_950579572%2Fmd.mp4,patch_only,,0.1,0.9,same_grid_second_order,,,,,bottomk_mean,0.4,3,3,0.07714958488941193,0.05300353467464447,0.05541813746094704,0.05541813746094704
annotated,Sora,standleye_813498197%2Fmd.mp4,patch_only,,0.1,0.9,same_grid_second_order,,,,,bottomk_mean,0.4,3,3,0.16431094706058502,0.01295641902834177,0.028091872110962868,0.028091872110962868
annotated,Sora,stanpaulaco_540330199%2Fmd.mp4,patch_only,,0.1,0.9,same_grid_second_order,,,,,bottomk_mean,0.4,3,3,0.06301531195640564,0.005300353281199932,0.01107184961438179,0.01107184961438179
annotated,Sora,starkic_257124890%2Fmd.mp4,patch_only,,0.1,0.9,same_grid_second_order,,,,,bottomk_mean,0.4,3,3,0.0806831568479538,0.0005889281746931374,0.008598350919783115,0.008598350919783115
annotated,Sora,stdc123_357135238%2Fmd.mp4,patch_only,,0.1,0.9,same_grid_second_order,,,,,bottomk_mean,0.4,3,3,0.291519433259964,0.06301531195640564,0.08586572110652924,0.08586572110652924
annotated,Sora,steeltoesandal_65961712%2Fmd.mp4,patch_only,,0.1,0.9,same_grid_second_order,,,,,bottomk_mean,0.4,3,3,0.47467610239982605,0.10482921451330185,0.14181390404701233,0.14181390404701233
annotated,Sora,stefarmakis_815007314%2Fmd.mp4,patch_only,,0.1,0.9,same_grid_second_order,,,,,bottomk_mean,0.4,3,3,0.050058893859386444,0.04181389883160591,0.042638398706912994,0.042638398706912994
annotated,Sora,stephenwonde_616714423%2Fmd.mp4,patch_only,,0.1,0.9,same_grid_second_order,,,,,bottomk_mean,0.4,3,3,0.002944640815258026,0.008833922445774078,0.008244994096457958,0.008244994096457958
annotated,Sora,sterco_223831622%2Fmd.mp4,patch_only,,0.1,0.9,same_grid_second_order,,,,,bottomk_mean,0.4,3,3,0.15135453641414642,0.3710247278213501,0.34905770421028137,0.34905770421028137
annotated,Sora,steven871_202168671%2Fmd.mp4,patch_only,,0.1,0.9,same_grid_second_order,,,,,bottomk_mean,0.4,3,3,0.2420494705438614,0.005300353281199932,0.028975265100598335,0.028975265100598335
annotated,Sora,stevo527_411288110%2Fmd.mp4,patch_only,,0.1,0.9,same_grid_second_order,,,,,bottomk_mean,0.4,3,3,0.027679622173309326,0.002944640815258026,0.005418139044195414,0.005418139044195414
annotated,Sora,stiegen_287752442%2Fmd.mp4,patch_only,,0.1,0.9,same_grid_second_order,,,,,bottomk_mean,0.4,3,3,0.3727915287017822,0.18433451652526855,0.2031802088022232,0.2031802088022232
annotated,Sora,stieniebooboo_915289173%2Fmd.mp4,patch_only,,0.1,0.9,same_grid_second_order,,,,,bottomk_mean,0.4,3,3,0.11130741983652115,0.2173144817352295,0.20671378076076508,0.20671378076076508
annotated,Sora,stolar9595_691371516%2Fmd.mp4,patch_only,,0.1,0.9,same_grid_second_order,,,,,bottomk_mean,0.4,3,3,0.036513544619083405,0.007656065747141838,0.01054181344807148,0.01054181344807148
annotated,Sora,strategists_741336358%2Fmd.mp4,patch_only,,0.1,0.9,same_grid_second_order,,,,,bottomk_mean,0.4,3,3,0.5041224956512451,0.10600706934928894,0.14581860601902008,0.14581860601902008
annotated,Sora,straysonar_33381340%2Fmd.mp4,patch_only,,0.1,0.9,same_grid_second_order,,,,,bottomk_mean,0.4,3,3,0.01295641902834177,0.0035335689317435026,0.004475853871554136,0.004475853871554136
annotated,Sora,streeterberry_432117245%2Fmd.mp4,patch_only,,0.1,0.9,same_grid_second_order,,,,,bottomk_mean,0.4,3,3,0.004122497048228979,0.06301531195640564,0.05712603032588959,0.05712603032588959
annotated,Sora,studioak_13403100%2Fmd.mp4,patch_only,,0.1,0.9,same_grid_second_order,,,,,bottomk_mean,0.4,3,3,0.48351001739501953,0.07184923440217972,0.1130153089761734,0.1130153089761734
annotated,Sora,sudo-grue_730388358%2Fmd.mp4,patch_only,,0.1,0.9,same_grid_second_order,,,,,bottomk_mean,0.4,3,3,0.007656065747141838,0.016489988192915916,0.015606596134603024,0.015606596134603024
annotated,Sora,suessmaus_946277291%2Fmd.mp4,patch_only,,0.1,0.9,same_grid_second_order,,,,,bottomk_mean,0.4,3,3,0.018256772309541702,0.01295641902834177,0.013486454263329506,0.013486454263329506
annotated,Sora,sumar_344160108%2Fmd.mp4,patch_only,,0.1,0.9,same_grid_second_order,,,,,bottomk_mean,0.4,3,3,0.01472320407629013,0.010600706562399864,0.011012956500053406,0.011012956500053406
annotated,Sora,sunjove_275229925%2Fmd.mp4,patch_only,,0.1,0.9,same_grid_second_order,,,,,bottomk_mean,0.4,3,3,0.03592461720108986,0.01295641902834177,0.015253239311277866,0.015253239311277866
annotated,Sora,supadupahooman_347181512%2Fmd.mp4,patch_only,,0.1,0.9,same_grid_second_order,,,,,bottomk_mean,0.4,3,3,0.2290930449962616,0.14487633109092712,0.15329799056053162,0.15329799056053162
annotated,Sora,suphaporn_siam_276138548%2Fmd.mp4,patch_only,,0.1,0.9,same_grid_second_order,,,,,bottomk_mean,0.4,3,3,0.04829210788011551,0.11660777032375336,0.10977620631456375,0.10977620631456375
annotated,Sora,suremate_30928557%2Fmd.mp4,patch_only,,0.1,0.9,same_grid_second_order,,,,,bottomk_mean,0.4,3,3,0.0,0.002944640815258026,0.002650176640599966,0.002650176640599966
annotated,Sora,svald99_149149823%2Fmd.mp4,patch_only,,0.1,0.9,same_grid_second_order,,,,,bottomk_mean,0.4,3,3,0.03592461720108986,0.011189634911715984,0.013663132674992085,0.013663132674992085
annotated,Sora,svendj94_74639852%2Fmd.mp4,patch_only,,0.1,0.9,same_grid_second_order,,,,,bottomk_mean,0.4,3,3,0.018845701590180397,0.21024735271930695,0.19110718369483948,0.19110718369483948
annotated,Sora,swan85_656704619%2Fmd.mp4,patch_only,,0.1,0.9,same_grid_second_order,,,,,bottomk_mean,0.4,3,3,0.3280329704284668,0.3256772756576538,0.32591283321380615,0.32591283321380615
annotated,Sora,swapticxaos_872995086%2Fmd.mp4,patch_only,,0.1,0.9,same_grid_second_order,,,,,bottomk_mean,0.4,3,3,0.05064782127737999,0.06301531195640564,0.061778564006090164,0.061778564006090164
annotated,Sora,swerx_778242585%2Fmd.mp4,patch_only,,0.1,0.9,same_grid_second_order,,,,,bottomk_mean,0.4,3,3,0.018845701590180397,0.005300353281199932,0.006654887925833464,0.006654887925833464
annotated,Sora,syimah_137437642%2Fmd.mp4,patch_only,,0.1,0.9,same_grid_second_order,,,,,bottomk_mean,0.4,3,3,0.01472320407629013,0.043580684810876846,0.040694933384656906,0.040694933384656906
annotated,Sora,synclexia_940562669%2Fmd.mp4,patch_only,,0.1,0.9,same_grid_second_order,,,,,bottomk_mean,0.4,3,3,0.048881035298109055,0.038869258016347885,0.03987043723464012,0.03987043723464012
annotated,Sora,systm-flo_830988505%2Fmd.mp4,patch_only,,0.1,0.9,same_grid_second_order,,,,,bottomk_mean,0.4,3,3,0.01472320407629013,0.004122497048228979,0.005182567518204451,0.005182567518204451
annotated,Sora,szaraherbata_609459192%2Fmd.mp4,patch_only,,0.1,0.9,same_grid_second_order,,,,,bottomk_mean,0.4,3,3,0.02237926982343197,0.010011778213083744,0.011248528026044369,0.011248528026044369
annotated,Sora,t404_633970560%2Fmd.mp4,patch_only,,0.1,0.9,same_grid_second_order,,,,,bottomk_mean,0.4,3,3,0.09010601043701172,0.06301531195640564,0.06572438031435013,0.06572438031435013
annotated,Sora,taceye_793248227%2Fmd.mp4,patch_only,,0.1,0.9,same_grid_second_order,,,,,bottomk_mean,0.4,3,3,0.5141342878341675,0.04416961222887039,0.09116607904434204,0.09116607904434204
annotated,Sora,tailoredshorts_412367036%2Fmd.mp4,patch_only,,0.1,0.9,same_grid_second_order,,,,,bottomk_mean,0.4,3,3,0.4281507730484009,0.03474676236510277,0.07408715784549713,0.07408715784549713
annotated,Sora,taimurshahid1_748675286%2Fmd.mp4,patch_only,,0.1,0.9,same_grid_second_order,,,,,bottomk_mean,0.4,3,3,0.3074204921722412,0.14899882674217224,0.16484099626541138,0.16484099626541138
annotated,Sora,taisantana_236442284%2Fmd.mp4,patch_only,,0.1,0.9,same_grid_second_order,,,,,bottomk_mean,0.4,3,3,0.11130741983652115,0.21790342032909393,0.20724381506443024,0.20724381506443024
annotated,Sora,taituzz_698505027%2Fmd.mp4,patch_only,,0.1,0.9,same_grid_second_order,,,,,bottomk_mean,0.4,3,3,0.6183745861053467,0.1601884514093399,0.20600706338882446,0.20600706338882446
annotated,Sora,tangkwanew_596541273%2Fmd.mp4,patch_only,,0.1,0.9,same_grid_second_order,,,,,bottomk_mean,0.4,3,3,0.06419316679239273,0.01295641902834177,0.0180800948292017,0.0180800948292017
annotated,Sora,tarek88_5208892%2Fmd.mp4,patch_only,,0.1,0.9,same_grid_second_order,,,,,bottomk_mean,0.4,3,3,0.12720848619937897,0.028857478871941566,0.03869257867336273,0.03869257867336273
annotated,Sora,tas_world_957371217%2Fmd.mp4,patch_only,,0.1,0.9,same_grid_second_order,,,,,bottomk_mean,0.4,3,3,0.3227326273918152,0.05418138951063156,0.0810365155339241,0.0810365155339241
annotated,Sora,tasmiachow_849531954%2Fmd.mp4,patch_only,,0.1,0.9,same_grid_second_order,,,,,bottomk_mean,0.4,3,3,0.010011778213083744,0.1107184886932373,0.10064782202243805,0.10064782202243805
annotated,Sora,tataukee_154433806%2Fmd.mp4,patch_only,,0.1,0.9,same_grid_second_order,,,,,bottomk_mean,0.4,3,3,0.216136634349823,0.02355712652206421,0.04281507804989815,0.04281507804989815
annotated,Sora,tatianka46_524197815%2Fmd.mp4,patch_only,,0.1,0.9,same_grid_second_order,,,,,bottomk_mean,0.4,3,3,0.047703180462121964,0.005300353281199932,0.009540636092424393,0.009540636092424393
annotated,Sora,tattleturtle_952944948%2Fmd.mp4,patch_only,,0.1,0.9,same_grid_second_order,,,,,bottomk_mean,0.4,3,3,0.0,0.0005889281746931374,0.0005300353514030576,0.0005300353514030576
annotated,Sora,taypootie_198800888%2Fmd.mp4,patch_only,,0.1,0.9,same_grid_second_order,,,,,bottomk_mean,0.4,3,3,0.01472320407629013,0.002944640815258026,0.004122497048228979,0.004122497048228979
annotated,Sora,tcaruso88_222528530%2Fmd.mp4,patch_only,,0.1,0.9,same_grid_second_order,,,,,bottomk_mean,0.4,3,3,0.29505300521850586,0.04475853964686394,0.06978798657655716,0.06978798657655716
annotated,Sora,tcptcptcp_450777526%2Fmd.mp4,patch_only,,0.1,0.9,same_grid_second_order,,,,,bottomk_mean,0.4,3,3,0.2538280189037323,0.2408716082572937,0.24216724932193756,0.24216724932193756
annotated,Sora,tdf_diamond_984612382%2Fmd.mp4,patch_only,,0.1,0.9,same_grid_second_order,,,,,bottomk_mean,0.4,3,3,0.1537102460861206,0.017667844891548157,0.03127208352088928,0.03127208352088928
annotated,Sora,tdog615_585363059%2Fmd.mp4,patch_only,,0.1,0.9,same_grid_second_order,,,,,bottomk_mean,0.4,3,3,0.12838633358478546,0.02473498322069645,0.035100117325782776,0.035100117325782776
annotated,Sora,teamsoft_8363880%2Fmd.mp4,patch_only,,0.1,0.9,same_grid_second_order,,,,,bottomk_mean,0.4,3,3,0.10482921451330185,0.01413427572697401,0.023203769698739052,0.023203769698739052
annotated,Sora,tech_team_testing_99063823%2Fmd.mp4,patch_only,,0.1,0.9,same_grid_second_order,,,,,bottomk_mean,0.4,3,3,0.08892814815044403,0.0005889281746931374,0.009422850795090199,0.009422850795090199
annotated,Sora,techwithvee_990740138%2Fmd.mp4,patch_only,,0.1,0.9,same_grid_second_order,,,,,bottomk_mean,0.4,3,3,0.25971731543540955,0.010011778213083744,0.03498233109712601,0.03498233109712601
annotated,Sora,tejaw_414178971%2Fmd.mp4,patch_only,,0.1,0.9,same_grid_second_order,,,,,bottomk_mean,0.4,3,3,0.2850412130355835,0.31684333086013794,0.313663125038147,0.313663125038147
annotated,Sora,telepathboy_794782414%2Fmd.mp4,patch_only,,0.1,0.9,same_grid_second_order,,,,,bottomk_mean,0.4,3,3,0.10306242853403091,0.2343934029340744,0.22126030921936035,0.22126030921936035
annotated,Sora,tenaiai_586325615%2Fmd.mp4,patch_only,,0.1,0.9,same_grid_second_order,,,,,bottomk_mean,0.4,3,3,0.48645466566085815,0.9428739547729492,0.8972320556640625,0.8972320556640625
annotated,Sora,teni_336618633%2Fmd.mp4,patch_only,,0.1,0.9,same_grid_second_order,,,,,bottomk_mean,0.4,3,3,0.23380447924137115,0.1861013025045395,0.19087161123752594,0.19087161123752594
annotated,Sora,terab_202148866%2Fmd.mp4,patch_only,,0.1,0.9,same_grid_second_order,,,,,bottomk_mean,0.4,3,3,0.14369846880435944,0.0035335689317435026,0.017550058662891388,0.017550058662891388
annotated,Sora,terenabelitz_349448505%2Fmd.mp4,patch_only,,0.1,0.9,same_grid_second_order,,,,,bottomk_mean,0.4,3,3,0.1289752721786499,0.0035335689317435026,0.016077738255262375,0.016077738255262375
annotated,Sora,terminated_loop_736385569%2Fmd.mp4,patch_only,,0.1,0.9,same_grid_second_order,,,,,bottomk_mean,0.4,3,3,0.02237926982343197,0.1342756152153015,0.12308598309755325,0.12308598309755325
annotated,Sora,terranben_922019999%2Fmd.mp4,patch_only,,0.1,0.9,same_grid_second_order,,,,,bottomk_mean,0.4,3,3,0.23085983097553253,0.5117785334587097,0.4836866855621338,0.4836866855621338
annotated,Sora,teru-1025_987976562%2Fmd.mp4,patch_only,,0.1,0.9,same_grid_second_order,,,,,bottomk_mean,0.4,3,3,0.5376914143562317,0.038869258016347885,0.08875147253274918,0.08875147253274918
annotated,Sora,tessa369_928255460%2Fmd.mp4,patch_only,,0.1,0.9,same_grid_second_order,,,,,bottomk_mean,0.4,3,3,0.0,0.0005889281746931374,0.0005300353514030576,0.0005300353514030576
annotated,Sora,test12333334444_617487203%2Fmd.mp4,patch_only,,0.1,0.9,same_grid_second_order,,,,,bottomk_mean,0.4,3,3,0.0742049440741539,0.035335689783096313,0.03922261670231819,0.03922261670231819
annotated,Sora,test213d_252636775%2Fmd.mp4,patch_only,,0.1,0.9,same_grid_second_order,,,,,bottomk_mean,0.4,3,3,0.06419316679239273,0.01295641902834177,0.0180800948292017,0.0180800948292017
annotated,Sora,test_video_coffee_392115691%2Fmd.mp4,patch_only,,0.1,0.9,same_grid_second_order,,,,,bottomk_mean,0.4,3,3,0.047703180462121964,0.011778563261032104,0.01537102460861206,0.01537102460861206
annotated,Sora,testi1980_134183384%2Fmd.mp4,patch_only,,0.1,0.9,same_grid_second_order,,,,,bottomk_mean,0.4,3,3,0.0,0.01295641902834177,0.011660777032375336,0.011660777032375336
annotated,Sora,teto50_539958856%2Fmd.mp4,patch_only,,0.1,0.9,same_grid_second_order,,,,,bottomk_mean,0.4,3,3,0.01354534737765789,0.007067137863487005,0.0077149588614702225,0.0077149588614702225
annotated,Sora,thall0120hew_948480688%2Fmd.mp4,patch_only,,0.1,0.9,same_grid_second_order,,,,,bottomk_mean,0.4,3,3,0.04711425304412842,0.017667844891548157,0.020612485706806183,0.020612485706806183
annotated,Sora,thandonova_515713558%2Fmd.mp4,patch_only,,0.1,0.9,same_grid_second_order,,,,,bottomk_mean,0.4,3,3,0.6118963360786438,0.26737338304519653,0.3018256723880768,0.3018256723880768
annotated,Sora,thanhphat101319_493781711%2Fmd.mp4,patch_only,,0.1,0.9,same_grid_second_order,,,,,bottomk_mean,0.4,3,3,0.08892814815044403,0.04475853964686394,0.04917550086975098,0.04917550086975098
annotated,Sora,thebenhallman_750307606%2Fmd.mp4,patch_only,,0.1,0.9,same_grid_second_order,,,,,bottomk_mean,0.4,3,3,0.3474676012992859,0.04711425304412842,0.07714958488941193,0.07714958488941193
annotated,Sora,theboord_15165532%2Fmd.mp4,patch_only,,0.1,0.9,same_grid_second_order,,,,,bottomk_mean,0.4,3,3,0.01472320407629013,0.01295641902834177,0.013133097440004349,0.013133097440004349
annotated,Sora,thecreativeminds_41816516%2Fmd.mp4,patch_only,,0.1,0.9,same_grid_second_order,,,,,bottomk_mean,0.4,3,3,0.04534746706485748,0.0035335689317435026,0.0077149588614702225,0.0077149588614702225
annotated,Sora,thedogzombie_543818446%2Fmd.mp4,patch_only,,0.1,0.9,same_grid_second_order,,,,,bottomk_mean,0.4,3,3,0.26089516282081604,0.20612485706806183,0.2116018831729889,0.2116018831729889
annotated,Sora,thedurris_73917953%2Fmd.mp4,patch_only,,0.1,0.9,same_grid_second_order,,,,,bottomk_mean,0.4,3,3,0.020023556426167488,0.01295641902834177,0.013663132674992085,0.013663132674992085
annotated,Sora,thefoxx02_931858481%2Fmd.mp4,patch_only,,0.1,0.9,same_grid_second_order,,,,,bottomk_mean,0.4,3,3,0.048881035298109055,0.01295641902834177,0.0165488813072443,0.0165488813072443
annotated,Sora,thehoopers_77654339%2Fmd.mp4,patch_only,,0.1,0.9,same_grid_second_order,,,,,bottomk_mean,0.4,3,3,0.15429916977882385,0.02826855145394802,0.04087161272764206,0.04087161272764206
annotated,Sora,thekaveman12_32873031%2Fmd.mp4,patch_only,,0.1,0.9,same_grid_second_order,,,,,bottomk_mean,0.4,3,3,0.71378093957901,0.5318021178245544,0.550000011920929,0.550000011920929
annotated,Sora,themarketingarchitect_897690736%2Fmd.mp4,patch_only,,0.1,0.9,same_grid_second_order,,,,,bottomk_mean,0.4,3,3,0.02944640815258026,0.038869258016347885,0.03792697191238403,0.03792697191238403
annotated,Sora,theoak_432674519%2Fmd.mp4,patch_only,,0.1,0.9,same_grid_second_order,,,,,bottomk_mean,0.4,3,3,0.048881035298109055,0.021790342405438423,0.02449941076338291,0.02449941076338291
annotated,Sora,theperegrineco_260137071%2Fmd.mp4,patch_only,,0.1,0.9,same_grid_second_order,,,,,bottomk_mean,0.4,3,3,0.06890459358692169,0.0005889281746931374,0.007420494686812162,0.007420494686812162
annotated,Sora,therealdennis18_621864003%2Fmd.mp4,patch_only,,0.1,0.9,same_grid_second_order,,,,,bottomk_mean,0.4,3,3,0.30270907282829285,0.03474676236510277,0.06154299154877663,0.06154299154877663
annotated,Sora,thesocialclub_158973203%2Fmd.mp4,patch_only,,0.1,0.9,same_grid_second_order,,,,,bottomk_mean,0.4,3,3,0.14782096445560455,0.030035335570573807,0.04181389883160591,0.04181389883160591
annotated,Sora,thesorrow_478375153%2Fmd.mp4,patch_only,,0.1,0.9,same_grid_second_order,,,,,bottomk_mean,0.4,3,3,0.1978798657655716,0.0017667844658717513,0.02137809246778488,0.02137809246778488
annotated,Sora,thevisionaryhive_574655076%2Fmd.mp4,patch_only,,0.1,0.9,same_grid_second_order,,,,,bottomk_mean,0.4,3,3,0.010600706562399864,0.017667844891548157,0.016961131244897842,0.016961131244897842
annotated,Sora,thevpanda_889765771%2Fmd.mp4,patch_only,,0.1,0.9,same_grid_second_order,,,,,bottomk_mean,0.4,3,3,0.22850412130355835,0.25441697239875793,0.2518256902694702,0.2518256902694702
annotated,Sora,thuykienteuong9638_512372216%2Fmd.mp4,patch_only,,0.1,0.9,same_grid_second_order,,,,,bottomk_mean,0.4,3,3,0.26089516282081604,0.0,0.026089517399668694,0.026089517399668694
annotated,Sora,tiagnio_924786425%2Fmd.mp4,patch_only,,0.1,0.9,same_grid_second_order,,,,,bottomk_mean,0.4,3,3,0.0023557126987725496,0.12485276907682419,0.11260306090116501,0.11260306090116501
annotated,Sora,tiekai68_964308626%2Fmd.mp4,patch_only,,0.1,0.9,same_grid_second_order,,,,,bottomk_mean,0.4,3,3,0.16431094706058502,0.09187278896570206,0.09911660850048065,0.09911660850048065
annotated,Sora,till_zmn_353744639%2Fmd.mp4,patch_only,,0.1,0.9,same_grid_second_order,,,,,bottomk_mean,0.4,3,3,0.12720848619937897,0.17078916728496552,0.16643109917640686,0.16643109917640686
annotated,Sora,timoeppler_481008146%2Fmd.mp4,patch_only,,0.1,0.9,same_grid_second_order,,,,,bottomk_mean,0.4,3,3,0.3074204921722412,0.020612485706806183,0.049293287098407745,0.049293287098407745
annotated,Sora,timothyyy90_776447853%2Fmd.mp4,patch_only,,0.1,0.9,same_grid_second_order,,,,,bottomk_mean,0.4,3,3,0.006478209514170885,0.005300353281199932,0.005418139044195414,0.005418139044195414
annotated,Sora,timptu_146037786%2Fmd.mp4,patch_only,,0.1,0.9,same_grid_second_order,,,,,bottomk_mean,0.4,3,3,0.0005889281746931374,0.035335689783096313,0.031861014664173126,0.031861014664173126
annotated,Sora,timxneu_935696439%2Fmd.mp4,patch_only,,0.1,0.9,same_grid_second_order,,,,,bottomk_mean,0.4,3,3,0.15959952771663666,0.17078916728496552,0.1696701943874359,0.1696701943874359
annotated,Sora,tintedpink_188524247%2Fmd.mp4,patch_only,,0.1,0.9,same_grid_second_order,,,,,bottomk_mean,0.4,3,3,0.15724381804466248,0.019434629008173943,0.03321554884314537,0.03321554884314537
annotated,Sora,tishaaaa_246495579%2Fmd.mp4,patch_only,,0.1,0.9,same_grid_second_order,,,,,bottomk_mean,0.4,3,3,0.4310953915119171,0.45759716629981995,0.45494699478149414,0.45494699478149414
annotated,Sora,tkc_1_2614652%2Fmd.mp4,patch_only,,0.1,0.9,same_grid_second_order,,,,,bottomk_mean,0.4,3,3,0.04534746706485748,0.021790342405438423,0.024146053940057755,0.024146053940057755
annotated,Sora,tkdnjf_868758132%2Fmd.mp4,patch_only,,0.1,0.9,same_grid_second_order,,,,,bottomk_mean,0.4,3,3,0.018845701590180397,0.011189634911715984,0.011955241672694683,0.011955241672694683
annotated,Sora,tkno_985303264%2Fmd.mp4,patch_only,,0.1,0.9,same_grid_second_order,,,,,bottomk_mean,0.4,3,3,0.10836277902126312,0.022968197241425514,0.03150765597820282,0.03150765597820282
annotated,Sora,tldon_458613245%2Fmd.mp4,patch_only,,0.1,0.9,same_grid_second_order,,,,,bottomk_mean,0.4,3,3,0.7885748147964478,0.0795053020119667,0.15041224658489227,0.15041224658489227
annotated,Sora,tlsotrk_650884571%2Fmd.mp4,patch_only,,0.1,0.9,same_grid_second_order,,,,,bottomk_mean,0.4,3,3,0.10718492418527603,0.0017667844658717513,0.01230859849601984,0.01230859849601984
annotated,Sora,tmcxtl_292103937%2Fmd.mp4,patch_only,,0.1,0.9,same_grid_second_order,,,,,bottomk_mean,0.4,3,3,0.08951707929372787,0.16195523738861084,0.15471142530441284,0.15471142530441284
annotated,Sora,tmoo1_716603937%2Fmd.mp4,patch_only,,0.1,0.9,same_grid_second_order,,,,,bottomk_mean,0.4,3,3,0.10482921451330185,0.07656066119670868,0.07938751578330994,0.07938751578330994
annotated,Sora,tobicreates_672757366%2Fmd.mp4,patch_only,,0.1,0.9,same_grid_second_order,,,,,bottomk_mean,0.4,3,3,0.07832744717597961,0.28327444195747375,0.26277974247932434,0.26277974247932434
annotated,Sora,togepi98_60012120%2Fmd.mp4,patch_only,,0.1,0.9,same_grid_second_order,,,,,bottomk_mean,0.4,3,3,0.027679622173309326,0.0005889281746931374,0.0032979976385831833,0.0032979976385831833
annotated,Sora,tokimonstah_52490513%2Fmd.mp4,patch_only,,0.1,0.9,same_grid_second_order,,,,,bottomk_mean,0.4,3,3,0.01472320407629013,0.01295641902834177,0.013133097440004349,0.013133097440004349
annotated,Sora,tolini_201661495%2Fmd.mp4,patch_only,,0.1,0.9,same_grid_second_order,,,,,bottomk_mean,0.4,3,3,0.1925795078277588,0.01295641902834177,0.030918728560209274,0.030918728560209274
annotated,Sora,tomaszmaz_759381009%2Fmd.mp4,patch_only,,0.1,0.9,same_grid_second_order,,,,,bottomk_mean,0.4,3,3,0.020023556426167488,0.012367491610348225,0.013133097440004349,0.013133097440004349
annotated,Sora,tomerb232_315132197%2Fmd.mp4,patch_only,,0.1,0.9,same_grid_second_order,,,,,bottomk_mean,0.4,3,3,0.07243816554546356,0.07479387521743774,0.0745583027601242,0.0745583027601242
annotated,Sora,tommy805surfer_948916724%2Fmd.mp4,patch_only,,0.1,0.9,same_grid_second_order,,,,,bottomk_mean,0.4,3,3,0.01472320407629013,0.010011778213083744,0.01048292126506567,0.01048292126506567
annotated,Sora,tommyfilhigar_580331369%2Fmd.mp4,patch_only,,0.1,0.9,same_grid_second_order,,,,,bottomk_mean,0.4,3,3,0.13191990554332733,0.01295641902834177,0.02485276758670807,0.02485276758670807
annotated,Sora,tommym_358791467%2Fmd.mp4,patch_only,,0.1,0.9,same_grid_second_order,,,,,bottomk_mean,0.4,3,3,0.1601884514093399,0.007067137863487005,0.02237926982343197,0.02237926982343197
annotated,Sora,tomokry_852220006%2Fmd.mp4,patch_only,,0.1,0.9,same_grid_second_order,,,,,bottomk_mean,0.4,3,3,0.041224971413612366,0.002944640815258026,0.006772673688828945,0.006772673688828945
annotated,Sora,tonfegar_717254807%2Fmd.mp4,patch_only,,0.1,0.9,same_grid_second_order,,,,,bottomk_mean,0.4,3,3,0.04593639448285103,0.356890469789505,0.32579505443573,0.32579505443573
annotated,Sora,tonifong_950176845%2Fmd.mp4,patch_only,,0.1,0.9,same_grid_second_order,,,,,bottomk_mean,0.4,3,3,0.16254417598247528,0.004711425397545099,0.020494699478149414,0.020494699478149414
annotated,Sora,tonspattapong_979686879%2Fmd.mp4,patch_only,,0.1,0.9,same_grid_second_order,,,,,bottomk_mean,0.4,3,3,0.007656065747141838,0.0035335689317435026,0.0039458186365664005,0.0039458186365664005
annotated,Sora,tonydebree_302936372%2Fmd.mp4,patch_only,,0.1,0.9,same_grid_second_order,,,,,bottomk_mean,0.4,3,3,0.0023557126987725496,0.006478209514170885,0.006065960042178631,0.006065960042178631
annotated,Sora,tonytran90_964327560%2Fmd.mp4,patch_only,,0.1,0.9,same_grid_second_order,,,,,bottomk_mean,0.4,3,3,0.040047112852334976,0.0035335689317435026,0.007184923626482487,0.007184923626482487
annotated,Sora,tonytrex_849229028%2Fmd.mp4,patch_only,,0.1,0.9,same_grid_second_order,,,,,bottomk_mean,0.4,3,3,0.034157831221818924,0.002944640815258026,0.006065960042178631,0.006065960042178631
annotated,Sora,topvogue_922099355%2Fmd.mp4,patch_only,,0.1,0.9,same_grid_second_order,,,,,bottomk_mean,0.4,3,3,0.12956419587135315,0.16902238130569458,0.16507655382156372,0.16507655382156372
annotated,Sora,torndivine_767710854%2Fmd.mp4,patch_only,,0.1,0.9,same_grid_second_order,,,,,bottomk_mean,0.4,3,3,0.3085983395576477,0.06713780760765076,0.09128386527299881,0.09128386527299881
annotated,Sora,totoloz_893194172%2Fmd.mp4,patch_only,,0.1,0.9,same_grid_second_order,,,,,bottomk_mean,0.4,3,3,0.07479387521743774,0.007067137863487005,0.013839811086654663,0.013839811086654663
annotated,Sora,toyopower_673872941%2Fmd.mp4,patch_only,,0.1,0.9,same_grid_second_order,,,,,bottomk_mean,0.4,3,3,0.39929327368736267,0.020612485706806183,0.05848056450486183,0.05848056450486183
annotated,Sora,tr0902_734524451%2Fmd.mp4,patch_only,,0.1,0.9,same_grid_second_order,,,,,bottomk_mean,0.4,3,3,0.015312131494283676,0.0005889281746931374,0.0020612485241144896,0.0020612485241144896
annotated,Sora,tranhao94_370494437%2Fmd.mp4,patch_only,,0.1,0.9,same_grid_second_order,,,,,bottomk_mean,0.4,3,3,0.027679622173309326,0.036513544619083405,0.03563015162944794,0.03563015162944794
annotated,Sora,transaurieng_896334244%2Fmd.mp4,patch_only,,0.1,0.9,same_grid_second_order,,,,,bottomk_mean,0.4,3,3,0.06831566244363785,0.12661954760551453,0.12078916281461716,0.12078916281461716
annotated,Sora,trappk_989745698%2Fmd.mp4,patch_only,,0.1,0.9,same_grid_second_order,,,,,bottomk_mean,0.4,3,3,0.22084805369377136,0.12014134228229523,0.13021200895309448,0.13021200895309448
annotated,Sora,travelingtiger_watermarked.mp4,patch_only,,0.1,0.9,same_grid_second_order,,,,,bottomk_mean,0.4,3,3,0.12720848619937897,0.02473498322069645,0.03498233109712601,0.03498233109712601
annotated,Sora,trecording_547987669%2Fmd.mp4,patch_only,,0.1,0.9,same_grid_second_order,,,,,bottomk_mean,0.4,3,3,0.46819788217544556,0.40812721848487854,0.41413426399230957,0.41413426399230957
annotated,Sora,treppenhaus_155830746%2Fmd.mp4,patch_only,,0.1,0.9,same_grid_second_order,,,,,bottomk_mean,0.4,3,3,0.16372202336788177,0.028857478871941566,0.04234393313527107,0.04234393313527107
annotated,Sora,tribalterrace_579954080%2Fmd.mp4,patch_only,,0.1,0.9,same_grid_second_order,,,,,bottomk_mean,0.4,3,3,0.25206124782562256,0.038869258016347885,0.06018845736980438,0.06018845736980438
annotated,Sora,trigaar_412792440%2Fmd.mp4,patch_only,,0.1,0.9,same_grid_second_order,,,,,bottomk_mean,0.4,3,3,0.5376914143562317,0.2567726671695709,0.28486454486846924,0.28486454486846924
annotated,Sora,tteokbokki_1_537988682%2Fmd.mp4,patch_only,,0.1,0.9,same_grid_second_order,,,,,bottomk_mean,0.4,3,3,0.1560659557580948,0.492343932390213,0.45871612429618835,0.45871612429618835
annotated,Sora,tuklex_508111382%2Fmd.mp4,patch_only,,0.1,0.9,same_grid_second_order,,,,,bottomk_mean,0.4,3,3,0.04593639448285103,0.21849234402179718,0.201236754655838,0.201236754655838
annotated,Sora,twd-2025_615319696%2Fmd.mp4,patch_only,,0.1,0.9,same_grid_second_order,,,,,bottomk_mean,0.4,3,3,0.0806831568479538,0.40047115087509155,0.36849233508110046,0.36849233508110046
annotated,Sora,twokates_watermarked.mp4,patch_only,,0.1,0.9,same_grid_second_order,,,,,bottomk_mean,0.4,3,3,0.017078915610909462,0.0035335689317435026,0.004888103809207678,0.004888103809207678
annotated,Sora,ubecat_42393128%2Fmd.mp4,patch_only,,0.1,0.9,same_grid_second_order,,,,,bottomk_mean,0.4,3,3,0.004122497048228979,0.0035335689317435026,0.0035924618132412434,0.0035924618132412434
annotated,Sora,udaanmarketing_614455430%2Fmd.mp4,patch_only,,0.1,0.9,same_grid_second_order,,,,,bottomk_mean,0.4,3,3,0.2108362764120102,0.04829210788011551,0.06454652547836304,0.06454652547836304
annotated,Sora,umair8021_821163362%2Fmd.mp4,patch_only,,0.1,0.9,same_grid_second_order,,,,,bottomk_mean,0.4,3,3,0.018845701590180397,0.062426384538412094,0.05806831642985344,0.05806831642985344
annotated,Sora,umi90_722913797%2Fmd.mp4,patch_only,,0.1,0.9,same_grid_second_order,,,,,bottomk_mean,0.4,3,3,0.416961133480072,0.14428739249706268,0.1715547740459442,0.1715547740459442
annotated,Sora,ummisarohh_940586903%2Fmd.mp4,patch_only,,0.1,0.9,same_grid_second_order,,,,,bottomk_mean,0.4,3,3,0.018845701590180397,0.018845701590180397,0.018845701590180397,0.018845701590180397
annotated,Sora,unclear_868780854%2Fmd.mp4,patch_only,,0.1,0.9,same_grid_second_order,,,,,bottomk_mean,0.4,3,3,0.011189634911715984,0.009422850795090199,0.009599529206752777,0.009599529206752777
annotated,Sora,uncrncrw_848662885%2Fmd.mp4,patch_only,,0.1,0.9,same_grid_second_order,,,,,bottomk_mean,0.4,3,3,0.050058893859386444,0.14428739249706268,0.13486455380916595,0.13486455380916595
annotated,Sora,unisellogi_226892660%2Fmd.mp4,patch_only,,0.1,0.9,same_grid_second_order,,,,,bottomk_mean,0.4,3,3,0.008833922445774078,0.011189634911715984,0.010954063385725021,0.010954063385725021
annotated,Sora,uppikhati_963738174%2Fmd.mp4,patch_only,,0.1,0.9,same_grid_second_order,,,,,bottomk_mean,0.4,3,3,0.18845701217651367,0.0924617201089859,0.10206124931573868,0.10206124931573868
annotated,Sora,ur0214_106232589%2Fmd.mp4,patch_only,,0.1,0.9,same_grid_second_order,,,,,bottomk_mean,0.4,3,3,0.04829210788011551,0.09010601043701172,0.08592461794614792,0.08592461794614792
annotated,Sora,usagi4837_938412356%2Fmd.mp4,patch_only,,0.1,0.9,same_grid_second_order,,,,,bottomk_mean,0.4,3,3,0.020023556426167488,0.005300353281199932,0.006772673688828945,0.006772673688828945
annotated,Sora,user_23456789_187557025%2Fmd.mp4,patch_only,,0.1,0.9,same_grid_second_order,,,,,bottomk_mean,0.4,3,3,0.062426384538412094,0.010011778213083744,0.015253239311277866,0.015253239311277866
annotated,Sora,uvperfect_471918799%2Fmd.mp4,patch_only,,0.1,0.9,same_grid_second_order,,,,,bottomk_mean,0.4,3,3,0.1925795078277588,0.012367491610348225,0.030388692393898964,0.030388692393898964
annotated,Sora,va19ntina_44981178%2Fmd.mp4,patch_only,,0.1,0.9,same_grid_second_order,,,,,bottomk_mean,0.4,3,3,0.09481742978096008,0.018845701590180397,0.02644287422299385,0.02644287422299385
annotated,Sora,valeken_503756409%2Fmd.mp4,patch_only,,0.1,0.9,same_grid_second_order,,,,,bottomk_mean,0.4,3,3,0.0005889281746931374,0.0005889281746931374,0.0005889281746931374,0.0005889281746931374
annotated,Sora,vangoghai_498784408%2Fmd.mp4,patch_only,,0.1,0.9,same_grid_second_order,,,,,bottomk_mean,0.4,3,3,0.14664310216903687,0.002944640815258026,0.017314488068223,0.017314488068223
annotated,Sora,variamanti_806564388%2Fmd.mp4,patch_only,,0.1,0.9,same_grid_second_order,,,,,bottomk_mean,0.4,3,3,0.05653710290789604,0.002944640815258026,0.008303887210786343,0.008303887210786343
annotated,Sora,varnas_620727771%2Fmd.mp4,patch_only,,0.1,0.9,same_grid_second_order,,,,,bottomk_mean,0.4,3,3,0.020023556426167488,0.007067137863487005,0.008362779393792152,0.008362779393792152
annotated,Sora,varshaspring_794614549%2Fmd.mp4,patch_only,,0.1,0.9,same_grid_second_order,,,,,bottomk_mean,0.4,3,3,0.06949352473020554,0.01295641902834177,0.01861012913286686,0.01861012913286686
annotated,Sora,vasiliy_wd_120940423%2Fmd.mp4,patch_only,,0.1,0.9,same_grid_second_order,,,,,bottomk_mean,0.4,3,3,0.21554769575595856,0.11896348744630814,0.128621906042099,0.128621906042099
annotated,Sora,vavacar_489005127%2Fmd.mp4,patch_only,,0.1,0.9,same_grid_second_order,,,,,bottomk_mean,0.4,3,3,0.18669022619724274,0.10247349739074707,0.11089517176151276,0.11089517176151276
annotated,Sora,vbvvvv_212826510%2Fmd.mp4,patch_only,,0.1,0.9,same_grid_second_order,,,,,bottomk_mean,0.4,3,3,0.17255595326423645,0.21024735271930695,0.20647820830345154,0.20647820830345154
annotated,Sora,vedantsharma19_198317416%2Fmd.mp4,patch_only,,0.1,0.9,same_grid_second_order,,,,,bottomk_mean,0.4,3,3,0.10482921451330185,0.021790342405438423,0.03009422868490219,0.03009422868490219
annotated,Sora,vedio123_927219171%2Fmd.mp4,patch_only,,0.1,0.9,same_grid_second_order,,,,,bottomk_mean,0.4,3,3,0.366902232170105,0.19552414119243622,0.2126619517803192,0.2126619517803192
annotated,Sora,vepaula_854714730%2Fmd.mp4,patch_only,,0.1,0.9,same_grid_second_order,,,,,bottomk_mean,0.4,3,3,0.14487633109092712,0.025323910638689995,0.0372791513800621,0.0372791513800621
annotated,Sora,veritasconnect_253488213%2Fmd.mp4,patch_only,,0.1,0.9,same_grid_second_order,,,,,bottomk_mean,0.4,3,3,0.004122497048228979,0.010011778213083744,0.009422850795090199,0.009422850795090199
annotated,Sora,veuos_17191780%2Fmd.mp4,patch_only,,0.1,0.9,same_grid_second_order,,,,,bottomk_mean,0.4,3,3,0.08186101168394089,0.043580684810876846,0.04740871489048004,0.04740871489048004
annotated,Sora,vibe2code_893368339%2Fmd.mp4,patch_only,,0.1,0.9,same_grid_second_order,,,,,bottomk_mean,0.4,3,3,0.11248527467250824,0.03474676236510277,0.042520612478256226,0.042520612478256226
annotated,Sora,victorurrutia30_13744187%2Fmd.mp4,patch_only,,0.1,0.9,same_grid_second_order,,,,,bottomk_mean,0.4,3,3,0.07243816554546356,0.024146053940057755,0.028975265100598335,0.028975265100598335
annotated,Sora,vikashola_747590870%2Fmd.mp4,patch_only,,0.1,0.9,same_grid_second_order,,,,,bottomk_mean,0.4,3,3,0.6784452199935913,0.09187278896570206,0.15053004026412964,0.15053004026412964
annotated,Sora,viki-workspace_59811293%2Fmd.mp4,patch_only,,0.1,0.9,same_grid_second_order,,,,,bottomk_mean,0.4,3,3,0.02355712652206421,0.20082449913024902,0.18309776484966278,0.18309776484966278
annotated,Sora,villads_665047215%2Fmd.mp4,patch_only,,0.1,0.9,same_grid_second_order,,,,,bottomk_mean,0.4,3,3,0.633097767829895,0.3657243847846985,0.39246171712875366,0.39246171712875366
annotated,Sora,vincent_max_258925092%2Fmd.mp4,patch_only,,0.1,0.9,same_grid_second_order,,,,,bottomk_mean,0.4,3,3,0.03945818543434143,0.005300353281199932,0.00871613621711731,0.00871613621711731
annotated,Sora,vineetmanohar_954531103%2Fmd.mp4,patch_only,,0.1,0.9,same_grid_second_order,,,,,bottomk_mean,0.4,3,3,0.08303886651992798,0.1289752721786499,0.12438162416219711,0.12438162416219711
annotated,Sora,vinita_218792682%2Fmd.mp4,patch_only,,0.1,0.9,same_grid_second_order,,,,,bottomk_mean,0.4,3,3,0.020023556426167488,0.5836278200149536,0.5272673964500427,0.5272673964500427
annotated,Sora,vishald632_357366566%2Fmd.mp4,patch_only,,0.1,0.9,same_grid_second_order,,,,,bottomk_mean,0.4,3,3,0.15429916977882385,0.27797409892082214,0.2656065821647644,0.2656065821647644
annotated,Sora,vision-ai_956728279%2Fmd.mp4,patch_only,,0.1,0.9,same_grid_second_order,,,,,bottomk_mean,0.4,3,3,0.2691401541233063,0.12956419587135315,0.14352178573608398,0.14352178573608398
annotated,Sora,visomero_462787254%2Fmd.mp4,patch_only,,0.1,0.9,same_grid_second_order,,,,,bottomk_mean,0.4,3,3,0.09128386527299881,0.01295641902834177,0.020789163187146187,0.020789163187146187
annotated,Sora,vivekov30_556726412%2Fmd.mp4,patch_only,,0.1,0.9,same_grid_second_order,,,,,bottomk_mean,0.4,3,3,0.041224971413612366,0.016489988192915916,0.018963485956192017,0.018963485956192017
annotated,Sora,vladibern_967909294%2Fmd.mp4,patch_only,,0.1,0.9,same_grid_second_order,,,,,bottomk_mean,0.4,3,3,0.06949352473020554,0.2744405269622803,0.25394582748413086,0.25394582748413086
annotated,Sora,vladiszombie_779262883%2Fmd.mp4,patch_only,,0.1,0.9,same_grid_second_order,,,,,bottomk_mean,0.4,3,3,0.006478209514170885,0.010600706562399864,0.010188456624746323,0.010188456624746323
annotated,Sora,vlwhk_193024930%2Fmd.mp4,patch_only,,0.1,0.9,same_grid_second_order,,,,,bottomk_mean,0.4,3,3,0.15429916977882385,0.12661954760551453,0.1293875128030777,0.1293875128030777
annotated,Sora,vnco_841677268%2Fmd.mp4,patch_only,,0.1,0.9,same_grid_second_order,,,,,bottomk_mean,0.4,3,3,0.018845701590180397,0.002944640815258026,0.004534746985882521,0.004534746985882521
annotated,Sora,vnffilms_314494998%2Fmd.mp4,patch_only,,0.1,0.9,same_grid_second_order,,,,,bottomk_mean,0.4,3,3,0.11778563261032104,0.008833922445774078,0.019729092717170715,0.019729092717170715
annotated,Sora,voice789_242587007%2Fmd.mp4,patch_only,,0.1,0.9,same_grid_second_order,,,,,bottomk_mean,0.4,3,3,0.2850412130355835,0.011189634911715984,0.03857479244470596,0.03857479244470596
annotated,Sora,volodymyr272427_259246614%2Fmd.mp4,patch_only,,0.1,0.9,same_grid_second_order,,,,,bottomk_mean,0.4,3,3,0.004122497048228979,0.0005889281746931374,0.0009422850562259555,0.0009422850562259555
annotated,Sora,vparadiso_479037887%2Fmd.mp4,patch_only,,0.1,0.9,same_grid_second_order,,,,,bottomk_mean,0.4,3,3,0.010011778213083744,0.002944640815258026,0.0036513544619083405,0.0036513544619083405
annotated,Sora,vshorts_352096494%2Fmd.mp4,patch_only,,0.1,0.9,same_grid_second_order,,,,,bottomk_mean,0.4,3,3,0.22673733532428741,0.021790342405438423,0.04228504002094269,0.04228504002094269
annotated,Sora,vuanh_855128600%2Fmd.mp4,patch_only,,0.1,0.9,same_grid_second_order,,,,,bottomk_mean,0.4,3,3,0.018256772309541702,0.03474676236510277,0.0330977626144886,0.0330977626144886
annotated,Sora,vyz77_975929935%2Fmd.mp4,patch_only,,0.1,0.9,same_grid_second_order,,,,,bottomk_mean,0.4,3,3,0.01472320407629013,0.04711425304412842,0.04387514665722847,0.04387514665722847
annotated,Sora,waha33_628890709%2Fmd.mp4,patch_only,,0.1,0.9,same_grid_second_order,,,,,bottomk_mean,0.4,3,3,0.3162544071674347,0.2667844593524933,0.271731436252594,0.271731436252594
annotated,Sora,wahid9999_832699884%2Fmd.mp4,patch_only,,0.1,0.9,same_grid_second_order,,,,,bottomk_mean,0.4,3,3,0.06419316679239273,0.0,0.006419316865503788,0.006419316865503788
annotated,Sora,wakey_wakey_99058203%2Fmd.mp4,patch_only,,0.1,0.9,same_grid_second_order,,,,,bottomk_mean,0.4,3,3,0.15135453641414642,0.021790342405438423,0.03474676236510277,0.03474676236510277
annotated,Sora,wako1_745417924%2Fmd.mp4,patch_only,,0.1,0.9,same_grid_second_order,,,,,bottomk_mean,0.4,3,3,0.015312131494283676,0.16902238130569458,0.15365135669708252,0.15365135669708252
annotated,Sora,wanasiri_888227928%2Fmd.mp4,patch_only,,0.1,0.9,same_grid_second_order,,,,,bottomk_mean,0.4,3,3,0.6089516878128052,0.10011778771877289,0.1510011851787567,0.1510011851787567
annotated,Sora,watchmov_742587971%2Fmd.mp4,patch_only,,0.1,0.9,same_grid_second_order,,,,,bottomk_mean,0.4,3,3,0.08303886651992798,0.017078915610909462,0.02367491088807583,0.02367491088807583
annotated,Sora,wattica_31242578%2Fmd.mp4,patch_only,,0.1,0.9,same_grid_second_order,,,,,bottomk_mean,0.4,3,3,0.11012956500053406,0.010011778213083744,0.020023556426167488,0.020023556426167488
annotated,Sora,wduke_941743104%2Fmd.mp4,patch_only,,0.1,0.9,same_grid_second_order,,,,,bottomk_mean,0.4,3,3,0.2697291076183319,0.23203769326210022,0.23580683767795563,0.23580683767795563
annotated,Sora,weasly__57120977%2Fmd.mp4,patch_only,,0.1,0.9,same_grid_second_order,,,,,bottomk_mean,0.4,3,3,0.010011778213083744,0.03474676236510277,0.03227326273918152,0.03227326273918152
annotated,Sora,webtoolsbd01_436893530%2Fmd.mp4,patch_only,,0.1,0.9,same_grid_second_order,,,,,bottomk_mean,0.4,3,3,0.11778563261032104,0.04534746706485748,0.05259128287434578,0.05259128287434578
annotated,Sora,webvozdux_888400111%2Fmd.mp4,patch_only,,0.1,0.9,same_grid_second_order,,,,,bottomk_mean,0.4,3,3,0.03356890380382538,0.007656065747141838,0.010247349739074707,0.010247349739074707
annotated,Sora,weel1969_527320315%2Fmd.mp4,patch_only,,0.1,0.9,same_grid_second_order,,,,,bottomk_mean,0.4,3,3,0.03592461720108986,0.01295641902834177,0.015253239311277866,0.015253239311277866
annotated,Sora,whichway-movement_453724778%2Fmd.mp4,patch_only,,0.1,0.9,same_grid_second_order,,,,,bottomk_mean,0.4,3,3,0.22084805369377136,0.018256772309541702,0.03851589933037758,0.03851589933037758
annotated,Sora,whtjdtmf_649936839%2Fmd.mp4,patch_only,,0.1,0.9,same_grid_second_order,,,,,bottomk_mean,0.4,3,3,0.0005889281746931374,0.011189634911715984,0.010129564441740513,0.010129564441740513
annotated,Sora,wil2206_16489005%2Fmd.mp4,patch_only,,0.1,0.9,same_grid_second_order,,,,,bottomk_mean,0.4,3,3,0.01472320407629013,0.0023557126987725496,0.0035924618132412434,0.0035924618132412434
annotated,Sora,william-fisico_867927626%2Fmd.mp4,patch_only,,0.1,0.9,same_grid_second_order,,,,,bottomk_mean,0.4,3,3,0.04534746706485748,0.020612485706806183,0.023085983470082283,0.023085983470082283
annotated,Sora,williamct_740384223%2Fmd.mp4,patch_only,,0.1,0.9,same_grid_second_order,,,,,bottomk_mean,0.4,3,3,0.4234393537044525,0.18197879195213318,0.20612485706806183,0.20612485706806183
annotated,Sora,williekopter_493139908%2Fmd.mp4,patch_only,,0.1,0.9,same_grid_second_order,,,,,bottomk_mean,0.4,3,3,0.24499410390853882,0.007067137863487005,0.03085983544588089,0.03085983544588089
annotated,Sora,willowevermore_688165580%2Fmd.mp4,patch_only,,0.1,0.9,same_grid_second_order,,,,,bottomk_mean,0.4,3,3,0.33804476261138916,0.13957597315311432,0.1594228446483612,0.1594228446483612
annotated,Sora,wilnmind_843677742%2Fmd.mp4,patch_only,,0.1,0.9,same_grid_second_order,,,,,bottomk_mean,0.4,3,3,0.011778563261032104,0.012367491610348225,0.01230859849601984,0.01230859849601984
annotated,Sora,wirgule_56530458%2Fmd.mp4,patch_only,,0.1,0.9,same_grid_second_order,,,,,bottomk_mean,0.4,3,3,0.11012956500053406,0.008833922445774078,0.018963485956192017,0.018963485956192017
annotated,Sora,withangellight_24418276%2Fmd.mp4,patch_only,,0.1,0.9,same_grid_second_order,,,,,bottomk_mean,0.4,3,3,0.02473498322069645,0.0023557126987725496,0.004593639634549618,0.004593639634549618
annotated,Sora,wizkidz_777521185%2Fmd.mp4,patch_only,,0.1,0.9,same_grid_second_order,,,,,bottomk_mean,0.4,3,3,0.3239104747772217,0.7349823117256165,0.6938751339912415,0.6938751339912415
annotated,Sora,wmkaiser_699144980%2Fmd.mp4,patch_only,,0.1,0.9,same_grid_second_order,,,,,bottomk_mean,0.4,3,3,0.1784452348947525,0.09305065125226974,0.1015901044011116,0.1015901044011116
annotated,Sora,womanghibli_176403004%2Fmd.mp4,patch_only,,0.1,0.9,same_grid_second_order,,,,,bottomk_mean,0.4,3,3,0.02237926982343197,0.010011778213083744,0.011248528026044369,0.011248528026044369
annotated,Sora,woongkim18_759064344%2Fmd.mp4,patch_only,,0.1,0.9,same_grid_second_order,,,,,bottomk_mean,0.4,3,3,0.16254417598247528,0.0005889281746931374,0.01678445190191269,0.01678445190191269
annotated,Sora,wpking_992356202%2Fmd.mp4,patch_only,,0.1,0.9,same_grid_second_order,,,,,bottomk_mean,0.4,3,3,0.004122497048228979,0.007656065747141838,0.007302708923816681,0.007302708923816681
annotated,Sora,wubfur_981964017%2Fmd.mp4,patch_only,,0.1,0.9,same_grid_second_order,,,,,bottomk_mean,0.4,3,3,0.042991753667593,0.09187278896570206,0.08698468655347824,0.08698468655347824
annotated,Sora,wulingxiaoshanhai_661629808%2Fmd.mp4,patch_only,,0.1,0.9,same_grid_second_order,,,,,bottomk_mean,0.4,3,3,0.07832744717597961,0.0,0.007832744158804417,0.007832744158804417
annotated,Sora,x-tiberious_611747883%2Fmd.mp4,patch_only,,0.1,0.9,same_grid_second_order,,,,,bottomk_mean,0.4,3,3,0.018845701590180397,0.0005889281746931374,0.0024146053474396467,0.0024146053474396467
annotated,Sora,xaver123_585840804%2Fmd.mp4,patch_only,,0.1,0.9,same_grid_second_order,,,,,bottomk_mean,0.4,3,3,0.48998820781707764,0.2526501715183258,0.27638399600982666,0.27638399600982666
annotated,Sora,xbikergirl_566283729%2Fmd.mp4,patch_only,,0.1,0.9,same_grid_second_order,,,,,bottomk_mean,0.4,3,3,0.004711425397545099,0.0005889281746931374,0.0010011778213083744,0.0010011778213083744
annotated,Sora,xcccccccc_527269711%2Fmd.mp4,patch_only,,0.1,0.9,same_grid_second_order,,,,,bottomk_mean,0.4,3,3,0.07891637086868286,0.02473498322069645,0.030153121799230576,0.030153121799230576
annotated,Sora,xhale2007_967555050%2Fmd.mp4,patch_only,,0.1,0.9,same_grid_second_order,,,,,bottomk_mean,0.4,3,3,0.062426384538412094,0.038869258016347885,0.041224971413612366,0.041224971413612366
annotated,Sora,xmrcharlyx_876657286%2Fmd.mp4,patch_only,,0.1,0.9,same_grid_second_order,,,,,bottomk_mean,0.4,3,3,0.10482921451330185,0.009422850795090199,0.018963485956192017,0.018963485956192017
annotated,Sora,xomri_554292521%2Fmd.mp4,patch_only,,0.1,0.9,same_grid_second_order,,,,,bottomk_mean,0.4,3,3,0.05418138951063156,0.05771495774388313,0.057361602783203125,0.057361602783203125
annotated,Sora,xplore45_watermarked.mp4,patch_only,,0.1,0.9,same_grid_second_order,,,,,bottomk_mean,0.4,3,3,0.36160188913345337,0.7779740691184998,0.736336886882782,0.736336886882782
annotated,Sora,xpventures_743616111%2Fmd.mp4,patch_only,,0.1,0.9,same_grid_second_order,,,,,bottomk_mean,0.4,3,3,0.0,0.020612485706806183,0.018551236018538475,0.018551236018538475
annotated,Sora,xswd134_846433190%2Fmd.mp4,patch_only,,0.1,0.9,same_grid_second_order,,,,,bottomk_mean,0.4,3,3,0.4528857469558716,0.3239104747772217,0.3368079960346222,0.3368079960346222
annotated,Sora,xterrax_165041907%2Fmd.mp4,patch_only,,0.1,0.9,same_grid_second_order,,,,,bottomk_mean,0.4,3,3,0.020023556426167488,0.016489988192915916,0.016843345016241074,0.016843345016241074
annotated,Sora,xxpawstarxx_329540766%2Fmd.mp4,patch_only,,0.1,0.9,same_grid_second_order,,,,,bottomk_mean,0.4,3,3,0.06713780760765076,0.009422850795090199,0.015194346196949482,0.015194346196949482
annotated,Sora,xxxxapple_622763465%2Fmd.mp4,patch_only,,0.1,0.9,same_grid_second_order,,,,,bottomk_mean,0.4,3,3,0.15665489435195923,0.010011778213083744,0.024676090106368065,0.024676090106368065
annotated,Sora,y_alkhattab_193783046%2Fmd.mp4,patch_only,,0.1,0.9,same_grid_second_order,,,,,bottomk_mean,0.4,3,3,0.018845701590180397,0.0017667844658717513,0.003474676050245762,0.003474676050245762
annotated,Sora,yachtboi_583335394%2Fmd.mp4,patch_only,,0.1,0.9,same_grid_second_order,,,,,bottomk_mean,0.4,3,3,0.018845701590180397,0.030035335570573807,0.02891637198626995,0.02891637198626995
annotated,Sora,yah2x_860313492%2Fmd.mp4,patch_only,,0.1,0.9,same_grid_second_order,,,,,bottomk_mean,0.4,3,3,0.05300353467464447,0.004122497048228979,0.009010600857436657,0.009010600857436657
annotated,Sora,yana913_716832141%2Fmd.mp4,patch_only,,0.1,0.9,same_grid_second_order,,,,,bottomk_mean,0.4,3,3,0.18904593586921692,0.05300353467464447,0.0666077733039856,0.0666077733039856
annotated,Sora,yanghyunjung34_912735327%2Fmd.mp4,patch_only,,0.1,0.9,same_grid_second_order,,,,,bottomk_mean,0.4,3,3,0.08127208799123764,0.0005889281746931374,0.0086572440341115,0.0086572440341115
annotated,Sora,yao628_222666687%2Fmd.mp4,patch_only,,0.1,0.9,same_grid_second_order,,,,,bottomk_mean,0.4,3,3,0.10482921451330185,0.0035335689317435026,0.013663132674992085,0.013663132674992085
annotated,Sora,yarreg_533722187%2Fmd.mp4,patch_only,,0.1,0.9,same_grid_second_order,,,,,bottomk_mean,0.4,3,3,0.02237926982343197,0.010011778213083744,0.011248528026044369,0.011248528026044369
annotated,Sora,yasgf701177_900651029%2Fmd.mp4,patch_only,,0.1,0.9,same_grid_second_order,,,,,bottomk_mean,0.4,3,3,0.3969375789165497,0.5076560378074646,0.4965842068195343,0.4965842068195343
annotated,Sora,yaswanth169_133723391%2Fmd.mp4,patch_only,,0.1,0.9,same_grid_second_order,,,,,bottomk_mean,0.4,3,3,0.19199058413505554,0.002944640815258026,0.02184923365712166,0.02184923365712166
annotated,Sora,ydkim74_533139774%2Fmd.mp4,patch_only,,0.1,0.9,same_grid_second_order,,,,,bottomk_mean,0.4,3,3,0.016489988192915916,0.002944640815258026,0.004299175459891558,0.004299175459891558
annotated,Sora,yesucannot_583990936%2Fmd.mp4,patch_only,,0.1,0.9,same_grid_second_order,,,,,bottomk_mean,0.4,3,3,0.05948174372315407,0.11778563261032104,0.11195524036884308,0.11195524036884308
annotated,Sora,yi_kyky_690599949%2Fmd.mp4,patch_only,,0.1,0.9,same_grid_second_order,,,,,bottomk_mean,0.4,3,3,0.0005889281746931374,0.0017667844658717513,0.0016489988192915916,0.0016489988192915916
annotated,Sora,yo012345_407820205%2Fmd.mp4,patch_only,,0.1,0.9,same_grid_second_order,,,,,bottomk_mean,0.4,3,3,0.034157831221818924,0.0005889281746931374,0.0039458186365664005,0.0039458186365664005
annotated,Sora,yogseedlive_657826812%2Fmd.mp4,patch_only,,0.1,0.9,same_grid_second_order,,,,,bottomk_mean,0.4,3,3,0.11778563261032104,0.19552414119243622,0.18775029480457306,0.18775029480457306
annotated,Sora,yomiafo_882881376%2Fmd.mp4,patch_only,,0.1,0.9,same_grid_second_order,,,,,bottomk_mean,0.4,3,3,0.026501767337322235,0.04475853964686394,0.04293286055326462,0.04293286055326462
annotated,Sora,yomosaku_246245996%2Fmd.mp4,patch_only,,0.1,0.9,same_grid_second_order,,,,,bottomk_mean,0.4,3,3,0.08303886651992798,0.009422850795090199,0.01678445190191269,0.01678445190191269
annotated,Sora,yongsu_110458989%2Fmd.mp4,patch_only,,0.1,0.9,same_grid_second_order,,,,,bottomk_mean,0.4,3,3,0.6254416704177856,0.017667844891548157,0.07844523340463638,0.07844523340463638
annotated,Sora,yosikage_931245787%2Fmd.mp4,patch_only,,0.1,0.9,same_grid_second_order,,,,,bottomk_mean,0.4,3,3,0.08303886651992798,0.372202605009079,0.3432862162590027,0.3432862162590027
annotated,Sora,youjin-lucy_796078320%2Fmd.mp4,patch_only,,0.1,0.9,same_grid_second_order,,,,,bottomk_mean,0.4,3,3,0.05948174372315407,0.06595995277166367,0.06531213223934174,0.06531213223934174
annotated,Sora,youngmin86_641858169%2Fmd.mp4,patch_only,,0.1,0.9,same_grid_second_order,,,,,bottomk_mean,0.4,3,3,0.12661954760551453,0.08716136962175369,0.09110718220472336,0.09110718220472336
annotated,Sora,yoursilentretreat_870272971%2Fmd.mp4,patch_only,,0.1,0.9,same_grid_second_order,,,,,bottomk_mean,0.4,3,3,0.4664310812950134,0.05300353467464447,0.0943462923169136,0.0943462923169136
annotated,Sora,yoyo222_213633613%2Fmd.mp4,patch_only,,0.1,0.9,same_grid_second_order,,,,,bottomk_mean,0.4,3,3,0.005889281630516052,0.002944640815258026,0.0032391047570854425,0.0032391047570854425
annotated,Sora,ypw1_515937135%2Fmd.mp4,patch_only,,0.1,0.9,same_grid_second_order,,,,,bottomk_mean,0.4,3,3,0.20082449913024902,0.2620730400085449,0.25594818592071533,0.25594818592071533
annotated,Sora,yty-8181_309033177%2Fmd.mp4,patch_only,,0.1,0.9,same_grid_second_order,,,,,bottomk_mean,0.4,3,3,0.5765606760978699,0.1560659557580948,0.19811542332172394,0.19811542332172394
annotated,Sora,yu1_417384004%2Fmd.mp4,patch_only,,0.1,0.9,same_grid_second_order,,,,,bottomk_mean,0.4,3,3,0.620141327381134,0.3851590156555176,0.4086572527885437,0.4086572527885437
annotated,Sora,yudyhandri_295217095%2Fmd.mp4,patch_only,,0.1,0.9,same_grid_second_order,,,,,bottomk_mean,0.4,3,3,0.10365135222673416,0.009422850795090199,0.018845701590180397,0.018845701590180397
annotated,Sora,yun9699_823054130%2Fmd.mp4,patch_only,,0.1,0.9,same_grid_second_order,,,,,bottomk_mean,0.4,3,3,0.08127208799123764,0.07126030325889587,0.07226148247718811,0.07226148247718811
annotated,Sora,yungabalos_412224148%2Fmd.mp4,patch_only,,0.1,0.9,same_grid_second_order,,,,,bottomk_mean,0.4,3,3,0.16195523738861084,0.08716136962175369,0.09464075416326523,0.09464075416326523
annotated,Sora,yuven2_575154334%2Fmd.mp4,patch_only,,0.1,0.9,same_grid_second_order,,,,,bottomk_mean,0.4,3,3,0.0005889281746931374,0.009422850795090199,0.008539457805454731,0.008539457805454731
annotated,Sora,yux000_904075727%2Fmd.mp4,patch_only,,0.1,0.9,same_grid_second_order,,,,,bottomk_mean,0.4,3,3,0.48998820781707764,0.008833922445774078,0.056949350982904434,0.056949350982904434
annotated,Sora,yvesun_587589701%2Fmd.mp4,patch_only,,0.1,0.9,same_grid_second_order,,,,,bottomk_mean,0.4,3,3,0.18080094456672668,0.0005889281746931374,0.01861012913286686,0.01861012913286686
annotated,Sora,yzyma_536969425%2Fmd.mp4,patch_only,,0.1,0.9,same_grid_second_order,,,,,bottomk_mean,0.4,3,3,0.07479387521743774,0.020612485706806183,0.02603062428534031,0.02603062428534031
annotated,Sora,z3r0av3ng3r_775305982%2Fmd.mp4,patch_only,,0.1,0.9,same_grid_second_order,,,,,bottomk_mean,0.4,3,3,0.3280329704284668,0.043580684810876846,0.07202591001987457,0.07202591001987457
annotated,Sora,zackjoyce_135844721%2Fmd.mp4,patch_only,,0.1,0.9,same_grid_second_order,,,,,bottomk_mean,0.4,3,3,0.2614840865135193,0.05418138951063156,0.07491166144609451,0.07491166144609451
annotated,Sora,zahrahmtg_451827584%2Fmd.mp4,patch_only,,0.1,0.9,same_grid_second_order,,,,,bottomk_mean,0.4,3,3,0.5435807108879089,0.02473498322069645,0.07661955058574677,0.07661955058574677
annotated,Sora,zakikirkham_338839601%2Fmd.mp4,patch_only,,0.1,0.9,same_grid_second_order,,,,,bottomk_mean,0.4,3,3,0.11130741983652115,0.026501767337322235,0.03498233109712601,0.03498233109712601
annotated,Sora,zakparker_258886671%2Fmd.mp4,patch_only,,0.1,0.9,same_grid_second_order,,,,,bottomk_mean,0.4,3,3,0.16607773303985596,0.10600706934928894,0.11201413720846176,0.11201413720846176
annotated,Sora,zapps_276353021%2Fmd.mp4,patch_only,,0.1,0.9,same_grid_second_order,,,,,bottomk_mean,0.4,3,3,0.0,0.0035335689317435026,0.0031802121084183455,0.0031802121084183455
annotated,Sora,zarrinacc_480126720%2Fmd.mp4,patch_only,,0.1,0.9,same_grid_second_order,,,,,bottomk_mean,0.4,3,3,0.04534746706485748,0.03592461720108986,0.03686690330505371,0.03686690330505371
annotated,Sora,zeidinio_833880637%2Fmd.mp4,patch_only,,0.1,0.9,same_grid_second_order,,,,,bottomk_mean,0.4,3,3,0.40047115087509155,0.16254417598247528,0.18633686006069183,0.18633686006069183
annotated,Sora,zeitakuzanmai_531778762%2Fmd.mp4,patch_only,,0.1,0.9,same_grid_second_order,,,,,bottomk_mean,0.4,3,3,0.4257950484752655,0.03297997638583183,0.07226148247718811,0.07226148247718811
annotated,Sora,zeljkonovakov_286730206%2Fmd.mp4,patch_only,,0.1,0.9,same_grid_second_order,,,,,bottomk_mean,0.4,3,3,0.23733805119991302,0.18197879195213318,0.18751472234725952,0.18751472234725952
annotated,Sora,zenbizman_932123730%2Fmd.mp4,patch_only,,0.1,0.9,same_grid_second_order,,,,,bottomk_mean,0.4,3,3,0.05535924434661865,0.010600706562399864,0.015076560899615288,0.015076560899615288
annotated,Sora,zengcheng9991_311013347%2Fmd.mp4,patch_only,,0.1,0.9,same_grid_second_order,,,,,bottomk_mean,0.4,3,3,0.005889281630516052,0.047703180462121964,0.04352179169654846,0.04352179169654846
annotated,Sora,zensyne_616926385%2Fmd.mp4,patch_only,,0.1,0.9,same_grid_second_order,,,,,bottomk_mean,0.4,3,3,0.18963485956192017,0.009422850795090199,0.027444051578640938,0.027444051578640938
annotated,Sora,zenta7_206782906%2Fmd.mp4,patch_only,,0.1,0.9,same_grid_second_order,,,,,bottomk_mean,0.4,3,3,0.01295641902834177,0.010011778213083744,0.010306242853403091,0.010306242853403091
annotated,Sora,zhangmazi_521183481%2Fmd.mp4,patch_only,,0.1,0.9,same_grid_second_order,,,,,bottomk_mean,0.4,3,3,0.17491166293621063,0.11660777032375336,0.12243816256523132,0.12243816256523132
annotated,Sora,zinaf_296355357%2Fmd.mp4,patch_only,,0.1,0.9,same_grid_second_order,,,,,bottomk_mean,0.4,3,3,0.10070671141147614,0.0005889281746931374,0.010600706562399864,0.010600706562399864
annotated,Sora,zizi2022_531401163%2Fmd.mp4,patch_only,,0.1,0.9,same_grid_second_order,,,,,bottomk_mean,0.4,3,3,0.2055359184741974,0.01295641902834177,0.032214369624853134,0.032214369624853134
annotated,Sora,zjj44_212758573%2Fmd.mp4,patch_only,,0.1,0.9,same_grid_second_order,,,,,bottomk_mean,0.4,3,3,0.02120141312479973,0.10365135222673416,0.09540636092424393,0.09540636092424393
annotated,Sora,zlimvos_329113158%2Fmd.mp4,patch_only,,0.1,0.9,same_grid_second_order,,,,,bottomk_mean,0.4,3,3,0.020023556426167488,0.004122497048228979,0.005712603218853474,0.005712603218853474
annotated,Sora,zmktwzrd_514747293%2Fmd.mp4,patch_only,,0.1,0.9,same_grid_second_order,,,,,bottomk_mean,0.4,3,3,0.09658421576023102,0.07184923440217972,0.07432273030281067,0.07432273030281067
annotated,Sora,znexo_624641358%2Fmd.mp4,patch_only,,0.1,0.9,same_grid_second_order,,,,,bottomk_mean,0.4,3,3,0.20259128510951996,0.18315665423870087,0.18510012328624725,0.18510012328624725
annotated,Sora,zommboom_927190698%2Fmd.mp4,patch_only,,0.1,0.9,same_grid_second_order,,,,,bottomk_mean,0.4,3,3,0.3280329704284668,0.020612485706806183,0.051354534924030304,0.051354534924030304
annotated,Sora,zuumbe_92059801%2Fmd.mp4,patch_only,,0.1,0.9,same_grid_second_order,,,,,bottomk_mean,0.4,3,3,0.020612485706806183,0.0005889281746931374,0.0025912837591022253,0.0025912837591022253
annotated,Sora,zwh362_976804832%2Fmd.mp4,patch_only,,0.1,0.9,same_grid_second_order,,,,,bottomk_mean,0.4,3,3,0.061248525977134705,0.01590106077492237,0.02043580636382103,0.02043580636382103
annotated,Sora,zyzky_300626524%2Fmd.mp4,patch_only,,0.1,0.9,same_grid_second_order,,,,,bottomk_mean,0.4,3,3,0.04475853964686394,0.048881035298109055,0.04846878722310066,0.04846878722310066
annotated,Sora,zzalshoping_811438888%2Fmd.mp4,patch_only,,0.1,0.9,same_grid_second_order,,,,,bottomk_mean,0.4,3,3,0.01472320407629013,0.01295641902834177,0.013133097440004349,0.013133097440004349
annotated,Sora,zzazan_572350397%2Fmd.mp4,patch_only,,0.1,0.9,same_grid_second_order,,,,,bottomk_mean,0.4,3,3,0.11130741983652115,0.01295641902834177,0.02279151976108551,0.02279151976108551
annotated,VEO3,0057fd09-280b-5730-94f1-401e647a3741.mp4,patch_only,,0.1,0.9,same_grid_second_order,,,,,bottomk_mean,0.4,3,3,0.2997644245624542,0.025323910638689995,0.05276796221733093,0.05276796221733093
annotated,VEO3,01d6550e-fd46-5397-870f-b01e343a02a3.mp4,patch_only,,0.1,0.9,same_grid_second_order,,,,,bottomk_mean,0.4,3,3,0.5565370917320251,0.06065959855914116,0.11024735122919083,0.11024735122919083
annotated,VEO3,0276f8d6-63d7-5456-bf10-de09f802717d.mp4,patch_only,,0.1,0.9,same_grid_second_order,,,,,bottomk_mean,0.4,3,3,0.027679622173309326,0.06360424309968948,0.06001177802681923,0.06001177802681923
annotated,VEO3,038f0651-ea10-5c32-9e60-fa29ff27a98a.mp4,patch_only,,0.1,0.9,same_grid_second_order,,,,,bottomk_mean,0.4,3,3,0.034157831221818924,0.0023557126987725496,0.005535924807190895,0.005535924807190895
annotated,VEO3,0392039f-deb3-5dc4-bac8-69e68c78ca9c.mp4,patch_only,,0.1,0.9,same_grid_second_order,,,,,bottomk_mean,0.4,3,3,0.06890459358692169,0.031213192269206047,0.03498233109712601,0.03498233109712601
annotated,VEO3,03a35d65-523a-5872-8e75-293edde7238f.mp4,patch_only,,0.1,0.9,same_grid_second_order,,,,,bottomk_mean,0.4,3,3,0.07361602038145065,0.0005889281746931374,0.007891637273132801,0.007891637273132801
annotated,VEO3,03aaf46b-5642-5e3b-8f36-1742bfbf9953.mp4,patch_only,,0.1,0.9,same_grid_second_order,,,,,bottomk_mean,0.4,3,3,0.041224971413612366,0.01295641902834177,0.015783274546265602,0.015783274546265602
annotated,VEO3,03c6137f-d644-52c5-a5bc-be152c0ff9da.mp4,patch_only,,0.1,0.9,same_grid_second_order,,,,,bottomk_mean,0.4,3,3,0.18669022619724274,0.02473498322069645,0.040930505841970444,0.040930505841970444
annotated,VEO3,03ddb7eb-fdfc-5277-a0cb-21a53836bbb1.mp4,patch_only,,0.1,0.9,same_grid_second_order,,,,,bottomk_mean,0.4,3,3,0.2850412130355835,0.04416961222887039,0.06825677305459976,0.06825677305459976
annotated,VEO3,03e635b4-b93e-5db6-bf8c-bfeeb02ef377.mp4,patch_only,,0.1,0.9,same_grid_second_order,,,,,bottomk_mean,0.4,3,3,0.04534746706485748,0.0005889281746931374,0.005064782220870256,0.005064782220870256
annotated,VEO3,0443601f-0330-575d-bb93-802156580834.mp4,patch_only,,0.1,0.9,same_grid_second_order,,,,,bottomk_mean,0.4,3,3,0.10482921451330185,0.06537102162837982,0.06931684166193008,0.06931684166193008
annotated,VEO3,045d2a9c-0684-562a-a26d-d8b9352b5046.mp4,patch_only,,0.1,0.9,same_grid_second_order,,,,,bottomk_mean,0.4,3,3,0.047703180462121964,0.011778563261032104,0.01537102460861206,0.01537102460861206
annotated,VEO3,0461c10a-6141-5723-b800-f038dc110dff.mp4,patch_only,,0.1,0.9,same_grid_second_order,,,,,bottomk_mean,0.4,3,3,0.015312131494283676,0.002944640815258026,0.004181389696896076,0.004181389696896076
annotated,VEO3,0481eac5-3c02-57ff-95f0-724b0d83b855.mp4,patch_only,,0.1,0.9,same_grid_second_order,,,,,bottomk_mean,0.4,3,3,0.02709069475531578,0.009422850795090199,0.011189634911715984,0.011189634911715984
annotated,VEO3,04aa1f21-b50e-54c0-9369-3508a1182d6d.mp4,patch_only,,0.1,0.9,same_grid_second_order,,,,,bottomk_mean,0.4,3,3,0.08127208799123764,0.011189634911715984,0.018197879195213318,0.018197879195213318
annotated,VEO3,04c270e9-3fee-547c-944c-3a01841126d1.mp4,patch_only,,0.1,0.9,same_grid_second_order,,,,,bottomk_mean,0.4,3,3,0.12131919711828232,0.021790342405438423,0.03174322843551636,0.03174322843551636
annotated,VEO3,0506008b-8432-55c2-b8ed-41e49937f87b.mp4,patch_only,,0.1,0.9,same_grid_second_order,,,,,bottomk_mean,0.4,3,3,0.32214370369911194,0.08716136962175369,0.11065959930419922,0.11065959930419922
annotated,VEO3,05445092-4c0d-5de1-b464-f4f11ba52193.mp4,patch_only,,0.1,0.9,same_grid_second_order,,,,,bottomk_mean,0.4,3,3,0.28327444195747375,0.06301531195640564,0.08504122495651245,0.08504122495651245
annotated,VEO3,054f065e-27a5-53cc-a4d7-88be732c80aa.mp4,patch_only,,0.1,0.9,same_grid_second_order,,,,,bottomk_mean,0.4,3,3,0.017078915610909462,0.0035335689317435026,0.004888103809207678,0.004888103809207678
annotated,VEO3,0569c6cc-984b-5e80-acd8-267c5765cdec.mp4,patch_only,,0.1,0.9,same_grid_second_order,,,,,bottomk_mean,0.4,3,3,0.16195523738861084,0.12485276907682419,0.1285630166530609,0.1285630166530609
annotated,VEO3,057e8e50-5c1d-5c0a-910d-066bdaf5f378.mp4,patch_only,,0.1,0.9,same_grid_second_order,,,,,bottomk_mean,0.4,3,3,0.12014134228229523,0.04475853964686394,0.052296821027994156,0.052296821027994156
annotated,VEO3,058d6f43-1a85-5456-b52e-59a0716b1d3f.mp4,patch_only,,0.1,0.9,same_grid_second_order,,,,,bottomk_mean,0.4,3,3,0.022968197241425514,0.0005889281746931374,0.0028268550522625446,0.0028268550522625446
annotated,VEO3,05a82758-36e6-5e24-81d4-e1ef6c2e6cec.mp4,patch_only,,0.1,0.9,same_grid_second_order,,,,,bottomk_mean,0.4,3,3,0.3945818543434143,0.027679622173309326,0.06436984986066818,0.06436984986066818
annotated,VEO3,05ce81c0-323b-53cf-8dd2-90183af200f8.mp4,patch_only,,0.1,0.9,same_grid_second_order,,,,,bottomk_mean,0.4,3,3,0.010011778213083744,0.010011778213083744,0.010011778213083744,0.010011778213083744
annotated,VEO3,05de2bf7-50b7-5b65-90f9-e2cd3a6c592a.mp4,patch_only,,0.1,0.9,same_grid_second_order,,,,,bottomk_mean,0.4,3,3,0.5029446482658386,0.12956419587135315,0.16690224409103394,0.16690224409103394
annotated,VEO3,05feb8ba-bd35-5846-b0b0-d07d54dffdf6.mp4,patch_only,,0.1,0.9,same_grid_second_order,,,,,bottomk_mean,0.4,3,3,0.21024735271930695,0.017078915610909462,0.036395758390426636,0.036395758390426636
annotated,VEO3,0619fb93-a7c7-5e8c-9473-a25795614218.mp4,patch_only,,0.1,0.9,same_grid_second_order,,,,,bottomk_mean,0.4,3,3,0.06949352473020554,0.0035335689317435026,0.010129564441740513,0.010129564441740513
annotated,VEO3,063d099c-54ed-5d60-a04d-c412e5cd07dd.mp4,patch_only,,0.1,0.9,same_grid_second_order,,,,,bottomk_mean,0.4,3,3,0.20906949043273926,0.0924617201089859,0.10412249714136124,0.10412249714136124
annotated,VEO3,064c5c17-f52e-5276-85b3-2eb2fd000d0d.mp4,patch_only,,0.1,0.9,same_grid_second_order,,,,,bottomk_mean,0.4,3,3,0.15076561272144318,0.08775029331445694,0.09405182301998138,0.09405182301998138
annotated,VEO3,0660584e-b7db-5e2b-b6cc-d8617b1c706c.mp4,patch_only,,0.1,0.9,same_grid_second_order,,,,,bottomk_mean,0.4,3,3,0.28327444195747375,0.08951707929372787,0.10889281332492828,0.10889281332492828
annotated,VEO3,06afef5f-bff2-5aa5-9102-eadac8cf45a3.mp4,patch_only,,0.1,0.9,same_grid_second_order,,,,,bottomk_mean,0.4,3,3,0.06890459358692169,0.036513544619083405,0.03975265100598335,0.03975265100598335
annotated,VEO3,06b806a2-f209-565a-a280-220e519e5bd7.mp4,patch_only,,0.1,0.9,same_grid_second_order,,,,,bottomk_mean,0.4,3,3,0.07832744717597961,0.01295641902834177,0.019493522122502327,0.019493522122502327
annotated,VEO3,0709f838-c35d-5ade-bd8f-9dace06dda41.mp4,patch_only,,0.1,0.9,same_grid_second_order,,,,,bottomk_mean,0.4,3,3,0.08833922445774078,0.0017667844658717513,0.010424028150737286,0.010424028150737286
annotated,VEO3,071b919e-bf0f-5dd7-9946-6913eb6648a3.mp4,patch_only,,0.1,0.9,same_grid_second_order,,,,,bottomk_mean,0.4,3,3,0.432273268699646,0.15959952771663666,0.1868669092655182,0.1868669092655182
annotated,VEO3,076570aa-2652-540a-8b92-7c95def3bc8d.mp4,patch_only,,0.1,0.9,same_grid_second_order,,,,,bottomk_mean,0.4,3,3,0.041224971413612366,0.06183745712041855,0.05977620556950569,0.05977620556950569
annotated,VEO3,07a3dd5c-120b-592a-a068-67017366e0a1.mp4,patch_only,,0.1,0.9,same_grid_second_order,,,,,bottomk_mean,0.4,3,3,0.29740872979164124,0.02120141312479973,0.04882214218378067,0.04882214218378067
annotated,VEO3,07b43495-842c-5191-b9be-b294c7b7b8b6.mp4,patch_only,,0.1,0.9,same_grid_second_order,,,,,bottomk_mean,0.4,3,3,0.008833922445774078,0.0005889281746931374,0.0014134275261312723,0.0014134275261312723
annotated,VEO3,07dae49d-4e83-5dae-9b2f-83b8cdb108fa.mp4,patch_only,,0.1,0.9,same_grid_second_order,,,,,bottomk_mean,0.4,3,3,0.366902232170105,0.3256772756576538,0.3297997713088989,0.3297997713088989
annotated,VEO3,07e82ce6-0179-5223-8b44-3974064a927b.mp4,patch_only,,0.1,0.9,same_grid_second_order,,,,,bottomk_mean,0.4,3,3,0.061248525977134705,0.15194346010684967,0.14287397265434265,0.14287397265434265
annotated,VEO3,07ed025c-89d2-5397-80ca-3710a25f4dbe.mp4,patch_only,,0.1,0.9,same_grid_second_order,,,,,bottomk_mean,0.4,3,3,0.6902238130569458,0.011189634911715984,0.07909305393695831,0.07909305393695831
annotated,VEO3,07f08da9-ab21-5f04-bc97-afedfa95d7e8.mp4,patch_only,,0.1,0.9,same_grid_second_order,,,,,bottomk_mean,0.4,3,3,0.2567726671695709,0.035335689783096313,0.057479389011859894,0.057479389011859894
annotated,VEO3,081ef0d9-ce88-58f3-b038-188f38c20db8.mp4,patch_only,,0.1,0.9,same_grid_second_order,,,,,bottomk_mean,0.4,3,3,0.008833922445774078,0.0035335689317435026,0.004063604399561882,0.004063604399561882
annotated,VEO3,0824813a-5d4e-5cd3-9f88-bf7ac0fec256.mp4,patch_only,,0.1,0.9,same_grid_second_order,,,,,bottomk_mean,0.4,3,3,0.5836278200149536,0.7025913000106812,0.6906949281692505,0.6906949281692505
annotated,VEO3,0838abb0-fb8d-501b-86a0-5c93704b6fb7.mp4,patch_only,,0.1,0.9,same_grid_second_order,,,,,bottomk_mean,0.4,3,3,0.15842166543006897,0.02709069475531578,0.04022379219532013,0.04022379219532013
annotated,VEO3,083f7e75-57e6-5778-8185-867115730a62.mp4,patch_only,,0.1,0.9,same_grid_second_order,,,,,bottomk_mean,0.4,3,3,0.1054181382060051,0.01472320407629013,0.023792697116732597,0.023792697116732597
annotated,VEO3,0862a018-0a85-5875-986b-2b2d9abf3948.mp4,patch_only,,0.1,0.9,same_grid_second_order,,,,,bottomk_mean,0.4,3,3,0.7120141386985779,0.17667844891548157,0.2302120178937912,0.2302120178937912
annotated,VEO3,086d463a-3abf-505f-99ae-cf2596aba806.mp4,patch_only,,0.1,0.9,same_grid_second_order,,,,,bottomk_mean,0.4,3,3,0.23262661695480347,0.0035335689317435026,0.02644287422299385,0.02644287422299385
annotated,VEO3,08885891-c376-57e2-bf26-e465cf4c6687.mp4,patch_only,,0.1,0.9,same_grid_second_order,,,,,bottomk_mean,0.4,3,3,0.16372202336788177,0.15959952771663666,0.16001178324222565,0.16001178324222565
annotated,VEO3,08b79c30-d014-550c-9470-f9330173bbd9.mp4,patch_only,,0.1,0.9,same_grid_second_order,,,,,bottomk_mean,0.4,3,3,0.21790342032909393,0.04240282624959946,0.059952884912490845,0.059952884912490845
annotated,VEO3,08b91069-653d-5c28-954a-6226b9bb1f22.mp4,patch_only,,0.1,0.9,same_grid_second_order,,,,,bottomk_mean,0.4,3,3,0.05300353467464447,0.010600706562399864,0.014840989373624325,0.014840989373624325
annotated,VEO3,08e64edc-e1df-5426-8788-137fdd41dbbb.mp4,patch_only,,0.1,0.9,same_grid_second_order,,,,,bottomk_mean,0.4,3,3,0.10070671141147614,0.09069493412971497,0.0916961133480072,0.0916961133480072
annotated,VEO3,08f809ba-545b-5856-bf56-0151f69299bb.mp4,patch_only,,0.1,0.9,same_grid_second_order,,,,,bottomk_mean,0.4,3,3,0.020612485706806183,0.026501767337322235,0.02591283805668354,0.02591283805668354
annotated,VEO3,09696ca8-05ef-5495-baf6-29bc40c91688.mp4,patch_only,,0.1,0.9,same_grid_second_order,,,,,bottomk_mean,0.4,3,3,0.010011778213083744,0.08951707929372787,0.08156654983758926,0.08156654983758926
annotated,VEO3,09804bce-1107-5e1d-96d5-65f9ff9a8c8c.mp4,patch_only,,0.1,0.9,same_grid_second_order,,,,,bottomk_mean,0.4,3,3,0.01472320407629013,0.004711425397545099,0.005712603218853474,0.005712603218853474
annotated,VEO3,09943d71-fb55-5314-8ab5-20e4e3627cc8.mp4,patch_only,,0.1,0.9,same_grid_second_order,,,,,bottomk_mean,0.4,3,3,0.007656065747141838,0.010011778213083744,0.009776207618415356,0.009776207618415356
annotated,VEO3,09b35bc2-afee-5ca7-bf6e-d70c588fb535.mp4,patch_only,,0.1,0.9,same_grid_second_order,,,,,bottomk_mean,0.4,3,3,0.0806831568479538,0.01413427572697401,0.020789163187146187,0.020789163187146187
annotated,VEO3,09b78e19-9785-5191-bb24-f79d0bc30ce3.mp4,patch_only,,0.1,0.9,same_grid_second_order,,,,,bottomk_mean,0.4,3,3,0.050058893859386444,0.0035335689317435026,0.008186100982129574,0.008186100982129574
annotated,VEO3,09da7540-49f2-564f-aedc-e4bd7a2b6a14.mp4,patch_only,,0.1,0.9,same_grid_second_order,,,,,bottomk_mean,0.4,3,3,0.010011778213083744,0.012367491610348225,0.012131920084357262,0.012131920084357262
annotated,VEO3,09e56f63-f5bf-5fcb-bad5-7ee9c90d3b10.mp4,patch_only,,0.1,0.9,same_grid_second_order,,,,,bottomk_mean,0.4,3,3,0.5212014317512512,0.018845701590180397,0.06908126920461655,0.06908126920461655
annotated,VEO3,09ec4e3f-3a93-5fd0-9392-5ffdbe141a1b.mp4,patch_only,,0.1,0.9,same_grid_second_order,,,,,bottomk_mean,0.4,3,3,0.21790342032909393,0.10306242853403091,0.1145465224981308,0.1145465224981308
annotated,VEO3,0a0d6ce7-9fbd-59db-9423-7b1fc00757c4.mp4,patch_only,,0.1,0.9,same_grid_second_order,,,,,bottomk_mean,0.4,3,3,0.0806831568479538,0.07184923440217972,0.07273262739181519,0.07273262739181519
annotated,VEO3,0a103afe-ea91-53f1-8549-ce39cd6ad707.mp4,patch_only,,0.1,0.9,same_grid_second_order,,,,,bottomk_mean,0.4,3,3,0.18080094456672668,0.13839811086654663,0.1426384001970291,0.1426384001970291
annotated,VEO3,0a4a24bb-d254-506e-a8ae-9780dd8651bd.mp4,patch_only,,0.1,0.9,same_grid_second_order,,,,,bottomk_mean,0.4,3,3,0.36513546109199524,0.16902238130569458,0.18863368034362793,0.18863368034362793
annotated,VEO3,0a4a37b7-a82b-5171-846a-8fef99af0d31.mp4,patch_only,,0.1,0.9,same_grid_second_order,,,,,bottomk_mean,0.4,3,3,0.2502944767475128,0.021790342405438423,0.04464075341820717,0.04464075341820717
annotated,VEO3,0a730a21-bf37-55b7-b81b-2f5a3002d2b9.mp4,patch_only,,0.1,0.9,same_grid_second_order,,,,,bottomk_mean,0.4,3,3,0.01295641902834177,0.026501767337322235,0.02514723129570484,0.02514723129570484
annotated,VEO3,0a78b5e8-ff82-5abf-a339-24f327ee1983.mp4,patch_only,,0.1,0.9,same_grid_second_order,,,,,bottomk_mean,0.4,3,3,0.041224971413612366,0.07126030325889587,0.06825677305459976,0.06825677305459976
annotated,VEO3,0a8288f6-f1b2-5673-bafa-6916a3e65b19.mp4,patch_only,,0.1,0.9,same_grid_second_order,,,,,bottomk_mean,0.4,3,3,0.010011778213083744,0.0035335689317435026,0.004181389696896076,0.004181389696896076
annotated,VEO3,0a87009b-5425-5c06-b2eb-594ca413db0f.mp4,patch_only,,0.1,0.9,same_grid_second_order,,,,,bottomk_mean,0.4,3,3,0.2485276758670807,0.010011778213083744,0.0338633693754673,0.0338633693754673
annotated,VEO3,0a8d11b6-5c87-58d9-8818-cd92a19fece7.mp4,patch_only,,0.1,0.9,same_grid_second_order,,,,,bottomk_mean,0.4,3,3,0.03945818543434143,0.0035335689317435026,0.007126030512154102,0.007126030512154102
annotated,VEO3,0a9ccb80-0568-5040-acd3-0daa27fd212d.mp4,patch_only,,0.1,0.9,same_grid_second_order,,,,,bottomk_mean,0.4,3,3,0.6065959930419922,0.26501765847206116,0.299175500869751,0.299175500869751
annotated,VEO3,0aa6b17f-75cc-5615-b39c-91354fdcedb5.mp4,patch_only,,0.1,0.9,same_grid_second_order,,,,,bottomk_mean,0.4,3,3,0.5553592443466187,0.2603062391281128,0.28981155157089233,0.28981155157089233
annotated,VEO3,0abdaa64-9a6c-5363-ae86-099c5652d681.mp4,patch_only,,0.1,0.9,same_grid_second_order,,,,,bottomk_mean,0.4,3,3,0.04711425304412842,0.0023557126987725496,0.006831566337496042,0.006831566337496042
annotated,VEO3,0ac08be3-b921-53d3-98d6-42719f41d620.mp4,patch_only,,0.1,0.9,same_grid_second_order,,,,,bottomk_mean,0.4,3,3,0.0,0.0023557126987725496,0.0021201414056122303,0.0021201414056122303
annotated,VEO3,0acb6d3c-77bd-5487-b627-64be42879c08.mp4,patch_only,,0.1,0.9,same_grid_second_order,,,,,bottomk_mean,0.4,3,3,0.10482921451330185,0.009422850795090199,0.018963485956192017,0.018963485956192017
annotated,VEO3,0ada0094-d630-52ef-b5ea-ccd61dfcc665.mp4,patch_only,,0.1,0.9,same_grid_second_order,,,,,bottomk_mean,0.4,3,3,0.4363957643508911,0.08244994282722473,0.11784452199935913,0.11784452199935913
annotated,VEO3,0ae647fe-a7df-5eb7-a228-9ea57d42bb31.mp4,patch_only,,0.1,0.9,same_grid_second_order,,,,,bottomk_mean,0.4,3,3,0.2055359184741974,0.03239104896783829,0.04970553517341614,0.04970553517341614
annotated,VEO3,0ae86548-0eb6-5981-8fe8-fe9001619759.mp4,patch_only,,0.1,0.9,same_grid_second_order,,,,,bottomk_mean,0.4,3,3,0.07656066119670868,0.038869258016347885,0.042638398706912994,0.042638398706912994
annotated,VEO3,0af547e0-0ebc-56c3-8141-b7ab180d1cf9.mp4,patch_only,,0.1,0.9,same_grid_second_order,,,,,bottomk_mean,0.4,3,3,0.15312132239341736,0.004122497048228979,0.0190223790705204,0.0190223790705204
annotated,VEO3,0b054760-84c6-5df3-8bd2-7d2f7239ea8c.mp4,patch_only,,0.1,0.9,same_grid_second_order,,,,,bottomk_mean,0.4,3,3,0.06890459358692169,0.010011778213083744,0.01590106077492237,0.01590106077492237
annotated,VEO3,0b3971b2-f2df-5b9c-a00a-e971fabed464.mp4,patch_only,,0.1,0.9,same_grid_second_order,,,,,bottomk_mean,0.4,3,3,0.02591283805668354,0.010600706562399864,0.012131920084357262,0.012131920084357262
annotated,VEO3,0b6e8c66-90e8-5314-86a5-a3fac80d8295.mp4,patch_only,,0.1,0.9,same_grid_second_order,,,,,bottomk_mean,0.4,3,3,0.026501767337322235,0.017667844891548157,0.018551236018538475,0.018551236018538475
annotated,VEO3,0b75de1b-95e3-5e3d-8b26-5de0077c9b5d.mp4,patch_only,,0.1,0.9,same_grid_second_order,,,,,bottomk_mean,0.4,3,3,0.008833922445774078,0.0005889281746931374,0.0014134275261312723,0.0014134275261312723
annotated,VEO3,0b79be1a-2148-52fc-96cd-8f5257a646f3.mp4,patch_only,,0.1,0.9,same_grid_second_order,,,,,bottomk_mean,0.4,3,3,0.012367491610348225,0.017667844891548157,0.017137808725237846,0.017137808725237846
annotated,VEO3,0b8ef91d-209b-500a-9c16-af4f3401e052.mp4,patch_only,,0.1,0.9,same_grid_second_order,,,,,bottomk_mean,0.4,3,3,0.06065959855914116,0.06478209793567657,0.06436984986066818,0.06436984986066818
annotated,VEO3,0b969909-ac24-50dd-9fa2-9ddba0cc02b2.mp4,patch_only,,0.1,0.9,same_grid_second_order,,,,,bottomk_mean,0.4,3,3,0.5141342878341675,0.42226147651672363,0.431448757648468,0.431448757648468
annotated,VEO3,0bc77ee1-1fe5-5fff-9137-642bec099886.mp4,patch_only,,0.1,0.9,same_grid_second_order,,,,,bottomk_mean,0.4,3,3,0.10129564255475998,0.009422850795090199,0.01861012913286686,0.01861012913286686
annotated,VEO3,0c2858fe-2501-5ade-8c8a-894fcc5b2da4.mp4,patch_only,,0.1,0.9,same_grid_second_order,,,,,bottomk_mean,0.4,3,3,0.0,0.0005889281746931374,0.0005300353514030576,0.0005300353514030576
annotated,VEO3,0c2ce9e3-cefe-507b-8a36-f44c6c61ceef.mp4,patch_only,,0.1,0.9,same_grid_second_order,,,,,bottomk_mean,0.4,3,3,0.78621906042099,0.2903415858745575,0.33992934226989746,0.33992934226989746
annotated,VEO3,0c305bc2-4c1f-5608-b465-e088844b6367.mp4,patch_only,,0.1,0.9,same_grid_second_order,,,,,bottomk_mean,0.4,3,3,0.5058892965316772,0.1666666716337204,0.20058892667293549,0.20058892667293549
annotated,VEO3,0c3a23a5-02af-5a0f-b94b-817ec9f7cf8f.mp4,patch_only,,0.1,0.9,same_grid_second_order,,,,,bottomk_mean,0.4,3,3,0.0017667844658717513,0.008833922445774078,0.008127208799123764,0.008127208799123764
annotated,VEO3,0c5646f9-f731-5330-9018-d2f9e6101f9a.mp4,patch_only,,0.1,0.9,same_grid_second_order,,,,,bottomk_mean,0.4,3,3,0.07126030325889587,0.12661954760551453,0.12108362466096878,0.12108362466096878
annotated,VEO3,0c683108-64b1-5222-acfb-cc2b9fbe361f.mp4,patch_only,,0.1,0.9,same_grid_second_order,,,,,bottomk_mean,0.4,3,3,0.01472320407629013,0.01295641902834177,0.013133097440004349,0.013133097440004349
annotated,VEO3,0c88628b-9f7c-58cf-912e-d581d81710ca.mp4,patch_only,,0.1,0.9,same_grid_second_order,,,,,bottomk_mean,0.4,3,3,0.040047112852334976,0.05182567611336708,0.05064782127737999,0.05064782127737999
annotated,VEO3,0ca496c6-b8f1-552b-8ef2-2a8d501bdaeb.mp4,patch_only,,0.1,0.9,same_grid_second_order,,,,,bottomk_mean,0.4,3,3,0.1054181382060051,0.10011778771877289,0.10064782202243805,0.10064782202243805
annotated,VEO3,0cace83b-1eee-5207-84fe-ba2e16adb69c.mp4,patch_only,,0.1,0.9,same_grid_second_order,,,,,bottomk_mean,0.4,3,3,0.034157831221818924,0.017667844891548157,0.019316842779517174,0.019316842779517174
annotated,VEO3,0d05ea1e-9c35-5c1d-b22e-93e0f5724c82.mp4,patch_only,,0.1,0.9,same_grid_second_order,,,,,bottomk_mean,0.4,3,3,0.1537102460861206,0.09069493412971497,0.09699646383523941,0.09699646383523941
annotated,VEO3,0d1b6a10-f63e-56e4-af4f-7c56db0f4716.mp4,patch_only,,0.1,0.9,same_grid_second_order,,,,,bottomk_mean,0.4,3,3,0.10070671141147614,0.0035335689317435026,0.013250883668661118,0.013250883668661118
annotated,VEO3,0d229f74-3ef2-51fc-954f-4c31b34aff40.mp4,patch_only,,0.1,0.9,same_grid_second_order,,,,,bottomk_mean,0.4,3,3,0.2614840865135193,0.12308598309755325,0.1369258016347885,0.1369258016347885
annotated,VEO3,0d3502ba-6df0-56fb-878c-b0a09c36780a.mp4,patch_only,,0.1,0.9,same_grid_second_order,,,,,bottomk_mean,0.4,3,3,0.006478209514170885,0.037691403180360794,0.034570083022117615,0.034570083022117615
annotated,VEO3,0da4df83-0ab2-507e-8f99-58612b7bd4c4.mp4,patch_only,,0.1,0.9,same_grid_second_order,,,,,bottomk_mean,0.4,3,3,0.17020022869110107,0.07126030325889587,0.08115430176258087,0.08115430176258087
annotated,VEO3,0dd9d244-c8f0-54d4-a482-d6c59763ff03.mp4,patch_only,,0.1,0.9,same_grid_second_order,,,,,bottomk_mean,0.4,3,3,0.006478209514170885,0.010011778213083744,0.009658421389758587,0.009658421389758587
annotated,VEO3,0e71bec9-faea-5db2-8bda-e31ce8aaddfb.mp4,patch_only,,0.1,0.9,same_grid_second_order,,,,,bottomk_mean,0.4,3,3,0.07832744717597961,0.009422850795090199,0.016313308849930763,0.016313308849930763
annotated,VEO3,0ea46ba0-3996-5c63-ae23-72d53bc8597b.mp4,patch_only,,0.1,0.9,same_grid_second_order,,,,,bottomk_mean,0.4,3,3,0.018845701590180397,0.0023557126987725496,0.004004711285233498,0.004004711285233498
annotated,VEO3,0eb295d5-7d2a-5012-9f13-ea7d80e50fe3.mp4,patch_only,,0.1,0.9,same_grid_second_order,,,,,bottomk_mean,0.4,3,3,0.3138987123966217,0.01472320407629013,0.04464075341820717,0.04464075341820717
annotated,VEO3,0ec7f4dc-f367-5f5c-91dc-94111899e6a3.mp4,patch_only,,0.1,0.9,same_grid_second_order,,,,,bottomk_mean,0.4,3,3,0.10482921451330185,0.0005889281746931374,0.011012956500053406,0.011012956500053406
annotated,VEO3,0ee1fbb9-42de-538e-85a2-fef8c07154bf.mp4,patch_only,,0.1,0.9,same_grid_second_order,,,,,bottomk_mean,0.4,3,3,0.21142520010471344,0.05182567611336708,0.06778562813997269,0.06778562813997269
annotated,VEO3,0ef7fc85-e6ce-5c68-8c51-6f6d837fefed.mp4,patch_only,,0.1,0.9,same_grid_second_order,,,,,bottomk_mean,0.4,3,3,0.08303886651992798,0.09305065125226974,0.09204947203397751,0.09204947203397751
annotated,VEO3,0efaba26-2a7d-58e0-8a10-fb14886af0ae.mp4,patch_only,,0.1,0.9,same_grid_second_order,,,,,bottomk_mean,0.4,3,3,0.0005889281746931374,0.008833922445774078,0.008009422570466995,0.008009422570466995
annotated,VEO3,0efcf491-fe56-5d25-a3dc-6e4ace531d31.mp4,patch_only,,0.1,0.9,same_grid_second_order,,,,,bottomk_mean,0.4,3,3,0.45111897587776184,0.011189634911715984,0.0551825687289238,0.0551825687289238
annotated,VEO3,0f327730-d7ab-5c1b-88ea-0f3bc89a8caf.mp4,patch_only,,0.1,0.9,same_grid_second_order,,,,,bottomk_mean,0.4,3,3,0.22555948793888092,0.008833922445774078,0.030506478622555733,0.030506478622555733
annotated,VEO3,0f863dba-ad6f-5eff-b845-fbd8db590c40.mp4,patch_only,,0.1,0.9,same_grid_second_order,,,,,bottomk_mean,0.4,3,3,0.040047112852334976,0.008833922445774078,0.011955241672694683,0.011955241672694683
annotated,VEO3,0f8b8495-3ddb-529f-a4b4-2e5bba248844.mp4,patch_only,,0.1,0.9,same_grid_second_order,,,,,bottomk_mean,0.4,3,3,0.15076561272144318,0.006478209514170885,0.020906949415802956,0.020906949415802956
annotated,VEO3,0fc44cae-8bab-57a3-8b79-909bfca3ecb9.mp4,patch_only,,0.1,0.9,same_grid_second_order,,,,,bottomk_mean,0.4,3,3,0.036513544619083405,0.011778563261032104,0.014252061024308205,0.014252061024308205
annotated,VEO3,10401d9e-dc09-59e1-8718-663187214bcc.mp4,patch_only,,0.1,0.9,same_grid_second_order,,,,,bottomk_mean,0.4,3,3,0.04534746706485748,0.008833922445774078,0.012485276907682419,0.012485276907682419
annotated,VEO3,108b799b-d90d-5881-b185-6437b4a4f7e0.mp4,patch_only,,0.1,0.9,same_grid_second_order,,,,,bottomk_mean,0.4,3,3,0.06419316679239273,0.018256772309541702,0.022850412875413895,0.022850412875413895
annotated,VEO3,10a3fe7b-9ad7-5dd7-ab08-48ad0d2e462e.mp4,patch_only,,0.1,0.9,same_grid_second_order,,,,,bottomk_mean,0.4,3,3,0.2614840865135193,0.061248525977134705,0.08127208799123764,0.08127208799123764
annotated,VEO3,10aa96ab-8bce-544d-b2db-fd31abd4544d.mp4,patch_only,,0.1,0.9,same_grid_second_order,,,,,bottomk_mean,0.4,3,3,0.40812721848487854,0.06183745712041855,0.09646642953157425,0.09646642953157425
annotated,VEO3,10b736bd-fb20-5a8d-8a9c-4400aeea77e8.mp4,patch_only,,0.1,0.9,same_grid_second_order,,,,,bottomk_mean,0.4,3,3,0.010011778213083744,0.04240282624959946,0.03916372358798981,0.03916372358798981
annotated,VEO3,10e29fad-0551-5ef0-9b5d-3b34a05c0195.mp4,patch_only,,0.1,0.9,same_grid_second_order,,,,,bottomk_mean,0.4,3,3,0.062426384538412094,0.09069493412971497,0.08786807954311371,0.08786807954311371
annotated,VEO3,10f1efff-658e-5d11-8351-664dca17a8e8.mp4,patch_only,,0.1,0.9,same_grid_second_order,,,,,bottomk_mean,0.4,3,3,0.15429916977882385,0.06419316679239273,0.07320377230644226,0.07320377230644226
annotated,VEO3,111b4483-2f04-5ef1-be28-49bfb14d40ae.mp4,patch_only,,0.1,0.9,same_grid_second_order,,,,,bottomk_mean,0.4,3,3,0.002944640815258026,0.002944640815258026,0.002944640815258026,0.002944640815258026
annotated,VEO3,11671691-bb36-5686-b2b0-8f4fbe4723e4.mp4,patch_only,,0.1,0.9,same_grid_second_order,,,,,bottomk_mean,0.4,3,3,0.0011778563493862748,0.0005889281746931374,0.0006478209397755563,0.0006478209397755563
annotated,VEO3,119150ca-c4cd-5a84-853e-1ac26fe0982b.mp4,patch_only,,0.1,0.9,same_grid_second_order,,,,,bottomk_mean,0.4,3,3,0.8021201491355896,0.11778563261032104,0.18621908128261566,0.18621908128261566
annotated,VEO3,11bbceb3-dc08-5b30-8be5-e4b96255ec93.mp4,patch_only,,0.1,0.9,same_grid_second_order,,,,,bottomk_mean,0.4,3,3,0.8068315386772156,0.5117785334587097,0.5412838459014893,0.5412838459014893
annotated,VEO3,11d13b8e-f9ac-5905-a0ba-5784ed7c4c12.mp4,patch_only,,0.1,0.9,same_grid_second_order,,,,,bottomk_mean,0.4,3,3,0.13780918717384338,0.0005889281746931374,0.014310954138636589,0.014310954138636589
annotated,VEO3,12324aec-6c46-5770-a7ca-85965769ab67.mp4,patch_only,,0.1,0.9,same_grid_second_order,,,,,bottomk_mean,0.4,3,3,0.020023556426167488,0.0035335689317435026,0.005182567518204451,0.005182567518204451
annotated,VEO3,12651a0d-4453-5b90-b8d6-c341ca659017.mp4,patch_only,,0.1,0.9,same_grid_second_order,,,,,bottomk_mean,0.4,3,3,0.030624262988567352,0.06301531195640564,0.05977620556950569,0.05977620556950569
annotated,VEO3,12b0a1b5-15f1-5ff4-b215-d42d4fdea039.mp4,patch_only,,0.1,0.9,same_grid_second_order,,,,,bottomk_mean,0.4,3,3,0.12838633358478546,0.038869258016347885,0.04782096669077873,0.04782096669077873
annotated,VEO3,12bd0b6e-f3e4-5727-bfd9-3a24866189b2.mp4,patch_only,,0.1,0.9,same_grid_second_order,,,,,bottomk_mean,0.4,3,3,0.09010601043701172,0.012367491610348225,0.020141342654824257,0.020141342654824257
annotated,VEO3,12ca00bd-c60e-5945-beb2-e76f4ca25c58.mp4,patch_only,,0.1,0.9,same_grid_second_order,,,,,bottomk_mean,0.4,3,3,0.06949352473020554,0.018256772309541702,0.023380447179079056,0.023380447179079056
annotated,VEO3,1313d243-5fdc-5aa1-8fd3-eb407547c5f4.mp4,patch_only,,0.1,0.9,same_grid_second_order,,,,,bottomk_mean,0.4,3,3,0.01472320407629013,0.007067137863487005,0.007832744158804417,0.007832744158804417
annotated,VEO3,1349b4e1-69ac-5154-9393-bd00790919a8.mp4,patch_only,,0.1,0.9,same_grid_second_order,,,,,bottomk_mean,0.4,3,3,0.04181389883160591,0.012367491610348225,0.015312131494283676,0.015312131494283676
annotated,VEO3,1375e3cb-33aa-59a1-99c7-63cb9f8b5de4.mp4,patch_only,,0.1,0.9,same_grid_second_order,,,,,bottomk_mean,0.4,3,3,0.0,0.0035335689317435026,0.0031802121084183455,0.0031802121084183455
annotated,VEO3,138037d3-f3f6-59d6-8ec3-e8ba67ad2a2d.mp4,patch_only,,0.1,0.9,same_grid_second_order,,,,,bottomk_mean,0.4,3,3,0.002944640815258026,0.0023557126987725496,0.0024146053474396467,0.0024146053474396467
annotated,VEO3,1387aeb6-f062-50ac-82e7-8bd034af1c7a.mp4,patch_only,,0.1,0.9,same_grid_second_order,,,,,bottomk_mean,0.4,3,3,0.010600706562399864,0.002944640815258026,0.003710247343406081,0.003710247343406081
annotated,VEO3,13907fcc-2fee-5e7c-a75f-bad2e74114d9.mp4,patch_only,,0.1,0.9,same_grid_second_order,,,,,bottomk_mean,0.4,3,3,0.30800941586494446,0.5954063534736633,0.5666666626930237,0.5666666626930237
annotated,VEO3,1395a33b-8814-514c-94ea-23096918fe71.mp4,patch_only,,0.1,0.9,same_grid_second_order,,,,,bottomk_mean,0.4,3,3,0.5641931891441345,0.4988221526145935,0.5053592324256897,0.5053592324256897
annotated,VEO3,13c35074-9b2a-5841-8ca9-9f4b6fec4a7d.mp4,patch_only,,0.1,0.9,same_grid_second_order,,,,,bottomk_mean,0.4,3,3,0.010011778213083744,0.01295641902834177,0.012661955319344997,0.012661955319344997
annotated,VEO3,13d0b973-9331-5d21-8c2f-d2f3eade7dda.mp4,patch_only,,0.1,0.9,same_grid_second_order,,,,,bottomk_mean,0.4,3,3,0.08716136962175369,0.025323910638689995,0.03150765597820282,0.03150765597820282
annotated,VEO3,1410154d-8ce5-55d2-9c82-dee3ee5550d0.mp4,patch_only,,0.1,0.9,same_grid_second_order,,,,,bottomk_mean,0.4,3,3,0.1560659557580948,0.036513544619083405,0.04846878722310066,0.04846878722310066
annotated,VEO3,142678eb-9f93-5839-998f-57e5e52861ef.mp4,patch_only,,0.1,0.9,same_grid_second_order,,,,,bottomk_mean,0.4,3,3,0.20494699478149414,0.08480565249919891,0.09681978821754456,0.09681978821754456
annotated,VEO3,14368ad9-0bc7-56c0-bdc5-1c4515c08ab2.mp4,patch_only,,0.1,0.9,same_grid_second_order,,,,,bottomk_mean,0.4,3,3,0.04063604399561882,0.012367491610348225,0.015194346196949482,0.015194346196949482
annotated,VEO3,1444bdff-8a99-54f8-b7d7-00544fada33f.mp4,patch_only,,0.1,0.9,same_grid_second_order,,,,,bottomk_mean,0.4,3,3,0.48351001739501953,0.040047112852334976,0.08439340442419052,0.08439340442419052
annotated,VEO3,145b33a1-cc73-5c85-8daa-a00b6357ce12.mp4,patch_only,,0.1,0.9,same_grid_second_order,,,,,bottomk_mean,0.4,3,3,0.03356890380382538,0.017667844891548157,0.01925794966518879,0.01925794966518879
annotated,VEO3,148d46df-7b81-54fb-969b-c0e5c3c13a64.mp4,patch_only,,0.1,0.9,same_grid_second_order,,,,,bottomk_mean,0.4,3,3,0.15135453641414642,0.12131919711828232,0.12432273477315903,0.12432273477315903
annotated,VEO3,14a890f8-e9ed-5474-a6c9-c5c54074e564.mp4,patch_only,,0.1,0.9,same_grid_second_order,,,,,bottomk_mean,0.4,3,3,0.45877504348754883,0.46702003479003906,0.4661955237388611,0.4661955237388611
annotated,VEO3,14b9312d-3af8-5cbc-aea3-839763db43e4.mp4,patch_only,,0.1,0.9,same_grid_second_order,,,,,bottomk_mean,0.4,3,3,0.18080094456672668,0.0005889281746931374,0.01861012913286686,0.01861012913286686
annotated,VEO3,1514706a-f8c6-5482-b085-b78097bbf31c.mp4,patch_only,,0.1,0.9,same_grid_second_order,,,,,bottomk_mean,0.4,3,3,0.030624262988567352,0.0023557126987725496,0.005182567518204451,0.005182567518204451
annotated,VEO3,154bbacf-1421-5b2e-abf4-fad22ca3f69c.mp4,patch_only,,0.1,0.9,same_grid_second_order,,,,,bottomk_mean,0.4,3,3,0.15429916977882385,0.0035335689317435026,0.01861012913286686,0.01861012913286686
annotated,VEO3,158ae1f8-e22f-507b-9015-5b29cd650c07.mp4,patch_only,,0.1,0.9,same_grid_second_order,,,,,bottomk_mean,0.4,3,3,0.0924617201089859,0.01295641902834177,0.020906949415802956,0.020906949415802956
annotated,VEO3,159c03d0-d1bb-5940-be67-4a7d0897d805.mp4,patch_only,,0.1,0.9,same_grid_second_order,,,,,bottomk_mean,0.4,3,3,0.02120141312479973,0.04181389883160591,0.03975265100598335,0.03975265100598335
annotated,VEO3,15e3ee4c-7c48-5b5d-bcb3-fafc0c0c4beb.mp4,patch_only,,0.1,0.9,same_grid_second_order,,,,,bottomk_mean,0.4,3,3,0.0005889281746931374,0.008833922445774078,0.008009422570466995,0.008009422570466995
annotated,VEO3,15fc510b-ae8b-50e0-b488-fffb64621382.mp4,patch_only,,0.1,0.9,same_grid_second_order,,,,,bottomk_mean,0.4,3,3,0.07773851603269577,0.0005889281746931374,0.008303887210786343,0.008303887210786343
annotated,VEO3,16299e21-a09b-5dda-8014-79fae6b5a036.mp4,patch_only,,0.1,0.9,same_grid_second_order,,,,,bottomk_mean,0.4,3,3,0.016489988192915916,0.0005889281746931374,0.0021790340542793274,0.0021790340542793274
annotated,VEO3,162f5e1c-23c6-5fdd-8a57-7b07ec031a02.mp4,patch_only,,0.1,0.9,same_grid_second_order,,,,,bottomk_mean,0.4,3,3,0.004122497048228979,0.0,0.0004122497048228979,0.0004122497048228979
annotated,VEO3,16ca7c6d-c24d-5a5d-b318-885daee57e01.mp4,patch_only,,0.1,0.9,same_grid_second_order,,,,,bottomk_mean,0.4,3,3,0.06890459358692169,0.008833922445774078,0.014840989373624325,0.014840989373624325
annotated,VEO3,16dbc2da-9446-5b7f-aa60-3873e9573513.mp4,patch_only,,0.1,0.9,same_grid_second_order,,,,,bottomk_mean,0.4,3,3,0.44051826000213623,0.23674911260604858,0.2571260333061218,0.2571260333061218
annotated,VEO3,1708bcf4-1d25-5c55-8f2a-f70facb050e3.mp4,patch_only,,0.1,0.9,same_grid_second_order,,,,,bottomk_mean,0.4,3,3,0.05948174372315407,0.005300353281199932,0.010718492791056633,0.010718492791056633
annotated,VEO3,170c1df4-88a8-5c8e-81c9-c7357dcab3e3.mp4,patch_only,,0.1,0.9,same_grid_second_order,,,,,bottomk_mean,0.4,3,3,0.0,0.0005889281746931374,0.0005300353514030576,0.0005300353514030576
annotated,VEO3,170f2aa7-9ad2-5939-ad1d-5ecf8de55817.mp4,patch_only,,0.1,0.9,same_grid_second_order,,,,,bottomk_mean,0.4,3,3,0.38987043499946594,0.04534746706485748,0.07979976385831833,0.07979976385831833
annotated,VEO3,172a5298-22e4-5117-bd13-bb7010318212.mp4,patch_only,,0.1,0.9,same_grid_second_order,,,,,bottomk_mean,0.4,3,3,0.002944640815258026,0.01295641902834177,0.011955241672694683,0.011955241672694683
annotated,VEO3,1760bc1e-2f14-5a2d-8d26-7dbc4c67c8d4.mp4,patch_only,,0.1,0.9,same_grid_second_order,,,,,bottomk_mean,0.4,3,3,0.01295641902834177,0.008833922445774078,0.00924617238342762,0.00924617238342762
annotated,VEO3,178b7008-1b9f-5942-81ea-9311816774fc.mp4,patch_only,,0.1,0.9,same_grid_second_order,,,,,bottomk_mean,0.4,3,3,0.02237926982343197,0.011778563261032104,0.012838633731007576,0.012838633731007576
annotated,VEO3,17a96458-8ebe-52f1-9dbf-f35b826e2fba.mp4,patch_only,,0.1,0.9,same_grid_second_order,,,,,bottomk_mean,0.4,3,3,0.016489988192915916,0.0023557126987725496,0.003769140224903822,0.003769140224903822
annotated,VEO3,17b37b0a-9b0c-5186-8266-ea47dc879db3.mp4,patch_only,,0.1,0.9,same_grid_second_order,,,,,bottomk_mean,0.4,3,3,0.13898704946041107,0.01472320407629013,0.027149587869644165,0.027149587869644165
annotated,VEO3,17c3993c-2f21-54eb-a1ce-91936ce08d38.mp4,patch_only,,0.1,0.9,same_grid_second_order,,,,,bottomk_mean,0.4,3,3,0.29093050956726074,0.009422850795090199,0.037573616951704025,0.037573616951704025
annotated,VEO3,17efc270-fa87-5549-bbef-422eadf12dab.mp4,patch_only,,0.1,0.9,same_grid_second_order,,,,,bottomk_mean,0.4,3,3,0.02709069475531578,0.010011778213083744,0.01171967014670372,0.01171967014670372
annotated,VEO3,184f71e1-3b39-520b-be7b-ee30d84c6fa2.mp4,patch_only,,0.1,0.9,same_grid_second_order,,,,,bottomk_mean,0.4,3,3,0.01295641902834177,0.011778563261032104,0.011896348558366299,0.011896348558366299
annotated,VEO3,1854eeca-b9ba-5b5c-90ac-b77764c4b47d.mp4,patch_only,,0.1,0.9,same_grid_second_order,,,,,bottomk_mean,0.4,3,3,0.4528857469558716,0.21849234402179718,0.24193169176578522,0.24193169176578522
annotated,VEO3,18622d2b-1f77-56c9-b98b-125859bda161.mp4,patch_only,,0.1,0.9,same_grid_second_order,,,,,bottomk_mean,0.4,3,3,0.01295641902834177,0.0005889281746931374,0.0018256772309541702,0.0018256772309541702
annotated,VEO3,1863bab7-bc1f-5fc9-a44d-720bbed73918.mp4,patch_only,,0.1,0.9,same_grid_second_order,,,,,bottomk_mean,0.4,3,3,0.04534746706485748,0.002944640815258026,0.007184923626482487,0.007184923626482487
annotated,VEO3,1887056e-d07b-581e-9474-5bbfa3fe3a0a.mp4,patch_only,,0.1,0.9,same_grid_second_order,,,,,bottomk_mean,0.4,3,3,0.030035335570573807,0.010600706562399864,0.012544170022010803,0.012544170022010803
annotated,VEO3,188fb7a0-f570-540d-b0ee-09d5dde88711.mp4,patch_only,,0.1,0.9,same_grid_second_order,,,,,bottomk_mean,0.4,3,3,0.0,0.0,0.0,0.0
annotated,VEO3,18911823-de11-5592-bb8b-333ebbe0f156.mp4,patch_only,,0.1,0.9,same_grid_second_order,,,,,bottomk_mean,0.4,3,3,0.022968197241425514,0.02473498322069645,0.024558303877711296,0.024558303877711296
annotated,VEO3,18b3d8b9-78c3-5e15-9b90-a88e4327bcc8.mp4,patch_only,,0.1,0.9,same_grid_second_order,,,,,bottomk_mean,0.4,3,3,0.1925795078277588,0.0677267387509346,0.08021201193332672,0.08021201193332672
annotated,VEO3,18bb90d4-f327-558b-8001-2281434cd09a.mp4,patch_only,,0.1,0.9,same_grid_second_order,,,,,bottomk_mean,0.4,3,3,0.08303886651992798,0.08716136962175369,0.0867491140961647,0.0867491140961647
annotated,VEO3,18df61e0-01d1-5959-8cf4-6d0470dc372d.mp4,patch_only,,0.1,0.9,same_grid_second_order,,,,,bottomk_mean,0.4,3,3,0.580683171749115,0.07656066119670868,0.12697291374206543,0.12697291374206543
annotated,VEO3,18ee2bc4-628d-5041-a484-df32165021db.mp4,patch_only,,0.1,0.9,same_grid_second_order,,,,,bottomk_mean,0.4,3,3,0.5429917573928833,0.06301531195640564,0.11101295799016953,0.11101295799016953
annotated,VEO3,18fd3870-6c77-5b35-b27b-8eb60c4ef372.mp4,patch_only,,0.1,0.9,same_grid_second_order,,,,,bottomk_mean,0.4,3,3,0.140753835439682,0.0005889281746931374,0.014605417847633362,0.014605417847633362
annotated,VEO3,190fcd5d-5722-58b4-89fd-a3e298ab976a.mp4,patch_only,,0.1,0.9,same_grid_second_order,,,,,bottomk_mean,0.4,3,3,0.5123674869537354,0.025323910638689995,0.07402826845645905,0.07402826845645905
annotated,VEO3,191550ac-f739-5b03-8fc8-e36b69b943ee.mp4,patch_only,,0.1,0.9,same_grid_second_order,,,,,bottomk_mean,0.4,3,3,0.08539458364248276,0.09187278896570206,0.09122496843338013,0.09122496843338013
annotated,VEO3,19429419-1ba5-523c-81f2-e74442a8ef97.mp4,patch_only,,0.1,0.9,same_grid_second_order,,,,,bottomk_mean,0.4,3,3,0.12720848619937897,0.050058893859386444,0.05777385085821152,0.05777385085821152
annotated,VEO3,194c86b3-f44f-540b-bca9-1fe938dc73d4.mp4,patch_only,,0.1,0.9,same_grid_second_order,,,,,bottomk_mean,0.4,3,3,0.08362779766321182,0.004122497048228979,0.012073026970028877,0.012073026970028877
annotated,VEO3,19600605-cd4e-5629-b530-6d3040e80470.mp4,patch_only,,0.1,0.9,same_grid_second_order,,,,,bottomk_mean,0.4,3,3,0.1495877504348755,0.06065959855914116,0.06955241411924362,0.06955241411924362
annotated,VEO3,19784c28-e560-58b1-94ad-e7d507750d12.mp4,patch_only,,0.1,0.9,same_grid_second_order,,,,,bottomk_mean,0.4,3,3,0.028857478871941566,0.0035335689317435026,0.006065960042178631,0.006065960042178631
annotated,VEO3,19a4b9a8-ac04-530c-861e-50d0ca8f7121.mp4,patch_only,,0.1,0.9,same_grid_second_order,,,,,bottomk_mean,0.4,3,3,0.05535924434661865,0.010011778213083744,0.014546525664627552,0.014546525664627552
annotated,VEO3,19a7501b-fea5-54eb-bb1e-f0551ba05e4a.mp4,patch_only,,0.1,0.9,same_grid_second_order,,,,,bottomk_mean,0.4,3,3,0.1537102460861206,0.04711425304412842,0.05777385085821152,0.05777385085821152
annotated,VEO3,19cc429b-7fe9-5848-b602-105807f99b15.mp4,patch_only,,0.1,0.9,same_grid_second_order,,,,,bottomk_mean,0.4,3,3,0.008833922445774078,0.01295641902834177,0.012544170022010803,0.012544170022010803
annotated,VEO3,19e118c8-0876-53f2-8609-79b02aea4c11.mp4,patch_only,,0.1,0.9,same_grid_second_order,,,,,bottomk_mean,0.4,3,3,0.6949352025985718,0.01295641902834177,0.08115430176258087,0.08115430176258087
annotated,VEO3,19ee6b95-9b2c-5ae2-a292-c6680b26f6db.mp4,patch_only,,0.1,0.9,same_grid_second_order,,,,,bottomk_mean,0.4,3,3,0.15842166543006897,0.05535924434661865,0.06566549092531204,0.06566549092531204
annotated,VEO3,1a145301-8fae-5001-98c6-f8288102e692.mp4,patch_only,,0.1,0.9,same_grid_second_order,,,,,bottomk_mean,0.4,3,3,0.01472320407629013,0.0005889281746931374,0.002002355642616749,0.002002355642616749
annotated,VEO3,1a66cc11-76e4-5a87-90bf-babc2221b7a0.mp4,patch_only,,0.1,0.9,same_grid_second_order,,,,,bottomk_mean,0.4,3,3,0.10659599304199219,0.017667844891548157,0.02656066045165062,0.02656066045165062
annotated,VEO3,1a7b141c-196e-50e6-830d-d67434d311a7.mp4,patch_only,,0.1,0.9,same_grid_second_order,,,,,bottomk_mean,0.4,3,3,0.027679622173309326,0.0023557126987725496,0.004888103809207678,0.004888103809207678
annotated,VEO3,1a9360dc-ca9f-5d0d-9514-68e25bb0ac9e.mp4,patch_only,,0.1,0.9,same_grid_second_order,,,,,bottomk_mean,0.4,3,3,0.23203769326210022,0.8722025752067566,0.8081861138343811,0.8081861138343811
annotated,VEO3,1acebd71-ffb5-5f17-9a16-4c08714d1773.mp4,patch_only,,0.1,0.9,same_grid_second_order,,,,,bottomk_mean,0.4,3,3,0.01472320407629013,0.0035335689317435026,0.004652532283216715,0.004652532283216715
annotated,VEO3,1ae2cdc5-9c47-5c89-9d4c-a201cfe3cf8f.mp4,patch_only,,0.1,0.9,same_grid_second_order,,,,,bottomk_mean,0.4,3,3,0.2614840865135193,0.05300353467464447,0.07385159283876419,0.07385159283876419
annotated,VEO3,1b13add9-fd20-5ebb-8bd8-919498925a7c.mp4,patch_only,,0.1,0.9,same_grid_second_order,,,,,bottomk_mean,0.4,3,3,0.09422850608825684,0.1419316828250885,0.13716135919094086,0.13716135919094086
annotated,VEO3,1b1ea1f8-2c1a-5ed3-81e9-33dc2715a673.mp4,patch_only,,0.1,0.9,same_grid_second_order,,,,,bottomk_mean,0.4,3,3,0.010011778213083744,0.005300353281199932,0.005771495867520571,0.005771495867520571
annotated,VEO3,1b3ee629-6103-5201-9ef6-db50fed021ce.mp4,patch_only,,0.1,0.9,same_grid_second_order,,,,,bottomk_mean,0.4,3,3,0.018845701590180397,0.01295641902834177,0.01354534737765789,0.01354534737765789
annotated,VEO3,1b73b0ba-4ad7-5e4e-b7cd-3de1043f928f.mp4,patch_only,,0.1,0.9,same_grid_second_order,,,,,bottomk_mean,0.4,3,3,0.08009422570466995,0.010011778213083744,0.017020024359226227,0.017020024359226227
annotated,VEO3,1b85ebae-43d2-5743-b709-19038c9e04d8.mp4,patch_only,,0.1,0.9,same_grid_second_order,,,,,bottomk_mean,0.4,3,3,0.5182567834854126,0.47879859805107117,0.48274439573287964,0.48274439573287964
annotated,VEO3,1bba4650-8ca6-5592-a1af-dd750de5da88.mp4,patch_only,,0.1,0.9,same_grid_second_order,,,,,bottomk_mean,0.4,3,3,0.042991753667593,0.05712603032588959,0.05571260303258896,0.05571260303258896
annotated,VEO3,1bfc9106-be49-5b07-bc7e-4f84c66183fa.mp4,patch_only,,0.1,0.9,same_grid_second_order,,,,,bottomk_mean,0.4,3,3,0.041224971413612366,0.10659599304199219,0.1000588908791542,0.1000588908791542
annotated,VEO3,1c9ce55c-3c17-59e2-a424-d45f410eaa90.mp4,patch_only,,0.1,0.9,same_grid_second_order,,,,,bottomk_mean,0.4,3,3,0.02826855145394802,0.0005889281746931374,0.003356890520080924,0.003356890520080924
annotated,VEO3,1cd2abae-1ba5-5ae8-af27-c86fc53d1704.mp4,patch_only,,0.1,0.9,same_grid_second_order,,,,,bottomk_mean,0.4,3,3,0.041224971413612366,0.004122497048228979,0.007832744158804417,0.007832744158804417
annotated,VEO3,1cdbe665-2949-5705-b796-e26a25efe41d.mp4,patch_only,,0.1,0.9,same_grid_second_order,,,,,bottomk_mean,0.4,3,3,0.004122497048228979,0.0023557126987725496,0.002532391110435128,0.002532391110435128
annotated,VEO3,1ce206f5-a24e-5cf3-94fb-8e2e3a754710.mp4,patch_only,,0.1,0.9,same_grid_second_order,,,,,bottomk_mean,0.4,3,3,0.018256772309541702,0.0005889281746931374,0.0023557126987725496,0.0023557126987725496
annotated,VEO3,1d2afb03-8ff2-57e0-9480-4dbc0ad0564f.mp4,patch_only,,0.1,0.9,same_grid_second_order,,,,,bottomk_mean,0.4,3,3,0.004122497048228979,0.0017667844658717513,0.002002355642616749,0.002002355642616749
annotated,VEO3,1d66f81d-ab75-544c-9bec-841b89f77c4a.mp4,patch_only,,0.1,0.9,same_grid_second_order,,,,,bottomk_mean,0.4,3,3,0.45641931891441345,0.08186101168394089,0.11931684613227844,0.11931684613227844
annotated,VEO3,1d763557-e82a-58e1-863e-2b682410c0a4.mp4,patch_only,,0.1,0.9,same_grid_second_order,,,,,bottomk_mean,0.4,3,3,0.036513544619083405,0.0035335689317435026,0.006831566337496042,0.006831566337496042
annotated,VEO3,1d98c8c8-9a95-56de-af16-be0cd4ebe8a4.mp4,patch_only,,0.1,0.9,same_grid_second_order,,,,,bottomk_mean,0.4,3,3,0.12485276907682419,0.0035335689317435026,0.015665488317608833,0.015665488317608833
annotated,VEO3,1dbcd68b-54ad-509a-b03b-52b4fa1dc493.mp4,patch_only,,0.1,0.9,same_grid_second_order,,,,,bottomk_mean,0.4,3,3,0.22497054934501648,0.04829210788011551,0.06595995277166367,0.06595995277166367
annotated,VEO3,1ddb0482-8319-50da-8562-0156cc52c0b6.mp4,patch_only,,0.1,0.9,same_grid_second_order,,,,,bottomk_mean,0.4,3,3,0.5041224956512451,0.038869258016347885,0.08539458364248276,0.08539458364248276
annotated,VEO3,1df83b82-90f8-5a2e-ab5c-62583d49622f.mp4,patch_only,,0.1,0.9,same_grid_second_order,,,,,bottomk_mean,0.4,3,3,0.047703180462121964,0.017667844891548157,0.020671378821134567,0.020671378821134567
annotated,VEO3,1e07fa25-dfdc-5b10-9c75-acedbee759e2.mp4,patch_only,,0.1,0.9,same_grid_second_order,,,,,bottomk_mean,0.4,3,3,0.27797409892082214,0.04181389883160591,0.0654299184679985,0.0654299184679985
annotated,VEO3,1e41762e-b832-5108-96b7-443724f6d837.mp4,patch_only,,0.1,0.9,same_grid_second_order,,,,,bottomk_mean,0.4,3,3,0.09952885657548904,0.01295641902834177,0.02161366306245327,0.02161366306245327
annotated,VEO3,1e846d51-ce66-5d4e-8aa0-f2a1a4b16b6f.mp4,patch_only,,0.1,0.9,same_grid_second_order,,,,,bottomk_mean,0.4,3,3,0.002944640815258026,0.0005889281746931374,0.0008244994096457958,0.0008244994096457958
annotated,VEO3,1e862667-5ad2-5155-8126-ef98e88870af.mp4,patch_only,,0.1,0.9,same_grid_second_order,,,,,bottomk_mean,0.4,3,3,0.03828033059835434,0.01295641902834177,0.015488809905946255,0.015488809905946255
annotated,VEO3,1e942335-58fd-57fc-b20e-522147238c38.mp4,patch_only,,0.1,0.9,same_grid_second_order,,,,,bottomk_mean,0.4,3,3,0.047703180462121964,0.0005889281746931374,0.005300353281199932,0.005300353281199932
annotated,VEO3,1eaf31a1-0687-5cd7-a24b-134f35cab651.mp4,patch_only,,0.1,0.9,same_grid_second_order,,,,,bottomk_mean,0.4,3,3,0.04181389883160591,0.07184923440217972,0.0688457041978836,0.0688457041978836
annotated,VEO3,1eb27339-46b1-5ac9-b55b-05d140fa4453.mp4,patch_only,,0.1,0.9,same_grid_second_order,,,,,bottomk_mean,0.4,3,3,0.018845701590180397,0.0035335689317435026,0.005064782220870256,0.005064782220870256
annotated,VEO3,1eed4aa1-e112-5f0e-ad7f-c45563f521d8.mp4,patch_only,,0.1,0.9,same_grid_second_order,,,,,bottomk_mean,0.4,3,3,0.002944640815258026,0.01295641902834177,0.011955241672694683,0.011955241672694683
annotated,VEO3,1f0f6bd6-4761-5872-a272-fcc09828ad24.mp4,patch_only,,0.1,0.9,same_grid_second_order,,,,,bottomk_mean,0.4,3,3,0.0005889281746931374,0.0005889281746931374,0.0005889281746931374,0.0005889281746931374
annotated,VEO3,1fae7321-ff43-50ec-901d-8ef058fb9a1f.mp4,patch_only,,0.1,0.9,same_grid_second_order,,,,,bottomk_mean,0.4,3,3,0.12544170022010803,0.2473498284816742,0.2351590096950531,0.2351590096950531
annotated,VEO3,1fcc2da2-ca76-5d02-b6c9-22045fa82d5b.mp4,patch_only,,0.1,0.9,same_grid_second_order,,,,,bottomk_mean,0.4,3,3,0.10129564255475998,0.018845701590180397,0.02709069475531578,0.02709069475531578
annotated,VEO3,1fd6bd34-e306-5e4f-91f4-cc74f9eff860.mp4,patch_only,,0.1,0.9,same_grid_second_order,,,,,bottomk_mean,0.4,3,3,0.062426384538412094,0.0005889281746931374,0.006772673688828945,0.006772673688828945
annotated,VEO3,1ff502bf-2b04-5fd3-8294-c760ad28bddb.mp4,patch_only,,0.1,0.9,same_grid_second_order,,,,,bottomk_mean,0.4,3,3,0.10011778771877289,0.036513544619083405,0.04287397116422653,0.04287397116422653
annotated,VEO3,1ff76cc7-43f0-5f76-ab4c-5d3855729f5a.mp4,patch_only,,0.1,0.9,same_grid_second_order,,,,,bottomk_mean,0.4,3,3,0.09952885657548904,0.043580684810876846,0.04917550086975098,0.04917550086975098
annotated,VEO3,1ff9328a-a71d-56c6-9144-58bb3e0c156d.mp4,patch_only,,0.1,0.9,same_grid_second_order,,,,,bottomk_mean,0.4,3,3,0.07832744717597961,0.12131919711828232,0.11702002584934235,0.11702002584934235
annotated,VEO3,202454a1-454e-55bf-bf2b-7c744efb0664.mp4,patch_only,,0.1,0.9,same_grid_second_order,,,,,bottomk_mean,0.4,3,3,0.781507670879364,0.11189635097980499,0.1788574755191803,0.1788574755191803
annotated,VEO3,20294a46-a54a-50a7-ba17-35c2c926bb06.mp4,patch_only,,0.1,0.9,same_grid_second_order,,,,,bottomk_mean,0.4,3,3,0.07008244842290878,0.15547703206539154,0.14693757891654968,0.14693757891654968
annotated,VEO3,20396336-e250-56ac-99b4-55ac56889788.mp4,patch_only,,0.1,0.9,same_grid_second_order,,,,,bottomk_mean,0.4,3,3,0.03356890380382538,0.0005889281746931374,0.0038869257550686598,0.0038869257550686598
annotated,VEO3,20744538-7e18-51c2-a386-501b6c282e05.mp4,patch_only,,0.1,0.9,same_grid_second_order,,,,,bottomk_mean,0.4,3,3,0.0,0.0005889281746931374,0.0005300353514030576,0.0005300353514030576
annotated,VEO3,208ccd09-fe86-5dce-9c3b-324d54628aa7.mp4,patch_only,,0.1,0.9,same_grid_second_order,,,,,bottomk_mean,0.4,3,3,0.16431094706058502,0.017078915610909462,0.03180212154984474,0.03180212154984474
annotated,VEO3,208f1fba-8b9f-5497-9213-04049611664f.mp4,patch_only,,0.1,0.9,same_grid_second_order,,,,,bottomk_mean,0.4,3,3,0.01295641902834177,0.010600706562399864,0.010836278088390827,0.010836278088390827
annotated,VEO3,20bf3037-b828-52c2-8b66-d41f4155ba68.mp4,patch_only,,0.1,0.9,same_grid_second_order,,,,,bottomk_mean,0.4,3,3,0.08362779766321182,0.01295641902834177,0.020023556426167488,0.020023556426167488
annotated,VEO3,20dc44d0-5625-56e5-966a-3988436bb57f.mp4,patch_only,,0.1,0.9,same_grid_second_order,,,,,bottomk_mean,0.4,3,3,0.02944640815258026,0.06301531195640564,0.05965842306613922,0.05965842306613922
annotated,VEO3,20de79af-7213-54bc-970f-e20241cc1a1f.mp4,patch_only,,0.1,0.9,same_grid_second_order,,,,,bottomk_mean,0.4,3,3,0.060070671141147614,0.012367491610348225,0.017137808725237846,0.017137808725237846
annotated,VEO3,20eaec5a-f511-598f-93ee-8d652aa717c2.mp4,patch_only,,0.1,0.9,same_grid_second_order,,,,,bottomk_mean,0.4,3,3,0.010011778213083744,0.004122497048228979,0.004711425397545099,0.004711425397545099
annotated,VEO3,210c9e20-d1c8-5bf3-8e00-ff4152016b16.mp4,patch_only,,0.1,0.9,same_grid_second_order,,,,,bottomk_mean,0.4,3,3,0.010011778213083744,0.01295641902834177,0.012661955319344997,0.012661955319344997
annotated,VEO3,21233c76-17ac-595c-84ae-ec09fbebe28d.mp4,patch_only,,0.1,0.9,same_grid_second_order,,,,,bottomk_mean,0.4,3,3,0.2720848023891449,0.03474676236510277,0.05848056450486183,0.05848056450486183
annotated,VEO3,21255a61-c0b6-5957-b77c-ae39c4313a1b.mp4,patch_only,,0.1,0.9,same_grid_second_order,,,,,bottomk_mean,0.4,3,3,0.03945818543434143,0.038869258016347885,0.03892815113067627,0.03892815113067627
annotated,VEO3,2137016c-798b-5a63-997c-c584b5b6b550.mp4,patch_only,,0.1,0.9,same_grid_second_order,,,,,bottomk_mean,0.4,3,3,0.08303886651992798,0.012367491610348225,0.019434629008173943,0.019434629008173943
annotated,VEO3,2187765a-94c5-5104-8111-c7b745965121.mp4,patch_only,,0.1,0.9,same_grid_second_order,,,,,bottomk_mean,0.4,3,3,0.002944640815258026,0.005300353281199932,0.005064782220870256,0.005064782220870256
annotated,VEO3,21941e6c-2aa4-5634-8a9a-b13836dcffaf.mp4,patch_only,,0.1,0.9,same_grid_second_order,,,,,bottomk_mean,0.4,3,3,0.5453474521636963,0.07832744717597961,0.12502944469451904,0.12502944469451904
annotated,VEO3,21dea980-b278-5d65-a5e0-5db402992980.mp4,patch_only,,0.1,0.9,same_grid_second_order,,,,,bottomk_mean,0.4,3,3,0.16372202336788177,0.010011778213083744,0.02538280375301838,0.02538280375301838
annotated,VEO3,21e74d52-cafc-5c06-8d97-1e8b5cb0461d.mp4,patch_only,,0.1,0.9,same_grid_second_order,,,,,bottomk_mean,0.4,3,3,0.27915194630622864,0.27561837434768677,0.27597174048423767,0.27597174048423767
annotated,VEO3,21f3c409-2099-522f-a1b4-d2550d1c3c7e.mp4,patch_only,,0.1,0.9,same_grid_second_order,,,,,bottomk_mean,0.4,3,3,0.007656065747141838,0.0005889281746931374,0.0012956418795511127,0.0012956418795511127
annotated,VEO3,22029115-e298-5500-8866-826c85cbd0d2.mp4,patch_only,,0.1,0.9,same_grid_second_order,,,,,bottomk_mean,0.4,3,3,0.004122497048228979,0.0005889281746931374,0.0009422850562259555,0.0009422850562259555
annotated,VEO3,22240d59-7c64-5010-83cb-e8044ca3d41c.mp4,patch_only,,0.1,0.9,same_grid_second_order,,,,,bottomk_mean,0.4,3,3,0.3604240417480469,0.05418138951063156,0.08480565249919891,0.08480565249919891
annotated,VEO3,222ae23b-e278-555b-96d9-9fe1da196a43.mp4,patch_only,,0.1,0.9,same_grid_second_order,,,,,bottomk_mean,0.4,3,3,0.13839811086654663,0.0035335689317435026,0.017020024359226227,0.017020024359226227
annotated,VEO3,222dc6af-16cc-5cd2-b096-67c3aba665c6.mp4,patch_only,,0.1,0.9,same_grid_second_order,,,,,bottomk_mean,0.4,3,3,0.14782096445560455,0.03297997638583183,0.044464074075222015,0.044464074075222015
annotated,VEO3,222f8f99-a66e-5678-a39c-ef4b8e8f774f.mp4,patch_only,,0.1,0.9,same_grid_second_order,,,,,bottomk_mean,0.4,3,3,0.002944640815258026,0.0011778563493862748,0.0013545347610488534,0.0013545347610488534
annotated,VEO3,2268c1f7-e568-5794-bccb-09a3aa58ab36.mp4,patch_only,,0.1,0.9,same_grid_second_order,,,,,bottomk_mean,0.4,3,3,0.0,0.0035335689317435026,0.0031802121084183455,0.0031802121084183455
annotated,VEO3,226a982a-267e-5578-8375-b71dea1a085f.mp4,patch_only,,0.1,0.9,same_grid_second_order,,,,,bottomk_mean,0.4,3,3,0.05535924434661865,0.6383981108665466,0.5800942182540894,0.5800942182540894
annotated,VEO3,22c04a96-5b44-53ae-8ba2-d6958d5e3d62.mp4,patch_only,,0.1,0.9,same_grid_second_order,,,,,bottomk_mean,0.4,3,3,0.22320376336574554,0.053592462092638016,0.07055359333753586,0.07055359333753586
annotated,VEO3,230a3d65-060d-5ef2-8fef-a9e66c697cb6.mp4,patch_only,,0.1,0.9,same_grid_second_order,,,,,bottomk_mean,0.4,3,3,0.3580683171749115,0.07361602038145065,0.10206124931573868,0.10206124931573868
annotated,VEO3,231aa475-5915-5565-9732-229a2e3f55af.mp4,patch_only,,0.1,0.9,same_grid_second_order,,,,,bottomk_mean,0.4,3,3,0.26619553565979004,0.010011778213083744,0.03563015162944794,0.03563015162944794
annotated,VEO3,2324f8b0-eb27-58d5-8f0e-6c9cd074472d.mp4,patch_only,,0.1,0.9,same_grid_second_order,,,,,bottomk_mean,0.4,3,3,0.43168434500694275,0.08539458364248276,0.12002355605363846,0.12002355605363846
annotated,VEO3,233121f3-2721-5df0-a39f-b15dd21197bb.mp4,patch_only,,0.1,0.9,same_grid_second_order,,,,,bottomk_mean,0.4,3,3,0.2502944767475128,0.0924617201089859,0.10824499279260635,0.10824499279260635
annotated,VEO3,233179ab-a7b8-5f67-b0b1-bf19967b7818.mp4,patch_only,,0.1,0.9,same_grid_second_order,,,,,bottomk_mean,0.4,3,3,0.5406360626220703,0.10011778771877289,0.1441696137189865,0.1441696137189865
annotated,VEO3,2338aaf6-6009-5a54-8920-084d5f69c604.mp4,patch_only,,0.1,0.9,same_grid_second_order,,,,,bottomk_mean,0.4,3,3,0.16372202336788177,0.03474676236510277,0.04764428734779358,0.04764428734779358
annotated,VEO3,2377c88e-6c68-52bd-af17-aa98946d0a14.mp4,patch_only,,0.1,0.9,same_grid_second_order,,,,,bottomk_mean,0.4,3,3,0.2149587720632553,0.009422850795090199,0.029976442456245422,0.029976442456245422
annotated,VEO3,239405b2-d5bd-568b-ba02-375d9dffde65.mp4,patch_only,,0.1,0.9,same_grid_second_order,,,,,bottomk_mean,0.4,3,3,0.10836277902126312,0.011189634911715984,0.020906949415802956,0.020906949415802956
annotated,VEO3,23c959eb-968e-5450-8eba-c5586d8d6faa.mp4,patch_only,,0.1,0.9,same_grid_second_order,,,,,bottomk_mean,0.4,3,3,0.281507670879364,0.02591283805668354,0.05147232115268707,0.05147232115268707
annotated,VEO3,23d116d1-3ea0-5940-a683-7a26ee5ef0cf.mp4,patch_only,,0.1,0.9,same_grid_second_order,,,,,bottomk_mean,0.4,3,3,0.010011778213083744,0.005300353281199932,0.005771495867520571,0.005771495867520571
annotated,VEO3,240a40de-8e9b-5b87-b7e9-991428b8d2cd.mp4,patch_only,,0.1,0.9,same_grid_second_order,,,,,bottomk_mean,0.4,3,3,0.020023556426167488,0.0005889281746931374,0.002532391110435128,0.002532391110435128
annotated,VEO3,241cb5f1-ed26-5b42-b694-d96ca41680fb.mp4,patch_only,,0.1,0.9,same_grid_second_order,,,,,bottomk_mean,0.4,3,3,0.06065959855914116,0.007067137863487005,0.012426383793354034,0.012426383793354034
annotated,VEO3,24307146-4fb6-5563-b86d-ee3ba291e873.mp4,patch_only,,0.1,0.9,same_grid_second_order,,,,,bottomk_mean,0.4,3,3,0.04534746706485748,0.0023557126987725496,0.006654887925833464,0.006654887925833464
annotated,VEO3,244b52db-ae20-5e3d-8d84-45bf460377ad.mp4,patch_only,,0.1,0.9,same_grid_second_order,,,,,bottomk_mean,0.4,3,3,0.12426383793354034,0.04534746706485748,0.05323910340666771,0.05323910340666771
annotated,VEO3,24701c52-d5af-5125-a0ad-1af952cbe292.mp4,patch_only,,0.1,0.9,same_grid_second_order,,,,,bottomk_mean,0.4,3,3,0.0989399328827858,0.009422850795090199,0.01837455853819847,0.01837455853819847
annotated,VEO3,24766c51-3796-5713-93f1-dc69140db459.mp4,patch_only,,0.1,0.9,same_grid_second_order,,,,,bottomk_mean,0.4,3,3,0.0,0.0005889281746931374,0.0005300353514030576,0.0005300353514030576
annotated,VEO3,24aeb937-9a59-54ef-8d2d-5134646daad8.mp4,patch_only,,0.1,0.9,same_grid_second_order,,,,,bottomk_mean,0.4,3,3,0.1678445190191269,0.11425206065177917,0.11961130797863007,0.11961130797863007
annotated,VEO3,24ccdea3-ed88-5225-a3d2-79ad5a1b493b.mp4,patch_only,,0.1,0.9,same_grid_second_order,,,,,bottomk_mean,0.4,3,3,0.062426384538412094,0.04240282624959946,0.04440518096089363,0.04440518096089363
annotated,VEO3,24d377da-1ca5-5f48-8edc-d16c24b8a059.mp4,patch_only,,0.1,0.9,same_grid_second_order,,,,,bottomk_mean,0.4,3,3,0.004122497048228979,0.11955241113901138,0.10800942033529282,0.10800942033529282
annotated,VEO3,24fb0fae-2f00-52fd-b1c3-e0faf9be0a14.mp4,patch_only,,0.1,0.9,same_grid_second_order,,,,,bottomk_mean,0.4,3,3,0.018845701590180397,0.034157831221818924,0.032626617699861526,0.032626617699861526
annotated,VEO3,24fe7912-15f5-5103-99be-c87b6a8feca9.mp4,patch_only,,0.1,0.9,same_grid_second_order,,,,,bottomk_mean,0.4,3,3,0.567726731300354,0.43050646781921387,0.44422850012779236,0.44422850012779236
annotated,VEO3,250763d7-b30d-566d-84f4-50ada98f63a3.mp4,patch_only,,0.1,0.9,same_grid_second_order,,,,,bottomk_mean,0.4,3,3,0.11012956500053406,0.02120141312479973,0.03009422868490219,0.03009422868490219
annotated,VEO3,254d84a9-a129-5df4-8f68-3108426bc012.mp4,patch_only,,0.1,0.9,same_grid_second_order,,,,,bottomk_mean,0.4,3,3,0.4593639671802521,0.10365135222673416,0.1392226219177246,0.1392226219177246
annotated,VEO3,257b051d-d65e-50b7-ba0f-0e327cc1a5f8.mp4,patch_only,,0.1,0.9,same_grid_second_order,,,,,bottomk_mean,0.4,3,3,0.13368669152259827,0.009422850795090199,0.02184923365712166,0.02184923365712166
annotated,VEO3,2592b761-04f3-52ea-a63e-593057db4634.mp4,patch_only,,0.1,0.9,same_grid_second_order,,,,,bottomk_mean,0.4,3,3,0.16843345761299133,0.02473498322069645,0.03910483047366142,0.03910483047366142
annotated,VEO3,25aa7f04-df84-5862-9d2e-76cae8b4ed18.mp4,patch_only,,0.1,0.9,same_grid_second_order,,,,,bottomk_mean,0.4,3,3,0.15076561272144318,0.018256772309541702,0.03150765597820282,0.03150765597820282
annotated,VEO3,25fff55e-9cfe-5cf9-9b36-4d8e04acb9b3.mp4,patch_only,,0.1,0.9,same_grid_second_order,,,,,bottomk_mean,0.4,3,3,0.004122497048228979,0.004711425397545099,0.004652532283216715,0.004652532283216715
annotated,VEO3,2634e08e-d778-5cc1-9af3-b23dbda50fc9.mp4,patch_only,,0.1,0.9,same_grid_second_order,,,,,bottomk_mean,0.4,3,3,0.07243816554546356,0.0005889281746931374,0.0077738515101373196,0.0077738515101373196
annotated,VEO3,265861ab-8cb3-51f5-b2ef-b7a849910278.mp4,patch_only,,0.1,0.9,same_grid_second_order,,,,,bottomk_mean,0.4,3,3,0.06831566244363785,0.04711425304412842,0.04923439398407936,0.04923439398407936
annotated,VEO3,26687827-7e78-500d-b141-28c79e84b94d.mp4,patch_only,,0.1,0.9,same_grid_second_order,,,,,bottomk_mean,0.4,3,3,0.18021202087402344,0.0806831568479538,0.09063604474067688,0.09063604474067688
annotated,VEO3,2670719d-42ae-5b0d-a09f-1387ec85a01f.mp4,patch_only,,0.1,0.9,same_grid_second_order,,,,,bottomk_mean,0.4,3,3,0.104240283370018,0.03710247203707695,0.043816253542900085,0.043816253542900085
annotated,VEO3,267841ab-d2a2-5e99-a71f-d4b2503b16a5.mp4,patch_only,,0.1,0.9,same_grid_second_order,,,,,bottomk_mean,0.4,3,3,0.37161365151405334,0.8156654834747314,0.7712603211402893,0.7712603211402893
annotated,VEO3,2688deda-8262-5a91-97b2-97ab65ae37f5.mp4,patch_only,,0.1,0.9,same_grid_second_order,,,,,bottomk_mean,0.4,3,3,0.048881035298109055,0.0035335689317435026,0.00806831568479538,0.00806831568479538
annotated,VEO3,2691fc34-9997-5afe-9fa7-abab71784da8.mp4,patch_only,,0.1,0.9,same_grid_second_order,,,,,bottomk_mean,0.4,3,3,0.03592461720108986,0.03297997638583183,0.033274441957473755,0.033274441957473755
annotated,VEO3,26974515-dce1-57d7-a5ac-07d4a67d279b.mp4,patch_only,,0.1,0.9,same_grid_second_order,,,,,bottomk_mean,0.4,3,3,0.23203769326210022,0.0005889281746931374,0.023733804002404213,0.023733804002404213
annotated,VEO3,26b07569-dcfb-55a7-bd93-e7ab3c3e288a.mp4,patch_only,,0.1,0.9,same_grid_second_order,,,,,bottomk_mean,0.4,3,3,0.034157831221818924,0.007067137863487005,0.009776207618415356,0.009776207618415356
annotated,VEO3,26cfb384-7a6f-5ad9-a646-460cd2d5e07c.mp4,patch_only,,0.1,0.9,same_grid_second_order,,,,,bottomk_mean,0.4,3,3,0.010011778213083744,0.002944640815258026,0.0036513544619083405,0.0036513544619083405
annotated,VEO3,26ed4b35-98c9-583f-88ea-27073e91e9a3.mp4,patch_only,,0.1,0.9,same_grid_second_order,,,,,bottomk_mean,0.4,3,3,0.015312131494283676,0.0005889281746931374,0.0020612485241144896,0.0020612485241144896
annotated,VEO3,27452935-d984-56c1-b91e-b678ebb9ea39.mp4,patch_only,,0.1,0.9,same_grid_second_order,,,,,bottomk_mean,0.4,3,3,0.2850412130355835,0.017667844891548157,0.04440518096089363,0.04440518096089363
annotated,VEO3,27543631-bfb5-5c18-b9d8-90eed80d5319.mp4,patch_only,,0.1,0.9,same_grid_second_order,,,,,bottomk_mean,0.4,3,3,0.281507670879364,0.05182567611336708,0.07479387521743774,0.07479387521743774
annotated,VEO3,275ce5ad-eb5b-55e9-98e6-baf1a2636abd.mp4,patch_only,,0.1,0.9,same_grid_second_order,,,,,bottomk_mean,0.4,3,3,0.1666666716337204,0.020612485706806183,0.035217903554439545,0.035217903554439545
annotated,VEO3,2764038d-009c-537a-b51a-bf9718b4ae6f.mp4,patch_only,,0.1,0.9,same_grid_second_order,,,,,bottomk_mean,0.4,3,3,0.0,0.009422850795090199,0.008480565622448921,0.008480565622448921
annotated,VEO3,27644df7-c8fa-5a5d-9c17-8cd67fd11332.mp4,patch_only,,0.1,0.9,same_grid_second_order,,,,,bottomk_mean,0.4,3,3,0.006478209514170885,0.018256772309541702,0.017078915610909462,0.017078915610909462
annotated,VEO3,278218ac-2ec2-5403-aaee-7154395abea8.mp4,patch_only,,0.1,0.9,same_grid_second_order,,,,,bottomk_mean,0.4,3,3,0.004122497048228979,0.022968197241425514,0.02108362689614296,0.02108362689614296
annotated,VEO3,278dbb47-3ce5-5214-b95e-2d2425611129.mp4,patch_only,,0.1,0.9,same_grid_second_order,,,,,bottomk_mean,0.4,3,3,0.19611307978630066,0.011778563261032104,0.03021201491355896,0.03021201491355896
annotated,VEO3,27997893-377c-5cb4-937a-83bfb6fa543b.mp4,patch_only,,0.1,0.9,same_grid_second_order,,,,,bottomk_mean,0.4,3,3,0.49823322892189026,0.05064782127737999,0.09540636092424393,0.09540636092424393
annotated,VEO3,279aa96b-39d8-5af1-ba86-72df56d9a48f.mp4,patch_only,,0.1,0.9,same_grid_second_order,,,,,bottomk_mean,0.4,3,3,0.2149587720632553,0.007067137863487005,0.02785630151629448,0.02785630151629448
annotated,VEO3,27a7bfa0-ea7e-5c4a-afc2-bcfb64fa00d4.mp4,patch_only,,0.1,0.9,same_grid_second_order,,,,,bottomk_mean,0.4,3,3,0.017667844891548157,0.002944640815258026,0.004416961222887039,0.004416961222887039
annotated,VEO3,27abf194-2082-51bd-90e4-8cd19ebb0607.mp4,patch_only,,0.1,0.9,same_grid_second_order,,,,,bottomk_mean,0.4,3,3,0.2108362764120102,0.17667844891548157,0.18009422719478607,0.18009422719478607
annotated,VEO3,27be9fa1-8239-5d4e-99b5-1827f4197800.mp4,patch_only,,0.1,0.9,same_grid_second_order,,,,,bottomk_mean,0.4,3,3,0.43286219239234924,0.03474676236510277,0.0745583027601242,0.0745583027601242
annotated,VEO3,27cf03fa-d3d9-5ea2-a1a5-92a60f548ce0.mp4,patch_only,,0.1,0.9,same_grid_second_order,,,,,bottomk_mean,0.4,3,3,0.16489988565444946,0.0023557126987725496,0.01861012913286686,0.01861012913286686
annotated,VEO3,27f109e8-5aed-5db5-b799-f0c3473150ce.mp4,patch_only,,0.1,0.9,same_grid_second_order,,,,,bottomk_mean,0.4,3,3,0.18138986825942993,0.062426384538412094,0.07432273030281067,0.07432273030281067
annotated,VEO3,27f3fabd-b8eb-54d6-bdfd-0f65b217ec4b.mp4,patch_only,,0.1,0.9,same_grid_second_order,,,,,bottomk_mean,0.4,3,3,0.23380447924137115,0.010011778213083744,0.03239104896783829,0.03239104896783829
annotated,VEO3,2803b7b5-b897-5130-aed2-6de171b0998f.mp4,patch_only,,0.1,0.9,same_grid_second_order,,,,,bottomk_mean,0.4,3,3,0.01472320407629013,0.038869258016347885,0.03645465150475502,0.03645465150475502
annotated,VEO3,281981e7-f310-5cf7-a905-0b2c0c905d8b.mp4,patch_only,,0.1,0.9,same_grid_second_order,,,,,bottomk_mean,0.4,3,3,0.002944640815258026,0.020612485706806183,0.018845701590180397,0.018845701590180397
annotated,VEO3,281b91fd-b232-5700-97b7-0354163c11dd.mp4,patch_only,,0.1,0.9,same_grid_second_order,,,,,bottomk_mean,0.4,3,3,0.0,0.0005889281746931374,0.0005300353514030576,0.0005300353514030576
annotated,VEO3,2893c925-3212-57b8-9982-43c8a4612f8a.mp4,patch_only,,0.1,0.9,same_grid_second_order,,,,,bottomk_mean,0.4,3,3,0.21554769575595856,0.08951707929372787,0.10212013870477676,0.10212013870477676
annotated,VEO3,28946aaf-a287-5d70-ad93-130c2948a70e.mp4,patch_only,,0.1,0.9,same_grid_second_order,,,,,bottomk_mean,0.4,3,3,0.04593639448285103,0.03474676236510277,0.035865724086761475,0.035865724086761475
annotated,VEO3,2896dc69-f2e6-56d0-aac2-347f1df3a04d.mp4,patch_only,,0.1,0.9,same_grid_second_order,,,,,bottomk_mean,0.4,3,3,0.0806831568479538,0.0,0.00806831568479538,0.00806831568479538
annotated,VEO3,28ae8ee4-fa65-5f4a-8135-a2a96bfaeb80.mp4,patch_only,,0.1,0.9,same_grid_second_order,,,,,bottomk_mean,0.4,3,3,0.349234402179718,0.011189634911715984,0.044994112104177475,0.044994112104177475
annotated,VEO3,28c3f0f4-d16c-5772-a591-6647a79aae85.mp4,patch_only,,0.1,0.9,same_grid_second_order,,,,,bottomk_mean,0.4,3,3,0.19729092717170715,0.008833922445774078,0.027679622173309326,0.027679622173309326
annotated,VEO3,28cd0d65-b9b6-5cb9-bab9-04af14599b31.mp4,patch_only,,0.1,0.9,same_grid_second_order,,,,,bottomk_mean,0.4,3,3,0.6266195774078369,0.06301531195640564,0.11937573552131653,0.11937573552131653
annotated,VEO3,28dc58db-ee31-580d-b784-d4cb0c05af7b.mp4,patch_only,,0.1,0.9,same_grid_second_order,,,,,bottomk_mean,0.4,3,3,0.002944640815258026,0.018256772309541702,0.016725558787584305,0.016725558787584305
annotated,VEO3,290ba2c5-2645-557b-9943-0628efbf5b26.mp4,patch_only,,0.1,0.9,same_grid_second_order,,,,,bottomk_mean,0.4,3,3,0.0005889281746931374,0.0011778563493862748,0.001118963467888534,0.001118963467888534
annotated,VEO3,29133eee-59e9-5af3-8a58-571446cdb485.mp4,patch_only,,0.1,0.9,same_grid_second_order,,,,,bottomk_mean,0.4,3,3,0.07302708923816681,0.03239104896783829,0.03645465150475502,0.03645465150475502
annotated,VEO3,29263740-48c1-58cb-bc4f-c4476f896a12.mp4,patch_only,,0.1,0.9,same_grid_second_order,,,,,bottomk_mean,0.4,3,3,0.2396937608718872,0.02473498322069645,0.04623086005449295,0.04623086005449295
annotated,VEO3,29281fa3-064e-50a2-b086-8d7ca669e051.mp4,patch_only,,0.1,0.9,same_grid_second_order,,,,,bottomk_mean,0.4,3,3,0.04240282624959946,0.0,0.004240282811224461,0.004240282811224461
annotated,VEO3,29282f90-f8ff-5b30-898c-65e3cab837dc.mp4,patch_only,,0.1,0.9,same_grid_second_order,,,,,bottomk_mean,0.4,3,3,0.24028268456459045,0.02473498322069645,0.046289753168821335,0.046289753168821335
annotated,VEO3,296f632f-09df-5540-9ca2-6cc268bc1af4.mp4,patch_only,,0.1,0.9,same_grid_second_order,,,,,bottomk_mean,0.4,3,3,0.002944640815258026,0.008833922445774078,0.008244994096457958,0.008244994096457958
annotated,VEO3,298c0c72-4e5a-5bd2-ba70-27edafcec43e.mp4,patch_only,,0.1,0.9,same_grid_second_order,,,,,bottomk_mean,0.4,3,3,0.002944640815258026,0.009422850795090199,0.008775029331445694,0.008775029331445694
annotated,VEO3,29968f04-3e8f-5dd1-a7f5-3fad6a0c20a8.mp4,patch_only,,0.1,0.9,same_grid_second_order,,,,,bottomk_mean,0.4,3,3,0.2850412130355835,0.04711425304412842,0.07090695202350616,0.07090695202350616
annotated,VEO3,299a97c8-8c0c-5a58-a52a-18c137fe0fd3.mp4,patch_only,,0.1,0.9,same_grid_second_order,,,,,bottomk_mean,0.4,3,3,0.0005889281746931374,0.01295641902834177,0.01171967014670372,0.01171967014670372
annotated,VEO3,29a000cc-c1a8-555b-919f-adb0fd3dc9e3.mp4,patch_only,,0.1,0.9,same_grid_second_order,,,,,bottomk_mean,0.4,3,3,0.002944640815258026,0.030035335570573807,0.02732626534998417,0.02732626534998417
annotated,VEO3,2a1cd811-4c31-5a8c-93d1-4d1005afb3ec.mp4,patch_only,,0.1,0.9,same_grid_second_order,,,,,bottomk_mean,0.4,3,3,0.017078915610909462,0.002944640815258026,0.004358068108558655,0.004358068108558655
annotated,VEO3,2abb5777-f955-543c-830b-7a9e104c1bf9.mp4,patch_only,,0.1,0.9,same_grid_second_order,,,,,bottomk_mean,0.4,3,3,0.0,0.011778563261032104,0.010600706562399864,0.010600706562399864
annotated,VEO3,2abd8708-098b-55b4-9cf5-65a12db59013.mp4,patch_only,,0.1,0.9,same_grid_second_order,,,,,bottomk_mean,0.4,3,3,0.0,0.02237926982343197,0.020141342654824257,0.020141342654824257
annotated,VEO3,2ac1915d-bb87-503a-b2f9-7b316d5a2017.mp4,patch_only,,0.1,0.9,same_grid_second_order,,,,,bottomk_mean,0.4,3,3,0.39634865522384644,0.037691403180360794,0.07355712354183197,0.07355712354183197
annotated,VEO3,2acd8dc2-66e9-5fe5-ad9c-1145a6cf6fdc.mp4,patch_only,,0.1,0.9,same_grid_second_order,,,,,bottomk_mean,0.4,3,3,0.372202605009079,0.08951707929372787,0.11778563261032104,0.11778563261032104
annotated,VEO3,2ad36656-31e4-5940-802a-ae0c57eb9d15.mp4,patch_only,,0.1,0.9,same_grid_second_order,,,,,bottomk_mean,0.4,3,3,0.0,0.009422850795090199,0.008480565622448921,0.008480565622448921
annotated,VEO3,2ae18341-cbc8-5e51-bee0-fb8beb4f6408.mp4,patch_only,,0.1,0.9,same_grid_second_order,,,,,bottomk_mean,0.4,3,3,0.4140164852142334,0.12485276907682419,0.1537691354751587,0.1537691354751587
annotated,VEO3,2ae68ca7-6022-589a-9e02-792f3c2a86ce.mp4,patch_only,,0.1,0.9,same_grid_second_order,,,,,bottomk_mean,0.4,3,3,0.02120141312479973,0.0005889281746931374,0.002650176640599966,0.002650176640599966
annotated,VEO3,2b0c315d-8b2a-52ac-8fbb-2d422db5e5fc.mp4,patch_only,,0.1,0.9,same_grid_second_order,,,,,bottomk_mean,0.4,3,3,0.16195523738861084,0.04240282624959946,0.054358068853616714,0.054358068853616714
annotated,VEO3,2b0e1305-25c6-5034-bf48-c1781cb5cc7b.mp4,patch_only,,0.1,0.9,same_grid_second_order,,,,,bottomk_mean,0.4,3,3,0.01472320407629013,0.002944640815258026,0.004122497048228979,0.004122497048228979
annotated,VEO3,2b2bede8-d0e6-53f4-ae1e-42c05600bada.mp4,patch_only,,0.1,0.9,same_grid_second_order,,,,,bottomk_mean,0.4,3,3,0.0806831568479538,0.0035335689317435026,0.011248528026044369,0.011248528026044369
annotated,VEO3,2b3ec858-fc48-529c-8783-fdce7e760eb5.mp4,patch_only,,0.1,0.9,same_grid_second_order,,,,,bottomk_mean,0.4,3,3,0.0017667844658717513,0.008833922445774078,0.008127208799123764,0.008127208799123764
annotated,VEO3,2b7fc33b-c6f6-5444-9a0b-e175149dba66.mp4,patch_only,,0.1,0.9,same_grid_second_order,,,,,bottomk_mean,0.4,3,3,0.14487633109092712,0.004711425397545099,0.018727915361523628,0.018727915361523628
annotated,VEO3,2b80a552-6d73-5471-b150-fbcf85dd2083.mp4,patch_only,,0.1,0.9,same_grid_second_order,,,,,bottomk_mean,0.4,3,3,0.4204947054386139,0.017078915610909462,0.05742049589753151,0.05742049589753151
annotated,VEO3,2b9e4abd-524c-5cbd-ab64-55e2b9fe63d8.mp4,patch_only,,0.1,0.9,same_grid_second_order,,,,,bottomk_mean,0.4,3,3,0.005889281630516052,0.017667844891548157,0.016489988192915916,0.016489988192915916
annotated,VEO3,2bc23ae4-7a7a-5421-a8a4-58c1f9116421.mp4,patch_only,,0.1,0.9,same_grid_second_order,,,,,bottomk_mean,0.4,3,3,0.29505300521850586,0.6118963360786438,0.5802119970321655,0.5802119970321655
annotated,VEO3,2bf44529-8f13-5098-a529-aaabb3855dd6.mp4,patch_only,,0.1,0.9,same_grid_second_order,,,,,bottomk_mean,0.4,3,3,0.15017667412757874,0.11955241113901138,0.12261483818292618,0.12261483818292618
annotated,VEO3,2d3e053c-cf5f-592d-93b0-9ee2198116d8.mp4,patch_only,,0.1,0.9,same_grid_second_order,,,,,bottomk_mean,0.4,3,3,0.002944640815258026,0.0035335689317435026,0.003474676050245762,0.003474676050245762
annotated,VEO3,2d4be926-cf91-5f72-9ffc-1e78e5bfecf0.mp4,patch_only,,0.1,0.9,same_grid_second_order,,,,,bottomk_mean,0.4,3,3,0.0806831568479538,0.07891637086868286,0.07909305393695831,0.07909305393695831
annotated,VEO3,2d4ea9cd-a7d8-530f-bc44-9483f4177b4d.mp4,patch_only,,0.1,0.9,same_grid_second_order,,,,,bottomk_mean,0.4,3,3,0.015312131494283676,0.011189634911715984,0.011601884849369526,0.011601884849369526
annotated,VEO3,2d546c47-9bea-5000-b5e8-9eee7a102385.mp4,patch_only,,0.1,0.9,same_grid_second_order,,,,,bottomk_mean,0.4,3,3,0.12544170022010803,0.009422850795090199,0.021024735644459724,0.021024735644459724
annotated,VEO3,2d59dd0f-4543-5432-81ec-bfe1fa10a018.mp4,patch_only,,0.1,0.9,same_grid_second_order,,,,,bottomk_mean,0.4,3,3,0.2997644245624542,0.02237926982343197,0.05011778697371483,0.05011778697371483
annotated,VEO3,2d94aea2-531d-5e68-b589-17ad844c2376.mp4,patch_only,,0.1,0.9,same_grid_second_order,,,,,bottomk_mean,0.4,3,3,0.002944640815258026,0.005300353281199932,0.005064782220870256,0.005064782220870256
annotated,VEO3,2db835e8-3ab4-5d8c-a0a5-79e8e840c109.mp4,patch_only,,0.1,0.9,same_grid_second_order,,,,,bottomk_mean,0.4,3,3,0.5123674869537354,0.16254417598247528,0.1975264996290207,0.1975264996290207
annotated,VEO3,2dc620b3-f401-5176-b89e-0024f50214c9.mp4,patch_only,,0.1,0.9,same_grid_second_order,,,,,bottomk_mean,0.4,3,3,0.009422850795090199,0.0035335689317435026,0.004122497048228979,0.004122497048228979
annotated,VEO3,2dc7de6e-f25d-59df-8a61-b64d62eec1b8.mp4,patch_only,,0.1,0.9,same_grid_second_order,,,,,bottomk_mean,0.4,3,3,0.09658421576023102,0.06360424309968948,0.06690223515033722,0.06690223515033722
annotated,VEO3,2dcbb394-4739-5ca4-be46-2c134f1a2790.mp4,patch_only,,0.1,0.9,same_grid_second_order,,,,,bottomk_mean,0.4,3,3,0.04711425304412842,0.0035335689317435026,0.007891637273132801,0.007891637273132801
annotated,VEO3,2dd5ac14-0e5e-52cb-8c8f-ae4a81f86be6.mp4,patch_only,,0.1,0.9,same_grid_second_order,,,,,bottomk_mean,0.4,3,3,0.2567726671695709,0.05182567611336708,0.0723203793168068,0.0723203793168068
annotated,VEO3,2e092618-feb9-54da-84bf-c813b713bc36.mp4,patch_only,,0.1,0.9,same_grid_second_order,,,,,bottomk_mean,0.4,3,3,0.3333333432674408,0.07067137956619263,0.09693757444620132,0.09693757444620132
annotated,VEO3,2e32e3a6-1dba-5465-931b-1f86a4d6b54e.mp4,patch_only,,0.1,0.9,same_grid_second_order,,,,,bottomk_mean,0.4,3,3,0.30035334825515747,0.01295641902834177,0.04169611260294914,0.04169611260294914
annotated,VEO3,2e3b1cac-23f9-5f1b-a0b7-79ce19682ede.mp4,patch_only,,0.1,0.9,same_grid_second_order,,,,,bottomk_mean,0.4,3,3,0.0005889281746931374,0.0023557126987725496,0.0021790340542793274,0.0021790340542793274
annotated,VEO3,2e3dd479-5547-52f3-89c5-1cc7548a2667.mp4,patch_only,,0.1,0.9,same_grid_second_order,,,,,bottomk_mean,0.4,3,3,0.10011778771877289,0.0035335689317435026,0.013191990554332733,0.013191990554332733
annotated,VEO3,2e82b74e-858c-583c-8dd6-a3be0a442f07.mp4,patch_only,,0.1,0.9,same_grid_second_order,,,,,bottomk_mean,0.4,3,3,0.0005889281746931374,0.036513544619083405,0.03292108327150345,0.03292108327150345
annotated,VEO3,2e8c3bc7-7baa-557f-a1c2-ae2f65c4b446.mp4,patch_only,,0.1,0.9,same_grid_second_order,,,,,bottomk_mean,0.4,3,3,0.5394582152366638,0.18197879195213318,0.21772673726081848,0.21772673726081848
annotated,VEO3,2e9537c0-05a3-5e81-a5b0-811c8b97c6a0.mp4,patch_only,,0.1,0.9,same_grid_second_order,,,,,bottomk_mean,0.4,3,3,0.23203769326210022,0.028857478871941566,0.04917550086975098,0.04917550086975098
annotated,VEO3,2eabc558-fef1-59cd-b933-818029058ebf.mp4,patch_only,,0.1,0.9,same_grid_second_order,,,,,bottomk_mean,0.4,3,3,0.01472320407629013,0.01295641902834177,0.013133097440004349,0.013133097440004349
annotated,VEO3,2ec48443-271e-58a7-a110-d26c5e3affec.mp4,patch_only,,0.1,0.9,same_grid_second_order,,,,,bottomk_mean,0.4,3,3,0.4646643102169037,0.1590106040239334,0.18957597017288208,0.18957597017288208
annotated,VEO3,2eca8773-bde5-5c3e-80b2-14622f34d23e.mp4,patch_only,,0.1,0.9,same_grid_second_order,,,,,bottomk_mean,0.4,3,3,0.5206124782562256,0.18433451652526855,0.21796230971813202,0.21796230971813202
annotated,VEO3,2f62414f-11cf-5f16-823a-5fe6cc420492.mp4,patch_only,,0.1,0.9,same_grid_second_order,,,,,bottomk_mean,0.4,3,3,0.6819788217544556,0.038869258016347885,0.10318021476268768,0.10318021476268768
annotated,VEO3,2f64a2d6-6771-5563-b3d8-a204dac9be6c.mp4,patch_only,,0.1,0.9,same_grid_second_order,,,,,bottomk_mean,0.4,3,3,0.0005889281746931374,0.004711425397545099,0.004299175459891558,0.004299175459891558
annotated,VEO3,2f6e8ca1-84ff-5020-88cb-e115b80cc661.mp4,patch_only,,0.1,0.9,same_grid_second_order,,,,,bottomk_mean,0.4,3,3,0.13780918717384338,0.0023557126987725496,0.01590106077492237,0.01590106077492237
annotated,VEO3,2fa6ac0c-0dd6-52f8-824f-7eba736f062a.mp4,patch_only,,0.1,0.9,same_grid_second_order,,,,,bottomk_mean,0.4,3,3,0.030035335570573807,0.0005889281746931374,0.0035335689317435026,0.0035335689317435026
annotated,VEO3,2faf42af-9488-580b-83b3-a8d1b020b23d.mp4,patch_only,,0.1,0.9,same_grid_second_order,,,,,bottomk_mean,0.4,3,3,0.0924617201089859,0.043580684810876846,0.04846878722310066,0.04846878722310066
annotated,VEO3,2ffbf069-7057-57d2-aac8-cd2493f9e549.mp4,patch_only,,0.1,0.9,same_grid_second_order,,,,,bottomk_mean,0.4,3,3,0.2473498284816742,0.02120141312479973,0.043816253542900085,0.043816253542900085
annotated,VEO3,30166aeb-d812-5d88-8187-6914dd18664f.mp4,patch_only,,0.1,0.9,same_grid_second_order,,,,,bottomk_mean,0.4,3,3,0.515312135219574,0.17785629630088806,0.2116018831729889,0.2116018831729889
annotated,VEO3,30839fab-443c-5abc-ad13-95c0277a5978.mp4,patch_only,,0.1,0.9,same_grid_second_order,,,,,bottomk_mean,0.4,3,3,0.006478209514170885,0.0005889281746931374,0.0011778563493862748,0.0011778563493862748
annotated,VEO3,30904bc3-a47e-5d60-8001-ac02e217830f.mp4,patch_only,,0.1,0.9,same_grid_second_order,,,,,bottomk_mean,0.4,3,3,0.45877504348754883,0.062426384538412094,0.10206124931573868,0.10206124931573868
annotated,VEO3,30916364-cf46-5995-968e-6c4878b67e52.mp4,patch_only,,0.1,0.9,same_grid_second_order,,,,,bottomk_mean,0.4,3,3,0.21967020630836487,0.2591283917427063,0.25518256425857544,0.25518256425857544
annotated,VEO3,3096cf20-cd88-5b4d-bea6-61746776ff67.mp4,patch_only,,0.1,0.9,same_grid_second_order,,,,,bottomk_mean,0.4,3,3,0.6572437882423401,0.5082449913024902,0.5231449007987976,0.5231449007987976
annotated,VEO3,309f6373-34f7-5316-842d-f235b38cc475.mp4,patch_only,,0.1,0.9,same_grid_second_order,,,,,bottomk_mean,0.4,3,3,0.0,0.0,0.0,0.0
annotated,VEO3,310c026f-b275-5151-8ccc-ecb4310cdfac.mp4,patch_only,,0.1,0.9,same_grid_second_order,,,,,bottomk_mean,0.4,3,3,0.18080094456672668,0.0023557126987725496,0.02020023576915264,0.02020023576915264
annotated,VEO3,31447147-a3c3-5957-974c-536146657116.mp4,patch_only,,0.1,0.9,same_grid_second_order,,,,,bottomk_mean,0.4,3,3,0.14428739249706268,0.017078915610909462,0.02979976497590542,0.02979976497590542
annotated,VEO3,319213d0-12dc-50ff-b926-fa4f9ed610c6.mp4,patch_only,,0.1,0.9,same_grid_second_order,,,,,bottomk_mean,0.4,3,3,0.002944640815258026,0.06065959855914116,0.054888103157281876,0.054888103157281876
annotated,VEO3,3199f3e0-902a-5d87-99bd-ef7be60af6c0.mp4,patch_only,,0.1,0.9,same_grid_second_order,,,,,bottomk_mean,0.4,3,3,0.0,0.0005889281746931374,0.0005300353514030576,0.0005300353514030576
annotated,VEO3,31dc3556-ea23-5f40-8cbd-e630921a1939.mp4,patch_only,,0.1,0.9,same_grid_second_order,,,,,bottomk_mean,0.4,3,3,0.05064782127737999,0.038869258016347885,0.040047112852334976,0.040047112852334976
annotated,VEO3,31e2d34e-ebbc-5775-b4e3-5f4602b156d9.mp4,patch_only,,0.1,0.9,same_grid_second_order,,,,,bottomk_mean,0.4,3,3,0.02120141312479973,0.0005889281746931374,0.002650176640599966,0.002650176640599966
annotated,VEO3,31f40288-a373-5e7b-b4b3-3120331a549c.mp4,patch_only,,0.1,0.9,same_grid_second_order,,,,,bottomk_mean,0.4,3,3,0.03945818543434143,0.017667844891548157,0.019846878945827484,0.019846878945827484
annotated,VEO3,3267d3cf-bd21-54cc-8975-5c6dd4c5aad8.mp4,patch_only,,0.1,0.9,same_grid_second_order,,,,,bottomk_mean,0.4,3,3,0.24263839423656464,0.04240282624959946,0.062426384538412094,0.062426384538412094
annotated,VEO3,3276ae42-4d4f-5319-94ec-b1ec381729cd.mp4,patch_only,,0.1,0.9,same_grid_second_order,,,,,bottomk_mean,0.4,3,3,0.0,0.0005889281746931374,0.0005300353514030576,0.0005300353514030576
annotated,VEO3,327ac06b-6561-5516-805f-1d094301a942.mp4,patch_only,,0.1,0.9,same_grid_second_order,,,,,bottomk_mean,0.4,3,3,0.291519433259964,0.09717314690351486,0.11660777032375336,0.11660777032375336
annotated,VEO3,32c34f36-65d5-5296-bb2e-b2a2029c9431.mp4,patch_only,,0.1,0.9,same_grid_second_order,,,,,bottomk_mean,0.4,3,3,0.004122497048228979,0.002944640815258026,0.003062426345422864,0.003062426345422864
annotated,VEO3,33553aa0-0ded-581c-be64-a52001213cb1.mp4,patch_only,,0.1,0.9,same_grid_second_order,,,,,bottomk_mean,0.4,3,3,0.018845701590180397,0.0005889281746931374,0.0024146053474396467,0.0024146053474396467
annotated,VEO3,335e687c-ddf5-55f9-8e91-1cf80322aeac.mp4,patch_only,,0.1,0.9,same_grid_second_order,,,,,bottomk_mean,0.4,3,3,0.050058893859386444,0.47879859805107117,0.43592461943626404,0.43592461943626404
annotated,VEO3,337a8cbd-e5b4-588a-8de6-c323896d12b4.mp4,patch_only,,0.1,0.9,same_grid_second_order,,,,,bottomk_mean,0.4,3,3,0.10129564255475998,0.04475853964686394,0.05041224882006645,0.05041224882006645
annotated,VEO3,339cf2f7-6310-5984-b134-48f5690e5554.mp4,patch_only,,0.1,0.9,same_grid_second_order,,,,,bottomk_mean,0.4,3,3,0.02591283805668354,0.004122497048228979,0.0063015311025083065,0.0063015311025083065
annotated,VEO3,33a128d4-afcf-55f5-ab5a-58674c923412.mp4,patch_only,,0.1,0.9,same_grid_second_order,,,,,bottomk_mean,0.4,3,3,0.44346290826797485,0.08951707929372787,0.12491165846586227,0.12491165846586227
annotated,VEO3,33f65f0f-da58-5603-8d82-cb298b08064d.mp4,patch_only,,0.1,0.9,same_grid_second_order,,,,,bottomk_mean,0.4,3,3,0.03945818543434143,0.0005889281746931374,0.004475853871554136,0.004475853871554136
annotated,VEO3,341d2a27-7f69-5f90-97ce-079df1d31d10.mp4,patch_only,,0.1,0.9,same_grid_second_order,,,,,bottomk_mean,0.4,3,3,0.004122497048228979,0.011189634911715984,0.01048292126506567,0.01048292126506567
annotated,VEO3,34420b89-8c35-560b-b4ca-8c3fd7c5e9fd.mp4,patch_only,,0.1,0.9,same_grid_second_order,,,,,bottomk_mean,0.4,3,3,0.12720848619937897,0.0017667844658717513,0.014310954138636589,0.014310954138636589
annotated,VEO3,34976313-a42b-54c1-a63c-ef597dd00afa.mp4,patch_only,,0.1,0.9,same_grid_second_order,,,,,bottomk_mean,0.4,3,3,0.20906949043273926,0.010011778213083744,0.029917549341917038,0.029917549341917038
annotated,VEO3,349adbe2-4eaf-5191-905a-dd164b629714.mp4,patch_only,,0.1,0.9,same_grid_second_order,,,,,bottomk_mean,0.4,3,3,0.0494699664413929,0.0005889281746931374,0.005477031692862511,0.005477031692862511
annotated,VEO3,34cc20ca-155a-500f-93cf-c312e643255c.mp4,patch_only,,0.1,0.9,same_grid_second_order,,,,,bottomk_mean,0.4,3,3,0.09187278896570206,0.01295641902834177,0.02084805630147457,0.02084805630147457
annotated,VEO3,34cfa861-b728-53cb-a082-7d3108cfd894.mp4,patch_only,,0.1,0.9,same_grid_second_order,,,,,bottomk_mean,0.4,3,3,0.012367491610348225,0.010600706562399864,0.010777384974062443,0.010777384974062443
annotated,VEO3,358aa30f-48c7-5f18-8f33-23610df9fc3f.mp4,patch_only,,0.1,0.9,same_grid_second_order,,,,,bottomk_mean,0.4,3,3,0.0017667844658717513,0.0005889281746931374,0.0007067137630656362,0.0007067137630656362
annotated,VEO3,35b398c7-c1db-5293-a0e6-93574e29f1c6.mp4,patch_only,,0.1,0.9,same_grid_second_order,,,,,bottomk_mean,0.4,3,3,0.6401649117469788,0.47820964455604553,0.49440518021583557,0.49440518021583557
annotated,VEO3,35f103ff-0af7-575f-b08c-98ad67a75e67.mp4,patch_only,,0.1,0.9,same_grid_second_order,,,,,bottomk_mean,0.4,3,3,0.34805652499198914,0.020023556426167488,0.05282685533165932,0.05282685533165932
annotated,VEO3,35f79e50-a91d-5edf-ad0b-509a4f95243f.mp4,patch_only,,0.1,0.9,same_grid_second_order,,,,,bottomk_mean,0.4,3,3,0.2709069550037384,0.16843345761299133,0.17868080735206604,0.17868080735206604
annotated,VEO3,3665cc33-db98-55db-966d-af26e24d1acc.mp4,patch_only,,0.1,0.9,same_grid_second_order,,,,,bottomk_mean,0.4,3,3,0.027679622173309326,0.011189634911715984,0.012838633731007576,0.012838633731007576
annotated,VEO3,3666bb35-a156-5baf-9c8f-ceaa573e47af.mp4,patch_only,,0.1,0.9,same_grid_second_order,,,,,bottomk_mean,0.4,3,3,0.0,0.0035335689317435026,0.0031802121084183455,0.0031802121084183455
annotated,VEO3,366edb75-ec5b-5b34-81cd-73cf8ac53641.mp4,patch_only,,0.1,0.9,same_grid_second_order,,,,,bottomk_mean,0.4,3,3,0.06654888391494751,0.1171967014670372,0.11213192343711853,0.11213192343711853
annotated,VEO3,36bc5059-8b4f-514e-9249-cffd6c281f4a.mp4,patch_only,,0.1,0.9,same_grid_second_order,,,,,bottomk_mean,0.4,3,3,0.022968197241425514,0.010011778213083744,0.011307420209050179,0.011307420209050179
annotated,VEO3,36dbb225-f842-5eef-adb7-aad108a0c5c4.mp4,patch_only,,0.1,0.9,same_grid_second_order,,,,,bottomk_mean,0.4,3,3,0.30035334825515747,0.2850412130355835,0.2865724265575409,0.2865724265575409
annotated,VEO3,36ee4e28-8b72-5b1c-a46d-a51942985529.mp4,patch_only,,0.1,0.9,same_grid_second_order,,,,,bottomk_mean,0.4,3,3,0.0,0.0023557126987725496,0.0021201414056122303,0.0021201414056122303
annotated,VEO3,36f0ceb2-e27b-50ae-8d4d-827a1d8cff33.mp4,patch_only,,0.1,0.9,same_grid_second_order,,,,,bottomk_mean,0.4,3,3,0.3174322843551636,0.16431094706058502,0.179623082280159,0.179623082280159
annotated,VEO3,370df03c-94f4-5b33-85f0-7ef0dfd75291.mp4,patch_only,,0.1,0.9,same_grid_second_order,,,,,bottomk_mean,0.4,3,3,0.12720848619937897,0.01295641902834177,0.024381624534726143,0.024381624534726143
annotated,VEO3,374cc2c0-8de8-5a30-bb35-7e21ca327071.mp4,patch_only,,0.1,0.9,same_grid_second_order,,,,,bottomk_mean,0.4,3,3,0.770906925201416,0.4540635943412781,0.48574793338775635,0.48574793338775635
annotated,VEO3,37521597-2ead-5546-b18c-ef3bdbe72bea.mp4,patch_only,,0.1,0.9,same_grid_second_order,,,,,bottomk_mean,0.4,3,3,0.19199058413505554,0.06301531195640564,0.07591284066438675,0.07591284066438675
annotated,VEO3,37c6ad3d-adfe-5fa8-b80c-901040b755b2.mp4,patch_only,,0.1,0.9,same_grid_second_order,,,,,bottomk_mean,0.4,3,3,0.047703180462121964,0.020612485706806183,0.02332155406475067,0.02332155406475067
annotated,VEO3,37f9715a-87f9-50d0-85ca-d3d1f03451ba.mp4,patch_only,,0.1,0.9,same_grid_second_order,,,,,bottomk_mean,0.4,3,3,0.10306242853403091,0.23733805119991302,0.22391048073768616,0.22391048073768616
annotated,VEO3,38736f34-47c5-522d-97a1-7aef6eed627a.mp4,patch_only,,0.1,0.9,same_grid_second_order,,,,,bottomk_mean,0.4,3,3,0.015312131494283676,0.005300353281199932,0.0063015311025083065,0.0063015311025083065
annotated,VEO3,38bff19a-60e1-5b88-9a8f-1b308a2cb5df.mp4,patch_only,,0.1,0.9,same_grid_second_order,,,,,bottomk_mean,0.4,3,3,0.018845701590180397,0.0005889281746931374,0.0024146053474396467,0.0024146053474396467
annotated,VEO3,38c68429-8f72-54b3-b219-2626714b8975.mp4,patch_only,,0.1,0.9,same_grid_second_order,,,,,bottomk_mean,0.4,3,3,0.12956419587135315,0.009422850795090199,0.021436985582113266,0.021436985582113266
annotated,VEO3,38cc2f33-4926-5886-a03d-32f950d3a467.mp4,patch_only,,0.1,0.9,same_grid_second_order,,,,,bottomk_mean,0.4,3,3,0.011778563261032104,0.002944640815258026,0.003828032873570919,0.003828032873570919
annotated,VEO3,39b19ed9-ad50-5f89-8b25-eda684181a8b.mp4,patch_only,,0.1,0.9,same_grid_second_order,,,,,bottomk_mean,0.4,3,3,0.062426384538412094,0.007656065747141838,0.013133097440004349,0.013133097440004349
annotated,VEO3,39bb1147-8876-5038-94a4-cdb5b8406962.mp4,patch_only,,0.1,0.9,same_grid_second_order,,,,,bottomk_mean,0.4,3,3,0.30035334825515747,0.06949352473020554,0.09257950633764267,0.09257950633764267
annotated,VEO3,39c729bc-a692-5c8d-b322-a1e5a4789677.mp4,patch_only,,0.1,0.9,same_grid_second_order,,,,,bottomk_mean,0.4,3,3,0.13898704946041107,0.11425206065177917,0.11672555655241013,0.11672555655241013
annotated,VEO3,39d555de-8f70-5ae5-8612-0f85ea4aea56.mp4,patch_only,,0.1,0.9,same_grid_second_order,,,,,bottomk_mean,0.4,3,3,0.31566548347473145,0.05712603032588959,0.08297997713088989,0.08297997713088989
annotated,VEO3,3a05a2c7-03d1-50e0-9321-c6001ef55aab.mp4,patch_only,,0.1,0.9,same_grid_second_order,,,,,bottomk_mean,0.4,3,3,0.12956419587135315,0.020612485706806183,0.03150765597820282,0.03150765597820282
annotated,VEO3,3a36d8d0-3ff9-5124-b1c6-9ec717e4b972.mp4,patch_only,,0.1,0.9,same_grid_second_order,,,,,bottomk_mean,0.4,3,3,0.3674911558628082,0.18433451652526855,0.20265017449855804,0.20265017449855804
annotated,VEO3,3a76b2c8-2d0e-58b8-84f5-b1340168bc39.mp4,patch_only,,0.1,0.9,same_grid_second_order,,,,,bottomk_mean,0.4,3,3,0.004122497048228979,0.018256772309541702,0.016843345016241074,0.016843345016241074
annotated,VEO3,3aac3b40-7b3e-5646-bff1-1aa8e457bfbb.mp4,patch_only,,0.1,0.9,same_grid_second_order,,,,,bottomk_mean,0.4,3,3,0.06595995277166367,0.007656065747141838,0.013486454263329506,0.013486454263329506
annotated,VEO3,3b7b5a33-0d48-552d-9b14-2d65f5f17559.mp4,patch_only,,0.1,0.9,same_grid_second_order,,,,,bottomk_mean,0.4,3,3,0.004122497048228979,0.0017667844658717513,0.002002355642616749,0.002002355642616749
annotated,VEO3,3bac398c-03e0-5480-8bdc-efff2b4fc313.mp4,patch_only,,0.1,0.9,same_grid_second_order,,,,,bottomk_mean,0.4,3,3,0.002944640815258026,0.002944640815258026,0.002944640815258026,0.002944640815258026
annotated,VEO3,3bc18726-25cb-58d1-b490-49a09e5a8ff5.mp4,patch_only,,0.1,0.9,same_grid_second_order,,,,,bottomk_mean,0.4,3,3,0.12131919711828232,0.08716136962175369,0.0905771479010582,0.0905771479010582
annotated,VEO3,3bc4ef6a-b0cb-5f6b-a256-63670f345f3c.mp4,patch_only,,0.1,0.9,same_grid_second_order,,,,,bottomk_mean,0.4,3,3,0.03592461720108986,0.02237926982343197,0.023733804002404213,0.023733804002404213
annotated,VEO3,3bc5a2fc-a02e-5b98-be63-71e6528db5bc.mp4,patch_only,,0.1,0.9,same_grid_second_order,,,,,bottomk_mean,0.4,3,3,0.5353356599807739,0.04829210788011551,0.09699646383523941,0.09699646383523941
annotated,VEO3,3c1f5970-10ca-5eec-81b2-3ee1e80236f6.mp4,patch_only,,0.1,0.9,same_grid_second_order,,,,,bottomk_mean,0.4,3,3,0.2979976534843445,0.010011778213083744,0.0388103649020195,0.0388103649020195
annotated,VEO3,3c4d0c22-b71d-5c69-8ca3-b74294c34b54.mp4,patch_only,,0.1,0.9,same_grid_second_order,,,,,bottomk_mean,0.4,3,3,0.29093050956726074,0.47585394978523254,0.4573616087436676,0.4573616087436676
annotated,VEO3,3c863a77-e3c9-55ae-8614-f6af7237253b.mp4,patch_only,,0.1,0.9,same_grid_second_order,,,,,bottomk_mean,0.4,3,3,0.005889281630516052,0.0035335689317435026,0.003769140224903822,0.003769140224903822
annotated,VEO3,3ca97429-36a3-527b-bd5e-66c32d209191.mp4,patch_only,,0.1,0.9,same_grid_second_order,,,,,bottomk_mean,0.4,3,3,0.44758540391921997,0.2526501715183258,0.272143691778183,0.272143691778183
annotated,VEO3,3cd221c7-07a7-56c3-9dc0-55ba574a8bcf.mp4,patch_only,,0.1,0.9,same_grid_second_order,,,,,bottomk_mean,0.4,3,3,0.01295641902834177,0.005300353281199932,0.006065960042178631,0.006065960042178631
annotated,VEO3,3cf0ac4d-d596-556d-aa1f-e1f826f75749.mp4,patch_only,,0.1,0.9,same_grid_second_order,,,,,bottomk_mean,0.4,3,3,0.12838633358478546,0.06595995277166367,0.07220259308815002,0.07220259308815002
annotated,VEO3,3d09d436-f82d-5354-bcac-e2c3d798f511.mp4,patch_only,,0.1,0.9,same_grid_second_order,,,,,bottomk_mean,0.4,3,3,0.02591283805668354,0.06301531195640564,0.059305064380168915,0.059305064380168915
annotated,VEO3,3d171507-b9ca-52f3-90bf-57804c10d1d0.mp4,patch_only,,0.1,0.9,same_grid_second_order,,,,,bottomk_mean,0.4,3,3,0.0023557126987725496,0.01295641902834177,0.011896348558366299,0.011896348558366299
annotated,VEO3,3d1af3d0-c854-5d23-ba67-1f0c5dc3aeba.mp4,patch_only,,0.1,0.9,same_grid_second_order,,,,,bottomk_mean,0.4,3,3,0.16607773303985596,0.11189635097980499,0.11731448769569397,0.11731448769569397
annotated,VEO3,3d57c2cc-b4d1-5441-982e-0c9b6199d17e.mp4,patch_only,,0.1,0.9,same_grid_second_order,,,,,bottomk_mean,0.4,3,3,0.10895171016454697,0.020612485706806183,0.02944640815258026,0.02944640815258026
annotated,VEO3,3dcbf69c-94e7-5803-b8cc-c2a13ddfa2db.mp4,patch_only,,0.1,0.9,same_grid_second_order,,,,,bottomk_mean,0.4,3,3,0.8757361769676208,0.32744404673576355,0.38227325677871704,0.38227325677871704
annotated,VEO3,3e163358-3eec-55b7-88de-16233ad4df85.mp4,patch_only,,0.1,0.9,same_grid_second_order,,,,,bottomk_mean,0.4,3,3,0.3421672582626343,0.017667844891548157,0.05011778697371483,0.05011778697371483
annotated,VEO3,3e393a96-4f66-5318-8dd6-e4e64061e7a5.mp4,patch_only,,0.1,0.9,same_grid_second_order,,,,,bottomk_mean,0.4,3,3,0.07832744717597961,0.02473498322069645,0.03009422868490219,0.03009422868490219
annotated,VEO3,3e87afd4-ac33-54c2-924c-60ca82cb38a4.mp4,patch_only,,0.1,0.9,same_grid_second_order,,,,,bottomk_mean,0.4,3,3,0.372202605009079,0.018845701590180397,0.05418138951063156,0.05418138951063156
annotated,VEO3,3e897f1e-3142-5c2c-a956-275a9a3e0908.mp4,patch_only,,0.1,0.9,same_grid_second_order,,,,,bottomk_mean,0.4,3,3,0.010600706562399864,0.011189634911715984,0.0111307417973876,0.0111307417973876
annotated,VEO3,3eb3f616-db44-59c3-a9b5-585a52737d39.mp4,patch_only,,0.1,0.9,same_grid_second_order,,,,,bottomk_mean,0.4,3,3,0.21554769575595856,0.027679622173309326,0.04646643251180649,0.04646643251180649
annotated,VEO3,3eb480a5-26c1-557d-8c43-5bacd87ab96c.mp4,patch_only,,0.1,0.9,same_grid_second_order,,,,,bottomk_mean,0.4,3,3,0.6254416704177856,0.01295641902834177,0.0742049440741539,0.0742049440741539
annotated,VEO3,3ed23989-fd4b-5d23-bbbe-8d965bd2c689.mp4,patch_only,,0.1,0.9,same_grid_second_order,,,,,bottomk_mean,0.4,3,3,0.050058893859386444,0.020023556426167488,0.0230270903557539,0.0230270903557539
annotated,VEO3,3efddc3d-9ed0-5a83-9916-fb3168447bed.mp4,patch_only,,0.1,0.9,same_grid_second_order,,,,,bottomk_mean,0.4,3,3,0.4711425304412842,0.34864547848701477,0.36089515686035156,0.36089515686035156
annotated,VEO3,3f24f16d-b7f3-5da7-9ba5-a02b7304e599.mp4,patch_only,,0.1,0.9,same_grid_second_order,,,,,bottomk_mean,0.4,3,3,0.13839811086654663,0.037691403180360794,0.04776207357645035,0.04776207357645035
annotated,VEO3,3f56ad96-17ab-59b7-bf17-3f6103b5dbff.mp4,patch_only,,0.1,0.9,same_grid_second_order,,,,,bottomk_mean,0.4,3,3,0.04534746706485748,0.017667844891548157,0.02043580636382103,0.02043580636382103
annotated,VEO3,3f659109-e913-5941-b0b3-e049006cf1c8.mp4,patch_only,,0.1,0.9,same_grid_second_order,,,,,bottomk_mean,0.4,3,3,0.0,0.0011778563493862748,0.0010600707028061152,0.0010600707028061152
annotated,VEO3,3f68a033-b97e-5536-b800-37bd65bea289.mp4,patch_only,,0.1,0.9,same_grid_second_order,,,,,bottomk_mean,0.4,3,3,0.15076561272144318,0.05653710290789604,0.06595995277166367,0.06595995277166367
annotated,VEO3,3f9f7d1a-995c-5d45-bfc3-d652e1e5f92e.mp4,patch_only,,0.1,0.9,same_grid_second_order,,,,,bottomk_mean,0.4,3,3,0.07832744717597961,0.02591283805668354,0.031154299154877663,0.031154299154877663
annotated,VEO3,3fb5404b-0f8f-570b-9428-f651d798ce40.mp4,patch_only,,0.1,0.9,same_grid_second_order,,,,,bottomk_mean,0.4,3,3,0.08539458364248276,0.0742049440741539,0.0753239095211029,0.0753239095211029
annotated,VEO3,3fc4f71c-97eb-58f5-b30e-24b4930922fa.mp4,patch_only,,0.1,0.9,same_grid_second_order,,,,,bottomk_mean,0.4,3,3,0.011778563261032104,0.017667844891548157,0.017078915610909462,0.017078915610909462
annotated,VEO3,3fce3a34-d041-5a0f-9c58-4efcfce0ce29.mp4,patch_only,,0.1,0.9,same_grid_second_order,,,,,bottomk_mean,0.4,3,3,0.3174322843551636,0.11778563261032104,0.1377502977848053,0.1377502977848053
annotated,VEO3,400ca3c8-b7d2-561f-90e1-fc4665149368.mp4,patch_only,,0.1,0.9,same_grid_second_order,,,,,bottomk_mean,0.4,3,3,0.6572437882423401,0.38457009196281433,0.41183745861053467,0.41183745861053467
annotated,VEO3,402e8fa2-4219-53d5-9600-61fc49e37463.mp4,patch_only,,0.1,0.9,same_grid_second_order,,,,,bottomk_mean,0.4,3,3,0.062426384538412094,0.009422850795090199,0.01472320407629013,0.01472320407629013
annotated,VEO3,40405e03-4897-51f5-89bf-0067a2d5f356.mp4,patch_only,,0.1,0.9,same_grid_second_order,,,,,bottomk_mean,0.4,3,3,0.04534746706485748,0.01295641902834177,0.016195524483919144,0.016195524483919144
annotated,VEO3,404c8384-65b1-5757-9639-7ee8faeff372.mp4,patch_only,,0.1,0.9,same_grid_second_order,,,,,bottomk_mean,0.4,3,3,0.0023557126987725496,0.0035335689317435026,0.003415783168748021,0.003415783168748021
annotated,VEO3,405daae0-87ee-52f8-a0bb-0dde8af61425.mp4,patch_only,,0.1,0.9,same_grid_second_order,,,,,bottomk_mean,0.4,3,3,0.11778563261032104,0.0035335689317435026,0.014958774670958519,0.014958774670958519
annotated,VEO3,40899610-6eb2-52ff-beaa-a7e7dbc5cbbb.mp4,patch_only,,0.1,0.9,same_grid_second_order,,,,,bottomk_mean,0.4,3,3,0.4723203778266907,0.42638397216796875,0.43097761273384094,0.43097761273384094
annotated,VEO3,4091e18e-d785-51b3-9431-9d6624a0f4a5.mp4,patch_only,,0.1,0.9,same_grid_second_order,,,,,bottomk_mean,0.4,3,3,0.021790342405438423,0.002944640815258026,0.0048292106948792934,0.0048292106948792934
annotated,VEO3,40e7163c-b5f9-5bcc-8a5e-f77a9ba1459e.mp4,patch_only,,0.1,0.9,same_grid_second_order,,,,,bottomk_mean,0.4,3,3,0.016489988192915916,0.0005889281746931374,0.0021790340542793274,0.0021790340542793274
annotated,VEO3,40ed0071-93e3-5fda-9095-326ce0b4dfc7.mp4,patch_only,,0.1,0.9,same_grid_second_order,,,,,bottomk_mean,0.4,3,3,0.5494699478149414,0.05653710290789604,0.10583038628101349,0.10583038628101349
annotated,VEO3,41739376-f027-528e-b854-26edaa2f154e.mp4,patch_only,,0.1,0.9,same_grid_second_order,,,,,bottomk_mean,0.4,3,3,0.15135453641414642,0.012367491610348225,0.026266194880008698,0.026266194880008698
annotated,VEO3,41adc91f-c7b0-5a68-894b-fb0d72a756a5.mp4,patch_only,,0.1,0.9,same_grid_second_order,,,,,bottomk_mean,0.4,3,3,0.19375735521316528,0.031213192269206047,0.047467608004808426,0.047467608004808426
annotated,VEO3,41bd18db-945a-55a1-9d59-c6c710ca0f83.mp4,patch_only,,0.1,0.9,same_grid_second_order,,,,,bottomk_mean,0.4,3,3,0.0017667844658717513,0.007067137863487005,0.0065371026284992695,0.0065371026284992695
annotated,VEO3,420094d0-4bc3-5c1f-8c90-008487fffa4d.mp4,patch_only,,0.1,0.9,same_grid_second_order,,,,,bottomk_mean,0.4,3,3,0.6348645687103271,0.2214369773864746,0.26277974247932434,0.26277974247932434
annotated,VEO3,4236f0df-05c7-505d-aa65-35b93b8e4b31.mp4,patch_only,,0.1,0.9,same_grid_second_order,,,,,bottomk_mean,0.4,3,3,0.31684333086013794,0.10895171016454697,0.1297408789396286,0.1297408789396286
annotated,VEO3,424a133e-dc09-5cd3-a743-1ad11f15557f.mp4,patch_only,,0.1,0.9,same_grid_second_order,,,,,bottomk_mean,0.4,3,3,0.002944640815258026,0.028857478871941566,0.026266194880008698,0.026266194880008698
annotated,VEO3,42699ded-7cd9-51b7-a2e7-9c7edfdf4810.mp4,patch_only,,0.1,0.9,same_grid_second_order,,,,,bottomk_mean,0.4,3,3,0.5353356599807739,0.025323910638689995,0.07632508873939514,0.07632508873939514
annotated,VEO3,426f91ce-8482-5f8f-8bdf-0ab3e845704d.mp4,patch_only,,0.1,0.9,same_grid_second_order,,,,,bottomk_mean,0.4,3,3,0.04534746706485748,0.021790342405438423,0.024146053940057755,0.024146053940057755
annotated,VEO3,4276d7ce-f3a4-54af-9ca6-c34e444ed2c8.mp4,patch_only,,0.1,0.9,same_grid_second_order,,,,,bottomk_mean,0.4,3,3,0.018845701590180397,0.0005889281746931374,0.0024146053474396467,0.0024146053474396467
annotated,VEO3,4283e250-ca0a-5541-8fe3-f838205f37c4.mp4,patch_only,,0.1,0.9,same_grid_second_order,,,,,bottomk_mean,0.4,3,3,0.12720848619937897,0.02237926982343197,0.032862190157175064,0.032862190157175064
annotated,VEO3,42a6716c-dec4-595d-a3ad-b21a5c740d18.mp4,patch_only,,0.1,0.9,same_grid_second_order,,,,,bottomk_mean,0.4,3,3,0.10011778771877289,0.043580684810876846,0.04923439398407936,0.04923439398407936
annotated,VEO3,42cde357-e97e-57c4-aa84-1153cb038c6d.mp4,patch_only,,0.1,0.9,same_grid_second_order,,,,,bottomk_mean,0.4,3,3,0.3674911558628082,0.1601884514093399,0.18091872334480286,0.18091872334480286
annotated,VEO3,42cfb21b-4c0a-5bcd-ace5-23e112f6c730.mp4,patch_only,,0.1,0.9,same_grid_second_order,,,,,bottomk_mean,0.4,3,3,0.01354534737765789,0.01295641902834177,0.013015312142670155,0.013015312142670155
annotated,VEO3,42e9000a-5737-5ae5-b6d2-0281bfc4b767.mp4,patch_only,,0.1,0.9,same_grid_second_order,,,,,bottomk_mean,0.4,3,3,0.42756184935569763,0.09069493412971497,0.12438162416219711,0.12438162416219711
annotated,VEO3,4324653e-6b3d-567c-992b-cf038987a9c2.mp4,patch_only,,0.1,0.9,same_grid_second_order,,,,,bottomk_mean,0.4,3,3,0.002944640815258026,0.0005889281746931374,0.0008244994096457958,0.0008244994096457958
annotated,VEO3,4328d703-a14a-580b-a1a5-fe4260f0b66e.mp4,patch_only,,0.1,0.9,same_grid_second_order,,,,,bottomk_mean,0.4,3,3,0.3032979965209961,0.12661954760551453,0.14428739249706268,0.14428739249706268
annotated,VEO3,43ea87df-5bb9-53b9-bb3d-aeeef9f076c5.mp4,patch_only,,0.1,0.9,same_grid_second_order,,,,,bottomk_mean,0.4,3,3,0.11542991548776627,0.020612485706806183,0.03009422868490219,0.03009422868490219
annotated,VEO3,43f9afd9-a2eb-567a-8202-c6b85f6f971f.mp4,patch_only,,0.1,0.9,same_grid_second_order,,,,,bottomk_mean,0.4,3,3,0.010600706562399864,0.01295641902834177,0.012720848433673382,0.012720848433673382
annotated,VEO3,444c0c4a-0e66-5941-bd84-d28c474240e8.mp4,patch_only,,0.1,0.9,same_grid_second_order,,,,,bottomk_mean,0.4,3,3,0.0005889281746931374,0.0005889281746931374,0.0005889281746931374,0.0005889281746931374
annotated,VEO3,44593172-f6a7-5b4f-a2f6-bdf04a2f59cb.mp4,patch_only,,0.1,0.9,same_grid_second_order,,,,,bottomk_mean,0.4,3,3,0.02120141312479973,0.0005889281746931374,0.002650176640599966,0.002650176640599966
annotated,VEO3,445b4882-ac71-5508-a011-06d0b8ffd8dd.mp4,patch_only,,0.1,0.9,same_grid_second_order,,,,,bottomk_mean,0.4,3,3,0.10482921451330185,0.011778563261032104,0.02108362689614296,0.02108362689614296
annotated,VEO3,446c7b76-db57-5616-a5da-8a84701fbcf8.mp4,patch_only,,0.1,0.9,same_grid_second_order,,,,,bottomk_mean,0.4,3,3,0.27915194630622864,0.018845701590180397,0.044876325875520706,0.044876325875520706
annotated,VEO3,446d9e8f-ae5e-5b3e-8f3e-7d0cb7859506.mp4,patch_only,,0.1,0.9,same_grid_second_order,,,,,bottomk_mean,0.4,3,3,0.002944640815258026,0.0005889281746931374,0.0008244994096457958,0.0008244994096457958
annotated,VEO3,446e962a-cce0-5690-9c7c-b640ee580e13.mp4,patch_only,,0.1,0.9,same_grid_second_order,,,,,bottomk_mean,0.4,3,3,0.008244994096457958,0.0005889281746931374,0.0013545347610488534,0.0013545347610488534
annotated,VEO3,449ae50c-d948-5fc0-8b36-679f9457a50c.mp4,patch_only,,0.1,0.9,same_grid_second_order,,,,,bottomk_mean,0.4,3,3,0.0,0.0005889281746931374,0.0005300353514030576,0.0005300353514030576
annotated,VEO3,44ac798f-76db-5bbd-bed6-8693f6774b30.mp4,patch_only,,0.1,0.9,same_grid_second_order,,,,,bottomk_mean,0.4,3,3,0.10482921451330185,0.011189634911715984,0.0205535925924778,0.0205535925924778
annotated,VEO3,44ad6e33-2b9c-5d52-9f24-4810384abf89.mp4,patch_only,,0.1,0.9,same_grid_second_order,,,,,bottomk_mean,0.4,3,3,0.2567726671695709,0.16902238130569458,0.17779740691184998,0.17779740691184998
annotated,VEO3,44e326bf-9060-5de8-864c-4289cbb63067.mp4,patch_only,,0.1,0.9,same_grid_second_order,,,,,bottomk_mean,0.4,3,3,0.010011778213083744,0.0023557126987725496,0.0031213192269206047,0.0031213192269206047
annotated,VEO3,44e9bc02-502f-5581-b1cf-a6f8d1a7caa5.mp4,patch_only,,0.1,0.9,same_grid_second_order,,,,,bottomk_mean,0.4,3,3,0.002944640815258026,0.011189634911715984,0.010365135036408901,0.010365135036408901
annotated,VEO3,451527ee-26e7-5da2-a4a9-d2a9c624431f.mp4,patch_only,,0.1,0.9,same_grid_second_order,,,,,bottomk_mean,0.4,3,3,0.04181389883160591,0.0005889281746931374,0.004711425397545099,0.004711425397545099
annotated,VEO3,45378602-e916-5d06-88bf-8f11b7a978a6.mp4,patch_only,,0.1,0.9,same_grid_second_order,,,,,bottomk_mean,0.4,3,3,0.030035335570573807,0.0017667844658717513,0.004593639634549618,0.004593639634549618
annotated,VEO3,4544bf4b-5773-5944-8549-6272cf1784c1.mp4,patch_only,,0.1,0.9,same_grid_second_order,,,,,bottomk_mean,0.4,3,3,0.3674911558628082,0.19729092717170715,0.21431095898151398,0.21431095898151398
annotated,VEO3,45451c1e-85cf-57fe-afe4-52fffc36f8bc.mp4,patch_only,,0.1,0.9,same_grid_second_order,,,,,bottomk_mean,0.4,3,3,0.01472320407629013,0.0035335689317435026,0.004652532283216715,0.004652532283216715
annotated,VEO3,4550f6ca-2058-5c8d-8a2c-84fc1d6ccf9e.mp4,patch_only,,0.1,0.9,same_grid_second_order,,,,,bottomk_mean,0.4,3,3,0.1666666716337204,0.2614840865135193,0.2520023584365845,0.2520023584365845
annotated,VEO3,4576e489-3b7c-5228-aca7-5726bfd534b7.mp4,patch_only,,0.1,0.9,same_grid_second_order,,,,,bottomk_mean,0.4,3,3,0.030035335570573807,0.004122497048228979,0.006713781040161848,0.006713781040161848
annotated,VEO3,457c920e-afa0-5f45-bd50-399594d29ebe.mp4,patch_only,,0.1,0.9,same_grid_second_order,,,,,bottomk_mean,0.4,3,3,0.5594817399978638,0.0742049440741539,0.12273262441158295,0.12273262441158295
annotated,VEO3,45b81871-9445-58c6-9a94-16312576c378.mp4,patch_only,,0.1,0.9,same_grid_second_order,,,,,bottomk_mean,0.4,3,3,0.2567726671695709,0.002944640815258026,0.028327444568276405,0.028327444568276405
annotated,VEO3,461b2ba8-48fe-5477-ad13-c1ce3e57eb59.mp4,patch_only,,0.1,0.9,same_grid_second_order,,,,,bottomk_mean,0.4,3,3,0.02355712652206421,0.0005889281746931374,0.0028857479337602854,0.0028857479337602854
annotated,VEO3,463f241e-f62d-5602-b481-24fdc4420e1f.mp4,patch_only,,0.1,0.9,same_grid_second_order,,,,,bottomk_mean,0.4,3,3,0.7479387521743774,0.1613663136959076,0.22002355754375458,0.22002355754375458
annotated,VEO3,467b5fdb-0be4-59e0-b7f6-4921beb60f2d.mp4,patch_only,,0.1,0.9,same_grid_second_order,,,,,bottomk_mean,0.4,3,3,0.06831566244363785,0.005300353281199932,0.011601884849369526,0.011601884849369526
annotated,VEO3,469332fc-383e-5570-9d14-b7c88c0e0107.mp4,patch_only,,0.1,0.9,same_grid_second_order,,,,,bottomk_mean,0.4,3,3,0.0,0.012367491610348225,0.0111307417973876,0.0111307417973876
annotated,VEO3,46fb802c-91ce-5d77-a6a9-d2d89a890ac0.mp4,patch_only,,0.1,0.9,same_grid_second_order,,,,,bottomk_mean,0.4,3,3,0.004122497048228979,0.0023557126987725496,0.002532391110435128,0.002532391110435128
annotated,VEO3,4704dade-8725-5bd2-9c81-0f073d5bd539.mp4,patch_only,,0.1,0.9,same_grid_second_order,,,,,bottomk_mean,0.4,3,3,0.062426384538412094,0.05182567611336708,0.0528857484459877,0.0528857484459877
annotated,VEO3,478e8c11-ea2c-5227-8383-d890ffe5d6a4.mp4,patch_only,,0.1,0.9,same_grid_second_order,,,,,bottomk_mean,0.4,3,3,0.027679622173309326,0.04181389883160591,0.04040047153830528,0.04040047153830528
annotated,VEO3,47945887-841d-5b63-b38e-cd5ab3714ce3.mp4,patch_only,,0.1,0.9,same_grid_second_order,,,,,bottomk_mean,0.4,3,3,0.0005889281746931374,0.004122497048228979,0.003769140224903822,0.003769140224903822
annotated,VEO3,47a89d29-e8b3-5169-bb5b-b8be2cd4bdb1.mp4,patch_only,,0.1,0.9,same_grid_second_order,,,,,bottomk_mean,0.4,3,3,0.020023556426167488,0.01590106077492237,0.016313308849930763,0.016313308849930763
annotated,VEO3,47b28840-e631-5f98-ac5e-fda90e9c16d6.mp4,patch_only,,0.1,0.9,same_grid_second_order,,,,,bottomk_mean,0.4,3,3,0.2343934029340744,0.09717314690351486,0.11089517176151276,0.11089517176151276
annotated,VEO3,47cdd8cb-c4f6-58ee-8b52-d21803fea04d.mp4,patch_only,,0.1,0.9,same_grid_second_order,,,,,bottomk_mean,0.4,3,3,0.09010601043701172,0.10011778771877289,0.09911660850048065,0.09911660850048065
annotated,VEO3,481275f0-26c5-5970-b0c9-ed104654c2eb.mp4,patch_only,,0.1,0.9,same_grid_second_order,,,,,bottomk_mean,0.4,3,3,0.17667844891548157,0.02473498322069645,0.039929330348968506,0.039929330348968506
annotated,VEO3,48151f5a-dc1d-51b0-a669-e8d266192e9c.mp4,patch_only,,0.1,0.9,same_grid_second_order,,,,,bottomk_mean,0.4,3,3,0.3191990554332733,0.43580684065818787,0.42414605617523193,0.42414605617523193
annotated,VEO3,485037e7-b7c8-5293-8279-911175068cfe.mp4,patch_only,,0.1,0.9,same_grid_second_order,,,,,bottomk_mean,0.4,3,3,0.008833922445774078,0.0005889281746931374,0.0014134275261312723,0.0014134275261312723
annotated,VEO3,485ed724-de14-53f3-986b-b4c6502753fa.mp4,patch_only,,0.1,0.9,same_grid_second_order,,,,,bottomk_mean,0.4,3,3,0.21142520010471344,0.062426384538412094,0.07732626795768738,0.07732626795768738
annotated,VEO3,48747a00-9fb7-5eed-bcfb-ddd650147f70.mp4,patch_only,,0.1,0.9,same_grid_second_order,,,,,bottomk_mean,0.4,3,3,0.36631330847740173,0.04416961222887039,0.07638397812843323,0.07638397812843323
annotated,VEO3,487e027e-3979-53ef-9c31-d1fd65a25472.mp4,patch_only,,0.1,0.9,same_grid_second_order,,,,,bottomk_mean,0.4,3,3,0.041224971413612366,0.031213192269206047,0.032214369624853134,0.032214369624853134
annotated,VEO3,488c8f21-f2c6-56c4-9c6a-3fe4143c8497.mp4,patch_only,,0.1,0.9,same_grid_second_order,,,,,bottomk_mean,0.4,3,3,0.2473498284816742,0.11778563261032104,0.13074204325675964,0.13074204325675964
annotated,VEO3,48bb3dd0-3be0-522a-bb04-cec30e48c327.mp4,patch_only,,0.1,0.9,same_grid_second_order,,,,,bottomk_mean,0.4,3,3,0.01295641902834177,0.0035335689317435026,0.004475853871554136,0.004475853871554136
annotated,VEO3,4939f019-3235-5188-883a-b5e33c0c8802.mp4,patch_only,,0.1,0.9,same_grid_second_order,,,,,bottomk_mean,0.4,3,3,0.0,0.0023557126987725496,0.0021201414056122303,0.0021201414056122303
annotated,VEO3,49777ee1-f029-51cf-b281-4c74f9481e74.mp4,patch_only,,0.1,0.9,same_grid_second_order,,,,,bottomk_mean,0.4,3,3,0.27267372608184814,0.017078915610909462,0.042638398706912994,0.042638398706912994
annotated,VEO3,49adcc49-96b2-5dd0-bf5c-f56d6794bb1e.mp4,patch_only,,0.1,0.9,same_grid_second_order,,,,,bottomk_mean,0.4,3,3,0.03828033059835434,0.08362779766321182,0.07909305393695831,0.07909305393695831
annotated,VEO3,49b162ed-7652-5f3d-8f80-dc0eb50e60e1.mp4,patch_only,,0.1,0.9,same_grid_second_order,,,,,bottomk_mean,0.4,3,3,0.11660777032375336,0.07184923440217972,0.07632508873939514,0.07632508873939514
annotated,VEO3,49c047e5-1100-5c6e-b6fd-83ac6b305488.mp4,patch_only,,0.1,0.9,same_grid_second_order,,,,,bottomk_mean,0.4,3,3,0.12131919711828232,0.011778563261032104,0.022732626646757126,0.022732626646757126
annotated,VEO3,49f869df-76fb-5622-9133-119e9ca1f1eb.mp4,patch_only,,0.1,0.9,same_grid_second_order,,,,,bottomk_mean,0.4,3,3,0.13074204325675964,0.06065959855914116,0.06766784191131592,0.06766784191131592
annotated,VEO3,4a33301f-6c24-56d5-a994-5d337d699efe.mp4,patch_only,,0.1,0.9,same_grid_second_order,,,,,bottomk_mean,0.4,3,3,0.20789164304733276,0.07184923440217972,0.08545347303152084,0.08545347303152084
annotated,VEO3,4a61eb28-fd6e-5c65-892d-8877359dddff.mp4,patch_only,,0.1,0.9,same_grid_second_order,,,,,bottomk_mean,0.4,3,3,0.0,0.0005889281746931374,0.0005300353514030576,0.0005300353514030576
annotated,VEO3,4a710454-220c-5623-8878-5c3ceb4e9459.mp4,patch_only,,0.1,0.9,same_grid_second_order,,,,,bottomk_mean,0.4,3,3,0.32096585631370544,0.006478209514170885,0.03792697191238403,0.03792697191238403
annotated,VEO3,4a7dc4d3-f87c-5944-b048-009743e3251c.mp4,patch_only,,0.1,0.9,same_grid_second_order,,,,,bottomk_mean,0.4,3,3,0.4204947054386139,0.07008244842290878,0.10512367635965347,0.10512367635965347
annotated,VEO3,4ab10afe-8bca-50f9-babe-4a1e71738469.mp4,patch_only,,0.1,0.9,same_grid_second_order,,,,,bottomk_mean,0.4,3,3,0.7391048073768616,0.14369846880435944,0.2032390981912613,0.2032390981912613
annotated,VEO3,4aeba744-3e93-55e0-9726-81f671448960.mp4,patch_only,,0.1,0.9,same_grid_second_order,,,,,bottomk_mean,0.4,3,3,0.11660777032375336,0.034157831221818924,0.04240282624959946,0.04240282624959946
annotated,VEO3,4b0443a0-f4f6-5139-b7f5-8bc11659abaf.mp4,patch_only,,0.1,0.9,same_grid_second_order,,,,,bottomk_mean,0.4,3,3,0.46525323390960693,0.4729093015193939,0.4721437096595764,0.4721437096595764
annotated,VEO3,4b3fba49-c069-5cf9-bf85-7f303dbb912e.mp4,patch_only,,0.1,0.9,same_grid_second_order,,,,,bottomk_mean,0.4,3,3,0.002944640815258026,0.011189634911715984,0.010365135036408901,0.010365135036408901
annotated,VEO3,4b4e2890-ec9a-52c8-8222-38eb835b77e2.mp4,patch_only,,0.1,0.9,same_grid_second_order,,,,,bottomk_mean,0.4,3,3,0.7296819686889648,0.23616018891334534,0.28551235795021057,0.28551235795021057
annotated,VEO3,4b5a659f-7210-528c-9354-fc977eb9696f.mp4,patch_only,,0.1,0.9,same_grid_second_order,,,,,bottomk_mean,0.4,3,3,0.020023556426167488,0.010011778213083744,0.011012956500053406,0.011012956500053406
annotated,VEO3,4bb7249d-ebd1-5844-9a94-02884d9ddaaa.mp4,patch_only,,0.1,0.9,same_grid_second_order,,,,,bottomk_mean,0.4,3,3,0.26089516282081604,0.12661954760551453,0.1400471180677414,0.1400471180677414
annotated,VEO3,4bf46bd8-dd24-5719-9255-fafbee97fc5a.mp4,patch_only,,0.1,0.9,same_grid_second_order,,,,,bottomk_mean,0.4,3,3,0.1837455779314041,0.007067137863487005,0.02473498322069645,0.02473498322069645
annotated,VEO3,4bfbf5c7-31a0-5baa-8a29-a5864c94444a.mp4,patch_only,,0.1,0.9,same_grid_second_order,,,,,bottomk_mean,0.4,3,3,0.3427561819553375,0.15959952771663666,0.17791520059108734,0.17791520059108734
annotated,VEO3,4bfc2adf-67d4-50bd-8c9d-9e6868769cd4.mp4,patch_only,,0.1,0.9,same_grid_second_order,,,,,bottomk_mean,0.4,3,3,0.0806831568479538,0.040047112852334976,0.04411071911454201,0.04411071911454201
annotated,VEO3,4c020cab-91ce-58f7-ae94-204581287680.mp4,patch_only,,0.1,0.9,same_grid_second_order,,,,,bottomk_mean,0.4,3,3,0.1666666716337204,0.0035335689317435026,0.019846878945827484,0.019846878945827484
annotated,VEO3,4c07000c-10cd-554a-964b-11da7d8ee0ed.mp4,patch_only,,0.1,0.9,same_grid_second_order,,,,,bottomk_mean,0.4,3,3,0.26383981108665466,0.05653710290789604,0.0772673711180687,0.0772673711180687
annotated,VEO3,4c19864d-df06-537f-b20f-745bd68ccb8f.mp4,patch_only,,0.1,0.9,same_grid_second_order,,,,,bottomk_mean,0.4,3,3,0.09069493412971497,0.14487633109092712,0.13945817947387695,0.13945817947387695
annotated,VEO3,4c1ea58b-bd7c-524d-9bd6-a8be0a085843.mp4,patch_only,,0.1,0.9,same_grid_second_order,,,,,bottomk_mean,0.4,3,3,0.3127208352088928,0.0035335689317435026,0.034452296793460846,0.034452296793460846
annotated,VEO3,4c1fc779-9825-514c-98ff-b8aba2aadcd3.mp4,patch_only,,0.1,0.9,same_grid_second_order,,,,,bottomk_mean,0.4,3,3,0.022968197241425514,0.012367491610348225,0.013427562080323696,0.013427562080323696
annotated,VEO3,4c5835f5-f7de-5eb5-82c5-5d3cc8580d09.mp4,patch_only,,0.1,0.9,same_grid_second_order,,,,,bottomk_mean,0.4,3,3,0.291519433259964,0.0677267387509346,0.09010601043701172,0.09010601043701172
annotated,VEO3,4c8f81f7-ce40-5d2c-bf13-4bacbe2b55c7.mp4,patch_only,,0.1,0.9,same_grid_second_order,,,,,bottomk_mean,0.4,3,3,0.03828033059835434,0.011189634911715984,0.013898704200983047,0.013898704200983047
annotated,VEO3,4cbc4bc9-a2f6-5d9d-8f78-73a8a17fd380.mp4,patch_only,,0.1,0.9,same_grid_second_order,,,,,bottomk_mean,0.4,3,3,0.004122497048228979,0.0005889281746931374,0.0009422850562259555,0.0009422850562259555
annotated,VEO3,4cd6dcc7-74a7-5f8f-8587-a7720d97c083.mp4,patch_only,,0.1,0.9,same_grid_second_order,,,,,bottomk_mean,0.4,3,3,0.29858657717704773,0.05418138951063156,0.07862190902233124,0.07862190902233124
annotated,VEO3,4ce4a351-50ab-5b92-9d39-1e456bf8cff8.mp4,patch_only,,0.1,0.9,same_grid_second_order,,,,,bottomk_mean,0.4,3,3,0.18315665423870087,0.04534746706485748,0.05912838503718376,0.05912838503718376
annotated,VEO3,4cedf684-621d-5de7-a775-2e4bf344ca32.mp4,patch_only,,0.1,0.9,same_grid_second_order,,,,,bottomk_mean,0.4,3,3,0.2461719661951065,0.04534746706485748,0.0654299184679985,0.0654299184679985
annotated,VEO3,4d5f3f55-9123-584f-8271-77a613c740d7.mp4,patch_only,,0.1,0.9,same_grid_second_order,,,,,bottomk_mean,0.4,3,3,0.08716136962175369,0.01295641902834177,0.020376913249492645,0.020376913249492645
annotated,VEO3,4d911fd8-ed2d-5406-ad41-58e56a3a3c1d.mp4,patch_only,,0.1,0.9,same_grid_second_order,,,,,bottomk_mean,0.4,3,3,0.08127208799123764,0.004122497048228979,0.011837455444037914,0.011837455444037914
annotated,VEO3,4da29a9b-d482-5148-95ab-b596b654d424.mp4,patch_only,,0.1,0.9,same_grid_second_order,,,,,bottomk_mean,0.4,3,3,0.2968197762966156,0.028857478871941566,0.055653709918260574,0.055653709918260574
annotated,VEO3,4dc4e7c8-f6a2-567d-929f-9f40a138cac3.mp4,patch_only,,0.1,0.9,same_grid_second_order,,,,,bottomk_mean,0.4,3,3,0.11012956500053406,0.03356890380382538,0.041224971413612366,0.041224971413612366
annotated,VEO3,4df3b1ea-897b-5b57-94fc-254f5f123f71.mp4,patch_only,,0.1,0.9,same_grid_second_order,,,,,bottomk_mean,0.4,3,3,0.5971731543540955,0.028857478871941566,0.08568904548883438,0.08568904548883438
annotated,VEO3,4e7c08f2-116e-5cfa-b8dd-99588348cbe8.mp4,patch_only,,0.1,0.9,same_grid_second_order,,,,,bottomk_mean,0.4,3,3,0.03828033059835434,0.007656065747141838,0.010718492791056633,0.010718492791056633
annotated,VEO3,4e8e8c0d-0d81-54b9-a62a-6581476b7f87.mp4,patch_only,,0.1,0.9,same_grid_second_order,,,,,bottomk_mean,0.4,3,3,0.31330978870391846,0.06360424309968948,0.08857479691505432,0.08857479691505432
annotated,VEO3,4ea281cb-1f0a-57fa-8578-a93168f6980a.mp4,patch_only,,0.1,0.9,same_grid_second_order,,,,,bottomk_mean,0.4,3,3,0.08127208799123764,0.021790342405438423,0.02773851528763771,0.02773851528763771
annotated,VEO3,4ea406aa-cc86-5211-8586-8d6866732f82.mp4,patch_only,,0.1,0.9,same_grid_second_order,,,,,bottomk_mean,0.4,3,3,0.01472320407629013,0.009422850795090199,0.009952886030077934,0.009952886030077934
annotated,VEO3,4ef1a00e-f8ac-5fdd-8e02-eb343f36fa8b.mp4,patch_only,,0.1,0.9,same_grid_second_order,,,,,bottomk_mean,0.4,3,3,0.0677267387509346,0.009422850795090199,0.015253239311277866,0.015253239311277866
annotated,VEO3,4f23f72b-ec6a-5893-ad15-86b02c46d122.mp4,patch_only,,0.1,0.9,same_grid_second_order,,,,,bottomk_mean,0.4,3,3,0.08186101168394089,0.12131919711828232,0.11737337708473206,0.11737337708473206
annotated,VEO3,4f60e815-e1fd-56fa-b58f-9d99cbc36177.mp4,patch_only,,0.1,0.9,same_grid_second_order,,,,,bottomk_mean,0.4,3,3,0.020023556426167488,0.0035335689317435026,0.005182567518204451,0.005182567518204451
annotated,VEO3,4fa17d71-ac3c-5ef3-a482-ee4dda6f0a4b.mp4,patch_only,,0.1,0.9,same_grid_second_order,,,,,bottomk_mean,0.4,3,3,0.16843345761299133,0.08127208799123764,0.08998822420835495,0.08998822420835495
annotated,VEO3,4fbb8308-622a-5381-be9b-10f4773af642.mp4,patch_only,,0.1,0.9,same_grid_second_order,,,,,bottomk_mean,0.4,3,3,0.10070671141147614,0.04416961222887039,0.049823321402072906,0.049823321402072906
annotated,VEO3,4fbc8557-bf46-5423-a8df-67118f0a8e65.mp4,patch_only,,0.1,0.9,same_grid_second_order,,,,,bottomk_mean,0.4,3,3,0.12720848619937897,0.10600706934928894,0.10812720656394958,0.10812720656394958
annotated,VEO3,5005d594-0dfd-55c9-b0a7-1b042de1df9b.mp4,patch_only,,0.1,0.9,same_grid_second_order,,,,,bottomk_mean,0.4,3,3,0.11778563261032104,0.04534746706485748,0.05259128287434578,0.05259128287434578
annotated,VEO3,50092289-7041-5caf-ae9c-d8e2a437d0c0.mp4,patch_only,,0.1,0.9,same_grid_second_order,,,,,bottomk_mean,0.4,3,3,0.11778563261032104,0.007067137863487005,0.018138987943530083,0.018138987943530083
annotated,VEO3,50282c03-f7f3-5b20-8241-f7df14b3256b.mp4,patch_only,,0.1,0.9,same_grid_second_order,,,,,bottomk_mean,0.4,3,3,0.1613663136959076,0.03828033059835434,0.050588928163051605,0.050588928163051605
annotated,VEO3,50736bc4-57d9-5f4b-8465-7e55cecc177e.mp4,patch_only,,0.1,0.9,same_grid_second_order,,,,,bottomk_mean,0.4,3,3,0.24970553815364838,0.09776207059621811,0.11295641958713531,0.11295641958713531
annotated,VEO3,507681a6-ac36-51fa-bf52-ab47731d1ae3.mp4,patch_only,,0.1,0.9,same_grid_second_order,,,,,bottomk_mean,0.4,3,3,0.15135453641414642,0.13780918717384338,0.13916371762752533,0.13916371762752533
annotated,VEO3,509b51a3-c581-5e7f-8ebd-140b8443dba7.mp4,patch_only,,0.1,0.9,same_grid_second_order,,,,,bottomk_mean,0.4,3,3,0.11660777032375336,0.04534746706485748,0.05247349664568901,0.05247349664568901
annotated,VEO3,50bf587a-fe49-5102-b04f-7f1e0f345d97.mp4,patch_only,,0.1,0.9,same_grid_second_order,,,,,bottomk_mean,0.4,3,3,0.22025913000106812,0.2744405269622803,0.2690223753452301,0.2690223753452301
annotated,VEO3,50cceba7-56e8-5162-ba62-cfa5afd3ef89.mp4,patch_only,,0.1,0.9,same_grid_second_order,,,,,bottomk_mean,0.4,3,3,0.4216725528240204,0.038869258016347885,0.07714958488941193,0.07714958488941193
annotated,VEO3,50f78d07-2490-5659-92b8-ca0ba19588ee.mp4,patch_only,,0.1,0.9,same_grid_second_order,,,,,bottomk_mean,0.4,3,3,0.010600706562399864,0.0023557126987725496,0.0031802121084183455,0.0031802121084183455
annotated,VEO3,517edd76-7cbf-5f80-a237-36f29491b920.mp4,patch_only,,0.1,0.9,same_grid_second_order,,,,,bottomk_mean,0.4,3,3,0.7190812826156616,0.1731448769569397,0.22773851454257965,0.22773851454257965
annotated,VEO3,519eba75-dd4d-58f3-9fbf-1385bb7e79d7.mp4,patch_only,,0.1,0.9,same_grid_second_order,,,,,bottomk_mean,0.4,3,3,0.041224971413612366,0.009422850795090199,0.012603062205016613,0.012603062205016613
annotated,VEO3,51c984b7-6770-598a-9d6e-a6ffcc11a85c.mp4,patch_only,,0.1,0.9,same_grid_second_order,,,,,bottomk_mean,0.4,3,3,0.10718492418527603,0.010011778213083744,0.019729092717170715,0.019729092717170715
annotated,VEO3,51d57cd2-61e5-595c-88e5-d10e97c986fa.mp4,patch_only,,0.1,0.9,same_grid_second_order,,,,,bottomk_mean,0.4,3,3,0.047703180462121964,0.04534746706485748,0.04558303952217102,0.04558303952217102
annotated,VEO3,52030b87-9cd9-5f26-a505-222fd6d06aec.mp4,patch_only,,0.1,0.9,same_grid_second_order,,,,,bottomk_mean,0.4,3,3,0.004711425397545099,0.05653710290789604,0.051354534924030304,0.051354534924030304
annotated,VEO3,52571911-0e32-5da4-8b44-4648c93526c9.mp4,patch_only,,0.1,0.9,same_grid_second_order,,,,,bottomk_mean,0.4,3,3,0.10482921451330185,0.12308598309755325,0.12126030772924423,0.12126030772924423
annotated,VEO3,52643749-66e1-5c70-bb21-feef7f5ddee2.mp4,patch_only,,0.1,0.9,same_grid_second_order,,,,,bottomk_mean,0.4,3,3,0.047703180462121964,0.009422850795090199,0.013250883668661118,0.013250883668661118
annotated,VEO3,52797fb0-9d9d-5f29-9fc1-529eb68cfbb2.mp4,patch_only,,0.1,0.9,same_grid_second_order,,,,,bottomk_mean,0.4,3,3,0.0005889281746931374,0.0005889281746931374,0.0005889281746931374,0.0005889281746931374
annotated,VEO3,530e7e2f-8b68-5c97-a0ab-7f3142c19451.mp4,patch_only,,0.1,0.9,same_grid_second_order,,,,,bottomk_mean,0.4,3,3,0.07126030325889587,0.05182567611336708,0.05376914143562317,0.05376914143562317
annotated,VEO3,5320a00f-188c-5e7b-bc12-e25b067b2605.mp4,patch_only,,0.1,0.9,same_grid_second_order,,,,,bottomk_mean,0.4,3,3,0.17726737260818481,0.1861013025045395,0.18521790206432343,0.18521790206432343
annotated,VEO3,5355a4af-81c4-5f72-805f-c8816df1b3b8.mp4,patch_only,,0.1,0.9,same_grid_second_order,,,,,bottomk_mean,0.4,3,3,0.01472320407629013,0.02826855145394802,0.026914017274975777,0.026914017274975777
annotated,VEO3,53571747-6a36-546e-84c4-4ba67a4ca339.mp4,patch_only,,0.1,0.9,same_grid_second_order,,,,,bottomk_mean,0.4,3,3,0.1849234402179718,0.1861013025045395,0.18598350882530212,0.18598350882530212
annotated,VEO3,535e414e-7fab-5418-887d-27318d669898.mp4,patch_only,,0.1,0.9,same_grid_second_order,,,,,bottomk_mean,0.4,3,3,0.018845701590180397,0.037691403180360794,0.03580683097243309,0.03580683097243309
annotated,VEO3,5379dfbf-e0ba-577c-b65b-7a71f9ff8909.mp4,patch_only,,0.1,0.9,same_grid_second_order,,,,,bottomk_mean,0.4,3,3,0.02591283805668354,0.005300353281199932,0.007361602038145065,0.007361602038145065
annotated,VEO3,537fda92-6d8a-59f0-8b2a-d1682a1098de.mp4,patch_only,,0.1,0.9,same_grid_second_order,,,,,bottomk_mean,0.4,3,3,0.14428739249706268,0.0005889281746931374,0.014958774670958519,0.014958774670958519
annotated,VEO3,53a90a86-4dd3-5404-bd4a-9d487771b61c.mp4,patch_only,,0.1,0.9,same_grid_second_order,,,,,bottomk_mean,0.4,3,3,0.0,0.0005889281746931374,0.0005300353514030576,0.0005300353514030576
annotated,VEO3,53c22f6f-3364-5f92-90f4-b5b1e9a6a70d.mp4,patch_only,,0.1,0.9,same_grid_second_order,,,,,bottomk_mean,0.4,3,3,0.002944640815258026,0.022968197241425514,0.02096584253013134,0.02096584253013134
annotated,VEO3,53c3690f-f399-52b3-80ce-8e68879b12bf.mp4,patch_only,,0.1,0.9,same_grid_second_order,,,,,bottomk_mean,0.4,3,3,0.21790342032909393,0.021790342405438423,0.04140165075659752,0.04140165075659752
annotated,VEO3,53fe5742-03a2-5929-9820-a5c25df99bff.mp4,patch_only,,0.1,0.9,same_grid_second_order,,,,,bottomk_mean,0.4,3,3,0.02709069475531578,0.026501767337322235,0.02656066045165062,0.02656066045165062
annotated,VEO3,5409399e-e6fb-5a8b-8f4a-d35a3bcdb120.mp4,patch_only,,0.1,0.9,same_grid_second_order,,,,,bottomk_mean,0.4,3,3,0.06478209793567657,0.0035335689317435026,0.009658421389758587,0.009658421389758587
annotated,VEO3,540ebbea-ae6d-5224-aaac-5360cfb79878.mp4,patch_only,,0.1,0.9,same_grid_second_order,,,,,bottomk_mean,0.4,3,3,0.12485276907682419,0.017667844891548157,0.02838633768260479,0.02838633768260479
annotated,VEO3,54611d01-ba13-5ee9-96d4-0d43480bb7cb.mp4,patch_only,,0.1,0.9,same_grid_second_order,,,,,bottomk_mean,0.4,3,3,0.10482921451330185,0.08716136962175369,0.08892814815044403,0.08892814815044403
annotated,VEO3,546a19d0-6497-5b29-bc96-6db3be084656.mp4,patch_only,,0.1,0.9,same_grid_second_order,,,,,bottomk_mean,0.4,3,3,0.03945818543434143,0.0,0.0039458186365664005,0.0039458186365664005
annotated,VEO3,546f147c-a5cb-587d-9ebd-6b493b0f9273.mp4,patch_only,,0.1,0.9,same_grid_second_order,,,,,bottomk_mean,0.4,3,3,0.14252060651779175,0.06537102162837982,0.07308598607778549,0.07308598607778549
annotated,VEO3,547f4190-6e70-5cf5-9ffa-e594a24f087a.mp4,patch_only,,0.1,0.9,same_grid_second_order,,,,,bottomk_mean,0.4,3,3,0.09835100173950195,0.0017667844658717513,0.011425206437706947,0.011425206437706947
annotated,VEO3,548d2522-11d5-5613-a8dc-7f5f0bddcd94.mp4,patch_only,,0.1,0.9,same_grid_second_order,,,,,bottomk_mean,0.4,3,3,0.17078916728496552,0.12131919711828232,0.12626619637012482,0.12626619637012482
annotated,VEO3,54b20285-3d80-5c38-9fb5-89447a4a5643.mp4,patch_only,,0.1,0.9,same_grid_second_order,,,,,bottomk_mean,0.4,3,3,0.7037691473960876,0.04534746706485748,0.11118963360786438,0.11118963360786438
annotated,VEO3,54d436dc-9802-5f50-ab3c-d11dda574bb9.mp4,patch_only,,0.1,0.9,same_grid_second_order,,,,,bottomk_mean,0.4,3,3,0.2879858613014221,0.0005889281746931374,0.029328621923923492,0.029328621923923492
annotated,VEO3,54e60a7f-6a35-575b-a6cf-aa9f50e92ab7.mp4,patch_only,,0.1,0.9,same_grid_second_order,,,,,bottomk_mean,0.4,3,3,0.27267372608184814,0.0005889281746931374,0.027797408401966095,0.027797408401966095
annotated,VEO3,55070523-baae-5b5e-85b1-0b2d2f44bad1.mp4,patch_only,,0.1,0.9,same_grid_second_order,,,,,bottomk_mean,0.4,3,3,0.04240282624959946,0.017667844891548157,0.020141342654824257,0.020141342654824257
annotated,VEO3,552089fd-dc50-5689-9f8d-b2a16ccd5247.mp4,patch_only,,0.1,0.9,same_grid_second_order,,,,,bottomk_mean,0.4,3,3,0.006478209514170885,0.03710247203707695,0.034040048718452454,0.034040048718452454
annotated,VEO3,55401ff6-b4a6-5f61-a920-12a1040eddde.mp4,patch_only,,0.1,0.9,same_grid_second_order,,,,,bottomk_mean,0.4,3,3,0.1925795078277588,0.11130741983652115,0.11943463236093521,0.11943463236093521
annotated,VEO3,5559efcf-99b6-5b31-a7ce-ce2e38e22be3.mp4,patch_only,,0.1,0.9,same_grid_second_order,,,,,bottomk_mean,0.4,3,3,0.372202605009079,0.02120141312479973,0.056301530450582504,0.056301530450582504
annotated,VEO3,5580b411-97a9-5ce3-8d4b-9ba613f48a06.mp4,patch_only,,0.1,0.9,same_grid_second_order,,,,,bottomk_mean,0.4,3,3,0.010011778213083744,0.008833922445774078,0.008951707743108273,0.008951707743108273
annotated,VEO3,55b24194-1b32-50ea-9982-af8ff2e11fc3.mp4,patch_only,,0.1,0.9,same_grid_second_order,,,,,bottomk_mean,0.4,3,3,0.16431094706058502,0.09540636092424393,0.10229682177305222,0.10229682177305222
annotated,VEO3,561562f2-6c67-5a36-ba94-edcf435f6c23.mp4,patch_only,,0.1,0.9,same_grid_second_order,,,,,bottomk_mean,0.4,3,3,0.1967020034790039,0.0005889281746931374,0.02020023576915264,0.02020023576915264
annotated,VEO3,5640c4d9-4273-541e-bfae-5c533bac9a03.mp4,patch_only,,0.1,0.9,same_grid_second_order,,,,,bottomk_mean,0.4,3,3,0.041224971413612366,0.0035335689317435026,0.007302708923816681,0.007302708923816681
annotated,VEO3,5658d0b0-03cd-5698-8461-6f037160f659.mp4,patch_only,,0.1,0.9,same_grid_second_order,,,,,bottomk_mean,0.4,3,3,0.020023556426167488,0.01295641902834177,0.013663132674992085,0.013663132674992085
annotated,VEO3,567a1c8f-18f7-5003-b29a-cac387d96afb.mp4,patch_only,,0.1,0.9,same_grid_second_order,,,,,bottomk_mean,0.4,3,3,0.016489988192915916,0.06360424309968948,0.05889281630516052,0.05889281630516052
annotated,VEO3,567fbb97-4ee5-5f45-bb67-a92e4282c7bb.mp4,patch_only,,0.1,0.9,same_grid_second_order,,,,,bottomk_mean,0.4,3,3,0.14782096445560455,0.03474676236510277,0.0460541807115078,0.0460541807115078
annotated,VEO3,56c678da-8bf6-551d-a51c-cf1e31bddde7.mp4,patch_only,,0.1,0.9,same_grid_second_order,,,,,bottomk_mean,0.4,3,3,0.359246164560318,0.5553592443466187,0.5357479453086853,0.5357479453086853
annotated,VEO3,56ef9462-2434-5199-b2c0-b967637b41da.mp4,patch_only,,0.1,0.9,same_grid_second_order,,,,,bottomk_mean,0.4,3,3,0.3203769028186798,0.01295641902834177,0.04369846731424332,0.04369846731424332
annotated,VEO3,5700fddd-9654-50d1-9153-ee00350f766a.mp4,patch_only,,0.1,0.9,same_grid_second_order,,,,,bottomk_mean,0.4,3,3,0.24263839423656464,0.011189634911715984,0.03433451056480408,0.03433451056480408
annotated,VEO3,571233d5-4e2f-5dbe-864a-68bae739de9e.mp4,patch_only,,0.1,0.9,same_grid_second_order,,,,,bottomk_mean,0.4,3,3,0.35453474521636963,0.12720848619937897,0.1499411016702652,0.1499411016702652
annotated,VEO3,5743006e-f41e-54ff-963d-d7feead17c77.mp4,patch_only,,0.1,0.9,same_grid_second_order,,,,,bottomk_mean,0.4,3,3,0.01295641902834177,0.005300353281199932,0.006065960042178631,0.006065960042178631
annotated,VEO3,574d919f-03ab-5bfc-b5e1-6e2316e0af8d.mp4,patch_only,,0.1,0.9,same_grid_second_order,,,,,bottomk_mean,0.4,3,3,0.04534746706485748,0.005300353281199932,0.00930506456643343,0.00930506456643343
annotated,VEO3,574ef1b4-5ef4-5653-a860-e7f1e1b94d99.mp4,patch_only,,0.1,0.9,same_grid_second_order,,,,,bottomk_mean,0.4,3,3,0.3085983395576477,0.3710247278213501,0.36478209495544434,0.36478209495544434
annotated,VEO3,5755d60e-9692-5c93-b287-f84284024b5a.mp4,patch_only,,0.1,0.9,same_grid_second_order,,,,,bottomk_mean,0.4,3,3,0.07243816554546356,0.0005889281746931374,0.0077738515101373196,0.0077738515101373196
annotated,VEO3,57871893-c474-51d9-b2b6-79409aa7d591.mp4,patch_only,,0.1,0.9,same_grid_second_order,,,,,bottomk_mean,0.4,3,3,0.0,0.0005889281746931374,0.0005300353514030576,0.0005300353514030576
annotated,VEO3,578ad54f-edc7-538f-aff5-787b733aede0.mp4,patch_only,,0.1,0.9,same_grid_second_order,,,,,bottomk_mean,0.4,3,3,0.1560659557580948,0.11425206065177917,0.11843345314264297,0.11843345314264297
annotated,VEO3,579329b4-2dc2-5c57-9ee9-100ca55a67f6.mp4,patch_only,,0.1,0.9,same_grid_second_order,,,,,bottomk_mean,0.4,3,3,0.006478209514170885,0.005300353281199932,0.005418139044195414,0.005418139044195414
annotated,VEO3,58013a00-cd0f-57eb-9059-22ebf0f8fa88.mp4,patch_only,,0.1,0.9,same_grid_second_order,,,,,bottomk_mean,0.4,3,3,0.35630154609680176,0.01295641902834177,0.04729092866182327,0.04729092866182327
annotated,VEO3,58286315-635a-59ad-abc0-77087ad73b42.mp4,patch_only,,0.1,0.9,same_grid_second_order,,,,,bottomk_mean,0.4,3,3,0.04829210788011551,0.06301531195640564,0.06154299154877663,0.06154299154877663
annotated,VEO3,584f30c7-1a20-5058-91b8-b15b9f34b862.mp4,patch_only,,0.1,0.9,same_grid_second_order,,,,,bottomk_mean,0.4,3,3,0.008833922445774078,0.007067137863487005,0.007243816275149584,0.007243816275149584
annotated,VEO3,58896bf9-d699-5305-b971-4f2cbd3e946a.mp4,patch_only,,0.1,0.9,same_grid_second_order,,,,,bottomk_mean,0.4,3,3,0.010011778213083744,0.0005889281746931374,0.001531213172711432,0.001531213172711432
annotated,VEO3,590b1466-09cd-5667-a3fa-a180cf97d73d.mp4,patch_only,,0.1,0.9,same_grid_second_order,,,,,bottomk_mean,0.4,3,3,0.0017667844658717513,0.0005889281746931374,0.0007067137630656362,0.0007067137630656362
annotated,VEO3,59214058-bf8c-5e12-b418-1224c711513e.mp4,patch_only,,0.1,0.9,same_grid_second_order,,,,,bottomk_mean,0.4,3,3,0.050058893859386444,0.18845701217651367,0.174617201089859,0.174617201089859
annotated,VEO3,595d8b6c-e6df-52b6-8941-8b4f422b908b.mp4,patch_only,,0.1,0.9,same_grid_second_order,,,,,bottomk_mean,0.4,3,3,0.020023556426167488,0.004122497048228979,0.005712603218853474,0.005712603218853474
annotated,VEO3,59b72843-9723-50b9-87f8-06595aae7957.mp4,patch_only,,0.1,0.9,same_grid_second_order,,,,,bottomk_mean,0.4,3,3,0.0,0.05182567611336708,0.04664310812950134,0.04664310812950134
annotated,VEO3,59bf7fc6-2019-50ac-bcf6-2a70f7e0fcac.mp4,patch_only,,0.1,0.9,same_grid_second_order,,,,,bottomk_mean,0.4,3,3,0.16431094706058502,0.01295641902834177,0.028091872110962868,0.028091872110962868
annotated,VEO3,59f1ae8c-15f2-58d5-8761-ea18af234456.mp4,patch_only,,0.1,0.9,same_grid_second_order,,,,,bottomk_mean,0.4,3,3,0.09717314690351486,0.24911661446094513,0.23392225801944733,0.23392225801944733
annotated,VEO3,5a98ec19-feaf-54d6-996d-124f7edfc4fa.mp4,patch_only,,0.1,0.9,same_grid_second_order,,,,,bottomk_mean,0.4,3,3,0.3280329704284668,0.09069493412971497,0.11442873626947403,0.11442873626947403
annotated,VEO3,5a9dbd83-8c2f-500f-b49b-e9bb3fca99ff.mp4,patch_only,,0.1,0.9,same_grid_second_order,,,,,bottomk_mean,0.4,3,3,0.15724381804466248,0.02473498322069645,0.03798586502671242,0.03798586502671242
annotated,VEO3,5a9f4ade-9114-5fad-b031-9ccb8223afca.mp4,patch_only,,0.1,0.9,same_grid_second_order,,,,,bottomk_mean,0.4,3,3,0.010011778213083744,0.04534746706485748,0.04181389883160591,0.04181389883160591
annotated,VEO3,5aa1fd3e-b35f-5f79-9a27-9202f261af11.mp4,patch_only,,0.1,0.9,same_grid_second_order,,,,,bottomk_mean,0.4,3,3,0.017078915610909462,0.0005889281746931374,0.002237926935777068,0.002237926935777068
annotated,VEO3,5ae06d37-5278-576f-a9f7-d100dc928b49.mp4,patch_only,,0.1,0.9,same_grid_second_order,,,,,bottomk_mean,0.4,3,3,0.08951707929372787,0.0035335689317435026,0.012131920084357262,0.012131920084357262
annotated,VEO3,5b07e886-c17c-58d0-a918-f6cbb626597e.mp4,patch_only,,0.1,0.9,same_grid_second_order,,,,,bottomk_mean,0.4,3,3,0.018845701590180397,0.0005889281746931374,0.0024146053474396467,0.0024146053474396467
annotated,VEO3,5b44e71d-08a1-562c-be16-b7028647ed49.mp4,patch_only,,0.1,0.9,same_grid_second_order,,,,,bottomk_mean,0.4,3,3,0.01472320407629013,0.0924617201089859,0.08468786627054214,0.08468786627054214
annotated,VEO3,5b4c1f72-c3cf-542a-a13a-f395cb77eadb.mp4,patch_only,,0.1,0.9,same_grid_second_order,,,,,bottomk_mean,0.4,3,3,0.017667844891548157,0.18138986825942993,0.16501766443252563,0.16501766443252563
annotated,VEO3,5b57553b-3d00-5863-8f78-bde68943efd6.mp4,patch_only,,0.1,0.9,same_grid_second_order,,,,,bottomk_mean,0.4,3,3,0.020023556426167488,0.06831566244363785,0.06348645687103271,0.06348645687103271
annotated,VEO3,5b6d0aa8-a8ae-5581-8967-56a194bb3fcd.mp4,patch_only,,0.1,0.9,same_grid_second_order,,,,,bottomk_mean,0.4,3,3,0.01354534737765789,0.011778563261032104,0.011955241672694683,0.011955241672694683
annotated,VEO3,5b937430-bde7-577a-8aba-7f781c251192.mp4,patch_only,,0.1,0.9,same_grid_second_order,,,,,bottomk_mean,0.4,3,3,0.29623085260391235,0.2332155406475067,0.23951707780361176,0.23951707780361176
annotated,VEO3,5bcdc7fd-0d88-55ed-80df-0e83da78461c.mp4,patch_only,,0.1,0.9,same_grid_second_order,,,,,bottomk_mean,0.4,3,3,0.22379270195960999,0.1914016455411911,0.19464075565338135,0.19464075565338135
annotated,VEO3,5c145218-8e28-5517-a017-385f9bdb70f0.mp4,patch_only,,0.1,0.9,same_grid_second_order,,,,,bottomk_mean,0.4,3,3,0.07361602038145065,0.05182567611336708,0.05400471016764641,0.05400471016764641
annotated,VEO3,5c3fc976-6362-5ff6-875d-f8095a4a9f4f.mp4,patch_only,,0.1,0.9,same_grid_second_order,,,,,bottomk_mean,0.4,3,3,0.5058892965316772,0.06831566244363785,0.11207302659749985,0.11207302659749985
annotated,VEO3,5c65f11e-83e0-5e65-bc26-89ef3a8f304e.mp4,patch_only,,0.1,0.9,same_grid_second_order,,,,,bottomk_mean,0.4,3,3,0.5117785334587097,0.06595995277166367,0.11054181307554245,0.11054181307554245
annotated,VEO3,5c7817d0-baec-544a-97c9-31220339e245.mp4,patch_only,,0.1,0.9,same_grid_second_order,,,,,bottomk_mean,0.4,3,3,0.02120141312479973,0.2108362764120102,0.19187279045581818,0.19187279045581818
annotated,VEO3,5c8fd9cb-a1cb-5550-bf42-e9648ada362b.mp4,patch_only,,0.1,0.9,same_grid_second_order,,,,,bottomk_mean,0.4,3,3,0.04593639448285103,0.0035335689317435026,0.0077738515101373196,0.0077738515101373196
annotated,VEO3,5c947648-afb5-5d0d-8aae-e58ca8bb93bd.mp4,patch_only,,0.1,0.9,same_grid_second_order,,,,,bottomk_mean,0.4,3,3,0.27561837434768677,0.028857478871941566,0.05353356897830963,0.05353356897830963
annotated,VEO3,5cbcddb9-9e3c-563f-8303-b3db2e9c681b.mp4,patch_only,,0.1,0.9,same_grid_second_order,,,,,bottomk_mean,0.4,3,3,0.24028268456459045,0.08127208799123764,0.09717314690351486,0.09717314690351486
annotated,VEO3,5cf2eb2a-15ad-52de-9584-666d8f3b84c5.mp4,patch_only,,0.1,0.9,same_grid_second_order,,,,,bottomk_mean,0.4,3,3,0.010600706562399864,0.018256772309541702,0.017491165548563004,0.017491165548563004
annotated,VEO3,5d1dd7f8-3c10-59b6-9757-b52748afbe5d.mp4,patch_only,,0.1,0.9,same_grid_second_order,,,,,bottomk_mean,0.4,3,3,0.18080094456672668,0.11248527467250824,0.11931684613227844,0.11931684613227844
annotated,VEO3,5d4f84fd-f803-5d70-b7ed-c66896ad88e8.mp4,patch_only,,0.1,0.9,same_grid_second_order,,,,,bottomk_mean,0.4,3,3,0.01472320407629013,0.0005889281746931374,0.002002355642616749,0.002002355642616749
annotated,VEO3,5d65d868-7398-57e5-a2e1-96a8c8196aff.mp4,patch_only,,0.1,0.9,same_grid_second_order,,,,,bottomk_mean,0.4,3,3,0.1666666716337204,0.005300353281199932,0.021436985582113266,0.021436985582113266
annotated,VEO3,5d7825db-a18a-5bf2-bde8-2466e47aebe9.mp4,patch_only,,0.1,0.9,same_grid_second_order,,,,,bottomk_mean,0.4,3,3,0.15665489435195923,0.017667844891548157,0.031566549092531204,0.031566549092531204
annotated,VEO3,5da5295e-e824-5b9b-85af-8ac85b3ebc76.mp4,patch_only,,0.1,0.9,same_grid_second_order,,,,,bottomk_mean,0.4,3,3,0.08951707929372787,0.05653710290789604,0.059835098683834076,0.059835098683834076
annotated,VEO3,5da55bb1-559c-5e1f-8454-c020d7370121.mp4,patch_only,,0.1,0.9,same_grid_second_order,,,,,bottomk_mean,0.4,3,3,0.07832744717597961,0.0035335689317435026,0.011012956500053406,0.011012956500053406
annotated,VEO3,5db318dc-8ca5-551f-9f1c-b92ff479734b.mp4,patch_only,,0.1,0.9,same_grid_second_order,,,,,bottomk_mean,0.4,3,3,0.4958775043487549,0.008833922445774078,0.05753828212618828,0.05753828212618828
annotated,VEO3,5dcef81d-414e-5fb8-b463-1694ece8c666.mp4,patch_only,,0.1,0.9,same_grid_second_order,,,,,bottomk_mean,0.4,3,3,0.03356890380382538,0.01295641902834177,0.015017667785286903,0.015017667785286903
annotated,VEO3,5dfb0bba-457e-5ee0-a0c2-50690ddaf338.mp4,patch_only,,0.1,0.9,same_grid_second_order,,,,,bottomk_mean,0.4,3,3,0.002944640815258026,0.017667844891548157,0.016195524483919144,0.016195524483919144
annotated,VEO3,5e0fe542-4591-544e-8a04-44753120c761.mp4,patch_only,,0.1,0.9,same_grid_second_order,,,,,bottomk_mean,0.4,3,3,0.27149587869644165,0.47349822521209717,0.45329800248146057,0.45329800248146057
annotated,VEO3,5e12ef39-e422-5506-b5ca-59b3fb949757.mp4,patch_only,,0.1,0.9,same_grid_second_order,,,,,bottomk_mean,0.4,3,3,0.004122497048228979,0.010011778213083744,0.009422850795090199,0.009422850795090199
annotated,VEO3,5e194a1a-e64e-594c-9c7c-e74850651157.mp4,patch_only,,0.1,0.9,same_grid_second_order,,,,,bottomk_mean,0.4,3,3,0.19081272184848785,0.007067137863487005,0.025441696867346764,0.025441696867346764
annotated,VEO3,5e1da3bc-1630-538c-a286-87194d533fc9.mp4,patch_only,,0.1,0.9,same_grid_second_order,,,,,bottomk_mean,0.4,3,3,0.18021202087402344,0.05182567611336708,0.0646643117070198,0.0646643117070198
annotated,VEO3,5e3774ec-0ff9-5684-b876-0adee3f22338.mp4,patch_only,,0.1,0.9,same_grid_second_order,,,,,bottomk_mean,0.4,3,3,0.004122497048228979,0.010600706562399864,0.009952886030077934,0.009952886030077934
annotated,VEO3,5e5c95aa-a384-5dc0-8efc-e84741ede1d6.mp4,patch_only,,0.1,0.9,same_grid_second_order,,,,,bottomk_mean,0.4,3,3,0.04181389883160591,0.0005889281746931374,0.004711425397545099,0.004711425397545099
annotated,VEO3,5e95a9c0-dc4c-58da-8df8-fa7d41b8693a.mp4,patch_only,,0.1,0.9,same_grid_second_order,,,,,bottomk_mean,0.4,3,3,0.020023556426167488,0.0005889281746931374,0.002532391110435128,0.002532391110435128
annotated,VEO3,5edb37b0-1e65-5b27-bf65-4ae93d8c44f5.mp4,patch_only,,0.1,0.9,same_grid_second_order,,,,,bottomk_mean,0.4,3,3,0.2614840865135193,0.06360424309968948,0.08339222520589828,0.08339222520589828
annotated,VEO3,5f43488f-f552-532c-8b1b-7f4085bbfdb8.mp4,patch_only,,0.1,0.9,same_grid_second_order,,,,,bottomk_mean,0.4,3,3,0.16195523738861084,0.104240283370018,0.11001177877187729,0.11001177877187729
annotated,VEO3,5f848d05-17f5-59c0-b24b-3bdc7e8043ba.mp4,patch_only,,0.1,0.9,same_grid_second_order,,,,,bottomk_mean,0.4,3,3,0.027679622173309326,0.008833922445774078,0.010718492791056633,0.010718492791056633
annotated,VEO3,5f8d582c-78bc-5349-bf98-70b0ef1b6a32.mp4,patch_only,,0.1,0.9,same_grid_second_order,,,,,bottomk_mean,0.4,3,3,0.13368669152259827,0.0035335689317435026,0.0165488813072443,0.0165488813072443
annotated,VEO3,5fcf23f7-7c22-5b3a-88f4-b881644c5d66.mp4,patch_only,,0.1,0.9,same_grid_second_order,,,,,bottomk_mean,0.4,3,3,0.14899882674217224,0.020612485706806183,0.03345111757516861,0.03345111757516861
annotated,VEO3,5fd96296-8930-58d6-97c2-249665f5df8d.mp4,patch_only,,0.1,0.9,same_grid_second_order,,,,,bottomk_mean,0.4,3,3,0.23144876956939697,0.2031802088022232,0.20600706338882446,0.20600706338882446
annotated,VEO3,5ff2d5d8-220a-5127-8c15-80b3d5bc1986.mp4,patch_only,,0.1,0.9,same_grid_second_order,,,,,bottomk_mean,0.4,3,3,0.06890459358692169,0.01295641902834177,0.018551236018538475,0.018551236018538475
annotated,VEO3,5ff6717b-045f-5bb7-970f-a1dc863af9ec.mp4,patch_only,,0.1,0.9,same_grid_second_order,,,,,bottomk_mean,0.4,3,3,0.2043580710887909,0.011189634911715984,0.030506478622555733,0.030506478622555733
annotated,VEO3,60134d08-8952-53bc-a2ce-e00146c039dd.mp4,patch_only,,0.1,0.9,same_grid_second_order,,,,,bottomk_mean,0.4,3,3,0.41224971413612366,0.3356890380382538,0.34334510564804077,0.34334510564804077
annotated,VEO3,603c7aa4-900e-5c7d-8220-ab2b7e12d6e9.mp4,patch_only,,0.1,0.9,same_grid_second_order,,,,,bottomk_mean,0.4,3,3,0.17491166293621063,0.008833922445774078,0.025441696867346764,0.025441696867346764
annotated,VEO3,605fd2bf-15fa-5b22-acdc-3283782adb96.mp4,patch_only,,0.1,0.9,same_grid_second_order,,,,,bottomk_mean,0.4,3,3,0.0,0.002944640815258026,0.002650176640599966,0.002650176640599966
annotated,VEO3,6069f7af-7126-53ea-a51d-93ad57868f0b.mp4,patch_only,,0.1,0.9,same_grid_second_order,,,,,bottomk_mean,0.4,3,3,0.01295641902834177,0.0017667844658717513,0.0028857479337602854,0.0028857479337602854
annotated,VEO3,60a04a84-80ed-500e-8475-95bfb7d2064f.mp4,patch_only,,0.1,0.9,same_grid_second_order,,,,,bottomk_mean,0.4,3,3,0.12720848619937897,0.1560659557580948,0.15318021178245544,0.15318021178245544
annotated,VEO3,60a4d4e7-d951-5065-9c86-5f091b9da8bb.mp4,patch_only,,0.1,0.9,same_grid_second_order,,,,,bottomk_mean,0.4,3,3,0.08186101168394089,0.0005889281746931374,0.00871613621711731,0.00871613621711731
annotated,VEO3,60a8a5c8-3e33-524b-83d3-55c777e1fdcd.mp4,patch_only,,0.1,0.9,same_grid_second_order,,,,,bottomk_mean,0.4,3,3,0.002944640815258026,0.009422850795090199,0.008775029331445694,0.008775029331445694
annotated,VEO3,60c7de5d-485d-56bb-9ad8-ddca59813a35.mp4,patch_only,,0.1,0.9,same_grid_second_order,,,,,bottomk_mean,0.4,3,3,0.02591283805668354,0.002944640815258026,0.005241460632532835,0.005241460632532835
annotated,VEO3,6128e228-d939-578c-b747-6c5a9b16057b.mp4,patch_only,,0.1,0.9,same_grid_second_order,,,,,bottomk_mean,0.4,3,3,0.19081272184848785,0.017078915610909462,0.034452296793460846,0.034452296793460846
annotated,VEO3,6154eb3f-2bbf-5608-a9c7-b5cce4cd52fb.mp4,patch_only,,0.1,0.9,same_grid_second_order,,,,,bottomk_mean,0.4,3,3,0.0005889281746931374,0.011189634911715984,0.010129564441740513,0.010129564441740513
annotated,VEO3,61756e93-4158-5659-a097-a22e911690fd.mp4,patch_only,,0.1,0.9,same_grid_second_order,,,,,bottomk_mean,0.4,3,3,0.11660777032375336,0.1431095451116562,0.1404593586921692,0.1404593586921692
annotated,VEO3,61e966aa-ce2d-5ae0-a83f-c1668fae9406.mp4,patch_only,,0.1,0.9,same_grid_second_order,,,,,bottomk_mean,0.4,3,3,0.08362779766321182,0.0,0.008362779393792152,0.008362779393792152
annotated,VEO3,61fb31bf-d5cb-5776-b10c-b71446d841f2.mp4,patch_only,,0.1,0.9,same_grid_second_order,,,,,bottomk_mean,0.4,3,3,0.12720848619937897,0.0924617201089859,0.09593639522790909,0.09593639522790909
annotated,VEO3,61fb361d-19f9-5a8a-b8db-049635a54898.mp4,patch_only,,0.1,0.9,same_grid_second_order,,,,,bottomk_mean,0.4,3,3,0.004122497048228979,0.017667844891548157,0.016313308849930763,0.016313308849930763
annotated,VEO3,6215a0c9-7618-531d-9482-292cf9b5ffd9.mp4,patch_only,,0.1,0.9,same_grid_second_order,,,,,bottomk_mean,0.4,3,3,0.018845701590180397,0.010011778213083744,0.010895171202719212,0.010895171202719212
annotated,VEO3,623adfe5-dec1-5939-8f7e-d63d8d0eee6d.mp4,patch_only,,0.1,0.9,same_grid_second_order,,,,,bottomk_mean,0.4,3,3,0.010011778213083744,0.0005889281746931374,0.001531213172711432,0.001531213172711432
annotated,VEO3,62989ac1-ab1e-503b-8032-19ff81f1148c.mp4,patch_only,,0.1,0.9,same_grid_second_order,,,,,bottomk_mean,0.4,3,3,0.03945818543434143,0.011778563261032104,0.014546525664627552,0.014546525664627552
annotated,VEO3,62d7b3cc-0cf4-54fe-8893-efcd55184c41.mp4,patch_only,,0.1,0.9,same_grid_second_order,,,,,bottomk_mean,0.4,3,3,0.32096585631370544,0.062426384538412094,0.0882803276181221,0.0882803276181221
annotated,VEO3,63052f65-b89f-5e67-83ef-62d1d6b3ccb1.mp4,patch_only,,0.1,0.9,same_grid_second_order,,,,,bottomk_mean,0.4,3,3,0.22968198359012604,0.26737338304519653,0.2636042535305023,0.2636042535305023
annotated,VEO3,6330285d-2c8d-5703-b9d1-850989b33449.mp4,patch_only,,0.1,0.9,same_grid_second_order,,,,,bottomk_mean,0.4,3,3,0.3969375789165497,0.011778563261032104,0.05029446259140968,0.05029446259140968
annotated,VEO3,635e38dc-e430-506f-889e-32ac4f34db1b.mp4,patch_only,,0.1,0.9,same_grid_second_order,,,,,bottomk_mean,0.4,3,3,0.006478209514170885,0.050058893859386444,0.04570082575082779,0.04570082575082779
annotated,VEO3,63c41352-558a-5856-b366-ef1d3d049df0.mp4,patch_only,,0.1,0.9,same_grid_second_order,,,,,bottomk_mean,0.4,3,3,0.17137809097766876,0.0005889281746931374,0.017667844891548157,0.017667844891548157
annotated,VEO3,64035572-5a6d-5a7d-bff6-5c4012aa9774.mp4,patch_only,,0.1,0.9,same_grid_second_order,,,,,bottomk_mean,0.4,3,3,0.0011778563493862748,0.0005889281746931374,0.0006478209397755563,0.0006478209397755563
annotated,VEO3,640c42b7-9ea8-5dcf-90fd-6846e93ea36c.mp4,patch_only,,0.1,0.9,same_grid_second_order,,,,,bottomk_mean,0.4,3,3,0.060070671141147614,0.0005889281746931374,0.0065371026284992695,0.0065371026284992695
annotated,VEO3,64476b14-9982-599e-8799-6e157b337fbb.mp4,patch_only,,0.1,0.9,same_grid_second_order,,,,,bottomk_mean,0.4,3,3,0.018845701590180397,0.0035335689317435026,0.005064782220870256,0.005064782220870256
annotated,VEO3,644b70d2-1799-59ef-9412-c3f673d1d68e.mp4,patch_only,,0.1,0.9,same_grid_second_order,,,,,bottomk_mean,0.4,3,3,0.018256772309541702,0.0005889281746931374,0.0023557126987725496,0.0023557126987725496
annotated,VEO3,644c8b7d-810c-539b-a4cd-47bec681fc9b.mp4,patch_only,,0.1,0.9,same_grid_second_order,,,,,bottomk_mean,0.4,3,3,0.0,0.0023557126987725496,0.0021201414056122303,0.0021201414056122303
annotated,VEO3,645650f2-a7b1-58e5-bc65-fd6342c5b664.mp4,patch_only,,0.1,0.9,same_grid_second_order,,,,,bottomk_mean,0.4,3,3,0.140753835439682,0.07008244842290878,0.07714958488941193,0.07714958488941193
annotated,VEO3,6457dc67-6d47-5982-9267-57c730974383.mp4,patch_only,,0.1,0.9,same_grid_second_order,,,,,bottomk_mean,0.4,3,3,0.12956419587135315,0.02120141312479973,0.03203769028186798,0.03203769028186798
annotated,VEO3,64589d31-eca7-535e-8a6a-0994e93305a3.mp4,patch_only,,0.1,0.9,same_grid_second_order,,,,,bottomk_mean,0.4,3,3,0.03945818543434143,0.0005889281746931374,0.004475853871554136,0.004475853871554136
annotated,VEO3,64674769-72a5-5e52-8a8c-9d9841ba72a2.mp4,patch_only,,0.1,0.9,same_grid_second_order,,,,,bottomk_mean,0.4,3,3,0.18786807358264923,0.02709069475531578,0.043168433010578156,0.043168433010578156
annotated,VEO3,646c73fc-e815-5ac0-859d-62664d5b1ca1.mp4,patch_only,,0.1,0.9,same_grid_second_order,,,,,bottomk_mean,0.4,3,3,0.021790342405438423,0.0005889281746931374,0.002709069522097707,0.002709069522097707
annotated,VEO3,6476ded8-b534-56ff-b2d7-3e6c93ad8782.mp4,patch_only,,0.1,0.9,same_grid_second_order,,,,,bottomk_mean,0.4,3,3,0.050058893859386444,0.005300353281199932,0.009776207618415356,0.009776207618415356
annotated,VEO3,64893952-9e90-5cac-9db0-92cb62a76668.mp4,patch_only,,0.1,0.9,same_grid_second_order,,,,,bottomk_mean,0.4,3,3,0.05948174372315407,0.09422850608825684,0.09075383096933365,0.09075383096933365
annotated,VEO3,64a6d8c5-40be-5ddc-91ec-f295a48b8b80.mp4,patch_only,,0.1,0.9,same_grid_second_order,,,,,bottomk_mean,0.4,3,3,0.02591283805668354,0.0035335689317435026,0.005771495867520571,0.005771495867520571
annotated,VEO3,64c7f11a-9830-5662-9c54-a7319faab623.mp4,patch_only,,0.1,0.9,same_grid_second_order,,,,,bottomk_mean,0.4,3,3,0.030035335570573807,0.0011778563493862748,0.004063604399561882,0.004063604399561882
annotated,VEO3,64f04a54-09c0-5e83-a70b-bf9eb978a2e3.mp4,patch_only,,0.1,0.9,same_grid_second_order,,,,,bottomk_mean,0.4,3,3,0.020023556426167488,0.016489988192915916,0.016843345016241074,0.016843345016241074
annotated,VEO3,64f8b463-c0c0-5f91-8779-624329b608ff.mp4,patch_only,,0.1,0.9,same_grid_second_order,,,,,bottomk_mean,0.4,3,3,0.004122497048228979,0.002944640815258026,0.003062426345422864,0.003062426345422864
annotated,VEO3,65003a6e-02b0-5e40-b3de-3649f1cfc266.mp4,patch_only,,0.1,0.9,same_grid_second_order,,,,,bottomk_mean,0.4,3,3,0.3074204921722412,0.13957597315311432,0.1563604176044464,0.1563604176044464
annotated,VEO3,6528d8f8-73ed-5b8f-9af8-24bb51d49c95.mp4,patch_only,,0.1,0.9,same_grid_second_order,,,,,bottomk_mean,0.4,3,3,0.21967020630836487,0.048881035298109055,0.06595995277166367,0.06595995277166367
annotated,VEO3,6558fa62-1641-532c-a29a-bd7430f5d8e2.mp4,patch_only,,0.1,0.9,same_grid_second_order,,,,,bottomk_mean,0.4,3,3,0.07832744717597961,0.0023557126987725496,0.009952886030077934,0.009952886030077934
annotated,VEO3,655a0c74-717b-5968-8974-021769b97ce9.mp4,patch_only,,0.1,0.9,same_grid_second_order,,,,,bottomk_mean,0.4,3,3,0.07479387521743774,0.0806831568479538,0.08009422570466995,0.08009422570466995
annotated,VEO3,656527b5-2400-5b67-913d-106d09e3e72f.mp4,patch_only,,0.1,0.9,same_grid_second_order,,,,,bottomk_mean,0.4,3,3,0.0005889281746931374,0.008833922445774078,0.008009422570466995,0.008009422570466995
annotated,VEO3,656a47f9-6e96-5639-93ae-4f50542d7ee4.mp4,patch_only,,0.1,0.9,same_grid_second_order,,,,,bottomk_mean,0.4,3,3,0.04593639448285103,0.0005889281746931374,0.0051236748695373535,0.0051236748695373535
annotated,VEO3,65b15d66-b1bd-5fe5-861a-ff587921360e.mp4,patch_only,,0.1,0.9,same_grid_second_order,,,,,bottomk_mean,0.4,3,3,0.004122497048228979,0.03710247203707695,0.033804476261138916,0.033804476261138916
annotated,VEO3,66017840-3922-5de3-babb-f985d76021c1.mp4,patch_only,,0.1,0.9,same_grid_second_order,,,,,bottomk_mean,0.4,3,3,0.14369846880435944,0.007656065747141838,0.021260306239128113,0.021260306239128113
annotated,VEO3,660dc7a3-6360-5977-9d5d-1d80de5cef03.mp4,patch_only,,0.1,0.9,same_grid_second_order,,,,,bottomk_mean,0.4,3,3,0.04534746706485748,0.08775029331445694,0.08351001143455505,0.08351001143455505
annotated,VEO3,66557a7c-536f-57aa-b44b-3db4eb534583.mp4,patch_only,,0.1,0.9,same_grid_second_order,,,,,bottomk_mean,0.4,3,3,0.0,0.0035335689317435026,0.0031802121084183455,0.0031802121084183455
annotated,VEO3,669c7f99-8426-5d48-b385-5d3a6b862f40.mp4,patch_only,,0.1,0.9,same_grid_second_order,,,,,bottomk_mean,0.4,3,3,0.0,0.0005889281746931374,0.0005300353514030576,0.0005300353514030576
annotated,VEO3,66d3490f-b069-5c64-b7f8-b51b32ca6be7.mp4,patch_only,,0.1,0.9,same_grid_second_order,,,,,bottomk_mean,0.4,3,3,0.6495877504348755,0.0035335689317435026,0.068138986825943,0.068138986825943
annotated,VEO3,66d4d651-4178-5c94-bbb4-4569f0e9a0b9.mp4,patch_only,,0.1,0.9,same_grid_second_order,,,,,bottomk_mean,0.4,3,3,0.07832744717597961,0.011778563261032104,0.018433451652526855,0.018433451652526855
annotated,VEO3,66ee3080-67e4-52c2-b0ac-9e049080aa30.mp4,patch_only,,0.1,0.9,same_grid_second_order,,,,,bottomk_mean,0.4,3,3,0.0,0.0005889281746931374,0.0005300353514030576,0.0005300353514030576
annotated,VEO3,674a82f1-53c9-5590-9f94-e69f0035b405.mp4,patch_only,,0.1,0.9,same_grid_second_order,,,,,bottomk_mean,0.4,3,3,0.02120141312479973,0.025323910638689995,0.024911660701036453,0.024911660701036453
annotated,VEO3,67838b38-196f-59e5-8804-6313b4c81ded.mp4,patch_only,,0.1,0.9,same_grid_second_order,,,,,bottomk_mean,0.4,3,3,0.3462897539138794,0.07773851603269577,0.10459364205598831,0.10459364205598831
annotated,VEO3,67c29b86-869a-538f-ac08-3a5be561a0b0.mp4,patch_only,,0.1,0.9,same_grid_second_order,,,,,bottomk_mean,0.4,3,3,0.0,0.0005889281746931374,0.0005300353514030576,0.0005300353514030576
annotated,VEO3,680f3356-2f4c-5b02-8b18-3b013e8b9122.mp4,patch_only,,0.1,0.9,same_grid_second_order,,,,,bottomk_mean,0.4,3,3,0.06654888391494751,0.007656065747141838,0.01354534737765789,0.01354534737765789
annotated,VEO3,68286fa0-1a2a-5575-80de-07bc88017d06.mp4,patch_only,,0.1,0.9,same_grid_second_order,,,,,bottomk_mean,0.4,3,3,0.4257950484752655,0.18138986825942993,0.2058303952217102,0.2058303952217102
annotated,VEO3,6851fad9-381d-5265-98ab-b6a0ba0335f2.mp4,patch_only,,0.1,0.9,same_grid_second_order,,,,,bottomk_mean,0.4,3,3,0.008833922445774078,0.0023557126987725496,0.003003533463925123,0.003003533463925123
annotated,VEO3,68585d06-23a6-54e0-a6f8-e17f16bc7d6e.mp4,patch_only,,0.1,0.9,same_grid_second_order,,,,,bottomk_mean,0.4,3,3,0.01472320407629013,0.011189634911715984,0.011542991735041142,0.011542991735041142
annotated,VEO3,686024ed-1b8c-5621-a84f-1ab2ffc54bd5.mp4,patch_only,,0.1,0.9,same_grid_second_order,,,,,bottomk_mean,0.4,3,3,0.0494699664413929,0.010011778213083744,0.013957597315311432,0.013957597315311432
annotated,VEO3,68689631-e95d-5903-9fbe-c831e387ca3d.mp4,patch_only,,0.1,0.9,same_grid_second_order,,,,,bottomk_mean,0.4,3,3,0.15724381804466248,0.038869258016347885,0.050706714391708374,0.050706714391708374
annotated,VEO3,6869a784-0bf3-53e7-86ab-d21045165db2.mp4,patch_only,,0.1,0.9,same_grid_second_order,,,,,bottomk_mean,0.4,3,3,0.31978797912597656,0.15253238379955292,0.16925795376300812,0.16925795376300812
annotated,VEO3,686d84bd-5ead-5063-bf1e-03cfdac8003c.mp4,patch_only,,0.1,0.9,same_grid_second_order,,,,,bottomk_mean,0.4,3,3,0.0677267387509346,0.008833922445774078,0.01472320407629013,0.01472320407629013
annotated,VEO3,68715925-ac5d-5d96-83d7-0e51791b1c5b.mp4,patch_only,,0.1,0.9,same_grid_second_order,,,,,bottomk_mean,0.4,3,3,0.02120141312479973,0.010011778213083744,0.0111307417973876,0.0111307417973876
annotated,VEO3,68b7b405-811e-5291-9b33-7103d898c04b.mp4,patch_only,,0.1,0.9,same_grid_second_order,,,,,bottomk_mean,0.4,3,3,0.031213192269206047,0.0005889281746931374,0.0036513544619083405,0.0036513544619083405
annotated,VEO3,69060ada-9896-5907-a63c-dd4ba1b610d3.mp4,patch_only,,0.1,0.9,same_grid_second_order,,,,,bottomk_mean,0.4,3,3,0.23380447924137115,0.01295641902834177,0.03504122421145439,0.03504122421145439
annotated,VEO3,690b682c-f18e-5d38-87e9-1f30e8649d34.mp4,patch_only,,0.1,0.9,same_grid_second_order,,,,,bottomk_mean,0.4,3,3,0.11012956500053406,0.06360424309968948,0.06825677305459976,0.06825677305459976
annotated,VEO3,694081bc-a620-5619-9aa4-2cac6038c264.mp4,patch_only,,0.1,0.9,same_grid_second_order,,,,,bottomk_mean,0.4,3,3,0.07832744717597961,0.037691403180360794,0.04175500571727753,0.04175500571727753
annotated,VEO3,6a03a3b7-7ba0-5c8e-85af-8f313467f9b8.mp4,patch_only,,0.1,0.9,same_grid_second_order,,,,,bottomk_mean,0.4,3,3,0.020023556426167488,0.02473498322069645,0.024263840168714523,0.024263840168714523
annotated,VEO3,6a707ba3-7e0e-57f5-8b9e-bee70e4dfc60.mp4,patch_only,,0.1,0.9,same_grid_second_order,,,,,bottomk_mean,0.4,3,3,0.01295641902834177,0.037691403180360794,0.035217903554439545,0.035217903554439545
annotated,VEO3,6a715f74-f9fe-5391-aa45-682c5eaf59be.mp4,patch_only,,0.1,0.9,same_grid_second_order,,,,,bottomk_mean,0.4,3,3,0.22025913000106812,0.062426384538412094,0.07820966094732285,0.07820966094732285
annotated,VEO3,6a983cdb-f5df-5495-9a5d-3c9ce4f1322d.mp4,patch_only,,0.1,0.9,same_grid_second_order,,,,,bottomk_mean,0.4,3,3,0.018845701590180397,0.009422850795090199,0.010365135036408901,0.010365135036408901
annotated,VEO3,6a9e6404-b0b0-5d9d-8717-8602db531680.mp4,patch_only,,0.1,0.9,same_grid_second_order,,,,,bottomk_mean,0.4,3,3,0.7820965647697449,0.2538280189037323,0.3066549003124237,0.3066549003124237
annotated,VEO3,6ae868e1-8199-5fb0-9a96-83c5f08d1694.mp4,patch_only,,0.1,0.9,same_grid_second_order,,,,,bottomk_mean,0.4,3,3,0.7650176882743835,0.06831566244363785,0.13798587024211884,0.13798587024211884
annotated,VEO3,6b0b8a9a-67b4-55b6-a443-b025decb64e6.mp4,patch_only,,0.1,0.9,same_grid_second_order,,,,,bottomk_mean,0.4,3,3,0.4958775043487549,0.020612485706806183,0.068138986825943,0.068138986825943
annotated,VEO3,6b3b1d76-ba64-51da-b4d8-c9903e38d72d.mp4,patch_only,,0.1,0.9,same_grid_second_order,,,,,bottomk_mean,0.4,3,3,0.0806831568479538,0.018256772309541702,0.02449941076338291,0.02449941076338291
annotated,VEO3,6b68fa13-2a50-5fc9-bf38-a0da8b52f817.mp4,patch_only,,0.1,0.9,same_grid_second_order,,,,,bottomk_mean,0.4,3,3,0.21967020630836487,0.05653710290789604,0.07285041362047195,0.07285041362047195
annotated,VEO3,6bd2a6bd-d74a-593e-a84e-82658bc96ca8.mp4,patch_only,,0.1,0.9,same_grid_second_order,,,,,bottomk_mean,0.4,3,3,0.006478209514170885,0.0005889281746931374,0.0011778563493862748,0.0011778563493862748
annotated,VEO3,6be2bc2a-d01a-55d6-982b-22db983f22c3.mp4,patch_only,,0.1,0.9,same_grid_second_order,,,,,bottomk_mean,0.4,3,3,0.020023556426167488,0.02473498322069645,0.024263840168714523,0.024263840168714523
annotated,VEO3,6c5978c1-c23d-50ff-981e-7cb7d54b7a0b.mp4,patch_only,,0.1,0.9,same_grid_second_order,,,,,bottomk_mean,0.4,3,3,0.050058893859386444,0.02355712652206421,0.026207303628325462,0.026207303628325462
annotated,VEO3,6c8440d7-7089-5f5f-ab74-71c629d6c9ef.mp4,patch_only,,0.1,0.9,same_grid_second_order,,,,,bottomk_mean,0.4,3,3,0.03356890380382538,0.002944640815258026,0.006007066927850246,0.006007066927850246
annotated,VEO3,6cb41b52-3c5b-510d-b7ba-30173ee5c4f0.mp4,patch_only,,0.1,0.9,same_grid_second_order,,,,,bottomk_mean,0.4,3,3,0.3150765597820282,0.03474676236510277,0.0627797394990921,0.0627797394990921
annotated,VEO3,6cff6ed2-ef62-5726-9ae0-e1342299da13.mp4,patch_only,,0.1,0.9,same_grid_second_order,,,,,bottomk_mean,0.4,3,3,0.010011778213083744,0.0005889281746931374,0.001531213172711432,0.001531213172711432
annotated,VEO3,6d0bca62-159a-5402-bdf7-9f16784295d4.mp4,patch_only,,0.1,0.9,same_grid_second_order,,,,,bottomk_mean,0.4,3,3,0.002944640815258026,0.03297997638583183,0.029976442456245422,0.029976442456245422
annotated,VEO3,6d1eeb70-0d9f-5c3b-a23b-df2e969b82e5.mp4,patch_only,,0.1,0.9,same_grid_second_order,,,,,bottomk_mean,0.4,3,3,0.005300353281199932,0.0035335689317435026,0.003710247343406081,0.003710247343406081
annotated,VEO3,6d387e92-de9c-5415-88c7-1bbb2bb81b09.mp4,patch_only,,0.1,0.9,same_grid_second_order,,,,,bottomk_mean,0.4,3,3,0.48115429282188416,0.030035335570573807,0.07514723390340805,0.07514723390340805
annotated,VEO3,6d95cb42-3210-5197-ad78-d25fbaf03226.mp4,patch_only,,0.1,0.9,same_grid_second_order,,,,,bottomk_mean,0.4,3,3,0.3727915287017822,0.0677267387509346,0.09823321551084518,0.09823321551084518
annotated,VEO3,6da89bfb-a519-544a-a3dd-7b7ce31e3b4c.mp4,patch_only,,0.1,0.9,same_grid_second_order,,,,,bottomk_mean,0.4,3,3,0.12485276907682419,0.018256772309541702,0.02891637198626995,0.02891637198626995
annotated,VEO3,6daf0e96-715e-5b21-b4c7-fae8bff60d94.mp4,patch_only,,0.1,0.9,same_grid_second_order,,,,,bottomk_mean,0.4,3,3,0.020023556426167488,0.0005889281746931374,0.002532391110435128,0.002532391110435128
annotated,VEO3,6dbe2ab3-ca54-508e-864f-136c7ccdf1de.mp4,patch_only,,0.1,0.9,same_grid_second_order,,,,,bottomk_mean,0.4,3,3,0.027679622173309326,0.0035335689317435026,0.005948174279183149,0.005948174279183149
annotated,VEO3,6dc1ac73-6f77-59ac-a7ef-f80bbcf123fc.mp4,patch_only,,0.1,0.9,same_grid_second_order,,,,,bottomk_mean,0.4,3,3,0.041224971413612366,0.018845701590180397,0.02108362689614296,0.02108362689614296
annotated,VEO3,6e141b1b-eb2b-583b-9979-a261ae6a3ef9.mp4,patch_only,,0.1,0.9,same_grid_second_order,,,,,bottomk_mean,0.4,3,3,0.18080094456672668,0.04475853964686394,0.05836277827620506,0.05836277827620506
annotated,VEO3,6e1ee022-3c45-5fd6-977b-e9f984b4fe84.mp4,patch_only,,0.1,0.9,same_grid_second_order,,,,,bottomk_mean,0.4,3,3,0.32096585631370544,0.06301531195640564,0.08881036192178726,0.08881036192178726
annotated,VEO3,6e228395-f606-5d0f-bcd7-3860e029b4d3.mp4,patch_only,,0.1,0.9,same_grid_second_order,,,,,bottomk_mean,0.4,3,3,0.0,0.002944640815258026,0.002650176640599966,0.002650176640599966
annotated,VEO3,6e2aa7c0-c573-59ed-9061-54b5ba114f1d.mp4,patch_only,,0.1,0.9,same_grid_second_order,,,,,bottomk_mean,0.4,3,3,0.1054181382060051,0.005300353281199932,0.015312131494283676,0.015312131494283676
annotated,VEO3,6e67a5d3-675c-53e0-ad92-186d207a2892.mp4,patch_only,,0.1,0.9,same_grid_second_order,,,,,bottomk_mean,0.4,3,3,0.050058893859386444,0.10659599304199219,0.10094228386878967,0.10094228386878967
annotated,VEO3,6ea5bedb-ce54-521a-b4bb-8e6c657bfc3c.mp4,patch_only,,0.1,0.9,same_grid_second_order,,,,,bottomk_mean,0.4,3,3,0.05300353467464447,0.01295641902834177,0.016961131244897842,0.016961131244897842
annotated,VEO3,6eba20f8-8436-5997-af48-f61154d57936.mp4,patch_only,,0.1,0.9,same_grid_second_order,,,,,bottomk_mean,0.4,3,3,0.23203769326210022,0.09305065125226974,0.1069493517279625,0.1069493517279625
annotated,VEO3,6ebd5001-4d7d-52b1-b2bd-17c89691a401.mp4,patch_only,,0.1,0.9,same_grid_second_order,,,,,bottomk_mean,0.4,3,3,0.38987043499946594,0.022968197241425514,0.05965842306613922,0.05965842306613922
annotated,VEO3,6ed3fbb6-bcc2-5337-8e8d-768d9fc51c01.mp4,patch_only,,0.1,0.9,same_grid_second_order,,,,,bottomk_mean,0.4,3,3,0.38103652000427246,0.018845701590180397,0.05506478250026703,0.05506478250026703
annotated,VEO3,6ede0686-eeb6-59f0-86c6-0083dbcc599c.mp4,patch_only,,0.1,0.9,same_grid_second_order,,,,,bottomk_mean,0.4,3,3,0.2809187173843384,0.007067137863487005,0.034452296793460846,0.034452296793460846
annotated,VEO3,6f21e358-d8c0-5019-86b5-ea9a063109b0.mp4,patch_only,,0.1,0.9,same_grid_second_order,,,,,bottomk_mean,0.4,3,3,0.018845701590180397,0.007067137863487005,0.008244994096457958,0.008244994096457958
annotated,VEO3,6f44b123-ff5a-5c1a-8571-c5852024b79b.mp4,patch_only,,0.1,0.9,same_grid_second_order,,,,,bottomk_mean,0.4,3,3,0.528268575668335,0.08244994282722473,0.12703180313110352,0.12703180313110352
annotated,VEO3,6f51f17b-203d-59e3-b6c1-c9bb8b239028.mp4,patch_only,,0.1,0.9,same_grid_second_order,,,,,bottomk_mean,0.4,3,3,0.1601884514093399,0.03592461720108986,0.04835100099444389,0.04835100099444389
annotated,VEO3,6f6520d9-2823-5b8b-8d1b-0606f37be969.mp4,patch_only,,0.1,0.9,same_grid_second_order,,,,,bottomk_mean,0.4,3,3,0.08127208799123764,0.026501767337322235,0.0319787971675396,0.0319787971675396
annotated,VEO3,6f89431e-2dac-5c85-8354-501f54c66438.mp4,patch_only,,0.1,0.9,same_grid_second_order,,,,,bottomk_mean,0.4,3,3,0.0,0.0005889281746931374,0.0005300353514030576,0.0005300353514030576
annotated,VEO3,6fb853c5-5795-5f8a-9333-556e245f1aed.mp4,patch_only,,0.1,0.9,same_grid_second_order,,,,,bottomk_mean,0.4,3,3,0.0005889281746931374,0.004122497048228979,0.003769140224903822,0.003769140224903822
annotated,VEO3,6fcfd9c5-a694-544a-b8cc-1974fb603665.mp4,patch_only,,0.1,0.9,same_grid_second_order,,,,,bottomk_mean,0.4,3,3,0.12720848619937897,0.011778563261032104,0.02332155406475067,0.02332155406475067
annotated,VEO3,7031af50-a483-57a1-bf81-1acfe50b91ce.mp4,patch_only,,0.1,0.9,same_grid_second_order,,,,,bottomk_mean,0.4,3,3,0.5141342878341675,0.2826855182647705,0.3058303892612457,0.3058303892612457
annotated,VEO3,703a93db-65b4-5010-b570-7e053a8c5de5.mp4,patch_only,,0.1,0.9,same_grid_second_order,,,,,bottomk_mean,0.4,3,3,0.7579505443572998,0.30035334825515747,0.34611308574676514,0.34611308574676514
annotated,VEO3,704e01d3-fc85-5887-83ce-662df24c6053.mp4,patch_only,,0.1,0.9,same_grid_second_order,,,,,bottomk_mean,0.4,3,3,0.17903415858745575,0.04416961222887039,0.05765606462955475,0.05765606462955475
annotated,VEO3,7055967c-4f93-5424-a292-353e943b6b35.mp4,patch_only,,0.1,0.9,same_grid_second_order,,,,,bottomk_mean,0.4,3,3,0.2473498284816742,0.10718492418527603,0.12120141088962555,0.12120141088962555
annotated,VEO3,7096f3e3-db59-5660-b7cc-6ebb5b9a47b9.mp4,patch_only,,0.1,0.9,same_grid_second_order,,,,,bottomk_mean,0.4,3,3,0.10718492418527603,0.02473498322069645,0.03297997638583183,0.03297997638583183
annotated,VEO3,70c08067-50b4-5a05-ab40-039fb8e066ed.mp4,patch_only,,0.1,0.9,same_grid_second_order,,,,,bottomk_mean,0.4,3,3,0.017078915610909462,0.011189634911715984,0.011778563261032104,0.011778563261032104
annotated,VEO3,70c7c49c-06f9-5484-b3af-0c5e7102b840.mp4,patch_only,,0.1,0.9,same_grid_second_order,,,,,bottomk_mean,0.4,3,3,0.20789164304733276,0.03239104896783829,0.049941107630729675,0.049941107630729675
annotated,VEO3,70e89108-ec94-5021-8f30-d383448eeba5.mp4,patch_only,,0.1,0.9,same_grid_second_order,,,,,bottomk_mean,0.4,3,3,0.004122497048228979,0.002944640815258026,0.003062426345422864,0.003062426345422864
annotated,VEO3,70e97c9a-20fe-5050-aa8c-402f9a16befa.mp4,patch_only,,0.1,0.9,same_grid_second_order,,,,,bottomk_mean,0.4,3,3,0.0,0.0005889281746931374,0.0005300353514030576,0.0005300353514030576
annotated,VEO3,70f8e731-5186-5245-abdc-9f4708a06713.mp4,patch_only,,0.1,0.9,same_grid_second_order,,,,,bottomk_mean,0.4,3,3,0.5159010887145996,0.3174322843551636,0.33727914094924927,0.33727914094924927
annotated,VEO3,7138b91b-6a26-5a71-841e-e213023b03b9.mp4,patch_only,,0.1,0.9,same_grid_second_order,,,,,bottomk_mean,0.4,3,3,0.3674911558628082,0.26737338304519653,0.2773851454257965,0.2773851454257965
annotated,VEO3,7144c559-686c-57a4-a2b3-1f108f99a1ce.mp4,patch_only,,0.1,0.9,same_grid_second_order,,,,,bottomk_mean,0.4,3,3,0.05300353467464447,0.08244994282722473,0.0795053020119667,0.0795053020119667
annotated,VEO3,719d75e3-1b23-52cd-bb07-e52f5afe080a.mp4,patch_only,,0.1,0.9,same_grid_second_order,,,,,bottomk_mean,0.4,3,3,0.15429916977882385,0.07891637086868286,0.08645465224981308,0.08645465224981308
annotated,VEO3,71ae6a07-6e81-5e61-9b0a-60af41e0358b.mp4,patch_only,,0.1,0.9,same_grid_second_order,,,,,bottomk_mean,0.4,3,3,0.4893992841243744,0.31036514043807983,0.32826855778694153,0.32826855778694153
annotated,VEO3,71b519ca-6596-5a0d-aa93-3857c91bfacf.mp4,patch_only,,0.1,0.9,same_grid_second_order,,,,,bottomk_mean,0.4,3,3,0.0023557126987725496,0.004122497048228979,0.0039458186365664005,0.0039458186365664005
annotated,VEO3,71c1e188-f3a8-5e38-a8b0-b04d56fa6640.mp4,patch_only,,0.1,0.9,same_grid_second_order,,,,,bottomk_mean,0.4,3,3,0.3816254436969757,0.11130741983652115,0.13833922147750854,0.13833922147750854
annotated,VEO3,71c1f033-fb87-52e0-8dc7-57774ee6bdcb.mp4,patch_only,,0.1,0.9,same_grid_second_order,,,,,bottomk_mean,0.4,3,3,0.017078915610909462,0.011189634911715984,0.011778563261032104,0.011778563261032104
annotated,VEO3,71c9389b-c85f-5711-9ea9-79c8fc53e058.mp4,patch_only,,0.1,0.9,same_grid_second_order,,,,,bottomk_mean,0.4,3,3,0.017078915610909462,0.007067137863487005,0.00806831568479538,0.00806831568479538
annotated,VEO3,7230face-7c20-5a2b-a234-0d6c4ad5c9e8.mp4,patch_only,,0.1,0.9,same_grid_second_order,,,,,bottomk_mean,0.4,3,3,0.07832744717597961,0.002944640815258026,0.01048292126506567,0.01048292126506567
annotated,VEO3,72b082be-3d32-5c7a-a0d6-6f635e848db3.mp4,patch_only,,0.1,0.9,same_grid_second_order,,,,,bottomk_mean,0.4,3,3,0.01472320407629013,0.01295641902834177,0.013133097440004349,0.013133097440004349
annotated,VEO3,72b4d127-9fea-56a4-bb82-8df1159898cc.mp4,patch_only,,0.1,0.9,same_grid_second_order,,,,,bottomk_mean,0.4,3,3,0.03356890380382538,0.07126030325889587,0.06749116629362106,0.06749116629362106
annotated,VEO3,72c315aa-97fb-5d49-b973-db51d28ee486.mp4,patch_only,,0.1,0.9,same_grid_second_order,,,,,bottomk_mean,0.4,3,3,0.062426384538412094,0.038869258016347885,0.041224971413612366,0.041224971413612366
annotated,VEO3,72c9fcf5-4c34-5e2b-a8ad-8ac6c2dfbf6b.mp4,patch_only,,0.1,0.9,same_grid_second_order,,,,,bottomk_mean,0.4,3,3,0.6590105891227722,0.038869258016347885,0.10088339447975159,0.10088339447975159
annotated,VEO3,72da15a0-e2d3-56dc-8d44-e557914b7381.mp4,patch_only,,0.1,0.9,same_grid_second_order,,,,,bottomk_mean,0.4,3,3,0.515312135219574,0.17078916728496552,0.20524145662784576,0.20524145662784576
annotated,VEO3,731e8ece-9e9d-5b4c-a127-58e535328fc2.mp4,patch_only,,0.1,0.9,same_grid_second_order,,,,,bottomk_mean,0.4,3,3,0.008244994096457958,0.008833922445774078,0.008775029331445694,0.008775029331445694
annotated,VEO3,73358aa4-9216-58f2-8bf1-03760f336b42.mp4,patch_only,,0.1,0.9,same_grid_second_order,,,,,bottomk_mean,0.4,3,3,0.08951707929372787,0.04534746706485748,0.04976442828774452,0.04976442828774452
annotated,VEO3,7346638c-15fc-55f6-b6db-7a263e6cc043.mp4,patch_only,,0.1,0.9,same_grid_second_order,,,,,bottomk_mean,0.4,3,3,0.018845701590180397,0.0035335689317435026,0.005064782220870256,0.005064782220870256
annotated,VEO3,7364b36b-0218-5351-b148-6f97641f5f27.mp4,patch_only,,0.1,0.9,same_grid_second_order,,,,,bottomk_mean,0.4,3,3,0.05535924434661865,0.009422850795090199,0.014016490429639816,0.014016490429639816
annotated,VEO3,73a1f86f-ccf8-55f9-a4df-399f35407f0c.mp4,patch_only,,0.1,0.9,same_grid_second_order,,,,,bottomk_mean,0.4,3,3,0.2614840865135193,0.0677267387509346,0.08710247278213501,0.08710247278213501
annotated,VEO3,73e5dfe6-052c-522c-b1fc-30bbbee9793d.mp4,patch_only,,0.1,0.9,same_grid_second_order,,,,,bottomk_mean,0.4,3,3,0.006478209514170885,0.0035335689317435026,0.003828032873570919,0.003828032873570919
annotated,VEO3,744aaa6a-38db-5de6-bb0e-be2455e72359.mp4,patch_only,,0.1,0.9,same_grid_second_order,,,,,bottomk_mean,0.4,3,3,0.03828033059835434,0.012367491610348225,0.014958774670958519,0.014958774670958519
annotated,VEO3,74bb3761-ef8b-5875-9c51-1c730b2c3cef.mp4,patch_only,,0.1,0.9,same_grid_second_order,,,,,bottomk_mean,0.4,3,3,0.48115429282188416,0.4946996569633484,0.49334511160850525,0.49334511160850525
annotated,VEO3,74cb0447-1b76-57b8-8a4a-883e8d5dbb8b.mp4,patch_only,,0.1,0.9,same_grid_second_order,,,,,bottomk_mean,0.4,3,3,0.08362779766321182,0.030035335570573807,0.0353945828974247,0.0353945828974247
annotated,VEO3,750e5c41-13c2-59f9-9fb6-049bdbe1d74d.mp4,patch_only,,0.1,0.9,same_grid_second_order,,,,,bottomk_mean,0.4,3,3,0.0,0.0,0.0,0.0
annotated,VEO3,75260b47-1039-5326-afda-904ec6f1e49f.mp4,patch_only,,0.1,0.9,same_grid_second_order,,,,,bottomk_mean,0.4,3,3,0.4363957643508911,0.02473498322069645,0.06590106338262558,0.06590106338262558
annotated,VEO3,75282ca5-120a-5824-9811-0678c7ea6694.mp4,patch_only,,0.1,0.9,same_grid_second_order,,,,,bottomk_mean,0.4,3,3,0.1784452348947525,0.01295641902834177,0.029505301266908646,0.029505301266908646
annotated,VEO3,752c39af-bc04-5257-912f-493417c471b5.mp4,patch_only,,0.1,0.9,same_grid_second_order,,,,,bottomk_mean,0.4,3,3,0.010600706562399864,0.0023557126987725496,0.0031802121084183455,0.0031802121084183455
annotated,VEO3,7541eaf1-9cc8-522d-954e-d95955334c3c.mp4,patch_only,,0.1,0.9,same_grid_second_order,,,,,bottomk_mean,0.4,3,3,0.633097767829895,0.15253238379955292,0.20058892667293549,0.20058892667293549
annotated,VEO3,754c24ad-36c8-5eee-b1ad-eb0e0b4911dd.mp4,patch_only,,0.1,0.9,same_grid_second_order,,,,,bottomk_mean,0.4,3,3,0.02709069475531578,0.01295641902834177,0.014369847252964973,0.014369847252964973
annotated,VEO3,755442d0-337d-54b6-bf30-59fb4331fa85.mp4,patch_only,,0.1,0.9,same_grid_second_order,,,,,bottomk_mean,0.4,3,3,0.12956419587135315,0.009422850795090199,0.021436985582113266,0.021436985582113266
annotated,VEO3,756ddd2b-9b0f-535a-8a32-d424301fe6b6.mp4,patch_only,,0.1,0.9,same_grid_second_order,,,,,bottomk_mean,0.4,3,3,0.6319199204444885,0.3162544071674347,0.3478209674358368,0.3478209674358368
annotated,VEO3,7570a014-178f-5921-8509-9f60e310b193.mp4,patch_only,,0.1,0.9,same_grid_second_order,,,,,bottomk_mean,0.4,3,3,0.2461719661951065,0.0035335689317435026,0.027797408401966095,0.027797408401966095
annotated,VEO3,757777f2-d776-555b-905b-a963fe5906f4.mp4,patch_only,,0.1,0.9,same_grid_second_order,,,,,bottomk_mean,0.4,3,3,0.5294464230537415,0.035335689783096313,0.08474676311016083,0.08474676311016083
annotated,VEO3,758fec1a-8da7-5358-a4d5-476ff977017b.mp4,patch_only,,0.1,0.9,same_grid_second_order,,,,,bottomk_mean,0.4,3,3,0.03592461720108986,0.07008244842290878,0.06666667014360428,0.06666667014360428
annotated,VEO3,759f38e8-cbb8-5b86-8ed9-36c48b36c3be.mp4,patch_only,,0.1,0.9,same_grid_second_order,,,,,bottomk_mean,0.4,3,3,0.08127208799123764,0.08716136962175369,0.08657243847846985,0.08657243847846985
annotated,VEO3,75bce02e-61eb-5d54-939e-18ba156b5ab2.mp4,patch_only,,0.1,0.9,same_grid_second_order,,,,,bottomk_mean,0.4,3,3,0.06890459358692169,0.0023557126987725496,0.009010600857436657,0.009010600857436657
annotated,VEO3,75e83cd2-fc1d-545e-9008-c6628c7da07c.mp4,patch_only,,0.1,0.9,same_grid_second_order,,,,,bottomk_mean,0.4,3,3,0.06890459358692169,0.05653710290789604,0.05777385085821152,0.05777385085821152
annotated,VEO3,75f41f8a-5832-5053-ae4f-f8f32f3c2eb5.mp4,patch_only,,0.1,0.9,same_grid_second_order,,,,,bottomk_mean,0.4,3,3,0.5577149391174316,0.3922261595726013,0.4087750315666199,0.4087750315666199
annotated,VEO3,76108a70-3200-589a-9770-5e41431cc6ba.mp4,patch_only,,0.1,0.9,same_grid_second_order,,,,,bottomk_mean,0.4,3,3,0.5017668008804321,0.1484098881483078,0.1837455779314041,0.1837455779314041
annotated,VEO3,761ab321-303d-5dcb-ad2c-432aaded7206.mp4,patch_only,,0.1,0.9,same_grid_second_order,,,,,bottomk_mean,0.4,3,3,0.005889281630516052,0.0035335689317435026,0.003769140224903822,0.003769140224903822
annotated,VEO3,762ec1fa-b98e-5e7f-ab80-c357a5d68288.mp4,patch_only,,0.1,0.9,same_grid_second_order,,,,,bottomk_mean,0.4,3,3,0.41872790455818176,0.06654888391494751,0.10176678746938705,0.10176678746938705
annotated,VEO3,762f7e48-878b-5960-a59b-d3e20e131367.mp4,patch_only,,0.1,0.9,same_grid_second_order,,,,,bottomk_mean,0.4,3,3,0.0989399328827858,0.005300353281199932,0.014664310961961746,0.014664310961961746
annotated,VEO3,767ac1fb-fb28-5dc2-af12-b4ee6751de10.mp4,patch_only,,0.1,0.9,same_grid_second_order,,,,,bottomk_mean,0.4,3,3,0.1054181382060051,0.019434629008173943,0.028032980859279633,0.028032980859279633
annotated,VEO3,76af3190-1032-51ba-92ff-df9fc35757d9.mp4,patch_only,,0.1,0.9,same_grid_second_order,,,,,bottomk_mean,0.4,3,3,0.46054181456565857,0.004122497048228979,0.04976442828774452,0.04976442828774452
annotated,VEO3,76d821de-62f1-5c6d-9536-256bf634f3c9.mp4,patch_only,,0.1,0.9,same_grid_second_order,,,,,bottomk_mean,0.4,3,3,0.2526501715183258,0.09305065125226974,0.10901059955358505,0.10901059955358505
annotated,VEO3,773d7a3f-a76c-5c8e-a904-617c4ea3e520.mp4,patch_only,,0.1,0.9,same_grid_second_order,,,,,bottomk_mean,0.4,3,3,0.4075382947921753,0.10600706934928894,0.13616019487380981,0.13616019487380981
annotated,VEO3,77711399-2722-5788-aafc-5b15d23ab533.mp4,patch_only,,0.1,0.9,same_grid_second_order,,,,,bottomk_mean,0.4,3,3,0.07714958488941193,0.027679622173309326,0.032626617699861526,0.032626617699861526
annotated,VEO3,7785b6bf-9a6c-571c-80ac-0b6dd49d9706.mp4,patch_only,,0.1,0.9,same_grid_second_order,,,,,bottomk_mean,0.4,3,3,0.1236749142408371,0.08244994282722473,0.08657243847846985,0.08657243847846985
annotated,VEO3,778cdeee-8f2f-5b86-839d-372842e06dea.mp4,patch_only,,0.1,0.9,same_grid_second_order,,,,,bottomk_mean,0.4,3,3,0.4352179169654846,0.005300353281199932,0.04829210788011551,0.04829210788011551
annotated,VEO3,7799188f-884c-59c4-b503-f7f78f9c326f.mp4,patch_only,,0.1,0.9,same_grid_second_order,,,,,bottomk_mean,0.4,3,3,0.015312131494283676,0.01295641902834177,0.013191990554332733,0.013191990554332733
annotated,VEO3,77b50266-9139-5c7a-b14e-f1e3683121cb.mp4,patch_only,,0.1,0.9,same_grid_second_order,,,,,bottomk_mean,0.4,3,3,0.09305065125226974,0.0005889281746931374,0.009835099801421165,0.009835099801421165
annotated,VEO3,77f4cd04-33a3-507c-ba6b-7f70b2938cec.mp4,patch_only,,0.1,0.9,same_grid_second_order,,,,,bottomk_mean,0.4,3,3,0.21790342032909393,0.011778563261032104,0.03239104896783829,0.03239104896783829
annotated,VEO3,77f7bfcb-9da8-5ab8-97ad-99612b5a5b9a.mp4,patch_only,,0.1,0.9,same_grid_second_order,,,,,bottomk_mean,0.4,3,3,0.05535924434661865,0.01472320407629013,0.018786808475852013,0.018786808475852013
annotated,VEO3,785d6b79-40bf-5e19-b7a3-b4c8bc141149.mp4,patch_only,,0.1,0.9,same_grid_second_order,,,,,bottomk_mean,0.4,3,3,0.0,0.0023557126987725496,0.0021201414056122303,0.0021201414056122303
annotated,VEO3,78673e41-1a19-58f3-b9a0-f544076d3c08.mp4,patch_only,,0.1,0.9,same_grid_second_order,,,,,bottomk_mean,0.4,3,3,0.4764428734779358,0.17726737260818481,0.20718492567539215,0.20718492567539215
annotated,VEO3,789e6afe-eb83-59fe-a460-3203e18ced7c.mp4,patch_only,,0.1,0.9,same_grid_second_order,,,,,bottomk_mean,0.4,3,3,0.29505300521850586,0.026501767337322235,0.05335688963532448,0.05335688963532448
annotated,VEO3,78f1cdf4-26b4-5009-a290-169c73df6769.mp4,patch_only,,0.1,0.9,same_grid_second_order,,,,,bottomk_mean,0.4,3,3,0.0,0.0005889281746931374,0.0005300353514030576,0.0005300353514030576
annotated,VEO3,78fb3604-e34b-5fed-8040-d2c35560fd09.mp4,patch_only,,0.1,0.9,same_grid_second_order,,,,,bottomk_mean,0.4,3,3,0.31978797912597656,0.007656065747141838,0.038869258016347885,0.038869258016347885
annotated,VEO3,792403f2-061a-5e71-aa63-bdc408e28b72.mp4,patch_only,,0.1,0.9,same_grid_second_order,,,,,bottomk_mean,0.4,3,3,0.062426384538412094,0.020612485706806183,0.024793874472379684,0.024793874472379684
annotated,VEO3,7996805e-1dee-5db1-a815-9858b3e77ff8.mp4,patch_only,,0.1,0.9,same_grid_second_order,,,,,bottomk_mean,0.4,3,3,0.08775029331445694,0.004122497048228979,0.012485276907682419,0.012485276907682419
annotated,VEO3,799d862b-c6f1-516c-8e24-f3338d241b74.mp4,patch_only,,0.1,0.9,same_grid_second_order,,,,,bottomk_mean,0.4,3,3,0.09069493412971497,0.010011778213083744,0.0180800948292017,0.0180800948292017
annotated,VEO3,79eb0fd1-de3a-506d-b155-529de0b509f3.mp4,patch_only,,0.1,0.9,same_grid_second_order,,,,,bottomk_mean,0.4,3,3,0.002944640815258026,0.024146053940057755,0.02202591300010681,0.02202591300010681
annotated,VEO3,7a172971-d06c-513e-b580-30c2956b27af.mp4,patch_only,,0.1,0.9,same_grid_second_order,,,,,bottomk_mean,0.4,3,3,0.16372202336788177,0.10306242853403091,0.10912838578224182,0.10912838578224182
annotated,VEO3,7a7daf10-af66-5d6d-8142-b83ce8360e4c.mp4,patch_only,,0.1,0.9,same_grid_second_order,,,,,bottomk_mean,0.4,3,3,0.07832744717597961,0.02473498322069645,0.03009422868490219,0.03009422868490219
annotated,VEO3,7a834007-f163-58b2-80c9-e8851dfa2925.mp4,patch_only,,0.1,0.9,same_grid_second_order,,,,,bottomk_mean,0.4,3,3,0.07773851603269577,0.0023557126987725496,0.00989399291574955,0.00989399291574955
annotated,VEO3,7aae4511-78e8-5071-84f3-9d3f02bc8a74.mp4,patch_only,,0.1,0.9,same_grid_second_order,,,,,bottomk_mean,0.4,3,3,0.14782096445560455,0.027679622173309326,0.03969375789165497,0.03969375789165497
annotated,VEO3,7ad36116-9a1e-54ed-b2fc-f70e317d0556.mp4,patch_only,,0.1,0.9,same_grid_second_order,,,,,bottomk_mean,0.4,3,3,0.15135453641414642,0.05182567611336708,0.061778564006090164,0.061778564006090164
annotated,VEO3,7aeb18dd-a0fc-512a-9110-35e9feacf4d5.mp4,patch_only,,0.1,0.9,same_grid_second_order,,,,,bottomk_mean,0.4,3,3,0.0,0.011778563261032104,0.010600706562399864,0.010600706562399864
annotated,VEO3,7af145df-47a9-57d1-bbf9-5a9de052c9db.mp4,patch_only,,0.1,0.9,same_grid_second_order,,,,,bottomk_mean,0.4,3,3,0.016489988192915916,0.004122497048228979,0.0053592463955283165,0.0053592463955283165
annotated,VEO3,7b88d6a5-e35f-5c3a-87d1-f403874c3187.mp4,patch_only,,0.1,0.9,same_grid_second_order,,,,,bottomk_mean,0.4,3,3,0.42756184935569763,0.0795053020119667,0.11431095749139786,0.11431095749139786
annotated,VEO3,7bcb0a0d-8c90-5f67-8bc4-8f5ad4d55054.mp4,patch_only,,0.1,0.9,same_grid_second_order,,,,,bottomk_mean,0.4,3,3,0.3775029480457306,0.02826855145394802,0.0631919875741005,0.0631919875741005
annotated,VEO3,7be45b86-ec35-5d20-8043-8a827f8128ec.mp4,patch_only,,0.1,0.9,same_grid_second_order,,,,,bottomk_mean,0.4,3,3,0.0005889281746931374,0.0005889281746931374,0.0005889281746931374,0.0005889281746931374
annotated,VEO3,7bede200-626c-5048-b12b-726f2bf7f956.mp4,patch_only,,0.1,0.9,same_grid_second_order,,,,,bottomk_mean,0.4,3,3,0.3804475963115692,0.11248527467250824,0.1392815113067627,0.1392815113067627
annotated,VEO3,7bf68760-6934-5622-93f7-20f9592c3c00.mp4,patch_only,,0.1,0.9,same_grid_second_order,,,,,bottomk_mean,0.4,3,3,0.30035334825515747,0.09187278896570206,0.11272084712982178,0.11272084712982178
annotated,VEO3,7c1b10ff-a086-55b5-a4ba-56335bc2eba7.mp4,patch_only,,0.1,0.9,same_grid_second_order,,,,,bottomk_mean,0.4,3,3,0.2632508873939514,0.03474676236510277,0.057597171515226364,0.057597171515226364
annotated,VEO3,7c2bdffd-9317-5399-8725-0cd739d2a561.mp4,patch_only,,0.1,0.9,same_grid_second_order,,,,,bottomk_mean,0.4,3,3,0.32096585631370544,0.4387514591217041,0.426972895860672,0.426972895860672
annotated,VEO3,7c3c8736-3aaf-5185-b680-68a6dc27287f.mp4,patch_only,,0.1,0.9,same_grid_second_order,,,,,bottomk_mean,0.4,3,3,0.022968197241425514,0.009422850795090199,0.010777384974062443,0.010777384974062443
annotated,VEO3,7c3fce54-983a-557d-94e9-777712fc8d38.mp4,patch_only,,0.1,0.9,same_grid_second_order,,,,,bottomk_mean,0.4,3,3,0.38987043499946594,0.14605417847633362,0.1704358011484146,0.1704358011484146
annotated,VEO3,7c41398b-8e96-5368-ae4b-12b3fc0040c9.mp4,patch_only,,0.1,0.9,same_grid_second_order,,,,,bottomk_mean,0.4,3,3,0.3180212080478668,0.036513544619083405,0.0646643117070198,0.0646643117070198
annotated,VEO3,7c9c6e52-5925-5a05-85f4-a28fe9199224.mp4,patch_only,,0.1,0.9,same_grid_second_order,,,,,bottomk_mean,0.4,3,3,0.0806831568479538,0.002944640815258026,0.010718492791056633,0.010718492791056633
annotated,VEO3,7d0a887f-4519-520a-b903-e0a1b5cbc7e4.mp4,patch_only,,0.1,0.9,same_grid_second_order,,,,,bottomk_mean,0.4,3,3,0.07126030325889587,0.007067137863487005,0.013486454263329506,0.013486454263329506
annotated,VEO3,7d14f188-7f5e-5fee-a00a-e80a1941f346.mp4,patch_only,,0.1,0.9,same_grid_second_order,,,,,bottomk_mean,0.4,3,3,0.04711425304412842,0.0023557126987725496,0.006831566337496042,0.006831566337496042
annotated,VEO3,7d1d6eee-44df-53a6-be3d-23e4a8147e0e.mp4,patch_only,,0.1,0.9,same_grid_second_order,,,,,bottomk_mean,0.4,3,3,0.07773851603269577,0.0035335689317435026,0.010954063385725021,0.010954063385725021
annotated,VEO3,7d25a5db-cf77-58f9-b4c8-ce7d120dd1d7.mp4,patch_only,,0.1,0.9,same_grid_second_order,,,,,bottomk_mean,0.4,3,3,0.07479387521743774,0.16725559532642365,0.15800942480564117,0.15800942480564117
annotated,VEO3,7d4d4527-8ffa-581a-9b24-371109374f7d.mp4,patch_only,,0.1,0.9,same_grid_second_order,,,,,bottomk_mean,0.4,3,3,0.22025913000106812,0.031213192269206047,0.05011778697371483,0.05011778697371483
annotated,VEO3,7d737a59-90c5-5e72-8a4b-9ca05f52b505.mp4,patch_only,,0.1,0.9,same_grid_second_order,,,,,bottomk_mean,0.4,3,3,0.008833922445774078,0.0005889281746931374,0.0014134275261312723,0.0014134275261312723
annotated,VEO3,7dabaa26-d8fc-5d55-87a0-3f32e1c928fa.mp4,patch_only,,0.1,0.9,same_grid_second_order,,,,,bottomk_mean,0.4,3,3,0.4764428734779358,0.03474676236510277,0.07891637086868286,0.07891637086868286
annotated,VEO3,7dba9eb5-d1ac-58f5-83ff-0f02b530d5ae.mp4,patch_only,,0.1,0.9,same_grid_second_order,,,,,bottomk_mean,0.4,3,3,0.34982332587242126,0.08362779766321182,0.11024735122919083,0.11024735122919083
annotated,VEO3,7df0eb21-d437-5571-8196-2a206ff10e03.mp4,patch_only,,0.1,0.9,same_grid_second_order,,,,,bottomk_mean,0.4,3,3,0.16077739000320435,0.04534746706485748,0.05689045786857605,0.05689045786857605
annotated,VEO3,7e46013a-2d87-5d09-adeb-81102d846211.mp4,patch_only,,0.1,0.9,same_grid_second_order,,,,,bottomk_mean,0.4,3,3,0.0,0.0005889281746931374,0.0005300353514030576,0.0005300353514030576
annotated,VEO3,7eb6c5e7-306b-5972-a6b7-4448747d5753.mp4,patch_only,,0.1,0.9,same_grid_second_order,,,,,bottomk_mean,0.4,3,3,0.002944640815258026,0.0005889281746931374,0.0008244994096457958,0.0008244994096457958
annotated,VEO3,7ecca0ff-2d4b-561f-a0f8-f58235c5daf0.mp4,patch_only,,0.1,0.9,same_grid_second_order,,,,,bottomk_mean,0.4,3,3,0.008833922445774078,0.007067137863487005,0.007243816275149584,0.007243816275149584
annotated,VEO3,7ed621f7-d862-5d23-9896-7a39273179e6.mp4,patch_only,,0.1,0.9,same_grid_second_order,,,,,bottomk_mean,0.4,3,3,0.0005889281746931374,0.0005889281746931374,0.0005889281746931374,0.0005889281746931374
annotated,VEO3,7eda6ff7-a073-5c92-830b-9fba292a80d6.mp4,patch_only,,0.1,0.9,same_grid_second_order,,,,,bottomk_mean,0.4,3,3,0.0806831568479538,0.432273268699646,0.39711424708366394,0.39711424708366394
annotated,VEO3,7eec30bb-41b6-537d-8a86-076e36ce4ab8.mp4,patch_only,,0.1,0.9,same_grid_second_order,,,,,bottomk_mean,0.4,3,3,0.3539458215236664,0.18845701217651367,0.20500588417053223,0.20500588417053223
annotated,VEO3,7ef3eb3f-e598-5ad3-9c8c-3db0d11a9387.mp4,patch_only,,0.1,0.9,same_grid_second_order,,,,,bottomk_mean,0.4,3,3,0.05418138951063156,0.009422850795090199,0.013898704200983047,0.013898704200983047
annotated,VEO3,7f23bea7-42f5-5315-9c36-690ee2d445dc.mp4,patch_only,,0.1,0.9,same_grid_second_order,,,,,bottomk_mean,0.4,3,3,0.031213192269206047,0.01295641902834177,0.01478209625929594,0.01478209625929594
annotated,VEO3,7f8ba2ee-6d96-56c9-8602-c0acf3e677d1.mp4,patch_only,,0.1,0.9,same_grid_second_order,,,,,bottomk_mean,0.4,3,3,0.15842166543006897,0.002944640815258026,0.01849234476685524,0.01849234476685524
annotated,VEO3,7fea4b36-b8eb-5951-9231-e4ba26d2a627.mp4,patch_only,,0.1,0.9,same_grid_second_order,,,,,bottomk_mean,0.4,3,3,0.23085983097553253,0.028857478871941566,0.04905771464109421,0.04905771464109421
annotated,VEO3,8015f2ca-3c34-5ccb-9552-cce4238a5576.mp4,patch_only,,0.1,0.9,same_grid_second_order,,,,,bottomk_mean,0.4,3,3,0.04593639448285103,0.020023556426167488,0.022614840418100357,0.022614840418100357
annotated,VEO3,8029c394-7caf-541e-8905-2e547fedff17.mp4,patch_only,,0.1,0.9,same_grid_second_order,,,,,bottomk_mean,0.4,3,3,0.01295641902834177,0.038869258016347885,0.036277975887060165,0.036277975887060165
annotated,VEO3,808d269b-0a59-5105-9373-89962226f940.mp4,patch_only,,0.1,0.9,same_grid_second_order,,,,,bottomk_mean,0.4,3,3,0.03945818543434143,0.004122497048228979,0.007656065747141838,0.007656065747141838
annotated,VEO3,808f8b15-c780-5b22-ad5a-9d00c086549e.mp4,patch_only,,0.1,0.9,same_grid_second_order,,,,,bottomk_mean,0.4,3,3,0.05535924434661865,0.01295641902834177,0.01719670183956623,0.01719670183956623
annotated,VEO3,8091b8b2-929f-5f14-b090-cc276dbc9712.mp4,patch_only,,0.1,0.9,same_grid_second_order,,,,,bottomk_mean,0.4,3,3,0.002944640815258026,0.0005889281746931374,0.0008244994096457958,0.0008244994096457958
annotated,VEO3,80d078ed-eb59-5d26-8a0a-2306f17a957c.mp4,patch_only,,0.1,0.9,same_grid_second_order,,,,,bottomk_mean,0.4,3,3,0.16254417598247528,0.021790342405438423,0.035865724086761475,0.035865724086761475
annotated,VEO3,80fdf2c2-5116-5e6c-999b-256fea6f1990.mp4,patch_only,,0.1,0.9,same_grid_second_order,,,,,bottomk_mean,0.4,3,3,0.3044758439064026,0.02473498322069645,0.05270906910300255,0.05270906910300255
annotated,VEO3,81132079-66d0-59bd-8954-cbb82a484247.mp4,patch_only,,0.1,0.9,same_grid_second_order,,,,,bottomk_mean,0.4,3,3,0.062426384538412094,0.07361602038145065,0.07249705493450165,0.07249705493450165
annotated,VEO3,81b3fc59-dc38-56b2-9ac2-e2f2d69cd241.mp4,patch_only,,0.1,0.9,same_grid_second_order,,,,,bottomk_mean,0.4,3,3,0.3268551230430603,0.1560659557580948,0.1731448769569397,0.1731448769569397
annotated,VEO3,81e8a4c8-bae8-5fde-8466-bd2d223a76f5.mp4,patch_only,,0.1,0.9,same_grid_second_order,,,,,bottomk_mean,0.4,3,3,0.7308598160743713,0.5435807108879089,0.5623086094856262,0.5623086094856262
annotated,VEO3,8218868d-282a-5fa5-9c76-c0f271d57134.mp4,patch_only,,0.1,0.9,same_grid_second_order,,,,,bottomk_mean,0.4,3,3,0.4216725528240204,0.515312135219574,0.5059481859207153,0.5059481859207153
annotated,VEO3,8245058c-3c33-510d-af28-1ec70ef874d4.mp4,patch_only,,0.1,0.9,same_grid_second_order,,,,,bottomk_mean,0.4,3,3,0.0005889281746931374,0.008833922445774078,0.008009422570466995,0.008009422570466995
annotated,VEO3,82945089-ab56-5ed1-b2ac-7b08e71b642d.mp4,patch_only,,0.1,0.9,same_grid_second_order,,,,,bottomk_mean,0.4,3,3,0.0,0.0035335689317435026,0.0031802121084183455,0.0031802121084183455
annotated,VEO3,82b5c340-0a28-51e3-b559-d2d09c6f9ffb.mp4,patch_only,,0.1,0.9,same_grid_second_order,,,,,bottomk_mean,0.4,3,3,0.08186101168394089,0.07832744717597961,0.07868079841136932,0.07868079841136932
annotated,VEO3,836cbd1a-18a9-55cd-af3c-40818c80476e.mp4,patch_only,,0.1,0.9,same_grid_second_order,,,,,bottomk_mean,0.4,3,3,0.22968198359012604,0.020612485706806183,0.04151943325996399,0.04151943325996399
annotated,VEO3,84237ec0-ec5b-5a26-90dd-7fc50fd4eb38.mp4,patch_only,,0.1,0.9,same_grid_second_order,,,,,bottomk_mean,0.4,3,3,0.6990576982498169,0.2396937608718872,0.28563016653060913,0.28563016653060913
annotated,VEO3,8432c778-4abc-5371-8bf5-27fdda8c7567.mp4,patch_only,,0.1,0.9,same_grid_second_order,,,,,bottomk_mean,0.4,3,3,0.1537102460861206,0.16725559532642365,0.1659010648727417,0.1659010648727417
annotated,VEO3,849abf38-a1e6-5ba3-ac62-25fc937cc4ad.mp4,patch_only,,0.1,0.9,same_grid_second_order,,,,,bottomk_mean,0.4,3,3,0.5494699478149414,0.04829210788011551,0.09840989112854004,0.09840989112854004
annotated,VEO3,84ecfd10-2ec1-5259-b44a-2cf1786bb321.mp4,patch_only,,0.1,0.9,same_grid_second_order,,,,,bottomk_mean,0.4,3,3,0.047703180462121964,0.009422850795090199,0.013250883668661118,0.013250883668661118
annotated,VEO3,84f461b1-4c4f-55e2-a9f9-f454064faeb7.mp4,patch_only,,0.1,0.9,same_grid_second_order,,,,,bottomk_mean,0.4,3,3,0.008244994096457958,0.0005889281746931374,0.0013545347610488534,0.0013545347610488534
annotated,VEO3,850027ed-2fc0-53a6-a2ec-82b824734d78.mp4,patch_only,,0.1,0.9,same_grid_second_order,,,,,bottomk_mean,0.4,3,3,0.0,0.0005889281746931374,0.0005300353514030576,0.0005300353514030576
annotated,VEO3,8569f2bd-89d1-5107-a66f-4e78fa108695.mp4,patch_only,,0.1,0.9,same_grid_second_order,,,,,bottomk_mean,0.4,3,3,0.004122497048228979,0.02591283805668354,0.023733804002404213,0.023733804002404213
annotated,VEO3,85849df4-b0b5-5521-aa78-2823aa0ed647.mp4,patch_only,,0.1,0.9,same_grid_second_order,,,,,bottomk_mean,0.4,3,3,0.0677267387509346,0.05418138951063156,0.055535923689603806,0.055535923689603806
annotated,VEO3,85998309-6498-543e-8452-71beb734ff3b.mp4,patch_only,,0.1,0.9,same_grid_second_order,,,,,bottomk_mean,0.4,3,3,0.17078916728496552,0.020612485706806183,0.03563015162944794,0.03563015162944794
annotated,VEO3,85bcc65d-966a-5f37-803b-82ac0759b65b.mp4,patch_only,,0.1,0.9,same_grid_second_order,,,,,bottomk_mean,0.4,3,3,0.025323910638689995,0.04534746706485748,0.04334511235356331,0.04334511235356331
annotated,VEO3,85ce5012-4d85-595c-af7f-340d1cc3afaa.mp4,patch_only,,0.1,0.9,same_grid_second_order,,,,,bottomk_mean,0.4,3,3,0.30270907282829285,0.020612485706806183,0.04882214218378067,0.04882214218378067
annotated,VEO3,85d2ce41-04b5-5183-8bff-23dd1fd6ab23.mp4,patch_only,,0.1,0.9,same_grid_second_order,,,,,bottomk_mean,0.4,3,3,0.10129564255475998,0.011778563261032104,0.020730270072817802,0.020730270072817802
annotated,VEO3,85e58840-83b2-5422-bfe7-c3c9efbbb0be.mp4,patch_only,,0.1,0.9,same_grid_second_order,,,,,bottomk_mean,0.4,3,3,0.26619553565979004,0.06301531195640564,0.0833333358168602,0.0833333358168602
annotated,VEO3,85e9232e-a0b7-5cae-9b8a-501d56eb8e1e.mp4,patch_only,,0.1,0.9,same_grid_second_order,,,,,bottomk_mean,0.4,3,3,0.026501767337322235,0.0005889281746931374,0.0031802121084183455,0.0031802121084183455
annotated,VEO3,85f34290-fe1a-5ec7-892f-c2887bf50a39.mp4,patch_only,,0.1,0.9,same_grid_second_order,,,,,bottomk_mean,0.4,3,3,0.1054181382060051,0.02473498322069645,0.03280329704284668,0.03280329704284668
annotated,VEO3,85f7d5d4-621a-5c6b-a9d3-89663f6b9d6f.mp4,patch_only,,0.1,0.9,same_grid_second_order,,,,,bottomk_mean,0.4,3,3,0.11130741983652115,0.011189634911715984,0.02120141312479973,0.02120141312479973
annotated,VEO3,8621a121-5460-5d88-9275-405a3c36f27f.mp4,patch_only,,0.1,0.9,same_grid_second_order,,,,,bottomk_mean,0.4,3,3,0.18786807358264923,0.01354534737765789,0.03097761981189251,0.03097761981189251
annotated,VEO3,86344334-97ae-5493-afc4-65be75e10b08.mp4,patch_only,,0.1,0.9,same_grid_second_order,,,,,bottomk_mean,0.4,3,3,0.12544170022010803,0.02120141312479973,0.03162544220685959,0.03162544220685959
annotated,VEO3,8650c442-57ee-5e1a-8be6-9a608dfa29aa.mp4,patch_only,,0.1,0.9,same_grid_second_order,,,,,bottomk_mean,0.4,3,3,0.2903415858745575,0.03474676236510277,0.06030624359846115,0.06030624359846115
annotated,VEO3,8694ffa4-6616-56e2-a187-c4d66a630771.mp4,patch_only,,0.1,0.9,same_grid_second_order,,,,,bottomk_mean,0.4,3,3,0.1925795078277588,0.04829210788011551,0.06272085011005402,0.06272085011005402
annotated,VEO3,86b3695e-60b7-5367-b6f9-0799c82b40ec.mp4,patch_only,,0.1,0.9,same_grid_second_order,,,,,bottomk_mean,0.4,3,3,0.004122497048228979,0.006478209514170885,0.006242638453841209,0.006242638453841209
annotated,VEO3,86ccef41-28ed-5fe8-896b-639e7792dcf0.mp4,patch_only,,0.1,0.9,same_grid_second_order,,,,,bottomk_mean,0.4,3,3,0.1537102460861206,0.01295641902834177,0.027031801640987396,0.027031801640987396
annotated,VEO3,86e17aa2-40d1-548b-bb1a-5ae1c2092454.mp4,patch_only,,0.1,0.9,same_grid_second_order,,,,,bottomk_mean,0.4,3,3,0.08127208799123764,0.08716136962175369,0.08657243847846985,0.08657243847846985
annotated,VEO3,86e67530-91f2-58fe-b82e-5fe5ecfdb17d.mp4,patch_only,,0.1,0.9,same_grid_second_order,,,,,bottomk_mean,0.4,3,3,0.09481742978096008,0.03474676236510277,0.04075382649898529,0.04075382649898529
annotated,VEO3,8704a9ea-35a1-5d6a-a5ff-3f4b5a9c6332.mp4,patch_only,,0.1,0.9,same_grid_second_order,,,,,bottomk_mean,0.4,3,3,0.036513544619083405,0.0035335689317435026,0.006831566337496042,0.006831566337496042
annotated,VEO3,87121d93-77bb-5d1b-9a60-decc0094c3dd.mp4,patch_only,,0.1,0.9,same_grid_second_order,,,,,bottomk_mean,0.4,3,3,0.1925795078277588,0.007067137863487005,0.025618374347686768,0.025618374347686768
annotated,VEO3,875e95f8-eb60-5ee2-95bb-2a46bcc6e4d4.mp4,patch_only,,0.1,0.9,same_grid_second_order,,,,,bottomk_mean,0.4,3,3,0.0924617201089859,0.0005889281746931374,0.009776207618415356,0.009776207618415356
annotated,VEO3,8770060f-97dc-56a5-80e7-00c30da28d43.mp4,patch_only,,0.1,0.9,same_grid_second_order,,,,,bottomk_mean,0.4,3,3,0.027679622173309326,0.005300353281199932,0.007538280449807644,0.007538280449807644
annotated,VEO3,879710ea-d2c6-5d37-b3c9-2bc8daf31c4a.mp4,patch_only,,0.1,0.9,same_grid_second_order,,,,,bottomk_mean,0.4,3,3,0.104240283370018,0.06065959855914116,0.06501767039299011,0.06501767039299011
annotated,VEO3,87a43cf3-2c4e-5972-8cd2-cd0006fe16e5.mp4,patch_only,,0.1,0.9,same_grid_second_order,,,,,bottomk_mean,0.4,3,3,0.01295641902834177,0.020612485706806183,0.019846878945827484,0.019846878945827484
annotated,VEO3,881a7b82-cad8-5226-888b-e8a68aad6cac.mp4,patch_only,,0.1,0.9,same_grid_second_order,,,,,bottomk_mean,0.4,3,3,0.036513544619083405,0.14899882674217224,0.1377502977848053,0.1377502977848053
annotated,VEO3,883c1d78-198e-5ce1-bf8d-a68f15f516a5.mp4,patch_only,,0.1,0.9,same_grid_second_order,,,,,bottomk_mean,0.4,3,3,0.12603062391281128,0.09422850608825684,0.0974087193608284,0.0974087193608284
annotated,VEO3,88542a90-eeca-531b-8589-a97eec198264.mp4,patch_only,,0.1,0.9,same_grid_second_order,,,,,bottomk_mean,0.4,3,3,0.12249705195426941,0.1289752721786499,0.12832744419574738,0.12832744419574738
annotated,VEO3,88a632e4-e3d0-50be-91e1-e0160f97fe42.mp4,patch_only,,0.1,0.9,same_grid_second_order,,,,,bottomk_mean,0.4,3,3,0.004122497048228979,0.009422850795090199,0.008892814628779888,0.008892814628779888
annotated,VEO3,88e2ac6a-4e59-56e3-b36c-0860943487f2.mp4,patch_only,,0.1,0.9,same_grid_second_order,,,,,bottomk_mean,0.4,3,3,0.08186101168394089,0.006478209514170885,0.014016490429639816,0.014016490429639816
annotated,VEO3,88ec45b2-706c-5531-b896-7428b15b4b3c.mp4,patch_only,,0.1,0.9,same_grid_second_order,,,,,bottomk_mean,0.4,3,3,0.004711425397545099,0.004122497048228979,0.004181389696896076,0.004181389696896076
annotated,VEO3,8916bce1-4926-5f2c-9183-e78a495b50cc.mp4,patch_only,,0.1,0.9,same_grid_second_order,,,,,bottomk_mean,0.4,3,3,0.2473498284816742,0.04711425304412842,0.06713780760765076,0.06713780760765076
annotated,VEO3,893b4647-9c9a-5f74-8174-65c921901fc1.mp4,patch_only,,0.1,0.9,same_grid_second_order,,,,,bottomk_mean,0.4,3,3,0.2473498284816742,0.0806831568479538,0.09734982252120972,0.09734982252120972
annotated,VEO3,893d6731-f648-5e4a-b9f3-e168d95fa8fc.mp4,patch_only,,0.1,0.9,same_grid_second_order,,,,,bottomk_mean,0.4,3,3,0.0677267387509346,0.01295641902834177,0.018433451652526855,0.018433451652526855
annotated,VEO3,89535ec9-ce52-57d6-9dd0-af90c7abb282.mp4,patch_only,,0.1,0.9,same_grid_second_order,,,,,bottomk_mean,0.4,3,3,0.7885748147964478,0.10188457369804382,0.17055359482765198,0.17055359482765198
annotated,VEO3,8973ea39-d69b-528b-9ed5-65ccbb8877b1.mp4,patch_only,,0.1,0.9,same_grid_second_order,,,,,bottomk_mean,0.4,3,3,0.24558304250240326,0.07891637086868286,0.09558303654193878,0.09558303654193878
annotated,VEO3,897c9ec6-ad1b-54d9-a3ea-201ea3a4c84a.mp4,patch_only,,0.1,0.9,same_grid_second_order,,,,,bottomk_mean,0.4,3,3,0.13898704946041107,0.1484098881483078,0.14746761322021484,0.14746761322021484
annotated,VEO3,89b55d33-b936-5fef-8439-979e3a7e7bd8.mp4,patch_only,,0.1,0.9,same_grid_second_order,,,,,bottomk_mean,0.4,3,3,0.06890459358692169,0.005889281630516052,0.012190812267363071,0.012190812267363071
annotated,VEO3,8a56f1ee-9493-51a3-b1cb-34e0b9703422.mp4,patch_only,,0.1,0.9,same_grid_second_order,,,,,bottomk_mean,0.4,3,3,0.0023557126987725496,0.0035335689317435026,0.003415783168748021,0.003415783168748021
annotated,VEO3,8a5aab98-09e3-5ce6-a221-183965c6acf2.mp4,patch_only,,0.1,0.9,same_grid_second_order,,,,,bottomk_mean,0.4,3,3,0.07714958488941193,0.09305065125226974,0.09146054089069366,0.09146054089069366
annotated,VEO3,8ac54588-c9be-5e43-9514-b7e09c2e3cf3.mp4,patch_only,,0.1,0.9,same_grid_second_order,,,,,bottomk_mean,0.4,3,3,0.05712603032588959,0.024146053940057755,0.027444051578640938,0.027444051578640938
annotated,VEO3,8b34ec67-71c3-5f00-a34e-1374254ff458.mp4,patch_only,,0.1,0.9,same_grid_second_order,,,,,bottomk_mean,0.4,3,3,0.04829210788011551,0.006478209514170885,0.010659599676728249,0.010659599676728249
annotated,VEO3,8b43d882-8288-55a9-98b4-1d9eac646bec.mp4,patch_only,,0.1,0.9,same_grid_second_order,,,,,bottomk_mean,0.4,3,3,0.08303886651992798,0.03592461720108986,0.04063604399561882,0.04063604399561882
annotated,VEO3,8b7b0e2c-bfa1-542f-a7c8-caf7496a6b2c.mp4,patch_only,,0.1,0.9,same_grid_second_order,,,,,bottomk_mean,0.4,3,3,0.16372202336788177,0.042991753667593,0.05506478250026703,0.05506478250026703
annotated,VEO3,8c3f43bf-fe3f-5a2b-857b-ed9db04ca250.mp4,patch_only,,0.1,0.9,same_grid_second_order,,,,,bottomk_mean,0.4,3,3,0.062426384538412094,0.011778563261032104,0.016843345016241074,0.016843345016241074
annotated,VEO3,8c4b315f-c982-5a24-a87d-440ca3b20ec9.mp4,patch_only,,0.1,0.9,same_grid_second_order,,,,,bottomk_mean,0.4,3,3,0.3633686602115631,0.02473498322069645,0.0585983507335186,0.0585983507335186
annotated,VEO3,8c66733b-5a44-5de9-84c9-0d67ebea7f7f.mp4,patch_only,,0.1,0.9,same_grid_second_order,,,,,bottomk_mean,0.4,3,3,0.15724381804466248,0.0005889281746931374,0.016254417598247528,0.016254417598247528
annotated,VEO3,8cc2d4f0-9221-52a1-8903-8e22dcf09652.mp4,patch_only,,0.1,0.9,same_grid_second_order,,,,,bottomk_mean,0.4,3,3,0.5424028038978577,0.030035335570573807,0.08127208799123764,0.08127208799123764
annotated,VEO3,8d43b779-9405-54de-ac5a-e68788a11e13.mp4,patch_only,,0.1,0.9,same_grid_second_order,,,,,bottomk_mean,0.4,3,3,0.08951707929372787,0.0035335689317435026,0.012131920084357262,0.012131920084357262
annotated,VEO3,8d5979ca-aceb-5de6-baa0-3934b8bd23fa.mp4,patch_only,,0.1,0.9,same_grid_second_order,,,,,bottomk_mean,0.4,3,3,0.39517077803611755,0.06301531195640564,0.09623085707426071,0.09623085707426071
annotated,VEO3,8d618606-9336-5290-ac83-bafd83895dc7.mp4,patch_only,,0.1,0.9,same_grid_second_order,,,,,bottomk_mean,0.4,3,3,0.02120141312479973,0.04829210788011551,0.04558303952217102,0.04558303952217102
annotated,VEO3,8df36dbe-02fb-5442-ad9b-f9dd58ae4e54.mp4,patch_only,,0.1,0.9,same_grid_second_order,,,,,bottomk_mean,0.4,3,3,0.0,0.017078915610909462,0.01537102460861206,0.01537102460861206
annotated,VEO3,8df4dc93-eb8e-5dc5-8d3a-00b60fa714a5.mp4,patch_only,,0.1,0.9,same_grid_second_order,,,,,bottomk_mean,0.4,3,3,0.27561837434768677,0.10659599304199219,0.12349823117256165,0.12349823117256165
annotated,VEO3,8e4e53d6-3dbd-5776-a27f-5bfc2eab413b.mp4,patch_only,,0.1,0.9,same_grid_second_order,,,,,bottomk_mean,0.4,3,3,0.11012956500053406,0.07773851603269577,0.08097761869430542,0.08097761869430542
annotated,VEO3,8e8fa62d-f771-5da6-ba12-15796a904a81.mp4,patch_only,,0.1,0.9,same_grid_second_order,,,,,bottomk_mean,0.4,3,3,0.19316843152046204,0.06537102162837982,0.07815076410770416,0.07815076410770416
annotated,VEO3,8ef08b82-e9ca-5ee0-90d9-48fd2a549612.mp4,patch_only,,0.1,0.9,same_grid_second_order,,,,,bottomk_mean,0.4,3,3,0.12544170022010803,0.20494699478149414,0.19699646532535553,0.19699646532535553
annotated,VEO3,8ef55a69-4984-5227-8a90-927ad894ef08.mp4,patch_only,,0.1,0.9,same_grid_second_order,,,,,bottomk_mean,0.4,3,3,0.0005889281746931374,0.0035335689317435026,0.0032391047570854425,0.0032391047570854425
annotated,VEO3,8ef61961-2087-58a7-8ba1-be82dacb2777.mp4,patch_only,,0.1,0.9,same_grid_second_order,,,,,bottomk_mean,0.4,3,3,0.03945818543434143,0.0035335689317435026,0.007126030512154102,0.007126030512154102
annotated,VEO3,8f05544c-671b-5e41-8bb7-3e122d26b6b3.mp4,patch_only,,0.1,0.9,same_grid_second_order,,,,,bottomk_mean,0.4,3,3,0.29328620433807373,0.027679622173309326,0.054240282624959946,0.054240282624959946
annotated,VEO3,8f4dd0fb-f274-57c0-9aa0-5d4b0bb543b5.mp4,patch_only,,0.1,0.9,same_grid_second_order,,,,,bottomk_mean,0.4,3,3,0.16843345761299133,0.008833922445774078,0.024793874472379684,0.024793874472379684
annotated,VEO3,8f5511af-9c99-59ba-8859-37a87175e171.mp4,patch_only,,0.1,0.9,same_grid_second_order,,,,,bottomk_mean,0.4,3,3,0.006478209514170885,0.011189634911715984,0.010718492791056633,0.010718492791056633
annotated,VEO3,8f802059-44b2-5016-85cc-f7dfcf007cee.mp4,patch_only,,0.1,0.9,same_grid_second_order,,,,,bottomk_mean,0.4,3,3,0.002944640815258026,0.007067137863487005,0.006654887925833464,0.006654887925833464
annotated,VEO3,901e3cb8-9a3d-5679-a2ee-0898fde0e705.mp4,patch_only,,0.1,0.9,same_grid_second_order,,,,,bottomk_mean,0.4,3,3,0.036513544619083405,0.02237926982343197,0.023792697116732597,0.023792697116732597
annotated,VEO3,90447966-4d43-549b-a74b-ef5848b1155a.mp4,patch_only,,0.1,0.9,same_grid_second_order,,,,,bottomk_mean,0.4,3,3,0.06595995277166367,0.030035335570573807,0.03362779691815376,0.03362779691815376
annotated,VEO3,907d3bc5-f4b1-50ee-9c46-e21c4858e0ef.mp4,patch_only,,0.1,0.9,same_grid_second_order,,,,,bottomk_mean,0.4,3,3,0.39399293065071106,0.2891637086868286,0.29964664578437805,0.29964664578437805
annotated,VEO3,90a39778-6392-554f-81d6-c879631659ec.mp4,patch_only,,0.1,0.9,same_grid_second_order,,,,,bottomk_mean,0.4,3,3,0.12838633358478546,0.019434629008173943,0.03032979927957058,0.03032979927957058
annotated,VEO3,90fb86d0-2e22-5838-907e-01d305ad5b18.mp4,patch_only,,0.1,0.9,same_grid_second_order,,,,,bottomk_mean,0.4,3,3,0.004711425397545099,0.0005889281746931374,0.0010011778213083744,0.0010011778213083744
annotated,VEO3,910aa21a-7bad-583d-9c59-68cf7f90163f.mp4,patch_only,,0.1,0.9,same_grid_second_order,,,,,bottomk_mean,0.4,3,3,0.07832744717597961,0.2732626497745514,0.2537691295146942,0.2537691295146942
annotated,VEO3,91405696-7398-5f51-bf27-3096bcaeab5e.mp4,patch_only,,0.1,0.9,same_grid_second_order,,,,,bottomk_mean,0.4,3,3,0.03945818543434143,0.0005889281746931374,0.004475853871554136,0.004475853871554136
annotated,VEO3,9152a875-0934-5287-8470-6c03982a2894.mp4,patch_only,,0.1,0.9,same_grid_second_order,,,,,bottomk_mean,0.4,3,3,0.3374558389186859,0.05418138951063156,0.08250883221626282,0.08250883221626282
annotated,VEO3,9160b239-9b50-518e-b9e8-b7cc632c9f0f.mp4,patch_only,,0.1,0.9,same_grid_second_order,,,,,bottomk_mean,0.4,3,3,0.3386336863040924,0.030624262988567352,0.06142520532011986,0.06142520532011986
annotated,VEO3,91960b12-3faf-5daf-8c08-1a3e25b8a90e.mp4,patch_only,,0.1,0.9,same_grid_second_order,,,,,bottomk_mean,0.4,3,3,0.004711425397545099,0.007656065747141838,0.007361602038145065,0.007361602038145065
annotated,VEO3,91e446d7-0521-5d1c-b2ec-1794b136eaa5.mp4,patch_only,,0.1,0.9,same_grid_second_order,,,,,bottomk_mean,0.4,3,3,0.1054181382060051,0.024146053940057755,0.03227326273918152,0.03227326273918152
annotated,VEO3,92150492-a70f-5e7d-86d8-22875be7a254.mp4,patch_only,,0.1,0.9,same_grid_second_order,,,,,bottomk_mean,0.4,3,3,0.07479387521743774,0.14605417847633362,0.1389281451702118,0.1389281451702118
annotated,VEO3,92899231-0814-5604-9de5-5c91e1b9575b.mp4,patch_only,,0.1,0.9,same_grid_second_order,,,,,bottomk_mean,0.4,3,3,0.14782096445560455,0.19552414119243622,0.19075383245944977,0.19075383245944977
annotated,VEO3,92ab7508-e022-50fe-8d3f-621e4bd0d3e5.mp4,patch_only,,0.1,0.9,same_grid_second_order,,,,,bottomk_mean,0.4,3,3,0.18963485956192017,0.02591283805668354,0.04228504002094269,0.04228504002094269
annotated,VEO3,92c0df54-568f-56c0-afb3-2787a0d6e070.mp4,patch_only,,0.1,0.9,same_grid_second_order,,,,,bottomk_mean,0.4,3,3,0.0677267387509346,0.004122497048228979,0.01048292126506567,0.01048292126506567
annotated,VEO3,92e3af71-5966-505c-94a5-a5d347c14431.mp4,patch_only,,0.1,0.9,same_grid_second_order,,,,,bottomk_mean,0.4,3,3,0.7149587869644165,0.5288574695587158,0.5474675893783569,0.5474675893783569
annotated,VEO3,9315c808-f5e8-5e44-809e-fb38d64e2dbb.mp4,patch_only,,0.1,0.9,same_grid_second_order,,,,,bottomk_mean,0.4,3,3,0.18786807358264923,0.07126030325889587,0.08292108029127121,0.08292108029127121
annotated,VEO3,9339b3c8-d12a-5f75-aefa-b96444a3c1c8.mp4,patch_only,,0.1,0.9,same_grid_second_order,,,,,bottomk_mean,0.4,3,3,0.016489988192915916,0.17078916728496552,0.15535925328731537,0.15535925328731537
annotated,VEO3,93d8b5c0-6571-5fec-8147-f08bac45f9de.mp4,patch_only,,0.1,0.9,same_grid_second_order,,,,,bottomk_mean,0.4,3,3,0.2997644245624542,0.24793875217437744,0.2531213164329529,0.2531213164329529
annotated,VEO3,93ff94f2-4f10-52c6-8bbf-e0b9894aaefc.mp4,patch_only,,0.1,0.9,same_grid_second_order,,,,,bottomk_mean,0.4,3,3,0.19081272184848785,0.01295641902834177,0.03074204921722412,0.03074204921722412
annotated,VEO3,940330ec-c31c-57b8-a9f0-9d7ce2183963.mp4,patch_only,,0.1,0.9,same_grid_second_order,,,,,bottomk_mean,0.4,3,3,0.004122497048228979,0.0005889281746931374,0.0009422850562259555,0.0009422850562259555
annotated,VEO3,942bc138-c17e-5698-9dc1-ed0f1bcae27c.mp4,patch_only,,0.1,0.9,same_grid_second_order,,,,,bottomk_mean,0.4,3,3,0.1560659557580948,0.06831566244363785,0.07709069550037384,0.07709069550037384
annotated,VEO3,9474801b-19fa-5b06-b0d7-ac5f86f3498a.mp4,patch_only,,0.1,0.9,same_grid_second_order,,,,,bottomk_mean,0.4,3,3,0.041224971413612366,0.004122497048228979,0.007832744158804417,0.007832744158804417
annotated,VEO3,948af37e-4637-58f3-8a73-cb3c5b625a22.mp4,patch_only,,0.1,0.9,same_grid_second_order,,,,,bottomk_mean,0.4,3,3,0.17491166293621063,0.018845701590180397,0.034452296793460846,0.034452296793460846
annotated,VEO3,94ba9651-b9b0-5de5-b9d9-539b02fe183c.mp4,patch_only,,0.1,0.9,same_grid_second_order,,,,,bottomk_mean,0.4,3,3,0.16607773303985596,0.009422850795090199,0.025088340044021606,0.025088340044021606
annotated,VEO3,950a7eb4-56cb-54de-979c-b9ee25bf7a72.mp4,patch_only,,0.1,0.9,same_grid_second_order,,,,,bottomk_mean,0.4,3,3,0.0005889281746931374,0.0023557126987725496,0.0021790340542793274,0.0021790340542793274
annotated,VEO3,954355ae-eaeb-5661-bd5c-274f66d23755.mp4,patch_only,,0.1,0.9,same_grid_second_order,,,,,bottomk_mean,0.4,3,3,0.04181389883160591,0.09658421576023102,0.09110718220472336,0.09110718220472336
annotated,VEO3,954a5205-7286-5279-a257-6781e22beff1.mp4,patch_only,,0.1,0.9,same_grid_second_order,,,,,bottomk_mean,0.4,3,3,0.02591283805668354,0.007656065747141838,0.009481742978096008,0.009481742978096008
annotated,VEO3,955cf74b-354d-5db2-b3d2-e34d5e1a843f.mp4,patch_only,,0.1,0.9,same_grid_second_order,,,,,bottomk_mean,0.4,3,3,0.12956419587135315,0.07008244842290878,0.07603062689304352,0.07603062689304352
annotated,VEO3,958e7951-b505-569b-a7f6-d7849b2e9dcb.mp4,patch_only,,0.1,0.9,same_grid_second_order,,,,,bottomk_mean,0.4,3,3,0.05418138951063156,0.05182567611336708,0.05206124857068062,0.05206124857068062
annotated,VEO3,95eafc14-1a4b-5887-bfce-534d398a0cf4.mp4,patch_only,,0.1,0.9,same_grid_second_order,,,,,bottomk_mean,0.4,3,3,0.040047112852334976,0.0005889281746931374,0.004534746985882521,0.004534746985882521
annotated,VEO3,95f58430-6d7e-542a-93be-63179387748d.mp4,patch_only,,0.1,0.9,same_grid_second_order,,,,,bottomk_mean,0.4,3,3,0.050058893859386444,0.010600706562399864,0.014546525664627552,0.014546525664627552
annotated,VEO3,95f60029-f7e5-5a9a-9290-b62ed0671261.mp4,patch_only,,0.1,0.9,same_grid_second_order,,,,,bottomk_mean,0.4,3,3,0.018845701590180397,0.024146053940057755,0.023616019636392593,0.023616019636392593
annotated,VEO3,9615f1f7-de02-57b7-806b-9f60c608d62b.mp4,patch_only,,0.1,0.9,same_grid_second_order,,,,,bottomk_mean,0.4,3,3,0.4493521749973297,0.037691403180360794,0.07885748147964478,0.07885748147964478
annotated,VEO3,964f783a-cd95-59bf-8a26-a4585516c9c3.mp4,patch_only,,0.1,0.9,same_grid_second_order,,,,,bottomk_mean,0.4,3,3,0.171967014670372,0.35630154609680176,0.3378680944442749,0.3378680944442749
annotated,VEO3,96591946-4cb9-5213-bb18-81a32d7b0992.mp4,patch_only,,0.1,0.9,same_grid_second_order,,,,,bottomk_mean,0.4,3,3,0.1537102460861206,0.05653710290789604,0.06625441461801529,0.06625441461801529
annotated,VEO3,966fe6af-b107-5aa9-8f06-c8e0bcc9e968.mp4,patch_only,,0.1,0.9,same_grid_second_order,,,,,bottomk_mean,0.4,3,3,0.010011778213083744,0.01295641902834177,0.012661955319344997,0.012661955319344997
annotated,VEO3,9674039e-23f7-5740-8069-377c6f2e5e5e.mp4,patch_only,,0.1,0.9,same_grid_second_order,,,,,bottomk_mean,0.4,3,3,0.017078915610909462,0.002944640815258026,0.004358068108558655,0.004358068108558655
annotated,VEO3,968e8763-6b46-5e42-ad0d-066a1461ab31.mp4,patch_only,,0.1,0.9,same_grid_second_order,,,,,bottomk_mean,0.4,3,3,0.06301531195640564,0.031213192269206047,0.03439340367913246,0.03439340367913246
annotated,VEO3,96ae36e6-1d4a-551d-b8cd-bb543e426b57.mp4,patch_only,,0.1,0.9,same_grid_second_order,,,,,bottomk_mean,0.4,3,3,0.016489988192915916,0.012367491610348225,0.012779740616679192,0.012779740616679192
annotated,VEO3,96d8455b-0a5c-585e-9418-ef9f8b29b01b.mp4,patch_only,,0.1,0.9,same_grid_second_order,,,,,bottomk_mean,0.4,3,3,0.13133098185062408,0.004122497048228979,0.016843345016241074,0.016843345016241074
annotated,VEO3,96ecfef5-2f15-5dd3-86b0-f63c12eb2290.mp4,patch_only,,0.1,0.9,same_grid_second_order,,,,,bottomk_mean,0.4,3,3,0.02944640815258026,0.01295641902834177,0.014605417847633362,0.014605417847633362
annotated,VEO3,970925f3-be84-5e5c-9b8f-d246c24f3296.mp4,patch_only,,0.1,0.9,same_grid_second_order,,,,,bottomk_mean,0.4,3,3,0.42520612478256226,0.09658421576023102,0.12944640219211578,0.12944640219211578
annotated,VEO3,977935ea-ba1c-5aae-98a9-5f3acbbfb84a.mp4,patch_only,,0.1,0.9,same_grid_second_order,,,,,bottomk_mean,0.4,3,3,0.46937572956085205,0.2031802088022232,0.2297997623682022,0.2297997623682022
annotated,VEO3,98045b8e-e8b9-531b-9a23-5764a153dd72.mp4,patch_only,,0.1,0.9,same_grid_second_order,,,,,bottomk_mean,0.4,3,3,0.0,0.0005889281746931374,0.0005300353514030576,0.0005300353514030576
annotated,VEO3,9814830a-9d24-5174-9a39-1d7e6f8257a2.mp4,patch_only,,0.1,0.9,same_grid_second_order,,,,,bottomk_mean,0.4,3,3,0.02473498322069645,0.08362779766321182,0.07773851603269577,0.07773851603269577
annotated,VEO3,983a1d3d-14a7-5dbe-8f6a-0c9f5c4e7f61.mp4,patch_only,,0.1,0.9,same_grid_second_order,,,,,bottomk_mean,0.4,3,3,0.18080094456672668,0.07832744717597961,0.08857479691505432,0.08857479691505432
annotated,VEO3,9856c102-fb12-5ae1-8208-7490d0763008.mp4,patch_only,,0.1,0.9,same_grid_second_order,,,,,bottomk_mean,0.4,3,3,0.0005889281746931374,0.0035335689317435026,0.0032391047570854425,0.0032391047570854425
annotated,VEO3,989027f4-e079-591a-9626-3bc7a51b8958.mp4,patch_only,,0.1,0.9,same_grid_second_order,,,,,bottomk_mean,0.4,3,3,0.01472320407629013,0.0011778563493862748,0.002532391110435128,0.002532391110435128
annotated,VEO3,989385a2-0304-553b-b7d1-ce28cd424ed4.mp4,patch_only,,0.1,0.9,same_grid_second_order,,,,,bottomk_mean,0.4,3,3,0.32096585631370544,0.5053003430366516,0.48686689138412476,0.48686689138412476
annotated,VEO3,98942c10-8e96-5b92-a8ea-48b618fdf1b0.mp4,patch_only,,0.1,0.9,same_grid_second_order,,,,,bottomk_mean,0.4,3,3,0.35630154609680176,0.062426384538412094,0.09181389957666397,0.09181389957666397
annotated,VEO3,98bfa0a4-94a9-5eec-a0f5-b052c7be91c3.mp4,patch_only,,0.1,0.9,same_grid_second_order,,,,,bottomk_mean,0.4,3,3,0.008833922445774078,0.007067137863487005,0.007243816275149584,0.007243816275149584
annotated,VEO3,98fec69c-576c-5970-af8f-804cdf930e60.mp4,patch_only,,0.1,0.9,same_grid_second_order,,,,,bottomk_mean,0.4,3,3,0.06949352473020554,0.018256772309541702,0.023380447179079056,0.023380447179079056
annotated,VEO3,991fb8d3-382b-5e67-bdab-34fba1021aa6.mp4,patch_only,,0.1,0.9,same_grid_second_order,,,,,bottomk_mean,0.4,3,3,0.047703180462121964,0.01295641902834177,0.016431095078587532,0.016431095078587532
annotated,VEO3,992974fb-f983-59aa-81d8-019bfbe50d63.mp4,patch_only,,0.1,0.9,same_grid_second_order,,,,,bottomk_mean,0.4,3,3,0.3044758439064026,0.0005889281746931374,0.03097761981189251,0.03097761981189251
annotated,VEO3,9979e36a-51ef-55de-9ab4-30999f33d3c0.mp4,patch_only,,0.1,0.9,same_grid_second_order,,,,,bottomk_mean,0.4,3,3,0.8133097887039185,0.22732625901699066,0.28592461347579956,0.28592461347579956
annotated,VEO3,99989574-0b2a-580b-ac78-90bc67a930df.mp4,patch_only,,0.1,0.9,same_grid_second_order,,,,,bottomk_mean,0.4,3,3,0.0,0.0035335689317435026,0.0031802121084183455,0.0031802121084183455
annotated,VEO3,999bece8-36c6-5750-b4ea-9e86be9718e8.mp4,patch_only,,0.1,0.9,same_grid_second_order,,,,,bottomk_mean,0.4,3,3,0.020023556426167488,0.02473498322069645,0.024263840168714523,0.024263840168714523
annotated,VEO3,9a2254b8-92d9-5eec-bb1d-654b1a15114a.mp4,patch_only,,0.1,0.9,same_grid_second_order,,,,,bottomk_mean,0.4,3,3,0.004122497048228979,0.007067137863487005,0.006772673688828945,0.006772673688828945
annotated,VEO3,9a31c224-f120-5ba3-a5bf-243a89dc344e.mp4,patch_only,,0.1,0.9,same_grid_second_order,,,,,bottomk_mean,0.4,3,3,0.027679622173309326,0.0035335689317435026,0.005948174279183149,0.005948174279183149
annotated,VEO3,9a7e6293-4cc4-58c1-af1b-f7e66e20e640.mp4,patch_only,,0.1,0.9,same_grid_second_order,,,,,bottomk_mean,0.4,3,3,0.11778563261032104,0.19375735521316528,0.18616019189357758,0.18616019189357758
annotated,VEO3,9a86f43a-c6fb-599e-8837-5bf6854dfc89.mp4,patch_only,,0.1,0.9,same_grid_second_order,,,,,bottomk_mean,0.4,3,3,0.10718492418527603,0.04240282624959946,0.048881035298109055,0.048881035298109055
annotated,VEO3,9aa6222c-7cfe-5ef9-972a-d16cdc28b8a8.mp4,patch_only,,0.1,0.9,same_grid_second_order,,,,,bottomk_mean,0.4,3,3,0.0005889281746931374,0.011189634911715984,0.010129564441740513,0.010129564441740513
annotated,VEO3,9aa9756c-4a12-54e5-a3db-173881a209d9.mp4,patch_only,,0.1,0.9,same_grid_second_order,,,,,bottomk_mean,0.4,3,3,0.02709069475531578,0.05300353467464447,0.05041224882006645,0.05041224882006645
annotated,VEO3,9ab08aad-36b1-56b3-b4e2-dc8a5f0c77bd.mp4,patch_only,,0.1,0.9,same_grid_second_order,,,,,bottomk_mean,0.4,3,3,0.010011778213083744,0.009422850795090199,0.009481742978096008,0.009481742978096008
annotated,VEO3,9acc226c-f517-58b9-8013-a5487d4e3266.mp4,patch_only,,0.1,0.9,same_grid_second_order,,,,,bottomk_mean,0.4,3,3,0.11778563261032104,0.0035335689317435026,0.014958774670958519,0.014958774670958519
annotated,VEO3,9ae6d061-3de5-5195-939f-7fd1e98b4d87.mp4,patch_only,,0.1,0.9,same_grid_second_order,,,,,bottomk_mean,0.4,3,3,0.2461719661951065,0.007656065747141838,0.03150765597820282,0.03150765597820282
annotated,VEO3,9b1ddd8a-4321-5206-a3da-0039fbc543e0.mp4,patch_only,,0.1,0.9,same_grid_second_order,,,,,bottomk_mean,0.4,3,3,0.46937572956085205,0.21436984837055206,0.23987042903900146,0.23987042903900146
annotated,VEO3,9b452ca6-54ef-5f7d-a185-fd2cc935bf66.mp4,patch_only,,0.1,0.9,same_grid_second_order,,,,,bottomk_mean,0.4,3,3,0.48763251304626465,0.03710247203707695,0.08215547353029251,0.08215547353029251
annotated,VEO3,9b6c25cd-7e62-5fd2-9523-9c69179592e3.mp4,patch_only,,0.1,0.9,same_grid_second_order,,,,,bottomk_mean,0.4,3,3,0.32214370369911194,0.07184923440217972,0.09687867760658264,0.09687867760658264
annotated,VEO3,9b7ccbdb-36e0-5fa5-817a-1d56869bc05f.mp4,patch_only,,0.1,0.9,same_grid_second_order,,,,,bottomk_mean,0.4,3,3,0.1537102460861206,0.11425206065177917,0.11819788068532944,0.11819788068532944
annotated,VEO3,9bb71c9b-a59c-594b-b15b-65580d3333cc.mp4,patch_only,,0.1,0.9,same_grid_second_order,,,,,bottomk_mean,0.4,3,3,0.47467610239982605,0.16902238130569458,0.19958774745464325,0.19958774745464325
annotated,VEO3,9bd26ed4-270c-55f7-8dea-1b07e0a856d0.mp4,patch_only,,0.1,0.9,same_grid_second_order,,,,,bottomk_mean,0.4,3,3,0.10070671141147614,0.10600706934928894,0.10547703504562378,0.10547703504562378
annotated,VEO3,9c285046-f0df-59fd-b36c-698f4e64f8c7.mp4,patch_only,,0.1,0.9,same_grid_second_order,,,,,bottomk_mean,0.4,3,3,0.13074204325675964,0.24381625652313232,0.2325088381767273,0.2325088381767273
annotated,VEO3,9c4517d4-c856-5bd8-b322-7ab4941e0988.mp4,patch_only,,0.1,0.9,same_grid_second_order,,,,,bottomk_mean,0.4,3,3,0.3686690330505371,0.10600706934928894,0.13227325677871704,0.13227325677871704
annotated,VEO3,9c47537a-68d4-51a9-bbe4-9ee4e4abe8ae.mp4,patch_only,,0.1,0.9,same_grid_second_order,,,,,bottomk_mean,0.4,3,3,0.027679622173309326,0.05182567611336708,0.049411073327064514,0.049411073327064514
annotated,VEO3,9c80fa3b-5faf-5ad6-957c-5dd6fcdfd4df.mp4,patch_only,,0.1,0.9,same_grid_second_order,,,,,bottomk_mean,0.4,3,3,0.0,0.004711425397545099,0.004240282811224461,0.004240282811224461
annotated,VEO3,9ccdedcf-8ff7-5b45-a935-f544c93fd4e9.mp4,patch_only,,0.1,0.9,same_grid_second_order,,,,,bottomk_mean,0.4,3,3,0.008833922445774078,0.0,0.0008833922329358757,0.0008833922329358757
annotated,VEO3,9cea8744-e5fe-54cf-b613-cbf1fe7d3308.mp4,patch_only,,0.1,0.9,same_grid_second_order,,,,,bottomk_mean,0.4,3,3,0.372202605009079,0.13368669152259827,0.1575382798910141,0.1575382798910141
annotated,VEO3,9d270977-05bf-57f0-992f-daa8f572e378.mp4,patch_only,,0.1,0.9,same_grid_second_order,,,,,bottomk_mean,0.4,3,3,0.022968197241425514,0.0035335689317435026,0.005477031692862511,0.005477031692862511
annotated,VEO3,9d48d736-2327-5512-8c54-c04c533da965.mp4,patch_only,,0.1,0.9,same_grid_second_order,,,,,bottomk_mean,0.4,3,3,0.04181389883160591,0.0035335689317435026,0.007361602038145065,0.007361602038145065
annotated,VEO3,9d63d182-95c7-51d8-8e49-afcc21d2938f.mp4,patch_only,,0.1,0.9,same_grid_second_order,,,,,bottomk_mean,0.4,3,3,0.020023556426167488,0.06301531195640564,0.05871613696217537,0.05871613696217537
annotated,VEO3,9d6e3be9-deb0-549f-b406-860226691154.mp4,patch_only,,0.1,0.9,same_grid_second_order,,,,,bottomk_mean,0.4,3,3,0.08362779766321182,0.009422850795090199,0.016843345016241074,0.016843345016241074
annotated,VEO3,9da71205-144b-5804-8781-ee1924e8baa4.mp4,patch_only,,0.1,0.9,same_grid_second_order,,,,,bottomk_mean,0.4,3,3,0.036513544619083405,0.037691403180360794,0.037573616951704025,0.037573616951704025
annotated,VEO3,9dbe6831-8d34-5b1c-8674-3abe07b1ba92.mp4,patch_only,,0.1,0.9,same_grid_second_order,,,,,bottomk_mean,0.4,3,3,0.08892814815044403,0.004122497048228979,0.012603062205016613,0.012603062205016613
annotated,VEO3,9dbfe707-b94b-5b49-8c1d-1c8d0abec059.mp4,patch_only,,0.1,0.9,same_grid_second_order,,,,,bottomk_mean,0.4,3,3,0.2968197762966156,0.03710247203707695,0.06307420134544373,0.06307420134544373
annotated,VEO3,9dc6d86f-407a-52a1-b11b-669b9a85f44b.mp4,patch_only,,0.1,0.9,same_grid_second_order,,,,,bottomk_mean,0.4,3,3,0.15076561272144318,0.024146053940057755,0.03680801019072533,0.03680801019072533
annotated,VEO3,9e312f89-ef7e-5756-89ad-f97bfd6a88cd.mp4,patch_only,,0.1,0.9,same_grid_second_order,,,,,bottomk_mean,0.4,3,3,0.040047112852334976,0.005300353281199932,0.008775029331445694,0.008775029331445694
annotated,VEO3,9e5b5fd2-1a1a-5ee0-acab-8d3dfd0b778c.mp4,patch_only,,0.1,0.9,same_grid_second_order,,,,,bottomk_mean,0.4,3,3,0.04534746706485748,0.0005889281746931374,0.005064782220870256,0.005064782220870256
annotated,VEO3,9e6bbf1f-5919-5b54-ae7d-7c7edef9010f.mp4,patch_only,,0.1,0.9,same_grid_second_order,,,,,bottomk_mean,0.4,3,3,0.04593639448285103,0.03239104896783829,0.03374558314681053,0.03374558314681053
annotated,VEO3,9e7935fe-a786-5049-8715-2b7da80bdace.mp4,patch_only,,0.1,0.9,same_grid_second_order,,,,,bottomk_mean,0.4,3,3,0.366902232170105,0.07184923440217972,0.10135453194379807,0.10135453194379807
annotated,VEO3,9eaa5845-cb35-56c9-be47-22770aa5c011.mp4,patch_only,,0.1,0.9,same_grid_second_order,,,,,bottomk_mean,0.4,3,3,0.002944640815258026,0.0,0.0002944640873465687,0.0002944640873465687
annotated,VEO3,9f38099e-8f27-5d15-bcd6-442d747e8b6b.mp4,patch_only,,0.1,0.9,same_grid_second_order,,,,,bottomk_mean,0.4,3,3,0.5376914143562317,0.23498232662677765,0.2652532458305359,0.2652532458305359
annotated,VEO3,9f5a0c01-d770-560b-8d4d-2f5f23bd8fef.mp4,patch_only,,0.1,0.9,same_grid_second_order,,,,,bottomk_mean,0.4,3,3,0.12720848619937897,0.017667844891548157,0.028621908277273178,0.028621908277273178
annotated,VEO3,9f79f7d2-060d-5f51-af6a-69c8480cbcf8.mp4,patch_only,,0.1,0.9,same_grid_second_order,,,,,bottomk_mean,0.4,3,3,0.140753835439682,0.01295641902834177,0.025736160576343536,0.025736160576343536
annotated,VEO3,9f9872ee-371e-5b88-a527-42090244c7f5.mp4,patch_only,,0.1,0.9,same_grid_second_order,,,,,bottomk_mean,0.4,3,3,0.01472320407629013,0.0005889281746931374,0.002002355642616749,0.002002355642616749
annotated,VEO3,9fa6a9ed-c940-5882-95a3-68f3c6ad1ac9.mp4,patch_only,,0.1,0.9,same_grid_second_order,,,,,bottomk_mean,0.4,3,3,0.26089516282081604,0.038869258016347885,0.06107185035943985,0.06107185035943985
annotated,VEO3,9faf4455-2675-51ac-9d55-18a1327589d2.mp4,patch_only,,0.1,0.9,same_grid_second_order,,,,,bottomk_mean,0.4,3,3,0.16431094706058502,0.04711425304412842,0.05883392319083214,0.05883392319083214
annotated,VEO3,a0036040-905e-5adb-baa0-d3005f60c06f.mp4,patch_only,,0.1,0.9,same_grid_second_order,,,,,bottomk_mean,0.4,3,3,0.208480566740036,0.11307420581579208,0.12261483818292618,0.12261483818292618
annotated,VEO3,a010aa6f-5a53-5a01-9869-42ca2a7bb6e8.mp4,patch_only,,0.1,0.9,same_grid_second_order,,,,,bottomk_mean,0.4,3,3,0.6425206065177917,0.3138987123966217,0.34676089882850647,0.34676089882850647
annotated,VEO3,a0afeb72-a8ef-5380-874f-c262aa82ab78.mp4,patch_only,,0.1,0.9,same_grid_second_order,,,,,bottomk_mean,0.4,3,3,0.0806831568479538,0.02473498322069645,0.03032979927957058,0.03032979927957058
annotated,VEO3,a0b26247-8e06-5584-8caa-c0b1e4cea005.mp4,patch_only,,0.1,0.9,same_grid_second_order,,,,,bottomk_mean,0.4,3,3,0.04534746706485748,0.0005889281746931374,0.005064782220870256,0.005064782220870256
annotated,VEO3,a0b3f759-77b8-5d02-aaaf-cb9df09cac5a.mp4,patch_only,,0.1,0.9,same_grid_second_order,,,,,bottomk_mean,0.4,3,3,0.010011778213083744,0.005300353281199932,0.005771495867520571,0.005771495867520571
annotated,VEO3,a0d7de15-06fa-5dbb-8095-22030d30170d.mp4,patch_only,,0.1,0.9,same_grid_second_order,,,,,bottomk_mean,0.4,3,3,0.015312131494283676,0.007067137863487005,0.007891637273132801,0.007891637273132801
annotated,VEO3,a1137e8a-e6dc-53aa-88eb-8526024c0113.mp4,patch_only,,0.1,0.9,same_grid_second_order,,,,,bottomk_mean,0.4,3,3,0.015312131494283676,0.0005889281746931374,0.0020612485241144896,0.0020612485241144896
annotated,VEO3,a118647e-946b-5194-af9e-0f66554cc0ee.mp4,patch_only,,0.1,0.9,same_grid_second_order,,,,,bottomk_mean,0.4,3,3,0.40459364652633667,0.038869258016347885,0.07544169574975967,0.07544169574975967
annotated,VEO3,a11b48f4-e9c2-5a2d-8dd0-502ff3d9f686.mp4,patch_only,,0.1,0.9,same_grid_second_order,,,,,bottomk_mean,0.4,3,3,0.5265017747879028,0.05418138951063156,0.10141342878341675,0.10141342878341675
annotated,VEO3,a16203fc-d04e-5cd5-9e4d-9baf6c0cce6a.mp4,patch_only,,0.1,0.9,same_grid_second_order,,,,,bottomk_mean,0.4,3,3,0.6931684613227844,0.10895171016454697,0.16737337410449982,0.16737337410449982
annotated,VEO3,a166fa32-5de8-5fed-a7ed-da307115d4d0.mp4,patch_only,,0.1,0.9,same_grid_second_order,,,,,bottomk_mean,0.4,3,3,0.0005889281746931374,0.018256772309541702,0.016489988192915916,0.016489988192915916
annotated,VEO3,a19f1b58-5550-54e3-b22b-fba65b82a273.mp4,patch_only,,0.1,0.9,same_grid_second_order,,,,,bottomk_mean,0.4,3,3,0.2214369773864746,0.01295641902834177,0.033804476261138916,0.033804476261138916
annotated,VEO3,a1b2c619-c55e-55da-971f-57b981e74ce4.mp4,patch_only,,0.1,0.9,same_grid_second_order,,,,,bottomk_mean,0.4,3,3,0.18845701217651367,0.03297997638583183,0.04852768033742905,0.04852768033742905
annotated,VEO3,a1ba1019-b3fe-5806-b501-b05b0b3e7c33.mp4,patch_only,,0.1,0.9,same_grid_second_order,,,,,bottomk_mean,0.4,3,3,0.02591283805668354,0.011778563261032104,0.013191990554332733,0.013191990554332733
annotated,VEO3,a1cd01de-6551-5c1f-971b-df8e5a21881e.mp4,patch_only,,0.1,0.9,same_grid_second_order,,,,,bottomk_mean,0.4,3,3,0.7043580412864685,0.3839811682701111,0.41601884365081787,0.41601884365081787
annotated,VEO3,a204008f-4554-5394-940e-f41f86ca46e9.mp4,patch_only,,0.1,0.9,same_grid_second_order,,,,,bottomk_mean,0.4,3,3,0.32862189412117004,0.3857479393482208,0.3800353407859802,0.3800353407859802
annotated,VEO3,a21f1f7c-2097-5d4e-8511-c2d97b82e07e.mp4,patch_only,,0.1,0.9,same_grid_second_order,,,,,bottomk_mean,0.4,3,3,0.01472320407629013,0.010011778213083744,0.01048292126506567,0.01048292126506567
annotated,VEO3,a22b5087-2825-5019-89c9-57ab9212cac2.mp4,patch_only,,0.1,0.9,same_grid_second_order,,,,,bottomk_mean,0.4,3,3,0.020023556426167488,0.002944640815258026,0.004652532283216715,0.004652532283216715
annotated,VEO3,a22f1968-a3df-5774-a930-9083d63d134b.mp4,patch_only,,0.1,0.9,same_grid_second_order,,,,,bottomk_mean,0.4,3,3,0.007656065747141838,0.008833922445774078,0.00871613621711731,0.00871613621711731
annotated,VEO3,a23982ee-4ee7-594c-af66-ed98090c8d12.mp4,patch_only,,0.1,0.9,same_grid_second_order,,,,,bottomk_mean,0.4,3,3,0.050058893859386444,0.008833922445774078,0.01295641902834177,0.01295641902834177
annotated,VEO3,a24cd0d5-aa80-560b-84e7-9155d8c3fb6b.mp4,patch_only,,0.1,0.9,same_grid_second_order,,,,,bottomk_mean,0.4,3,3,0.2850412130355835,0.0924617201089859,0.11171966791152954,0.11171966791152954
annotated,VEO3,a2546d60-2aaf-55c7-9ae5-f59f4f087413.mp4,patch_only,,0.1,0.9,same_grid_second_order,,,,,bottomk_mean,0.4,3,3,0.11012956500053406,0.0035335689317435026,0.014193168841302395,0.014193168841302395
annotated,VEO3,a276672c-4920-5d10-a444-c3e59df1b318.mp4,patch_only,,0.1,0.9,same_grid_second_order,,,,,bottomk_mean,0.4,3,3,0.12485276907682419,0.021790342405438423,0.032096583396196365,0.032096583396196365
annotated,VEO3,a2b5f02a-bf8e-5246-862c-817d3eac8292.mp4,patch_only,,0.1,0.9,same_grid_second_order,,,,,bottomk_mean,0.4,3,3,0.04240282624959946,0.0005889281746931374,0.004770318046212196,0.004770318046212196
annotated,VEO3,a30f47b6-4edc-51e6-a2b8-360270731097.mp4,patch_only,,0.1,0.9,same_grid_second_order,,,,,bottomk_mean,0.4,3,3,0.5170789361000061,0.17726737260818481,0.21124853193759918,0.21124853193759918
annotated,VEO3,a33319a2-d4a4-5cf0-8d9a-71627132dba9.mp4,patch_only,,0.1,0.9,same_grid_second_order,,,,,bottomk_mean,0.4,3,3,0.07773851603269577,0.007067137863487005,0.01413427572697401,0.01413427572697401
annotated,VEO3,a3ae29cc-f02c-56ec-ad8a-7b4026618076.mp4,patch_only,,0.1,0.9,same_grid_second_order,,,,,bottomk_mean,0.4,3,3,0.2614840865135193,0.043580684810876846,0.06537102162837982,0.06537102162837982
annotated,VEO3,a3be7e14-8b2a-5431-8ef0-b10f7365ea26.mp4,patch_only,,0.1,0.9,same_grid_second_order,,,,,bottomk_mean,0.4,3,3,0.5535924434661865,0.012367491610348225,0.06648998707532883,0.06648998707532883
annotated,VEO3,a3f8b27a-51cf-58bd-94d8-b99b96ccec2e.mp4,patch_only,,0.1,0.9,same_grid_second_order,,,,,bottomk_mean,0.4,3,3,0.08127208799123764,0.0005889281746931374,0.0086572440341115,0.0086572440341115
annotated,VEO3,a43795ce-2bf9-560b-9dfe-519a67607077.mp4,patch_only,,0.1,0.9,same_grid_second_order,,,,,bottomk_mean,0.4,3,3,0.01295641902834177,0.007067137863487005,0.007656065747141838,0.007656065747141838
annotated,VEO3,a44675ac-750d-51ec-b04e-734a3ec905dc.mp4,patch_only,,0.1,0.9,same_grid_second_order,,,,,bottomk_mean,0.4,3,3,0.047703180462121964,0.08657243847846985,0.08268551528453827,0.08268551528453827
annotated,VEO3,a48afe64-405a-504e-86fc-b2f5552ccdf7.mp4,patch_only,,0.1,0.9,same_grid_second_order,,,,,bottomk_mean,0.4,3,3,0.01472320407629013,0.10011778771877289,0.09157832711935043,0.09157832711935043
annotated,VEO3,a495d8a8-1c6b-5036-ac33-02a65e16d1aa.mp4,patch_only,,0.1,0.9,same_grid_second_order,,,,,bottomk_mean,0.4,3,3,0.04534746706485748,0.017667844891548157,0.02043580636382103,0.02043580636382103
annotated,VEO3,a4aa9480-ed3f-5828-bc50-720f29f02a33.mp4,patch_only,,0.1,0.9,same_grid_second_order,,,,,bottomk_mean,0.4,3,3,0.04593639448285103,0.07891637086868286,0.07561837136745453,0.07561837136745453
annotated,VEO3,a4bd3c7d-606e-530d-86e7-1eecb434cc40.mp4,patch_only,,0.1,0.9,same_grid_second_order,,,,,bottomk_mean,0.4,3,3,0.1484098881483078,0.1784452348947525,0.1754416972398758,0.1754416972398758
annotated,VEO3,a5059a87-ebac-5e71-b47c-471c2de64f05.mp4,patch_only,,0.1,0.9,same_grid_second_order,,,,,bottomk_mean,0.4,3,3,0.2656065821647644,0.028857478871941566,0.052532389760017395,0.052532389760017395
annotated,VEO3,a50cb89c-0b00-52ad-a611-4c826e7fcd58.mp4,patch_only,,0.1,0.9,same_grid_second_order,,,,,bottomk_mean,0.4,3,3,0.010011778213083744,0.01295641902834177,0.012661955319344997,0.012661955319344997
annotated,VEO3,a50e44bf-2cf3-534e-b964-f824b1319607.mp4,patch_only,,0.1,0.9,same_grid_second_order,,,,,bottomk_mean,0.4,3,3,0.05948174372315407,0.1366313248872757,0.12891636788845062,0.12891636788845062
annotated,VEO3,a523bcb0-2a2d-55d9-9c4f-2e2dd002ea8a.mp4,patch_only,,0.1,0.9,same_grid_second_order,,,,,bottomk_mean,0.4,3,3,0.06831566244363785,0.01295641902834177,0.01849234476685524,0.01849234476685524
annotated,VEO3,a55e7547-bec2-54eb-8e18-6824c2990c99.mp4,patch_only,,0.1,0.9,same_grid_second_order,,,,,bottomk_mean,0.4,3,3,0.0,0.0005889281746931374,0.0005300353514030576,0.0005300353514030576
annotated,VEO3,a5615e4b-b5d7-5de6-9b8b-1bdbfa2c7274.mp4,patch_only,,0.1,0.9,same_grid_second_order,,,,,bottomk_mean,0.4,3,3,0.11778563261032104,0.07891637086868286,0.08280330151319504,0.08280330151319504
annotated,VEO3,a57540e5-fd1b-5635-a11e-6261b7a2d6d8.mp4,patch_only,,0.1,0.9,same_grid_second_order,,,,,bottomk_mean,0.4,3,3,0.016489988192915916,0.0017667844658717513,0.0032391047570854425,0.0032391047570854425
annotated,VEO3,a575c0aa-ae05-582c-8c35-76e2aafd9401.mp4,patch_only,,0.1,0.9,same_grid_second_order,,,,,bottomk_mean,0.4,3,3,0.4140164852142334,0.21142520010471344,0.23168432712554932,0.23168432712554932
annotated,VEO3,a58bf588-3901-545a-b762-e9a0f2dc3b88.mp4,patch_only,,0.1,0.9,same_grid_second_order,,,,,bottomk_mean,0.4,3,3,0.11130741983652115,0.005300353281199932,0.01590106077492237,0.01590106077492237
annotated,VEO3,a5abb48e-d796-50f6-9363-db8e9564f6b6.mp4,patch_only,,0.1,0.9,same_grid_second_order,,,,,bottomk_mean,0.4,3,3,0.11248527467250824,0.012367491610348225,0.02237926982343197,0.02237926982343197
annotated,VEO3,a5abbed0-e27b-595b-8bae-2b532cb58835.mp4,patch_only,,0.1,0.9,same_grid_second_order,,,,,bottomk_mean,0.4,3,3,0.0005889281746931374,0.03297997638583183,0.029740871861577034,0.029740871861577034
annotated,VEO3,a5c3313c-53aa-5b30-8af9-74261e58de18.mp4,patch_only,,0.1,0.9,same_grid_second_order,,,,,bottomk_mean,0.4,3,3,0.3557125926017761,0.040047112852334976,0.07161366194486618,0.07161366194486618
annotated,VEO3,a5d9dc33-d7ff-5f3f-a815-f0292702cca6.mp4,patch_only,,0.1,0.9,same_grid_second_order,,,,,bottomk_mean,0.4,3,3,0.16195523738861084,0.02473498322069645,0.03845700994133949,0.03845700994133949
annotated,VEO3,a60fa59a-c08a-504f-9dc6-0f93d1642551.mp4,patch_only,,0.1,0.9,same_grid_second_order,,,,,bottomk_mean,0.4,3,3,0.4110718369483948,0.28327444195747375,0.2960541844367981,0.2960541844367981
annotated,VEO3,a612000f-9db8-50eb-b2d5-4e68b12aa3f6.mp4,patch_only,,0.1,0.9,same_grid_second_order,,,,,bottomk_mean,0.4,3,3,0.71378093957901,0.0924617201089859,0.15459364652633667,0.15459364652633667
annotated,VEO3,a6dc6e6a-a387-52cd-91a6-db3a1b3e5c34.mp4,patch_only,,0.1,0.9,same_grid_second_order,,,,,bottomk_mean,0.4,3,3,0.041224971413612366,0.03474676236510277,0.0353945828974247,0.0353945828974247
annotated,VEO3,a72082f0-b8cb-5a4e-9329-d89b3640e567.mp4,patch_only,,0.1,0.9,same_grid_second_order,,,,,bottomk_mean,0.4,3,3,0.34452298283576965,0.09776207059621811,0.12243816256523132,0.12243816256523132
annotated,VEO3,a73b132a-f3e4-5151-bc68-c868d7c4fb1a.mp4,patch_only,,0.1,0.9,same_grid_second_order,,,,,bottomk_mean,0.4,3,3,0.047703180462121964,0.16843345761299133,0.1563604176044464,0.1563604176044464
annotated,VEO3,a77f44b1-320f-5f74-998a-43aed0ab3039.mp4,patch_only,,0.1,0.9,same_grid_second_order,,,,,bottomk_mean,0.4,3,3,0.3280329704284668,0.12485276907682419,0.14517079293727875,0.14517079293727875
annotated,VEO3,a859f007-4035-50d3-9e5c-393df0a3822e.mp4,patch_only,,0.1,0.9,same_grid_second_order,,,,,bottomk_mean,0.4,3,3,0.05653710290789604,0.09187278896570206,0.08833922445774078,0.08833922445774078
annotated,VEO3,a86d54cf-84aa-52e7-9c36-5ba0a8601744.mp4,patch_only,,0.1,0.9,same_grid_second_order,,,,,bottomk_mean,0.4,3,3,0.35453474521636963,0.1342756152153015,0.15630152821540833,0.15630152821540833
annotated,VEO3,a897b8e1-3bb0-587b-b44e-a6672fbd1b48.mp4,patch_only,,0.1,0.9,same_grid_second_order,,,,,bottomk_mean,0.4,3,3,0.22968198359012604,0.0677267387509346,0.08392225950956345,0.08392225950956345
annotated,VEO3,a912bd5f-ee2c-58b4-a368-5a6e8eb72bed.mp4,patch_only,,0.1,0.9,same_grid_second_order,,,,,bottomk_mean,0.4,3,3,0.24793875217437744,0.171967014670372,0.1795641928911209,0.1795641928911209
annotated,VEO3,a9298590-c64a-580a-ba9d-e85ab8ff4e84.mp4,patch_only,,0.1,0.9,same_grid_second_order,,,,,bottomk_mean,0.4,3,3,0.030035335570573807,0.0023557126987725496,0.0051236748695373535,0.0051236748695373535
annotated,VEO3,a92f5049-e812-57bc-9840-98533aeec781.mp4,patch_only,,0.1,0.9,same_grid_second_order,,,,,bottomk_mean,0.4,3,3,0.06301531195640564,0.0035335689317435026,0.009481742978096008,0.009481742978096008
annotated,VEO3,a9305e13-ca9a-55a4-8d03-b99c9915c3ad.mp4,patch_only,,0.1,0.9,same_grid_second_order,,,,,bottomk_mean,0.4,3,3,0.07656066119670868,0.06595995277166367,0.06702002137899399,0.06702002137899399
annotated,VEO3,a97a9d19-eafb-5cb1-8999-92fd3cda062b.mp4,patch_only,,0.1,0.9,same_grid_second_order,,,,,bottomk_mean,0.4,3,3,0.03945818543434143,0.010011778213083744,0.01295641902834177,0.01295641902834177
annotated,VEO3,a9bcc2cc-99f4-516c-9171-db8ef8318b2d.mp4,patch_only,,0.1,0.9,same_grid_second_order,,,,,bottomk_mean,0.4,3,3,0.3474676012992859,0.08362779766321182,0.11001177877187729,0.11001177877187729
annotated,VEO3,a9f9b914-84df-5dc0-abde-943bbd11b70c.mp4,patch_only,,0.1,0.9,same_grid_second_order,,,,,bottomk_mean,0.4,3,3,0.3969375789165497,0.09187278896570206,0.12237927317619324,0.12237927317619324
annotated,VEO3,aa04cc82-1fbb-5d38-995d-48542fa9acc1.mp4,patch_only,,0.1,0.9,same_grid_second_order,,,,,bottomk_mean,0.4,3,3,0.1054181382060051,0.011778563261032104,0.021142520010471344,0.021142520010471344
annotated,VEO3,aa22fa54-4a81-5fd0-8d9d-3422f19e91b8.mp4,patch_only,,0.1,0.9,same_grid_second_order,,,,,bottomk_mean,0.4,3,3,0.14252060651779175,0.0,0.014252061024308205,0.014252061024308205
annotated,VEO3,aa310eff-938e-50c7-beee-54b238a862d1.mp4,patch_only,,0.1,0.9,same_grid_second_order,,,,,bottomk_mean,0.4,3,3,0.002944640815258026,0.10600706934928894,0.09570082277059555,0.09570082277059555
annotated,VEO3,aa45d0b0-fd5f-5a8d-9daf-31943ae6840e.mp4,patch_only,,0.1,0.9,same_grid_second_order,,,,,bottomk_mean,0.4,3,3,0.018845701590180397,0.016489988192915916,0.016725558787584305,0.016725558787584305
annotated,VEO3,aa70220f-2f26-5c69-834b-7f66b55f21f5.mp4,patch_only,,0.1,0.9,same_grid_second_order,,,,,bottomk_mean,0.4,3,3,0.01472320407629013,0.007067137863487005,0.007832744158804417,0.007832744158804417
annotated,VEO3,aa8c50fc-4d12-5cee-995e-d37ddf89056e.mp4,patch_only,,0.1,0.9,same_grid_second_order,,,,,bottomk_mean,0.4,3,3,0.01472320407629013,0.0023557126987725496,0.0035924618132412434,0.0035924618132412434
annotated,VEO3,aa8f795c-ce3e-540a-9fb7-54bfb0be63bf.mp4,patch_only,,0.1,0.9,same_grid_second_order,,,,,bottomk_mean,0.4,3,3,0.3138987123966217,0.13604240119457245,0.15382803976535797,0.15382803976535797
annotated,VEO3,aaaeb805-9bef-51e1-ba54-7df6e67296a9.mp4,patch_only,,0.1,0.9,same_grid_second_order,,,,,bottomk_mean,0.4,3,3,0.20494699478149414,0.024146053940057755,0.042226146906614304,0.042226146906614304
annotated,VEO3,aadd85d8-3bc0-514a-a31a-c00f6e671dc0.mp4,patch_only,,0.1,0.9,same_grid_second_order,,,,,bottomk_mean,0.4,3,3,0.03945818543434143,0.10718492418527603,0.10041224956512451,0.10041224956512451
annotated,VEO3,aae97686-c9af-5934-aeb2-92f325fd10a6.mp4,patch_only,,0.1,0.9,same_grid_second_order,,,,,bottomk_mean,0.4,3,3,0.030035335570573807,0.0017667844658717513,0.004593639634549618,0.004593639634549618
annotated,VEO3,ab088b94-ae86-542c-9f30-122dccfd904e.mp4,patch_only,,0.1,0.9,same_grid_second_order,,,,,bottomk_mean,0.4,3,3,0.010011778213083744,0.01295641902834177,0.012661955319344997,0.012661955319344997
annotated,VEO3,aba18701-9129-5ebe-ace7-80c3bc6c489c.mp4,patch_only,,0.1,0.9,same_grid_second_order,,,,,bottomk_mean,0.4,3,3,0.04181389883160591,0.0035335689317435026,0.007361602038145065,0.007361602038145065
annotated,VEO3,ac126b8e-10dd-58e1-890f-2164995da842.mp4,patch_only,,0.1,0.9,same_grid_second_order,,,,,bottomk_mean,0.4,3,3,0.0494699664413929,0.004122497048228979,0.0086572440341115,0.0086572440341115
annotated,VEO3,ac13171b-36d6-573a-b5aa-f89027a71cf7.mp4,patch_only,,0.1,0.9,same_grid_second_order,,,,,bottomk_mean,0.4,3,3,0.25323909521102905,0.035335689783096313,0.05712603032588959,0.05712603032588959
annotated,VEO3,ac25518d-7bd8-58ca-bdfb-11f3b50528bf.mp4,patch_only,,0.1,0.9,same_grid_second_order,,,,,bottomk_mean,0.4,3,3,0.01472320407629013,0.01295641902834177,0.013133097440004349,0.013133097440004349
annotated,VEO3,ac71f67c-63d0-57dc-abc9-85e71042d60f.mp4,patch_only,,0.1,0.9,same_grid_second_order,,,,,bottomk_mean,0.4,3,3,0.0023557126987725496,0.05182567611336708,0.04687868058681488,0.04687868058681488
annotated,VEO3,ac7600da-7487-5cfe-949a-4a93b4c32878.mp4,patch_only,,0.1,0.9,same_grid_second_order,,,,,bottomk_mean,0.4,3,3,0.1054181382060051,0.010011778213083744,0.01955241523683071,0.01955241523683071
annotated,VEO3,ac8f122c-f155-57f8-8510-7bd27cdc8e7f.mp4,patch_only,,0.1,0.9,same_grid_second_order,,,,,bottomk_mean,0.4,3,3,0.041224971413612366,0.011189634911715984,0.014193168841302395,0.014193168841302395
annotated,VEO3,ac9884ba-9848-5a18-9e61-24634efcc2fd.mp4,patch_only,,0.1,0.9,same_grid_second_order,,,,,bottomk_mean,0.4,3,3,0.05418138951063156,0.06831566244363785,0.06690223515033722,0.06690223515033722
annotated,VEO3,aca6599a-6a73-57ea-a5eb-d003471d9211.mp4,patch_only,,0.1,0.9,same_grid_second_order,,,,,bottomk_mean,0.4,3,3,0.07773851603269577,0.3987043499946594,0.36660778522491455,0.36660778522491455
annotated,VEO3,acd07bc4-75ea-555b-bd29-06e87aad0fd2.mp4,patch_only,,0.1,0.9,same_grid_second_order,,,,,bottomk_mean,0.4,3,3,0.1054181382060051,0.002944640815258026,0.013191990554332733,0.013191990554332733
annotated,VEO3,ace960d7-42c3-5bc6-9fe0-3e846ec4762a.mp4,patch_only,,0.1,0.9,same_grid_second_order,,,,,bottomk_mean,0.4,3,3,0.048881035298109055,0.007067137863487005,0.011248528026044369,0.011248528026044369
annotated,VEO3,acebeceb-aec2-589f-9ef6-67eb473eb95e.mp4,patch_only,,0.1,0.9,same_grid_second_order,,,,,bottomk_mean,0.4,3,3,0.07479387521743774,0.02473498322069645,0.029740871861577034,0.029740871861577034
annotated,VEO3,ad106c8d-87fa-53fe-9e23-51fce9246054.mp4,patch_only,,0.1,0.9,same_grid_second_order,,,,,bottomk_mean,0.4,3,3,0.11130741983652115,0.04240282624959946,0.049293287098407745,0.049293287098407745
annotated,VEO3,ad4bc94b-a890-552b-8883-d07fd4008b30.mp4,patch_only,,0.1,0.9,same_grid_second_order,,,,,bottomk_mean,0.4,3,3,0.4151943325996399,0.018845701590180397,0.05848056450486183,0.05848056450486183
annotated,VEO3,ad5d7e26-a135-5000-9b17-a33b88a73e72.mp4,patch_only,,0.1,0.9,same_grid_second_order,,,,,bottomk_mean,0.4,3,3,0.18080094456672668,0.017667844891548157,0.03398115560412407,0.03398115560412407
annotated,VEO3,ad6a38a8-33a5-5c8c-854c-f7a511628e33.mp4,patch_only,,0.1,0.9,same_grid_second_order,,,,,bottomk_mean,0.4,3,3,0.15253238379955292,0.01295641902834177,0.026914017274975777,0.026914017274975777
annotated,VEO3,ae22d239-86bf-545a-8e54-4e11f0ae5f3c.mp4,patch_only,,0.1,0.9,same_grid_second_order,,,,,bottomk_mean,0.4,3,3,0.16195523738861084,0.05300353467464447,0.06389870494604111,0.06389870494604111
annotated,VEO3,ae3d1b25-0b3f-5cb8-9237-ee890b38d886.mp4,patch_only,,0.1,0.9,same_grid_second_order,,,,,bottomk_mean,0.4,3,3,0.09128386527299881,0.0005889281746931374,0.009658421389758587,0.009658421389758587
annotated,VEO3,ae477084-fd88-5eec-8139-9b34e29bd455.mp4,patch_only,,0.1,0.9,same_grid_second_order,,,,,bottomk_mean,0.4,3,3,0.2108362764120102,0.03474676236510277,0.05235571414232254,0.05235571414232254
annotated,VEO3,ae49a421-4b8d-553e-a82b-4a3fc071ee15.mp4,patch_only,,0.1,0.9,same_grid_second_order,,,,,bottomk_mean,0.4,3,3,0.8510012030601501,0.47349822521209717,0.5112485289573669,0.5112485289573669
annotated,VEO3,ae4c98e0-2316-5885-8bbf-9f6bdad39175.mp4,patch_only,,0.1,0.9,same_grid_second_order,,,,,bottomk_mean,0.4,3,3,0.01295641902834177,0.007067137863487005,0.007656065747141838,0.007656065747141838
annotated,VEO3,ae699b38-0f61-518c-8d8a-42f833bb7c2e.mp4,patch_only,,0.1,0.9,same_grid_second_order,,,,,bottomk_mean,0.4,3,3,0.05535924434661865,0.02473498322069645,0.027797408401966095,0.027797408401966095
annotated,VEO3,ae844764-4db7-54e7-8ebc-6c49c73e2e6e.mp4,patch_only,,0.1,0.9,same_grid_second_order,,,,,bottomk_mean,0.4,3,3,0.1054181382060051,0.1590106040239334,0.15365135669708252,0.15365135669708252
annotated,VEO3,ae8b0679-3fae-596e-b804-24c150461ac2.mp4,patch_only,,0.1,0.9,same_grid_second_order,,,,,bottomk_mean,0.4,3,3,0.18904593586921692,0.12956419587135315,0.1355123668909073,0.1355123668909073
annotated,VEO3,ae9d1f78-ab07-59b6-825a-d6dc2bb823c9.mp4,patch_only,,0.1,0.9,same_grid_second_order,,,,,bottomk_mean,0.4,3,3,0.13780918717384338,0.24322733283042908,0.23268550634384155,0.23268550634384155
annotated,VEO3,aeba0689-bdea-560e-b1fa-67a470ea66f0.mp4,patch_only,,0.1,0.9,same_grid_second_order,,,,,bottomk_mean,0.4,3,3,0.1666666716337204,0.10600706934928894,0.11207302659749985,0.11207302659749985
annotated,VEO3,aec9f9c5-536b-54d0-9d99-0d3ea8df8492.mp4,patch_only,,0.1,0.9,same_grid_second_order,,,,,bottomk_mean,0.4,3,3,0.01295641902834177,0.005300353281199932,0.006065960042178631,0.006065960042178631
annotated,VEO3,aeea311b-92b8-575b-a8ec-5b72fa828adc.mp4,patch_only,,0.1,0.9,same_grid_second_order,,,,,bottomk_mean,0.4,3,3,0.11660777032375336,0.01295641902834177,0.02332155406475067,0.02332155406475067
annotated,VEO3,af4de8ed-8742-592b-bb9e-9cc3e011a6b2.mp4,patch_only,,0.1,0.9,same_grid_second_order,,,,,bottomk_mean,0.4,3,3,0.0,0.062426384538412094,0.056183744221925735,0.056183744221925735
annotated,VEO3,af9620f4-6ca9-5843-ad51-c7b535f58faf.mp4,patch_only,,0.1,0.9,same_grid_second_order,,,,,bottomk_mean,0.4,3,3,0.1537102460861206,0.20494699478149414,0.1998233199119568,0.1998233199119568
annotated,VEO3,afd94f82-6eac-5816-abe9-3f88344f750f.mp4,patch_only,,0.1,0.9,same_grid_second_order,,,,,bottomk_mean,0.4,3,3,0.5011778473854065,0.08657243847846985,0.12803298234939575,0.12803298234939575
annotated,VEO3,b01d383e-254e-567b-affd-a37e5bb35627.mp4,patch_only,,0.1,0.9,same_grid_second_order,,,,,bottomk_mean,0.4,3,3,0.18080094456672668,0.16843345761299133,0.1696701943874359,0.1696701943874359
annotated,VEO3,b0407a7f-81bb-56ab-ad37-0f9da2249622.mp4,patch_only,,0.1,0.9,same_grid_second_order,,,,,bottomk_mean,0.4,3,3,0.34452298283576965,0.06065959855914116,0.0890459343791008,0.0890459343791008
annotated,VEO3,b041cb4f-8c3a-5e33-8c21-52022cd386b3.mp4,patch_only,,0.1,0.9,same_grid_second_order,,,,,bottomk_mean,0.4,3,3,0.010011778213083744,0.0,0.0010011778213083744,0.0010011778213083744
annotated,VEO3,b0667db1-6eeb-56b5-b04d-3fbc3baab070.mp4,patch_only,,0.1,0.9,same_grid_second_order,,,,,bottomk_mean,0.4,3,3,0.002944640815258026,0.02473498322069645,0.022555947303771973,0.022555947303771973
annotated,VEO3,b08868e9-d3d4-5ac1-8c4b-21a8b20b15ad.mp4,patch_only,,0.1,0.9,same_grid_second_order,,,,,bottomk_mean,0.4,3,3,0.3816254436969757,0.14782096445560455,0.1712014079093933,0.1712014079093933
annotated,VEO3,b0b092af-0c73-5c41-87fd-3c3404877dd0.mp4,patch_only,,0.1,0.9,same_grid_second_order,,,,,bottomk_mean,0.4,3,3,0.020612485706806183,0.008833922445774078,0.010011778213083744,0.010011778213083744
annotated,VEO3,b0bc6d0d-69e7-503d-8400-b06114f71b29.mp4,patch_only,,0.1,0.9,same_grid_second_order,,,,,bottomk_mean,0.4,3,3,0.09599529206752777,0.018256772309541702,0.02603062428534031,0.02603062428534031
annotated,VEO3,b0c5395d-9c1b-582b-b5f6-5b7893468e66.mp4,patch_only,,0.1,0.9,same_grid_second_order,,,,,bottomk_mean,0.4,3,3,0.018845701590180397,0.01295641902834177,0.01354534737765789,0.01354534737765789
annotated,VEO3,b16d8187-26f3-5f45-951c-0adf93009fb9.mp4,patch_only,,0.1,0.9,same_grid_second_order,,,,,bottomk_mean,0.4,3,3,0.44051826000213623,0.04240282624959946,0.0822143703699112,0.0822143703699112
annotated,VEO3,b1a4eed3-2a02-5c66-b278-f2780345d6ea.mp4,patch_only,,0.1,0.9,same_grid_second_order,,,,,bottomk_mean,0.4,3,3,0.06949352473020554,0.010600706562399864,0.016489988192915916,0.016489988192915916
annotated,VEO3,b1aca858-ec62-5956-9917-045a9e2ba1fd.mp4,patch_only,,0.1,0.9,same_grid_second_order,,,,,bottomk_mean,0.4,3,3,0.02709069475531578,0.06595995277166367,0.06207302585244179,0.06207302585244179
annotated,VEO3,b1b3d908-5c2d-546d-828d-b87ae5178a08.mp4,patch_only,,0.1,0.9,same_grid_second_order,,,,,bottomk_mean,0.4,3,3,0.016489988192915916,0.0005889281746931374,0.0021790340542793274,0.0021790340542793274
annotated,VEO3,b1e11868-2349-52d3-b39e-61138896f66a.mp4,patch_only,,0.1,0.9,same_grid_second_order,,,,,bottomk_mean,0.4,3,3,0.018845701590180397,0.010011778213083744,0.010895171202719212,0.010895171202719212
annotated,VEO3,b216ba4d-45b7-5357-9db5-4bd7db866980.mp4,patch_only,,0.1,0.9,same_grid_second_order,,,,,bottomk_mean,0.4,3,3,0.7956419587135315,0.22084805369377136,0.27832743525505066,0.27832743525505066
annotated,VEO3,b2499ed5-b598-572a-8d60-6199395e1561.mp4,patch_only,,0.1,0.9,same_grid_second_order,,,,,bottomk_mean,0.4,3,3,0.05535924434661865,0.07361602038145065,0.07179034501314163,0.07179034501314163
annotated,VEO3,b25417ba-52e3-56e5-a63a-21b605491f17.mp4,patch_only,,0.1,0.9,same_grid_second_order,,,,,bottomk_mean,0.4,3,3,0.6454652547836304,0.1590106040239334,0.20765607059001923,0.20765607059001923
annotated,VEO3,b28a965d-121b-5554-98ef-aa6b00afd81e.mp4,patch_only,,0.1,0.9,same_grid_second_order,,,,,bottomk_mean,0.4,3,3,0.010600706562399864,0.01295641902834177,0.012720848433673382,0.012720848433673382
annotated,VEO3,b2d1c3f5-f601-5a43-9e9b-0b52e63102bf.mp4,patch_only,,0.1,0.9,same_grid_second_order,,,,,bottomk_mean,0.4,3,3,0.16431094706058502,0.19729092717170715,0.19399292767047882,0.19399292767047882
annotated,VEO3,b2f7ac1f-d982-5e02-b87e-bfa55ce29295.mp4,patch_only,,0.1,0.9,same_grid_second_order,,,,,bottomk_mean,0.4,3,3,0.38103652000427246,0.22614841163158417,0.2416372150182724,0.2416372150182724
annotated,VEO3,b2fc2d4b-d20a-5ce6-a8a8-53a0d1e3f4af.mp4,patch_only,,0.1,0.9,same_grid_second_order,,,,,bottomk_mean,0.4,3,3,0.4116607904434204,0.06831566244363785,0.10265017300844193,0.10265017300844193
annotated,VEO3,b2ffb288-f04f-5fc2-bdf6-e319c7f9e4e4.mp4,patch_only,,0.1,0.9,same_grid_second_order,,,,,bottomk_mean,0.4,3,3,0.02120141312479973,0.009422850795090199,0.010600706562399864,0.010600706562399864
annotated,VEO3,b316ee3c-480f-5d8c-bfbe-74a34e4aa795.mp4,patch_only,,0.1,0.9,same_grid_second_order,,,,,bottomk_mean,0.4,3,3,0.010011778213083744,0.010011778213083744,0.010011778213083744,0.010011778213083744
annotated,VEO3,b3b1e730-202f-59d8-a3ef-89f328bd736f.mp4,patch_only,,0.1,0.9,same_grid_second_order,,,,,bottomk_mean,0.4,3,3,0.02120141312479973,0.005300353281199932,0.006890459451824427,0.006890459451824427
annotated,VEO3,b3df4cd8-d2b3-5e94-b429-2431be7e9e7d.mp4,patch_only,,0.1,0.9,same_grid_second_order,,,,,bottomk_mean,0.4,3,3,0.28327444195747375,0.042991753667593,0.06702002137899399,0.06702002137899399
annotated,VEO3,b3e2a107-6aa5-5e18-a469-1f4b1c461f1c.mp4,patch_only,,0.1,0.9,same_grid_second_order,,,,,bottomk_mean,0.4,3,3,0.017078915610909462,0.007656065747141838,0.008598350919783115,0.008598350919783115
annotated,VEO3,b42b2b05-0947-5746-b29e-da3efbe783bf.mp4,patch_only,,0.1,0.9,same_grid_second_order,,,,,bottomk_mean,0.4,3,3,0.5636042356491089,0.554770290851593,0.5556536912918091,0.5556536912918091
annotated,VEO3,b44954ca-a9d0-504d-b13a-bf3a10a70796.mp4,patch_only,,0.1,0.9,same_grid_second_order,,,,,bottomk_mean,0.4,3,3,0.12190812826156616,0.23616018891334534,0.22473497688770294,0.22473497688770294
annotated,VEO3,b4d38d50-fc36-5a28-876e-3f85b5c133ac.mp4,patch_only,,0.1,0.9,same_grid_second_order,,,,,bottomk_mean,0.4,3,3,0.39634865522384644,0.11778563261032104,0.14564193785190582,0.14564193785190582
annotated,VEO3,b4f00b8c-47b0-5efa-8be9-875cb53aa69e.mp4,patch_only,,0.1,0.9,same_grid_second_order,,,,,bottomk_mean,0.4,3,3,0.29505300521850586,0.10482921451330185,0.12385158985853195,0.12385158985853195
annotated,VEO3,b508fe39-8e21-580d-acf0-1b3b84f187de.mp4,patch_only,,0.1,0.9,same_grid_second_order,,,,,bottomk_mean,0.4,3,3,0.01472320407629013,0.0005889281746931374,0.002002355642616749,0.002002355642616749
annotated,VEO3,b511aee8-0733-5c84-ae67-94f803160c2a.mp4,patch_only,,0.1,0.9,same_grid_second_order,,,,,bottomk_mean,0.4,3,3,0.02120141312479973,0.0005889281746931374,0.002650176640599966,0.002650176640599966
annotated,VEO3,b5201fd0-8500-530f-82e2-4e151d6ebb24.mp4,patch_only,,0.1,0.9,same_grid_second_order,,,,,bottomk_mean,0.4,3,3,0.13898704946041107,0.005300353281199932,0.018669022247195244,0.018669022247195244
annotated,VEO3,b56dc799-ef9f-5c32-81a6-5205afe6832b.mp4,patch_only,,0.1,0.9,same_grid_second_order,,,,,bottomk_mean,0.4,3,3,0.0023557126987725496,0.002944640815258026,0.0028857479337602854,0.0028857479337602854
annotated,VEO3,b5a9e82d-857b-566f-9651-0d646491fd7b.mp4,patch_only,,0.1,0.9,same_grid_second_order,,,,,bottomk_mean,0.4,3,3,0.002944640815258026,0.004711425397545099,0.004534746985882521,0.004534746985882521
annotated,VEO3,b5fd9f94-7471-5894-952a-f3aa87080cc5.mp4,patch_only,,0.1,0.9,same_grid_second_order,,,,,bottomk_mean,0.4,3,3,0.5618374347686768,0.24146054685115814,0.2734982371330261,0.2734982371330261
annotated,VEO3,b68d2ce1-61c3-5020-a833-ea0ac0668e68.mp4,patch_only,,0.1,0.9,same_grid_second_order,,,,,bottomk_mean,0.4,3,3,0.29505300521850586,0.062426384538412094,0.08568904548883438,0.08568904548883438
annotated,VEO3,b6983a80-9e92-5125-b285-aa2d9ecc6270.mp4,patch_only,,0.1,0.9,same_grid_second_order,,,,,bottomk_mean,0.4,3,3,0.21849234402179718,0.07832744717597961,0.09234393388032913,0.09234393388032913
annotated,VEO3,b6a6bb75-195b-593b-bb65-f7ca2bbcc0ad.mp4,patch_only,,0.1,0.9,same_grid_second_order,,,,,bottomk_mean,0.4,3,3,0.3969375789165497,0.020612485706806183,0.05824499577283859,0.05824499577283859
annotated,VEO3,b6deb83a-c607-5a82-ba8d-f21e37cc3df2.mp4,patch_only,,0.1,0.9,same_grid_second_order,,,,,bottomk_mean,0.4,3,3,0.27915194630622864,0.011778563261032104,0.03851589933037758,0.03851589933037758
annotated,VEO3,b709787f-6757-5e55-b9ac-611c162f4653.mp4,patch_only,,0.1,0.9,same_grid_second_order,,,,,bottomk_mean,0.4,3,3,0.034157831221818924,0.32744404673576355,0.29811543226242065,0.29811543226242065
annotated,VEO3,b711fd9e-c235-5fe2-8963-dcaa7e5498a6.mp4,patch_only,,0.1,0.9,same_grid_second_order,,,,,bottomk_mean,0.4,3,3,0.010011778213083744,0.0005889281746931374,0.001531213172711432,0.001531213172711432
annotated,VEO3,b75a1e5d-237d-5fb7-ad42-2ccd3e66d2b8.mp4,patch_only,,0.1,0.9,same_grid_second_order,,,,,bottomk_mean,0.4,3,3,0.01472320407629013,0.0005889281746931374,0.002002355642616749,0.002002355642616749
annotated,VEO3,b7e75b14-14c7-5955-a644-7ef5351abaa5.mp4,patch_only,,0.1,0.9,same_grid_second_order,,,,,bottomk_mean,0.4,3,3,0.03828033059835434,0.009422850795090199,0.01230859849601984,0.01230859849601984
annotated,VEO3,b814c741-1b90-56b2-adf0-b515257a0b85.mp4,patch_only,,0.1,0.9,same_grid_second_order,,,,,bottomk_mean,0.4,3,3,0.5406360626220703,0.10600706934928894,0.14946997165679932,0.14946997165679932
annotated,VEO3,b833e9a8-0f66-5b22-bd62-9646a81ee174.mp4,patch_only,,0.1,0.9,same_grid_second_order,,,,,bottomk_mean,0.4,3,3,0.1837455779314041,0.05771495774388313,0.07031802088022232,0.07031802088022232
annotated,VEO3,b84b47c5-4008-51bb-8757-c1d3d155d655.mp4,patch_only,,0.1,0.9,same_grid_second_order,,,,,bottomk_mean,0.4,3,3,0.041224971413612366,0.010011778213083744,0.013133097440004349,0.013133097440004349
annotated,VEO3,b85ef696-4e0c-5233-b209-9e62d6b23b5d.mp4,patch_only,,0.1,0.9,same_grid_second_order,,,,,bottomk_mean,0.4,3,3,0.3539458215236664,0.10011778771877289,0.12550058960914612,0.12550058960914612
annotated,VEO3,b86a2895-12b2-50ef-8b86-5df67f86e259.mp4,patch_only,,0.1,0.9,same_grid_second_order,,,,,bottomk_mean,0.4,3,3,0.7791519165039062,0.04416961222887039,0.11766784638166428,0.11766784638166428
annotated,VEO3,b8801dce-4800-5467-a538-7bfa6aed2ef9.mp4,patch_only,,0.1,0.9,same_grid_second_order,,,,,bottomk_mean,0.4,3,3,0.20789164304733276,0.09187278896570206,0.1034746766090393,0.1034746766090393
annotated,VEO3,b8dc5804-32b5-5f5f-a80d-01499aa20cf6.mp4,patch_only,,0.1,0.9,same_grid_second_order,,,,,bottomk_mean,0.4,3,3,0.43698468804359436,0.5376914143562317,0.5276207327842712,0.5276207327842712
annotated,VEO3,b8ddc414-bc73-58b9-a227-ea8e1c8a948d.mp4,patch_only,,0.1,0.9,same_grid_second_order,,,,,bottomk_mean,0.4,3,3,0.004122497048228979,0.0035335689317435026,0.0035924618132412434,0.0035924618132412434
annotated,VEO3,b90509db-41e5-57aa-86ca-9095353fcabd.mp4,patch_only,,0.1,0.9,same_grid_second_order,,,,,bottomk_mean,0.4,3,3,0.020023556426167488,0.0023557126987725496,0.004122497048228979,0.004122497048228979
annotated,VEO3,b90f78f7-b300-5633-9d6c-17b1477dfefa.mp4,patch_only,,0.1,0.9,same_grid_second_order,,,,,bottomk_mean,0.4,3,3,0.0023557126987725496,0.002944640815258026,0.0028857479337602854,0.0028857479337602854
annotated,VEO3,b9238263-5bf2-5d51-a778-303c7b7b7327.mp4,patch_only,,0.1,0.9,same_grid_second_order,,,,,bottomk_mean,0.4,3,3,0.002944640815258026,0.007067137863487005,0.006654887925833464,0.006654887925833464
annotated,VEO3,b956a084-d9a7-5a0c-a724-6234b1e306c1.mp4,patch_only,,0.1,0.9,same_grid_second_order,,,,,bottomk_mean,0.4,3,3,0.004122497048228979,0.010011778213083744,0.009422850795090199,0.009422850795090199
annotated,VEO3,b9f486fb-013e-54cb-9292-58a9f9658e14.mp4,patch_only,,0.1,0.9,same_grid_second_order,,,,,bottomk_mean,0.4,3,3,0.06595995277166367,0.030035335570573807,0.03362779691815376,0.03362779691815376
annotated,VEO3,ba2c8cea-6ed0-5576-ab45-ee0068d60c05.mp4,patch_only,,0.1,0.9,same_grid_second_order,,,,,bottomk_mean,0.4,3,3,0.14782096445560455,0.028857478871941566,0.04075382649898529,0.04075382649898529
annotated,VEO3,ba375f8d-7792-594f-8f7d-439ee7cb554d.mp4,patch_only,,0.1,0.9,same_grid_second_order,,,,,bottomk_mean,0.4,3,3,0.567726731300354,0.2343934029340744,0.26772674918174744,0.26772674918174744
annotated,VEO3,ba3b41d4-65d5-5bb0-aecb-e06d5fcca58d.mp4,patch_only,,0.1,0.9,same_grid_second_order,,,,,bottomk_mean,0.4,3,3,0.46937572956085205,0.12131919711828232,0.15612486004829407,0.15612486004829407
annotated,VEO3,ba3e5174-c246-5e09-8b82-29cb01c9c6d9.mp4,patch_only,,0.1,0.9,same_grid_second_order,,,,,bottomk_mean,0.4,3,3,0.03945818543434143,0.05300353467464447,0.051649000495672226,0.051649000495672226
annotated,VEO3,ba3fb367-c680-5fdc-8b79-4e006c37c0f7.mp4,patch_only,,0.1,0.9,same_grid_second_order,,,,,bottomk_mean,0.4,3,3,0.05064782127737999,0.0035335689317435026,0.008244994096457958,0.008244994096457958
annotated,VEO3,ba518ffd-8b7f-5c76-af30-b92ab4fc1e2b.mp4,patch_only,,0.1,0.9,same_grid_second_order,,,,,bottomk_mean,0.4,3,3,0.0005889281746931374,0.007656065747141838,0.006949352100491524,0.006949352100491524
annotated,VEO3,baa4328e-3976-597b-9ea1-4c4d006c276c.mp4,patch_only,,0.1,0.9,same_grid_second_order,,,,,bottomk_mean,0.4,3,3,0.2290930449962616,0.09187278896570206,0.10559481382369995,0.10559481382369995
annotated,VEO3,bace4934-8d55-5b7d-9ff9-51f2583572cd.mp4,patch_only,,0.1,0.9,same_grid_second_order,,,,,bottomk_mean,0.4,3,3,0.022968197241425514,0.021790342405438423,0.021908126771450043,0.021908126771450043
annotated,VEO3,bad8a82d-838c-5c3f-98b2-862736d3e115.mp4,patch_only,,0.1,0.9,same_grid_second_order,,,,,bottomk_mean,0.4,3,3,0.4528857469558716,0.22379270195960999,0.24670200049877167,0.24670200049877167
annotated,VEO3,bad8d7de-ddf6-56f4-8cca-0a760ce6f353.mp4,patch_only,,0.1,0.9,same_grid_second_order,,,,,bottomk_mean,0.4,3,3,0.2149587720632553,0.1289752721786499,0.13757361471652985,0.13757361471652985
annotated,VEO3,baf9ff64-0b15-5364-9611-ba6043fcfe92.mp4,patch_only,,0.1,0.9,same_grid_second_order,,,,,bottomk_mean,0.4,3,3,0.020023556426167488,0.0023557126987725496,0.004122497048228979,0.004122497048228979
annotated,VEO3,bb014f75-5f93-58e0-bb6d-a5524a12c0e2.mp4,patch_only,,0.1,0.9,same_grid_second_order,,,,,bottomk_mean,0.4,3,3,0.7597172856330872,0.7255594730377197,0.728975236415863,0.728975236415863
annotated,VEO3,bb15b55f-1792-5016-99e0-572557dbfd84.mp4,patch_only,,0.1,0.9,same_grid_second_order,,,,,bottomk_mean,0.4,3,3,0.03592461720108986,0.04240282624959946,0.04175500571727753,0.04175500571727753
annotated,VEO3,bb5e66cc-f1f4-57af-8fc3-44cd8e714cff.mp4,patch_only,,0.1,0.9,same_grid_second_order,,,,,bottomk_mean,0.4,3,3,0.2396937608718872,0.0035335689317435026,0.027149587869644165,0.027149587869644165
annotated,VEO3,bb6cf5d1-fc1e-561f-b910-c3d0a378b3be.mp4,patch_only,,0.1,0.9,same_grid_second_order,,,,,bottomk_mean,0.4,3,3,0.002944640815258026,0.0035335689317435026,0.003474676050245762,0.003474676050245762
annotated,VEO3,bbc9bf22-3dab-5020-8122-1e826a470a2b.mp4,patch_only,,0.1,0.9,same_grid_second_order,,,,,bottomk_mean,0.4,3,3,0.11012956500053406,0.016489988192915916,0.025853944942355156,0.025853944942355156
annotated,VEO3,bbccf391-e18c-59d4-b4de-a1d77b6e022d.mp4,patch_only,,0.1,0.9,same_grid_second_order,,,,,bottomk_mean,0.4,3,3,0.6236749291419983,0.14899882674217224,0.19646643102169037,0.19646643102169037
annotated,VEO3,bbdb093f-9136-5dc1-bf74-d72506fc4dbc.mp4,patch_only,,0.1,0.9,same_grid_second_order,,,,,bottomk_mean,0.4,3,3,0.2396937608718872,0.21201413869857788,0.21478210389614105,0.21478210389614105
annotated,VEO3,bbf172ab-2856-5013-b8a3-e55f6f826ddd.mp4,patch_only,,0.1,0.9,same_grid_second_order,,,,,bottomk_mean,0.4,3,3,0.08833922445774078,0.010011778213083744,0.01784452237188816,0.01784452237188816
annotated,VEO3,bc072530-2ade-59aa-8f31-550cd6745059.mp4,patch_only,,0.1,0.9,same_grid_second_order,,,,,bottomk_mean,0.4,3,3,0.07832744717597961,0.021790342405438423,0.027444051578640938,0.027444051578640938
annotated,VEO3,bc622d4c-31f0-5b9e-b184-5f09b3d9b30d.mp4,patch_only,,0.1,0.9,same_grid_second_order,,,,,bottomk_mean,0.4,3,3,0.1054181382060051,0.047703180462121964,0.05347467586398125,0.05347467586398125
annotated,VEO3,bcd1432a-af5f-5a06-ba55-926ac036c44d.mp4,patch_only,,0.1,0.9,same_grid_second_order,,,,,bottomk_mean,0.4,3,3,0.30506476759910583,0.012367491610348225,0.04163721948862076,0.04163721948862076
annotated,VEO3,bcf65aa1-fa3e-5b6e-84cd-bb048bccee27.mp4,patch_only,,0.1,0.9,same_grid_second_order,,,,,bottomk_mean,0.4,3,3,0.002944640815258026,0.002944640815258026,0.002944640815258026,0.002944640815258026
annotated,VEO3,bd0555ae-77d9-50dd-a61d-38cc3a90d683.mp4,patch_only,,0.1,0.9,same_grid_second_order,,,,,bottomk_mean,0.4,3,3,0.0,0.0005889281746931374,0.0005300353514030576,0.0005300353514030576
annotated,VEO3,bd317297-12c4-5588-80ee-77c6bc7193e9.mp4,patch_only,,0.1,0.9,same_grid_second_order,,,,,bottomk_mean,0.4,3,3,0.9122496843338013,0.16902238130569458,0.24334511160850525,0.24334511160850525
annotated,VEO3,bd390256-8144-5453-84ac-38cdc4b8cf89.mp4,patch_only,,0.1,0.9,same_grid_second_order,,,,,bottomk_mean,0.4,3,3,0.05300353467464447,0.017667844891548157,0.02120141312479973,0.02120141312479973
annotated,VEO3,bd4a6c83-9b5c-5b9c-80fb-8207dc2313c7.mp4,patch_only,,0.1,0.9,same_grid_second_order,,,,,bottomk_mean,0.4,3,3,0.6790341734886169,0.0005889281746931374,0.06843344867229462,0.06843344867229462
annotated,VEO3,bd7205ae-a8d3-5175-8125-09eab089c051.mp4,patch_only,,0.1,0.9,same_grid_second_order,,,,,bottomk_mean,0.4,3,3,0.010600706562399864,0.004711425397545099,0.005300353281199932,0.005300353281199932
annotated,VEO3,bd7e1ebf-6c71-559b-bbaa-5c501e3036a9.mp4,patch_only,,0.1,0.9,same_grid_second_order,,,,,bottomk_mean,0.4,3,3,0.05064782127737999,0.0005889281746931374,0.005594817455857992,0.005594817455857992
annotated,VEO3,bd9b6073-204e-5e63-8cce-dd7f10e386d1.mp4,patch_only,,0.1,0.9,same_grid_second_order,,,,,bottomk_mean,0.4,3,3,0.3969375789165497,0.21260306239128113,0.23103651404380798,0.23103651404380798
annotated,VEO3,bda332e2-1691-5d49-88df-009b9dc686b9.mp4,patch_only,,0.1,0.9,same_grid_second_order,,,,,bottomk_mean,0.4,3,3,0.04416961222887039,0.011189634911715984,0.014487632550299168,0.014487632550299168
annotated,VEO3,be47f1b2-b519-5394-9cc7-65b0607d7f20.mp4,patch_only,,0.1,0.9,same_grid_second_order,,,,,bottomk_mean,0.4,3,3,0.10482921451330185,0.2720848023891449,0.2553592324256897,0.2553592324256897
annotated,VEO3,be492a4a-f34f-5bee-ac5e-0b9bde3dd48f.mp4,patch_only,,0.1,0.9,same_grid_second_order,,,,,bottomk_mean,0.4,3,3,0.7126030921936035,0.09010601043701172,0.15235571563243866,0.15235571563243866
annotated,VEO3,be686302-8254-57fd-aa55-339abc1cc665.mp4,patch_only,,0.1,0.9,same_grid_second_order,,,,,bottomk_mean,0.4,3,3,0.07832744717597961,0.03474676236510277,0.03910483047366142,0.03910483047366142
annotated,VEO3,be6f49cf-1bbf-5661-9483-09f93d16673d.mp4,patch_only,,0.1,0.9,same_grid_second_order,,,,,bottomk_mean,0.4,3,3,0.14782096445560455,0.0005889281746931374,0.015312131494283676,0.015312131494283676
annotated,VEO3,be91d6e8-ff64-5c5e-ba9a-30513a6e44a0.mp4,patch_only,,0.1,0.9,same_grid_second_order,,,,,bottomk_mean,0.4,3,3,0.018845701590180397,0.05948174372315407,0.05541813746094704,0.05541813746094704
annotated,VEO3,be9ac2a5-ee3f-5cce-954c-a7632a24be94.mp4,patch_only,,0.1,0.9,same_grid_second_order,,,,,bottomk_mean,0.4,3,3,0.08127208799123764,0.010011778213083744,0.017137808725237846,0.017137808725237846
annotated,VEO3,bea581a9-ecc3-5df3-8bae-45a02bcabde4.mp4,patch_only,,0.1,0.9,same_grid_second_order,,,,,bottomk_mean,0.4,3,3,0.6572437882423401,0.01472320407629013,0.07897526770830154,0.07897526770830154
annotated,VEO3,beaacfaf-2910-5c45-9721-3148cd88143a.mp4,patch_only,,0.1,0.9,same_grid_second_order,,,,,bottomk_mean,0.4,3,3,0.018845701590180397,0.03297997638583183,0.031566549092531204,0.031566549092531204
annotated,VEO3,beb1e2f2-4ccf-5e7b-8038-4fee449a1ae0.mp4,patch_only,,0.1,0.9,same_grid_second_order,,,,,bottomk_mean,0.4,3,3,0.15547703206539154,0.01295641902834177,0.02720848098397255,0.02720848098397255
annotated,VEO3,bed3080d-3514-59e7-8ff7-16846f4d9061.mp4,patch_only,,0.1,0.9,same_grid_second_order,,,,,bottomk_mean,0.4,3,3,0.050058893859386444,0.011189634911715984,0.015076560899615288,0.015076560899615288
annotated,VEO3,bf820554-7804-5909-9174-5144e7075a1f.mp4,patch_only,,0.1,0.9,same_grid_second_order,,,,,bottomk_mean,0.4,3,3,0.010011778213083744,0.01295641902834177,0.012661955319344997,0.012661955319344997
annotated,VEO3,bf9d419d-2b7e-5199-ac24-d695d2ba2331.mp4,patch_only,,0.1,0.9,same_grid_second_order,,,,,bottomk_mean,0.4,3,3,0.12308598309755325,0.0023557126987725496,0.014428739435970783,0.014428739435970783
annotated,VEO3,bf9daf9f-bafb-5a8c-8492-6e206a70a059.mp4,patch_only,,0.1,0.9,same_grid_second_order,,,,,bottomk_mean,0.4,3,3,0.18963485956192017,0.06831566244363785,0.08044758439064026,0.08044758439064026
annotated,VEO3,c014dd27-987c-5a85-91a1-8042464e919d.mp4,patch_only,,0.1,0.9,same_grid_second_order,,,,,bottomk_mean,0.4,3,3,0.16431094706058502,0.010600706562399864,0.025971731171011925,0.025971731171011925
annotated,VEO3,c01ed467-08dd-5917-8c80-e596edb1190f.mp4,patch_only,,0.1,0.9,same_grid_second_order,,,,,bottomk_mean,0.4,3,3,0.14487633109092712,0.291519433259964,0.27685511112213135,0.27685511112213135
annotated,VEO3,c0307eaf-d933-533d-a177-5a94c3367bdd.mp4,patch_only,,0.1,0.9,same_grid_second_order,,,,,bottomk_mean,0.4,3,3,0.16843345761299133,0.10247349739074707,0.10906949639320374,0.10906949639320374
annotated,VEO3,c049422f-06e9-53a4-ae16-2fd508b4d9a9.mp4,patch_only,,0.1,0.9,same_grid_second_order,,,,,bottomk_mean,0.4,3,3,0.01295641902834177,0.005300353281199932,0.006065960042178631,0.006065960042178631
annotated,VEO3,c050cd49-eb51-5871-84e4-279e10c7d051.mp4,patch_only,,0.1,0.9,same_grid_second_order,,,,,bottomk_mean,0.4,3,3,0.017078915610909462,0.09187278896570206,0.08439340442419052,0.08439340442419052
annotated,VEO3,c0fd6491-3ee1-5f3d-bd36-c18a43e7018e.mp4,patch_only,,0.1,0.9,same_grid_second_order,,,,,bottomk_mean,0.4,3,3,0.02591283805668354,0.0035335689317435026,0.005771495867520571,0.005771495867520571
annotated,VEO3,c1108e40-a88a-5639-81ad-742b06013e41.mp4,patch_only,,0.1,0.9,same_grid_second_order,,,,,bottomk_mean,0.4,3,3,0.0,0.0005889281746931374,0.0005300353514030576,0.0005300353514030576
annotated,VEO3,c14ae23b-d3de-581d-bc88-9e3c4930fee0.mp4,patch_only,,0.1,0.9,same_grid_second_order,,,,,bottomk_mean,0.4,3,3,0.0,0.0005889281746931374,0.0005300353514030576,0.0005300353514030576
annotated,VEO3,c1f3235a-2b62-563d-981c-42ebc8c497a0.mp4,patch_only,,0.1,0.9,same_grid_second_order,,,,,bottomk_mean,0.4,3,3,0.010011778213083744,0.004122497048228979,0.004711425397545099,0.004711425397545099
annotated,VEO3,c20ae580-82ce-5aa4-b2cf-52678ad091e4.mp4,patch_only,,0.1,0.9,same_grid_second_order,,,,,bottomk_mean,0.4,3,3,0.016489988192915916,0.008833922445774078,0.009599529206752777,0.009599529206752777
annotated,VEO3,c2555f53-752e-596c-8c39-a32f35fc8a7b.mp4,patch_only,,0.1,0.9,same_grid_second_order,,,,,bottomk_mean,0.4,3,3,0.02591283805668354,0.008833922445774078,0.01054181344807148,0.01054181344807148
annotated,VEO3,c280618b-960e-57c4-afca-6ad272194d33.mp4,patch_only,,0.1,0.9,same_grid_second_order,,,,,bottomk_mean,0.4,3,3,0.07479387521743774,0.0035335689317435026,0.010659599676728249,0.010659599676728249
annotated,VEO3,c2b33539-07bb-5e16-8866-16d34b0bb2bc.mp4,patch_only,,0.1,0.9,same_grid_second_order,,,,,bottomk_mean,0.4,3,3,0.7538280487060547,0.040047112852334976,0.11142520606517792,0.11142520606517792
annotated,VEO3,c2b36710-3596-5805-a059-2d7047a2b57c.mp4,patch_only,,0.1,0.9,same_grid_second_order,,,,,bottomk_mean,0.4,3,3,0.042991753667593,0.020612485706806183,0.022850412875413895,0.022850412875413895
annotated,VEO3,c2d843eb-472d-5d1c-a426-1000826bb678.mp4,patch_only,,0.1,0.9,same_grid_second_order,,,,,bottomk_mean,0.4,3,3,0.08303886651992798,0.09658421576023102,0.09522968530654907,0.09522968530654907
annotated,VEO3,c342ec45-d1ee-5a3e-a846-f98a52aca35c.mp4,patch_only,,0.1,0.9,same_grid_second_order,,,,,bottomk_mean,0.4,3,3,0.020612485706806183,0.007656065747141838,0.008951707743108273,0.008951707743108273
annotated,VEO3,c3431100-2bc6-5637-bacc-7f52c60d13bd.mp4,patch_only,,0.1,0.9,same_grid_second_order,,,,,bottomk_mean,0.4,3,3,0.2997644245624542,0.08009422570466995,0.10206124931573868,0.10206124931573868
annotated,VEO3,c35db58a-99ec-5947-9054-f18ed35ffc7c.mp4,patch_only,,0.1,0.9,same_grid_second_order,,,,,bottomk_mean,0.4,3,3,0.14782096445560455,0.0023557126987725496,0.016902238130569458,0.016902238130569458
annotated,VEO3,c38c87b4-432a-519f-b3fd-e041ead623fa.mp4,patch_only,,0.1,0.9,same_grid_second_order,,,,,bottomk_mean,0.4,3,3,0.4852767884731293,0.32744404673576355,0.3432273268699646,0.3432273268699646
annotated,VEO3,c3a117fc-0e77-5948-89e6-c6f837178790.mp4,patch_only,,0.1,0.9,same_grid_second_order,,,,,bottomk_mean,0.4,3,3,0.004122497048228979,0.0017667844658717513,0.002002355642616749,0.002002355642616749
annotated,VEO3,c3a627a0-ed47-5829-b6d8-72bb25531ea6.mp4,patch_only,,0.1,0.9,same_grid_second_order,,,,,bottomk_mean,0.4,3,3,0.11778563261032104,0.021790342405438423,0.03138986974954605,0.03138986974954605
annotated,VEO3,c3dfc1af-42ad-5896-869b-c8129b6327e5.mp4,patch_only,,0.1,0.9,same_grid_second_order,,,,,bottomk_mean,0.4,3,3,0.09481742978096008,0.06360424309968948,0.06672555953264236,0.06672555953264236
annotated,VEO3,c4552955-b319-5488-9f4a-06d598f9c758.mp4,patch_only,,0.1,0.9,same_grid_second_order,,,,,bottomk_mean,0.4,3,3,0.12544170022010803,0.007067137863487005,0.018904592841863632,0.018904592841863632
annotated,VEO3,c465e76e-e3ee-5ae4-98ca-370a608b8e11.mp4,patch_only,,0.1,0.9,same_grid_second_order,,,,,bottomk_mean,0.4,3,3,0.14782096445560455,0.02473498322069645,0.037043578922748566,0.037043578922748566
annotated,VEO3,c475bfea-7ad5-5c64-b6a6-2cf11dfc99c1.mp4,patch_only,,0.1,0.9,same_grid_second_order,,,,,bottomk_mean,0.4,3,3,0.002944640815258026,0.14605417847633362,0.13174322247505188,0.13174322247505188
annotated,VEO3,c4cc19cc-064a-5332-8614-1750102de2dc.mp4,patch_only,,0.1,0.9,same_grid_second_order,,,,,bottomk_mean,0.4,3,3,0.30035334825515747,0.037691403180360794,0.0639575943350792,0.0639575943350792
annotated,VEO3,c4f74763-8337-58cf-9810-d66672db4199.mp4,patch_only,,0.1,0.9,same_grid_second_order,,,,,bottomk_mean,0.4,3,3,0.44994109869003296,0.13133098185062408,0.1631919890642166,0.1631919890642166
annotated,VEO3,c5d6a9e4-9d9d-5487-99da-cf47b0582a66.mp4,patch_only,,0.1,0.9,same_grid_second_order,,,,,bottomk_mean,0.4,3,3,0.07773851603269577,0.037691403180360794,0.04169611260294914,0.04169611260294914
annotated,VEO3,c5f4043b-cc51-503d-8db5-0e3a50f7d6ff.mp4,patch_only,,0.1,0.9,same_grid_second_order,,,,,bottomk_mean,0.4,3,3,0.02591283805668354,0.026501767337322235,0.02644287422299385,0.02644287422299385
annotated,VEO3,c61a800c-9378-5907-af31-fa3a49f670fd.mp4,patch_only,,0.1,0.9,same_grid_second_order,,,,,bottomk_mean,0.4,3,3,0.3869257867336273,0.04475853964686394,0.07897526770830154,0.07897526770830154
annotated,VEO3,c6288766-7ff7-5643-a261-1f2fcc560552.mp4,patch_only,,0.1,0.9,same_grid_second_order,,,,,bottomk_mean,0.4,3,3,0.018256772309541702,0.017667844891548157,0.01772673800587654,0.01772673800587654
annotated,VEO3,c6606ba2-6da1-5c4f-92e6-7e6a43397570.mp4,patch_only,,0.1,0.9,same_grid_second_order,,,,,bottomk_mean,0.4,3,3,0.6737338304519653,0.06301531195640564,0.12408716231584549,0.12408716231584549
annotated,VEO3,c668bfb5-56b0-5bcd-a542-49e6901506b2.mp4,patch_only,,0.1,0.9,same_grid_second_order,,,,,bottomk_mean,0.4,3,3,0.3727915287017822,0.010011778213083744,0.046289753168821335,0.046289753168821335
annotated,VEO3,c683f58a-7f2d-5a6e-abfb-bfc254c2c36a.mp4,patch_only,,0.1,0.9,same_grid_second_order,,,,,bottomk_mean,0.4,3,3,0.10482921451330185,0.007067137863487005,0.016843345016241074,0.016843345016241074
annotated,VEO3,c6d97244-aa6a-5fd5-ad4f-4eb5568460a9.mp4,patch_only,,0.1,0.9,same_grid_second_order,,,,,bottomk_mean,0.4,3,3,0.10070671141147614,0.012367491610348225,0.02120141312479973,0.02120141312479973
annotated,VEO3,c72d546f-19c2-5971-bef9-bf598ffa9bd2.mp4,patch_only,,0.1,0.9,same_grid_second_order,,,,,bottomk_mean,0.4,3,3,0.002944640815258026,0.0035335689317435026,0.003474676050245762,0.003474676050245762
annotated,VEO3,c77d4c5d-f1eb-5a13-92cc-d0ca166510d7.mp4,patch_only,,0.1,0.9,same_grid_second_order,,,,,bottomk_mean,0.4,3,3,0.10129564255475998,0.012367491610348225,0.021260306239128113,0.021260306239128113
annotated,VEO3,c79f4894-0814-5285-b911-5c17aff3e6ea.mp4,patch_only,,0.1,0.9,same_grid_second_order,,,,,bottomk_mean,0.4,3,3,0.0011778563493862748,0.005889281630516052,0.005418139044195414,0.005418139044195414
annotated,VEO3,c7bf625b-8f3d-52a2-b3b2-58d278ea7378.mp4,patch_only,,0.1,0.9,same_grid_second_order,,,,,bottomk_mean,0.4,3,3,0.04534746706485748,0.0035335689317435026,0.0077149588614702225,0.0077149588614702225
annotated,VEO3,c7ccd128-2ae7-51f8-8f1f-5fc8f3f793be.mp4,patch_only,,0.1,0.9,same_grid_second_order,,,,,bottomk_mean,0.4,3,3,0.2997644245624542,0.08775029331445694,0.10895171016454697,0.10895171016454697
annotated,VEO3,c80fa1d2-1196-564f-bdba-d17bd7e1a1a5.mp4,patch_only,,0.1,0.9,same_grid_second_order,,,,,bottomk_mean,0.4,3,3,0.05535924434661865,0.06478209793567657,0.06383980810642242,0.06383980810642242
annotated,VEO3,c82b1e34-263d-5d2d-8589-1d16b2ee1a84.mp4,patch_only,,0.1,0.9,same_grid_second_order,,,,,bottomk_mean,0.4,3,3,0.32096585631370544,0.15959952771663666,0.17573615908622742,0.17573615908622742
annotated,VEO3,c84d5864-4ba8-5945-b45f-4bbfb638ed85.mp4,patch_only,,0.1,0.9,same_grid_second_order,,,,,bottomk_mean,0.4,3,3,0.01295641902834177,0.011778563261032104,0.011896348558366299,0.011896348558366299
annotated,VEO3,c84eeee2-a423-5829-898a-9a0e8dd1af9d.mp4,patch_only,,0.1,0.9,same_grid_second_order,,,,,bottomk_mean,0.4,3,3,0.5058892965316772,0.2461719661951065,0.272143691778183,0.272143691778183
annotated,VEO3,c8523b56-613e-52ed-9966-c588257922bd.mp4,patch_only,,0.1,0.9,same_grid_second_order,,,,,bottomk_mean,0.4,3,3,0.698468804359436,0.04240282624959946,0.10800942033529282,0.10800942033529282
annotated,VEO3,c857cfa2-7531-5abe-a8db-8205a69ad563.mp4,patch_only,,0.1,0.9,same_grid_second_order,,,,,bottomk_mean,0.4,3,3,0.01472320407629013,0.009422850795090199,0.009952886030077934,0.009952886030077934
annotated,VEO3,c86e59c9-80a0-51d3-bb28-274881794652.mp4,patch_only,,0.1,0.9,same_grid_second_order,,,,,bottomk_mean,0.4,3,3,0.15429916977882385,0.009422850795090199,0.023910483345389366,0.023910483345389366
annotated,VEO3,c88c4cfa-d1b1-5e1b-ab84-a17bc3ddf706.mp4,patch_only,,0.1,0.9,same_grid_second_order,,,,,bottomk_mean,0.4,3,3,0.8133097887039185,0.3857479393482208,0.4285041093826294,0.4285041093826294
annotated,VEO3,c8959ffd-dbad-533c-bc14-d2c1168cf0c6.mp4,patch_only,,0.1,0.9,same_grid_second_order,,,,,bottomk_mean,0.4,3,3,0.004122497048228979,0.028857478871941566,0.026383981108665466,0.026383981108665466
annotated,VEO3,c8e0316d-4dd6-50ae-97f1-ba91e41ba5db.mp4,patch_only,,0.1,0.9,same_grid_second_order,,,,,bottomk_mean,0.4,3,3,0.040047112852334976,0.0035335689317435026,0.007184923626482487,0.007184923626482487
annotated,VEO3,c8f5fb15-59a3-5c8a-8cab-7385d9c69fd4.mp4,patch_only,,0.1,0.9,same_grid_second_order,,,,,bottomk_mean,0.4,3,3,0.19316843152046204,0.006478209514170885,0.02514723129570484,0.02514723129570484
annotated,VEO3,c9001644-a6fa-5ea3-9076-12d92f7d3d4b.mp4,patch_only,,0.1,0.9,same_grid_second_order,,,,,bottomk_mean,0.4,3,3,0.02120141312479973,0.007067137863487005,0.008480565622448921,0.008480565622448921
annotated,VEO3,c9282906-a1f1-5214-8027-08abc380cbf9.mp4,patch_only,,0.1,0.9,same_grid_second_order,,,,,bottomk_mean,0.4,3,3,0.668433427810669,0.010011778213083744,0.07585394382476807,0.07585394382476807
annotated,VEO3,c9629026-546a-5fd2-ae39-c635de512422.mp4,patch_only,,0.1,0.9,same_grid_second_order,,,,,bottomk_mean,0.4,3,3,0.06949352473020554,0.043580684810876846,0.046171966940164566,0.046171966940164566
annotated,VEO3,c964aa48-d342-5b8d-92e0-6fa6c94747fb.mp4,patch_only,,0.1,0.9,same_grid_second_order,,,,,bottomk_mean,0.4,3,3,0.21790342032909393,0.11660777032375336,0.1267373412847519,0.1267373412847519
annotated,VEO3,c96cb13d-d84b-5816-ab6d-d765f868f4d5.mp4,patch_only,,0.1,0.9,same_grid_second_order,,,,,bottomk_mean,0.4,3,3,0.3074204921722412,0.018845701590180397,0.047703180462121964,0.047703180462121964
annotated,VEO3,c97258d1-d5ed-58a1-a149-9e26da9eae06.mp4,patch_only,,0.1,0.9,same_grid_second_order,,,,,bottomk_mean,0.4,3,3,0.027679622173309326,0.020612485706806183,0.021319199353456497,0.021319199353456497
annotated,VEO3,c979f43a-b72d-5185-b48b-2b46ed21f337.mp4,patch_only,,0.1,0.9,same_grid_second_order,,,,,bottomk_mean,0.4,3,3,0.49823322892189026,0.16902238130569458,0.20194345712661743,0.20194345712661743
annotated,VEO3,c98c84d6-7b10-5743-b5d3-47a21cf600d5.mp4,patch_only,,0.1,0.9,same_grid_second_order,,,,,bottomk_mean,0.4,3,3,0.22555948793888092,0.042991753667593,0.061248525977134705,0.061248525977134705
annotated,VEO3,c9904f93-a6d4-5e1b-9c31-7fa985446cd4.mp4,patch_only,,0.1,0.9,same_grid_second_order,,,,,bottomk_mean,0.4,3,3,0.04240282624959946,0.03945818543434143,0.03975265100598335,0.03975265100598335
annotated,VEO3,c9a13a13-f519-5f5e-b1dd-68f26a785619.mp4,patch_only,,0.1,0.9,same_grid_second_order,,,,,bottomk_mean,0.4,3,3,0.11366312950849533,0.008833922445774078,0.019316842779517174,0.019316842779517174
annotated,VEO3,c9bca719-69c6-50e3-91a8-9f130f6251d1.mp4,patch_only,,0.1,0.9,same_grid_second_order,,,,,bottomk_mean,0.4,3,3,0.1601884514093399,0.12956419587135315,0.13262662291526794,0.13262662291526794
annotated,VEO3,c9cc2d49-606f-559a-8c23-36b4ba829f96.mp4,patch_only,,0.1,0.9,same_grid_second_order,,,,,bottomk_mean,0.4,3,3,0.21967020630836487,0.07302708923816681,0.08769140392541885,0.08769140392541885
annotated,VEO3,ca23d729-9927-58a7-80cb-b2af3ad3d6ea.mp4,patch_only,,0.1,0.9,same_grid_second_order,,,,,bottomk_mean,0.4,3,3,0.1925795078277588,0.009422850795090199,0.02773851528763771,0.02773851528763771
annotated,VEO3,ca4c7f23-edba-52d9-bee6-3886eba08dc6.mp4,patch_only,,0.1,0.9,same_grid_second_order,,,,,bottomk_mean,0.4,3,3,0.008833922445774078,0.01295641902834177,0.012544170022010803,0.012544170022010803
annotated,VEO3,ca6a4d6a-d0b8-5dc5-b2ee-65eb0d1e94ec.mp4,patch_only,,0.1,0.9,same_grid_second_order,,,,,bottomk_mean,0.4,3,3,0.33627796173095703,0.05182567611336708,0.0802709087729454,0.0802709087729454
annotated,VEO3,ca7ac330-a403-539f-8ff6-c5eeccb8b129.mp4,patch_only,,0.1,0.9,same_grid_second_order,,,,,bottomk_mean,0.4,3,3,0.21260306239128113,0.07891637086868286,0.09228504449129105,0.09228504449129105
annotated,VEO3,ca7e18a0-6a93-511b-b343-3c770ecc7821.mp4,patch_only,,0.1,0.9,same_grid_second_order,,,,,bottomk_mean,0.4,3,3,0.020023556426167488,0.0005889281746931374,0.002532391110435128,0.002532391110435128
annotated,VEO3,ca941eee-9288-55b7-937f-e4aeb629ead6.mp4,patch_only,,0.1,0.9,same_grid_second_order,,,,,bottomk_mean,0.4,3,3,0.05300353467464447,0.1354534775018692,0.12720848619937897,0.12720848619937897
annotated,VEO3,caf1dcf3-e1f5-5273-8162-dfe966bd0983.mp4,patch_only,,0.1,0.9,same_grid_second_order,,,,,bottomk_mean,0.4,3,3,0.18551236391067505,0.012367491610348225,0.02968197874724865,0.02968197874724865
annotated,VEO3,cb6900c2-e5a4-5b27-b9bd-a5a6757ea01e.mp4,patch_only,,0.1,0.9,same_grid_second_order,,,,,bottomk_mean,0.4,3,3,0.1967020034790039,0.020612485706806183,0.038221437484025955,0.038221437484025955
annotated,VEO3,cbeac52a-0010-52cb-812f-4e49e2039b05.mp4,patch_only,,0.1,0.9,same_grid_second_order,,,,,bottomk_mean,0.4,3,3,0.004122497048228979,0.018256772309541702,0.016843345016241074,0.016843345016241074
annotated,VEO3,cc04e8a6-277b-5db1-ba9f-a0cb85b8fc0f.mp4,patch_only,,0.1,0.9,same_grid_second_order,,,,,bottomk_mean,0.4,3,3,0.02355712652206421,0.002944640815258026,0.005005889106541872,0.005005889106541872
annotated,VEO3,cc11cc32-250e-560e-aa01-1fa5073c68a9.mp4,patch_only,,0.1,0.9,same_grid_second_order,,,,,bottomk_mean,0.4,3,3,0.015312131494283676,0.010011778213083744,0.01054181344807148,0.01054181344807148
annotated,VEO3,cc7d860f-63cd-5c97-9c70-209bf93069f8.mp4,patch_only,,0.1,0.9,same_grid_second_order,,,,,bottomk_mean,0.4,3,3,0.02237926982343197,0.010011778213083744,0.011248528026044369,0.011248528026044369
annotated,VEO3,ccd48577-5a99-5e1b-b5ff-9b5bc666a266.mp4,patch_only,,0.1,0.9,same_grid_second_order,,,,,bottomk_mean,0.4,3,3,0.23203769326210022,0.01354534737765789,0.0353945828974247,0.0353945828974247
annotated,VEO3,ccfa3bb2-75d4-5164-b1a2-7317c491a9bf.mp4,patch_only,,0.1,0.9,same_grid_second_order,,,,,bottomk_mean,0.4,3,3,0.15547703206539154,0.09481742978096008,0.10088339447975159,0.10088339447975159
annotated,VEO3,ccfe1edf-853d-5521-81fc-4fa171e220c5.mp4,patch_only,,0.1,0.9,same_grid_second_order,,,,,bottomk_mean,0.4,3,3,0.1784452348947525,0.07479387521743774,0.08515901118516922,0.08515901118516922
annotated,VEO3,cdcc11a3-4827-585a-af1e-f37e2ecd0ae7.mp4,patch_only,,0.1,0.9,same_grid_second_order,,,,,bottomk_mean,0.4,3,3,0.027679622173309326,0.04711425304412842,0.04517078772187233,0.04517078772187233
annotated,VEO3,cde50201-0c50-5f37-b399-1a0d5e5a2366.mp4,patch_only,,0.1,0.9,same_grid_second_order,,,,,bottomk_mean,0.4,3,3,0.5376914143562317,0.28739693760871887,0.3124263882637024,0.3124263882637024
annotated,VEO3,ce009457-f37f-5bee-8e14-5d032bad800a.mp4,patch_only,,0.1,0.9,same_grid_second_order,,,,,bottomk_mean,0.4,3,3,0.048881035298109055,0.1837455779314041,0.17025913298130035,0.17025913298130035
annotated,VEO3,ce0bf3fa-0661-50ea-a3ea-ab43281941bf.mp4,patch_only,,0.1,0.9,same_grid_second_order,,,,,bottomk_mean,0.4,3,3,0.17020022869110107,0.10600706934928894,0.11242638528347015,0.11242638528347015
annotated,VEO3,ce4419de-3c30-5c61-b129-eb574ef9c5fc.mp4,patch_only,,0.1,0.9,same_grid_second_order,,,,,bottomk_mean,0.4,3,3,0.20494699478149414,0.002944640815258026,0.023144876584410667,0.023144876584410667
annotated,VEO3,ced6675e-b43d-564e-9ad5-23f18ff4a6dc.mp4,patch_only,,0.1,0.9,same_grid_second_order,,,,,bottomk_mean,0.4,3,3,0.12720848619937897,0.0035335689317435026,0.01590106077492237,0.01590106077492237
annotated,VEO3,cf270be1-25f8-541b-b0f0-847840b80b67.mp4,patch_only,,0.1,0.9,same_grid_second_order,,,,,bottomk_mean,0.4,3,3,0.7126030921936035,0.34570083022117615,0.3823910355567932,0.3823910355567932
annotated,VEO3,cf27647f-3d15-5b04-80b1-9b55708aaf05.mp4,patch_only,,0.1,0.9,same_grid_second_order,,,,,bottomk_mean,0.4,3,3,0.026501767337322235,0.07184923440217972,0.06731449067592621,0.06731449067592621
annotated,VEO3,cf868be4-e2a6-5736-9add-627d4aa36864.mp4,patch_only,,0.1,0.9,same_grid_second_order,,,,,bottomk_mean,0.4,3,3,0.2850412130355835,0.484687864780426,0.4647231996059418,0.4647231996059418
annotated,VEO3,cf8b0471-5e0a-5bc2-a2ac-3feacf7e81ed.mp4,patch_only,,0.1,0.9,same_grid_second_order,,,,,bottomk_mean,0.4,3,3,0.45759716629981995,0.028857478871941566,0.07173144817352295,0.07173144817352295
annotated,VEO3,cfa86c21-ca24-5836-8954-002b38d0c43a.mp4,patch_only,,0.1,0.9,same_grid_second_order,,,,,bottomk_mean,0.4,3,3,0.10482921451330185,0.03710247203707695,0.04387514665722847,0.04387514665722847
annotated,VEO3,cfacfbac-856b-58ac-8840-073b43df5ab9.mp4,patch_only,,0.1,0.9,same_grid_second_order,,,,,bottomk_mean,0.4,3,3,0.3816254436969757,0.011189634911715984,0.048233214765787125,0.048233214765787125
annotated,VEO3,cfc22a5d-8386-5c0b-8e73-7f91869a532d.mp4,patch_only,,0.1,0.9,same_grid_second_order,,,,,bottomk_mean,0.4,3,3,0.011189634911715984,0.04240282624959946,0.03928150609135628,0.03928150609135628
annotated,VEO3,cfd24afb-0b5e-59f1-aad8-15b4169958af.mp4,patch_only,,0.1,0.9,same_grid_second_order,,,,,bottomk_mean,0.4,3,3,0.062426384538412094,0.010600706562399864,0.015783274546265602,0.015783274546265602
annotated,VEO3,cfdadf11-d554-5e50-8df2-d527c358faa2.mp4,patch_only,,0.1,0.9,same_grid_second_order,,,,,bottomk_mean,0.4,3,3,0.25206124782562256,0.05182567611336708,0.07184923440217972,0.07184923440217972
annotated,VEO3,cff9d615-163f-52c3-a46b-d9c7364f3bc4.mp4,patch_only,,0.1,0.9,same_grid_second_order,,,,,bottomk_mean,0.4,3,3,0.002944640815258026,0.0,0.0002944640873465687,0.0002944640873465687
annotated,VEO3,d009391c-1efe-5b7d-8b80-3f5549cbdf41.mp4,patch_only,,0.1,0.9,same_grid_second_order,,,,,bottomk_mean,0.4,3,3,0.104240283370018,0.12779740989208221,0.12544170022010803,0.12544170022010803
annotated,VEO3,d0143d98-62ba-5cd6-bcc3-5d6772bdab57.mp4,patch_only,,0.1,0.9,same_grid_second_order,,,,,bottomk_mean,0.4,3,3,0.5424028038978577,0.01413427572697401,0.0669611319899559,0.0669611319899559
annotated,VEO3,d07b5399-798d-549a-9e0b-d20fb1246675.mp4,patch_only,,0.1,0.9,same_grid_second_order,,,,,bottomk_mean,0.4,3,3,0.1472320407629013,0.028857478871941566,0.040694933384656906,0.040694933384656906
annotated,VEO3,d0db79f5-bba5-52ab-9ab4-24bb1384d510.mp4,patch_only,,0.1,0.9,same_grid_second_order,,,,,bottomk_mean,0.4,3,3,0.0017667844658717513,0.012367491610348225,0.011307420209050179,0.011307420209050179
annotated,VEO3,d10453e7-3349-5f72-91f6-8f93fc975877.mp4,patch_only,,0.1,0.9,same_grid_second_order,,,,,bottomk_mean,0.4,3,3,0.02237926982343197,0.0035335689317435026,0.005418139044195414,0.005418139044195414
annotated,VEO3,d10c7146-6d60-58ab-b606-28b6c2c79e1f.mp4,patch_only,,0.1,0.9,same_grid_second_order,,,,,bottomk_mean,0.4,3,3,0.04534746706485748,0.05712603032588959,0.055948175489902496,0.055948175489902496
annotated,VEO3,d11cadb7-e210-5ce5-936b-92c3e49cfe4b.mp4,patch_only,,0.1,0.9,same_grid_second_order,,,,,bottomk_mean,0.4,3,3,0.7202591300010681,0.16489988565444946,0.22043581306934357,0.22043581306934357
annotated,VEO3,d128ec5a-48c1-533b-a51c-8167f95bdff9.mp4,patch_only,,0.1,0.9,same_grid_second_order,,,,,bottomk_mean,0.4,3,3,0.08892814815044403,0.0035335689317435026,0.012073026970028877,0.012073026970028877
annotated,VEO3,d166a011-c0b2-5d84-ac72-56a67ede6fa0.mp4,patch_only,,0.1,0.9,same_grid_second_order,,,,,bottomk_mean,0.4,3,3,0.040047112852334976,0.009422850795090199,0.012485276907682419,0.012485276907682419
annotated,VEO3,d1a7cf09-faf3-5b77-a097-87f2d6b2962c.mp4,patch_only,,0.1,0.9,same_grid_second_order,,,,,bottomk_mean,0.4,3,3,0.13604240119457245,0.002944640815258026,0.016254417598247528,0.016254417598247528
annotated,VEO3,d1a993f9-80ed-5826-84c8-5e08d2614e59.mp4,patch_only,,0.1,0.9,same_grid_second_order,,,,,bottomk_mean,0.4,3,3,0.16372202336788177,0.03710247203707695,0.04976442828774452,0.04976442828774452
annotated,VEO3,d1bf3c7c-880e-5bc8-b88c-073fd83b7bc2.mp4,patch_only,,0.1,0.9,same_grid_second_order,,,,,bottomk_mean,0.4,3,3,0.0,0.012367491610348225,0.0111307417973876,0.0111307417973876
annotated,VEO3,d2061189-10cd-5eb1-9e2d-ee1e31883e55.mp4,patch_only,,0.1,0.9,same_grid_second_order,,,,,bottomk_mean,0.4,3,3,0.0005889281746931374,0.017078915610909462,0.015429917722940445,0.015429917722940445
annotated,VEO3,d20b9fa7-b2c0-5d46-82ef-4f00c59c2b65.mp4,patch_only,,0.1,0.9,same_grid_second_order,,,,,bottomk_mean,0.4,3,3,0.04534746706485748,0.0011778563493862748,0.005594817455857992,0.005594817455857992
annotated,VEO3,d29ca2f1-ed5c-55b9-ac09-ac936b1b9bc8.mp4,patch_only,,0.1,0.9,same_grid_second_order,,,,,bottomk_mean,0.4,3,3,0.03592461720108986,0.0023557126987725496,0.005712603218853474,0.005712603218853474
annotated,VEO3,d2a03aa3-4c99-5a24-b66f-e4fddd73aab8.mp4,patch_only,,0.1,0.9,same_grid_second_order,,,,,bottomk_mean,0.4,3,3,0.12838633358478546,0.009422850795090199,0.021319199353456497,0.021319199353456497
annotated,VEO3,d2a2be09-8d47-56b2-8f47-d601a39de764.mp4,patch_only,,0.1,0.9,same_grid_second_order,,,,,bottomk_mean,0.4,3,3,0.08775029331445694,0.05535924434661865,0.0585983507335186,0.0585983507335186
annotated,VEO3,d2a5d660-9961-5d37-bc9a-67a03711b5d4.mp4,patch_only,,0.1,0.9,same_grid_second_order,,,,,bottomk_mean,0.4,3,3,0.30035334825515747,0.01295641902834177,0.04169611260294914,0.04169611260294914
annotated,VEO3,d2c434df-82e5-5d3e-bd29-ee35b86f8af2.mp4,patch_only,,0.1,0.9,same_grid_second_order,,,,,bottomk_mean,0.4,3,3,0.022968197241425514,0.009422850795090199,0.010777384974062443,0.010777384974062443
annotated,VEO3,d2d20913-4ac0-5aa3-ba67-833d01709d41.mp4,patch_only,,0.1,0.9,same_grid_second_order,,,,,bottomk_mean,0.4,3,3,0.21967020630836487,0.14605417847633362,0.15341578423976898,0.15341578423976898
annotated,VEO3,d2d5aff6-19b1-592e-81ef-c653e0da2859.mp4,patch_only,,0.1,0.9,same_grid_second_order,,,,,bottomk_mean,0.4,3,3,0.2420494705438614,0.051236748695373535,0.07031802088022232,0.07031802088022232
annotated,VEO3,d309dfd1-1d0b-5e8a-859a-a2a9d60b3e2c.mp4,patch_only,,0.1,0.9,same_grid_second_order,,,,,bottomk_mean,0.4,3,3,0.2473498284816742,0.11837455630302429,0.1312720775604248,0.1312720775604248
annotated,VEO3,d33effb9-80c0-516b-8788-f3c15d7854fc.mp4,patch_only,,0.1,0.9,same_grid_second_order,,,,,bottomk_mean,0.4,3,3,0.10836277902126312,0.04181389883160591,0.04846878722310066,0.04846878722310066
annotated,VEO3,d34ea148-d5be-5d5b-94cf-822770181d59.mp4,patch_only,,0.1,0.9,same_grid_second_order,,,,,bottomk_mean,0.4,3,3,0.3386336863040924,0.009422850795090199,0.04234393313527107,0.04234393313527107
annotated,VEO3,d3919cc8-86b2-5a15-8cac-6a9ab18f1c91.mp4,patch_only,,0.1,0.9,same_grid_second_order,,,,,bottomk_mean,0.4,3,3,0.24793875217437744,0.08009422570466995,0.09687867760658264,0.09687867760658264
annotated,VEO3,d3b3145d-d46d-5a32-821d-25ccb93f04b1.mp4,patch_only,,0.1,0.9,same_grid_second_order,,,,,bottomk_mean,0.4,3,3,0.030035335570573807,0.010011778213083744,0.012014133855700493,0.012014133855700493
annotated,VEO3,d412a3cf-cc40-5031-95fe-c67063ef5137.mp4,patch_only,,0.1,0.9,same_grid_second_order,,,,,bottomk_mean,0.4,3,3,0.0,0.0035335689317435026,0.0031802121084183455,0.0031802121084183455
annotated,VEO3,d4354d4a-882e-5a77-827d-2a2ecac89f75.mp4,patch_only,,0.1,0.9,same_grid_second_order,,,,,bottomk_mean,0.4,3,3,0.0005889281746931374,0.0005889281746931374,0.0005889281746931374,0.0005889281746931374
annotated,VEO3,d45636ad-fcca-59aa-bd37-86f2bd93179f.mp4,patch_only,,0.1,0.9,same_grid_second_order,,,,,bottomk_mean,0.4,3,3,0.0005889281746931374,0.010011778213083744,0.009069493971765041,0.009069493971765041
annotated,VEO3,d4a57583-c998-511d-b1b5-d6b789ca4cc2.mp4,patch_only,,0.1,0.9,same_grid_second_order,,,,,bottomk_mean,0.4,3,3,0.03710247203707695,0.0005889281746931374,0.004240282811224461,0.004240282811224461
annotated,VEO3,d4ac9634-17f3-5990-95d3-fc6dc7f230cc.mp4,patch_only,,0.1,0.9,same_grid_second_order,,,,,bottomk_mean,0.4,3,3,0.4428739547729492,0.017078915610909462,0.05965842306613922,0.05965842306613922
annotated,VEO3,d4fb4833-3d1c-5965-8cd8-6c1d5521c89a.mp4,patch_only,,0.1,0.9,same_grid_second_order,,,,,bottomk_mean,0.4,3,3,0.2567726671695709,0.024146053940057755,0.04740871489048004,0.04740871489048004
annotated,VEO3,d512f8e5-07e0-5891-8324-7a1ce8ddc50f.mp4,patch_only,,0.1,0.9,same_grid_second_order,,,,,bottomk_mean,0.4,3,3,0.22320376336574554,0.06831566244363785,0.08380447328090668,0.08380447328090668
annotated,VEO3,d514a0a5-8fc8-5e8c-92b6-af1e87db3704.mp4,patch_only,,0.1,0.9,same_grid_second_order,,,,,bottomk_mean,0.4,3,3,0.21142520010471344,0.05830388516187668,0.07361602038145065,0.07361602038145065
annotated,VEO3,d5e45073-c4e6-5614-90b6-162e5011ffed.mp4,patch_only,,0.1,0.9,same_grid_second_order,,,,,bottomk_mean,0.4,3,3,0.2343934029340744,0.0005889281746931374,0.02396937645971775,0.02396937645971775
annotated,VEO3,d5e644d6-2e86-566f-8e67-dc4c992c0b24.mp4,patch_only,,0.1,0.9,same_grid_second_order,,,,,bottomk_mean,0.4,3,3,0.027679622173309326,0.007656065747141838,0.009658421389758587,0.009658421389758587
annotated,VEO3,d6775032-1f01-5bba-b112-f098a7a6bc36.mp4,patch_only,,0.1,0.9,same_grid_second_order,,,,,bottomk_mean,0.4,3,3,0.0017667844658717513,0.0005889281746931374,0.0007067137630656362,0.0007067137630656362
annotated,VEO3,d685c57b-5eff-5666-9094-5c60d4e4b845.mp4,patch_only,,0.1,0.9,same_grid_second_order,,,,,bottomk_mean,0.4,3,3,0.2343934029340744,0.1107184886932373,0.12308598309755325,0.12308598309755325
annotated,VEO3,d6a76a02-e351-5cc4-ab74-61a024c10e12.mp4,patch_only,,0.1,0.9,same_grid_second_order,,,,,bottomk_mean,0.4,3,3,0.03945818543434143,0.01295641902834177,0.015606596134603024,0.015606596134603024
annotated,VEO3,d6c1cdc1-642a-57ed-aff0-49d66eb6aece.mp4,patch_only,,0.1,0.9,same_grid_second_order,,,,,bottomk_mean,0.4,3,3,0.02237926982343197,0.0005889281746931374,0.0027679624035954475,0.0027679624035954475
annotated,VEO3,d6e5b267-d092-5314-a1f4-3737479ef952.mp4,patch_only,,0.1,0.9,same_grid_second_order,,,,,bottomk_mean,0.4,3,3,0.04534746706485748,0.009422850795090199,0.013015312142670155,0.013015312142670155
annotated,VEO3,d70b9966-d876-5c6f-a0a1-0a1693e86765.mp4,patch_only,,0.1,0.9,same_grid_second_order,,,,,bottomk_mean,0.4,3,3,0.02120141312479973,0.0005889281746931374,0.002650176640599966,0.002650176640599966
annotated,VEO3,d7d3f8ae-3e9e-5f01-9a7b-132ce2b3729f.mp4,patch_only,,0.1,0.9,same_grid_second_order,,,,,bottomk_mean,0.4,3,3,0.035335689783096313,0.017667844891548157,0.019434629008173943,0.019434629008173943
annotated,VEO3,d7fcdc35-fc62-5096-8bc4-9ae5716459bf.mp4,patch_only,,0.1,0.9,same_grid_second_order,,,,,bottomk_mean,0.4,3,3,0.004711425397545099,0.005300353281199932,0.005241460632532835,0.005241460632532835
annotated,VEO3,d8079a50-1a58-50ea-b95e-47075fcf5820.mp4,patch_only,,0.1,0.9,same_grid_second_order,,,,,bottomk_mean,0.4,3,3,0.06537102162837982,0.05418138951063156,0.055300354957580566,0.055300354957580566
annotated,VEO3,d826878c-8db8-5c60-a530-698613889ed5.mp4,patch_only,,0.1,0.9,same_grid_second_order,,,,,bottomk_mean,0.4,3,3,0.12308598309755325,0.038869258016347885,0.04729092866182327,0.04729092866182327
annotated,VEO3,d85e4c1b-94c6-51ab-a548-2068295818c9.mp4,patch_only,,0.1,0.9,same_grid_second_order,,,,,bottomk_mean,0.4,3,3,0.004122497048228979,0.012367491610348225,0.011542991735041142,0.011542991735041142
annotated,VEO3,d88611f4-c702-5f87-8483-4677a3733daf.mp4,patch_only,,0.1,0.9,same_grid_second_order,,,,,bottomk_mean,0.4,3,3,0.010011778213083744,0.017078915610909462,0.016372201964259148,0.016372201964259148
annotated,VEO3,d88ceb0d-8e1d-50fa-9907-0fe322af26ae.mp4,patch_only,,0.1,0.9,same_grid_second_order,,,,,bottomk_mean,0.4,3,3,0.14016489684581757,0.13133098185062408,0.13221436738967896,0.13221436738967896
annotated,VEO3,d88d73af-a78d-5bac-999b-a8d7cee0528c.mp4,patch_only,,0.1,0.9,same_grid_second_order,,,,,bottomk_mean,0.4,3,3,0.3409894108772278,0.1861013025045395,0.20159010589122772,0.20159010589122772
annotated,VEO3,d96f7407-f898-54ec-993c-5d650fa75aad.mp4,patch_only,,0.1,0.9,same_grid_second_order,,,,,bottomk_mean,0.4,3,3,0.3138987123966217,0.002944640815258026,0.034040048718452454,0.034040048718452454
annotated,VEO3,d9cee8a4-98d1-5d11-810f-d1351a4783f8.mp4,patch_only,,0.1,0.9,same_grid_second_order,,,,,bottomk_mean,0.4,3,3,0.07832744717597961,0.017667844891548157,0.023733804002404213,0.023733804002404213
annotated,VEO3,d9d724bf-98d1-5708-b35c-28d1e9b259ec.mp4,patch_only,,0.1,0.9,same_grid_second_order,,,,,bottomk_mean,0.4,3,3,0.15312132239341736,0.005300353281199932,0.020082449540495872,0.020082449540495872
annotated,VEO3,d9e0d600-d818-5933-9405-18cab7bd9b60.mp4,patch_only,,0.1,0.9,same_grid_second_order,,,,,bottomk_mean,0.4,3,3,0.04534746706485748,0.0017667844658717513,0.006124852690845728,0.006124852690845728
annotated,VEO3,da113a44-79ef-552d-97d1-2bfa75998584.mp4,patch_only,,0.1,0.9,same_grid_second_order,,,,,bottomk_mean,0.4,3,3,0.016489988192915916,0.02473498322069645,0.023910483345389366,0.023910483345389366
annotated,VEO3,da24bd02-94bb-54c7-b391-257238df5de3.mp4,patch_only,,0.1,0.9,same_grid_second_order,,,,,bottomk_mean,0.4,3,3,0.0005889281746931374,0.0005889281746931374,0.0005889281746931374,0.0005889281746931374
annotated,VEO3,da2bae0d-7a19-5b7a-852d-26fc83a5fa44.mp4,patch_only,,0.1,0.9,same_grid_second_order,,,,,bottomk_mean,0.4,3,3,0.23027090728282928,0.028857478871941566,0.04899882152676582,0.04899882152676582
annotated,VEO3,da4c69c7-b4b4-5d48-9dcc-5752f7476834.mp4,patch_only,,0.1,0.9,same_grid_second_order,,,,,bottomk_mean,0.4,3,3,0.015312131494283676,0.0035335689317435026,0.004711425397545099,0.004711425397545099
annotated,VEO3,da557469-e9f4-5df4-b69f-333777e52186.mp4,patch_only,,0.1,0.9,same_grid_second_order,,,,,bottomk_mean,0.4,3,3,0.5977620482444763,0.019434629008173943,0.0772673711180687,0.0772673711180687
annotated,VEO3,da563d77-0eff-53b9-8bc4-378f0c1c9291.mp4,patch_only,,0.1,0.9,same_grid_second_order,,,,,bottomk_mean,0.4,3,3,0.11778563261032104,0.005300353281199932,0.0165488813072443,0.0165488813072443
annotated,VEO3,da717228-57ef-5fc1-90d2-0938ab8fceb7.mp4,patch_only,,0.1,0.9,same_grid_second_order,,,,,bottomk_mean,0.4,3,3,0.10895171016454697,0.05830388516187668,0.06336867064237595,0.06336867064237595
annotated,VEO3,da735388-71a5-5a54-bfcc-6787070ecf42.mp4,patch_only,,0.1,0.9,same_grid_second_order,,,,,bottomk_mean,0.4,3,3,0.23085983097553253,0.022968197241425514,0.0437573604285717,0.0437573604285717
annotated,VEO3,db1e9aa9-d361-59f1-80ed-3f2efbae0b69.mp4,patch_only,,0.1,0.9,same_grid_second_order,,,,,bottomk_mean,0.4,3,3,0.0,0.0,0.0,0.0
annotated,VEO3,db33af0f-e352-5b65-a3d5-1062f5249081.mp4,patch_only,,0.1,0.9,same_grid_second_order,,,,,bottomk_mean,0.4,3,3,0.7402827143669128,0.6755005717277527,0.6819788217544556,0.6819788217544556
annotated,VEO3,db8bcc7b-c502-563c-8c8b-688778278279.mp4,patch_only,,0.1,0.9,same_grid_second_order,,,,,bottomk_mean,0.4,3,3,0.015312131494283676,0.2709069550037384,0.24534747004508972,0.24534747004508972
annotated,VEO3,db9291bf-36cb-5920-9353-c4a64c873f07.mp4,patch_only,,0.1,0.9,same_grid_second_order,,,,,bottomk_mean,0.4,3,3,0.004711425397545099,0.002944640815258026,0.0031213192269206047,0.0031213192269206047
annotated,VEO3,dbba9df4-670a-5389-81a1-92ccfc4a5011.mp4,patch_only,,0.1,0.9,same_grid_second_order,,,,,bottomk_mean,0.4,3,3,0.004122497048228979,0.009422850795090199,0.008892814628779888,0.008892814628779888
annotated,VEO3,dbbeae71-3633-5915-a845-dbcae8c8fe19.mp4,patch_only,,0.1,0.9,same_grid_second_order,,,,,bottomk_mean,0.4,3,3,0.06419316679239273,0.008833922445774078,0.014369847252964973,0.014369847252964973
annotated,VEO3,dc57d40f-a303-5465-a182-8d8a8168bb44.mp4,patch_only,,0.1,0.9,same_grid_second_order,,,,,bottomk_mean,0.4,3,3,0.02709069475531578,0.01295641902834177,0.014369847252964973,0.014369847252964973
annotated,VEO3,dc756947-dfde-53fa-bf04-cb8ad63a2bd3.mp4,patch_only,,0.1,0.9,same_grid_second_order,,,,,bottomk_mean,0.4,3,3,0.05477031692862511,0.01295641902834177,0.017137808725237846,0.017137808725237846
annotated,VEO3,dc7aa6ed-5312-599a-95e3-9fd401e635ea.mp4,patch_only,,0.1,0.9,same_grid_second_order,,,,,bottomk_mean,0.4,3,3,0.06949352473020554,0.07126030325889587,0.07108362764120102,0.07108362764120102
annotated,VEO3,dc8b9e5b-cc61-55ee-8a48-b8d1dc1c8431.mp4,patch_only,,0.1,0.9,same_grid_second_order,,,,,bottomk_mean,0.4,3,3,0.2561837434768677,0.03297997638583183,0.055300354957580566,0.055300354957580566
annotated,VEO3,dd3a8300-8545-5cc6-9c80-216b30234dc8.mp4,patch_only,,0.1,0.9,same_grid_second_order,,,,,bottomk_mean,0.4,3,3,0.011778563261032104,0.017078915610909462,0.0165488813072443,0.0165488813072443
annotated,VEO3,dd5a8096-1204-5431-b8a2-5d399824b034.mp4,patch_only,,0.1,0.9,same_grid_second_order,,,,,bottomk_mean,0.4,3,3,0.0,0.0035335689317435026,0.0031802121084183455,0.0031802121084183455
annotated,VEO3,dd75e96d-0ec5-5fde-8de5-271a12cf7222.mp4,patch_only,,0.1,0.9,same_grid_second_order,,,,,bottomk_mean,0.4,3,3,0.027679622173309326,0.0035335689317435026,0.005948174279183149,0.005948174279183149
annotated,VEO3,dd843bb6-892f-506e-b1cb-2cbf6b2569de.mp4,patch_only,,0.1,0.9,same_grid_second_order,,,,,bottomk_mean,0.4,3,3,0.13368669152259827,0.14782096445560455,0.14640754461288452,0.14640754461288452
annotated,VEO3,dddcd557-a839-5b66-a974-fc9c02a95047.mp4,patch_only,,0.1,0.9,same_grid_second_order,,,,,bottomk_mean,0.4,3,3,0.5871613621711731,0.3527679741382599,0.37620729207992554,0.37620729207992554
annotated,VEO3,ddf7993c-cd71-5161-8e6a-30436884bc8e.mp4,patch_only,,0.1,0.9,same_grid_second_order,,,,,bottomk_mean,0.4,3,3,0.037691403180360794,0.006478209514170885,0.009599529206752777,0.009599529206752777
annotated,VEO3,de0d2e35-60a3-5ad0-833f-7e762db427d2.mp4,patch_only,,0.1,0.9,same_grid_second_order,,,,,bottomk_mean,0.4,3,3,0.39104828238487244,0.26737338304519653,0.2797408699989319,0.2797408699989319
annotated,VEO3,de26cfd2-64a0-517b-9752-48e32b3df990.mp4,patch_only,,0.1,0.9,same_grid_second_order,,,,,bottomk_mean,0.4,3,3,0.007656065747141838,0.004711425397545099,0.005005889106541872,0.005005889106541872
annotated,VEO3,de89aa28-6d81-5fa5-a85e-74acb2b33dfa.mp4,patch_only,,0.1,0.9,same_grid_second_order,,,,,bottomk_mean,0.4,3,3,0.08303886651992798,0.0005889281746931374,0.008833922445774078,0.008833922445774078
annotated,VEO3,df1bc071-a9ba-53eb-854a-f63b9b3527dc.mp4,patch_only,,0.1,0.9,same_grid_second_order,,,,,bottomk_mean,0.4,3,3,0.02355712652206421,0.0005889281746931374,0.0028857479337602854,0.0028857479337602854
annotated,VEO3,df362b4b-4f6d-58d7-a802-539dada5f4c7.mp4,patch_only,,0.1,0.9,same_grid_second_order,,,,,bottomk_mean,0.4,3,3,0.12544170022010803,0.0035335689317435026,0.015724381431937218,0.015724381431937218
annotated,VEO3,dfd3ba08-10ae-5d61-94d2-91294038dd5d.mp4,patch_only,,0.1,0.9,same_grid_second_order,,,,,bottomk_mean,0.4,3,3,0.02591283805668354,0.011189634911715984,0.012661955319344997,0.012661955319344997
annotated,VEO3,e00e2742-1ab3-52c5-aa4b-0b3d6f9714d9.mp4,patch_only,,0.1,0.9,same_grid_second_order,,,,,bottomk_mean,0.4,3,3,0.13957597315311432,0.11366312950849533,0.11625441908836365,0.11625441908836365
annotated,VEO3,e0377ab4-bdc6-51ef-9e06-5dbbd7676332.mp4,patch_only,,0.1,0.9,same_grid_second_order,,,,,bottomk_mean,0.4,3,3,0.3374558389186859,0.27561837434768677,0.28180211782455444,0.28180211782455444
annotated,VEO3,e05fd473-dcb7-5cf2-ac80-bd6a85b55e68.mp4,patch_only,,0.1,0.9,same_grid_second_order,,,,,bottomk_mean,0.4,3,3,0.4310953915119171,0.05830388516187668,0.09558303654193878,0.09558303654193878
annotated,VEO3,e0fde86e-db5b-5f9e-8100-0fc881435a7e.mp4,patch_only,,0.1,0.9,same_grid_second_order,,,,,bottomk_mean,0.4,3,3,0.005889281630516052,0.01295641902834177,0.012249705381691456,0.012249705381691456
annotated,VEO3,e1413a0e-c618-54cd-ab9a-26c16001ea5d.mp4,patch_only,,0.1,0.9,same_grid_second_order,,,,,bottomk_mean,0.4,3,3,0.29858657717704773,0.04475853964686394,0.07014134526252747,0.07014134526252747
annotated,VEO3,e16b39f0-979d-5950-a8db-696a26133bc3.mp4,patch_only,,0.1,0.9,same_grid_second_order,,,,,bottomk_mean,0.4,3,3,0.0,0.008833922445774078,0.007950530387461185,0.007950530387461185
annotated,VEO3,e1709a58-ea57-5215-9092-64f13d1e8a9e.mp4,patch_only,,0.1,0.9,same_grid_second_order,,,,,bottomk_mean,0.4,3,3,0.004122497048228979,0.002944640815258026,0.003062426345422864,0.003062426345422864
annotated,VEO3,e17a0d98-a6ea-5b75-ac21-7ee2041ea675.mp4,patch_only,,0.1,0.9,same_grid_second_order,,,,,bottomk_mean,0.4,3,3,0.13368669152259827,0.07184923440217972,0.0780329778790474,0.0780329778790474
annotated,VEO3,e199eb7f-f310-5973-92a9-cd1dadba4b5f.mp4,patch_only,,0.1,0.9,same_grid_second_order,,,,,bottomk_mean,0.4,3,3,0.36277973651885986,0.017078915610909462,0.051649000495672226,0.051649000495672226
annotated,VEO3,e19a77d4-af92-5735-ba0b-9423fc82ae97.mp4,patch_only,,0.1,0.9,same_grid_second_order,,,,,bottomk_mean,0.4,3,3,0.24793875217437744,0.06301531195640564,0.08150765299797058,0.08150765299797058
annotated,VEO3,e1b22ab9-6c30-5760-9547-07aaf9aad544.mp4,patch_only,,0.1,0.9,same_grid_second_order,,,,,bottomk_mean,0.4,3,3,0.004122497048228979,0.002944640815258026,0.003062426345422864,0.003062426345422864
annotated,VEO3,e1baa2a7-83be-5b00-bff8-32ea736817f4.mp4,patch_only,,0.1,0.9,same_grid_second_order,,,,,bottomk_mean,0.4,3,3,0.010011778213083744,0.018256772309541702,0.01743227243423462,0.01743227243423462
annotated,VEO3,e1c54e3f-a44f-50c4-bf02-5e79dfd273d1.mp4,patch_only,,0.1,0.9,same_grid_second_order,,,,,bottomk_mean,0.4,3,3,0.1601884514093399,0.020023556426167488,0.034040048718452454,0.034040048718452454
annotated,VEO3,e1f2994d-942b-5673-bc50-296a81902d0f.mp4,patch_only,,0.1,0.9,same_grid_second_order,,,,,bottomk_mean,0.4,3,3,0.22025913000106812,0.040047112852334976,0.05806831642985344,0.05806831642985344
annotated,VEO3,e1fc1e5c-2c43-5910-97c4-6e8c04aa8a6c.mp4,patch_only,,0.1,0.9,same_grid_second_order,,,,,bottomk_mean,0.4,3,3,0.10482921451330185,0.018256772309541702,0.026914017274975777,0.026914017274975777
annotated,VEO3,e235b522-08e9-533b-9bd4-ffcd1619d346.mp4,patch_only,,0.1,0.9,same_grid_second_order,,,,,bottomk_mean,0.4,3,3,0.10070671141147614,0.14899882674217224,0.1441696137189865,0.1441696137189865
annotated,VEO3,e237197d-f25a-5d4a-a654-7f95f219d6de.mp4,patch_only,,0.1,0.9,same_grid_second_order,,,,,bottomk_mean,0.4,3,3,0.5159010887145996,0.5671378374099731,0.5620141625404358,0.5620141625404358
annotated,VEO3,e25fabe8-8271-5677-a16f-b7a940f38f38.mp4,patch_only,,0.1,0.9,same_grid_second_order,,,,,bottomk_mean,0.4,3,3,0.05653710290789604,0.005300353281199932,0.010424028150737286,0.010424028150737286
annotated,VEO3,e26e3368-0b5a-5ff4-a9ff-8e2ec8862f04.mp4,patch_only,,0.1,0.9,same_grid_second_order,,,,,bottomk_mean,0.4,3,3,0.020023556426167488,0.01295641902834177,0.013663132674992085,0.013663132674992085
annotated,VEO3,e26ea6f9-766e-5a03-a50b-8bb0931f0463.mp4,patch_only,,0.1,0.9,same_grid_second_order,,,,,bottomk_mean,0.4,3,3,0.04534746706485748,0.002944640815258026,0.007184923626482487,0.007184923626482487
annotated,VEO3,e27e2b6d-11d3-551f-b5f6-ef51e55823ce.mp4,patch_only,,0.1,0.9,same_grid_second_order,,,,,bottomk_mean,0.4,3,3,0.12720848619937897,0.008833922445774078,0.020671378821134567,0.020671378821134567
annotated,VEO3,e2d6b0ad-e339-5ab8-abf1-3af88321280d.mp4,patch_only,,0.1,0.9,same_grid_second_order,,,,,bottomk_mean,0.4,3,3,0.16431094706058502,0.005300353281199932,0.02120141312479973,0.02120141312479973
annotated,VEO3,e303c5b0-cc29-5c8b-9537-930313559ca1.mp4,patch_only,,0.1,0.9,same_grid_second_order,,,,,bottomk_mean,0.4,3,3,0.010011778213083744,0.002944640815258026,0.0036513544619083405,0.0036513544619083405
annotated,VEO3,e30d3634-fe02-522f-8496-3e68c6281795.mp4,patch_only,,0.1,0.9,same_grid_second_order,,,,,bottomk_mean,0.4,3,3,0.08716136962175369,0.04181389883160591,0.04634864628314972,0.04634864628314972
annotated,VEO3,e332950a-b2d7-56bc-aaf8-82df776b4306.mp4,patch_only,,0.1,0.9,same_grid_second_order,,,,,bottomk_mean,0.4,3,3,0.017667844891548157,0.0005889281746931374,0.002296819817274809,0.002296819817274809
annotated,VEO3,e33b9e6c-9247-5caa-adca-888a94d47e53.mp4,patch_only,,0.1,0.9,same_grid_second_order,,,,,bottomk_mean,0.4,3,3,0.45111897587776184,0.3451119065284729,0.3557125926017761,0.3557125926017761
annotated,VEO3,e345b7d7-a7b9-5f8a-a60e-d58cec8943bc.mp4,patch_only,,0.1,0.9,same_grid_second_order,,,,,bottomk_mean,0.4,3,3,0.5,0.01472320407629013,0.06325088441371918,0.06325088441371918
annotated,VEO3,e41b6992-1234-5497-a14d-ba348568ef80.mp4,patch_only,,0.1,0.9,same_grid_second_order,,,,,bottomk_mean,0.4,3,3,0.4216725528240204,0.017667844891548157,0.05806831642985344,0.05806831642985344
annotated,VEO3,e4338ec7-9ad6-5b92-af6d-0a92bf5ef165.mp4,patch_only,,0.1,0.9,same_grid_second_order,,,,,bottomk_mean,0.4,3,3,0.29210835695266724,0.05182567611336708,0.07585394382476807,0.07585394382476807
annotated,VEO3,e4583e10-237e-5a54-beed-834e86d7958a.mp4,patch_only,,0.1,0.9,same_grid_second_order,,,,,bottomk_mean,0.4,3,3,0.010011778213083744,0.0005889281746931374,0.001531213172711432,0.001531213172711432
annotated,VEO3,e46e4672-df34-52a1-b29e-96442bfff23f.mp4,patch_only,,0.1,0.9,same_grid_second_order,,,,,bottomk_mean,0.4,3,3,0.12956419587135315,0.10011778771877289,0.10306242853403091,0.10306242853403091
annotated,VEO3,e474ba9a-7cdb-5ab0-b3b5-f45b18544303.mp4,patch_only,,0.1,0.9,same_grid_second_order,,,,,bottomk_mean,0.4,3,3,0.12720848619937897,0.008833922445774078,0.020671378821134567,0.020671378821134567
annotated,VEO3,e48efb30-ddee-5a8b-9549-ec5846271a64.mp4,patch_only,,0.1,0.9,same_grid_second_order,,,,,bottomk_mean,0.4,3,3,0.0,0.03474676236510277,0.03127208352088928,0.03127208352088928
annotated,VEO3,e497f988-2c60-563e-b087-c187386850f0.mp4,patch_only,,0.1,0.9,same_grid_second_order,,,,,bottomk_mean,0.4,3,3,0.0,0.0005889281746931374,0.0005300353514030576,0.0005300353514030576
annotated,VEO3,e4ab380a-b47f-53fc-a03d-f53b9b3528e4.mp4,patch_only,,0.1,0.9,same_grid_second_order,,,,,bottomk_mean,0.4,3,3,0.008833922445774078,0.0011778563493862748,0.0019434628775343299,0.0019434628775343299
annotated,VEO3,e4d268ec-188b-5396-812b-a3ff4560b70e.mp4,patch_only,,0.1,0.9,same_grid_second_order,,,,,bottomk_mean,0.4,3,3,0.6837455630302429,0.502355694770813,0.5204946994781494,0.5204946994781494
annotated,VEO3,e4dfe081-ce50-51b5-8ed0-73a735a22149.mp4,patch_only,,0.1,0.9,same_grid_second_order,,,,,bottomk_mean,0.4,3,3,0.11660777032375336,0.007067137863487005,0.018021201714873314,0.018021201714873314
annotated,VEO3,e583e894-1f80-52e6-a4f2-66f33d984252.mp4,patch_only,,0.1,0.9,same_grid_second_order,,,,,bottomk_mean,0.4,3,3,0.0,0.0017667844658717513,0.0015901060542091727,0.0015901060542091727
annotated,VEO3,e59a0885-0769-5b01-8b22-8596be88c1d6.mp4,patch_only,,0.1,0.9,same_grid_second_order,,,,,bottomk_mean,0.4,3,3,0.17667844891548157,0.08716136962175369,0.09611307084560394,0.09611307084560394
annotated,VEO3,e5b5cda4-00d6-5fbb-9131-01f30285f7d4.mp4,patch_only,,0.1,0.9,same_grid_second_order,,,,,bottomk_mean,0.4,3,3,0.39752650260925293,0.21142520010471344,0.23003533482551575,0.23003533482551575
annotated,VEO3,e6066312-2210-5152-afe2-03115249af70.mp4,patch_only,,0.1,0.9,same_grid_second_order,,,,,bottomk_mean,0.4,3,3,0.04652532562613487,0.018256772309541702,0.02108362689614296,0.02108362689614296
annotated,VEO3,e624431c-1d68-5bc2-99c6-21462b71c060.mp4,patch_only,,0.1,0.9,same_grid_second_order,,,,,bottomk_mean,0.4,3,3,0.030035335570573807,0.002944640815258026,0.005653710104525089,0.005653710104525089
annotated,VEO3,e66e6d7e-fc90-5f98-b665-85070d699da0.mp4,patch_only,,0.1,0.9,same_grid_second_order,,,,,bottomk_mean,0.4,3,3,0.0677267387509346,0.008833922445774078,0.01472320407629013,0.01472320407629013
annotated,VEO3,e67ab33e-c736-5f15-afab-b80ef8e5349b.mp4,patch_only,,0.1,0.9,same_grid_second_order,,,,,bottomk_mean,0.4,3,3,0.10482921451330185,0.0005889281746931374,0.011012956500053406,0.011012956500053406
annotated,VEO3,e6e1cf9b-46f4-529e-a054-8b5c86f18279.mp4,patch_only,,0.1,0.9,same_grid_second_order,,,,,bottomk_mean,0.4,3,3,0.005889281630516052,0.005300353281199932,0.0053592463955283165,0.0053592463955283165
annotated,VEO3,e6e38a40-b08c-5a02-9f60-85919451e596.mp4,patch_only,,0.1,0.9,same_grid_second_order,,,,,bottomk_mean,0.4,3,3,0.0005889281746931374,0.0035335689317435026,0.0032391047570854425,0.0032391047570854425
annotated,VEO3,e75adb13-2fd2-515e-b3bd-2b5d52da8ea5.mp4,patch_only,,0.1,0.9,same_grid_second_order,,,,,bottomk_mean,0.4,3,3,0.05948174372315407,0.017667844891548157,0.02184923365712166,0.02184923365712166
annotated,VEO3,e7a7bace-29fc-511d-a898-0e5414800d0a.mp4,patch_only,,0.1,0.9,same_grid_second_order,,,,,bottomk_mean,0.4,3,3,0.08244994282722473,0.030035335570573807,0.03527679666876793,0.03527679666876793
annotated,VEO3,e82a1c59-5578-5473-a361-ca87927f1dec.mp4,patch_only,,0.1,0.9,same_grid_second_order,,,,,bottomk_mean,0.4,3,3,0.002944640815258026,0.038869258016347885,0.03527679666876793,0.03527679666876793
annotated,VEO3,e833a7a5-500d-5e73-be08-302691373396.mp4,patch_only,,0.1,0.9,same_grid_second_order,,,,,bottomk_mean,0.4,3,3,0.004122497048228979,0.036513544619083405,0.033274441957473755,0.033274441957473755
annotated,VEO3,e837ff6e-5568-5889-8da4-7ba63e89caf1.mp4,patch_only,,0.1,0.9,same_grid_second_order,,,,,bottomk_mean,0.4,3,3,0.10482921451330185,0.0017667844658717513,0.012073026970028877,0.012073026970028877
annotated,VEO3,e87a0b1f-454d-5aa7-a6ce-cbaa9bd1e30a.mp4,patch_only,,0.1,0.9,same_grid_second_order,,,,,bottomk_mean,0.4,3,3,0.31684333086013794,0.050058893859386444,0.07673733681440353,0.07673733681440353
annotated,VEO3,e8c172c6-af33-5ce2-ab70-b0d7232ae30c.mp4,patch_only,,0.1,0.9,same_grid_second_order,,,,,bottomk_mean,0.4,3,3,0.0,0.0011778563493862748,0.0010600707028061152,0.0010600707028061152
annotated,VEO3,e8de7340-45fe-5a72-a789-e186d41ef6e7.mp4,patch_only,,0.1,0.9,same_grid_second_order,,,,,bottomk_mean,0.4,3,3,0.0023557126987725496,0.009422850795090199,0.00871613621711731,0.00871613621711731
annotated,VEO3,e8f53cab-7743-57fb-ae27-b2e9e5216417.mp4,patch_only,,0.1,0.9,same_grid_second_order,,,,,bottomk_mean,0.4,3,3,0.0005889281746931374,0.010011778213083744,0.009069493971765041,0.009069493971765041
annotated,VEO3,e9269ae1-67d7-5636-8ab3-3f9032a1d0dc.mp4,patch_only,,0.1,0.9,same_grid_second_order,,,,,bottomk_mean,0.4,3,3,0.016489988192915916,0.0023557126987725496,0.003769140224903822,0.003769140224903822
annotated,VEO3,e95e1115-7561-5972-a4a0-f2ae42021106.mp4,patch_only,,0.1,0.9,same_grid_second_order,,,,,bottomk_mean,0.4,3,3,0.0806831568479538,0.04593639448285103,0.049411073327064514,0.049411073327064514
annotated,VEO3,e961729a-a8ce-5058-9dfd-857d2900b880.mp4,patch_only,,0.1,0.9,same_grid_second_order,,,,,bottomk_mean,0.4,3,3,0.09952885657548904,0.07479387521743774,0.0772673711180687,0.0772673711180687
annotated,VEO3,e97c4f28-e952-597b-8383-a551f630f4d8.mp4,patch_only,,0.1,0.9,same_grid_second_order,,,,,bottomk_mean,0.4,3,3,0.104240283370018,0.036513544619083405,0.043286219239234924,0.043286219239234924
annotated,VEO3,e985e4b0-43e2-5ce9-ad38-c3bf469decda.mp4,patch_only,,0.1,0.9,same_grid_second_order,,,,,bottomk_mean,0.4,3,3,0.18080094456672668,0.1601884514093399,0.16224969923496246,0.16224969923496246
annotated,VEO3,e99908ea-c061-5dad-85f4-370877cb7371.mp4,patch_only,,0.1,0.9,same_grid_second_order,,,,,bottomk_mean,0.4,3,3,0.008833922445774078,0.0,0.0008833922329358757,0.0008833922329358757
annotated,VEO3,e9bbbc61-a240-5903-935b-372e1bb4598f.mp4,patch_only,,0.1,0.9,same_grid_second_order,,,,,bottomk_mean,0.4,3,3,0.5753828287124634,0.28209659457206726,0.31142520904541016,0.31142520904541016
annotated,VEO3,e9cd5a10-67b0-5db3-a4c3-65db0d9e7b20.mp4,patch_only,,0.1,0.9,same_grid_second_order,,,,,bottomk_mean,0.4,3,3,0.0005889281746931374,0.020612485706806183,0.01861012913286686,0.01861012913286686
annotated,VEO3,ea16ef30-8e8c-5f1e-bd34-a1a7043ada3a.mp4,patch_only,,0.1,0.9,same_grid_second_order,,,,,bottomk_mean,0.4,3,3,0.04475853964686394,0.01295641902834177,0.01613663136959076,0.01613663136959076
annotated,VEO3,ea73f4d3-e464-5878-aa2d-489dba6ea449.mp4,patch_only,,0.1,0.9,same_grid_second_order,,,,,bottomk_mean,0.4,3,3,0.4140164852142334,0.016489988192915916,0.05624263733625412,0.05624263733625412
annotated,VEO3,eab40a94-3396-5d50-821b-900ec2db4842.mp4,patch_only,,0.1,0.9,same_grid_second_order,,,,,bottomk_mean,0.4,3,3,0.15724381804466248,0.007656065747141838,0.022614840418100357,0.022614840418100357
annotated,VEO3,eac1c12d-1dc3-5e91-82d7-554f2a146d4a.mp4,patch_only,,0.1,0.9,same_grid_second_order,,,,,bottomk_mean,0.4,3,3,0.02709069475531578,0.09422850608825684,0.0875147208571434,0.0875147208571434
annotated,VEO3,eaf8fb27-c97e-5a4c-8100-97e53dd46d2f.mp4,patch_only,,0.1,0.9,same_grid_second_order,,,,,bottomk_mean,0.4,3,3,0.3869257867336273,0.10482921451330185,0.13303886353969574,0.13303886353969574
annotated,VEO3,eafcc5db-c0f2-57ce-8885-134d774e65a0.mp4,patch_only,,0.1,0.9,same_grid_second_order,,,,,bottomk_mean,0.4,3,3,0.8133097887039185,0.2709069550037384,0.32514724135398865,0.32514724135398865
annotated,VEO3,eb2695e5-6c9e-5358-bfca-f4e8856b3cb5.mp4,patch_only,,0.1,0.9,same_grid_second_order,,,,,bottomk_mean,0.4,3,3,0.4723203778266907,0.13309776782989502,0.1670200228691101,0.1670200228691101
annotated,VEO3,eb5dbcb2-e978-5c8c-90ce-47c313169b0b.mp4,patch_only,,0.1,0.9,same_grid_second_order,,,,,bottomk_mean,0.4,3,3,0.140753835439682,0.09658421576023102,0.10100118070840836,0.10100118070840836
annotated,VEO3,eba8bcbc-4055-5d6e-b1e4-624a0df21910.mp4,patch_only,,0.1,0.9,same_grid_second_order,,,,,bottomk_mean,0.4,3,3,0.008833922445774078,0.0023557126987725496,0.003003533463925123,0.003003533463925123
annotated,VEO3,ebb7f24d-15b9-5067-8003-953ca3da6027.mp4,patch_only,,0.1,0.9,same_grid_second_order,,,,,bottomk_mean,0.4,3,3,0.33627796173095703,0.10188457369804382,0.12532390654087067,0.12532390654087067
annotated,VEO3,ebbafa8d-8b53-536b-b77c-71ee0b056654.mp4,patch_only,,0.1,0.9,same_grid_second_order,,,,,bottomk_mean,0.4,3,3,0.002944640815258026,0.0035335689317435026,0.003474676050245762,0.003474676050245762
annotated,VEO3,ebe265d4-28a5-5990-9dc1-3d5b320564b2.mp4,patch_only,,0.1,0.9,same_grid_second_order,,,,,bottomk_mean,0.4,3,3,0.372202605009079,0.06065959855914116,0.09181389957666397,0.09181389957666397
annotated,VEO3,ebf11089-4ba9-55d6-878a-9db7e4656509.mp4,patch_only,,0.1,0.9,same_grid_second_order,,,,,bottomk_mean,0.4,3,3,0.33274441957473755,0.10895171016454697,0.13133098185062408,0.13133098185062408
annotated,VEO3,ec0717be-6be0-5358-b7cf-cd1dd9f7abeb.mp4,patch_only,,0.1,0.9,same_grid_second_order,,,,,bottomk_mean,0.4,3,3,0.008833922445774078,0.02120141312479973,0.019964665174484253,0.019964665174484253
annotated,VEO3,ec183e10-ca18-5399-974f-25ed46a94cd8.mp4,patch_only,,0.1,0.9,same_grid_second_order,,,,,bottomk_mean,0.4,3,3,0.0,0.0035335689317435026,0.0031802121084183455,0.0031802121084183455
annotated,VEO3,ec1981ce-c739-5eae-8b87-308464bd265c.mp4,patch_only,,0.1,0.9,same_grid_second_order,,,,,bottomk_mean,0.4,3,3,0.020023556426167488,0.01295641902834177,0.013663132674992085,0.013663132674992085
annotated,VEO3,ec4b484d-10a9-5780-830b-66c725cef2f9.mp4,patch_only,,0.1,0.9,same_grid_second_order,,,,,bottomk_mean,0.4,3,3,0.14782096445560455,0.06419316679239273,0.07255595177412033,0.07255595177412033
annotated,VEO3,ec616364-8ccf-5b37-a842-700dd04cc284.mp4,patch_only,,0.1,0.9,same_grid_second_order,,,,,bottomk_mean,0.4,3,3,0.15842166543006897,0.06301531195640564,0.07255595177412033,0.07255595177412033
annotated,VEO3,ec8b6a9a-564c-5cbb-9983-db49a15626e5.mp4,patch_only,,0.1,0.9,same_grid_second_order,,,,,bottomk_mean,0.4,3,3,0.7020023465156555,0.06301531195640564,0.12691400945186615,0.12691400945186615
annotated,VEO3,ec8e4f82-164a-5d99-96f5-14370c1df365.mp4,patch_only,,0.1,0.9,same_grid_second_order,,,,,bottomk_mean,0.4,3,3,0.29210835695266724,0.06301531195640564,0.08592461794614792,0.08592461794614792
annotated,VEO3,ecc18148-6e55-5791-8c67-778c766011df.mp4,patch_only,,0.1,0.9,same_grid_second_order,,,,,bottomk_mean,0.4,3,3,0.22025913000106812,0.06713780760765076,0.08244994282722473,0.08244994282722473
annotated,VEO3,ed07cb94-87f0-53ac-af92-6b625deaea72.mp4,patch_only,,0.1,0.9,same_grid_second_order,,,,,bottomk_mean,0.4,3,3,0.24558304250240326,0.08951707929372787,0.10512367635965347,0.10512367635965347
annotated,VEO3,ed134f0b-2938-503a-a132-662374c93412.mp4,patch_only,,0.1,0.9,same_grid_second_order,,,,,bottomk_mean,0.4,3,3,0.06419316679239273,0.031213192269206047,0.03451118990778923,0.03451118990778923
annotated,VEO3,ed1dd0b0-310f-5749-a233-d922e9c37cfc.mp4,patch_only,,0.1,0.9,same_grid_second_order,,,,,bottomk_mean,0.4,3,3,0.3074204921722412,0.037691403180360794,0.0646643117070198,0.0646643117070198
annotated,VEO3,ed5f6840-87ef-5cfa-9cf7-d94c522fa63c.mp4,patch_only,,0.1,0.9,same_grid_second_order,,,,,bottomk_mean,0.4,3,3,0.24793875217437744,0.018845701590180397,0.04175500571727753,0.04175500571727753
annotated,VEO3,ed5f6d7b-933f-5c42-b35e-4a57f703ab34.mp4,patch_only,,0.1,0.9,same_grid_second_order,,,,,bottomk_mean,0.4,3,3,0.010011778213083744,0.004711425397545099,0.005241460632532835,0.005241460632532835
annotated,VEO3,ed8eb8ff-68c8-5b8a-a114-c3bfac5954be.mp4,patch_only,,0.1,0.9,same_grid_second_order,,,,,bottomk_mean,0.4,3,3,0.17137809097766876,0.0005889281746931374,0.017667844891548157,0.017667844891548157
annotated,VEO3,ede56029-414e-5e0b-a4c2-c9fd2bd949dc.mp4,patch_only,,0.1,0.9,same_grid_second_order,,,,,bottomk_mean,0.4,3,3,0.24028268456459045,0.1613663136959076,0.16925795376300812,0.16925795376300812
annotated,VEO3,ee1cfb84-88a2-593a-9353-c6477d0e6813.mp4,patch_only,,0.1,0.9,same_grid_second_order,,,,,bottomk_mean,0.4,3,3,0.007067137863487005,0.13309776782989502,0.12049470096826553,0.12049470096826553
annotated,VEO3,ee1ef62c-8146-5a55-87f4-d54cf1025e36.mp4,patch_only,,0.1,0.9,same_grid_second_order,,,,,bottomk_mean,0.4,3,3,0.010011778213083744,0.0017667844658717513,0.0025912837591022253,0.0025912837591022253
annotated,VEO3,ee290569-5c90-562d-94fd-92fcf2320b8a.mp4,patch_only,,0.1,0.9,same_grid_second_order,,,,,bottomk_mean,0.4,3,3,0.11248527467250824,0.13368669152259827,0.13156655430793762,0.13156655430793762
annotated,VEO3,ee5c3787-1db3-5b6a-bebf-35cc7df9244b.mp4,patch_only,,0.1,0.9,same_grid_second_order,,,,,bottomk_mean,0.4,3,3,0.4416961073875427,0.0677267387509346,0.10512367635965347,0.10512367635965347
annotated,VEO3,ee812eb7-124e-53f9-bd70-7eafe68faecb.mp4,patch_only,,0.1,0.9,same_grid_second_order,,,,,bottomk_mean,0.4,3,3,0.104240283370018,0.04534746706485748,0.051236748695373535,0.051236748695373535
annotated,VEO3,ee836ba7-1ee0-53f0-8840-7452e911b63c.mp4,patch_only,,0.1,0.9,same_grid_second_order,,,,,bottomk_mean,0.4,3,3,0.004711425397545099,0.01295641902834177,0.012131920084357262,0.012131920084357262
annotated,VEO3,eee90f3c-b3fe-5c6a-b448-d2cb9caf1b50.mp4,patch_only,,0.1,0.9,same_grid_second_order,,,,,bottomk_mean,0.4,3,3,0.0,0.012367491610348225,0.0111307417973876,0.0111307417973876
annotated,VEO3,ef01236e-230b-5759-b79e-9ec0b7e3b3b4.mp4,patch_only,,0.1,0.9,same_grid_second_order,,,,,bottomk_mean,0.4,3,3,0.004711425397545099,0.0005889281746931374,0.0010011778213083744,0.0010011778213083744
annotated,VEO3,ef0bed58-1823-5a67-b738-677f2360c299.mp4,patch_only,,0.1,0.9,same_grid_second_order,,,,,bottomk_mean,0.4,3,3,0.0806831568479538,0.002944640815258026,0.010718492791056633,0.010718492791056633
annotated,VEO3,ef5affa0-abd3-5ddc-adab-8fb6d51d5a8a.mp4,patch_only,,0.1,0.9,same_grid_second_order,,,,,bottomk_mean,0.4,3,3,0.028857478871941566,0.02473498322069645,0.02514723129570484,0.02514723129570484
annotated,VEO3,ef6fe6a9-d0c7-5033-9635-cb3c0f1ffc9b.mp4,patch_only,,0.1,0.9,same_grid_second_order,,,,,bottomk_mean,0.4,3,3,0.8568904399871826,0.6266195774078369,0.6496466398239136,0.6496466398239136
annotated,VEO3,ef737d8a-2e29-5b1d-b0cd-df4a35fef8c8.mp4,patch_only,,0.1,0.9,same_grid_second_order,,,,,bottomk_mean,0.4,3,3,0.05064782127737999,0.016489988192915916,0.01990577206015587,0.01990577206015587
annotated,VEO3,efdb2305-e96e-57a3-b23d-646e7cd99398.mp4,patch_only,,0.1,0.9,same_grid_second_order,,,,,bottomk_mean,0.4,3,3,0.02826855145394802,0.011189634911715984,0.01289752684533596,0.01289752684533596
annotated,VEO3,efed3e55-63c8-5b62-89c8-b5b80ca74615.mp4,patch_only,,0.1,0.9,same_grid_second_order,,,,,bottomk_mean,0.4,3,3,0.14782096445560455,0.3527679741382599,0.3322732746601105,0.3322732746601105
annotated,VEO3,f0003dc9-6869-5a94-a068-498ed3d4fffa.mp4,patch_only,,0.1,0.9,same_grid_second_order,,,,,bottomk_mean,0.4,3,3,0.012367491610348225,0.0005889281746931374,0.0017667844658717513,0.0017667844658717513
annotated,VEO3,f01c274a-050d-576b-8c9d-5a98a65d2d02.mp4,patch_only,,0.1,0.9,same_grid_second_order,,,,,bottomk_mean,0.4,3,3,0.0,0.008833922445774078,0.007950530387461185,0.007950530387461185
annotated,VEO3,f02b7155-2ffe-5ccb-8e37-3be904c3a338.mp4,patch_only,,0.1,0.9,same_grid_second_order,,,,,bottomk_mean,0.4,3,3,0.10482921451330185,0.020612485706806183,0.02903415821492672,0.02903415821492672
annotated,VEO3,f04357ee-0600-5015-b907-300fddf8b325.mp4,patch_only,,0.1,0.9,same_grid_second_order,,,,,bottomk_mean,0.4,3,3,0.30035334825515747,0.12661954760551453,0.14399293065071106,0.14399293065071106
annotated,VEO3,f08986dc-24bd-5d74-9702-226dad4b7697.mp4,patch_only,,0.1,0.9,same_grid_second_order,,,,,bottomk_mean,0.4,3,3,0.004122497048228979,0.01295641902834177,0.012073026970028877,0.012073026970028877
annotated,VEO3,f0ada1cc-c963-59fd-a114-5345398f42ef.mp4,patch_only,,0.1,0.9,same_grid_second_order,,,,,bottomk_mean,0.4,3,3,0.07832744717597961,0.018256772309541702,0.024263840168714523,0.024263840168714523
annotated,VEO3,f0c494b0-5c30-5d67-aee2-0dd0f0ff3624.mp4,patch_only,,0.1,0.9,same_grid_second_order,,,,,bottomk_mean,0.4,3,3,0.2514723241329193,0.04534746706485748,0.06595995277166367,0.06595995277166367
annotated,VEO3,f0ff0482-4476-58ef-9b1a-f42d44db12d7.mp4,patch_only,,0.1,0.9,same_grid_second_order,,,,,bottomk_mean,0.4,3,3,0.3621908128261566,0.1990577131509781,0.2153710275888443,0.2153710275888443
annotated,VEO3,f0ff61f0-401b-5e15-954d-4064672a7425.mp4,patch_only,,0.1,0.9,same_grid_second_order,,,,,bottomk_mean,0.4,3,3,0.08892814815044403,0.01295641902834177,0.0205535925924778,0.0205535925924778
annotated,VEO3,f100d0c6-79da-5221-8721-1981983d5df5.mp4,patch_only,,0.1,0.9,same_grid_second_order,,,,,bottomk_mean,0.4,3,3,0.11778563261032104,0.05653710290789604,0.06266195327043533,0.06266195327043533
annotated,VEO3,f1014fea-f0f3-52dc-aa82-eecc44aafc7d.mp4,patch_only,,0.1,0.9,same_grid_second_order,,,,,bottomk_mean,0.4,3,3,0.20259128510951996,0.08775029331445694,0.09923439472913742,0.09923439472913742
annotated,VEO3,f10344ce-617e-5aea-b004-194645232d6e.mp4,patch_only,,0.1,0.9,same_grid_second_order,,,,,bottomk_mean,0.4,3,3,0.002944640815258026,0.004711425397545099,0.004534746985882521,0.004534746985882521
annotated,VEO3,f108cd04-dbf1-5673-9732-c552aa12d58b.mp4,patch_only,,0.1,0.9,same_grid_second_order,,,,,bottomk_mean,0.4,3,3,0.0,0.0,0.0,0.0
annotated,VEO3,f139787d-0b72-523f-8eb1-02c7073f4163.mp4,patch_only,,0.1,0.9,same_grid_second_order,,,,,bottomk_mean,0.4,3,3,0.036513544619083405,0.025323910638689995,0.02644287422299385,0.02644287422299385
annotated,VEO3,f145f99f-5775-5488-bdbc-126188430e53.mp4,patch_only,,0.1,0.9,same_grid_second_order,,,,,bottomk_mean,0.4,3,3,0.21142520010471344,0.011189634911715984,0.031213192269206047,0.031213192269206047
annotated,VEO3,f176cfdd-23ea-5f74-988e-12a7536b1bff.mp4,patch_only,,0.1,0.9,same_grid_second_order,,,,,bottomk_mean,0.4,3,3,0.47055360674858093,0.09540636092424393,0.13292108476161957,0.13292108476161957
annotated,VEO3,f17a8243-6dd3-5b66-9b8f-fca7d2f4df62.mp4,patch_only,,0.1,0.9,same_grid_second_order,,,,,bottomk_mean,0.4,3,3,0.21142520010471344,0.010600706562399864,0.030683156102895737,0.030683156102895737
annotated,VEO3,f19bbd7e-9a8c-5779-a1a2-08699d5aa249.mp4,patch_only,,0.1,0.9,same_grid_second_order,,,,,bottomk_mean,0.4,3,3,0.3828032910823822,0.01295641902834177,0.049941107630729675,0.049941107630729675
annotated,VEO3,f2058eb1-b104-5ddd-8882-0ee16ac46502.mp4,patch_only,,0.1,0.9,same_grid_second_order,,,,,bottomk_mean,0.4,3,3,0.4204947054386139,0.06478209793567657,0.10035336017608643,0.10035336017608643
annotated,VEO3,f24496c1-24cf-5de5-961d-f04d1dd0cc96.mp4,patch_only,,0.1,0.9,same_grid_second_order,,,,,bottomk_mean,0.4,3,3,0.4363957643508911,0.018256772309541702,0.060070671141147614,0.060070671141147614
annotated,VEO3,f28b4fa5-816f-54ef-a22e-8a13135834e5.mp4,patch_only,,0.1,0.9,same_grid_second_order,,,,,bottomk_mean,0.4,3,3,0.07714958488941193,0.002944640815258026,0.010365135036408901,0.010365135036408901
annotated,VEO3,f29a0b3c-c635-5f43-b20d-a8f0c6827e22.mp4,patch_only,,0.1,0.9,same_grid_second_order,,,,,bottomk_mean,0.4,3,3,0.002944640815258026,0.017078915610909462,0.015665488317608833,0.015665488317608833
annotated,VEO3,f2c01f03-8d6c-583b-ad26-75b3bf41b70f.mp4,patch_only,,0.1,0.9,same_grid_second_order,,,,,bottomk_mean,0.4,3,3,0.09599529206752777,0.01295641902834177,0.021260306239128113,0.021260306239128113
annotated,VEO3,f2e2a0cf-22b5-5663-b7fb-8a04e4ad9f9b.mp4,patch_only,,0.1,0.9,same_grid_second_order,,,,,bottomk_mean,0.4,3,3,0.010011778213083744,0.02591283805668354,0.024322733283042908,0.024322733283042908
annotated,VEO3,f2eb08cd-0d18-52ae-8600-e6dfd357d4e4.mp4,patch_only,,0.1,0.9,same_grid_second_order,,,,,bottomk_mean,0.4,3,3,0.10482921451330185,0.15959952771663666,0.1541225016117096,0.1541225016117096
annotated,VEO3,f31cef66-65fd-518e-a7ab-e739652484ed.mp4,patch_only,,0.1,0.9,same_grid_second_order,,,,,bottomk_mean,0.4,3,3,0.43580684065818787,0.020023556426167488,0.06160188466310501,0.06160188466310501
annotated,VEO3,f33e4df5-12d5-596b-86c2-bc5fc6470f42.mp4,patch_only,,0.1,0.9,same_grid_second_order,,,,,bottomk_mean,0.4,3,3,0.018845701590180397,0.0023557126987725496,0.004004711285233498,0.004004711285233498
annotated,VEO3,f35d7f32-6af4-586c-85a7-36e491a6bac0.mp4,patch_only,,0.1,0.9,same_grid_second_order,,,,,bottomk_mean,0.4,3,3,0.02473498322069645,0.017078915610909462,0.01784452237188816,0.01784452237188816
annotated,VEO3,f368950a-6c92-5ce4-9afa-21ffd641537a.mp4,patch_only,,0.1,0.9,same_grid_second_order,,,,,bottomk_mean,0.4,3,3,0.2473498284816742,0.24558304250240326,0.24575971066951752,0.24575971066951752
annotated,VEO3,f3751bc5-ecb9-535d-9561-fc04336f921d.mp4,patch_only,,0.1,0.9,same_grid_second_order,,,,,bottomk_mean,0.4,3,3,0.21201413869857788,0.043580684810876846,0.06042402982711792,0.06042402982711792
annotated,VEO3,f376f47f-5053-5e36-bfb0-add9b8b8aeca.mp4,patch_only,,0.1,0.9,same_grid_second_order,,,,,bottomk_mean,0.4,3,3,0.10129564255475998,0.010011778213083744,0.01914016529917717,0.01914016529917717
annotated,VEO3,f3c03e50-ef9f-5961-8b63-6d29b44b8702.mp4,patch_only,,0.1,0.9,same_grid_second_order,,,,,bottomk_mean,0.4,3,3,0.027679622173309326,0.017667844891548157,0.018669022247195244,0.018669022247195244
annotated,VEO3,f3d42b62-bd5a-5724-9448-0c884bc1dee8.mp4,patch_only,,0.1,0.9,same_grid_second_order,,,,,bottomk_mean,0.4,3,3,0.4882214367389679,0.31566548347473145,0.3329210877418518,0.3329210877418518
annotated,VEO3,f3e53d50-edcd-5018-9989-ce9ffb3266a5.mp4,patch_only,,0.1,0.9,same_grid_second_order,,,,,bottomk_mean,0.4,3,3,0.01472320407629013,0.005300353281199932,0.006242638453841209,0.006242638453841209
annotated,VEO3,f3ec11c4-331b-51d6-82dd-ccf8eee0a51e.mp4,patch_only,,0.1,0.9,same_grid_second_order,,,,,bottomk_mean,0.4,3,3,0.07067137956619263,0.010011778213083744,0.016077738255262375,0.016077738255262375
annotated,VEO3,f3fb4832-870d-556b-b074-849207f1ade1.mp4,patch_only,,0.1,0.9,same_grid_second_order,,,,,bottomk_mean,0.4,3,3,0.03945818543434143,0.0005889281746931374,0.004475853871554136,0.004475853871554136
annotated,VEO3,f410d488-cdbd-56e6-aa51-8fba37f6b56b.mp4,patch_only,,0.1,0.9,same_grid_second_order,,,,,bottomk_mean,0.4,3,3,0.020023556426167488,0.0005889281746931374,0.002532391110435128,0.002532391110435128
annotated,VEO3,f443840a-e15b-5df1-8ec7-2d24b9f62f55.mp4,patch_only,,0.1,0.9,same_grid_second_order,,,,,bottomk_mean,0.4,3,3,0.08833922445774078,0.06301531195640564,0.06554770469665527,0.06554770469665527
annotated,VEO3,f4508edc-2be9-54c9-9c7b-78631ef074a4.mp4,patch_only,,0.1,0.9,same_grid_second_order,,,,,bottomk_mean,0.4,3,3,0.042991753667593,0.028857478871941566,0.030270906165242195,0.030270906165242195
annotated,VEO3,f476b783-d74c-5144-99b2-bc3fee862da7.mp4,patch_only,,0.1,0.9,same_grid_second_order,,,,,bottomk_mean,0.4,3,3,0.03945818543434143,0.06831566244363785,0.0654299184679985,0.0654299184679985
annotated,VEO3,f48a4475-226b-54ef-adfc-0a5dc0dfc9d8.mp4,patch_only,,0.1,0.9,same_grid_second_order,,,,,bottomk_mean,0.4,3,3,0.017078915610909462,0.0017667844658717513,0.0032979976385831833,0.0032979976385831833
annotated,VEO3,f4a1a330-17ff-56bc-8020-c9995b2cfa41.mp4,patch_only,,0.1,0.9,same_grid_second_order,,,,,bottomk_mean,0.4,3,3,0.07008244842290878,0.016489988192915916,0.02184923365712166,0.02184923365712166
annotated,VEO3,f4a266c3-a049-5f07-9f27-a5eeb94c22e0.mp4,patch_only,,0.1,0.9,same_grid_second_order,,,,,bottomk_mean,0.4,3,3,0.0,0.0005889281746931374,0.0005300353514030576,0.0005300353514030576
annotated,VEO3,f4e8d486-5a9c-5519-bb48-aa621b5b7e2b.mp4,patch_only,,0.1,0.9,same_grid_second_order,,,,,bottomk_mean,0.4,3,3,0.1495877504348755,0.10600706934928894,0.1103651374578476,0.1103651374578476
annotated,VEO3,f53e4161-f486-57c3-b4a9-06e9d060f4d2.mp4,patch_only,,0.1,0.9,same_grid_second_order,,,,,bottomk_mean,0.4,3,3,0.04829210788011551,0.011189634911715984,0.01489988248795271,0.01489988248795271
annotated,VEO3,f587e1b2-b98f-5b99-beeb-d4669b1ad0f4.mp4,patch_only,,0.1,0.9,same_grid_second_order,,,,,bottomk_mean,0.4,3,3,0.06595995277166367,0.050058893859386444,0.051649000495672226,0.051649000495672226
annotated,VEO3,f5ee352b-4937-520e-85e3-dccdf78cc9be.mp4,patch_only,,0.1,0.9,same_grid_second_order,,,,,bottomk_mean,0.4,3,3,0.40694934129714966,0.08009422570466995,0.11277974396944046,0.11277974396944046
annotated,VEO3,f5f328e5-8e4f-5b5c-8dc5-477d5afc5768.mp4,patch_only,,0.1,0.9,same_grid_second_order,,,,,bottomk_mean,0.4,3,3,0.002944640815258026,0.0011778563493862748,0.0013545347610488534,0.0013545347610488534
annotated,VEO3,f600f7c8-27fe-51d3-a17f-0e30490875c8.mp4,patch_only,,0.1,0.9,same_grid_second_order,,,,,bottomk_mean,0.4,3,3,0.04181389883160591,0.002944640815258026,0.006831566337496042,0.006831566337496042
annotated,VEO3,f64bd1fd-ad3e-57db-9509-52de95d5cdbc.mp4,patch_only,,0.1,0.9,same_grid_second_order,,,,,bottomk_mean,0.4,3,3,0.021790342405438423,0.011778563261032104,0.012779740616679192,0.012779740616679192
annotated,VEO3,f681bc68-e583-5062-b2f5-122c873dac96.mp4,patch_only,,0.1,0.9,same_grid_second_order,,,,,bottomk_mean,0.4,3,3,0.0023557126987725496,0.0005889281746931374,0.000765606586355716,0.000765606586355716
annotated,VEO3,f699aa8d-9f7b-5f36-9866-2e91f115b43d.mp4,patch_only,,0.1,0.9,same_grid_second_order,,,,,bottomk_mean,0.4,3,3,0.0,0.008833922445774078,0.007950530387461185,0.007950530387461185
annotated,VEO3,f6df5f87-080a-50c7-84e5-d7d154e2e2f3.mp4,patch_only,,0.1,0.9,same_grid_second_order,,,,,bottomk_mean,0.4,3,3,0.0011778563493862748,0.0005889281746931374,0.0006478209397755563,0.0006478209397755563
annotated,VEO3,f6ee5893-2e96-5432-8727-4d7be5279b5e.mp4,patch_only,,0.1,0.9,same_grid_second_order,,,,,bottomk_mean,0.4,3,3,0.0005889281746931374,0.0005889281746931374,0.0005889281746931374,0.0005889281746931374
annotated,VEO3,f71f059d-4585-58a3-9617-00701e228151.mp4,patch_only,,0.1,0.9,same_grid_second_order,,,,,bottomk_mean,0.4,3,3,0.06949352473020554,0.007067137863487005,0.013309775851666927,0.013309775851666927
annotated,VEO3,f760ad5f-7a1b-5de5-8a21-044d43a53c2c.mp4,patch_only,,0.1,0.9,same_grid_second_order,,,,,bottomk_mean,0.4,3,3,0.10600706934928894,0.03710247203707695,0.04399293288588524,0.04399293288588524
annotated,VEO3,f778ec9c-8011-5be0-ade3-6e2fc4bef339.mp4,patch_only,,0.1,0.9,same_grid_second_order,,,,,bottomk_mean,0.4,3,3,0.12838633358478546,0.009422850795090199,0.021319199353456497,0.021319199353456497
annotated,VEO3,f7865e8b-5321-5f81-856b-6106f2108bed.mp4,patch_only,,0.1,0.9,same_grid_second_order,,,,,bottomk_mean,0.4,3,3,0.14487633109092712,0.02120141312479973,0.03356890380382538,0.03356890380382538
annotated,VEO3,f7897b8d-8a18-5031-b35f-79056fb4727d.mp4,patch_only,,0.1,0.9,same_grid_second_order,,,,,bottomk_mean,0.4,3,3,0.06537102162837982,0.036513544619083405,0.039399292320013046,0.039399292320013046
annotated,VEO3,f78a5926-62ca-5156-9327-e361a6111ddd.mp4,patch_only,,0.1,0.9,same_grid_second_order,,,,,bottomk_mean,0.4,3,3,0.004122497048228979,0.021790342405438423,0.020023556426167488,0.020023556426167488
annotated,VEO3,f7f00b31-984d-5846-9e91-812db87aa24c.mp4,patch_only,,0.1,0.9,same_grid_second_order,,,,,bottomk_mean,0.4,3,3,0.55241459608078,0.23203769326210022,0.264075368642807,0.264075368642807
annotated,VEO3,f7f79f6c-29cb-5cd7-8cb7-9830411b6477.mp4,patch_only,,0.1,0.9,same_grid_second_order,,,,,bottomk_mean,0.4,3,3,0.19846878945827484,0.09717314690351486,0.1073027104139328,0.1073027104139328
annotated,VEO3,f8298f40-5ca5-59eb-b58c-07495addd6a6.mp4,patch_only,,0.1,0.9,same_grid_second_order,,,,,bottomk_mean,0.4,3,3,0.04829210788011551,0.008833922445774078,0.012779740616679192,0.012779740616679192
annotated,VEO3,f82b3fe9-1df4-5dcd-bcc0-d1529e632d6c.mp4,patch_only,,0.1,0.9,same_grid_second_order,,,,,bottomk_mean,0.4,3,3,0.14016489684581757,0.02591283805668354,0.03733804449439049,0.03733804449439049
annotated,VEO3,f88c9ea9-39d2-560a-8dc3-8dbb934fcc1d.mp4,patch_only,,0.1,0.9,same_grid_second_order,,,,,bottomk_mean,0.4,3,3,0.21319198608398438,0.19729092717170715,0.19888103008270264,0.19888103008270264
annotated,VEO3,f88d1f54-4c7f-575e-9a3b-769b58edf248.mp4,patch_only,,0.1,0.9,same_grid_second_order,,,,,bottomk_mean,0.4,3,3,0.32096585631370544,0.10188457369804382,0.12379270046949387,0.12379270046949387
annotated,VEO3,f8e1ba6a-47c3-5274-9124-55cbbbf2c352.mp4,patch_only,,0.1,0.9,same_grid_second_order,,,,,bottomk_mean,0.4,3,3,0.12720848619937897,0.05300353467464447,0.06042402982711792,0.06042402982711792
annotated,VEO3,f91f8c0d-a98b-50f3-9283-5d7cae6af9b9.mp4,patch_only,,0.1,0.9,same_grid_second_order,,,,,bottomk_mean,0.4,3,3,0.040047112852334976,0.009422850795090199,0.012485276907682419,0.012485276907682419
annotated,VEO3,f94ee7c1-a44a-5e6f-aca4-376bc007010e.mp4,patch_only,,0.1,0.9,same_grid_second_order,,,,,bottomk_mean,0.4,3,3,0.010011778213083744,0.008833922445774078,0.008951707743108273,0.008951707743108273
annotated,VEO3,f952e959-62ab-5dfa-9123-a877557406c0.mp4,patch_only,,0.1,0.9,same_grid_second_order,,,,,bottomk_mean,0.4,3,3,0.359246164560318,0.04829210788011551,0.07938751578330994,0.07938751578330994
annotated,VEO3,f9bbb03b-da8f-5a27-9187-eb85b7cf531d.mp4,patch_only,,0.1,0.9,same_grid_second_order,,,,,bottomk_mean,0.4,3,3,0.0806831568479538,0.025323910638689995,0.03085983544588089,0.03085983544588089
annotated,VEO3,f9dc06ae-5e7a-55fd-8f9e-d46f6196f645.mp4,patch_only,,0.1,0.9,same_grid_second_order,,,,,bottomk_mean,0.4,3,3,0.08892814815044403,0.0005889281746931374,0.009422850795090199,0.009422850795090199
annotated,VEO3,f9efd521-b56b-52b3-8bfd-5e9eb18cc064.mp4,patch_only,,0.1,0.9,same_grid_second_order,,,,,bottomk_mean,0.4,3,3,0.12249705195426941,0.040047112852334976,0.04829210788011551,0.04829210788011551
annotated,VEO3,f9fa3d0a-213e-5ffa-9778-800ea05de82e.mp4,patch_only,,0.1,0.9,same_grid_second_order,,,,,bottomk_mean,0.4,3,3,0.01472320407629013,0.018256772309541702,0.017903415486216545,0.017903415486216545
annotated,VEO3,f9ff9baa-d06d-5814-8f13-c8b52cc2f2b2.mp4,patch_only,,0.1,0.9,same_grid_second_order,,,,,bottomk_mean,0.4,3,3,0.020023556426167488,0.012367491610348225,0.013133097440004349,0.013133097440004349
annotated,VEO3,fa4e24dc-3361-5927-bf9b-7e0b7012845a.mp4,patch_only,,0.1,0.9,same_grid_second_order,,,,,bottomk_mean,0.4,3,3,0.179623082280159,0.1342756152153015,0.13881036639213562,0.13881036639213562
annotated,VEO3,fa502ddf-fb24-5ba9-b581-204321e56018.mp4,patch_only,,0.1,0.9,same_grid_second_order,,,,,bottomk_mean,0.4,3,3,0.0,0.0005889281746931374,0.0005300353514030576,0.0005300353514030576
annotated,VEO3,fabf4959-3620-5e46-8a6e-72ea7b891127.mp4,patch_only,,0.1,0.9,same_grid_second_order,,,,,bottomk_mean,0.4,3,3,0.002944640815258026,0.0005889281746931374,0.0008244994096457958,0.0008244994096457958
annotated,VEO3,fadca9b4-142f-51dd-a887-2b516e0732db.mp4,patch_only,,0.1,0.9,same_grid_second_order,,,,,bottomk_mean,0.4,3,3,0.004122497048228979,0.011189634911715984,0.01048292126506567,0.01048292126506567
annotated,VEO3,faecb8a5-3c1a-580a-ad7f-f0a993494735.mp4,patch_only,,0.1,0.9,same_grid_second_order,,,,,bottomk_mean,0.4,3,3,0.3869257867336273,0.09069493412971497,0.12031801789999008,0.12031801789999008
annotated,VEO3,faf1902f-319f-5651-8a42-33bf63e48ef7.mp4,patch_only,,0.1,0.9,same_grid_second_order,,,,,bottomk_mean,0.4,3,3,0.011189634911715984,0.01295641902834177,0.012779740616679192,0.012779740616679192
annotated,VEO3,fb0a53c7-b316-51f2-9434-44c34b6e83c2.mp4,patch_only,,0.1,0.9,same_grid_second_order,,,,,bottomk_mean,0.4,3,3,0.05300353467464447,0.038869258016347885,0.040282685309648514,0.040282685309648514
annotated,VEO3,fb319a14-ba1c-59e8-94ba-33d88dec49fe.mp4,patch_only,,0.1,0.9,same_grid_second_order,,,,,bottomk_mean,0.4,3,3,0.002944640815258026,0.0035335689317435026,0.003474676050245762,0.003474676050245762
annotated,VEO3,fb7eee10-73d4-51b5-95ac-cd2efe5e2d65.mp4,patch_only,,0.1,0.9,same_grid_second_order,,,,,bottomk_mean,0.4,3,3,0.002944640815258026,0.01295641902834177,0.011955241672694683,0.011955241672694683
annotated,VEO3,fb812dd4-c857-5b1f-b6c3-573d1599abc5.mp4,patch_only,,0.1,0.9,same_grid_second_order,,,,,bottomk_mean,0.4,3,3,0.12838633358478546,0.03239104896783829,0.041990578174591064,0.041990578174591064
annotated,VEO3,fb9e47b8-3b1b-524a-a446-addd252fcf34.mp4,patch_only,,0.1,0.9,same_grid_second_order,,,,,bottomk_mean,0.4,3,3,0.2850412130355835,0.026501767337322235,0.05235571414232254,0.05235571414232254
annotated,VEO3,fba07b9b-b267-55fc-8951-cda16c600dce.mp4,patch_only,,0.1,0.9,same_grid_second_order,,,,,bottomk_mean,0.4,3,3,0.34805652499198914,0.21142520010471344,0.22508834302425385,0.22508834302425385
annotated,VEO3,fbab427b-29d3-547b-ba61-399256af3402.mp4,patch_only,,0.1,0.9,same_grid_second_order,,,,,bottomk_mean,0.4,3,3,0.06654888391494751,0.0005889281746931374,0.007184923626482487,0.007184923626482487
annotated,VEO3,fbbaeba0-7f9f-5329-866d-f0cd39d91fe0.mp4,patch_only,,0.1,0.9,same_grid_second_order,,,,,bottomk_mean,0.4,3,3,0.10129564255475998,0.04240282624959946,0.04829210788011551,0.04829210788011551
annotated,VEO3,fbc23ca0-c1d7-580e-9c56-2e9859946e23.mp4,patch_only,,0.1,0.9,same_grid_second_order,,,,,bottomk_mean,0.4,3,3,0.0,0.0035335689317435026,0.0031802121084183455,0.0031802121084183455
annotated,VEO3,fbc678a1-9fe9-5786-94bb-29b77803e52e.mp4,patch_only,,0.1,0.9,same_grid_second_order,,,,,bottomk_mean,0.4,3,3,0.0005889281746931374,0.007067137863487005,0.006419316865503788,0.006419316865503788
annotated,VEO3,fbfd4af1-589c-55b9-805f-392d4681819d.mp4,patch_only,,0.1,0.9,same_grid_second_order,,,,,bottomk_mean,0.4,3,3,0.0,0.0005889281746931374,0.0005300353514030576,0.0005300353514030576
annotated,VEO3,fc0f048f-3553-5304-8db1-d32ae6d4a4dd.mp4,patch_only,,0.1,0.9,same_grid_second_order,,,,,bottomk_mean,0.4,3,3,0.09422850608825684,0.031213192269206047,0.03751472383737564,0.03751472383737564
annotated,VEO3,fc11c0d2-6af4-565e-a872-198644afe52b.mp4,patch_only,,0.1,0.9,same_grid_second_order,,,,,bottomk_mean,0.4,3,3,0.14782096445560455,0.09658421576023102,0.10170789062976837,0.10170789062976837
annotated,VEO3,fc2d150f-28de-556a-a8c4-11a013e21251.mp4,patch_only,,0.1,0.9,same_grid_second_order,,,,,bottomk_mean,0.4,3,3,0.12838633358478546,0.0005889281746931374,0.013368668965995312,0.013368668965995312
annotated,VEO3,fc3bdb75-ef71-5dcc-a9c9-20372e8df6a3.mp4,patch_only,,0.1,0.9,same_grid_second_order,,,,,bottomk_mean,0.4,3,3,0.01472320407629013,0.0005889281746931374,0.002002355642616749,0.002002355642616749
annotated,VEO3,fc45d55d-a9dd-5004-baea-2286705c594e.mp4,patch_only,,0.1,0.9,same_grid_second_order,,,,,bottomk_mean,0.4,3,3,0.2868080139160156,0.11130741983652115,0.12885747849941254,0.12885747849941254
annotated,VEO3,fc51c51e-4ace-5502-8dfb-1f9415a8c1b6.mp4,patch_only,,0.1,0.9,same_grid_second_order,,,,,bottomk_mean,0.4,3,3,0.18904593586921692,0.0795053020119667,0.09045936167240143,0.09045936167240143
annotated,VEO3,fc6bace2-912e-54b4-814d-584b6c5836a2.mp4,patch_only,,0.1,0.9,same_grid_second_order,,,,,bottomk_mean,0.4,3,3,0.15253238379955292,0.062426384538412094,0.07143698632717133,0.07143698632717133
annotated,VEO3,fc8b4d70-b7ba-5f36-a497-253cc277eadc.mp4,patch_only,,0.1,0.9,same_grid_second_order,,,,,bottomk_mean,0.4,3,3,0.004122497048228979,0.0017667844658717513,0.002002355642616749,0.002002355642616749
annotated,VEO3,fcc3b957-1002-59a5-a553-84bca8b96618.mp4,patch_only,,0.1,0.9,same_grid_second_order,,,,,bottomk_mean,0.4,3,3,0.04534746706485748,0.1301531195640564,0.12167255580425262,0.12167255580425262
annotated,VEO3,fcd3b99e-9724-51bc-99fa-b29092329509.mp4,patch_only,,0.1,0.9,same_grid_second_order,,,,,bottomk_mean,0.4,3,3,0.46525323390960693,0.18845701217651367,0.216136634349823,0.216136634349823
annotated,VEO3,fcf0c025-8ecd-54dc-aff9-61395fae92a7.mp4,patch_only,,0.1,0.9,same_grid_second_order,,,,,bottomk_mean,0.4,3,3,0.08833922445774078,0.007656065747141838,0.015724381431937218,0.015724381431937218
annotated,VEO3,fd1e2e43-cbb4-5f1a-9a9e-ef08af650929.mp4,patch_only,,0.1,0.9,same_grid_second_order,,,,,bottomk_mean,0.4,3,3,0.04593639448285103,0.0035335689317435026,0.0077738515101373196,0.0077738515101373196
annotated,VEO3,fd666228-62d5-5f75-9385-52aa80adcbf6.mp4,patch_only,,0.1,0.9,same_grid_second_order,,,,,bottomk_mean,0.4,3,3,0.31566548347473145,0.33804476261138916,0.33580681681632996,0.33580681681632996
annotated,VEO3,fd827a1a-4e19-55b0-835d-a24dc1d1bbe1.mp4,patch_only,,0.1,0.9,same_grid_second_order,,,,,bottomk_mean,0.4,3,3,0.0,0.005300353281199932,0.004770318046212196,0.004770318046212196
annotated,VEO3,fda31953-ae64-5c34-8232-b7705d7edf30.mp4,patch_only,,0.1,0.9,same_grid_second_order,,,,,bottomk_mean,0.4,3,3,0.6065959930419922,0.025323910638689995,0.08345112204551697,0.08345112204551697
annotated,VEO3,fdaab1c3-93bc-5a0b-a813-a7ae2d5a28c1.mp4,patch_only,,0.1,0.9,same_grid_second_order,,,,,bottomk_mean,0.4,3,3,0.004711425397545099,0.004122497048228979,0.004181389696896076,0.004181389696896076
annotated,VEO3,fdbc6a3a-d4d8-5aac-a5d0-eeadf6563cbc.mp4,patch_only,,0.1,0.9,same_grid_second_order,,,,,bottomk_mean,0.4,3,3,0.4310953915119171,0.2732626497745514,0.28904592990875244,0.28904592990875244
annotated,VEO3,fdbec7af-5137-5dd0-aa6e-d00799c5e0a5.mp4,patch_only,,0.1,0.9,same_grid_second_order,,,,,bottomk_mean,0.4,3,3,0.10718492418527603,0.512956440448761,0.47237926721572876,0.47237926721572876
annotated,VEO3,fdec245a-ceae-5260-a3cc-f0b40f4f465c.mp4,patch_only,,0.1,0.9,same_grid_second_order,,,,,bottomk_mean,0.4,3,3,0.0,0.0005889281746931374,0.0005300353514030576,0.0005300353514030576
annotated,VEO3,fe00572c-9cee-5f66-a0d7-6c6cdc46860a.mp4,patch_only,,0.1,0.9,same_grid_second_order,,,,,bottomk_mean,0.4,3,3,0.036513544619083405,0.01295641902834177,0.015312131494283676,0.015312131494283676
annotated,VEO3,fe1afd36-6b12-5e13-a6cc-87bb7e8151dd.mp4,patch_only,,0.1,0.9,same_grid_second_order,,,,,bottomk_mean,0.4,3,3,0.062426384538412094,0.002944640815258026,0.008892814628779888,0.008892814628779888
annotated,VEO3,fe1d13ba-8b79-5822-b20a-a42a73782b83.mp4,patch_only,,0.1,0.9,same_grid_second_order,,,,,bottomk_mean,0.4,3,3,0.26266196370124817,0.47585394978523254,0.45453473925590515,0.45453473925590515
annotated,VEO3,fe34780c-d4c9-5b37-bb61-02c32dd7acb3.mp4,patch_only,,0.1,0.9,same_grid_second_order,,,,,bottomk_mean,0.4,3,3,0.0,0.009422850795090199,0.008480565622448921,0.008480565622448921
annotated,VEO3,fe790a42-597e-5b02-83c8-f568c5bfa4c2.mp4,patch_only,,0.1,0.9,same_grid_second_order,,,,,bottomk_mean,0.4,3,3,0.6908127069473267,0.5753828287124634,0.5869258046150208,0.5869258046150208
annotated,VEO3,fea19b95-c229-569a-a5c5-d32296dcc2e1.mp4,patch_only,,0.1,0.9,same_grid_second_order,,,,,bottomk_mean,0.4,3,3,0.020023556426167488,0.0005889281746931374,0.002532391110435128,0.002532391110435128
annotated,VEO3,feaea8a3-24e5-589d-a80d-16b162f8a0bb.mp4,patch_only,,0.1,0.9,same_grid_second_order,,,,,bottomk_mean,0.4,3,3,0.008833922445774078,0.005300353281199932,0.005653710104525089,0.005653710104525089
annotated,VEO3,feb29ba1-8740-5ad2-abec-aa8d9bc7a058.mp4,patch_only,,0.1,0.9,same_grid_second_order,,,,,bottomk_mean,0.4,3,3,0.004122497048228979,0.008833922445774078,0.008362779393792152,0.008362779393792152
annotated,VEO3,fef02662-9b76-5883-b3e8-d8a95489325a.mp4,patch_only,,0.1,0.9,same_grid_second_order,,,,,bottomk_mean,0.4,3,3,0.08186101168394089,0.042991753667593,0.04687868058681488,0.04687868058681488
annotated,VEO3,ff2a8c67-1890-5c00-91f6-f3e2dda13d1a.mp4,patch_only,,0.1,0.9,same_grid_second_order,,,,,bottomk_mean,0.4,3,3,0.3097762167453766,0.01295641902834177,0.042638398706912994,0.042638398706912994
annotated,VEO3,ff3890e2-375d-5496-b41c-dadf1c115826.mp4,patch_only,,0.1,0.9,same_grid_second_order,,,,,bottomk_mean,0.4,3,3,0.12485276907682419,0.06949352473020554,0.07502944767475128,0.07502944767475128
annotated,VEO3,ff42aaf5-993b-5422-8341-fc7c8cb1516a.mp4,patch_only,,0.1,0.9,same_grid_second_order,,,,,bottomk_mean,0.4,3,3,0.0017667844658717513,0.0005889281746931374,0.0007067137630656362,0.0007067137630656362
annotated,VEO3,ff6b7851-6e93-522e-8079-421efd339b8e.mp4,patch_only,,0.1,0.9,same_grid_second_order,,,,,bottomk_mean,0.4,3,3,0.10365135222673416,0.08716136962175369,0.08881036192178726,0.08881036192178726
annotated,VEO3,ff8c5c3f-7d70-533d-ad2a-462ebf5bbc7f.mp4,patch_only,,0.1,0.9,same_grid_second_order,,,,,bottomk_mean,0.4,3,3,0.3333333432674408,0.15547703206539154,0.17326265573501587,0.17326265573501587
annotated,VEO3,ffc243dc-d078-54dc-89f8-6ec8298636bb.mp4,patch_only,,0.1,0.9,same_grid_second_order,,,,,bottomk_mean,0.4,3,3,0.6519434452056885,0.005300353281199932,0.06996466219425201,0.06996466219425201
annotated,VEO3,fff4b048-c30b-5947-8530-2ce52c41863f.mp4,patch_only,,0.1,0.9,same_grid_second_order,,,,,bottomk_mean,0.4,3,3,0.07479387521743774,0.18197879195213318,0.1712603121995926,0.1712603121995926
