video_id,dataset,subset,generator
videofeedback:datasets/videofeedback/real/DiDeMo/p005085.mp4:duration1,videofeedback,real,Hotshot-XL
videofeedback:datasets/videofeedback/real/DiDeMo/p006682.mp4:duration1,videofeedback,real,Hotshot-XL
videofeedback:datasets/videofeedback/real/DiDeMo/p004344.mp4:duration1,videofeedback,real,Hotshot-XL
videofeedback:datasets/videofeedback/real/DiDeMo/p001142.mp4:duration1,videofeedback,real,Hotshot-XL
videofeedback:datasets/videofeedback/real/DiDeMo/p004531.mp4:duration1,videofeedback,real,Hotshot-XL
videofeedback:datasets/videofeedback/real/DiDeMo/p001497.mp4:duration1,videofeedback,real,Hotshot-XL
videofeedback:datasets/videofeedback/real/DiDeMo/p001550.mp4:duration1,videofeedback,real,Hotshot-XL
videofeedback:datasets/videofeedback/real/DiDeMo/p009090.mp4:duration1,videofeedback,real,Hotshot-XL
videofeedback:datasets/videofeedback/real/DiDeMo/p004355.mp4:duration1,videofeedback,real,Hotshot-XL
videofeedback:datasets/videofeedback/real/DiDeMo/p001972.mp4:duration1,videofeedback,real,Hotshot-XL
videofeedback:datasets/videofeedback/real/DiDeMo/p007662.mp4:duration1,videofeedback,real,Hotshot-XL
videofeedback:datasets/videofeedback/real/DiDeMo/p002836.mp4:duration1,videofeedback,real,Hotshot-XL
videofeedback:datasets/videofeedback/real/DiDeMo/p001145.mp4:duration1,videofeedback,real,Hotshot-XL
videofeedback:datasets/videofeedback/real/DiDeMo/p001532.mp4:duration1,videofeedback,real,Hotshot-XL
videofeedback:datasets/videofeedback/real/DiDeMo/p002219.mp4:duration1,videofeedback,real,Hotshot-XL
videofeedback:datasets/videofeedback/real/DiDeMo/p001232.mp4:duration1,videofeedback,real,Hotshot-XL
videofeedback:datasets/videofeedback/real/DiDeMo/p002432.mp4:duration1,videofeedback,real,Hotshot-XL
videofeedback:datasets/videofeedback/real/DiDeMo/p004890.mp4:duration1,videofeedback,real,Hotshot-XL
videofeedback:datasets/videofeedback/real/DiDeMo/p001207.mp4:duration1,videofeedback,real,Hotshot-XL
videofeedback:datasets/videofeedback/real/DiDeMo/p002370.mp4:duration1,videofeedback,real,Hotshot-XL
videofeedback:datasets/videofeedback/real/DiDeMo/p009738.mp4:duration1,videofeedback,real,Hotshot-XL
videofeedback:datasets/videofeedback/real/DiDeMo/p000641.mp4:duration1,videofeedback,real,Hotshot-XL
videofeedback:datasets/videofeedback/real/DiDeMo/p009251.mp4:duration1,videofeedback,real,Hotshot-XL
videofeedback:datasets/videofeedback/real/DiDeMo/p007936.mp4:duration1,videofeedback,real,Hotshot-XL
videofeedback:datasets/videofeedback/real/DiDeMo/p006719.mp4:duration1,videofeedback,real,Hotshot-XL
videofeedback:datasets/videofeedback/real/DiDeMo/p002896.mp4:duration1,videofeedback,real,Hotshot-XL
videofeedback:datasets/videofeedback/real/DiDeMo/p008387.mp4:duration1,videofeedback,real,Hotshot-XL
videofeedback:datasets/videofeedback/real/DiDeMo/p002652.mp4:duration1,videofeedback,real,Hotshot-XL
videofeedback:datasets/videofeedback/real/DiDeMo/p004245.mp4:duration1,videofeedback,real,Hotshot-XL
videofeedback:datasets/videofeedback/real/DiDeMo/p009727.mp4:duration1,videofeedback,real,Hotshot-XL
videofeedback:datasets/videofeedback/real/DiDeMo/p009149.mp4:duration1,videofeedback,real,Hotshot-XL
videofeedback:datasets/videofeedback/real/DiDeMo/p007850.mp4:duration1,videofeedback,real,Hotshot-XL
videofeedback:datasets/videofeedback/real/DiDeMo/p008810.mp4:duration1,videofeedback,real,Hotshot-XL
videofeedback:datasets/videofeedback/real/DiDeMo/p003936.mp4:duration1,videofeedback,real,Hotshot-XL
videofeedback:datasets/videofeedback/real/DiDeMo/p008739.mp4:duration1,videofeedback,real,Hotshot-XL
videofeedback:datasets/videofeedback/real/DiDeMo/p007988.mp4:duration1,videofeedback,real,Hotshot-XL
videofeedback:datasets/videofeedback/real/DiDeMo/p002990.mp4:duration1,videofeedback,real,Hotshot-XL
videofeedback:datasets/videofeedback/real/DiDeMo/p000306.mp4:duration1,videofeedback,real,Hotshot-XL
videofeedback:datasets/videofeedback/real/DiDeMo/p004391.mp4:duration1,videofeedback,real,Hotshot-XL
videofeedback:datasets/videofeedback/real/DiDeMo/p007859.mp4:duration1,videofeedback,real,Hotshot-XL
videofeedback:datasets/videofeedback/real/DiDeMo/p009826.mp4:duration1,videofeedback,real,Hotshot-XL
videofeedback:datasets/videofeedback/real/DiDeMo/p006573.mp4:duration1,videofeedback,real,Hotshot-XL
videofeedback:datasets/videofeedback/real/DiDeMo/p003298.mp4:duration1,videofeedback,real,Hotshot-XL
videofeedback:datasets/videofeedback/real/DiDeMo/p005084.mp4:duration1,videofeedback,real,Hotshot-XL
videofeedback:datasets/videofeedback/real/DiDeMo/p005238.mp4:duration1,videofeedback,real,Hotshot-XL
videofeedback:datasets/videofeedback/real/DiDeMo/p001457.mp4:duration1,videofeedback,real,Hotshot-XL
videofeedback:datasets/videofeedback/real/DiDeMo/p002456.mp4:duration1,videofeedback,real,Hotshot-XL
videofeedback:datasets/videofeedback/real/DiDeMo/p001650.mp4:duration1,videofeedback,real,Hotshot-XL
videofeedback:datasets/videofeedback/real/DiDeMo/p001802.mp4:duration1,videofeedback,real,Hotshot-XL
videofeedback:datasets/videofeedback/real/DiDeMo/p001765.mp4:duration1,videofeedback,real,Hotshot-XL
videofeedback:datasets/videofeedback/real/DiDeMo/p002761.mp4:duration1,videofeedback,real,Hotshot-XL
videofeedback:datasets/videofeedback/real/DiDeMo/p006953.mp4:duration1,videofeedback,real,Hotshot-XL
videofeedback:datasets/videofeedback/real/DiDeMo/p003052.mp4:duration1,videofeedback,real,Hotshot-XL
videofeedback:datasets/videofeedback/real/DiDeMo/p009833.mp4:duration1,videofeedback,real,Hotshot-XL
videofeedback:datasets/videofeedback/real/DiDeMo/p009520.mp4:duration1,videofeedback,real,Hotshot-XL
videofeedback:datasets/videofeedback/real/DiDeMo/p007983.mp4:duration1,videofeedback,real,Hotshot-XL
videofeedback:datasets/videofeedback/real/DiDeMo/p000907.mp4:duration1,videofeedback,real,Hotshot-XL
videofeedback:datasets/videofeedback/real/DiDeMo/p000265.mp4:duration1,videofeedback,real,Hotshot-XL
videofeedback:datasets/videofeedback/real/DiDeMo/p008626.mp4:duration1,videofeedback,real,Hotshot-XL
videofeedback:datasets/videofeedback/real/DiDeMo/p000654.mp4:duration1,videofeedback,real,Hotshot-XL
videofeedback:datasets/videofeedback/real/DiDeMo/p004629.mp4:duration1,videofeedback,real,Hotshot-XL
videofeedback:datasets/videofeedback/real/DiDeMo/p004457.mp4:duration1,videofeedback,real,Hotshot-XL
videofeedback:datasets/videofeedback/real/DiDeMo/p005401.mp4:duration1,videofeedback,real,Hotshot-XL
videofeedback:datasets/videofeedback/real/DiDeMo/p007501.mp4:duration1,videofeedback,real,Hotshot-XL
videofeedback:datasets/videofeedback/real/DiDeMo/p004466.mp4:duration1,videofeedback,real,Hotshot-XL
videofeedback:datasets/videofeedback/real/DiDeMo/p003193.mp4:duration1,videofeedback,real,Hotshot-XL
videofeedback:datasets/videofeedback/real/DiDeMo/p008210.mp4:duration1,videofeedback,real,Hotshot-XL
videofeedback:datasets/videofeedback/real/DiDeMo/p004343.mp4:duration1,videofeedback,real,Hotshot-XL
videofeedback:datasets/videofeedback/real/DiDeMo/p004963.mp4:duration1,videofeedback,real,Hotshot-XL
videofeedback:datasets/videofeedback/real/DiDeMo/p004981.mp4:duration1,videofeedback,real,Hotshot-XL
videofeedback:datasets/videofeedback/real/DiDeMo/p007419.mp4:duration1,videofeedback,real,Hotshot-XL
videofeedback:datasets/videofeedback/real/DiDeMo/p003695.mp4:duration1,videofeedback,real,Hotshot-XL
videofeedback:datasets/videofeedback/real/DiDeMo/p000449.mp4:duration1,videofeedback,real,Hotshot-XL
videofeedback:datasets/videofeedback/real/DiDeMo/p004382.mp4:duration1,videofeedback,real,Hotshot-XL
videofeedback:datasets/videofeedback/real/DiDeMo/p002418.mp4:duration1,videofeedback,real,Hotshot-XL
videofeedback:datasets/videofeedback/real/DiDeMo/p002211.mp4:duration1,videofeedback,real,Hotshot-XL
videofeedback:datasets/videofeedback/real/DiDeMo/p001044.mp4:duration1,videofeedback,real,Hotshot-XL
videofeedback:datasets/videofeedback/real/DiDeMo/p002393.mp4:duration1,videofeedback,real,Hotshot-XL
videofeedback:datasets/videofeedback/real/DiDeMo/p005709.mp4:duration1,videofeedback,real,Hotshot-XL
videofeedback:datasets/videofeedback/real/DiDeMo/p001237.mp4:duration1,videofeedback,real,Hotshot-XL
videofeedback:datasets/videofeedback/real/DiDeMo/p002166.mp4:duration1,videofeedback,real,Hotshot-XL
videofeedback:datasets/videofeedback/real/DiDeMo/p001952.mp4:duration1,videofeedback,real,Hotshot-XL
videofeedback:datasets/videofeedback/real/DiDeMo/p007397.mp4:duration1,videofeedback,real,Hotshot-XL
videofeedback:datasets/videofeedback/real/DiDeMo/p008594.mp4:duration1,videofeedback,real,Hotshot-XL
videofeedback:datasets/videofeedback/real/DiDeMo/p004861.mp4:duration1,videofeedback,real,Hotshot-XL
videofeedback:datasets/videofeedback/real/DiDeMo/p002685.mp4:duration1,videofeedback,real,Hotshot-XL
videofeedback:datasets/videofeedback/real/DiDeMo/p006284.mp4:duration1,videofeedback,real,Hotshot-XL
videofeedback:datasets/videofeedback/real/DiDeMo/p004024.mp4:duration1,videofeedback,real,Hotshot-XL
videofeedback:datasets/videofeedback/real/DiDeMo/p003259.mp4:duration1,videofeedback,real,Hotshot-XL
videofeedback:datasets/videofeedback/real/DiDeMo/p007290.mp4:duration1,videofeedback,real,Hotshot-XL
videofeedback:datasets/videofeedback/real/DiDeMo/p003223.mp4:duration1,videofeedback,real,Hotshot-XL
videofeedback:datasets/videofeedback/real/DiDeMo/p005292.mp4:duration1,videofeedback,real,Hotshot-XL
videofeedback:datasets/videofeedback/real/DiDeMo/p004628.mp4:duration1,videofeedback,real,Hotshot-XL
videofeedback:datasets/videofeedback/real/DiDeMo/p009614.mp4:duration1,videofeedback,real,Hotshot-XL
videofeedback:datasets/videofeedback/real/DiDeMo/p009173.mp4:duration1,videofeedback,real,Hotshot-XL
videofeedback:datasets/videofeedback/real/DiDeMo/p006382.mp4:duration1,videofeedback,real,Hotshot-XL
videofeedback:datasets/videofeedback/real/DiDeMo/p007855.mp4:duration1,videofeedback,real,Hotshot-XL
videofeedback:datasets/videofeedback/real/DiDeMo/p004791.mp4:duration1,videofeedback,real,Hotshot-XL
videofeedback:datasets/videofeedback/real/DiDeMo/p004873.mp4:duration1,videofeedback,real,Hotshot-XL
videofeedback:datasets/videofeedback/real/DiDeMo/p005903.mp4:duration1,videofeedback,real,Hotshot-XL
videofeedback:datasets/videofeedback/real/DiDeMo/p003039.mp4:duration1,videofeedback,real,Hotshot-XL
videofeedback:datasets/videofeedback/real/DiDeMo/p005447.mp4:duration1,videofeedback,real,Hotshot-XL
videofeedback:datasets/videofeedback/real/DiDeMo/p008421.mp4:duration1,videofeedback,real,Hotshot-XL
videofeedback:datasets/videofeedback/real/DiDeMo/p009889.mp4:duration1,videofeedback,real,Hotshot-XL
videofeedback:datasets/videofeedback/real/DiDeMo/p004866.mp4:duration1,videofeedback,real,Hotshot-XL
videofeedback:datasets/videofeedback/real/DiDeMo/p005474.mp4:duration1,videofeedback,real,Hotshot-XL
videofeedback:datasets/videofeedback/real/DiDeMo/p006156.mp4:duration1,videofeedback,real,Hotshot-XL
videofeedback:datasets/videofeedback/real/DiDeMo/p009457.mp4:duration1,videofeedback,real,Hotshot-XL
videofeedback:datasets/videofeedback/real/DiDeMo/p008167.mp4:duration1,videofeedback,real,Hotshot-XL
videofeedback:datasets/videofeedback/real/DiDeMo/p009187.mp4:duration1,videofeedback,real,Hotshot-XL
videofeedback:datasets/videofeedback/real/DiDeMo/p005949.mp4:duration1,videofeedback,real,Hotshot-XL
videofeedback:datasets/videofeedback/real/DiDeMo/p005688.mp4:duration1,videofeedback,real,Hotshot-XL
videofeedback:datasets/videofeedback/real/DiDeMo/p003308.mp4:duration1,videofeedback,real,Hotshot-XL
videofeedback:datasets/videofeedback/real/DiDeMo/p000266.mp4:duration1,videofeedback,real,Hotshot-XL
videofeedback:datasets/videofeedback/real/DiDeMo/p008996.mp4:duration1,videofeedback,real,Hotshot-XL
videofeedback:datasets/videofeedback/real/DiDeMo/p008015.mp4:duration1,videofeedback,real,Hotshot-XL
videofeedback:datasets/videofeedback/real/DiDeMo/p003819.mp4:duration1,videofeedback,real,Hotshot-XL
videofeedback:datasets/videofeedback/real/DiDeMo/p002445.mp4:duration1,videofeedback,real,Hotshot-XL
videofeedback:datasets/videofeedback/real/DiDeMo/p002558.mp4:duration1,videofeedback,real,Hotshot-XL
videofeedback:datasets/videofeedback/real/DiDeMo/p001470.mp4:duration1,videofeedback,real,Hotshot-XL
videofeedback:datasets/videofeedback/real/DiDeMo/p005378.mp4:duration1,videofeedback,real,Hotshot-XL
videofeedback:datasets/videofeedback/real/DiDeMo/p006994.mp4:duration1,videofeedback,real,Hotshot-XL
videofeedback:datasets/videofeedback/real/DiDeMo/p002625.mp4:duration1,videofeedback,real,Hotshot-XL
videofeedback:datasets/videofeedback/real/DiDeMo/p005522.mp4:duration1,videofeedback,real,Hotshot-XL
videofeedback:datasets/videofeedback/real/DiDeMo/p000849.mp4:duration1,videofeedback,real,Hotshot-XL
videofeedback:datasets/videofeedback/real/DiDeMo/p002672.mp4:duration1,videofeedback,real,Hotshot-XL
videofeedback:datasets/videofeedback/real/DiDeMo/p005382.mp4:duration1,videofeedback,real,Hotshot-XL
videofeedback:datasets/videofeedback/real/DiDeMo/p002943.mp4:duration1,videofeedback,real,Hotshot-XL
videofeedback:datasets/videofeedback/real/DiDeMo/p006316.mp4:duration1,videofeedback,real,Hotshot-XL
videofeedback:datasets/videofeedback/real/DiDeMo/p005334.mp4:duration1,videofeedback,real,Hotshot-XL
videofeedback:datasets/videofeedback/real/DiDeMo/p009551.mp4:duration1,videofeedback,real,Hotshot-XL
videofeedback:datasets/videofeedback/real/DiDeMo/p004438.mp4:duration1,videofeedback,real,Hotshot-XL
videofeedback:datasets/videofeedback/real/DiDeMo/p009706.mp4:duration1,videofeedback,real,Hotshot-XL
videofeedback:datasets/videofeedback/real/DiDeMo/p007925.mp4:duration1,videofeedback,real,Hotshot-XL
videofeedback:datasets/videofeedback/real/DiDeMo/p006301.mp4:duration1,videofeedback,real,Hotshot-XL
videofeedback:datasets/videofeedback/real/DiDeMo/p003179.mp4:duration1,videofeedback,real,Hotshot-XL
videofeedback:datasets/videofeedback/real/DiDeMo/p002854.mp4:duration1,videofeedback,real,Hotshot-XL
videofeedback:datasets/videofeedback/real/DiDeMo/p004308.mp4:duration1,videofeedback,real,Hotshot-XL
videofeedback:datasets/videofeedback/real/DiDeMo/p007779.mp4:duration1,videofeedback,real,Hotshot-XL
videofeedback:datasets/videofeedback/real/DiDeMo/p004521.mp4:duration1,videofeedback,real,Hotshot-XL
videofeedback:datasets/videofeedback/real/DiDeMo/p005548.mp4:duration1,videofeedback,real,Hotshot-XL
videofeedback:datasets/videofeedback/real/DiDeMo/p008868.mp4:duration1,videofeedback,real,Hotshot-XL
videofeedback:datasets/videofeedback/real/DiDeMo/p002720.mp4:duration1,videofeedback,real,Hotshot-XL
videofeedback:datasets/videofeedback/real/DiDeMo/p008559.mp4:duration1,videofeedback,real,Hotshot-XL
videofeedback:datasets/videofeedback/real/DiDeMo/p001823.mp4:duration1,videofeedback,real,Hotshot-XL
videofeedback:datasets/videofeedback/real/DiDeMo/p009710.mp4:duration1,videofeedback,real,Hotshot-XL
videofeedback:datasets/videofeedback/real/DiDeMo/p001593.mp4:duration1,videofeedback,real,Hotshot-XL
videofeedback:datasets/videofeedback/real/DiDeMo/p008036.mp4:duration1,videofeedback,real,Hotshot-XL
videofeedback:datasets/videofeedback/real/DiDeMo/p009904.mp4:duration1,videofeedback,real,Hotshot-XL
videofeedback:datasets/videofeedback/real/DiDeMo/p001722.mp4:duration1,videofeedback,real,Hotshot-XL
videofeedback:datasets/videofeedback/real/DiDeMo/p004253.mp4:duration1,videofeedback,real,Hotshot-XL
videofeedback:datasets/videofeedback/real/DiDeMo/p005719.mp4:duration1,videofeedback,real,Hotshot-XL
videofeedback:datasets/videofeedback/real/DiDeMo/p005726.mp4:duration1,videofeedback,real,Hotshot-XL
videofeedback:datasets/videofeedback/real/DiDeMo/p009887.mp4:duration1,videofeedback,real,Hotshot-XL
videofeedback:datasets/videofeedback/real/DiDeMo/p004938.mp4:duration1,videofeedback,real,Hotshot-XL
videofeedback:datasets/videofeedback/real/DiDeMo/p009853.mp4:duration1,videofeedback,real,Hotshot-XL
videofeedback:datasets/videofeedback/real/DiDeMo/p007908.mp4:duration1,videofeedback,real,Hotshot-XL
videofeedback:datasets/videofeedback/real/DiDeMo/p008937.mp4:duration1,videofeedback,real,Hotshot-XL
videofeedback:datasets/videofeedback/real/DiDeMo/p002948.mp4:duration1,videofeedback,real,Hotshot-XL
videofeedback:datasets/videofeedback/real/DiDeMo/p008914.mp4:duration1,videofeedback,real,Hotshot-XL
videofeedback:datasets/videofeedback/real/DiDeMo/p006585.mp4:duration1,videofeedback,real,Hotshot-XL
videofeedback:datasets/videofeedback/real/DiDeMo/p000098.mp4:duration1,videofeedback,real,Hotshot-XL
videofeedback:datasets/videofeedback/real/DiDeMo/p007916.mp4:duration1,videofeedback,real,Hotshot-XL
videofeedback:datasets/videofeedback/real/DiDeMo/p009615.mp4:duration1,videofeedback,real,Hotshot-XL
videofeedback:datasets/videofeedback/real/DiDeMo/p007073.mp4:duration1,videofeedback,real,Hotshot-XL
videofeedback:datasets/videofeedback/real/DiDeMo/p003134.mp4:duration1,videofeedback,real,Hotshot-XL
videofeedback:datasets/videofeedback/real/DiDeMo/p008977.mp4:duration1,videofeedback,real,Hotshot-XL
videofeedback:datasets/videofeedback/real/DiDeMo/p004820.mp4:duration1,videofeedback,real,Hotshot-XL
videofeedback:datasets/videofeedback/real/DiDeMo/p002468.mp4:duration1,videofeedback,real,Hotshot-XL
videofeedback:datasets/videofeedback/real/DiDeMo/p004021.mp4:duration1,videofeedback,real,Hotshot-XL
videofeedback:datasets/videofeedback/real/DiDeMo/p001113.mp4:duration1,videofeedback,real,Hotshot-XL
videofeedback:datasets/videofeedback/real/DiDeMo/p009977.mp4:duration1,videofeedback,real,Hotshot-XL
videofeedback:datasets/videofeedback/real/DiDeMo/p003004.mp4:duration1,videofeedback,real,Hotshot-XL
videofeedback:datasets/videofeedback/real/DiDeMo/p009835.mp4:duration1,videofeedback,real,Hotshot-XL
videofeedback:datasets/videofeedback/real/DiDeMo/p002042.mp4:duration1,videofeedback,real,Hotshot-XL
videofeedback:datasets/videofeedback/real/DiDeMo/p005878.mp4:duration1,videofeedback,real,Hotshot-XL
videofeedback:datasets/videofeedback/real/DiDeMo/p008975.mp4:duration1,videofeedback,real,Hotshot-XL
videofeedback:datasets/videofeedback/real/DiDeMo/p004037.mp4:duration1,videofeedback,real,Hotshot-XL
videofeedback:datasets/videofeedback/real/DiDeMo/p005316.mp4:duration1,videofeedback,real,Hotshot-XL
videofeedback:datasets/videofeedback/real/DiDeMo/p001596.mp4:duration1,videofeedback,real,Hotshot-XL
videofeedback:datasets/videofeedback/real/DiDeMo/p004567.mp4:duration1,videofeedback,real,Hotshot-XL
videofeedback:datasets/videofeedback/real/DiDeMo/p008465.mp4:duration1,videofeedback,real,Hotshot-XL
videofeedback:datasets/videofeedback/real/DiDeMo/p001622.mp4:duration1,videofeedback,real,Hotshot-XL
videofeedback:datasets/videofeedback/real/DiDeMo/p006684.mp4:duration1,videofeedback,real,Hotshot-XL
videofeedback:datasets/videofeedback/real/DiDeMo/p005169.mp4:duration1,videofeedback,real,Hotshot-XL
videofeedback:datasets/videofeedback/real/DiDeMo/p001904.mp4:duration1,videofeedback,real,Hotshot-XL
videofeedback:datasets/videofeedback/real/DiDeMo/p003018.mp4:duration1,videofeedback,real,Hotshot-XL
videofeedback:datasets/videofeedback/real/DiDeMo/p007830.mp4:duration1,videofeedback,real,Hotshot-XL
videofeedback:datasets/videofeedback/real/DiDeMo/p009897.mp4:duration1,videofeedback,real,Hotshot-XL
videofeedback:datasets/videofeedback/real/DiDeMo/p001945.mp4:duration1,videofeedback,real,Hotshot-XL
videofeedback:datasets/videofeedback/real/DiDeMo/p006049.mp4:duration1,videofeedback,real,Hotshot-XL
videofeedback:datasets/videofeedback/real/DiDeMo/p009351.mp4:duration1,videofeedback,real,Hotshot-XL
videofeedback:datasets/videofeedback/real/DiDeMo/p008025.mp4:duration1,videofeedback,real,Hotshot-XL
videofeedback:datasets/videofeedback/real/DiDeMo/p008980.mp4:duration1,videofeedback,real,Hotshot-XL
videofeedback:datasets/videofeedback/real/DiDeMo/p009883.mp4:duration1,videofeedback,real,Hotshot-XL
videofeedback:datasets/videofeedback/real/DiDeMo/p003851.mp4:duration1,videofeedback,real,Hotshot-XL
videofeedback:datasets/videofeedback/real/DiDeMo/p009183.mp4:duration1,videofeedback,real,Hotshot-XL
videofeedback:datasets/videofeedback/real/DiDeMo/p001895.mp4:duration1,videofeedback,real,Hotshot-XL
videofeedback:datasets/videofeedback/real/DiDeMo/p005053.mp4:duration1,videofeedback,real,Hotshot-XL
videofeedback:datasets/videofeedback/real/DiDeMo/p009658.mp4:duration1,videofeedback,real,Hotshot-XL
videofeedback:datasets/videofeedback/real/DiDeMo/p006749.mp4:duration1,videofeedback,real,Hotshot-XL
videofeedback:datasets/videofeedback/real/DiDeMo/p004525.mp4:duration1,videofeedback,real,Hotshot-XL
videofeedback:datasets/videofeedback/real/DiDeMo/p007876.mp4:duration1,videofeedback,real,Hotshot-XL
videofeedback:datasets/videofeedback/real/DiDeMo/p005594.mp4:duration1,videofeedback,real,Hotshot-XL
videofeedback:datasets/videofeedback/real/DiDeMo/p002969.mp4:duration1,videofeedback,real,Hotshot-XL
videofeedback:datasets/videofeedback/real/DiDeMo/p007615.mp4:duration1,videofeedback,real,Hotshot-XL
videofeedback:datasets/videofeedback/real/DiDeMo/p006504.mp4:duration1,videofeedback,real,Hotshot-XL
videofeedback:datasets/videofeedback/real/DiDeMo/p006668.mp4:duration1,videofeedback,real,Hotshot-XL
videofeedback:datasets/videofeedback/real/DiDeMo/p009166.mp4:duration1,videofeedback,real,Hotshot-XL
videofeedback:datasets/videofeedback/real/DiDeMo/p006756.mp4:duration1,videofeedback,real,Hotshot-XL
videofeedback:datasets/videofeedback/real/DiDeMo/p007283.mp4:duration1,videofeedback,real,Hotshot-XL
videofeedback:datasets/videofeedback/real/DiDeMo/p008272.mp4:duration1,videofeedback,real,Hotshot-XL
videofeedback:datasets/videofeedback/real/DiDeMo/p002088.mp4:duration1,videofeedback,real,Hotshot-XL
videofeedback:datasets/videofeedback/real/DiDeMo/p000684.mp4:duration1,videofeedback,real,Hotshot-XL
videofeedback:datasets/videofeedback/real/DiDeMo/p005774.mp4:duration1,videofeedback,real,Hotshot-XL
videofeedback:datasets/videofeedback/real/DiDeMo/p001216.mp4:duration1,videofeedback,real,Hotshot-XL
videofeedback:datasets/videofeedback/real/DiDeMo/p005492.mp4:duration1,videofeedback,real,Hotshot-XL
videofeedback:datasets/videofeedback/real/DiDeMo/p008791.mp4:duration1,videofeedback,real,Hotshot-XL
videofeedback:datasets/videofeedback/real/DiDeMo/p006642.mp4:duration1,videofeedback,real,Hotshot-XL
videofeedback:datasets/videofeedback/real/DiDeMo/p009428.mp4:duration1,videofeedback,real,Hotshot-XL
videofeedback:datasets/videofeedback/real/DiDeMo/p007097.mp4:duration1,videofeedback,real,Hotshot-XL
videofeedback:datasets/videofeedback/real/DiDeMo/p003270.mp4:duration1,videofeedback,real,Hotshot-XL
videofeedback:datasets/videofeedback/real/DiDeMo/p007426.mp4:duration1,videofeedback,real,Hotshot-XL
videofeedback:datasets/videofeedback/real/DiDeMo/p008373.mp4:duration1,videofeedback,real,Hotshot-XL
videofeedback:datasets/videofeedback/real/DiDeMo/p009398.mp4:duration1,videofeedback,real,Hotshot-XL
videofeedback:datasets/videofeedback/real/DiDeMo/p005179.mp4:duration1,videofeedback,real,Hotshot-XL
videofeedback:datasets/videofeedback/real/DiDeMo/p001076.mp4:duration1,videofeedback,real,Hotshot-XL
videofeedback:datasets/videofeedback/real/DiDeMo/p002157.mp4:duration1,videofeedback,real,Hotshot-XL
videofeedback:datasets/videofeedback/real/DiDeMo/p002590.mp4:duration1,videofeedback,real,Hotshot-XL
videofeedback:datasets/videofeedback/real/DiDeMo/p004279.mp4:duration1,videofeedback,real,Hotshot-XL
videofeedback:datasets/videofeedback/real/DiDeMo/p004207.mp4:duration1,videofeedback,real,Hotshot-XL
videofeedback:datasets/videofeedback/real/DiDeMo/p008102.mp4:duration1,videofeedback,real,Hotshot-XL
videofeedback:datasets/videofeedback/real/DiDeMo/p004905.mp4:duration1,videofeedback,real,Hotshot-XL
videofeedback:datasets/videofeedback/real/DiDeMo/p001703.mp4:duration1,videofeedback,real,Hotshot-XL
videofeedback:datasets/videofeedback/real/DiDeMo/p001056.mp4:duration1,videofeedback,real,Hotshot-XL
videofeedback:datasets/videofeedback/real/DiDeMo/p000822.mp4:duration1,videofeedback,real,Hotshot-XL
videofeedback:datasets/videofeedback/real/DiDeMo/p002671.mp4:duration1,videofeedback,real,Hotshot-XL
videofeedback:datasets/videofeedback/real/DiDeMo/p003075.mp4:duration1,videofeedback,real,Hotshot-XL
videofeedback:datasets/videofeedback/real/DiDeMo/p005048.mp4:duration1,videofeedback,real,Hotshot-XL
videofeedback:datasets/videofeedback/real/DiDeMo/p007305.mp4:duration1,videofeedback,real,Hotshot-XL
videofeedback:datasets/videofeedback/real/DiDeMo/p000405.mp4:duration1,videofeedback,real,Hotshot-XL
videofeedback:datasets/videofeedback/real/DiDeMo/p005794.mp4:duration1,videofeedback,real,Hotshot-XL
videofeedback:datasets/videofeedback/real/DiDeMo/p007701.mp4:duration1,videofeedback,real,Hotshot-XL
videofeedback:datasets/videofeedback/real/DiDeMo/p004606.mp4:duration1,videofeedback,real,Hotshot-XL
videofeedback:datasets/videofeedback/real/DiDeMo/p004110.mp4:duration1,videofeedback,real,Hotshot-XL
videofeedback:datasets/videofeedback/real/DiDeMo/p002919.mp4:duration1,videofeedback,real,Hotshot-XL
videofeedback:datasets/videofeedback/real/DiDeMo/p003817.mp4:duration1,videofeedback,real,Hotshot-XL
videofeedback:datasets/videofeedback/real/DiDeMo/p000333.mp4:duration1,videofeedback,real,Hotshot-XL
videofeedback:datasets/videofeedback/real/DiDeMo/p009265.mp4:duration1,videofeedback,real,Hotshot-XL
videofeedback:datasets/videofeedback/real/DiDeMo/p003309.mp4:duration1,videofeedback,real,Hotshot-XL
videofeedback:datasets/videofeedback/real/Panda70M/p105331.mp4:duration1,videofeedback,real,Hotshot-XL
videofeedback:datasets/videofeedback/real/Panda70M/p102283.mp4:duration1,videofeedback,real,Hotshot-XL
videofeedback:datasets/videofeedback/real/Panda70M/p109838.mp4:duration1,videofeedback,real,Hotshot-XL
videofeedback:datasets/videofeedback/real/Panda70M/p111074.mp4:duration1,videofeedback,real,Hotshot-XL
videofeedback:datasets/videofeedback/real/Panda70M/p109281.mp4:duration1,videofeedback,real,Hotshot-XL
videofeedback:datasets/videofeedback/real/Panda70M/p102120.mp4:duration1,videofeedback,real,Hotshot-XL
videofeedback:datasets/videofeedback/real/Panda70M/p110247.mp4:duration1,videofeedback,real,Hotshot-XL
videofeedback:datasets/videofeedback/real/Panda70M/p109890.mp4:duration1,videofeedback,real,Hotshot-XL
videofeedback:datasets/videofeedback/real/Panda70M/p105713.mp4:duration1,videofeedback,real,Hotshot-XL
videofeedback:datasets/videofeedback/real/Panda70M/p109665.mp4:duration1,videofeedback,real,Hotshot-XL
videofeedback:datasets/videofeedback/real/Panda70M/p106510.mp4:duration1,videofeedback,real,Hotshot-XL
videofeedback:datasets/videofeedback/real/Panda70M/p108592.mp4:duration1,videofeedback,real,Hotshot-XL
videofeedback:datasets/videofeedback/real/Panda70M/p103272.mp4:duration1,videofeedback,real,Hotshot-XL
videofeedback:datasets/videofeedback/real/Panda70M/p101578.mp4:duration1,videofeedback,real,Hotshot-XL
videofeedback:datasets/videofeedback/real/Panda70M/p108994.mp4:duration1,videofeedback,real,Hotshot-XL
videofeedback:datasets/videofeedback/real/Panda70M/p104604.mp4:duration1,videofeedback,real,Hotshot-XL
videofeedback:datasets/videofeedback/real/Panda70M/p106878.mp4:duration1,videofeedback,real,Hotshot-XL
videofeedback:datasets/videofeedback/real/Panda70M/p111509.mp4:duration1,videofeedback,real,Hotshot-XL
videofeedback:datasets/videofeedback/real/Panda70M/p102236.mp4:duration1,videofeedback,real,Hotshot-XL
videofeedback:datasets/videofeedback/real/Panda70M/p101590.mp4:duration1,videofeedback,real,Hotshot-XL
videofeedback:datasets/videofeedback/real/Panda70M/p102543.mp4:duration1,videofeedback,real,Hotshot-XL
videofeedback:datasets/videofeedback/real/Panda70M/p109606.mp4:duration1,videofeedback,real,Hotshot-XL
videofeedback:datasets/videofeedback/real/Panda70M/p107111.mp4:duration1,videofeedback,real,Hotshot-XL
videofeedback:datasets/videofeedback/real/Panda70M/p111526.mp4:duration1,videofeedback,real,Hotshot-XL
videofeedback:datasets/videofeedback/real/Panda70M/p108597.mp4:duration1,videofeedback,real,Hotshot-XL
videofeedback:datasets/videofeedback/real/Panda70M/p102006.mp4:duration1,videofeedback,real,Hotshot-XL
videofeedback:datasets/videofeedback/real/Panda70M/p109222.mp4:duration1,videofeedback,real,Hotshot-XL
videofeedback:datasets/videofeedback/real/Panda70M/p102005.mp4:duration1,videofeedback,real,Hotshot-XL
videofeedback:datasets/videofeedback/real/Panda70M/p106526.mp4:duration1,videofeedback,real,Hotshot-XL
videofeedback:datasets/videofeedback/real/Panda70M/p108651.mp4:duration1,videofeedback,real,Hotshot-XL
videofeedback:datasets/videofeedback/real/Panda70M/p107956.mp4:duration1,videofeedback,real,Hotshot-XL
videofeedback:datasets/videofeedback/real/Panda70M/p105219.mp4:duration1,videofeedback,real,Hotshot-XL
videofeedback:datasets/videofeedback/real/Panda70M/p104915.mp4:duration1,videofeedback,real,Hotshot-XL
videofeedback:datasets/videofeedback/real/Panda70M/p111334.mp4:duration1,videofeedback,real,Hotshot-XL
videofeedback:datasets/videofeedback/real/Panda70M/p110224.mp4:duration1,videofeedback,real,Hotshot-XL
videofeedback:datasets/videofeedback/real/Panda70M/p109272.mp4:duration1,videofeedback,real,Hotshot-XL
videofeedback:datasets/videofeedback/real/Panda70M/p108327.mp4:duration1,videofeedback,real,Hotshot-XL
videofeedback:datasets/videofeedback/real/Panda70M/p111309.mp4:duration1,videofeedback,real,Hotshot-XL
videofeedback:datasets/videofeedback/real/Panda70M/p110009.mp4:duration1,videofeedback,real,Hotshot-XL
videofeedback:datasets/videofeedback/real/Panda70M/p108566.mp4:duration1,videofeedback,real,Hotshot-XL
videofeedback:datasets/videofeedback/real/Panda70M/p111071.mp4:duration1,videofeedback,real,Hotshot-XL
videofeedback:datasets/videofeedback/real/Panda70M/p100648.mp4:duration1,videofeedback,real,Hotshot-XL
videofeedback:datasets/videofeedback/real/Panda70M/p103704.mp4:duration1,videofeedback,real,Hotshot-XL
videofeedback:datasets/videofeedback/real/Panda70M/p103605.mp4:duration1,videofeedback,real,Hotshot-XL
videofeedback:datasets/videofeedback/real/Panda70M/p103648.mp4:duration1,videofeedback,real,Hotshot-XL
videofeedback:datasets/videofeedback/real/Panda70M/p108746.mp4:duration1,videofeedback,real,Hotshot-XL
videofeedback:datasets/videofeedback/real/Panda70M/p102983.mp4:duration1,videofeedback,real,Hotshot-XL
videofeedback:datasets/videofeedback/real/Panda70M/p100333.mp4:duration1,videofeedback,real,Hotshot-XL
videofeedback:datasets/videofeedback/real/Panda70M/p104338.mp4:duration1,videofeedback,real,Hotshot-XL
videofeedback:datasets/videofeedback/real/Panda70M/p109820.mp4:duration1,videofeedback,real,Hotshot-XL
videofeedback:datasets/videofeedback/real/Panda70M/p100149.mp4:duration1,videofeedback,real,Hotshot-XL
videofeedback:datasets/videofeedback/real/Panda70M/p101281.mp4:duration1,videofeedback,real,Hotshot-XL
videofeedback:datasets/videofeedback/real/Panda70M/p104967.mp4:duration1,videofeedback,real,Hotshot-XL
videofeedback:datasets/videofeedback/real/Panda70M/p110148.mp4:duration1,videofeedback,real,Hotshot-XL
videofeedback:datasets/videofeedback/real/Panda70M/p104087.mp4:duration1,videofeedback,real,Hotshot-XL
videofeedback:datasets/videofeedback/real/Panda70M/p111124.mp4:duration1,videofeedback,real,Hotshot-XL
videofeedback:datasets/videofeedback/real/Panda70M/p108521.mp4:duration1,videofeedback,real,Hotshot-XL
videofeedback:datasets/videofeedback/real/Panda70M/p110000.mp4:duration1,videofeedback,real,Hotshot-XL
videofeedback:datasets/videofeedback/real/Panda70M/p104392.mp4:duration1,videofeedback,real,Hotshot-XL
videofeedback:datasets/videofeedback/real/Panda70M/p101117.mp4:duration1,videofeedback,real,Hotshot-XL
videofeedback:datasets/videofeedback/real/Panda70M/p108698.mp4:duration1,videofeedback,real,Hotshot-XL
videofeedback:datasets/videofeedback/real/Panda70M/p106061.mp4:duration1,videofeedback,real,Hotshot-XL
videofeedback:datasets/videofeedback/real/Panda70M/p108836.mp4:duration1,videofeedback,real,Hotshot-XL
videofeedback:datasets/videofeedback/real/Panda70M/p108871.mp4:duration1,videofeedback,real,Hotshot-XL
videofeedback:datasets/videofeedback/real/Panda70M/p105518.mp4:duration1,videofeedback,real,Hotshot-XL
videofeedback:datasets/videofeedback/real/Panda70M/p102487.mp4:duration1,videofeedback,real,Hotshot-XL
videofeedback:datasets/videofeedback/real/Panda70M/p105771.mp4:duration1,videofeedback,real,Hotshot-XL
videofeedback:datasets/videofeedback/real/Panda70M/p101652.mp4:duration1,videofeedback,real,Hotshot-XL
videofeedback:datasets/videofeedback/real/Panda70M/p110771.mp4:duration1,videofeedback,real,Hotshot-XL
videofeedback:datasets/videofeedback/real/Panda70M/p110928.mp4:duration1,videofeedback,real,Hotshot-XL
videofeedback:datasets/videofeedback/real/Panda70M/p100936.mp4:duration1,videofeedback,real,Hotshot-XL
videofeedback:datasets/videofeedback/real/Panda70M/p106452.mp4:duration1,videofeedback,real,Hotshot-XL
videofeedback:datasets/videofeedback/real/Panda70M/p101915.mp4:duration1,videofeedback,real,Hotshot-XL
videofeedback:datasets/videofeedback/real/Panda70M/p102589.mp4:duration1,videofeedback,real,Hotshot-XL
videofeedback:datasets/videofeedback/real/Panda70M/p103199.mp4:duration1,videofeedback,real,Hotshot-XL
videofeedback:datasets/videofeedback/real/Panda70M/p110405.mp4:duration1,videofeedback,real,Hotshot-XL
videofeedback:datasets/videofeedback/real/Panda70M/p103243.mp4:duration1,videofeedback,real,Hotshot-XL
videofeedback:datasets/videofeedback/real/Panda70M/p105746.mp4:duration1,videofeedback,real,Hotshot-XL
videofeedback:datasets/videofeedback/real/Panda70M/p106358.mp4:duration1,videofeedback,real,Hotshot-XL
videofeedback:datasets/videofeedback/real/Panda70M/p106147.mp4:duration1,videofeedback,real,Hotshot-XL
videofeedback:datasets/videofeedback/real/Panda70M/p106927.mp4:duration1,videofeedback,real,Hotshot-XL
videofeedback:datasets/videofeedback/real/Panda70M/p100144.mp4:duration1,videofeedback,real,Hotshot-XL
videofeedback:datasets/videofeedback/real/Panda70M/p109345.mp4:duration1,videofeedback,real,Hotshot-XL
videofeedback:datasets/videofeedback/real/Panda70M/p100913.mp4:duration1,videofeedback,real,Hotshot-XL
videofeedback:datasets/videofeedback/real/Panda70M/p107458.mp4:duration1,videofeedback,real,Hotshot-XL
videofeedback:datasets/videofeedback/real/Panda70M/p110630.mp4:duration1,videofeedback,real,Hotshot-XL
videofeedback:datasets/videofeedback/real/Panda70M/p104294.mp4:duration1,videofeedback,real,Hotshot-XL
videofeedback:datasets/videofeedback/real/Panda70M/p101215.mp4:duration1,videofeedback,real,Hotshot-XL
videofeedback:datasets/videofeedback/real/Panda70M/p100321.mp4:duration1,videofeedback,real,Hotshot-XL
videofeedback:datasets/videofeedback/real/Panda70M/p103834.mp4:duration1,videofeedback,real,Hotshot-XL
videofeedback:datasets/videofeedback/real/Panda70M/p111478.mp4:duration1,videofeedback,real,Hotshot-XL
videofeedback:datasets/videofeedback/real/Panda70M/p102303.mp4:duration1,videofeedback,real,Hotshot-XL
videofeedback:datasets/videofeedback/real/Panda70M/p110685.mp4:duration1,videofeedback,real,Hotshot-XL
videofeedback:datasets/videofeedback/real/Panda70M/p110154.mp4:duration1,videofeedback,real,Hotshot-XL
videofeedback:datasets/videofeedback/real/Panda70M/p101906.mp4:duration1,videofeedback,real,Hotshot-XL
videofeedback:datasets/videofeedback/real/Panda70M/p110287.mp4:duration1,videofeedback,real,Hotshot-XL
videofeedback:datasets/videofeedback/real/Panda70M/p102373.mp4:duration1,videofeedback,real,Hotshot-XL
videofeedback:datasets/videofeedback/real/Panda70M/p103488.mp4:duration1,videofeedback,real,Hotshot-XL
videofeedback:datasets/videofeedback/real/Panda70M/p109393.mp4:duration1,videofeedback,real,Hotshot-XL
videofeedback:datasets/videofeedback/real/Panda70M/p106076.mp4:duration1,videofeedback,real,Hotshot-XL
videofeedback:datasets/videofeedback/real/Panda70M/p100344.mp4:duration1,videofeedback,real,Hotshot-XL
videofeedback:datasets/videofeedback/real/Panda70M/p111548.mp4:duration1,videofeedback,real,Hotshot-XL
videofeedback:datasets/videofeedback/real/Panda70M/p111981.mp4:duration1,videofeedback,real,Hotshot-XL
videofeedback:datasets/videofeedback/real/Panda70M/p107559.mp4:duration1,videofeedback,real,Hotshot-XL
videofeedback:datasets/videofeedback/real/Panda70M/p109617.mp4:duration1,videofeedback,real,Hotshot-XL
videofeedback:datasets/videofeedback/real/Panda70M/p101482.mp4:duration1,videofeedback,real,Hotshot-XL
videofeedback:datasets/videofeedback/real/Panda70M/p104689.mp4:duration1,videofeedback,real,Hotshot-XL
videofeedback:datasets/videofeedback/real/Panda70M/p110922.mp4:duration1,videofeedback,real,Hotshot-XL
videofeedback:datasets/videofeedback/real/Panda70M/p105015.mp4:duration1,videofeedback,real,Hotshot-XL
videofeedback:datasets/videofeedback/real/Panda70M/p111463.mp4:duration1,videofeedback,real,Hotshot-XL
videofeedback:datasets/videofeedback/real/Panda70M/p101079.mp4:duration1,videofeedback,real,Hotshot-XL
videofeedback:datasets/videofeedback/real/Panda70M/p103284.mp4:duration1,videofeedback,real,Hotshot-XL
videofeedback:datasets/videofeedback/real/Panda70M/p101739.mp4:duration1,videofeedback,real,Hotshot-XL
videofeedback:datasets/videofeedback/real/Panda70M/p109464.mp4:duration1,videofeedback,real,Hotshot-XL
videofeedback:datasets/videofeedback/real/Panda70M/p102805.mp4:duration1,videofeedback,real,Hotshot-XL
videofeedback:datasets/videofeedback/real/Panda70M/p105930.mp4:duration1,videofeedback,real,Hotshot-XL
videofeedback:datasets/videofeedback/real/Panda70M/p110947.mp4:duration1,videofeedback,real,Hotshot-XL
videofeedback:datasets/videofeedback/real/Panda70M/p111089.mp4:duration1,videofeedback,real,Hotshot-XL
videofeedback:datasets/videofeedback/real/Panda70M/p105740.mp4:duration1,videofeedback,real,Hotshot-XL
videofeedback:datasets/videofeedback/real/Panda70M/p111727.mp4:duration1,videofeedback,real,Hotshot-XL
videofeedback:datasets/videofeedback/real/Panda70M/p102509.mp4:duration1,videofeedback,real,Hotshot-XL
videofeedback:datasets/videofeedback/real/Panda70M/p108587.mp4:duration1,videofeedback,real,Hotshot-XL
videofeedback:datasets/videofeedback/real/Panda70M/p100519.mp4:duration1,videofeedback,real,Hotshot-XL
videofeedback:datasets/videofeedback/real/Panda70M/p111320.mp4:duration1,videofeedback,real,Hotshot-XL
videofeedback:datasets/videofeedback/real/Panda70M/p105285.mp4:duration1,videofeedback,real,Hotshot-XL
videofeedback:datasets/videofeedback/real/Panda70M/p108296.mp4:duration1,videofeedback,real,Hotshot-XL
videofeedback:datasets/videofeedback/real/Panda70M/p106412.mp4:duration1,videofeedback,real,Hotshot-XL
videofeedback:datasets/videofeedback/real/Panda70M/p104640.mp4:duration1,videofeedback,real,Hotshot-XL
videofeedback:datasets/videofeedback/real/Panda70M/p108170.mp4:duration1,videofeedback,real,Hotshot-XL
videofeedback:datasets/videofeedback/real/Panda70M/p100090.mp4:duration1,videofeedback,real,Hotshot-XL
videofeedback:datasets/videofeedback/real/Panda70M/p109321.mp4:duration1,videofeedback,real,Hotshot-XL
videofeedback:datasets/videofeedback/real/Panda70M/p100669.mp4:duration1,videofeedback,real,Hotshot-XL
videofeedback:datasets/videofeedback/real/Panda70M/p106295.mp4:duration1,videofeedback,real,Hotshot-XL
videofeedback:datasets/videofeedback/real/Panda70M/p110881.mp4:duration1,videofeedback,real,Hotshot-XL
videofeedback:datasets/videofeedback/real/Panda70M/p104207.mp4:duration1,videofeedback,real,Hotshot-XL
videofeedback:datasets/videofeedback/real/Panda70M/p108197.mp4:duration1,videofeedback,real,Hotshot-XL
videofeedback:datasets/videofeedback/real/Panda70M/p103680.mp4:duration1,videofeedback,real,Hotshot-XL
videofeedback:datasets/videofeedback/real/Panda70M/p100283.mp4:duration1,videofeedback,real,Hotshot-XL
videofeedback:datasets/videofeedback/real/Panda70M/p106463.mp4:duration1,videofeedback,real,Hotshot-XL
videofeedback:datasets/videofeedback/real/Panda70M/p107409.mp4:duration1,videofeedback,real,Hotshot-XL
videofeedback:datasets/videofeedback/real/Panda70M/p102304.mp4:duration1,videofeedback,real,Hotshot-XL
videofeedback:datasets/videofeedback/real/Panda70M/p108996.mp4:duration1,videofeedback,real,Hotshot-XL
videofeedback:datasets/videofeedback/real/Panda70M/p107049.mp4:duration1,videofeedback,real,Hotshot-XL
videofeedback:datasets/videofeedback/real/Panda70M/p103434.mp4:duration1,videofeedback,real,Hotshot-XL
videofeedback:datasets/videofeedback/real/Panda70M/p102558.mp4:duration1,videofeedback,real,Hotshot-XL
videofeedback:datasets/videofeedback/real/Panda70M/p103427.mp4:duration1,videofeedback,real,Hotshot-XL
videofeedback:datasets/videofeedback/real/Panda70M/p106502.mp4:duration1,videofeedback,real,Hotshot-XL
videofeedback:datasets/videofeedback/real/Panda70M/p106572.mp4:duration1,videofeedback,real,Hotshot-XL
videofeedback:datasets/videofeedback/real/Panda70M/p102316.mp4:duration1,videofeedback,real,Hotshot-XL
videofeedback:datasets/videofeedback/real/Panda70M/p108379.mp4:duration1,videofeedback,real,Hotshot-XL
videofeedback:datasets/videofeedback/real/Panda70M/p105299.mp4:duration1,videofeedback,real,Hotshot-XL
videofeedback:datasets/videofeedback/real/Panda70M/p107246.mp4:duration1,videofeedback,real,Hotshot-XL
videofeedback:datasets/videofeedback/real/Panda70M/p102623.mp4:duration1,videofeedback,real,Hotshot-XL
videofeedback:datasets/videofeedback/real/Panda70M/p105190.mp4:duration1,videofeedback,real,Hotshot-XL
videofeedback:datasets/videofeedback/real/Panda70M/p102093.mp4:duration1,videofeedback,real,Hotshot-XL
videofeedback:datasets/videofeedback/real/Panda70M/p108223.mp4:duration1,videofeedback,real,Hotshot-XL
videofeedback:datasets/videofeedback/real/Panda70M/p105722.mp4:duration1,videofeedback,real,Hotshot-XL
videofeedback:datasets/videofeedback/real/Panda70M/p106626.mp4:duration1,videofeedback,real,Hotshot-XL
videofeedback:datasets/videofeedback/real/Panda70M/p108198.mp4:duration1,videofeedback,real,Hotshot-XL
videofeedback:datasets/videofeedback/real/Panda70M/p106698.mp4:duration1,videofeedback,real,Hotshot-XL
videofeedback:datasets/videofeedback/real/Panda70M/p101103.mp4:duration1,videofeedback,real,Hotshot-XL
videofeedback:datasets/videofeedback/real/Panda70M/p107279.mp4:duration1,videofeedback,real,Hotshot-XL
videofeedback:datasets/videofeedback/real/Panda70M/p109328.mp4:duration1,videofeedback,real,Hotshot-XL
videofeedback:datasets/videofeedback/real/Panda70M/p106687.mp4:duration1,videofeedback,real,Hotshot-XL
videofeedback:datasets/videofeedback/real/Panda70M/p101917.mp4:duration1,videofeedback,real,Hotshot-XL
videofeedback:datasets/videofeedback/real/Panda70M/p101644.mp4:duration1,videofeedback,real,Hotshot-XL
videofeedback:datasets/videofeedback/real/Panda70M/p104852.mp4:duration1,videofeedback,real,Hotshot-XL
videofeedback:datasets/videofeedback/real/Panda70M/p108276.mp4:duration1,videofeedback,real,Hotshot-XL
videofeedback:datasets/videofeedback/real/Panda70M/p101131.mp4:duration1,videofeedback,real,Hotshot-XL
videofeedback:datasets/videofeedback/real/Panda70M/p111350.mp4:duration1,videofeedback,real,Hotshot-XL
videofeedback:datasets/videofeedback/real/Panda70M/p107447.mp4:duration1,videofeedback,real,Hotshot-XL
videofeedback:datasets/videofeedback/real/Panda70M/p102961.mp4:duration1,videofeedback,real,Hotshot-XL
videofeedback:datasets/videofeedback/real/Panda70M/p108009.mp4:duration1,videofeedback,real,Hotshot-XL
videofeedback:datasets/videofeedback/real/Panda70M/p101063.mp4:duration1,videofeedback,real,Hotshot-XL
videofeedback:datasets/videofeedback/real/Panda70M/p103951.mp4:duration1,videofeedback,real,Hotshot-XL
videofeedback:datasets/videofeedback/real/Panda70M/p111768.mp4:duration1,videofeedback,real,Hotshot-XL
videofeedback:datasets/videofeedback/real/Panda70M/p102098.mp4:duration1,videofeedback,real,Hotshot-XL
videofeedback:datasets/videofeedback/real/Panda70M/p110295.mp4:duration1,videofeedback,real,Hotshot-XL
videofeedback:datasets/videofeedback/real/Panda70M/p103650.mp4:duration1,videofeedback,real,Hotshot-XL
videofeedback:datasets/videofeedback/real/Panda70M/p109044.mp4:duration1,videofeedback,real,Hotshot-XL
videofeedback:datasets/videofeedback/real/Panda70M/p106559.mp4:duration1,videofeedback,real,Hotshot-XL
videofeedback:datasets/videofeedback/real/Panda70M/p108714.mp4:duration1,videofeedback,real,Hotshot-XL
videofeedback:datasets/videofeedback/real/Panda70M/p102700.mp4:duration1,videofeedback,real,Hotshot-XL
videofeedback:datasets/videofeedback/real/Panda70M/p110427.mp4:duration1,videofeedback,real,Hotshot-XL
videofeedback:datasets/videofeedback/real/Panda70M/p108307.mp4:duration1,videofeedback,real,Hotshot-XL
videofeedback:datasets/videofeedback/real/Panda70M/p110072.mp4:duration1,videofeedback,real,Hotshot-XL
videofeedback:datasets/videofeedback/real/Panda70M/p100614.mp4:duration1,videofeedback,real,Hotshot-XL
videofeedback:datasets/videofeedback/real/Panda70M/p108400.mp4:duration1,videofeedback,real,Hotshot-XL
videofeedback:datasets/videofeedback/real/Panda70M/p107679.mp4:duration1,videofeedback,real,Hotshot-XL
videofeedback:datasets/videofeedback/real/Panda70M/p103960.mp4:duration1,videofeedback,real,Hotshot-XL
videofeedback:datasets/videofeedback/real/Panda70M/p104585.mp4:duration1,videofeedback,real,Hotshot-XL
videofeedback:datasets/videofeedback/real/Panda70M/p107512.mp4:duration1,videofeedback,real,Hotshot-XL
videofeedback:datasets/videofeedback/real/Panda70M/p110462.mp4:duration1,videofeedback,real,Hotshot-XL
videofeedback:datasets/videofeedback/real/Panda70M/p106336.mp4:duration1,videofeedback,real,Hotshot-XL
videofeedback:datasets/videofeedback/real/Panda70M/p111840.mp4:duration1,videofeedback,real,Hotshot-XL
videofeedback:datasets/videofeedback/real/Panda70M/p106696.mp4:duration1,videofeedback,real,Hotshot-XL
videofeedback:datasets/videofeedback/real/Panda70M/p103141.mp4:duration1,videofeedback,real,Hotshot-XL
videofeedback:datasets/videofeedback/real/Panda70M/p107760.mp4:duration1,videofeedback,real,Hotshot-XL
videofeedback:datasets/videofeedback/real/Panda70M/p108661.mp4:duration1,videofeedback,real,Hotshot-XL
videofeedback:datasets/videofeedback/real/Panda70M/p104508.mp4:duration1,videofeedback,real,Hotshot-XL
videofeedback:datasets/videofeedback/real/Panda70M/p109534.mp4:duration1,videofeedback,real,Hotshot-XL
videofeedback:datasets/videofeedback/real/Panda70M/p106723.mp4:duration1,videofeedback,real,Hotshot-XL
videofeedback:datasets/videofeedback/real/Panda70M/p104668.mp4:duration1,videofeedback,real,Hotshot-XL
videofeedback:datasets/videofeedback/real/Panda70M/p105984.mp4:duration1,videofeedback,real,Hotshot-XL
videofeedback:datasets/videofeedback/real/Panda70M/p110793.mp4:duration1,videofeedback,real,Hotshot-XL
videofeedback:datasets/videofeedback/real/Panda70M/p106439.mp4:duration1,videofeedback,real,Hotshot-XL
videofeedback:datasets/videofeedback/real/Panda70M/p102546.mp4:duration1,videofeedback,real,Hotshot-XL
videofeedback:datasets/videofeedback/real/Panda70M/p106421.mp4:duration1,videofeedback,real,Hotshot-XL
videofeedback:datasets/videofeedback/real/Panda70M/p109840.mp4:duration1,videofeedback,real,Hotshot-XL
videofeedback:datasets/videofeedback/real/Panda70M/p104118.mp4:duration1,videofeedback,real,Hotshot-XL
videofeedback:datasets/videofeedback/real/Panda70M/p101170.mp4:duration1,videofeedback,real,Hotshot-XL
videofeedback:datasets/videofeedback/real/Panda70M/p100563.mp4:duration1,videofeedback,real,Hotshot-XL
videofeedback:datasets/videofeedback/real/Panda70M/p104250.mp4:duration1,videofeedback,real,Hotshot-XL
videofeedback:datasets/videofeedback/real/Panda70M/p107097.mp4:duration1,videofeedback,real,Hotshot-XL
videofeedback:datasets/videofeedback/real/Panda70M/p107439.mp4:duration1,videofeedback,real,Hotshot-XL
videofeedback:datasets/videofeedback/real/Panda70M/p100971.mp4:duration1,videofeedback,real,Hotshot-XL
videofeedback:datasets/videofeedback/real/Panda70M/p102885.mp4:duration1,videofeedback,real,Hotshot-XL
videofeedback:datasets/videofeedback/real/Panda70M/p101163.mp4:duration1,videofeedback,real,Hotshot-XL
videofeedback:datasets/videofeedback/real/Panda70M/p105943.mp4:duration1,videofeedback,real,Hotshot-XL
videofeedback:datasets/videofeedback/real/Panda70M/p105188.mp4:duration1,videofeedback,real,Hotshot-XL
videofeedback:datasets/videofeedback/real/Panda70M/p110985.mp4:duration1,videofeedback,real,Hotshot-XL
videofeedback:datasets/videofeedback/real/Panda70M/p106326.mp4:duration1,videofeedback,real,Hotshot-XL
videofeedback:datasets/videofeedback/real/Panda70M/p111807.mp4:duration1,videofeedback,real,Hotshot-XL
videofeedback:datasets/videofeedback/real/Panda70M/p105803.mp4:duration1,videofeedback,real,Hotshot-XL
videofeedback:datasets/videofeedback/real/Panda70M/p101290.mp4:duration1,videofeedback,real,Hotshot-XL
videofeedback:datasets/videofeedback/real/Panda70M/p104719.mp4:duration1,videofeedback,real,Hotshot-XL
videofeedback:datasets/videofeedback/real/Panda70M/p111634.mp4:duration1,videofeedback,real,Hotshot-XL
videofeedback:datasets/videofeedback/real/Panda70M/p111897.mp4:duration1,videofeedback,real,Hotshot-XL
videofeedback:datasets/videofeedback/real/Panda70M/p100463.mp4:duration1,videofeedback,real,Hotshot-XL
videofeedback:datasets/videofeedback/real/Panda70M/p100379.mp4:duration1,videofeedback,real,Hotshot-XL
videofeedback:datasets/videofeedback/real/Panda70M/p101369.mp4:duration1,videofeedback,real,Hotshot-XL
videofeedback:datasets/videofeedback/real/Panda70M/p110305.mp4:duration1,videofeedback,real,Hotshot-XL
videofeedback:datasets/videofeedback/real/Panda70M/p103392.mp4:duration1,videofeedback,real,Hotshot-XL
videofeedback:datasets/videofeedback/real/Panda70M/p105621.mp4:duration1,videofeedback,real,Hotshot-XL
videofeedback:datasets/videofeedback/real/Panda70M/p102997.mp4:duration1,videofeedback,real,Hotshot-XL
videofeedback:datasets/videofeedback/real/Panda70M/p100885.mp4:duration1,videofeedback,real,Hotshot-XL
videofeedback:datasets/videofeedback/real/Panda70M/p110336.mp4:duration1,videofeedback,real,Hotshot-XL
videofeedback:datasets/videofeedback/real/Panda70M/p110437.mp4:duration1,videofeedback,real,Hotshot-XL
videofeedback:datasets/videofeedback/real/Panda70M/p100409.mp4:duration1,videofeedback,real,Hotshot-XL
videofeedback:datasets/videofeedback/real/Panda70M/p102495.mp4:duration1,videofeedback,real,Hotshot-XL
videofeedback:datasets/videofeedback/real/Panda70M/p100882.mp4:duration1,videofeedback,real,Hotshot-XL
videofeedback:datasets/videofeedback/real/Panda70M/p111256.mp4:duration1,videofeedback,real,Hotshot-XL
videofeedback:datasets/videofeedback/real/Panda70M/p104037.mp4:duration1,videofeedback,real,Hotshot-XL
videofeedback:datasets/videofeedback/real/Panda70M/p101384.mp4:duration1,videofeedback,real,Hotshot-XL
videofeedback:datasets/videofeedback/real/Panda70M/p107064.mp4:duration1,videofeedback,real,Hotshot-XL
videofeedback:datasets/videofeedback/real/Panda70M/p109188.mp4:duration1,videofeedback,real,Hotshot-XL
videofeedback:datasets/videofeedback/real/Panda70M/p108671.mp4:duration1,videofeedback,real,Hotshot-XL
videofeedback:datasets/videofeedback/real/Panda70M/p109827.mp4:duration1,videofeedback,real,Hotshot-XL
videofeedback:datasets/videofeedback/real/Panda70M/p111204.mp4:duration1,videofeedback,real,Hotshot-XL
videofeedback:datasets/videofeedback/real/Panda70M/p109624.mp4:duration1,videofeedback,real,Hotshot-XL
videofeedback:datasets/videofeedback/fake/Hotshot-XL/7000620.mp4:duration1,videofeedback,annotated,Hotshot-XL
videofeedback:datasets/videofeedback/fake/Hotshot-XL/7001650.mp4:duration1,videofeedback,annotated,Hotshot-XL
videofeedback:datasets/videofeedback/fake/Hotshot-XL/7004164.mp4:duration1,videofeedback,annotated,Hotshot-XL
videofeedback:datasets/videofeedback/fake/Hotshot-XL/7004513.mp4:duration1,videofeedback,annotated,Hotshot-XL
videofeedback:datasets/videofeedback/fake/Hotshot-XL/7001784.mp4:duration1,videofeedback,annotated,Hotshot-XL
videofeedback:datasets/videofeedback/fake/Hotshot-XL/7002261.mp4:duration1,videofeedback,annotated,Hotshot-XL
videofeedback:datasets/videofeedback/fake/Hotshot-XL/7000496.mp4:duration1,videofeedback,annotated,Hotshot-XL
videofeedback:datasets/videofeedback/fake/Hotshot-XL/7004309.mp4:duration1,videofeedback,annotated,Hotshot-XL
videofeedback:datasets/videofeedback/fake/Hotshot-XL/7003981.mp4:duration1,videofeedback,annotated,Hotshot-XL
videofeedback:datasets/videofeedback/fake/Hotshot-XL/7001830.mp4:duration1,videofeedback,annotated,Hotshot-XL
videofeedback:datasets/videofeedback/fake/Hotshot-XL/7000195.mp4:duration1,videofeedback,annotated,Hotshot-XL
videofeedback:datasets/videofeedback/fake/Hotshot-XL/7000901.mp4:duration1,videofeedback,annotated,Hotshot-XL
videofeedback:datasets/videofeedback/fake/Hotshot-XL/7001011.mp4:duration1,videofeedback,annotated,Hotshot-XL
videofeedback:datasets/videofeedback/fake/Hotshot-XL/7001731.mp4:duration1,videofeedback,annotated,Hotshot-XL
videofeedback:datasets/videofeedback/fake/Hotshot-XL/7001156.mp4:duration1,videofeedback,annotated,Hotshot-XL
videofeedback:datasets/videofeedback/fake/Hotshot-XL/7001917.mp4:duration1,videofeedback,annotated,Hotshot-XL
videofeedback:datasets/videofeedback/fake/Hotshot-XL/7001083.mp4:duration1,videofeedback,annotated,Hotshot-XL
videofeedback:datasets/videofeedback/fake/Hotshot-XL/7002508.mp4:duration1,videofeedback,annotated,Hotshot-XL
videofeedback:datasets/videofeedback/fake/Hotshot-XL/7003503.mp4:duration1,videofeedback,annotated,Hotshot-XL
videofeedback:datasets/videofeedback/fake/Hotshot-XL/7000522.mp4:duration1,videofeedback,annotated,Hotshot-XL
videofeedback:datasets/videofeedback/fake/Hotshot-XL/7000971.mp4:duration1,videofeedback,annotated,Hotshot-XL
videofeedback:datasets/videofeedback/fake/Hotshot-XL/7000835.mp4:duration1,videofeedback,annotated,Hotshot-XL
videofeedback:datasets/videofeedback/fake/Hotshot-XL/7000603.mp4:duration1,videofeedback,annotated,Hotshot-XL
videofeedback:datasets/videofeedback/fake/Hotshot-XL/7000611.mp4:duration1,videofeedback,annotated,Hotshot-XL
videofeedback:datasets/videofeedback/fake/Hotshot-XL/7000631.mp4:duration1,videofeedback,annotated,Hotshot-XL
videofeedback:datasets/videofeedback/fake/Hotshot-XL/7004060.mp4:duration1,videofeedback,annotated,Hotshot-XL
videofeedback:datasets/videofeedback/fake/Hotshot-XL/7001592.mp4:duration1,videofeedback,annotated,Hotshot-XL
videofeedback:datasets/videofeedback/fake/Hotshot-XL/7003816.mp4:duration1,videofeedback,annotated,Hotshot-XL
videofeedback:datasets/videofeedback/fake/Hotshot-XL/7004246.mp4:duration1,videofeedback,annotated,Hotshot-XL
videofeedback:datasets/videofeedback/fake/Hotshot-XL/7004121.mp4:duration1,videofeedback,annotated,Hotshot-XL
videofeedback:datasets/videofeedback/fake/Hotshot-XL/7002521.mp4:duration1,videofeedback,annotated,Hotshot-XL
videofeedback:datasets/videofeedback/fake/Hotshot-XL/7000366.mp4:duration1,videofeedback,annotated,Hotshot-XL
videofeedback:datasets/videofeedback/fake/Hotshot-XL/7004739.mp4:duration1,videofeedback,annotated,Hotshot-XL
videofeedback:datasets/videofeedback/fake/Hotshot-XL/7003500.mp4:duration1,videofeedback,annotated,Hotshot-XL
videofeedback:datasets/videofeedback/fake/Hotshot-XL/7001245.mp4:duration1,videofeedback,annotated,Hotshot-XL
videofeedback:datasets/videofeedback/fake/Hotshot-XL/7000568.mp4:duration1,videofeedback,annotated,Hotshot-XL
videofeedback:datasets/videofeedback/fake/Hotshot-XL/7001089.mp4:duration1,videofeedback,annotated,Hotshot-XL
videofeedback:datasets/videofeedback/fake/Hotshot-XL/7003354.mp4:duration1,videofeedback,annotated,Hotshot-XL
videofeedback:datasets/videofeedback/fake/Hotshot-XL/7001599.mp4:duration1,videofeedback,annotated,Hotshot-XL
videofeedback:datasets/videofeedback/fake/Hotshot-XL/7003484.mp4:duration1,videofeedback,annotated,Hotshot-XL
videofeedback:datasets/videofeedback/fake/Hotshot-XL/7002524.mp4:duration1,videofeedback,annotated,Hotshot-XL
videofeedback:datasets/videofeedback/fake/Hotshot-XL/7002796.mp4:duration1,videofeedback,annotated,Hotshot-XL
videofeedback:datasets/videofeedback/fake/Hotshot-XL/7000533.mp4:duration1,videofeedback,annotated,Hotshot-XL
videofeedback:datasets/videofeedback/fake/Hotshot-XL/7004253.mp4:duration1,videofeedback,annotated,Hotshot-XL
videofeedback:datasets/videofeedback/fake/Hotshot-XL/7000423.mp4:duration1,videofeedback,annotated,Hotshot-XL
videofeedback:datasets/videofeedback/fake/Hotshot-XL/7001223.mp4:duration1,videofeedback,annotated,Hotshot-XL
videofeedback:datasets/videofeedback/fake/Hotshot-XL/7001856.mp4:duration1,videofeedback,annotated,Hotshot-XL
videofeedback:datasets/videofeedback/fake/Hotshot-XL/7001785.mp4:duration1,videofeedback,annotated,Hotshot-XL
videofeedback:datasets/videofeedback/fake/Hotshot-XL/7000959.mp4:duration1,videofeedback,annotated,Hotshot-XL
videofeedback:datasets/videofeedback/fake/Hotshot-XL/7004547.mp4:duration1,videofeedback,annotated,Hotshot-XL
videofeedback:datasets/videofeedback/fake/Hotshot-XL/7004113.mp4:duration1,videofeedback,annotated,Hotshot-XL
videofeedback:datasets/videofeedback/fake/Hotshot-XL/7002870.mp4:duration1,videofeedback,annotated,Hotshot-XL
videofeedback:datasets/videofeedback/fake/Hotshot-XL/7001487.mp4:duration1,videofeedback,annotated,Hotshot-XL
videofeedback:datasets/videofeedback/fake/Hotshot-XL/7002429.mp4:duration1,videofeedback,annotated,Hotshot-XL
videofeedback:datasets/videofeedback/fake/Hotshot-XL/7000987.mp4:duration1,videofeedback,annotated,Hotshot-XL
videofeedback:datasets/videofeedback/fake/Hotshot-XL/7000220.mp4:duration1,videofeedback,annotated,Hotshot-XL
videofeedback:datasets/videofeedback/fake/Hotshot-XL/7001643.mp4:duration1,videofeedback,annotated,Hotshot-XL
videofeedback:datasets/videofeedback/fake/Hotshot-XL/7004544.mp4:duration1,videofeedback,annotated,Hotshot-XL
videofeedback:datasets/videofeedback/fake/Hotshot-XL/7001160.mp4:duration1,videofeedback,annotated,Hotshot-XL
videofeedback:datasets/videofeedback/fake/Hotshot-XL/7000265.mp4:duration1,videofeedback,annotated,Hotshot-XL
videofeedback:datasets/videofeedback/fake/Hotshot-XL/7003221.mp4:duration1,videofeedback,annotated,Hotshot-XL
videofeedback:datasets/videofeedback/fake/Hotshot-XL/7001744.mp4:duration1,videofeedback,annotated,Hotshot-XL
videofeedback:datasets/videofeedback/fake/Hotshot-XL/7002688.mp4:duration1,videofeedback,annotated,Hotshot-XL
videofeedback:datasets/videofeedback/fake/Hotshot-XL/7002826.mp4:duration1,videofeedback,annotated,Hotshot-XL
videofeedback:datasets/videofeedback/fake/Hotshot-XL/7003396.mp4:duration1,videofeedback,annotated,Hotshot-XL
videofeedback:datasets/videofeedback/fake/Hotshot-XL/7000551.mp4:duration1,videofeedback,annotated,Hotshot-XL
videofeedback:datasets/videofeedback/fake/Hotshot-XL/7001959.mp4:duration1,videofeedback,annotated,Hotshot-XL
videofeedback:datasets/videofeedback/fake/Hotshot-XL/7002060.mp4:duration1,videofeedback,annotated,Hotshot-XL
videofeedback:datasets/videofeedback/fake/Hotshot-XL/7000238.mp4:duration1,videofeedback,annotated,Hotshot-XL
videofeedback:datasets/videofeedback/fake/Hotshot-XL/7004108.mp4:duration1,videofeedback,annotated,Hotshot-XL
videofeedback:datasets/videofeedback/fake/Hotshot-XL/7000698.mp4:duration1,videofeedback,annotated,Hotshot-XL
videofeedback:datasets/videofeedback/fake/Hotshot-XL/7001276.mp4:duration1,videofeedback,annotated,Hotshot-XL
videofeedback:datasets/videofeedback/fake/Hotshot-XL/7001067.mp4:duration1,videofeedback,annotated,Hotshot-XL
videofeedback:datasets/videofeedback/fake/Hotshot-XL/7000087.mp4:duration1,videofeedback,annotated,Hotshot-XL
videofeedback:datasets/videofeedback/fake/Hotshot-XL/7003451.mp4:duration1,videofeedback,annotated,Hotshot-XL
videofeedback:datasets/videofeedback/fake/Hotshot-XL/7001482.mp4:duration1,videofeedback,annotated,Hotshot-XL
videofeedback:datasets/videofeedback/fake/Hotshot-XL/7001412.mp4:duration1,videofeedback,annotated,Hotshot-XL
videofeedback:datasets/videofeedback/fake/Hotshot-XL/7002161.mp4:duration1,videofeedback,annotated,Hotshot-XL
videofeedback:datasets/videofeedback/fake/Hotshot-XL/7001132.mp4:duration1,videofeedback,annotated,Hotshot-XL
videofeedback:datasets/videofeedback/fake/Hotshot-XL/7004894.mp4:duration1,videofeedback,annotated,Hotshot-XL
videofeedback:datasets/videofeedback/fake/Hotshot-XL/7003947.mp4:duration1,videofeedback,annotated,Hotshot-XL
videofeedback:datasets/videofeedback/fake/Hotshot-XL/7000963.mp4:duration1,videofeedback,annotated,Hotshot-XL
videofeedback:datasets/videofeedback/fake/Hotshot-XL/7000781.mp4:duration1,videofeedback,annotated,Hotshot-XL
videofeedback:datasets/videofeedback/fake/Hotshot-XL/7002356.mp4:duration1,videofeedback,annotated,Hotshot-XL
videofeedback:datasets/videofeedback/fake/Hotshot-XL/7002256.mp4:duration1,videofeedback,annotated,Hotshot-XL
videofeedback:datasets/videofeedback/fake/Hotshot-XL/7000094.mp4:duration1,videofeedback,annotated,Hotshot-XL
videofeedback:datasets/videofeedback/fake/Hotshot-XL/7000648.mp4:duration1,videofeedback,annotated,Hotshot-XL
videofeedback:datasets/videofeedback/fake/Hotshot-XL/7004595.mp4:duration1,videofeedback,annotated,Hotshot-XL
videofeedback:datasets/videofeedback/fake/Hotshot-XL/7001709.mp4:duration1,videofeedback,annotated,Hotshot-XL
videofeedback:datasets/videofeedback/fake/Hotshot-XL/7000754.mp4:duration1,videofeedback,annotated,Hotshot-XL
videofeedback:datasets/videofeedback/fake/Hotshot-XL/7000683.mp4:duration1,videofeedback,annotated,Hotshot-XL
videofeedback:datasets/videofeedback/fake/Hotshot-XL/7001506.mp4:duration1,videofeedback,annotated,Hotshot-XL
videofeedback:datasets/videofeedback/fake/Hotshot-XL/7000374.mp4:duration1,videofeedback,annotated,Hotshot-XL
videofeedback:datasets/videofeedback/fake/Hotshot-XL/7002615.mp4:duration1,videofeedback,annotated,Hotshot-XL
videofeedback:datasets/videofeedback/fake/Hotshot-XL/7000198.mp4:duration1,videofeedback,annotated,Hotshot-XL
videofeedback:datasets/videofeedback/fake/Hotshot-XL/7001620.mp4:duration1,videofeedback,annotated,Hotshot-XL
videofeedback:datasets/videofeedback/fake/Hotshot-XL/7002417.mp4:duration1,videofeedback,annotated,Hotshot-XL
videofeedback:datasets/videofeedback/fake/Hotshot-XL/7001786.mp4:duration1,videofeedback,annotated,Hotshot-XL
videofeedback:datasets/videofeedback/fake/Hotshot-XL/7001847.mp4:duration1,videofeedback,annotated,Hotshot-XL
videofeedback:datasets/videofeedback/fake/Hotshot-XL/7000222.mp4:duration1,videofeedback,annotated,Hotshot-XL
videofeedback:datasets/videofeedback/fake/Hotshot-XL/7002220.mp4:duration1,videofeedback,annotated,Hotshot-XL
videofeedback:datasets/videofeedback/fake/Hotshot-XL/7003512.mp4:duration1,videofeedback,annotated,Hotshot-XL
videofeedback:datasets/videofeedback/fake/Hotshot-XL/7004243.mp4:duration1,videofeedback,annotated,Hotshot-XL
videofeedback:datasets/videofeedback/fake/Hotshot-XL/7001925.mp4:duration1,videofeedback,annotated,Hotshot-XL
videofeedback:datasets/videofeedback/fake/Hotshot-XL/7001849.mp4:duration1,videofeedback,annotated,Hotshot-XL
videofeedback:datasets/videofeedback/fake/Hotshot-XL/7001727.mp4:duration1,videofeedback,annotated,Hotshot-XL
videofeedback:datasets/videofeedback/fake/Hotshot-XL/7001395.mp4:duration1,videofeedback,annotated,Hotshot-XL
videofeedback:datasets/videofeedback/fake/Hotshot-XL/7000038.mp4:duration1,videofeedback,annotated,Hotshot-XL
videofeedback:datasets/videofeedback/fake/Hotshot-XL/7004439.mp4:duration1,videofeedback,annotated,Hotshot-XL
videofeedback:datasets/videofeedback/fake/Hotshot-XL/7000453.mp4:duration1,videofeedback,annotated,Hotshot-XL
videofeedback:datasets/videofeedback/fake/Hotshot-XL/7001665.mp4:duration1,videofeedback,annotated,Hotshot-XL
videofeedback:datasets/videofeedback/fake/Hotshot-XL/7001623.mp4:duration1,videofeedback,annotated,Hotshot-XL
videofeedback:datasets/videofeedback/fake/Hotshot-XL/7001243.mp4:duration1,videofeedback,annotated,Hotshot-XL
videofeedback:datasets/videofeedback/fake/Hotshot-XL/7003028.mp4:duration1,videofeedback,annotated,Hotshot-XL
videofeedback:datasets/videofeedback/fake/Hotshot-XL/7000472.mp4:duration1,videofeedback,annotated,Hotshot-XL
videofeedback:datasets/videofeedback/fake/Hotshot-XL/7000478.mp4:duration1,videofeedback,annotated,Hotshot-XL
videofeedback:datasets/videofeedback/fake/Hotshot-XL/7000652.mp4:duration1,videofeedback,annotated,Hotshot-XL
videofeedback:datasets/videofeedback/fake/Hotshot-XL/7004830.mp4:duration1,videofeedback,annotated,Hotshot-XL
videofeedback:datasets/videofeedback/fake/Hotshot-XL/7001916.mp4:duration1,videofeedback,annotated,Hotshot-XL
videofeedback:datasets/videofeedback/fake/Hotshot-XL/7000159.mp4:duration1,videofeedback,annotated,Hotshot-XL
videofeedback:datasets/videofeedback/fake/Hotshot-XL/7000108.mp4:duration1,videofeedback,annotated,Hotshot-XL
videofeedback:datasets/videofeedback/fake/Hotshot-XL/7001182.mp4:duration1,videofeedback,annotated,Hotshot-XL
videofeedback:datasets/videofeedback/fake/Hotshot-XL/7000053.mp4:duration1,videofeedback,annotated,Hotshot-XL
videofeedback:datasets/videofeedback/fake/Hotshot-XL/7001924.mp4:duration1,videofeedback,annotated,Hotshot-XL
videofeedback:datasets/videofeedback/fake/Hotshot-XL/7002918.mp4:duration1,videofeedback,annotated,Hotshot-XL
videofeedback:datasets/videofeedback/fake/Hotshot-XL/7001277.mp4:duration1,videofeedback,annotated,Hotshot-XL
videofeedback:datasets/videofeedback/fake/Hotshot-XL/7001716.mp4:duration1,videofeedback,annotated,Hotshot-XL
videofeedback:datasets/videofeedback/fake/Hotshot-XL/7002715.mp4:duration1,videofeedback,annotated,Hotshot-XL
videofeedback:datasets/videofeedback/fake/Hotshot-XL/7003104.mp4:duration1,videofeedback,annotated,Hotshot-XL
videofeedback:datasets/videofeedback/fake/Hotshot-XL/7001114.mp4:duration1,videofeedback,annotated,Hotshot-XL
videofeedback:datasets/videofeedback/fake/Hotshot-XL/7001176.mp4:duration1,videofeedback,annotated,Hotshot-XL
videofeedback:datasets/videofeedback/fake/Hotshot-XL/7001263.mp4:duration1,videofeedback,annotated,Hotshot-XL
videofeedback:datasets/videofeedback/fake/Hotshot-XL/7001828.mp4:duration1,videofeedback,annotated,Hotshot-XL
videofeedback:datasets/videofeedback/fake/Hotshot-XL/7000857.mp4:duration1,videofeedback,annotated,Hotshot-XL
videofeedback:datasets/videofeedback/fake/Hotshot-XL/7000464.mp4:duration1,videofeedback,annotated,Hotshot-XL
videofeedback:datasets/videofeedback/fake/Hotshot-XL/7001667.mp4:duration1,videofeedback,annotated,Hotshot-XL
videofeedback:datasets/videofeedback/fake/Hotshot-XL/7002664.mp4:duration1,videofeedback,annotated,Hotshot-XL
videofeedback:datasets/videofeedback/fake/Hotshot-XL/7000941.mp4:duration1,videofeedback,annotated,Hotshot-XL
videofeedback:datasets/videofeedback/fake/Hotshot-XL/7001574.mp4:duration1,videofeedback,annotated,Hotshot-XL
videofeedback:datasets/videofeedback/fake/Hotshot-XL/7002226.mp4:duration1,videofeedback,annotated,Hotshot-XL
videofeedback:datasets/videofeedback/fake/Hotshot-XL/7000806.mp4:duration1,videofeedback,annotated,Hotshot-XL
videofeedback:datasets/videofeedback/fake/Hotshot-XL/7003865.mp4:duration1,videofeedback,annotated,Hotshot-XL
videofeedback:datasets/videofeedback/fake/Hotshot-XL/7000484.mp4:duration1,videofeedback,annotated,Hotshot-XL
videofeedback:datasets/videofeedback/fake/Hotshot-XL/7001267.mp4:duration1,videofeedback,annotated,Hotshot-XL
videofeedback:datasets/videofeedback/fake/Hotshot-XL/7004501.mp4:duration1,videofeedback,annotated,Hotshot-XL
videofeedback:datasets/videofeedback/fake/Hotshot-XL/7001205.mp4:duration1,videofeedback,annotated,Hotshot-XL
videofeedback:datasets/videofeedback/fake/Hotshot-XL/7000084.mp4:duration1,videofeedback,annotated,Hotshot-XL
videofeedback:datasets/videofeedback/fake/Hotshot-XL/7001400.mp4:duration1,videofeedback,annotated,Hotshot-XL
videofeedback:datasets/videofeedback/fake/Hotshot-XL/7002679.mp4:duration1,videofeedback,annotated,Hotshot-XL
videofeedback:datasets/videofeedback/fake/Hotshot-XL/7004480.mp4:duration1,videofeedback,annotated,Hotshot-XL
videofeedback:datasets/videofeedback/fake/Hotshot-XL/7000067.mp4:duration1,videofeedback,annotated,Hotshot-XL
videofeedback:datasets/videofeedback/fake/Hotshot-XL/7001760.mp4:duration1,videofeedback,annotated,Hotshot-XL
videofeedback:datasets/videofeedback/fake/Hotshot-XL/7000687.mp4:duration1,videofeedback,annotated,Hotshot-XL
videofeedback:datasets/videofeedback/fake/Hotshot-XL/7000558.mp4:duration1,videofeedback,annotated,Hotshot-XL
videofeedback:datasets/videofeedback/fake/Hotshot-XL/7000708.mp4:duration1,videofeedback,annotated,Hotshot-XL
videofeedback:datasets/videofeedback/fake/Hotshot-XL/7001947.mp4:duration1,videofeedback,annotated,Hotshot-XL
videofeedback:datasets/videofeedback/fake/Hotshot-XL/7001905.mp4:duration1,videofeedback,annotated,Hotshot-XL
videofeedback:datasets/videofeedback/fake/Hotshot-XL/7000927.mp4:duration1,videofeedback,annotated,Hotshot-XL
videofeedback:datasets/videofeedback/fake/Hotshot-XL/7002263.mp4:duration1,videofeedback,annotated,Hotshot-XL
videofeedback:datasets/videofeedback/fake/Hotshot-XL/7001444.mp4:duration1,videofeedback,annotated,Hotshot-XL
videofeedback:datasets/videofeedback/fake/Hotshot-XL/7003060.mp4:duration1,videofeedback,annotated,Hotshot-XL
videofeedback:datasets/videofeedback/fake/Hotshot-XL/7000344.mp4:duration1,videofeedback,annotated,Hotshot-XL
videofeedback:datasets/videofeedback/fake/Hotshot-XL/7000141.mp4:duration1,videofeedback,annotated,Hotshot-XL
videofeedback:datasets/videofeedback/fake/Hotshot-XL/7001836.mp4:duration1,videofeedback,annotated,Hotshot-XL
videofeedback:datasets/videofeedback/fake/Hotshot-XL/7001386.mp4:duration1,videofeedback,annotated,Hotshot-XL
videofeedback:datasets/videofeedback/fake/Hotshot-XL/7000370.mp4:duration1,videofeedback,annotated,Hotshot-XL
videofeedback:datasets/videofeedback/fake/Hotshot-XL/7000494.mp4:duration1,videofeedback,annotated,Hotshot-XL
videofeedback:datasets/videofeedback/fake/Hotshot-XL/7001842.mp4:duration1,videofeedback,annotated,Hotshot-XL
videofeedback:datasets/videofeedback/fake/Hotshot-XL/7002158.mp4:duration1,videofeedback,annotated,Hotshot-XL
videofeedback:datasets/videofeedback/fake/Hotshot-XL/7001877.mp4:duration1,videofeedback,annotated,Hotshot-XL
videofeedback:datasets/videofeedback/fake/Hotshot-XL/7004838.mp4:duration1,videofeedback,annotated,Hotshot-XL
videofeedback:datasets/videofeedback/fake/Hotshot-XL/7001075.mp4:duration1,videofeedback,annotated,Hotshot-XL
videofeedback:datasets/videofeedback/fake/Hotshot-XL/7004817.mp4:duration1,videofeedback,annotated,Hotshot-XL
videofeedback:datasets/videofeedback/fake/Hotshot-XL/7000991.mp4:duration1,videofeedback,annotated,Hotshot-XL
videofeedback:datasets/videofeedback/fake/Hotshot-XL/7003536.mp4:duration1,videofeedback,annotated,Hotshot-XL
videofeedback:datasets/videofeedback/fake/Hotshot-XL/7001882.mp4:duration1,videofeedback,annotated,Hotshot-XL
videofeedback:datasets/videofeedback/fake/Hotshot-XL/7004787.mp4:duration1,videofeedback,annotated,Hotshot-XL
videofeedback:datasets/videofeedback/fake/Hotshot-XL/7001852.mp4:duration1,videofeedback,annotated,Hotshot-XL
videofeedback:datasets/videofeedback/fake/Hotshot-XL/7004301.mp4:duration1,videofeedback,annotated,Hotshot-XL
videofeedback:datasets/videofeedback/fake/Hotshot-XL/7001431.mp4:duration1,videofeedback,annotated,Hotshot-XL
videofeedback:datasets/videofeedback/fake/Hotshot-XL/7003108.mp4:duration1,videofeedback,annotated,Hotshot-XL
videofeedback:datasets/videofeedback/fake/Hotshot-XL/7001608.mp4:duration1,videofeedback,annotated,Hotshot-XL
videofeedback:datasets/videofeedback/fake/Hotshot-XL/7000273.mp4:duration1,videofeedback,annotated,Hotshot-XL
videofeedback:datasets/videofeedback/fake/Hotshot-XL/7001780.mp4:duration1,videofeedback,annotated,Hotshot-XL
videofeedback:datasets/videofeedback/fake/Hotshot-XL/7001787.mp4:duration1,videofeedback,annotated,Hotshot-XL
videofeedback:datasets/videofeedback/fake/Hotshot-XL/7004006.mp4:duration1,videofeedback,annotated,Hotshot-XL
videofeedback:datasets/videofeedback/fake/Hotshot-XL/7000854.mp4:duration1,videofeedback,annotated,Hotshot-XL
videofeedback:datasets/videofeedback/fake/Hotshot-XL/7000526.mp4:duration1,videofeedback,annotated,Hotshot-XL
videofeedback:datasets/videofeedback/fake/Hotshot-XL/7000663.mp4:duration1,videofeedback,annotated,Hotshot-XL
videofeedback:datasets/videofeedback/fake/Hotshot-XL/7000326.mp4:duration1,videofeedback,annotated,Hotshot-XL
videofeedback:datasets/videofeedback/fake/Hotshot-XL/7003058.mp4:duration1,videofeedback,annotated,Hotshot-XL
videofeedback:datasets/videofeedback/fake/Hotshot-XL/7001689.mp4:duration1,videofeedback,annotated,Hotshot-XL
videofeedback:datasets/videofeedback/fake/Hotshot-XL/7004472.mp4:duration1,videofeedback,annotated,Hotshot-XL
videofeedback:datasets/videofeedback/fake/Hotshot-XL/7000074.mp4:duration1,videofeedback,annotated,Hotshot-XL
videofeedback:datasets/videofeedback/fake/Hotshot-XL/7001479.mp4:duration1,videofeedback,annotated,Hotshot-XL
videofeedback:datasets/videofeedback/fake/Hotshot-XL/7002423.mp4:duration1,videofeedback,annotated,Hotshot-XL
videofeedback:datasets/videofeedback/fake/Hotshot-XL/7001819.mp4:duration1,videofeedback,annotated,Hotshot-XL
videofeedback:datasets/videofeedback/fake/Hotshot-XL/7000447.mp4:duration1,videofeedback,annotated,Hotshot-XL
videofeedback:datasets/videofeedback/fake/Hotshot-XL/7002819.mp4:duration1,videofeedback,annotated,Hotshot-XL
videofeedback:datasets/videofeedback/fake/Hotshot-XL/7001154.mp4:duration1,videofeedback,annotated,Hotshot-XL
videofeedback:datasets/videofeedback/fake/Hotshot-XL/7003224.mp4:duration1,videofeedback,annotated,Hotshot-XL
videofeedback:datasets/videofeedback/fake/Hotshot-XL/7001788.mp4:duration1,videofeedback,annotated,Hotshot-XL
videofeedback:datasets/videofeedback/fake/Hotshot-XL/7003100.mp4:duration1,videofeedback,annotated,Hotshot-XL
videofeedback:datasets/videofeedback/fake/Hotshot-XL/7001227.mp4:duration1,videofeedback,annotated,Hotshot-XL
videofeedback:datasets/videofeedback/fake/Hotshot-XL/7003194.mp4:duration1,videofeedback,annotated,Hotshot-XL
videofeedback:datasets/videofeedback/fake/Hotshot-XL/7000340.mp4:duration1,videofeedback,annotated,Hotshot-XL
videofeedback:datasets/videofeedback/fake/Hotshot-XL/7003292.mp4:duration1,videofeedback,annotated,Hotshot-XL
videofeedback:datasets/videofeedback/fake/Hotshot-XL/7004624.mp4:duration1,videofeedback,annotated,Hotshot-XL
videofeedback:datasets/videofeedback/fake/Hotshot-XL/7001369.mp4:duration1,videofeedback,annotated,Hotshot-XL
videofeedback:datasets/videofeedback/fake/Hotshot-XL/7003434.mp4:duration1,videofeedback,annotated,Hotshot-XL
videofeedback:datasets/videofeedback/fake/Hotshot-XL/7001719.mp4:duration1,videofeedback,annotated,Hotshot-XL
videofeedback:datasets/videofeedback/fake/Hotshot-XL/7000602.mp4:duration1,videofeedback,annotated,Hotshot-XL
videofeedback:datasets/videofeedback/fake/Hotshot-XL/7000034.mp4:duration1,videofeedback,annotated,Hotshot-XL
videofeedback:datasets/videofeedback/fake/Hotshot-XL/7001310.mp4:duration1,videofeedback,annotated,Hotshot-XL
videofeedback:datasets/videofeedback/fake/Hotshot-XL/7002154.mp4:duration1,videofeedback,annotated,Hotshot-XL
videofeedback:datasets/videofeedback/fake/Hotshot-XL/7000860.mp4:duration1,videofeedback,annotated,Hotshot-XL
videofeedback:datasets/videofeedback/fake/Hotshot-XL/7000739.mp4:duration1,videofeedback,annotated,Hotshot-XL
videofeedback:datasets/videofeedback/fake/Hotshot-XL/7000424.mp4:duration1,videofeedback,annotated,Hotshot-XL
videofeedback:datasets/videofeedback/fake/Hotshot-XL/7001566.mp4:duration1,videofeedback,annotated,Hotshot-XL
videofeedback:datasets/videofeedback/fake/Hotshot-XL/7001408.mp4:duration1,videofeedback,annotated,Hotshot-XL
videofeedback:datasets/videofeedback/fake/Hotshot-XL/7001766.mp4:duration1,videofeedback,annotated,Hotshot-XL
videofeedback:datasets/videofeedback/fake/Hotshot-XL/7000210.mp4:duration1,videofeedback,annotated,Hotshot-XL
videofeedback:datasets/videofeedback/fake/Hotshot-XL/7000985.mp4:duration1,videofeedback,annotated,Hotshot-XL
videofeedback:datasets/videofeedback/fake/Hotshot-XL/7000190.mp4:duration1,videofeedback,annotated,Hotshot-XL
videofeedback:datasets/videofeedback/fake/Hotshot-XL/7001894.mp4:duration1,videofeedback,annotated,Hotshot-XL
videofeedback:datasets/videofeedback/fake/Hotshot-XL/7003149.mp4:duration1,videofeedback,annotated,Hotshot-XL
videofeedback:datasets/videofeedback/fake/Hotshot-XL/7000051.mp4:duration1,videofeedback,annotated,Hotshot-XL
videofeedback:datasets/videofeedback/fake/Hotshot-XL/7000101.mp4:duration1,videofeedback,annotated,Hotshot-XL
videofeedback:datasets/videofeedback/fake/Hotshot-XL/7001491.mp4:duration1,videofeedback,annotated,Hotshot-XL
videofeedback:datasets/videofeedback/fake/Hotshot-XL/7001540.mp4:duration1,videofeedback,annotated,Hotshot-XL
videofeedback:datasets/videofeedback/fake/Hotshot-XL/7001049.mp4:duration1,videofeedback,annotated,Hotshot-XL
videofeedback:datasets/videofeedback/fake/Hotshot-XL/7001988.mp4:duration1,videofeedback,annotated,Hotshot-XL
videofeedback:datasets/videofeedback/fake/Hotshot-XL/7002799.mp4:duration1,videofeedback,annotated,Hotshot-XL
videofeedback:datasets/videofeedback/fake/Hotshot-XL/7000608.mp4:duration1,videofeedback,annotated,Hotshot-XL
videofeedback:datasets/videofeedback/fake/Hotshot-XL/7001631.mp4:duration1,videofeedback,annotated,Hotshot-XL
videofeedback:datasets/videofeedback/fake/Hotshot-XL/7001509.mp4:duration1,videofeedback,annotated,Hotshot-XL
videofeedback:datasets/videofeedback/fake/Hotshot-XL/7001144.mp4:duration1,videofeedback,annotated,Hotshot-XL
videofeedback:datasets/videofeedback/fake/Hotshot-XL/7000770.mp4:duration1,videofeedback,annotated,Hotshot-XL
videofeedback:datasets/videofeedback/fake/Hotshot-XL/7001343.mp4:duration1,videofeedback,annotated,Hotshot-XL
videofeedback:datasets/videofeedback/fake/Hotshot-XL/7004715.mp4:duration1,videofeedback,annotated,Hotshot-XL
videofeedback:datasets/videofeedback/fake/Hotshot-XL/7001390.mp4:duration1,videofeedback,annotated,Hotshot-XL
videofeedback:datasets/videofeedback/fake/Hotshot-XL/7004527.mp4:duration1,videofeedback,annotated,Hotshot-XL
videofeedback:datasets/videofeedback/fake/Hotshot-XL/7001186.mp4:duration1,videofeedback,annotated,Hotshot-XL
videofeedback:datasets/videofeedback/fake/Hotshot-XL/7003386.mp4:duration1,videofeedback,annotated,Hotshot-XL
videofeedback:datasets/videofeedback/fake/Hotshot-XL/7004583.mp4:duration1,videofeedback,annotated,Hotshot-XL
videofeedback:datasets/videofeedback/fake/Hotshot-XL/7000167.mp4:duration1,videofeedback,annotated,Hotshot-XL
videofeedback:datasets/videofeedback/fake/Hotshot-XL/7001112.mp4:duration1,videofeedback,annotated,Hotshot-XL
videofeedback:datasets/videofeedback/fake/Hotshot-XL/7000384.mp4:duration1,videofeedback,annotated,Hotshot-XL
videofeedback:datasets/videofeedback/fake/Hotshot-XL/7001427.mp4:duration1,videofeedback,annotated,Hotshot-XL
videofeedback:datasets/videofeedback/fake/Hotshot-XL/7004387.mp4:duration1,videofeedback,annotated,Hotshot-XL
videofeedback:datasets/videofeedback/fake/Hotshot-XL/7001859.mp4:duration1,videofeedback,annotated,Hotshot-XL
videofeedback:datasets/videofeedback/fake/Hotshot-XL/7000152.mp4:duration1,videofeedback,annotated,Hotshot-XL
videofeedback:datasets/videofeedback/fake/Hotshot-XL/7000550.mp4:duration1,videofeedback,annotated,Hotshot-XL
videofeedback:datasets/videofeedback/fake/Hotshot-XL/7003368.mp4:duration1,videofeedback,annotated,Hotshot-XL
videofeedback:datasets/videofeedback/fake/Hotshot-XL/7000054.mp4:duration1,videofeedback,annotated,Hotshot-XL
videofeedback:datasets/videofeedback/fake/Hotshot-XL/7004404.mp4:duration1,videofeedback,annotated,Hotshot-XL
videofeedback:datasets/videofeedback/fake/Hotshot-XL/7003569.mp4:duration1,videofeedback,annotated,Hotshot-XL
videofeedback:datasets/videofeedback/fake/Hotshot-XL/7001087.mp4:duration1,videofeedback,annotated,Hotshot-XL
videofeedback:datasets/videofeedback/fake/Hotshot-XL/7004182.mp4:duration1,videofeedback,annotated,Hotshot-XL
videofeedback:datasets/videofeedback/fake/Hotshot-XL/7001899.mp4:duration1,videofeedback,annotated,Hotshot-XL
videofeedback:datasets/videofeedback/fake/Hotshot-XL/7000408.mp4:duration1,videofeedback,annotated,Hotshot-XL
videofeedback:datasets/videofeedback/fake/Hotshot-XL/7001759.mp4:duration1,videofeedback,annotated,Hotshot-XL
videofeedback:datasets/videofeedback/fake/Hotshot-XL/7000851.mp4:duration1,videofeedback,annotated,Hotshot-XL
videofeedback:datasets/videofeedback/fake/Hotshot-XL/7000251.mp4:duration1,videofeedback,annotated,Hotshot-XL
videofeedback:datasets/videofeedback/fake/Hotshot-XL/7001912.mp4:duration1,videofeedback,annotated,Hotshot-XL
videofeedback:datasets/videofeedback/fake/Hotshot-XL/7001292.mp4:duration1,videofeedback,annotated,Hotshot-XL
videofeedback:datasets/videofeedback/fake/Hotshot-XL/7001387.mp4:duration1,videofeedback,annotated,Hotshot-XL
videofeedback:datasets/videofeedback/fake/Hotshot-XL/7000193.mp4:duration1,videofeedback,annotated,Hotshot-XL
videofeedback:datasets/videofeedback/fake/Hotshot-XL/7004437.mp4:duration1,videofeedback,annotated,Hotshot-XL
videofeedback:datasets/videofeedback/fake/Hotshot-XL/7002700.mp4:duration1,videofeedback,annotated,Hotshot-XL
videofeedback:datasets/videofeedback/fake/Hotshot-XL/7001169.mp4:duration1,videofeedback,annotated,Hotshot-XL
videofeedback:datasets/videofeedback/fake/Hotshot-XL/7001056.mp4:duration1,videofeedback,annotated,Hotshot-XL
videofeedback:datasets/videofeedback/fake/Hotshot-XL/7000170.mp4:duration1,videofeedback,annotated,Hotshot-XL
videofeedback:datasets/videofeedback/fake/Hotshot-XL/7000420.mp4:duration1,videofeedback,annotated,Hotshot-XL
videofeedback:datasets/videofeedback/fake/Hotshot-XL/7003699.mp4:duration1,videofeedback,annotated,Hotshot-XL
videofeedback:datasets/videofeedback/fake/Hotshot-XL/7000310.mp4:duration1,videofeedback,annotated,Hotshot-XL
videofeedback:datasets/videofeedback/fake/Hotshot-XL/7001636.mp4:duration1,videofeedback,annotated,Hotshot-XL
videofeedback:datasets/videofeedback/fake/Hotshot-XL/7001241.mp4:duration1,videofeedback,annotated,Hotshot-XL
videofeedback:datasets/videofeedback/fake/Hotshot-XL/7003952.mp4:duration1,videofeedback,annotated,Hotshot-XL
videofeedback:datasets/videofeedback/fake/Hotshot-XL/7003176.mp4:duration1,videofeedback,annotated,Hotshot-XL
videofeedback:datasets/videofeedback/fake/Hotshot-XL/7003019.mp4:duration1,videofeedback,annotated,Hotshot-XL
videofeedback:datasets/videofeedback/fake/Hotshot-XL/7003949.mp4:duration1,videofeedback,annotated,Hotshot-XL
videofeedback:datasets/videofeedback/fake/Hotshot-XL/7000294.mp4:duration1,videofeedback,annotated,Hotshot-XL
videofeedback:datasets/videofeedback/fake/Hotshot-XL/7002590.mp4:duration1,videofeedback,annotated,Hotshot-XL
videofeedback:datasets/videofeedback/fake/Hotshot-XL/7000486.mp4:duration1,videofeedback,annotated,Hotshot-XL
videofeedback:datasets/videofeedback/fake/Hotshot-XL/7001802.mp4:duration1,videofeedback,annotated,Hotshot-XL
videofeedback:datasets/videofeedback/fake/Hotshot-XL/7004297.mp4:duration1,videofeedback,annotated,Hotshot-XL
videofeedback:datasets/videofeedback/fake/Hotshot-XL/7000291.mp4:duration1,videofeedback,annotated,Hotshot-XL
videofeedback:datasets/videofeedback/fake/Hotshot-XL/7001419.mp4:duration1,videofeedback,annotated,Hotshot-XL
videofeedback:datasets/videofeedback/fake/Hotshot-XL/7000904.mp4:duration1,videofeedback,annotated,Hotshot-XL
videofeedback:datasets/videofeedback/fake/Hotshot-XL/7000945.mp4:duration1,videofeedback,annotated,Hotshot-XL
videofeedback:datasets/videofeedback/fake/Hotshot-XL/7000188.mp4:duration1,videofeedback,annotated,Hotshot-XL
videofeedback:datasets/videofeedback/fake/Hotshot-XL/7001374.mp4:duration1,videofeedback,annotated,Hotshot-XL
videofeedback:datasets/videofeedback/fake/Hotshot-XL/7004127.mp4:duration1,videofeedback,annotated,Hotshot-XL
videofeedback:datasets/videofeedback/fake/Hotshot-XL/7000335.mp4:duration1,videofeedback,annotated,Hotshot-XL
videofeedback:datasets/videofeedback/fake/Hotshot-XL/7002991.mp4:duration1,videofeedback,annotated,Hotshot-XL
videofeedback:datasets/videofeedback/fake/Hotshot-XL/7003763.mp4:duration1,videofeedback,annotated,Hotshot-XL
videofeedback:datasets/videofeedback/fake/Hotshot-XL/7000153.mp4:duration1,videofeedback,annotated,Hotshot-XL
videofeedback:datasets/videofeedback/fake/Hotshot-XL/7004035.mp4:duration1,videofeedback,annotated,Hotshot-XL
videofeedback:datasets/videofeedback/fake/Hotshot-XL/7000997.mp4:duration1,videofeedback,annotated,Hotshot-XL
videofeedback:datasets/videofeedback/fake/Hotshot-XL/7001197.mp4:duration1,videofeedback,annotated,Hotshot-XL
videofeedback:datasets/videofeedback/fake/Hotshot-XL/7001973.mp4:duration1,videofeedback,annotated,Hotshot-XL
videofeedback:datasets/videofeedback/fake/Hotshot-XL/7001194.mp4:duration1,videofeedback,annotated,Hotshot-XL
videofeedback:datasets/videofeedback/fake/Hotshot-XL/7000369.mp4:duration1,videofeedback,annotated,Hotshot-XL
videofeedback:datasets/videofeedback/fake/Hotshot-XL/7003539.mp4:duration1,videofeedback,annotated,Hotshot-XL
videofeedback:datasets/videofeedback/fake/Hotshot-XL/7004783.mp4:duration1,videofeedback,annotated,Hotshot-XL
videofeedback:datasets/videofeedback/fake/Hotshot-XL/7001153.mp4:duration1,videofeedback,annotated,Hotshot-XL
videofeedback:datasets/videofeedback/fake/Hotshot-XL/7001184.mp4:duration1,videofeedback,annotated,Hotshot-XL
videofeedback:datasets/videofeedback/fake/Hotshot-XL/7000237.mp4:duration1,videofeedback,annotated,Hotshot-XL
videofeedback:datasets/videofeedback/fake/Hotshot-XL/7002671.mp4:duration1,videofeedback,annotated,Hotshot-XL
videofeedback:datasets/videofeedback/fake/Hotshot-XL/7002233.mp4:duration1,videofeedback,annotated,Hotshot-XL
videofeedback:datasets/videofeedback/fake/Hotshot-XL/7000898.mp4:duration1,videofeedback,annotated,Hotshot-XL
videofeedback:datasets/videofeedback/fake/Hotshot-XL/7002816.mp4:duration1,videofeedback,annotated,Hotshot-XL
videofeedback:datasets/videofeedback/fake/Hotshot-XL/7001927.mp4:duration1,videofeedback,annotated,Hotshot-XL
videofeedback:datasets/videofeedback/fake/Hotshot-XL/7002812.mp4:duration1,videofeedback,annotated,Hotshot-XL
videofeedback:datasets/videofeedback/fake/Hotshot-XL/7004930.mp4:duration1,videofeedback,annotated,Hotshot-XL
videofeedback:datasets/videofeedback/fake/Hotshot-XL/7001965.mp4:duration1,videofeedback,annotated,Hotshot-XL
videofeedback:datasets/videofeedback/fake/Hotshot-XL/7002867.mp4:duration1,videofeedback,annotated,Hotshot-XL
videofeedback:datasets/videofeedback/fake/Hotshot-XL/7000516.mp4:duration1,videofeedback,annotated,Hotshot-XL
videofeedback:datasets/videofeedback/fake/Hotshot-XL/7000791.mp4:duration1,videofeedback,annotated,Hotshot-XL
videofeedback:datasets/videofeedback/fake/Hotshot-XL/7000823.mp4:duration1,videofeedback,annotated,Hotshot-XL
videofeedback:datasets/videofeedback/fake/Hotshot-XL/7000921.mp4:duration1,videofeedback,annotated,Hotshot-XL
videofeedback:datasets/videofeedback/fake/Hotshot-XL/7000473.mp4:duration1,videofeedback,annotated,Hotshot-XL
videofeedback:datasets/videofeedback/fake/Hotshot-XL/7001173.mp4:duration1,videofeedback,annotated,Hotshot-XL
videofeedback:datasets/videofeedback/fake/Hotshot-XL/7002162.mp4:duration1,videofeedback,annotated,Hotshot-XL
videofeedback:datasets/videofeedback/fake/Hotshot-XL/7001475.mp4:duration1,videofeedback,annotated,Hotshot-XL
videofeedback:datasets/videofeedback/fake/Hotshot-XL/7000746.mp4:duration1,videofeedback,annotated,Hotshot-XL
videofeedback:datasets/videofeedback/fake/Hotshot-XL/7000225.mp4:duration1,videofeedback,annotated,Hotshot-XL
videofeedback:datasets/videofeedback/fake/Hotshot-XL/7003743.mp4:duration1,videofeedback,annotated,Hotshot-XL
videofeedback:datasets/videofeedback/fake/Hotshot-XL/7001789.mp4:duration1,videofeedback,annotated,Hotshot-XL
videofeedback:datasets/videofeedback/fake/Hotshot-XL/7000333.mp4:duration1,videofeedback,annotated,Hotshot-XL
videofeedback:datasets/videofeedback/fake/Hotshot-XL/7000282.mp4:duration1,videofeedback,annotated,Hotshot-XL
videofeedback:datasets/videofeedback/fake/Hotshot-XL/7003439.mp4:duration1,videofeedback,annotated,Hotshot-XL
videofeedback:datasets/videofeedback/fake/Hotshot-XL/7004859.mp4:duration1,videofeedback,annotated,Hotshot-XL
videofeedback:datasets/videofeedback/fake/Hotshot-XL/7004563.mp4:duration1,videofeedback,annotated,Hotshot-XL
videofeedback:datasets/videofeedback/fake/Hotshot-XL/7003808.mp4:duration1,videofeedback,annotated,Hotshot-XL
videofeedback:datasets/videofeedback/fake/Hotshot-XL/7000643.mp4:duration1,videofeedback,annotated,Hotshot-XL
videofeedback:datasets/videofeedback/fake/Hotshot-XL/7001810.mp4:duration1,videofeedback,annotated,Hotshot-XL
videofeedback:datasets/videofeedback/fake/Hotshot-XL/7000733.mp4:duration1,videofeedback,annotated,Hotshot-XL
videofeedback:datasets/videofeedback/fake/Hotshot-XL/7000503.mp4:duration1,videofeedback,annotated,Hotshot-XL
videofeedback:datasets/videofeedback/fake/Hotshot-XL/7003453.mp4:duration1,videofeedback,annotated,Hotshot-XL
videofeedback:datasets/videofeedback/fake/Hotshot-XL/7003036.mp4:duration1,videofeedback,annotated,Hotshot-XL
videofeedback:datasets/videofeedback/fake/Hotshot-XL/7000528.mp4:duration1,videofeedback,annotated,Hotshot-XL
videofeedback:datasets/videofeedback/fake/Hotshot-XL/7000500.mp4:duration1,videofeedback,annotated,Hotshot-XL
videofeedback:datasets/videofeedback/fake/Hotshot-XL/7001953.mp4:duration1,videofeedback,annotated,Hotshot-XL
videofeedback:datasets/videofeedback/fake/Hotshot-XL/7004871.mp4:duration1,videofeedback,annotated,Hotshot-XL
videofeedback:datasets/videofeedback/fake/Hotshot-XL/7001589.mp4:duration1,videofeedback,annotated,Hotshot-XL
videofeedback:datasets/videofeedback/fake/Hotshot-XL/7001355.mp4:duration1,videofeedback,annotated,Hotshot-XL
videofeedback:datasets/videofeedback/fake/Hotshot-XL/7000120.mp4:duration1,videofeedback,annotated,Hotshot-XL
videofeedback:datasets/videofeedback/fake/Hotshot-XL/7002591.mp4:duration1,videofeedback,annotated,Hotshot-XL
videofeedback:datasets/videofeedback/fake/Hotshot-XL/7004266.mp4:duration1,videofeedback,annotated,Hotshot-XL
videofeedback:datasets/videofeedback/fake/Hotshot-XL/7001714.mp4:duration1,videofeedback,annotated,Hotshot-XL
videofeedback:datasets/videofeedback/fake/Hotshot-XL/7003813.mp4:duration1,videofeedback,annotated,Hotshot-XL
videofeedback:datasets/videofeedback/fake/Hotshot-XL/7000469.mp4:duration1,videofeedback,annotated,Hotshot-XL
videofeedback:datasets/videofeedback/fake/Hotshot-XL/7002868.mp4:duration1,videofeedback,annotated,Hotshot-XL
videofeedback:datasets/videofeedback/fake/Hotshot-XL/7000256.mp4:duration1,videofeedback,annotated,Hotshot-XL
videofeedback:datasets/videofeedback/fake/Hotshot-XL/7000263.mp4:duration1,videofeedback,annotated,Hotshot-XL
videofeedback:datasets/videofeedback/fake/Hotshot-XL/7002454.mp4:duration1,videofeedback,annotated,Hotshot-XL
videofeedback:datasets/videofeedback/fake/Hotshot-XL/7000571.mp4:duration1,videofeedback,annotated,Hotshot-XL
videofeedback:datasets/videofeedback/fake/Hotshot-XL/7000128.mp4:duration1,videofeedback,annotated,Hotshot-XL
videofeedback:datasets/videofeedback/fake/Hotshot-XL/7000061.mp4:duration1,videofeedback,annotated,Hotshot-XL
videofeedback:datasets/videofeedback/fake/Hotshot-XL/7003805.mp4:duration1,videofeedback,annotated,Hotshot-XL
videofeedback:datasets/videofeedback/fake/Hotshot-XL/7004959.mp4:duration1,videofeedback,annotated,Hotshot-XL
videofeedback:datasets/videofeedback/fake/Hotshot-XL/7002767.mp4:duration1,videofeedback,annotated,Hotshot-XL
videofeedback:datasets/videofeedback/fake/Hotshot-XL/7004568.mp4:duration1,videofeedback,annotated,Hotshot-XL
videofeedback:datasets/videofeedback/fake/Hotshot-XL/7002015.mp4:duration1,videofeedback,annotated,Hotshot-XL
videofeedback:datasets/videofeedback/fake/Hotshot-XL/7003477.mp4:duration1,videofeedback,annotated,Hotshot-XL
videofeedback:datasets/videofeedback/fake/Hotshot-XL/7001130.mp4:duration1,videofeedback,annotated,Hotshot-XL
videofeedback:datasets/videofeedback/fake/Hotshot-XL/7002601.mp4:duration1,videofeedback,annotated,Hotshot-XL
videofeedback:datasets/videofeedback/fake/Hotshot-XL/7003789.mp4:duration1,videofeedback,annotated,Hotshot-XL
videofeedback:datasets/videofeedback/fake/Hotshot-XL/7000557.mp4:duration1,videofeedback,annotated,Hotshot-XL
videofeedback:datasets/videofeedback/fake/Hotshot-XL/7000609.mp4:duration1,videofeedback,annotated,Hotshot-XL
videofeedback:datasets/videofeedback/fake/Hotshot-XL/7000531.mp4:duration1,videofeedback,annotated,Hotshot-XL
videofeedback:datasets/videofeedback/fake/Hotshot-XL/7001850.mp4:duration1,videofeedback,annotated,Hotshot-XL
videofeedback:datasets/videofeedback/fake/Hotshot-XL/7004952.mp4:duration1,videofeedback,annotated,Hotshot-XL
videofeedback:datasets/videofeedback/fake/Hotshot-XL/7001587.mp4:duration1,videofeedback,annotated,Hotshot-XL
videofeedback:datasets/videofeedback/fake/Hotshot-XL/7004390.mp4:duration1,videofeedback,annotated,Hotshot-XL
videofeedback:datasets/videofeedback/fake/Hotshot-XL/7000239.mp4:duration1,videofeedback,annotated,Hotshot-XL
videofeedback:datasets/videofeedback/fake/Hotshot-XL/7002541.mp4:duration1,videofeedback,annotated,Hotshot-XL
videofeedback:datasets/videofeedback/fake/Hotshot-XL/7001827.mp4:duration1,videofeedback,annotated,Hotshot-XL
videofeedback:datasets/videofeedback/fake/Hotshot-XL/7001821.mp4:duration1,videofeedback,annotated,Hotshot-XL
videofeedback:datasets/videofeedback/fake/Hotshot-XL/7000360.mp4:duration1,videofeedback,annotated,Hotshot-XL
videofeedback:datasets/videofeedback/fake/Hotshot-XL/7004205.mp4:duration1,videofeedback,annotated,Hotshot-XL
videofeedback:datasets/videofeedback/fake/Hotshot-XL/7004822.mp4:duration1,videofeedback,annotated,Hotshot-XL
videofeedback:datasets/videofeedback/fake/Hotshot-XL/7000909.mp4:duration1,videofeedback,annotated,Hotshot-XL
videofeedback:datasets/videofeedback/fake/Hotshot-XL/7001686.mp4:duration1,videofeedback,annotated,Hotshot-XL
videofeedback:datasets/videofeedback/fake/Hotshot-XL/7001595.mp4:duration1,videofeedback,annotated,Hotshot-XL
videofeedback:datasets/videofeedback/fake/Hotshot-XL/7000248.mp4:duration1,videofeedback,annotated,Hotshot-XL
videofeedback:datasets/videofeedback/fake/Hotshot-XL/7000774.mp4:duration1,videofeedback,annotated,Hotshot-XL
videofeedback:datasets/videofeedback/fake/Hotshot-XL/7001250.mp4:duration1,videofeedback,annotated,Hotshot-XL
videofeedback:datasets/videofeedback/fake/Hotshot-XL/7001639.mp4:duration1,videofeedback,annotated,Hotshot-XL
videofeedback:datasets/videofeedback/fake/Hotshot-XL/7004616.mp4:duration1,videofeedback,annotated,Hotshot-XL
videofeedback:datasets/videofeedback/fake/Hotshot-XL/7001443.mp4:duration1,videofeedback,annotated,Hotshot-XL
videofeedback:datasets/videofeedback/fake/Hotshot-XL/7001025.mp4:duration1,videofeedback,annotated,Hotshot-XL
videofeedback:datasets/videofeedback/fake/Hotshot-XL/7000579.mp4:duration1,videofeedback,annotated,Hotshot-XL
videofeedback:datasets/videofeedback/fake/Hotshot-XL/7000523.mp4:duration1,videofeedback,annotated,Hotshot-XL
videofeedback:datasets/videofeedback/fake/Hotshot-XL/7004093.mp4:duration1,videofeedback,annotated,Hotshot-XL
videofeedback:datasets/videofeedback/fake/Hotshot-XL/7003115.mp4:duration1,videofeedback,annotated,Hotshot-XL
videofeedback:datasets/videofeedback/fake/Hotshot-XL/7000875.mp4:duration1,videofeedback,annotated,Hotshot-XL
videofeedback:datasets/videofeedback/fake/Hotshot-XL/7004557.mp4:duration1,videofeedback,annotated,Hotshot-XL
videofeedback:datasets/videofeedback/fake/Hotshot-XL/7003228.mp4:duration1,videofeedback,annotated,Hotshot-XL
videofeedback:datasets/videofeedback/fake/Hotshot-XL/7001409.mp4:duration1,videofeedback,annotated,Hotshot-XL
videofeedback:datasets/videofeedback/fake/Hotshot-XL/7003635.mp4:duration1,videofeedback,annotated,Hotshot-XL
videofeedback:datasets/videofeedback/fake/Hotshot-XL/7000497.mp4:duration1,videofeedback,annotated,Hotshot-XL
videofeedback:datasets/videofeedback/fake/Hotshot-XL/7001493.mp4:duration1,videofeedback,annotated,Hotshot-XL
videofeedback:datasets/videofeedback/fake/Hotshot-XL/7001622.mp4:duration1,videofeedback,annotated,Hotshot-XL
videofeedback:datasets/videofeedback/fake/Hotshot-XL/7000470.mp4:duration1,videofeedback,annotated,Hotshot-XL
videofeedback:datasets/videofeedback/fake/Hotshot-XL/7003398.mp4:duration1,videofeedback,annotated,Hotshot-XL
videofeedback:datasets/videofeedback/fake/Hotshot-XL/7001503.mp4:duration1,videofeedback,annotated,Hotshot-XL
videofeedback:datasets/videofeedback/fake/Hotshot-XL/7004759.mp4:duration1,videofeedback,annotated,Hotshot-XL
videofeedback:datasets/videofeedback/fake/Hotshot-XL/7000412.mp4:duration1,videofeedback,annotated,Hotshot-XL
videofeedback:datasets/videofeedback/fake/Hotshot-XL/7000595.mp4:duration1,videofeedback,annotated,Hotshot-XL
videofeedback:datasets/videofeedback/fake/Hotshot-XL/7000314.mp4:duration1,videofeedback,annotated,Hotshot-XL
videofeedback:datasets/videofeedback/fake/Hotshot-XL/7002910.mp4:duration1,videofeedback,annotated,Hotshot-XL
videofeedback:datasets/videofeedback/fake/Hotshot-XL/7000118.mp4:duration1,videofeedback,annotated,Hotshot-XL
videofeedback:datasets/videofeedback/fake/Hotshot-XL/7001483.mp4:duration1,videofeedback,annotated,Hotshot-XL
videofeedback:datasets/videofeedback/fake/Hotshot-XL/7000296.mp4:duration1,videofeedback,annotated,Hotshot-XL
videofeedback:datasets/videofeedback/fake/Hotshot-XL/7000111.mp4:duration1,videofeedback,annotated,Hotshot-XL
videofeedback:datasets/videofeedback/fake/Hotshot-XL/7000288.mp4:duration1,videofeedback,annotated,Hotshot-XL
videofeedback:datasets/videofeedback/fake/Hotshot-XL/7000635.mp4:duration1,videofeedback,annotated,Hotshot-XL
videofeedback:datasets/videofeedback/fake/Hotshot-XL/7003440.mp4:duration1,videofeedback,annotated,Hotshot-XL
videofeedback:datasets/videofeedback/fake/Hotshot-XL/7001505.mp4:duration1,videofeedback,annotated,Hotshot-XL
videofeedback:datasets/videofeedback/fake/Hotshot-XL/7001489.mp4:duration1,videofeedback,annotated,Hotshot-XL
videofeedback:datasets/videofeedback/fake/Hotshot-XL/7003482.mp4:duration1,videofeedback,annotated,Hotshot-XL
videofeedback:datasets/videofeedback/fake/Hotshot-XL/7002084.mp4:duration1,videofeedback,annotated,Hotshot-XL
videofeedback:datasets/videofeedback/fake/Hotshot-XL/7002361.mp4:duration1,videofeedback,annotated,Hotshot-XL
videofeedback:datasets/videofeedback/fake/Hotshot-XL/7001553.mp4:duration1,videofeedback,annotated,Hotshot-XL
videofeedback:datasets/videofeedback/fake/Hotshot-XL/7004274.mp4:duration1,videofeedback,annotated,Hotshot-XL
videofeedback:datasets/videofeedback/fake/Hotshot-XL/7004653.mp4:duration1,videofeedback,annotated,Hotshot-XL
videofeedback:datasets/videofeedback/fake/Hotshot-XL/7003271.mp4:duration1,videofeedback,annotated,Hotshot-XL
videofeedback:datasets/videofeedback/fake/Hotshot-XL/7002990.mp4:duration1,videofeedback,annotated,Hotshot-XL
videofeedback:datasets/videofeedback/fake/Hotshot-XL/7000477.mp4:duration1,videofeedback,annotated,Hotshot-XL
videofeedback:datasets/videofeedback/fake/Hotshot-XL/7000873.mp4:duration1,videofeedback,annotated,Hotshot-XL
videofeedback:datasets/videofeedback/fake/Hotshot-XL/7000933.mp4:duration1,videofeedback,annotated,Hotshot-XL
videofeedback:datasets/videofeedback/fake/Hotshot-XL/7002599.mp4:duration1,videofeedback,annotated,Hotshot-XL
videofeedback:datasets/videofeedback/fake/Hotshot-XL/7003068.mp4:duration1,videofeedback,annotated,Hotshot-XL
videofeedback:datasets/videofeedback/fake/Hotshot-XL/7003540.mp4:duration1,videofeedback,annotated,Hotshot-XL
videofeedback:datasets/videofeedback/fake/Hotshot-XL/7004163.mp4:duration1,videofeedback,annotated,Hotshot-XL
videofeedback:datasets/videofeedback/fake/Hotshot-XL/7003736.mp4:duration1,videofeedback,annotated,Hotshot-XL
videofeedback:datasets/videofeedback/fake/Hotshot-XL/7001085.mp4:duration1,videofeedback,annotated,Hotshot-XL
videofeedback:datasets/videofeedback/fake/Hotshot-XL/7003628.mp4:duration1,videofeedback,annotated,Hotshot-XL
videofeedback:datasets/videofeedback/fake/Hotshot-XL/7000642.mp4:duration1,videofeedback,annotated,Hotshot-XL
videofeedback:datasets/videofeedback/fake/Hotshot-XL/7000929.mp4:duration1,videofeedback,annotated,Hotshot-XL
videofeedback:datasets/videofeedback/fake/Hotshot-XL/7001373.mp4:duration1,videofeedback,annotated,Hotshot-XL
videofeedback:datasets/videofeedback/fake/Hotshot-XL/7003378.mp4:duration1,videofeedback,annotated,Hotshot-XL
videofeedback:datasets/videofeedback/fake/Hotshot-XL/7001084.mp4:duration1,videofeedback,annotated,Hotshot-XL
videofeedback:datasets/videofeedback/fake/Hotshot-XL/7000809.mp4:duration1,videofeedback,annotated,Hotshot-XL
videofeedback:datasets/videofeedback/fake/Hotshot-XL/7001273.mp4:duration1,videofeedback,annotated,Hotshot-XL
videofeedback:datasets/videofeedback/fake/Hotshot-XL/7001578.mp4:duration1,videofeedback,annotated,Hotshot-XL
videofeedback:datasets/videofeedback/fake/Hotshot-XL/7004464.mp4:duration1,videofeedback,annotated,Hotshot-XL
videofeedback:datasets/videofeedback/fake/Hotshot-XL/7003187.mp4:duration1,videofeedback,annotated,Hotshot-XL
videofeedback:datasets/videofeedback/fake/Hotshot-XL/7001600.mp4:duration1,videofeedback,annotated,Hotshot-XL
videofeedback:datasets/videofeedback/fake/Hotshot-XL/7003250.mp4:duration1,videofeedback,annotated,Hotshot-XL
videofeedback:datasets/videofeedback/fake/Hotshot-XL/7001006.mp4:duration1,videofeedback,annotated,Hotshot-XL
videofeedback:datasets/videofeedback/fake/Hotshot-XL/7002490.mp4:duration1,videofeedback,annotated,Hotshot-XL
videofeedback:datasets/videofeedback/fake/Hotshot-XL/7000036.mp4:duration1,videofeedback,annotated,Hotshot-XL
videofeedback:datasets/videofeedback/fake/Hotshot-XL/7000542.mp4:duration1,videofeedback,annotated,Hotshot-XL
videofeedback:datasets/videofeedback/fake/Hotshot-XL/7001230.mp4:duration1,videofeedback,annotated,Hotshot-XL
videofeedback:datasets/videofeedback/fake/Hotshot-XL/7001845.mp4:duration1,videofeedback,annotated,Hotshot-XL
videofeedback:datasets/videofeedback/fake/Hotshot-XL/7004847.mp4:duration1,videofeedback,annotated,Hotshot-XL
videofeedback:datasets/videofeedback/fake/Hotshot-XL/7004414.mp4:duration1,videofeedback,annotated,Hotshot-XL
videofeedback:datasets/videofeedback/fake/Hotshot-XL/7000592.mp4:duration1,videofeedback,annotated,Hotshot-XL
videofeedback:datasets/videofeedback/fake/Hotshot-XL/7000507.mp4:duration1,videofeedback,annotated,Hotshot-XL
videofeedback:datasets/videofeedback/fake/Hotshot-XL/7003009.mp4:duration1,videofeedback,annotated,Hotshot-XL
videofeedback:datasets/videofeedback/fake/Hotshot-XL/7000078.mp4:duration1,videofeedback,annotated,Hotshot-XL
videofeedback:datasets/videofeedback/fake/Hotshot-XL/7004314.mp4:duration1,videofeedback,annotated,Hotshot-XL
videofeedback:datasets/videofeedback/fake/Hotshot-XL/7000837.mp4:duration1,videofeedback,annotated,Hotshot-XL
videofeedback:datasets/videofeedback/fake/Hotshot-XL/7003935.mp4:duration1,videofeedback,annotated,Hotshot-XL
videofeedback:datasets/videofeedback/fake/Hotshot-XL/7004406.mp4:duration1,videofeedback,annotated,Hotshot-XL
videofeedback:datasets/videofeedback/fake/Hotshot-XL/7004728.mp4:duration1,videofeedback,annotated,Hotshot-XL
videofeedback:datasets/videofeedback/fake/Hotshot-XL/7003551.mp4:duration1,videofeedback,annotated,Hotshot-XL
videofeedback:datasets/videofeedback/fake/Hotshot-XL/7000740.mp4:duration1,videofeedback,annotated,Hotshot-XL
videofeedback:datasets/videofeedback/fake/Hotshot-XL/7002079.mp4:duration1,videofeedback,annotated,Hotshot-XL
videofeedback:datasets/videofeedback/fake/Hotshot-XL/7003357.mp4:duration1,videofeedback,annotated,Hotshot-XL
videofeedback:datasets/videofeedback/fake/Hotshot-XL/7002395.mp4:duration1,videofeedback,annotated,Hotshot-XL
videofeedback:datasets/videofeedback/fake/Hotshot-XL/7001308.mp4:duration1,videofeedback,annotated,Hotshot-XL
videofeedback:datasets/videofeedback/fake/Hotshot-XL/7000580.mp4:duration1,videofeedback,annotated,Hotshot-XL
videofeedback:datasets/videofeedback/fake/Hotshot-XL/7003306.mp4:duration1,videofeedback,annotated,Hotshot-XL
videofeedback:datasets/videofeedback/fake/Hotshot-XL/7000269.mp4:duration1,videofeedback,annotated,Hotshot-XL
videofeedback:datasets/videofeedback/fake/Hotshot-XL/7003236.mp4:duration1,videofeedback,annotated,Hotshot-XL
videofeedback:datasets/videofeedback/fake/Hotshot-XL/7000582.mp4:duration1,videofeedback,annotated,Hotshot-XL
videofeedback:datasets/videofeedback/fake/Hotshot-XL/7000126.mp4:duration1,videofeedback,annotated,Hotshot-XL
videofeedback:datasets/videofeedback/fake/Hotshot-XL/7000645.mp4:duration1,videofeedback,annotated,Hotshot-XL
videofeedback:datasets/videofeedback/fake/Hotshot-XL/7002538.mp4:duration1,videofeedback,annotated,Hotshot-XL
videofeedback:datasets/videofeedback/fake/Hotshot-XL/7002178.mp4:duration1,videofeedback,annotated,Hotshot-XL
videofeedback:datasets/videofeedback/fake/Hotshot-XL/7000183.mp4:duration1,videofeedback,annotated,Hotshot-XL
videofeedback:datasets/videofeedback/fake/Hotshot-XL/7002251.mp4:duration1,videofeedback,annotated,Hotshot-XL
videofeedback:datasets/videofeedback/fake/Hotshot-XL/7000355.mp4:duration1,videofeedback,annotated,Hotshot-XL
videofeedback:datasets/videofeedback/fake/Hotshot-XL/7000289.mp4:duration1,videofeedback,annotated,Hotshot-XL
videofeedback:datasets/videofeedback/fake/Hotshot-XL/7003121.mp4:duration1,videofeedback,annotated,Hotshot-XL
videofeedback:datasets/videofeedback/fake/Hotshot-XL/7002439.mp4:duration1,videofeedback,annotated,Hotshot-XL
videofeedback:datasets/videofeedback/fake/Hotshot-XL/7001660.mp4:duration1,videofeedback,annotated,Hotshot-XL
videofeedback:datasets/videofeedback/fake/Hotshot-XL/7001533.mp4:duration1,videofeedback,annotated,Hotshot-XL
videofeedback:datasets/videofeedback/fake/Hotshot-XL/7004166.mp4:duration1,videofeedback,annotated,Hotshot-XL
videofeedback:datasets/videofeedback/fake/Hotshot-XL/7003521.mp4:duration1,videofeedback,annotated,Hotshot-XL
videofeedback:datasets/videofeedback/fake/Hotshot-XL/7004273.mp4:duration1,videofeedback,annotated,Hotshot-XL
videofeedback:datasets/videofeedback/fake/Hotshot-XL/7000956.mp4:duration1,videofeedback,annotated,Hotshot-XL
videofeedback:datasets/videofeedback/fake/Hotshot-XL/7001071.mp4:duration1,videofeedback,annotated,Hotshot-XL
videofeedback:datasets/videofeedback/fake/Hotshot-XL/7001264.mp4:duration1,videofeedback,annotated,Hotshot-XL
videofeedback:datasets/videofeedback/fake/Hotshot-XL/7002678.mp4:duration1,videofeedback,annotated,Hotshot-XL
