video_path,subset,source_model,fps,duration_seconds,num_frames,downsample_idxs,1_sec_idxs,2_sec_idxs,3_sec_idxs,4_sec_idxs,video_id,source_group,dataset,split,legacy_video_id,legacy_path,legacy_source_group,real_source,generator,content_sha256,exclusion_reason,feature_asset,feature_asset_sha256
datasets/genvidbench_pair1_ms_vript_calib/real/vript/--CKgCA9B9U-Scene-008.mp4,real,vript,30.0,5.0,150,"[0, 4, 8, 11, 15, 19, 22, 26, 30, 34, 38, 41, 45, 49, 52, 56, 60, 64, 68, 71, 75, 79, 82, 86, 90, 94, 98, 101, 105, 109, 112, 116, 120, 124, 128, 131, 135, 139, 142, 146]","[105, 109, 112, 116, 120, 124, 128, 131]","[52, 56, 60, 64, 68, 71, 75, 79, 82, 86, 90, 94, 98, 101, 105, 109]","[38, 41, 45, 49, 52, 56, 60, 64, 68, 71, 75, 79, 82, 86, 90, 94, 98, 101, 105, 109, 112, 116, 120, 124]","[26, 30, 34, 38, 41, 45, 49, 52, 56, 60, 64, 68, 71, 75, 79, 82, 86, 90, 94, 98, 101, 105, 109, 112, 116, 120, 124, 128, 131, 135, 139, 142]",genvidbench:datasets/genvidbench_pair1_ms_vript_calib/real/vript/--CKgCA9B9U-Scene-008.mp4,genvidbench:real-content:--CKgCA9B9U,genvidbench,fit,genvidbench:datasets/genvidbench_pair1_ms_vript_calib/real/vript/--CKgCA9B9U-Scene-008.mp4,datasets/genvidbench_pair1_ms_vript_calib/real/vript/--CKgCA9B9U-Scene-008.mp4,genvidbench:--CKgCA9B9U,vript,,,,cache/fit/target/fit/genvidbench/000.npz,9da782f51decded276cd266dc7cd4ed68dacfda82f583196c4419336e42cdf68
datasets/genvidbench_pair1_ms_vript_calib/real/vript/--PTxX38Eac-Scene-013.mp4,real,vript,29.30710172744722,2.013164,59,"[0, 4, 7, 11, 15, 18, 22, 26, 29, 33, 37, 40, 44, 48, 51, 55]","[22, 26, 29, 33, 37, 40, 44, 48]","[0, 4, 7, 11, 15, 18, 22, 26, 29, 33, 37, 40, 44, 48, 51, 55]",,,genvidbench:datasets/genvidbench_pair1_ms_vript_calib/real/vript/--PTxX38Eac-Scene-013.mp4,genvidbench:real-content:--PTxX38Eac,genvidbench,fit,genvidbench:datasets/genvidbench_pair1_ms_vript_calib/real/vript/--PTxX38Eac-Scene-013.mp4,datasets/genvidbench_pair1_ms_vript_calib/real/vript/--PTxX38Eac-Scene-013.mp4,genvidbench:--PTxX38Eac,vript,,,,cache/fit/target/fit/genvidbench/001.npz,b62bc1aa2dad6658d0bf1bb0af21748e19ad8df94bc4c3fc70a62a8b7d15aaf7
datasets/genvidbench_pair1_ms_vript_calib/real/vript/--e94nUMsOY-Scene-010.mp4,real,vript,29.97002997002997,5.572233,167,"[0, 4, 7, 11, 15, 19, 22, 26, 30, 34, 37, 41, 45, 49, 52, 56, 60, 64, 67, 71, 75, 79, 82, 86, 90, 94, 97, 101, 105, 109, 112, 116, 120, 124, 127, 131, 135, 139, 142, 146, 150, 154, 157, 161, 165]","[105, 109, 112, 116, 120, 124, 127, 131]","[52, 56, 60, 64, 67, 71, 75, 79, 82, 86, 90, 94, 97, 101, 105, 109]","[37, 41, 45, 49, 52, 56, 60, 64, 67, 71, 75, 79, 82, 86, 90, 94, 97, 101, 105, 109, 112, 116, 120, 124]","[26, 30, 34, 37, 41, 45, 49, 52, 56, 60, 64, 67, 71, 75, 79, 82, 86, 90, 94, 97, 101, 105, 109, 112, 116, 120, 124, 127, 131, 135, 139, 142]",genvidbench:datasets/genvidbench_pair1_ms_vript_calib/real/vript/--e94nUMsOY-Scene-010.mp4,genvidbench:real-content:--e94nUMsOY,genvidbench,fit,genvidbench:datasets/genvidbench_pair1_ms_vript_calib/real/vript/--e94nUMsOY-Scene-010.mp4,datasets/genvidbench_pair1_ms_vript_calib/real/vript/--e94nUMsOY-Scene-010.mp4,genvidbench:--e94nUMsOY,vript,,,,cache/fit/target/fit/genvidbench/002.npz,ca6450d8f63d56afc556b2b7956215beef6f85321cc705a3ecbf8d9416aaee89
datasets/genvidbench_pair1_ms_vript_calib/real/vript/--r2SGSVdQs-Scene-002.mp4,real,vript,29.97002997002997,4.6046,138,"[0, 4, 7, 11, 15, 19, 22, 26, 30, 34, 37, 41, 45, 49, 52, 56, 60, 64, 67, 71, 75, 79, 82, 86, 90, 94, 97, 101, 105, 109, 112, 116, 120, 124, 127, 131, 135]","[22, 26, 30, 34, 37, 41, 45, 49]","[71, 75, 79, 82, 86, 90, 94, 97, 101, 105, 109, 112, 116, 120, 124, 127]","[45, 49, 52, 56, 60, 64, 67, 71, 75, 79, 82, 86, 90, 94, 97, 101, 105, 109, 112, 116, 120, 124, 127, 131]","[7, 11, 15, 19, 22, 26, 30, 34, 37, 41, 45, 49, 52, 56, 60, 64, 67, 71, 75, 79, 82, 86, 90, 94, 97, 101, 105, 109, 112, 116, 120, 124]",genvidbench:datasets/genvidbench_pair1_ms_vript_calib/real/vript/--r2SGSVdQs-Scene-002.mp4,genvidbench:real-content:--r2SGSVdQs,genvidbench,fit,genvidbench:datasets/genvidbench_pair1_ms_vript_calib/real/vript/--r2SGSVdQs-Scene-002.mp4,datasets/genvidbench_pair1_ms_vript_calib/real/vript/--r2SGSVdQs-Scene-002.mp4,genvidbench:--r2SGSVdQs,vript,,,,cache/fit/target/fit/genvidbench/003.npz,9965bb6e43c84e015bfbb85fb648508a983c4a98d7aa8e3169ba73d87ad07c7c
datasets/genvidbench_pair1_ms_vript_calib/real/vript/-0F6l-LJfO0-Scene-001.mp4,real,vript,29.97002997002997,5.572233,167,"[0, 4, 7, 11, 15, 19, 22, 26, 30, 34, 37, 41, 45, 49, 52, 56, 60, 64, 67, 71, 75, 79, 82, 86, 90, 94, 97, 101, 105, 109, 112, 116, 120, 124, 127, 131, 135, 139, 142, 146, 150, 154, 157, 161, 165]","[105, 109, 112, 116, 120, 124, 127, 131]","[52, 56, 60, 64, 67, 71, 75, 79, 82, 86, 90, 94, 97, 101, 105, 109]","[37, 41, 45, 49, 52, 56, 60, 64, 67, 71, 75, 79, 82, 86, 90, 94, 97, 101, 105, 109, 112, 116, 120, 124]","[26, 30, 34, 37, 41, 45, 49, 52, 56, 60, 64, 67, 71, 75, 79, 82, 86, 90, 94, 97, 101, 105, 109, 112, 116, 120, 124, 127, 131, 135, 139, 142]",genvidbench:datasets/genvidbench_pair1_ms_vript_calib/real/vript/-0F6l-LJfO0-Scene-001.mp4,genvidbench:real-content:-0F6l-LJfO0,genvidbench,fit,genvidbench:datasets/genvidbench_pair1_ms_vript_calib/real/vript/-0F6l-LJfO0-Scene-001.mp4,datasets/genvidbench_pair1_ms_vript_calib/real/vript/-0F6l-LJfO0-Scene-001.mp4,genvidbench:-0F6l-LJfO0,vript,,,,cache/fit/target/fit/genvidbench/004.npz,45d9c16ddd2dfe74f91a549b5dd3a422034ac0ee514ddd649e46b5525942f0dc
datasets/genvidbench_pair1_ms_vript_calib/real/vript/-0dlpsUEEmI-Scene-016.mp4,real,vript,30.0,2.433333,73,"[0, 4, 8, 11, 15, 19, 22, 26, 30, 34, 38, 41, 45, 49, 52, 56, 60, 64, 68, 71]","[22, 26, 30, 34, 38, 41, 45, 49]","[11, 15, 19, 22, 26, 30, 34, 38, 41, 45, 49, 52, 56, 60, 64, 68]",,,genvidbench:datasets/genvidbench_pair1_ms_vript_calib/real/vript/-0dlpsUEEmI-Scene-016.mp4,genvidbench:real-content:-0dlpsUEEmI,genvidbench,fit,genvidbench:datasets/genvidbench_pair1_ms_vript_calib/real/vript/-0dlpsUEEmI-Scene-016.mp4,datasets/genvidbench_pair1_ms_vript_calib/real/vript/-0dlpsUEEmI-Scene-016.mp4,genvidbench:-0dlpsUEEmI,vript,,,,cache/fit/target/fit/genvidbench/005.npz,7f508bc2e3342dda95f1b341144db15621f06bbdb04b57d0604cc54e602c951b
datasets/genvidbench_pair1_ms_vript_calib/real/vript/-0fnGi9g4ho-Scene-040.mp4,real,vript,29.97,15.648982,469,"[0, 4, 7, 11, 15, 19, 22, 26, 30, 34, 37, 41, 45, 49, 52, 56, 60, 64, 67, 71, 75, 79, 82, 86, 90, 94, 97, 101, 105, 109, 112, 116, 120, 124, 127, 131, 135, 139, 142, 146, 150, 154, 157, 161, 165, 169, 172, 176, 180, 184, 187, 191, 195, 199, 202, 206, 210, 214, 217, 221, 225, 229, 232, 236, 240, 244, 247, 251, 255, 258, 262, 266, 270, 273, 277, 281, 285, 288, 292, 296, 300, 303, 307, 311, 315, 318, 322, 326, 330, 333, 337, 341, 345, 348, 352, 356, 360, 363, 367, 371, 375, 378, 382, 386, 390, 393, 397, 401, 405, 408, 412, 416, 420, 423, 427, 431, 435, 438, 442, 446, 450, 453, 457, 461, 465, 468]","[382, 386, 390, 393, 397, 401, 405, 408]","[191, 195, 199, 202, 206, 210, 214, 217, 221, 225, 229, 232, 236, 240, 244, 247]","[345, 348, 352, 356, 360, 363, 367, 371, 375, 378, 382, 386, 390, 393, 397, 401, 405, 408, 412, 416, 420, 423, 427, 431]","[52, 56, 60, 64, 67, 71, 75, 79, 82, 86, 90, 94, 97, 101, 105, 109, 112, 116, 120, 124, 127, 131, 135, 139, 142, 146, 150, 154, 157, 161, 165, 169]",genvidbench:datasets/genvidbench_pair1_ms_vript_calib/real/vript/-0fnGi9g4ho-Scene-040.mp4,genvidbench:real-content:-0fnGi9g4ho,genvidbench,fit,genvidbench:datasets/genvidbench_pair1_ms_vript_calib/real/vript/-0fnGi9g4ho-Scene-040.mp4,datasets/genvidbench_pair1_ms_vript_calib/real/vript/-0fnGi9g4ho-Scene-040.mp4,genvidbench:-0fnGi9g4ho,vript,,,,cache/fit/target/fit/genvidbench/006.npz,6d97c86e8222b867ae996de9cbb3fb82d7bb3a0ae208216301b2bedd33cdd494
datasets/genvidbench_pair1_ms_vript_calib/real/vript/-0sM8jwHi40-Scene-007.mp4,real,vript,29.97,6.239573,187,"[0, 4, 7, 11, 15, 19, 22, 26, 30, 34, 37, 41, 45, 49, 52, 56, 60, 64, 67, 71, 75, 79, 82, 86, 90, 94, 97, 101, 105, 109, 112, 116, 120, 124, 127, 131, 135, 139, 142, 146, 150, 154, 157, 161, 165, 169, 172, 176, 180, 184]","[142, 146, 150, 154, 157, 161, 165, 169]","[105, 109, 112, 116, 120, 124, 127, 131, 135, 139, 142, 146, 150, 154, 157, 161]","[52, 56, 60, 64, 67, 71, 75, 79, 82, 86, 90, 94, 97, 101, 105, 109, 112, 116, 120, 124, 127, 131, 135, 139]","[37, 41, 45, 49, 52, 56, 60, 64, 67, 71, 75, 79, 82, 86, 90, 94, 97, 101, 105, 109, 112, 116, 120, 124, 127, 131, 135, 139, 142, 146, 150, 154]",genvidbench:datasets/genvidbench_pair1_ms_vript_calib/real/vript/-0sM8jwHi40-Scene-007.mp4,genvidbench:real-content:-0sM8jwHi40,genvidbench,fit,genvidbench:datasets/genvidbench_pair1_ms_vript_calib/real/vript/-0sM8jwHi40-Scene-007.mp4,datasets/genvidbench_pair1_ms_vript_calib/real/vript/-0sM8jwHi40-Scene-007.mp4,genvidbench:-0sM8jwHi40,vript,,,,cache/fit/target/fit/genvidbench/007.npz,1c4a3bc9a01d0d54b3e048c5c425735a3a2be2a6be7c066ba9291c06df04a8a4
datasets/genvidbench_pair1_ms_vript_calib/real/vript/-206DiYtFlE-Scene-005.mp4,real,vript,29.97002997002997,12.245567,367,"[0, 4, 7, 11, 15, 19, 22, 26, 30, 34, 37, 41, 45, 49, 52, 56, 60, 64, 67, 71, 75, 79, 82, 86, 90, 94, 97, 101, 105, 109, 112, 116, 120, 124, 127, 131, 135, 139, 142, 146, 150, 154, 157, 161, 165, 169, 172, 176, 180, 184, 187, 191, 195, 199, 202, 206, 210, 214, 217, 221, 225, 229, 232, 236, 240, 244, 247, 251, 255, 258, 262, 266, 270, 273, 277, 281, 285, 288, 292, 296, 300, 303, 307, 311, 315, 318, 322, 326, 330, 333, 337, 341, 345, 348, 352, 356, 360, 363]","[191, 195, 199, 202, 206, 210, 214, 217]","[52, 56, 60, 64, 67, 71, 75, 79, 82, 86, 90, 94, 97, 101, 105, 109]","[266, 270, 273, 277, 281, 285, 288, 292, 296, 300, 303, 307, 311, 315, 318, 322, 326, 330, 333, 337, 341, 345, 348, 352]","[225, 229, 232, 236, 240, 244, 247, 251, 255, 258, 262, 266, 270, 273, 277, 281, 285, 288, 292, 296, 300, 303, 307, 311, 315, 318, 322, 326, 330, 333, 337, 341]",genvidbench:datasets/genvidbench_pair1_ms_vript_calib/real/vript/-206DiYtFlE-Scene-005.mp4,genvidbench:real-content:-206DiYtFlE,genvidbench,fit,genvidbench:datasets/genvidbench_pair1_ms_vript_calib/real/vript/-206DiYtFlE-Scene-005.mp4,datasets/genvidbench_pair1_ms_vript_calib/real/vript/-206DiYtFlE-Scene-005.mp4,genvidbench:-206DiYtFlE,vript,,,,cache/fit/target/fit/genvidbench/008.npz,fdfc37ba625bf4dc835a394032c199a0753aac8c3b51f342bdac205cc0b9cc86
datasets/genvidbench_pair1_ms_vript_calib/real/vript/-206DiYtFlE-Scene-096.mp4,real,vript,29.97002997002997,4.137467,124,"[0, 4, 7, 11, 15, 19, 22, 26, 30, 34, 37, 41, 45, 49, 52, 56, 60, 64, 67, 71, 75, 79, 82, 86, 90, 94, 97, 101, 105, 109, 112, 116, 120]","[22, 26, 30, 34, 37, 41, 45, 49]","[52, 56, 60, 64, 67, 71, 75, 79, 82, 86, 90, 94, 97, 101, 105, 109]","[26, 30, 34, 37, 41, 45, 49, 52, 56, 60, 64, 67, 71, 75, 79, 82, 86, 90, 94, 97, 101, 105, 109, 112]","[0, 4, 7, 11, 15, 19, 22, 26, 30, 34, 37, 41, 45, 49, 52, 56, 60, 64, 67, 71, 75, 79, 82, 86, 90, 94, 97, 101, 105, 109, 112, 116]",genvidbench:datasets/genvidbench_pair1_ms_vript_calib/real/vript/-206DiYtFlE-Scene-096.mp4,genvidbench:real-content:-206DiYtFlE,genvidbench,fit,genvidbench:datasets/genvidbench_pair1_ms_vript_calib/real/vript/-206DiYtFlE-Scene-096.mp4,datasets/genvidbench_pair1_ms_vript_calib/real/vript/-206DiYtFlE-Scene-096.mp4,genvidbench:-206DiYtFlE,vript,,,,cache/fit/target/fit/genvidbench/009.npz,dc3c0ae24bee165e452409916cc1778d5f84ad6a72cd22669e204f852f1cc85c
datasets/genvidbench_pair1_ms_vript_calib/real/vript/-2yr1ojh0k8-Scene-030.mp4,real,vript,25.0,17.76,444,"[0, 3, 6, 9, 12, 16, 19, 22, 25, 28, 31, 34, 38, 41, 44, 47, 50, 53, 56, 59, 62, 66, 69, 72, 75, 78, 81, 84, 88, 91, 94, 97, 100, 103, 106, 109, 112, 116, 119, 122, 125, 128, 131, 134, 138, 141, 144, 147, 150, 153, 156, 159, 162, 166, 169, 172, 175, 178, 181, 184, 188, 191, 194, 197, 200, 203, 206, 209, 212, 216, 219, 222, 225, 228, 231, 234, 238, 241, 244, 247, 250, 253, 256, 259, 262, 266, 269, 272, 275, 278, 281, 284, 288, 291, 294, 297, 300, 303, 306, 309, 312, 316, 319, 322, 325, 328, 331, 334, 338, 341, 344, 347, 350, 353, 356, 359, 362, 366, 369, 372, 375, 378, 381, 384, 388, 391, 394, 397, 400, 403, 406, 409, 412, 416, 419, 422, 425, 428, 431, 434, 438, 441]","[319, 322, 325, 328, 331, 334, 338, 341]","[159, 162, 166, 169, 172, 175, 178, 181, 184, 188, 191, 194, 197, 200, 203, 206]","[288, 291, 294, 297, 300, 303, 306, 309, 312, 316, 319, 322, 325, 328, 331, 334, 338, 341, 344, 347, 350, 353, 356, 359]","[44, 47, 50, 53, 56, 59, 62, 66, 69, 72, 75, 78, 81, 84, 88, 91, 94, 97, 100, 103, 106, 109, 112, 116, 119, 122, 125, 128, 131, 134, 138, 141]",genvidbench:datasets/genvidbench_pair1_ms_vript_calib/real/vript/-2yr1ojh0k8-Scene-030.mp4,genvidbench:real-content:-2yr1ojh0k8,genvidbench,fit,genvidbench:datasets/genvidbench_pair1_ms_vript_calib/real/vript/-2yr1ojh0k8-Scene-030.mp4,datasets/genvidbench_pair1_ms_vript_calib/real/vript/-2yr1ojh0k8-Scene-030.mp4,genvidbench:-2yr1ojh0k8,vript,,,,cache/fit/target/fit/genvidbench/010.npz,0372665a606d66750569c4eb4d5dc6bcfe281d999eab793cbf37c8959120c777
datasets/genvidbench_pair1_ms_vript_calib/real/vript/-3CXhx0Mj-Y-Scene-028.mp4,real,vript,23.976023976023978,5.171833,124,"[0, 3, 6, 9, 12, 15, 18, 21, 24, 27, 30, 33, 36, 39, 42, 45, 48, 51, 54, 57, 60, 63, 66, 69, 72, 75, 78, 81, 84, 87, 90, 93, 96, 99, 102, 105, 108, 111, 114, 117, 120, 123]","[84, 87, 90, 93, 96, 99, 102, 105]","[42, 45, 48, 51, 54, 57, 60, 63, 66, 69, 72, 75, 78, 81, 84, 87]","[30, 33, 36, 39, 42, 45, 48, 51, 54, 57, 60, 63, 66, 69, 72, 75, 78, 81, 84, 87, 90, 93, 96, 99]","[21, 24, 27, 30, 33, 36, 39, 42, 45, 48, 51, 54, 57, 60, 63, 66, 69, 72, 75, 78, 81, 84, 87, 90, 93, 96, 99, 102, 105, 108, 111, 114]",genvidbench:datasets/genvidbench_pair1_ms_vript_calib/real/vript/-3CXhx0Mj-Y-Scene-028.mp4,genvidbench:real-content:-3CXhx0Mj-Y,genvidbench,fit,genvidbench:datasets/genvidbench_pair1_ms_vript_calib/real/vript/-3CXhx0Mj-Y-Scene-028.mp4,datasets/genvidbench_pair1_ms_vript_calib/real/vript/-3CXhx0Mj-Y-Scene-028.mp4,genvidbench:-3CXhx0Mj-Y,vript,,,,cache/fit/target/fit/genvidbench/011.npz,9c5a74d58f3f83e01b1ba5875ab4d5493919d626cdeeeb8818d4ae3076391f11
datasets/genvidbench_pair1_ms_vript_calib/real/vript/-3XbGflMtF8-Scene-054.mp4,real,vript,29.97002997002997,5.7057,171,"[0, 4, 7, 11, 15, 19, 22, 26, 30, 34, 37, 41, 45, 49, 52, 56, 60, 64, 67, 71, 75, 79, 82, 86, 90, 94, 97, 101, 105, 109, 112, 116, 120, 124, 127, 131, 135, 139, 142, 146, 150, 154, 157, 161, 165, 169]","[142, 146, 150, 154, 157, 161, 165, 169]","[71, 75, 79, 82, 86, 90, 94, 97, 101, 105, 109, 112, 116, 120, 124, 127]","[52, 56, 60, 64, 67, 71, 75, 79, 82, 86, 90, 94, 97, 101, 105, 109, 112, 116, 120, 124, 127, 131, 135, 139]","[37, 41, 45, 49, 52, 56, 60, 64, 67, 71, 75, 79, 82, 86, 90, 94, 97, 101, 105, 109, 112, 116, 120, 124, 127, 131, 135, 139, 142, 146, 150, 154]",genvidbench:datasets/genvidbench_pair1_ms_vript_calib/real/vript/-3XbGflMtF8-Scene-054.mp4,genvidbench:real-content:-3XbGflMtF8,genvidbench,fit,genvidbench:datasets/genvidbench_pair1_ms_vript_calib/real/vript/-3XbGflMtF8-Scene-054.mp4,datasets/genvidbench_pair1_ms_vript_calib/real/vript/-3XbGflMtF8-Scene-054.mp4,genvidbench:-3XbGflMtF8,vript,,,,cache/fit/target/fit/genvidbench/012.npz,fca96d470e74b941a3c669ef92b280049176e078a78c199a1a8bc66b52c23bc4
datasets/genvidbench_pair1_ms_vript_calib/real/vript/-3XbGflMtF8-Scene-103.mp4,real,vript,29.97002997002997,4.2042,126,"[0, 4, 7, 11, 15, 19, 22, 26, 30, 34, 37, 41, 45, 49, 52, 56, 60, 64, 67, 71, 75, 79, 82, 86, 90, 94, 97, 101, 105, 109, 112, 116, 120, 124]","[22, 26, 30, 34, 37, 41, 45, 49]","[52, 56, 60, 64, 67, 71, 75, 79, 82, 86, 90, 94, 97, 101, 105, 109]","[37, 41, 45, 49, 52, 56, 60, 64, 67, 71, 75, 79, 82, 86, 90, 94, 97, 101, 105, 109, 112, 116, 120, 124]","[0, 4, 7, 11, 15, 19, 22, 26, 30, 34, 37, 41, 45, 49, 52, 56, 60, 64, 67, 71, 75, 79, 82, 86, 90, 94, 97, 101, 105, 109, 112, 116]",genvidbench:datasets/genvidbench_pair1_ms_vript_calib/real/vript/-3XbGflMtF8-Scene-103.mp4,genvidbench:real-content:-3XbGflMtF8,genvidbench,fit,genvidbench:datasets/genvidbench_pair1_ms_vript_calib/real/vript/-3XbGflMtF8-Scene-103.mp4,datasets/genvidbench_pair1_ms_vript_calib/real/vript/-3XbGflMtF8-Scene-103.mp4,genvidbench:-3XbGflMtF8,vript,,,,cache/fit/target/fit/genvidbench/013.npz,0ff8e581fd9a68b5a067ea93f6cd8efd88f540134d7e1a2e541b450ea3e25f3c
datasets/genvidbench_pair1_ms_vript_calib/real/vript/-3x4bPqkfUU-Scene-002.mp4,real,vript,29.97002997002997,17.650967,529,"[0, 4, 7, 11, 15, 19, 22, 26, 30, 34, 37, 41, 45, 49, 52, 56, 60, 64, 67, 71, 75, 79, 82, 86, 90, 94, 97, 101, 105, 109, 112, 116, 120, 124, 127, 131, 135, 139, 142, 146, 150, 154, 157, 161, 165, 169, 172, 176, 180, 184, 187, 191, 195, 199, 202, 206, 210, 214, 217, 221, 225, 229, 232, 236, 240, 244, 247, 251, 255, 258, 262, 266, 270, 273, 277, 281, 285, 288, 292, 296, 300, 303, 307, 311, 315, 318, 322, 326, 330, 333, 337, 341, 345, 348, 352, 356, 360, 363, 367, 371, 375, 378, 382, 386, 390, 393, 397, 401, 405, 408, 412, 416, 420, 423, 427, 431, 435, 438, 442, 446, 450, 453, 457, 461, 465, 468, 472, 476, 480, 483, 487, 491, 495, 498, 502, 506, 509, 513, 517, 521, 524, 528]","[382, 386, 390, 393, 397, 401, 405, 408]","[191, 195, 199, 202, 206, 210, 214, 217, 221, 225, 229, 232, 236, 240, 244, 247]","[345, 348, 352, 356, 360, 363, 367, 371, 375, 378, 382, 386, 390, 393, 397, 401, 405, 408, 412, 416, 420, 423, 427, 431]","[52, 56, 60, 64, 67, 71, 75, 79, 82, 86, 90, 94, 97, 101, 105, 109, 112, 116, 120, 124, 127, 131, 135, 139, 142, 146, 150, 154, 157, 161, 165, 169]",genvidbench:datasets/genvidbench_pair1_ms_vript_calib/real/vript/-3x4bPqkfUU-Scene-002.mp4,genvidbench:real-content:-3x4bPqkfUU,genvidbench,fit,genvidbench:datasets/genvidbench_pair1_ms_vript_calib/real/vript/-3x4bPqkfUU-Scene-002.mp4,datasets/genvidbench_pair1_ms_vript_calib/real/vript/-3x4bPqkfUU-Scene-002.mp4,genvidbench:-3x4bPqkfUU,vript,,,,cache/fit/target/fit/genvidbench/014.npz,f9d66d31b57acfff91e750f237fee621e0b82db13f53cdecf6dd244bc9a10318
datasets/genvidbench_pair1_ms_vript_calib/real/vript/-4ZODu434gs-Scene-012.mp4,real,vript,23.976023976023978,2.419083,58,"[0, 3, 6, 9, 12, 15, 18, 21, 24, 27, 30, 33, 36, 39, 42, 45, 48, 51, 54, 57]","[18, 21, 24, 27, 30, 33, 36, 39]","[9, 12, 15, 18, 21, 24, 27, 30, 33, 36, 39, 42, 45, 48, 51, 54]",,,genvidbench:datasets/genvidbench_pair1_ms_vript_calib/real/vript/-4ZODu434gs-Scene-012.mp4,genvidbench:real-content:-4ZODu434gs,genvidbench,fit,genvidbench:datasets/genvidbench_pair1_ms_vript_calib/real/vript/-4ZODu434gs-Scene-012.mp4,datasets/genvidbench_pair1_ms_vript_calib/real/vript/-4ZODu434gs-Scene-012.mp4,genvidbench:-4ZODu434gs,vript,,,,cache/fit/target/fit/genvidbench/015.npz,b05ce7022d6acb8b4b0d1db2e4c393989a1355efde8c9a7f66f4051f34fabc03
datasets/genvidbench_pair1_ms_vript_calib/real/vript/-4ZODu434gs-Scene-015.mp4,real,vript,23.976023976023978,2.627625,63,"[0, 3, 6, 9, 12, 15, 18, 21, 24, 27, 30, 33, 36, 39, 42, 45, 48, 51, 54, 57, 60]","[18, 21, 24, 27, 30, 33, 36, 39]","[9, 12, 15, 18, 21, 24, 27, 30, 33, 36, 39, 42, 45, 48, 51, 54]",,,genvidbench:datasets/genvidbench_pair1_ms_vript_calib/real/vript/-4ZODu434gs-Scene-015.mp4,genvidbench:real-content:-4ZODu434gs,genvidbench,fit,genvidbench:datasets/genvidbench_pair1_ms_vript_calib/real/vript/-4ZODu434gs-Scene-015.mp4,datasets/genvidbench_pair1_ms_vript_calib/real/vript/-4ZODu434gs-Scene-015.mp4,genvidbench:-4ZODu434gs,vript,,,,cache/fit/target/fit/genvidbench/016.npz,70e52eb4f30d0190ba4fac90ac94f9f760a2f3991cdef52a113470579707d0a7
datasets/genvidbench_pair1_ms_vript_calib/real/vript/-4eV10qfrkk-Scene-012.mp4,real,vript,30.0,4.533333,136,"[0, 4, 8, 11, 15, 19, 22, 26, 30, 34, 38, 41, 45, 49, 52, 56, 60, 64, 68, 71, 75, 79, 82, 86, 90, 94, 98, 101, 105, 109, 112, 116, 120, 124, 128, 131, 135]","[22, 26, 30, 34, 38, 41, 45, 49]","[71, 75, 79, 82, 86, 90, 94, 98, 101, 105, 109, 112, 116, 120, 124, 128]","[45, 49, 52, 56, 60, 64, 68, 71, 75, 79, 82, 86, 90, 94, 98, 101, 105, 109, 112, 116, 120, 124, 128, 131]","[8, 11, 15, 19, 22, 26, 30, 34, 38, 41, 45, 49, 52, 56, 60, 64, 68, 71, 75, 79, 82, 86, 90, 94, 98, 101, 105, 109, 112, 116, 120, 124]",genvidbench:datasets/genvidbench_pair1_ms_vript_calib/real/vript/-4eV10qfrkk-Scene-012.mp4,genvidbench:real-content:-4eV10qfrkk,genvidbench,fit,genvidbench:datasets/genvidbench_pair1_ms_vript_calib/real/vript/-4eV10qfrkk-Scene-012.mp4,datasets/genvidbench_pair1_ms_vript_calib/real/vript/-4eV10qfrkk-Scene-012.mp4,genvidbench:-4eV10qfrkk,vript,,,,cache/fit/target/fit/genvidbench/017.npz,c984d7440a36967c1818bf96a63482d614a5f5ff3c02529bf425aba957259798
datasets/genvidbench_pair1_ms_vript_calib/real/vript/-4ukRF34UFk-Scene-033.mp4,real,vript,29.97002997002997,42.175467,1264,"[0, 4, 7, 11, 15, 19, 22, 26, 30, 34, 37, 41, 45, 49, 52, 56, 60, 64, 67, 71, 75, 79, 82, 86, 90, 94, 97, 101, 105, 109, 112, 116, 120, 124, 127, 131, 135, 139, 142, 146, 150, 154, 157, 161, 165, 169, 172, 176, 180, 184, 187, 191, 195, 199, 202, 206, 210, 214, 217, 221, 225, 229, 232, 236, 240, 244, 247, 251, 255, 258, 262, 266, 270, 273, 277, 281, 285, 288, 292, 296, 300, 303, 307, 311, 315, 318, 322, 326, 330, 333, 337, 341, 345, 348, 352, 356, 360, 363, 367, 371, 375, 378, 382, 386, 390, 393, 397, 401, 405, 408, 412, 416, 420, 423, 427, 431, 435, 438, 442, 446, 450, 453, 457, 461, 465, 468, 472, 476, 480, 483, 487, 491, 495, 498, 502, 506, 509, 513, 517, 521, 524, 528, 532, 536, 539, 543, 547, 551, 554, 558, 562, 566, 569, 573, 577, 581, 584, 588, 592, 596, 599, 603, 607, 611, 614, 618, 622, 626, 629, 633, 637, 641, 644, 648, 652, 656, 659, 663, 667, 671, 674, 678, 682, 686, 689, 693, 697, 701, 704, 708, 712, 716, 719, 723, 727, 731, 734, 738, 742, 746, 749, 753, 757, 760, 764, 768, 772, 775, 779, 783, 787, 790, 794, 798, 802, 805, 809, 813, 817, 820, 824, 828, 832, 835, 839, 843, 847, 850, 854, 858, 862, 865, 869, 873, 877, 880, 884, 888, 892, 895, 899, 903, 907, 910, 914, 918, 922, 925, 929, 933, 937, 940, 944, 948, 952, 955, 959, 963, 967, 970, 974, 978, 982, 985, 989, 993, 997, 1000, 1004, 1008, 1011, 1015, 1019, 1023, 1026, 1030, 1034, 1038, 1041, 1045, 1049, 1053, 1056, 1060, 1064, 1068, 1071, 1075, 1079, 1083, 1086, 1090, 1094, 1098, 1101, 1105, 1109, 1113, 1116, 1120, 1124, 1128, 1131, 1135, 1139, 1143, 1146, 1150, 1154, 1158, 1161, 1165, 1169, 1173, 1176, 1180, 1184, 1188, 1191, 1195, 1199, 1203, 1206, 1210, 1214, 1218, 1221, 1225, 1229, 1233, 1236, 1240, 1244, 1248, 1251, 1255, 1259, 1262]","[382, 386, 390, 393, 397, 401, 405, 408]","[1011, 1015, 1019, 1023, 1026, 1030, 1034, 1038, 1041, 1045, 1049, 1053, 1056, 1060, 1064, 1068]","[397, 401, 405, 408, 412, 416, 420, 423, 427, 431, 435, 438, 442, 446, 450, 453, 457, 461, 465, 468, 472, 476, 480, 483]","[266, 270, 273, 277, 281, 285, 288, 292, 296, 300, 303, 307, 311, 315, 318, 322, 326, 330, 333, 337, 341, 345, 348, 352, 356, 360, 363, 367, 371, 375, 378, 382]",genvidbench:datasets/genvidbench_pair1_ms_vript_calib/real/vript/-4ukRF34UFk-Scene-033.mp4,genvidbench:real-content:-4ukRF34UFk,genvidbench,fit,genvidbench:datasets/genvidbench_pair1_ms_vript_calib/real/vript/-4ukRF34UFk-Scene-033.mp4,datasets/genvidbench_pair1_ms_vript_calib/real/vript/-4ukRF34UFk-Scene-033.mp4,genvidbench:-4ukRF34UFk,vript,,,,cache/fit/target/fit/genvidbench/018.npz,e017b869eb994338301b63592441cc66df24eaeff00bbb75d5514c3fd56c1f02
datasets/genvidbench_pair1_ms_vript_calib/real/vript/-5AaUB7Cgzg-Scene-025.mp4,real,vript,29.97002997002997,18.685333,560,"[0, 4, 7, 11, 15, 19, 22, 26, 30, 34, 37, 41, 45, 49, 52, 56, 60, 64, 67, 71, 75, 79, 82, 86, 90, 94, 97, 101, 105, 109, 112, 116, 120, 124, 127, 131, 135, 139, 142, 146, 150, 154, 157, 161, 165, 169, 172, 176, 180, 184, 187, 191, 195, 199, 202, 206, 210, 214, 217, 221, 225, 229, 232, 236, 240, 244, 247, 251, 255, 258, 262, 266, 270, 273, 277, 281, 285, 288, 292, 296, 300, 303, 307, 311, 315, 318, 322, 326, 330, 333, 337, 341, 345, 348, 352, 356, 360, 363, 367, 371, 375, 378, 382, 386, 390, 393, 397, 401, 405, 408, 412, 416, 420, 423, 427, 431, 435, 438, 442, 446, 450, 453, 457, 461, 465, 468, 472, 476, 480, 483, 487, 491, 495, 498, 502, 506, 509, 513, 517, 521, 524, 528, 532, 536, 539, 543, 547, 551, 554, 558]","[382, 386, 390, 393, 397, 401, 405, 408]","[345, 348, 352, 356, 360, 363, 367, 371, 375, 378, 382, 386, 390, 393, 397, 401]","[52, 56, 60, 64, 67, 71, 75, 79, 82, 86, 90, 94, 97, 101, 105, 109, 112, 116, 120, 124, 127, 131, 135, 139]","[397, 401, 405, 408, 412, 416, 420, 423, 427, 431, 435, 438, 442, 446, 450, 453, 457, 461, 465, 468, 472, 476, 480, 483, 487, 491, 495, 498, 502, 506, 509, 513]",genvidbench:datasets/genvidbench_pair1_ms_vript_calib/real/vript/-5AaUB7Cgzg-Scene-025.mp4,genvidbench:real-content:-5AaUB7Cgzg,genvidbench,fit,genvidbench:datasets/genvidbench_pair1_ms_vript_calib/real/vript/-5AaUB7Cgzg-Scene-025.mp4,datasets/genvidbench_pair1_ms_vript_calib/real/vript/-5AaUB7Cgzg-Scene-025.mp4,genvidbench:-5AaUB7Cgzg,vript,,,,cache/fit/target/fit/genvidbench/019.npz,43b102cc881ce8e8f4357c9e148c6663c73b79a196b863691e67ca52fa4db742
datasets/genvidbench_pair1_ms_vript_calib/real/vript/-67dMcXTZ2o-Scene-009.mp4,real,vript,23.976023976023978,5.588917,134,"[0, 3, 6, 9, 12, 15, 18, 21, 24, 27, 30, 33, 36, 39, 42, 45, 48, 51, 54, 57, 60, 63, 66, 69, 72, 75, 78, 81, 84, 87, 90, 93, 96, 99, 102, 105, 108, 111, 114, 117, 120, 123, 126, 129, 132]","[84, 87, 90, 93, 96, 99, 102, 105]","[42, 45, 48, 51, 54, 57, 60, 63, 66, 69, 72, 75, 78, 81, 84, 87]","[30, 33, 36, 39, 42, 45, 48, 51, 54, 57, 60, 63, 66, 69, 72, 75, 78, 81, 84, 87, 90, 93, 96, 99]","[21, 24, 27, 30, 33, 36, 39, 42, 45, 48, 51, 54, 57, 60, 63, 66, 69, 72, 75, 78, 81, 84, 87, 90, 93, 96, 99, 102, 105, 108, 111, 114]",genvidbench:datasets/genvidbench_pair1_ms_vript_calib/real/vript/-67dMcXTZ2o-Scene-009.mp4,genvidbench:real-content:-67dMcXTZ2o,genvidbench,fit,genvidbench:datasets/genvidbench_pair1_ms_vript_calib/real/vript/-67dMcXTZ2o-Scene-009.mp4,datasets/genvidbench_pair1_ms_vript_calib/real/vript/-67dMcXTZ2o-Scene-009.mp4,genvidbench:-67dMcXTZ2o,vript,,,,cache/fit/target/fit/genvidbench/020.npz,ad1c967844ff18faf1225c2cf9585a48870f541628ce43927c95b45b1463ff90
datasets/genvidbench_pair1_ms_vript_calib/real/vript/-6AcmVWuiWQ-Scene-009.mp4,real,vript,30.0,9.5,285,"[0, 4, 8, 11, 15, 19, 22, 26, 30, 34, 38, 41, 45, 49, 52, 56, 60, 64, 68, 71, 75, 79, 82, 86, 90, 94, 98, 101, 105, 109, 112, 116, 120, 124, 128, 131, 135, 139, 142, 146, 150, 154, 158, 161, 165, 169, 172, 176, 180, 184, 188, 191, 195, 199, 202, 206, 210, 214, 218, 221, 225, 229, 232, 236, 240, 244, 248, 251, 255, 259, 262, 266, 270, 274, 278, 281]","[191, 195, 199, 202, 206, 210, 214, 218]","[105, 109, 112, 116, 120, 124, 128, 131, 135, 139, 142, 146, 150, 154, 158, 161]","[52, 56, 60, 64, 68, 71, 75, 79, 82, 86, 90, 94, 98, 101, 105, 109, 112, 116, 120, 124, 128, 131, 135, 139]","[158, 161, 165, 169, 172, 176, 180, 184, 188, 191, 195, 199, 202, 206, 210, 214, 218, 221, 225, 229, 232, 236, 240, 244, 248, 251, 255, 259, 262, 266, 270, 274]",genvidbench:datasets/genvidbench_pair1_ms_vript_calib/real/vript/-6AcmVWuiWQ-Scene-009.mp4,genvidbench:real-content:-6AcmVWuiWQ,genvidbench,fit,genvidbench:datasets/genvidbench_pair1_ms_vript_calib/real/vript/-6AcmVWuiWQ-Scene-009.mp4,datasets/genvidbench_pair1_ms_vript_calib/real/vript/-6AcmVWuiWQ-Scene-009.mp4,genvidbench:-6AcmVWuiWQ,vript,,,,cache/fit/target/fit/genvidbench/021.npz,183860c041ca62e581c369774bb8c0125f2885fb3e23fc127dd3bebf21f4887c
datasets/genvidbench_pair1_ms_vript_calib/real/vript/-6AcmVWuiWQ-Scene-018.mp4,real,vript,30.0,8.366667,251,"[0, 4, 8, 11, 15, 19, 22, 26, 30, 34, 38, 41, 45, 49, 52, 56, 60, 64, 68, 71, 75, 79, 82, 86, 90, 94, 98, 101, 105, 109, 112, 116, 120, 124, 128, 131, 135, 139, 142, 146, 150, 154, 158, 161, 165, 169, 172, 176, 180, 184, 188, 191, 195, 199, 202, 206, 210, 214, 218, 221, 225, 229, 232, 236, 240, 244, 248]","[142, 146, 150, 154, 158, 161, 165, 169]","[191, 195, 199, 202, 206, 210, 214, 218, 221, 225, 229, 232, 236, 240, 244, 248]","[105, 109, 112, 116, 120, 124, 128, 131, 135, 139, 142, 146, 150, 154, 158, 161, 165, 169, 172, 176, 180, 184, 188, 191]","[52, 56, 60, 64, 68, 71, 75, 79, 82, 86, 90, 94, 98, 101, 105, 109, 112, 116, 120, 124, 128, 131, 135, 139, 142, 146, 150, 154, 158, 161, 165, 169]",genvidbench:datasets/genvidbench_pair1_ms_vript_calib/real/vript/-6AcmVWuiWQ-Scene-018.mp4,genvidbench:real-content:-6AcmVWuiWQ,genvidbench,fit,genvidbench:datasets/genvidbench_pair1_ms_vript_calib/real/vript/-6AcmVWuiWQ-Scene-018.mp4,datasets/genvidbench_pair1_ms_vript_calib/real/vript/-6AcmVWuiWQ-Scene-018.mp4,genvidbench:-6AcmVWuiWQ,vript,,,,cache/fit/target/fit/genvidbench/022.npz,ea7b8de58fb1a6b7f52c2d1f5968982e451b113c7734e6b57a7f746a4c5ab5f9
datasets/genvidbench_pair1_ms_vript_calib/real/vript/-6AcmVWuiWQ-Scene-031.mp4,real,vript,30.0,4.833333,145,"[0, 4, 8, 11, 15, 19, 22, 26, 30, 34, 38, 41, 45, 49, 52, 56, 60, 64, 68, 71, 75, 79, 82, 86, 90, 94, 98, 101, 105, 109, 112, 116, 120, 124, 128, 131, 135, 139, 142]","[22, 26, 30, 34, 38, 41, 45, 49]","[71, 75, 79, 82, 86, 90, 94, 98, 101, 105, 109, 112, 116, 120, 124, 128]","[45, 49, 52, 56, 60, 64, 68, 71, 75, 79, 82, 86, 90, 94, 98, 101, 105, 109, 112, 116, 120, 124, 128, 131]","[22, 26, 30, 34, 38, 41, 45, 49, 52, 56, 60, 64, 68, 71, 75, 79, 82, 86, 90, 94, 98, 101, 105, 109, 112, 116, 120, 124, 128, 131, 135, 139]",genvidbench:datasets/genvidbench_pair1_ms_vript_calib/real/vript/-6AcmVWuiWQ-Scene-031.mp4,genvidbench:real-content:-6AcmVWuiWQ,genvidbench,fit,genvidbench:datasets/genvidbench_pair1_ms_vript_calib/real/vript/-6AcmVWuiWQ-Scene-031.mp4,datasets/genvidbench_pair1_ms_vript_calib/real/vript/-6AcmVWuiWQ-Scene-031.mp4,genvidbench:-6AcmVWuiWQ,vript,,,,cache/fit/target/fit/genvidbench/023.npz,b248ec5673d5520b3a2faee367db6be79e79d2ee99bdb5e257c618a6e1209bd8
datasets/genvidbench_pair1_ms_vript_calib/real/vript/-6cAazniJAc-Scene-061.mp4,real,vript,29.916666666666668,3.710306,111,"[0, 4, 7, 11, 15, 19, 22, 26, 30, 34, 37, 41, 45, 49, 52, 56, 60, 64, 67, 71, 75, 79, 82, 86, 90, 93, 97, 101, 105, 108]","[22, 26, 30, 34, 37, 41, 45, 49]","[11, 15, 19, 22, 26, 30, 34, 37, 41, 45, 49, 52, 56, 60, 64, 67]","[15, 19, 22, 26, 30, 34, 37, 41, 45, 49, 52, 56, 60, 64, 67, 71, 75, 79, 82, 86, 90, 93, 97, 101]",,genvidbench:datasets/genvidbench_pair1_ms_vript_calib/real/vript/-6cAazniJAc-Scene-061.mp4,genvidbench:real-content:-6cAazniJAc,genvidbench,fit,genvidbench:datasets/genvidbench_pair1_ms_vript_calib/real/vript/-6cAazniJAc-Scene-061.mp4,datasets/genvidbench_pair1_ms_vript_calib/real/vript/-6cAazniJAc-Scene-061.mp4,genvidbench:-6cAazniJAc,vript,,,,cache/fit/target/fit/genvidbench/024.npz,573aadb552f71b014e9092083b37afeef1a3991678680f9e6eb3ecf4af01e1e3
datasets/genvidbench_pair1_ms_vript_calib/real/vript/-6rTkOEJNzU-Scene-003.mp4,real,vript,29.97002997002997,10.677333,320,"[0, 4, 7, 11, 15, 19, 22, 26, 30, 34, 37, 41, 45, 49, 52, 56, 60, 64, 67, 71, 75, 79, 82, 86, 90, 94, 97, 101, 105, 109, 112, 116, 120, 124, 127, 131, 135, 139, 142, 146, 150, 154, 157, 161, 165, 169, 172, 176, 180, 184, 187, 191, 195, 199, 202, 206, 210, 214, 217, 221, 225, 229, 232, 236, 240, 244, 247, 251, 255, 258, 262, 266, 270, 273, 277, 281, 285, 288, 292, 296, 300, 303, 307, 311, 315, 318]","[191, 195, 199, 202, 206, 210, 214, 217]","[52, 56, 60, 64, 67, 71, 75, 79, 82, 86, 90, 94, 97, 101, 105, 109]","[157, 161, 165, 169, 172, 176, 180, 184, 187, 191, 195, 199, 202, 206, 210, 214, 217, 221, 225, 229, 232, 236, 240, 244]","[26, 30, 34, 37, 41, 45, 49, 52, 56, 60, 64, 67, 71, 75, 79, 82, 86, 90, 94, 97, 101, 105, 109, 112, 116, 120, 124, 127, 131, 135, 139, 142]",genvidbench:datasets/genvidbench_pair1_ms_vript_calib/real/vript/-6rTkOEJNzU-Scene-003.mp4,genvidbench:real-content:-6rTkOEJNzU,genvidbench,fit,genvidbench:datasets/genvidbench_pair1_ms_vript_calib/real/vript/-6rTkOEJNzU-Scene-003.mp4,datasets/genvidbench_pair1_ms_vript_calib/real/vript/-6rTkOEJNzU-Scene-003.mp4,genvidbench:-6rTkOEJNzU,vript,,,,cache/fit/target/fit/genvidbench/025.npz,8ec336ad80dc655254744f65cfdd84ed14b05f36121b107030514d8cbffe86b2
datasets/genvidbench_pair1_ms_vript_calib/real/vript/-6yqTXNmZ7E-Scene-003.mp4,real,vript,29.97002997002997,24.6246,738,"[0, 4, 7, 11, 15, 19, 22, 26, 30, 34, 37, 41, 45, 49, 52, 56, 60, 64, 67, 71, 75, 79, 82, 86, 90, 94, 97, 101, 105, 109, 112, 116, 120, 124, 127, 131, 135, 139, 142, 146, 150, 154, 157, 161, 165, 169, 172, 176, 180, 184, 187, 191, 195, 199, 202, 206, 210, 214, 217, 221, 225, 229, 232, 236, 240, 244, 247, 251, 255, 258, 262, 266, 270, 273, 277, 281, 285, 288, 292, 296, 300, 303, 307, 311, 315, 318, 322, 326, 330, 333, 337, 341, 345, 348, 352, 356, 360, 363, 367, 371, 375, 378, 382, 386, 390, 393, 397, 401, 405, 408, 412, 416, 420, 423, 427, 431, 435, 438, 442, 446, 450, 453, 457, 461, 465, 468, 472, 476, 480, 483, 487, 491, 495, 498, 502, 506, 509, 513, 517, 521, 524, 528, 532, 536, 539, 543, 547, 551, 554, 558, 562, 566, 569, 573, 577, 581, 584, 588, 592, 596, 599, 603, 607, 611, 614, 618, 622, 626, 629, 633, 637, 641, 644, 648, 652, 656, 659, 663, 667, 671, 674, 678, 682, 686, 689, 693, 697, 701, 704, 708, 712, 716, 719, 723, 727, 731, 734]","[382, 386, 390, 393, 397, 401, 405, 408]","[671, 674, 678, 682, 686, 689, 693, 697, 701, 704, 708, 712, 716, 719, 723, 727]","[345, 348, 352, 356, 360, 363, 367, 371, 375, 378, 382, 386, 390, 393, 397, 401, 405, 408, 412, 416, 420, 423, 427, 431]","[52, 56, 60, 64, 67, 71, 75, 79, 82, 86, 90, 94, 97, 101, 105, 109, 112, 116, 120, 124, 127, 131, 135, 139, 142, 146, 150, 154, 157, 161, 165, 169]",genvidbench:datasets/genvidbench_pair1_ms_vript_calib/real/vript/-6yqTXNmZ7E-Scene-003.mp4,genvidbench:real-content:-6yqTXNmZ7E,genvidbench,fit,genvidbench:datasets/genvidbench_pair1_ms_vript_calib/real/vript/-6yqTXNmZ7E-Scene-003.mp4,datasets/genvidbench_pair1_ms_vript_calib/real/vript/-6yqTXNmZ7E-Scene-003.mp4,genvidbench:-6yqTXNmZ7E,vript,,,,cache/fit/target/fit/genvidbench/026.npz,bb49cbc7711d4b16bce8b756231380ca8d8769211e09478c397e04e1a5bce39d
datasets/genvidbench_pair1_ms_vript_calib/real/vript/-7BKjOyJrk8-Scene-023.mp4,real,vript,25.0,7.2,180,"[0, 3, 6, 9, 12, 16, 19, 22, 25, 28, 31, 34, 38, 41, 44, 47, 50, 53, 56, 59, 62, 66, 69, 72, 75, 78, 81, 84, 88, 91, 94, 97, 100, 103, 106, 109, 112, 116, 119, 122, 125, 128, 131, 134, 138, 141, 144, 147, 150, 153, 156, 159, 162, 166, 169, 172, 175, 178]","[119, 122, 125, 128, 131, 134, 138, 141]","[88, 91, 94, 97, 100, 103, 106, 109, 112, 116, 119, 122, 125, 128, 131, 134]","[44, 47, 50, 53, 56, 59, 62, 66, 69, 72, 75, 78, 81, 84, 88, 91, 94, 97, 100, 103, 106, 109, 112, 116]","[31, 34, 38, 41, 44, 47, 50, 53, 56, 59, 62, 66, 69, 72, 75, 78, 81, 84, 88, 91, 94, 97, 100, 103, 106, 109, 112, 116, 119, 122, 125, 128]",genvidbench:datasets/genvidbench_pair1_ms_vript_calib/real/vript/-7BKjOyJrk8-Scene-023.mp4,genvidbench:real-content:-7BKjOyJrk8,genvidbench,fit,genvidbench:datasets/genvidbench_pair1_ms_vript_calib/real/vript/-7BKjOyJrk8-Scene-023.mp4,datasets/genvidbench_pair1_ms_vript_calib/real/vript/-7BKjOyJrk8-Scene-023.mp4,genvidbench:-7BKjOyJrk8,vript,,,,cache/fit/target/fit/genvidbench/027.npz,7ac793d9c57dca622736b0f828b0a16e9052a5cd24bb213521a3ca45aa167bf4
datasets/genvidbench_pair1_ms_vript_calib/real/vript/-820sRZ6HXs-Scene-007.mp4,real,vript,29.97002997002997,18.5185,555,"[0, 4, 7, 11, 15, 19, 22, 26, 30, 34, 37, 41, 45, 49, 52, 56, 60, 64, 67, 71, 75, 79, 82, 86, 90, 94, 97, 101, 105, 109, 112, 116, 120, 124, 127, 131, 135, 139, 142, 146, 150, 154, 157, 161, 165, 169, 172, 176, 180, 184, 187, 191, 195, 199, 202, 206, 210, 214, 217, 221, 225, 229, 232, 236, 240, 244, 247, 251, 255, 258, 262, 266, 270, 273, 277, 281, 285, 288, 292, 296, 300, 303, 307, 311, 315, 318, 322, 326, 330, 333, 337, 341, 345, 348, 352, 356, 360, 363, 367, 371, 375, 378, 382, 386, 390, 393, 397, 401, 405, 408, 412, 416, 420, 423, 427, 431, 435, 438, 442, 446, 450, 453, 457, 461, 465, 468, 472, 476, 480, 483, 487, 491, 495, 498, 502, 506, 509, 513, 517, 521, 524, 528, 532, 536, 539, 543, 547, 551, 554]","[382, 386, 390, 393, 397, 401, 405, 408]","[345, 348, 352, 356, 360, 363, 367, 371, 375, 378, 382, 386, 390, 393, 397, 401]","[52, 56, 60, 64, 67, 71, 75, 79, 82, 86, 90, 94, 97, 101, 105, 109, 112, 116, 120, 124, 127, 131, 135, 139]","[397, 401, 405, 408, 412, 416, 420, 423, 427, 431, 435, 438, 442, 446, 450, 453, 457, 461, 465, 468, 472, 476, 480, 483, 487, 491, 495, 498, 502, 506, 509, 513]",genvidbench:datasets/genvidbench_pair1_ms_vript_calib/real/vript/-820sRZ6HXs-Scene-007.mp4,genvidbench:real-content:-820sRZ6HXs,genvidbench,fit,genvidbench:datasets/genvidbench_pair1_ms_vript_calib/real/vript/-820sRZ6HXs-Scene-007.mp4,datasets/genvidbench_pair1_ms_vript_calib/real/vript/-820sRZ6HXs-Scene-007.mp4,genvidbench:-820sRZ6HXs,vript,,,,cache/fit/target/fit/genvidbench/028.npz,f4d5b5a6457d3e598b300880af6d6504b00a64e580239514e0b73b87421342ad
datasets/genvidbench_pair1_ms_vript_calib/real/vript/-8QN_w1MhmM-Scene-104.mp4,real,vript,30.0,3.866667,116,"[0, 4, 8, 11, 15, 19, 22, 26, 30, 34, 38, 41, 45, 49, 52, 56, 60, 64, 68, 71, 75, 79, 82, 86, 90, 94, 98, 101, 105, 109, 112]","[22, 26, 30, 34, 38, 41, 45, 49]","[11, 15, 19, 22, 26, 30, 34, 38, 41, 45, 49, 52, 56, 60, 64, 68]","[15, 19, 22, 26, 30, 34, 38, 41, 45, 49, 52, 56, 60, 64, 68, 71, 75, 79, 82, 86, 90, 94, 98, 101]",,genvidbench:datasets/genvidbench_pair1_ms_vript_calib/real/vript/-8QN_w1MhmM-Scene-104.mp4,genvidbench:real-content:-8QN_w1MhmM,genvidbench,fit,genvidbench:datasets/genvidbench_pair1_ms_vript_calib/real/vript/-8QN_w1MhmM-Scene-104.mp4,datasets/genvidbench_pair1_ms_vript_calib/real/vript/-8QN_w1MhmM-Scene-104.mp4,genvidbench:-8QN_w1MhmM,vript,,,,cache/fit/target/fit/genvidbench/029.npz,3f89935c7f9f14db9592e09623d1ada3935fbfddf57b2b19f7be491694ca4943
datasets/genvidbench_pair1_ms_vript_calib/real/vript/-93CWeMXO4Q-Scene-010.mp4,real,vript,24.0,11.291667,271,"[0, 3, 6, 9, 12, 15, 18, 21, 24, 27, 30, 33, 36, 39, 42, 45, 48, 51, 54, 57, 60, 63, 66, 69, 72, 75, 78, 81, 84, 87, 90, 93, 96, 99, 102, 105, 108, 111, 114, 117, 120, 123, 126, 129, 132, 135, 138, 141, 144, 147, 150, 153, 156, 159, 162, 165, 168, 171, 174, 177, 180, 183, 186, 189, 192, 195, 198, 201, 204, 207, 210, 213, 216, 219, 222, 225, 228, 231, 234, 237, 240, 243, 246, 249, 252, 255, 258, 261, 264, 267, 270]","[153, 156, 159, 162, 165, 168, 171, 174]","[42, 45, 48, 51, 54, 57, 60, 63, 66, 69, 72, 75, 78, 81, 84, 87]","[180, 183, 186, 189, 192, 195, 198, 201, 204, 207, 210, 213, 216, 219, 222, 225, 228, 231, 234, 237, 240, 243, 246, 249]","[60, 63, 66, 69, 72, 75, 78, 81, 84, 87, 90, 93, 96, 99, 102, 105, 108, 111, 114, 117, 120, 123, 126, 129, 132, 135, 138, 141, 144, 147, 150, 153]",genvidbench:datasets/genvidbench_pair1_ms_vript_calib/real/vript/-93CWeMXO4Q-Scene-010.mp4,genvidbench:real-content:-93CWeMXO4Q,genvidbench,fit,genvidbench:datasets/genvidbench_pair1_ms_vript_calib/real/vript/-93CWeMXO4Q-Scene-010.mp4,datasets/genvidbench_pair1_ms_vript_calib/real/vript/-93CWeMXO4Q-Scene-010.mp4,genvidbench:-93CWeMXO4Q,vript,,,,cache/fit/target/fit/genvidbench/030.npz,cd7e9b13d4615cac94553e4d4fc4cc5681da9616609e193dae60fd0d2f9e0a8e
datasets/genvidbench_pair1_ms_vript_calib/real/vript/-93CWeMXO4Q-Scene-052.mp4,real,vript,24.0,4.375,105,"[0, 3, 6, 9, 12, 15, 18, 21, 24, 27, 30, 33, 36, 39, 42, 45, 48, 51, 54, 57, 60, 63, 66, 69, 72, 75, 78, 81, 84, 87, 90, 93, 96, 99, 102]","[18, 21, 24, 27, 30, 33, 36, 39]","[57, 60, 63, 66, 69, 72, 75, 78, 81, 84, 87, 90, 93, 96, 99, 102]","[30, 33, 36, 39, 42, 45, 48, 51, 54, 57, 60, 63, 66, 69, 72, 75, 78, 81, 84, 87, 90, 93, 96, 99]","[9, 12, 15, 18, 21, 24, 27, 30, 33, 36, 39, 42, 45, 48, 51, 54, 57, 60, 63, 66, 69, 72, 75, 78, 81, 84, 87, 90, 93, 96, 99, 102]",genvidbench:datasets/genvidbench_pair1_ms_vript_calib/real/vript/-93CWeMXO4Q-Scene-052.mp4,genvidbench:real-content:-93CWeMXO4Q,genvidbench,fit,genvidbench:datasets/genvidbench_pair1_ms_vript_calib/real/vript/-93CWeMXO4Q-Scene-052.mp4,datasets/genvidbench_pair1_ms_vript_calib/real/vript/-93CWeMXO4Q-Scene-052.mp4,genvidbench:-93CWeMXO4Q,vript,,,,cache/fit/target/fit/genvidbench/031.npz,d52edb97603929d788e8c15d49b22f4fc202e3655e636e1322ea0fe62ddc8b3b
datasets/genvidbench_pair1_ms_vript_calib/real/vript/-9OsVign0Kc-Scene-012.mp4,real,vript,29.97002997002997,17.384033,521,"[0, 4, 7, 11, 15, 19, 22, 26, 30, 34, 37, 41, 45, 49, 52, 56, 60, 64, 67, 71, 75, 79, 82, 86, 90, 94, 97, 101, 105, 109, 112, 116, 120, 124, 127, 131, 135, 139, 142, 146, 150, 154, 157, 161, 165, 169, 172, 176, 180, 184, 187, 191, 195, 199, 202, 206, 210, 214, 217, 221, 225, 229, 232, 236, 240, 244, 247, 251, 255, 258, 262, 266, 270, 273, 277, 281, 285, 288, 292, 296, 300, 303, 307, 311, 315, 318, 322, 326, 330, 333, 337, 341, 345, 348, 352, 356, 360, 363, 367, 371, 375, 378, 382, 386, 390, 393, 397, 401, 405, 408, 412, 416, 420, 423, 427, 431, 435, 438, 442, 446, 450, 453, 457, 461, 465, 468, 472, 476, 480, 483, 487, 491, 495, 498, 502, 506, 509, 513, 517]","[382, 386, 390, 393, 397, 401, 405, 408]","[191, 195, 199, 202, 206, 210, 214, 217, 221, 225, 229, 232, 236, 240, 244, 247]","[345, 348, 352, 356, 360, 363, 367, 371, 375, 378, 382, 386, 390, 393, 397, 401, 405, 408, 412, 416, 420, 423, 427, 431]","[52, 56, 60, 64, 67, 71, 75, 79, 82, 86, 90, 94, 97, 101, 105, 109, 112, 116, 120, 124, 127, 131, 135, 139, 142, 146, 150, 154, 157, 161, 165, 169]",genvidbench:datasets/genvidbench_pair1_ms_vript_calib/real/vript/-9OsVign0Kc-Scene-012.mp4,genvidbench:real-content:-9OsVign0Kc,genvidbench,fit,genvidbench:datasets/genvidbench_pair1_ms_vript_calib/real/vript/-9OsVign0Kc-Scene-012.mp4,datasets/genvidbench_pair1_ms_vript_calib/real/vript/-9OsVign0Kc-Scene-012.mp4,genvidbench:-9OsVign0Kc,vript,,,,cache/fit/target/fit/genvidbench/032.npz,7bff11caea8e5a7853c0a74efecf576ccd509f844201ee7073e3123ef28682f4
datasets/genvidbench_pair1_ms_vript_calib/real/vript/-9jvwJgOtZQ-Scene-015.mp4,real,vript,23.976023976023978,6.381375,153,"[0, 3, 6, 9, 12, 15, 18, 21, 24, 27, 30, 33, 36, 39, 42, 45, 48, 51, 54, 57, 60, 63, 66, 69, 72, 75, 78, 81, 84, 87, 90, 93, 96, 99, 102, 105, 108, 111, 114, 117, 120, 123, 126, 129, 132, 135, 138, 141, 144, 147, 150]","[114, 117, 120, 123, 126, 129, 132, 135]","[84, 87, 90, 93, 96, 99, 102, 105, 108, 111, 114, 117, 120, 123, 126, 129]","[42, 45, 48, 51, 54, 57, 60, 63, 66, 69, 72, 75, 78, 81, 84, 87, 90, 93, 96, 99, 102, 105, 108, 111]","[30, 33, 36, 39, 42, 45, 48, 51, 54, 57, 60, 63, 66, 69, 72, 75, 78, 81, 84, 87, 90, 93, 96, 99, 102, 105, 108, 111, 114, 117, 120, 123]",genvidbench:datasets/genvidbench_pair1_ms_vript_calib/real/vript/-9jvwJgOtZQ-Scene-015.mp4,genvidbench:real-content:-9jvwJgOtZQ,genvidbench,fit,genvidbench:datasets/genvidbench_pair1_ms_vript_calib/real/vript/-9jvwJgOtZQ-Scene-015.mp4,datasets/genvidbench_pair1_ms_vript_calib/real/vript/-9jvwJgOtZQ-Scene-015.mp4,genvidbench:-9jvwJgOtZQ,vript,,,,cache/fit/target/fit/genvidbench/033.npz,8d9595bae073c7b1681b923139c09a1d9563df1ca773869fddaa15263bc4e156
datasets/genvidbench_pair1_ms_vript_calib/real/vript/-AxBXLwxZNU-Scene-038.mp4,real,vript,29.97002997002997,5.071733,152,"[0, 4, 7, 11, 15, 19, 22, 26, 30, 34, 37, 41, 45, 49, 52, 56, 60, 64, 67, 71, 75, 79, 82, 86, 90, 94, 97, 101, 105, 109, 112, 116, 120, 124, 127, 131, 135, 139, 142, 146, 150]","[105, 109, 112, 116, 120, 124, 127, 131]","[52, 56, 60, 64, 67, 71, 75, 79, 82, 86, 90, 94, 97, 101, 105, 109]","[37, 41, 45, 49, 52, 56, 60, 64, 67, 71, 75, 79, 82, 86, 90, 94, 97, 101, 105, 109, 112, 116, 120, 124]","[26, 30, 34, 37, 41, 45, 49, 52, 56, 60, 64, 67, 71, 75, 79, 82, 86, 90, 94, 97, 101, 105, 109, 112, 116, 120, 124, 127, 131, 135, 139, 142]",genvidbench:datasets/genvidbench_pair1_ms_vript_calib/real/vript/-AxBXLwxZNU-Scene-038.mp4,genvidbench:real-content:-AxBXLwxZNU,genvidbench,fit,genvidbench:datasets/genvidbench_pair1_ms_vript_calib/real/vript/-AxBXLwxZNU-Scene-038.mp4,datasets/genvidbench_pair1_ms_vript_calib/real/vript/-AxBXLwxZNU-Scene-038.mp4,genvidbench:-AxBXLwxZNU,vript,,,,cache/fit/target/fit/genvidbench/034.npz,c2828762a3dda1139379fe2a1720b5c8f70d68ba3459ec1012ba0f8eb58fe9f8
datasets/genvidbench_pair1_ms_vript_calib/real/vript/-BaYf6J7_AQ-Scene-054.mp4,real,vript,29.97002997002997,13.546867,406,"[0, 4, 7, 11, 15, 19, 22, 26, 30, 34, 37, 41, 45, 49, 52, 56, 60, 64, 67, 71, 75, 79, 82, 86, 90, 94, 97, 101, 105, 109, 112, 116, 120, 124, 127, 131, 135, 139, 142, 146, 150, 154, 157, 161, 165, 169, 172, 176, 180, 184, 187, 191, 195, 199, 202, 206, 210, 214, 217, 221, 225, 229, 232, 236, 240, 244, 247, 251, 255, 258, 262, 266, 270, 273, 277, 281, 285, 288, 292, 296, 300, 303, 307, 311, 315, 318, 322, 326, 330, 333, 337, 341, 345, 348, 352, 356, 360, 363, 367, 371, 375, 378, 382, 386, 390, 393, 397, 401, 405]","[191, 195, 199, 202, 206, 210, 214, 217]","[345, 348, 352, 356, 360, 363, 367, 371, 375, 378, 382, 386, 390, 393, 397, 401]","[52, 56, 60, 64, 67, 71, 75, 79, 82, 86, 90, 94, 97, 101, 105, 109, 112, 116, 120, 124, 127, 131, 135, 139]","[266, 270, 273, 277, 281, 285, 288, 292, 296, 300, 303, 307, 311, 315, 318, 322, 326, 330, 333, 337, 341, 345, 348, 352, 356, 360, 363, 367, 371, 375, 378, 382]",genvidbench:datasets/genvidbench_pair1_ms_vript_calib/real/vript/-BaYf6J7_AQ-Scene-054.mp4,genvidbench:real-content:-BaYf6J7_AQ,genvidbench,fit,genvidbench:datasets/genvidbench_pair1_ms_vript_calib/real/vript/-BaYf6J7_AQ-Scene-054.mp4,datasets/genvidbench_pair1_ms_vript_calib/real/vript/-BaYf6J7_AQ-Scene-054.mp4,genvidbench:-BaYf6J7_AQ,vript,,,,cache/fit/target/fit/genvidbench/035.npz,56f3bd551fa72a38bd771a6a22596aa6f95cd6bcddaf45a87f24ec83c5524e8c
datasets/genvidbench_pair1_ms_vript_calib/real/vript/-CEda3luJyk-Scene-140.mp4,real,vript,29.97002997002997,4.1041,123,"[0, 4, 7, 11, 15, 19, 22, 26, 30, 34, 37, 41, 45, 49, 52, 56, 60, 64, 67, 71, 75, 79, 82, 86, 90, 94, 97, 101, 105, 109, 112, 116, 120]","[22, 26, 30, 34, 37, 41, 45, 49]","[52, 56, 60, 64, 67, 71, 75, 79, 82, 86, 90, 94, 97, 101, 105, 109]","[26, 30, 34, 37, 41, 45, 49, 52, 56, 60, 64, 67, 71, 75, 79, 82, 86, 90, 94, 97, 101, 105, 109, 112]","[0, 4, 7, 11, 15, 19, 22, 26, 30, 34, 37, 41, 45, 49, 52, 56, 60, 64, 67, 71, 75, 79, 82, 86, 90, 94, 97, 101, 105, 109, 112, 116]",genvidbench:datasets/genvidbench_pair1_ms_vript_calib/real/vript/-CEda3luJyk-Scene-140.mp4,genvidbench:real-content:-CEda3luJyk,genvidbench,fit,genvidbench:datasets/genvidbench_pair1_ms_vript_calib/real/vript/-CEda3luJyk-Scene-140.mp4,datasets/genvidbench_pair1_ms_vript_calib/real/vript/-CEda3luJyk-Scene-140.mp4,genvidbench:-CEda3luJyk,vript,,,,cache/fit/target/fit/genvidbench/036.npz,ab13a60fd198e3abb6d05af4345353419618de3f3507003eaec2377e28024c49
datasets/genvidbench_pair1_ms_vript_calib/real/vript/-CM1R8vvOwI-Scene-003.mp4,real,vript,29.97002997002997,7.741067,232,"[0, 4, 7, 11, 15, 19, 22, 26, 30, 34, 37, 41, 45, 49, 52, 56, 60, 64, 67, 71, 75, 79, 82, 86, 90, 94, 97, 101, 105, 109, 112, 116, 120, 124, 127, 131, 135, 139, 142, 146, 150, 154, 157, 161, 165, 169, 172, 176, 180, 184, 187, 191, 195, 199, 202, 206, 210, 214, 217, 221, 225, 229]","[142, 146, 150, 154, 157, 161, 165, 169]","[105, 109, 112, 116, 120, 124, 127, 131, 135, 139, 142, 146, 150, 154, 157, 161]","[52, 56, 60, 64, 67, 71, 75, 79, 82, 86, 90, 94, 97, 101, 105, 109, 112, 116, 120, 124, 127, 131, 135, 139]","[37, 41, 45, 49, 52, 56, 60, 64, 67, 71, 75, 79, 82, 86, 90, 94, 97, 101, 105, 109, 112, 116, 120, 124, 127, 131, 135, 139, 142, 146, 150, 154]",genvidbench:datasets/genvidbench_pair1_ms_vript_calib/real/vript/-CM1R8vvOwI-Scene-003.mp4,genvidbench:real-content:-CM1R8vvOwI,genvidbench,fit,genvidbench:datasets/genvidbench_pair1_ms_vript_calib/real/vript/-CM1R8vvOwI-Scene-003.mp4,datasets/genvidbench_pair1_ms_vript_calib/real/vript/-CM1R8vvOwI-Scene-003.mp4,genvidbench:-CM1R8vvOwI,vript,,,,cache/fit/target/fit/genvidbench/037.npz,b73a4218a8d7aae84ec24372e9c29939e4ca5ab8445d192c89c7d97b8c36407c
datasets/genvidbench_pair1_ms_vript_calib/real/vript/-CMizfNmOkU-Scene-002.mp4,real,vript,25.0,6.64,166,"[0, 3, 6, 9, 12, 16, 19, 22, 25, 28, 31, 34, 38, 41, 44, 47, 50, 53, 56, 59, 62, 66, 69, 72, 75, 78, 81, 84, 88, 91, 94, 97, 100, 103, 106, 109, 112, 116, 119, 122, 125, 128, 131, 134, 138, 141, 144, 147, 150, 153, 156, 159, 162]","[119, 122, 125, 128, 131, 134, 138, 141]","[88, 91, 94, 97, 100, 103, 106, 109, 112, 116, 119, 122, 125, 128, 131, 134]","[44, 47, 50, 53, 56, 59, 62, 66, 69, 72, 75, 78, 81, 84, 88, 91, 94, 97, 100, 103, 106, 109, 112, 116]","[31, 34, 38, 41, 44, 47, 50, 53, 56, 59, 62, 66, 69, 72, 75, 78, 81, 84, 88, 91, 94, 97, 100, 103, 106, 109, 112, 116, 119, 122, 125, 128]",genvidbench:datasets/genvidbench_pair1_ms_vript_calib/real/vript/-CMizfNmOkU-Scene-002.mp4,genvidbench:real-content:-CMizfNmOkU,genvidbench,fit,genvidbench:datasets/genvidbench_pair1_ms_vript_calib/real/vript/-CMizfNmOkU-Scene-002.mp4,datasets/genvidbench_pair1_ms_vript_calib/real/vript/-CMizfNmOkU-Scene-002.mp4,genvidbench:-CMizfNmOkU,vript,,,,cache/fit/target/fit/genvidbench/038.npz,ceaad0593c76f1431ecfa59821b5da3a30a9ddb4b27b6230cc79ceec48c6f806
datasets/genvidbench_pair1_ms_vript_calib/real/vript/-CVqAVX5aAc-Scene-027.mp4,real,vript,23.976023976023978,3.378375,81,"[0, 3, 6, 9, 12, 15, 18, 21, 24, 27, 30, 33, 36, 39, 42, 45, 48, 51, 54, 57, 60, 63, 66, 69, 72, 75, 78]","[18, 21, 24, 27, 30, 33, 36, 39]","[9, 12, 15, 18, 21, 24, 27, 30, 33, 36, 39, 42, 45, 48, 51, 54]","[0, 3, 6, 9, 12, 15, 18, 21, 24, 27, 30, 33, 36, 39, 42, 45, 48, 51, 54, 57, 60, 63, 66, 69]",,genvidbench:datasets/genvidbench_pair1_ms_vript_calib/real/vript/-CVqAVX5aAc-Scene-027.mp4,genvidbench:real-content:-CVqAVX5aAc,genvidbench,fit,genvidbench:datasets/genvidbench_pair1_ms_vript_calib/real/vript/-CVqAVX5aAc-Scene-027.mp4,datasets/genvidbench_pair1_ms_vript_calib/real/vript/-CVqAVX5aAc-Scene-027.mp4,genvidbench:-CVqAVX5aAc,vript,,,,cache/fit/target/fit/genvidbench/039.npz,65a1d3f0cf9c2ecb59b5f8b7bd5935ae6d3aca1386efd914e22dc0d13c29d9d6
datasets/genvidbench_pair1_ms_vript_calib/real/vript/-CjVQ-wC15Y-Scene-020.mp4,real,vript,29.97002997002997,5.5055,165,"[0, 4, 7, 11, 15, 19, 22, 26, 30, 34, 37, 41, 45, 49, 52, 56, 60, 64, 67, 71, 75, 79, 82, 86, 90, 94, 97, 101, 105, 109, 112, 116, 120, 124, 127, 131, 135, 139, 142, 146, 150, 154, 157, 161]","[105, 109, 112, 116, 120, 124, 127, 131]","[52, 56, 60, 64, 67, 71, 75, 79, 82, 86, 90, 94, 97, 101, 105, 109]","[37, 41, 45, 49, 52, 56, 60, 64, 67, 71, 75, 79, 82, 86, 90, 94, 97, 101, 105, 109, 112, 116, 120, 124]","[26, 30, 34, 37, 41, 45, 49, 52, 56, 60, 64, 67, 71, 75, 79, 82, 86, 90, 94, 97, 101, 105, 109, 112, 116, 120, 124, 127, 131, 135, 139, 142]",genvidbench:datasets/genvidbench_pair1_ms_vript_calib/real/vript/-CjVQ-wC15Y-Scene-020.mp4,genvidbench:real-content:-CjVQ-wC15Y,genvidbench,fit,genvidbench:datasets/genvidbench_pair1_ms_vript_calib/real/vript/-CjVQ-wC15Y-Scene-020.mp4,datasets/genvidbench_pair1_ms_vript_calib/real/vript/-CjVQ-wC15Y-Scene-020.mp4,genvidbench:-CjVQ-wC15Y,vript,,,,cache/fit/target/fit/genvidbench/040.npz,d2b1eb06060eb7a9fdfcef62f41a5dbcb311a5257959420f048d6ba77c1e58c9
datasets/genvidbench_pair1_ms_vript_calib/real/vript/-CqxAb76gz8-Scene-013.mp4,real,vript,29.97,5.271939,158,"[0, 4, 7, 11, 15, 19, 22, 26, 30, 34, 37, 41, 45, 49, 52, 56, 60, 64, 67, 71, 75, 79, 82, 86, 90, 94, 97, 101, 105, 109, 112, 116, 120, 124, 127, 131, 135, 139, 142, 146, 150, 154, 157]","[105, 109, 112, 116, 120, 124, 127, 131]","[52, 56, 60, 64, 67, 71, 75, 79, 82, 86, 90, 94, 97, 101, 105, 109]","[37, 41, 45, 49, 52, 56, 60, 64, 67, 71, 75, 79, 82, 86, 90, 94, 97, 101, 105, 109, 112, 116, 120, 124]","[26, 30, 34, 37, 41, 45, 49, 52, 56, 60, 64, 67, 71, 75, 79, 82, 86, 90, 94, 97, 101, 105, 109, 112, 116, 120, 124, 127, 131, 135, 139, 142]",genvidbench:datasets/genvidbench_pair1_ms_vript_calib/real/vript/-CqxAb76gz8-Scene-013.mp4,genvidbench:real-content:-CqxAb76gz8,genvidbench,fit,genvidbench:datasets/genvidbench_pair1_ms_vript_calib/real/vript/-CqxAb76gz8-Scene-013.mp4,datasets/genvidbench_pair1_ms_vript_calib/real/vript/-CqxAb76gz8-Scene-013.mp4,genvidbench:-CqxAb76gz8,vript,,,,cache/fit/target/fit/genvidbench/041.npz,4c084ac8f6713b2a13172fc858ad4e07a17ec545af42e66415c19c390effa189
datasets/genvidbench_pair1_ms_vript_calib/real/vript/-CrfiwHPNiE-Scene-036.mp4,real,vript,29.97002997002997,7.9079,237,"[0, 4, 7, 11, 15, 19, 22, 26, 30, 34, 37, 41, 45, 49, 52, 56, 60, 64, 67, 71, 75, 79, 82, 86, 90, 94, 97, 101, 105, 109, 112, 116, 120, 124, 127, 131, 135, 139, 142, 146, 150, 154, 157, 161, 165, 169, 172, 176, 180, 184, 187, 191, 195, 199, 202, 206, 210, 214, 217, 221, 225, 229, 232, 236]","[142, 146, 150, 154, 157, 161, 165, 169]","[105, 109, 112, 116, 120, 124, 127, 131, 135, 139, 142, 146, 150, 154, 157, 161]","[52, 56, 60, 64, 67, 71, 75, 79, 82, 86, 90, 94, 97, 101, 105, 109, 112, 116, 120, 124, 127, 131, 135, 139]","[26, 30, 34, 37, 41, 45, 49, 52, 56, 60, 64, 67, 71, 75, 79, 82, 86, 90, 94, 97, 101, 105, 109, 112, 116, 120, 124, 127, 131, 135, 139, 142]",genvidbench:datasets/genvidbench_pair1_ms_vript_calib/real/vript/-CrfiwHPNiE-Scene-036.mp4,genvidbench:real-content:-CrfiwHPNiE,genvidbench,fit,genvidbench:datasets/genvidbench_pair1_ms_vript_calib/real/vript/-CrfiwHPNiE-Scene-036.mp4,datasets/genvidbench_pair1_ms_vript_calib/real/vript/-CrfiwHPNiE-Scene-036.mp4,genvidbench:-CrfiwHPNiE,vript,,,,cache/fit/target/fit/genvidbench/042.npz,a36dd38fc4791e08b76509c1224f53b4542bbfb308eaf70b4b5a60f1452db739
datasets/genvidbench_pair1_ms_vript_calib/real/vript/-CwJBYXS1-Q-Scene-017.mp4,real,vript,29.97002997002997,4.3043,129,"[0, 4, 7, 11, 15, 19, 22, 26, 30, 34, 37, 41, 45, 49, 52, 56, 60, 64, 67, 71, 75, 79, 82, 86, 90, 94, 97, 101, 105, 109, 112, 116, 120, 124, 127]","[22, 26, 30, 34, 37, 41, 45, 49]","[71, 75, 79, 82, 86, 90, 94, 97, 101, 105, 109, 112, 116, 120, 124, 127]","[37, 41, 45, 49, 52, 56, 60, 64, 67, 71, 75, 79, 82, 86, 90, 94, 97, 101, 105, 109, 112, 116, 120, 124]","[11, 15, 19, 22, 26, 30, 34, 37, 41, 45, 49, 52, 56, 60, 64, 67, 71, 75, 79, 82, 86, 90, 94, 97, 101, 105, 109, 112, 116, 120, 124, 127]",genvidbench:datasets/genvidbench_pair1_ms_vript_calib/real/vript/-CwJBYXS1-Q-Scene-017.mp4,genvidbench:real-content:-CwJBYXS1-Q,genvidbench,fit,genvidbench:datasets/genvidbench_pair1_ms_vript_calib/real/vript/-CwJBYXS1-Q-Scene-017.mp4,datasets/genvidbench_pair1_ms_vript_calib/real/vript/-CwJBYXS1-Q-Scene-017.mp4,genvidbench:-CwJBYXS1-Q,vript,,,,cache/fit/target/fit/genvidbench/043.npz,de4eb85a84d5584116ca7a92cd5b13153c143395a8a958aa21e5d18a12b4f0f6
datasets/genvidbench_pair1_ms_vript_calib/real/vript/-CwJBYXS1-Q-Scene-063.mp4,real,vript,29.97002997002997,5.2052,156,"[0, 4, 7, 11, 15, 19, 22, 26, 30, 34, 37, 41, 45, 49, 52, 56, 60, 64, 67, 71, 75, 79, 82, 86, 90, 94, 97, 101, 105, 109, 112, 116, 120, 124, 127, 131, 135, 139, 142, 146, 150, 154]","[105, 109, 112, 116, 120, 124, 127, 131]","[52, 56, 60, 64, 67, 71, 75, 79, 82, 86, 90, 94, 97, 101, 105, 109]","[37, 41, 45, 49, 52, 56, 60, 64, 67, 71, 75, 79, 82, 86, 90, 94, 97, 101, 105, 109, 112, 116, 120, 124]","[26, 30, 34, 37, 41, 45, 49, 52, 56, 60, 64, 67, 71, 75, 79, 82, 86, 90, 94, 97, 101, 105, 109, 112, 116, 120, 124, 127, 131, 135, 139, 142]",genvidbench:datasets/genvidbench_pair1_ms_vript_calib/real/vript/-CwJBYXS1-Q-Scene-063.mp4,genvidbench:real-content:-CwJBYXS1-Q,genvidbench,fit,genvidbench:datasets/genvidbench_pair1_ms_vript_calib/real/vript/-CwJBYXS1-Q-Scene-063.mp4,datasets/genvidbench_pair1_ms_vript_calib/real/vript/-CwJBYXS1-Q-Scene-063.mp4,genvidbench:-CwJBYXS1-Q,vript,,,,cache/fit/target/fit/genvidbench/044.npz,787651d4f93a6f474d6cfff72cf4d426dba7b27748cc003d48b7ddc0742e18dc
datasets/genvidbench_pair1_ms_vript_calib/real/vript/-CyUvBfPgfg-Scene-010.mp4,real,vript,25.0,7.72,193,"[0, 3, 6, 9, 12, 16, 19, 22, 25, 28, 31, 34, 38, 41, 44, 47, 50, 53, 56, 59, 62, 66, 69, 72, 75, 78, 81, 84, 88, 91, 94, 97, 100, 103, 106, 109, 112, 116, 119, 122, 125, 128, 131, 134, 138, 141, 144, 147, 150, 153, 156, 159, 162, 166, 169, 172, 175, 178, 181, 184, 188, 191]","[119, 122, 125, 128, 131, 134, 138, 141]","[88, 91, 94, 97, 100, 103, 106, 109, 112, 116, 119, 122, 125, 128, 131, 134]","[44, 47, 50, 53, 56, 59, 62, 66, 69, 72, 75, 78, 81, 84, 88, 91, 94, 97, 100, 103, 106, 109, 112, 116]","[31, 34, 38, 41, 44, 47, 50, 53, 56, 59, 62, 66, 69, 72, 75, 78, 81, 84, 88, 91, 94, 97, 100, 103, 106, 109, 112, 116, 119, 122, 125, 128]",genvidbench:datasets/genvidbench_pair1_ms_vript_calib/real/vript/-CyUvBfPgfg-Scene-010.mp4,genvidbench:real-content:-CyUvBfPgfg,genvidbench,fit,genvidbench:datasets/genvidbench_pair1_ms_vript_calib/real/vript/-CyUvBfPgfg-Scene-010.mp4,datasets/genvidbench_pair1_ms_vript_calib/real/vript/-CyUvBfPgfg-Scene-010.mp4,genvidbench:-CyUvBfPgfg,vript,,,,cache/fit/target/fit/genvidbench/045.npz,056b5515610aab9c03128e1e8ee745b7a51c59b3cf77ea09d86195de999916f8
datasets/genvidbench_pair1_ms_vript_calib/real/vript/-DE6GnPpczM-Scene-009.mp4,real,vript,29.97002997002997,4.838167,145,"[0, 4, 7, 11, 15, 19, 22, 26, 30, 34, 37, 41, 45, 49, 52, 56, 60, 64, 67, 71, 75, 79, 82, 86, 90, 94, 97, 101, 105, 109, 112, 116, 120, 124, 127, 131, 135, 139, 142]","[22, 26, 30, 34, 37, 41, 45, 49]","[71, 75, 79, 82, 86, 90, 94, 97, 101, 105, 109, 112, 116, 120, 124, 127]","[45, 49, 52, 56, 60, 64, 67, 71, 75, 79, 82, 86, 90, 94, 97, 101, 105, 109, 112, 116, 120, 124, 127, 131]","[22, 26, 30, 34, 37, 41, 45, 49, 52, 56, 60, 64, 67, 71, 75, 79, 82, 86, 90, 94, 97, 101, 105, 109, 112, 116, 120, 124, 127, 131, 135, 139]",genvidbench:datasets/genvidbench_pair1_ms_vript_calib/real/vript/-DE6GnPpczM-Scene-009.mp4,genvidbench:real-content:-DE6GnPpczM,genvidbench,fit,genvidbench:datasets/genvidbench_pair1_ms_vript_calib/real/vript/-DE6GnPpczM-Scene-009.mp4,datasets/genvidbench_pair1_ms_vript_calib/real/vript/-DE6GnPpczM-Scene-009.mp4,genvidbench:-DE6GnPpczM,vript,,,,cache/fit/target/fit/genvidbench/046.npz,f53ccc4192e8358f9694a600c98e43429111e937137f1015d8b92506000a92bd
datasets/genvidbench_pair1_ms_vript_calib/real/vript/-DvrJYKZetE-Scene-016.mp4,real,vript,25.0,5.24,131,"[0, 3, 6, 9, 12, 16, 19, 22, 25, 28, 31, 34, 38, 41, 44, 47, 50, 53, 56, 59, 62, 66, 69, 72, 75, 78, 81, 84, 88, 91, 94, 97, 100, 103, 106, 109, 112, 116, 119, 122, 125, 128]","[88, 91, 94, 97, 100, 103, 106, 109]","[44, 47, 50, 53, 56, 59, 62, 66, 69, 72, 75, 78, 81, 84, 88, 91]","[31, 34, 38, 41, 44, 47, 50, 53, 56, 59, 62, 66, 69, 72, 75, 78, 81, 84, 88, 91, 94, 97, 100, 103]","[22, 25, 28, 31, 34, 38, 41, 44, 47, 50, 53, 56, 59, 62, 66, 69, 72, 75, 78, 81, 84, 88, 91, 94, 97, 100, 103, 106, 109, 112, 116, 119]",genvidbench:datasets/genvidbench_pair1_ms_vript_calib/real/vript/-DvrJYKZetE-Scene-016.mp4,genvidbench:real-content:-DvrJYKZetE,genvidbench,fit,genvidbench:datasets/genvidbench_pair1_ms_vript_calib/real/vript/-DvrJYKZetE-Scene-016.mp4,datasets/genvidbench_pair1_ms_vript_calib/real/vript/-DvrJYKZetE-Scene-016.mp4,genvidbench:-DvrJYKZetE,vript,,,,cache/fit/target/fit/genvidbench/047.npz,a6780fbe6cf3bdf4a35961f6986d8179f3e4c1eb8f35486f86156c553e90154a
datasets/genvidbench_pair1_ms_vript_calib/real/vript/-DvrJYKZetE-Scene-086.mp4,real,vript,25.0,11.56,289,"[0, 3, 6, 9, 12, 16, 19, 22, 25, 28, 31, 34, 38, 41, 44, 47, 50, 53, 56, 59, 62, 66, 69, 72, 75, 78, 81, 84, 88, 91, 94, 97, 100, 103, 106, 109, 112, 116, 119, 122, 125, 128, 131, 134, 138, 141, 144, 147, 150, 153, 156, 159, 162, 166, 169, 172, 175, 178, 181, 184, 188, 191, 194, 197, 200, 203, 206, 209, 212, 216, 219, 222, 225, 228, 231, 234, 238, 241, 244, 247, 250, 253, 256, 259, 262, 266, 269, 272, 275, 278, 281, 284, 288]","[159, 162, 166, 169, 172, 175, 178, 181]","[44, 47, 50, 53, 56, 59, 62, 66, 69, 72, 75, 78, 81, 84, 88, 91]","[188, 191, 194, 197, 200, 203, 206, 209, 212, 216, 219, 222, 225, 228, 231, 234, 238, 241, 244, 247, 250, 253, 256, 259]","[62, 66, 69, 72, 75, 78, 81, 84, 88, 91, 94, 97, 100, 103, 106, 109, 112, 116, 119, 122, 125, 128, 131, 134, 138, 141, 144, 147, 150, 153, 156, 159]",genvidbench:datasets/genvidbench_pair1_ms_vript_calib/real/vript/-DvrJYKZetE-Scene-086.mp4,genvidbench:real-content:-DvrJYKZetE,genvidbench,fit,genvidbench:datasets/genvidbench_pair1_ms_vript_calib/real/vript/-DvrJYKZetE-Scene-086.mp4,datasets/genvidbench_pair1_ms_vript_calib/real/vript/-DvrJYKZetE-Scene-086.mp4,genvidbench:-DvrJYKZetE,vript,,,,cache/fit/target/fit/genvidbench/048.npz,8428f2d0375d76311c2822eb9c19983c9ca7065061227107a4e3d2b7ce4b2984
datasets/genvidbench_pair1_ms_vript_calib/real/vript/-DvrJYKZetE-Scene-094.mp4,real,vript,25.0,4.76,119,"[0, 3, 6, 9, 12, 16, 19, 22, 25, 28, 31, 34, 38, 41, 44, 47, 50, 53, 56, 59, 62, 66, 69, 72, 75, 78, 81, 84, 88, 91, 94, 97, 100, 103, 106, 109, 112, 116]","[19, 22, 25, 28, 31, 34, 38, 41]","[59, 62, 66, 69, 72, 75, 78, 81, 84, 88, 91, 94, 97, 100, 103, 106]","[38, 41, 44, 47, 50, 53, 56, 59, 62, 66, 69, 72, 75, 78, 81, 84, 88, 91, 94, 97, 100, 103, 106, 109]","[19, 22, 25, 28, 31, 34, 38, 41, 44, 47, 50, 53, 56, 59, 62, 66, 69, 72, 75, 78, 81, 84, 88, 91, 94, 97, 100, 103, 106, 109, 112, 116]",genvidbench:datasets/genvidbench_pair1_ms_vript_calib/real/vript/-DvrJYKZetE-Scene-094.mp4,genvidbench:real-content:-DvrJYKZetE,genvidbench,fit,genvidbench:datasets/genvidbench_pair1_ms_vript_calib/real/vript/-DvrJYKZetE-Scene-094.mp4,datasets/genvidbench_pair1_ms_vript_calib/real/vript/-DvrJYKZetE-Scene-094.mp4,genvidbench:-DvrJYKZetE,vript,,,,cache/fit/target/fit/genvidbench/049.npz,40ec0ea546ba45041f8aae37738137cf380a493f3baf9648c6a029a98c0ae035
datasets/genvidbench_pair1_ms_vript_calib/real/vript/-DvrJYKZetE-Scene-169.mp4,real,vript,25.0,8.92,223,"[0, 3, 6, 9, 12, 16, 19, 22, 25, 28, 31, 34, 38, 41, 44, 47, 50, 53, 56, 59, 62, 66, 69, 72, 75, 78, 81, 84, 88, 91, 94, 97, 100, 103, 106, 109, 112, 116, 119, 122, 125, 128, 131, 134, 138, 141, 144, 147, 150, 153, 156, 159, 162, 166, 169, 172, 175, 178, 181, 184, 188, 191, 194, 197, 200, 203, 206, 209, 212, 216, 219, 222]","[159, 162, 166, 169, 172, 175, 178, 181]","[88, 91, 94, 97, 100, 103, 106, 109, 112, 116, 119, 122, 125, 128, 131, 134]","[44, 47, 50, 53, 56, 59, 62, 66, 69, 72, 75, 78, 81, 84, 88, 91, 94, 97, 100, 103, 106, 109, 112, 116]","[22, 25, 28, 31, 34, 38, 41, 44, 47, 50, 53, 56, 59, 62, 66, 69, 72, 75, 78, 81, 84, 88, 91, 94, 97, 100, 103, 106, 109, 112, 116, 119]",genvidbench:datasets/genvidbench_pair1_ms_vript_calib/real/vript/-DvrJYKZetE-Scene-169.mp4,genvidbench:real-content:-DvrJYKZetE,genvidbench,fit,genvidbench:datasets/genvidbench_pair1_ms_vript_calib/real/vript/-DvrJYKZetE-Scene-169.mp4,datasets/genvidbench_pair1_ms_vript_calib/real/vript/-DvrJYKZetE-Scene-169.mp4,genvidbench:-DvrJYKZetE,vript,,,,cache/fit/target/fit/genvidbench/050.npz,6abe7c4dc736ee5aca74791a19210bb5cc3696e2ea8ae39e84a2989c584d7376
datasets/genvidbench_pair1_ms_vript_calib/real/vript/-EK99mJ6Rn8-Scene-013.mp4,real,vript,30.0,4.433333,133,"[0, 4, 8, 11, 15, 19, 22, 26, 30, 34, 38, 41, 45, 49, 52, 56, 60, 64, 68, 71, 75, 79, 82, 86, 90, 94, 98, 101, 105, 109, 112, 116, 120, 124, 128, 131]","[22, 26, 30, 34, 38, 41, 45, 49]","[71, 75, 79, 82, 86, 90, 94, 98, 101, 105, 109, 112, 116, 120, 124, 128]","[45, 49, 52, 56, 60, 64, 68, 71, 75, 79, 82, 86, 90, 94, 98, 101, 105, 109, 112, 116, 120, 124, 128, 131]","[8, 11, 15, 19, 22, 26, 30, 34, 38, 41, 45, 49, 52, 56, 60, 64, 68, 71, 75, 79, 82, 86, 90, 94, 98, 101, 105, 109, 112, 116, 120, 124]",genvidbench:datasets/genvidbench_pair1_ms_vript_calib/real/vript/-EK99mJ6Rn8-Scene-013.mp4,genvidbench:real-content:-EK99mJ6Rn8,genvidbench,fit,genvidbench:datasets/genvidbench_pair1_ms_vript_calib/real/vript/-EK99mJ6Rn8-Scene-013.mp4,datasets/genvidbench_pair1_ms_vript_calib/real/vript/-EK99mJ6Rn8-Scene-013.mp4,genvidbench:-EK99mJ6Rn8,vript,,,,cache/fit/target/fit/genvidbench/051.npz,e18eb5af098d7a1703f31cecb18f90f9bf231afbede0cb01e808b0801a938635
datasets/genvidbench_pair1_ms_vript_calib/real/vript/-ELZ6vigbxo-Scene-031.mp4,real,vript,23.976023976023978,11.636625,279,"[0, 3, 6, 9, 12, 15, 18, 21, 24, 27, 30, 33, 36, 39, 42, 45, 48, 51, 54, 57, 60, 63, 66, 69, 72, 75, 78, 81, 84, 87, 90, 93, 96, 99, 102, 105, 108, 111, 114, 117, 120, 123, 126, 129, 132, 135, 138, 141, 144, 147, 150, 153, 156, 159, 162, 165, 168, 171, 174, 177, 180, 183, 186, 189, 192, 195, 198, 201, 204, 207, 210, 213, 216, 219, 222, 225, 228, 231, 234, 237, 240, 243, 246, 249, 252, 255, 258, 261, 264, 267, 270, 273, 276]","[153, 156, 159, 162, 165, 168, 171, 174]","[42, 45, 48, 51, 54, 57, 60, 63, 66, 69, 72, 75, 78, 81, 84, 87]","[180, 183, 186, 189, 192, 195, 198, 201, 204, 207, 210, 213, 216, 219, 222, 225, 228, 231, 234, 237, 240, 243, 246, 249]","[60, 63, 66, 69, 72, 75, 78, 81, 84, 87, 90, 93, 96, 99, 102, 105, 108, 111, 114, 117, 120, 123, 126, 129, 132, 135, 138, 141, 144, 147, 150, 153]",genvidbench:datasets/genvidbench_pair1_ms_vript_calib/real/vript/-ELZ6vigbxo-Scene-031.mp4,genvidbench:real-content:-ELZ6vigbxo,genvidbench,fit,genvidbench:datasets/genvidbench_pair1_ms_vript_calib/real/vript/-ELZ6vigbxo-Scene-031.mp4,datasets/genvidbench_pair1_ms_vript_calib/real/vript/-ELZ6vigbxo-Scene-031.mp4,genvidbench:-ELZ6vigbxo,vript,,,,cache/fit/target/fit/genvidbench/052.npz,04c26a30ec816f0cabab4fce0b842677a42a58df1ab76fe7fb690ab7e44be0a6
datasets/genvidbench_pair1_ms_vript_calib/real/vript/-F6BoGRCF8g-Scene-047.mp4,real,vript,29.97002997002997,3.4034,102,"[0, 4, 7, 11, 15, 19, 22, 26, 30, 34, 37, 41, 45, 49, 52, 56, 60, 64, 67, 71, 75, 79, 82, 86, 90, 94, 97, 101]","[22, 26, 30, 34, 37, 41, 45, 49]","[11, 15, 19, 22, 26, 30, 34, 37, 41, 45, 49, 52, 56, 60, 64, 67]","[15, 19, 22, 26, 30, 34, 37, 41, 45, 49, 52, 56, 60, 64, 67, 71, 75, 79, 82, 86, 90, 94, 97, 101]",,genvidbench:datasets/genvidbench_pair1_ms_vript_calib/real/vript/-F6BoGRCF8g-Scene-047.mp4,genvidbench:real-content:-F6BoGRCF8g,genvidbench,fit,genvidbench:datasets/genvidbench_pair1_ms_vript_calib/real/vript/-F6BoGRCF8g-Scene-047.mp4,datasets/genvidbench_pair1_ms_vript_calib/real/vript/-F6BoGRCF8g-Scene-047.mp4,genvidbench:-F6BoGRCF8g,vript,,,,cache/fit/target/fit/genvidbench/053.npz,590588b7ff128d6ad56577212a0a555fa4924c023b6fe99518583e7f2cc067a8
datasets/genvidbench_pair1_ms_vript_calib/real/vript/-FKRw_9qem8-Scene-051.mp4,real,vript,25.0,15.0,375,"[0, 3, 6, 9, 12, 16, 19, 22, 25, 28, 31, 34, 38, 41, 44, 47, 50, 53, 56, 59, 62, 66, 69, 72, 75, 78, 81, 84, 88, 91, 94, 97, 100, 103, 106, 109, 112, 116, 119, 122, 125, 128, 131, 134, 138, 141, 144, 147, 150, 153, 156, 159, 162, 166, 169, 172, 175, 178, 181, 184, 188, 191, 194, 197, 200, 203, 206, 209, 212, 216, 219, 222, 225, 228, 231, 234, 238, 241, 244, 247, 250, 253, 256, 259, 262, 266, 269, 272, 275, 278, 281, 284, 288, 291, 294, 297, 300, 303, 306, 309, 312, 316, 319, 322, 325, 328, 331, 334, 338, 341, 344, 347, 350, 353, 356, 359, 362, 366, 369, 372]","[319, 322, 325, 328, 331, 334, 338, 341]","[159, 162, 166, 169, 172, 175, 178, 181, 184, 188, 191, 194, 197, 200, 203, 206]","[288, 291, 294, 297, 300, 303, 306, 309, 312, 316, 319, 322, 325, 328, 331, 334, 338, 341, 344, 347, 350, 353, 356, 359]","[44, 47, 50, 53, 56, 59, 62, 66, 69, 72, 75, 78, 81, 84, 88, 91, 94, 97, 100, 103, 106, 109, 112, 116, 119, 122, 125, 128, 131, 134, 138, 141]",genvidbench:datasets/genvidbench_pair1_ms_vript_calib/real/vript/-FKRw_9qem8-Scene-051.mp4,genvidbench:real-content:-FKRw_9qem8,genvidbench,fit,genvidbench:datasets/genvidbench_pair1_ms_vript_calib/real/vript/-FKRw_9qem8-Scene-051.mp4,datasets/genvidbench_pair1_ms_vript_calib/real/vript/-FKRw_9qem8-Scene-051.mp4,genvidbench:-FKRw_9qem8,vript,,,,cache/fit/target/fit/genvidbench/054.npz,f2ce48167886b5d93c89a117a9809e16ec6c09f9d54637021d8edc7b79554be5
datasets/genvidbench_pair1_ms_vript_calib/real/vript/-Fi_Oe-54Ac-Scene-013.mp4,real,vript,24.0,5.791667,139,"[0, 3, 6, 9, 12, 15, 18, 21, 24, 27, 30, 33, 36, 39, 42, 45, 48, 51, 54, 57, 60, 63, 66, 69, 72, 75, 78, 81, 84, 87, 90, 93, 96, 99, 102, 105, 108, 111, 114, 117, 120, 123, 126, 129, 132, 135, 138]","[114, 117, 120, 123, 126, 129, 132, 135]","[57, 60, 63, 66, 69, 72, 75, 78, 81, 84, 87, 90, 93, 96, 99, 102]","[42, 45, 48, 51, 54, 57, 60, 63, 66, 69, 72, 75, 78, 81, 84, 87, 90, 93, 96, 99, 102, 105, 108, 111]","[30, 33, 36, 39, 42, 45, 48, 51, 54, 57, 60, 63, 66, 69, 72, 75, 78, 81, 84, 87, 90, 93, 96, 99, 102, 105, 108, 111, 114, 117, 120, 123]",genvidbench:datasets/genvidbench_pair1_ms_vript_calib/real/vript/-Fi_Oe-54Ac-Scene-013.mp4,genvidbench:real-content:-Fi_Oe-54Ac,genvidbench,fit,genvidbench:datasets/genvidbench_pair1_ms_vript_calib/real/vript/-Fi_Oe-54Ac-Scene-013.mp4,datasets/genvidbench_pair1_ms_vript_calib/real/vript/-Fi_Oe-54Ac-Scene-013.mp4,genvidbench:-Fi_Oe-54Ac,vript,,,,cache/fit/target/fit/genvidbench/055.npz,6e812a8f219b4d959bac49401ae6ca2fce3325db1d257386b4cb35064d81d166
datasets/genvidbench_pair1_ms_vript_calib/real/vript/-Fi_Oe-54Ac-Scene-016.mp4,real,vript,24.0,6.333333,152,"[0, 3, 6, 9, 12, 15, 18, 21, 24, 27, 30, 33, 36, 39, 42, 45, 48, 51, 54, 57, 60, 63, 66, 69, 72, 75, 78, 81, 84, 87, 90, 93, 96, 99, 102, 105, 108, 111, 114, 117, 120, 123, 126, 129, 132, 135, 138, 141, 144, 147, 150]","[114, 117, 120, 123, 126, 129, 132, 135]","[84, 87, 90, 93, 96, 99, 102, 105, 108, 111, 114, 117, 120, 123, 126, 129]","[42, 45, 48, 51, 54, 57, 60, 63, 66, 69, 72, 75, 78, 81, 84, 87, 90, 93, 96, 99, 102, 105, 108, 111]","[30, 33, 36, 39, 42, 45, 48, 51, 54, 57, 60, 63, 66, 69, 72, 75, 78, 81, 84, 87, 90, 93, 96, 99, 102, 105, 108, 111, 114, 117, 120, 123]",genvidbench:datasets/genvidbench_pair1_ms_vript_calib/real/vript/-Fi_Oe-54Ac-Scene-016.mp4,genvidbench:real-content:-Fi_Oe-54Ac,genvidbench,fit,genvidbench:datasets/genvidbench_pair1_ms_vript_calib/real/vript/-Fi_Oe-54Ac-Scene-016.mp4,datasets/genvidbench_pair1_ms_vript_calib/real/vript/-Fi_Oe-54Ac-Scene-016.mp4,genvidbench:-Fi_Oe-54Ac,vript,,,,cache/fit/target/fit/genvidbench/056.npz,98ebde320b694edd54458a680f7f9a395cc04c020b5096f24cf7dca683887f8e
datasets/genvidbench_pair1_ms_vript_calib/real/vript/-HJAyq-t0H4-Scene-004.mp4,real,vript,29.97002997002997,7.340667,220,"[0, 4, 7, 11, 15, 19, 22, 26, 30, 34, 37, 41, 45, 49, 52, 56, 60, 64, 67, 71, 75, 79, 82, 86, 90, 94, 97, 101, 105, 109, 112, 116, 120, 124, 127, 131, 135, 139, 142, 146, 150, 154, 157, 161, 165, 169, 172, 176, 180, 184, 187, 191, 195, 199, 202, 206, 210, 214, 217]","[142, 146, 150, 154, 157, 161, 165, 169]","[105, 109, 112, 116, 120, 124, 127, 131, 135, 139, 142, 146, 150, 154, 157, 161]","[52, 56, 60, 64, 67, 71, 75, 79, 82, 86, 90, 94, 97, 101, 105, 109, 112, 116, 120, 124, 127, 131, 135, 139]","[37, 41, 45, 49, 52, 56, 60, 64, 67, 71, 75, 79, 82, 86, 90, 94, 97, 101, 105, 109, 112, 116, 120, 124, 127, 131, 135, 139, 142, 146, 150, 154]",genvidbench:datasets/genvidbench_pair1_ms_vript_calib/real/vript/-HJAyq-t0H4-Scene-004.mp4,genvidbench:real-content:-HJAyq-t0H4,genvidbench,fit,genvidbench:datasets/genvidbench_pair1_ms_vript_calib/real/vript/-HJAyq-t0H4-Scene-004.mp4,datasets/genvidbench_pair1_ms_vript_calib/real/vript/-HJAyq-t0H4-Scene-004.mp4,genvidbench:-HJAyq-t0H4,vript,,,,cache/fit/target/fit/genvidbench/057.npz,6537eee29314645417e927101c3e9cd5869e96ed5c6a381373223a3bba8eba27
datasets/genvidbench_pair1_ms_vript_calib/real/vript/-HQboR4XjxE-Scene-047.mp4,real,vript,30.0,18.0,540,"[0, 4, 8, 11, 15, 19, 22, 26, 30, 34, 38, 41, 45, 49, 52, 56, 60, 64, 68, 71, 75, 79, 82, 86, 90, 94, 98, 101, 105, 109, 112, 116, 120, 124, 128, 131, 135, 139, 142, 146, 150, 154, 158, 161, 165, 169, 172, 176, 180, 184, 188, 191, 195, 199, 202, 206, 210, 214, 218, 221, 225, 229, 232, 236, 240, 244, 248, 251, 255, 259, 262, 266, 270, 274, 278, 281, 285, 289, 292, 296, 300, 304, 308, 311, 315, 319, 322, 326, 330, 334, 338, 341, 345, 349, 352, 356, 360, 364, 368, 371, 375, 379, 382, 386, 390, 394, 398, 401, 405, 409, 412, 416, 420, 424, 428, 431, 435, 439, 442, 446, 450, 454, 458, 461, 465, 469, 472, 476, 480, 484, 488, 491, 495, 499, 502, 506, 510, 514, 518, 521, 525, 529, 532, 536]","[382, 386, 390, 394, 398, 401, 405, 409]","[345, 349, 352, 356, 360, 364, 368, 371, 375, 379, 382, 386, 390, 394, 398, 401]","[52, 56, 60, 64, 68, 71, 75, 79, 82, 86, 90, 94, 98, 101, 105, 109, 112, 116, 120, 124, 128, 131, 135, 139]","[398, 401, 405, 409, 412, 416, 420, 424, 428, 431, 435, 439, 442, 446, 450, 454, 458, 461, 465, 469, 472, 476, 480, 484, 488, 491, 495, 499, 502, 506, 510, 514]",genvidbench:datasets/genvidbench_pair1_ms_vript_calib/real/vript/-HQboR4XjxE-Scene-047.mp4,genvidbench:real-content:-HQboR4XjxE,genvidbench,fit,genvidbench:datasets/genvidbench_pair1_ms_vript_calib/real/vript/-HQboR4XjxE-Scene-047.mp4,datasets/genvidbench_pair1_ms_vript_calib/real/vript/-HQboR4XjxE-Scene-047.mp4,genvidbench:-HQboR4XjxE,vript,,,,cache/fit/target/fit/genvidbench/058.npz,11ad05623a0044fe52ad91f89a5d2a76242946c01eeeed7afb0815677ac1d381
datasets/genvidbench_pair1_ms_vript_calib/real/vript/-Hm8VhNinkE-Scene-004.mp4,real,vript,25.0,11.6,290,"[0, 3, 6, 9, 12, 16, 19, 22, 25, 28, 31, 34, 38, 41, 44, 47, 50, 53, 56, 59, 62, 66, 69, 72, 75, 78, 81, 84, 88, 91, 94, 97, 100, 103, 106, 109, 112, 116, 119, 122, 125, 128, 131, 134, 138, 141, 144, 147, 150, 153, 156, 159, 162, 166, 169, 172, 175, 178, 181, 184, 188, 191, 194, 197, 200, 203, 206, 209, 212, 216, 219, 222, 225, 228, 231, 234, 238, 241, 244, 247, 250, 253, 256, 259, 262, 266, 269, 272, 275, 278, 281, 284, 288]","[159, 162, 166, 169, 172, 175, 178, 181]","[44, 47, 50, 53, 56, 59, 62, 66, 69, 72, 75, 78, 81, 84, 88, 91]","[188, 191, 194, 197, 200, 203, 206, 209, 212, 216, 219, 222, 225, 228, 231, 234, 238, 241, 244, 247, 250, 253, 256, 259]","[62, 66, 69, 72, 75, 78, 81, 84, 88, 91, 94, 97, 100, 103, 106, 109, 112, 116, 119, 122, 125, 128, 131, 134, 138, 141, 144, 147, 150, 153, 156, 159]",genvidbench:datasets/genvidbench_pair1_ms_vript_calib/real/vript/-Hm8VhNinkE-Scene-004.mp4,genvidbench:real-content:-Hm8VhNinkE,genvidbench,fit,genvidbench:datasets/genvidbench_pair1_ms_vript_calib/real/vript/-Hm8VhNinkE-Scene-004.mp4,datasets/genvidbench_pair1_ms_vript_calib/real/vript/-Hm8VhNinkE-Scene-004.mp4,genvidbench:-Hm8VhNinkE,vript,,,,cache/fit/target/fit/genvidbench/059.npz,efb507db787d0fa75633de0c1d7eff27476114c44b5aa6d2b9a2c48c3cf25617
datasets/genvidbench_pair1_ms_vript_calib/real/vript/-HybQc3LTQY-Scene-007.mp4,real,vript,29.97002997002997,3.003,90,"[0, 4, 7, 11, 15, 19, 22, 26, 30, 34, 37, 41, 45, 49, 52, 56, 60, 64, 67, 71, 75, 79, 82, 86]","[22, 26, 30, 34, 37, 41, 45, 49]","[11, 15, 19, 22, 26, 30, 34, 37, 41, 45, 49, 52, 56, 60, 64, 67]","[0, 4, 7, 11, 15, 19, 22, 26, 30, 34, 37, 41, 45, 49, 52, 56, 60, 64, 67, 71, 75, 79, 82, 86]",,genvidbench:datasets/genvidbench_pair1_ms_vript_calib/real/vript/-HybQc3LTQY-Scene-007.mp4,genvidbench:real-content:-HybQc3LTQY,genvidbench,fit,genvidbench:datasets/genvidbench_pair1_ms_vript_calib/real/vript/-HybQc3LTQY-Scene-007.mp4,datasets/genvidbench_pair1_ms_vript_calib/real/vript/-HybQc3LTQY-Scene-007.mp4,genvidbench:-HybQc3LTQY,vript,,,,cache/fit/target/fit/genvidbench/060.npz,7f86e9720db10bc030251b7978f24092740ccaebdd3c21e92cd184d6ab01bfb1
datasets/genvidbench_pair1_ms_vript_calib/real/vript/-IFL9zFBxak-Scene-047.mp4,real,vript,29.97002997002997,8.041367,241,"[0, 4, 7, 11, 15, 19, 22, 26, 30, 34, 37, 41, 45, 49, 52, 56, 60, 64, 67, 71, 75, 79, 82, 86, 90, 94, 97, 101, 105, 109, 112, 116, 120, 124, 127, 131, 135, 139, 142, 146, 150, 154, 157, 161, 165, 169, 172, 176, 180, 184, 187, 191, 195, 199, 202, 206, 210, 214, 217, 221, 225, 229, 232, 236, 240]","[142, 146, 150, 154, 157, 161, 165, 169]","[105, 109, 112, 116, 120, 124, 127, 131, 135, 139, 142, 146, 150, 154, 157, 161]","[52, 56, 60, 64, 67, 71, 75, 79, 82, 86, 90, 94, 97, 101, 105, 109, 112, 116, 120, 124, 127, 131, 135, 139]","[26, 30, 34, 37, 41, 45, 49, 52, 56, 60, 64, 67, 71, 75, 79, 82, 86, 90, 94, 97, 101, 105, 109, 112, 116, 120, 124, 127, 131, 135, 139, 142]",genvidbench:datasets/genvidbench_pair1_ms_vript_calib/real/vript/-IFL9zFBxak-Scene-047.mp4,genvidbench:real-content:-IFL9zFBxak,genvidbench,fit,genvidbench:datasets/genvidbench_pair1_ms_vript_calib/real/vript/-IFL9zFBxak-Scene-047.mp4,datasets/genvidbench_pair1_ms_vript_calib/real/vript/-IFL9zFBxak-Scene-047.mp4,genvidbench:-IFL9zFBxak,vript,,,,cache/fit/target/fit/genvidbench/061.npz,a814419d8390b73d76b87e6417466c6f3c86b0725cad523eaed7eb3d9affc62d
datasets/genvidbench_pair1_ms_vript_calib/real/vript/-J1iJDu0ZfU-Scene-005.mp4,real,vript,30.0,10.233333,307,"[0, 4, 8, 11, 15, 19, 22, 26, 30, 34, 38, 41, 45, 49, 52, 56, 60, 64, 68, 71, 75, 79, 82, 86, 90, 94, 98, 101, 105, 109, 112, 116, 120, 124, 128, 131, 135, 139, 142, 146, 150, 154, 158, 161, 165, 169, 172, 176, 180, 184, 188, 191, 195, 199, 202, 206, 210, 214, 218, 221, 225, 229, 232, 236, 240, 244, 248, 251, 255, 259, 262, 266, 270, 274, 278, 281, 285, 289, 292, 296, 300, 304]","[191, 195, 199, 202, 206, 210, 214, 218]","[52, 56, 60, 64, 68, 71, 75, 79, 82, 86, 90, 94, 98, 101, 105, 109]","[158, 161, 165, 169, 172, 176, 180, 184, 188, 191, 195, 199, 202, 206, 210, 214, 218, 221, 225, 229, 232, 236, 240, 244]","[26, 30, 34, 38, 41, 45, 49, 52, 56, 60, 64, 68, 71, 75, 79, 82, 86, 90, 94, 98, 101, 105, 109, 112, 116, 120, 124, 128, 131, 135, 139, 142]",genvidbench:datasets/genvidbench_pair1_ms_vript_calib/real/vript/-J1iJDu0ZfU-Scene-005.mp4,genvidbench:real-content:-J1iJDu0ZfU,genvidbench,fit,genvidbench:datasets/genvidbench_pair1_ms_vript_calib/real/vript/-J1iJDu0ZfU-Scene-005.mp4,datasets/genvidbench_pair1_ms_vript_calib/real/vript/-J1iJDu0ZfU-Scene-005.mp4,genvidbench:-J1iJDu0ZfU,vript,,,,cache/fit/target/fit/genvidbench/062.npz,45f9f8febef4037dccbb1acc559254b2f213307cabb66b8b4bd4c5cba86d5df0
datasets/genvidbench_pair1_ms_vript_calib/real/vript/-JQhLvLo6Gc-Scene-030.mp4,real,vript,29.97,6.406406,192,"[0, 4, 7, 11, 15, 19, 22, 26, 30, 34, 37, 41, 45, 49, 52, 56, 60, 64, 67, 71, 75, 79, 82, 86, 90, 94, 97, 101, 105, 109, 112, 116, 120, 124, 127, 131, 135, 139, 142, 146, 150, 154, 157, 161, 165, 169, 172, 176, 180, 184, 187, 191]","[142, 146, 150, 154, 157, 161, 165, 169]","[105, 109, 112, 116, 120, 124, 127, 131, 135, 139, 142, 146, 150, 154, 157, 161]","[52, 56, 60, 64, 67, 71, 75, 79, 82, 86, 90, 94, 97, 101, 105, 109, 112, 116, 120, 124, 127, 131, 135, 139]","[37, 41, 45, 49, 52, 56, 60, 64, 67, 71, 75, 79, 82, 86, 90, 94, 97, 101, 105, 109, 112, 116, 120, 124, 127, 131, 135, 139, 142, 146, 150, 154]",genvidbench:datasets/genvidbench_pair1_ms_vript_calib/real/vript/-JQhLvLo6Gc-Scene-030.mp4,genvidbench:real-content:-JQhLvLo6Gc,genvidbench,fit,genvidbench:datasets/genvidbench_pair1_ms_vript_calib/real/vript/-JQhLvLo6Gc-Scene-030.mp4,datasets/genvidbench_pair1_ms_vript_calib/real/vript/-JQhLvLo6Gc-Scene-030.mp4,genvidbench:-JQhLvLo6Gc,vript,,,,cache/fit/target/fit/genvidbench/063.npz,ed32f3eb9e4a98fb090defce0c60f00f1936b6f2a8b0f919126e314fdd1a0a40
datasets/genvidbench_pair1_ms_vript_calib/real/vript/-JQhLvLo6Gc-Scene-069.mp4,real,vript,29.97,18.518519,555,"[0, 4, 7, 11, 15, 19, 22, 26, 30, 34, 37, 41, 45, 49, 52, 56, 60, 64, 67, 71, 75, 79, 82, 86, 90, 94, 97, 101, 105, 109, 112, 116, 120, 124, 127, 131, 135, 139, 142, 146, 150, 154, 157, 161, 165, 169, 172, 176, 180, 184, 187, 191, 195, 199, 202, 206, 210, 214, 217, 221, 225, 229, 232, 236, 240, 244, 247, 251, 255, 258, 262, 266, 270, 273, 277, 281, 285, 288, 292, 296, 300, 303, 307, 311, 315, 318, 322, 326, 330, 333, 337, 341, 345, 348, 352, 356, 360, 363, 367, 371, 375, 378, 382, 386, 390, 393, 397, 401, 405, 408, 412, 416, 420, 423, 427, 431, 435, 438, 442, 446, 450, 453, 457, 461, 465, 468, 472, 476, 480, 483, 487, 491, 495, 498, 502, 506, 509, 513, 517, 521, 524, 528, 532, 536, 539, 543, 547, 551, 554]","[382, 386, 390, 393, 397, 401, 405, 408]","[345, 348, 352, 356, 360, 363, 367, 371, 375, 378, 382, 386, 390, 393, 397, 401]","[52, 56, 60, 64, 67, 71, 75, 79, 82, 86, 90, 94, 97, 101, 105, 109, 112, 116, 120, 124, 127, 131, 135, 139]","[397, 401, 405, 408, 412, 416, 420, 423, 427, 431, 435, 438, 442, 446, 450, 453, 457, 461, 465, 468, 472, 476, 480, 483, 487, 491, 495, 498, 502, 506, 509, 513]",genvidbench:datasets/genvidbench_pair1_ms_vript_calib/real/vript/-JQhLvLo6Gc-Scene-069.mp4,genvidbench:real-content:-JQhLvLo6Gc,genvidbench,fit,genvidbench:datasets/genvidbench_pair1_ms_vript_calib/real/vript/-JQhLvLo6Gc-Scene-069.mp4,datasets/genvidbench_pair1_ms_vript_calib/real/vript/-JQhLvLo6Gc-Scene-069.mp4,genvidbench:-JQhLvLo6Gc,vript,,,,cache/fit/target/fit/genvidbench/064.npz,bc776e93ca879319cf09a8deea6a6b16c29f9aff06931bc4a7da37d0d4365f88
datasets/genvidbench_pair1_ms_vript_calib/real/vript/-JQhLvLo6Gc-Scene-083.mp4,real,vript,29.97,11.044378,331,"[0, 4, 7, 11, 15, 19, 22, 26, 30, 34, 37, 41, 45, 49, 52, 56, 60, 64, 67, 71, 75, 79, 82, 86, 90, 94, 97, 101, 105, 109, 112, 116, 120, 124, 127, 131, 135, 139, 142, 146, 150, 154, 157, 161, 165, 169, 172, 176, 180, 184, 187, 191, 195, 199, 202, 206, 210, 214, 217, 221, 225, 229, 232, 236, 240, 244, 247, 251, 255, 258, 262, 266, 270, 273, 277, 281, 285, 288, 292, 296, 300, 303, 307, 311, 315, 318, 322, 326, 330]","[191, 195, 199, 202, 206, 210, 214, 217]","[52, 56, 60, 64, 67, 71, 75, 79, 82, 86, 90, 94, 97, 101, 105, 109]","[225, 229, 232, 236, 240, 244, 247, 251, 255, 258, 262, 266, 270, 273, 277, 281, 285, 288, 292, 296, 300, 303, 307, 311]","[75, 79, 82, 86, 90, 94, 97, 101, 105, 109, 112, 116, 120, 124, 127, 131, 135, 139, 142, 146, 150, 154, 157, 161, 165, 169, 172, 176, 180, 184, 187, 191]",genvidbench:datasets/genvidbench_pair1_ms_vript_calib/real/vript/-JQhLvLo6Gc-Scene-083.mp4,genvidbench:real-content:-JQhLvLo6Gc,genvidbench,fit,genvidbench:datasets/genvidbench_pair1_ms_vript_calib/real/vript/-JQhLvLo6Gc-Scene-083.mp4,datasets/genvidbench_pair1_ms_vript_calib/real/vript/-JQhLvLo6Gc-Scene-083.mp4,genvidbench:-JQhLvLo6Gc,vript,,,,cache/fit/target/fit/genvidbench/065.npz,2aa15ed4199be8c7fae05baae21e5476ed5086aa882ed58fecec1daf97586306
datasets/genvidbench_pair1_ms_vript_calib/real/vript/-KBhyFrYpx8-Scene-018.mp4,real,vript,30.0,8.4,252,"[0, 4, 8, 11, 15, 19, 22, 26, 30, 34, 38, 41, 45, 49, 52, 56, 60, 64, 68, 71, 75, 79, 82, 86, 90, 94, 98, 101, 105, 109, 112, 116, 120, 124, 128, 131, 135, 139, 142, 146, 150, 154, 158, 161, 165, 169, 172, 176, 180, 184, 188, 191, 195, 199, 202, 206, 210, 214, 218, 221, 225, 229, 232, 236, 240, 244, 248, 251]","[142, 146, 150, 154, 158, 161, 165, 169]","[191, 195, 199, 202, 206, 210, 214, 218, 221, 225, 229, 232, 236, 240, 244, 248]","[105, 109, 112, 116, 120, 124, 128, 131, 135, 139, 142, 146, 150, 154, 158, 161, 165, 169, 172, 176, 180, 184, 188, 191]","[52, 56, 60, 64, 68, 71, 75, 79, 82, 86, 90, 94, 98, 101, 105, 109, 112, 116, 120, 124, 128, 131, 135, 139, 142, 146, 150, 154, 158, 161, 165, 169]",genvidbench:datasets/genvidbench_pair1_ms_vript_calib/real/vript/-KBhyFrYpx8-Scene-018.mp4,genvidbench:real-content:-KBhyFrYpx8,genvidbench,fit,genvidbench:datasets/genvidbench_pair1_ms_vript_calib/real/vript/-KBhyFrYpx8-Scene-018.mp4,datasets/genvidbench_pair1_ms_vript_calib/real/vript/-KBhyFrYpx8-Scene-018.mp4,genvidbench:-KBhyFrYpx8,vript,,,,cache/fit/target/fit/genvidbench/066.npz,27f062fdbb2a95f7a40d6cec43a6d8f1a7afc38e111144cc3daec8739f8708fd
datasets/genvidbench_pair1_ms_vript_calib/real/vript/-KQX5-7iBPE-Scene-003.mp4,real,vript,29.97002997002997,6.072733,182,"[0, 4, 7, 11, 15, 19, 22, 26, 30, 34, 37, 41, 45, 49, 52, 56, 60, 64, 67, 71, 75, 79, 82, 86, 90, 94, 97, 101, 105, 109, 112, 116, 120, 124, 127, 131, 135, 139, 142, 146, 150, 154, 157, 161, 165, 169, 172, 176, 180]","[142, 146, 150, 154, 157, 161, 165, 169]","[105, 109, 112, 116, 120, 124, 127, 131, 135, 139, 142, 146, 150, 154, 157, 161]","[52, 56, 60, 64, 67, 71, 75, 79, 82, 86, 90, 94, 97, 101, 105, 109, 112, 116, 120, 124, 127, 131, 135, 139]","[37, 41, 45, 49, 52, 56, 60, 64, 67, 71, 75, 79, 82, 86, 90, 94, 97, 101, 105, 109, 112, 116, 120, 124, 127, 131, 135, 139, 142, 146, 150, 154]",genvidbench:datasets/genvidbench_pair1_ms_vript_calib/real/vript/-KQX5-7iBPE-Scene-003.mp4,genvidbench:real-content:-KQX5-7iBPE,genvidbench,fit,genvidbench:datasets/genvidbench_pair1_ms_vript_calib/real/vript/-KQX5-7iBPE-Scene-003.mp4,datasets/genvidbench_pair1_ms_vript_calib/real/vript/-KQX5-7iBPE-Scene-003.mp4,genvidbench:-KQX5-7iBPE,vript,,,,cache/fit/target/fit/genvidbench/067.npz,9ed3f09d197b8f689bf4891072276ce71b8369d21d10c9b26146ed23c7ccdf4a
datasets/genvidbench_pair1_ms_vript_calib/real/vript/-KQX5-7iBPE-Scene-046.mp4,real,vript,29.97002997002997,7.1071,213,"[0, 4, 7, 11, 15, 19, 22, 26, 30, 34, 37, 41, 45, 49, 52, 56, 60, 64, 67, 71, 75, 79, 82, 86, 90, 94, 97, 101, 105, 109, 112, 116, 120, 124, 127, 131, 135, 139, 142, 146, 150, 154, 157, 161, 165, 169, 172, 176, 180, 184, 187, 191, 195, 199, 202, 206, 210]","[142, 146, 150, 154, 157, 161, 165, 169]","[105, 109, 112, 116, 120, 124, 127, 131, 135, 139, 142, 146, 150, 154, 157, 161]","[52, 56, 60, 64, 67, 71, 75, 79, 82, 86, 90, 94, 97, 101, 105, 109, 112, 116, 120, 124, 127, 131, 135, 139]","[37, 41, 45, 49, 52, 56, 60, 64, 67, 71, 75, 79, 82, 86, 90, 94, 97, 101, 105, 109, 112, 116, 120, 124, 127, 131, 135, 139, 142, 146, 150, 154]",genvidbench:datasets/genvidbench_pair1_ms_vript_calib/real/vript/-KQX5-7iBPE-Scene-046.mp4,genvidbench:real-content:-KQX5-7iBPE,genvidbench,fit,genvidbench:datasets/genvidbench_pair1_ms_vript_calib/real/vript/-KQX5-7iBPE-Scene-046.mp4,datasets/genvidbench_pair1_ms_vript_calib/real/vript/-KQX5-7iBPE-Scene-046.mp4,genvidbench:-KQX5-7iBPE,vript,,,,cache/fit/target/fit/genvidbench/068.npz,29fcaa10b89a407c0955b86a89e7f49b71f9903c3ac3fbfcb1fd984a532e630c
datasets/genvidbench_pair1_ms_vript_calib/real/vript/-KxmZkMXCsg-Scene-011.mp4,real,vript,25.0,6.52,163,"[0, 3, 6, 9, 12, 16, 19, 22, 25, 28, 31, 34, 38, 41, 44, 47, 50, 53, 56, 59, 62, 66, 69, 72, 75, 78, 81, 84, 88, 91, 94, 97, 100, 103, 106, 109, 112, 116, 119, 122, 125, 128, 131, 134, 138, 141, 144, 147, 150, 153, 156, 159, 162]","[119, 122, 125, 128, 131, 134, 138, 141]","[88, 91, 94, 97, 100, 103, 106, 109, 112, 116, 119, 122, 125, 128, 131, 134]","[44, 47, 50, 53, 56, 59, 62, 66, 69, 72, 75, 78, 81, 84, 88, 91, 94, 97, 100, 103, 106, 109, 112, 116]","[31, 34, 38, 41, 44, 47, 50, 53, 56, 59, 62, 66, 69, 72, 75, 78, 81, 84, 88, 91, 94, 97, 100, 103, 106, 109, 112, 116, 119, 122, 125, 128]",genvidbench:datasets/genvidbench_pair1_ms_vript_calib/real/vript/-KxmZkMXCsg-Scene-011.mp4,genvidbench:real-content:-KxmZkMXCsg,genvidbench,fit,genvidbench:datasets/genvidbench_pair1_ms_vript_calib/real/vript/-KxmZkMXCsg-Scene-011.mp4,datasets/genvidbench_pair1_ms_vript_calib/real/vript/-KxmZkMXCsg-Scene-011.mp4,genvidbench:-KxmZkMXCsg,vript,,,,cache/fit/target/fit/genvidbench/069.npz,0260aa0512ba0f1e1eb46d48f2a1f22bce349f71e8aac8d23c3ffb14ada1a213
datasets/genvidbench_pair1_ms_vript_calib/real/vript/-LfW33C51WQ-Scene-014.mp4,real,vript,25.0,6.84,171,"[0, 3, 6, 9, 12, 16, 19, 22, 25, 28, 31, 34, 38, 41, 44, 47, 50, 53, 56, 59, 62, 66, 69, 72, 75, 78, 81, 84, 88, 91, 94, 97, 100, 103, 106, 109, 112, 116, 119, 122, 125, 128, 131, 134, 138, 141, 144, 147, 150, 153, 156, 159, 162, 166, 169]","[119, 122, 125, 128, 131, 134, 138, 141]","[88, 91, 94, 97, 100, 103, 106, 109, 112, 116, 119, 122, 125, 128, 131, 134]","[44, 47, 50, 53, 56, 59, 62, 66, 69, 72, 75, 78, 81, 84, 88, 91, 94, 97, 100, 103, 106, 109, 112, 116]","[31, 34, 38, 41, 44, 47, 50, 53, 56, 59, 62, 66, 69, 72, 75, 78, 81, 84, 88, 91, 94, 97, 100, 103, 106, 109, 112, 116, 119, 122, 125, 128]",genvidbench:datasets/genvidbench_pair1_ms_vript_calib/real/vript/-LfW33C51WQ-Scene-014.mp4,genvidbench:real-content:-LfW33C51WQ,genvidbench,fit,genvidbench:datasets/genvidbench_pair1_ms_vript_calib/real/vript/-LfW33C51WQ-Scene-014.mp4,datasets/genvidbench_pair1_ms_vript_calib/real/vript/-LfW33C51WQ-Scene-014.mp4,genvidbench:-LfW33C51WQ,vript,,,,cache/fit/target/fit/genvidbench/070.npz,844872c0e4bb0be7195190db564acbdc509d8c9f36d414e83ca30fd8416e93ca
datasets/genvidbench_pair1_ms_vript_calib/real/vript/-MP2E1IiHXg-Scene-029.mp4,real,vript,29.97002997002997,25.3253,759,"[0, 4, 7, 11, 15, 19, 22, 26, 30, 34, 37, 41, 45, 49, 52, 56, 60, 64, 67, 71, 75, 79, 82, 86, 90, 94, 97, 101, 105, 109, 112, 116, 120, 124, 127, 131, 135, 139, 142, 146, 150, 154, 157, 161, 165, 169, 172, 176, 180, 184, 187, 191, 195, 199, 202, 206, 210, 214, 217, 221, 225, 229, 232, 236, 240, 244, 247, 251, 255, 258, 262, 266, 270, 273, 277, 281, 285, 288, 292, 296, 300, 303, 307, 311, 315, 318, 322, 326, 330, 333, 337, 341, 345, 348, 352, 356, 360, 363, 367, 371, 375, 378, 382, 386, 390, 393, 397, 401, 405, 408, 412, 416, 420, 423, 427, 431, 435, 438, 442, 446, 450, 453, 457, 461, 465, 468, 472, 476, 480, 483, 487, 491, 495, 498, 502, 506, 509, 513, 517, 521, 524, 528, 532, 536, 539, 543, 547, 551, 554, 558, 562, 566, 569, 573, 577, 581, 584, 588, 592, 596, 599, 603, 607, 611, 614, 618, 622, 626, 629, 633, 637, 641, 644, 648, 652, 656, 659, 663, 667, 671, 674, 678, 682, 686, 689, 693, 697, 701, 704, 708, 712, 716, 719, 723, 727, 731, 734, 738, 742, 746, 749, 753, 757]","[382, 386, 390, 393, 397, 401, 405, 408]","[671, 674, 678, 682, 686, 689, 693, 697, 701, 704, 708, 712, 716, 719, 723, 727]","[345, 348, 352, 356, 360, 363, 367, 371, 375, 378, 382, 386, 390, 393, 397, 401, 405, 408, 412, 416, 420, 423, 427, 431]","[52, 56, 60, 64, 67, 71, 75, 79, 82, 86, 90, 94, 97, 101, 105, 109, 112, 116, 120, 124, 127, 131, 135, 139, 142, 146, 150, 154, 157, 161, 165, 169]",genvidbench:datasets/genvidbench_pair1_ms_vript_calib/real/vript/-MP2E1IiHXg-Scene-029.mp4,genvidbench:real-content:-MP2E1IiHXg,genvidbench,fit,genvidbench:datasets/genvidbench_pair1_ms_vript_calib/real/vript/-MP2E1IiHXg-Scene-029.mp4,datasets/genvidbench_pair1_ms_vript_calib/real/vript/-MP2E1IiHXg-Scene-029.mp4,genvidbench:-MP2E1IiHXg,vript,,,,cache/fit/target/fit/genvidbench/071.npz,95bcdf8d2c29dc3fd91671486110d632db9063cc083c5f3d7f3bdbfa8cb8075d
datasets/genvidbench_pair1_ms_vript_calib/real/vript/-MyRjBSFZPg-Scene-005.mp4,real,vript,25.0,6.48,162,"[0, 3, 6, 9, 12, 16, 19, 22, 25, 28, 31, 34, 38, 41, 44, 47, 50, 53, 56, 59, 62, 66, 69, 72, 75, 78, 81, 84, 88, 91, 94, 97, 100, 103, 106, 109, 112, 116, 119, 122, 125, 128, 131, 134, 138, 141, 144, 147, 150, 153, 156, 159]","[119, 122, 125, 128, 131, 134, 138, 141]","[88, 91, 94, 97, 100, 103, 106, 109, 112, 116, 119, 122, 125, 128, 131, 134]","[44, 47, 50, 53, 56, 59, 62, 66, 69, 72, 75, 78, 81, 84, 88, 91, 94, 97, 100, 103, 106, 109, 112, 116]","[31, 34, 38, 41, 44, 47, 50, 53, 56, 59, 62, 66, 69, 72, 75, 78, 81, 84, 88, 91, 94, 97, 100, 103, 106, 109, 112, 116, 119, 122, 125, 128]",genvidbench:datasets/genvidbench_pair1_ms_vript_calib/real/vript/-MyRjBSFZPg-Scene-005.mp4,genvidbench:real-content:-MyRjBSFZPg,genvidbench,fit,genvidbench:datasets/genvidbench_pair1_ms_vript_calib/real/vript/-MyRjBSFZPg-Scene-005.mp4,datasets/genvidbench_pair1_ms_vript_calib/real/vript/-MyRjBSFZPg-Scene-005.mp4,genvidbench:-MyRjBSFZPg,vript,,,,cache/fit/target/fit/genvidbench/072.npz,3fbd0773050c4681e5d31966fd5cbd717d8a534b2de993b2a2c9aa3cc748e8a6
datasets/genvidbench_pair1_ms_vript_calib/real/vript/-MzyfLWYEQo-Scene-002.mp4,real,vript,25.0,11.0,275,"[0, 3, 6, 9, 12, 16, 19, 22, 25, 28, 31, 34, 38, 41, 44, 47, 50, 53, 56, 59, 62, 66, 69, 72, 75, 78, 81, 84, 88, 91, 94, 97, 100, 103, 106, 109, 112, 116, 119, 122, 125, 128, 131, 134, 138, 141, 144, 147, 150, 153, 156, 159, 162, 166, 169, 172, 175, 178, 181, 184, 188, 191, 194, 197, 200, 203, 206, 209, 212, 216, 219, 222, 225, 228, 231, 234, 238, 241, 244, 247, 250, 253, 256, 259, 262, 266, 269, 272]","[159, 162, 166, 169, 172, 175, 178, 181]","[44, 47, 50, 53, 56, 59, 62, 66, 69, 72, 75, 78, 81, 84, 88, 91]","[188, 191, 194, 197, 200, 203, 206, 209, 212, 216, 219, 222, 225, 228, 231, 234, 238, 241, 244, 247, 250, 253, 256, 259]","[62, 66, 69, 72, 75, 78, 81, 84, 88, 91, 94, 97, 100, 103, 106, 109, 112, 116, 119, 122, 125, 128, 131, 134, 138, 141, 144, 147, 150, 153, 156, 159]",genvidbench:datasets/genvidbench_pair1_ms_vript_calib/real/vript/-MzyfLWYEQo-Scene-002.mp4,genvidbench:real-content:-MzyfLWYEQo,genvidbench,fit,genvidbench:datasets/genvidbench_pair1_ms_vript_calib/real/vript/-MzyfLWYEQo-Scene-002.mp4,datasets/genvidbench_pair1_ms_vript_calib/real/vript/-MzyfLWYEQo-Scene-002.mp4,genvidbench:-MzyfLWYEQo,vript,,,,cache/fit/target/fit/genvidbench/073.npz,4599f583d1072303fdbc07ac61a1702f54007f386f91f4426edd7fefe5cbc2dc
datasets/genvidbench_pair1_ms_vript_calib/real/vript/-NPDexE9me0-Scene-016.mp4,real,vript,29.97002997002997,6.573233,197,"[0, 4, 7, 11, 15, 19, 22, 26, 30, 34, 37, 41, 45, 49, 52, 56, 60, 64, 67, 71, 75, 79, 82, 86, 90, 94, 97, 101, 105, 109, 112, 116, 120, 124, 127, 131, 135, 139, 142, 146, 150, 154, 157, 161, 165, 169, 172, 176, 180, 184, 187, 191, 195]","[142, 146, 150, 154, 157, 161, 165, 169]","[105, 109, 112, 116, 120, 124, 127, 131, 135, 139, 142, 146, 150, 154, 157, 161]","[52, 56, 60, 64, 67, 71, 75, 79, 82, 86, 90, 94, 97, 101, 105, 109, 112, 116, 120, 124, 127, 131, 135, 139]","[37, 41, 45, 49, 52, 56, 60, 64, 67, 71, 75, 79, 82, 86, 90, 94, 97, 101, 105, 109, 112, 116, 120, 124, 127, 131, 135, 139, 142, 146, 150, 154]",genvidbench:datasets/genvidbench_pair1_ms_vript_calib/real/vript/-NPDexE9me0-Scene-016.mp4,genvidbench:real-content:-NPDexE9me0,genvidbench,fit,genvidbench:datasets/genvidbench_pair1_ms_vript_calib/real/vript/-NPDexE9me0-Scene-016.mp4,datasets/genvidbench_pair1_ms_vript_calib/real/vript/-NPDexE9me0-Scene-016.mp4,genvidbench:-NPDexE9me0,vript,,,,cache/fit/target/fit/genvidbench/074.npz,86e0cda2c46e49a5a24e98f69769254db4b6c2feef1b5ffcb4767d7c9a63039a
datasets/genvidbench_pair1_ms_vript_calib/real/vript/-NRpuiOcclo-Scene-003.mp4,real,vript,30.0,17.266667,518,"[0, 4, 8, 11, 15, 19, 22, 26, 30, 34, 38, 41, 45, 49, 52, 56, 60, 64, 68, 71, 75, 79, 82, 86, 90, 94, 98, 101, 105, 109, 112, 116, 120, 124, 128, 131, 135, 139, 142, 146, 150, 154, 158, 161, 165, 169, 172, 176, 180, 184, 188, 191, 195, 199, 202, 206, 210, 214, 218, 221, 225, 229, 232, 236, 240, 244, 248, 251, 255, 259, 262, 266, 270, 274, 278, 281, 285, 289, 292, 296, 300, 304, 308, 311, 315, 319, 322, 326, 330, 334, 338, 341, 345, 349, 352, 356, 360, 364, 368, 371, 375, 379, 382, 386, 390, 394, 398, 401, 405, 409, 412, 416, 420, 424, 428, 431, 435, 439, 442, 446, 450, 454, 458, 461, 465, 469, 472, 476, 480, 484, 488, 491, 495, 499, 502, 506, 510, 514]","[382, 386, 390, 394, 398, 401, 405, 409]","[191, 195, 199, 202, 206, 210, 214, 218, 221, 225, 229, 232, 236, 240, 244, 248]","[345, 349, 352, 356, 360, 364, 368, 371, 375, 379, 382, 386, 390, 394, 398, 401, 405, 409, 412, 416, 420, 424, 428, 431]","[52, 56, 60, 64, 68, 71, 75, 79, 82, 86, 90, 94, 98, 101, 105, 109, 112, 116, 120, 124, 128, 131, 135, 139, 142, 146, 150, 154, 158, 161, 165, 169]",genvidbench:datasets/genvidbench_pair1_ms_vript_calib/real/vript/-NRpuiOcclo-Scene-003.mp4,genvidbench:real-content:-NRpuiOcclo,genvidbench,fit,genvidbench:datasets/genvidbench_pair1_ms_vript_calib/real/vript/-NRpuiOcclo-Scene-003.mp4,datasets/genvidbench_pair1_ms_vript_calib/real/vript/-NRpuiOcclo-Scene-003.mp4,genvidbench:-NRpuiOcclo,vript,,,,cache/fit/target/fit/genvidbench/075.npz,c58305c5f70b5c8cfe73151b63fbfa9a51b2519f506d45860b756f56a898b1de
datasets/genvidbench_pair1_ms_vript_calib/real/vript/-OhDPIgeyYs-Scene-025.mp4,real,vript,30.0,5.933333,178,"[0, 4, 8, 11, 15, 19, 22, 26, 30, 34, 38, 41, 45, 49, 52, 56, 60, 64, 68, 71, 75, 79, 82, 86, 90, 94, 98, 101, 105, 109, 112, 116, 120, 124, 128, 131, 135, 139, 142, 146, 150, 154, 158, 161, 165, 169, 172, 176]","[142, 146, 150, 154, 158, 161, 165, 169]","[105, 109, 112, 116, 120, 124, 128, 131, 135, 139, 142, 146, 150, 154, 158, 161]","[52, 56, 60, 64, 68, 71, 75, 79, 82, 86, 90, 94, 98, 101, 105, 109, 112, 116, 120, 124, 128, 131, 135, 139]","[38, 41, 45, 49, 52, 56, 60, 64, 68, 71, 75, 79, 82, 86, 90, 94, 98, 101, 105, 109, 112, 116, 120, 124, 128, 131, 135, 139, 142, 146, 150, 154]",genvidbench:datasets/genvidbench_pair1_ms_vript_calib/real/vript/-OhDPIgeyYs-Scene-025.mp4,genvidbench:real-content:-OhDPIgeyYs,genvidbench,fit,genvidbench:datasets/genvidbench_pair1_ms_vript_calib/real/vript/-OhDPIgeyYs-Scene-025.mp4,datasets/genvidbench_pair1_ms_vript_calib/real/vript/-OhDPIgeyYs-Scene-025.mp4,genvidbench:-OhDPIgeyYs,vript,,,,cache/fit/target/fit/genvidbench/076.npz,62a753befa1dd455e815ab7e175124dfbcab9638c4fcf38629ed4e144049fdbe
datasets/genvidbench_pair1_ms_vript_calib/real/vript/-OmQkHMRnyM-Scene-114.mp4,real,vript,23.976023976023978,5.171833,124,"[0, 3, 6, 9, 12, 15, 18, 21, 24, 27, 30, 33, 36, 39, 42, 45, 48, 51, 54, 57, 60, 63, 66, 69, 72, 75, 78, 81, 84, 87, 90, 93, 96, 99, 102, 105, 108, 111, 114, 117, 120, 123]","[84, 87, 90, 93, 96, 99, 102, 105]","[42, 45, 48, 51, 54, 57, 60, 63, 66, 69, 72, 75, 78, 81, 84, 87]","[30, 33, 36, 39, 42, 45, 48, 51, 54, 57, 60, 63, 66, 69, 72, 75, 78, 81, 84, 87, 90, 93, 96, 99]","[21, 24, 27, 30, 33, 36, 39, 42, 45, 48, 51, 54, 57, 60, 63, 66, 69, 72, 75, 78, 81, 84, 87, 90, 93, 96, 99, 102, 105, 108, 111, 114]",genvidbench:datasets/genvidbench_pair1_ms_vript_calib/real/vript/-OmQkHMRnyM-Scene-114.mp4,genvidbench:real-content:-OmQkHMRnyM,genvidbench,fit,genvidbench:datasets/genvidbench_pair1_ms_vript_calib/real/vript/-OmQkHMRnyM-Scene-114.mp4,datasets/genvidbench_pair1_ms_vript_calib/real/vript/-OmQkHMRnyM-Scene-114.mp4,genvidbench:-OmQkHMRnyM,vript,,,,cache/fit/target/fit/genvidbench/077.npz,e483afae84d4692f1f5b6c07b69148370aae634cb4ee6f13093569d1b2f55474
datasets/genvidbench_pair1_ms_vript_calib/real/vript/-P4sDnNOMZI-Scene-009.mp4,real,vript,25.0,3.84,96,"[0, 3, 6, 9, 12, 16, 19, 22, 25, 28, 31, 34, 38, 41, 44, 47, 50, 53, 56, 59, 62, 66, 69, 72, 75, 78, 81, 84, 88, 91, 94]","[19, 22, 25, 28, 31, 34, 38, 41]","[9, 12, 16, 19, 22, 25, 28, 31, 34, 38, 41, 44, 47, 50, 53, 56]","[12, 16, 19, 22, 25, 28, 31, 34, 38, 41, 44, 47, 50, 53, 56, 59, 62, 66, 69, 72, 75, 78, 81, 84]",,genvidbench:datasets/genvidbench_pair1_ms_vript_calib/real/vript/-P4sDnNOMZI-Scene-009.mp4,genvidbench:real-content:-P4sDnNOMZI,genvidbench,fit,genvidbench:datasets/genvidbench_pair1_ms_vript_calib/real/vript/-P4sDnNOMZI-Scene-009.mp4,datasets/genvidbench_pair1_ms_vript_calib/real/vript/-P4sDnNOMZI-Scene-009.mp4,genvidbench:-P4sDnNOMZI,vript,,,,cache/fit/target/fit/genvidbench/078.npz,2a0f3f198c3b2ef95645363c9339725e0d1f0f61c907e1f652b9027b73495180
datasets/genvidbench_pair1_ms_vript_calib/real/vript/-QXV0z8L8J4-Scene-014.mp4,real,vript,30.0,5.933333,178,"[0, 4, 8, 11, 15, 19, 22, 26, 30, 34, 38, 41, 45, 49, 52, 56, 60, 64, 68, 71, 75, 79, 82, 86, 90, 94, 98, 101, 105, 109, 112, 116, 120, 124, 128, 131, 135, 139, 142, 146, 150, 154, 158, 161, 165, 169, 172, 176]","[142, 146, 150, 154, 158, 161, 165, 169]","[105, 109, 112, 116, 120, 124, 128, 131, 135, 139, 142, 146, 150, 154, 158, 161]","[52, 56, 60, 64, 68, 71, 75, 79, 82, 86, 90, 94, 98, 101, 105, 109, 112, 116, 120, 124, 128, 131, 135, 139]","[38, 41, 45, 49, 52, 56, 60, 64, 68, 71, 75, 79, 82, 86, 90, 94, 98, 101, 105, 109, 112, 116, 120, 124, 128, 131, 135, 139, 142, 146, 150, 154]",genvidbench:datasets/genvidbench_pair1_ms_vript_calib/real/vript/-QXV0z8L8J4-Scene-014.mp4,genvidbench:real-content:-QXV0z8L8J4,genvidbench,fit,genvidbench:datasets/genvidbench_pair1_ms_vript_calib/real/vript/-QXV0z8L8J4-Scene-014.mp4,datasets/genvidbench_pair1_ms_vript_calib/real/vript/-QXV0z8L8J4-Scene-014.mp4,genvidbench:-QXV0z8L8J4,vript,,,,cache/fit/target/fit/genvidbench/079.npz,568ea5c8ddf801a4603b3fa11dc9b46cb3cb6a6058533b0727e06f6cc3b9d07e
datasets/genvidbench_pair1_ms_vript_calib/real/vript/-R9w9MsLJko-Scene-014.mp4,real,vript,29.97,14.748081,442,"[0, 4, 7, 11, 15, 19, 22, 26, 30, 34, 37, 41, 45, 49, 52, 56, 60, 64, 67, 71, 75, 79, 82, 86, 90, 94, 97, 101, 105, 109, 112, 116, 120, 124, 127, 131, 135, 139, 142, 146, 150, 154, 157, 161, 165, 169, 172, 176, 180, 184, 187, 191, 195, 199, 202, 206, 210, 214, 217, 221, 225, 229, 232, 236, 240, 244, 247, 251, 255, 258, 262, 266, 270, 273, 277, 281, 285, 288, 292, 296, 300, 303, 307, 311, 315, 318, 322, 326, 330, 333, 337, 341, 345, 348, 352, 356, 360, 363, 367, 371, 375, 378, 382, 386, 390, 393, 397, 401, 405, 408, 412, 416, 420, 423, 427, 431, 435, 438]","[382, 386, 390, 393, 397, 401, 405, 408]","[191, 195, 199, 202, 206, 210, 214, 217, 221, 225, 229, 232, 236, 240, 244, 247]","[345, 348, 352, 356, 360, 363, 367, 371, 375, 378, 382, 386, 390, 393, 397, 401, 405, 408, 412, 416, 420, 423, 427, 431]","[52, 56, 60, 64, 67, 71, 75, 79, 82, 86, 90, 94, 97, 101, 105, 109, 112, 116, 120, 124, 127, 131, 135, 139, 142, 146, 150, 154, 157, 161, 165, 169]",genvidbench:datasets/genvidbench_pair1_ms_vript_calib/real/vript/-R9w9MsLJko-Scene-014.mp4,genvidbench:real-content:-R9w9MsLJko,genvidbench,fit,genvidbench:datasets/genvidbench_pair1_ms_vript_calib/real/vript/-R9w9MsLJko-Scene-014.mp4,datasets/genvidbench_pair1_ms_vript_calib/real/vript/-R9w9MsLJko-Scene-014.mp4,genvidbench:-R9w9MsLJko,vript,,,,cache/fit/target/fit/genvidbench/080.npz,c717d4b9beaa715e0bb33903ca7082077414c204b489cefff373b4331fde2928
datasets/genvidbench_pair1_ms_vript_calib/real/vript/-RXlZ5yFVsc-Scene-012.mp4,real,vript,29.97002997002997,6.773433,203,"[0, 4, 7, 11, 15, 19, 22, 26, 30, 34, 37, 41, 45, 49, 52, 56, 60, 64, 67, 71, 75, 79, 82, 86, 90, 94, 97, 101, 105, 109, 112, 116, 120, 124, 127, 131, 135, 139, 142, 146, 150, 154, 157, 161, 165, 169, 172, 176, 180, 184, 187, 191, 195, 199, 202]","[142, 146, 150, 154, 157, 161, 165, 169]","[105, 109, 112, 116, 120, 124, 127, 131, 135, 139, 142, 146, 150, 154, 157, 161]","[52, 56, 60, 64, 67, 71, 75, 79, 82, 86, 90, 94, 97, 101, 105, 109, 112, 116, 120, 124, 127, 131, 135, 139]","[37, 41, 45, 49, 52, 56, 60, 64, 67, 71, 75, 79, 82, 86, 90, 94, 97, 101, 105, 109, 112, 116, 120, 124, 127, 131, 135, 139, 142, 146, 150, 154]",genvidbench:datasets/genvidbench_pair1_ms_vript_calib/real/vript/-RXlZ5yFVsc-Scene-012.mp4,genvidbench:real-content:-RXlZ5yFVsc,genvidbench,fit,genvidbench:datasets/genvidbench_pair1_ms_vript_calib/real/vript/-RXlZ5yFVsc-Scene-012.mp4,datasets/genvidbench_pair1_ms_vript_calib/real/vript/-RXlZ5yFVsc-Scene-012.mp4,genvidbench:-RXlZ5yFVsc,vript,,,,cache/fit/target/fit/genvidbench/081.npz,39c73693134a17ba92a1ff428fc9452906ce97e74877f6e4467b8b0d113bad8c
datasets/genvidbench_pair1_ms_vript_calib/real/vript/-RXlZ5yFVsc-Scene-025.mp4,real,vript,29.97002997002997,1.935267,58,"[0, 4, 7, 11, 15, 19, 22, 26, 30, 34, 37, 41, 45, 49, 52, 56]","[22, 26, 30, 34, 37, 41, 45, 49]","[0, 4, 7, 11, 15, 19, 22, 26, 30, 34, 37, 41, 45, 49, 52, 56]",,,genvidbench:datasets/genvidbench_pair1_ms_vript_calib/real/vript/-RXlZ5yFVsc-Scene-025.mp4,genvidbench:real-content:-RXlZ5yFVsc,genvidbench,fit,genvidbench:datasets/genvidbench_pair1_ms_vript_calib/real/vript/-RXlZ5yFVsc-Scene-025.mp4,datasets/genvidbench_pair1_ms_vript_calib/real/vript/-RXlZ5yFVsc-Scene-025.mp4,genvidbench:-RXlZ5yFVsc,vript,,,,cache/fit/target/fit/genvidbench/082.npz,52b425696c5e36a29bcd10a92fb5b6c9348238117961a7647f50a7d5ea14d841
datasets/genvidbench_pair1_ms_vript_calib/real/vript/-Rg54pQB5nI-Scene-004.mp4,real,vript,25.0,6.96,174,"[0, 3, 6, 9, 12, 16, 19, 22, 25, 28, 31, 34, 38, 41, 44, 47, 50, 53, 56, 59, 62, 66, 69, 72, 75, 78, 81, 84, 88, 91, 94, 97, 100, 103, 106, 109, 112, 116, 119, 122, 125, 128, 131, 134, 138, 141, 144, 147, 150, 153, 156, 159, 162, 166, 169, 172]","[119, 122, 125, 128, 131, 134, 138, 141]","[88, 91, 94, 97, 100, 103, 106, 109, 112, 116, 119, 122, 125, 128, 131, 134]","[44, 47, 50, 53, 56, 59, 62, 66, 69, 72, 75, 78, 81, 84, 88, 91, 94, 97, 100, 103, 106, 109, 112, 116]","[31, 34, 38, 41, 44, 47, 50, 53, 56, 59, 62, 66, 69, 72, 75, 78, 81, 84, 88, 91, 94, 97, 100, 103, 106, 109, 112, 116, 119, 122, 125, 128]",genvidbench:datasets/genvidbench_pair1_ms_vript_calib/real/vript/-Rg54pQB5nI-Scene-004.mp4,genvidbench:real-content:-Rg54pQB5nI,genvidbench,fit,genvidbench:datasets/genvidbench_pair1_ms_vript_calib/real/vript/-Rg54pQB5nI-Scene-004.mp4,datasets/genvidbench_pair1_ms_vript_calib/real/vript/-Rg54pQB5nI-Scene-004.mp4,genvidbench:-Rg54pQB5nI,vript,,,,cache/fit/target/fit/genvidbench/083.npz,d7c40231d224205f90cf893ff3b18311b048870f74e957075ad6a1a4b343ccf0
datasets/genvidbench_pair1_ms_vript_calib/real/vript/-Sze5w3SmDY-Scene-017.mp4,real,vript,29.97002997002997,6.373033,191,"[0, 4, 7, 11, 15, 19, 22, 26, 30, 34, 37, 41, 45, 49, 52, 56, 60, 64, 67, 71, 75, 79, 82, 86, 90, 94, 97, 101, 105, 109, 112, 116, 120, 124, 127, 131, 135, 139, 142, 146, 150, 154, 157, 161, 165, 169, 172, 176, 180, 184, 187]","[142, 146, 150, 154, 157, 161, 165, 169]","[105, 109, 112, 116, 120, 124, 127, 131, 135, 139, 142, 146, 150, 154, 157, 161]","[52, 56, 60, 64, 67, 71, 75, 79, 82, 86, 90, 94, 97, 101, 105, 109, 112, 116, 120, 124, 127, 131, 135, 139]","[37, 41, 45, 49, 52, 56, 60, 64, 67, 71, 75, 79, 82, 86, 90, 94, 97, 101, 105, 109, 112, 116, 120, 124, 127, 131, 135, 139, 142, 146, 150, 154]",genvidbench:datasets/genvidbench_pair1_ms_vript_calib/real/vript/-Sze5w3SmDY-Scene-017.mp4,genvidbench:real-content:-Sze5w3SmDY,genvidbench,fit,genvidbench:datasets/genvidbench_pair1_ms_vript_calib/real/vript/-Sze5w3SmDY-Scene-017.mp4,datasets/genvidbench_pair1_ms_vript_calib/real/vript/-Sze5w3SmDY-Scene-017.mp4,genvidbench:-Sze5w3SmDY,vript,,,,cache/fit/target/fit/genvidbench/084.npz,a1ff5be90771b06ae167da8776216ee7eb2c2eeafa3dba2f7ad2e966d8b93bc8
datasets/genvidbench_pair1_ms_vript_calib/real/vript/-T2cGKwkMLo-Scene-011.mp4,real,vript,29.97002997002997,8.241567,247,"[0, 4, 7, 11, 15, 19, 22, 26, 30, 34, 37, 41, 45, 49, 52, 56, 60, 64, 67, 71, 75, 79, 82, 86, 90, 94, 97, 101, 105, 109, 112, 116, 120, 124, 127, 131, 135, 139, 142, 146, 150, 154, 157, 161, 165, 169, 172, 176, 180, 184, 187, 191, 195, 199, 202, 206, 210, 214, 217, 221, 225, 229, 232, 236, 240, 244]","[142, 146, 150, 154, 157, 161, 165, 169]","[105, 109, 112, 116, 120, 124, 127, 131, 135, 139, 142, 146, 150, 154, 157, 161]","[52, 56, 60, 64, 67, 71, 75, 79, 82, 86, 90, 94, 97, 101, 105, 109, 112, 116, 120, 124, 127, 131, 135, 139]","[26, 30, 34, 37, 41, 45, 49, 52, 56, 60, 64, 67, 71, 75, 79, 82, 86, 90, 94, 97, 101, 105, 109, 112, 116, 120, 124, 127, 131, 135, 139, 142]",genvidbench:datasets/genvidbench_pair1_ms_vript_calib/real/vript/-T2cGKwkMLo-Scene-011.mp4,genvidbench:real-content:-T2cGKwkMLo,genvidbench,fit,genvidbench:datasets/genvidbench_pair1_ms_vript_calib/real/vript/-T2cGKwkMLo-Scene-011.mp4,datasets/genvidbench_pair1_ms_vript_calib/real/vript/-T2cGKwkMLo-Scene-011.mp4,genvidbench:-T2cGKwkMLo,vript,,,,cache/fit/target/fit/genvidbench/085.npz,f4cca40e4f7c44432f08888c47e8006968eb2ea5acf5c073167be8e6bb7e644e
datasets/genvidbench_pair1_ms_vript_calib/real/vript/-TKc500VmXk-Scene-008.mp4,real,vript,29.97002997002997,8.141467,244,"[0, 4, 7, 11, 15, 19, 22, 26, 30, 34, 37, 41, 45, 49, 52, 56, 60, 64, 67, 71, 75, 79, 82, 86, 90, 94, 97, 101, 105, 109, 112, 116, 120, 124, 127, 131, 135, 139, 142, 146, 150, 154, 157, 161, 165, 169, 172, 176, 180, 184, 187, 191, 195, 199, 202, 206, 210, 214, 217, 221, 225, 229, 232, 236, 240]","[142, 146, 150, 154, 157, 161, 165, 169]","[105, 109, 112, 116, 120, 124, 127, 131, 135, 139, 142, 146, 150, 154, 157, 161]","[52, 56, 60, 64, 67, 71, 75, 79, 82, 86, 90, 94, 97, 101, 105, 109, 112, 116, 120, 124, 127, 131, 135, 139]","[26, 30, 34, 37, 41, 45, 49, 52, 56, 60, 64, 67, 71, 75, 79, 82, 86, 90, 94, 97, 101, 105, 109, 112, 116, 120, 124, 127, 131, 135, 139, 142]",genvidbench:datasets/genvidbench_pair1_ms_vript_calib/real/vript/-TKc500VmXk-Scene-008.mp4,genvidbench:real-content:-TKc500VmXk,genvidbench,fit,genvidbench:datasets/genvidbench_pair1_ms_vript_calib/real/vript/-TKc500VmXk-Scene-008.mp4,datasets/genvidbench_pair1_ms_vript_calib/real/vript/-TKc500VmXk-Scene-008.mp4,genvidbench:-TKc500VmXk,vript,,,,cache/fit/target/fit/genvidbench/086.npz,4da36d6f6d16adc2d48d68d828e1c9c0643a1ce72ed8937788ce8e6fc2916521
datasets/genvidbench_pair1_ms_vript_calib/real/vript/-TPF9fnqZXk-Scene-015.mp4,real,vript,25.0,6.08,152,"[0, 3, 6, 9, 12, 16, 19, 22, 25, 28, 31, 34, 38, 41, 44, 47, 50, 53, 56, 59, 62, 66, 69, 72, 75, 78, 81, 84, 88, 91, 94, 97, 100, 103, 106, 109, 112, 116, 119, 122, 125, 128, 131, 134, 138, 141, 144, 147, 150]","[119, 122, 125, 128, 131, 134, 138, 141]","[88, 91, 94, 97, 100, 103, 106, 109, 112, 116, 119, 122, 125, 128, 131, 134]","[44, 47, 50, 53, 56, 59, 62, 66, 69, 72, 75, 78, 81, 84, 88, 91, 94, 97, 100, 103, 106, 109, 112, 116]","[31, 34, 38, 41, 44, 47, 50, 53, 56, 59, 62, 66, 69, 72, 75, 78, 81, 84, 88, 91, 94, 97, 100, 103, 106, 109, 112, 116, 119, 122, 125, 128]",genvidbench:datasets/genvidbench_pair1_ms_vript_calib/real/vript/-TPF9fnqZXk-Scene-015.mp4,genvidbench:real-content:-TPF9fnqZXk,genvidbench,fit,genvidbench:datasets/genvidbench_pair1_ms_vript_calib/real/vript/-TPF9fnqZXk-Scene-015.mp4,datasets/genvidbench_pair1_ms_vript_calib/real/vript/-TPF9fnqZXk-Scene-015.mp4,genvidbench:-TPF9fnqZXk,vript,,,,cache/fit/target/fit/genvidbench/087.npz,84d87ad3dc9da8d12176050898372e4d282e860ca04165f3b9b54199debbf543
datasets/genvidbench_pair1_ms_vript_calib/real/vript/-TPF9fnqZXk-Scene-023.mp4,real,vript,25.0,4.84,121,"[0, 3, 6, 9, 12, 16, 19, 22, 25, 28, 31, 34, 38, 41, 44, 47, 50, 53, 56, 59, 62, 66, 69, 72, 75, 78, 81, 84, 88, 91, 94, 97, 100, 103, 106, 109, 112, 116, 119]","[19, 22, 25, 28, 31, 34, 38, 41]","[59, 62, 66, 69, 72, 75, 78, 81, 84, 88, 91, 94, 97, 100, 103, 106]","[38, 41, 44, 47, 50, 53, 56, 59, 62, 66, 69, 72, 75, 78, 81, 84, 88, 91, 94, 97, 100, 103, 106, 109]","[19, 22, 25, 28, 31, 34, 38, 41, 44, 47, 50, 53, 56, 59, 62, 66, 69, 72, 75, 78, 81, 84, 88, 91, 94, 97, 100, 103, 106, 109, 112, 116]",genvidbench:datasets/genvidbench_pair1_ms_vript_calib/real/vript/-TPF9fnqZXk-Scene-023.mp4,genvidbench:real-content:-TPF9fnqZXk,genvidbench,fit,genvidbench:datasets/genvidbench_pair1_ms_vript_calib/real/vript/-TPF9fnqZXk-Scene-023.mp4,datasets/genvidbench_pair1_ms_vript_calib/real/vript/-TPF9fnqZXk-Scene-023.mp4,genvidbench:-TPF9fnqZXk,vript,,,,cache/fit/target/fit/genvidbench/088.npz,e9d0a415f14165548bb88502e2223d91171471b19a78b50f26e1960fcfc7d28b
datasets/genvidbench_pair1_ms_vript_calib/real/vript/-TcGDubGfuM-Scene-011.mp4,real,vript,25.0,23.92,598,"[0, 3, 6, 9, 12, 16, 19, 22, 25, 28, 31, 34, 38, 41, 44, 47, 50, 53, 56, 59, 62, 66, 69, 72, 75, 78, 81, 84, 88, 91, 94, 97, 100, 103, 106, 109, 112, 116, 119, 122, 125, 128, 131, 134, 138, 141, 144, 147, 150, 153, 156, 159, 162, 166, 169, 172, 175, 178, 181, 184, 188, 191, 194, 197, 200, 203, 206, 209, 212, 216, 219, 222, 225, 228, 231, 234, 238, 241, 244, 247, 250, 253, 256, 259, 262, 266, 269, 272, 275, 278, 281, 284, 288, 291, 294, 297, 300, 303, 306, 309, 312, 316, 319, 322, 325, 328, 331, 334, 338, 341, 344, 347, 350, 353, 356, 359, 362, 366, 369, 372, 375, 378, 381, 384, 388, 391, 394, 397, 400, 403, 406, 409, 412, 416, 419, 422, 425, 428, 431, 434, 438, 441, 444, 447, 450, 453, 456, 459, 462, 466, 469, 472, 475, 478, 481, 484, 488, 491, 494, 497, 500, 503, 506, 509, 512, 516, 519, 522, 525, 528, 531, 534, 538, 541, 544, 547, 550, 553, 556, 559, 562, 566, 569, 572, 575, 578, 581, 584, 588, 591, 594, 597]","[319, 322, 325, 328, 331, 334, 338, 341]","[288, 291, 294, 297, 300, 303, 306, 309, 312, 316, 319, 322, 325, 328, 331, 334]","[44, 47, 50, 53, 56, 59, 62, 66, 69, 72, 75, 78, 81, 84, 88, 91, 94, 97, 100, 103, 106, 109, 112, 116]","[331, 334, 338, 341, 344, 347, 350, 353, 356, 359, 362, 366, 369, 372, 375, 378, 381, 384, 388, 391, 394, 397, 400, 403, 406, 409, 412, 416, 419, 422, 425, 428]",genvidbench:datasets/genvidbench_pair1_ms_vript_calib/real/vript/-TcGDubGfuM-Scene-011.mp4,genvidbench:real-content:-TcGDubGfuM,genvidbench,fit,genvidbench:datasets/genvidbench_pair1_ms_vript_calib/real/vript/-TcGDubGfuM-Scene-011.mp4,datasets/genvidbench_pair1_ms_vript_calib/real/vript/-TcGDubGfuM-Scene-011.mp4,genvidbench:-TcGDubGfuM,vript,,,,cache/fit/target/fit/genvidbench/089.npz,39638c586c5d0fefd22675fdc92c5668f6dc027727b7ac099244ab84703be6ea
datasets/genvidbench_pair1_ms_vript_calib/real/vript/-UWQuj6J8tQ-Scene-050.mp4,real,vript,30.0,5.0,150,"[0, 4, 8, 11, 15, 19, 22, 26, 30, 34, 38, 41, 45, 49, 52, 56, 60, 64, 68, 71, 75, 79, 82, 86, 90, 94, 98, 101, 105, 109, 112, 116, 120, 124, 128, 131, 135, 139, 142, 146]","[105, 109, 112, 116, 120, 124, 128, 131]","[52, 56, 60, 64, 68, 71, 75, 79, 82, 86, 90, 94, 98, 101, 105, 109]","[38, 41, 45, 49, 52, 56, 60, 64, 68, 71, 75, 79, 82, 86, 90, 94, 98, 101, 105, 109, 112, 116, 120, 124]","[26, 30, 34, 38, 41, 45, 49, 52, 56, 60, 64, 68, 71, 75, 79, 82, 86, 90, 94, 98, 101, 105, 109, 112, 116, 120, 124, 128, 131, 135, 139, 142]",genvidbench:datasets/genvidbench_pair1_ms_vript_calib/real/vript/-UWQuj6J8tQ-Scene-050.mp4,genvidbench:real-content:-UWQuj6J8tQ,genvidbench,fit,genvidbench:datasets/genvidbench_pair1_ms_vript_calib/real/vript/-UWQuj6J8tQ-Scene-050.mp4,datasets/genvidbench_pair1_ms_vript_calib/real/vript/-UWQuj6J8tQ-Scene-050.mp4,genvidbench:-UWQuj6J8tQ,vript,,,,cache/fit/target/fit/genvidbench/090.npz,804704b11e5721586eb2bae2a61611b15e6633e1cf22e7e5353d635803ac355d
datasets/genvidbench_pair1_ms_vript_calib/real/vript/-UWQuj6J8tQ-Scene-114.mp4,real,vript,30.0,5.4,162,"[0, 4, 8, 11, 15, 19, 22, 26, 30, 34, 38, 41, 45, 49, 52, 56, 60, 64, 68, 71, 75, 79, 82, 86, 90, 94, 98, 101, 105, 109, 112, 116, 120, 124, 128, 131, 135, 139, 142, 146, 150, 154, 158, 161]","[105, 109, 112, 116, 120, 124, 128, 131]","[52, 56, 60, 64, 68, 71, 75, 79, 82, 86, 90, 94, 98, 101, 105, 109]","[38, 41, 45, 49, 52, 56, 60, 64, 68, 71, 75, 79, 82, 86, 90, 94, 98, 101, 105, 109, 112, 116, 120, 124]","[26, 30, 34, 38, 41, 45, 49, 52, 56, 60, 64, 68, 71, 75, 79, 82, 86, 90, 94, 98, 101, 105, 109, 112, 116, 120, 124, 128, 131, 135, 139, 142]",genvidbench:datasets/genvidbench_pair1_ms_vript_calib/real/vript/-UWQuj6J8tQ-Scene-114.mp4,genvidbench:real-content:-UWQuj6J8tQ,genvidbench,fit,genvidbench:datasets/genvidbench_pair1_ms_vript_calib/real/vript/-UWQuj6J8tQ-Scene-114.mp4,datasets/genvidbench_pair1_ms_vript_calib/real/vript/-UWQuj6J8tQ-Scene-114.mp4,genvidbench:-UWQuj6J8tQ,vript,,,,cache/fit/target/fit/genvidbench/091.npz,4a86913b545080f477f79ccafa6582788e997f668375a03caf8cdb49f69298ab
datasets/genvidbench_pair1_ms_vript_calib/real/vript/-Upl9sTDDys-Scene-002.mp4,real,vript,25.0,5.64,141,"[0, 3, 6, 9, 12, 16, 19, 22, 25, 28, 31, 34, 38, 41, 44, 47, 50, 53, 56, 59, 62, 66, 69, 72, 75, 78, 81, 84, 88, 91, 94, 97, 100, 103, 106, 109, 112, 116, 119, 122, 125, 128, 131, 134, 138]","[88, 91, 94, 97, 100, 103, 106, 109]","[44, 47, 50, 53, 56, 59, 62, 66, 69, 72, 75, 78, 81, 84, 88, 91]","[31, 34, 38, 41, 44, 47, 50, 53, 56, 59, 62, 66, 69, 72, 75, 78, 81, 84, 88, 91, 94, 97, 100, 103]","[22, 25, 28, 31, 34, 38, 41, 44, 47, 50, 53, 56, 59, 62, 66, 69, 72, 75, 78, 81, 84, 88, 91, 94, 97, 100, 103, 106, 109, 112, 116, 119]",genvidbench:datasets/genvidbench_pair1_ms_vript_calib/real/vript/-Upl9sTDDys-Scene-002.mp4,genvidbench:real-content:-Upl9sTDDys,genvidbench,fit,genvidbench:datasets/genvidbench_pair1_ms_vript_calib/real/vript/-Upl9sTDDys-Scene-002.mp4,datasets/genvidbench_pair1_ms_vript_calib/real/vript/-Upl9sTDDys-Scene-002.mp4,genvidbench:-Upl9sTDDys,vript,,,,cache/fit/target/fit/genvidbench/092.npz,9f07e322dad52e7db0b0f94ed20bd6aec9baa30c1d9b6024b23f8a6af8de3c24
datasets/genvidbench_pair1_ms_vript_calib/real/vript/-Y1W79cmsNM-Scene-027.mp4,real,vript,30.0,3.066667,92,"[0, 4, 8, 11, 15, 19, 22, 26, 30, 34, 38, 41, 45, 49, 52, 56, 60, 64, 68, 71, 75, 79, 82, 86, 90]","[22, 26, 30, 34, 38, 41, 45, 49]","[11, 15, 19, 22, 26, 30, 34, 38, 41, 45, 49, 52, 56, 60, 64, 68]","[0, 4, 8, 11, 15, 19, 22, 26, 30, 34, 38, 41, 45, 49, 52, 56, 60, 64, 68, 71, 75, 79, 82, 86]",,genvidbench:datasets/genvidbench_pair1_ms_vript_calib/real/vript/-Y1W79cmsNM-Scene-027.mp4,genvidbench:real-content:-Y1W79cmsNM,genvidbench,fit,genvidbench:datasets/genvidbench_pair1_ms_vript_calib/real/vript/-Y1W79cmsNM-Scene-027.mp4,datasets/genvidbench_pair1_ms_vript_calib/real/vript/-Y1W79cmsNM-Scene-027.mp4,genvidbench:-Y1W79cmsNM,vript,,,,cache/fit/target/fit/genvidbench/093.npz,88ff18865c5d75e717a4fd2e97ca970fee3db94fcb99ce9b55fb6974301ef5aa
datasets/genvidbench_pair1_ms_vript_calib/real/vript/-Yr32_oY-II-Scene-023.mp4,real,vript,25.0,10.16,254,"[0, 3, 6, 9, 12, 16, 19, 22, 25, 28, 31, 34, 38, 41, 44, 47, 50, 53, 56, 59, 62, 66, 69, 72, 75, 78, 81, 84, 88, 91, 94, 97, 100, 103, 106, 109, 112, 116, 119, 122, 125, 128, 131, 134, 138, 141, 144, 147, 150, 153, 156, 159, 162, 166, 169, 172, 175, 178, 181, 184, 188, 191, 194, 197, 200, 203, 206, 209, 212, 216, 219, 222, 225, 228, 231, 234, 238, 241, 244, 247, 250, 253]","[159, 162, 166, 169, 172, 175, 178, 181]","[44, 47, 50, 53, 56, 59, 62, 66, 69, 72, 75, 78, 81, 84, 88, 91]","[131, 134, 138, 141, 144, 147, 150, 153, 156, 159, 162, 166, 169, 172, 175, 178, 181, 184, 188, 191, 194, 197, 200, 203]","[22, 25, 28, 31, 34, 38, 41, 44, 47, 50, 53, 56, 59, 62, 66, 69, 72, 75, 78, 81, 84, 88, 91, 94, 97, 100, 103, 106, 109, 112, 116, 119]",genvidbench:datasets/genvidbench_pair1_ms_vript_calib/real/vript/-Yr32_oY-II-Scene-023.mp4,genvidbench:real-content:-Yr32_oY-II,genvidbench,fit,genvidbench:datasets/genvidbench_pair1_ms_vript_calib/real/vript/-Yr32_oY-II-Scene-023.mp4,datasets/genvidbench_pair1_ms_vript_calib/real/vript/-Yr32_oY-II-Scene-023.mp4,genvidbench:-Yr32_oY-II,vript,,,,cache/fit/target/fit/genvidbench/094.npz,4b4719fa1b63bf1903c3f2ed47f356e569569c64c1ff86c065e2a3be64cce675
datasets/genvidbench_pair1_ms_vript_calib/real/vript/-_sWbzq99Tk-Scene-002.mp4,real,vript,29.97002997002997,5.4054,162,"[0, 4, 7, 11, 15, 19, 22, 26, 30, 34, 37, 41, 45, 49, 52, 56, 60, 64, 67, 71, 75, 79, 82, 86, 90, 94, 97, 101, 105, 109, 112, 116, 120, 124, 127, 131, 135, 139, 142, 146, 150, 154, 157, 161]","[105, 109, 112, 116, 120, 124, 127, 131]","[52, 56, 60, 64, 67, 71, 75, 79, 82, 86, 90, 94, 97, 101, 105, 109]","[37, 41, 45, 49, 52, 56, 60, 64, 67, 71, 75, 79, 82, 86, 90, 94, 97, 101, 105, 109, 112, 116, 120, 124]","[26, 30, 34, 37, 41, 45, 49, 52, 56, 60, 64, 67, 71, 75, 79, 82, 86, 90, 94, 97, 101, 105, 109, 112, 116, 120, 124, 127, 131, 135, 139, 142]",genvidbench:datasets/genvidbench_pair1_ms_vript_calib/real/vript/-_sWbzq99Tk-Scene-002.mp4,genvidbench:real-content:-_sWbzq99Tk,genvidbench,fit,genvidbench:datasets/genvidbench_pair1_ms_vript_calib/real/vript/-_sWbzq99Tk-Scene-002.mp4,datasets/genvidbench_pair1_ms_vript_calib/real/vript/-_sWbzq99Tk-Scene-002.mp4,genvidbench:-_sWbzq99Tk,vript,,,,cache/fit/target/fit/genvidbench/095.npz,3c04d40a585746ab937426095ca14da85b5f45fcaaadb4a22a4b2615c41d5d3e
datasets/genvidbench_pair1_ms_vript_calib/real/vript/-aIFqFpzeYY-Scene-014.mp4,real,vript,29.97002997002997,3.370033,101,"[0, 4, 7, 11, 15, 19, 22, 26, 30, 34, 37, 41, 45, 49, 52, 56, 60, 64, 67, 71, 75, 79, 82, 86, 90, 94, 97]","[22, 26, 30, 34, 37, 41, 45, 49]","[11, 15, 19, 22, 26, 30, 34, 37, 41, 45, 49, 52, 56, 60, 64, 67]","[0, 4, 7, 11, 15, 19, 22, 26, 30, 34, 37, 41, 45, 49, 52, 56, 60, 64, 67, 71, 75, 79, 82, 86]",,genvidbench:datasets/genvidbench_pair1_ms_vript_calib/real/vript/-aIFqFpzeYY-Scene-014.mp4,genvidbench:real-content:-aIFqFpzeYY,genvidbench,fit,genvidbench:datasets/genvidbench_pair1_ms_vript_calib/real/vript/-aIFqFpzeYY-Scene-014.mp4,datasets/genvidbench_pair1_ms_vript_calib/real/vript/-aIFqFpzeYY-Scene-014.mp4,genvidbench:-aIFqFpzeYY,vript,,,,cache/fit/target/fit/genvidbench/096.npz,079bc7337ae6d0464e8a7c8ba18b63c74b25701a0f1e1eda807ab74bf7bc9ea8
datasets/genvidbench_pair1_ms_vript_calib/real/vript/-aakRj2QgvM-Scene-012.mp4,real,vript,29.97002997002997,5.271933,158,"[0, 4, 7, 11, 15, 19, 22, 26, 30, 34, 37, 41, 45, 49, 52, 56, 60, 64, 67, 71, 75, 79, 82, 86, 90, 94, 97, 101, 105, 109, 112, 116, 120, 124, 127, 131, 135, 139, 142, 146, 150, 154, 157]","[105, 109, 112, 116, 120, 124, 127, 131]","[52, 56, 60, 64, 67, 71, 75, 79, 82, 86, 90, 94, 97, 101, 105, 109]","[37, 41, 45, 49, 52, 56, 60, 64, 67, 71, 75, 79, 82, 86, 90, 94, 97, 101, 105, 109, 112, 116, 120, 124]","[26, 30, 34, 37, 41, 45, 49, 52, 56, 60, 64, 67, 71, 75, 79, 82, 86, 90, 94, 97, 101, 105, 109, 112, 116, 120, 124, 127, 131, 135, 139, 142]",genvidbench:datasets/genvidbench_pair1_ms_vript_calib/real/vript/-aakRj2QgvM-Scene-012.mp4,genvidbench:real-content:-aakRj2QgvM,genvidbench,fit,genvidbench:datasets/genvidbench_pair1_ms_vript_calib/real/vript/-aakRj2QgvM-Scene-012.mp4,datasets/genvidbench_pair1_ms_vript_calib/real/vript/-aakRj2QgvM-Scene-012.mp4,genvidbench:-aakRj2QgvM,vript,,,,cache/fit/target/fit/genvidbench/097.npz,9349e01e86a70fb3b1cfb5699b3c1942874695f61f36ba021c3bbe9bf04e2e69
datasets/genvidbench_pair1_ms_vript_calib/real/vript/-aakRj2QgvM-Scene-044.mp4,real,vript,29.97002997002997,4.2042,126,"[0, 4, 7, 11, 15, 19, 22, 26, 30, 34, 37, 41, 45, 49, 52, 56, 60, 64, 67, 71, 75, 79, 82, 86, 90, 94, 97, 101, 105, 109, 112, 116, 120, 124]","[22, 26, 30, 34, 37, 41, 45, 49]","[52, 56, 60, 64, 67, 71, 75, 79, 82, 86, 90, 94, 97, 101, 105, 109]","[37, 41, 45, 49, 52, 56, 60, 64, 67, 71, 75, 79, 82, 86, 90, 94, 97, 101, 105, 109, 112, 116, 120, 124]","[0, 4, 7, 11, 15, 19, 22, 26, 30, 34, 37, 41, 45, 49, 52, 56, 60, 64, 67, 71, 75, 79, 82, 86, 90, 94, 97, 101, 105, 109, 112, 116]",genvidbench:datasets/genvidbench_pair1_ms_vript_calib/real/vript/-aakRj2QgvM-Scene-044.mp4,genvidbench:real-content:-aakRj2QgvM,genvidbench,fit,genvidbench:datasets/genvidbench_pair1_ms_vript_calib/real/vript/-aakRj2QgvM-Scene-044.mp4,datasets/genvidbench_pair1_ms_vript_calib/real/vript/-aakRj2QgvM-Scene-044.mp4,genvidbench:-aakRj2QgvM,vript,,,,cache/fit/target/fit/genvidbench/098.npz,834147a2f1d0018312c354db78f892a6f0f7054c942a2d5e035fa56c4a8ed52b
datasets/genvidbench_pair1_ms_vript_calib/real/vript/-ap7SQOxO0Q-Scene-030.mp4,real,vript,29.9,6.622074,198,"[0, 4, 7, 11, 15, 19, 22, 26, 30, 34, 37, 41, 45, 49, 52, 56, 60, 64, 67, 71, 75, 78, 82, 86, 90, 93, 97, 101, 105, 108, 112, 116, 120, 123, 127, 131, 135, 138, 142, 146, 150, 153, 157, 161, 164, 168, 172, 176, 179, 183, 187, 191, 194]","[142, 146, 150, 153, 157, 161, 164, 168]","[105, 108, 112, 116, 120, 123, 127, 131, 135, 138, 142, 146, 150, 153, 157, 161]","[52, 56, 60, 64, 67, 71, 75, 78, 82, 86, 90, 93, 97, 101, 105, 108, 112, 116, 120, 123, 127, 131, 135, 138]","[37, 41, 45, 49, 52, 56, 60, 64, 67, 71, 75, 78, 82, 86, 90, 93, 97, 101, 105, 108, 112, 116, 120, 123, 127, 131, 135, 138, 142, 146, 150, 153]",genvidbench:datasets/genvidbench_pair1_ms_vript_calib/real/vript/-ap7SQOxO0Q-Scene-030.mp4,genvidbench:real-content:-ap7SQOxO0Q,genvidbench,fit,genvidbench:datasets/genvidbench_pair1_ms_vript_calib/real/vript/-ap7SQOxO0Q-Scene-030.mp4,datasets/genvidbench_pair1_ms_vript_calib/real/vript/-ap7SQOxO0Q-Scene-030.mp4,genvidbench:-ap7SQOxO0Q,vript,,,,cache/fit/target/fit/genvidbench/099.npz,e5ac548697015351d21e2324b8139863e9cb218e9a12fd9f38821dbcb574eb7d
datasets/genvidbench_pair1_ms_vript_calib/real/vript/-bIly3R26BM-Scene-028.mp4,real,vript,29.97002997002997,4.938267,148,"[0, 4, 7, 11, 15, 19, 22, 26, 30, 34, 37, 41, 45, 49, 52, 56, 60, 64, 67, 71, 75, 79, 82, 86, 90, 94, 97, 101, 105, 109, 112, 116, 120, 124, 127, 131, 135, 139, 142, 146]","[105, 109, 112, 116, 120, 124, 127, 131]","[52, 56, 60, 64, 67, 71, 75, 79, 82, 86, 90, 94, 97, 101, 105, 109]","[37, 41, 45, 49, 52, 56, 60, 64, 67, 71, 75, 79, 82, 86, 90, 94, 97, 101, 105, 109, 112, 116, 120, 124]","[26, 30, 34, 37, 41, 45, 49, 52, 56, 60, 64, 67, 71, 75, 79, 82, 86, 90, 94, 97, 101, 105, 109, 112, 116, 120, 124, 127, 131, 135, 139, 142]",genvidbench:datasets/genvidbench_pair1_ms_vript_calib/real/vript/-bIly3R26BM-Scene-028.mp4,genvidbench:real-content:-bIly3R26BM,genvidbench,fit,genvidbench:datasets/genvidbench_pair1_ms_vript_calib/real/vript/-bIly3R26BM-Scene-028.mp4,datasets/genvidbench_pair1_ms_vript_calib/real/vript/-bIly3R26BM-Scene-028.mp4,genvidbench:-bIly3R26BM,vript,,,,cache/fit/target/fit/genvidbench/100.npz,fa43f3c25c5b382ec80a83a8057277eb469934c6c45859480607f65f9aff4f72
datasets/genvidbench_pair1_ms_vript_calib/real/vript/-bvYuskY0ZQ-Scene-021.mp4,real,vript,23.976023976023978,16.224542,389,"[0, 3, 6, 9, 12, 15, 18, 21, 24, 27, 30, 33, 36, 39, 42, 45, 48, 51, 54, 57, 60, 63, 66, 69, 72, 75, 78, 81, 84, 87, 90, 93, 96, 99, 102, 105, 108, 111, 114, 117, 120, 123, 126, 129, 132, 135, 138, 141, 144, 147, 150, 153, 156, 159, 162, 165, 168, 171, 174, 177, 180, 183, 186, 189, 192, 195, 198, 201, 204, 207, 210, 213, 216, 219, 222, 225, 228, 231, 234, 237, 240, 243, 246, 249, 252, 255, 258, 261, 264, 267, 270, 273, 276, 279, 282, 285, 288, 291, 294, 297, 300, 303, 306, 309, 312, 315, 318, 321, 324, 327, 330, 333, 336, 339, 342, 345, 348, 351, 354, 357, 360, 363, 366, 369, 372, 375, 378, 381, 384, 387]","[306, 309, 312, 315, 318, 321, 324, 327]","[153, 156, 159, 162, 165, 168, 171, 174, 177, 180, 183, 186, 189, 192, 195, 198]","[276, 279, 282, 285, 288, 291, 294, 297, 300, 303, 306, 309, 312, 315, 318, 321, 324, 327, 330, 333, 336, 339, 342, 345]","[42, 45, 48, 51, 54, 57, 60, 63, 66, 69, 72, 75, 78, 81, 84, 87, 90, 93, 96, 99, 102, 105, 108, 111, 114, 117, 120, 123, 126, 129, 132, 135]",genvidbench:datasets/genvidbench_pair1_ms_vript_calib/real/vript/-bvYuskY0ZQ-Scene-021.mp4,genvidbench:real-content:-bvYuskY0ZQ,genvidbench,fit,genvidbench:datasets/genvidbench_pair1_ms_vript_calib/real/vript/-bvYuskY0ZQ-Scene-021.mp4,datasets/genvidbench_pair1_ms_vript_calib/real/vript/-bvYuskY0ZQ-Scene-021.mp4,genvidbench:-bvYuskY0ZQ,vript,,,,cache/fit/target/fit/genvidbench/101.npz,688806e2cc7dfa0e1de17f04a9316f79f570ed9808c4097b3cd45b5f30f8f765
datasets/genvidbench_pair1_ms_vript_calib/real/vript/-dmGMYehUXo-Scene-010.mp4,real,vript,29.97002997002997,10.143467,304,"[0, 4, 7, 11, 15, 19, 22, 26, 30, 34, 37, 41, 45, 49, 52, 56, 60, 64, 67, 71, 75, 79, 82, 86, 90, 94, 97, 101, 105, 109, 112, 116, 120, 124, 127, 131, 135, 139, 142, 146, 150, 154, 157, 161, 165, 169, 172, 176, 180, 184, 187, 191, 195, 199, 202, 206, 210, 214, 217, 221, 225, 229, 232, 236, 240, 244, 247, 251, 255, 258, 262, 266, 270, 273, 277, 281, 285, 288, 292, 296, 300, 303]","[191, 195, 199, 202, 206, 210, 214, 217]","[52, 56, 60, 64, 67, 71, 75, 79, 82, 86, 90, 94, 97, 101, 105, 109]","[157, 161, 165, 169, 172, 176, 180, 184, 187, 191, 195, 199, 202, 206, 210, 214, 217, 221, 225, 229, 232, 236, 240, 244]","[26, 30, 34, 37, 41, 45, 49, 52, 56, 60, 64, 67, 71, 75, 79, 82, 86, 90, 94, 97, 101, 105, 109, 112, 116, 120, 124, 127, 131, 135, 139, 142]",genvidbench:datasets/genvidbench_pair1_ms_vript_calib/real/vript/-dmGMYehUXo-Scene-010.mp4,genvidbench:real-content:-dmGMYehUXo,genvidbench,fit,genvidbench:datasets/genvidbench_pair1_ms_vript_calib/real/vript/-dmGMYehUXo-Scene-010.mp4,datasets/genvidbench_pair1_ms_vript_calib/real/vript/-dmGMYehUXo-Scene-010.mp4,genvidbench:-dmGMYehUXo,vript,,,,cache/fit/target/fit/genvidbench/102.npz,29c89d891294fcf605357ab7dc2f529e631b60a107a7af3cb30d79efb7cf71c6
datasets/genvidbench_pair1_ms_vript_calib/real/vript/-f36JGmgiiw-Scene-022.mp4,real,vript,29.97002997002997,19.586233,587,"[0, 4, 7, 11, 15, 19, 22, 26, 30, 34, 37, 41, 45, 49, 52, 56, 60, 64, 67, 71, 75, 79, 82, 86, 90, 94, 97, 101, 105, 109, 112, 116, 120, 124, 127, 131, 135, 139, 142, 146, 150, 154, 157, 161, 165, 169, 172, 176, 180, 184, 187, 191, 195, 199, 202, 206, 210, 214, 217, 221, 225, 229, 232, 236, 240, 244, 247, 251, 255, 258, 262, 266, 270, 273, 277, 281, 285, 288, 292, 296, 300, 303, 307, 311, 315, 318, 322, 326, 330, 333, 337, 341, 345, 348, 352, 356, 360, 363, 367, 371, 375, 378, 382, 386, 390, 393, 397, 401, 405, 408, 412, 416, 420, 423, 427, 431, 435, 438, 442, 446, 450, 453, 457, 461, 465, 468, 472, 476, 480, 483, 487, 491, 495, 498, 502, 506, 509, 513, 517, 521, 524, 528, 532, 536, 539, 543, 547, 551, 554, 558, 562, 566, 569, 573, 577, 581, 584]","[382, 386, 390, 393, 397, 401, 405, 408]","[345, 348, 352, 356, 360, 363, 367, 371, 375, 378, 382, 386, 390, 393, 397, 401]","[52, 56, 60, 64, 67, 71, 75, 79, 82, 86, 90, 94, 97, 101, 105, 109, 112, 116, 120, 124, 127, 131, 135, 139]","[397, 401, 405, 408, 412, 416, 420, 423, 427, 431, 435, 438, 442, 446, 450, 453, 457, 461, 465, 468, 472, 476, 480, 483, 487, 491, 495, 498, 502, 506, 509, 513]",genvidbench:datasets/genvidbench_pair1_ms_vript_calib/real/vript/-f36JGmgiiw-Scene-022.mp4,genvidbench:real-content:-f36JGmgiiw,genvidbench,fit,genvidbench:datasets/genvidbench_pair1_ms_vript_calib/real/vript/-f36JGmgiiw-Scene-022.mp4,datasets/genvidbench_pair1_ms_vript_calib/real/vript/-f36JGmgiiw-Scene-022.mp4,genvidbench:-f36JGmgiiw,vript,,,,cache/fit/target/fit/genvidbench/103.npz,a31240e122991939b0d4a3ac8d0ae57762e65e4370ef1acfb545b0636dca638f
datasets/genvidbench_pair1_ms_vript_calib/real/vript/-gwzJWXvJuo-Scene-021.mp4,real,vript,25.0,13.12,328,"[0, 3, 6, 9, 12, 16, 19, 22, 25, 28, 31, 34, 38, 41, 44, 47, 50, 53, 56, 59, 62, 66, 69, 72, 75, 78, 81, 84, 88, 91, 94, 97, 100, 103, 106, 109, 112, 116, 119, 122, 125, 128, 131, 134, 138, 141, 144, 147, 150, 153, 156, 159, 162, 166, 169, 172, 175, 178, 181, 184, 188, 191, 194, 197, 200, 203, 206, 209, 212, 216, 219, 222, 225, 228, 231, 234, 238, 241, 244, 247, 250, 253, 256, 259, 262, 266, 269, 272, 275, 278, 281, 284, 288, 291, 294, 297, 300, 303, 306, 309, 312, 316, 319, 322, 325]","[159, 162, 166, 169, 172, 175, 178, 181]","[44, 47, 50, 53, 56, 59, 62, 66, 69, 72, 75, 78, 81, 84, 88, 91]","[222, 225, 228, 231, 234, 238, 241, 244, 247, 250, 253, 256, 259, 262, 266, 269, 272, 275, 278, 281, 284, 288, 291, 294]","[188, 191, 194, 197, 200, 203, 206, 209, 212, 216, 219, 222, 225, 228, 231, 234, 238, 241, 244, 247, 250, 253, 256, 259, 262, 266, 269, 272, 275, 278, 281, 284]",genvidbench:datasets/genvidbench_pair1_ms_vript_calib/real/vript/-gwzJWXvJuo-Scene-021.mp4,genvidbench:real-content:-gwzJWXvJuo,genvidbench,fit,genvidbench:datasets/genvidbench_pair1_ms_vript_calib/real/vript/-gwzJWXvJuo-Scene-021.mp4,datasets/genvidbench_pair1_ms_vript_calib/real/vript/-gwzJWXvJuo-Scene-021.mp4,genvidbench:-gwzJWXvJuo,vript,,,,cache/fit/target/fit/genvidbench/104.npz,750afe9f516ab4fcba2210cf8016c9614a89579a4e5dafc8df128c692a0a2e7d
datasets/genvidbench_pair1_ms_vript_calib/real/vript/-h4fQAJVh6M-Scene-014.mp4,real,vript,25.0,8.0,200,"[0, 3, 6, 9, 12, 16, 19, 22, 25, 28, 31, 34, 38, 41, 44, 47, 50, 53, 56, 59, 62, 66, 69, 72, 75, 78, 81, 84, 88, 91, 94, 97, 100, 103, 106, 109, 112, 116, 119, 122, 125, 128, 131, 134, 138, 141, 144, 147, 150, 153, 156, 159, 162, 166, 169, 172, 175, 178, 181, 184, 188, 191, 194, 197]","[119, 122, 125, 128, 131, 134, 138, 141]","[88, 91, 94, 97, 100, 103, 106, 109, 112, 116, 119, 122, 125, 128, 131, 134]","[44, 47, 50, 53, 56, 59, 62, 66, 69, 72, 75, 78, 81, 84, 88, 91, 94, 97, 100, 103, 106, 109, 112, 116]","[22, 25, 28, 31, 34, 38, 41, 44, 47, 50, 53, 56, 59, 62, 66, 69, 72, 75, 78, 81, 84, 88, 91, 94, 97, 100, 103, 106, 109, 112, 116, 119]",genvidbench:datasets/genvidbench_pair1_ms_vript_calib/real/vript/-h4fQAJVh6M-Scene-014.mp4,genvidbench:real-content:-h4fQAJVh6M,genvidbench,fit,genvidbench:datasets/genvidbench_pair1_ms_vript_calib/real/vript/-h4fQAJVh6M-Scene-014.mp4,datasets/genvidbench_pair1_ms_vript_calib/real/vript/-h4fQAJVh6M-Scene-014.mp4,genvidbench:-h4fQAJVh6M,vript,,,,cache/fit/target/fit/genvidbench/105.npz,80ea63ac1e3a3ce17fd5839b620786a93d06b2c5b7f241df298325fba1031ce8
datasets/genvidbench_pair1_ms_vript_calib/real/vript/-kCIAWaqThs-Scene-037.mp4,real,vript,29.97002997002997,16.649967,499,"[0, 4, 7, 11, 15, 19, 22, 26, 30, 34, 37, 41, 45, 49, 52, 56, 60, 64, 67, 71, 75, 79, 82, 86, 90, 94, 97, 101, 105, 109, 112, 116, 120, 124, 127, 131, 135, 139, 142, 146, 150, 154, 157, 161, 165, 169, 172, 176, 180, 184, 187, 191, 195, 199, 202, 206, 210, 214, 217, 221, 225, 229, 232, 236, 240, 244, 247, 251, 255, 258, 262, 266, 270, 273, 277, 281, 285, 288, 292, 296, 300, 303, 307, 311, 315, 318, 322, 326, 330, 333, 337, 341, 345, 348, 352, 356, 360, 363, 367, 371, 375, 378, 382, 386, 390, 393, 397, 401, 405, 408, 412, 416, 420, 423, 427, 431, 435, 438, 442, 446, 450, 453, 457, 461, 465, 468, 472, 476, 480, 483, 487, 491, 495, 498]","[382, 386, 390, 393, 397, 401, 405, 408]","[191, 195, 199, 202, 206, 210, 214, 217, 221, 225, 229, 232, 236, 240, 244, 247]","[345, 348, 352, 356, 360, 363, 367, 371, 375, 378, 382, 386, 390, 393, 397, 401, 405, 408, 412, 416, 420, 423, 427, 431]","[52, 56, 60, 64, 67, 71, 75, 79, 82, 86, 90, 94, 97, 101, 105, 109, 112, 116, 120, 124, 127, 131, 135, 139, 142, 146, 150, 154, 157, 161, 165, 169]",genvidbench:datasets/genvidbench_pair1_ms_vript_calib/real/vript/-kCIAWaqThs-Scene-037.mp4,genvidbench:real-content:-kCIAWaqThs,genvidbench,fit,genvidbench:datasets/genvidbench_pair1_ms_vript_calib/real/vript/-kCIAWaqThs-Scene-037.mp4,datasets/genvidbench_pair1_ms_vript_calib/real/vript/-kCIAWaqThs-Scene-037.mp4,genvidbench:-kCIAWaqThs,vript,,,,cache/fit/target/fit/genvidbench/106.npz,70de6c2aa6b1b7cc31ce5192ac329b69b464e347cf95975050dc62d0ae69301a
datasets/genvidbench_pair1_ms_vript_calib/real/vript/-lVZ8wluBfc-Scene-074.mp4,real,vript,30.0,4.3,129,"[0, 4, 8, 11, 15, 19, 22, 26, 30, 34, 38, 41, 45, 49, 52, 56, 60, 64, 68, 71, 75, 79, 82, 86, 90, 94, 98, 101, 105, 109, 112, 116, 120, 124, 128]","[22, 26, 30, 34, 38, 41, 45, 49]","[71, 75, 79, 82, 86, 90, 94, 98, 101, 105, 109, 112, 116, 120, 124, 128]","[38, 41, 45, 49, 52, 56, 60, 64, 68, 71, 75, 79, 82, 86, 90, 94, 98, 101, 105, 109, 112, 116, 120, 124]","[11, 15, 19, 22, 26, 30, 34, 38, 41, 45, 49, 52, 56, 60, 64, 68, 71, 75, 79, 82, 86, 90, 94, 98, 101, 105, 109, 112, 116, 120, 124, 128]",genvidbench:datasets/genvidbench_pair1_ms_vript_calib/real/vript/-lVZ8wluBfc-Scene-074.mp4,genvidbench:real-content:-lVZ8wluBfc,genvidbench,fit,genvidbench:datasets/genvidbench_pair1_ms_vript_calib/real/vript/-lVZ8wluBfc-Scene-074.mp4,datasets/genvidbench_pair1_ms_vript_calib/real/vript/-lVZ8wluBfc-Scene-074.mp4,genvidbench:-lVZ8wluBfc,vript,,,,cache/fit/target/fit/genvidbench/107.npz,f828a883c758554b90f3b1d31950180bd9d070506bef15cd077e151b6645ca1e
datasets/genvidbench_pair1_ms_vript_calib/real/vript/-n3CDfw5J4k-Scene-030.mp4,real,vript,24.0,39.333333,944,"[0, 3, 6, 9, 12, 15, 18, 21, 24, 27, 30, 33, 36, 39, 42, 45, 48, 51, 54, 57, 60, 63, 66, 69, 72, 75, 78, 81, 84, 87, 90, 93, 96, 99, 102, 105, 108, 111, 114, 117, 120, 123, 126, 129, 132, 135, 138, 141, 144, 147, 150, 153, 156, 159, 162, 165, 168, 171, 174, 177, 180, 183, 186, 189, 192, 195, 198, 201, 204, 207, 210, 213, 216, 219, 222, 225, 228, 231, 234, 237, 240, 243, 246, 249, 252, 255, 258, 261, 264, 267, 270, 273, 276, 279, 282, 285, 288, 291, 294, 297, 300, 303, 306, 309, 312, 315, 318, 321, 324, 327, 330, 333, 336, 339, 342, 345, 348, 351, 354, 357, 360, 363, 366, 369, 372, 375, 378, 381, 384, 387, 390, 393, 396, 399, 402, 405, 408, 411, 414, 417, 420, 423, 426, 429, 432, 435, 438, 441, 444, 447, 450, 453, 456, 459, 462, 465, 468, 471, 474, 477, 480, 483, 486, 489, 492, 495, 498, 501, 504, 507, 510, 513, 516, 519, 522, 525, 528, 531, 534, 537, 540, 543, 546, 549, 552, 555, 558, 561, 564, 567, 570, 573, 576, 579, 582, 585, 588, 591, 594, 597, 600, 603, 606, 609, 612, 615, 618, 621, 624, 627, 630, 633, 636, 639, 642, 645, 648, 651, 654, 657, 660, 663, 666, 669, 672, 675, 678, 681, 684, 687, 690, 693, 696, 699, 702, 705, 708, 711, 714, 717, 720, 723, 726, 729, 732, 735, 738, 741, 744, 747, 750, 753, 756, 759, 762, 765, 768, 771, 774, 777, 780, 783, 786, 789, 792, 795, 798, 801, 804, 807, 810, 813, 816, 819, 822, 825, 828, 831, 834, 837, 840, 843, 846, 849, 852, 855, 858, 861, 864, 867, 870, 873, 876, 879, 882, 885, 888, 891, 894, 897, 900, 903, 906, 909, 912, 915, 918, 921, 924, 927, 930, 933, 936, 939, 942]","[306, 309, 312, 315, 318, 321, 324, 327]","[810, 813, 816, 819, 822, 825, 828, 831, 834, 837, 840, 843, 846, 849, 852, 855]","[318, 321, 324, 327, 330, 333, 336, 339, 342, 345, 348, 351, 354, 357, 360, 363, 366, 369, 372, 375, 378, 381, 384, 387]","[213, 216, 219, 222, 225, 228, 231, 234, 237, 240, 243, 246, 249, 252, 255, 258, 261, 264, 267, 270, 273, 276, 279, 282, 285, 288, 291, 294, 297, 300, 303, 306]",genvidbench:datasets/genvidbench_pair1_ms_vript_calib/real/vript/-n3CDfw5J4k-Scene-030.mp4,genvidbench:real-content:-n3CDfw5J4k,genvidbench,fit,genvidbench:datasets/genvidbench_pair1_ms_vript_calib/real/vript/-n3CDfw5J4k-Scene-030.mp4,datasets/genvidbench_pair1_ms_vript_calib/real/vript/-n3CDfw5J4k-Scene-030.mp4,genvidbench:-n3CDfw5J4k,vript,,,,cache/fit/target/fit/genvidbench/108.npz,6f37a92b3fbe196ac793277ee0148067aabc279eeaf8d5291e268b4b8cd03a00
datasets/genvidbench_pair1_ms_vript_calib/real/vript/-pbPgOKDy-Y-Scene-236.mp4,real,vript,25.0,9.44,236,"[0, 3, 6, 9, 12, 16, 19, 22, 25, 28, 31, 34, 38, 41, 44, 47, 50, 53, 56, 59, 62, 66, 69, 72, 75, 78, 81, 84, 88, 91, 94, 97, 100, 103, 106, 109, 112, 116, 119, 122, 125, 128, 131, 134, 138, 141, 144, 147, 150, 153, 156, 159, 162, 166, 169, 172, 175, 178, 181, 184, 188, 191, 194, 197, 200, 203, 206, 209, 212, 216, 219, 222, 225, 228, 231, 234]","[159, 162, 166, 169, 172, 175, 178, 181]","[88, 91, 94, 97, 100, 103, 106, 109, 112, 116, 119, 122, 125, 128, 131, 134]","[44, 47, 50, 53, 56, 59, 62, 66, 69, 72, 75, 78, 81, 84, 88, 91, 94, 97, 100, 103, 106, 109, 112, 116]","[131, 134, 138, 141, 144, 147, 150, 153, 156, 159, 162, 166, 169, 172, 175, 178, 181, 184, 188, 191, 194, 197, 200, 203, 206, 209, 212, 216, 219, 222, 225, 228]",genvidbench:datasets/genvidbench_pair1_ms_vript_calib/real/vript/-pbPgOKDy-Y-Scene-236.mp4,genvidbench:real-content:-pbPgOKDy-Y,genvidbench,fit,genvidbench:datasets/genvidbench_pair1_ms_vript_calib/real/vript/-pbPgOKDy-Y-Scene-236.mp4,datasets/genvidbench_pair1_ms_vript_calib/real/vript/-pbPgOKDy-Y-Scene-236.mp4,genvidbench:-pbPgOKDy-Y,vript,,,,cache/fit/target/fit/genvidbench/109.npz,bf4ce2fb7d6cdc5b5678803e436ee4aeeb495724c2e82f1e347f8400118906e4
datasets/genvidbench_pair1_ms_vript_calib/real/vript/-qmzXflXB4A-Scene-130.mp4,real,vript,25.0,11.16,279,"[0, 3, 6, 9, 12, 16, 19, 22, 25, 28, 31, 34, 38, 41, 44, 47, 50, 53, 56, 59, 62, 66, 69, 72, 75, 78, 81, 84, 88, 91, 94, 97, 100, 103, 106, 109, 112, 116, 119, 122, 125, 128, 131, 134, 138, 141, 144, 147, 150, 153, 156, 159, 162, 166, 169, 172, 175, 178, 181, 184, 188, 191, 194, 197, 200, 203, 206, 209, 212, 216, 219, 222, 225, 228, 231, 234, 238, 241, 244, 247, 250, 253, 256, 259, 262, 266, 269, 272, 275, 278]","[159, 162, 166, 169, 172, 175, 178, 181]","[44, 47, 50, 53, 56, 59, 62, 66, 69, 72, 75, 78, 81, 84, 88, 91]","[188, 191, 194, 197, 200, 203, 206, 209, 212, 216, 219, 222, 225, 228, 231, 234, 238, 241, 244, 247, 250, 253, 256, 259]","[62, 66, 69, 72, 75, 78, 81, 84, 88, 91, 94, 97, 100, 103, 106, 109, 112, 116, 119, 122, 125, 128, 131, 134, 138, 141, 144, 147, 150, 153, 156, 159]",genvidbench:datasets/genvidbench_pair1_ms_vript_calib/real/vript/-qmzXflXB4A-Scene-130.mp4,genvidbench:real-content:-qmzXflXB4A,genvidbench,fit,genvidbench:datasets/genvidbench_pair1_ms_vript_calib/real/vript/-qmzXflXB4A-Scene-130.mp4,datasets/genvidbench_pair1_ms_vript_calib/real/vript/-qmzXflXB4A-Scene-130.mp4,genvidbench:-qmzXflXB4A,vript,,,,cache/fit/target/fit/genvidbench/110.npz,f60fe6878d7ecea1f737091105401ce693cbccbc19c223fa9f340860c1744613
datasets/genvidbench_pair1_ms_vript_calib/real/vript/-s1UnA94P70-Scene-005.mp4,real,vript,29.97002997002997,5.038367,151,"[0, 4, 7, 11, 15, 19, 22, 26, 30, 34, 37, 41, 45, 49, 52, 56, 60, 64, 67, 71, 75, 79, 82, 86, 90, 94, 97, 101, 105, 109, 112, 116, 120, 124, 127, 131, 135, 139, 142, 146, 150]","[105, 109, 112, 116, 120, 124, 127, 131]","[52, 56, 60, 64, 67, 71, 75, 79, 82, 86, 90, 94, 97, 101, 105, 109]","[37, 41, 45, 49, 52, 56, 60, 64, 67, 71, 75, 79, 82, 86, 90, 94, 97, 101, 105, 109, 112, 116, 120, 124]","[26, 30, 34, 37, 41, 45, 49, 52, 56, 60, 64, 67, 71, 75, 79, 82, 86, 90, 94, 97, 101, 105, 109, 112, 116, 120, 124, 127, 131, 135, 139, 142]",genvidbench:datasets/genvidbench_pair1_ms_vript_calib/real/vript/-s1UnA94P70-Scene-005.mp4,genvidbench:real-content:-s1UnA94P70,genvidbench,fit,genvidbench:datasets/genvidbench_pair1_ms_vript_calib/real/vript/-s1UnA94P70-Scene-005.mp4,datasets/genvidbench_pair1_ms_vript_calib/real/vript/-s1UnA94P70-Scene-005.mp4,genvidbench:-s1UnA94P70,vript,,,,cache/fit/target/fit/genvidbench/111.npz,d4f9f92fa84711fcea798a65a07eaa3ccedda6db56efd5132cea4c237ecce57a
datasets/genvidbench_pair1_ms_vript_calib/real/vript/-uZQmXa3_nY-Scene-008.mp4,real,vript,29.97002997002997,6.873533,206,"[0, 4, 7, 11, 15, 19, 22, 26, 30, 34, 37, 41, 45, 49, 52, 56, 60, 64, 67, 71, 75, 79, 82, 86, 90, 94, 97, 101, 105, 109, 112, 116, 120, 124, 127, 131, 135, 139, 142, 146, 150, 154, 157, 161, 165, 169, 172, 176, 180, 184, 187, 191, 195, 199, 202]","[142, 146, 150, 154, 157, 161, 165, 169]","[105, 109, 112, 116, 120, 124, 127, 131, 135, 139, 142, 146, 150, 154, 157, 161]","[52, 56, 60, 64, 67, 71, 75, 79, 82, 86, 90, 94, 97, 101, 105, 109, 112, 116, 120, 124, 127, 131, 135, 139]","[37, 41, 45, 49, 52, 56, 60, 64, 67, 71, 75, 79, 82, 86, 90, 94, 97, 101, 105, 109, 112, 116, 120, 124, 127, 131, 135, 139, 142, 146, 150, 154]",genvidbench:datasets/genvidbench_pair1_ms_vript_calib/real/vript/-uZQmXa3_nY-Scene-008.mp4,genvidbench:real-content:-uZQmXa3_nY,genvidbench,fit,genvidbench:datasets/genvidbench_pair1_ms_vript_calib/real/vript/-uZQmXa3_nY-Scene-008.mp4,datasets/genvidbench_pair1_ms_vript_calib/real/vript/-uZQmXa3_nY-Scene-008.mp4,genvidbench:-uZQmXa3_nY,vript,,,,cache/fit/target/fit/genvidbench/112.npz,918b6af09039de52c770bf38adf3fb6eaeb41c33ffbcabb2a693c122c97cdf8d
datasets/genvidbench_pair1_ms_vript_calib/real/vript/-xYhDNajSUI-Scene-013.mp4,real,vript,25.0,5.6,140,"[0, 3, 6, 9, 12, 16, 19, 22, 25, 28, 31, 34, 38, 41, 44, 47, 50, 53, 56, 59, 62, 66, 69, 72, 75, 78, 81, 84, 88, 91, 94, 97, 100, 103, 106, 109, 112, 116, 119, 122, 125, 128, 131, 134, 138]","[88, 91, 94, 97, 100, 103, 106, 109]","[44, 47, 50, 53, 56, 59, 62, 66, 69, 72, 75, 78, 81, 84, 88, 91]","[31, 34, 38, 41, 44, 47, 50, 53, 56, 59, 62, 66, 69, 72, 75, 78, 81, 84, 88, 91, 94, 97, 100, 103]","[22, 25, 28, 31, 34, 38, 41, 44, 47, 50, 53, 56, 59, 62, 66, 69, 72, 75, 78, 81, 84, 88, 91, 94, 97, 100, 103, 106, 109, 112, 116, 119]",genvidbench:datasets/genvidbench_pair1_ms_vript_calib/real/vript/-xYhDNajSUI-Scene-013.mp4,genvidbench:real-content:-xYhDNajSUI,genvidbench,fit,genvidbench:datasets/genvidbench_pair1_ms_vript_calib/real/vript/-xYhDNajSUI-Scene-013.mp4,datasets/genvidbench_pair1_ms_vript_calib/real/vript/-xYhDNajSUI-Scene-013.mp4,genvidbench:-xYhDNajSUI,vript,,,,cache/fit/target/fit/genvidbench/113.npz,3bc1533d7c29f16fc1fa8f8b077e039c860ff5d4dd5ab1e018d972817b22de15
datasets/genvidbench_pair1_ms_vript_calib/real/vript/-xYhDNajSUI-Scene-239.mp4,real,vript,25.0,5.32,133,"[0, 3, 6, 9, 12, 16, 19, 22, 25, 28, 31, 34, 38, 41, 44, 47, 50, 53, 56, 59, 62, 66, 69, 72, 75, 78, 81, 84, 88, 91, 94, 97, 100, 103, 106, 109, 112, 116, 119, 122, 125, 128, 131]","[88, 91, 94, 97, 100, 103, 106, 109]","[44, 47, 50, 53, 56, 59, 62, 66, 69, 72, 75, 78, 81, 84, 88, 91]","[31, 34, 38, 41, 44, 47, 50, 53, 56, 59, 62, 66, 69, 72, 75, 78, 81, 84, 88, 91, 94, 97, 100, 103]","[22, 25, 28, 31, 34, 38, 41, 44, 47, 50, 53, 56, 59, 62, 66, 69, 72, 75, 78, 81, 84, 88, 91, 94, 97, 100, 103, 106, 109, 112, 116, 119]",genvidbench:datasets/genvidbench_pair1_ms_vript_calib/real/vript/-xYhDNajSUI-Scene-239.mp4,genvidbench:real-content:-xYhDNajSUI,genvidbench,fit,genvidbench:datasets/genvidbench_pair1_ms_vript_calib/real/vript/-xYhDNajSUI-Scene-239.mp4,datasets/genvidbench_pair1_ms_vript_calib/real/vript/-xYhDNajSUI-Scene-239.mp4,genvidbench:-xYhDNajSUI,vript,,,,cache/fit/target/fit/genvidbench/114.npz,b81fc8e64e43559a40316ac6554ef557d31735482fc64f2c7a2534cd4be99648
datasets/genvidbench_pair1_ms_vript_calib/real/vript/0-4pQZlXBMQ-Scene-017.mp4,real,vript,29.97,26.89356,806,"[0, 4, 7, 11, 15, 19, 22, 26, 30, 34, 37, 41, 45, 49, 52, 56, 60, 64, 67, 71, 75, 79, 82, 86, 90, 94, 97, 101, 105, 109, 112, 116, 120, 124, 127, 131, 135, 139, 142, 146, 150, 154, 157, 161, 165, 169, 172, 176, 180, 184, 187, 191, 195, 199, 202, 206, 210, 214, 217, 221, 225, 229, 232, 236, 240, 244, 247, 251, 255, 258, 262, 266, 270, 273, 277, 281, 285, 288, 292, 296, 300, 303, 307, 311, 315, 318, 322, 326, 330, 333, 337, 341, 345, 348, 352, 356, 360, 363, 367, 371, 375, 378, 382, 386, 390, 393, 397, 401, 405, 408, 412, 416, 420, 423, 427, 431, 435, 438, 442, 446, 450, 453, 457, 461, 465, 468, 472, 476, 480, 483, 487, 491, 495, 498, 502, 506, 509, 513, 517, 521, 524, 528, 532, 536, 539, 543, 547, 551, 554, 558, 562, 566, 569, 573, 577, 581, 584, 588, 592, 596, 599, 603, 607, 611, 614, 618, 622, 626, 629, 633, 637, 641, 644, 648, 652, 656, 659, 663, 667, 671, 674, 678, 682, 686, 689, 693, 697, 701, 704, 708, 712, 716, 719, 723, 727, 731, 734, 738, 742, 746, 749, 753, 757, 760, 764, 768, 772, 775, 779, 783, 787, 790, 794, 798, 802, 805]","[382, 386, 390, 393, 397, 401, 405, 408]","[671, 674, 678, 682, 686, 689, 693, 697, 701, 704, 708, 712, 716, 719, 723, 727]","[345, 348, 352, 356, 360, 363, 367, 371, 375, 378, 382, 386, 390, 393, 397, 401, 405, 408, 412, 416, 420, 423, 427, 431]","[52, 56, 60, 64, 67, 71, 75, 79, 82, 86, 90, 94, 97, 101, 105, 109, 112, 116, 120, 124, 127, 131, 135, 139, 142, 146, 150, 154, 157, 161, 165, 169]",genvidbench:datasets/genvidbench_pair1_ms_vript_calib/real/vript/0-4pQZlXBMQ-Scene-017.mp4,genvidbench:real-content:0-4pQZlXBMQ,genvidbench,fit,genvidbench:datasets/genvidbench_pair1_ms_vript_calib/real/vript/0-4pQZlXBMQ-Scene-017.mp4,datasets/genvidbench_pair1_ms_vript_calib/real/vript/0-4pQZlXBMQ-Scene-017.mp4,genvidbench:0-4pQZlXBMQ,vript,,,,cache/fit/target/fit/genvidbench/115.npz,1057488461665392cba20d3338552d05d9a05590e0f08408fb7750d82e5407b1
datasets/genvidbench_pair1_ms_vript_calib/real/vript/007EvOaWFOA-Scene-008.mp4,real,vript,29.97002997002997,46.012633,1379,"[0, 4, 7, 11, 15, 19, 22, 26, 30, 34, 37, 41, 45, 49, 52, 56, 60, 64, 67, 71, 75, 79, 82, 86, 90, 94, 97, 101, 105, 109, 112, 116, 120, 124, 127, 131, 135, 139, 142, 146, 150, 154, 157, 161, 165, 169, 172, 176, 180, 184, 187, 191, 195, 199, 202, 206, 210, 214, 217, 221, 225, 229, 232, 236, 240, 244, 247, 251, 255, 258, 262, 266, 270, 273, 277, 281, 285, 288, 292, 296, 300, 303, 307, 311, 315, 318, 322, 326, 330, 333, 337, 341, 345, 348, 352, 356, 360, 363, 367, 371, 375, 378, 382, 386, 390, 393, 397, 401, 405, 408, 412, 416, 420, 423, 427, 431, 435, 438, 442, 446, 450, 453, 457, 461, 465, 468, 472, 476, 480, 483, 487, 491, 495, 498, 502, 506, 509, 513, 517, 521, 524, 528, 532, 536, 539, 543, 547, 551, 554, 558, 562, 566, 569, 573, 577, 581, 584, 588, 592, 596, 599, 603, 607, 611, 614, 618, 622, 626, 629, 633, 637, 641, 644, 648, 652, 656, 659, 663, 667, 671, 674, 678, 682, 686, 689, 693, 697, 701, 704, 708, 712, 716, 719, 723, 727, 731, 734, 738, 742, 746, 749, 753, 757, 760, 764, 768, 772, 775, 779, 783, 787, 790, 794, 798, 802, 805, 809, 813, 817, 820, 824, 828, 832, 835, 839, 843, 847, 850, 854, 858, 862, 865, 869, 873, 877, 880, 884, 888, 892, 895, 899, 903, 907, 910, 914, 918, 922, 925, 929, 933, 937, 940, 944, 948, 952, 955, 959, 963, 967, 970, 974, 978, 982, 985, 989, 993, 997, 1000, 1004, 1008, 1011, 1015, 1019, 1023, 1026, 1030, 1034, 1038, 1041, 1045, 1049, 1053, 1056, 1060, 1064, 1068, 1071, 1075, 1079, 1083, 1086, 1090, 1094, 1098, 1101, 1105, 1109, 1113, 1116, 1120, 1124, 1128, 1131, 1135, 1139, 1143, 1146, 1150, 1154, 1158, 1161, 1165, 1169, 1173, 1176, 1180, 1184, 1188, 1191, 1195, 1199, 1203, 1206, 1210, 1214, 1218, 1221, 1225, 1229, 1233, 1236, 1240, 1244, 1248, 1251, 1255, 1259, 1262, 1266, 1270, 1274, 1277, 1281, 1285, 1289, 1292, 1296, 1300, 1304, 1307, 1311, 1315, 1319, 1322, 1326, 1330, 1334, 1337, 1341, 1345, 1349, 1352, 1356, 1360, 1364, 1367, 1371, 1375]","[382, 386, 390, 393, 397, 401, 405, 408]","[1304, 1307, 1311, 1315, 1319, 1322, 1326, 1330, 1334, 1337, 1341, 1345, 1349, 1352, 1356, 1360]","[1011, 1015, 1019, 1023, 1026, 1030, 1034, 1038, 1041, 1045, 1049, 1053, 1056, 1060, 1064, 1068, 1071, 1075, 1079, 1083, 1086, 1090, 1094, 1098]","[397, 401, 405, 408, 412, 416, 420, 423, 427, 431, 435, 438, 442, 446, 450, 453, 457, 461, 465, 468, 472, 476, 480, 483, 487, 491, 495, 498, 502, 506, 509, 513]",genvidbench:datasets/genvidbench_pair1_ms_vript_calib/real/vript/007EvOaWFOA-Scene-008.mp4,genvidbench:real-content:007EvOaWFOA,genvidbench,fit,genvidbench:datasets/genvidbench_pair1_ms_vript_calib/real/vript/007EvOaWFOA-Scene-008.mp4,datasets/genvidbench_pair1_ms_vript_calib/real/vript/007EvOaWFOA-Scene-008.mp4,genvidbench:007EvOaWFOA,vript,,,,cache/fit/target/fit/genvidbench/116.npz,794ede77df77e20bcac93705be2dcb7381488aedfda0364ad0e6108d17443934
datasets/genvidbench_pair1_ms_vript_calib/real/vript/009AJ_5hPZ4-Scene-029.mp4,real,vript,25.0,12.28,307,"[0, 3, 6, 9, 12, 16, 19, 22, 25, 28, 31, 34, 38, 41, 44, 47, 50, 53, 56, 59, 62, 66, 69, 72, 75, 78, 81, 84, 88, 91, 94, 97, 100, 103, 106, 109, 112, 116, 119, 122, 125, 128, 131, 134, 138, 141, 144, 147, 150, 153, 156, 159, 162, 166, 169, 172, 175, 178, 181, 184, 188, 191, 194, 197, 200, 203, 206, 209, 212, 216, 219, 222, 225, 228, 231, 234, 238, 241, 244, 247, 250, 253, 256, 259, 262, 266, 269, 272, 275, 278, 281, 284, 288, 291, 294, 297, 300, 303, 306]","[159, 162, 166, 169, 172, 175, 178, 181]","[44, 47, 50, 53, 56, 59, 62, 66, 69, 72, 75, 78, 81, 84, 88, 91]","[222, 225, 228, 231, 234, 238, 241, 244, 247, 250, 253, 256, 259, 262, 266, 269, 272, 275, 278, 281, 284, 288, 291, 294]","[188, 191, 194, 197, 200, 203, 206, 209, 212, 216, 219, 222, 225, 228, 231, 234, 238, 241, 244, 247, 250, 253, 256, 259, 262, 266, 269, 272, 275, 278, 281, 284]",genvidbench:datasets/genvidbench_pair1_ms_vript_calib/real/vript/009AJ_5hPZ4-Scene-029.mp4,genvidbench:real-content:009AJ_5hPZ4,genvidbench,fit,genvidbench:datasets/genvidbench_pair1_ms_vript_calib/real/vript/009AJ_5hPZ4-Scene-029.mp4,datasets/genvidbench_pair1_ms_vript_calib/real/vript/009AJ_5hPZ4-Scene-029.mp4,genvidbench:009AJ_5hPZ4,vript,,,,cache/fit/target/fit/genvidbench/117.npz,f4307a129b854eb27bc29de455a51efde537e41ab782277c8a761cb3e8c1ec86
datasets/genvidbench_pair1_ms_vript_calib/real/vript/01g-CKYlOyw-Scene-066.mp4,real,vript,29.97002997002997,3.336667,100,"[0, 4, 7, 11, 15, 19, 22, 26, 30, 34, 37, 41, 45, 49, 52, 56, 60, 64, 67, 71, 75, 79, 82, 86, 90, 94, 97]","[22, 26, 30, 34, 37, 41, 45, 49]","[11, 15, 19, 22, 26, 30, 34, 37, 41, 45, 49, 52, 56, 60, 64, 67]","[0, 4, 7, 11, 15, 19, 22, 26, 30, 34, 37, 41, 45, 49, 52, 56, 60, 64, 67, 71, 75, 79, 82, 86]",,genvidbench:datasets/genvidbench_pair1_ms_vript_calib/real/vript/01g-CKYlOyw-Scene-066.mp4,genvidbench:real-content:01g-CKYlOyw,genvidbench,fit,genvidbench:datasets/genvidbench_pair1_ms_vript_calib/real/vript/01g-CKYlOyw-Scene-066.mp4,datasets/genvidbench_pair1_ms_vript_calib/real/vript/01g-CKYlOyw-Scene-066.mp4,genvidbench:01g-CKYlOyw,vript,,,,cache/fit/target/fit/genvidbench/118.npz,ce4b039d25682861df406a8ca82582fcd0790d2e80408105c720f00b0def0ec0
datasets/genvidbench_pair1_ms_vript_calib/real/vript/04-tcSVK5L0-Scene-082.mp4,real,vript,29.97002997002997,11.778433,353,"[0, 4, 7, 11, 15, 19, 22, 26, 30, 34, 37, 41, 45, 49, 52, 56, 60, 64, 67, 71, 75, 79, 82, 86, 90, 94, 97, 101, 105, 109, 112, 116, 120, 124, 127, 131, 135, 139, 142, 146, 150, 154, 157, 161, 165, 169, 172, 176, 180, 184, 187, 191, 195, 199, 202, 206, 210, 214, 217, 221, 225, 229, 232, 236, 240, 244, 247, 251, 255, 258, 262, 266, 270, 273, 277, 281, 285, 288, 292, 296, 300, 303, 307, 311, 315, 318, 322, 326, 330, 333, 337, 341, 345, 348, 352]","[191, 195, 199, 202, 206, 210, 214, 217]","[52, 56, 60, 64, 67, 71, 75, 79, 82, 86, 90, 94, 97, 101, 105, 109]","[266, 270, 273, 277, 281, 285, 288, 292, 296, 300, 303, 307, 311, 315, 318, 322, 326, 330, 333, 337, 341, 345, 348, 352]","[225, 229, 232, 236, 240, 244, 247, 251, 255, 258, 262, 266, 270, 273, 277, 281, 285, 288, 292, 296, 300, 303, 307, 311, 315, 318, 322, 326, 330, 333, 337, 341]",genvidbench:datasets/genvidbench_pair1_ms_vript_calib/real/vript/04-tcSVK5L0-Scene-082.mp4,genvidbench:real-content:04-tcSVK5L0,genvidbench,fit,genvidbench:datasets/genvidbench_pair1_ms_vript_calib/real/vript/04-tcSVK5L0-Scene-082.mp4,datasets/genvidbench_pair1_ms_vript_calib/real/vript/04-tcSVK5L0-Scene-082.mp4,genvidbench:04-tcSVK5L0,vript,,,,cache/fit/target/fit/genvidbench/119.npz,063c1db8e90486e3dbf0ef677fe164c8ea88c92fcabf68796db581904f12e895
datasets/genvidbench_pair1_ms_vript_calib/real/vript/047cdginMOo-Scene-010.mp4,real,vript,25.0,5.12,128,"[0, 3, 6, 9, 12, 16, 19, 22, 25, 28, 31, 34, 38, 41, 44, 47, 50, 53, 56, 59, 62, 66, 69, 72, 75, 78, 81, 84, 88, 91, 94, 97, 100, 103, 106, 109, 112, 116, 119, 122, 125]","[88, 91, 94, 97, 100, 103, 106, 109]","[44, 47, 50, 53, 56, 59, 62, 66, 69, 72, 75, 78, 81, 84, 88, 91]","[31, 34, 38, 41, 44, 47, 50, 53, 56, 59, 62, 66, 69, 72, 75, 78, 81, 84, 88, 91, 94, 97, 100, 103]","[22, 25, 28, 31, 34, 38, 41, 44, 47, 50, 53, 56, 59, 62, 66, 69, 72, 75, 78, 81, 84, 88, 91, 94, 97, 100, 103, 106, 109, 112, 116, 119]",genvidbench:datasets/genvidbench_pair1_ms_vript_calib/real/vript/047cdginMOo-Scene-010.mp4,genvidbench:real-content:047cdginMOo,genvidbench,fit,genvidbench:datasets/genvidbench_pair1_ms_vript_calib/real/vript/047cdginMOo-Scene-010.mp4,datasets/genvidbench_pair1_ms_vript_calib/real/vript/047cdginMOo-Scene-010.mp4,genvidbench:047cdginMOo,vript,,,,cache/fit/target/fit/genvidbench/120.npz,8bf31f1acaa7499aff128c6c537c89da628d03c65af7b43ab2c813974b015adf
datasets/genvidbench_pair1_ms_vript_calib/real/vript/05Don3G4qf4-Scene-320.mp4,real,vript,25.0,5.68,142,"[0, 3, 6, 9, 12, 16, 19, 22, 25, 28, 31, 34, 38, 41, 44, 47, 50, 53, 56, 59, 62, 66, 69, 72, 75, 78, 81, 84, 88, 91, 94, 97, 100, 103, 106, 109, 112, 116, 119, 122, 125, 128, 131, 134, 138, 141]","[119, 122, 125, 128, 131, 134, 138, 141]","[59, 62, 66, 69, 72, 75, 78, 81, 84, 88, 91, 94, 97, 100, 103, 106]","[44, 47, 50, 53, 56, 59, 62, 66, 69, 72, 75, 78, 81, 84, 88, 91, 94, 97, 100, 103, 106, 109, 112, 116]","[31, 34, 38, 41, 44, 47, 50, 53, 56, 59, 62, 66, 69, 72, 75, 78, 81, 84, 88, 91, 94, 97, 100, 103, 106, 109, 112, 116, 119, 122, 125, 128]",genvidbench:datasets/genvidbench_pair1_ms_vript_calib/real/vript/05Don3G4qf4-Scene-320.mp4,genvidbench:real-content:05Don3G4qf4,genvidbench,fit,genvidbench:datasets/genvidbench_pair1_ms_vript_calib/real/vript/05Don3G4qf4-Scene-320.mp4,datasets/genvidbench_pair1_ms_vript_calib/real/vript/05Don3G4qf4-Scene-320.mp4,genvidbench:05Don3G4qf4,vript,,,,cache/fit/target/fit/genvidbench/121.npz,f987e157449ed5dc9926598c2003d91692107c007220731918cfd8bf70886777
datasets/genvidbench_pair1_ms_vript_calib/real/vript/05SqDfWaaQ0-Scene-018.mp4,real,vript,29.97002997002997,13.546867,406,"[0, 4, 7, 11, 15, 19, 22, 26, 30, 34, 37, 41, 45, 49, 52, 56, 60, 64, 67, 71, 75, 79, 82, 86, 90, 94, 97, 101, 105, 109, 112, 116, 120, 124, 127, 131, 135, 139, 142, 146, 150, 154, 157, 161, 165, 169, 172, 176, 180, 184, 187, 191, 195, 199, 202, 206, 210, 214, 217, 221, 225, 229, 232, 236, 240, 244, 247, 251, 255, 258, 262, 266, 270, 273, 277, 281, 285, 288, 292, 296, 300, 303, 307, 311, 315, 318, 322, 326, 330, 333, 337, 341, 345, 348, 352, 356, 360, 363, 367, 371, 375, 378, 382, 386, 390, 393, 397, 401, 405]","[191, 195, 199, 202, 206, 210, 214, 217]","[345, 348, 352, 356, 360, 363, 367, 371, 375, 378, 382, 386, 390, 393, 397, 401]","[52, 56, 60, 64, 67, 71, 75, 79, 82, 86, 90, 94, 97, 101, 105, 109, 112, 116, 120, 124, 127, 131, 135, 139]","[266, 270, 273, 277, 281, 285, 288, 292, 296, 300, 303, 307, 311, 315, 318, 322, 326, 330, 333, 337, 341, 345, 348, 352, 356, 360, 363, 367, 371, 375, 378, 382]",genvidbench:datasets/genvidbench_pair1_ms_vript_calib/real/vript/05SqDfWaaQ0-Scene-018.mp4,genvidbench:real-content:05SqDfWaaQ0,genvidbench,fit,genvidbench:datasets/genvidbench_pair1_ms_vript_calib/real/vript/05SqDfWaaQ0-Scene-018.mp4,datasets/genvidbench_pair1_ms_vript_calib/real/vript/05SqDfWaaQ0-Scene-018.mp4,genvidbench:05SqDfWaaQ0,vript,,,,cache/fit/target/fit/genvidbench/122.npz,95013a24542ecc8a7262d808223453de7ec3bf93919ab5d7064cd9ff17e4ce34
datasets/genvidbench_pair1_ms_vript_calib/real/vript/07ZIcxR3-3c-Scene-018.mp4,real,vript,23.976023976023978,20.729042,497,"[0, 3, 6, 9, 12, 15, 18, 21, 24, 27, 30, 33, 36, 39, 42, 45, 48, 51, 54, 57, 60, 63, 66, 69, 72, 75, 78, 81, 84, 87, 90, 93, 96, 99, 102, 105, 108, 111, 114, 117, 120, 123, 126, 129, 132, 135, 138, 141, 144, 147, 150, 153, 156, 159, 162, 165, 168, 171, 174, 177, 180, 183, 186, 189, 192, 195, 198, 201, 204, 207, 210, 213, 216, 219, 222, 225, 228, 231, 234, 237, 240, 243, 246, 249, 252, 255, 258, 261, 264, 267, 270, 273, 276, 279, 282, 285, 288, 291, 294, 297, 300, 303, 306, 309, 312, 315, 318, 321, 324, 327, 330, 333, 336, 339, 342, 345, 348, 351, 354, 357, 360, 363, 366, 369, 372, 375, 378, 381, 384, 387, 390, 393, 396, 399, 402, 405, 408, 411, 414, 417, 420, 423, 426, 429, 432, 435, 438, 441, 444, 447, 450, 453, 456, 459, 462, 465, 468, 471, 474, 477, 480, 483, 486, 489, 492, 495]","[306, 309, 312, 315, 318, 321, 324, 327]","[276, 279, 282, 285, 288, 291, 294, 297, 300, 303, 306, 309, 312, 315, 318, 321]","[42, 45, 48, 51, 54, 57, 60, 63, 66, 69, 72, 75, 78, 81, 84, 87, 90, 93, 96, 99, 102, 105, 108, 111]","[318, 321, 324, 327, 330, 333, 336, 339, 342, 345, 348, 351, 354, 357, 360, 363, 366, 369, 372, 375, 378, 381, 384, 387, 390, 393, 396, 399, 402, 405, 408, 411]",genvidbench:datasets/genvidbench_pair1_ms_vript_calib/real/vript/07ZIcxR3-3c-Scene-018.mp4,genvidbench:real-content:07ZIcxR3-3c,genvidbench,fit,genvidbench:datasets/genvidbench_pair1_ms_vript_calib/real/vript/07ZIcxR3-3c-Scene-018.mp4,datasets/genvidbench_pair1_ms_vript_calib/real/vript/07ZIcxR3-3c-Scene-018.mp4,genvidbench:07ZIcxR3-3c,vript,,,,cache/fit/target/fit/genvidbench/123.npz,7efc77f0397b80c3f2389e0723a3bebe4d9298540f34129c502722633d1d31d9
datasets/genvidbench_pair1_ms_vript_calib/real/vript/0MPSYshRlms-Scene-017.mp4,real,vript,25.0,12.2,305,"[0, 3, 6, 9, 12, 16, 19, 22, 25, 28, 31, 34, 38, 41, 44, 47, 50, 53, 56, 59, 62, 66, 69, 72, 75, 78, 81, 84, 88, 91, 94, 97, 100, 103, 106, 109, 112, 116, 119, 122, 125, 128, 131, 134, 138, 141, 144, 147, 150, 153, 156, 159, 162, 166, 169, 172, 175, 178, 181, 184, 188, 191, 194, 197, 200, 203, 206, 209, 212, 216, 219, 222, 225, 228, 231, 234, 238, 241, 244, 247, 250, 253, 256, 259, 262, 266, 269, 272, 275, 278, 281, 284, 288, 291, 294, 297, 300, 303]","[159, 162, 166, 169, 172, 175, 178, 181]","[44, 47, 50, 53, 56, 59, 62, 66, 69, 72, 75, 78, 81, 84, 88, 91]","[222, 225, 228, 231, 234, 238, 241, 244, 247, 250, 253, 256, 259, 262, 266, 269, 272, 275, 278, 281, 284, 288, 291, 294]","[188, 191, 194, 197, 200, 203, 206, 209, 212, 216, 219, 222, 225, 228, 231, 234, 238, 241, 244, 247, 250, 253, 256, 259, 262, 266, 269, 272, 275, 278, 281, 284]",genvidbench:datasets/genvidbench_pair1_ms_vript_calib/real/vript/0MPSYshRlms-Scene-017.mp4,genvidbench:real-content:0MPSYshRlms,genvidbench,fit,genvidbench:datasets/genvidbench_pair1_ms_vript_calib/real/vript/0MPSYshRlms-Scene-017.mp4,datasets/genvidbench_pair1_ms_vript_calib/real/vript/0MPSYshRlms-Scene-017.mp4,genvidbench:0MPSYshRlms,vript,,,,cache/fit/target/fit/genvidbench/124.npz,244676eeb1a24829c310d9448d81096ae1a11b05a16388cd22024be48b277b02
datasets/genvidbench_pair1_ms_vript_calib/real/vript/1LcKk-1lQi0-Scene-024.mp4,real,vript,30.0,9.566667,287,"[0, 4, 8, 11, 15, 19, 22, 26, 30, 34, 38, 41, 45, 49, 52, 56, 60, 64, 68, 71, 75, 79, 82, 86, 90, 94, 98, 101, 105, 109, 112, 116, 120, 124, 128, 131, 135, 139, 142, 146, 150, 154, 158, 161, 165, 169, 172, 176, 180, 184, 188, 191, 195, 199, 202, 206, 210, 214, 218, 221, 225, 229, 232, 236, 240, 244, 248, 251, 255, 259, 262, 266, 270, 274, 278, 281, 285]","[191, 195, 199, 202, 206, 210, 214, 218]","[105, 109, 112, 116, 120, 124, 128, 131, 135, 139, 142, 146, 150, 154, 158, 161]","[52, 56, 60, 64, 68, 71, 75, 79, 82, 86, 90, 94, 98, 101, 105, 109, 112, 116, 120, 124, 128, 131, 135, 139]","[158, 161, 165, 169, 172, 176, 180, 184, 188, 191, 195, 199, 202, 206, 210, 214, 218, 221, 225, 229, 232, 236, 240, 244, 248, 251, 255, 259, 262, 266, 270, 274]",genvidbench:datasets/genvidbench_pair1_ms_vript_calib/real/vript/1LcKk-1lQi0-Scene-024.mp4,genvidbench:real-content:1LcKk-1lQi0,genvidbench,fit,genvidbench:datasets/genvidbench_pair1_ms_vript_calib/real/vript/1LcKk-1lQi0-Scene-024.mp4,datasets/genvidbench_pair1_ms_vript_calib/real/vript/1LcKk-1lQi0-Scene-024.mp4,genvidbench:1LcKk-1lQi0,vript,,,,cache/fit/target/fit/genvidbench/125.npz,6fbed7f8e7432d138fb25388f7bcdd2b9ff99faf59b2eb9eb302a5a767e7be40
datasets/genvidbench_pair1_ms_vript_calib/real/vript/1LerlDIC2bY-Scene-019.mp4,real,vript,29.97002997002997,3.436767,103,"[0, 4, 7, 11, 15, 19, 22, 26, 30, 34, 37, 41, 45, 49, 52, 56, 60, 64, 67, 71, 75, 79, 82, 86, 90, 94, 97, 101]","[22, 26, 30, 34, 37, 41, 45, 49]","[11, 15, 19, 22, 26, 30, 34, 37, 41, 45, 49, 52, 56, 60, 64, 67]","[15, 19, 22, 26, 30, 34, 37, 41, 45, 49, 52, 56, 60, 64, 67, 71, 75, 79, 82, 86, 90, 94, 97, 101]",,genvidbench:datasets/genvidbench_pair1_ms_vript_calib/real/vript/1LerlDIC2bY-Scene-019.mp4,genvidbench:real-content:1LerlDIC2bY,genvidbench,fit,genvidbench:datasets/genvidbench_pair1_ms_vript_calib/real/vript/1LerlDIC2bY-Scene-019.mp4,datasets/genvidbench_pair1_ms_vript_calib/real/vript/1LerlDIC2bY-Scene-019.mp4,genvidbench:1LerlDIC2bY,vript,,,,cache/fit/target/fit/genvidbench/126.npz,55dd95ff21cc05b0ca8dbbb7d1d248c9afc06ffa6cfc3c0080425f697e9a28c8
datasets/genvidbench_pair1_ms_vript_calib/real/vript/1jfrS0Xt8jA-Scene-005.mp4,real,vript,25.0,5.08,127,"[0, 3, 6, 9, 12, 16, 19, 22, 25, 28, 31, 34, 38, 41, 44, 47, 50, 53, 56, 59, 62, 66, 69, 72, 75, 78, 81, 84, 88, 91, 94, 97, 100, 103, 106, 109, 112, 116, 119, 122, 125]","[88, 91, 94, 97, 100, 103, 106, 109]","[44, 47, 50, 53, 56, 59, 62, 66, 69, 72, 75, 78, 81, 84, 88, 91]","[31, 34, 38, 41, 44, 47, 50, 53, 56, 59, 62, 66, 69, 72, 75, 78, 81, 84, 88, 91, 94, 97, 100, 103]","[22, 25, 28, 31, 34, 38, 41, 44, 47, 50, 53, 56, 59, 62, 66, 69, 72, 75, 78, 81, 84, 88, 91, 94, 97, 100, 103, 106, 109, 112, 116, 119]",genvidbench:datasets/genvidbench_pair1_ms_vript_calib/real/vript/1jfrS0Xt8jA-Scene-005.mp4,genvidbench:real-content:1jfrS0Xt8jA,genvidbench,fit,genvidbench:datasets/genvidbench_pair1_ms_vript_calib/real/vript/1jfrS0Xt8jA-Scene-005.mp4,datasets/genvidbench_pair1_ms_vript_calib/real/vript/1jfrS0Xt8jA-Scene-005.mp4,genvidbench:1jfrS0Xt8jA,vript,,,,cache/fit/target/fit/genvidbench/127.npz,68dcfaf93b6377283c64a274d1766f7a6d6f2104d39577f7e037a9e643951bd3
datasets/genvidbench_pair1_ms_vript_calib/real/vript/26IdxneZ1xQ-Scene-001.mp4,real,vript,29.97002997002997,6.773433,203,"[0, 4, 7, 11, 15, 19, 22, 26, 30, 34, 37, 41, 45, 49, 52, 56, 60, 64, 67, 71, 75, 79, 82, 86, 90, 94, 97, 101, 105, 109, 112, 116, 120, 124, 127, 131, 135, 139, 142, 146, 150, 154, 157, 161, 165, 169, 172, 176, 180, 184, 187, 191, 195, 199, 202]","[142, 146, 150, 154, 157, 161, 165, 169]","[105, 109, 112, 116, 120, 124, 127, 131, 135, 139, 142, 146, 150, 154, 157, 161]","[52, 56, 60, 64, 67, 71, 75, 79, 82, 86, 90, 94, 97, 101, 105, 109, 112, 116, 120, 124, 127, 131, 135, 139]","[37, 41, 45, 49, 52, 56, 60, 64, 67, 71, 75, 79, 82, 86, 90, 94, 97, 101, 105, 109, 112, 116, 120, 124, 127, 131, 135, 139, 142, 146, 150, 154]",genvidbench:datasets/genvidbench_pair1_ms_vript_calib/real/vript/26IdxneZ1xQ-Scene-001.mp4,genvidbench:real-content:26IdxneZ1xQ,genvidbench,fit,genvidbench:datasets/genvidbench_pair1_ms_vript_calib/real/vript/26IdxneZ1xQ-Scene-001.mp4,datasets/genvidbench_pair1_ms_vript_calib/real/vript/26IdxneZ1xQ-Scene-001.mp4,genvidbench:26IdxneZ1xQ,vript,,,,cache/fit/target/fit/genvidbench/128.npz,8b6aa6f9a80d0094e66a18e46e9cff600d473731433f3945dae5bce3879e1a65
datasets/genvidbench_pair1_ms_vript_calib/real/vript/2xbkjGSOEJY-Scene-125.mp4,real,vript,29.97002997002997,4.070733,122,"[0, 4, 7, 11, 15, 19, 22, 26, 30, 34, 37, 41, 45, 49, 52, 56, 60, 64, 67, 71, 75, 79, 82, 86, 90, 94, 97, 101, 105, 109, 112, 116, 120]","[22, 26, 30, 34, 37, 41, 45, 49]","[52, 56, 60, 64, 67, 71, 75, 79, 82, 86, 90, 94, 97, 101, 105, 109]","[26, 30, 34, 37, 41, 45, 49, 52, 56, 60, 64, 67, 71, 75, 79, 82, 86, 90, 94, 97, 101, 105, 109, 112]","[0, 4, 7, 11, 15, 19, 22, 26, 30, 34, 37, 41, 45, 49, 52, 56, 60, 64, 67, 71, 75, 79, 82, 86, 90, 94, 97, 101, 105, 109, 112, 116]",genvidbench:datasets/genvidbench_pair1_ms_vript_calib/real/vript/2xbkjGSOEJY-Scene-125.mp4,genvidbench:real-content:2xbkjGSOEJY,genvidbench,fit,genvidbench:datasets/genvidbench_pair1_ms_vript_calib/real/vript/2xbkjGSOEJY-Scene-125.mp4,datasets/genvidbench_pair1_ms_vript_calib/real/vript/2xbkjGSOEJY-Scene-125.mp4,genvidbench:2xbkjGSOEJY,vript,,,,cache/fit/target/fit/genvidbench/129.npz,745e1c09e214578cc2e21f53c19cf47547a01260de3e0c4678df892944eed50c
datasets/genvidbench_pair1_ms_vript_calib/real/vript/3C-vozLC-IM-Scene-053.mp4,real,vript,30.0,12.2,366,"[0, 4, 8, 11, 15, 19, 22, 26, 30, 34, 38, 41, 45, 49, 52, 56, 60, 64, 68, 71, 75, 79, 82, 86, 90, 94, 98, 101, 105, 109, 112, 116, 120, 124, 128, 131, 135, 139, 142, 146, 150, 154, 158, 161, 165, 169, 172, 176, 180, 184, 188, 191, 195, 199, 202, 206, 210, 214, 218, 221, 225, 229, 232, 236, 240, 244, 248, 251, 255, 259, 262, 266, 270, 274, 278, 281, 285, 289, 292, 296, 300, 304, 308, 311, 315, 319, 322, 326, 330, 334, 338, 341, 345, 349, 352, 356, 360, 364]","[191, 195, 199, 202, 206, 210, 214, 218]","[52, 56, 60, 64, 68, 71, 75, 79, 82, 86, 90, 94, 98, 101, 105, 109]","[266, 270, 274, 278, 281, 285, 289, 292, 296, 300, 304, 308, 311, 315, 319, 322, 326, 330, 334, 338, 341, 345, 349, 352]","[225, 229, 232, 236, 240, 244, 248, 251, 255, 259, 262, 266, 270, 274, 278, 281, 285, 289, 292, 296, 300, 304, 308, 311, 315, 319, 322, 326, 330, 334, 338, 341]",genvidbench:datasets/genvidbench_pair1_ms_vript_calib/real/vript/3C-vozLC-IM-Scene-053.mp4,genvidbench:real-content:3C-vozLC-IM,genvidbench,fit,genvidbench:datasets/genvidbench_pair1_ms_vript_calib/real/vript/3C-vozLC-IM-Scene-053.mp4,datasets/genvidbench_pair1_ms_vript_calib/real/vript/3C-vozLC-IM-Scene-053.mp4,genvidbench:3C-vozLC-IM,vript,,,,cache/fit/target/fit/genvidbench/130.npz,5f738af8ce71b98ade7e027cc5dc66a43f727f6f3a37e9e552eb44c055fdf360
datasets/genvidbench_pair1_ms_vript_calib/real/vript/3UHTQdotAzk-Scene-027.mp4,real,vript,30.0,3.9,117,"[0, 4, 8, 11, 15, 19, 22, 26, 30, 34, 38, 41, 45, 49, 52, 56, 60, 64, 68, 71, 75, 79, 82, 86, 90, 94, 98, 101, 105, 109, 112, 116]","[22, 26, 30, 34, 38, 41, 45, 49]","[52, 56, 60, 64, 68, 71, 75, 79, 82, 86, 90, 94, 98, 101, 105, 109]","[26, 30, 34, 38, 41, 45, 49, 52, 56, 60, 64, 68, 71, 75, 79, 82, 86, 90, 94, 98, 101, 105, 109, 112]","[0, 4, 8, 11, 15, 19, 22, 26, 30, 34, 38, 41, 45, 49, 52, 56, 60, 64, 68, 71, 75, 79, 82, 86, 90, 94, 98, 101, 105, 109, 112, 116]",genvidbench:datasets/genvidbench_pair1_ms_vript_calib/real/vript/3UHTQdotAzk-Scene-027.mp4,genvidbench:real-content:3UHTQdotAzk,genvidbench,fit,genvidbench:datasets/genvidbench_pair1_ms_vript_calib/real/vript/3UHTQdotAzk-Scene-027.mp4,datasets/genvidbench_pair1_ms_vript_calib/real/vript/3UHTQdotAzk-Scene-027.mp4,genvidbench:3UHTQdotAzk,vript,,,,cache/fit/target/fit/genvidbench/131.npz,209c0112ca85a821ce321080f10feff1d3bb11ce7897ce1afc9673e360b6a271
datasets/genvidbench_pair1_ms_vript_calib/real/vript/3UHTQdotAzk-Scene-089.mp4,real,vript,30.0,3.0,90,"[0, 4, 8, 11, 15, 19, 22, 26, 30, 34, 38, 41, 45, 49, 52, 56, 60, 64, 68, 71, 75, 79, 82, 86]","[22, 26, 30, 34, 38, 41, 45, 49]","[11, 15, 19, 22, 26, 30, 34, 38, 41, 45, 49, 52, 56, 60, 64, 68]","[0, 4, 8, 11, 15, 19, 22, 26, 30, 34, 38, 41, 45, 49, 52, 56, 60, 64, 68, 71, 75, 79, 82, 86]",,genvidbench:datasets/genvidbench_pair1_ms_vript_calib/real/vript/3UHTQdotAzk-Scene-089.mp4,genvidbench:real-content:3UHTQdotAzk,genvidbench,fit,genvidbench:datasets/genvidbench_pair1_ms_vript_calib/real/vript/3UHTQdotAzk-Scene-089.mp4,datasets/genvidbench_pair1_ms_vript_calib/real/vript/3UHTQdotAzk-Scene-089.mp4,genvidbench:3UHTQdotAzk,vript,,,,cache/fit/target/fit/genvidbench/132.npz,61536b5546b2c61e67ee6fb5b4ea13a0b4340d43359970fb9ae606f7b53cb95e
datasets/genvidbench_pair1_ms_vript_calib/real/vript/3rBapgk8tmA-Scene-080.mp4,real,vript,25.0,4.88,122,"[0, 3, 6, 9, 12, 16, 19, 22, 25, 28, 31, 34, 38, 41, 44, 47, 50, 53, 56, 59, 62, 66, 69, 72, 75, 78, 81, 84, 88, 91, 94, 97, 100, 103, 106, 109, 112, 116, 119]","[19, 22, 25, 28, 31, 34, 38, 41]","[59, 62, 66, 69, 72, 75, 78, 81, 84, 88, 91, 94, 97, 100, 103, 106]","[38, 41, 44, 47, 50, 53, 56, 59, 62, 66, 69, 72, 75, 78, 81, 84, 88, 91, 94, 97, 100, 103, 106, 109]","[19, 22, 25, 28, 31, 34, 38, 41, 44, 47, 50, 53, 56, 59, 62, 66, 69, 72, 75, 78, 81, 84, 88, 91, 94, 97, 100, 103, 106, 109, 112, 116]",genvidbench:datasets/genvidbench_pair1_ms_vript_calib/real/vript/3rBapgk8tmA-Scene-080.mp4,genvidbench:real-content:3rBapgk8tmA,genvidbench,fit,genvidbench:datasets/genvidbench_pair1_ms_vript_calib/real/vript/3rBapgk8tmA-Scene-080.mp4,datasets/genvidbench_pair1_ms_vript_calib/real/vript/3rBapgk8tmA-Scene-080.mp4,genvidbench:3rBapgk8tmA,vript,,,,cache/fit/target/fit/genvidbench/133.npz,8c5815e60060da5b9be8b64750e23f3dbaab8b9501d900f22a6023a300390e59
datasets/genvidbench_pair1_ms_vript_calib/real/vript/4YjkL4CoiNs-Scene-135.mp4,real,vript,29.97002997002997,6.840167,205,"[0, 4, 7, 11, 15, 19, 22, 26, 30, 34, 37, 41, 45, 49, 52, 56, 60, 64, 67, 71, 75, 79, 82, 86, 90, 94, 97, 101, 105, 109, 112, 116, 120, 124, 127, 131, 135, 139, 142, 146, 150, 154, 157, 161, 165, 169, 172, 176, 180, 184, 187, 191, 195, 199, 202]","[142, 146, 150, 154, 157, 161, 165, 169]","[105, 109, 112, 116, 120, 124, 127, 131, 135, 139, 142, 146, 150, 154, 157, 161]","[52, 56, 60, 64, 67, 71, 75, 79, 82, 86, 90, 94, 97, 101, 105, 109, 112, 116, 120, 124, 127, 131, 135, 139]","[37, 41, 45, 49, 52, 56, 60, 64, 67, 71, 75, 79, 82, 86, 90, 94, 97, 101, 105, 109, 112, 116, 120, 124, 127, 131, 135, 139, 142, 146, 150, 154]",genvidbench:datasets/genvidbench_pair1_ms_vript_calib/real/vript/4YjkL4CoiNs-Scene-135.mp4,genvidbench:real-content:4YjkL4CoiNs,genvidbench,fit,genvidbench:datasets/genvidbench_pair1_ms_vript_calib/real/vript/4YjkL4CoiNs-Scene-135.mp4,datasets/genvidbench_pair1_ms_vript_calib/real/vript/4YjkL4CoiNs-Scene-135.mp4,genvidbench:4YjkL4CoiNs,vript,,,,cache/fit/target/fit/genvidbench/134.npz,d96b0a59cb134c1a0b09f536fc4b13d9468b8c48674a58623140920f461d23c7
datasets/genvidbench_pair1_ms_vript_calib/real/vript/4YjkL4CoiNs-Scene-198.mp4,real,vript,29.97002997002997,7.173833,215,"[0, 4, 7, 11, 15, 19, 22, 26, 30, 34, 37, 41, 45, 49, 52, 56, 60, 64, 67, 71, 75, 79, 82, 86, 90, 94, 97, 101, 105, 109, 112, 116, 120, 124, 127, 131, 135, 139, 142, 146, 150, 154, 157, 161, 165, 169, 172, 176, 180, 184, 187, 191, 195, 199, 202, 206, 210, 214]","[142, 146, 150, 154, 157, 161, 165, 169]","[105, 109, 112, 116, 120, 124, 127, 131, 135, 139, 142, 146, 150, 154, 157, 161]","[52, 56, 60, 64, 67, 71, 75, 79, 82, 86, 90, 94, 97, 101, 105, 109, 112, 116, 120, 124, 127, 131, 135, 139]","[37, 41, 45, 49, 52, 56, 60, 64, 67, 71, 75, 79, 82, 86, 90, 94, 97, 101, 105, 109, 112, 116, 120, 124, 127, 131, 135, 139, 142, 146, 150, 154]",genvidbench:datasets/genvidbench_pair1_ms_vript_calib/real/vript/4YjkL4CoiNs-Scene-198.mp4,genvidbench:real-content:4YjkL4CoiNs,genvidbench,fit,genvidbench:datasets/genvidbench_pair1_ms_vript_calib/real/vript/4YjkL4CoiNs-Scene-198.mp4,datasets/genvidbench_pair1_ms_vript_calib/real/vript/4YjkL4CoiNs-Scene-198.mp4,genvidbench:4YjkL4CoiNs,vript,,,,cache/fit/target/fit/genvidbench/135.npz,d17556af16dd591d5d8bc4bc70db91d618a1e62a088b9953b7d4eaa6edaf89e1
