video_path,subset,source_model,fps,duration_seconds,num_frames,downsample_idxs,1_sec_idxs,2_sec_idxs,3_sec_idxs,4_sec_idxs,dataset,split,video_id,legacy_video_id,legacy_path,source_group,real_source,generator,content_sha256,exclusion_reason,feature_asset,feature_asset_sha256
datasets/comgenvid/real/MSVD/-4wsuPCjDBc_5_15.mp4,real,MSVD,29.916666666666668,10.027855,300,"[0, 4, 7, 11, 15, 19, 22, 26, 30, 34, 37, 41, 45, 49, 52, 56, 60, 64, 67, 71, 75, 79, 82, 86, 90, 93, 97, 101, 105, 108, 112, 116, 120, 123, 127, 131, 135, 138, 142, 146, 150, 153, 157, 161, 165, 168, 172, 176, 180, 183, 187, 191, 194, 198, 202, 206, 209, 213, 217, 221, 224, 228, 232, 236, 239, 243, 247, 251, 254, 258, 262, 266, 269, 273, 277, 280, 284, 288, 292, 295, 299]","[191, 194, 198, 202, 206, 209, 213, 217]","[52, 56, 60, 64, 67, 71, 75, 79, 82, 86, 90, 93, 97, 101, 105, 108]","[157, 161, 165, 168, 172, 176, 180, 183, 187, 191, 194, 198, 202, 206, 209, 213, 217, 221, 224, 228, 232, 236, 239, 243]","[26, 30, 34, 37, 41, 45, 49, 52, 56, 60, 64, 67, 71, 75, 79, 82, 86, 90, 93, 97, 101, 105, 108, 112, 116, 120, 123, 127, 131, 135, 138, 142]",comgenvid,fit,comgenvid:datasets/comgenvid/real/MSVD/-4wsuPCjDBc_5_15.mp4,comgenvid:datasets/comgenvid/real/MSVD/-4wsuPCjDBc_5_15.mp4,datasets/comgenvid/real/MSVD/-4wsuPCjDBc_5_15.mp4,comgenvid:real-content:-4wsuPCjDBc,MSVD,,,,cache/fit/target/fit/comgenvid/000.npz,261eb969fddc8db17611bbb8dfd859abcd3d1c7acbed9fbcb5cfc8ad9e0b321f
datasets/comgenvid/real/MSVD/-7KMZQEsJW4_205_208.mp4,real,MSVD,15.0,3.066667,46,"[0, 2, 4, 6, 8, 9, 11, 13, 15, 17, 19, 21, 22, 24, 26, 28, 30, 32, 34, 36, 38, 39, 41, 43, 45]","[11, 13, 15, 17, 19, 21, 22, 24]","[6, 8, 9, 11, 13, 15, 17, 19, 21, 22, 24, 26, 28, 30, 32, 34]","[0, 2, 4, 6, 8, 9, 11, 13, 15, 17, 19, 21, 22, 24, 26, 28, 30, 32, 34, 36, 38, 39, 41, 43]",,comgenvid,fit,comgenvid:datasets/comgenvid/real/MSVD/-7KMZQEsJW4_205_208.mp4,comgenvid:datasets/comgenvid/real/MSVD/-7KMZQEsJW4_205_208.mp4,datasets/comgenvid/real/MSVD/-7KMZQEsJW4_205_208.mp4,comgenvid:real-content:-7KMZQEsJW4,MSVD,,,,cache/fit/target/fit/comgenvid/001.npz,c876df55d21575eaba9a7bb60584b69bdab448fe169fe066d16c42ea350f6528
datasets/comgenvid/real/MSVD/-8y1Q0rA3n8_108_115.mp4,real,MSVD,29.97002997002997,7.007,210,"[0, 4, 7, 11, 15, 19, 22, 26, 30, 34, 37, 41, 45, 49, 52, 56, 60, 64, 67, 71, 75, 79, 82, 86, 90, 94, 97, 101, 105, 109, 112, 116, 120, 124, 127, 131, 135, 139, 142, 146, 150, 154, 157, 161, 165, 169, 172, 176, 180, 184, 187, 191, 195, 199, 202, 206]","[142, 146, 150, 154, 157, 161, 165, 169]","[105, 109, 112, 116, 120, 124, 127, 131, 135, 139, 142, 146, 150, 154, 157, 161]","[52, 56, 60, 64, 67, 71, 75, 79, 82, 86, 90, 94, 97, 101, 105, 109, 112, 116, 120, 124, 127, 131, 135, 139]","[37, 41, 45, 49, 52, 56, 60, 64, 67, 71, 75, 79, 82, 86, 90, 94, 97, 101, 105, 109, 112, 116, 120, 124, 127, 131, 135, 139, 142, 146, 150, 154]",comgenvid,fit,comgenvid:datasets/comgenvid/real/MSVD/-8y1Q0rA3n8_108_115.mp4,comgenvid:datasets/comgenvid/real/MSVD/-8y1Q0rA3n8_108_115.mp4,datasets/comgenvid/real/MSVD/-8y1Q0rA3n8_108_115.mp4,comgenvid:real-content:-8y1Q0rA3n8,MSVD,,,,cache/fit/target/fit/comgenvid/002.npz,2360827c797dd934638b327bc1544644aaea633db956723a7a6d7e44c729e2d0
datasets/comgenvid/real/MSVD/-8y1Q0rA3n8_95_102.mp4,real,MSVD,29.97002997002997,7.007,210,"[0, 4, 7, 11, 15, 19, 22, 26, 30, 34, 37, 41, 45, 49, 52, 56, 60, 64, 67, 71, 75, 79, 82, 86, 90, 94, 97, 101, 105, 109, 112, 116, 120, 124, 127, 131, 135, 139, 142, 146, 150, 154, 157, 161, 165, 169, 172, 176, 180, 184, 187, 191, 195, 199, 202, 206]","[142, 146, 150, 154, 157, 161, 165, 169]","[105, 109, 112, 116, 120, 124, 127, 131, 135, 139, 142, 146, 150, 154, 157, 161]","[52, 56, 60, 64, 67, 71, 75, 79, 82, 86, 90, 94, 97, 101, 105, 109, 112, 116, 120, 124, 127, 131, 135, 139]","[37, 41, 45, 49, 52, 56, 60, 64, 67, 71, 75, 79, 82, 86, 90, 94, 97, 101, 105, 109, 112, 116, 120, 124, 127, 131, 135, 139, 142, 146, 150, 154]",comgenvid,fit,comgenvid:datasets/comgenvid/real/MSVD/-8y1Q0rA3n8_95_102.mp4,comgenvid:datasets/comgenvid/real/MSVD/-8y1Q0rA3n8_95_102.mp4,datasets/comgenvid/real/MSVD/-8y1Q0rA3n8_95_102.mp4,comgenvid:real-content:-8y1Q0rA3n8,MSVD,,,,cache/fit/target/fit/comgenvid/003.npz,3f430e48a189213e0f2c92cbbad9e4e3549f37510e13caaac86e0dd0e7fd5c6d
datasets/comgenvid/real/MSVD/-AwoiGR6c8M_10_14.mp4,real,MSVD,29.916666666666668,4.011142,120,"[0, 4, 7, 11, 15, 19, 22, 26, 30, 34, 37, 41, 45, 49, 52, 56, 60, 64, 67, 71, 75, 79, 82, 86, 90, 93, 97, 101, 105, 108, 112, 116]","[22, 26, 30, 34, 37, 41, 45, 49]","[52, 56, 60, 64, 67, 71, 75, 79, 82, 86, 90, 93, 97, 101, 105, 108]","[26, 30, 34, 37, 41, 45, 49, 52, 56, 60, 64, 67, 71, 75, 79, 82, 86, 90, 93, 97, 101, 105, 108, 112]","[0, 4, 7, 11, 15, 19, 22, 26, 30, 34, 37, 41, 45, 49, 52, 56, 60, 64, 67, 71, 75, 79, 82, 86, 90, 93, 97, 101, 105, 108, 112, 116]",comgenvid,fit,comgenvid:datasets/comgenvid/real/MSVD/-AwoiGR6c8M_10_14.mp4,comgenvid:datasets/comgenvid/real/MSVD/-AwoiGR6c8M_10_14.mp4,datasets/comgenvid/real/MSVD/-AwoiGR6c8M_10_14.mp4,comgenvid:real-content:-AwoiGR6c8M,MSVD,,,,cache/fit/target/fit/comgenvid/004.npz,30c0ef27bf1666661189f6d5574cf47b671cdb366114a48d0149943bfab769dd
datasets/comgenvid/real/MSVD/-Cv5LsqKUXc_17_25.mp4,real,MSVD,59.94005994005994,8.008,480,"[0, 7, 15, 22, 30, 37, 45, 52, 60, 67, 75, 82, 90, 97, 105, 112, 120, 127, 135, 142, 150, 157, 165, 172, 180, 187, 195, 202, 210, 217, 225, 232, 240, 247, 255, 262, 270, 277, 285, 292, 300, 307, 315, 322, 330, 337, 345, 352, 360, 367, 375, 382, 390, 397, 405, 412, 420, 427, 435, 442, 450, 457, 465, 472]","[285, 292, 300, 307, 315, 322, 330, 337]","[210, 217, 225, 232, 240, 247, 255, 262, 270, 277, 285, 292, 300, 307, 315, 322]","[105, 112, 120, 127, 135, 142, 150, 157, 165, 172, 180, 187, 195, 202, 210, 217, 225, 232, 240, 247, 255, 262, 270, 277]","[52, 60, 67, 75, 82, 90, 97, 105, 112, 120, 127, 135, 142, 150, 157, 165, 172, 180, 187, 195, 202, 210, 217, 225, 232, 240, 247, 255, 262, 270, 277, 285]",comgenvid,fit,comgenvid:datasets/comgenvid/real/MSVD/-Cv5LsqKUXc_17_25.mp4,comgenvid:datasets/comgenvid/real/MSVD/-Cv5LsqKUXc_17_25.mp4,datasets/comgenvid/real/MSVD/-Cv5LsqKUXc_17_25.mp4,comgenvid:real-content:-Cv5LsqKUXc,MSVD,,,,cache/fit/target/fit/comgenvid/005.npz,7433571f9f71242f218e3e7d474885257be906e156207b7f79fafc03ceeb6799
datasets/comgenvid/real/MSVD/-Cv5LsqKUXc_71_76.mp4,real,MSVD,59.94005994005994,5.005,300,"[0, 7, 15, 22, 30, 37, 45, 52, 60, 67, 75, 82, 90, 97, 105, 112, 120, 127, 135, 142, 150, 157, 165, 172, 180, 187, 195, 202, 210, 217, 225, 232, 240, 247, 255, 262, 270, 277, 285, 292]","[210, 217, 225, 232, 240, 247, 255, 262]","[105, 112, 120, 127, 135, 142, 150, 157, 165, 172, 180, 187, 195, 202, 210, 217]","[75, 82, 90, 97, 105, 112, 120, 127, 135, 142, 150, 157, 165, 172, 180, 187, 195, 202, 210, 217, 225, 232, 240, 247]","[52, 60, 67, 75, 82, 90, 97, 105, 112, 120, 127, 135, 142, 150, 157, 165, 172, 180, 187, 195, 202, 210, 217, 225, 232, 240, 247, 255, 262, 270, 277, 285]",comgenvid,fit,comgenvid:datasets/comgenvid/real/MSVD/-Cv5LsqKUXc_71_76.mp4,comgenvid:datasets/comgenvid/real/MSVD/-Cv5LsqKUXc_71_76.mp4,datasets/comgenvid/real/MSVD/-Cv5LsqKUXc_71_76.mp4,comgenvid:real-content:-Cv5LsqKUXc,MSVD,,,,cache/fit/target/fit/comgenvid/006.npz,95ae2bb113a2fd1238d7482af6a77fba4a4f9aa2e761daf047ddf61c9ac0ed13
datasets/comgenvid/real/MSVD/-DKuLXYoY3g_14_20.mp4,real,MSVD,59.94005994005994,6.006,360,"[0, 7, 15, 22, 30, 37, 45, 52, 60, 67, 75, 82, 90, 97, 105, 112, 120, 127, 135, 142, 150, 157, 165, 172, 180, 187, 195, 202, 210, 217, 225, 232, 240, 247, 255, 262, 270, 277, 285, 292, 300, 307, 315, 322, 330, 337, 345, 352]","[285, 292, 300, 307, 315, 322, 330, 337]","[210, 217, 225, 232, 240, 247, 255, 262, 270, 277, 285, 292, 300, 307, 315, 322]","[105, 112, 120, 127, 135, 142, 150, 157, 165, 172, 180, 187, 195, 202, 210, 217, 225, 232, 240, 247, 255, 262, 270, 277]","[75, 82, 90, 97, 105, 112, 120, 127, 135, 142, 150, 157, 165, 172, 180, 187, 195, 202, 210, 217, 225, 232, 240, 247, 255, 262, 270, 277, 285, 292, 300, 307]",comgenvid,fit,comgenvid:datasets/comgenvid/real/MSVD/-DKuLXYoY3g_14_20.mp4,comgenvid:datasets/comgenvid/real/MSVD/-DKuLXYoY3g_14_20.mp4,datasets/comgenvid/real/MSVD/-DKuLXYoY3g_14_20.mp4,comgenvid:real-content:-DKuLXYoY3g,MSVD,,,,cache/fit/target/fit/comgenvid/007.npz,0ea53eb15a486a9c078f05918b61ded1fb9d88c8745856f0e8798466a878cc3d
datasets/comgenvid/real/MSVD/-DRy7rBg0IQ_31_37.mp4,real,MSVD,30.0,6.033333,181,"[0, 4, 8, 11, 15, 19, 22, 26, 30, 34, 38, 41, 45, 49, 52, 56, 60, 64, 68, 71, 75, 79, 82, 86, 90, 94, 98, 101, 105, 109, 112, 116, 120, 124, 128, 131, 135, 139, 142, 146, 150, 154, 158, 161, 165, 169, 172, 176, 180]","[142, 146, 150, 154, 158, 161, 165, 169]","[105, 109, 112, 116, 120, 124, 128, 131, 135, 139, 142, 146, 150, 154, 158, 161]","[52, 56, 60, 64, 68, 71, 75, 79, 82, 86, 90, 94, 98, 101, 105, 109, 112, 116, 120, 124, 128, 131, 135, 139]","[38, 41, 45, 49, 52, 56, 60, 64, 68, 71, 75, 79, 82, 86, 90, 94, 98, 101, 105, 109, 112, 116, 120, 124, 128, 131, 135, 139, 142, 146, 150, 154]",comgenvid,fit,comgenvid:datasets/comgenvid/real/MSVD/-DRy7rBg0IQ_31_37.mp4,comgenvid:datasets/comgenvid/real/MSVD/-DRy7rBg0IQ_31_37.mp4,datasets/comgenvid/real/MSVD/-DRy7rBg0IQ_31_37.mp4,comgenvid:real-content:-DRy7rBg0IQ,MSVD,,,,cache/fit/target/fit/comgenvid/008.npz,68f33f3ead5ed6e42d8c85ef4b2b555184e0d4a2c4dd36030d3bea8549fc60ac
datasets/comgenvid/real/MSVD/-FugkxLmGO4_5_16.mp4,real,MSVD,25.0,11.04,276,"[0, 3, 6, 9, 12, 16, 19, 22, 25, 28, 31, 34, 38, 41, 44, 47, 50, 53, 56, 59, 62, 66, 69, 72, 75, 78, 81, 84, 88, 91, 94, 97, 100, 103, 106, 109, 112, 116, 119, 122, 125, 128, 131, 134, 138, 141, 144, 147, 150, 153, 156, 159, 162, 166, 169, 172, 175, 178, 181, 184, 188, 191, 194, 197, 200, 203, 206, 209, 212, 216, 219, 222, 225, 228, 231, 234, 238, 241, 244, 247, 250, 253, 256, 259, 262, 266, 269, 272, 275]","[159, 162, 166, 169, 172, 175, 178, 181]","[44, 47, 50, 53, 56, 59, 62, 66, 69, 72, 75, 78, 81, 84, 88, 91]","[188, 191, 194, 197, 200, 203, 206, 209, 212, 216, 219, 222, 225, 228, 231, 234, 238, 241, 244, 247, 250, 253, 256, 259]","[62, 66, 69, 72, 75, 78, 81, 84, 88, 91, 94, 97, 100, 103, 106, 109, 112, 116, 119, 122, 125, 128, 131, 134, 138, 141, 144, 147, 150, 153, 156, 159]",comgenvid,fit,comgenvid:datasets/comgenvid/real/MSVD/-FugkxLmGO4_5_16.mp4,comgenvid:datasets/comgenvid/real/MSVD/-FugkxLmGO4_5_16.mp4,datasets/comgenvid/real/MSVD/-FugkxLmGO4_5_16.mp4,comgenvid:real-content:-FugkxLmGO4,MSVD,,,,cache/fit/target/fit/comgenvid/009.npz,8fbe779d8d1e8203d19650dbb016716b4e11d9e49a08c138bc96f838eae9f27d
datasets/comgenvid/real/MSVD/-Ms9tsWmhyU_80_95.mp4,real,MSVD,14.985014985014985,15.015,225,"[0, 2, 4, 6, 7, 9, 11, 13, 15, 17, 19, 21, 22, 24, 26, 28, 30, 32, 34, 36, 37, 39, 41, 43, 45, 47, 49, 51, 52, 54, 56, 58, 60, 62, 64, 66, 67, 69, 71, 73, 75, 77, 79, 81, 82, 84, 86, 88, 90, 92, 94, 96, 97, 99, 101, 103, 105, 107, 109, 111, 112, 114, 116, 118, 120, 122, 124, 125, 127, 129, 131, 133, 135, 137, 139, 140, 142, 144, 146, 148, 150, 152, 154, 155, 157, 159, 161, 163, 165, 167, 169, 170, 172, 174, 176, 178, 180, 182, 184, 185, 187, 189, 191, 193, 195, 197, 199, 200, 202, 204, 206, 208, 210, 212, 214, 215, 217, 219, 221, 223]","[191, 193, 195, 197, 199, 200, 202, 204]","[96, 97, 99, 101, 103, 105, 107, 109, 111, 112, 114, 116, 118, 120, 122, 124]","[172, 174, 176, 178, 180, 182, 184, 185, 187, 189, 191, 193, 195, 197, 199, 200, 202, 204, 206, 208, 210, 212, 214, 215]","[26, 28, 30, 32, 34, 36, 37, 39, 41, 43, 45, 47, 49, 51, 52, 54, 56, 58, 60, 62, 64, 66, 67, 69, 71, 73, 75, 77, 79, 81, 82, 84]",comgenvid,fit,comgenvid:datasets/comgenvid/real/MSVD/-Ms9tsWmhyU_80_95.mp4,comgenvid:datasets/comgenvid/real/MSVD/-Ms9tsWmhyU_80_95.mp4,datasets/comgenvid/real/MSVD/-Ms9tsWmhyU_80_95.mp4,comgenvid:real-content:-Ms9tsWmhyU,MSVD,,,,cache/fit/target/fit/comgenvid/010.npz,84c88930c5437023348806bfc90f963bf6cbbc137562f568d5fd9838177dce4e
datasets/comgenvid/real/MSVD/-YI0cxuNcq8_262_272.mp4,real,MSVD,29.97002997002997,10.01,300,"[0, 4, 7, 11, 15, 19, 22, 26, 30, 34, 37, 41, 45, 49, 52, 56, 60, 64, 67, 71, 75, 79, 82, 86, 90, 94, 97, 101, 105, 109, 112, 116, 120, 124, 127, 131, 135, 139, 142, 146, 150, 154, 157, 161, 165, 169, 172, 176, 180, 184, 187, 191, 195, 199, 202, 206, 210, 214, 217, 221, 225, 229, 232, 236, 240, 244, 247, 251, 255, 258, 262, 266, 270, 273, 277, 281, 285, 288, 292, 296]","[191, 195, 199, 202, 206, 210, 214, 217]","[52, 56, 60, 64, 67, 71, 75, 79, 82, 86, 90, 94, 97, 101, 105, 109]","[157, 161, 165, 169, 172, 176, 180, 184, 187, 191, 195, 199, 202, 206, 210, 214, 217, 221, 225, 229, 232, 236, 240, 244]","[26, 30, 34, 37, 41, 45, 49, 52, 56, 60, 64, 67, 71, 75, 79, 82, 86, 90, 94, 97, 101, 105, 109, 112, 116, 120, 124, 127, 131, 135, 139, 142]",comgenvid,fit,comgenvid:datasets/comgenvid/real/MSVD/-YI0cxuNcq8_262_272.mp4,comgenvid:datasets/comgenvid/real/MSVD/-YI0cxuNcq8_262_272.mp4,datasets/comgenvid/real/MSVD/-YI0cxuNcq8_262_272.mp4,comgenvid:real-content:-YI0cxuNcq8,MSVD,,,,cache/fit/target/fit/comgenvid/011.npz,a12f0c587f3ca284627ae90dae646451668bb037520faa9c3b2c51341bedbdd8
datasets/comgenvid/real/MSVD/-_aaMGK6GGw_57_61.mp4,real,MSVD,29.97002997002997,4.004,120,"[0, 4, 7, 11, 15, 19, 22, 26, 30, 34, 37, 41, 45, 49, 52, 56, 60, 64, 67, 71, 75, 79, 82, 86, 90, 94, 97, 101, 105, 109, 112, 116]","[22, 26, 30, 34, 37, 41, 45, 49]","[52, 56, 60, 64, 67, 71, 75, 79, 82, 86, 90, 94, 97, 101, 105, 109]","[26, 30, 34, 37, 41, 45, 49, 52, 56, 60, 64, 67, 71, 75, 79, 82, 86, 90, 94, 97, 101, 105, 109, 112]","[0, 4, 7, 11, 15, 19, 22, 26, 30, 34, 37, 41, 45, 49, 52, 56, 60, 64, 67, 71, 75, 79, 82, 86, 90, 94, 97, 101, 105, 109, 112, 116]",comgenvid,fit,comgenvid:datasets/comgenvid/real/MSVD/-_aaMGK6GGw_57_61.mp4,comgenvid:datasets/comgenvid/real/MSVD/-_aaMGK6GGw_57_61.mp4,datasets/comgenvid/real/MSVD/-_aaMGK6GGw_57_61.mp4,comgenvid:real-content:-_aaMGK6GGw,MSVD,,,,cache/fit/target/fit/comgenvid/012.npz,ba614d91354138c97fef309e6db27aafa25ced2d01b23b2262b47767236682d0
datasets/comgenvid/real/MSVD/-_hbPLsZvvo_172_179.mp4,real,MSVD,59.94005994005994,7.007,420,"[0, 7, 15, 22, 30, 37, 45, 52, 60, 67, 75, 82, 90, 97, 105, 112, 120, 127, 135, 142, 150, 157, 165, 172, 180, 187, 195, 202, 210, 217, 225, 232, 240, 247, 255, 262, 270, 277, 285, 292, 300, 307, 315, 322, 330, 337, 345, 352, 360, 367, 375, 382, 390, 397, 405, 412]","[285, 292, 300, 307, 315, 322, 330, 337]","[210, 217, 225, 232, 240, 247, 255, 262, 270, 277, 285, 292, 300, 307, 315, 322]","[105, 112, 120, 127, 135, 142, 150, 157, 165, 172, 180, 187, 195, 202, 210, 217, 225, 232, 240, 247, 255, 262, 270, 277]","[75, 82, 90, 97, 105, 112, 120, 127, 135, 142, 150, 157, 165, 172, 180, 187, 195, 202, 210, 217, 225, 232, 240, 247, 255, 262, 270, 277, 285, 292, 300, 307]",comgenvid,fit,comgenvid:datasets/comgenvid/real/MSVD/-_hbPLsZvvo_172_179.mp4,comgenvid:datasets/comgenvid/real/MSVD/-_hbPLsZvvo_172_179.mp4,datasets/comgenvid/real/MSVD/-_hbPLsZvvo_172_179.mp4,comgenvid:real-content:-_hbPLsZvvo,MSVD,,,,cache/fit/target/fit/comgenvid/013.npz,0ffd3686e66125ac7ee49cccd373bf230c0e3ba25edfb09b967b2d2a8a1932f8
datasets/comgenvid/real/MSVD/-_hbPLsZvvo_18_25.mp4,real,MSVD,59.94005994005994,7.007,420,"[0, 7, 15, 22, 30, 37, 45, 52, 60, 67, 75, 82, 90, 97, 105, 112, 120, 127, 135, 142, 150, 157, 165, 172, 180, 187, 195, 202, 210, 217, 225, 232, 240, 247, 255, 262, 270, 277, 285, 292, 300, 307, 315, 322, 330, 337, 345, 352, 360, 367, 375, 382, 390, 397, 405, 412]","[285, 292, 300, 307, 315, 322, 330, 337]","[210, 217, 225, 232, 240, 247, 255, 262, 270, 277, 285, 292, 300, 307, 315, 322]","[105, 112, 120, 127, 135, 142, 150, 157, 165, 172, 180, 187, 195, 202, 210, 217, 225, 232, 240, 247, 255, 262, 270, 277]","[75, 82, 90, 97, 105, 112, 120, 127, 135, 142, 150, 157, 165, 172, 180, 187, 195, 202, 210, 217, 225, 232, 240, 247, 255, 262, 270, 277, 285, 292, 300, 307]",comgenvid,fit,comgenvid:datasets/comgenvid/real/MSVD/-_hbPLsZvvo_18_25.mp4,comgenvid:datasets/comgenvid/real/MSVD/-_hbPLsZvvo_18_25.mp4,datasets/comgenvid/real/MSVD/-_hbPLsZvvo_18_25.mp4,comgenvid:real-content:-_hbPLsZvvo,MSVD,,,,cache/fit/target/fit/comgenvid/014.npz,5cfa809050d298a79bfd3a77d8f15f15f91e0df636109cdcd92caccadbfd6bd4
datasets/comgenvid/real/MSVD/-_hbPLsZvvo_19_25.mp4,real,MSVD,59.94005994005994,6.006,360,"[0, 7, 15, 22, 30, 37, 45, 52, 60, 67, 75, 82, 90, 97, 105, 112, 120, 127, 135, 142, 150, 157, 165, 172, 180, 187, 195, 202, 210, 217, 225, 232, 240, 247, 255, 262, 270, 277, 285, 292, 300, 307, 315, 322, 330, 337, 345, 352]","[285, 292, 300, 307, 315, 322, 330, 337]","[210, 217, 225, 232, 240, 247, 255, 262, 270, 277, 285, 292, 300, 307, 315, 322]","[105, 112, 120, 127, 135, 142, 150, 157, 165, 172, 180, 187, 195, 202, 210, 217, 225, 232, 240, 247, 255, 262, 270, 277]","[75, 82, 90, 97, 105, 112, 120, 127, 135, 142, 150, 157, 165, 172, 180, 187, 195, 202, 210, 217, 225, 232, 240, 247, 255, 262, 270, 277, 285, 292, 300, 307]",comgenvid,fit,comgenvid:datasets/comgenvid/real/MSVD/-_hbPLsZvvo_19_25.mp4,comgenvid:datasets/comgenvid/real/MSVD/-_hbPLsZvvo_19_25.mp4,datasets/comgenvid/real/MSVD/-_hbPLsZvvo_19_25.mp4,comgenvid:real-content:-_hbPLsZvvo,MSVD,,,,cache/fit/target/fit/comgenvid/015.npz,805c26a86815e06a4cbf7a26ade9c2526850dc5de061f5e106bd1e0e88b1cfe3
datasets/comgenvid/real/MSVD/-_hbPLsZvvo_19_26.mp4,real,MSVD,59.94005994005994,7.007,420,"[0, 7, 15, 22, 30, 37, 45, 52, 60, 67, 75, 82, 90, 97, 105, 112, 120, 127, 135, 142, 150, 157, 165, 172, 180, 187, 195, 202, 210, 217, 225, 232, 240, 247, 255, 262, 270, 277, 285, 292, 300, 307, 315, 322, 330, 337, 345, 352, 360, 367, 375, 382, 390, 397, 405, 412]","[285, 292, 300, 307, 315, 322, 330, 337]","[210, 217, 225, 232, 240, 247, 255, 262, 270, 277, 285, 292, 300, 307, 315, 322]","[105, 112, 120, 127, 135, 142, 150, 157, 165, 172, 180, 187, 195, 202, 210, 217, 225, 232, 240, 247, 255, 262, 270, 277]","[75, 82, 90, 97, 105, 112, 120, 127, 135, 142, 150, 157, 165, 172, 180, 187, 195, 202, 210, 217, 225, 232, 240, 247, 255, 262, 270, 277, 285, 292, 300, 307]",comgenvid,fit,comgenvid:datasets/comgenvid/real/MSVD/-_hbPLsZvvo_19_26.mp4,comgenvid:datasets/comgenvid/real/MSVD/-_hbPLsZvvo_19_26.mp4,datasets/comgenvid/real/MSVD/-_hbPLsZvvo_19_26.mp4,comgenvid:real-content:-_hbPLsZvvo,MSVD,,,,cache/fit/target/fit/comgenvid/016.npz,ee24f0e41e642885d0d62acdae65d49df497717109c14f182b3e32807277862e
datasets/comgenvid/real/MSVD/-_hbPLsZvvo_211_219.mp4,real,MSVD,59.94005994005994,8.008,480,"[0, 7, 15, 22, 30, 37, 45, 52, 60, 67, 75, 82, 90, 97, 105, 112, 120, 127, 135, 142, 150, 157, 165, 172, 180, 187, 195, 202, 210, 217, 225, 232, 240, 247, 255, 262, 270, 277, 285, 292, 300, 307, 315, 322, 330, 337, 345, 352, 360, 367, 375, 382, 390, 397, 405, 412, 420, 427, 435, 442, 450, 457, 465, 472]","[285, 292, 300, 307, 315, 322, 330, 337]","[210, 217, 225, 232, 240, 247, 255, 262, 270, 277, 285, 292, 300, 307, 315, 322]","[105, 112, 120, 127, 135, 142, 150, 157, 165, 172, 180, 187, 195, 202, 210, 217, 225, 232, 240, 247, 255, 262, 270, 277]","[52, 60, 67, 75, 82, 90, 97, 105, 112, 120, 127, 135, 142, 150, 157, 165, 172, 180, 187, 195, 202, 210, 217, 225, 232, 240, 247, 255, 262, 270, 277, 285]",comgenvid,fit,comgenvid:datasets/comgenvid/real/MSVD/-_hbPLsZvvo_211_219.mp4,comgenvid:datasets/comgenvid/real/MSVD/-_hbPLsZvvo_211_219.mp4,datasets/comgenvid/real/MSVD/-_hbPLsZvvo_211_219.mp4,comgenvid:real-content:-_hbPLsZvvo,MSVD,,,,cache/fit/target/fit/comgenvid/017.npz,8585d2a2d46f69503b6299c25062151f2b5d0680cb229eb53c9d717cdd98b2ee
datasets/comgenvid/real/MSVD/-_hbPLsZvvo_269_275.mp4,real,MSVD,59.94005994005994,6.006,360,"[0, 7, 15, 22, 30, 37, 45, 52, 60, 67, 75, 82, 90, 97, 105, 112, 120, 127, 135, 142, 150, 157, 165, 172, 180, 187, 195, 202, 210, 217, 225, 232, 240, 247, 255, 262, 270, 277, 285, 292, 300, 307, 315, 322, 330, 337, 345, 352]","[285, 292, 300, 307, 315, 322, 330, 337]","[210, 217, 225, 232, 240, 247, 255, 262, 270, 277, 285, 292, 300, 307, 315, 322]","[105, 112, 120, 127, 135, 142, 150, 157, 165, 172, 180, 187, 195, 202, 210, 217, 225, 232, 240, 247, 255, 262, 270, 277]","[75, 82, 90, 97, 105, 112, 120, 127, 135, 142, 150, 157, 165, 172, 180, 187, 195, 202, 210, 217, 225, 232, 240, 247, 255, 262, 270, 277, 285, 292, 300, 307]",comgenvid,fit,comgenvid:datasets/comgenvid/real/MSVD/-_hbPLsZvvo_269_275.mp4,comgenvid:datasets/comgenvid/real/MSVD/-_hbPLsZvvo_269_275.mp4,datasets/comgenvid/real/MSVD/-_hbPLsZvvo_269_275.mp4,comgenvid:real-content:-_hbPLsZvvo,MSVD,,,,cache/fit/target/fit/comgenvid/018.npz,93fdef4a14c2ef658f4e9c5c10ea323dd465249d5eb4b47e12f5ce44b0554e14
datasets/comgenvid/real/MSVD/-_hbPLsZvvo_288_305.mp4,real,MSVD,59.94005994005994,17.000317,1019,"[0, 7, 15, 22, 30, 37, 45, 52, 60, 67, 75, 82, 90, 97, 105, 112, 120, 127, 135, 142, 150, 157, 165, 172, 180, 187, 195, 202, 210, 217, 225, 232, 240, 247, 255, 262, 270, 277, 285, 292, 300, 307, 315, 322, 330, 337, 345, 352, 360, 367, 375, 382, 390, 397, 405, 412, 420, 427, 435, 442, 450, 457, 465, 472, 480, 487, 495, 502, 509, 517, 524, 532, 539, 547, 554, 562, 569, 577, 584, 592, 599, 607, 614, 622, 629, 637, 644, 652, 659, 667, 674, 682, 689, 697, 704, 712, 719, 727, 734, 742, 749, 757, 764, 772, 779, 787, 794, 802, 809, 817, 824, 832, 839, 847, 854, 862, 869, 877, 884, 892, 899, 907, 914, 922, 929, 937, 944, 952, 959, 967, 974, 982, 989, 997, 1004, 1011]","[764, 772, 779, 787, 794, 802, 809, 817]","[382, 390, 397, 405, 412, 420, 427, 435, 442, 450, 457, 465, 472, 480, 487, 495]","[689, 697, 704, 712, 719, 727, 734, 742, 749, 757, 764, 772, 779, 787, 794, 802, 809, 817, 824, 832, 839, 847, 854, 862]","[105, 112, 120, 127, 135, 142, 150, 157, 165, 172, 180, 187, 195, 202, 210, 217, 225, 232, 240, 247, 255, 262, 270, 277, 285, 292, 300, 307, 315, 322, 330, 337]",comgenvid,fit,comgenvid:datasets/comgenvid/real/MSVD/-_hbPLsZvvo_288_305.mp4,comgenvid:datasets/comgenvid/real/MSVD/-_hbPLsZvvo_288_305.mp4,datasets/comgenvid/real/MSVD/-_hbPLsZvvo_288_305.mp4,comgenvid:real-content:-_hbPLsZvvo,MSVD,,,,cache/fit/target/fit/comgenvid/019.npz,78bf1804c078758fdb8120a22fd915589e47c4de97a0c1133809aa6e280ab2f6
datasets/comgenvid/real/MSVD/-_hbPLsZvvo_49_55.mp4,real,MSVD,59.94005994005994,6.006,360,"[0, 7, 15, 22, 30, 37, 45, 52, 60, 67, 75, 82, 90, 97, 105, 112, 120, 127, 135, 142, 150, 157, 165, 172, 180, 187, 195, 202, 210, 217, 225, 232, 240, 247, 255, 262, 270, 277, 285, 292, 300, 307, 315, 322, 330, 337, 345, 352]","[285, 292, 300, 307, 315, 322, 330, 337]","[210, 217, 225, 232, 240, 247, 255, 262, 270, 277, 285, 292, 300, 307, 315, 322]","[105, 112, 120, 127, 135, 142, 150, 157, 165, 172, 180, 187, 195, 202, 210, 217, 225, 232, 240, 247, 255, 262, 270, 277]","[75, 82, 90, 97, 105, 112, 120, 127, 135, 142, 150, 157, 165, 172, 180, 187, 195, 202, 210, 217, 225, 232, 240, 247, 255, 262, 270, 277, 285, 292, 300, 307]",comgenvid,fit,comgenvid:datasets/comgenvid/real/MSVD/-_hbPLsZvvo_49_55.mp4,comgenvid:datasets/comgenvid/real/MSVD/-_hbPLsZvvo_49_55.mp4,datasets/comgenvid/real/MSVD/-_hbPLsZvvo_49_55.mp4,comgenvid:real-content:-_hbPLsZvvo,MSVD,,,,cache/fit/target/fit/comgenvid/020.npz,81e195d96bc908623ee71e55139c98f5eb5cfa5fa9e602096174799b37beb178
datasets/comgenvid/real/MSVD/-_hbPLsZvvo_5_8.mp4,real,MSVD,59.94005994005994,3.003,180,"[0, 7, 15, 22, 30, 37, 45, 52, 60, 67, 75, 82, 90, 97, 105, 112, 120, 127, 135, 142, 150, 157, 165, 172]","[45, 52, 60, 67, 75, 82, 90, 97]","[22, 30, 37, 45, 52, 60, 67, 75, 82, 90, 97, 105, 112, 120, 127, 135]","[0, 7, 15, 22, 30, 37, 45, 52, 60, 67, 75, 82, 90, 97, 105, 112, 120, 127, 135, 142, 150, 157, 165, 172]",,comgenvid,fit,comgenvid:datasets/comgenvid/real/MSVD/-_hbPLsZvvo_5_8.mp4,comgenvid:datasets/comgenvid/real/MSVD/-_hbPLsZvvo_5_8.mp4,datasets/comgenvid/real/MSVD/-_hbPLsZvvo_5_8.mp4,comgenvid:real-content:-_hbPLsZvvo,MSVD,,,,cache/fit/target/fit/comgenvid/021.npz,7152d884e72739ef53f183d3b74aee6925dd335e5d8d87387674c46d2e704cab
datasets/comgenvid/real/MSVD/-bjOB4zS0uE_100_105.mp4,real,MSVD,29.916666666666668,5.013928,150,"[0, 4, 7, 11, 15, 19, 22, 26, 30, 34, 37, 41, 45, 49, 52, 56, 60, 64, 67, 71, 75, 79, 82, 86, 90, 93, 97, 101, 105, 108, 112, 116, 120, 123, 127, 131, 135, 138, 142, 146]","[105, 108, 112, 116, 120, 123, 127, 131]","[52, 56, 60, 64, 67, 71, 75, 79, 82, 86, 90, 93, 97, 101, 105, 108]","[37, 41, 45, 49, 52, 56, 60, 64, 67, 71, 75, 79, 82, 86, 90, 93, 97, 101, 105, 108, 112, 116, 120, 123]","[26, 30, 34, 37, 41, 45, 49, 52, 56, 60, 64, 67, 71, 75, 79, 82, 86, 90, 93, 97, 101, 105, 108, 112, 116, 120, 123, 127, 131, 135, 138, 142]",comgenvid,fit,comgenvid:datasets/comgenvid/real/MSVD/-bjOB4zS0uE_100_105.mp4,comgenvid:datasets/comgenvid/real/MSVD/-bjOB4zS0uE_100_105.mp4,datasets/comgenvid/real/MSVD/-bjOB4zS0uE_100_105.mp4,comgenvid:real-content:-bjOB4zS0uE,MSVD,,,,cache/fit/target/fit/comgenvid/022.npz,5c45cd2c1dcd4054ab19843bbafd0b9077be8e334a545b86304674404b1c2dd8
datasets/comgenvid/real/MSVD/-dm-ds5rRaM_44_52.mp4,real,MSVD,29.97002997002997,8.008,240,"[0, 4, 7, 11, 15, 19, 22, 26, 30, 34, 37, 41, 45, 49, 52, 56, 60, 64, 67, 71, 75, 79, 82, 86, 90, 94, 97, 101, 105, 109, 112, 116, 120, 124, 127, 131, 135, 139, 142, 146, 150, 154, 157, 161, 165, 169, 172, 176, 180, 184, 187, 191, 195, 199, 202, 206, 210, 214, 217, 221, 225, 229, 232, 236]","[142, 146, 150, 154, 157, 161, 165, 169]","[105, 109, 112, 116, 120, 124, 127, 131, 135, 139, 142, 146, 150, 154, 157, 161]","[52, 56, 60, 64, 67, 71, 75, 79, 82, 86, 90, 94, 97, 101, 105, 109, 112, 116, 120, 124, 127, 131, 135, 139]","[26, 30, 34, 37, 41, 45, 49, 52, 56, 60, 64, 67, 71, 75, 79, 82, 86, 90, 94, 97, 101, 105, 109, 112, 116, 120, 124, 127, 131, 135, 139, 142]",comgenvid,fit,comgenvid:datasets/comgenvid/real/MSVD/-dm-ds5rRaM_44_52.mp4,comgenvid:datasets/comgenvid/real/MSVD/-dm-ds5rRaM_44_52.mp4,datasets/comgenvid/real/MSVD/-dm-ds5rRaM_44_52.mp4,comgenvid:real-content:-dm-ds5rRaM,MSVD,,,,cache/fit/target/fit/comgenvid/023.npz,baa05a8c9a9c08c6825a6adbb644029a843c8ee9a4d327d4d25edc4074b84961
datasets/comgenvid/real/MSVD/-joBOHlg5J0_72_80.mp4,real,MSVD,23.976023976023978,8.008,192,"[0, 3, 6, 9, 12, 15, 18, 21, 24, 27, 30, 33, 36, 39, 42, 45, 48, 51, 54, 57, 60, 63, 66, 69, 72, 75, 78, 81, 84, 87, 90, 93, 96, 99, 102, 105, 108, 111, 114, 117, 120, 123, 126, 129, 132, 135, 138, 141, 144, 147, 150, 153, 156, 159, 162, 165, 168, 171, 174, 177, 180, 183, 186, 189]","[114, 117, 120, 123, 126, 129, 132, 135]","[84, 87, 90, 93, 96, 99, 102, 105, 108, 111, 114, 117, 120, 123, 126, 129]","[42, 45, 48, 51, 54, 57, 60, 63, 66, 69, 72, 75, 78, 81, 84, 87, 90, 93, 96, 99, 102, 105, 108, 111]","[21, 24, 27, 30, 33, 36, 39, 42, 45, 48, 51, 54, 57, 60, 63, 66, 69, 72, 75, 78, 81, 84, 87, 90, 93, 96, 99, 102, 105, 108, 111, 114]",comgenvid,fit,comgenvid:datasets/comgenvid/real/MSVD/-joBOHlg5J0_72_80.mp4,comgenvid:datasets/comgenvid/real/MSVD/-joBOHlg5J0_72_80.mp4,datasets/comgenvid/real/MSVD/-joBOHlg5J0_72_80.mp4,comgenvid:real-content:-joBOHlg5J0,MSVD,,,,cache/fit/target/fit/comgenvid/024.npz,b4b1c5da9837963c540ae1f87eb508d7880aa19041c8ed97ae348542e857e97d
datasets/comgenvid/real/MSVD/-mAoVOhKy0c_4_9.mp4,real,MSVD,29.916666666666668,5.013928,150,"[0, 4, 7, 11, 15, 19, 22, 26, 30, 34, 37, 41, 45, 49, 52, 56, 60, 64, 67, 71, 75, 79, 82, 86, 90, 93, 97, 101, 105, 108, 112, 116, 120, 123, 127, 131, 135, 138, 142, 146]","[105, 108, 112, 116, 120, 123, 127, 131]","[52, 56, 60, 64, 67, 71, 75, 79, 82, 86, 90, 93, 97, 101, 105, 108]","[37, 41, 45, 49, 52, 56, 60, 64, 67, 71, 75, 79, 82, 86, 90, 93, 97, 101, 105, 108, 112, 116, 120, 123]","[26, 30, 34, 37, 41, 45, 49, 52, 56, 60, 64, 67, 71, 75, 79, 82, 86, 90, 93, 97, 101, 105, 108, 112, 116, 120, 123, 127, 131, 135, 138, 142]",comgenvid,fit,comgenvid:datasets/comgenvid/real/MSVD/-mAoVOhKy0c_4_9.mp4,comgenvid:datasets/comgenvid/real/MSVD/-mAoVOhKy0c_4_9.mp4,datasets/comgenvid/real/MSVD/-mAoVOhKy0c_4_9.mp4,comgenvid:real-content:-mAoVOhKy0c,MSVD,,,,cache/fit/target/fit/comgenvid/025.npz,bf79873f9e5fee74d429ada33e57e23f052e9921713eb74274c5f9a7a4b750fc
datasets/comgenvid/real/MSVD/-pUwIypksfE_13_23.mp4,real,MSVD,29.97002997002997,10.01,300,"[0, 4, 7, 11, 15, 19, 22, 26, 30, 34, 37, 41, 45, 49, 52, 56, 60, 64, 67, 71, 75, 79, 82, 86, 90, 94, 97, 101, 105, 109, 112, 116, 120, 124, 127, 131, 135, 139, 142, 146, 150, 154, 157, 161, 165, 169, 172, 176, 180, 184, 187, 191, 195, 199, 202, 206, 210, 214, 217, 221, 225, 229, 232, 236, 240, 244, 247, 251, 255, 258, 262, 266, 270, 273, 277, 281, 285, 288, 292, 296]","[191, 195, 199, 202, 206, 210, 214, 217]","[52, 56, 60, 64, 67, 71, 75, 79, 82, 86, 90, 94, 97, 101, 105, 109]","[157, 161, 165, 169, 172, 176, 180, 184, 187, 191, 195, 199, 202, 206, 210, 214, 217, 221, 225, 229, 232, 236, 240, 244]","[26, 30, 34, 37, 41, 45, 49, 52, 56, 60, 64, 67, 71, 75, 79, 82, 86, 90, 94, 97, 101, 105, 109, 112, 116, 120, 124, 127, 131, 135, 139, 142]",comgenvid,fit,comgenvid:datasets/comgenvid/real/MSVD/-pUwIypksfE_13_23.mp4,comgenvid:datasets/comgenvid/real/MSVD/-pUwIypksfE_13_23.mp4,datasets/comgenvid/real/MSVD/-pUwIypksfE_13_23.mp4,comgenvid:real-content:-pUwIypksfE,MSVD,,,,cache/fit/target/fit/comgenvid/026.npz,c2abd4bc947947043090123a561da381005aef528313846556fe5ca6148489f1
datasets/comgenvid/real/MSVD/-rkErLY0rRc_26_35.mp4,real,MSVD,29.97002997002997,9.009,270,"[0, 4, 7, 11, 15, 19, 22, 26, 30, 34, 37, 41, 45, 49, 52, 56, 60, 64, 67, 71, 75, 79, 82, 86, 90, 94, 97, 101, 105, 109, 112, 116, 120, 124, 127, 131, 135, 139, 142, 146, 150, 154, 157, 161, 165, 169, 172, 176, 180, 184, 187, 191, 195, 199, 202, 206, 210, 214, 217, 221, 225, 229, 232, 236, 240, 244, 247, 251, 255, 258, 262, 266]","[191, 195, 199, 202, 206, 210, 214, 217]","[105, 109, 112, 116, 120, 124, 127, 131, 135, 139, 142, 146, 150, 154, 157, 161]","[52, 56, 60, 64, 67, 71, 75, 79, 82, 86, 90, 94, 97, 101, 105, 109, 112, 116, 120, 124, 127, 131, 135, 139]","[26, 30, 34, 37, 41, 45, 49, 52, 56, 60, 64, 67, 71, 75, 79, 82, 86, 90, 94, 97, 101, 105, 109, 112, 116, 120, 124, 127, 131, 135, 139, 142]",comgenvid,fit,comgenvid:datasets/comgenvid/real/MSVD/-rkErLY0rRc_26_35.mp4,comgenvid:datasets/comgenvid/real/MSVD/-rkErLY0rRc_26_35.mp4,datasets/comgenvid/real/MSVD/-rkErLY0rRc_26_35.mp4,comgenvid:real-content:-rkErLY0rRc,MSVD,,,,cache/fit/target/fit/comgenvid/027.npz,47a826931bf6af9a1e633104574311644dd99fc9b98d7513131d8b9b25972292
datasets/comgenvid/real/MSVD/-rkErLY0rRc_63_67.mp4,real,MSVD,29.97002997002997,4.004,120,"[0, 4, 7, 11, 15, 19, 22, 26, 30, 34, 37, 41, 45, 49, 52, 56, 60, 64, 67, 71, 75, 79, 82, 86, 90, 94, 97, 101, 105, 109, 112, 116]","[22, 26, 30, 34, 37, 41, 45, 49]","[52, 56, 60, 64, 67, 71, 75, 79, 82, 86, 90, 94, 97, 101, 105, 109]","[26, 30, 34, 37, 41, 45, 49, 52, 56, 60, 64, 67, 71, 75, 79, 82, 86, 90, 94, 97, 101, 105, 109, 112]","[0, 4, 7, 11, 15, 19, 22, 26, 30, 34, 37, 41, 45, 49, 52, 56, 60, 64, 67, 71, 75, 79, 82, 86, 90, 94, 97, 101, 105, 109, 112, 116]",comgenvid,fit,comgenvid:datasets/comgenvid/real/MSVD/-rkErLY0rRc_63_67.mp4,comgenvid:datasets/comgenvid/real/MSVD/-rkErLY0rRc_63_67.mp4,datasets/comgenvid/real/MSVD/-rkErLY0rRc_63_67.mp4,comgenvid:real-content:-rkErLY0rRc,MSVD,,,,cache/fit/target/fit/comgenvid/028.npz,654205ffef3739821251c92f52bd47976aa24f9d17b8154ffb09e8a5fe12b0f2
datasets/comgenvid/real/MSVD/-rvjK0lE3z4_33_43.mp4,real,MSVD,29.97002997002997,10.01,300,"[0, 4, 7, 11, 15, 19, 22, 26, 30, 34, 37, 41, 45, 49, 52, 56, 60, 64, 67, 71, 75, 79, 82, 86, 90, 94, 97, 101, 105, 109, 112, 116, 120, 124, 127, 131, 135, 139, 142, 146, 150, 154, 157, 161, 165, 169, 172, 176, 180, 184, 187, 191, 195, 199, 202, 206, 210, 214, 217, 221, 225, 229, 232, 236, 240, 244, 247, 251, 255, 258, 262, 266, 270, 273, 277, 281, 285, 288, 292, 296]","[191, 195, 199, 202, 206, 210, 214, 217]","[52, 56, 60, 64, 67, 71, 75, 79, 82, 86, 90, 94, 97, 101, 105, 109]","[157, 161, 165, 169, 172, 176, 180, 184, 187, 191, 195, 199, 202, 206, 210, 214, 217, 221, 225, 229, 232, 236, 240, 244]","[26, 30, 34, 37, 41, 45, 49, 52, 56, 60, 64, 67, 71, 75, 79, 82, 86, 90, 94, 97, 101, 105, 109, 112, 116, 120, 124, 127, 131, 135, 139, 142]",comgenvid,fit,comgenvid:datasets/comgenvid/real/MSVD/-rvjK0lE3z4_33_43.mp4,comgenvid:datasets/comgenvid/real/MSVD/-rvjK0lE3z4_33_43.mp4,datasets/comgenvid/real/MSVD/-rvjK0lE3z4_33_43.mp4,comgenvid:real-content:-rvjK0lE3z4,MSVD,,,,cache/fit/target/fit/comgenvid/029.npz,df51fcb039991e17be9723d14f58e43263c4f01e6b488f27de0bdb0e919493e8
datasets/comgenvid/real/MSVD/-s4-6QTT7HE_235_241.mp4,real,MSVD,29.97002997002997,6.006,180,"[0, 4, 7, 11, 15, 19, 22, 26, 30, 34, 37, 41, 45, 49, 52, 56, 60, 64, 67, 71, 75, 79, 82, 86, 90, 94, 97, 101, 105, 109, 112, 116, 120, 124, 127, 131, 135, 139, 142, 146, 150, 154, 157, 161, 165, 169, 172, 176]","[142, 146, 150, 154, 157, 161, 165, 169]","[105, 109, 112, 116, 120, 124, 127, 131, 135, 139, 142, 146, 150, 154, 157, 161]","[52, 56, 60, 64, 67, 71, 75, 79, 82, 86, 90, 94, 97, 101, 105, 109, 112, 116, 120, 124, 127, 131, 135, 139]","[37, 41, 45, 49, 52, 56, 60, 64, 67, 71, 75, 79, 82, 86, 90, 94, 97, 101, 105, 109, 112, 116, 120, 124, 127, 131, 135, 139, 142, 146, 150, 154]",comgenvid,fit,comgenvid:datasets/comgenvid/real/MSVD/-s4-6QTT7HE_235_241.mp4,comgenvid:datasets/comgenvid/real/MSVD/-s4-6QTT7HE_235_241.mp4,datasets/comgenvid/real/MSVD/-s4-6QTT7HE_235_241.mp4,comgenvid:real-content:-s4-6QTT7HE,MSVD,,,,cache/fit/target/fit/comgenvid/030.npz,b3017d0402f07d2ae5e7120208d0091ba4ac418b91d21b661e555ea07749b683
datasets/comgenvid/real/MSVD/-t-ZWaJeH-o_0_15.mp4,real,MSVD,24.0,15.041667,361,"[0, 3, 6, 9, 12, 15, 18, 21, 24, 27, 30, 33, 36, 39, 42, 45, 48, 51, 54, 57, 60, 63, 66, 69, 72, 75, 78, 81, 84, 87, 90, 93, 96, 99, 102, 105, 108, 111, 114, 117, 120, 123, 126, 129, 132, 135, 138, 141, 144, 147, 150, 153, 156, 159, 162, 165, 168, 171, 174, 177, 180, 183, 186, 189, 192, 195, 198, 201, 204, 207, 210, 213, 216, 219, 222, 225, 228, 231, 234, 237, 240, 243, 246, 249, 252, 255, 258, 261, 264, 267, 270, 273, 276, 279, 282, 285, 288, 291, 294, 297, 300, 303, 306, 309, 312, 315, 318, 321, 324, 327, 330, 333, 336, 339, 342, 345, 348, 351, 354, 357, 360]","[306, 309, 312, 315, 318, 321, 324, 327]","[153, 156, 159, 162, 165, 168, 171, 174, 177, 180, 183, 186, 189, 192, 195, 198]","[276, 279, 282, 285, 288, 291, 294, 297, 300, 303, 306, 309, 312, 315, 318, 321, 324, 327, 330, 333, 336, 339, 342, 345]","[42, 45, 48, 51, 54, 57, 60, 63, 66, 69, 72, 75, 78, 81, 84, 87, 90, 93, 96, 99, 102, 105, 108, 111, 114, 117, 120, 123, 126, 129, 132, 135]",comgenvid,fit,comgenvid:datasets/comgenvid/real/MSVD/-t-ZWaJeH-o_0_15.mp4,comgenvid:datasets/comgenvid/real/MSVD/-t-ZWaJeH-o_0_15.mp4,datasets/comgenvid/real/MSVD/-t-ZWaJeH-o_0_15.mp4,comgenvid:real-content:-t-ZWaJeH-o,MSVD,,,,cache/fit/target/fit/comgenvid/031.npz,8e3f7ec29715accfa0506df4d456a40f4520be17256537c08583e554ff550db9
datasets/comgenvid/real/MSVD/-uT_1VDvXok_8_15.mp4,real,MSVD,30.0,7.033333,211,"[0, 4, 8, 11, 15, 19, 22, 26, 30, 34, 38, 41, 45, 49, 52, 56, 60, 64, 68, 71, 75, 79, 82, 86, 90, 94, 98, 101, 105, 109, 112, 116, 120, 124, 128, 131, 135, 139, 142, 146, 150, 154, 158, 161, 165, 169, 172, 176, 180, 184, 188, 191, 195, 199, 202, 206, 210]","[142, 146, 150, 154, 158, 161, 165, 169]","[105, 109, 112, 116, 120, 124, 128, 131, 135, 139, 142, 146, 150, 154, 158, 161]","[52, 56, 60, 64, 68, 71, 75, 79, 82, 86, 90, 94, 98, 101, 105, 109, 112, 116, 120, 124, 128, 131, 135, 139]","[38, 41, 45, 49, 52, 56, 60, 64, 68, 71, 75, 79, 82, 86, 90, 94, 98, 101, 105, 109, 112, 116, 120, 124, 128, 131, 135, 139, 142, 146, 150, 154]",comgenvid,fit,comgenvid:datasets/comgenvid/real/MSVD/-uT_1VDvXok_8_15.mp4,comgenvid:datasets/comgenvid/real/MSVD/-uT_1VDvXok_8_15.mp4,datasets/comgenvid/real/MSVD/-uT_1VDvXok_8_15.mp4,comgenvid:real-content:-uT_1VDvXok,MSVD,,,,cache/fit/target/fit/comgenvid/032.npz,55afde6f4678496b7bb491908ebff37b4924740b9b2b8fbfeb2d3736989aac92
datasets/comgenvid/real/MSVD/-vKO3uSG6Do_3_14.mp4,real,MSVD,29.97002997002997,11.011,330,"[0, 4, 7, 11, 15, 19, 22, 26, 30, 34, 37, 41, 45, 49, 52, 56, 60, 64, 67, 71, 75, 79, 82, 86, 90, 94, 97, 101, 105, 109, 112, 116, 120, 124, 127, 131, 135, 139, 142, 146, 150, 154, 157, 161, 165, 169, 172, 176, 180, 184, 187, 191, 195, 199, 202, 206, 210, 214, 217, 221, 225, 229, 232, 236, 240, 244, 247, 251, 255, 258, 262, 266, 270, 273, 277, 281, 285, 288, 292, 296, 300, 303, 307, 311, 315, 318, 322, 326]","[191, 195, 199, 202, 206, 210, 214, 217]","[52, 56, 60, 64, 67, 71, 75, 79, 82, 86, 90, 94, 97, 101, 105, 109]","[225, 229, 232, 236, 240, 244, 247, 251, 255, 258, 262, 266, 270, 273, 277, 281, 285, 288, 292, 296, 300, 303, 307, 311]","[75, 79, 82, 86, 90, 94, 97, 101, 105, 109, 112, 116, 120, 124, 127, 131, 135, 139, 142, 146, 150, 154, 157, 161, 165, 169, 172, 176, 180, 184, 187, 191]",comgenvid,fit,comgenvid:datasets/comgenvid/real/MSVD/-vKO3uSG6Do_3_14.mp4,comgenvid:datasets/comgenvid/real/MSVD/-vKO3uSG6Do_3_14.mp4,datasets/comgenvid/real/MSVD/-vKO3uSG6Do_3_14.mp4,comgenvid:real-content:-vKO3uSG6Do,MSVD,,,,cache/fit/target/fit/comgenvid/033.npz,b31a009d32cee47f8b4adf0c047fa57596b38e1c491010e94b8e6c1123070bec
datasets/comgenvid/real/MSVD/-vg3vR86fu0_1_6.mp4,real,MSVD,30.0,5.033333,151,"[0, 4, 8, 11, 15, 19, 22, 26, 30, 34, 38, 41, 45, 49, 52, 56, 60, 64, 68, 71, 75, 79, 82, 86, 90, 94, 98, 101, 105, 109, 112, 116, 120, 124, 128, 131, 135, 139, 142, 146, 150]","[105, 109, 112, 116, 120, 124, 128, 131]","[52, 56, 60, 64, 68, 71, 75, 79, 82, 86, 90, 94, 98, 101, 105, 109]","[38, 41, 45, 49, 52, 56, 60, 64, 68, 71, 75, 79, 82, 86, 90, 94, 98, 101, 105, 109, 112, 116, 120, 124]","[26, 30, 34, 38, 41, 45, 49, 52, 56, 60, 64, 68, 71, 75, 79, 82, 86, 90, 94, 98, 101, 105, 109, 112, 116, 120, 124, 128, 131, 135, 139, 142]",comgenvid,fit,comgenvid:datasets/comgenvid/real/MSVD/-vg3vR86fu0_1_6.mp4,comgenvid:datasets/comgenvid/real/MSVD/-vg3vR86fu0_1_6.mp4,datasets/comgenvid/real/MSVD/-vg3vR86fu0_1_6.mp4,comgenvid:real-content:-vg3vR86fu0,MSVD,,,,cache/fit/target/fit/comgenvid/034.npz,96ef7408c1c8f2154b1b2010dde6a67c170fca05ce4f0f6b819579ec6585d3fa
datasets/comgenvid/real/MSVD/-wa0umYJVGg_100_115.mp4,real,MSVD,29.916666666666668,15.008357,449,"[0, 4, 7, 11, 15, 19, 22, 26, 30, 34, 37, 41, 45, 49, 52, 56, 60, 64, 67, 71, 75, 79, 82, 86, 90, 93, 97, 101, 105, 108, 112, 116, 120, 123, 127, 131, 135, 138, 142, 146, 150, 153, 157, 161, 165, 168, 172, 176, 180, 183, 187, 191, 194, 198, 202, 206, 209, 213, 217, 221, 224, 228, 232, 236, 239, 243, 247, 251, 254, 258, 262, 266, 269, 273, 277, 280, 284, 288, 292, 295, 299, 303, 307, 310, 314, 318, 322, 325, 329, 333, 337, 340, 344, 348, 352, 355, 359, 363, 366, 370, 374, 378, 381, 385, 389, 393, 396, 400, 404, 408, 411, 415, 419, 423, 426, 430, 434, 438, 441, 445]","[381, 385, 389, 393, 396, 400, 404, 408]","[191, 194, 198, 202, 206, 209, 213, 217, 221, 224, 228, 232, 236, 239, 243, 247]","[344, 348, 352, 355, 359, 363, 366, 370, 374, 378, 381, 385, 389, 393, 396, 400, 404, 408, 411, 415, 419, 423, 426, 430]","[52, 56, 60, 64, 67, 71, 75, 79, 82, 86, 90, 93, 97, 101, 105, 108, 112, 116, 120, 123, 127, 131, 135, 138, 142, 146, 150, 153, 157, 161, 165, 168]",comgenvid,fit,comgenvid:datasets/comgenvid/real/MSVD/-wa0umYJVGg_100_115.mp4,comgenvid:datasets/comgenvid/real/MSVD/-wa0umYJVGg_100_115.mp4,datasets/comgenvid/real/MSVD/-wa0umYJVGg_100_115.mp4,comgenvid:real-content:-wa0umYJVGg,MSVD,,,,cache/fit/target/fit/comgenvid/035.npz,f6419cd1ca3585d96716121b5f4da9a2d37b884452790f3ec9d4e1f855a60d9d
datasets/comgenvid/real/MSVD/-wa0umYJVGg_117_123.mp4,real,MSVD,29.916666666666668,6.016713,180,"[0, 4, 7, 11, 15, 19, 22, 26, 30, 34, 37, 41, 45, 49, 52, 56, 60, 64, 67, 71, 75, 79, 82, 86, 90, 93, 97, 101, 105, 108, 112, 116, 120, 123, 127, 131, 135, 138, 142, 146, 150, 153, 157, 161, 165, 168, 172, 176]","[142, 146, 150, 153, 157, 161, 165, 168]","[105, 108, 112, 116, 120, 123, 127, 131, 135, 138, 142, 146, 150, 153, 157, 161]","[52, 56, 60, 64, 67, 71, 75, 79, 82, 86, 90, 93, 97, 101, 105, 108, 112, 116, 120, 123, 127, 131, 135, 138]","[37, 41, 45, 49, 52, 56, 60, 64, 67, 71, 75, 79, 82, 86, 90, 93, 97, 101, 105, 108, 112, 116, 120, 123, 127, 131, 135, 138, 142, 146, 150, 153]",comgenvid,fit,comgenvid:datasets/comgenvid/real/MSVD/-wa0umYJVGg_117_123.mp4,comgenvid:datasets/comgenvid/real/MSVD/-wa0umYJVGg_117_123.mp4,datasets/comgenvid/real/MSVD/-wa0umYJVGg_117_123.mp4,comgenvid:real-content:-wa0umYJVGg,MSVD,,,,cache/fit/target/fit/comgenvid/036.npz,83ae07ccb55568d40eb508899efe5bda2343977e828af137c231f66a1d28bd57
datasets/comgenvid/real/MSVD/-wa0umYJVGg_139_157.mp4,real,MSVD,29.916666666666668,18.016713,539,"[0, 4, 7, 11, 15, 19, 22, 26, 30, 34, 37, 41, 45, 49, 52, 56, 60, 64, 67, 71, 75, 79, 82, 86, 90, 93, 97, 101, 105, 108, 112, 116, 120, 123, 127, 131, 135, 138, 142, 146, 150, 153, 157, 161, 165, 168, 172, 176, 180, 183, 187, 191, 194, 198, 202, 206, 209, 213, 217, 221, 224, 228, 232, 236, 239, 243, 247, 251, 254, 258, 262, 266, 269, 273, 277, 280, 284, 288, 292, 295, 299, 303, 307, 310, 314, 318, 322, 325, 329, 333, 337, 340, 344, 348, 352, 355, 359, 363, 366, 370, 374, 378, 381, 385, 389, 393, 396, 400, 404, 408, 411, 415, 419, 423, 426, 430, 434, 438, 441, 445, 449, 452, 456, 460, 464, 467, 471, 475, 479, 482, 486, 490, 494, 497, 501, 505, 509, 512, 516, 520, 524, 527, 531, 535, 538]","[381, 385, 389, 393, 396, 400, 404, 408]","[344, 348, 352, 355, 359, 363, 366, 370, 374, 378, 381, 385, 389, 393, 396, 400]","[52, 56, 60, 64, 67, 71, 75, 79, 82, 86, 90, 93, 97, 101, 105, 108, 112, 116, 120, 123, 127, 131, 135, 138]","[396, 400, 404, 408, 411, 415, 419, 423, 426, 430, 434, 438, 441, 445, 449, 452, 456, 460, 464, 467, 471, 475, 479, 482, 486, 490, 494, 497, 501, 505, 509, 512]",comgenvid,fit,comgenvid:datasets/comgenvid/real/MSVD/-wa0umYJVGg_139_157.mp4,comgenvid:datasets/comgenvid/real/MSVD/-wa0umYJVGg_139_157.mp4,datasets/comgenvid/real/MSVD/-wa0umYJVGg_139_157.mp4,comgenvid:real-content:-wa0umYJVGg,MSVD,,,,cache/fit/target/fit/comgenvid/037.npz,1b589a91519e1e2097340f0cdba2cd1b89c8306a75eadd9e72fa086c1ce29673
datasets/comgenvid/real/MSVD/-wa0umYJVGg_168_176.mp4,real,MSVD,29.916666666666668,8.022284,240,"[0, 4, 7, 11, 15, 19, 22, 26, 30, 34, 37, 41, 45, 49, 52, 56, 60, 64, 67, 71, 75, 79, 82, 86, 90, 93, 97, 101, 105, 108, 112, 116, 120, 123, 127, 131, 135, 138, 142, 146, 150, 153, 157, 161, 165, 168, 172, 176, 180, 183, 187, 191, 194, 198, 202, 206, 209, 213, 217, 221, 224, 228, 232, 236, 239]","[142, 146, 150, 153, 157, 161, 165, 168]","[105, 108, 112, 116, 120, 123, 127, 131, 135, 138, 142, 146, 150, 153, 157, 161]","[52, 56, 60, 64, 67, 71, 75, 79, 82, 86, 90, 93, 97, 101, 105, 108, 112, 116, 120, 123, 127, 131, 135, 138]","[26, 30, 34, 37, 41, 45, 49, 52, 56, 60, 64, 67, 71, 75, 79, 82, 86, 90, 93, 97, 101, 105, 108, 112, 116, 120, 123, 127, 131, 135, 138, 142]",comgenvid,fit,comgenvid:datasets/comgenvid/real/MSVD/-wa0umYJVGg_168_176.mp4,comgenvid:datasets/comgenvid/real/MSVD/-wa0umYJVGg_168_176.mp4,datasets/comgenvid/real/MSVD/-wa0umYJVGg_168_176.mp4,comgenvid:real-content:-wa0umYJVGg,MSVD,,,,cache/fit/target/fit/comgenvid/038.npz,5cc05276e8118e9637cdb7db9c11a13a707f57a9c92adc80754073116a085b09
datasets/comgenvid/real/MSVD/-wa0umYJVGg_23_41.mp4,real,MSVD,29.916666666666668,18.016713,539,"[0, 4, 7, 11, 15, 19, 22, 26, 30, 34, 37, 41, 45, 49, 52, 56, 60, 64, 67, 71, 75, 79, 82, 86, 90, 93, 97, 101, 105, 108, 112, 116, 120, 123, 127, 131, 135, 138, 142, 146, 150, 153, 157, 161, 165, 168, 172, 176, 180, 183, 187, 191, 194, 198, 202, 206, 209, 213, 217, 221, 224, 228, 232, 236, 239, 243, 247, 251, 254, 258, 262, 266, 269, 273, 277, 280, 284, 288, 292, 295, 299, 303, 307, 310, 314, 318, 322, 325, 329, 333, 337, 340, 344, 348, 352, 355, 359, 363, 366, 370, 374, 378, 381, 385, 389, 393, 396, 400, 404, 408, 411, 415, 419, 423, 426, 430, 434, 438, 441, 445, 449, 452, 456, 460, 464, 467, 471, 475, 479, 482, 486, 490, 494, 497, 501, 505, 509, 512, 516, 520, 524, 527, 531, 535, 538]","[381, 385, 389, 393, 396, 400, 404, 408]","[344, 348, 352, 355, 359, 363, 366, 370, 374, 378, 381, 385, 389, 393, 396, 400]","[52, 56, 60, 64, 67, 71, 75, 79, 82, 86, 90, 93, 97, 101, 105, 108, 112, 116, 120, 123, 127, 131, 135, 138]","[396, 400, 404, 408, 411, 415, 419, 423, 426, 430, 434, 438, 441, 445, 449, 452, 456, 460, 464, 467, 471, 475, 479, 482, 486, 490, 494, 497, 501, 505, 509, 512]",comgenvid,fit,comgenvid:datasets/comgenvid/real/MSVD/-wa0umYJVGg_23_41.mp4,comgenvid:datasets/comgenvid/real/MSVD/-wa0umYJVGg_23_41.mp4,datasets/comgenvid/real/MSVD/-wa0umYJVGg_23_41.mp4,comgenvid:real-content:-wa0umYJVGg,MSVD,,,,cache/fit/target/fit/comgenvid/039.npz,cb7b0647f7fd4133a8627567cc804f22b7bec05d2f2db09755e41e061c411fbb
datasets/comgenvid/real/MSVD/-wa0umYJVGg_286_290.mp4,real,MSVD,29.916666666666668,4.011142,120,"[0, 4, 7, 11, 15, 19, 22, 26, 30, 34, 37, 41, 45, 49, 52, 56, 60, 64, 67, 71, 75, 79, 82, 86, 90, 93, 97, 101, 105, 108, 112, 116]","[22, 26, 30, 34, 37, 41, 45, 49]","[52, 56, 60, 64, 67, 71, 75, 79, 82, 86, 90, 93, 97, 101, 105, 108]","[26, 30, 34, 37, 41, 45, 49, 52, 56, 60, 64, 67, 71, 75, 79, 82, 86, 90, 93, 97, 101, 105, 108, 112]","[0, 4, 7, 11, 15, 19, 22, 26, 30, 34, 37, 41, 45, 49, 52, 56, 60, 64, 67, 71, 75, 79, 82, 86, 90, 93, 97, 101, 105, 108, 112, 116]",comgenvid,fit,comgenvid:datasets/comgenvid/real/MSVD/-wa0umYJVGg_286_290.mp4,comgenvid:datasets/comgenvid/real/MSVD/-wa0umYJVGg_286_290.mp4,datasets/comgenvid/real/MSVD/-wa0umYJVGg_286_290.mp4,comgenvid:real-content:-wa0umYJVGg,MSVD,,,,cache/fit/target/fit/comgenvid/040.npz,0be2e5ecf683c49029a0487f36941cb7187fec78194cbcf00f9bf8c55055e65d
datasets/comgenvid/real/MSVD/-zOrV-5vh1A_69_76.mp4,real,MSVD,25.0,7.04,176,"[0, 3, 6, 9, 12, 16, 19, 22, 25, 28, 31, 34, 38, 41, 44, 47, 50, 53, 56, 59, 62, 66, 69, 72, 75, 78, 81, 84, 88, 91, 94, 97, 100, 103, 106, 109, 112, 116, 119, 122, 125, 128, 131, 134, 138, 141, 144, 147, 150, 153, 156, 159, 162, 166, 169, 172, 175]","[119, 122, 125, 128, 131, 134, 138, 141]","[88, 91, 94, 97, 100, 103, 106, 109, 112, 116, 119, 122, 125, 128, 131, 134]","[44, 47, 50, 53, 56, 59, 62, 66, 69, 72, 75, 78, 81, 84, 88, 91, 94, 97, 100, 103, 106, 109, 112, 116]","[31, 34, 38, 41, 44, 47, 50, 53, 56, 59, 62, 66, 69, 72, 75, 78, 81, 84, 88, 91, 94, 97, 100, 103, 106, 109, 112, 116, 119, 122, 125, 128]",comgenvid,fit,comgenvid:datasets/comgenvid/real/MSVD/-zOrV-5vh1A_69_76.mp4,comgenvid:datasets/comgenvid/real/MSVD/-zOrV-5vh1A_69_76.mp4,datasets/comgenvid/real/MSVD/-zOrV-5vh1A_69_76.mp4,comgenvid:real-content:-zOrV-5vh1A,MSVD,,,,cache/fit/target/fit/comgenvid/041.npz,bff1f53914092c7f477de4557bef3f1c92edc87bf413f11cb3abec4546d72085
datasets/comgenvid/real/MSVD/02Z-kuB3IaM_2_13.mp4,real,MSVD,12.5,9.84,123,"[0, 2, 3, 5, 6, 8, 9, 11, 12, 14, 16, 17, 19, 20, 22, 23, 25, 27, 28, 30, 31, 33, 34, 36, 38, 39, 41, 42, 44, 45, 47, 48, 50, 52, 53, 55, 56, 58, 59, 61, 62, 64, 66, 67, 69, 70, 72, 73, 75, 77, 78, 80, 81, 83, 84, 86, 88, 89, 91, 92, 94, 95, 97, 98, 100, 102, 103, 105, 106, 108, 109, 111, 112, 114, 116, 117, 119, 120, 122]","[80, 81, 83, 84, 86, 88, 89, 91]","[44, 45, 47, 48, 50, 52, 53, 55, 56, 58, 59, 61, 62, 64, 66, 67]","[22, 23, 25, 27, 28, 30, 31, 33, 34, 36, 38, 39, 41, 42, 44, 45, 47, 48, 50, 52, 53, 55, 56, 58]","[66, 67, 69, 70, 72, 73, 75, 77, 78, 80, 81, 83, 84, 86, 88, 89, 91, 92, 94, 95, 97, 98, 100, 102, 103, 105, 106, 108, 109, 111, 112, 114]",comgenvid,fit,comgenvid:datasets/comgenvid/real/MSVD/02Z-kuB3IaM_2_13.mp4,comgenvid:datasets/comgenvid/real/MSVD/02Z-kuB3IaM_2_13.mp4,datasets/comgenvid/real/MSVD/02Z-kuB3IaM_2_13.mp4,comgenvid:real-content:02Z-kuB3IaM,MSVD,,,,cache/fit/target/fit/comgenvid/042.npz,31d7ae7322d5c45603116f0157bd1bf54b378831c7151531e19195a855d530a2
datasets/comgenvid/real/MSVD/04Gt01vatkk_248_265.mp4,real,MSVD,30.0,17.033333,511,"[0, 4, 8, 11, 15, 19, 22, 26, 30, 34, 38, 41, 45, 49, 52, 56, 60, 64, 68, 71, 75, 79, 82, 86, 90, 94, 98, 101, 105, 109, 112, 116, 120, 124, 128, 131, 135, 139, 142, 146, 150, 154, 158, 161, 165, 169, 172, 176, 180, 184, 188, 191, 195, 199, 202, 206, 210, 214, 218, 221, 225, 229, 232, 236, 240, 244, 248, 251, 255, 259, 262, 266, 270, 274, 278, 281, 285, 289, 292, 296, 300, 304, 308, 311, 315, 319, 322, 326, 330, 334, 338, 341, 345, 349, 352, 356, 360, 364, 368, 371, 375, 379, 382, 386, 390, 394, 398, 401, 405, 409, 412, 416, 420, 424, 428, 431, 435, 439, 442, 446, 450, 454, 458, 461, 465, 469, 472, 476, 480, 484, 488, 491, 495, 499, 502, 506, 510]","[382, 386, 390, 394, 398, 401, 405, 409]","[191, 195, 199, 202, 206, 210, 214, 218, 221, 225, 229, 232, 236, 240, 244, 248]","[345, 349, 352, 356, 360, 364, 368, 371, 375, 379, 382, 386, 390, 394, 398, 401, 405, 409, 412, 416, 420, 424, 428, 431]","[52, 56, 60, 64, 68, 71, 75, 79, 82, 86, 90, 94, 98, 101, 105, 109, 112, 116, 120, 124, 128, 131, 135, 139, 142, 146, 150, 154, 158, 161, 165, 169]",comgenvid,fit,comgenvid:datasets/comgenvid/real/MSVD/04Gt01vatkk_248_265.mp4,comgenvid:datasets/comgenvid/real/MSVD/04Gt01vatkk_248_265.mp4,datasets/comgenvid/real/MSVD/04Gt01vatkk_248_265.mp4,comgenvid:real-content:04Gt01vatkk,MSVD,,,,cache/fit/target/fit/comgenvid/043.npz,09a0d80a5b62da319e8e5435fa662551cf98f4417e36846f1f3f9e60d34fecd4
datasets/comgenvid/real/MSVD/04Gt01vatkk_308_321.mp4,real,MSVD,30.0,13.033333,391,"[0, 4, 8, 11, 15, 19, 22, 26, 30, 34, 38, 41, 45, 49, 52, 56, 60, 64, 68, 71, 75, 79, 82, 86, 90, 94, 98, 101, 105, 109, 112, 116, 120, 124, 128, 131, 135, 139, 142, 146, 150, 154, 158, 161, 165, 169, 172, 176, 180, 184, 188, 191, 195, 199, 202, 206, 210, 214, 218, 221, 225, 229, 232, 236, 240, 244, 248, 251, 255, 259, 262, 266, 270, 274, 278, 281, 285, 289, 292, 296, 300, 304, 308, 311, 315, 319, 322, 326, 330, 334, 338, 341, 345, 349, 352, 356, 360, 364, 368, 371, 375, 379, 382, 386, 390]","[191, 195, 199, 202, 206, 210, 214, 218]","[52, 56, 60, 64, 68, 71, 75, 79, 82, 86, 90, 94, 98, 101, 105, 109]","[266, 270, 274, 278, 281, 285, 289, 292, 296, 300, 304, 308, 311, 315, 319, 322, 326, 330, 334, 338, 341, 345, 349, 352]","[225, 229, 232, 236, 240, 244, 248, 251, 255, 259, 262, 266, 270, 274, 278, 281, 285, 289, 292, 296, 300, 304, 308, 311, 315, 319, 322, 326, 330, 334, 338, 341]",comgenvid,fit,comgenvid:datasets/comgenvid/real/MSVD/04Gt01vatkk_308_321.mp4,comgenvid:datasets/comgenvid/real/MSVD/04Gt01vatkk_308_321.mp4,datasets/comgenvid/real/MSVD/04Gt01vatkk_308_321.mp4,comgenvid:real-content:04Gt01vatkk,MSVD,,,,cache/fit/target/fit/comgenvid/044.npz,0197ea8e08627bb86c1a9957127b3cb8331a57783b1e8b2aa5c442ba9e964618
datasets/comgenvid/real/MSVD/05gNigkqfNU_11_23.mp4,real,MSVD,29.97002997002997,12.012,360,"[0, 4, 7, 11, 15, 19, 22, 26, 30, 34, 37, 41, 45, 49, 52, 56, 60, 64, 67, 71, 75, 79, 82, 86, 90, 94, 97, 101, 105, 109, 112, 116, 120, 124, 127, 131, 135, 139, 142, 146, 150, 154, 157, 161, 165, 169, 172, 176, 180, 184, 187, 191, 195, 199, 202, 206, 210, 214, 217, 221, 225, 229, 232, 236, 240, 244, 247, 251, 255, 258, 262, 266, 270, 273, 277, 281, 285, 288, 292, 296, 300, 303, 307, 311, 315, 318, 322, 326, 330, 333, 337, 341, 345, 348, 352, 356]","[191, 195, 199, 202, 206, 210, 214, 217]","[52, 56, 60, 64, 67, 71, 75, 79, 82, 86, 90, 94, 97, 101, 105, 109]","[266, 270, 273, 277, 281, 285, 288, 292, 296, 300, 303, 307, 311, 315, 318, 322, 326, 330, 333, 337, 341, 345, 348, 352]","[225, 229, 232, 236, 240, 244, 247, 251, 255, 258, 262, 266, 270, 273, 277, 281, 285, 288, 292, 296, 300, 303, 307, 311, 315, 318, 322, 326, 330, 333, 337, 341]",comgenvid,fit,comgenvid:datasets/comgenvid/real/MSVD/05gNigkqfNU_11_23.mp4,comgenvid:datasets/comgenvid/real/MSVD/05gNigkqfNU_11_23.mp4,datasets/comgenvid/real/MSVD/05gNigkqfNU_11_23.mp4,comgenvid:real-content:05gNigkqfNU,MSVD,,,,cache/fit/target/fit/comgenvid/045.npz,322f2a7995635e87956b6d302caf7d582539779ba271632903b906d80776c0d9
datasets/comgenvid/real/MSVD/05gNigkqfNU_24_32.mp4,real,MSVD,29.97002997002997,8.008,240,"[0, 4, 7, 11, 15, 19, 22, 26, 30, 34, 37, 41, 45, 49, 52, 56, 60, 64, 67, 71, 75, 79, 82, 86, 90, 94, 97, 101, 105, 109, 112, 116, 120, 124, 127, 131, 135, 139, 142, 146, 150, 154, 157, 161, 165, 169, 172, 176, 180, 184, 187, 191, 195, 199, 202, 206, 210, 214, 217, 221, 225, 229, 232, 236]","[142, 146, 150, 154, 157, 161, 165, 169]","[105, 109, 112, 116, 120, 124, 127, 131, 135, 139, 142, 146, 150, 154, 157, 161]","[52, 56, 60, 64, 67, 71, 75, 79, 82, 86, 90, 94, 97, 101, 105, 109, 112, 116, 120, 124, 127, 131, 135, 139]","[26, 30, 34, 37, 41, 45, 49, 52, 56, 60, 64, 67, 71, 75, 79, 82, 86, 90, 94, 97, 101, 105, 109, 112, 116, 120, 124, 127, 131, 135, 139, 142]",comgenvid,fit,comgenvid:datasets/comgenvid/real/MSVD/05gNigkqfNU_24_32.mp4,comgenvid:datasets/comgenvid/real/MSVD/05gNigkqfNU_24_32.mp4,datasets/comgenvid/real/MSVD/05gNigkqfNU_24_32.mp4,comgenvid:real-content:05gNigkqfNU,MSVD,,,,cache/fit/target/fit/comgenvid/046.npz,cbab9f7e55b7f8ffb3c62c2f14528e94b2e06f20dfafd4b1ac4158f546a48e0a
datasets/comgenvid/real/MSVD/05gNigkqfNU_25_34.mp4,real,MSVD,29.97002997002997,9.009,270,"[0, 4, 7, 11, 15, 19, 22, 26, 30, 34, 37, 41, 45, 49, 52, 56, 60, 64, 67, 71, 75, 79, 82, 86, 90, 94, 97, 101, 105, 109, 112, 116, 120, 124, 127, 131, 135, 139, 142, 146, 150, 154, 157, 161, 165, 169, 172, 176, 180, 184, 187, 191, 195, 199, 202, 206, 210, 214, 217, 221, 225, 229, 232, 236, 240, 244, 247, 251, 255, 258, 262, 266]","[191, 195, 199, 202, 206, 210, 214, 217]","[105, 109, 112, 116, 120, 124, 127, 131, 135, 139, 142, 146, 150, 154, 157, 161]","[52, 56, 60, 64, 67, 71, 75, 79, 82, 86, 90, 94, 97, 101, 105, 109, 112, 116, 120, 124, 127, 131, 135, 139]","[26, 30, 34, 37, 41, 45, 49, 52, 56, 60, 64, 67, 71, 75, 79, 82, 86, 90, 94, 97, 101, 105, 109, 112, 116, 120, 124, 127, 131, 135, 139, 142]",comgenvid,fit,comgenvid:datasets/comgenvid/real/MSVD/05gNigkqfNU_25_34.mp4,comgenvid:datasets/comgenvid/real/MSVD/05gNigkqfNU_25_34.mp4,datasets/comgenvid/real/MSVD/05gNigkqfNU_25_34.mp4,comgenvid:real-content:05gNigkqfNU,MSVD,,,,cache/fit/target/fit/comgenvid/047.npz,b60276211ad341e9ce28b390abdde38dc83fffea9d4ffe3099b5625b908dfecb
datasets/comgenvid/real/MSVD/05gNigkqfNU_78_84.mp4,real,MSVD,29.97002997002997,6.006,180,"[0, 4, 7, 11, 15, 19, 22, 26, 30, 34, 37, 41, 45, 49, 52, 56, 60, 64, 67, 71, 75, 79, 82, 86, 90, 94, 97, 101, 105, 109, 112, 116, 120, 124, 127, 131, 135, 139, 142, 146, 150, 154, 157, 161, 165, 169, 172, 176]","[142, 146, 150, 154, 157, 161, 165, 169]","[105, 109, 112, 116, 120, 124, 127, 131, 135, 139, 142, 146, 150, 154, 157, 161]","[52, 56, 60, 64, 67, 71, 75, 79, 82, 86, 90, 94, 97, 101, 105, 109, 112, 116, 120, 124, 127, 131, 135, 139]","[37, 41, 45, 49, 52, 56, 60, 64, 67, 71, 75, 79, 82, 86, 90, 94, 97, 101, 105, 109, 112, 116, 120, 124, 127, 131, 135, 139, 142, 146, 150, 154]",comgenvid,fit,comgenvid:datasets/comgenvid/real/MSVD/05gNigkqfNU_78_84.mp4,comgenvid:datasets/comgenvid/real/MSVD/05gNigkqfNU_78_84.mp4,datasets/comgenvid/real/MSVD/05gNigkqfNU_78_84.mp4,comgenvid:real-content:05gNigkqfNU,MSVD,,,,cache/fit/target/fit/comgenvid/048.npz,498c1e2f5611d6c7b5e5115f9f4d654fa9a686e5223c64e3fcf6091f3222992c
datasets/comgenvid/real/MSVD/06CbMa0kDr8_3_13.mp4,real,MSVD,30.0,10.033333,301,"[0, 4, 8, 11, 15, 19, 22, 26, 30, 34, 38, 41, 45, 49, 52, 56, 60, 64, 68, 71, 75, 79, 82, 86, 90, 94, 98, 101, 105, 109, 112, 116, 120, 124, 128, 131, 135, 139, 142, 146, 150, 154, 158, 161, 165, 169, 172, 176, 180, 184, 188, 191, 195, 199, 202, 206, 210, 214, 218, 221, 225, 229, 232, 236, 240, 244, 248, 251, 255, 259, 262, 266, 270, 274, 278, 281, 285, 289, 292, 296, 300]","[191, 195, 199, 202, 206, 210, 214, 218]","[52, 56, 60, 64, 68, 71, 75, 79, 82, 86, 90, 94, 98, 101, 105, 109]","[158, 161, 165, 169, 172, 176, 180, 184, 188, 191, 195, 199, 202, 206, 210, 214, 218, 221, 225, 229, 232, 236, 240, 244]","[26, 30, 34, 38, 41, 45, 49, 52, 56, 60, 64, 68, 71, 75, 79, 82, 86, 90, 94, 98, 101, 105, 109, 112, 116, 120, 124, 128, 131, 135, 139, 142]",comgenvid,fit,comgenvid:datasets/comgenvid/real/MSVD/06CbMa0kDr8_3_13.mp4,comgenvid:datasets/comgenvid/real/MSVD/06CbMa0kDr8_3_13.mp4,datasets/comgenvid/real/MSVD/06CbMa0kDr8_3_13.mp4,comgenvid:real-content:06CbMa0kDr8,MSVD,,,,cache/fit/target/fit/comgenvid/049.npz,66cce7f71d085e40aaf16aa7006e13a43c72544d74cf85a56c8e439de83472e3
datasets/comgenvid/real/MSVD/08pVpBq706k_175_212.mp4,real,MSVD,27.916666666666668,37.002985,1033,"[0, 3, 7, 10, 14, 17, 21, 24, 28, 31, 35, 38, 42, 45, 49, 52, 56, 59, 63, 66, 70, 73, 77, 80, 84, 87, 91, 94, 98, 101, 105, 108, 112, 115, 119, 122, 126, 129, 133, 136, 140, 143, 147, 150, 154, 157, 161, 164, 168, 171, 174, 178, 181, 185, 188, 192, 195, 199, 202, 206, 209, 213, 216, 220, 223, 227, 230, 234, 237, 241, 244, 248, 251, 255, 258, 262, 265, 269, 272, 276, 279, 283, 286, 290, 293, 297, 300, 304, 307, 311, 314, 318, 321, 325, 328, 332, 335, 338, 342, 345, 349, 352, 356, 359, 363, 366, 370, 373, 377, 380, 384, 387, 391, 394, 398, 401, 405, 408, 412, 415, 419, 422, 426, 429, 433, 436, 440, 443, 447, 450, 454, 457, 461, 464, 468, 471, 475, 478, 482, 485, 489, 492, 496, 499, 502, 506, 509, 513, 516, 520, 523, 527, 530, 534, 537, 541, 544, 548, 551, 555, 558, 562, 565, 569, 572, 576, 579, 583, 586, 590, 593, 597, 600, 604, 607, 611, 614, 618, 621, 625, 628, 632, 635, 639, 642, 646, 649, 653, 656, 660, 663, 667, 670, 673, 677, 680, 684, 687, 691, 694, 698, 701, 705, 708, 712, 715, 719, 722, 726, 729, 733, 736, 740, 743, 747, 750, 754, 757, 761, 764, 768, 771, 775, 778, 782, 785, 789, 792, 796, 799, 803, 806, 810, 813, 817, 820, 824, 827, 831, 834, 838, 841, 844, 848, 851, 855, 858, 862, 865, 869, 872, 876, 879, 883, 886, 890, 893, 897, 900, 904, 907, 911, 914, 918, 921, 925, 928, 932, 935, 939, 942, 946, 949, 953, 956, 960, 963, 967, 970, 974, 977, 981, 984, 988, 991, 995, 998, 1002, 1005, 1008, 1012, 1015, 1019, 1022, 1026, 1029]","[356, 359, 363, 366, 370, 373, 377, 380]","[942, 946, 949, 953, 956, 960, 963, 967, 970, 974, 977, 981, 984, 988, 991, 995]","[370, 373, 377, 380, 384, 387, 391, 394, 398, 401, 405, 408, 412, 415, 419, 422, 426, 429, 433, 436, 440, 443, 447, 450]","[248, 251, 255, 258, 262, 265, 269, 272, 276, 279, 283, 286, 290, 293, 297, 300, 304, 307, 311, 314, 318, 321, 325, 328, 332, 335, 338, 342, 345, 349, 352, 356]",comgenvid,fit,comgenvid:datasets/comgenvid/real/MSVD/08pVpBq706k_175_212.mp4,comgenvid:datasets/comgenvid/real/MSVD/08pVpBq706k_175_212.mp4,datasets/comgenvid/real/MSVD/08pVpBq706k_175_212.mp4,comgenvid:real-content:08pVpBq706k,MSVD,,,,cache/fit/target/fit/comgenvid/050.npz,57d2d1d25c5822c44f29093ed78e0327a32c6cab5bd63ddbb10036441c655bef
datasets/comgenvid/real/MSVD/0GXq1An3yHI_22_35.mp4,real,MSVD,29.97002997002997,13.013,390,"[0, 4, 7, 11, 15, 19, 22, 26, 30, 34, 37, 41, 45, 49, 52, 56, 60, 64, 67, 71, 75, 79, 82, 86, 90, 94, 97, 101, 105, 109, 112, 116, 120, 124, 127, 131, 135, 139, 142, 146, 150, 154, 157, 161, 165, 169, 172, 176, 180, 184, 187, 191, 195, 199, 202, 206, 210, 214, 217, 221, 225, 229, 232, 236, 240, 244, 247, 251, 255, 258, 262, 266, 270, 273, 277, 281, 285, 288, 292, 296, 300, 303, 307, 311, 315, 318, 322, 326, 330, 333, 337, 341, 345, 348, 352, 356, 360, 363, 367, 371, 375, 378, 382, 386]","[191, 195, 199, 202, 206, 210, 214, 217]","[52, 56, 60, 64, 67, 71, 75, 79, 82, 86, 90, 94, 97, 101, 105, 109]","[266, 270, 273, 277, 281, 285, 288, 292, 296, 300, 303, 307, 311, 315, 318, 322, 326, 330, 333, 337, 341, 345, 348, 352]","[225, 229, 232, 236, 240, 244, 247, 251, 255, 258, 262, 266, 270, 273, 277, 281, 285, 288, 292, 296, 300, 303, 307, 311, 315, 318, 322, 326, 330, 333, 337, 341]",comgenvid,fit,comgenvid:datasets/comgenvid/real/MSVD/0GXq1An3yHI_22_35.mp4,comgenvid:datasets/comgenvid/real/MSVD/0GXq1An3yHI_22_35.mp4,datasets/comgenvid/real/MSVD/0GXq1An3yHI_22_35.mp4,comgenvid:real-content:0GXq1An3yHI,MSVD,,,,cache/fit/target/fit/comgenvid/051.npz,523054763830ddb526cb0228530f69e977af2932aa7ecd1ef8d0cc18de167261
datasets/comgenvid/real/MSVD/0I4VKj4d0WI_24_40.mp4,real,MSVD,29.97002997002997,16.016,480,"[0, 4, 7, 11, 15, 19, 22, 26, 30, 34, 37, 41, 45, 49, 52, 56, 60, 64, 67, 71, 75, 79, 82, 86, 90, 94, 97, 101, 105, 109, 112, 116, 120, 124, 127, 131, 135, 139, 142, 146, 150, 154, 157, 161, 165, 169, 172, 176, 180, 184, 187, 191, 195, 199, 202, 206, 210, 214, 217, 221, 225, 229, 232, 236, 240, 244, 247, 251, 255, 258, 262, 266, 270, 273, 277, 281, 285, 288, 292, 296, 300, 303, 307, 311, 315, 318, 322, 326, 330, 333, 337, 341, 345, 348, 352, 356, 360, 363, 367, 371, 375, 378, 382, 386, 390, 393, 397, 401, 405, 408, 412, 416, 420, 423, 427, 431, 435, 438, 442, 446, 450, 453, 457, 461, 465, 468, 472, 476]","[382, 386, 390, 393, 397, 401, 405, 408]","[191, 195, 199, 202, 206, 210, 214, 217, 221, 225, 229, 232, 236, 240, 244, 247]","[345, 348, 352, 356, 360, 363, 367, 371, 375, 378, 382, 386, 390, 393, 397, 401, 405, 408, 412, 416, 420, 423, 427, 431]","[52, 56, 60, 64, 67, 71, 75, 79, 82, 86, 90, 94, 97, 101, 105, 109, 112, 116, 120, 124, 127, 131, 135, 139, 142, 146, 150, 154, 157, 161, 165, 169]",comgenvid,fit,comgenvid:datasets/comgenvid/real/MSVD/0I4VKj4d0WI_24_40.mp4,comgenvid:datasets/comgenvid/real/MSVD/0I4VKj4d0WI_24_40.mp4,datasets/comgenvid/real/MSVD/0I4VKj4d0WI_24_40.mp4,comgenvid:real-content:0I4VKj4d0WI,MSVD,,,,cache/fit/target/fit/comgenvid/052.npz,be3b4abf58460d2ce52ff4c45a8b149d6fcdb162414700846d98361b50cc7927
datasets/comgenvid/real/MSVD/0IDJG0q9j_k_1_24.mp4,real,MSVD,29.916666666666668,23.030641,689,"[0, 4, 7, 11, 15, 19, 22, 26, 30, 34, 37, 41, 45, 49, 52, 56, 60, 64, 67, 71, 75, 79, 82, 86, 90, 93, 97, 101, 105, 108, 112, 116, 120, 123, 127, 131, 135, 138, 142, 146, 150, 153, 157, 161, 165, 168, 172, 176, 180, 183, 187, 191, 194, 198, 202, 206, 209, 213, 217, 221, 224, 228, 232, 236, 239, 243, 247, 251, 254, 258, 262, 266, 269, 273, 277, 280, 284, 288, 292, 295, 299, 303, 307, 310, 314, 318, 322, 325, 329, 333, 337, 340, 344, 348, 352, 355, 359, 363, 366, 370, 374, 378, 381, 385, 389, 393, 396, 400, 404, 408, 411, 415, 419, 423, 426, 430, 434, 438, 441, 445, 449, 452, 456, 460, 464, 467, 471, 475, 479, 482, 486, 490, 494, 497, 501, 505, 509, 512, 516, 520, 524, 527, 531, 535, 538, 542, 546, 550, 553, 557, 561, 565, 568, 572, 576, 580, 583, 587, 591, 595, 598, 602, 606, 610, 613, 617, 621, 625, 628, 632, 636, 639, 643, 647, 651, 654, 658, 662, 666, 669, 673, 677, 681, 684, 688]","[381, 385, 389, 393, 396, 400, 404, 408]","[344, 348, 352, 355, 359, 363, 366, 370, 374, 378, 381, 385, 389, 393, 396, 400]","[52, 56, 60, 64, 67, 71, 75, 79, 82, 86, 90, 93, 97, 101, 105, 108, 112, 116, 120, 123, 127, 131, 135, 138]","[396, 400, 404, 408, 411, 415, 419, 423, 426, 430, 434, 438, 441, 445, 449, 452, 456, 460, 464, 467, 471, 475, 479, 482, 486, 490, 494, 497, 501, 505, 509, 512]",comgenvid,fit,comgenvid:datasets/comgenvid/real/MSVD/0IDJG0q9j_k_1_24.mp4,comgenvid:datasets/comgenvid/real/MSVD/0IDJG0q9j_k_1_24.mp4,datasets/comgenvid/real/MSVD/0IDJG0q9j_k_1_24.mp4,comgenvid:real-content:0IDJG0q9j_k,MSVD,,,,cache/fit/target/fit/comgenvid/053.npz,7e0c95661d327015e9aad80777a0a18e089117fc6b179a673c6df727cf9c8510
datasets/comgenvid/real/MSVD/0M-PyX2DbZc_25_31.mp4,real,MSVD,29.97002997002997,6.006,180,"[0, 4, 7, 11, 15, 19, 22, 26, 30, 34, 37, 41, 45, 49, 52, 56, 60, 64, 67, 71, 75, 79, 82, 86, 90, 94, 97, 101, 105, 109, 112, 116, 120, 124, 127, 131, 135, 139, 142, 146, 150, 154, 157, 161, 165, 169, 172, 176]","[142, 146, 150, 154, 157, 161, 165, 169]","[105, 109, 112, 116, 120, 124, 127, 131, 135, 139, 142, 146, 150, 154, 157, 161]","[52, 56, 60, 64, 67, 71, 75, 79, 82, 86, 90, 94, 97, 101, 105, 109, 112, 116, 120, 124, 127, 131, 135, 139]","[37, 41, 45, 49, 52, 56, 60, 64, 67, 71, 75, 79, 82, 86, 90, 94, 97, 101, 105, 109, 112, 116, 120, 124, 127, 131, 135, 139, 142, 146, 150, 154]",comgenvid,fit,comgenvid:datasets/comgenvid/real/MSVD/0M-PyX2DbZc_25_31.mp4,comgenvid:datasets/comgenvid/real/MSVD/0M-PyX2DbZc_25_31.mp4,datasets/comgenvid/real/MSVD/0M-PyX2DbZc_25_31.mp4,comgenvid:real-content:0M-PyX2DbZc,MSVD,,,,cache/fit/target/fit/comgenvid/054.npz,ded08d6d45703c675243aed3dde395c5e8f0787bca306248d80eacd28369cd13
datasets/comgenvid/real/MSVD/0ONJfp95yoE_1_10.mp4,real,MSVD,30.0,9.033333,271,"[0, 4, 8, 11, 15, 19, 22, 26, 30, 34, 38, 41, 45, 49, 52, 56, 60, 64, 68, 71, 75, 79, 82, 86, 90, 94, 98, 101, 105, 109, 112, 116, 120, 124, 128, 131, 135, 139, 142, 146, 150, 154, 158, 161, 165, 169, 172, 176, 180, 184, 188, 191, 195, 199, 202, 206, 210, 214, 218, 221, 225, 229, 232, 236, 240, 244, 248, 251, 255, 259, 262, 266, 270]","[191, 195, 199, 202, 206, 210, 214, 218]","[105, 109, 112, 116, 120, 124, 128, 131, 135, 139, 142, 146, 150, 154, 158, 161]","[52, 56, 60, 64, 68, 71, 75, 79, 82, 86, 90, 94, 98, 101, 105, 109, 112, 116, 120, 124, 128, 131, 135, 139]","[26, 30, 34, 38, 41, 45, 49, 52, 56, 60, 64, 68, 71, 75, 79, 82, 86, 90, 94, 98, 101, 105, 109, 112, 116, 120, 124, 128, 131, 135, 139, 142]",comgenvid,fit,comgenvid:datasets/comgenvid/real/MSVD/0ONJfp95yoE_1_10.mp4,comgenvid:datasets/comgenvid/real/MSVD/0ONJfp95yoE_1_10.mp4,datasets/comgenvid/real/MSVD/0ONJfp95yoE_1_10.mp4,comgenvid:real-content:0ONJfp95yoE,MSVD,,,,cache/fit/target/fit/comgenvid/055.npz,e1278d8227edc0f3b24a2e5921aaa85766f0d965d3f439b6a060446b516eab38
datasets/comgenvid/real/MSVD/0RWJEOScToE_414_421.mp4,real,MSVD,29.97002997002997,7.007,210,"[0, 4, 7, 11, 15, 19, 22, 26, 30, 34, 37, 41, 45, 49, 52, 56, 60, 64, 67, 71, 75, 79, 82, 86, 90, 94, 97, 101, 105, 109, 112, 116, 120, 124, 127, 131, 135, 139, 142, 146, 150, 154, 157, 161, 165, 169, 172, 176, 180, 184, 187, 191, 195, 199, 202, 206]","[142, 146, 150, 154, 157, 161, 165, 169]","[105, 109, 112, 116, 120, 124, 127, 131, 135, 139, 142, 146, 150, 154, 157, 161]","[52, 56, 60, 64, 67, 71, 75, 79, 82, 86, 90, 94, 97, 101, 105, 109, 112, 116, 120, 124, 127, 131, 135, 139]","[37, 41, 45, 49, 52, 56, 60, 64, 67, 71, 75, 79, 82, 86, 90, 94, 97, 101, 105, 109, 112, 116, 120, 124, 127, 131, 135, 139, 142, 146, 150, 154]",comgenvid,fit,comgenvid:datasets/comgenvid/real/MSVD/0RWJEOScToE_414_421.mp4,comgenvid:datasets/comgenvid/real/MSVD/0RWJEOScToE_414_421.mp4,datasets/comgenvid/real/MSVD/0RWJEOScToE_414_421.mp4,comgenvid:real-content:0RWJEOScToE,MSVD,,,,cache/fit/target/fit/comgenvid/056.npz,b3011cf6eb997fe8d35943dfba75bfcb3ed976b2d138079bff81b84f6c35a179
datasets/comgenvid/real/MSVD/0SMOK2ql7Pg_5_12.mp4,real,MSVD,29.97002997002997,7.007,210,"[0, 4, 7, 11, 15, 19, 22, 26, 30, 34, 37, 41, 45, 49, 52, 56, 60, 64, 67, 71, 75, 79, 82, 86, 90, 94, 97, 101, 105, 109, 112, 116, 120, 124, 127, 131, 135, 139, 142, 146, 150, 154, 157, 161, 165, 169, 172, 176, 180, 184, 187, 191, 195, 199, 202, 206]","[142, 146, 150, 154, 157, 161, 165, 169]","[105, 109, 112, 116, 120, 124, 127, 131, 135, 139, 142, 146, 150, 154, 157, 161]","[52, 56, 60, 64, 67, 71, 75, 79, 82, 86, 90, 94, 97, 101, 105, 109, 112, 116, 120, 124, 127, 131, 135, 139]","[37, 41, 45, 49, 52, 56, 60, 64, 67, 71, 75, 79, 82, 86, 90, 94, 97, 101, 105, 109, 112, 116, 120, 124, 127, 131, 135, 139, 142, 146, 150, 154]",comgenvid,fit,comgenvid:datasets/comgenvid/real/MSVD/0SMOK2ql7Pg_5_12.mp4,comgenvid:datasets/comgenvid/real/MSVD/0SMOK2ql7Pg_5_12.mp4,datasets/comgenvid/real/MSVD/0SMOK2ql7Pg_5_12.mp4,comgenvid:real-content:0SMOK2ql7Pg,MSVD,,,,cache/fit/target/fit/comgenvid/057.npz,24a75a75fd8ff45867785efcb326af610dc9a1f88087446d04b25f1808235937
datasets/comgenvid/real/MSVD/0bSz70pYAP0_5_15.mp4,real,MSVD,29.916666666666668,10.027855,300,"[0, 4, 7, 11, 15, 19, 22, 26, 30, 34, 37, 41, 45, 49, 52, 56, 60, 64, 67, 71, 75, 79, 82, 86, 90, 93, 97, 101, 105, 108, 112, 116, 120, 123, 127, 131, 135, 138, 142, 146, 150, 153, 157, 161, 165, 168, 172, 176, 180, 183, 187, 191, 194, 198, 202, 206, 209, 213, 217, 221, 224, 228, 232, 236, 239, 243, 247, 251, 254, 258, 262, 266, 269, 273, 277, 280, 284, 288, 292, 295, 299]","[191, 194, 198, 202, 206, 209, 213, 217]","[52, 56, 60, 64, 67, 71, 75, 79, 82, 86, 90, 93, 97, 101, 105, 108]","[157, 161, 165, 168, 172, 176, 180, 183, 187, 191, 194, 198, 202, 206, 209, 213, 217, 221, 224, 228, 232, 236, 239, 243]","[26, 30, 34, 37, 41, 45, 49, 52, 56, 60, 64, 67, 71, 75, 79, 82, 86, 90, 93, 97, 101, 105, 108, 112, 116, 120, 123, 127, 131, 135, 138, 142]",comgenvid,fit,comgenvid:datasets/comgenvid/real/MSVD/0bSz70pYAP0_5_15.mp4,comgenvid:datasets/comgenvid/real/MSVD/0bSz70pYAP0_5_15.mp4,datasets/comgenvid/real/MSVD/0bSz70pYAP0_5_15.mp4,comgenvid:real-content:0bSz70pYAP0,MSVD,,,,cache/fit/target/fit/comgenvid/058.npz,04f147893b8e254a0b085b652096b71b51c84b47fcc93d60978a8ba2a21ebb56
datasets/comgenvid/real/MSVD/0hyZ__3YhZc_279_283.mp4,real,MSVD,29.97002997002997,4.004,120,"[0, 4, 7, 11, 15, 19, 22, 26, 30, 34, 37, 41, 45, 49, 52, 56, 60, 64, 67, 71, 75, 79, 82, 86, 90, 94, 97, 101, 105, 109, 112, 116]","[22, 26, 30, 34, 37, 41, 45, 49]","[52, 56, 60, 64, 67, 71, 75, 79, 82, 86, 90, 94, 97, 101, 105, 109]","[26, 30, 34, 37, 41, 45, 49, 52, 56, 60, 64, 67, 71, 75, 79, 82, 86, 90, 94, 97, 101, 105, 109, 112]","[0, 4, 7, 11, 15, 19, 22, 26, 30, 34, 37, 41, 45, 49, 52, 56, 60, 64, 67, 71, 75, 79, 82, 86, 90, 94, 97, 101, 105, 109, 112, 116]",comgenvid,fit,comgenvid:datasets/comgenvid/real/MSVD/0hyZ__3YhZc_279_283.mp4,comgenvid:datasets/comgenvid/real/MSVD/0hyZ__3YhZc_279_283.mp4,datasets/comgenvid/real/MSVD/0hyZ__3YhZc_279_283.mp4,comgenvid:real-content:0hyZ__3YhZc,MSVD,,,,cache/fit/target/fit/comgenvid/059.npz,463b4b2648591944da8bb7a93f237442bbd28c0a13f30ea336e40bad8a654b79
datasets/comgenvid/real/MSVD/0hyZ__3YhZc_289_295.mp4,real,MSVD,29.97002997002997,6.006,180,"[0, 4, 7, 11, 15, 19, 22, 26, 30, 34, 37, 41, 45, 49, 52, 56, 60, 64, 67, 71, 75, 79, 82, 86, 90, 94, 97, 101, 105, 109, 112, 116, 120, 124, 127, 131, 135, 139, 142, 146, 150, 154, 157, 161, 165, 169, 172, 176]","[142, 146, 150, 154, 157, 161, 165, 169]","[105, 109, 112, 116, 120, 124, 127, 131, 135, 139, 142, 146, 150, 154, 157, 161]","[52, 56, 60, 64, 67, 71, 75, 79, 82, 86, 90, 94, 97, 101, 105, 109, 112, 116, 120, 124, 127, 131, 135, 139]","[37, 41, 45, 49, 52, 56, 60, 64, 67, 71, 75, 79, 82, 86, 90, 94, 97, 101, 105, 109, 112, 116, 120, 124, 127, 131, 135, 139, 142, 146, 150, 154]",comgenvid,fit,comgenvid:datasets/comgenvid/real/MSVD/0hyZ__3YhZc_289_295.mp4,comgenvid:datasets/comgenvid/real/MSVD/0hyZ__3YhZc_289_295.mp4,datasets/comgenvid/real/MSVD/0hyZ__3YhZc_289_295.mp4,comgenvid:real-content:0hyZ__3YhZc,MSVD,,,,cache/fit/target/fit/comgenvid/060.npz,b9d60a34ddd852640efb5b8bb05bb4a5f448ed86333cedb5465586eed0cac14b
datasets/comgenvid/real/MSVD/0hyZ__3YhZc_302_307.mp4,real,MSVD,29.97002997002997,5.005,150,"[0, 4, 7, 11, 15, 19, 22, 26, 30, 34, 37, 41, 45, 49, 52, 56, 60, 64, 67, 71, 75, 79, 82, 86, 90, 94, 97, 101, 105, 109, 112, 116, 120, 124, 127, 131, 135, 139, 142, 146]","[105, 109, 112, 116, 120, 124, 127, 131]","[52, 56, 60, 64, 67, 71, 75, 79, 82, 86, 90, 94, 97, 101, 105, 109]","[37, 41, 45, 49, 52, 56, 60, 64, 67, 71, 75, 79, 82, 86, 90, 94, 97, 101, 105, 109, 112, 116, 120, 124]","[26, 30, 34, 37, 41, 45, 49, 52, 56, 60, 64, 67, 71, 75, 79, 82, 86, 90, 94, 97, 101, 105, 109, 112, 116, 120, 124, 127, 131, 135, 139, 142]",comgenvid,fit,comgenvid:datasets/comgenvid/real/MSVD/0hyZ__3YhZc_302_307.mp4,comgenvid:datasets/comgenvid/real/MSVD/0hyZ__3YhZc_302_307.mp4,datasets/comgenvid/real/MSVD/0hyZ__3YhZc_302_307.mp4,comgenvid:real-content:0hyZ__3YhZc,MSVD,,,,cache/fit/target/fit/comgenvid/061.npz,3241a839d4f6cfbbb0f2657777cc2f59bbc5819c72b6511e2f67df537bb9eea7
datasets/comgenvid/real/MSVD/0hyZ__3YhZc_341_348.mp4,real,MSVD,29.97002997002997,7.007,210,"[0, 4, 7, 11, 15, 19, 22, 26, 30, 34, 37, 41, 45, 49, 52, 56, 60, 64, 67, 71, 75, 79, 82, 86, 90, 94, 97, 101, 105, 109, 112, 116, 120, 124, 127, 131, 135, 139, 142, 146, 150, 154, 157, 161, 165, 169, 172, 176, 180, 184, 187, 191, 195, 199, 202, 206]","[142, 146, 150, 154, 157, 161, 165, 169]","[105, 109, 112, 116, 120, 124, 127, 131, 135, 139, 142, 146, 150, 154, 157, 161]","[52, 56, 60, 64, 67, 71, 75, 79, 82, 86, 90, 94, 97, 101, 105, 109, 112, 116, 120, 124, 127, 131, 135, 139]","[37, 41, 45, 49, 52, 56, 60, 64, 67, 71, 75, 79, 82, 86, 90, 94, 97, 101, 105, 109, 112, 116, 120, 124, 127, 131, 135, 139, 142, 146, 150, 154]",comgenvid,fit,comgenvid:datasets/comgenvid/real/MSVD/0hyZ__3YhZc_341_348.mp4,comgenvid:datasets/comgenvid/real/MSVD/0hyZ__3YhZc_341_348.mp4,datasets/comgenvid/real/MSVD/0hyZ__3YhZc_341_348.mp4,comgenvid:real-content:0hyZ__3YhZc,MSVD,,,,cache/fit/target/fit/comgenvid/062.npz,716d42be87c0b46553f86ea1c9252dd40c51e2d93238a57a3eb41e23dc67f2cb
datasets/comgenvid/real/MSVD/0hyZ__3YhZc_352_356.mp4,real,MSVD,29.97002997002997,4.004,120,"[0, 4, 7, 11, 15, 19, 22, 26, 30, 34, 37, 41, 45, 49, 52, 56, 60, 64, 67, 71, 75, 79, 82, 86, 90, 94, 97, 101, 105, 109, 112, 116]","[22, 26, 30, 34, 37, 41, 45, 49]","[52, 56, 60, 64, 67, 71, 75, 79, 82, 86, 90, 94, 97, 101, 105, 109]","[26, 30, 34, 37, 41, 45, 49, 52, 56, 60, 64, 67, 71, 75, 79, 82, 86, 90, 94, 97, 101, 105, 109, 112]","[0, 4, 7, 11, 15, 19, 22, 26, 30, 34, 37, 41, 45, 49, 52, 56, 60, 64, 67, 71, 75, 79, 82, 86, 90, 94, 97, 101, 105, 109, 112, 116]",comgenvid,fit,comgenvid:datasets/comgenvid/real/MSVD/0hyZ__3YhZc_352_356.mp4,comgenvid:datasets/comgenvid/real/MSVD/0hyZ__3YhZc_352_356.mp4,datasets/comgenvid/real/MSVD/0hyZ__3YhZc_352_356.mp4,comgenvid:real-content:0hyZ__3YhZc,MSVD,,,,cache/fit/target/fit/comgenvid/063.npz,cb74ce1c2b5c91f80d1fa2484dfd1e0acafa7c811e731fd1dcb4fe9f848a63af
datasets/comgenvid/real/MSVD/0hyZ__3YhZc_380_384.mp4,real,MSVD,29.97002997002997,4.004,120,"[0, 4, 7, 11, 15, 19, 22, 26, 30, 34, 37, 41, 45, 49, 52, 56, 60, 64, 67, 71, 75, 79, 82, 86, 90, 94, 97, 101, 105, 109, 112, 116]","[22, 26, 30, 34, 37, 41, 45, 49]","[52, 56, 60, 64, 67, 71, 75, 79, 82, 86, 90, 94, 97, 101, 105, 109]","[26, 30, 34, 37, 41, 45, 49, 52, 56, 60, 64, 67, 71, 75, 79, 82, 86, 90, 94, 97, 101, 105, 109, 112]","[0, 4, 7, 11, 15, 19, 22, 26, 30, 34, 37, 41, 45, 49, 52, 56, 60, 64, 67, 71, 75, 79, 82, 86, 90, 94, 97, 101, 105, 109, 112, 116]",comgenvid,fit,comgenvid:datasets/comgenvid/real/MSVD/0hyZ__3YhZc_380_384.mp4,comgenvid:datasets/comgenvid/real/MSVD/0hyZ__3YhZc_380_384.mp4,datasets/comgenvid/real/MSVD/0hyZ__3YhZc_380_384.mp4,comgenvid:real-content:0hyZ__3YhZc,MSVD,,,,cache/fit/target/fit/comgenvid/064.npz,5279f81c916cd297a332276435843c9c64731d7a0f909c6e0941233de5bf979a
datasets/comgenvid/real/MSVD/0hyZ__3YhZc_388_394.mp4,real,MSVD,29.97002997002997,6.006,180,"[0, 4, 7, 11, 15, 19, 22, 26, 30, 34, 37, 41, 45, 49, 52, 56, 60, 64, 67, 71, 75, 79, 82, 86, 90, 94, 97, 101, 105, 109, 112, 116, 120, 124, 127, 131, 135, 139, 142, 146, 150, 154, 157, 161, 165, 169, 172, 176]","[142, 146, 150, 154, 157, 161, 165, 169]","[105, 109, 112, 116, 120, 124, 127, 131, 135, 139, 142, 146, 150, 154, 157, 161]","[52, 56, 60, 64, 67, 71, 75, 79, 82, 86, 90, 94, 97, 101, 105, 109, 112, 116, 120, 124, 127, 131, 135, 139]","[37, 41, 45, 49, 52, 56, 60, 64, 67, 71, 75, 79, 82, 86, 90, 94, 97, 101, 105, 109, 112, 116, 120, 124, 127, 131, 135, 139, 142, 146, 150, 154]",comgenvid,fit,comgenvid:datasets/comgenvid/real/MSVD/0hyZ__3YhZc_388_394.mp4,comgenvid:datasets/comgenvid/real/MSVD/0hyZ__3YhZc_388_394.mp4,datasets/comgenvid/real/MSVD/0hyZ__3YhZc_388_394.mp4,comgenvid:real-content:0hyZ__3YhZc,MSVD,,,,cache/fit/target/fit/comgenvid/065.npz,993bb07061ba7c5287d9234f866fe52a9bc1d448ed27ca415813595f3d471b74
datasets/comgenvid/real/MSVD/0hyZ__3YhZc_410_417.mp4,real,MSVD,29.97002997002997,7.007,210,"[0, 4, 7, 11, 15, 19, 22, 26, 30, 34, 37, 41, 45, 49, 52, 56, 60, 64, 67, 71, 75, 79, 82, 86, 90, 94, 97, 101, 105, 109, 112, 116, 120, 124, 127, 131, 135, 139, 142, 146, 150, 154, 157, 161, 165, 169, 172, 176, 180, 184, 187, 191, 195, 199, 202, 206]","[142, 146, 150, 154, 157, 161, 165, 169]","[105, 109, 112, 116, 120, 124, 127, 131, 135, 139, 142, 146, 150, 154, 157, 161]","[52, 56, 60, 64, 67, 71, 75, 79, 82, 86, 90, 94, 97, 101, 105, 109, 112, 116, 120, 124, 127, 131, 135, 139]","[37, 41, 45, 49, 52, 56, 60, 64, 67, 71, 75, 79, 82, 86, 90, 94, 97, 101, 105, 109, 112, 116, 120, 124, 127, 131, 135, 139, 142, 146, 150, 154]",comgenvid,fit,comgenvid:datasets/comgenvid/real/MSVD/0hyZ__3YhZc_410_417.mp4,comgenvid:datasets/comgenvid/real/MSVD/0hyZ__3YhZc_410_417.mp4,datasets/comgenvid/real/MSVD/0hyZ__3YhZc_410_417.mp4,comgenvid:real-content:0hyZ__3YhZc,MSVD,,,,cache/fit/target/fit/comgenvid/066.npz,6dc7682066cb8a91e92b471834bdf2cd6301e27622b793c477b2d8337ae10b95
datasets/comgenvid/real/MSVD/0hyZ__3YhZc_418_424.mp4,real,MSVD,29.97002997002997,6.006,180,"[0, 4, 7, 11, 15, 19, 22, 26, 30, 34, 37, 41, 45, 49, 52, 56, 60, 64, 67, 71, 75, 79, 82, 86, 90, 94, 97, 101, 105, 109, 112, 116, 120, 124, 127, 131, 135, 139, 142, 146, 150, 154, 157, 161, 165, 169, 172, 176]","[142, 146, 150, 154, 157, 161, 165, 169]","[105, 109, 112, 116, 120, 124, 127, 131, 135, 139, 142, 146, 150, 154, 157, 161]","[52, 56, 60, 64, 67, 71, 75, 79, 82, 86, 90, 94, 97, 101, 105, 109, 112, 116, 120, 124, 127, 131, 135, 139]","[37, 41, 45, 49, 52, 56, 60, 64, 67, 71, 75, 79, 82, 86, 90, 94, 97, 101, 105, 109, 112, 116, 120, 124, 127, 131, 135, 139, 142, 146, 150, 154]",comgenvid,fit,comgenvid:datasets/comgenvid/real/MSVD/0hyZ__3YhZc_418_424.mp4,comgenvid:datasets/comgenvid/real/MSVD/0hyZ__3YhZc_418_424.mp4,datasets/comgenvid/real/MSVD/0hyZ__3YhZc_418_424.mp4,comgenvid:real-content:0hyZ__3YhZc,MSVD,,,,cache/fit/target/fit/comgenvid/067.npz,4c8f85d87f20ccd8531ca07461b4c351f29333e73aaf7e8c7f628245397b3002
datasets/comgenvid/real/MSVD/0hyZ__3YhZc_485_490.mp4,real,MSVD,29.97002997002997,5.005,150,"[0, 4, 7, 11, 15, 19, 22, 26, 30, 34, 37, 41, 45, 49, 52, 56, 60, 64, 67, 71, 75, 79, 82, 86, 90, 94, 97, 101, 105, 109, 112, 116, 120, 124, 127, 131, 135, 139, 142, 146]","[105, 109, 112, 116, 120, 124, 127, 131]","[52, 56, 60, 64, 67, 71, 75, 79, 82, 86, 90, 94, 97, 101, 105, 109]","[37, 41, 45, 49, 52, 56, 60, 64, 67, 71, 75, 79, 82, 86, 90, 94, 97, 101, 105, 109, 112, 116, 120, 124]","[26, 30, 34, 37, 41, 45, 49, 52, 56, 60, 64, 67, 71, 75, 79, 82, 86, 90, 94, 97, 101, 105, 109, 112, 116, 120, 124, 127, 131, 135, 139, 142]",comgenvid,fit,comgenvid:datasets/comgenvid/real/MSVD/0hyZ__3YhZc_485_490.mp4,comgenvid:datasets/comgenvid/real/MSVD/0hyZ__3YhZc_485_490.mp4,datasets/comgenvid/real/MSVD/0hyZ__3YhZc_485_490.mp4,comgenvid:real-content:0hyZ__3YhZc,MSVD,,,,cache/fit/target/fit/comgenvid/068.npz,a049edfb3beec666730d9f1030ba1e3edbff4c8f28cea5a37ff7c264793ef947
datasets/comgenvid/real/MSVD/0hyZ__3YhZc_562_568.mp4,real,MSVD,29.97002997002997,6.006,180,"[0, 4, 7, 11, 15, 19, 22, 26, 30, 34, 37, 41, 45, 49, 52, 56, 60, 64, 67, 71, 75, 79, 82, 86, 90, 94, 97, 101, 105, 109, 112, 116, 120, 124, 127, 131, 135, 139, 142, 146, 150, 154, 157, 161, 165, 169, 172, 176]","[142, 146, 150, 154, 157, 161, 165, 169]","[105, 109, 112, 116, 120, 124, 127, 131, 135, 139, 142, 146, 150, 154, 157, 161]","[52, 56, 60, 64, 67, 71, 75, 79, 82, 86, 90, 94, 97, 101, 105, 109, 112, 116, 120, 124, 127, 131, 135, 139]","[37, 41, 45, 49, 52, 56, 60, 64, 67, 71, 75, 79, 82, 86, 90, 94, 97, 101, 105, 109, 112, 116, 120, 124, 127, 131, 135, 139, 142, 146, 150, 154]",comgenvid,fit,comgenvid:datasets/comgenvid/real/MSVD/0hyZ__3YhZc_562_568.mp4,comgenvid:datasets/comgenvid/real/MSVD/0hyZ__3YhZc_562_568.mp4,datasets/comgenvid/real/MSVD/0hyZ__3YhZc_562_568.mp4,comgenvid:real-content:0hyZ__3YhZc,MSVD,,,,cache/fit/target/fit/comgenvid/069.npz,b0ee4d701671decb0da3a0f76bb565bfe58e692418ed900d1a55be28126a7400
datasets/comgenvid/real/MSVD/0hyZ__3YhZc_575_580.mp4,real,MSVD,29.97002997002997,5.005,150,"[0, 4, 7, 11, 15, 19, 22, 26, 30, 34, 37, 41, 45, 49, 52, 56, 60, 64, 67, 71, 75, 79, 82, 86, 90, 94, 97, 101, 105, 109, 112, 116, 120, 124, 127, 131, 135, 139, 142, 146]","[105, 109, 112, 116, 120, 124, 127, 131]","[52, 56, 60, 64, 67, 71, 75, 79, 82, 86, 90, 94, 97, 101, 105, 109]","[37, 41, 45, 49, 52, 56, 60, 64, 67, 71, 75, 79, 82, 86, 90, 94, 97, 101, 105, 109, 112, 116, 120, 124]","[26, 30, 34, 37, 41, 45, 49, 52, 56, 60, 64, 67, 71, 75, 79, 82, 86, 90, 94, 97, 101, 105, 109, 112, 116, 120, 124, 127, 131, 135, 139, 142]",comgenvid,fit,comgenvid:datasets/comgenvid/real/MSVD/0hyZ__3YhZc_575_580.mp4,comgenvid:datasets/comgenvid/real/MSVD/0hyZ__3YhZc_575_580.mp4,datasets/comgenvid/real/MSVD/0hyZ__3YhZc_575_580.mp4,comgenvid:real-content:0hyZ__3YhZc,MSVD,,,,cache/fit/target/fit/comgenvid/070.npz,c56ad1bd95f6f786e37fb394f0cd377a9d9c8666468590601f6d0202b9d098bb
datasets/comgenvid/real/MSVD/0hyZ__3YhZc_632_637.mp4,real,MSVD,29.97002997002997,5.005,150,"[0, 4, 7, 11, 15, 19, 22, 26, 30, 34, 37, 41, 45, 49, 52, 56, 60, 64, 67, 71, 75, 79, 82, 86, 90, 94, 97, 101, 105, 109, 112, 116, 120, 124, 127, 131, 135, 139, 142, 146]","[105, 109, 112, 116, 120, 124, 127, 131]","[52, 56, 60, 64, 67, 71, 75, 79, 82, 86, 90, 94, 97, 101, 105, 109]","[37, 41, 45, 49, 52, 56, 60, 64, 67, 71, 75, 79, 82, 86, 90, 94, 97, 101, 105, 109, 112, 116, 120, 124]","[26, 30, 34, 37, 41, 45, 49, 52, 56, 60, 64, 67, 71, 75, 79, 82, 86, 90, 94, 97, 101, 105, 109, 112, 116, 120, 124, 127, 131, 135, 139, 142]",comgenvid,fit,comgenvid:datasets/comgenvid/real/MSVD/0hyZ__3YhZc_632_637.mp4,comgenvid:datasets/comgenvid/real/MSVD/0hyZ__3YhZc_632_637.mp4,datasets/comgenvid/real/MSVD/0hyZ__3YhZc_632_637.mp4,comgenvid:real-content:0hyZ__3YhZc,MSVD,,,,cache/fit/target/fit/comgenvid/071.npz,5eff3b45e32aa4f8c19c4243b8795089907a61a4e317fa97c0da419b8535fc41
datasets/comgenvid/real/MSVD/0k1Ak8aTMVI_4_12.mp4,real,MSVD,15.0,8.066667,121,"[0, 2, 4, 6, 8, 9, 11, 13, 15, 17, 19, 21, 22, 24, 26, 28, 30, 32, 34, 36, 38, 39, 41, 43, 45, 47, 49, 51, 52, 54, 56, 58, 60, 62, 64, 66, 68, 69, 71, 73, 75, 77, 79, 81, 82, 84, 86, 88, 90, 92, 94, 96, 98, 99, 101, 103, 105, 107, 109, 111, 112, 114, 116, 118, 120]","[71, 73, 75, 77, 79, 81, 82, 84]","[52, 54, 56, 58, 60, 62, 64, 66, 68, 69, 71, 73, 75, 77, 79, 81]","[26, 28, 30, 32, 34, 36, 38, 39, 41, 43, 45, 47, 49, 51, 52, 54, 56, 58, 60, 62, 64, 66, 68, 69]","[13, 15, 17, 19, 21, 22, 24, 26, 28, 30, 32, 34, 36, 38, 39, 41, 43, 45, 47, 49, 51, 52, 54, 56, 58, 60, 62, 64, 66, 68, 69, 71]",comgenvid,fit,comgenvid:datasets/comgenvid/real/MSVD/0k1Ak8aTMVI_4_12.mp4,comgenvid:datasets/comgenvid/real/MSVD/0k1Ak8aTMVI_4_12.mp4,datasets/comgenvid/real/MSVD/0k1Ak8aTMVI_4_12.mp4,comgenvid:real-content:0k1Ak8aTMVI,MSVD,,,,cache/fit/target/fit/comgenvid/072.npz,ed62b398b8450310f4223881798c865c4ecdf7c7e702bc303752a6bd2eb98ea6
datasets/comgenvid/real/MSVD/0lh_UWF9ZP4_138_145.mp4,real,MSVD,29.916666666666668,7.019499,210,"[0, 4, 7, 11, 15, 19, 22, 26, 30, 34, 37, 41, 45, 49, 52, 56, 60, 64, 67, 71, 75, 79, 82, 86, 90, 93, 97, 101, 105, 108, 112, 116, 120, 123, 127, 131, 135, 138, 142, 146, 150, 153, 157, 161, 165, 168, 172, 176, 180, 183, 187, 191, 194, 198, 202, 206, 209]","[142, 146, 150, 153, 157, 161, 165, 168]","[105, 108, 112, 116, 120, 123, 127, 131, 135, 138, 142, 146, 150, 153, 157, 161]","[52, 56, 60, 64, 67, 71, 75, 79, 82, 86, 90, 93, 97, 101, 105, 108, 112, 116, 120, 123, 127, 131, 135, 138]","[37, 41, 45, 49, 52, 56, 60, 64, 67, 71, 75, 79, 82, 86, 90, 93, 97, 101, 105, 108, 112, 116, 120, 123, 127, 131, 135, 138, 142, 146, 150, 153]",comgenvid,fit,comgenvid:datasets/comgenvid/real/MSVD/0lh_UWF9ZP4_138_145.mp4,comgenvid:datasets/comgenvid/real/MSVD/0lh_UWF9ZP4_138_145.mp4,datasets/comgenvid/real/MSVD/0lh_UWF9ZP4_138_145.mp4,comgenvid:real-content:0lh_UWF9ZP4,MSVD,,,,cache/fit/target/fit/comgenvid/073.npz,525b716a04552c81a8fa134136d12086368e19a62e381ccd6622675cd2433e3d
datasets/comgenvid/real/MSVD/0lh_UWF9ZP4_148_155.mp4,real,MSVD,29.916666666666668,7.019499,210,"[0, 4, 7, 11, 15, 19, 22, 26, 30, 34, 37, 41, 45, 49, 52, 56, 60, 64, 67, 71, 75, 79, 82, 86, 90, 93, 97, 101, 105, 108, 112, 116, 120, 123, 127, 131, 135, 138, 142, 146, 150, 153, 157, 161, 165, 168, 172, 176, 180, 183, 187, 191, 194, 198, 202, 206, 209]","[142, 146, 150, 153, 157, 161, 165, 168]","[105, 108, 112, 116, 120, 123, 127, 131, 135, 138, 142, 146, 150, 153, 157, 161]","[52, 56, 60, 64, 67, 71, 75, 79, 82, 86, 90, 93, 97, 101, 105, 108, 112, 116, 120, 123, 127, 131, 135, 138]","[37, 41, 45, 49, 52, 56, 60, 64, 67, 71, 75, 79, 82, 86, 90, 93, 97, 101, 105, 108, 112, 116, 120, 123, 127, 131, 135, 138, 142, 146, 150, 153]",comgenvid,fit,comgenvid:datasets/comgenvid/real/MSVD/0lh_UWF9ZP4_148_155.mp4,comgenvid:datasets/comgenvid/real/MSVD/0lh_UWF9ZP4_148_155.mp4,datasets/comgenvid/real/MSVD/0lh_UWF9ZP4_148_155.mp4,comgenvid:real-content:0lh_UWF9ZP4,MSVD,,,,cache/fit/target/fit/comgenvid/074.npz,086c0a1ceb27fc9714cf4eb935aa1cfa58b136cfd693d2817374042d15f4d595
datasets/comgenvid/real/MSVD/0lh_UWF9ZP4_157_160.mp4,real,MSVD,29.916666666666668,3.008357,90,"[0, 4, 7, 11, 15, 19, 22, 26, 30, 34, 37, 41, 45, 49, 52, 56, 60, 64, 67, 71, 75, 79, 82, 86]","[22, 26, 30, 34, 37, 41, 45, 49]","[11, 15, 19, 22, 26, 30, 34, 37, 41, 45, 49, 52, 56, 60, 64, 67]","[0, 4, 7, 11, 15, 19, 22, 26, 30, 34, 37, 41, 45, 49, 52, 56, 60, 64, 67, 71, 75, 79, 82, 86]",,comgenvid,fit,comgenvid:datasets/comgenvid/real/MSVD/0lh_UWF9ZP4_157_160.mp4,comgenvid:datasets/comgenvid/real/MSVD/0lh_UWF9ZP4_157_160.mp4,datasets/comgenvid/real/MSVD/0lh_UWF9ZP4_157_160.mp4,comgenvid:real-content:0lh_UWF9ZP4,MSVD,,,,cache/fit/target/fit/comgenvid/075.npz,127693a7a7c4513612f4ab9cfc4a1b81cb41457c8692594a6f824f665417e2db
datasets/comgenvid/real/MSVD/0lh_UWF9ZP4_165_170.mp4,real,MSVD,29.916666666666668,5.013928,150,"[0, 4, 7, 11, 15, 19, 22, 26, 30, 34, 37, 41, 45, 49, 52, 56, 60, 64, 67, 71, 75, 79, 82, 86, 90, 93, 97, 101, 105, 108, 112, 116, 120, 123, 127, 131, 135, 138, 142, 146]","[105, 108, 112, 116, 120, 123, 127, 131]","[52, 56, 60, 64, 67, 71, 75, 79, 82, 86, 90, 93, 97, 101, 105, 108]","[37, 41, 45, 49, 52, 56, 60, 64, 67, 71, 75, 79, 82, 86, 90, 93, 97, 101, 105, 108, 112, 116, 120, 123]","[26, 30, 34, 37, 41, 45, 49, 52, 56, 60, 64, 67, 71, 75, 79, 82, 86, 90, 93, 97, 101, 105, 108, 112, 116, 120, 123, 127, 131, 135, 138, 142]",comgenvid,fit,comgenvid:datasets/comgenvid/real/MSVD/0lh_UWF9ZP4_165_170.mp4,comgenvid:datasets/comgenvid/real/MSVD/0lh_UWF9ZP4_165_170.mp4,datasets/comgenvid/real/MSVD/0lh_UWF9ZP4_165_170.mp4,comgenvid:real-content:0lh_UWF9ZP4,MSVD,,,,cache/fit/target/fit/comgenvid/076.npz,ccb10c5558d761a4bf7ab7bbc83677ced3338ede7a4ec820ce9377a70d56cd7b
datasets/comgenvid/real/MSVD/0lh_UWF9ZP4_174_178.mp4,real,MSVD,29.916666666666668,4.011142,120,"[0, 4, 7, 11, 15, 19, 22, 26, 30, 34, 37, 41, 45, 49, 52, 56, 60, 64, 67, 71, 75, 79, 82, 86, 90, 93, 97, 101, 105, 108, 112, 116]","[22, 26, 30, 34, 37, 41, 45, 49]","[52, 56, 60, 64, 67, 71, 75, 79, 82, 86, 90, 93, 97, 101, 105, 108]","[26, 30, 34, 37, 41, 45, 49, 52, 56, 60, 64, 67, 71, 75, 79, 82, 86, 90, 93, 97, 101, 105, 108, 112]","[0, 4, 7, 11, 15, 19, 22, 26, 30, 34, 37, 41, 45, 49, 52, 56, 60, 64, 67, 71, 75, 79, 82, 86, 90, 93, 97, 101, 105, 108, 112, 116]",comgenvid,fit,comgenvid:datasets/comgenvid/real/MSVD/0lh_UWF9ZP4_174_178.mp4,comgenvid:datasets/comgenvid/real/MSVD/0lh_UWF9ZP4_174_178.mp4,datasets/comgenvid/real/MSVD/0lh_UWF9ZP4_174_178.mp4,comgenvid:real-content:0lh_UWF9ZP4,MSVD,,,,cache/fit/target/fit/comgenvid/077.npz,df64b7d02e582cbf66a85b14022ebfa66ac7763326e9ac5d08a350a479d4c885
datasets/comgenvid/real/MSVD/0lh_UWF9ZP4_178_182.mp4,real,MSVD,29.916666666666668,4.011142,120,"[0, 4, 7, 11, 15, 19, 22, 26, 30, 34, 37, 41, 45, 49, 52, 56, 60, 64, 67, 71, 75, 79, 82, 86, 90, 93, 97, 101, 105, 108, 112, 116]","[22, 26, 30, 34, 37, 41, 45, 49]","[52, 56, 60, 64, 67, 71, 75, 79, 82, 86, 90, 93, 97, 101, 105, 108]","[26, 30, 34, 37, 41, 45, 49, 52, 56, 60, 64, 67, 71, 75, 79, 82, 86, 90, 93, 97, 101, 105, 108, 112]","[0, 4, 7, 11, 15, 19, 22, 26, 30, 34, 37, 41, 45, 49, 52, 56, 60, 64, 67, 71, 75, 79, 82, 86, 90, 93, 97, 101, 105, 108, 112, 116]",comgenvid,fit,comgenvid:datasets/comgenvid/real/MSVD/0lh_UWF9ZP4_178_182.mp4,comgenvid:datasets/comgenvid/real/MSVD/0lh_UWF9ZP4_178_182.mp4,datasets/comgenvid/real/MSVD/0lh_UWF9ZP4_178_182.mp4,comgenvid:real-content:0lh_UWF9ZP4,MSVD,,,,cache/fit/target/fit/comgenvid/078.npz,09d358ac9b39813427d41407c0570cc1c25214d8c97b1ee1d75a180d511d5cd6
datasets/comgenvid/real/MSVD/0lh_UWF9ZP4_183_190.mp4,real,MSVD,29.916666666666668,7.019499,210,"[0, 4, 7, 11, 15, 19, 22, 26, 30, 34, 37, 41, 45, 49, 52, 56, 60, 64, 67, 71, 75, 79, 82, 86, 90, 93, 97, 101, 105, 108, 112, 116, 120, 123, 127, 131, 135, 138, 142, 146, 150, 153, 157, 161, 165, 168, 172, 176, 180, 183, 187, 191, 194, 198, 202, 206, 209]","[142, 146, 150, 153, 157, 161, 165, 168]","[105, 108, 112, 116, 120, 123, 127, 131, 135, 138, 142, 146, 150, 153, 157, 161]","[52, 56, 60, 64, 67, 71, 75, 79, 82, 86, 90, 93, 97, 101, 105, 108, 112, 116, 120, 123, 127, 131, 135, 138]","[37, 41, 45, 49, 52, 56, 60, 64, 67, 71, 75, 79, 82, 86, 90, 93, 97, 101, 105, 108, 112, 116, 120, 123, 127, 131, 135, 138, 142, 146, 150, 153]",comgenvid,fit,comgenvid:datasets/comgenvid/real/MSVD/0lh_UWF9ZP4_183_190.mp4,comgenvid:datasets/comgenvid/real/MSVD/0lh_UWF9ZP4_183_190.mp4,datasets/comgenvid/real/MSVD/0lh_UWF9ZP4_183_190.mp4,comgenvid:real-content:0lh_UWF9ZP4,MSVD,,,,cache/fit/target/fit/comgenvid/079.npz,20f4e9daa3fda023e8feb84b7b94c31456000e5d483c9767a8e55522a4c9e2df
datasets/comgenvid/real/MSVD/0lh_UWF9ZP4_191_197.mp4,real,MSVD,29.916666666666668,6.016713,180,"[0, 4, 7, 11, 15, 19, 22, 26, 30, 34, 37, 41, 45, 49, 52, 56, 60, 64, 67, 71, 75, 79, 82, 86, 90, 93, 97, 101, 105, 108, 112, 116, 120, 123, 127, 131, 135, 138, 142, 146, 150, 153, 157, 161, 165, 168, 172, 176]","[142, 146, 150, 153, 157, 161, 165, 168]","[105, 108, 112, 116, 120, 123, 127, 131, 135, 138, 142, 146, 150, 153, 157, 161]","[52, 56, 60, 64, 67, 71, 75, 79, 82, 86, 90, 93, 97, 101, 105, 108, 112, 116, 120, 123, 127, 131, 135, 138]","[37, 41, 45, 49, 52, 56, 60, 64, 67, 71, 75, 79, 82, 86, 90, 93, 97, 101, 105, 108, 112, 116, 120, 123, 127, 131, 135, 138, 142, 146, 150, 153]",comgenvid,fit,comgenvid:datasets/comgenvid/real/MSVD/0lh_UWF9ZP4_191_197.mp4,comgenvid:datasets/comgenvid/real/MSVD/0lh_UWF9ZP4_191_197.mp4,datasets/comgenvid/real/MSVD/0lh_UWF9ZP4_191_197.mp4,comgenvid:real-content:0lh_UWF9ZP4,MSVD,,,,cache/fit/target/fit/comgenvid/080.npz,831c285a1484cc686c9446b46e9f56b9357323ab1745eb6f4b8f144980fce89c
datasets/comgenvid/real/MSVD/0lh_UWF9ZP4_199_207.mp4,real,MSVD,29.916666666666668,8.022284,240,"[0, 4, 7, 11, 15, 19, 22, 26, 30, 34, 37, 41, 45, 49, 52, 56, 60, 64, 67, 71, 75, 79, 82, 86, 90, 93, 97, 101, 105, 108, 112, 116, 120, 123, 127, 131, 135, 138, 142, 146, 150, 153, 157, 161, 165, 168, 172, 176, 180, 183, 187, 191, 194, 198, 202, 206, 209, 213, 217, 221, 224, 228, 232, 236, 239]","[142, 146, 150, 153, 157, 161, 165, 168]","[105, 108, 112, 116, 120, 123, 127, 131, 135, 138, 142, 146, 150, 153, 157, 161]","[52, 56, 60, 64, 67, 71, 75, 79, 82, 86, 90, 93, 97, 101, 105, 108, 112, 116, 120, 123, 127, 131, 135, 138]","[26, 30, 34, 37, 41, 45, 49, 52, 56, 60, 64, 67, 71, 75, 79, 82, 86, 90, 93, 97, 101, 105, 108, 112, 116, 120, 123, 127, 131, 135, 138, 142]",comgenvid,fit,comgenvid:datasets/comgenvid/real/MSVD/0lh_UWF9ZP4_199_207.mp4,comgenvid:datasets/comgenvid/real/MSVD/0lh_UWF9ZP4_199_207.mp4,datasets/comgenvid/real/MSVD/0lh_UWF9ZP4_199_207.mp4,comgenvid:real-content:0lh_UWF9ZP4,MSVD,,,,cache/fit/target/fit/comgenvid/081.npz,abfd1edb1a521e9f329eaa3841305b79ba24c4e5eea3172a3a7d372c922d8f4f
datasets/comgenvid/real/MSVD/0lh_UWF9ZP4_215_226.mp4,real,MSVD,29.916666666666668,11.030641,330,"[0, 4, 7, 11, 15, 19, 22, 26, 30, 34, 37, 41, 45, 49, 52, 56, 60, 64, 67, 71, 75, 79, 82, 86, 90, 93, 97, 101, 105, 108, 112, 116, 120, 123, 127, 131, 135, 138, 142, 146, 150, 153, 157, 161, 165, 168, 172, 176, 180, 183, 187, 191, 194, 198, 202, 206, 209, 213, 217, 221, 224, 228, 232, 236, 239, 243, 247, 251, 254, 258, 262, 266, 269, 273, 277, 280, 284, 288, 292, 295, 299, 303, 307, 310, 314, 318, 322, 325, 329]","[191, 194, 198, 202, 206, 209, 213, 217]","[52, 56, 60, 64, 67, 71, 75, 79, 82, 86, 90, 93, 97, 101, 105, 108]","[224, 228, 232, 236, 239, 243, 247, 251, 254, 258, 262, 266, 269, 273, 277, 280, 284, 288, 292, 295, 299, 303, 307, 310]","[75, 79, 82, 86, 90, 93, 97, 101, 105, 108, 112, 116, 120, 123, 127, 131, 135, 138, 142, 146, 150, 153, 157, 161, 165, 168, 172, 176, 180, 183, 187, 191]",comgenvid,fit,comgenvid:datasets/comgenvid/real/MSVD/0lh_UWF9ZP4_215_226.mp4,comgenvid:datasets/comgenvid/real/MSVD/0lh_UWF9ZP4_215_226.mp4,datasets/comgenvid/real/MSVD/0lh_UWF9ZP4_215_226.mp4,comgenvid:real-content:0lh_UWF9ZP4,MSVD,,,,cache/fit/target/fit/comgenvid/082.npz,2699f702b0b11231cccd35106fe66b67911a7b06564b8be337a383443194bc82
datasets/comgenvid/real/MSVD/0lh_UWF9ZP4_21_26.mp4,real,MSVD,29.916666666666668,5.013928,150,"[0, 4, 7, 11, 15, 19, 22, 26, 30, 34, 37, 41, 45, 49, 52, 56, 60, 64, 67, 71, 75, 79, 82, 86, 90, 93, 97, 101, 105, 108, 112, 116, 120, 123, 127, 131, 135, 138, 142, 146]","[105, 108, 112, 116, 120, 123, 127, 131]","[52, 56, 60, 64, 67, 71, 75, 79, 82, 86, 90, 93, 97, 101, 105, 108]","[37, 41, 45, 49, 52, 56, 60, 64, 67, 71, 75, 79, 82, 86, 90, 93, 97, 101, 105, 108, 112, 116, 120, 123]","[26, 30, 34, 37, 41, 45, 49, 52, 56, 60, 64, 67, 71, 75, 79, 82, 86, 90, 93, 97, 101, 105, 108, 112, 116, 120, 123, 127, 131, 135, 138, 142]",comgenvid,fit,comgenvid:datasets/comgenvid/real/MSVD/0lh_UWF9ZP4_21_26.mp4,comgenvid:datasets/comgenvid/real/MSVD/0lh_UWF9ZP4_21_26.mp4,datasets/comgenvid/real/MSVD/0lh_UWF9ZP4_21_26.mp4,comgenvid:real-content:0lh_UWF9ZP4,MSVD,,,,cache/fit/target/fit/comgenvid/083.npz,700485fe77bc4972e8401b26adaf6b2058179a3fa97c46167c57ef87f2cb5f6f
datasets/comgenvid/real/MSVD/0lh_UWF9ZP4_27_31.mp4,real,MSVD,29.916666666666668,4.011142,120,"[0, 4, 7, 11, 15, 19, 22, 26, 30, 34, 37, 41, 45, 49, 52, 56, 60, 64, 67, 71, 75, 79, 82, 86, 90, 93, 97, 101, 105, 108, 112, 116]","[22, 26, 30, 34, 37, 41, 45, 49]","[52, 56, 60, 64, 67, 71, 75, 79, 82, 86, 90, 93, 97, 101, 105, 108]","[26, 30, 34, 37, 41, 45, 49, 52, 56, 60, 64, 67, 71, 75, 79, 82, 86, 90, 93, 97, 101, 105, 108, 112]","[0, 4, 7, 11, 15, 19, 22, 26, 30, 34, 37, 41, 45, 49, 52, 56, 60, 64, 67, 71, 75, 79, 82, 86, 90, 93, 97, 101, 105, 108, 112, 116]",comgenvid,fit,comgenvid:datasets/comgenvid/real/MSVD/0lh_UWF9ZP4_27_31.mp4,comgenvid:datasets/comgenvid/real/MSVD/0lh_UWF9ZP4_27_31.mp4,datasets/comgenvid/real/MSVD/0lh_UWF9ZP4_27_31.mp4,comgenvid:real-content:0lh_UWF9ZP4,MSVD,,,,cache/fit/target/fit/comgenvid/084.npz,4e5d895b1adcd4bbc4bdd82cdcbad24761b11dc88b7f530043414fbb13d7d2ca
datasets/comgenvid/real/MSVD/0lh_UWF9ZP4_38_46.mp4,real,MSVD,29.916666666666668,8.022284,240,"[0, 4, 7, 11, 15, 19, 22, 26, 30, 34, 37, 41, 45, 49, 52, 56, 60, 64, 67, 71, 75, 79, 82, 86, 90, 93, 97, 101, 105, 108, 112, 116, 120, 123, 127, 131, 135, 138, 142, 146, 150, 153, 157, 161, 165, 168, 172, 176, 180, 183, 187, 191, 194, 198, 202, 206, 209, 213, 217, 221, 224, 228, 232, 236, 239]","[142, 146, 150, 153, 157, 161, 165, 168]","[105, 108, 112, 116, 120, 123, 127, 131, 135, 138, 142, 146, 150, 153, 157, 161]","[52, 56, 60, 64, 67, 71, 75, 79, 82, 86, 90, 93, 97, 101, 105, 108, 112, 116, 120, 123, 127, 131, 135, 138]","[26, 30, 34, 37, 41, 45, 49, 52, 56, 60, 64, 67, 71, 75, 79, 82, 86, 90, 93, 97, 101, 105, 108, 112, 116, 120, 123, 127, 131, 135, 138, 142]",comgenvid,fit,comgenvid:datasets/comgenvid/real/MSVD/0lh_UWF9ZP4_38_46.mp4,comgenvid:datasets/comgenvid/real/MSVD/0lh_UWF9ZP4_38_46.mp4,datasets/comgenvid/real/MSVD/0lh_UWF9ZP4_38_46.mp4,comgenvid:real-content:0lh_UWF9ZP4,MSVD,,,,cache/fit/target/fit/comgenvid/085.npz,90b11b9d7cd2c88743ee6b2c00df8371df250101596eb3b2b1db59f7c99a070d
datasets/comgenvid/real/MSVD/0lh_UWF9ZP4_50_60.mp4,real,MSVD,29.916666666666668,10.027855,300,"[0, 4, 7, 11, 15, 19, 22, 26, 30, 34, 37, 41, 45, 49, 52, 56, 60, 64, 67, 71, 75, 79, 82, 86, 90, 93, 97, 101, 105, 108, 112, 116, 120, 123, 127, 131, 135, 138, 142, 146, 150, 153, 157, 161, 165, 168, 172, 176, 180, 183, 187, 191, 194, 198, 202, 206, 209, 213, 217, 221, 224, 228, 232, 236, 239, 243, 247, 251, 254, 258, 262, 266, 269, 273, 277, 280, 284, 288, 292, 295, 299]","[191, 194, 198, 202, 206, 209, 213, 217]","[52, 56, 60, 64, 67, 71, 75, 79, 82, 86, 90, 93, 97, 101, 105, 108]","[157, 161, 165, 168, 172, 176, 180, 183, 187, 191, 194, 198, 202, 206, 209, 213, 217, 221, 224, 228, 232, 236, 239, 243]","[26, 30, 34, 37, 41, 45, 49, 52, 56, 60, 64, 67, 71, 75, 79, 82, 86, 90, 93, 97, 101, 105, 108, 112, 116, 120, 123, 127, 131, 135, 138, 142]",comgenvid,fit,comgenvid:datasets/comgenvid/real/MSVD/0lh_UWF9ZP4_50_60.mp4,comgenvid:datasets/comgenvid/real/MSVD/0lh_UWF9ZP4_50_60.mp4,datasets/comgenvid/real/MSVD/0lh_UWF9ZP4_50_60.mp4,comgenvid:real-content:0lh_UWF9ZP4,MSVD,,,,cache/fit/target/fit/comgenvid/086.npz,263242ced0f1593fea204c73c5c0298ee5174d4da169661ca937bf3ec9bcb332
datasets/comgenvid/real/MSVD/0lh_UWF9ZP4_62_69.mp4,real,MSVD,29.916666666666668,7.019499,210,"[0, 4, 7, 11, 15, 19, 22, 26, 30, 34, 37, 41, 45, 49, 52, 56, 60, 64, 67, 71, 75, 79, 82, 86, 90, 93, 97, 101, 105, 108, 112, 116, 120, 123, 127, 131, 135, 138, 142, 146, 150, 153, 157, 161, 165, 168, 172, 176, 180, 183, 187, 191, 194, 198, 202, 206, 209]","[142, 146, 150, 153, 157, 161, 165, 168]","[105, 108, 112, 116, 120, 123, 127, 131, 135, 138, 142, 146, 150, 153, 157, 161]","[52, 56, 60, 64, 67, 71, 75, 79, 82, 86, 90, 93, 97, 101, 105, 108, 112, 116, 120, 123, 127, 131, 135, 138]","[37, 41, 45, 49, 52, 56, 60, 64, 67, 71, 75, 79, 82, 86, 90, 93, 97, 101, 105, 108, 112, 116, 120, 123, 127, 131, 135, 138, 142, 146, 150, 153]",comgenvid,fit,comgenvid:datasets/comgenvid/real/MSVD/0lh_UWF9ZP4_62_69.mp4,comgenvid:datasets/comgenvid/real/MSVD/0lh_UWF9ZP4_62_69.mp4,datasets/comgenvid/real/MSVD/0lh_UWF9ZP4_62_69.mp4,comgenvid:real-content:0lh_UWF9ZP4,MSVD,,,,cache/fit/target/fit/comgenvid/087.npz,27be9afc8ceec4984006a7d4bc8a3febf7ead38f48dad5a2df587a87a09d6624
datasets/comgenvid/real/MSVD/0lh_UWF9ZP4_71_77.mp4,real,MSVD,29.916666666666668,6.016713,180,"[0, 4, 7, 11, 15, 19, 22, 26, 30, 34, 37, 41, 45, 49, 52, 56, 60, 64, 67, 71, 75, 79, 82, 86, 90, 93, 97, 101, 105, 108, 112, 116, 120, 123, 127, 131, 135, 138, 142, 146, 150, 153, 157, 161, 165, 168, 172, 176]","[142, 146, 150, 153, 157, 161, 165, 168]","[105, 108, 112, 116, 120, 123, 127, 131, 135, 138, 142, 146, 150, 153, 157, 161]","[52, 56, 60, 64, 67, 71, 75, 79, 82, 86, 90, 93, 97, 101, 105, 108, 112, 116, 120, 123, 127, 131, 135, 138]","[37, 41, 45, 49, 52, 56, 60, 64, 67, 71, 75, 79, 82, 86, 90, 93, 97, 101, 105, 108, 112, 116, 120, 123, 127, 131, 135, 138, 142, 146, 150, 153]",comgenvid,fit,comgenvid:datasets/comgenvid/real/MSVD/0lh_UWF9ZP4_71_77.mp4,comgenvid:datasets/comgenvid/real/MSVD/0lh_UWF9ZP4_71_77.mp4,datasets/comgenvid/real/MSVD/0lh_UWF9ZP4_71_77.mp4,comgenvid:real-content:0lh_UWF9ZP4,MSVD,,,,cache/fit/target/fit/comgenvid/088.npz,3859a5e1b37b3cf41d68ff50c149a65eb58c8f33980c90aedfd609fd412cb625
datasets/comgenvid/real/MSVD/0lh_UWF9ZP4_79_82.mp4,real,MSVD,29.916666666666668,3.008357,90,"[0, 4, 7, 11, 15, 19, 22, 26, 30, 34, 37, 41, 45, 49, 52, 56, 60, 64, 67, 71, 75, 79, 82, 86]","[22, 26, 30, 34, 37, 41, 45, 49]","[11, 15, 19, 22, 26, 30, 34, 37, 41, 45, 49, 52, 56, 60, 64, 67]","[0, 4, 7, 11, 15, 19, 22, 26, 30, 34, 37, 41, 45, 49, 52, 56, 60, 64, 67, 71, 75, 79, 82, 86]",,comgenvid,fit,comgenvid:datasets/comgenvid/real/MSVD/0lh_UWF9ZP4_79_82.mp4,comgenvid:datasets/comgenvid/real/MSVD/0lh_UWF9ZP4_79_82.mp4,datasets/comgenvid/real/MSVD/0lh_UWF9ZP4_79_82.mp4,comgenvid:real-content:0lh_UWF9ZP4,MSVD,,,,cache/fit/target/fit/comgenvid/089.npz,471a13ea7781b56e008d4fe5fef057b86e1cbdd06e8fa16e9505321eecdc7390
datasets/comgenvid/real/MSVD/0lh_UWF9ZP4_82_87.mp4,real,MSVD,29.916666666666668,5.013928,150,"[0, 4, 7, 11, 15, 19, 22, 26, 30, 34, 37, 41, 45, 49, 52, 56, 60, 64, 67, 71, 75, 79, 82, 86, 90, 93, 97, 101, 105, 108, 112, 116, 120, 123, 127, 131, 135, 138, 142, 146]","[105, 108, 112, 116, 120, 123, 127, 131]","[52, 56, 60, 64, 67, 71, 75, 79, 82, 86, 90, 93, 97, 101, 105, 108]","[37, 41, 45, 49, 52, 56, 60, 64, 67, 71, 75, 79, 82, 86, 90, 93, 97, 101, 105, 108, 112, 116, 120, 123]","[26, 30, 34, 37, 41, 45, 49, 52, 56, 60, 64, 67, 71, 75, 79, 82, 86, 90, 93, 97, 101, 105, 108, 112, 116, 120, 123, 127, 131, 135, 138, 142]",comgenvid,fit,comgenvid:datasets/comgenvid/real/MSVD/0lh_UWF9ZP4_82_87.mp4,comgenvid:datasets/comgenvid/real/MSVD/0lh_UWF9ZP4_82_87.mp4,datasets/comgenvid/real/MSVD/0lh_UWF9ZP4_82_87.mp4,comgenvid:real-content:0lh_UWF9ZP4,MSVD,,,,cache/fit/target/fit/comgenvid/090.npz,26da156b83e97d78961e06765b53261216e41a64c39ae70a2ed6530497e78b2a
datasets/comgenvid/real/MSVD/0lh_UWF9ZP4_94_103.mp4,real,MSVD,29.916666666666668,9.02507,270,"[0, 4, 7, 11, 15, 19, 22, 26, 30, 34, 37, 41, 45, 49, 52, 56, 60, 64, 67, 71, 75, 79, 82, 86, 90, 93, 97, 101, 105, 108, 112, 116, 120, 123, 127, 131, 135, 138, 142, 146, 150, 153, 157, 161, 165, 168, 172, 176, 180, 183, 187, 191, 194, 198, 202, 206, 209, 213, 217, 221, 224, 228, 232, 236, 239, 243, 247, 251, 254, 258, 262, 266, 269]","[191, 194, 198, 202, 206, 209, 213, 217]","[105, 108, 112, 116, 120, 123, 127, 131, 135, 138, 142, 146, 150, 153, 157, 161]","[52, 56, 60, 64, 67, 71, 75, 79, 82, 86, 90, 93, 97, 101, 105, 108, 112, 116, 120, 123, 127, 131, 135, 138]","[26, 30, 34, 37, 41, 45, 49, 52, 56, 60, 64, 67, 71, 75, 79, 82, 86, 90, 93, 97, 101, 105, 108, 112, 116, 120, 123, 127, 131, 135, 138, 142]",comgenvid,fit,comgenvid:datasets/comgenvid/real/MSVD/0lh_UWF9ZP4_94_103.mp4,comgenvid:datasets/comgenvid/real/MSVD/0lh_UWF9ZP4_94_103.mp4,datasets/comgenvid/real/MSVD/0lh_UWF9ZP4_94_103.mp4,comgenvid:real-content:0lh_UWF9ZP4,MSVD,,,,cache/fit/target/fit/comgenvid/091.npz,fc79607f63a5efda2cd8e5f7bc7ceb4d5aac3eb2c1a5b0c713e097174b6334a7
datasets/comgenvid/real/MSVD/0piwbTivpDg_10_40.mp4,real,MSVD,30.0,30.033333,901,"[0, 4, 8, 11, 15, 19, 22, 26, 30, 34, 38, 41, 45, 49, 52, 56, 60, 64, 68, 71, 75, 79, 82, 86, 90, 94, 98, 101, 105, 109, 112, 116, 120, 124, 128, 131, 135, 139, 142, 146, 150, 154, 158, 161, 165, 169, 172, 176, 180, 184, 188, 191, 195, 199, 202, 206, 210, 214, 218, 221, 225, 229, 232, 236, 240, 244, 248, 251, 255, 259, 262, 266, 270, 274, 278, 281, 285, 289, 292, 296, 300, 304, 308, 311, 315, 319, 322, 326, 330, 334, 338, 341, 345, 349, 352, 356, 360, 364, 368, 371, 375, 379, 382, 386, 390, 394, 398, 401, 405, 409, 412, 416, 420, 424, 428, 431, 435, 439, 442, 446, 450, 454, 458, 461, 465, 469, 472, 476, 480, 484, 488, 491, 495, 499, 502, 506, 510, 514, 518, 521, 525, 529, 532, 536, 540, 544, 548, 551, 555, 559, 562, 566, 570, 574, 578, 581, 585, 589, 592, 596, 600, 604, 608, 611, 615, 619, 622, 626, 630, 634, 638, 641, 645, 649, 652, 656, 660, 664, 668, 671, 675, 679, 682, 686, 690, 694, 698, 701, 705, 709, 712, 716, 720, 724, 728, 731, 735, 739, 742, 746, 750, 754, 758, 761, 765, 769, 772, 776, 780, 784, 788, 791, 795, 799, 802, 806, 810, 814, 818, 821, 825, 829, 832, 836, 840, 844, 848, 851, 855, 859, 862, 866, 870, 874, 878, 881, 885, 889, 892, 896, 900]","[382, 386, 390, 394, 398, 401, 405, 409]","[671, 675, 679, 682, 686, 690, 694, 698, 701, 705, 709, 712, 716, 720, 724, 728]","[345, 349, 352, 356, 360, 364, 368, 371, 375, 379, 382, 386, 390, 394, 398, 401, 405, 409, 412, 416, 420, 424, 428, 431]","[52, 56, 60, 64, 68, 71, 75, 79, 82, 86, 90, 94, 98, 101, 105, 109, 112, 116, 120, 124, 128, 131, 135, 139, 142, 146, 150, 154, 158, 161, 165, 169]",comgenvid,fit,comgenvid:datasets/comgenvid/real/MSVD/0piwbTivpDg_10_40.mp4,comgenvid:datasets/comgenvid/real/MSVD/0piwbTivpDg_10_40.mp4,datasets/comgenvid/real/MSVD/0piwbTivpDg_10_40.mp4,comgenvid:real-content:0piwbTivpDg,MSVD,,,,cache/fit/target/fit/comgenvid/092.npz,119226f0b0cde5bbbbea70b8d8416587c56e9836cdf47215c272a296444a40e9
datasets/comgenvid/real/MSVD/0sUL0KCIc48_15_25.mp4,real,MSVD,30.0,10.033333,301,"[0, 4, 8, 11, 15, 19, 22, 26, 30, 34, 38, 41, 45, 49, 52, 56, 60, 64, 68, 71, 75, 79, 82, 86, 90, 94, 98, 101, 105, 109, 112, 116, 120, 124, 128, 131, 135, 139, 142, 146, 150, 154, 158, 161, 165, 169, 172, 176, 180, 184, 188, 191, 195, 199, 202, 206, 210, 214, 218, 221, 225, 229, 232, 236, 240, 244, 248, 251, 255, 259, 262, 266, 270, 274, 278, 281, 285, 289, 292, 296, 300]","[191, 195, 199, 202, 206, 210, 214, 218]","[52, 56, 60, 64, 68, 71, 75, 79, 82, 86, 90, 94, 98, 101, 105, 109]","[158, 161, 165, 169, 172, 176, 180, 184, 188, 191, 195, 199, 202, 206, 210, 214, 218, 221, 225, 229, 232, 236, 240, 244]","[26, 30, 34, 38, 41, 45, 49, 52, 56, 60, 64, 68, 71, 75, 79, 82, 86, 90, 94, 98, 101, 105, 109, 112, 116, 120, 124, 128, 131, 135, 139, 142]",comgenvid,fit,comgenvid:datasets/comgenvid/real/MSVD/0sUL0KCIc48_15_25.mp4,comgenvid:datasets/comgenvid/real/MSVD/0sUL0KCIc48_15_25.mp4,datasets/comgenvid/real/MSVD/0sUL0KCIc48_15_25.mp4,comgenvid:real-content:0sUL0KCIc48,MSVD,,,,cache/fit/target/fit/comgenvid/093.npz,582aeb3b80730966aa6c18dc4cdb68aa994a952278f0de8cc7ce07b95ccff619
datasets/comgenvid/real/MSVD/0vmoZEaN_-o_4_12.mp4,real,MSVD,15.0,8.066667,121,"[0, 2, 4, 6, 8, 9, 11, 13, 15, 17, 19, 21, 22, 24, 26, 28, 30, 32, 34, 36, 38, 39, 41, 43, 45, 47, 49, 51, 52, 54, 56, 58, 60, 62, 64, 66, 68, 69, 71, 73, 75, 77, 79, 81, 82, 84, 86, 88, 90, 92, 94, 96, 98, 99, 101, 103, 105, 107, 109, 111, 112, 114, 116, 118, 120]","[71, 73, 75, 77, 79, 81, 82, 84]","[52, 54, 56, 58, 60, 62, 64, 66, 68, 69, 71, 73, 75, 77, 79, 81]","[26, 28, 30, 32, 34, 36, 38, 39, 41, 43, 45, 47, 49, 51, 52, 54, 56, 58, 60, 62, 64, 66, 68, 69]","[13, 15, 17, 19, 21, 22, 24, 26, 28, 30, 32, 34, 36, 38, 39, 41, 43, 45, 47, 49, 51, 52, 54, 56, 58, 60, 62, 64, 66, 68, 69, 71]",comgenvid,fit,comgenvid:datasets/comgenvid/real/MSVD/0vmoZEaN_-o_4_12.mp4,comgenvid:datasets/comgenvid/real/MSVD/0vmoZEaN_-o_4_12.mp4,datasets/comgenvid/real/MSVD/0vmoZEaN_-o_4_12.mp4,comgenvid:real-content:0vmoZEaN_-o,MSVD,,,,cache/fit/target/fit/comgenvid/094.npz,08e7e6b1a074ac91ea3985989222e6ee83003dc70904060077983b25ee9a75c5
datasets/comgenvid/real/MSVD/0vmoZEaN_-o_5_21.mp4,real,MSVD,15.0,16.066667,241,"[0, 2, 4, 6, 8, 9, 11, 13, 15, 17, 19, 21, 22, 24, 26, 28, 30, 32, 34, 36, 38, 39, 41, 43, 45, 47, 49, 51, 52, 54, 56, 58, 60, 62, 64, 66, 68, 69, 71, 73, 75, 77, 79, 81, 82, 84, 86, 88, 90, 92, 94, 96, 98, 99, 101, 103, 105, 107, 109, 111, 112, 114, 116, 118, 120, 122, 124, 126, 128, 129, 131, 133, 135, 137, 139, 141, 142, 144, 146, 148, 150, 152, 154, 156, 158, 159, 161, 163, 165, 167, 169, 171, 172, 174, 176, 178, 180, 182, 184, 186, 188, 189, 191, 193, 195, 197, 199, 201, 202, 204, 206, 208, 210, 212, 214, 216, 218, 219, 221, 223, 225, 227, 229, 231, 232, 234, 236, 238, 240]","[191, 193, 195, 197, 199, 201, 202, 204]","[96, 98, 99, 101, 103, 105, 107, 109, 111, 112, 114, 116, 118, 120, 122, 124]","[172, 174, 176, 178, 180, 182, 184, 186, 188, 189, 191, 193, 195, 197, 199, 201, 202, 204, 206, 208, 210, 212, 214, 216]","[26, 28, 30, 32, 34, 36, 38, 39, 41, 43, 45, 47, 49, 51, 52, 54, 56, 58, 60, 62, 64, 66, 68, 69, 71, 73, 75, 77, 79, 81, 82, 84]",comgenvid,fit,comgenvid:datasets/comgenvid/real/MSVD/0vmoZEaN_-o_5_21.mp4,comgenvid:datasets/comgenvid/real/MSVD/0vmoZEaN_-o_5_21.mp4,datasets/comgenvid/real/MSVD/0vmoZEaN_-o_5_21.mp4,comgenvid:real-content:0vmoZEaN_-o,MSVD,,,,cache/fit/target/fit/comgenvid/095.npz,b8d6de8c073c505ce925cfb475625d653e8cf7b645a38126d0f94232e781b490
datasets/comgenvid/real/MSVD/0wutCy2ZGOQ_4_10.mp4,real,MSVD,29.97002997002997,6.006,180,"[0, 4, 7, 11, 15, 19, 22, 26, 30, 34, 37, 41, 45, 49, 52, 56, 60, 64, 67, 71, 75, 79, 82, 86, 90, 94, 97, 101, 105, 109, 112, 116, 120, 124, 127, 131, 135, 139, 142, 146, 150, 154, 157, 161, 165, 169, 172, 176]","[142, 146, 150, 154, 157, 161, 165, 169]","[105, 109, 112, 116, 120, 124, 127, 131, 135, 139, 142, 146, 150, 154, 157, 161]","[52, 56, 60, 64, 67, 71, 75, 79, 82, 86, 90, 94, 97, 101, 105, 109, 112, 116, 120, 124, 127, 131, 135, 139]","[37, 41, 45, 49, 52, 56, 60, 64, 67, 71, 75, 79, 82, 86, 90, 94, 97, 101, 105, 109, 112, 116, 120, 124, 127, 131, 135, 139, 142, 146, 150, 154]",comgenvid,fit,comgenvid:datasets/comgenvid/real/MSVD/0wutCy2ZGOQ_4_10.mp4,comgenvid:datasets/comgenvid/real/MSVD/0wutCy2ZGOQ_4_10.mp4,datasets/comgenvid/real/MSVD/0wutCy2ZGOQ_4_10.mp4,comgenvid:real-content:0wutCy2ZGOQ,MSVD,,,,cache/fit/target/fit/comgenvid/096.npz,df4bd7c5bd0ba43673043d8c34c6e18cdf687b175a802bf31e2767822913dc24
datasets/comgenvid/real/MSVD/0xx13BuvVmo_25_36.mp4,real,MSVD,29.916666666666668,11.030641,330,"[0, 4, 7, 11, 15, 19, 22, 26, 30, 34, 37, 41, 45, 49, 52, 56, 60, 64, 67, 71, 75, 79, 82, 86, 90, 93, 97, 101, 105, 108, 112, 116, 120, 123, 127, 131, 135, 138, 142, 146, 150, 153, 157, 161, 165, 168, 172, 176, 180, 183, 187, 191, 194, 198, 202, 206, 209, 213, 217, 221, 224, 228, 232, 236, 239, 243, 247, 251, 254, 258, 262, 266, 269, 273, 277, 280, 284, 288, 292, 295, 299, 303, 307, 310, 314, 318, 322, 325, 329]","[191, 194, 198, 202, 206, 209, 213, 217]","[52, 56, 60, 64, 67, 71, 75, 79, 82, 86, 90, 93, 97, 101, 105, 108]","[224, 228, 232, 236, 239, 243, 247, 251, 254, 258, 262, 266, 269, 273, 277, 280, 284, 288, 292, 295, 299, 303, 307, 310]","[75, 79, 82, 86, 90, 93, 97, 101, 105, 108, 112, 116, 120, 123, 127, 131, 135, 138, 142, 146, 150, 153, 157, 161, 165, 168, 172, 176, 180, 183, 187, 191]",comgenvid,fit,comgenvid:datasets/comgenvid/real/MSVD/0xx13BuvVmo_25_36.mp4,comgenvid:datasets/comgenvid/real/MSVD/0xx13BuvVmo_25_36.mp4,datasets/comgenvid/real/MSVD/0xx13BuvVmo_25_36.mp4,comgenvid:real-content:0xx13BuvVmo,MSVD,,,,cache/fit/target/fit/comgenvid/097.npz,5c8ffcd7c7907b4cc2b3e481395fc128685d7d0725fade2bd1109dd34d2f29a7
datasets/comgenvid/real/MSVD/11xs9mFKObs_0_8.mp4,real,MSVD,29.97002997002997,8.008,240,"[0, 4, 7, 11, 15, 19, 22, 26, 30, 34, 37, 41, 45, 49, 52, 56, 60, 64, 67, 71, 75, 79, 82, 86, 90, 94, 97, 101, 105, 109, 112, 116, 120, 124, 127, 131, 135, 139, 142, 146, 150, 154, 157, 161, 165, 169, 172, 176, 180, 184, 187, 191, 195, 199, 202, 206, 210, 214, 217, 221, 225, 229, 232, 236]","[142, 146, 150, 154, 157, 161, 165, 169]","[105, 109, 112, 116, 120, 124, 127, 131, 135, 139, 142, 146, 150, 154, 157, 161]","[52, 56, 60, 64, 67, 71, 75, 79, 82, 86, 90, 94, 97, 101, 105, 109, 112, 116, 120, 124, 127, 131, 135, 139]","[26, 30, 34, 37, 41, 45, 49, 52, 56, 60, 64, 67, 71, 75, 79, 82, 86, 90, 94, 97, 101, 105, 109, 112, 116, 120, 124, 127, 131, 135, 139, 142]",comgenvid,fit,comgenvid:datasets/comgenvid/real/MSVD/11xs9mFKObs_0_8.mp4,comgenvid:datasets/comgenvid/real/MSVD/11xs9mFKObs_0_8.mp4,datasets/comgenvid/real/MSVD/11xs9mFKObs_0_8.mp4,comgenvid:real-content:11xs9mFKObs,MSVD,,,,cache/fit/target/fit/comgenvid/098.npz,581c6cf3ee8d2dce7a3b6e34480e402eed2fc1a056756fb4eb7380ad27f544c1
datasets/comgenvid/real/MSVD/16iNk1hLJt4_37_40.mp4,real,MSVD,29.97002997002997,3.003,90,"[0, 4, 7, 11, 15, 19, 22, 26, 30, 34, 37, 41, 45, 49, 52, 56, 60, 64, 67, 71, 75, 79, 82, 86]","[22, 26, 30, 34, 37, 41, 45, 49]","[11, 15, 19, 22, 26, 30, 34, 37, 41, 45, 49, 52, 56, 60, 64, 67]","[0, 4, 7, 11, 15, 19, 22, 26, 30, 34, 37, 41, 45, 49, 52, 56, 60, 64, 67, 71, 75, 79, 82, 86]",,comgenvid,fit,comgenvid:datasets/comgenvid/real/MSVD/16iNk1hLJt4_37_40.mp4,comgenvid:datasets/comgenvid/real/MSVD/16iNk1hLJt4_37_40.mp4,datasets/comgenvid/real/MSVD/16iNk1hLJt4_37_40.mp4,comgenvid:real-content:16iNk1hLJt4,MSVD,,,,cache/fit/target/fit/comgenvid/099.npz,5577ffb2c19e3a6d423872dae23cb92da6155510b37c6bb8e114a758b8002bf5
datasets/comgenvid/real/MSVD/1Dty_eGY9Ec_123_133.mp4,real,MSVD,29.916666666666668,10.027855,300,"[0, 4, 7, 11, 15, 19, 22, 26, 30, 34, 37, 41, 45, 49, 52, 56, 60, 64, 67, 71, 75, 79, 82, 86, 90, 93, 97, 101, 105, 108, 112, 116, 120, 123, 127, 131, 135, 138, 142, 146, 150, 153, 157, 161, 165, 168, 172, 176, 180, 183, 187, 191, 194, 198, 202, 206, 209, 213, 217, 221, 224, 228, 232, 236, 239, 243, 247, 251, 254, 258, 262, 266, 269, 273, 277, 280, 284, 288, 292, 295, 299]","[191, 194, 198, 202, 206, 209, 213, 217]","[52, 56, 60, 64, 67, 71, 75, 79, 82, 86, 90, 93, 97, 101, 105, 108]","[157, 161, 165, 168, 172, 176, 180, 183, 187, 191, 194, 198, 202, 206, 209, 213, 217, 221, 224, 228, 232, 236, 239, 243]","[26, 30, 34, 37, 41, 45, 49, 52, 56, 60, 64, 67, 71, 75, 79, 82, 86, 90, 93, 97, 101, 105, 108, 112, 116, 120, 123, 127, 131, 135, 138, 142]",comgenvid,fit,comgenvid:datasets/comgenvid/real/MSVD/1Dty_eGY9Ec_123_133.mp4,comgenvid:datasets/comgenvid/real/MSVD/1Dty_eGY9Ec_123_133.mp4,datasets/comgenvid/real/MSVD/1Dty_eGY9Ec_123_133.mp4,comgenvid:real-content:1Dty_eGY9Ec,MSVD,,,,cache/fit/target/fit/comgenvid/100.npz,1e15bf94097fe507ea07aca5e83ccbec674ad667187010ebf95e4198f4424b0c
datasets/comgenvid/real/MSVD/1QVn0FffExM_14_24.mp4,real,MSVD,29.97002997002997,10.01,300,"[0, 4, 7, 11, 15, 19, 22, 26, 30, 34, 37, 41, 45, 49, 52, 56, 60, 64, 67, 71, 75, 79, 82, 86, 90, 94, 97, 101, 105, 109, 112, 116, 120, 124, 127, 131, 135, 139, 142, 146, 150, 154, 157, 161, 165, 169, 172, 176, 180, 184, 187, 191, 195, 199, 202, 206, 210, 214, 217, 221, 225, 229, 232, 236, 240, 244, 247, 251, 255, 258, 262, 266, 270, 273, 277, 281, 285, 288, 292, 296]","[191, 195, 199, 202, 206, 210, 214, 217]","[52, 56, 60, 64, 67, 71, 75, 79, 82, 86, 90, 94, 97, 101, 105, 109]","[157, 161, 165, 169, 172, 176, 180, 184, 187, 191, 195, 199, 202, 206, 210, 214, 217, 221, 225, 229, 232, 236, 240, 244]","[26, 30, 34, 37, 41, 45, 49, 52, 56, 60, 64, 67, 71, 75, 79, 82, 86, 90, 94, 97, 101, 105, 109, 112, 116, 120, 124, 127, 131, 135, 139, 142]",comgenvid,fit,comgenvid:datasets/comgenvid/real/MSVD/1QVn0FffExM_14_24.mp4,comgenvid:datasets/comgenvid/real/MSVD/1QVn0FffExM_14_24.mp4,datasets/comgenvid/real/MSVD/1QVn0FffExM_14_24.mp4,comgenvid:real-content:1QVn0FffExM,MSVD,,,,cache/fit/target/fit/comgenvid/101.npz,abb2e75d3d879f77499fb18ae586471679c3c9a718f55e0cc34814913408d379
datasets/comgenvid/real/MSVD/1RchFBCT9JU_43_53.mp4,real,MSVD,14.985014985014985,10.01,150,"[0, 2, 4, 6, 7, 9, 11, 13, 15, 17, 19, 21, 22, 24, 26, 28, 30, 32, 34, 36, 37, 39, 41, 43, 45, 47, 49, 51, 52, 54, 56, 58, 60, 62, 64, 66, 67, 69, 71, 73, 75, 77, 79, 81, 82, 84, 86, 88, 90, 92, 94, 96, 97, 99, 101, 103, 105, 107, 109, 111, 112, 114, 116, 118, 120, 122, 124, 125, 127, 129, 131, 133, 135, 137, 139, 140, 142, 144, 146, 148]","[96, 97, 99, 101, 103, 105, 107, 109]","[26, 28, 30, 32, 34, 36, 37, 39, 41, 43, 45, 47, 49, 51, 52, 54]","[79, 81, 82, 84, 86, 88, 90, 92, 94, 96, 97, 99, 101, 103, 105, 107, 109, 111, 112, 114, 116, 118, 120, 122]","[13, 15, 17, 19, 21, 22, 24, 26, 28, 30, 32, 34, 36, 37, 39, 41, 43, 45, 47, 49, 51, 52, 54, 56, 58, 60, 62, 64, 66, 67, 69, 71]",comgenvid,fit,comgenvid:datasets/comgenvid/real/MSVD/1RchFBCT9JU_43_53.mp4,comgenvid:datasets/comgenvid/real/MSVD/1RchFBCT9JU_43_53.mp4,datasets/comgenvid/real/MSVD/1RchFBCT9JU_43_53.mp4,comgenvid:real-content:1RchFBCT9JU,MSVD,,,,cache/fit/target/fit/comgenvid/102.npz,665a36fc2e7c97916d1d60f88e22f3c875b38acc02db3ff88162aa3fe57a8c48
datasets/comgenvid/real/MSVD/1Sp2__RCT0c_11_15.mp4,real,MSVD,29.97002997002997,4.004,120,"[0, 4, 7, 11, 15, 19, 22, 26, 30, 34, 37, 41, 45, 49, 52, 56, 60, 64, 67, 71, 75, 79, 82, 86, 90, 94, 97, 101, 105, 109, 112, 116]","[22, 26, 30, 34, 37, 41, 45, 49]","[52, 56, 60, 64, 67, 71, 75, 79, 82, 86, 90, 94, 97, 101, 105, 109]","[26, 30, 34, 37, 41, 45, 49, 52, 56, 60, 64, 67, 71, 75, 79, 82, 86, 90, 94, 97, 101, 105, 109, 112]","[0, 4, 7, 11, 15, 19, 22, 26, 30, 34, 37, 41, 45, 49, 52, 56, 60, 64, 67, 71, 75, 79, 82, 86, 90, 94, 97, 101, 105, 109, 112, 116]",comgenvid,fit,comgenvid:datasets/comgenvid/real/MSVD/1Sp2__RCT0c_11_15.mp4,comgenvid:datasets/comgenvid/real/MSVD/1Sp2__RCT0c_11_15.mp4,datasets/comgenvid/real/MSVD/1Sp2__RCT0c_11_15.mp4,comgenvid:real-content:1Sp2__RCT0c,MSVD,,,,cache/fit/target/fit/comgenvid/103.npz,ff57a1cd697d48de85795282989bb8937a874821324c1b8c78486d6374a8e660
datasets/comgenvid/real/MSVD/1_6V30igzIk_5_15.mp4,real,MSVD,29.97002997002997,10.01,300,"[0, 4, 7, 11, 15, 19, 22, 26, 30, 34, 37, 41, 45, 49, 52, 56, 60, 64, 67, 71, 75, 79, 82, 86, 90, 94, 97, 101, 105, 109, 112, 116, 120, 124, 127, 131, 135, 139, 142, 146, 150, 154, 157, 161, 165, 169, 172, 176, 180, 184, 187, 191, 195, 199, 202, 206, 210, 214, 217, 221, 225, 229, 232, 236, 240, 244, 247, 251, 255, 258, 262, 266, 270, 273, 277, 281, 285, 288, 292, 296]","[191, 195, 199, 202, 206, 210, 214, 217]","[52, 56, 60, 64, 67, 71, 75, 79, 82, 86, 90, 94, 97, 101, 105, 109]","[157, 161, 165, 169, 172, 176, 180, 184, 187, 191, 195, 199, 202, 206, 210, 214, 217, 221, 225, 229, 232, 236, 240, 244]","[26, 30, 34, 37, 41, 45, 49, 52, 56, 60, 64, 67, 71, 75, 79, 82, 86, 90, 94, 97, 101, 105, 109, 112, 116, 120, 124, 127, 131, 135, 139, 142]",comgenvid,fit,comgenvid:datasets/comgenvid/real/MSVD/1_6V30igzIk_5_15.mp4,comgenvid:datasets/comgenvid/real/MSVD/1_6V30igzIk_5_15.mp4,datasets/comgenvid/real/MSVD/1_6V30igzIk_5_15.mp4,comgenvid:real-content:1_6V30igzIk,MSVD,,,,cache/fit/target/fit/comgenvid/104.npz,4505f4ff9ea4e7b452bd575c7f33da6eec84914c2db0c8c813cac09801360931
datasets/comgenvid/real/MSVD/1dA1RQgPN3c_72_82.mp4,real,MSVD,29.97002997002997,10.01,300,"[0, 4, 7, 11, 15, 19, 22, 26, 30, 34, 37, 41, 45, 49, 52, 56, 60, 64, 67, 71, 75, 79, 82, 86, 90, 94, 97, 101, 105, 109, 112, 116, 120, 124, 127, 131, 135, 139, 142, 146, 150, 154, 157, 161, 165, 169, 172, 176, 180, 184, 187, 191, 195, 199, 202, 206, 210, 214, 217, 221, 225, 229, 232, 236, 240, 244, 247, 251, 255, 258, 262, 266, 270, 273, 277, 281, 285, 288, 292, 296]","[191, 195, 199, 202, 206, 210, 214, 217]","[52, 56, 60, 64, 67, 71, 75, 79, 82, 86, 90, 94, 97, 101, 105, 109]","[157, 161, 165, 169, 172, 176, 180, 184, 187, 191, 195, 199, 202, 206, 210, 214, 217, 221, 225, 229, 232, 236, 240, 244]","[26, 30, 34, 37, 41, 45, 49, 52, 56, 60, 64, 67, 71, 75, 79, 82, 86, 90, 94, 97, 101, 105, 109, 112, 116, 120, 124, 127, 131, 135, 139, 142]",comgenvid,fit,comgenvid:datasets/comgenvid/real/MSVD/1dA1RQgPN3c_72_82.mp4,comgenvid:datasets/comgenvid/real/MSVD/1dA1RQgPN3c_72_82.mp4,datasets/comgenvid/real/MSVD/1dA1RQgPN3c_72_82.mp4,comgenvid:real-content:1dA1RQgPN3c,MSVD,,,,cache/fit/target/fit/comgenvid/105.npz,61217168b02b1ab98d0bb5f1acd51e73fcf092f03d28fce0956ceed3e91343f5
datasets/comgenvid/real/MSVD/1dYpcVv6n3Y_0_18.mp4,real,MSVD,25.0,18.04,451,"[0, 3, 6, 9, 12, 16, 19, 22, 25, 28, 31, 34, 38, 41, 44, 47, 50, 53, 56, 59, 62, 66, 69, 72, 75, 78, 81, 84, 88, 91, 94, 97, 100, 103, 106, 109, 112, 116, 119, 122, 125, 128, 131, 134, 138, 141, 144, 147, 150, 153, 156, 159, 162, 166, 169, 172, 175, 178, 181, 184, 188, 191, 194, 197, 200, 203, 206, 209, 212, 216, 219, 222, 225, 228, 231, 234, 238, 241, 244, 247, 250, 253, 256, 259, 262, 266, 269, 272, 275, 278, 281, 284, 288, 291, 294, 297, 300, 303, 306, 309, 312, 316, 319, 322, 325, 328, 331, 334, 338, 341, 344, 347, 350, 353, 356, 359, 362, 366, 369, 372, 375, 378, 381, 384, 388, 391, 394, 397, 400, 403, 406, 409, 412, 416, 419, 422, 425, 428, 431, 434, 438, 441, 444, 447, 450]","[319, 322, 325, 328, 331, 334, 338, 341]","[288, 291, 294, 297, 300, 303, 306, 309, 312, 316, 319, 322, 325, 328, 331, 334]","[44, 47, 50, 53, 56, 59, 62, 66, 69, 72, 75, 78, 81, 84, 88, 91, 94, 97, 100, 103, 106, 109, 112, 116]","[331, 334, 338, 341, 344, 347, 350, 353, 356, 359, 362, 366, 369, 372, 375, 378, 381, 384, 388, 391, 394, 397, 400, 403, 406, 409, 412, 416, 419, 422, 425, 428]",comgenvid,fit,comgenvid:datasets/comgenvid/real/MSVD/1dYpcVv6n3Y_0_18.mp4,comgenvid:datasets/comgenvid/real/MSVD/1dYpcVv6n3Y_0_18.mp4,datasets/comgenvid/real/MSVD/1dYpcVv6n3Y_0_18.mp4,comgenvid:real-content:1dYpcVv6n3Y,MSVD,,,,cache/fit/target/fit/comgenvid/106.npz,b4801f74415fd831ba6a3b937fc214bd72411e5d6712ce01ceab15ecfe2c3a5a
datasets/comgenvid/real/MSVD/1dfR0A_BXjw_401_408.mp4,real,MSVD,29.97002997002997,7.007,210,"[0, 4, 7, 11, 15, 19, 22, 26, 30, 34, 37, 41, 45, 49, 52, 56, 60, 64, 67, 71, 75, 79, 82, 86, 90, 94, 97, 101, 105, 109, 112, 116, 120, 124, 127, 131, 135, 139, 142, 146, 150, 154, 157, 161, 165, 169, 172, 176, 180, 184, 187, 191, 195, 199, 202, 206]","[142, 146, 150, 154, 157, 161, 165, 169]","[105, 109, 112, 116, 120, 124, 127, 131, 135, 139, 142, 146, 150, 154, 157, 161]","[52, 56, 60, 64, 67, 71, 75, 79, 82, 86, 90, 94, 97, 101, 105, 109, 112, 116, 120, 124, 127, 131, 135, 139]","[37, 41, 45, 49, 52, 56, 60, 64, 67, 71, 75, 79, 82, 86, 90, 94, 97, 101, 105, 109, 112, 116, 120, 124, 127, 131, 135, 139, 142, 146, 150, 154]",comgenvid,fit,comgenvid:datasets/comgenvid/real/MSVD/1dfR0A_BXjw_401_408.mp4,comgenvid:datasets/comgenvid/real/MSVD/1dfR0A_BXjw_401_408.mp4,datasets/comgenvid/real/MSVD/1dfR0A_BXjw_401_408.mp4,comgenvid:real-content:1dfR0A_BXjw,MSVD,,,,cache/fit/target/fit/comgenvid/107.npz,daf84c50ebfaa72464933d45df2786d95f8152193824ac100f3e3a5f6b800cff
datasets/comgenvid/real/MSVD/1dfR0A_BXjw_441_448.mp4,real,MSVD,29.97002997002997,7.007,210,"[0, 4, 7, 11, 15, 19, 22, 26, 30, 34, 37, 41, 45, 49, 52, 56, 60, 64, 67, 71, 75, 79, 82, 86, 90, 94, 97, 101, 105, 109, 112, 116, 120, 124, 127, 131, 135, 139, 142, 146, 150, 154, 157, 161, 165, 169, 172, 176, 180, 184, 187, 191, 195, 199, 202, 206]","[142, 146, 150, 154, 157, 161, 165, 169]","[105, 109, 112, 116, 120, 124, 127, 131, 135, 139, 142, 146, 150, 154, 157, 161]","[52, 56, 60, 64, 67, 71, 75, 79, 82, 86, 90, 94, 97, 101, 105, 109, 112, 116, 120, 124, 127, 131, 135, 139]","[37, 41, 45, 49, 52, 56, 60, 64, 67, 71, 75, 79, 82, 86, 90, 94, 97, 101, 105, 109, 112, 116, 120, 124, 127, 131, 135, 139, 142, 146, 150, 154]",comgenvid,fit,comgenvid:datasets/comgenvid/real/MSVD/1dfR0A_BXjw_441_448.mp4,comgenvid:datasets/comgenvid/real/MSVD/1dfR0A_BXjw_441_448.mp4,datasets/comgenvid/real/MSVD/1dfR0A_BXjw_441_448.mp4,comgenvid:real-content:1dfR0A_BXjw,MSVD,,,,cache/fit/target/fit/comgenvid/108.npz,2f6b20dec87bfe37498d1159682aae57a84af6bd9eb32ccf6f74adc83dd504c9
datasets/comgenvid/real/MSVD/1dfR0A_BXjw_524_532.mp4,real,MSVD,29.97002997002997,8.008,240,"[0, 4, 7, 11, 15, 19, 22, 26, 30, 34, 37, 41, 45, 49, 52, 56, 60, 64, 67, 71, 75, 79, 82, 86, 90, 94, 97, 101, 105, 109, 112, 116, 120, 124, 127, 131, 135, 139, 142, 146, 150, 154, 157, 161, 165, 169, 172, 176, 180, 184, 187, 191, 195, 199, 202, 206, 210, 214, 217, 221, 225, 229, 232, 236]","[142, 146, 150, 154, 157, 161, 165, 169]","[105, 109, 112, 116, 120, 124, 127, 131, 135, 139, 142, 146, 150, 154, 157, 161]","[52, 56, 60, 64, 67, 71, 75, 79, 82, 86, 90, 94, 97, 101, 105, 109, 112, 116, 120, 124, 127, 131, 135, 139]","[26, 30, 34, 37, 41, 45, 49, 52, 56, 60, 64, 67, 71, 75, 79, 82, 86, 90, 94, 97, 101, 105, 109, 112, 116, 120, 124, 127, 131, 135, 139, 142]",comgenvid,fit,comgenvid:datasets/comgenvid/real/MSVD/1dfR0A_BXjw_524_532.mp4,comgenvid:datasets/comgenvid/real/MSVD/1dfR0A_BXjw_524_532.mp4,datasets/comgenvid/real/MSVD/1dfR0A_BXjw_524_532.mp4,comgenvid:real-content:1dfR0A_BXjw,MSVD,,,,cache/fit/target/fit/comgenvid/109.npz,513e23ea459ea543448e82ce40cea9695436a2e62905cdd8d2c45620e94e2089
datasets/comgenvid/real/MSVD/1dfR0A_BXjw_545_560.mp4,real,MSVD,29.97002997002997,15.015,450,"[0, 4, 7, 11, 15, 19, 22, 26, 30, 34, 37, 41, 45, 49, 52, 56, 60, 64, 67, 71, 75, 79, 82, 86, 90, 94, 97, 101, 105, 109, 112, 116, 120, 124, 127, 131, 135, 139, 142, 146, 150, 154, 157, 161, 165, 169, 172, 176, 180, 184, 187, 191, 195, 199, 202, 206, 210, 214, 217, 221, 225, 229, 232, 236, 240, 244, 247, 251, 255, 258, 262, 266, 270, 273, 277, 281, 285, 288, 292, 296, 300, 303, 307, 311, 315, 318, 322, 326, 330, 333, 337, 341, 345, 348, 352, 356, 360, 363, 367, 371, 375, 378, 382, 386, 390, 393, 397, 401, 405, 408, 412, 416, 420, 423, 427, 431, 435, 438, 442, 446]","[382, 386, 390, 393, 397, 401, 405, 408]","[191, 195, 199, 202, 206, 210, 214, 217, 221, 225, 229, 232, 236, 240, 244, 247]","[345, 348, 352, 356, 360, 363, 367, 371, 375, 378, 382, 386, 390, 393, 397, 401, 405, 408, 412, 416, 420, 423, 427, 431]","[52, 56, 60, 64, 67, 71, 75, 79, 82, 86, 90, 94, 97, 101, 105, 109, 112, 116, 120, 124, 127, 131, 135, 139, 142, 146, 150, 154, 157, 161, 165, 169]",comgenvid,fit,comgenvid:datasets/comgenvid/real/MSVD/1dfR0A_BXjw_545_560.mp4,comgenvid:datasets/comgenvid/real/MSVD/1dfR0A_BXjw_545_560.mp4,datasets/comgenvid/real/MSVD/1dfR0A_BXjw_545_560.mp4,comgenvid:real-content:1dfR0A_BXjw,MSVD,,,,cache/fit/target/fit/comgenvid/110.npz,4a546029f6d3804fc27c5eea06bad1eb65571f4818dca6b5c0c8ba625b3fbcc0
datasets/comgenvid/real/MSVD/1hPxGmTGarM_9_19.mp4,real,MSVD,25.0,10.04,251,"[0, 3, 6, 9, 12, 16, 19, 22, 25, 28, 31, 34, 38, 41, 44, 47, 50, 53, 56, 59, 62, 66, 69, 72, 75, 78, 81, 84, 88, 91, 94, 97, 100, 103, 106, 109, 112, 116, 119, 122, 125, 128, 131, 134, 138, 141, 144, 147, 150, 153, 156, 159, 162, 166, 169, 172, 175, 178, 181, 184, 188, 191, 194, 197, 200, 203, 206, 209, 212, 216, 219, 222, 225, 228, 231, 234, 238, 241, 244, 247, 250]","[159, 162, 166, 169, 172, 175, 178, 181]","[44, 47, 50, 53, 56, 59, 62, 66, 69, 72, 75, 78, 81, 84, 88, 91]","[131, 134, 138, 141, 144, 147, 150, 153, 156, 159, 162, 166, 169, 172, 175, 178, 181, 184, 188, 191, 194, 197, 200, 203]","[22, 25, 28, 31, 34, 38, 41, 44, 47, 50, 53, 56, 59, 62, 66, 69, 72, 75, 78, 81, 84, 88, 91, 94, 97, 100, 103, 106, 109, 112, 116, 119]",comgenvid,fit,comgenvid:datasets/comgenvid/real/MSVD/1hPxGmTGarM_9_19.mp4,comgenvid:datasets/comgenvid/real/MSVD/1hPxGmTGarM_9_19.mp4,datasets/comgenvid/real/MSVD/1hPxGmTGarM_9_19.mp4,comgenvid:real-content:1hPxGmTGarM,MSVD,,,,cache/fit/target/fit/comgenvid/111.npz,eb60aafa4b2ddc21305fc7f92e230d2f664e44afbdd70054465a7cc7f1c77283
datasets/comgenvid/real/MSVD/1mIyMRPV8kg_9_17.mp4,real,MSVD,15.0,8.066667,121,"[0, 2, 4, 6, 8, 9, 11, 13, 15, 17, 19, 21, 22, 24, 26, 28, 30, 32, 34, 36, 38, 39, 41, 43, 45, 47, 49, 51, 52, 54, 56, 58, 60, 62, 64, 66, 68, 69, 71, 73, 75, 77, 79, 81, 82, 84, 86, 88, 90, 92, 94, 96, 98, 99, 101, 103, 105, 107, 109, 111, 112, 114, 116, 118, 120]","[71, 73, 75, 77, 79, 81, 82, 84]","[52, 54, 56, 58, 60, 62, 64, 66, 68, 69, 71, 73, 75, 77, 79, 81]","[26, 28, 30, 32, 34, 36, 38, 39, 41, 43, 45, 47, 49, 51, 52, 54, 56, 58, 60, 62, 64, 66, 68, 69]","[13, 15, 17, 19, 21, 22, 24, 26, 28, 30, 32, 34, 36, 38, 39, 41, 43, 45, 47, 49, 51, 52, 54, 56, 58, 60, 62, 64, 66, 68, 69, 71]",comgenvid,fit,comgenvid:datasets/comgenvid/real/MSVD/1mIyMRPV8kg_9_17.mp4,comgenvid:datasets/comgenvid/real/MSVD/1mIyMRPV8kg_9_17.mp4,datasets/comgenvid/real/MSVD/1mIyMRPV8kg_9_17.mp4,comgenvid:real-content:1mIyMRPV8kg,MSVD,,,,cache/fit/target/fit/comgenvid/112.npz,b7c374bb54828e0def8b2b65bdf33016f4f1fea618488195f2db082586bc04ed
datasets/comgenvid/real/MSVD/1pw5ZdRhiig_50_59.mp4,real,MSVD,29.97002997002997,9.009,270,"[0, 4, 7, 11, 15, 19, 22, 26, 30, 34, 37, 41, 45, 49, 52, 56, 60, 64, 67, 71, 75, 79, 82, 86, 90, 94, 97, 101, 105, 109, 112, 116, 120, 124, 127, 131, 135, 139, 142, 146, 150, 154, 157, 161, 165, 169, 172, 176, 180, 184, 187, 191, 195, 199, 202, 206, 210, 214, 217, 221, 225, 229, 232, 236, 240, 244, 247, 251, 255, 258, 262, 266]","[191, 195, 199, 202, 206, 210, 214, 217]","[105, 109, 112, 116, 120, 124, 127, 131, 135, 139, 142, 146, 150, 154, 157, 161]","[52, 56, 60, 64, 67, 71, 75, 79, 82, 86, 90, 94, 97, 101, 105, 109, 112, 116, 120, 124, 127, 131, 135, 139]","[26, 30, 34, 37, 41, 45, 49, 52, 56, 60, 64, 67, 71, 75, 79, 82, 86, 90, 94, 97, 101, 105, 109, 112, 116, 120, 124, 127, 131, 135, 139, 142]",comgenvid,fit,comgenvid:datasets/comgenvid/real/MSVD/1pw5ZdRhiig_50_59.mp4,comgenvid:datasets/comgenvid/real/MSVD/1pw5ZdRhiig_50_59.mp4,datasets/comgenvid/real/MSVD/1pw5ZdRhiig_50_59.mp4,comgenvid:real-content:1pw5ZdRhiig,MSVD,,,,cache/fit/target/fit/comgenvid/113.npz,3a280675d3414425f3df1887b50757d152ab8fae81aad544744d3eb918c822db
datasets/comgenvid/real/MSVD/1qU-kF-km1Q_6_16.mp4,real,MSVD,14.985014985014985,10.01,150,"[0, 2, 4, 6, 7, 9, 11, 13, 15, 17, 19, 21, 22, 24, 26, 28, 30, 32, 34, 36, 37, 39, 41, 43, 45, 47, 49, 51, 52, 54, 56, 58, 60, 62, 64, 66, 67, 69, 71, 73, 75, 77, 79, 81, 82, 84, 86, 88, 90, 92, 94, 96, 97, 99, 101, 103, 105, 107, 109, 111, 112, 114, 116, 118, 120, 122, 124, 125, 127, 129, 131, 133, 135, 137, 139, 140, 142, 144, 146, 148]","[96, 97, 99, 101, 103, 105, 107, 109]","[26, 28, 30, 32, 34, 36, 37, 39, 41, 43, 45, 47, 49, 51, 52, 54]","[79, 81, 82, 84, 86, 88, 90, 92, 94, 96, 97, 99, 101, 103, 105, 107, 109, 111, 112, 114, 116, 118, 120, 122]","[13, 15, 17, 19, 21, 22, 24, 26, 28, 30, 32, 34, 36, 37, 39, 41, 43, 45, 47, 49, 51, 52, 54, 56, 58, 60, 62, 64, 66, 67, 69, 71]",comgenvid,fit,comgenvid:datasets/comgenvid/real/MSVD/1qU-kF-km1Q_6_16.mp4,comgenvid:datasets/comgenvid/real/MSVD/1qU-kF-km1Q_6_16.mp4,datasets/comgenvid/real/MSVD/1qU-kF-km1Q_6_16.mp4,comgenvid:real-content:1qU-kF-km1Q,MSVD,,,,cache/fit/target/fit/comgenvid/114.npz,eaffa3647c4b141ba7fedc8eb46630c1530068f0e69d15ca82bd8f08e19ae625
datasets/comgenvid/real/MSVD/1qV4wfjTYIo_151_164.mp4,real,MSVD,29.97002997002997,11.2112,336,"[0, 4, 7, 11, 15, 19, 22, 26, 30, 34, 37, 41, 45, 49, 52, 56, 60, 64, 67, 71, 75, 79, 82, 86, 90, 94, 97, 101, 105, 109, 112, 116, 120, 124, 127, 131, 135, 139, 142, 146, 150, 154, 157, 161, 165, 169, 172, 176, 180, 184, 187, 191, 195, 199, 202, 206, 210, 214, 217, 221, 225, 229, 232, 236, 240, 244, 247, 251, 255, 258, 262, 266, 270, 273, 277, 281, 285, 288, 292, 296, 300, 303, 307, 311, 315, 318, 322, 326, 330, 333]","[191, 195, 199, 202, 206, 210, 214, 217]","[52, 56, 60, 64, 67, 71, 75, 79, 82, 86, 90, 94, 97, 101, 105, 109]","[225, 229, 232, 236, 240, 244, 247, 251, 255, 258, 262, 266, 270, 273, 277, 281, 285, 288, 292, 296, 300, 303, 307, 311]","[75, 79, 82, 86, 90, 94, 97, 101, 105, 109, 112, 116, 120, 124, 127, 131, 135, 139, 142, 146, 150, 154, 157, 161, 165, 169, 172, 176, 180, 184, 187, 191]",comgenvid,fit,comgenvid:datasets/comgenvid/real/MSVD/1qV4wfjTYIo_151_164.mp4,comgenvid:datasets/comgenvid/real/MSVD/1qV4wfjTYIo_151_164.mp4,datasets/comgenvid/real/MSVD/1qV4wfjTYIo_151_164.mp4,comgenvid:real-content:1qV4wfjTYIo,MSVD,,,,cache/fit/target/fit/comgenvid/115.npz,169314bb344107340727bdb6e26d2de80842104106dfa52ed555d8d5597cb22f
datasets/comgenvid/real/MSVD/1qxMJLkHDLw_0_9.mp4,real,MSVD,25.0,9.04,226,"[0, 3, 6, 9, 12, 16, 19, 22, 25, 28, 31, 34, 38, 41, 44, 47, 50, 53, 56, 59, 62, 66, 69, 72, 75, 78, 81, 84, 88, 91, 94, 97, 100, 103, 106, 109, 112, 116, 119, 122, 125, 128, 131, 134, 138, 141, 144, 147, 150, 153, 156, 159, 162, 166, 169, 172, 175, 178, 181, 184, 188, 191, 194, 197, 200, 203, 206, 209, 212, 216, 219, 222, 225]","[159, 162, 166, 169, 172, 175, 178, 181]","[88, 91, 94, 97, 100, 103, 106, 109, 112, 116, 119, 122, 125, 128, 131, 134]","[44, 47, 50, 53, 56, 59, 62, 66, 69, 72, 75, 78, 81, 84, 88, 91, 94, 97, 100, 103, 106, 109, 112, 116]","[22, 25, 28, 31, 34, 38, 41, 44, 47, 50, 53, 56, 59, 62, 66, 69, 72, 75, 78, 81, 84, 88, 91, 94, 97, 100, 103, 106, 109, 112, 116, 119]",comgenvid,fit,comgenvid:datasets/comgenvid/real/MSVD/1qxMJLkHDLw_0_9.mp4,comgenvid:datasets/comgenvid/real/MSVD/1qxMJLkHDLw_0_9.mp4,datasets/comgenvid/real/MSVD/1qxMJLkHDLw_0_9.mp4,comgenvid:real-content:1qxMJLkHDLw,MSVD,,,,cache/fit/target/fit/comgenvid/116.npz,a14612e0dfc70903b51dd3b6042b065e3798f7cffae6f043db962452de275639
datasets/comgenvid/real/MSVD/1rECrfrdNTo_200_207.mp4,real,MSVD,30.0,7.033333,211,"[0, 4, 8, 11, 15, 19, 22, 26, 30, 34, 38, 41, 45, 49, 52, 56, 60, 64, 68, 71, 75, 79, 82, 86, 90, 94, 98, 101, 105, 109, 112, 116, 120, 124, 128, 131, 135, 139, 142, 146, 150, 154, 158, 161, 165, 169, 172, 176, 180, 184, 188, 191, 195, 199, 202, 206, 210]","[142, 146, 150, 154, 158, 161, 165, 169]","[105, 109, 112, 116, 120, 124, 128, 131, 135, 139, 142, 146, 150, 154, 158, 161]","[52, 56, 60, 64, 68, 71, 75, 79, 82, 86, 90, 94, 98, 101, 105, 109, 112, 116, 120, 124, 128, 131, 135, 139]","[38, 41, 45, 49, 52, 56, 60, 64, 68, 71, 75, 79, 82, 86, 90, 94, 98, 101, 105, 109, 112, 116, 120, 124, 128, 131, 135, 139, 142, 146, 150, 154]",comgenvid,fit,comgenvid:datasets/comgenvid/real/MSVD/1rECrfrdNTo_200_207.mp4,comgenvid:datasets/comgenvid/real/MSVD/1rECrfrdNTo_200_207.mp4,datasets/comgenvid/real/MSVD/1rECrfrdNTo_200_207.mp4,comgenvid:real-content:1rECrfrdNTo,MSVD,,,,cache/fit/target/fit/comgenvid/117.npz,66d7fb594cfa3e502fa7a68740e0554340ac9d955e2ed7b6cb61b49b5299f89b
datasets/comgenvid/real/MSVD/1sffYOXq4Iw_23_49.mp4,real,MSVD,29.97002997002997,26.026,780,"[0, 4, 7, 11, 15, 19, 22, 26, 30, 34, 37, 41, 45, 49, 52, 56, 60, 64, 67, 71, 75, 79, 82, 86, 90, 94, 97, 101, 105, 109, 112, 116, 120, 124, 127, 131, 135, 139, 142, 146, 150, 154, 157, 161, 165, 169, 172, 176, 180, 184, 187, 191, 195, 199, 202, 206, 210, 214, 217, 221, 225, 229, 232, 236, 240, 244, 247, 251, 255, 258, 262, 266, 270, 273, 277, 281, 285, 288, 292, 296, 300, 303, 307, 311, 315, 318, 322, 326, 330, 333, 337, 341, 345, 348, 352, 356, 360, 363, 367, 371, 375, 378, 382, 386, 390, 393, 397, 401, 405, 408, 412, 416, 420, 423, 427, 431, 435, 438, 442, 446, 450, 453, 457, 461, 465, 468, 472, 476, 480, 483, 487, 491, 495, 498, 502, 506, 509, 513, 517, 521, 524, 528, 532, 536, 539, 543, 547, 551, 554, 558, 562, 566, 569, 573, 577, 581, 584, 588, 592, 596, 599, 603, 607, 611, 614, 618, 622, 626, 629, 633, 637, 641, 644, 648, 652, 656, 659, 663, 667, 671, 674, 678, 682, 686, 689, 693, 697, 701, 704, 708, 712, 716, 719, 723, 727, 731, 734, 738, 742, 746, 749, 753, 757, 760, 764, 768, 772, 775, 779]","[382, 386, 390, 393, 397, 401, 405, 408]","[671, 674, 678, 682, 686, 689, 693, 697, 701, 704, 708, 712, 716, 719, 723, 727]","[345, 348, 352, 356, 360, 363, 367, 371, 375, 378, 382, 386, 390, 393, 397, 401, 405, 408, 412, 416, 420, 423, 427, 431]","[52, 56, 60, 64, 67, 71, 75, 79, 82, 86, 90, 94, 97, 101, 105, 109, 112, 116, 120, 124, 127, 131, 135, 139, 142, 146, 150, 154, 157, 161, 165, 169]",comgenvid,fit,comgenvid:datasets/comgenvid/real/MSVD/1sffYOXq4Iw_23_49.mp4,comgenvid:datasets/comgenvid/real/MSVD/1sffYOXq4Iw_23_49.mp4,datasets/comgenvid/real/MSVD/1sffYOXq4Iw_23_49.mp4,comgenvid:real-content:1sffYOXq4Iw,MSVD,,,,cache/fit/target/fit/comgenvid/118.npz,42b4ccae431ad6b86bff3b6afeab6f7ec9050277400209e23387fdd5c52f9df6
datasets/comgenvid/real/MSVD/21uB8g-jDZI_70_79.mp4,real,MSVD,29.97002997002997,9.009,270,"[0, 4, 7, 11, 15, 19, 22, 26, 30, 34, 37, 41, 45, 49, 52, 56, 60, 64, 67, 71, 75, 79, 82, 86, 90, 94, 97, 101, 105, 109, 112, 116, 120, 124, 127, 131, 135, 139, 142, 146, 150, 154, 157, 161, 165, 169, 172, 176, 180, 184, 187, 191, 195, 199, 202, 206, 210, 214, 217, 221, 225, 229, 232, 236, 240, 244, 247, 251, 255, 258, 262, 266]","[191, 195, 199, 202, 206, 210, 214, 217]","[105, 109, 112, 116, 120, 124, 127, 131, 135, 139, 142, 146, 150, 154, 157, 161]","[52, 56, 60, 64, 67, 71, 75, 79, 82, 86, 90, 94, 97, 101, 105, 109, 112, 116, 120, 124, 127, 131, 135, 139]","[26, 30, 34, 37, 41, 45, 49, 52, 56, 60, 64, 67, 71, 75, 79, 82, 86, 90, 94, 97, 101, 105, 109, 112, 116, 120, 124, 127, 131, 135, 139, 142]",comgenvid,fit,comgenvid:datasets/comgenvid/real/MSVD/21uB8g-jDZI_70_79.mp4,comgenvid:datasets/comgenvid/real/MSVD/21uB8g-jDZI_70_79.mp4,datasets/comgenvid/real/MSVD/21uB8g-jDZI_70_79.mp4,comgenvid:real-content:21uB8g-jDZI,MSVD,,,,cache/fit/target/fit/comgenvid/119.npz,3c480e3a71734eea87f6959a2ca22a3f174a257c025db637a60d8b02699ac794
datasets/comgenvid/real/MSVD/229NvV0SRHw_0_5.mp4,real,MSVD,30.0,5.033333,151,"[0, 4, 8, 11, 15, 19, 22, 26, 30, 34, 38, 41, 45, 49, 52, 56, 60, 64, 68, 71, 75, 79, 82, 86, 90, 94, 98, 101, 105, 109, 112, 116, 120, 124, 128, 131, 135, 139, 142, 146, 150]","[105, 109, 112, 116, 120, 124, 128, 131]","[52, 56, 60, 64, 68, 71, 75, 79, 82, 86, 90, 94, 98, 101, 105, 109]","[38, 41, 45, 49, 52, 56, 60, 64, 68, 71, 75, 79, 82, 86, 90, 94, 98, 101, 105, 109, 112, 116, 120, 124]","[26, 30, 34, 38, 41, 45, 49, 52, 56, 60, 64, 68, 71, 75, 79, 82, 86, 90, 94, 98, 101, 105, 109, 112, 116, 120, 124, 128, 131, 135, 139, 142]",comgenvid,fit,comgenvid:datasets/comgenvid/real/MSVD/229NvV0SRHw_0_5.mp4,comgenvid:datasets/comgenvid/real/MSVD/229NvV0SRHw_0_5.mp4,datasets/comgenvid/real/MSVD/229NvV0SRHw_0_5.mp4,comgenvid:real-content:229NvV0SRHw,MSVD,,,,cache/fit/target/fit/comgenvid/120.npz,5f7762a83bdc5d6f606960742f73aab9d0cb7f746eb26e8da98e56500a981328
datasets/comgenvid/real/MSVD/25NmudB2fqg_0_7.mp4,real,MSVD,25.0,7.04,176,"[0, 3, 6, 9, 12, 16, 19, 22, 25, 28, 31, 34, 38, 41, 44, 47, 50, 53, 56, 59, 62, 66, 69, 72, 75, 78, 81, 84, 88, 91, 94, 97, 100, 103, 106, 109, 112, 116, 119, 122, 125, 128, 131, 134, 138, 141, 144, 147, 150, 153, 156, 159, 162, 166, 169, 172, 175]","[119, 122, 125, 128, 131, 134, 138, 141]","[88, 91, 94, 97, 100, 103, 106, 109, 112, 116, 119, 122, 125, 128, 131, 134]","[44, 47, 50, 53, 56, 59, 62, 66, 69, 72, 75, 78, 81, 84, 88, 91, 94, 97, 100, 103, 106, 109, 112, 116]","[31, 34, 38, 41, 44, 47, 50, 53, 56, 59, 62, 66, 69, 72, 75, 78, 81, 84, 88, 91, 94, 97, 100, 103, 106, 109, 112, 116, 119, 122, 125, 128]",comgenvid,fit,comgenvid:datasets/comgenvid/real/MSVD/25NmudB2fqg_0_7.mp4,comgenvid:datasets/comgenvid/real/MSVD/25NmudB2fqg_0_7.mp4,datasets/comgenvid/real/MSVD/25NmudB2fqg_0_7.mp4,comgenvid:real-content:25NmudB2fqg,MSVD,,,,cache/fit/target/fit/comgenvid/121.npz,4204b9ea31da94b77a3931fde1b6e0aa1bdb9775537bfe70d23302e347011c98
datasets/comgenvid/real/MSVD/27hs9W89FuI_0_10.mp4,real,MSVD,25.0,10.04,251,"[0, 3, 6, 9, 12, 16, 19, 22, 25, 28, 31, 34, 38, 41, 44, 47, 50, 53, 56, 59, 62, 66, 69, 72, 75, 78, 81, 84, 88, 91, 94, 97, 100, 103, 106, 109, 112, 116, 119, 122, 125, 128, 131, 134, 138, 141, 144, 147, 150, 153, 156, 159, 162, 166, 169, 172, 175, 178, 181, 184, 188, 191, 194, 197, 200, 203, 206, 209, 212, 216, 219, 222, 225, 228, 231, 234, 238, 241, 244, 247, 250]","[159, 162, 166, 169, 172, 175, 178, 181]","[44, 47, 50, 53, 56, 59, 62, 66, 69, 72, 75, 78, 81, 84, 88, 91]","[131, 134, 138, 141, 144, 147, 150, 153, 156, 159, 162, 166, 169, 172, 175, 178, 181, 184, 188, 191, 194, 197, 200, 203]","[22, 25, 28, 31, 34, 38, 41, 44, 47, 50, 53, 56, 59, 62, 66, 69, 72, 75, 78, 81, 84, 88, 91, 94, 97, 100, 103, 106, 109, 112, 116, 119]",comgenvid,fit,comgenvid:datasets/comgenvid/real/MSVD/27hs9W89FuI_0_10.mp4,comgenvid:datasets/comgenvid/real/MSVD/27hs9W89FuI_0_10.mp4,datasets/comgenvid/real/MSVD/27hs9W89FuI_0_10.mp4,comgenvid:real-content:27hs9W89FuI,MSVD,,,,cache/fit/target/fit/comgenvid/122.npz,de76ff437c6567860480b14006fff4910edb65cb6f3a49d6d3556456d0da847e
datasets/comgenvid/real/MSVD/27mxaePkYB4_8_14.mp4,real,MSVD,29.97002997002997,6.006,180,"[0, 4, 7, 11, 15, 19, 22, 26, 30, 34, 37, 41, 45, 49, 52, 56, 60, 64, 67, 71, 75, 79, 82, 86, 90, 94, 97, 101, 105, 109, 112, 116, 120, 124, 127, 131, 135, 139, 142, 146, 150, 154, 157, 161, 165, 169, 172, 176]","[142, 146, 150, 154, 157, 161, 165, 169]","[105, 109, 112, 116, 120, 124, 127, 131, 135, 139, 142, 146, 150, 154, 157, 161]","[52, 56, 60, 64, 67, 71, 75, 79, 82, 86, 90, 94, 97, 101, 105, 109, 112, 116, 120, 124, 127, 131, 135, 139]","[37, 41, 45, 49, 52, 56, 60, 64, 67, 71, 75, 79, 82, 86, 90, 94, 97, 101, 105, 109, 112, 116, 120, 124, 127, 131, 135, 139, 142, 146, 150, 154]",comgenvid,fit,comgenvid:datasets/comgenvid/real/MSVD/27mxaePkYB4_8_14.mp4,comgenvid:datasets/comgenvid/real/MSVD/27mxaePkYB4_8_14.mp4,datasets/comgenvid/real/MSVD/27mxaePkYB4_8_14.mp4,comgenvid:real-content:27mxaePkYB4,MSVD,,,,cache/fit/target/fit/comgenvid/123.npz,3c4f1b7c878099e0fd459c5451715427046c7f4f95d1f6802a07825355d02312
datasets/comgenvid/real/MSVD/2F9jX7u5nOg_114_130.mp4,real,MSVD,29.916666666666668,16.011142,479,"[0, 4, 7, 11, 15, 19, 22, 26, 30, 34, 37, 41, 45, 49, 52, 56, 60, 64, 67, 71, 75, 79, 82, 86, 90, 93, 97, 101, 105, 108, 112, 116, 120, 123, 127, 131, 135, 138, 142, 146, 150, 153, 157, 161, 165, 168, 172, 176, 180, 183, 187, 191, 194, 198, 202, 206, 209, 213, 217, 221, 224, 228, 232, 236, 239, 243, 247, 251, 254, 258, 262, 266, 269, 273, 277, 280, 284, 288, 292, 295, 299, 303, 307, 310, 314, 318, 322, 325, 329, 333, 337, 340, 344, 348, 352, 355, 359, 363, 366, 370, 374, 378, 381, 385, 389, 393, 396, 400, 404, 408, 411, 415, 419, 423, 426, 430, 434, 438, 441, 445, 449, 452, 456, 460, 464, 467, 471, 475]","[381, 385, 389, 393, 396, 400, 404, 408]","[191, 194, 198, 202, 206, 209, 213, 217, 221, 224, 228, 232, 236, 239, 243, 247]","[344, 348, 352, 355, 359, 363, 366, 370, 374, 378, 381, 385, 389, 393, 396, 400, 404, 408, 411, 415, 419, 423, 426, 430]","[52, 56, 60, 64, 67, 71, 75, 79, 82, 86, 90, 93, 97, 101, 105, 108, 112, 116, 120, 123, 127, 131, 135, 138, 142, 146, 150, 153, 157, 161, 165, 168]",comgenvid,fit,comgenvid:datasets/comgenvid/real/MSVD/2F9jX7u5nOg_114_130.mp4,comgenvid:datasets/comgenvid/real/MSVD/2F9jX7u5nOg_114_130.mp4,datasets/comgenvid/real/MSVD/2F9jX7u5nOg_114_130.mp4,comgenvid:real-content:2F9jX7u5nOg,MSVD,,,,cache/fit/target/fit/comgenvid/124.npz,3a95ca4fb65a8acd9a9c91a7b84991275bf585a812579d884bc5b4a7d556edbb
datasets/comgenvid/real/MSVD/2F9jX7u5nOg_83_97.mp4,real,MSVD,29.916666666666668,14.005571,419,"[0, 4, 7, 11, 15, 19, 22, 26, 30, 34, 37, 41, 45, 49, 52, 56, 60, 64, 67, 71, 75, 79, 82, 86, 90, 93, 97, 101, 105, 108, 112, 116, 120, 123, 127, 131, 135, 138, 142, 146, 150, 153, 157, 161, 165, 168, 172, 176, 180, 183, 187, 191, 194, 198, 202, 206, 209, 213, 217, 221, 224, 228, 232, 236, 239, 243, 247, 251, 254, 258, 262, 266, 269, 273, 277, 280, 284, 288, 292, 295, 299, 303, 307, 310, 314, 318, 322, 325, 329, 333, 337, 340, 344, 348, 352, 355, 359, 363, 366, 370, 374, 378, 381, 385, 389, 393, 396, 400, 404, 408, 411, 415]","[381, 385, 389, 393, 396, 400, 404, 408]","[191, 194, 198, 202, 206, 209, 213, 217, 221, 224, 228, 232, 236, 239, 243, 247]","[52, 56, 60, 64, 67, 71, 75, 79, 82, 86, 90, 93, 97, 101, 105, 108, 112, 116, 120, 123, 127, 131, 135, 138]","[266, 269, 273, 277, 280, 284, 288, 292, 295, 299, 303, 307, 310, 314, 318, 322, 325, 329, 333, 337, 340, 344, 348, 352, 355, 359, 363, 366, 370, 374, 378, 381]",comgenvid,fit,comgenvid:datasets/comgenvid/real/MSVD/2F9jX7u5nOg_83_97.mp4,comgenvid:datasets/comgenvid/real/MSVD/2F9jX7u5nOg_83_97.mp4,datasets/comgenvid/real/MSVD/2F9jX7u5nOg_83_97.mp4,comgenvid:real-content:2F9jX7u5nOg,MSVD,,,,cache/fit/target/fit/comgenvid/125.npz,24f0d0eb78b9ef87a0741a6e60e30c80235807a9eb77b0ecc02e97a13018ff8b
datasets/comgenvid/real/MSVD/2FLsMPsywRc_45_63.mp4,real,MSVD,30.0,18.033333,541,"[0, 4, 8, 11, 15, 19, 22, 26, 30, 34, 38, 41, 45, 49, 52, 56, 60, 64, 68, 71, 75, 79, 82, 86, 90, 94, 98, 101, 105, 109, 112, 116, 120, 124, 128, 131, 135, 139, 142, 146, 150, 154, 158, 161, 165, 169, 172, 176, 180, 184, 188, 191, 195, 199, 202, 206, 210, 214, 218, 221, 225, 229, 232, 236, 240, 244, 248, 251, 255, 259, 262, 266, 270, 274, 278, 281, 285, 289, 292, 296, 300, 304, 308, 311, 315, 319, 322, 326, 330, 334, 338, 341, 345, 349, 352, 356, 360, 364, 368, 371, 375, 379, 382, 386, 390, 394, 398, 401, 405, 409, 412, 416, 420, 424, 428, 431, 435, 439, 442, 446, 450, 454, 458, 461, 465, 469, 472, 476, 480, 484, 488, 491, 495, 499, 502, 506, 510, 514, 518, 521, 525, 529, 532, 536, 540]","[382, 386, 390, 394, 398, 401, 405, 409]","[345, 349, 352, 356, 360, 364, 368, 371, 375, 379, 382, 386, 390, 394, 398, 401]","[52, 56, 60, 64, 68, 71, 75, 79, 82, 86, 90, 94, 98, 101, 105, 109, 112, 116, 120, 124, 128, 131, 135, 139]","[398, 401, 405, 409, 412, 416, 420, 424, 428, 431, 435, 439, 442, 446, 450, 454, 458, 461, 465, 469, 472, 476, 480, 484, 488, 491, 495, 499, 502, 506, 510, 514]",comgenvid,fit,comgenvid:datasets/comgenvid/real/MSVD/2FLsMPsywRc_45_63.mp4,comgenvid:datasets/comgenvid/real/MSVD/2FLsMPsywRc_45_63.mp4,datasets/comgenvid/real/MSVD/2FLsMPsywRc_45_63.mp4,comgenvid:real-content:2FLsMPsywRc,MSVD,,,,cache/fit/target/fit/comgenvid/126.npz,d573d351fdd56ec5a28165cb2e9243af685566cdbe6728b75c1c71136a7a9169
datasets/comgenvid/real/MSVD/2G9fkvBzzQE_10_20.mp4,real,MSVD,29.97002997002997,10.01,300,"[0, 4, 7, 11, 15, 19, 22, 26, 30, 34, 37, 41, 45, 49, 52, 56, 60, 64, 67, 71, 75, 79, 82, 86, 90, 94, 97, 101, 105, 109, 112, 116, 120, 124, 127, 131, 135, 139, 142, 146, 150, 154, 157, 161, 165, 169, 172, 176, 180, 184, 187, 191, 195, 199, 202, 206, 210, 214, 217, 221, 225, 229, 232, 236, 240, 244, 247, 251, 255, 258, 262, 266, 270, 273, 277, 281, 285, 288, 292, 296]","[191, 195, 199, 202, 206, 210, 214, 217]","[52, 56, 60, 64, 67, 71, 75, 79, 82, 86, 90, 94, 97, 101, 105, 109]","[157, 161, 165, 169, 172, 176, 180, 184, 187, 191, 195, 199, 202, 206, 210, 214, 217, 221, 225, 229, 232, 236, 240, 244]","[26, 30, 34, 37, 41, 45, 49, 52, 56, 60, 64, 67, 71, 75, 79, 82, 86, 90, 94, 97, 101, 105, 109, 112, 116, 120, 124, 127, 131, 135, 139, 142]",comgenvid,fit,comgenvid:datasets/comgenvid/real/MSVD/2G9fkvBzzQE_10_20.mp4,comgenvid:datasets/comgenvid/real/MSVD/2G9fkvBzzQE_10_20.mp4,datasets/comgenvid/real/MSVD/2G9fkvBzzQE_10_20.mp4,comgenvid:real-content:2G9fkvBzzQE,MSVD,,,,cache/fit/target/fit/comgenvid/127.npz,dcf20e9b104f91d641697b73737e21073ac4206e6e5be64831e219d14ef0c14c
datasets/comgenvid/real/MSVD/2I20ZTFHheg_96_104.mp4,real,MSVD,29.97002997002997,8.008,240,"[0, 4, 7, 11, 15, 19, 22, 26, 30, 34, 37, 41, 45, 49, 52, 56, 60, 64, 67, 71, 75, 79, 82, 86, 90, 94, 97, 101, 105, 109, 112, 116, 120, 124, 127, 131, 135, 139, 142, 146, 150, 154, 157, 161, 165, 169, 172, 176, 180, 184, 187, 191, 195, 199, 202, 206, 210, 214, 217, 221, 225, 229, 232, 236]","[142, 146, 150, 154, 157, 161, 165, 169]","[105, 109, 112, 116, 120, 124, 127, 131, 135, 139, 142, 146, 150, 154, 157, 161]","[52, 56, 60, 64, 67, 71, 75, 79, 82, 86, 90, 94, 97, 101, 105, 109, 112, 116, 120, 124, 127, 131, 135, 139]","[26, 30, 34, 37, 41, 45, 49, 52, 56, 60, 64, 67, 71, 75, 79, 82, 86, 90, 94, 97, 101, 105, 109, 112, 116, 120, 124, 127, 131, 135, 139, 142]",comgenvid,fit,comgenvid:datasets/comgenvid/real/MSVD/2I20ZTFHheg_96_104.mp4,comgenvid:datasets/comgenvid/real/MSVD/2I20ZTFHheg_96_104.mp4,datasets/comgenvid/real/MSVD/2I20ZTFHheg_96_104.mp4,comgenvid:real-content:2I20ZTFHheg,MSVD,,,,cache/fit/target/fit/comgenvid/128.npz,56e9a309d8513795027b381cc301d5d03f0128ee778526ece50314812d4bf7ff
datasets/comgenvid/real/MSVD/2KrdBUFeFtY_22_27.mp4,real,MSVD,15.0,5.066667,76,"[0, 2, 4, 6, 8, 9, 11, 13, 15, 17, 19, 21, 22, 24, 26, 28, 30, 32, 34, 36, 38, 39, 41, 43, 45, 47, 49, 51, 52, 54, 56, 58, 60, 62, 64, 66, 68, 69, 71, 73, 75]","[52, 54, 56, 58, 60, 62, 64, 66]","[26, 28, 30, 32, 34, 36, 38, 39, 41, 43, 45, 47, 49, 51, 52, 54]","[19, 21, 22, 24, 26, 28, 30, 32, 34, 36, 38, 39, 41, 43, 45, 47, 49, 51, 52, 54, 56, 58, 60, 62]","[13, 15, 17, 19, 21, 22, 24, 26, 28, 30, 32, 34, 36, 38, 39, 41, 43, 45, 47, 49, 51, 52, 54, 56, 58, 60, 62, 64, 66, 68, 69, 71]",comgenvid,fit,comgenvid:datasets/comgenvid/real/MSVD/2KrdBUFeFtY_22_27.mp4,comgenvid:datasets/comgenvid/real/MSVD/2KrdBUFeFtY_22_27.mp4,datasets/comgenvid/real/MSVD/2KrdBUFeFtY_22_27.mp4,comgenvid:real-content:2KrdBUFeFtY,MSVD,,,,cache/fit/target/fit/comgenvid/129.npz,142945967f48b5f3656352cf2d03cd962d2d7d3324f17ef066dabd032de9bc01
datasets/comgenvid/real/MSVD/2L4oELbX8Ms_1_12.mp4,real,MSVD,29.97002997002997,9.042367,271,"[0, 4, 7, 11, 15, 19, 22, 26, 30, 34, 37, 41, 45, 49, 52, 56, 60, 64, 67, 71, 75, 79, 82, 86, 90, 94, 97, 101, 105, 109, 112, 116, 120, 124, 127, 131, 135, 139, 142, 146, 150, 154, 157, 161, 165, 169, 172, 176, 180, 184, 187, 191, 195, 199, 202, 206, 210, 214, 217, 221, 225, 229, 232, 236, 240, 244, 247, 251, 255, 258, 262, 266, 270]","[191, 195, 199, 202, 206, 210, 214, 217]","[105, 109, 112, 116, 120, 124, 127, 131, 135, 139, 142, 146, 150, 154, 157, 161]","[52, 56, 60, 64, 67, 71, 75, 79, 82, 86, 90, 94, 97, 101, 105, 109, 112, 116, 120, 124, 127, 131, 135, 139]","[26, 30, 34, 37, 41, 45, 49, 52, 56, 60, 64, 67, 71, 75, 79, 82, 86, 90, 94, 97, 101, 105, 109, 112, 116, 120, 124, 127, 131, 135, 139, 142]",comgenvid,fit,comgenvid:datasets/comgenvid/real/MSVD/2L4oELbX8Ms_1_12.mp4,comgenvid:datasets/comgenvid/real/MSVD/2L4oELbX8Ms_1_12.mp4,datasets/comgenvid/real/MSVD/2L4oELbX8Ms_1_12.mp4,comgenvid:real-content:2L4oELbX8Ms,MSVD,,,,cache/fit/target/fit/comgenvid/130.npz,29cb7c300c99fb5be595ec169e0909fc1906a44ea483447702d63a389f173201
datasets/comgenvid/real/MSVD/2LgrGHWSy6k_122_135.mp4,real,MSVD,25.0,13.04,326,"[0, 3, 6, 9, 12, 16, 19, 22, 25, 28, 31, 34, 38, 41, 44, 47, 50, 53, 56, 59, 62, 66, 69, 72, 75, 78, 81, 84, 88, 91, 94, 97, 100, 103, 106, 109, 112, 116, 119, 122, 125, 128, 131, 134, 138, 141, 144, 147, 150, 153, 156, 159, 162, 166, 169, 172, 175, 178, 181, 184, 188, 191, 194, 197, 200, 203, 206, 209, 212, 216, 219, 222, 225, 228, 231, 234, 238, 241, 244, 247, 250, 253, 256, 259, 262, 266, 269, 272, 275, 278, 281, 284, 288, 291, 294, 297, 300, 303, 306, 309, 312, 316, 319, 322, 325]","[159, 162, 166, 169, 172, 175, 178, 181]","[44, 47, 50, 53, 56, 59, 62, 66, 69, 72, 75, 78, 81, 84, 88, 91]","[222, 225, 228, 231, 234, 238, 241, 244, 247, 250, 253, 256, 259, 262, 266, 269, 272, 275, 278, 281, 284, 288, 291, 294]","[188, 191, 194, 197, 200, 203, 206, 209, 212, 216, 219, 222, 225, 228, 231, 234, 238, 241, 244, 247, 250, 253, 256, 259, 262, 266, 269, 272, 275, 278, 281, 284]",comgenvid,fit,comgenvid:datasets/comgenvid/real/MSVD/2LgrGHWSy6k_122_135.mp4,comgenvid:datasets/comgenvid/real/MSVD/2LgrGHWSy6k_122_135.mp4,datasets/comgenvid/real/MSVD/2LgrGHWSy6k_122_135.mp4,comgenvid:real-content:2LgrGHWSy6k,MSVD,,,,cache/fit/target/fit/comgenvid/131.npz,4b714b8ac362230e4930738cd7988793cba54381b5103d3e04b434639df2167a
datasets/comgenvid/real/MSVD/2MCpA01Sn_c_75_82.mp4,real,MSVD,29.916666666666668,7.019499,210,"[0, 4, 7, 11, 15, 19, 22, 26, 30, 34, 37, 41, 45, 49, 52, 56, 60, 64, 67, 71, 75, 79, 82, 86, 90, 93, 97, 101, 105, 108, 112, 116, 120, 123, 127, 131, 135, 138, 142, 146, 150, 153, 157, 161, 165, 168, 172, 176, 180, 183, 187, 191, 194, 198, 202, 206, 209]","[142, 146, 150, 153, 157, 161, 165, 168]","[105, 108, 112, 116, 120, 123, 127, 131, 135, 138, 142, 146, 150, 153, 157, 161]","[52, 56, 60, 64, 67, 71, 75, 79, 82, 86, 90, 93, 97, 101, 105, 108, 112, 116, 120, 123, 127, 131, 135, 138]","[37, 41, 45, 49, 52, 56, 60, 64, 67, 71, 75, 79, 82, 86, 90, 93, 97, 101, 105, 108, 112, 116, 120, 123, 127, 131, 135, 138, 142, 146, 150, 153]",comgenvid,fit,comgenvid:datasets/comgenvid/real/MSVD/2MCpA01Sn_c_75_82.mp4,comgenvid:datasets/comgenvid/real/MSVD/2MCpA01Sn_c_75_82.mp4,datasets/comgenvid/real/MSVD/2MCpA01Sn_c_75_82.mp4,comgenvid:real-content:2MCpA01Sn_c,MSVD,,,,cache/fit/target/fit/comgenvid/132.npz,170d572580cdf924c4dcea72e5cf8e973a36cb72f602e93fc7e52a7e374c716f
datasets/comgenvid/real/MSVD/2Nn2CAeaI5k_72_77.mp4,real,MSVD,14.985014985014985,5.005,75,"[0, 2, 4, 6, 7, 9, 11, 13, 15, 17, 19, 21, 22, 24, 26, 28, 30, 32, 34, 36, 37, 39, 41, 43, 45, 47, 49, 51, 52, 54, 56, 58, 60, 62, 64, 66, 67, 69, 71, 73]","[52, 54, 56, 58, 60, 62, 64, 66]","[26, 28, 30, 32, 34, 36, 37, 39, 41, 43, 45, 47, 49, 51, 52, 54]","[19, 21, 22, 24, 26, 28, 30, 32, 34, 36, 37, 39, 41, 43, 45, 47, 49, 51, 52, 54, 56, 58, 60, 62]","[13, 15, 17, 19, 21, 22, 24, 26, 28, 30, 32, 34, 36, 37, 39, 41, 43, 45, 47, 49, 51, 52, 54, 56, 58, 60, 62, 64, 66, 67, 69, 71]",comgenvid,fit,comgenvid:datasets/comgenvid/real/MSVD/2Nn2CAeaI5k_72_77.mp4,comgenvid:datasets/comgenvid/real/MSVD/2Nn2CAeaI5k_72_77.mp4,datasets/comgenvid/real/MSVD/2Nn2CAeaI5k_72_77.mp4,comgenvid:real-content:2Nn2CAeaI5k,MSVD,,,,cache/fit/target/fit/comgenvid/133.npz,f7472d49732e7815edc29dad0c6c1b3b341bdaf33daca395ed910567f08e4066
datasets/comgenvid/real/MSVD/2R_OAYQIkXM_14_22.mp4,real,MSVD,29.97002997002997,8.008,240,"[0, 4, 7, 11, 15, 19, 22, 26, 30, 34, 37, 41, 45, 49, 52, 56, 60, 64, 67, 71, 75, 79, 82, 86, 90, 94, 97, 101, 105, 109, 112, 116, 120, 124, 127, 131, 135, 139, 142, 146, 150, 154, 157, 161, 165, 169, 172, 176, 180, 184, 187, 191, 195, 199, 202, 206, 210, 214, 217, 221, 225, 229, 232, 236]","[142, 146, 150, 154, 157, 161, 165, 169]","[105, 109, 112, 116, 120, 124, 127, 131, 135, 139, 142, 146, 150, 154, 157, 161]","[52, 56, 60, 64, 67, 71, 75, 79, 82, 86, 90, 94, 97, 101, 105, 109, 112, 116, 120, 124, 127, 131, 135, 139]","[26, 30, 34, 37, 41, 45, 49, 52, 56, 60, 64, 67, 71, 75, 79, 82, 86, 90, 94, 97, 101, 105, 109, 112, 116, 120, 124, 127, 131, 135, 139, 142]",comgenvid,fit,comgenvid:datasets/comgenvid/real/MSVD/2R_OAYQIkXM_14_22.mp4,comgenvid:datasets/comgenvid/real/MSVD/2R_OAYQIkXM_14_22.mp4,datasets/comgenvid/real/MSVD/2R_OAYQIkXM_14_22.mp4,comgenvid:real-content:2R_OAYQIkXM,MSVD,,,,cache/fit/target/fit/comgenvid/134.npz,064d7f89140913342d8609a1ef3cfd86898e75a09769ed863685c0d903f62625
datasets/comgenvid/real/MSVD/2YhDTpzxd3c_115_120.mp4,real,MSVD,29.97002997002997,5.005,150,"[0, 4, 7, 11, 15, 19, 22, 26, 30, 34, 37, 41, 45, 49, 52, 56, 60, 64, 67, 71, 75, 79, 82, 86, 90, 94, 97, 101, 105, 109, 112, 116, 120, 124, 127, 131, 135, 139, 142, 146]","[105, 109, 112, 116, 120, 124, 127, 131]","[52, 56, 60, 64, 67, 71, 75, 79, 82, 86, 90, 94, 97, 101, 105, 109]","[37, 41, 45, 49, 52, 56, 60, 64, 67, 71, 75, 79, 82, 86, 90, 94, 97, 101, 105, 109, 112, 116, 120, 124]","[26, 30, 34, 37, 41, 45, 49, 52, 56, 60, 64, 67, 71, 75, 79, 82, 86, 90, 94, 97, 101, 105, 109, 112, 116, 120, 124, 127, 131, 135, 139, 142]",comgenvid,fit,comgenvid:datasets/comgenvid/real/MSVD/2YhDTpzxd3c_115_120.mp4,comgenvid:datasets/comgenvid/real/MSVD/2YhDTpzxd3c_115_120.mp4,datasets/comgenvid/real/MSVD/2YhDTpzxd3c_115_120.mp4,comgenvid:real-content:2YhDTpzxd3c,MSVD,,,,cache/fit/target/fit/comgenvid/135.npz,7c80bcf1a732d3aa8944f185b6cd5a34b775ded2d94d0bdf46399585c0cee340
datasets/comgenvid/real/MSVD/2YhDTpzxd3c_149_154.mp4,real,MSVD,29.97002997002997,5.005,150,"[0, 4, 7, 11, 15, 19, 22, 26, 30, 34, 37, 41, 45, 49, 52, 56, 60, 64, 67, 71, 75, 79, 82, 86, 90, 94, 97, 101, 105, 109, 112, 116, 120, 124, 127, 131, 135, 139, 142, 146]","[105, 109, 112, 116, 120, 124, 127, 131]","[52, 56, 60, 64, 67, 71, 75, 79, 82, 86, 90, 94, 97, 101, 105, 109]","[37, 41, 45, 49, 52, 56, 60, 64, 67, 71, 75, 79, 82, 86, 90, 94, 97, 101, 105, 109, 112, 116, 120, 124]","[26, 30, 34, 37, 41, 45, 49, 52, 56, 60, 64, 67, 71, 75, 79, 82, 86, 90, 94, 97, 101, 105, 109, 112, 116, 120, 124, 127, 131, 135, 139, 142]",comgenvid,fit,comgenvid:datasets/comgenvid/real/MSVD/2YhDTpzxd3c_149_154.mp4,comgenvid:datasets/comgenvid/real/MSVD/2YhDTpzxd3c_149_154.mp4,datasets/comgenvid/real/MSVD/2YhDTpzxd3c_149_154.mp4,comgenvid:real-content:2YhDTpzxd3c,MSVD,,,,cache/fit/target/fit/comgenvid/136.npz,b2cf77b1f621604b916fd47e549bea536ce92c61bde50feb1ff7c93019a85606
datasets/comgenvid/real/MSVD/2YhDTpzxd3c_174_180.mp4,real,MSVD,29.97002997002997,6.006,180,"[0, 4, 7, 11, 15, 19, 22, 26, 30, 34, 37, 41, 45, 49, 52, 56, 60, 64, 67, 71, 75, 79, 82, 86, 90, 94, 97, 101, 105, 109, 112, 116, 120, 124, 127, 131, 135, 139, 142, 146, 150, 154, 157, 161, 165, 169, 172, 176]","[142, 146, 150, 154, 157, 161, 165, 169]","[105, 109, 112, 116, 120, 124, 127, 131, 135, 139, 142, 146, 150, 154, 157, 161]","[52, 56, 60, 64, 67, 71, 75, 79, 82, 86, 90, 94, 97, 101, 105, 109, 112, 116, 120, 124, 127, 131, 135, 139]","[37, 41, 45, 49, 52, 56, 60, 64, 67, 71, 75, 79, 82, 86, 90, 94, 97, 101, 105, 109, 112, 116, 120, 124, 127, 131, 135, 139, 142, 146, 150, 154]",comgenvid,fit,comgenvid:datasets/comgenvid/real/MSVD/2YhDTpzxd3c_174_180.mp4,comgenvid:datasets/comgenvid/real/MSVD/2YhDTpzxd3c_174_180.mp4,datasets/comgenvid/real/MSVD/2YhDTpzxd3c_174_180.mp4,comgenvid:real-content:2YhDTpzxd3c,MSVD,,,,cache/fit/target/fit/comgenvid/137.npz,f4f71ccd4c911475716d978752b5a259a447360f76c1aa69b67bc87a8a253d2b
datasets/comgenvid/real/MSVD/2YhDTpzxd3c_223_232.mp4,real,MSVD,29.97002997002997,9.009,270,"[0, 4, 7, 11, 15, 19, 22, 26, 30, 34, 37, 41, 45, 49, 52, 56, 60, 64, 67, 71, 75, 79, 82, 86, 90, 94, 97, 101, 105, 109, 112, 116, 120, 124, 127, 131, 135, 139, 142, 146, 150, 154, 157, 161, 165, 169, 172, 176, 180, 184, 187, 191, 195, 199, 202, 206, 210, 214, 217, 221, 225, 229, 232, 236, 240, 244, 247, 251, 255, 258, 262, 266]","[191, 195, 199, 202, 206, 210, 214, 217]","[105, 109, 112, 116, 120, 124, 127, 131, 135, 139, 142, 146, 150, 154, 157, 161]","[52, 56, 60, 64, 67, 71, 75, 79, 82, 86, 90, 94, 97, 101, 105, 109, 112, 116, 120, 124, 127, 131, 135, 139]","[26, 30, 34, 37, 41, 45, 49, 52, 56, 60, 64, 67, 71, 75, 79, 82, 86, 90, 94, 97, 101, 105, 109, 112, 116, 120, 124, 127, 131, 135, 139, 142]",comgenvid,fit,comgenvid:datasets/comgenvid/real/MSVD/2YhDTpzxd3c_223_232.mp4,comgenvid:datasets/comgenvid/real/MSVD/2YhDTpzxd3c_223_232.mp4,datasets/comgenvid/real/MSVD/2YhDTpzxd3c_223_232.mp4,comgenvid:real-content:2YhDTpzxd3c,MSVD,,,,cache/fit/target/fit/comgenvid/138.npz,c531e0900cec2941f461758ff7982ee67988ba8c2d312ed92c02afd5926f8022
datasets/comgenvid/real/MSVD/2YhDTpzxd3c_22_27.mp4,real,MSVD,29.97002997002997,5.005,150,"[0, 4, 7, 11, 15, 19, 22, 26, 30, 34, 37, 41, 45, 49, 52, 56, 60, 64, 67, 71, 75, 79, 82, 86, 90, 94, 97, 101, 105, 109, 112, 116, 120, 124, 127, 131, 135, 139, 142, 146]","[105, 109, 112, 116, 120, 124, 127, 131]","[52, 56, 60, 64, 67, 71, 75, 79, 82, 86, 90, 94, 97, 101, 105, 109]","[37, 41, 45, 49, 52, 56, 60, 64, 67, 71, 75, 79, 82, 86, 90, 94, 97, 101, 105, 109, 112, 116, 120, 124]","[26, 30, 34, 37, 41, 45, 49, 52, 56, 60, 64, 67, 71, 75, 79, 82, 86, 90, 94, 97, 101, 105, 109, 112, 116, 120, 124, 127, 131, 135, 139, 142]",comgenvid,fit,comgenvid:datasets/comgenvid/real/MSVD/2YhDTpzxd3c_22_27.mp4,comgenvid:datasets/comgenvid/real/MSVD/2YhDTpzxd3c_22_27.mp4,datasets/comgenvid/real/MSVD/2YhDTpzxd3c_22_27.mp4,comgenvid:real-content:2YhDTpzxd3c,MSVD,,,,cache/fit/target/fit/comgenvid/139.npz,0d1bc1e5199edb551eaa9c19f32e0d7ed776e888b82944563fe9de2cc896466a
datasets/comgenvid/real/MSVD/2YhDTpzxd3c_240_245.mp4,real,MSVD,29.97002997002997,5.005,150,"[0, 4, 7, 11, 15, 19, 22, 26, 30, 34, 37, 41, 45, 49, 52, 56, 60, 64, 67, 71, 75, 79, 82, 86, 90, 94, 97, 101, 105, 109, 112, 116, 120, 124, 127, 131, 135, 139, 142, 146]","[105, 109, 112, 116, 120, 124, 127, 131]","[52, 56, 60, 64, 67, 71, 75, 79, 82, 86, 90, 94, 97, 101, 105, 109]","[37, 41, 45, 49, 52, 56, 60, 64, 67, 71, 75, 79, 82, 86, 90, 94, 97, 101, 105, 109, 112, 116, 120, 124]","[26, 30, 34, 37, 41, 45, 49, 52, 56, 60, 64, 67, 71, 75, 79, 82, 86, 90, 94, 97, 101, 105, 109, 112, 116, 120, 124, 127, 131, 135, 139, 142]",comgenvid,fit,comgenvid:datasets/comgenvid/real/MSVD/2YhDTpzxd3c_240_245.mp4,comgenvid:datasets/comgenvid/real/MSVD/2YhDTpzxd3c_240_245.mp4,datasets/comgenvid/real/MSVD/2YhDTpzxd3c_240_245.mp4,comgenvid:real-content:2YhDTpzxd3c,MSVD,,,,cache/fit/target/fit/comgenvid/140.npz,f9f7d388d96a4bb42ff95e17efb881ef88637f6d01485ed1f08c8e52d279684a
datasets/comgenvid/real/MSVD/2YhDTpzxd3c_45_49.mp4,real,MSVD,29.97002997002997,4.004,120,"[0, 4, 7, 11, 15, 19, 22, 26, 30, 34, 37, 41, 45, 49, 52, 56, 60, 64, 67, 71, 75, 79, 82, 86, 90, 94, 97, 101, 105, 109, 112, 116]","[22, 26, 30, 34, 37, 41, 45, 49]","[52, 56, 60, 64, 67, 71, 75, 79, 82, 86, 90, 94, 97, 101, 105, 109]","[26, 30, 34, 37, 41, 45, 49, 52, 56, 60, 64, 67, 71, 75, 79, 82, 86, 90, 94, 97, 101, 105, 109, 112]","[0, 4, 7, 11, 15, 19, 22, 26, 30, 34, 37, 41, 45, 49, 52, 56, 60, 64, 67, 71, 75, 79, 82, 86, 90, 94, 97, 101, 105, 109, 112, 116]",comgenvid,fit,comgenvid:datasets/comgenvid/real/MSVD/2YhDTpzxd3c_45_49.mp4,comgenvid:datasets/comgenvid/real/MSVD/2YhDTpzxd3c_45_49.mp4,datasets/comgenvid/real/MSVD/2YhDTpzxd3c_45_49.mp4,comgenvid:real-content:2YhDTpzxd3c,MSVD,,,,cache/fit/target/fit/comgenvid/141.npz,89bd2cb53c95404b7663dc5f0459c6add153296cdd5f065a23fa095bc635e858
datasets/comgenvid/real/MSVD/2YhDTpzxd3c_98_101.mp4,real,MSVD,29.97002997002997,3.003,90,"[0, 4, 7, 11, 15, 19, 22, 26, 30, 34, 37, 41, 45, 49, 52, 56, 60, 64, 67, 71, 75, 79, 82, 86]","[22, 26, 30, 34, 37, 41, 45, 49]","[11, 15, 19, 22, 26, 30, 34, 37, 41, 45, 49, 52, 56, 60, 64, 67]","[0, 4, 7, 11, 15, 19, 22, 26, 30, 34, 37, 41, 45, 49, 52, 56, 60, 64, 67, 71, 75, 79, 82, 86]",,comgenvid,fit,comgenvid:datasets/comgenvid/real/MSVD/2YhDTpzxd3c_98_101.mp4,comgenvid:datasets/comgenvid/real/MSVD/2YhDTpzxd3c_98_101.mp4,datasets/comgenvid/real/MSVD/2YhDTpzxd3c_98_101.mp4,comgenvid:real-content:2YhDTpzxd3c,MSVD,,,,cache/fit/target/fit/comgenvid/142.npz,0e11179f4bdb66b2911211cc3dd07b0b85d5f06b308a429d43826e74c48cf268
datasets/comgenvid/real/MSVD/2jXxtQRy47A_30_38.mp4,real,MSVD,59.94005994005994,8.008,480,"[0, 7, 15, 22, 30, 37, 45, 52, 60, 67, 75, 82, 90, 97, 105, 112, 120, 127, 135, 142, 150, 157, 165, 172, 180, 187, 195, 202, 210, 217, 225, 232, 240, 247, 255, 262, 270, 277, 285, 292, 300, 307, 315, 322, 330, 337, 345, 352, 360, 367, 375, 382, 390, 397, 405, 412, 420, 427, 435, 442, 450, 457, 465, 472]","[285, 292, 300, 307, 315, 322, 330, 337]","[210, 217, 225, 232, 240, 247, 255, 262, 270, 277, 285, 292, 300, 307, 315, 322]","[105, 112, 120, 127, 135, 142, 150, 157, 165, 172, 180, 187, 195, 202, 210, 217, 225, 232, 240, 247, 255, 262, 270, 277]","[52, 60, 67, 75, 82, 90, 97, 105, 112, 120, 127, 135, 142, 150, 157, 165, 172, 180, 187, 195, 202, 210, 217, 225, 232, 240, 247, 255, 262, 270, 277, 285]",comgenvid,fit,comgenvid:datasets/comgenvid/real/MSVD/2jXxtQRy47A_30_38.mp4,comgenvid:datasets/comgenvid/real/MSVD/2jXxtQRy47A_30_38.mp4,datasets/comgenvid/real/MSVD/2jXxtQRy47A_30_38.mp4,comgenvid:real-content:2jXxtQRy47A,MSVD,,,,cache/fit/target/fit/comgenvid/143.npz,639b5c6ae0a6407faf402b8cd94e352ea4b48102eb7adcdab775fc8794132610
datasets/comgenvid/real/MSVD/2jkExrrm_sQ_19_25.mp4,real,MSVD,25.0,6.04,151,"[0, 3, 6, 9, 12, 16, 19, 22, 25, 28, 31, 34, 38, 41, 44, 47, 50, 53, 56, 59, 62, 66, 69, 72, 75, 78, 81, 84, 88, 91, 94, 97, 100, 103, 106, 109, 112, 116, 119, 122, 125, 128, 131, 134, 138, 141, 144, 147, 150]","[119, 122, 125, 128, 131, 134, 138, 141]","[88, 91, 94, 97, 100, 103, 106, 109, 112, 116, 119, 122, 125, 128, 131, 134]","[44, 47, 50, 53, 56, 59, 62, 66, 69, 72, 75, 78, 81, 84, 88, 91, 94, 97, 100, 103, 106, 109, 112, 116]","[31, 34, 38, 41, 44, 47, 50, 53, 56, 59, 62, 66, 69, 72, 75, 78, 81, 84, 88, 91, 94, 97, 100, 103, 106, 109, 112, 116, 119, 122, 125, 128]",comgenvid,fit,comgenvid:datasets/comgenvid/real/MSVD/2jkExrrm_sQ_19_25.mp4,comgenvid:datasets/comgenvid/real/MSVD/2jkExrrm_sQ_19_25.mp4,datasets/comgenvid/real/MSVD/2jkExrrm_sQ_19_25.mp4,comgenvid:real-content:2jkExrrm_sQ,MSVD,,,,cache/fit/target/fit/comgenvid/144.npz,8969c629f60614169722cc9471c54e8a55bafbeae1a97145abcb0a1d07db8cd2
datasets/comgenvid/real/MSVD/2mUMTFnQWaw_1_9.mp4,real,MSVD,29.916666666666668,8.022284,240,"[0, 4, 7, 11, 15, 19, 22, 26, 30, 34, 37, 41, 45, 49, 52, 56, 60, 64, 67, 71, 75, 79, 82, 86, 90, 93, 97, 101, 105, 108, 112, 116, 120, 123, 127, 131, 135, 138, 142, 146, 150, 153, 157, 161, 165, 168, 172, 176, 180, 183, 187, 191, 194, 198, 202, 206, 209, 213, 217, 221, 224, 228, 232, 236, 239]","[142, 146, 150, 153, 157, 161, 165, 168]","[105, 108, 112, 116, 120, 123, 127, 131, 135, 138, 142, 146, 150, 153, 157, 161]","[52, 56, 60, 64, 67, 71, 75, 79, 82, 86, 90, 93, 97, 101, 105, 108, 112, 116, 120, 123, 127, 131, 135, 138]","[26, 30, 34, 37, 41, 45, 49, 52, 56, 60, 64, 67, 71, 75, 79, 82, 86, 90, 93, 97, 101, 105, 108, 112, 116, 120, 123, 127, 131, 135, 138, 142]",comgenvid,fit,comgenvid:datasets/comgenvid/real/MSVD/2mUMTFnQWaw_1_9.mp4,comgenvid:datasets/comgenvid/real/MSVD/2mUMTFnQWaw_1_9.mp4,datasets/comgenvid/real/MSVD/2mUMTFnQWaw_1_9.mp4,comgenvid:real-content:2mUMTFnQWaw,MSVD,,,,cache/fit/target/fit/comgenvid/145.npz,a89cc8378795ef8445de11caf44c9f23d3c69e415aecb054142b98c81f45b791
datasets/comgenvid/real/MSVD/2xpIT0L4GqE_1_10.mp4,real,MSVD,30.0,9.033333,271,"[0, 4, 8, 11, 15, 19, 22, 26, 30, 34, 38, 41, 45, 49, 52, 56, 60, 64, 68, 71, 75, 79, 82, 86, 90, 94, 98, 101, 105, 109, 112, 116, 120, 124, 128, 131, 135, 139, 142, 146, 150, 154, 158, 161, 165, 169, 172, 176, 180, 184, 188, 191, 195, 199, 202, 206, 210, 214, 218, 221, 225, 229, 232, 236, 240, 244, 248, 251, 255, 259, 262, 266, 270]","[191, 195, 199, 202, 206, 210, 214, 218]","[105, 109, 112, 116, 120, 124, 128, 131, 135, 139, 142, 146, 150, 154, 158, 161]","[52, 56, 60, 64, 68, 71, 75, 79, 82, 86, 90, 94, 98, 101, 105, 109, 112, 116, 120, 124, 128, 131, 135, 139]","[26, 30, 34, 38, 41, 45, 49, 52, 56, 60, 64, 68, 71, 75, 79, 82, 86, 90, 94, 98, 101, 105, 109, 112, 116, 120, 124, 128, 131, 135, 139, 142]",comgenvid,fit,comgenvid:datasets/comgenvid/real/MSVD/2xpIT0L4GqE_1_10.mp4,comgenvid:datasets/comgenvid/real/MSVD/2xpIT0L4GqE_1_10.mp4,datasets/comgenvid/real/MSVD/2xpIT0L4GqE_1_10.mp4,comgenvid:real-content:2xpIT0L4GqE,MSVD,,,,cache/fit/target/fit/comgenvid/146.npz,e6998d2a268a5f875885bfba3021b6440d657d9acfc4209fa596127386cb5f2b
datasets/comgenvid/real/MSVD/30GeJHYoerk_121_126.mp4,real,MSVD,25.0,5.04,126,"[0, 3, 6, 9, 12, 16, 19, 22, 25, 28, 31, 34, 38, 41, 44, 47, 50, 53, 56, 59, 62, 66, 69, 72, 75, 78, 81, 84, 88, 91, 94, 97, 100, 103, 106, 109, 112, 116, 119, 122, 125]","[88, 91, 94, 97, 100, 103, 106, 109]","[44, 47, 50, 53, 56, 59, 62, 66, 69, 72, 75, 78, 81, 84, 88, 91]","[31, 34, 38, 41, 44, 47, 50, 53, 56, 59, 62, 66, 69, 72, 75, 78, 81, 84, 88, 91, 94, 97, 100, 103]","[22, 25, 28, 31, 34, 38, 41, 44, 47, 50, 53, 56, 59, 62, 66, 69, 72, 75, 78, 81, 84, 88, 91, 94, 97, 100, 103, 106, 109, 112, 116, 119]",comgenvid,fit,comgenvid:datasets/comgenvid/real/MSVD/30GeJHYoerk_121_126.mp4,comgenvid:datasets/comgenvid/real/MSVD/30GeJHYoerk_121_126.mp4,datasets/comgenvid/real/MSVD/30GeJHYoerk_121_126.mp4,comgenvid:real-content:30GeJHYoerk,MSVD,,,,cache/fit/target/fit/comgenvid/147.npz,abfb51bb965784c3ee0c4c80eaf9408f7852a9cac4415bbb8c32ea06437efb49
datasets/comgenvid/real/MSVD/30GeJHYoerk_63_75.mp4,real,MSVD,25.0,12.04,301,"[0, 3, 6, 9, 12, 16, 19, 22, 25, 28, 31, 34, 38, 41, 44, 47, 50, 53, 56, 59, 62, 66, 69, 72, 75, 78, 81, 84, 88, 91, 94, 97, 100, 103, 106, 109, 112, 116, 119, 122, 125, 128, 131, 134, 138, 141, 144, 147, 150, 153, 156, 159, 162, 166, 169, 172, 175, 178, 181, 184, 188, 191, 194, 197, 200, 203, 206, 209, 212, 216, 219, 222, 225, 228, 231, 234, 238, 241, 244, 247, 250, 253, 256, 259, 262, 266, 269, 272, 275, 278, 281, 284, 288, 291, 294, 297, 300]","[159, 162, 166, 169, 172, 175, 178, 181]","[44, 47, 50, 53, 56, 59, 62, 66, 69, 72, 75, 78, 81, 84, 88, 91]","[222, 225, 228, 231, 234, 238, 241, 244, 247, 250, 253, 256, 259, 262, 266, 269, 272, 275, 278, 281, 284, 288, 291, 294]","[188, 191, 194, 197, 200, 203, 206, 209, 212, 216, 219, 222, 225, 228, 231, 234, 238, 241, 244, 247, 250, 253, 256, 259, 262, 266, 269, 272, 275, 278, 281, 284]",comgenvid,fit,comgenvid:datasets/comgenvid/real/MSVD/30GeJHYoerk_63_75.mp4,comgenvid:datasets/comgenvid/real/MSVD/30GeJHYoerk_63_75.mp4,datasets/comgenvid/real/MSVD/30GeJHYoerk_63_75.mp4,comgenvid:real-content:30GeJHYoerk,MSVD,,,,cache/fit/target/fit/comgenvid/148.npz,7e884b4ed8841542aca38194369783ce5616ee0ed6169153842f5be27b097143
datasets/comgenvid/real/MSVD/30GeJHYoerk_80_85.mp4,real,MSVD,25.0,5.04,126,"[0, 3, 6, 9, 12, 16, 19, 22, 25, 28, 31, 34, 38, 41, 44, 47, 50, 53, 56, 59, 62, 66, 69, 72, 75, 78, 81, 84, 88, 91, 94, 97, 100, 103, 106, 109, 112, 116, 119, 122, 125]","[88, 91, 94, 97, 100, 103, 106, 109]","[44, 47, 50, 53, 56, 59, 62, 66, 69, 72, 75, 78, 81, 84, 88, 91]","[31, 34, 38, 41, 44, 47, 50, 53, 56, 59, 62, 66, 69, 72, 75, 78, 81, 84, 88, 91, 94, 97, 100, 103]","[22, 25, 28, 31, 34, 38, 41, 44, 47, 50, 53, 56, 59, 62, 66, 69, 72, 75, 78, 81, 84, 88, 91, 94, 97, 100, 103, 106, 109, 112, 116, 119]",comgenvid,fit,comgenvid:datasets/comgenvid/real/MSVD/30GeJHYoerk_80_85.mp4,comgenvid:datasets/comgenvid/real/MSVD/30GeJHYoerk_80_85.mp4,datasets/comgenvid/real/MSVD/30GeJHYoerk_80_85.mp4,comgenvid:real-content:30GeJHYoerk,MSVD,,,,cache/fit/target/fit/comgenvid/149.npz,89fd7b3af78d172c68a8fe4b97d940992ced4b8f993bedd3db14244b23f8b3cc
datasets/comgenvid/real/MSVD/30PpKtVT8Z4_35_50.mp4,real,MSVD,24.0,15.041667,361,"[0, 3, 6, 9, 12, 15, 18, 21, 24, 27, 30, 33, 36, 39, 42, 45, 48, 51, 54, 57, 60, 63, 66, 69, 72, 75, 78, 81, 84, 87, 90, 93, 96, 99, 102, 105, 108, 111, 114, 117, 120, 123, 126, 129, 132, 135, 138, 141, 144, 147, 150, 153, 156, 159, 162, 165, 168, 171, 174, 177, 180, 183, 186, 189, 192, 195, 198, 201, 204, 207, 210, 213, 216, 219, 222, 225, 228, 231, 234, 237, 240, 243, 246, 249, 252, 255, 258, 261, 264, 267, 270, 273, 276, 279, 282, 285, 288, 291, 294, 297, 300, 303, 306, 309, 312, 315, 318, 321, 324, 327, 330, 333, 336, 339, 342, 345, 348, 351, 354, 357, 360]","[306, 309, 312, 315, 318, 321, 324, 327]","[153, 156, 159, 162, 165, 168, 171, 174, 177, 180, 183, 186, 189, 192, 195, 198]","[276, 279, 282, 285, 288, 291, 294, 297, 300, 303, 306, 309, 312, 315, 318, 321, 324, 327, 330, 333, 336, 339, 342, 345]","[42, 45, 48, 51, 54, 57, 60, 63, 66, 69, 72, 75, 78, 81, 84, 87, 90, 93, 96, 99, 102, 105, 108, 111, 114, 117, 120, 123, 126, 129, 132, 135]",comgenvid,fit,comgenvid:datasets/comgenvid/real/MSVD/30PpKtVT8Z4_35_50.mp4,comgenvid:datasets/comgenvid/real/MSVD/30PpKtVT8Z4_35_50.mp4,datasets/comgenvid/real/MSVD/30PpKtVT8Z4_35_50.mp4,comgenvid:real-content:30PpKtVT8Z4,MSVD,,,,cache/fit/target/fit/comgenvid/150.npz,be57f7beaf112e662283474fec635959b6440fdc7edc67365a5db760dc84ab04
datasets/comgenvid/real/MSVD/32_A0-er4Ws_16_20.mp4,real,MSVD,29.97002997002997,4.004,120,"[0, 4, 7, 11, 15, 19, 22, 26, 30, 34, 37, 41, 45, 49, 52, 56, 60, 64, 67, 71, 75, 79, 82, 86, 90, 94, 97, 101, 105, 109, 112, 116]","[22, 26, 30, 34, 37, 41, 45, 49]","[52, 56, 60, 64, 67, 71, 75, 79, 82, 86, 90, 94, 97, 101, 105, 109]","[26, 30, 34, 37, 41, 45, 49, 52, 56, 60, 64, 67, 71, 75, 79, 82, 86, 90, 94, 97, 101, 105, 109, 112]","[0, 4, 7, 11, 15, 19, 22, 26, 30, 34, 37, 41, 45, 49, 52, 56, 60, 64, 67, 71, 75, 79, 82, 86, 90, 94, 97, 101, 105, 109, 112, 116]",comgenvid,fit,comgenvid:datasets/comgenvid/real/MSVD/32_A0-er4Ws_16_20.mp4,comgenvid:datasets/comgenvid/real/MSVD/32_A0-er4Ws_16_20.mp4,datasets/comgenvid/real/MSVD/32_A0-er4Ws_16_20.mp4,comgenvid:real-content:32_A0-er4Ws,MSVD,,,,cache/fit/target/fit/comgenvid/151.npz,0eff4f22813d3370212854dc02c1e6965648adb63f8b25c7fc9757194505129b
datasets/comgenvid/real/MSVD/39Ce7I6nXIw_96_104.mp4,real,MSVD,29.97002997002997,8.008,240,"[0, 4, 7, 11, 15, 19, 22, 26, 30, 34, 37, 41, 45, 49, 52, 56, 60, 64, 67, 71, 75, 79, 82, 86, 90, 94, 97, 101, 105, 109, 112, 116, 120, 124, 127, 131, 135, 139, 142, 146, 150, 154, 157, 161, 165, 169, 172, 176, 180, 184, 187, 191, 195, 199, 202, 206, 210, 214, 217, 221, 225, 229, 232, 236]","[142, 146, 150, 154, 157, 161, 165, 169]","[105, 109, 112, 116, 120, 124, 127, 131, 135, 139, 142, 146, 150, 154, 157, 161]","[52, 56, 60, 64, 67, 71, 75, 79, 82, 86, 90, 94, 97, 101, 105, 109, 112, 116, 120, 124, 127, 131, 135, 139]","[26, 30, 34, 37, 41, 45, 49, 52, 56, 60, 64, 67, 71, 75, 79, 82, 86, 90, 94, 97, 101, 105, 109, 112, 116, 120, 124, 127, 131, 135, 139, 142]",comgenvid,fit,comgenvid:datasets/comgenvid/real/MSVD/39Ce7I6nXIw_96_104.mp4,comgenvid:datasets/comgenvid/real/MSVD/39Ce7I6nXIw_96_104.mp4,datasets/comgenvid/real/MSVD/39Ce7I6nXIw_96_104.mp4,comgenvid:real-content:39Ce7I6nXIw,MSVD,,,,cache/fit/target/fit/comgenvid/152.npz,931c18db79f805c68dfe2030d21e96a4684ecf4c6833ed3ff2b0ad9a4d81952d
datasets/comgenvid/real/MSVD/3FnUTQMJVXI_31_36.mp4,real,MSVD,29.97002997002997,5.005,150,"[0, 4, 7, 11, 15, 19, 22, 26, 30, 34, 37, 41, 45, 49, 52, 56, 60, 64, 67, 71, 75, 79, 82, 86, 90, 94, 97, 101, 105, 109, 112, 116, 120, 124, 127, 131, 135, 139, 142, 146]","[105, 109, 112, 116, 120, 124, 127, 131]","[52, 56, 60, 64, 67, 71, 75, 79, 82, 86, 90, 94, 97, 101, 105, 109]","[37, 41, 45, 49, 52, 56, 60, 64, 67, 71, 75, 79, 82, 86, 90, 94, 97, 101, 105, 109, 112, 116, 120, 124]","[26, 30, 34, 37, 41, 45, 49, 52, 56, 60, 64, 67, 71, 75, 79, 82, 86, 90, 94, 97, 101, 105, 109, 112, 116, 120, 124, 127, 131, 135, 139, 142]",comgenvid,fit,comgenvid:datasets/comgenvid/real/MSVD/3FnUTQMJVXI_31_36.mp4,comgenvid:datasets/comgenvid/real/MSVD/3FnUTQMJVXI_31_36.mp4,datasets/comgenvid/real/MSVD/3FnUTQMJVXI_31_36.mp4,comgenvid:real-content:3FnUTQMJVXI,MSVD,,,,cache/fit/target/fit/comgenvid/153.npz,cd21162211a4392053f253cfa4195a622ea04feb8f79ff937942bc09a984a724
datasets/comgenvid/real/MSVD/3I9tSDU-OSk_17_22.mp4,real,MSVD,20.0,5.05,101,"[0, 2, 5, 8, 10, 12, 15, 18, 20, 22, 25, 28, 30, 32, 35, 38, 40, 42, 45, 48, 50, 52, 55, 58, 60, 62, 65, 68, 70, 72, 75, 78, 80, 82, 85, 88, 90, 92, 95, 98, 100]","[70, 72, 75, 78, 80, 82, 85, 88]","[35, 38, 40, 42, 45, 48, 50, 52, 55, 58, 60, 62, 65, 68, 70, 72]","[25, 28, 30, 32, 35, 38, 40, 42, 45, 48, 50, 52, 55, 58, 60, 62, 65, 68, 70, 72, 75, 78, 80, 82]","[18, 20, 22, 25, 28, 30, 32, 35, 38, 40, 42, 45, 48, 50, 52, 55, 58, 60, 62, 65, 68, 70, 72, 75, 78, 80, 82, 85, 88, 90, 92, 95]",comgenvid,fit,comgenvid:datasets/comgenvid/real/MSVD/3I9tSDU-OSk_17_22.mp4,comgenvid:datasets/comgenvid/real/MSVD/3I9tSDU-OSk_17_22.mp4,datasets/comgenvid/real/MSVD/3I9tSDU-OSk_17_22.mp4,comgenvid:real-content:3I9tSDU-OSk,MSVD,,,,cache/fit/target/fit/comgenvid/154.npz,91888529ab7455e0efaff125e504aee2050b54f3ce67b2851cd80365332877ab
datasets/comgenvid/real/MSVD/3OPQqH3YlHA_50_54.mp4,real,MSVD,14.985014985014985,4.004,60,"[0, 2, 4, 6, 7, 9, 11, 13, 15, 17, 19, 21, 22, 24, 26, 28, 30, 32, 34, 36, 37, 39, 41, 43, 45, 47, 49, 51, 52, 54, 56, 58]","[11, 13, 15, 17, 19, 21, 22, 24]","[26, 28, 30, 32, 34, 36, 37, 39, 41, 43, 45, 47, 49, 51, 52, 54]","[13, 15, 17, 19, 21, 22, 24, 26, 28, 30, 32, 34, 36, 37, 39, 41, 43, 45, 47, 49, 51, 52, 54, 56]","[0, 2, 4, 6, 7, 9, 11, 13, 15, 17, 19, 21, 22, 24, 26, 28, 30, 32, 34, 36, 37, 39, 41, 43, 45, 47, 49, 51, 52, 54, 56, 58]",comgenvid,fit,comgenvid:datasets/comgenvid/real/MSVD/3OPQqH3YlHA_50_54.mp4,comgenvid:datasets/comgenvid/real/MSVD/3OPQqH3YlHA_50_54.mp4,datasets/comgenvid/real/MSVD/3OPQqH3YlHA_50_54.mp4,comgenvid:real-content:3OPQqH3YlHA,MSVD,,,,cache/fit/target/fit/comgenvid/155.npz,e2388e05b0b8971db7ab414bbdc651bbeb96fa727e0c7e4c3ebdcad787aa63f1
datasets/comgenvid/real/MSVD/3SKyc0aKx70_46_52.mp4,real,MSVD,25.0,6.04,151,"[0, 3, 6, 9, 12, 16, 19, 22, 25, 28, 31, 34, 38, 41, 44, 47, 50, 53, 56, 59, 62, 66, 69, 72, 75, 78, 81, 84, 88, 91, 94, 97, 100, 103, 106, 109, 112, 116, 119, 122, 125, 128, 131, 134, 138, 141, 144, 147, 150]","[119, 122, 125, 128, 131, 134, 138, 141]","[88, 91, 94, 97, 100, 103, 106, 109, 112, 116, 119, 122, 125, 128, 131, 134]","[44, 47, 50, 53, 56, 59, 62, 66, 69, 72, 75, 78, 81, 84, 88, 91, 94, 97, 100, 103, 106, 109, 112, 116]","[31, 34, 38, 41, 44, 47, 50, 53, 56, 59, 62, 66, 69, 72, 75, 78, 81, 84, 88, 91, 94, 97, 100, 103, 106, 109, 112, 116, 119, 122, 125, 128]",comgenvid,fit,comgenvid:datasets/comgenvid/real/MSVD/3SKyc0aKx70_46_52.mp4,comgenvid:datasets/comgenvid/real/MSVD/3SKyc0aKx70_46_52.mp4,datasets/comgenvid/real/MSVD/3SKyc0aKx70_46_52.mp4,comgenvid:real-content:3SKyc0aKx70,MSVD,,,,cache/fit/target/fit/comgenvid/156.npz,148083e4548004a6d00fbe7e7621b8f42b3654732dd83e5adec4dd90149c6a51
datasets/comgenvid/real/MSVD/3_51FhosiVY_93_101.mp4,real,MSVD,25.0,8.04,201,"[0, 3, 6, 9, 12, 16, 19, 22, 25, 28, 31, 34, 38, 41, 44, 47, 50, 53, 56, 59, 62, 66, 69, 72, 75, 78, 81, 84, 88, 91, 94, 97, 100, 103, 106, 109, 112, 116, 119, 122, 125, 128, 131, 134, 138, 141, 144, 147, 150, 153, 156, 159, 162, 166, 169, 172, 175, 178, 181, 184, 188, 191, 194, 197, 200]","[119, 122, 125, 128, 131, 134, 138, 141]","[88, 91, 94, 97, 100, 103, 106, 109, 112, 116, 119, 122, 125, 128, 131, 134]","[44, 47, 50, 53, 56, 59, 62, 66, 69, 72, 75, 78, 81, 84, 88, 91, 94, 97, 100, 103, 106, 109, 112, 116]","[22, 25, 28, 31, 34, 38, 41, 44, 47, 50, 53, 56, 59, 62, 66, 69, 72, 75, 78, 81, 84, 88, 91, 94, 97, 100, 103, 106, 109, 112, 116, 119]",comgenvid,fit,comgenvid:datasets/comgenvid/real/MSVD/3_51FhosiVY_93_101.mp4,comgenvid:datasets/comgenvid/real/MSVD/3_51FhosiVY_93_101.mp4,datasets/comgenvid/real/MSVD/3_51FhosiVY_93_101.mp4,comgenvid:real-content:3_51FhosiVY,MSVD,,,,cache/fit/target/fit/comgenvid/157.npz,d2fc5059010829953e2b80c34ac37f76343ff9906a1f7e840703fc179ff08ba1
datasets/comgenvid/real/MSVD/3chNlP5TeO8_0_10.mp4,real,MSVD,29.916666666666668,9.961003,298,"[0, 4, 7, 11, 15, 19, 22, 26, 30, 34, 37, 41, 45, 49, 52, 56, 60, 64, 67, 71, 75, 79, 82, 86, 90, 93, 97, 101, 105, 108, 112, 116, 120, 123, 127, 131, 135, 138, 142, 146, 150, 153, 157, 161, 165, 168, 172, 176, 180, 183, 187, 191, 194, 198, 202, 206, 209, 213, 217, 221, 224, 228, 232, 236, 239, 243, 247, 251, 254, 258, 262, 266, 269, 273, 277, 280, 284, 288, 292, 295]","[191, 194, 198, 202, 206, 209, 213, 217]","[52, 56, 60, 64, 67, 71, 75, 79, 82, 86, 90, 93, 97, 101, 105, 108]","[157, 161, 165, 168, 172, 176, 180, 183, 187, 191, 194, 198, 202, 206, 209, 213, 217, 221, 224, 228, 232, 236, 239, 243]","[26, 30, 34, 37, 41, 45, 49, 52, 56, 60, 64, 67, 71, 75, 79, 82, 86, 90, 93, 97, 101, 105, 108, 112, 116, 120, 123, 127, 131, 135, 138, 142]",comgenvid,fit,comgenvid:datasets/comgenvid/real/MSVD/3chNlP5TeO8_0_10.mp4,comgenvid:datasets/comgenvid/real/MSVD/3chNlP5TeO8_0_10.mp4,datasets/comgenvid/real/MSVD/3chNlP5TeO8_0_10.mp4,comgenvid:real-content:3chNlP5TeO8,MSVD,,,,cache/fit/target/fit/comgenvid/158.npz,9f4945b9a420e300cd212163451bb637d3b3dab14bdff80a402e8e5940ba53d3
datasets/comgenvid/real/MSVD/3doK4FQM5-k_46_57.mp4,real,MSVD,15.0,11.066667,166,"[0, 2, 4, 6, 8, 9, 11, 13, 15, 17, 19, 21, 22, 24, 26, 28, 30, 32, 34, 36, 38, 39, 41, 43, 45, 47, 49, 51, 52, 54, 56, 58, 60, 62, 64, 66, 68, 69, 71, 73, 75, 77, 79, 81, 82, 84, 86, 88, 90, 92, 94, 96, 98, 99, 101, 103, 105, 107, 109, 111, 112, 114, 116, 118, 120, 122, 124, 126, 128, 129, 131, 133, 135, 137, 139, 141, 142, 144, 146, 148, 150, 152, 154, 156, 158, 159, 161, 163, 165]","[96, 98, 99, 101, 103, 105, 107, 109]","[26, 28, 30, 32, 34, 36, 38, 39, 41, 43, 45, 47, 49, 51, 52, 54]","[112, 114, 116, 118, 120, 122, 124, 126, 128, 129, 131, 133, 135, 137, 139, 141, 142, 144, 146, 148, 150, 152, 154, 156]","[38, 39, 41, 43, 45, 47, 49, 51, 52, 54, 56, 58, 60, 62, 64, 66, 68, 69, 71, 73, 75, 77, 79, 81, 82, 84, 86, 88, 90, 92, 94, 96]",comgenvid,fit,comgenvid:datasets/comgenvid/real/MSVD/3doK4FQM5-k_46_57.mp4,comgenvid:datasets/comgenvid/real/MSVD/3doK4FQM5-k_46_57.mp4,datasets/comgenvid/real/MSVD/3doK4FQM5-k_46_57.mp4,comgenvid:real-content:3doK4FQM5-k,MSVD,,,,cache/fit/target/fit/comgenvid/159.npz,1b062b93b83eafc3b49f681562107722fba72639e95e8406d03e632093420daa
datasets/comgenvid/real/MSVD/3eqFFRSXwGE_84_96.mp4,real,MSVD,15.0,12.066667,181,"[0, 2, 4, 6, 8, 9, 11, 13, 15, 17, 19, 21, 22, 24, 26, 28, 30, 32, 34, 36, 38, 39, 41, 43, 45, 47, 49, 51, 52, 54, 56, 58, 60, 62, 64, 66, 68, 69, 71, 73, 75, 77, 79, 81, 82, 84, 86, 88, 90, 92, 94, 96, 98, 99, 101, 103, 105, 107, 109, 111, 112, 114, 116, 118, 120, 122, 124, 126, 128, 129, 131, 133, 135, 137, 139, 141, 142, 144, 146, 148, 150, 152, 154, 156, 158, 159, 161, 163, 165, 167, 169, 171, 172, 174, 176, 178, 180]","[96, 98, 99, 101, 103, 105, 107, 109]","[26, 28, 30, 32, 34, 36, 38, 39, 41, 43, 45, 47, 49, 51, 52, 54]","[133, 135, 137, 139, 141, 142, 144, 146, 148, 150, 152, 154, 156, 158, 159, 161, 163, 165, 167, 169, 171, 172, 174, 176]","[112, 114, 116, 118, 120, 122, 124, 126, 128, 129, 131, 133, 135, 137, 139, 141, 142, 144, 146, 148, 150, 152, 154, 156, 158, 159, 161, 163, 165, 167, 169, 171]",comgenvid,fit,comgenvid:datasets/comgenvid/real/MSVD/3eqFFRSXwGE_84_96.mp4,comgenvid:datasets/comgenvid/real/MSVD/3eqFFRSXwGE_84_96.mp4,datasets/comgenvid/real/MSVD/3eqFFRSXwGE_84_96.mp4,comgenvid:real-content:3eqFFRSXwGE,MSVD,,,,cache/fit/target/fit/comgenvid/160.npz,ba319dd24cb04a366f03e6373fc53c3945debfe1efc56211f40d20235437a66e
datasets/comgenvid/real/MSVD/3ftaoFnhTyY_140_150.mp4,real,MSVD,25.0,10.04,251,"[0, 3, 6, 9, 12, 16, 19, 22, 25, 28, 31, 34, 38, 41, 44, 47, 50, 53, 56, 59, 62, 66, 69, 72, 75, 78, 81, 84, 88, 91, 94, 97, 100, 103, 106, 109, 112, 116, 119, 122, 125, 128, 131, 134, 138, 141, 144, 147, 150, 153, 156, 159, 162, 166, 169, 172, 175, 178, 181, 184, 188, 191, 194, 197, 200, 203, 206, 209, 212, 216, 219, 222, 225, 228, 231, 234, 238, 241, 244, 247, 250]","[159, 162, 166, 169, 172, 175, 178, 181]","[44, 47, 50, 53, 56, 59, 62, 66, 69, 72, 75, 78, 81, 84, 88, 91]","[131, 134, 138, 141, 144, 147, 150, 153, 156, 159, 162, 166, 169, 172, 175, 178, 181, 184, 188, 191, 194, 197, 200, 203]","[22, 25, 28, 31, 34, 38, 41, 44, 47, 50, 53, 56, 59, 62, 66, 69, 72, 75, 78, 81, 84, 88, 91, 94, 97, 100, 103, 106, 109, 112, 116, 119]",comgenvid,fit,comgenvid:datasets/comgenvid/real/MSVD/3ftaoFnhTyY_140_150.mp4,comgenvid:datasets/comgenvid/real/MSVD/3ftaoFnhTyY_140_150.mp4,datasets/comgenvid/real/MSVD/3ftaoFnhTyY_140_150.mp4,comgenvid:real-content:3ftaoFnhTyY,MSVD,,,,cache/fit/target/fit/comgenvid/161.npz,34aae400d77eddf3d35248132fe0791c85563d03e332f02af0e4f3176ac08ef3
datasets/comgenvid/real/MSVD/3lBHYoI5V8s_30_45.mp4,real,MSVD,29.97002997002997,15.015,450,"[0, 4, 7, 11, 15, 19, 22, 26, 30, 34, 37, 41, 45, 49, 52, 56, 60, 64, 67, 71, 75, 79, 82, 86, 90, 94, 97, 101, 105, 109, 112, 116, 120, 124, 127, 131, 135, 139, 142, 146, 150, 154, 157, 161, 165, 169, 172, 176, 180, 184, 187, 191, 195, 199, 202, 206, 210, 214, 217, 221, 225, 229, 232, 236, 240, 244, 247, 251, 255, 258, 262, 266, 270, 273, 277, 281, 285, 288, 292, 296, 300, 303, 307, 311, 315, 318, 322, 326, 330, 333, 337, 341, 345, 348, 352, 356, 360, 363, 367, 371, 375, 378, 382, 386, 390, 393, 397, 401, 405, 408, 412, 416, 420, 423, 427, 431, 435, 438, 442, 446]","[382, 386, 390, 393, 397, 401, 405, 408]","[191, 195, 199, 202, 206, 210, 214, 217, 221, 225, 229, 232, 236, 240, 244, 247]","[345, 348, 352, 356, 360, 363, 367, 371, 375, 378, 382, 386, 390, 393, 397, 401, 405, 408, 412, 416, 420, 423, 427, 431]","[52, 56, 60, 64, 67, 71, 75, 79, 82, 86, 90, 94, 97, 101, 105, 109, 112, 116, 120, 124, 127, 131, 135, 139, 142, 146, 150, 154, 157, 161, 165, 169]",comgenvid,fit,comgenvid:datasets/comgenvid/real/MSVD/3lBHYoI5V8s_30_45.mp4,comgenvid:datasets/comgenvid/real/MSVD/3lBHYoI5V8s_30_45.mp4,datasets/comgenvid/real/MSVD/3lBHYoI5V8s_30_45.mp4,comgenvid:real-content:3lBHYoI5V8s,MSVD,,,,cache/fit/target/fit/comgenvid/162.npz,4661e39da0c7ef05829c075161421f452234e08739f72aa55d399b38ea07f4eb
datasets/comgenvid/real/MSVD/3mbBbFH9fAg_21_29.mp4,real,MSVD,25.0,8.04,201,"[0, 3, 6, 9, 12, 16, 19, 22, 25, 28, 31, 34, 38, 41, 44, 47, 50, 53, 56, 59, 62, 66, 69, 72, 75, 78, 81, 84, 88, 91, 94, 97, 100, 103, 106, 109, 112, 116, 119, 122, 125, 128, 131, 134, 138, 141, 144, 147, 150, 153, 156, 159, 162, 166, 169, 172, 175, 178, 181, 184, 188, 191, 194, 197, 200]","[119, 122, 125, 128, 131, 134, 138, 141]","[88, 91, 94, 97, 100, 103, 106, 109, 112, 116, 119, 122, 125, 128, 131, 134]","[44, 47, 50, 53, 56, 59, 62, 66, 69, 72, 75, 78, 81, 84, 88, 91, 94, 97, 100, 103, 106, 109, 112, 116]","[22, 25, 28, 31, 34, 38, 41, 44, 47, 50, 53, 56, 59, 62, 66, 69, 72, 75, 78, 81, 84, 88, 91, 94, 97, 100, 103, 106, 109, 112, 116, 119]",comgenvid,fit,comgenvid:datasets/comgenvid/real/MSVD/3mbBbFH9fAg_21_29.mp4,comgenvid:datasets/comgenvid/real/MSVD/3mbBbFH9fAg_21_29.mp4,datasets/comgenvid/real/MSVD/3mbBbFH9fAg_21_29.mp4,comgenvid:real-content:3mbBbFH9fAg,MSVD,,,,cache/fit/target/fit/comgenvid/163.npz,9bcf8e1691dd3f9a381442978e2e41fa16499ca216c8beec3dece461a07937b6
datasets/comgenvid/real/MSVD/3n_Kqak2JdA_48_71.mp4,real,MSVD,30.0,23.033333,691,"[0, 4, 8, 11, 15, 19, 22, 26, 30, 34, 38, 41, 45, 49, 52, 56, 60, 64, 68, 71, 75, 79, 82, 86, 90, 94, 98, 101, 105, 109, 112, 116, 120, 124, 128, 131, 135, 139, 142, 146, 150, 154, 158, 161, 165, 169, 172, 176, 180, 184, 188, 191, 195, 199, 202, 206, 210, 214, 218, 221, 225, 229, 232, 236, 240, 244, 248, 251, 255, 259, 262, 266, 270, 274, 278, 281, 285, 289, 292, 296, 300, 304, 308, 311, 315, 319, 322, 326, 330, 334, 338, 341, 345, 349, 352, 356, 360, 364, 368, 371, 375, 379, 382, 386, 390, 394, 398, 401, 405, 409, 412, 416, 420, 424, 428, 431, 435, 439, 442, 446, 450, 454, 458, 461, 465, 469, 472, 476, 480, 484, 488, 491, 495, 499, 502, 506, 510, 514, 518, 521, 525, 529, 532, 536, 540, 544, 548, 551, 555, 559, 562, 566, 570, 574, 578, 581, 585, 589, 592, 596, 600, 604, 608, 611, 615, 619, 622, 626, 630, 634, 638, 641, 645, 649, 652, 656, 660, 664, 668, 671, 675, 679, 682, 686, 690]","[382, 386, 390, 394, 398, 401, 405, 409]","[345, 349, 352, 356, 360, 364, 368, 371, 375, 379, 382, 386, 390, 394, 398, 401]","[52, 56, 60, 64, 68, 71, 75, 79, 82, 86, 90, 94, 98, 101, 105, 109, 112, 116, 120, 124, 128, 131, 135, 139]","[398, 401, 405, 409, 412, 416, 420, 424, 428, 431, 435, 439, 442, 446, 450, 454, 458, 461, 465, 469, 472, 476, 480, 484, 488, 491, 495, 499, 502, 506, 510, 514]",comgenvid,fit,comgenvid:datasets/comgenvid/real/MSVD/3n_Kqak2JdA_48_71.mp4,comgenvid:datasets/comgenvid/real/MSVD/3n_Kqak2JdA_48_71.mp4,datasets/comgenvid/real/MSVD/3n_Kqak2JdA_48_71.mp4,comgenvid:real-content:3n_Kqak2JdA,MSVD,,,,cache/fit/target/fit/comgenvid/164.npz,9dc01cc4c2a523d5337056077b4163382028e9a655795d297467d9f14beb68e9
datasets/comgenvid/real/MSVD/3opDcpPxllE_50_66.mp4,real,MSVD,25.0,16.04,401,"[0, 3, 6, 9, 12, 16, 19, 22, 25, 28, 31, 34, 38, 41, 44, 47, 50, 53, 56, 59, 62, 66, 69, 72, 75, 78, 81, 84, 88, 91, 94, 97, 100, 103, 106, 109, 112, 116, 119, 122, 125, 128, 131, 134, 138, 141, 144, 147, 150, 153, 156, 159, 162, 166, 169, 172, 175, 178, 181, 184, 188, 191, 194, 197, 200, 203, 206, 209, 212, 216, 219, 222, 225, 228, 231, 234, 238, 241, 244, 247, 250, 253, 256, 259, 262, 266, 269, 272, 275, 278, 281, 284, 288, 291, 294, 297, 300, 303, 306, 309, 312, 316, 319, 322, 325, 328, 331, 334, 338, 341, 344, 347, 350, 353, 356, 359, 362, 366, 369, 372, 375, 378, 381, 384, 388, 391, 394, 397, 400]","[319, 322, 325, 328, 331, 334, 338, 341]","[159, 162, 166, 169, 172, 175, 178, 181, 184, 188, 191, 194, 197, 200, 203, 206]","[288, 291, 294, 297, 300, 303, 306, 309, 312, 316, 319, 322, 325, 328, 331, 334, 338, 341, 344, 347, 350, 353, 356, 359]","[44, 47, 50, 53, 56, 59, 62, 66, 69, 72, 75, 78, 81, 84, 88, 91, 94, 97, 100, 103, 106, 109, 112, 116, 119, 122, 125, 128, 131, 134, 138, 141]",comgenvid,fit,comgenvid:datasets/comgenvid/real/MSVD/3opDcpPxllE_50_66.mp4,comgenvid:datasets/comgenvid/real/MSVD/3opDcpPxllE_50_66.mp4,datasets/comgenvid/real/MSVD/3opDcpPxllE_50_66.mp4,comgenvid:real-content:3opDcpPxllE,MSVD,,,,cache/fit/target/fit/comgenvid/165.npz,6c92ba790f6defab3db42ddb4a6d4f041769aea318d2076750f014d044f9801e
datasets/comgenvid/real/MSVD/3qqEKTPxLNs_1_15.mp4,real,MSVD,30.0,14.033333,421,"[0, 4, 8, 11, 15, 19, 22, 26, 30, 34, 38, 41, 45, 49, 52, 56, 60, 64, 68, 71, 75, 79, 82, 86, 90, 94, 98, 101, 105, 109, 112, 116, 120, 124, 128, 131, 135, 139, 142, 146, 150, 154, 158, 161, 165, 169, 172, 176, 180, 184, 188, 191, 195, 199, 202, 206, 210, 214, 218, 221, 225, 229, 232, 236, 240, 244, 248, 251, 255, 259, 262, 266, 270, 274, 278, 281, 285, 289, 292, 296, 300, 304, 308, 311, 315, 319, 322, 326, 330, 334, 338, 341, 345, 349, 352, 356, 360, 364, 368, 371, 375, 379, 382, 386, 390, 394, 398, 401, 405, 409, 412, 416, 420]","[382, 386, 390, 394, 398, 401, 405, 409]","[191, 195, 199, 202, 206, 210, 214, 218, 221, 225, 229, 232, 236, 240, 244, 248]","[52, 56, 60, 64, 68, 71, 75, 79, 82, 86, 90, 94, 98, 101, 105, 109, 112, 116, 120, 124, 128, 131, 135, 139]","[266, 270, 274, 278, 281, 285, 289, 292, 296, 300, 304, 308, 311, 315, 319, 322, 326, 330, 334, 338, 341, 345, 349, 352, 356, 360, 364, 368, 371, 375, 379, 382]",comgenvid,fit,comgenvid:datasets/comgenvid/real/MSVD/3qqEKTPxLNs_1_15.mp4,comgenvid:datasets/comgenvid/real/MSVD/3qqEKTPxLNs_1_15.mp4,datasets/comgenvid/real/MSVD/3qqEKTPxLNs_1_15.mp4,comgenvid:real-content:3qqEKTPxLNs,MSVD,,,,cache/fit/target/fit/comgenvid/166.npz,72c77bc0d44804309b263aac937552a8402d31298fee2c74cdd93dbfdd4cdee3
datasets/comgenvid/real/MSVD/3ytUOoa1SBE_12_23.mp4,real,MSVD,29.97002997002997,11.011,330,"[0, 4, 7, 11, 15, 19, 22, 26, 30, 34, 37, 41, 45, 49, 52, 56, 60, 64, 67, 71, 75, 79, 82, 86, 90, 94, 97, 101, 105, 109, 112, 116, 120, 124, 127, 131, 135, 139, 142, 146, 150, 154, 157, 161, 165, 169, 172, 176, 180, 184, 187, 191, 195, 199, 202, 206, 210, 214, 217, 221, 225, 229, 232, 236, 240, 244, 247, 251, 255, 258, 262, 266, 270, 273, 277, 281, 285, 288, 292, 296, 300, 303, 307, 311, 315, 318, 322, 326]","[191, 195, 199, 202, 206, 210, 214, 217]","[52, 56, 60, 64, 67, 71, 75, 79, 82, 86, 90, 94, 97, 101, 105, 109]","[225, 229, 232, 236, 240, 244, 247, 251, 255, 258, 262, 266, 270, 273, 277, 281, 285, 288, 292, 296, 300, 303, 307, 311]","[75, 79, 82, 86, 90, 94, 97, 101, 105, 109, 112, 116, 120, 124, 127, 131, 135, 139, 142, 146, 150, 154, 157, 161, 165, 169, 172, 176, 180, 184, 187, 191]",comgenvid,fit,comgenvid:datasets/comgenvid/real/MSVD/3ytUOoa1SBE_12_23.mp4,comgenvid:datasets/comgenvid/real/MSVD/3ytUOoa1SBE_12_23.mp4,datasets/comgenvid/real/MSVD/3ytUOoa1SBE_12_23.mp4,comgenvid:real-content:3ytUOoa1SBE,MSVD,,,,cache/fit/target/fit/comgenvid/167.npz,9729eaac149d944d802cc4201745a3977ffcb4ccb8048a547b40f9ebcb0d501b
datasets/comgenvid/real/MSVD/3zgEl-OLFKE_12_15.mp4,real,MSVD,29.97002997002997,3.003,90,"[0, 4, 7, 11, 15, 19, 22, 26, 30, 34, 37, 41, 45, 49, 52, 56, 60, 64, 67, 71, 75, 79, 82, 86]","[22, 26, 30, 34, 37, 41, 45, 49]","[11, 15, 19, 22, 26, 30, 34, 37, 41, 45, 49, 52, 56, 60, 64, 67]","[0, 4, 7, 11, 15, 19, 22, 26, 30, 34, 37, 41, 45, 49, 52, 56, 60, 64, 67, 71, 75, 79, 82, 86]",,comgenvid,fit,comgenvid:datasets/comgenvid/real/MSVD/3zgEl-OLFKE_12_15.mp4,comgenvid:datasets/comgenvid/real/MSVD/3zgEl-OLFKE_12_15.mp4,datasets/comgenvid/real/MSVD/3zgEl-OLFKE_12_15.mp4,comgenvid:real-content:3zgEl-OLFKE,MSVD,,,,cache/fit/target/fit/comgenvid/168.npz,96a499153c957a9d1a984be57e8f045c6812c527d0c6457b8775b44a328d2034
datasets/comgenvid/real/MSVD/3zrVqwV29V8_69_76.mp4,real,MSVD,25.0,7.04,176,"[0, 3, 6, 9, 12, 16, 19, 22, 25, 28, 31, 34, 38, 41, 44, 47, 50, 53, 56, 59, 62, 66, 69, 72, 75, 78, 81, 84, 88, 91, 94, 97, 100, 103, 106, 109, 112, 116, 119, 122, 125, 128, 131, 134, 138, 141, 144, 147, 150, 153, 156, 159, 162, 166, 169, 172, 175]","[119, 122, 125, 128, 131, 134, 138, 141]","[88, 91, 94, 97, 100, 103, 106, 109, 112, 116, 119, 122, 125, 128, 131, 134]","[44, 47, 50, 53, 56, 59, 62, 66, 69, 72, 75, 78, 81, 84, 88, 91, 94, 97, 100, 103, 106, 109, 112, 116]","[31, 34, 38, 41, 44, 47, 50, 53, 56, 59, 62, 66, 69, 72, 75, 78, 81, 84, 88, 91, 94, 97, 100, 103, 106, 109, 112, 116, 119, 122, 125, 128]",comgenvid,fit,comgenvid:datasets/comgenvid/real/MSVD/3zrVqwV29V8_69_76.mp4,comgenvid:datasets/comgenvid/real/MSVD/3zrVqwV29V8_69_76.mp4,datasets/comgenvid/real/MSVD/3zrVqwV29V8_69_76.mp4,comgenvid:real-content:3zrVqwV29V8,MSVD,,,,cache/fit/target/fit/comgenvid/169.npz,5a8a7dc73b6cdf1c9ea8e7790a9200db8e9f535c0b3614ebc21706b9cd8cb616
datasets/comgenvid/real/MSVD/4-1gpwkD7Hc_7_15.mp4,real,MSVD,29.97002997002997,8.008,240,"[0, 4, 7, 11, 15, 19, 22, 26, 30, 34, 37, 41, 45, 49, 52, 56, 60, 64, 67, 71, 75, 79, 82, 86, 90, 94, 97, 101, 105, 109, 112, 116, 120, 124, 127, 131, 135, 139, 142, 146, 150, 154, 157, 161, 165, 169, 172, 176, 180, 184, 187, 191, 195, 199, 202, 206, 210, 214, 217, 221, 225, 229, 232, 236]","[142, 146, 150, 154, 157, 161, 165, 169]","[105, 109, 112, 116, 120, 124, 127, 131, 135, 139, 142, 146, 150, 154, 157, 161]","[52, 56, 60, 64, 67, 71, 75, 79, 82, 86, 90, 94, 97, 101, 105, 109, 112, 116, 120, 124, 127, 131, 135, 139]","[26, 30, 34, 37, 41, 45, 49, 52, 56, 60, 64, 67, 71, 75, 79, 82, 86, 90, 94, 97, 101, 105, 109, 112, 116, 120, 124, 127, 131, 135, 139, 142]",comgenvid,fit,comgenvid:datasets/comgenvid/real/MSVD/4-1gpwkD7Hc_7_15.mp4,comgenvid:datasets/comgenvid/real/MSVD/4-1gpwkD7Hc_7_15.mp4,datasets/comgenvid/real/MSVD/4-1gpwkD7Hc_7_15.mp4,comgenvid:real-content:4-1gpwkD7Hc,MSVD,,,,cache/fit/target/fit/comgenvid/170.npz,b23f277d6859715b23177dbe42164807d689851d9e2a9e2c33ce975dbea945e4
datasets/comgenvid/real/MSVD/45AGQSbodbU_5_15.mp4,real,MSVD,30.0,10.033333,301,"[0, 4, 8, 11, 15, 19, 22, 26, 30, 34, 38, 41, 45, 49, 52, 56, 60, 64, 68, 71, 75, 79, 82, 86, 90, 94, 98, 101, 105, 109, 112, 116, 120, 124, 128, 131, 135, 139, 142, 146, 150, 154, 158, 161, 165, 169, 172, 176, 180, 184, 188, 191, 195, 199, 202, 206, 210, 214, 218, 221, 225, 229, 232, 236, 240, 244, 248, 251, 255, 259, 262, 266, 270, 274, 278, 281, 285, 289, 292, 296, 300]","[191, 195, 199, 202, 206, 210, 214, 218]","[52, 56, 60, 64, 68, 71, 75, 79, 82, 86, 90, 94, 98, 101, 105, 109]","[158, 161, 165, 169, 172, 176, 180, 184, 188, 191, 195, 199, 202, 206, 210, 214, 218, 221, 225, 229, 232, 236, 240, 244]","[26, 30, 34, 38, 41, 45, 49, 52, 56, 60, 64, 68, 71, 75, 79, 82, 86, 90, 94, 98, 101, 105, 109, 112, 116, 120, 124, 128, 131, 135, 139, 142]",comgenvid,fit,comgenvid:datasets/comgenvid/real/MSVD/45AGQSbodbU_5_15.mp4,comgenvid:datasets/comgenvid/real/MSVD/45AGQSbodbU_5_15.mp4,datasets/comgenvid/real/MSVD/45AGQSbodbU_5_15.mp4,comgenvid:real-content:45AGQSbodbU,MSVD,,,,cache/fit/target/fit/comgenvid/171.npz,33d68599a915f01c7dc992ad46c90bb3f0d16b31998e132b46226501cee5f303
datasets/comgenvid/real/MSVD/47D9-U8hn5I_11_16.mp4,real,MSVD,30.0,5.033333,151,"[0, 4, 8, 11, 15, 19, 22, 26, 30, 34, 38, 41, 45, 49, 52, 56, 60, 64, 68, 71, 75, 79, 82, 86, 90, 94, 98, 101, 105, 109, 112, 116, 120, 124, 128, 131, 135, 139, 142, 146, 150]","[105, 109, 112, 116, 120, 124, 128, 131]","[52, 56, 60, 64, 68, 71, 75, 79, 82, 86, 90, 94, 98, 101, 105, 109]","[38, 41, 45, 49, 52, 56, 60, 64, 68, 71, 75, 79, 82, 86, 90, 94, 98, 101, 105, 109, 112, 116, 120, 124]","[26, 30, 34, 38, 41, 45, 49, 52, 56, 60, 64, 68, 71, 75, 79, 82, 86, 90, 94, 98, 101, 105, 109, 112, 116, 120, 124, 128, 131, 135, 139, 142]",comgenvid,fit,comgenvid:datasets/comgenvid/real/MSVD/47D9-U8hn5I_11_16.mp4,comgenvid:datasets/comgenvid/real/MSVD/47D9-U8hn5I_11_16.mp4,datasets/comgenvid/real/MSVD/47D9-U8hn5I_11_16.mp4,comgenvid:real-content:47D9-U8hn5I,MSVD,,,,cache/fit/target/fit/comgenvid/172.npz,28ab0c70518a61df41b8b0fc2e6a79a9e879f6b854c464594330e6eb159963ff
datasets/comgenvid/real/MSVD/4D1o4FC8YbA_207_216.mp4,real,MSVD,59.94005994005994,9.009,540,"[0, 7, 15, 22, 30, 37, 45, 52, 60, 67, 75, 82, 90, 97, 105, 112, 120, 127, 135, 142, 150, 157, 165, 172, 180, 187, 195, 202, 210, 217, 225, 232, 240, 247, 255, 262, 270, 277, 285, 292, 300, 307, 315, 322, 330, 337, 345, 352, 360, 367, 375, 382, 390, 397, 405, 412, 420, 427, 435, 442, 450, 457, 465, 472, 480, 487, 495, 502, 509, 517, 524, 532, 539]","[382, 390, 397, 405, 412, 420, 427, 435]","[210, 217, 225, 232, 240, 247, 255, 262, 270, 277, 285, 292, 300, 307, 315, 322]","[105, 112, 120, 127, 135, 142, 150, 157, 165, 172, 180, 187, 195, 202, 210, 217, 225, 232, 240, 247, 255, 262, 270, 277]","[52, 60, 67, 75, 82, 90, 97, 105, 112, 120, 127, 135, 142, 150, 157, 165, 172, 180, 187, 195, 202, 210, 217, 225, 232, 240, 247, 255, 262, 270, 277, 285]",comgenvid,fit,comgenvid:datasets/comgenvid/real/MSVD/4D1o4FC8YbA_207_216.mp4,comgenvid:datasets/comgenvid/real/MSVD/4D1o4FC8YbA_207_216.mp4,datasets/comgenvid/real/MSVD/4D1o4FC8YbA_207_216.mp4,comgenvid:real-content:4D1o4FC8YbA,MSVD,,,,cache/fit/target/fit/comgenvid/173.npz,a322202c734a4ed3d5c2ec6b557f7dae15e1c0c234678299297d2d78e7166206
datasets/comgenvid/real/MSVD/4D1o4FC8YbA_29_39.mp4,real,MSVD,59.94005994005994,10.01,600,"[0, 7, 15, 22, 30, 37, 45, 52, 60, 67, 75, 82, 90, 97, 105, 112, 120, 127, 135, 142, 150, 157, 165, 172, 180, 187, 195, 202, 210, 217, 225, 232, 240, 247, 255, 262, 270, 277, 285, 292, 300, 307, 315, 322, 330, 337, 345, 352, 360, 367, 375, 382, 390, 397, 405, 412, 420, 427, 435, 442, 450, 457, 465, 472, 480, 487, 495, 502, 509, 517, 524, 532, 539, 547, 554, 562, 569, 577, 584, 592, 599]","[382, 390, 397, 405, 412, 420, 427, 435]","[105, 112, 120, 127, 135, 142, 150, 157, 165, 172, 180, 187, 195, 202, 210, 217]","[315, 322, 330, 337, 345, 352, 360, 367, 375, 382, 390, 397, 405, 412, 420, 427, 435, 442, 450, 457, 465, 472, 480, 487]","[52, 60, 67, 75, 82, 90, 97, 105, 112, 120, 127, 135, 142, 150, 157, 165, 172, 180, 187, 195, 202, 210, 217, 225, 232, 240, 247, 255, 262, 270, 277, 285]",comgenvid,fit,comgenvid:datasets/comgenvid/real/MSVD/4D1o4FC8YbA_29_39.mp4,comgenvid:datasets/comgenvid/real/MSVD/4D1o4FC8YbA_29_39.mp4,datasets/comgenvid/real/MSVD/4D1o4FC8YbA_29_39.mp4,comgenvid:real-content:4D1o4FC8YbA,MSVD,,,,cache/fit/target/fit/comgenvid/174.npz,cca789a8f9f43c0cdd22b412e92a775ff79f64c48d4719d0c89785ac62fd919d
datasets/comgenvid/real/MSVD/4Hhdr1IPOGs_1_10.mp4,real,MSVD,29.97002997002997,9.009,270,"[0, 4, 7, 11, 15, 19, 22, 26, 30, 34, 37, 41, 45, 49, 52, 56, 60, 64, 67, 71, 75, 79, 82, 86, 90, 94, 97, 101, 105, 109, 112, 116, 120, 124, 127, 131, 135, 139, 142, 146, 150, 154, 157, 161, 165, 169, 172, 176, 180, 184, 187, 191, 195, 199, 202, 206, 210, 214, 217, 221, 225, 229, 232, 236, 240, 244, 247, 251, 255, 258, 262, 266]","[191, 195, 199, 202, 206, 210, 214, 217]","[105, 109, 112, 116, 120, 124, 127, 131, 135, 139, 142, 146, 150, 154, 157, 161]","[52, 56, 60, 64, 67, 71, 75, 79, 82, 86, 90, 94, 97, 101, 105, 109, 112, 116, 120, 124, 127, 131, 135, 139]","[26, 30, 34, 37, 41, 45, 49, 52, 56, 60, 64, 67, 71, 75, 79, 82, 86, 90, 94, 97, 101, 105, 109, 112, 116, 120, 124, 127, 131, 135, 139, 142]",comgenvid,fit,comgenvid:datasets/comgenvid/real/MSVD/4Hhdr1IPOGs_1_10.mp4,comgenvid:datasets/comgenvid/real/MSVD/4Hhdr1IPOGs_1_10.mp4,datasets/comgenvid/real/MSVD/4Hhdr1IPOGs_1_10.mp4,comgenvid:real-content:4Hhdr1IPOGs,MSVD,,,,cache/fit/target/fit/comgenvid/175.npz,2d24f07f4775bc7f9da39e724474c8254836e0f9d8807c83fe1945e23a1efbe0
datasets/comgenvid/real/MSVD/4Hhdr1IPOGs_90_98.mp4,real,MSVD,29.97002997002997,8.008,240,"[0, 4, 7, 11, 15, 19, 22, 26, 30, 34, 37, 41, 45, 49, 52, 56, 60, 64, 67, 71, 75, 79, 82, 86, 90, 94, 97, 101, 105, 109, 112, 116, 120, 124, 127, 131, 135, 139, 142, 146, 150, 154, 157, 161, 165, 169, 172, 176, 180, 184, 187, 191, 195, 199, 202, 206, 210, 214, 217, 221, 225, 229, 232, 236]","[142, 146, 150, 154, 157, 161, 165, 169]","[105, 109, 112, 116, 120, 124, 127, 131, 135, 139, 142, 146, 150, 154, 157, 161]","[52, 56, 60, 64, 67, 71, 75, 79, 82, 86, 90, 94, 97, 101, 105, 109, 112, 116, 120, 124, 127, 131, 135, 139]","[26, 30, 34, 37, 41, 45, 49, 52, 56, 60, 64, 67, 71, 75, 79, 82, 86, 90, 94, 97, 101, 105, 109, 112, 116, 120, 124, 127, 131, 135, 139, 142]",comgenvid,fit,comgenvid:datasets/comgenvid/real/MSVD/4Hhdr1IPOGs_90_98.mp4,comgenvid:datasets/comgenvid/real/MSVD/4Hhdr1IPOGs_90_98.mp4,datasets/comgenvid/real/MSVD/4Hhdr1IPOGs_90_98.mp4,comgenvid:real-content:4Hhdr1IPOGs,MSVD,,,,cache/fit/target/fit/comgenvid/176.npz,7bf7e835ed54e23037a9f01c06a6269d097213b6747aacfa7b3e922d4dcd286c
datasets/comgenvid/real/MSVD/4JVpbYmqfcI_5_19.mp4,real,MSVD,59.0,4.271186,252,"[0, 7, 15, 22, 30, 37, 44, 52, 59, 66, 74, 81, 88, 96, 103, 111, 118, 125, 133, 140, 148, 155, 162, 170, 177, 184, 192, 199, 206, 214, 221, 229, 236, 243, 251]","[44, 52, 59, 66, 74, 81, 88, 96]","[140, 148, 155, 162, 170, 177, 184, 192, 199, 206, 214, 221, 229, 236, 243, 251]","[74, 81, 88, 96, 103, 111, 118, 125, 133, 140, 148, 155, 162, 170, 177, 184, 192, 199, 206, 214, 221, 229, 236, 243]","[22, 30, 37, 44, 52, 59, 66, 74, 81, 88, 96, 103, 111, 118, 125, 133, 140, 148, 155, 162, 170, 177, 184, 192, 199, 206, 214, 221, 229, 236, 243, 251]",comgenvid,fit,comgenvid:datasets/comgenvid/real/MSVD/4JVpbYmqfcI_5_19.mp4,comgenvid:datasets/comgenvid/real/MSVD/4JVpbYmqfcI_5_19.mp4,datasets/comgenvid/real/MSVD/4JVpbYmqfcI_5_19.mp4,comgenvid:real-content:4JVpbYmqfcI,MSVD,,,,cache/fit/target/fit/comgenvid/177.npz,44730aa1231ac56947332f581f3215c54ca43095144fadd16bfad10dd440040e
datasets/comgenvid/real/MSVD/4MjTb5A68VA_111_118.mp4,real,MSVD,23.976023976023978,7.007,168,"[0, 3, 6, 9, 12, 15, 18, 21, 24, 27, 30, 33, 36, 39, 42, 45, 48, 51, 54, 57, 60, 63, 66, 69, 72, 75, 78, 81, 84, 87, 90, 93, 96, 99, 102, 105, 108, 111, 114, 117, 120, 123, 126, 129, 132, 135, 138, 141, 144, 147, 150, 153, 156, 159, 162, 165]","[114, 117, 120, 123, 126, 129, 132, 135]","[84, 87, 90, 93, 96, 99, 102, 105, 108, 111, 114, 117, 120, 123, 126, 129]","[42, 45, 48, 51, 54, 57, 60, 63, 66, 69, 72, 75, 78, 81, 84, 87, 90, 93, 96, 99, 102, 105, 108, 111]","[30, 33, 36, 39, 42, 45, 48, 51, 54, 57, 60, 63, 66, 69, 72, 75, 78, 81, 84, 87, 90, 93, 96, 99, 102, 105, 108, 111, 114, 117, 120, 123]",comgenvid,fit,comgenvid:datasets/comgenvid/real/MSVD/4MjTb5A68VA_111_118.mp4,comgenvid:datasets/comgenvid/real/MSVD/4MjTb5A68VA_111_118.mp4,datasets/comgenvid/real/MSVD/4MjTb5A68VA_111_118.mp4,comgenvid:real-content:4MjTb5A68VA,MSVD,,,,cache/fit/target/fit/comgenvid/178.npz,90442452bac65e883839e9219705138a3f4a17c4d7bc39b734f0c4084ce49188
datasets/comgenvid/real/MSVD/4PayIIIOeIs_230_238.mp4,real,MSVD,59.94005994005994,8.008,480,"[0, 7, 15, 22, 30, 37, 45, 52, 60, 67, 75, 82, 90, 97, 105, 112, 120, 127, 135, 142, 150, 157, 165, 172, 180, 187, 195, 202, 210, 217, 225, 232, 240, 247, 255, 262, 270, 277, 285, 292, 300, 307, 315, 322, 330, 337, 345, 352, 360, 367, 375, 382, 390, 397, 405, 412, 420, 427, 435, 442, 450, 457, 465, 472]","[285, 292, 300, 307, 315, 322, 330, 337]","[210, 217, 225, 232, 240, 247, 255, 262, 270, 277, 285, 292, 300, 307, 315, 322]","[105, 112, 120, 127, 135, 142, 150, 157, 165, 172, 180, 187, 195, 202, 210, 217, 225, 232, 240, 247, 255, 262, 270, 277]","[52, 60, 67, 75, 82, 90, 97, 105, 112, 120, 127, 135, 142, 150, 157, 165, 172, 180, 187, 195, 202, 210, 217, 225, 232, 240, 247, 255, 262, 270, 277, 285]",comgenvid,fit,comgenvid:datasets/comgenvid/real/MSVD/4PayIIIOeIs_230_238.mp4,comgenvid:datasets/comgenvid/real/MSVD/4PayIIIOeIs_230_238.mp4,datasets/comgenvid/real/MSVD/4PayIIIOeIs_230_238.mp4,comgenvid:real-content:4PayIIIOeIs,MSVD,,,,cache/fit/target/fit/comgenvid/179.npz,cf1b7bf4d1736a2f40739bd7f10f30ba539b1563fefee9c801d3ea915189fb85
datasets/comgenvid/real/MSVD/4PcL6-mjRNk_11_18.mp4,real,MSVD,30.0,7.033333,211,"[0, 4, 8, 11, 15, 19, 22, 26, 30, 34, 38, 41, 45, 49, 52, 56, 60, 64, 68, 71, 75, 79, 82, 86, 90, 94, 98, 101, 105, 109, 112, 116, 120, 124, 128, 131, 135, 139, 142, 146, 150, 154, 158, 161, 165, 169, 172, 176, 180, 184, 188, 191, 195, 199, 202, 206, 210]","[142, 146, 150, 154, 158, 161, 165, 169]","[105, 109, 112, 116, 120, 124, 128, 131, 135, 139, 142, 146, 150, 154, 158, 161]","[52, 56, 60, 64, 68, 71, 75, 79, 82, 86, 90, 94, 98, 101, 105, 109, 112, 116, 120, 124, 128, 131, 135, 139]","[38, 41, 45, 49, 52, 56, 60, 64, 68, 71, 75, 79, 82, 86, 90, 94, 98, 101, 105, 109, 112, 116, 120, 124, 128, 131, 135, 139, 142, 146, 150, 154]",comgenvid,fit,comgenvid:datasets/comgenvid/real/MSVD/4PcL6-mjRNk_11_18.mp4,comgenvid:datasets/comgenvid/real/MSVD/4PcL6-mjRNk_11_18.mp4,datasets/comgenvid/real/MSVD/4PcL6-mjRNk_11_18.mp4,comgenvid:real-content:4PcL6-mjRNk,MSVD,,,,cache/fit/target/fit/comgenvid/180.npz,6ae456cb7693403ae048b03c63c1449258cdec7be51a5cc370ae7e2f9285f094
datasets/comgenvid/real/MSVD/4PcL6-mjRNk_47_55.mp4,real,MSVD,30.0,8.033333,241,"[0, 4, 8, 11, 15, 19, 22, 26, 30, 34, 38, 41, 45, 49, 52, 56, 60, 64, 68, 71, 75, 79, 82, 86, 90, 94, 98, 101, 105, 109, 112, 116, 120, 124, 128, 131, 135, 139, 142, 146, 150, 154, 158, 161, 165, 169, 172, 176, 180, 184, 188, 191, 195, 199, 202, 206, 210, 214, 218, 221, 225, 229, 232, 236, 240]","[142, 146, 150, 154, 158, 161, 165, 169]","[105, 109, 112, 116, 120, 124, 128, 131, 135, 139, 142, 146, 150, 154, 158, 161]","[52, 56, 60, 64, 68, 71, 75, 79, 82, 86, 90, 94, 98, 101, 105, 109, 112, 116, 120, 124, 128, 131, 135, 139]","[26, 30, 34, 38, 41, 45, 49, 52, 56, 60, 64, 68, 71, 75, 79, 82, 86, 90, 94, 98, 101, 105, 109, 112, 116, 120, 124, 128, 131, 135, 139, 142]",comgenvid,fit,comgenvid:datasets/comgenvid/real/MSVD/4PcL6-mjRNk_47_55.mp4,comgenvid:datasets/comgenvid/real/MSVD/4PcL6-mjRNk_47_55.mp4,datasets/comgenvid/real/MSVD/4PcL6-mjRNk_47_55.mp4,comgenvid:real-content:4PcL6-mjRNk,MSVD,,,,cache/fit/target/fit/comgenvid/181.npz,51af9fbfe7e9dd487027748387e56b95b725ca595452a46179dd819141368538
datasets/comgenvid/real/MSVD/4QYPZM01xFE_14_26.mp4,real,MSVD,30.0,12.033333,361,"[0, 4, 8, 11, 15, 19, 22, 26, 30, 34, 38, 41, 45, 49, 52, 56, 60, 64, 68, 71, 75, 79, 82, 86, 90, 94, 98, 101, 105, 109, 112, 116, 120, 124, 128, 131, 135, 139, 142, 146, 150, 154, 158, 161, 165, 169, 172, 176, 180, 184, 188, 191, 195, 199, 202, 206, 210, 214, 218, 221, 225, 229, 232, 236, 240, 244, 248, 251, 255, 259, 262, 266, 270, 274, 278, 281, 285, 289, 292, 296, 300, 304, 308, 311, 315, 319, 322, 326, 330, 334, 338, 341, 345, 349, 352, 356, 360]","[191, 195, 199, 202, 206, 210, 214, 218]","[52, 56, 60, 64, 68, 71, 75, 79, 82, 86, 90, 94, 98, 101, 105, 109]","[266, 270, 274, 278, 281, 285, 289, 292, 296, 300, 304, 308, 311, 315, 319, 322, 326, 330, 334, 338, 341, 345, 349, 352]","[225, 229, 232, 236, 240, 244, 248, 251, 255, 259, 262, 266, 270, 274, 278, 281, 285, 289, 292, 296, 300, 304, 308, 311, 315, 319, 322, 326, 330, 334, 338, 341]",comgenvid,fit,comgenvid:datasets/comgenvid/real/MSVD/4QYPZM01xFE_14_26.mp4,comgenvid:datasets/comgenvid/real/MSVD/4QYPZM01xFE_14_26.mp4,datasets/comgenvid/real/MSVD/4QYPZM01xFE_14_26.mp4,comgenvid:real-content:4QYPZM01xFE,MSVD,,,,cache/fit/target/fit/comgenvid/182.npz,d14622390b13e7bcc9e913d1261843abe193d659ee128ba8c2c93d76eab3835a
datasets/comgenvid/real/MSVD/4QdX5Q3qQsQ_38_44.mp4,real,MSVD,29.97002997002997,6.006,180,"[0, 4, 7, 11, 15, 19, 22, 26, 30, 34, 37, 41, 45, 49, 52, 56, 60, 64, 67, 71, 75, 79, 82, 86, 90, 94, 97, 101, 105, 109, 112, 116, 120, 124, 127, 131, 135, 139, 142, 146, 150, 154, 157, 161, 165, 169, 172, 176]","[142, 146, 150, 154, 157, 161, 165, 169]","[105, 109, 112, 116, 120, 124, 127, 131, 135, 139, 142, 146, 150, 154, 157, 161]","[52, 56, 60, 64, 67, 71, 75, 79, 82, 86, 90, 94, 97, 101, 105, 109, 112, 116, 120, 124, 127, 131, 135, 139]","[37, 41, 45, 49, 52, 56, 60, 64, 67, 71, 75, 79, 82, 86, 90, 94, 97, 101, 105, 109, 112, 116, 120, 124, 127, 131, 135, 139, 142, 146, 150, 154]",comgenvid,fit,comgenvid:datasets/comgenvid/real/MSVD/4QdX5Q3qQsQ_38_44.mp4,comgenvid:datasets/comgenvid/real/MSVD/4QdX5Q3qQsQ_38_44.mp4,datasets/comgenvid/real/MSVD/4QdX5Q3qQsQ_38_44.mp4,comgenvid:real-content:4QdX5Q3qQsQ,MSVD,,,,cache/fit/target/fit/comgenvid/183.npz,421fcc408c37ffe3d591aee683a0ae8ef9fd67cd8acb0ae6ad49a6b333f41a05
datasets/comgenvid/real/MSVD/4R-tumAGrtU_12_22.mp4,real,MSVD,29.97002997002997,10.01,300,"[0, 4, 7, 11, 15, 19, 22, 26, 30, 34, 37, 41, 45, 49, 52, 56, 60, 64, 67, 71, 75, 79, 82, 86, 90, 94, 97, 101, 105, 109, 112, 116, 120, 124, 127, 131, 135, 139, 142, 146, 150, 154, 157, 161, 165, 169, 172, 176, 180, 184, 187, 191, 195, 199, 202, 206, 210, 214, 217, 221, 225, 229, 232, 236, 240, 244, 247, 251, 255, 258, 262, 266, 270, 273, 277, 281, 285, 288, 292, 296]","[191, 195, 199, 202, 206, 210, 214, 217]","[52, 56, 60, 64, 67, 71, 75, 79, 82, 86, 90, 94, 97, 101, 105, 109]","[157, 161, 165, 169, 172, 176, 180, 184, 187, 191, 195, 199, 202, 206, 210, 214, 217, 221, 225, 229, 232, 236, 240, 244]","[26, 30, 34, 37, 41, 45, 49, 52, 56, 60, 64, 67, 71, 75, 79, 82, 86, 90, 94, 97, 101, 105, 109, 112, 116, 120, 124, 127, 131, 135, 139, 142]",comgenvid,fit,comgenvid:datasets/comgenvid/real/MSVD/4R-tumAGrtU_12_22.mp4,comgenvid:datasets/comgenvid/real/MSVD/4R-tumAGrtU_12_22.mp4,datasets/comgenvid/real/MSVD/4R-tumAGrtU_12_22.mp4,comgenvid:real-content:4R-tumAGrtU,MSVD,,,,cache/fit/target/fit/comgenvid/184.npz,01a7aa4f6c78c43705dba1bd8572adac34b1098058bc881c726faa6d3894650e
datasets/comgenvid/real/MSVD/4Tn5S48sCwg_110_118.mp4,real,MSVD,23.976023976023978,8.008,192,"[0, 3, 6, 9, 12, 15, 18, 21, 24, 27, 30, 33, 36, 39, 42, 45, 48, 51, 54, 57, 60, 63, 66, 69, 72, 75, 78, 81, 84, 87, 90, 93, 96, 99, 102, 105, 108, 111, 114, 117, 120, 123, 126, 129, 132, 135, 138, 141, 144, 147, 150, 153, 156, 159, 162, 165, 168, 171, 174, 177, 180, 183, 186, 189]","[114, 117, 120, 123, 126, 129, 132, 135]","[84, 87, 90, 93, 96, 99, 102, 105, 108, 111, 114, 117, 120, 123, 126, 129]","[42, 45, 48, 51, 54, 57, 60, 63, 66, 69, 72, 75, 78, 81, 84, 87, 90, 93, 96, 99, 102, 105, 108, 111]","[21, 24, 27, 30, 33, 36, 39, 42, 45, 48, 51, 54, 57, 60, 63, 66, 69, 72, 75, 78, 81, 84, 87, 90, 93, 96, 99, 102, 105, 108, 111, 114]",comgenvid,fit,comgenvid:datasets/comgenvid/real/MSVD/4Tn5S48sCwg_110_118.mp4,comgenvid:datasets/comgenvid/real/MSVD/4Tn5S48sCwg_110_118.mp4,datasets/comgenvid/real/MSVD/4Tn5S48sCwg_110_118.mp4,comgenvid:real-content:4Tn5S48sCwg,MSVD,,,,cache/fit/target/fit/comgenvid/185.npz,0cbb31957ab7c6e22ce176331c3db60b5276c4f5991d2842ccd0f528a550f7c1
datasets/comgenvid/real/MSVD/4UOVKok7j1U_1_8.mp4,real,MSVD,29.97002997002997,7.007,210,"[0, 4, 7, 11, 15, 19, 22, 26, 30, 34, 37, 41, 45, 49, 52, 56, 60, 64, 67, 71, 75, 79, 82, 86, 90, 94, 97, 101, 105, 109, 112, 116, 120, 124, 127, 131, 135, 139, 142, 146, 150, 154, 157, 161, 165, 169, 172, 176, 180, 184, 187, 191, 195, 199, 202, 206]","[142, 146, 150, 154, 157, 161, 165, 169]","[105, 109, 112, 116, 120, 124, 127, 131, 135, 139, 142, 146, 150, 154, 157, 161]","[52, 56, 60, 64, 67, 71, 75, 79, 82, 86, 90, 94, 97, 101, 105, 109, 112, 116, 120, 124, 127, 131, 135, 139]","[37, 41, 45, 49, 52, 56, 60, 64, 67, 71, 75, 79, 82, 86, 90, 94, 97, 101, 105, 109, 112, 116, 120, 124, 127, 131, 135, 139, 142, 146, 150, 154]",comgenvid,fit,comgenvid:datasets/comgenvid/real/MSVD/4UOVKok7j1U_1_8.mp4,comgenvid:datasets/comgenvid/real/MSVD/4UOVKok7j1U_1_8.mp4,datasets/comgenvid/real/MSVD/4UOVKok7j1U_1_8.mp4,comgenvid:real-content:4UOVKok7j1U,MSVD,,,,cache/fit/target/fit/comgenvid/186.npz,39efa0efff8b4ed56d1107c417ec73af50184ea1ec9240e110824a28945c6bee
datasets/comgenvid/real/MSVD/4VLrxtf7Z_8_0_7.mp4,real,MSVD,25.0,7.04,176,"[0, 3, 6, 9, 12, 16, 19, 22, 25, 28, 31, 34, 38, 41, 44, 47, 50, 53, 56, 59, 62, 66, 69, 72, 75, 78, 81, 84, 88, 91, 94, 97, 100, 103, 106, 109, 112, 116, 119, 122, 125, 128, 131, 134, 138, 141, 144, 147, 150, 153, 156, 159, 162, 166, 169, 172, 175]","[119, 122, 125, 128, 131, 134, 138, 141]","[88, 91, 94, 97, 100, 103, 106, 109, 112, 116, 119, 122, 125, 128, 131, 134]","[44, 47, 50, 53, 56, 59, 62, 66, 69, 72, 75, 78, 81, 84, 88, 91, 94, 97, 100, 103, 106, 109, 112, 116]","[31, 34, 38, 41, 44, 47, 50, 53, 56, 59, 62, 66, 69, 72, 75, 78, 81, 84, 88, 91, 94, 97, 100, 103, 106, 109, 112, 116, 119, 122, 125, 128]",comgenvid,fit,comgenvid:datasets/comgenvid/real/MSVD/4VLrxtf7Z_8_0_7.mp4,comgenvid:datasets/comgenvid/real/MSVD/4VLrxtf7Z_8_0_7.mp4,datasets/comgenvid/real/MSVD/4VLrxtf7Z_8_0_7.mp4,comgenvid:real-content:4VLrxtf7Z_8,MSVD,,,,cache/fit/target/fit/comgenvid/187.npz,8b96aaf7127824f5251a7f1b49b8c99bc31149efca3a96f3f3fcdae180ab46a0
datasets/comgenvid/real/MSVD/4_WZN7uW0NY_140_145.mp4,real,MSVD,29.97002997002997,5.005,150,"[0, 4, 7, 11, 15, 19, 22, 26, 30, 34, 37, 41, 45, 49, 52, 56, 60, 64, 67, 71, 75, 79, 82, 86, 90, 94, 97, 101, 105, 109, 112, 116, 120, 124, 127, 131, 135, 139, 142, 146]","[105, 109, 112, 116, 120, 124, 127, 131]","[52, 56, 60, 64, 67, 71, 75, 79, 82, 86, 90, 94, 97, 101, 105, 109]","[37, 41, 45, 49, 52, 56, 60, 64, 67, 71, 75, 79, 82, 86, 90, 94, 97, 101, 105, 109, 112, 116, 120, 124]","[26, 30, 34, 37, 41, 45, 49, 52, 56, 60, 64, 67, 71, 75, 79, 82, 86, 90, 94, 97, 101, 105, 109, 112, 116, 120, 124, 127, 131, 135, 139, 142]",comgenvid,fit,comgenvid:datasets/comgenvid/real/MSVD/4_WZN7uW0NY_140_145.mp4,comgenvid:datasets/comgenvid/real/MSVD/4_WZN7uW0NY_140_145.mp4,datasets/comgenvid/real/MSVD/4_WZN7uW0NY_140_145.mp4,comgenvid:real-content:4_WZN7uW0NY,MSVD,,,,cache/fit/target/fit/comgenvid/188.npz,08deea45a58f781a675e08cdadf14ed4d746bc894c7aeceb33891585dc65135e
datasets/comgenvid/real/MSVD/4cgzdXlJksU_83_90.mp4,real,MSVD,30.0,7.0,210,"[0, 4, 8, 11, 15, 19, 22, 26, 30, 34, 38, 41, 45, 49, 52, 56, 60, 64, 68, 71, 75, 79, 82, 86, 90, 94, 98, 101, 105, 109, 112, 116, 120, 124, 128, 131, 135, 139, 142, 146, 150, 154, 158, 161, 165, 169, 172, 176, 180, 184, 188, 191, 195, 199, 202, 206]","[142, 146, 150, 154, 158, 161, 165, 169]","[105, 109, 112, 116, 120, 124, 128, 131, 135, 139, 142, 146, 150, 154, 158, 161]","[52, 56, 60, 64, 68, 71, 75, 79, 82, 86, 90, 94, 98, 101, 105, 109, 112, 116, 120, 124, 128, 131, 135, 139]","[38, 41, 45, 49, 52, 56, 60, 64, 68, 71, 75, 79, 82, 86, 90, 94, 98, 101, 105, 109, 112, 116, 120, 124, 128, 131, 135, 139, 142, 146, 150, 154]",comgenvid,fit,comgenvid:datasets/comgenvid/real/MSVD/4cgzdXlJksU_83_90.mp4,comgenvid:datasets/comgenvid/real/MSVD/4cgzdXlJksU_83_90.mp4,datasets/comgenvid/real/MSVD/4cgzdXlJksU_83_90.mp4,comgenvid:real-content:4cgzdXlJksU,MSVD,,,,cache/fit/target/fit/comgenvid/189.npz,9146bae85185237bd80c94879789ef5bc2ce07a97067b69cb806dee6987c9f55
datasets/comgenvid/real/MSVD/4eJJF11bIxM_1_9.mp4,real,MSVD,29.97002997002997,8.008,240,"[0, 4, 7, 11, 15, 19, 22, 26, 30, 34, 37, 41, 45, 49, 52, 56, 60, 64, 67, 71, 75, 79, 82, 86, 90, 94, 97, 101, 105, 109, 112, 116, 120, 124, 127, 131, 135, 139, 142, 146, 150, 154, 157, 161, 165, 169, 172, 176, 180, 184, 187, 191, 195, 199, 202, 206, 210, 214, 217, 221, 225, 229, 232, 236]","[142, 146, 150, 154, 157, 161, 165, 169]","[105, 109, 112, 116, 120, 124, 127, 131, 135, 139, 142, 146, 150, 154, 157, 161]","[52, 56, 60, 64, 67, 71, 75, 79, 82, 86, 90, 94, 97, 101, 105, 109, 112, 116, 120, 124, 127, 131, 135, 139]","[26, 30, 34, 37, 41, 45, 49, 52, 56, 60, 64, 67, 71, 75, 79, 82, 86, 90, 94, 97, 101, 105, 109, 112, 116, 120, 124, 127, 131, 135, 139, 142]",comgenvid,fit,comgenvid:datasets/comgenvid/real/MSVD/4eJJF11bIxM_1_9.mp4,comgenvid:datasets/comgenvid/real/MSVD/4eJJF11bIxM_1_9.mp4,datasets/comgenvid/real/MSVD/4eJJF11bIxM_1_9.mp4,comgenvid:real-content:4eJJF11bIxM,MSVD,,,,cache/fit/target/fit/comgenvid/190.npz,f061dfdbfde71af2931d06e49f7ee3a2c9d97aa173e7be9c45427db22d68c210
datasets/comgenvid/real/MSVD/4ge5_V-xhP0_138_142.mp4,real,MSVD,30.0,4.033333,121,"[0, 4, 8, 11, 15, 19, 22, 26, 30, 34, 38, 41, 45, 49, 52, 56, 60, 64, 68, 71, 75, 79, 82, 86, 90, 94, 98, 101, 105, 109, 112, 116, 120]","[22, 26, 30, 34, 38, 41, 45, 49]","[52, 56, 60, 64, 68, 71, 75, 79, 82, 86, 90, 94, 98, 101, 105, 109]","[26, 30, 34, 38, 41, 45, 49, 52, 56, 60, 64, 68, 71, 75, 79, 82, 86, 90, 94, 98, 101, 105, 109, 112]","[0, 4, 8, 11, 15, 19, 22, 26, 30, 34, 38, 41, 45, 49, 52, 56, 60, 64, 68, 71, 75, 79, 82, 86, 90, 94, 98, 101, 105, 109, 112, 116]",comgenvid,fit,comgenvid:datasets/comgenvid/real/MSVD/4ge5_V-xhP0_138_142.mp4,comgenvid:datasets/comgenvid/real/MSVD/4ge5_V-xhP0_138_142.mp4,datasets/comgenvid/real/MSVD/4ge5_V-xhP0_138_142.mp4,comgenvid:real-content:4ge5_V-xhP0,MSVD,,,,cache/fit/target/fit/comgenvid/191.npz,dd67b504eed7202323d48cd7ec72cda180dc699e9b374088deca515eb9e923d4
datasets/comgenvid/real/MSVD/4ge5_V-xhP0_35_42.mp4,real,MSVD,30.0,7.033333,211,"[0, 4, 8, 11, 15, 19, 22, 26, 30, 34, 38, 41, 45, 49, 52, 56, 60, 64, 68, 71, 75, 79, 82, 86, 90, 94, 98, 101, 105, 109, 112, 116, 120, 124, 128, 131, 135, 139, 142, 146, 150, 154, 158, 161, 165, 169, 172, 176, 180, 184, 188, 191, 195, 199, 202, 206, 210]","[142, 146, 150, 154, 158, 161, 165, 169]","[105, 109, 112, 116, 120, 124, 128, 131, 135, 139, 142, 146, 150, 154, 158, 161]","[52, 56, 60, 64, 68, 71, 75, 79, 82, 86, 90, 94, 98, 101, 105, 109, 112, 116, 120, 124, 128, 131, 135, 139]","[38, 41, 45, 49, 52, 56, 60, 64, 68, 71, 75, 79, 82, 86, 90, 94, 98, 101, 105, 109, 112, 116, 120, 124, 128, 131, 135, 139, 142, 146, 150, 154]",comgenvid,fit,comgenvid:datasets/comgenvid/real/MSVD/4ge5_V-xhP0_35_42.mp4,comgenvid:datasets/comgenvid/real/MSVD/4ge5_V-xhP0_35_42.mp4,datasets/comgenvid/real/MSVD/4ge5_V-xhP0_35_42.mp4,comgenvid:real-content:4ge5_V-xhP0,MSVD,,,,cache/fit/target/fit/comgenvid/192.npz,1fb5bfeb77de6e1b9becc187a22e2839ef4dc36e2b9e091dbc1aff06aa82d0a9
datasets/comgenvid/real/MSVD/4ikH9ZRcF2Q_89_105.mp4,real,MSVD,30.0,16.033333,481,"[0, 4, 8, 11, 15, 19, 22, 26, 30, 34, 38, 41, 45, 49, 52, 56, 60, 64, 68, 71, 75, 79, 82, 86, 90, 94, 98, 101, 105, 109, 112, 116, 120, 124, 128, 131, 135, 139, 142, 146, 150, 154, 158, 161, 165, 169, 172, 176, 180, 184, 188, 191, 195, 199, 202, 206, 210, 214, 218, 221, 225, 229, 232, 236, 240, 244, 248, 251, 255, 259, 262, 266, 270, 274, 278, 281, 285, 289, 292, 296, 300, 304, 308, 311, 315, 319, 322, 326, 330, 334, 338, 341, 345, 349, 352, 356, 360, 364, 368, 371, 375, 379, 382, 386, 390, 394, 398, 401, 405, 409, 412, 416, 420, 424, 428, 431, 435, 439, 442, 446, 450, 454, 458, 461, 465, 469, 472, 476, 480]","[382, 386, 390, 394, 398, 401, 405, 409]","[191, 195, 199, 202, 206, 210, 214, 218, 221, 225, 229, 232, 236, 240, 244, 248]","[345, 349, 352, 356, 360, 364, 368, 371, 375, 379, 382, 386, 390, 394, 398, 401, 405, 409, 412, 416, 420, 424, 428, 431]","[52, 56, 60, 64, 68, 71, 75, 79, 82, 86, 90, 94, 98, 101, 105, 109, 112, 116, 120, 124, 128, 131, 135, 139, 142, 146, 150, 154, 158, 161, 165, 169]",comgenvid,fit,comgenvid:datasets/comgenvid/real/MSVD/4ikH9ZRcF2Q_89_105.mp4,comgenvid:datasets/comgenvid/real/MSVD/4ikH9ZRcF2Q_89_105.mp4,datasets/comgenvid/real/MSVD/4ikH9ZRcF2Q_89_105.mp4,comgenvid:real-content:4ikH9ZRcF2Q,MSVD,,,,cache/fit/target/fit/comgenvid/193.npz,44aa6ebfa4fa1ff0c690477ccb28327e474e3d7bab7454a7967cf0bfc4395607
datasets/comgenvid/real/MSVD/4kQnrKvOTNg_15_24.mp4,real,MSVD,25.0,9.04,226,"[0, 3, 6, 9, 12, 16, 19, 22, 25, 28, 31, 34, 38, 41, 44, 47, 50, 53, 56, 59, 62, 66, 69, 72, 75, 78, 81, 84, 88, 91, 94, 97, 100, 103, 106, 109, 112, 116, 119, 122, 125, 128, 131, 134, 138, 141, 144, 147, 150, 153, 156, 159, 162, 166, 169, 172, 175, 178, 181, 184, 188, 191, 194, 197, 200, 203, 206, 209, 212, 216, 219, 222, 225]","[159, 162, 166, 169, 172, 175, 178, 181]","[88, 91, 94, 97, 100, 103, 106, 109, 112, 116, 119, 122, 125, 128, 131, 134]","[44, 47, 50, 53, 56, 59, 62, 66, 69, 72, 75, 78, 81, 84, 88, 91, 94, 97, 100, 103, 106, 109, 112, 116]","[22, 25, 28, 31, 34, 38, 41, 44, 47, 50, 53, 56, 59, 62, 66, 69, 72, 75, 78, 81, 84, 88, 91, 94, 97, 100, 103, 106, 109, 112, 116, 119]",comgenvid,fit,comgenvid:datasets/comgenvid/real/MSVD/4kQnrKvOTNg_15_24.mp4,comgenvid:datasets/comgenvid/real/MSVD/4kQnrKvOTNg_15_24.mp4,datasets/comgenvid/real/MSVD/4kQnrKvOTNg_15_24.mp4,comgenvid:real-content:4kQnrKvOTNg,MSVD,,,,cache/fit/target/fit/comgenvid/194.npz,f84b7bfa66039ed43eed330715a3635c911ad477529c2820c60cafa6e45b3fc7
datasets/comgenvid/real/MSVD/4s_0-zIWEog_1_15.mp4,real,MSVD,30.0,14.033333,421,"[0, 4, 8, 11, 15, 19, 22, 26, 30, 34, 38, 41, 45, 49, 52, 56, 60, 64, 68, 71, 75, 79, 82, 86, 90, 94, 98, 101, 105, 109, 112, 116, 120, 124, 128, 131, 135, 139, 142, 146, 150, 154, 158, 161, 165, 169, 172, 176, 180, 184, 188, 191, 195, 199, 202, 206, 210, 214, 218, 221, 225, 229, 232, 236, 240, 244, 248, 251, 255, 259, 262, 266, 270, 274, 278, 281, 285, 289, 292, 296, 300, 304, 308, 311, 315, 319, 322, 326, 330, 334, 338, 341, 345, 349, 352, 356, 360, 364, 368, 371, 375, 379, 382, 386, 390, 394, 398, 401, 405, 409, 412, 416, 420]","[382, 386, 390, 394, 398, 401, 405, 409]","[191, 195, 199, 202, 206, 210, 214, 218, 221, 225, 229, 232, 236, 240, 244, 248]","[52, 56, 60, 64, 68, 71, 75, 79, 82, 86, 90, 94, 98, 101, 105, 109, 112, 116, 120, 124, 128, 131, 135, 139]","[266, 270, 274, 278, 281, 285, 289, 292, 296, 300, 304, 308, 311, 315, 319, 322, 326, 330, 334, 338, 341, 345, 349, 352, 356, 360, 364, 368, 371, 375, 379, 382]",comgenvid,fit,comgenvid:datasets/comgenvid/real/MSVD/4s_0-zIWEog_1_15.mp4,comgenvid:datasets/comgenvid/real/MSVD/4s_0-zIWEog_1_15.mp4,datasets/comgenvid/real/MSVD/4s_0-zIWEog_1_15.mp4,comgenvid:real-content:4s_0-zIWEog,MSVD,,,,cache/fit/target/fit/comgenvid/195.npz,a23c390a7849ab8628259dda5f7177d9a6e395bb5320389e2a37a61c00df801e
datasets/comgenvid/real/MSVD/4t5POXt2e68_5_11.mp4,real,MSVD,30.0,6.033333,181,"[0, 4, 8, 11, 15, 19, 22, 26, 30, 34, 38, 41, 45, 49, 52, 56, 60, 64, 68, 71, 75, 79, 82, 86, 90, 94, 98, 101, 105, 109, 112, 116, 120, 124, 128, 131, 135, 139, 142, 146, 150, 154, 158, 161, 165, 169, 172, 176, 180]","[142, 146, 150, 154, 158, 161, 165, 169]","[105, 109, 112, 116, 120, 124, 128, 131, 135, 139, 142, 146, 150, 154, 158, 161]","[52, 56, 60, 64, 68, 71, 75, 79, 82, 86, 90, 94, 98, 101, 105, 109, 112, 116, 120, 124, 128, 131, 135, 139]","[38, 41, 45, 49, 52, 56, 60, 64, 68, 71, 75, 79, 82, 86, 90, 94, 98, 101, 105, 109, 112, 116, 120, 124, 128, 131, 135, 139, 142, 146, 150, 154]",comgenvid,fit,comgenvid:datasets/comgenvid/real/MSVD/4t5POXt2e68_5_11.mp4,comgenvid:datasets/comgenvid/real/MSVD/4t5POXt2e68_5_11.mp4,datasets/comgenvid/real/MSVD/4t5POXt2e68_5_11.mp4,comgenvid:real-content:4t5POXt2e68,MSVD,,,,cache/fit/target/fit/comgenvid/196.npz,60f7aa2b0a71cbab0104ebaafb2dc282b3e4fc1c3924d2539c0ef79feffe27c2
datasets/comgenvid/real/MSVD/4wT7zM8XgXQ_5_11.mp4,real,MSVD,15.0,6.066667,91,"[0, 2, 4, 6, 8, 9, 11, 13, 15, 17, 19, 21, 22, 24, 26, 28, 30, 32, 34, 36, 38, 39, 41, 43, 45, 47, 49, 51, 52, 54, 56, 58, 60, 62, 64, 66, 68, 69, 71, 73, 75, 77, 79, 81, 82, 84, 86, 88, 90]","[71, 73, 75, 77, 79, 81, 82, 84]","[52, 54, 56, 58, 60, 62, 64, 66, 68, 69, 71, 73, 75, 77, 79, 81]","[26, 28, 30, 32, 34, 36, 38, 39, 41, 43, 45, 47, 49, 51, 52, 54, 56, 58, 60, 62, 64, 66, 68, 69]","[19, 21, 22, 24, 26, 28, 30, 32, 34, 36, 38, 39, 41, 43, 45, 47, 49, 51, 52, 54, 56, 58, 60, 62, 64, 66, 68, 69, 71, 73, 75, 77]",comgenvid,fit,comgenvid:datasets/comgenvid/real/MSVD/4wT7zM8XgXQ_5_11.mp4,comgenvid:datasets/comgenvid/real/MSVD/4wT7zM8XgXQ_5_11.mp4,datasets/comgenvid/real/MSVD/4wT7zM8XgXQ_5_11.mp4,comgenvid:real-content:4wT7zM8XgXQ,MSVD,,,,cache/fit/target/fit/comgenvid/197.npz,7545f3d1642a8be2e67b71f536ff2228d13673fbc142c43a7e849ecc40f0d4d4
datasets/comgenvid/real/MSVD/4xVGpDmA4lE_23_33.mp4,real,MSVD,30.0,10.033333,301,"[0, 4, 8, 11, 15, 19, 22, 26, 30, 34, 38, 41, 45, 49, 52, 56, 60, 64, 68, 71, 75, 79, 82, 86, 90, 94, 98, 101, 105, 109, 112, 116, 120, 124, 128, 131, 135, 139, 142, 146, 150, 154, 158, 161, 165, 169, 172, 176, 180, 184, 188, 191, 195, 199, 202, 206, 210, 214, 218, 221, 225, 229, 232, 236, 240, 244, 248, 251, 255, 259, 262, 266, 270, 274, 278, 281, 285, 289, 292, 296, 300]","[191, 195, 199, 202, 206, 210, 214, 218]","[52, 56, 60, 64, 68, 71, 75, 79, 82, 86, 90, 94, 98, 101, 105, 109]","[158, 161, 165, 169, 172, 176, 180, 184, 188, 191, 195, 199, 202, 206, 210, 214, 218, 221, 225, 229, 232, 236, 240, 244]","[26, 30, 34, 38, 41, 45, 49, 52, 56, 60, 64, 68, 71, 75, 79, 82, 86, 90, 94, 98, 101, 105, 109, 112, 116, 120, 124, 128, 131, 135, 139, 142]",comgenvid,fit,comgenvid:datasets/comgenvid/real/MSVD/4xVGpDmA4lE_23_33.mp4,comgenvid:datasets/comgenvid/real/MSVD/4xVGpDmA4lE_23_33.mp4,datasets/comgenvid/real/MSVD/4xVGpDmA4lE_23_33.mp4,comgenvid:real-content:4xVGpDmA4lE,MSVD,,,,cache/fit/target/fit/comgenvid/198.npz,41a10a209c2d182ef2a5aecc29a1bfef0d1bfd40ba8aa5533e9d353744a16891
datasets/comgenvid/real/MSVD/4yYapi-5QYQ_33_57.mp4,real,MSVD,29.83333333333333,24.03352,717,"[0, 4, 7, 11, 15, 19, 22, 26, 30, 34, 37, 41, 45, 48, 52, 56, 60, 63, 67, 71, 75, 78, 82, 86, 90, 93, 97, 101, 104, 108, 112, 116, 119, 123, 127, 131, 134, 138, 142, 145, 149, 153, 157, 160, 164, 168, 172, 175, 179, 183, 186, 190, 194, 198, 201, 205, 209, 213, 216, 220, 224, 227, 231, 235, 239, 242, 246, 250, 254, 257, 261, 265, 268, 272, 276, 280, 283, 287, 291, 295, 298, 302, 306, 310, 313, 317, 321, 324, 328, 332, 336, 339, 343, 347, 351, 354, 358, 362, 365, 369, 373, 377, 380, 384, 388, 392, 395, 399, 403, 406, 410, 414, 418, 421, 425, 429, 433, 436, 440, 444, 448, 451, 455, 459, 462, 466, 470, 474, 477, 481, 485, 489, 492, 496, 500, 503, 507, 511, 515, 518, 522, 526, 530, 533, 537, 541, 544, 548, 552, 556, 559, 563, 567, 571, 574, 578, 582, 585, 589, 593, 597, 600, 604, 608, 612, 615, 619, 623, 626, 630, 634, 638, 641, 645, 649, 653, 656, 660, 664, 668, 671, 675, 679, 682, 686, 690, 694, 697, 701, 705, 709, 712, 716]","[380, 384, 388, 392, 395, 399, 403, 406]","[343, 347, 351, 354, 358, 362, 365, 369, 373, 377, 380, 384, 388, 392, 395, 399]","[52, 56, 60, 63, 67, 71, 75, 78, 82, 86, 90, 93, 97, 101, 104, 108, 112, 116, 119, 123, 127, 131, 134, 138]","[395, 399, 403, 406, 410, 414, 418, 421, 425, 429, 433, 436, 440, 444, 448, 451, 455, 459, 462, 466, 470, 474, 477, 481, 485, 489, 492, 496, 500, 503, 507, 511]",comgenvid,fit,comgenvid:datasets/comgenvid/real/MSVD/4yYapi-5QYQ_33_57.mp4,comgenvid:datasets/comgenvid/real/MSVD/4yYapi-5QYQ_33_57.mp4,datasets/comgenvid/real/MSVD/4yYapi-5QYQ_33_57.mp4,comgenvid:real-content:4yYapi-5QYQ,MSVD,,,,cache/fit/target/fit/comgenvid/199.npz,63302efed0497f07000e42c58cf13488e8825779a691ed0a05cb4ed464bf9527
