video_id,dataset,subset,generator,legacy_reference,legacy_selector
comgenvid:datasets/comgenvid/real/MSVD/hcCLIzzB1jQ_1_7.mp4,comgenvid,real,Sora,vatex_5000_video256,feature_change
comgenvid:datasets/comgenvid/real/MSVD/q-a6NEotUX8_5_10.mp4,comgenvid,real,Sora,vatex_5000_video256,feature_change
comgenvid:datasets/comgenvid/real/MSVD/xgIIcPSh4EU_0_6.mp4,comgenvid,real,Sora,vatex_5000_video256,feature_change
comgenvid:datasets/comgenvid/real/MSVD/bDoCQEwghZU_201_211.mp4,comgenvid,real,Sora,vatex_5000_video256,feature_change
comgenvid:datasets/comgenvid/real/MSVD/tZmDWltBziM_42_47.mp4,comgenvid,real,Sora,vatex_5000_video256,feature_change
comgenvid:datasets/comgenvid/real/MSVD/qeKX-N1nKiM_68_72.mp4,comgenvid,real,Sora,vatex_5000_video256,feature_change
comgenvid:datasets/comgenvid/real/MSVD/pUPKsHTDZTo_70_85.mp4,comgenvid,real,Sora,vatex_5000_video256,feature_change
comgenvid:datasets/comgenvid/real/MSVD/puineN1UMto_25_29.mp4,comgenvid,real,Sora,vatex_5000_video256,feature_change
comgenvid:datasets/comgenvid/real/MSVD/klFyrnrUSck_25_36.mp4,comgenvid,real,Sora,vatex_5000_video256,feature_change
comgenvid:datasets/comgenvid/real/MSVD/kWLNZzuo3do_217_222.mp4,comgenvid,real,Sora,vatex_5000_video256,feature_change
comgenvid:datasets/comgenvid/real/MSVD/b24_bb57PPk_631_637.mp4,comgenvid,real,Sora,vatex_5000_video256,feature_change
comgenvid:datasets/comgenvid/real/MSVD/c51L6ZxZGjQ_137_154.mp4,comgenvid,real,Sora,vatex_5000_video256,feature_change
comgenvid:datasets/comgenvid/real/MSVD/hReROJQpSow_24_30.mp4,comgenvid,real,Sora,vatex_5000_video256,feature_change
comgenvid:datasets/comgenvid/real/MSVD/sXyjCgR0rAc_0_11.mp4,comgenvid,real,Sora,vatex_5000_video256,feature_change
comgenvid:datasets/comgenvid/real/MSVD/p7IAuvd87hQ_12_19.mp4,comgenvid,real,Sora,vatex_5000_video256,feature_change
comgenvid:datasets/comgenvid/real/MSVD/mv89psg6zh4_33_46.mp4,comgenvid,real,Sora,vatex_5000_video256,feature_change
comgenvid:datasets/comgenvid/real/MSVD/ht2oIYBSoI0_9_21.mp4,comgenvid,real,Sora,vatex_5000_video256,feature_change
comgenvid:datasets/comgenvid/real/MSVD/ZnLgsasu82g_71_81.mp4,comgenvid,real,Sora,vatex_5000_video256,feature_change
comgenvid:datasets/comgenvid/real/MSVD/WTf5EgVY5uU_58_76.mp4,comgenvid,real,Sora,vatex_5000_video256,feature_change
comgenvid:datasets/comgenvid/real/MSVD/qeKX-N1nKiM_52_59.mp4,comgenvid,real,Sora,vatex_5000_video256,feature_change
comgenvid:datasets/comgenvid/real/MSVD/dP15zlyra3c_0_10.mp4,comgenvid,real,Sora,vatex_5000_video256,feature_change
comgenvid:datasets/comgenvid/real/MSVD/WFNXwor69-U_33_40.mp4,comgenvid,real,Sora,vatex_5000_video256,feature_change
comgenvid:datasets/comgenvid/real/MSVD/gCra4qOrjFw_1_17.mp4,comgenvid,real,Sora,vatex_5000_video256,feature_change
comgenvid:datasets/comgenvid/real/MSVD/v5CeGLEnVFE_0_8.mp4,comgenvid,real,Sora,vatex_5000_video256,feature_change
comgenvid:datasets/comgenvid/real/MSVD/m1NR0uNNs5Y_88_94.mp4,comgenvid,real,Sora,vatex_5000_video256,feature_change
comgenvid:datasets/comgenvid/real/MSVD/TZ860P4iTaM_15_28.mp4,comgenvid,real,Sora,vatex_5000_video256,feature_change
comgenvid:datasets/comgenvid/real/MSVD/ymC2bNi6-Is_9_19.mp4,comgenvid,real,Sora,vatex_5000_video256,feature_change
comgenvid:datasets/comgenvid/real/MSVD/xaPepCVepCg_35_46.mp4,comgenvid,real,Sora,vatex_5000_video256,feature_change
comgenvid:datasets/comgenvid/real/MSVD/Z3XarHZ3HpY_10_17.mp4,comgenvid,real,Sora,vatex_5000_video256,feature_change
comgenvid:datasets/comgenvid/real/MSVD/dZBIdRGKRhM_13_32.mp4,comgenvid,real,Sora,vatex_5000_video256,feature_change
comgenvid:datasets/comgenvid/real/MSVD/rw9h_574HxE_70_74.mp4,comgenvid,real,Sora,vatex_5000_video256,feature_change
comgenvid:datasets/comgenvid/real/MSVD/sTMlQSbAGfE_0_12.mp4,comgenvid,real,Sora,vatex_5000_video256,feature_change
comgenvid:datasets/comgenvid/real/MSVD/TIubRrkku-4_1_10.mp4,comgenvid,real,Sora,vatex_5000_video256,feature_change
comgenvid:datasets/comgenvid/real/MSVD/ao-9B8IV9_E_77_81.mp4,comgenvid,real,Sora,vatex_5000_video256,feature_change
comgenvid:datasets/comgenvid/real/MSVD/ub-aYLzCF_Q_1_10.mp4,comgenvid,real,Sora,vatex_5000_video256,feature_change
comgenvid:datasets/comgenvid/real/MSVD/qeKX-N1nKiM_133_142.mp4,comgenvid,real,Sora,vatex_5000_video256,feature_change
comgenvid:datasets/comgenvid/real/MSVD/kSzS_lFtJDk_55_70.mp4,comgenvid,real,Sora,vatex_5000_video256,feature_change
comgenvid:datasets/comgenvid/real/MSVD/v_tGw5gwlEw_136_152.mp4,comgenvid,real,Sora,vatex_5000_video256,feature_change
comgenvid:datasets/comgenvid/real/MSVD/hSgGBHbJrmE_0_17.mp4,comgenvid,real,Sora,vatex_5000_video256,feature_change
comgenvid:datasets/comgenvid/real/MSVD/_WRC7HXBJpU_414_425.mp4,comgenvid,real,Sora,vatex_5000_video256,feature_change
comgenvid:datasets/comgenvid/real/MSVD/lw7pTwpx0K0_38_48.mp4,comgenvid,real,Sora,vatex_5000_video256,feature_change
comgenvid:datasets/comgenvid/real/MSVD/pRpeEdMmmQ0_65_70.mp4,comgenvid,real,Sora,vatex_5000_video256,feature_change
comgenvid:datasets/comgenvid/real/MSVD/_O9kWD8nuRU_45_49.mp4,comgenvid,real,Sora,vatex_5000_video256,feature_change
comgenvid:datasets/comgenvid/real/MSVD/vZa13vJugGU_0_30.mp4,comgenvid,real,Sora,vatex_5000_video256,feature_change
comgenvid:datasets/comgenvid/real/MSVD/vfktGc_qx-w_2_18.mp4,comgenvid,real,Sora,vatex_5000_video256,feature_change
comgenvid:datasets/comgenvid/real/MSVD/a0g7wtBkS98_34_42.mp4,comgenvid,real,Sora,vatex_5000_video256,feature_change
comgenvid:datasets/comgenvid/real/MSVD/cUW_bXll6YM_390_395.mp4,comgenvid,real,Sora,vatex_5000_video256,feature_change
comgenvid:datasets/comgenvid/real/MSVD/lm0z7eLsbbw_9_23.mp4,comgenvid,real,Sora,vatex_5000_video256,feature_change
comgenvid:datasets/comgenvid/real/MSVD/lsanQj2yacs_102_108.mp4,comgenvid,real,Sora,vatex_5000_video256,feature_change
comgenvid:datasets/comgenvid/real/MSVD/XEOH3t5AYY0_22_29.mp4,comgenvid,real,Sora,vatex_5000_video256,feature_change
comgenvid:datasets/comgenvid/real/MSVD/uO7Eysrs8_k_106_114.mp4,comgenvid,real,Sora,vatex_5000_video256,feature_change
comgenvid:datasets/comgenvid/real/MSVD/WPG-BIWOrG4_755_761.mp4,comgenvid,real,Sora,vatex_5000_video256,feature_change
comgenvid:datasets/comgenvid/real/MSVD/WZTGqvbqOFE_28_34.mp4,comgenvid,real,Sora,vatex_5000_video256,feature_change
comgenvid:datasets/comgenvid/real/MSVD/YmXCfQm0_CA_68_75.mp4,comgenvid,real,Sora,vatex_5000_video256,feature_change
comgenvid:datasets/comgenvid/real/MSVD/VahnQw2gTQY_288_293.mp4,comgenvid,real,Sora,vatex_5000_video256,feature_change
comgenvid:datasets/comgenvid/real/MSVD/_JorUS-8Nlg_63_73.mp4,comgenvid,real,Sora,vatex_5000_video256,feature_change
comgenvid:datasets/comgenvid/real/MSVD/g36ho6UrBz0_5_20.mp4,comgenvid,real,Sora,vatex_5000_video256,feature_change
comgenvid:datasets/comgenvid/real/MSVD/onW5hJXnI5s_10_16.mp4,comgenvid,real,Sora,vatex_5000_video256,feature_change
comgenvid:datasets/comgenvid/real/MSVD/xxHx6s_DbUo_162_165.mp4,comgenvid,real,Sora,vatex_5000_video256,feature_change
comgenvid:datasets/comgenvid/real/MSVD/g8LUhxR-6Wg_0_8.mp4,comgenvid,real,Sora,vatex_5000_video256,feature_change
comgenvid:datasets/comgenvid/real/MSVD/xtbsD3PUua4_174_185.mp4,comgenvid,real,Sora,vatex_5000_video256,feature_change
comgenvid:datasets/comgenvid/real/MSVD/inzk2fTUe1w_1_15.mp4,comgenvid,real,Sora,vatex_5000_video256,feature_change
comgenvid:datasets/comgenvid/real/MSVD/rw9h_574HxE_251_254.mp4,comgenvid,real,Sora,vatex_5000_video256,feature_change
comgenvid:datasets/comgenvid/real/MSVD/eTnlw7v8ea0_36_50.mp4,comgenvid,real,Sora,vatex_5000_video256,feature_change
comgenvid:datasets/comgenvid/real/MSVD/muI1BFsdbdo_33_45.mp4,comgenvid,real,Sora,vatex_5000_video256,feature_change
comgenvid:datasets/comgenvid/real/MSVD/v-9Gx0gJmfo_26_32.mp4,comgenvid,real,Sora,vatex_5000_video256,feature_change
comgenvid:datasets/comgenvid/real/MSVD/nZSFn51l3hc_480_485.mp4,comgenvid,real,Sora,vatex_5000_video256,feature_change
comgenvid:datasets/comgenvid/real/MSVD/wzfkC2TjdeQ_0_31.mp4,comgenvid,real,Sora,vatex_5000_video256,feature_change
comgenvid:datasets/comgenvid/real/MSVD/oFUsn1owAbs_158_168.mp4,comgenvid,real,Sora,vatex_5000_video256,feature_change
comgenvid:datasets/comgenvid/real/MSVD/z2kUc8wp9l8_40_46.mp4,comgenvid,real,Sora,vatex_5000_video256,feature_change
comgenvid:datasets/comgenvid/real/MSVD/lKADopH3qFY_0_10.mp4,comgenvid,real,Sora,vatex_5000_video256,feature_change
comgenvid:datasets/comgenvid/real/MSVD/UbmZAe5u5FI_111_115.mp4,comgenvid,real,Sora,vatex_5000_video256,feature_change
comgenvid:datasets/comgenvid/real/MSVD/j2sOMdilDWU_87_97.mp4,comgenvid,real,Sora,vatex_5000_video256,feature_change
comgenvid:datasets/comgenvid/real/MSVD/zuYZ5kPatJE_78_116.mp4,comgenvid,real,Sora,vatex_5000_video256,feature_change
comgenvid:datasets/comgenvid/real/MSVD/lfGlDg47How_110_115.mp4,comgenvid,real,Sora,vatex_5000_video256,feature_change
comgenvid:datasets/comgenvid/real/MSVD/uZEGu-TA2cU_42_58.mp4,comgenvid,real,Sora,vatex_5000_video256,feature_change
comgenvid:datasets/comgenvid/real/MSVD/V6Fxclwdfxc_1_11.mp4,comgenvid,real,Sora,vatex_5000_video256,feature_change
comgenvid:datasets/comgenvid/real/MSVD/X7sQq-Iu1gQ_12_22.mp4,comgenvid,real,Sora,vatex_5000_video256,feature_change
comgenvid:datasets/comgenvid/real/MSVD/yyxtyCaEVqk_329_360.mp4,comgenvid,real,Sora,vatex_5000_video256,feature_change
comgenvid:datasets/comgenvid/real/MSVD/bmOy6p87TWI_26_35.mp4,comgenvid,real,Sora,vatex_5000_video256,feature_change
comgenvid:datasets/comgenvid/real/MSVD/m1NR0uNNs5Y_192_198.mp4,comgenvid,real,Sora,vatex_5000_video256,feature_change
comgenvid:datasets/comgenvid/real/MSVD/VahnQw2gTQY_322_327.mp4,comgenvid,real,Sora,vatex_5000_video256,feature_change
comgenvid:datasets/comgenvid/real/MSVD/ePujnD4qJO0_62_77.mp4,comgenvid,real,Sora,vatex_5000_video256,feature_change
comgenvid:datasets/comgenvid/real/MSVD/YS1mzzhmWWA_9_16.mp4,comgenvid,real,Sora,vatex_5000_video256,feature_change
comgenvid:datasets/comgenvid/real/MSVD/fBA_lxUiwSg_2_4.mp4,comgenvid,real,Sora,vatex_5000_video256,feature_change
comgenvid:datasets/comgenvid/real/MSVD/WTf5EgVY5uU_66_75.mp4,comgenvid,real,Sora,vatex_5000_video256,feature_change
comgenvid:datasets/comgenvid/real/MSVD/TPD5wO_LEPU_2_6.mp4,comgenvid,real,Sora,vatex_5000_video256,feature_change
comgenvid:datasets/comgenvid/real/MSVD/t4aPGtx7e6k_0_10.mp4,comgenvid,real,Sora,vatex_5000_video256,feature_change
comgenvid:datasets/comgenvid/real/MSVD/WPG-BIWOrG4_683_689.mp4,comgenvid,real,Sora,vatex_5000_video256,feature_change
comgenvid:datasets/comgenvid/real/MSVD/wX-Bl25Htag_104_115.mp4,comgenvid,real,Sora,vatex_5000_video256,feature_change
comgenvid:datasets/comgenvid/real/MSVD/UgUFP5baQ9Y_0_7.mp4,comgenvid,real,Sora,vatex_5000_video256,feature_change
comgenvid:datasets/comgenvid/real/MSVD/hPyU5KjpWVc_0_35.mp4,comgenvid,real,Sora,vatex_5000_video256,feature_change
comgenvid:datasets/comgenvid/real/MSVD/qeKX-N1nKiM_74_77.mp4,comgenvid,real,Sora,vatex_5000_video256,feature_change
comgenvid:datasets/comgenvid/real/MSVD/UbmZAe5u5FI_132_141.mp4,comgenvid,real,Sora,vatex_5000_video256,feature_change
comgenvid:datasets/comgenvid/real/MSVD/bb6V0Grtub4_174_185.mp4,comgenvid,real,Sora,vatex_5000_video256,feature_change
comgenvid:datasets/comgenvid/real/MSVD/nZSFn51l3hc_318_326.mp4,comgenvid,real,Sora,vatex_5000_video256,feature_change
comgenvid:datasets/comgenvid/real/MSVD/YmXCfQm0_CA_140_156.mp4,comgenvid,real,Sora,vatex_5000_video256,feature_change
comgenvid:datasets/comgenvid/real/MSVD/YwmUgVrUJ4I_0_15.mp4,comgenvid,real,Sora,vatex_5000_video256,feature_change
comgenvid:datasets/comgenvid/real/MSVD/pfQPRXcihkI_127_138.mp4,comgenvid,real,Sora,vatex_5000_video256,feature_change
comgenvid:datasets/comgenvid/real/MSVD/qOiN__I1-Zo_2_8.mp4,comgenvid,real,Sora,vatex_5000_video256,feature_change
comgenvid:datasets/comgenvid/real/MSVD/WeOU0Iba1Xg_1_30.mp4,comgenvid,real,Sora,vatex_5000_video256,feature_change
comgenvid:datasets/comgenvid/real/MSVD/eyMYc-37Sk4_0_10.mp4,comgenvid,real,Sora,vatex_5000_video256,feature_change
comgenvid:datasets/comgenvid/real/MSVD/lAznAeFFldg_6_10.mp4,comgenvid,real,Sora,vatex_5000_video256,feature_change
comgenvid:datasets/comgenvid/real/MSVD/rq2p5ML8-WI_63_69.mp4,comgenvid,real,Sora,vatex_5000_video256,feature_change
comgenvid:datasets/comgenvid/real/MSVD/tHLiYTS9Iz8_1_16.mp4,comgenvid,real,Sora,vatex_5000_video256,feature_change
comgenvid:datasets/comgenvid/real/MSVD/_0nX-El-ySo_83_93.mp4,comgenvid,real,Sora,vatex_5000_video256,feature_change
comgenvid:datasets/comgenvid/real/MSVD/klFyrnrUSck_79_85.mp4,comgenvid,real,Sora,vatex_5000_video256,feature_change
comgenvid:datasets/comgenvid/real/MSVD/wON-YuA1GjA_3_63.mp4,comgenvid,real,Sora,vatex_5000_video256,feature_change
comgenvid:datasets/comgenvid/real/MSVD/d4AGWnHJcaY_6_19.mp4,comgenvid,real,Sora,vatex_5000_video256,feature_change
comgenvid:datasets/comgenvid/real/MSVD/e-j59PqJjSM_50_98.mp4,comgenvid,real,Sora,vatex_5000_video256,feature_change
comgenvid:datasets/comgenvid/real/MSVD/xfRIRSWy0y0_10_20.mp4,comgenvid,real,Sora,vatex_5000_video256,feature_change
comgenvid:datasets/comgenvid/real/MSVD/zkTn5Ef1Oig_71_75.mp4,comgenvid,real,Sora,vatex_5000_video256,feature_change
comgenvid:datasets/comgenvid/real/MSVD/xOQn1z_oWDY_30_39.mp4,comgenvid,real,Sora,vatex_5000_video256,feature_change
comgenvid:datasets/comgenvid/real/MSVD/X4yzrIc072w_4_20.mp4,comgenvid,real,Sora,vatex_5000_video256,feature_change
comgenvid:datasets/comgenvid/real/MSVD/sJC7E06IBXI_49_59.mp4,comgenvid,real,Sora,vatex_5000_video256,feature_change
comgenvid:datasets/comgenvid/real/MSVD/WEJfT-oB4v4_20_35.mp4,comgenvid,real,Sora,vatex_5000_video256,feature_change
comgenvid:datasets/comgenvid/real/MSVD/ao-9B8IV9_E_37_44.mp4,comgenvid,real,Sora,vatex_5000_video256,feature_change
comgenvid:datasets/comgenvid/real/MSVD/dJEoDaA6VXc_1_19.mp4,comgenvid,real,Sora,vatex_5000_video256,feature_change
comgenvid:datasets/comgenvid/real/MSVD/qNjeEx92rTA_281_299.mp4,comgenvid,real,Sora,vatex_5000_video256,feature_change
comgenvid:datasets/comgenvid/real/MSVD/X6uJyuD_Zso_3_17.mp4,comgenvid,real,Sora,vatex_5000_video256,feature_change
comgenvid:datasets/comgenvid/real/MSVD/ZYaxg5NZW_g_21_27.mp4,comgenvid,real,Sora,vatex_5000_video256,feature_change
comgenvid:datasets/comgenvid/real/MSVD/kWLNZzuo3do_25_32.mp4,comgenvid,real,Sora,vatex_5000_video256,feature_change
comgenvid:datasets/comgenvid/real/MSVD/sb1dX5xAFvk_10_17.mp4,comgenvid,real,Sora,vatex_5000_video256,feature_change
comgenvid:datasets/comgenvid/real/MSVD/sRKQfxxEP4M_117_125.mp4,comgenvid,real,Sora,vatex_5000_video256,feature_change
comgenvid:datasets/comgenvid/real/MSVD/ZxqkAGNyo8A_12_22.mp4,comgenvid,real,Sora,vatex_5000_video256,feature_change
comgenvid:datasets/comgenvid/real/MSVD/haJn6k5zVnE_1_23.mp4,comgenvid,real,Sora,vatex_5000_video256,feature_change
comgenvid:datasets/comgenvid/real/MSVD/sv5YlZspb30_10_20.mp4,comgenvid,real,Sora,vatex_5000_video256,feature_change
comgenvid:datasets/comgenvid/real/MSVD/Uc63MFVwfrs_355_372.mp4,comgenvid,real,Sora,vatex_5000_video256,feature_change
comgenvid:datasets/comgenvid/real/MSVD/UXs3eq68ZjE_382_387.mp4,comgenvid,real,Sora,vatex_5000_video256,feature_change
comgenvid:datasets/comgenvid/real/MSVD/nTasT5h0LEg_12_14.mp4,comgenvid,real,Sora,vatex_5000_video256,feature_change
comgenvid:datasets/comgenvid/real/MSVD/Vg1jyL3cr60_163_186.mp4,comgenvid,real,Sora,vatex_5000_video256,feature_change
comgenvid:datasets/comgenvid/real/MSVD/xxHx6s_DbUo_240_248.mp4,comgenvid,real,Sora,vatex_5000_video256,feature_change
comgenvid:datasets/comgenvid/real/MSVD/z0Si1XxMibg_0_30.mp4,comgenvid,real,Sora,vatex_5000_video256,feature_change
comgenvid:datasets/comgenvid/real/MSVD/nS6oQxX_Qi8_2_12.mp4,comgenvid,real,Sora,vatex_5000_video256,feature_change
comgenvid:datasets/comgenvid/real/MSVD/WV9K6MbLjHA_106_116.mp4,comgenvid,real,Sora,vatex_5000_video256,feature_change
comgenvid:datasets/comgenvid/real/MSVD/UnWgz-mVMXU_2_6.mp4,comgenvid,real,Sora,vatex_5000_video256,feature_change
comgenvid:datasets/comgenvid/real/MSVD/dtwXtwJByYk_5_14.mp4,comgenvid,real,Sora,vatex_5000_video256,feature_change
comgenvid:datasets/comgenvid/real/MSVD/s8utHZYTNTs_35_42.mp4,comgenvid,real,Sora,vatex_5000_video256,feature_change
comgenvid:datasets/comgenvid/real/MSVD/uGDuIyfJXXg_23_33.mp4,comgenvid,real,Sora,vatex_5000_video256,feature_change
comgenvid:datasets/comgenvid/real/MSVD/qIk_Dz5XE5E_104_109.mp4,comgenvid,real,Sora,vatex_5000_video256,feature_change
comgenvid:datasets/comgenvid/real/MSVD/WyIqGyj21Dk_0_10.mp4,comgenvid,real,Sora,vatex_5000_video256,feature_change
comgenvid:datasets/comgenvid/real/MSVD/nZSFn51l3hc_660_666.mp4,comgenvid,real,Sora,vatex_5000_video256,feature_change
comgenvid:datasets/comgenvid/real/MSVD/zSPBC8EO6dY_132_140.mp4,comgenvid,real,Sora,vatex_5000_video256,feature_change
comgenvid:datasets/comgenvid/real/MSVD/cSDkshD2ME0_11_14.mp4,comgenvid,real,Sora,vatex_5000_video256,feature_change
comgenvid:datasets/comgenvid/real/MSVD/VahnQw2gTQY_315_320.mp4,comgenvid,real,Sora,vatex_5000_video256,feature_change
comgenvid:datasets/comgenvid/real/MSVD/uH8ObB_dyOk_159_166.mp4,comgenvid,real,Sora,vatex_5000_video256,feature_change
comgenvid:datasets/comgenvid/real/MSVD/yg4aNiO1JnI_111_114.mp4,comgenvid,real,Sora,vatex_5000_video256,feature_change
comgenvid:datasets/comgenvid/real/MSVD/jW77z3-SrO4_56_63.mp4,comgenvid,real,Sora,vatex_5000_video256,feature_change
comgenvid:datasets/comgenvid/real/MSVD/XzCcRzEa83U_1_8.mp4,comgenvid,real,Sora,vatex_5000_video256,feature_change
comgenvid:datasets/comgenvid/real/MSVD/qeKX-N1nKiM_37_43.mp4,comgenvid,real,Sora,vatex_5000_video256,feature_change
comgenvid:datasets/comgenvid/real/MSVD/hNOzHvsEmg4_31_36.mp4,comgenvid,real,Sora,vatex_5000_video256,feature_change
comgenvid:datasets/comgenvid/real/MSVD/Uc63MFVwfrs_360_372.mp4,comgenvid,real,Sora,vatex_5000_video256,feature_change
comgenvid:datasets/comgenvid/real/MSVD/o4pL7FObqds_72_78.mp4,comgenvid,real,Sora,vatex_5000_video256,feature_change
comgenvid:datasets/comgenvid/real/MSVD/_pBeOAMjGm8_1_18.mp4,comgenvid,real,Sora,vatex_5000_video256,feature_change
comgenvid:datasets/comgenvid/real/MSVD/m4D72WXFd8s_557_564.mp4,comgenvid,real,Sora,vatex_5000_video256,feature_change
comgenvid:datasets/comgenvid/real/MSVD/_ZwwKOzpt2I_69_76.mp4,comgenvid,real,Sora,vatex_5000_video256,feature_change
comgenvid:datasets/comgenvid/real/MSVD/pzq5fPfsPZg_29_33.mp4,comgenvid,real,Sora,vatex_5000_video256,feature_change
comgenvid:datasets/comgenvid/real/MSVD/lfGlDg47How_93_98.mp4,comgenvid,real,Sora,vatex_5000_video256,feature_change
comgenvid:datasets/comgenvid/real/MSVD/xpOYXbMDDBY_1_20.mp4,comgenvid,real,Sora,vatex_5000_video256,feature_change
comgenvid:datasets/comgenvid/real/MSVD/TvBsaMgqh5s_61_68.mp4,comgenvid,real,Sora,vatex_5000_video256,feature_change
comgenvid:datasets/comgenvid/real/MSVD/swKrHEeOj9c_4_8.mp4,comgenvid,real,Sora,vatex_5000_video256,feature_change
comgenvid:datasets/comgenvid/real/MSVD/aA05I5QaZnM_66_75.mp4,comgenvid,real,Sora,vatex_5000_video256,feature_change
comgenvid:datasets/comgenvid/real/MSVD/e-j59PqJjSM_163_173.mp4,comgenvid,real,Sora,vatex_5000_video256,feature_change
comgenvid:datasets/comgenvid/real/MSVD/ge7OOILJA6U_20_25.mp4,comgenvid,real,Sora,vatex_5000_video256,feature_change
comgenvid:datasets/comgenvid/real/MSVD/ecVwxlXc1PQ_0_12.mp4,comgenvid,real,Sora,vatex_5000_video256,feature_change
comgenvid:datasets/comgenvid/real/MSVD/clpgffj3sUw_1_12.mp4,comgenvid,real,Sora,vatex_5000_video256,feature_change
comgenvid:datasets/comgenvid/real/MSVD/nau1vCzyFQ4_37_54.mp4,comgenvid,real,Sora,vatex_5000_video256,feature_change
comgenvid:datasets/comgenvid/real/MSVD/zBrC1GmA0Qg_26_33.mp4,comgenvid,real,Sora,vatex_5000_video256,feature_change
comgenvid:datasets/comgenvid/real/MSVD/fjDvKHkmxs0_119_126.mp4,comgenvid,real,Sora,vatex_5000_video256,feature_change
comgenvid:datasets/comgenvid/real/MSVD/kquB3rIgfGk_525_532.mp4,comgenvid,real,Sora,vatex_5000_video256,feature_change
comgenvid:datasets/comgenvid/real/MSVD/d1zdJO3CqVw_1_35.mp4,comgenvid,real,Sora,vatex_5000_video256,feature_change
comgenvid:datasets/comgenvid/real/MSVD/umjc1CkO4JA_290_305.mp4,comgenvid,real,Sora,vatex_5000_video256,feature_change
comgenvid:datasets/comgenvid/real/MSVD/tJHUH9tpqPg_113_118.mp4,comgenvid,real,Sora,vatex_5000_video256,feature_change
comgenvid:datasets/comgenvid/real/MSVD/UqBafx3iRKw_22_29.mp4,comgenvid,real,Sora,vatex_5000_video256,feature_change
comgenvid:datasets/comgenvid/real/MSVD/j2Dhf-xFUxU_13_20.mp4,comgenvid,real,Sora,vatex_5000_video256,feature_change
comgenvid:datasets/comgenvid/real/MSVD/VF1K_6ZSOAY_23_28.mp4,comgenvid,real,Sora,vatex_5000_video256,feature_change
comgenvid:datasets/comgenvid/real/MSVD/fHfpMUDrQCs_17_31.mp4,comgenvid,real,Sora,vatex_5000_video256,feature_change
comgenvid:datasets/comgenvid/real/MSVD/ZN2_czSBSD0_240_250.mp4,comgenvid,real,Sora,vatex_5000_video256,feature_change
comgenvid:datasets/comgenvid/real/MSVD/XtQdAPV2UZs_4_11.mp4,comgenvid,real,Sora,vatex_5000_video256,feature_change
comgenvid:datasets/comgenvid/real/MSVD/wFPmKChNrhU_3_11.mp4,comgenvid,real,Sora,vatex_5000_video256,feature_change
comgenvid:datasets/comgenvid/real/MSVD/zHy7pM0U49w_110_116.mp4,comgenvid,real,Sora,vatex_5000_video256,feature_change
comgenvid:datasets/comgenvid/real/MSVD/k06Ge9ANKM8_5_16.mp4,comgenvid,real,Sora,vatex_5000_video256,feature_change
comgenvid:datasets/comgenvid/real/MSVD/bQJQGoJF7_k_162_169.mp4,comgenvid,real,Sora,vatex_5000_video256,feature_change
comgenvid:datasets/comgenvid/real/MSVD/nc8hwLaOyZU_1_19.mp4,comgenvid,real,Sora,vatex_5000_video256,feature_change
comgenvid:datasets/comgenvid/real/MSVD/pptYu3YQnxY_160_170.mp4,comgenvid,real,Sora,vatex_5000_video256,feature_change
comgenvid:datasets/comgenvid/real/MSVD/ulPvRmNfXK4_96_100.mp4,comgenvid,real,Sora,vatex_5000_video256,feature_change
comgenvid:datasets/comgenvid/real/MSVD/WTf5EgVY5uU_76_83.mp4,comgenvid,real,Sora,vatex_5000_video256,feature_change
comgenvid:datasets/comgenvid/real/MSVD/pGCRurvXQGM_45_56.mp4,comgenvid,real,Sora,vatex_5000_video256,feature_change
comgenvid:datasets/comgenvid/real/MSVD/ngHDYzhDBk4_5_14.mp4,comgenvid,real,Sora,vatex_5000_video256,feature_change
comgenvid:datasets/comgenvid/real/MSVD/htWPOGTagec_2_18.mp4,comgenvid,real,Sora,vatex_5000_video256,feature_change
comgenvid:datasets/comgenvid/real/MSVD/YXixZrSxefk_6_15.mp4,comgenvid,real,Sora,vatex_5000_video256,feature_change
comgenvid:datasets/comgenvid/real/MSVD/b4FM9OLBGyM_37_49.mp4,comgenvid,real,Sora,vatex_5000_video256,feature_change
comgenvid:datasets/comgenvid/real/MSVD/W_iR4YVCxUY_8_15.mp4,comgenvid,real,Sora,vatex_5000_video256,feature_change
comgenvid:datasets/comgenvid/real/MSVD/VZ6H73nH7xs_27_33.mp4,comgenvid,real,Sora,vatex_5000_video256,feature_change
comgenvid:datasets/comgenvid/real/MSVD/X_NLV2KCnIE_60_70.mp4,comgenvid,real,Sora,vatex_5000_video256,feature_change
comgenvid:datasets/comgenvid/real/MSVD/mtrCf667KDk_134_176.mp4,comgenvid,real,Sora,vatex_5000_video256,feature_change
comgenvid:datasets/comgenvid/real/MSVD/UbmZAe5u5FI_36_40.mp4,comgenvid,real,Sora,vatex_5000_video256,feature_change
comgenvid:datasets/comgenvid/real/MSVD/s7znbqra118_91_97.mp4,comgenvid,real,Sora,vatex_5000_video256,feature_change
comgenvid:datasets/comgenvid/real/MSVD/Ylb4pnW-jP4_102_113.mp4,comgenvid,real,Sora,vatex_5000_video256,feature_change
comgenvid:datasets/comgenvid/real/MSVD/nrZyPuRd5pU_85_92.mp4,comgenvid,real,Sora,vatex_5000_video256,feature_change
comgenvid:datasets/comgenvid/real/MSVD/ul9Xvjt83eI_111_120.mp4,comgenvid,real,Sora,vatex_5000_video256,feature_change
comgenvid:datasets/comgenvid/real/MSVD/rwHT2SuNOi8_195_201.mp4,comgenvid,real,Sora,vatex_5000_video256,feature_change
comgenvid:datasets/comgenvid/real/MSVD/Ya-MkA187c8_36_45.mp4,comgenvid,real,Sora,vatex_5000_video256,feature_change
comgenvid:datasets/comgenvid/real/MSVD/tn-Hoz4KbkE_89_93.mp4,comgenvid,real,Sora,vatex_5000_video256,feature_change
comgenvid:datasets/comgenvid/real/MSVD/veE0E79dEEc_18_45.mp4,comgenvid,real,Sora,vatex_5000_video256,feature_change
comgenvid:datasets/comgenvid/real/MSVD/qhknaG9ifbs_122_127.mp4,comgenvid,real,Sora,vatex_5000_video256,feature_change
comgenvid:datasets/comgenvid/real/MSVD/u_6tre9_99Q_13_25.mp4,comgenvid,real,Sora,vatex_5000_video256,feature_change
comgenvid:datasets/comgenvid/real/MSVD/uqVCk2oDpSE_194_200.mp4,comgenvid,real,Sora,vatex_5000_video256,feature_change
comgenvid:datasets/comgenvid/real/MSVD/V--abChiVVc_30_40.mp4,comgenvid,real,Sora,vatex_5000_video256,feature_change
comgenvid:datasets/comgenvid/real/MSVD/Zqmx-nXhLAg_0_10.mp4,comgenvid,real,Sora,vatex_5000_video256,feature_change
comgenvid:datasets/comgenvid/real/MSVD/hW8TKz2Aea4_5_12.mp4,comgenvid,real,Sora,vatex_5000_video256,feature_change
comgenvid:datasets/comgenvid/real/MSVD/gGDtPJzh_0s_30_45.mp4,comgenvid,real,Sora,vatex_5000_video256,feature_change
comgenvid:datasets/comgenvid/real/MSVD/nq4hG6qgyPs_240_251.mp4,comgenvid,real,Sora,vatex_5000_video256,feature_change
comgenvid:datasets/comgenvid/real/MSVD/vMoOpQQy6sI_22_55.mp4,comgenvid,real,Sora,vatex_5000_video256,feature_change
comgenvid:datasets/comgenvid/real/MSVD/e-j59PqJjSM_264_277.mp4,comgenvid,real,Sora,vatex_5000_video256,feature_change
comgenvid:datasets/comgenvid/real/MSVD/eoP-SCgYM2w_49_60.mp4,comgenvid,real,Sora,vatex_5000_video256,feature_change
comgenvid:datasets/comgenvid/real/MSVD/ao-9B8IV9_E_108_119.mp4,comgenvid,real,Sora,vatex_5000_video256,feature_change
comgenvid:datasets/comgenvid/real/MSVD/ok4cM6WTA5E_142_150.mp4,comgenvid,real,Sora,vatex_5000_video256,feature_change
comgenvid:datasets/comgenvid/real/MSVD/fd7Ky1lEPT8_40_50.mp4,comgenvid,real,Sora,vatex_5000_video256,feature_change
comgenvid:datasets/comgenvid/real/MSVD/_WRC7HXBJpU_360_370.mp4,comgenvid,real,Sora,vatex_5000_video256,feature_change
comgenvid:datasets/comgenvid/real/MSVD/gIvetX_oXeI_85_90.mp4,comgenvid,real,Sora,vatex_5000_video256,feature_change
comgenvid:datasets/comgenvid/real/MSVD/mF6ijhSrbBQ_32_40.mp4,comgenvid,real,Sora,vatex_5000_video256,feature_change
comgenvid:datasets/comgenvid/real/MSVD/rKF0ZW34FRk_41_54.mp4,comgenvid,real,Sora,vatex_5000_video256,feature_change
comgenvid:datasets/comgenvid/real/MSVD/aHiUM8uWxxo_17_25.mp4,comgenvid,real,Sora,vatex_5000_video256,feature_change
comgenvid:datasets/comgenvid/real/MSVD/VfqlfprZsaQ_75_85.mp4,comgenvid,real,Sora,vatex_5000_video256,feature_change
comgenvid:datasets/comgenvid/real/MSVD/TZ860P4iTaM_11_20.mp4,comgenvid,real,Sora,vatex_5000_video256,feature_change
comgenvid:datasets/comgenvid/real/MSVD/bQJQGoJF7_k_120_126.mp4,comgenvid,real,Sora,vatex_5000_video256,feature_change
comgenvid:datasets/comgenvid/real/MSVD/b97TK8XVLHE_40_50.mp4,comgenvid,real,Sora,vatex_5000_video256,feature_change
comgenvid:datasets/comgenvid/real/MSVD/pcjuCotJYj8_50_62.mp4,comgenvid,real,Sora,vatex_5000_video256,feature_change
comgenvid:datasets/comgenvid/real/MSVD/rw9h_574HxE_13_18.mp4,comgenvid,real,Sora,vatex_5000_video256,feature_change
comgenvid:datasets/comgenvid/real/MSVD/eb-Zp4pJLKk_2_19.mp4,comgenvid,real,Sora,vatex_5000_video256,feature_change
comgenvid:datasets/comgenvid/real/MSVD/jcIrD7rNvTM_10_21.mp4,comgenvid,real,Sora,vatex_5000_video256,feature_change
comgenvid:datasets/comgenvid/real/MSVD/krAk8WPZRL4_207_212.mp4,comgenvid,real,Sora,vatex_5000_video256,feature_change
comgenvid:datasets/comgenvid/real/MSVD/r0E-0ntoNWo_20_30.mp4,comgenvid,real,Sora,vatex_5000_video256,feature_change
comgenvid:datasets/comgenvid/real/MSVD/c2MwqFYVE7A_40_45.mp4,comgenvid,real,Sora,vatex_5000_video256,feature_change
comgenvid:datasets/comgenvid/real/MSVD/eKtsMfmQ_0s_61_68.mp4,comgenvid,real,Sora,vatex_5000_video256,feature_change
comgenvid:datasets/comgenvid/real/MSVD/XzCcRzEa83U_39_46.mp4,comgenvid,real,Sora,vatex_5000_video256,feature_change
comgenvid:datasets/comgenvid/real/MSVD/Td29-SApubM_48_57.mp4,comgenvid,real,Sora,vatex_5000_video256,feature_change
comgenvid:datasets/comgenvid/real/MSVD/xTd_IdIcB4s_2_10.mp4,comgenvid,real,Sora,vatex_5000_video256,feature_change
comgenvid:datasets/comgenvid/real/MSVD/zhLcONtNkew_16_21.mp4,comgenvid,real,Sora,vatex_5000_video256,feature_change
comgenvid:datasets/comgenvid/real/MSVD/iEW-EkPQywU_61_83.mp4,comgenvid,real,Sora,vatex_5000_video256,feature_change
comgenvid:datasets/comgenvid/real/MSVD/dhxE9CNeVeY_0_12.mp4,comgenvid,real,Sora,vatex_5000_video256,feature_change
comgenvid:datasets/comgenvid/real/MSVD/Zoz0HcCB1vU_0_10.mp4,comgenvid,real,Sora,vatex_5000_video256,feature_change
comgenvid:datasets/comgenvid/real/MSVD/wjH72cZ0GLM_1_10.mp4,comgenvid,real,Sora,vatex_5000_video256,feature_change
comgenvid:datasets/comgenvid/real/MSVD/ysTmUTQ5wZE_17_45.mp4,comgenvid,real,Sora,vatex_5000_video256,feature_change
comgenvid:datasets/comgenvid/real/MSVD/fkONJEgTNJY_25_35.mp4,comgenvid,real,Sora,vatex_5000_video256,feature_change
comgenvid:datasets/comgenvid/real/MSVD/fr9H1WLcF1A_141_148.mp4,comgenvid,real,Sora,vatex_5000_video256,feature_change
comgenvid:datasets/comgenvid/real/MSVD/kEGmZDpZ_RE_248_293.mp4,comgenvid,real,Sora,vatex_5000_video256,feature_change
comgenvid:datasets/comgenvid/real/MSVD/_SNE2MYAotU_41_49.mp4,comgenvid,real,Sora,vatex_5000_video256,feature_change
comgenvid:datasets/comgenvid/real/MSVD/uxEhH6MPH28_69_85.mp4,comgenvid,real,Sora,vatex_5000_video256,feature_change
comgenvid:datasets/comgenvid/real/MSVD/WpB4-eLyiBc_10_20.mp4,comgenvid,real,Sora,vatex_5000_video256,feature_change
comgenvid:datasets/comgenvid/real/MSVD/mCrRHP4LFmo_24_40.mp4,comgenvid,real,Sora,vatex_5000_video256,feature_change
comgenvid:datasets/comgenvid/real/MSVD/UXs3eq68ZjE_246_250.mp4,comgenvid,real,Sora,vatex_5000_video256,feature_change
comgenvid:datasets/comgenvid/real/MSVD/kWLNZzuo3do_251_260.mp4,comgenvid,real,Sora,vatex_5000_video256,feature_change
comgenvid:datasets/comgenvid/real/MSVD/hXn7D6-AAMA_0_9.mp4,comgenvid,real,Sora,vatex_5000_video256,feature_change
comgenvid:datasets/comgenvid/real/MSVD/bnN_o0Hkn3M_73_80.mp4,comgenvid,real,Sora,vatex_5000_video256,feature_change
comgenvid:datasets/comgenvid/real/MSVD/onW5hJXnI5s_126_133.mp4,comgenvid,real,Sora,vatex_5000_video256,feature_change
comgenvid:datasets/comgenvid/real/MSVD/cM55xNJ_pfU_1_20.mp4,comgenvid,real,Sora,vatex_5000_video256,feature_change
comgenvid:datasets/comgenvid/real/MSVD/h0JvF9vpqx8_213_223.mp4,comgenvid,real,Sora,vatex_5000_video256,feature_change
comgenvid:datasets/comgenvid/real/MSVD/zfQOH4UGU_I_1_10.mp4,comgenvid,real,Sora,vatex_5000_video256,feature_change
comgenvid:datasets/comgenvid/real/MSVD/klFyrnrUSck_87_100.mp4,comgenvid,real,Sora,vatex_5000_video256,feature_change
comgenvid:datasets/comgenvid/real/MSVD/Wnz3IevSNg0_1_8.mp4,comgenvid,real,Sora,vatex_5000_video256,feature_change
comgenvid:datasets/comgenvid/real/MSVD/u9E9HpuJQ7U_29_43.mp4,comgenvid,real,Sora,vatex_5000_video256,feature_change
comgenvid:datasets/comgenvid/real/MSVD/fMXfphSi6Yw_7_12.mp4,comgenvid,real,Sora,vatex_5000_video256,feature_change
comgenvid:datasets/comgenvid/real/MSVD/SzEbtbNSg04_70_85.mp4,comgenvid,real,Sora,vatex_5000_video256,feature_change
comgenvid:datasets/comgenvid/real/MSVD/YJ2aGe7CLBo_25_35.mp4,comgenvid,real,Sora,vatex_5000_video256,feature_change
comgenvid:datasets/comgenvid/real/MSVD/jvxUeT1Nlb8_100_115.mp4,comgenvid,real,Sora,vatex_5000_video256,feature_change
comgenvid:datasets/comgenvid/real/MSVD/cR2yi-JnGcQ_8_16.mp4,comgenvid,real,Sora,vatex_5000_video256,feature_change
comgenvid:datasets/comgenvid/real/MSVD/xdhLQCYQ-nQ_50_63.mp4,comgenvid,real,Sora,vatex_5000_video256,feature_change
comgenvid:datasets/comgenvid/real/MSVD/gbUhorqLCzU_10_23.mp4,comgenvid,real,Sora,vatex_5000_video256,feature_change
comgenvid:datasets/comgenvid/real/MSVD/Xxcv5jvRmcg_39_46.mp4,comgenvid,real,Sora,vatex_5000_video256,feature_change
comgenvid:datasets/comgenvid/real/MSVD/u4kMN1jamdM_10_20.mp4,comgenvid,real,Sora,vatex_5000_video256,feature_change
comgenvid:datasets/comgenvid/real/MSVD/sBjr8UJOpsQ_181_195.mp4,comgenvid,real,Sora,vatex_5000_video256,feature_change
comgenvid:datasets/comgenvid/real/MSVD/e4QGnppJ-ys_6_14.mp4,comgenvid,real,Sora,vatex_5000_video256,feature_change
comgenvid:datasets/comgenvid/real/MSVD/TjLCJKoot4U_43_65.mp4,comgenvid,real,Sora,vatex_5000_video256,feature_change
comgenvid:datasets/comgenvid/real/MSVD/_QJbjKkfdcs_52_57.mp4,comgenvid,real,Sora,vatex_5000_video256,feature_change
comgenvid:datasets/comgenvid/real/MSVD/Z-An1QQ66f0_13_25.mp4,comgenvid,real,Sora,vatex_5000_video256,feature_change
comgenvid:datasets/comgenvid/real/MSVD/Z10_CDPQKKs_1_6.mp4,comgenvid,real,Sora,vatex_5000_video256,feature_change
comgenvid:datasets/comgenvid/real/MSVD/tYQ7O6V0Fvk_20_55.mp4,comgenvid,real,Sora,vatex_5000_video256,feature_change
comgenvid:datasets/comgenvid/real/MSVD/v4_AzQSnmY4_40_55.mp4,comgenvid,real,Sora,vatex_5000_video256,feature_change
comgenvid:datasets/comgenvid/real/MSVD/bSIjZ75a50s_286_304.mp4,comgenvid,real,Sora,vatex_5000_video256,feature_change
comgenvid:datasets/comgenvid/real/MSVD/n_Z0-giaspE_62_78.mp4,comgenvid,real,Sora,vatex_5000_video256,feature_change
comgenvid:datasets/comgenvid/real/MSVD/VU4qLrk5axA_40_58.mp4,comgenvid,real,Sora,vatex_5000_video256,feature_change
comgenvid:datasets/comgenvid/real/MSVD/eroAmLZ85DI_28_35.mp4,comgenvid,real,Sora,vatex_5000_video256,feature_change
comgenvid:datasets/comgenvid/real/MSVD/kWLNZzuo3do_145_151.mp4,comgenvid,real,Sora,vatex_5000_video256,feature_change
comgenvid:datasets/comgenvid/real/MSVD/e996zZ0uV_A_152_163.mp4,comgenvid,real,Sora,vatex_5000_video256,feature_change
comgenvid:datasets/comgenvid/real/MSVD/TFJ6oR89Vb8_90_107.mp4,comgenvid,real,Sora,vatex_5000_video256,feature_change
comgenvid:datasets/comgenvid/real/MSVD/VF1K_6ZSOAY_60_70.mp4,comgenvid,real,Sora,vatex_5000_video256,feature_change
comgenvid:datasets/comgenvid/real/MSVD/w9mqbwOIkVg_6_12.mp4,comgenvid,real,Sora,vatex_5000_video256,feature_change
comgenvid:datasets/comgenvid/real/MSVD/W20Btaww6zc_134_139.mp4,comgenvid,real,Sora,vatex_5000_video256,feature_change
comgenvid:datasets/comgenvid/real/MSVD/jv-eV6jR3Qw_7_12.mp4,comgenvid,real,Sora,vatex_5000_video256,feature_change
comgenvid:datasets/comgenvid/real/MSVD/xCFCXzDUGjY_5_9.mp4,comgenvid,real,Sora,vatex_5000_video256,feature_change
comgenvid:datasets/comgenvid/real/MSVD/Z3m9V8qPXhQ_13_24.mp4,comgenvid,real,Sora,vatex_5000_video256,feature_change
comgenvid:datasets/comgenvid/real/MSVD/Z19zFlPah-o_6_11.mp4,comgenvid,real,Sora,vatex_5000_video256,feature_change
comgenvid:datasets/comgenvid/real/MSVD/q7pOFn8s4zc_263_273.mp4,comgenvid,real,Sora,vatex_5000_video256,feature_change
comgenvid:datasets/comgenvid/real/MSVD/ywMLb2VfHbI_13_20.mp4,comgenvid,real,Sora,vatex_5000_video256,feature_change
comgenvid:datasets/comgenvid/real/MSVD/gbbRwBZuhzI_26_40.mp4,comgenvid,real,Sora,vatex_5000_video256,feature_change
comgenvid:datasets/comgenvid/real/MSVD/n_Z0-giaspE_379_387.mp4,comgenvid,real,Sora,vatex_5000_video256,feature_change
comgenvid:datasets/comgenvid/real/MSVD/gbW9f8xydks_0_10.mp4,comgenvid,real,Sora,vatex_5000_video256,feature_change
comgenvid:datasets/comgenvid/real/MSVD/yAD_TS5L2d4_4_11.mp4,comgenvid,real,Sora,vatex_5000_video256,feature_change
comgenvid:datasets/comgenvid/real/MSVD/TPhpsIK7pDc_25_32.mp4,comgenvid,real,Sora,vatex_5000_video256,feature_change
comgenvid:datasets/comgenvid/real/MSVD/edqyq4Q-7uU_103_109.mp4,comgenvid,real,Sora,vatex_5000_video256,feature_change
comgenvid:datasets/comgenvid/real/MSVD/wn9rDTZj-m4_8_18.mp4,comgenvid,real,Sora,vatex_5000_video256,feature_change
comgenvid:datasets/comgenvid/real/MSVD/t3VPeyYL-fI_35_39.mp4,comgenvid,real,Sora,vatex_5000_video256,feature_change
comgenvid:datasets/comgenvid/real/MSVD/ecm9gf2Pgkc_1_24.mp4,comgenvid,real,Sora,vatex_5000_video256,feature_change
comgenvid:datasets/comgenvid/real/MSVD/WTf5EgVY5uU_16_24.mp4,comgenvid,real,Sora,vatex_5000_video256,feature_change
comgenvid:datasets/comgenvid/real/MSVD/kWLNZzuo3do_262_270.mp4,comgenvid,real,Sora,vatex_5000_video256,feature_change
comgenvid:datasets/comgenvid/real/MSVD/nwk4m329bLw_2_10.mp4,comgenvid,real,Sora,vatex_5000_video256,feature_change
comgenvid:datasets/comgenvid/real/MSVD/idRc_KkInds_0_6.mp4,comgenvid,real,Sora,vatex_5000_video256,feature_change
comgenvid:datasets/comgenvid/real/MSVD/zlS1_zBYluY_15_21.mp4,comgenvid,real,Sora,vatex_5000_video256,feature_change
comgenvid:datasets/comgenvid/real/MSVD/ptHkvYrH9fY_2_10.mp4,comgenvid,real,Sora,vatex_5000_video256,feature_change
comgenvid:datasets/comgenvid/real/MSVD/iLr7ZHAq1ro_7_11.mp4,comgenvid,real,Sora,vatex_5000_video256,feature_change
comgenvid:datasets/comgenvid/real/MSVD/o2X6UCaNqKA_27_36.mp4,comgenvid,real,Sora,vatex_5000_video256,feature_change
comgenvid:datasets/comgenvid/real/MSVD/ZdlG8fjGJlo_78_87.mp4,comgenvid,real,Sora,vatex_5000_video256,feature_change
comgenvid:datasets/comgenvid/real/MSVD/m1NR0uNNs5Y_57_64.mp4,comgenvid,real,Sora,vatex_5000_video256,feature_change
comgenvid:datasets/comgenvid/real/MSVD/lvFYUmDSOvU_34_38.mp4,comgenvid,real,Sora,vatex_5000_video256,feature_change
comgenvid:datasets/comgenvid/real/MSVD/VahnQw2gTQY_298_305.mp4,comgenvid,real,Sora,vatex_5000_video256,feature_change
comgenvid:datasets/comgenvid/real/MSVD/j2Dhf-xFUxU_20_29.mp4,comgenvid,real,Sora,vatex_5000_video256,feature_change
comgenvid:datasets/comgenvid/real/MSVD/mfJjIOfj6D8_3_10.mp4,comgenvid,real,Sora,vatex_5000_video256,feature_change
comgenvid:datasets/comgenvid/real/MSVD/uy0HNWto0UY_18_25.mp4,comgenvid,real,Sora,vatex_5000_video256,feature_change
comgenvid:datasets/comgenvid/real/MSVD/suj4VNfZz5E_33_50.mp4,comgenvid,real,Sora,vatex_5000_video256,feature_change
comgenvid:datasets/comgenvid/real/MSVD/mJ9eRvxjLc4_0_16.mp4,comgenvid,real,Sora,vatex_5000_video256,feature_change
comgenvid:datasets/comgenvid/real/MSVD/jI58q6rcNLc_8_18.mp4,comgenvid,real,Sora,vatex_5000_video256,feature_change
comgenvid:datasets/comgenvid/real/MSVD/kWLNZzuo3do_206_213.mp4,comgenvid,real,Sora,vatex_5000_video256,feature_change
comgenvid:datasets/comgenvid/real/MSVD/io2dbV-Qbus_215_247.mp4,comgenvid,real,Sora,vatex_5000_video256,feature_change
comgenvid:datasets/comgenvid/real/MSVD/aGUx0QOKWXw_7_12.mp4,comgenvid,real,Sora,vatex_5000_video256,feature_change
comgenvid:datasets/comgenvid/real/MSVD/_WRC7HXBJpU_395_401.mp4,comgenvid,real,Sora,vatex_5000_video256,feature_change
comgenvid:datasets/comgenvid/real/MSVD/p6cg2jWI34M_34_42.mp4,comgenvid,real,Sora,vatex_5000_video256,feature_change
comgenvid:datasets/comgenvid/real/MSVD/jmoT2we_rqo_0_5.mp4,comgenvid,real,Sora,vatex_5000_video256,feature_change
comgenvid:datasets/comgenvid/real/MSVD/q8t7iSGAKik_57_74.mp4,comgenvid,real,Sora,vatex_5000_video256,feature_change
comgenvid:datasets/comgenvid/real/MSVD/r2PM0om2El8_18_25.mp4,comgenvid,real,Sora,vatex_5000_video256,feature_change
comgenvid:datasets/comgenvid/real/MSVD/oG6LLGi_n48_51_55.mp4,comgenvid,real,Sora,vatex_5000_video256,feature_change
comgenvid:datasets/comgenvid/real/MSVD/sMscRb9TcQE_146_161.mp4,comgenvid,real,Sora,vatex_5000_video256,feature_change
comgenvid:datasets/comgenvid/real/MSVD/zv2RIbUsnSw_335_341.mp4,comgenvid,real,Sora,vatex_5000_video256,feature_change
comgenvid:datasets/comgenvid/real/MSVD/ZvJvNcukZ4w_0_10.mp4,comgenvid,real,Sora,vatex_5000_video256,feature_change
comgenvid:datasets/comgenvid/real/MSVD/ibSwITK4jjQ_14_24.mp4,comgenvid,real,Sora,vatex_5000_video256,feature_change
comgenvid:datasets/comgenvid/real/MSVD/lKpGc3SCSVw_12_20.mp4,comgenvid,real,Sora,vatex_5000_video256,feature_change
comgenvid:datasets/comgenvid/real/MSVD/xtbsD3PUua4_84_94.mp4,comgenvid,real,Sora,vatex_5000_video256,feature_change
comgenvid:datasets/comgenvid/real/MSVD/nPj6EcVGoUY_7_15.mp4,comgenvid,real,Sora,vatex_5000_video256,feature_change
comgenvid:datasets/comgenvid/real/MSVD/Xh6rdpJNaf0_0_15.mp4,comgenvid,real,Sora,vatex_5000_video256,feature_change
comgenvid:datasets/comgenvid/real/MSVD/vuvpbeQak9Q_23_29.mp4,comgenvid,real,Sora,vatex_5000_video256,feature_change
comgenvid:datasets/comgenvid/real/MSVD/psXeA8sSYdI_25_30.mp4,comgenvid,real,Sora,vatex_5000_video256,feature_change
comgenvid:datasets/comgenvid/real/MSVD/fgWFxFg7-GU_10_26.mp4,comgenvid,real,Sora,vatex_5000_video256,feature_change
comgenvid:datasets/comgenvid/real/MSVD/aeA-HN7BMdo_52_58.mp4,comgenvid,real,Sora,vatex_5000_video256,feature_change
comgenvid:datasets/comgenvid/real/MSVD/qqYysi3qotc_148_195.mp4,comgenvid,real,Sora,vatex_5000_video256,feature_change
comgenvid:datasets/comgenvid/real/MSVD/onxE6PpEXes_8_25.mp4,comgenvid,real,Sora,vatex_5000_video256,feature_change
comgenvid:datasets/comgenvid/real/MSVD/fMFvOgb4k6E_35_43.mp4,comgenvid,real,Sora,vatex_5000_video256,feature_change
comgenvid:datasets/comgenvid/real/MSVD/lSnWhsmlGec_5_10.mp4,comgenvid,real,Sora,vatex_5000_video256,feature_change
comgenvid:datasets/comgenvid/real/MSVD/YXixZrSxefk_17_48.mp4,comgenvid,real,Sora,vatex_5000_video256,feature_change
comgenvid:datasets/comgenvid/real/MSVD/wkgGxsuNVSg_34_41.mp4,comgenvid,real,Sora,vatex_5000_video256,feature_change
comgenvid:datasets/comgenvid/real/MSVD/jjl2ZMdFCsw_130_142.mp4,comgenvid,real,Sora,vatex_5000_video256,feature_change
comgenvid:datasets/comgenvid/real/MSVD/uB9zRlV47qA_17_23.mp4,comgenvid,real,Sora,vatex_5000_video256,feature_change
comgenvid:datasets/comgenvid/real/MSVD/sBjr8UJOpsQ_149_169.mp4,comgenvid,real,Sora,vatex_5000_video256,feature_change
comgenvid:datasets/comgenvid/real/MSVD/UDwvax7K57c_28_35.mp4,comgenvid,real,Sora,vatex_5000_video256,feature_change
comgenvid:datasets/comgenvid/real/MSVD/aM-RcQj0a7I_37_55.mp4,comgenvid,real,Sora,vatex_5000_video256,feature_change
comgenvid:datasets/comgenvid/real/MSVD/uJPupV4oLZ0_4_12.mp4,comgenvid,real,Sora,vatex_5000_video256,feature_change
comgenvid:datasets/comgenvid/real/MSVD/s-QQWRdF-5Y_19_28.mp4,comgenvid,real,Sora,vatex_5000_video256,feature_change
comgenvid:datasets/comgenvid/real/MSVD/q8t7iSGAKik_11_31.mp4,comgenvid,real,Sora,vatex_5000_video256,feature_change
comgenvid:datasets/comgenvid/real/MSVD/nq4hG6qgyPs_184_195.mp4,comgenvid,real,Sora,vatex_5000_video256,feature_change
comgenvid:datasets/comgenvid/real/MSVD/vulNlhUI6m0_7_27.mp4,comgenvid,real,Sora,vatex_5000_video256,feature_change
comgenvid:datasets/comgenvid/real/MSVD/idXJu0BQRvo_2_6.mp4,comgenvid,real,Sora,vatex_5000_video256,feature_change
comgenvid:datasets/comgenvid/real/MSVD/lR8RrUBhCQg_5_15.mp4,comgenvid,real,Sora,vatex_5000_video256,feature_change
comgenvid:datasets/comgenvid/real/MSVD/z8dcUzdi2bw_3_16.mp4,comgenvid,real,Sora,vatex_5000_video256,feature_change
comgenvid:datasets/comgenvid/real/MSVD/kWLNZzuo3do_56_62.mp4,comgenvid,real,Sora,vatex_5000_video256,feature_change
comgenvid:datasets/comgenvid/real/MSVD/qypmR4O1Gwk_0_10.mp4,comgenvid,real,Sora,vatex_5000_video256,feature_change
comgenvid:datasets/comgenvid/real/MSVD/kWLNZzuo3do_167_181.mp4,comgenvid,real,Sora,vatex_5000_video256,feature_change
comgenvid:datasets/comgenvid/real/MSVD/uiLr9bdOL0M_23_30.mp4,comgenvid,real,Sora,vatex_5000_video256,feature_change
comgenvid:datasets/comgenvid/real/MSVD/uppFvcVwqqY_5_15.mp4,comgenvid,real,Sora,vatex_5000_video256,feature_change
comgenvid:datasets/comgenvid/real/MSVD/bxjFqtfJlMs_18_27.mp4,comgenvid,real,Sora,vatex_5000_video256,feature_change
comgenvid:datasets/comgenvid/real/MSVD/clKtfGBVI1I_15_28.mp4,comgenvid,real,Sora,vatex_5000_video256,feature_change
comgenvid:datasets/comgenvid/real/MSVD/W8_63NiTENw_23_30.mp4,comgenvid,real,Sora,vatex_5000_video256,feature_change
comgenvid:datasets/comgenvid/real/MSVD/a-cek0mvXxE_15_25.mp4,comgenvid,real,Sora,vatex_5000_video256,feature_change
comgenvid:datasets/comgenvid/real/MSVD/UXs3eq68ZjE_280_285.mp4,comgenvid,real,Sora,vatex_5000_video256,feature_change
comgenvid:datasets/comgenvid/real/MSVD/b71bI0rH1g8_75_90.mp4,comgenvid,real,Sora,vatex_5000_video256,feature_change
comgenvid:datasets/comgenvid/real/MSVD/z0zb--BOhDY_16_22.mp4,comgenvid,real,Sora,vatex_5000_video256,feature_change
comgenvid:datasets/comgenvid/real/MSVD/mZVPkPqwzR4_38_45.mp4,comgenvid,real,Sora,vatex_5000_video256,feature_change
comgenvid:datasets/comgenvid/real/MSVD/ViWQUOGIaSU_9_16.mp4,comgenvid,real,Sora,vatex_5000_video256,feature_change
comgenvid:datasets/comgenvid/real/MSVD/bruzcOyIGeg_4_12.mp4,comgenvid,real,Sora,vatex_5000_video256,feature_change
comgenvid:datasets/comgenvid/real/MSVD/cs33MNhpRNw_16_21.mp4,comgenvid,real,Sora,vatex_5000_video256,feature_change
comgenvid:datasets/comgenvid/real/MSVD/tYh4iDFgmEE_50_54.mp4,comgenvid,real,Sora,vatex_5000_video256,feature_change
comgenvid:datasets/comgenvid/real/MSVD/q3I3R_gqy8M_34_37.mp4,comgenvid,real,Sora,vatex_5000_video256,feature_change
comgenvid:datasets/comgenvid/real/MSVD/kI6MWZrl8v8_149_161.mp4,comgenvid,real,Sora,vatex_5000_video256,feature_change
comgenvid:datasets/comgenvid/real/MSVD/nc0fVlaTYEs_34_44.mp4,comgenvid,real,Sora,vatex_5000_video256,feature_change
comgenvid:datasets/comgenvid/real/MSVD/VLBsAPZ2DDE_34_41.mp4,comgenvid,real,Sora,vatex_5000_video256,feature_change
comgenvid:datasets/comgenvid/real/MSVD/m7x8uIdg2XU_67_73.mp4,comgenvid,real,Sora,vatex_5000_video256,feature_change
comgenvid:datasets/comgenvid/real/MSVD/c53HKs39i28_26_35.mp4,comgenvid,real,Sora,vatex_5000_video256,feature_change
comgenvid:datasets/comgenvid/real/MSVD/WTf5EgVY5uU_15_19.mp4,comgenvid,real,Sora,vatex_5000_video256,feature_change
comgenvid:datasets/comgenvid/real/MSVD/TZ860P4iTaM_10_24.mp4,comgenvid,real,Sora,vatex_5000_video256,feature_change
comgenvid:datasets/comgenvid/real/MSVD/uO7Eysrs8_k_80_90.mp4,comgenvid,real,Sora,vatex_5000_video256,feature_change
comgenvid:datasets/comgenvid/real/MSVD/ghynaoVNwZc_1_20.mp4,comgenvid,real,Sora,vatex_5000_video256,feature_change
comgenvid:datasets/comgenvid/real/MSVD/YmXCfQm0_CA_7_16.mp4,comgenvid,real,Sora,vatex_5000_video256,feature_change
comgenvid:datasets/comgenvid/real/MSVD/W8l_ezoU8Lc_156_162.mp4,comgenvid,real,Sora,vatex_5000_video256,feature_change
comgenvid:datasets/comgenvid/real/MSVD/oeaVXK2GAyc_4_21.mp4,comgenvid,real,Sora,vatex_5000_video256,feature_change
comgenvid:datasets/comgenvid/real/MSVD/xxHx6s_DbUo_182_186.mp4,comgenvid,real,Sora,vatex_5000_video256,feature_change
comgenvid:datasets/comgenvid/real/MSVD/u9prcUCHlqM_503_511.mp4,comgenvid,real,Sora,vatex_5000_video256,feature_change
comgenvid:datasets/comgenvid/real/MSVD/vRC9sBNt9vs_10_16.mp4,comgenvid,real,Sora,vatex_5000_video256,feature_change
comgenvid:datasets/comgenvid/real/MSVD/jPBxl9gFqNY_110_117.mp4,comgenvid,real,Sora,vatex_5000_video256,feature_change
comgenvid:datasets/comgenvid/real/MSVD/q9ew_nITQWY_54_62.mp4,comgenvid,real,Sora,vatex_5000_video256,feature_change
comgenvid:datasets/comgenvid/real/MSVD/kWLNZzuo3do_222_227.mp4,comgenvid,real,Sora,vatex_5000_video256,feature_change
comgenvid:datasets/comgenvid/real/MSVD/mmSQTI6gMNQ_120_128.mp4,comgenvid,real,Sora,vatex_5000_video256,feature_change
comgenvid:datasets/comgenvid/real/MSVD/lv8d_qLLqsk_1_20.mp4,comgenvid,real,Sora,vatex_5000_video256,feature_change
comgenvid:datasets/comgenvid/real/MSVD/yREFkmrrYiw_51_57.mp4,comgenvid,real,Sora,vatex_5000_video256,feature_change
comgenvid:datasets/comgenvid/real/MSVD/eZLxohGP4IE_15_25.mp4,comgenvid,real,Sora,vatex_5000_video256,feature_change
comgenvid:datasets/comgenvid/real/MSVD/hJFBXHtxKIc_225_230.mp4,comgenvid,real,Sora,vatex_5000_video256,feature_change
comgenvid:datasets/comgenvid/real/MSVD/tBj4Ny19vfQ_54_59.mp4,comgenvid,real,Sora,vatex_5000_video256,feature_change
comgenvid:datasets/comgenvid/real/MSVD/kWLNZzuo3do_147_153.mp4,comgenvid,real,Sora,vatex_5000_video256,feature_change
comgenvid:datasets/comgenvid/real/MSVD/htry5uxX0-Y_45_52.mp4,comgenvid,real,Sora,vatex_5000_video256,feature_change
comgenvid:datasets/comgenvid/real/MSVD/s9TklvyLFyI_177_191.mp4,comgenvid,real,Sora,vatex_5000_video256,feature_change
comgenvid:datasets/comgenvid/real/MSVD/yd8jh9QYfEs_4_10.mp4,comgenvid,real,Sora,vatex_5000_video256,feature_change
comgenvid:datasets/comgenvid/real/MSVD/lB1UPJ4leqs_0_6.mp4,comgenvid,real,Sora,vatex_5000_video256,feature_change
comgenvid:datasets/comgenvid/real/MSVD/jjl2ZMdFCsw_17_35.mp4,comgenvid,real,Sora,vatex_5000_video256,feature_change
comgenvid:datasets/comgenvid/real/MSVD/iUYWdCxvJCI_2_14.mp4,comgenvid,real,Sora,vatex_5000_video256,feature_change
comgenvid:datasets/comgenvid/real/MSVD/Ud3Qy8m6OxQ_52_62.mp4,comgenvid,real,Sora,vatex_5000_video256,feature_change
comgenvid:datasets/comgenvid/real/MSVD/bL_Kijz9IN4_0_15.mp4,comgenvid,real,Sora,vatex_5000_video256,feature_change
comgenvid:datasets/comgenvid/real/MSVD/Xp6rxW4hFFo_32_40.mp4,comgenvid,real,Sora,vatex_5000_video256,feature_change
comgenvid:datasets/comgenvid/real/MSVD/_txL575S_OA_13_23.mp4,comgenvid,real,Sora,vatex_5000_video256,feature_change
comgenvid:datasets/comgenvid/real/MSVD/_9iG5Ge01PM_3_11.mp4,comgenvid,real,Sora,vatex_5000_video256,feature_change
comgenvid:datasets/comgenvid/real/MSVD/YndZ9YulpTo_61_76.mp4,comgenvid,real,Sora,vatex_5000_video256,feature_change
comgenvid:datasets/comgenvid/real/MSVD/_O9kWD8nuRU_70_76.mp4,comgenvid,real,Sora,vatex_5000_video256,feature_change
comgenvid:datasets/comgenvid/real/MSVD/otvx5OZHTJc_1_22.mp4,comgenvid,real,Sora,vatex_5000_video256,feature_change
comgenvid:datasets/comgenvid/real/MSVD/d7Gs0uGFLh0_5_13.mp4,comgenvid,real,Sora,vatex_5000_video256,feature_change
comgenvid:datasets/comgenvid/real/MSVD/WTf5EgVY5uU_130_135.mp4,comgenvid,real,Sora,vatex_5000_video256,feature_change
comgenvid:datasets/comgenvid/real/MSVD/UXs3eq68ZjE_498_504.mp4,comgenvid,real,Sora,vatex_5000_video256,feature_change
comgenvid:datasets/comgenvid/real/MSVD/fw8qvK67jYY_50_97.mp4,comgenvid,real,Sora,vatex_5000_video256,feature_change
comgenvid:datasets/comgenvid/real/MSVD/tn1d5DmdMqY_15_28.mp4,comgenvid,real,Sora,vatex_5000_video256,feature_change
comgenvid:datasets/comgenvid/real/MSVD/hM3jzlyNIpc_0_10.mp4,comgenvid,real,Sora,vatex_5000_video256,feature_change
comgenvid:datasets/comgenvid/real/MSVD/fnpp8v9NbmY_181_188.mp4,comgenvid,real,Sora,vatex_5000_video256,feature_change
comgenvid:datasets/comgenvid/real/MSVD/xxHx6s_DbUo_41_44.mp4,comgenvid,real,Sora,vatex_5000_video256,feature_change
comgenvid:datasets/comgenvid/real/MSVD/giLxPCgLLqg_9_19.mp4,comgenvid,real,Sora,vatex_5000_video256,feature_change
comgenvid:datasets/comgenvid/real/MSVD/UbmZAe5u5FI_44_55.mp4,comgenvid,real,Sora,vatex_5000_video256,feature_change
comgenvid:datasets/comgenvid/real/MSVD/VahnQw2gTQY_274_280.mp4,comgenvid,real,Sora,vatex_5000_video256,feature_change
comgenvid:datasets/comgenvid/real/MSVD/n2NLoLNecgI_168_178.mp4,comgenvid,real,Sora,vatex_5000_video256,feature_change
comgenvid:datasets/comgenvid/real/MSVD/yyxtyCaEVqk_250_264.mp4,comgenvid,real,Sora,vatex_5000_video256,feature_change
comgenvid:datasets/comgenvid/real/MSVD/WqQonRVs7WA_0_10.mp4,comgenvid,real,Sora,vatex_5000_video256,feature_change
comgenvid:datasets/comgenvid/real/MSVD/W8l_ezoU8Lc_55_70.mp4,comgenvid,real,Sora,vatex_5000_video256,feature_change
comgenvid:datasets/comgenvid/real/MSVD/sWqi41wyXcQ_68_79.mp4,comgenvid,real,Sora,vatex_5000_video256,feature_change
comgenvid:datasets/comgenvid/real/MSVD/p9g06ktIkJg_4_11.mp4,comgenvid,real,Sora,vatex_5000_video256,feature_change
comgenvid:datasets/comgenvid/real/MSVD/WTf5EgVY5uU_98_104.mp4,comgenvid,real,Sora,vatex_5000_video256,feature_change
comgenvid:datasets/comgenvid/real/MSVD/nhm_APPwhWk_6_12.mp4,comgenvid,real,Sora,vatex_5000_video256,feature_change
comgenvid:datasets/comgenvid/real/MSVD/bLqmf8x7rLI_2_8.mp4,comgenvid,real,Sora,vatex_5000_video256,feature_change
comgenvid:datasets/comgenvid/real/MSVD/qeKX-N1nKiM_123_130.mp4,comgenvid,real,Sora,vatex_5000_video256,feature_change
comgenvid:datasets/comgenvid/real/MSVD/xy9LLUUZ6ic_50_60.mp4,comgenvid,real,Sora,vatex_5000_video256,feature_change
comgenvid:datasets/comgenvid/real/MSVD/m1NR0uNNs5Y_160_166.mp4,comgenvid,real,Sora,vatex_5000_video256,feature_change
comgenvid:datasets/comgenvid/real/MSVD/nLvX-erABqY_67_72.mp4,comgenvid,real,Sora,vatex_5000_video256,feature_change
comgenvid:datasets/comgenvid/real/MSVD/Ugb_uH72d0I_8_17.mp4,comgenvid,real,Sora,vatex_5000_video256,feature_change
comgenvid:datasets/comgenvid/real/MSVD/ZK4W-2ifl6I_1_28.mp4,comgenvid,real,Sora,vatex_5000_video256,feature_change
comgenvid:datasets/comgenvid/real/MSVD/s-dSFyz_5Ww_31_41.mp4,comgenvid,real,Sora,vatex_5000_video256,feature_change
comgenvid:datasets/comgenvid/real/MSVD/z_qf7tOnHVg_81_89.mp4,comgenvid,real,Sora,vatex_5000_video256,feature_change
comgenvid:datasets/comgenvid/real/MSVD/lcu-DwrnYY8_2_5.mp4,comgenvid,real,Sora,vatex_5000_video256,feature_change
comgenvid:datasets/comgenvid/real/MSVD/gHyXstpe_N8_116_125.mp4,comgenvid,real,Sora,vatex_5000_video256,feature_change
comgenvid:datasets/comgenvid/real/MSVD/UbmZAe5u5FI_60_70.mp4,comgenvid,real,Sora,vatex_5000_video256,feature_change
comgenvid:datasets/comgenvid/real/MSVD/q5ZRMvjzhXQ_15_29.mp4,comgenvid,real,Sora,vatex_5000_video256,feature_change
comgenvid:datasets/comgenvid/real/MSVD/rw9h_574HxE_229_236.mp4,comgenvid,real,Sora,vatex_5000_video256,feature_change
comgenvid:datasets/comgenvid/real/MSVD/WTf5EgVY5uU_104_108.mp4,comgenvid,real,Sora,vatex_5000_video256,feature_change
comgenvid:datasets/comgenvid/real/MSVD/_JVxurtGIhI_32_42.mp4,comgenvid,real,Sora,vatex_5000_video256,feature_change
comgenvid:datasets/comgenvid/real/MSVD/qeKX-N1nKiM_0_5.mp4,comgenvid,real,Sora,vatex_5000_video256,feature_change
comgenvid:datasets/comgenvid/real/MSVD/ejgwQqCHN1E_7_12.mp4,comgenvid,real,Sora,vatex_5000_video256,feature_change
comgenvid:datasets/comgenvid/real/MSVD/Wv3u2q3oGeU_35_45.mp4,comgenvid,real,Sora,vatex_5000_video256,feature_change
comgenvid:datasets/comgenvid/real/MSVD/kIZanu909lw_67_80.mp4,comgenvid,real,Sora,vatex_5000_video256,feature_change
comgenvid:datasets/comgenvid/real/MSVD/X98fLZHIzWQ_15_20.mp4,comgenvid,real,Sora,vatex_5000_video256,feature_change
comgenvid:datasets/comgenvid/real/MSVD/glrijRGnmc0_211_215.mp4,comgenvid,real,Sora,vatex_5000_video256,feature_change
comgenvid:datasets/comgenvid/real/MSVD/tZmDWltBziM_70_80.mp4,comgenvid,real,Sora,vatex_5000_video256,feature_change
comgenvid:datasets/comgenvid/real/MSVD/x8Ul09tk6zk_0_8.mp4,comgenvid,real,Sora,vatex_5000_video256,feature_change
comgenvid:datasets/comgenvid/real/MSVD/Zg0p5TXi_Cc_30_46.mp4,comgenvid,real,Sora,vatex_5000_video256,feature_change
comgenvid:datasets/comgenvid/real/MSVD/e996zZ0uV_A_196_204.mp4,comgenvid,real,Sora,vatex_5000_video256,feature_change
comgenvid:datasets/comgenvid/real/MSVD/WTf5EgVY5uU_108_116.mp4,comgenvid,real,Sora,vatex_5000_video256,feature_change
comgenvid:datasets/comgenvid/real/MSVD/dtn0PuxgfkM_0_5.mp4,comgenvid,real,Sora,vatex_5000_video256,feature_change
comgenvid:datasets/comgenvid/real/MSVD/s80J2dAUUyI_33_43.mp4,comgenvid,real,Sora,vatex_5000_video256,feature_change
comgenvid:datasets/comgenvid/real/MSVD/j4dMnAPZu70_12_17.mp4,comgenvid,real,Sora,vatex_5000_video256,feature_change
comgenvid:datasets/comgenvid/real/MSVD/xxHx6s_DbUo_202_207.mp4,comgenvid,real,Sora,vatex_5000_video256,feature_change
comgenvid:datasets/comgenvid/real/MSVD/xxHx6s_DbUo_173_177.mp4,comgenvid,real,Sora,vatex_5000_video256,feature_change
comgenvid:datasets/comgenvid/real/MSVD/emblM4a76jg_5_15.mp4,comgenvid,real,Sora,vatex_5000_video256,feature_change
comgenvid:datasets/comgenvid/real/MSVD/jCplbayVbtw_10_20.mp4,comgenvid,real,Sora,vatex_5000_video256,feature_change
comgenvid:datasets/comgenvid/real/MSVD/pzq5fPfsPZg_51_57.mp4,comgenvid,real,Sora,vatex_5000_video256,feature_change
comgenvid:datasets/comgenvid/real/MSVD/zv2RIbUsnSw_159_162.mp4,comgenvid,real,Sora,vatex_5000_video256,feature_change
comgenvid:datasets/comgenvid/real/MSVD/zWVQImPY2Cc_27_44.mp4,comgenvid,real,Sora,vatex_5000_video256,feature_change
comgenvid:datasets/comgenvid/real/MSVD/yyxtyCaEVqk_321_328.mp4,comgenvid,real,Sora,vatex_5000_video256,feature_change
comgenvid:datasets/comgenvid/real/MSVD/WTf5EgVY5uU_33_39.mp4,comgenvid,real,Sora,vatex_5000_video256,feature_change
comgenvid:datasets/comgenvid/real/MSVD/pzq5fPfsPZg_145_160.mp4,comgenvid,real,Sora,vatex_5000_video256,feature_change
comgenvid:datasets/comgenvid/real/MSVD/WPG-BIWOrG4_130_134.mp4,comgenvid,real,Sora,vatex_5000_video256,feature_change
comgenvid:datasets/comgenvid/real/MSVD/iwpnUHFhjWc_84_94.mp4,comgenvid,real,Sora,vatex_5000_video256,feature_change
comgenvid:datasets/comgenvid/real/MSVD/rw9h_574HxE_161_166.mp4,comgenvid,real,Sora,vatex_5000_video256,feature_change
comgenvid:datasets/comgenvid/real/MSVD/h0JvF9vpqx8_36_42.mp4,comgenvid,real,Sora,vatex_5000_video256,feature_change
comgenvid:datasets/comgenvid/real/MSVD/f9_bP219ehQ_63_70.mp4,comgenvid,real,Sora,vatex_5000_video256,feature_change
comgenvid:datasets/comgenvid/real/MSVD/l5JJ2n2ggiQ_319_327.mp4,comgenvid,real,Sora,vatex_5000_video256,feature_change
comgenvid:datasets/comgenvid/real/MSVD/oDcd2JbOyzg_38_55.mp4,comgenvid,real,Sora,vatex_5000_video256,feature_change
comgenvid:datasets/comgenvid/real/MSVD/VahnQw2gTQY_203_210.mp4,comgenvid,real,Sora,vatex_5000_video256,feature_change
comgenvid:datasets/comgenvid/real/MSVD/tzd3AYTZq0U_0_6.mp4,comgenvid,real,Sora,vatex_5000_video256,feature_change
comgenvid:datasets/comgenvid/real/MSVD/zkTn5Ef1Oig_70_75.mp4,comgenvid,real,Sora,vatex_5000_video256,feature_change
comgenvid:datasets/comgenvid/real/MSVD/gHyXstpe_N8_95_100.mp4,comgenvid,real,Sora,vatex_5000_video256,feature_change
comgenvid:datasets/comgenvid/real/MSVD/g9aZcaEg7iY_0_9.mp4,comgenvid,real,Sora,vatex_5000_video256,feature_change
comgenvid:datasets/comgenvid/real/MSVD/kBjUDCyDCuI_20_26.mp4,comgenvid,real,Sora,vatex_5000_video256,feature_change
comgenvid:datasets/comgenvid/real/MSVD/jTnrm338_KY_34_42.mp4,comgenvid,real,Sora,vatex_5000_video256,feature_change
comgenvid:datasets/comgenvid/real/MSVD/WTf5EgVY5uU_18_23.mp4,comgenvid,real,Sora,vatex_5000_video256,feature_change
comgenvid:datasets/comgenvid/real/MSVD/toE0QYZzJKE_1_8.mp4,comgenvid,real,Sora,vatex_5000_video256,feature_change
comgenvid:datasets/comgenvid/real/MSVD/o4pL7FObqds_243_263.mp4,comgenvid,real,Sora,vatex_5000_video256,feature_change
comgenvid:datasets/comgenvid/real/MSVD/kWLNZzuo3do_48_53.mp4,comgenvid,real,Sora,vatex_5000_video256,feature_change
comgenvid:datasets/comgenvid/real/MSVD/UbmZAe5u5FI_26_33.mp4,comgenvid,real,Sora,vatex_5000_video256,feature_change
comgenvid:datasets/comgenvid/real/MSVD/qDjtN7xxNr4_44_51.mp4,comgenvid,real,Sora,vatex_5000_video256,feature_change
comgenvid:datasets/comgenvid/real/MSVD/s6QwbmWbSmw_18_24.mp4,comgenvid,real,Sora,vatex_5000_video256,feature_change
comgenvid:datasets/comgenvid/real/MSVD/kWLNZzuo3do_192_196.mp4,comgenvid,real,Sora,vatex_5000_video256,feature_change
comgenvid:datasets/comgenvid/real/MSVD/mHv4iJ9Yr1g_10_16.mp4,comgenvid,real,Sora,vatex_5000_video256,feature_change
comgenvid:datasets/comgenvid/real/MSVD/yYA7YXIKbg4_9_14.mp4,comgenvid,real,Sora,vatex_5000_video256,feature_change
comgenvid:datasets/comgenvid/real/MSVD/n_Z0-giaspE_168_193.mp4,comgenvid,real,Sora,vatex_5000_video256,feature_change
comgenvid:datasets/comgenvid/real/MSVD/o_mWZWcm2r4_47_54.mp4,comgenvid,real,Sora,vatex_5000_video256,feature_change
comgenvid:datasets/comgenvid/real/MSVD/zxB4dFJhHR8_1_9.mp4,comgenvid,real,Sora,vatex_5000_video256,feature_change
comgenvid:datasets/comgenvid/real/MSVD/eZLxohGP4IE_190_201.mp4,comgenvid,real,Sora,vatex_5000_video256,feature_change
comgenvid:datasets/comgenvid/real/MSVD/nohvigNMsbo_199_207.mp4,comgenvid,real,Sora,vatex_5000_video256,feature_change
comgenvid:datasets/comgenvid/real/MSVD/elQqQfux7Po_12_22.mp4,comgenvid,real,Sora,vatex_5000_video256,feature_change
comgenvid:datasets/comgenvid/real/MSVD/ao-9B8IV9_E_175_187.mp4,comgenvid,real,Sora,vatex_5000_video256,feature_change
comgenvid:datasets/comgenvid/real/MSVD/tqxRDVKtkSY_30_45.mp4,comgenvid,real,Sora,vatex_5000_video256,feature_change
comgenvid:datasets/comgenvid/real/MSVD/dc4UltkRJsw_53_59.mp4,comgenvid,real,Sora,vatex_5000_video256,feature_change
comgenvid:datasets/comgenvid/real/MSVD/e3XkmpNcSt4_8_19.mp4,comgenvid,real,Sora,vatex_5000_video256,feature_change
comgenvid:datasets/comgenvid/real/MSVD/rV5VmhY3-Sw_65_76.mp4,comgenvid,real,Sora,vatex_5000_video256,feature_change
comgenvid:datasets/comgenvid/real/MSVD/vpR0L3sIvoo_15_49.mp4,comgenvid,real,Sora,vatex_5000_video256,feature_change
comgenvid:datasets/comgenvid/real/MSVD/yfMTsYcLt10_0_7.mp4,comgenvid,real,Sora,vatex_5000_video256,feature_change
comgenvid:datasets/comgenvid/real/MSVD/jbzaMtPYtl8_48_58.mp4,comgenvid,real,Sora,vatex_5000_video256,feature_change
comgenvid:datasets/comgenvid/real/MSVD/ZbtpcGi2DWY_161_170.mp4,comgenvid,real,Sora,vatex_5000_video256,feature_change
comgenvid:datasets/comgenvid/real/MSVD/WPG-BIWOrG4_672_677.mp4,comgenvid,real,Sora,vatex_5000_video256,feature_change
comgenvid:datasets/comgenvid/real/MSVD/vDhEpqfhVI0_0_8.mp4,comgenvid,real,Sora,vatex_5000_video256,feature_change
comgenvid:datasets/comgenvid/real/MSVD/lc9bA-hvqHU_1_6.mp4,comgenvid,real,Sora,vatex_5000_video256,feature_change
comgenvid:datasets/comgenvid/real/MSVD/tYh4iDFgmEE_10_14.mp4,comgenvid,real,Sora,vatex_5000_video256,feature_change
comgenvid:datasets/comgenvid/real/MSVD/nCtZFOYAlvQ_44_49.mp4,comgenvid,real,Sora,vatex_5000_video256,feature_change
comgenvid:datasets/comgenvid/real/MSVD/TxzxPyfsSxY_0_10.mp4,comgenvid,real,Sora,vatex_5000_video256,feature_change
comgenvid:datasets/comgenvid/real/MSVD/WTx-K045yQM_85_98.mp4,comgenvid,real,Sora,vatex_5000_video256,feature_change
comgenvid:datasets/comgenvid/real/MSVD/sm0OYD0NSbQ_51_59.mp4,comgenvid,real,Sora,vatex_5000_video256,feature_change
comgenvid:datasets/comgenvid/real/MSVD/kuNQpRTc-hA_126_135.mp4,comgenvid,real,Sora,vatex_5000_video256,feature_change
comgenvid:datasets/comgenvid/real/MSVD/shPymuahrsc_5_12.mp4,comgenvid,real,Sora,vatex_5000_video256,feature_change
comgenvid:datasets/comgenvid/real/MSVD/hJFBXHtxKIc_163_168.mp4,comgenvid,real,Sora,vatex_5000_video256,feature_change
comgenvid:datasets/comgenvid/real/MSVD/xEDCfcMZlZY_37_41.mp4,comgenvid,real,Sora,vatex_5000_video256,feature_change
comgenvid:datasets/comgenvid/real/MSVD/bK-i_FAcpoY_86_92.mp4,comgenvid,real,Sora,vatex_5000_video256,feature_change
comgenvid:datasets/comgenvid/real/MSVD/v-9Gx0gJmfo_91_99.mp4,comgenvid,real,Sora,vatex_5000_video256,feature_change
comgenvid:datasets/comgenvid/real/MSVD/kWLNZzuo3do_24_31.mp4,comgenvid,real,Sora,vatex_5000_video256,feature_change
comgenvid:datasets/comgenvid/real/MSVD/hFERWnoc-nU_0_12.mp4,comgenvid,real,Sora,vatex_5000_video256,feature_change
comgenvid:datasets/comgenvid/real/MSVD/WTf5EgVY5uU_218_236.mp4,comgenvid,real,Sora,vatex_5000_video256,feature_change
comgenvid:datasets/comgenvid/real/MSVD/zHy7pM0U49w_103_109.mp4,comgenvid,real,Sora,vatex_5000_video256,feature_change
comgenvid:datasets/comgenvid/real/MSVD/kWLNZzuo3do_31_37.mp4,comgenvid,real,Sora,vatex_5000_video256,feature_change
comgenvid:datasets/comgenvid/real/MSVD/Vn0Xv0fb1z4_18_30.mp4,comgenvid,real,Sora,vatex_5000_video256,feature_change
comgenvid:datasets/comgenvid/real/MSVD/UXs3eq68ZjE_194_200.mp4,comgenvid,real,Sora,vatex_5000_video256,feature_change
comgenvid:datasets/comgenvid/real/MSVD/eVSQiPbepXg_44_49.mp4,comgenvid,real,Sora,vatex_5000_video256,feature_change
comgenvid:datasets/comgenvid/real/MSVD/q7pOFn8s4zc_27_36.mp4,comgenvid,real,Sora,vatex_5000_video256,feature_change
comgenvid:datasets/comgenvid/real/MSVD/Xwrl4htUPjo_22_38.mp4,comgenvid,real,Sora,vatex_5000_video256,feature_change
comgenvid:datasets/comgenvid/real/MSVD/iuqVpMdb1NM_35_43.mp4,comgenvid,real,Sora,vatex_5000_video256,feature_change
comgenvid:datasets/comgenvid/real/MSVD/hJFBXHtxKIc_298_303.mp4,comgenvid,real,Sora,vatex_5000_video256,feature_change
comgenvid:datasets/comgenvid/real/MSVD/zCf8NWJ8kzA_47_52.mp4,comgenvid,real,Sora,vatex_5000_video256,feature_change
comgenvid:datasets/comgenvid/real/MSVD/bXsKw3TOQXs_30_55.mp4,comgenvid,real,Sora,vatex_5000_video256,feature_change
comgenvid:datasets/comgenvid/real/MSVD/o4OsYxsNGMI_77_82.mp4,comgenvid,real,Sora,vatex_5000_video256,feature_change
comgenvid:datasets/comgenvid/real/MSVD/zbAk0gX7kas_16_24.mp4,comgenvid,real,Sora,vatex_5000_video256,feature_change
comgenvid:datasets/comgenvid/real/MSVD/x68Djm_Q0GA_0_10.mp4,comgenvid,real,Sora,vatex_5000_video256,feature_change
comgenvid:datasets/comgenvid/real/MSVD/zYcY4mjLpxU_104_118.mp4,comgenvid,real,Sora,vatex_5000_video256,feature_change
comgenvid:datasets/comgenvid/real/MSVD/gjVBEJGHrXk_26_38.mp4,comgenvid,real,Sora,vatex_5000_video256,feature_change
comgenvid:datasets/comgenvid/real/MSVD/klFyrnrUSck_13_19.mp4,comgenvid,real,Sora,vatex_5000_video256,feature_change
comgenvid:datasets/comgenvid/real/MSVD/pqTWUzehCUM_42_47.mp4,comgenvid,real,Sora,vatex_5000_video256,feature_change
comgenvid:datasets/comgenvid/real/MSVD/ceOXCFUmxzA_100_110.mp4,comgenvid,real,Sora,vatex_5000_video256,feature_change
comgenvid:datasets/comgenvid/real/MSVD/UXs3eq68ZjE_320_325.mp4,comgenvid,real,Sora,vatex_5000_video256,feature_change
comgenvid:datasets/comgenvid/real/MSVD/zpgW7m7_LZw_2_15.mp4,comgenvid,real,Sora,vatex_5000_video256,feature_change
comgenvid:datasets/comgenvid/real/MSVD/fjDvKHkmxs0_72_87.mp4,comgenvid,real,Sora,vatex_5000_video256,feature_change
comgenvid:datasets/comgenvid/real/MSVD/gXVaC3gBWbc_22_30.mp4,comgenvid,real,Sora,vatex_5000_video256,feature_change
comgenvid:datasets/comgenvid/real/MSVD/W8l_ezoU8Lc_76_86.mp4,comgenvid,real,Sora,vatex_5000_video256,feature_change
comgenvid:datasets/comgenvid/real/MSVD/kWLNZzuo3do_152_164.mp4,comgenvid,real,Sora,vatex_5000_video256,feature_change
comgenvid:datasets/comgenvid/real/MSVD/W6_XuNhgtrM_2_5.mp4,comgenvid,real,Sora,vatex_5000_video256,feature_change
comgenvid:datasets/comgenvid/real/MSVD/a8PAY4rvzRM_1_10.mp4,comgenvid,real,Sora,vatex_5000_video256,feature_change
comgenvid:datasets/comgenvid/real/MSVD/xGdoi3W3Z4o_2_40.mp4,comgenvid,real,Sora,vatex_5000_video256,feature_change
comgenvid:datasets/comgenvid/real/MSVD/zS50h-a8RTg_3_9.mp4,comgenvid,real,Sora,vatex_5000_video256,feature_change
comgenvid:datasets/comgenvid/real/MSVD/UoPU8F9mus8_258_262.mp4,comgenvid,real,Sora,vatex_5000_video256,feature_change
comgenvid:datasets/comgenvid/real/MSVD/_pj2Nutu5v8_1_8.mp4,comgenvid,real,Sora,vatex_5000_video256,feature_change
comgenvid:datasets/comgenvid/real/MSVD/_6OTzzK7t9Y_73_78.mp4,comgenvid,real,Sora,vatex_5000_video256,feature_change
comgenvid:datasets/comgenvid/real/MSVD/mFCf8lLXrUc_36_57.mp4,comgenvid,real,Sora,vatex_5000_video256,feature_change
comgenvid:datasets/comgenvid/real/MSVD/s1ZABV7AQdA_38_48.mp4,comgenvid,real,Sora,vatex_5000_video256,feature_change
comgenvid:datasets/comgenvid/real/MSVD/otLEUwHao_E_140_151.mp4,comgenvid,real,Sora,vatex_5000_video256,feature_change
comgenvid:datasets/comgenvid/real/MSVD/c76tShLfQb0_74_81.mp4,comgenvid,real,Sora,vatex_5000_video256,feature_change
comgenvid:datasets/comgenvid/real/MSVD/hJuqBDw_TT4_14_25.mp4,comgenvid,real,Sora,vatex_5000_video256,feature_change
comgenvid:datasets/comgenvid/real/MSVD/zFIn8DeV5PM_20_33.mp4,comgenvid,real,Sora,vatex_5000_video256,feature_change
comgenvid:datasets/comgenvid/real/MSVD/ggWzbEFC-RE_1_11.mp4,comgenvid,real,Sora,vatex_5000_video256,feature_change
comgenvid:datasets/comgenvid/real/MSVD/UXs3eq68ZjE_235_240.mp4,comgenvid,real,Sora,vatex_5000_video256,feature_change
comgenvid:datasets/comgenvid/real/MSVD/ry7AUQtuwdU_4_39.mp4,comgenvid,real,Sora,vatex_5000_video256,feature_change
comgenvid:datasets/comgenvid/real/MSVD/YZ0-6hdQ0mU_0_3.mp4,comgenvid,real,Sora,vatex_5000_video256,feature_change
comgenvid:datasets/comgenvid/real/MSVD/nBFhvrAOFqY_23_29.mp4,comgenvid,real,Sora,vatex_5000_video256,feature_change
comgenvid:datasets/comgenvid/real/MSVD/WTf5EgVY5uU_32_52.mp4,comgenvid,real,Sora,vatex_5000_video256,feature_change
comgenvid:datasets/comgenvid/real/MSVD/kBMsuhDvg88_45_64.mp4,comgenvid,real,Sora,vatex_5000_video256,feature_change
comgenvid:datasets/comgenvid/real/MSVD/_O9kWD8nuRU_50_56.mp4,comgenvid,real,Sora,vatex_5000_video256,feature_change
comgenvid:datasets/comgenvid/real/MSVD/TsagxA4DKuc_28_41.mp4,comgenvid,real,Sora,vatex_5000_video256,feature_change
comgenvid:datasets/comgenvid/real/MSVD/mFCf8lLXrUc_25_35.mp4,comgenvid,real,Sora,vatex_5000_video256,feature_change
comgenvid:datasets/comgenvid/real/MSVD/lfGlDg47How_361_367.mp4,comgenvid,real,Sora,vatex_5000_video256,feature_change
comgenvid:datasets/comgenvid/real/MSVD/jxdubZzQrio_33_46.mp4,comgenvid,real,Sora,vatex_5000_video256,feature_change
comgenvid:datasets/comgenvid/real/MSVD/UXs3eq68ZjE_250_255.mp4,comgenvid,real,Sora,vatex_5000_video256,feature_change
comgenvid:datasets/comgenvid/real/MSVD/q6vz80UkVtw_0_7.mp4,comgenvid,real,Sora,vatex_5000_video256,feature_change
comgenvid:datasets/comgenvid/real/MSVD/btxCxlO1Euc_1_20.mp4,comgenvid,real,Sora,vatex_5000_video256,feature_change
comgenvid:datasets/comgenvid/real/MSVD/XdB0pVjFYoU_1_8.mp4,comgenvid,real,Sora,vatex_5000_video256,feature_change
comgenvid:datasets/comgenvid/real/MSVD/hEOGZoYSvT4_82_86.mp4,comgenvid,real,Sora,vatex_5000_video256,feature_change
comgenvid:datasets/comgenvid/real/MSVD/kWLNZzuo3do_38_47.mp4,comgenvid,real,Sora,vatex_5000_video256,feature_change
comgenvid:datasets/comgenvid/real/MSVD/cWOPC2kt_IA_8_16.mp4,comgenvid,real,Sora,vatex_5000_video256,feature_change
comgenvid:datasets/comgenvid/real/MSVD/hJFBXHtxKIc_310_315.mp4,comgenvid,real,Sora,vatex_5000_video256,feature_change
comgenvid:datasets/comgenvid/real/MSVD/aeA-HN7BMdo_16_33.mp4,comgenvid,real,Sora,vatex_5000_video256,feature_change
comgenvid:datasets/comgenvid/real/MSVD/YmXCfQm0_CA_50_57.mp4,comgenvid,real,Sora,vatex_5000_video256,feature_change
comgenvid:datasets/comgenvid/real/MSVD/zSPBC8EO6dY_97_110.mp4,comgenvid,real,Sora,vatex_5000_video256,feature_change
comgenvid:datasets/comgenvid/real/MSVD/w28TljSqtW8_64_75.mp4,comgenvid,real,Sora,vatex_5000_video256,feature_change
comgenvid:datasets/comgenvid/real/MSVD/xxHx6s_DbUo_57_61.mp4,comgenvid,real,Sora,vatex_5000_video256,feature_change
comgenvid:datasets/comgenvid/real/MSVD/ok4cM6WTA5E_178_184.mp4,comgenvid,real,Sora,vatex_5000_video256,feature_change
comgenvid:datasets/comgenvid/real/MSVD/rwHT2SuNOi8_240_255.mp4,comgenvid,real,Sora,vatex_5000_video256,feature_change
comgenvid:datasets/comgenvid/real/MSVD/lB1UPJ4leqs_1_6.mp4,comgenvid,real,Sora,vatex_5000_video256,feature_change
comgenvid:datasets/comgenvid/real/MSVD/bQJQGoJF7_k_109_115.mp4,comgenvid,real,Sora,vatex_5000_video256,feature_change
comgenvid:datasets/comgenvid/real/MSVD/fr9H1WLcF1A_256_261.mp4,comgenvid,real,Sora,vatex_5000_video256,feature_change
comgenvid:datasets/comgenvid/real/MSVD/b_BuSVZwq6M_1_9.mp4,comgenvid,real,Sora,vatex_5000_video256,feature_change
comgenvid:datasets/comgenvid/real/MSVD/qPXynwa_2iM_15_25.mp4,comgenvid,real,Sora,vatex_5000_video256,feature_change
comgenvid:datasets/comgenvid/real/MSVD/zYcY4mjLpxU_45_55.mp4,comgenvid,real,Sora,vatex_5000_video256,feature_change
comgenvid:datasets/comgenvid/real/MSVD/oDcd2JbOyzg_85_98.mp4,comgenvid,real,Sora,vatex_5000_video256,feature_change
comgenvid:datasets/comgenvid/real/MSVD/swJ0zhVJ8DU_15_21.mp4,comgenvid,real,Sora,vatex_5000_video256,feature_change
comgenvid:datasets/comgenvid/real/MSVD/k8l4ETsylVY_9_18.mp4,comgenvid,real,Sora,vatex_5000_video256,feature_change
comgenvid:datasets/comgenvid/real/MSVD/x1i0UOssll8_141_151.mp4,comgenvid,real,Sora,vatex_5000_video256,feature_change
comgenvid:datasets/comgenvid/real/MSVD/labytsb3gfI_146_154.mp4,comgenvid,real,Sora,vatex_5000_video256,feature_change
comgenvid:datasets/comgenvid/real/MSVD/bmvD4HlPFxg_20_27.mp4,comgenvid,real,Sora,vatex_5000_video256,feature_change
comgenvid:datasets/comgenvid/real/MSVD/zTn-nNj5Bng_8_19.mp4,comgenvid,real,Sora,vatex_5000_video256,feature_change
comgenvid:datasets/comgenvid/real/MSVD/nlU3crMsbWI_19_23.mp4,comgenvid,real,Sora,vatex_5000_video256,feature_change
comgenvid:datasets/comgenvid/real/MSVD/WTf5EgVY5uU_124_128.mp4,comgenvid,real,Sora,vatex_5000_video256,feature_change
comgenvid:datasets/comgenvid/real/MSVD/akXjIEoecNs_2_12.mp4,comgenvid,real,Sora,vatex_5000_video256,feature_change
comgenvid:datasets/comgenvid/real/MSVD/_o1UXSxTjfo_68_80.mp4,comgenvid,real,Sora,vatex_5000_video256,feature_change
comgenvid:datasets/comgenvid/real/MSVD/seTkGZlEU64_81_110.mp4,comgenvid,real,Sora,vatex_5000_video256,feature_change
comgenvid:datasets/comgenvid/real/MSVD/TwQzFqBqgeA_0_10.mp4,comgenvid,real,Sora,vatex_5000_video256,feature_change
comgenvid:datasets/comgenvid/real/MSVD/X56XkGFe7OY_47_61.mp4,comgenvid,real,Sora,vatex_5000_video256,feature_change
comgenvid:datasets/comgenvid/real/MSVD/itxzpFW1z7E_22_36.mp4,comgenvid,real,Sora,vatex_5000_video256,feature_change
comgenvid:datasets/comgenvid/real/MSVD/YAud4eS3DoA_54_65.mp4,comgenvid,real,Sora,vatex_5000_video256,feature_change
comgenvid:datasets/comgenvid/real/MSVD/x_7BrCQdVUs_172_177.mp4,comgenvid,real,Sora,vatex_5000_video256,feature_change
comgenvid:datasets/comgenvid/real/MSVD/cnsjm3fNEec_4_10.mp4,comgenvid,real,Sora,vatex_5000_video256,feature_change
comgenvid:datasets/comgenvid/real/MSVD/nTUONeDqhdk_10_15.mp4,comgenvid,real,Sora,vatex_5000_video256,feature_change
comgenvid:datasets/comgenvid/real/MSVD/po2tcrG6KzM_2_8.mp4,comgenvid,real,Sora,vatex_5000_video256,feature_change
comgenvid:datasets/comgenvid/real/MSVD/q-JHcsqJXWY_0_8.mp4,comgenvid,real,Sora,vatex_5000_video256,feature_change
comgenvid:datasets/comgenvid/real/MSVD/nLz0QuerH1c_8_15.mp4,comgenvid,real,Sora,vatex_5000_video256,feature_change
comgenvid:datasets/comgenvid/real/MSVD/YXixZrSxefk_49_59.mp4,comgenvid,real,Sora,vatex_5000_video256,feature_change
comgenvid:datasets/comgenvid/real/MSVD/nq4hG6qgyPs_370_377.mp4,comgenvid,real,Sora,vatex_5000_video256,feature_change
comgenvid:datasets/comgenvid/real/MSVD/TXabUVUxJqI_22_31.mp4,comgenvid,real,Sora,vatex_5000_video256,feature_change
comgenvid:datasets/comgenvid/real/MSVD/xBW_uR3kGr4_42_55.mp4,comgenvid,real,Sora,vatex_5000_video256,feature_change
comgenvid:datasets/comgenvid/real/MSVD/kRNHJSc4AXE_220_228.mp4,comgenvid,real,Sora,vatex_5000_video256,feature_change
comgenvid:datasets/comgenvid/real/MSVD/eyhzdC936uk_15_27.mp4,comgenvid,real,Sora,vatex_5000_video256,feature_change
comgenvid:datasets/comgenvid/real/MSVD/dfOuTx66bJU_11_14.mp4,comgenvid,real,Sora,vatex_5000_video256,feature_change
comgenvid:datasets/comgenvid/real/MSVD/gWRRHV7DLV0_21_31.mp4,comgenvid,real,Sora,vatex_5000_video256,feature_change
comgenvid:datasets/comgenvid/real/MSVD/UXs3eq68ZjE_255_260.mp4,comgenvid,real,Sora,vatex_5000_video256,feature_change
comgenvid:datasets/comgenvid/real/MSVD/_yUiusXxfWI_150_165.mp4,comgenvid,real,Sora,vatex_5000_video256,feature_change
comgenvid:datasets/comgenvid/real/MSVD/ywHBKayhyvQ_19_28.mp4,comgenvid,real,Sora,vatex_5000_video256,feature_change
comgenvid:datasets/comgenvid/real/MSVD/xxHx6s_DbUo_216_222.mp4,comgenvid,real,Sora,vatex_5000_video256,feature_change
comgenvid:datasets/comgenvid/real/MSVD/hNPZmTlY_3Q_0_8.mp4,comgenvid,real,Sora,vatex_5000_video256,feature_change
comgenvid:datasets/comgenvid/real/MSVD/pNelR-nHz7g_68_90.mp4,comgenvid,real,Sora,vatex_5000_video256,feature_change
comgenvid:datasets/comgenvid/real/MSVD/c_XV7nPoRg8_2_12.mp4,comgenvid,real,Sora,vatex_5000_video256,feature_change
comgenvid:datasets/comgenvid/real/MSVD/hWhKdXcqYeU_3_12.mp4,comgenvid,real,Sora,vatex_5000_video256,feature_change
comgenvid:datasets/comgenvid/real/MSVD/e40bBP0_AbE_64_67.mp4,comgenvid,real,Sora,vatex_5000_video256,feature_change
comgenvid:datasets/comgenvid/real/MSVD/VuCFgiWfVF4_0_6.mp4,comgenvid,real,Sora,vatex_5000_video256,feature_change
comgenvid:datasets/comgenvid/real/MSVD/uVPnDJKt1M0_0_6.mp4,comgenvid,real,Sora,vatex_5000_video256,feature_change
comgenvid:datasets/comgenvid/real/MSVD/WqwcWk1In_g_46_54.mp4,comgenvid,real,Sora,vatex_5000_video256,feature_change
comgenvid:datasets/comgenvid/real/MSVD/xxHx6s_DbUo_98_101.mp4,comgenvid,real,Sora,vatex_5000_video256,feature_change
comgenvid:datasets/comgenvid/real/MSVD/lFdg5CWMTt0_24_28.mp4,comgenvid,real,Sora,vatex_5000_video256,feature_change
comgenvid:datasets/comgenvid/real/MSVD/lmCrIZeob4w_23_26.mp4,comgenvid,real,Sora,vatex_5000_video256,feature_change
comgenvid:datasets/comgenvid/real/MSVD/UgUFP5baQ9Y_0_10.mp4,comgenvid,real,Sora,vatex_5000_video256,feature_change
comgenvid:datasets/comgenvid/real/MSVD/r4qv_BNlQNk_93_98.mp4,comgenvid,real,Sora,vatex_5000_video256,feature_change
comgenvid:datasets/comgenvid/real/MSVD/glii-kazad8_21_29.mp4,comgenvid,real,Sora,vatex_5000_video256,feature_change
comgenvid:datasets/comgenvid/real/MSVD/Ted3imMggC0_48_58.mp4,comgenvid,real,Sora,vatex_5000_video256,feature_change
comgenvid:datasets/comgenvid/real/MSVD/wLUH7qA_6sA_90_115.mp4,comgenvid,real,Sora,vatex_5000_video256,feature_change
comgenvid:datasets/comgenvid/real/MSVD/gvVsgOK1iJw_32_38.mp4,comgenvid,real,Sora,vatex_5000_video256,feature_change
comgenvid:datasets/comgenvid/real/MSVD/m1NR0uNNs5Y_273_280.mp4,comgenvid,real,Sora,vatex_5000_video256,feature_change
comgenvid:datasets/comgenvid/real/MSVD/ViM0JjUoqRw_10_20.mp4,comgenvid,real,Sora,vatex_5000_video256,feature_change
comgenvid:datasets/comgenvid/real/MSVD/i3cHNObcEh8_0_10.mp4,comgenvid,real,Sora,vatex_5000_video256,feature_change
comgenvid:datasets/comgenvid/real/MSVD/bQJQGoJF7_k_145_153.mp4,comgenvid,real,Sora,vatex_5000_video256,feature_change
comgenvid:datasets/comgenvid/real/MSVD/UdcObAQ5OOM_15_30.mp4,comgenvid,real,Sora,vatex_5000_video256,feature_change
comgenvid:datasets/comgenvid/real/MSVD/kWLNZzuo3do_76_80.mp4,comgenvid,real,Sora,vatex_5000_video256,feature_change
comgenvid:datasets/comgenvid/real/MSVD/YEmS8ZQIhTA_7_20.mp4,comgenvid,real,Sora,vatex_5000_video256,feature_change
comgenvid:datasets/comgenvid/real/MSVD/hksxtbcS780_7_14.mp4,comgenvid,real,Sora,vatex_5000_video256,feature_change
comgenvid:datasets/comgenvid/real/MSVD/gnEE6oWoz7U_124_132.mp4,comgenvid,real,Sora,vatex_5000_video256,feature_change
comgenvid:datasets/comgenvid/real/MSVD/s0hwEUC5emA_127_132.mp4,comgenvid,real,Sora,vatex_5000_video256,feature_change
comgenvid:datasets/comgenvid/real/MSVD/nHZsE7T7hwI_13_23.mp4,comgenvid,real,Sora,vatex_5000_video256,feature_change
comgenvid:datasets/comgenvid/real/MSVD/ifS2nXfCyYo_4_34.mp4,comgenvid,real,Sora,vatex_5000_video256,feature_change
comgenvid:datasets/comgenvid/real/MSVD/fVWUaH2mCt4_1_7.mp4,comgenvid,real,Sora,vatex_5000_video256,feature_change
comgenvid:datasets/comgenvid/real/MSVD/SzEbtbNSg04_71_93.mp4,comgenvid,real,Sora,vatex_5000_video256,feature_change
comgenvid:datasets/comgenvid/real/MSVD/tPkZK-PzeQE_10_28.mp4,comgenvid,real,Sora,vatex_5000_video256,feature_change
comgenvid:datasets/comgenvid/real/MSVD/W1052h2rzoA_91_98.mp4,comgenvid,real,Sora,vatex_5000_video256,feature_change
comgenvid:datasets/comgenvid/real/MSVD/p6T3XrnYtFk_4_13.mp4,comgenvid,real,Sora,vatex_5000_video256,feature_change
comgenvid:datasets/comgenvid/real/MSVD/ok4cM6WTA5E_120_133.mp4,comgenvid,real,Sora,vatex_5000_video256,feature_change
comgenvid:datasets/comgenvid/real/MSVD/rl1rVk_xIOs_1_16.mp4,comgenvid,real,Sora,vatex_5000_video256,feature_change
comgenvid:datasets/comgenvid/real/MSVD/klteYv1Uv9A_27_33.mp4,comgenvid,real,Sora,vatex_5000_video256,feature_change
comgenvid:datasets/comgenvid/real/MSVD/gqSOvUH_njE_151_155.mp4,comgenvid,real,Sora,vatex_5000_video256,feature_change
comgenvid:datasets/comgenvid/real/MSVD/dmyz_f8Sx14_56_66.mp4,comgenvid,real,Sora,vatex_5000_video256,feature_change
comgenvid:datasets/comgenvid/real/MSVD/f-24IxG9ijw_25_40.mp4,comgenvid,real,Sora,vatex_5000_video256,feature_change
comgenvid:datasets/comgenvid/real/MSVD/nBFhvrAOFqY_89_103.mp4,comgenvid,real,Sora,vatex_5000_video256,feature_change
comgenvid:datasets/comgenvid/real/MSVD/c_-eFL7Sfw4_19_35.mp4,comgenvid,real,Sora,vatex_5000_video256,feature_change
comgenvid:datasets/comgenvid/real/MSVD/zSPBC8EO6dY_122_126.mp4,comgenvid,real,Sora,vatex_5000_video256,feature_change
comgenvid:datasets/comgenvid/real/MSVD/kWLNZzuo3do_154_165.mp4,comgenvid,real,Sora,vatex_5000_video256,feature_change
comgenvid:datasets/comgenvid/real/MSVD/yOnRm3TP6hM_0_12.mp4,comgenvid,real,Sora,vatex_5000_video256,feature_change
comgenvid:datasets/comgenvid/real/MSVD/kNHivduxQWg_0_14.mp4,comgenvid,real,Sora,vatex_5000_video256,feature_change
comgenvid:datasets/comgenvid/real/MSVD/ngHDYzhDBk4_24_29.mp4,comgenvid,real,Sora,vatex_5000_video256,feature_change
comgenvid:datasets/comgenvid/real/MSVD/qew09qQgMAg_22_27.mp4,comgenvid,real,Sora,vatex_5000_video256,feature_change
comgenvid:datasets/comgenvid/real/MSVD/xxHx6s_DbUo_32_36.mp4,comgenvid,real,Sora,vatex_5000_video256,feature_change
comgenvid:datasets/comgenvid/real/MSVD/qLwgb3F0aPU_298_305.mp4,comgenvid,real,Sora,vatex_5000_video256,feature_change
comgenvid:datasets/comgenvid/real/MSVD/r0rmrbTb7fU_98_109.mp4,comgenvid,real,Sora,vatex_5000_video256,feature_change
comgenvid:datasets/comgenvid/real/MSVD/me1D1WZ0yNM_120_124.mp4,comgenvid,real,Sora,vatex_5000_video256,feature_change
comgenvid:datasets/comgenvid/real/MSVD/aJoDt4DMkFU_118_124.mp4,comgenvid,real,Sora,vatex_5000_video256,feature_change
comgenvid:datasets/comgenvid/real/MSVD/gqxpGOHUH9k_113_119.mp4,comgenvid,real,Sora,vatex_5000_video256,feature_change
comgenvid:datasets/comgenvid/real/MSVD/eZLxohGP4IE_147_158.mp4,comgenvid,real,Sora,vatex_5000_video256,feature_change
comgenvid:datasets/comgenvid/real/MSVD/Y4BeJ-64294_20_30.mp4,comgenvid,real,Sora,vatex_5000_video256,feature_change
comgenvid:datasets/comgenvid/real/MSVD/xxHx6s_DbUo_121_128.mp4,comgenvid,real,Sora,vatex_5000_video256,feature_change
comgenvid:datasets/comgenvid/real/MSVD/jlahRlo4jlU_30_36.mp4,comgenvid,real,Sora,vatex_5000_video256,feature_change
comgenvid:datasets/comgenvid/real/MSVD/nULE40HEWpA_5_11.mp4,comgenvid,real,Sora,vatex_5000_video256,feature_change
comgenvid:datasets/comgenvid/real/MSVD/xXlWsBhFvis_6_10.mp4,comgenvid,real,Sora,vatex_5000_video256,feature_change
comgenvid:datasets/comgenvid/real/MSVD/bxDlC7YV5is_0_12.mp4,comgenvid,real,Sora,vatex_5000_video256,feature_change
comgenvid:datasets/comgenvid/real/MSVD/s20OlIRK340_147_174.mp4,comgenvid,real,Sora,vatex_5000_video256,feature_change
comgenvid:datasets/comgenvid/real/MSVD/XNzXXiE6qR4_0_10.mp4,comgenvid,real,Sora,vatex_5000_video256,feature_change
comgenvid:datasets/comgenvid/real/MSVD/WTf5EgVY5uU_100_104.mp4,comgenvid,real,Sora,vatex_5000_video256,feature_change
comgenvid:datasets/comgenvid/real/MSVD/m1NR0uNNs5Y_73_78.mp4,comgenvid,real,Sora,vatex_5000_video256,feature_change
comgenvid:datasets/comgenvid/real/MSVD/dabI5gfaFm4_19_25.mp4,comgenvid,real,Sora,vatex_5000_video256,feature_change
comgenvid:datasets/comgenvid/real/MSVD/_1vy2HIN60A_32_40.mp4,comgenvid,real,Sora,vatex_5000_video256,feature_change
comgenvid:datasets/comgenvid/real/MSVD/ufFT2BWh3BQ_0_8.mp4,comgenvid,real,Sora,vatex_5000_video256,feature_change
comgenvid:datasets/comgenvid/real/MSVD/e996zZ0uV_A_68_72.mp4,comgenvid,real,Sora,vatex_5000_video256,feature_change
comgenvid:datasets/comgenvid/real/MSVD/nMBSDpB3WB8_5_14.mp4,comgenvid,real,Sora,vatex_5000_video256,feature_change
comgenvid:datasets/comgenvid/real/MSVD/wpUT0DNB3qs_9_19.mp4,comgenvid,real,Sora,vatex_5000_video256,feature_change
comgenvid:datasets/comgenvid/real/MSVD/yPNFVj-pISU_105_115.mp4,comgenvid,real,Sora,vatex_5000_video256,feature_change
comgenvid:datasets/comgenvid/real/MSVD/eiyuac7hA4A_4_47.mp4,comgenvid,real,Sora,vatex_5000_video256,feature_change
comgenvid:datasets/comgenvid/real/MSVD/f9Won2JpOEU_60_80.mp4,comgenvid,real,Sora,vatex_5000_video256,feature_change
comgenvid:datasets/comgenvid/real/MSVD/msCidKHOh74_392_399.mp4,comgenvid,real,Sora,vatex_5000_video256,feature_change
comgenvid:datasets/comgenvid/real/MSVD/jdAbpLooDgM_10_15.mp4,comgenvid,real,Sora,vatex_5000_video256,feature_change
comgenvid:datasets/comgenvid/real/MSVD/UJKythlXAIY_17_21.mp4,comgenvid,real,Sora,vatex_5000_video256,feature_change
comgenvid:datasets/comgenvid/real/MSVD/X0UJaprpxrk_18_26.mp4,comgenvid,real,Sora,vatex_5000_video256,feature_change
comgenvid:datasets/comgenvid/real/MSVD/nV3Wv8iHp4U_0_38.mp4,comgenvid,real,Sora,vatex_5000_video256,feature_change
comgenvid:datasets/comgenvid/real/MSVD/lb8J2zCQTlo_3_8.mp4,comgenvid,real,Sora,vatex_5000_video256,feature_change
comgenvid:datasets/comgenvid/real/MSVD/yvfhk1kwKls_103_113.mp4,comgenvid,real,Sora,vatex_5000_video256,feature_change
comgenvid:datasets/comgenvid/real/MSVD/ybVb3t560oY_0_9.mp4,comgenvid,real,Sora,vatex_5000_video256,feature_change
comgenvid:datasets/comgenvid/real/MSVD/kk3TIio1-Uw_5_14.mp4,comgenvid,real,Sora,vatex_5000_video256,feature_change
comgenvid:datasets/comgenvid/real/MSVD/izU1dDwnuMY_80_92.mp4,comgenvid,real,Sora,vatex_5000_video256,feature_change
comgenvid:datasets/comgenvid/real/MSVD/fvBs0xpEZhQ_10_30.mp4,comgenvid,real,Sora,vatex_5000_video256,feature_change
comgenvid:datasets/comgenvid/real/MSVD/i2GgBwlwV0c_24_31.mp4,comgenvid,real,Sora,vatex_5000_video256,feature_change
comgenvid:datasets/comgenvid/real/MSVD/Tm1HjqK0ABg_9_15.mp4,comgenvid,real,Sora,vatex_5000_video256,feature_change
comgenvid:datasets/comgenvid/real/MSVD/p69d3UBdpR8_98_109.mp4,comgenvid,real,Sora,vatex_5000_video256,feature_change
comgenvid:datasets/comgenvid/real/MSVD/Tied-t1fFsk_15_20.mp4,comgenvid,real,Sora,vatex_5000_video256,feature_change
comgenvid:datasets/comgenvid/real/MSVD/WTf5EgVY5uU_121_135.mp4,comgenvid,real,Sora,vatex_5000_video256,feature_change
comgenvid:datasets/comgenvid/real/MSVD/hNECyt6Bo0A_5_10.mp4,comgenvid,real,Sora,vatex_5000_video256,feature_change
comgenvid:datasets/comgenvid/real/MSVD/aeA-HN7BMdo_34_41.mp4,comgenvid,real,Sora,vatex_5000_video256,feature_change
comgenvid:datasets/comgenvid/real/MSVD/hW8TKz2Aea4_40_50.mp4,comgenvid,real,Sora,vatex_5000_video256,feature_change
comgenvid:datasets/comgenvid/real/MSVD/kWLNZzuo3do_228_232.mp4,comgenvid,real,Sora,vatex_5000_video256,feature_change
comgenvid:datasets/comgenvid/real/MSVD/yId1rg5-ac0_40_50.mp4,comgenvid,real,Sora,vatex_5000_video256,feature_change
comgenvid:datasets/comgenvid/real/MSVD/dJ3ba9zwx6c_5_15.mp4,comgenvid,real,Sora,vatex_5000_video256,feature_change
comgenvid:datasets/comgenvid/real/MSVD/TgFmoZj3NoM_10_18.mp4,comgenvid,real,Sora,vatex_5000_video256,feature_change
comgenvid:datasets/comgenvid/real/MSVD/oRBgVOiZVsc_16_22.mp4,comgenvid,real,Sora,vatex_5000_video256,feature_change
comgenvid:datasets/comgenvid/real/MSVD/UI3Cbj9fbxQ_2_23.mp4,comgenvid,real,Sora,vatex_5000_video256,feature_change
comgenvid:datasets/comgenvid/real/MSVD/u9prcUCHlqM_73_80.mp4,comgenvid,real,Sora,vatex_5000_video256,feature_change
comgenvid:datasets/comgenvid/real/MSVD/hJFBXHtxKIc_286_291.mp4,comgenvid,real,Sora,vatex_5000_video256,feature_change
comgenvid:datasets/comgenvid/real/MSVD/q3I3R_gqy8M_73_79.mp4,comgenvid,real,Sora,vatex_5000_video256,feature_change
comgenvid:datasets/comgenvid/real/MSVD/TdYN7cePiRI_6_13.mp4,comgenvid,real,Sora,vatex_5000_video256,feature_change
comgenvid:datasets/comgenvid/real/MSVD/sFExO_PW22s_10_18.mp4,comgenvid,real,Sora,vatex_5000_video256,feature_change
comgenvid:datasets/comgenvid/real/MSVD/pFSoWsocv0g_8_17.mp4,comgenvid,real,Sora,vatex_5000_video256,feature_change
comgenvid:datasets/comgenvid/real/MSVD/j7xz1nos-xc_10_20.mp4,comgenvid,real,Sora,vatex_5000_video256,feature_change
comgenvid:datasets/comgenvid/real/MSVD/kquB3rIgfGk_197_202.mp4,comgenvid,real,Sora,vatex_5000_video256,feature_change
comgenvid:datasets/comgenvid/real/MSVD/YersIyzsOpc_15_30.mp4,comgenvid,real,Sora,vatex_5000_video256,feature_change
comgenvid:datasets/comgenvid/real/MSVD/UXs3eq68ZjE_508_513.mp4,comgenvid,real,Sora,vatex_5000_video256,feature_change
comgenvid:datasets/comgenvid/real/MSVD/k9Brw_0gncU_14_33.mp4,comgenvid,real,Sora,vatex_5000_video256,feature_change
comgenvid:datasets/comgenvid/real/MSVD/k5OKBX2e7xA_19_32.mp4,comgenvid,real,Sora,vatex_5000_video256,feature_change
comgenvid:datasets/comgenvid/real/MSVD/yNy9jTeolUk_8_12.mp4,comgenvid,real,Sora,vatex_5000_video256,feature_change
comgenvid:datasets/comgenvid/real/MSVD/nYwbAb0QvBE_195_210.mp4,comgenvid,real,Sora,vatex_5000_video256,feature_change
comgenvid:datasets/comgenvid/real/MSVD/_6OTzzK7t9Y_158_170.mp4,comgenvid,real,Sora,vatex_5000_video256,feature_change
comgenvid:datasets/comgenvid/real/MSVD/YmXCfQm0_CA_277_284.mp4,comgenvid,real,Sora,vatex_5000_video256,feature_change
comgenvid:datasets/comgenvid/real/MSVD/WWf0Z6ak3Dg_5_15.mp4,comgenvid,real,Sora,vatex_5000_video256,feature_change
comgenvid:datasets/comgenvid/real/MSVD/c2a0GcoJAjw_107_129.mp4,comgenvid,real,Sora,vatex_5000_video256,feature_change
comgenvid:datasets/comgenvid/real/MSVD/UXs3eq68ZjE_313_318.mp4,comgenvid,real,Sora,vatex_5000_video256,feature_change
comgenvid:datasets/comgenvid/real/MSVD/aK8liAv-28s_72_82.mp4,comgenvid,real,Sora,vatex_5000_video256,feature_change
comgenvid:datasets/comgenvid/real/MSVD/qBFSt85-xqk_15_20.mp4,comgenvid,real,Sora,vatex_5000_video256,feature_change
comgenvid:datasets/comgenvid/real/MSVD/jLgmCY1fEE8_16_26.mp4,comgenvid,real,Sora,vatex_5000_video256,feature_change
comgenvid:datasets/comgenvid/real/MSVD/ficwZQYmRLE_5_20.mp4,comgenvid,real,Sora,vatex_5000_video256,feature_change
comgenvid:datasets/comgenvid/real/MSVD/dQmaVQZz7EE_1_18.mp4,comgenvid,real,Sora,vatex_5000_video256,feature_change
comgenvid:datasets/comgenvid/real/MSVD/zSPBC8EO6dY_64_73.mp4,comgenvid,real,Sora,vatex_5000_video256,feature_change
comgenvid:datasets/comgenvid/real/MSVD/oBt257I-pL0_0_10.mp4,comgenvid,real,Sora,vatex_5000_video256,feature_change
comgenvid:datasets/comgenvid/real/MSVD/yFPHhRat6bc_160_210.mp4,comgenvid,real,Sora,vatex_5000_video256,feature_change
comgenvid:datasets/comgenvid/real/MSVD/UbmZAe5u5FI_101_110.mp4,comgenvid,real,Sora,vatex_5000_video256,feature_change
comgenvid:datasets/comgenvid/real/MSVD/SzEbtbNSg04_88_93.mp4,comgenvid,real,Sora,vatex_5000_video256,feature_change
comgenvid:datasets/comgenvid/real/MSVD/kWLNZzuo3do_17_23.mp4,comgenvid,real,Sora,vatex_5000_video256,feature_change
comgenvid:datasets/comgenvid/real/MSVD/iyAoiWeD53k_120_127.mp4,comgenvid,real,Sora,vatex_5000_video256,feature_change
comgenvid:datasets/comgenvid/real/MSVD/kWLNZzuo3do_86_93.mp4,comgenvid,real,Sora,vatex_5000_video256,feature_change
comgenvid:datasets/comgenvid/real/MSVD/aDjNl5gs4nM_18_47.mp4,comgenvid,real,Sora,vatex_5000_video256,feature_change
comgenvid:datasets/comgenvid/real/MSVD/u4T76jsPin0_0_11.mp4,comgenvid,real,Sora,vatex_5000_video256,feature_change
comgenvid:datasets/comgenvid/real/MSVD/ZbtpcGi2DWY_56_62.mp4,comgenvid,real,Sora,vatex_5000_video256,feature_change
comgenvid:datasets/comgenvid/real/MSVD/tmAX2PnRCY0_284_292.mp4,comgenvid,real,Sora,vatex_5000_video256,feature_change
comgenvid:datasets/comgenvid/real/MSVD/zTn-nNj5Bng_61_77.mp4,comgenvid,real,Sora,vatex_5000_video256,feature_change
comgenvid:datasets/comgenvid/real/MSVD/sJSmRik2c-c_1_7.mp4,comgenvid,real,Sora,vatex_5000_video256,feature_change
comgenvid:datasets/comgenvid/real/MSVD/dfOuTx66bJU_34_39.mp4,comgenvid,real,Sora,vatex_5000_video256,feature_change
comgenvid:datasets/comgenvid/real/MSVD/cSDkshD2ME0_12_15.mp4,comgenvid,real,Sora,vatex_5000_video256,feature_change
comgenvid:datasets/comgenvid/real/MSVD/o_mWZWcm2r4_10_15.mp4,comgenvid,real,Sora,vatex_5000_video256,feature_change
comgenvid:datasets/comgenvid/real/MSVD/n_Z0-giaspE_437_447.mp4,comgenvid,real,Sora,vatex_5000_video256,feature_change
comgenvid:datasets/comgenvid/real/MSVD/fIaLVw_Gc_w_99_109.mp4,comgenvid,real,Sora,vatex_5000_video256,feature_change
comgenvid:datasets/comgenvid/real/MSVD/kKGehSw5ht8_39_45.mp4,comgenvid,real,Sora,vatex_5000_video256,feature_change
comgenvid:datasets/comgenvid/real/MSVD/_O9kWD8nuRU_37_43.mp4,comgenvid,real,Sora,vatex_5000_video256,feature_change
comgenvid:datasets/comgenvid/real/MSVD/kEGmZDpZ_RE_295_330.mp4,comgenvid,real,Sora,vatex_5000_video256,feature_change
comgenvid:datasets/comgenvid/real/MSVD/yBK02O1Oewc_20_35.mp4,comgenvid,real,Sora,vatex_5000_video256,feature_change
comgenvid:datasets/comgenvid/real/MSVD/WrsS6X-FB-I_30_47.mp4,comgenvid,real,Sora,vatex_5000_video256,feature_change
comgenvid:datasets/comgenvid/real/MSVD/_O9kWD8nuRU_16_23.mp4,comgenvid,real,Sora,vatex_5000_video256,feature_change
comgenvid:datasets/comgenvid/real/MSVD/UbmZAe5u5FI_16_23.mp4,comgenvid,real,Sora,vatex_5000_video256,feature_change
comgenvid:datasets/comgenvid/real/MSVD/UXs3eq68ZjE_209_214.mp4,comgenvid,real,Sora,vatex_5000_video256,feature_change
comgenvid:datasets/comgenvid/real/MSVD/_OBlgSz8sSM_15_32.mp4,comgenvid,real,Sora,vatex_5000_video256,feature_change
comgenvid:datasets/comgenvid/real/MSVD/rnawC5C8gSI_82_90.mp4,comgenvid,real,Sora,vatex_5000_video256,feature_change
comgenvid:datasets/comgenvid/real/MSVD/a1Y73sPHKxw_0_5.mp4,comgenvid,real,Sora,vatex_5000_video256,feature_change
comgenvid:datasets/comgenvid/real/MSVD/g2IYQq7IkXc_23_32.mp4,comgenvid,real,Sora,vatex_5000_video256,feature_change
comgenvid:datasets/comgenvid/real/MSVD/V6Fxclwdfxc_56_66.mp4,comgenvid,real,Sora,vatex_5000_video256,feature_change
comgenvid:datasets/comgenvid/real/MSVD/TF6LNmwDr_0_2_10.mp4,comgenvid,real,Sora,vatex_5000_video256,feature_change
comgenvid:datasets/comgenvid/real/MSVD/msCidKHOh74_410_418.mp4,comgenvid,real,Sora,vatex_5000_video256,feature_change
comgenvid:datasets/comgenvid/real/MSVD/rw9h_574HxE_59_66.mp4,comgenvid,real,Sora,vatex_5000_video256,feature_change
comgenvid:datasets/comgenvid/real/MSVD/ZL7P_XmSnEY_205_209.mp4,comgenvid,real,Sora,vatex_5000_video256,feature_change
comgenvid:datasets/comgenvid/real/MSVD/pQYEZTwSVbQ_12_18.mp4,comgenvid,real,Sora,vatex_5000_video256,feature_change
comgenvid:datasets/comgenvid/real/MSVD/VxM96IYzw0Q_2_15.mp4,comgenvid,real,Sora,vatex_5000_video256,feature_change
comgenvid:datasets/comgenvid/real/MSVD/ljGcQocjSs4_38_60.mp4,comgenvid,real,Sora,vatex_5000_video256,feature_change
comgenvid:datasets/comgenvid/real/MSVD/m1NR0uNNs5Y_123_129.mp4,comgenvid,real,Sora,vatex_5000_video256,feature_change
comgenvid:datasets/comgenvid/real/MSVD/auFXfsCzAvQ_1_15.mp4,comgenvid,real,Sora,vatex_5000_video256,feature_change
comgenvid:datasets/comgenvid/real/MSVD/cFzSEIGrEfA_0_24.mp4,comgenvid,real,Sora,vatex_5000_video256,feature_change
comgenvid:datasets/comgenvid/real/MSVD/rVFJzN20jhQ_27_32.mp4,comgenvid,real,Sora,vatex_5000_video256,feature_change
comgenvid:datasets/comgenvid/real/MSVD/zulPFoY64wE_26_33.mp4,comgenvid,real,Sora,vatex_5000_video256,feature_change
comgenvid:datasets/comgenvid/real/MSVD/dq7agmFWkq0_5_9.mp4,comgenvid,real,Sora,vatex_5000_video256,feature_change
comgenvid:datasets/comgenvid/real/MSVD/o4pL7FObqds_137_147.mp4,comgenvid,real,Sora,vatex_5000_video256,feature_change
comgenvid:datasets/comgenvid/real/MSVD/Z8rTzW9Gb6Y_116_123.mp4,comgenvid,real,Sora,vatex_5000_video256,feature_change
comgenvid:datasets/comgenvid/real/MSVD/T6lPRKRpu9w_32_39.mp4,comgenvid,real,Sora,vatex_5000_video256,feature_change
comgenvid:datasets/comgenvid/real/MSVD/cmQ3SiIaWy4_4_20.mp4,comgenvid,real,Sora,vatex_5000_video256,feature_change
comgenvid:datasets/comgenvid/real/MSVD/zzit5b_-ukg_5_20.mp4,comgenvid,real,Sora,vatex_5000_video256,feature_change
comgenvid:datasets/comgenvid/real/MSVD/iCiGjZEV7VI_65_75.mp4,comgenvid,real,Sora,vatex_5000_video256,feature_change
comgenvid:datasets/comgenvid/real/MSVD/jMO3jGQeqyk_3_6.mp4,comgenvid,real,Sora,vatex_5000_video256,feature_change
comgenvid:datasets/comgenvid/real/MSVD/UbmZAe5u5FI_88_98.mp4,comgenvid,real,Sora,vatex_5000_video256,feature_change
comgenvid:datasets/comgenvid/real/MSVD/vloe_60s_dk_0_9.mp4,comgenvid,real,Sora,vatex_5000_video256,feature_change
comgenvid:datasets/comgenvid/real/MSVD/pmEKZ6yVewc_0_10.mp4,comgenvid,real,Sora,vatex_5000_video256,feature_change
comgenvid:datasets/comgenvid/real/MSVD/gtixLEvO2Us_0_6.mp4,comgenvid,real,Sora,vatex_5000_video256,feature_change
comgenvid:datasets/comgenvid/real/MSVD/qeKX-N1nKiM_106_115.mp4,comgenvid,real,Sora,vatex_5000_video256,feature_change
comgenvid:datasets/comgenvid/real/MSVD/fJr2evLANsE_0_10.mp4,comgenvid,real,Sora,vatex_5000_video256,feature_change
comgenvid:datasets/comgenvid/real/MSVD/ruNrdmjcNTc_0_5.mp4,comgenvid,real,Sora,vatex_5000_video256,feature_change
comgenvid:datasets/comgenvid/real/MSVD/_WRC7HXBJpU_386_391.mp4,comgenvid,real,Sora,vatex_5000_video256,feature_change
comgenvid:datasets/comgenvid/real/MSVD/klFyrnrUSck_63_73.mp4,comgenvid,real,Sora,vatex_5000_video256,feature_change
comgenvid:datasets/comgenvid/real/MSVD/ZdNP0dXCx2I_78_90.mp4,comgenvid,real,Sora,vatex_5000_video256,feature_change
comgenvid:datasets/comgenvid/real/MSVD/ao-9B8IV9_E_87_95.mp4,comgenvid,real,Sora,vatex_5000_video256,feature_change
comgenvid:datasets/comgenvid/real/MSVD/d7eGypGOlOc_13_22.mp4,comgenvid,real,Sora,vatex_5000_video256,feature_change
comgenvid:datasets/comgenvid/real/MSVD/m1NR0uNNs5Y_224_230.mp4,comgenvid,real,Sora,vatex_5000_video256,feature_change
comgenvid:datasets/comgenvid/real/MSVD/ogcqFaNbah4_475_487.mp4,comgenvid,real,Sora,vatex_5000_video256,feature_change
comgenvid:datasets/comgenvid/real/MSVD/cwkjJrGpoaU_30_41.mp4,comgenvid,real,Sora,vatex_5000_video256,feature_change
comgenvid:datasets/comgenvid/real/MSVD/lGk1MA6YP-M_36_48.mp4,comgenvid,real,Sora,vatex_5000_video256,feature_change
comgenvid:datasets/comgenvid/real/MSVD/mmSQTI6gMNQ_15_21.mp4,comgenvid,real,Sora,vatex_5000_video256,feature_change
comgenvid:datasets/comgenvid/real/MSVD/Xvy21KrDv8I_0_10.mp4,comgenvid,real,Sora,vatex_5000_video256,feature_change
comgenvid:datasets/comgenvid/real/MSVD/p3J3TAdKAYQ_0_10.mp4,comgenvid,real,Sora,vatex_5000_video256,feature_change
comgenvid:datasets/comgenvid/real/MSVD/aN0WsBcja_E_0_15.mp4,comgenvid,real,Sora,vatex_5000_video256,feature_change
comgenvid:datasets/comgenvid/real/MSVD/iarsmqA3dck_19_25.mp4,comgenvid,real,Sora,vatex_5000_video256,feature_change
comgenvid:datasets/comgenvid/real/MSVD/qvg9eM4Hmzk_1_9.mp4,comgenvid,real,Sora,vatex_5000_video256,feature_change
comgenvid:datasets/comgenvid/real/MSVD/ZbzDGXEwtGc_6_15.mp4,comgenvid,real,Sora,vatex_5000_video256,feature_change
comgenvid:datasets/comgenvid/real/MSVD/xxHx6s_DbUo_49_56.mp4,comgenvid,real,Sora,vatex_5000_video256,feature_change
comgenvid:datasets/comgenvid/real/MSVD/d_BWuttLRFM_42_52.mp4,comgenvid,real,Sora,vatex_5000_video256,feature_change
comgenvid:datasets/comgenvid/real/MSVD/y8SDRc4IOjs_94_99.mp4,comgenvid,real,Sora,vatex_5000_video256,feature_change
comgenvid:datasets/comgenvid/real/MSVD/TnPOZVHB3x0_45_55.mp4,comgenvid,real,Sora,vatex_5000_video256,feature_change
comgenvid:datasets/comgenvid/real/MSVD/vub04F8CWng_32_41.mp4,comgenvid,real,Sora,vatex_5000_video256,feature_change
comgenvid:datasets/comgenvid/real/MSVD/xxHx6s_DbUo_82_86.mp4,comgenvid,real,Sora,vatex_5000_video256,feature_change
comgenvid:datasets/comgenvid/real/MSVD/e-j59PqJjSM_405_416.mp4,comgenvid,real,Sora,vatex_5000_video256,feature_change
comgenvid:datasets/comgenvid/real/MSVD/XNV7hKVu-Xg_40_47.mp4,comgenvid,real,Sora,vatex_5000_video256,feature_change
comgenvid:datasets/comgenvid/real/MSVD/q3I3R_gqy8M_38_42.mp4,comgenvid,real,Sora,vatex_5000_video256,feature_change
comgenvid:datasets/comgenvid/real/MSVD/fKqBnl8D1Qo_5_44.mp4,comgenvid,real,Sora,vatex_5000_video256,feature_change
comgenvid:datasets/comgenvid/real/MSVD/lo4KcsBN--A_0_10.mp4,comgenvid,real,Sora,vatex_5000_video256,feature_change
comgenvid:datasets/comgenvid/real/MSVD/zH4v_DClIoc_3_28.mp4,comgenvid,real,Sora,vatex_5000_video256,feature_change
comgenvid:datasets/comgenvid/real/MSVD/ZDoy9S82ETA_5_15.mp4,comgenvid,real,Sora,vatex_5000_video256,feature_change
comgenvid:datasets/comgenvid/real/MSVD/oSnYUfCGiCA_7_17.mp4,comgenvid,real,Sora,vatex_5000_video256,feature_change
comgenvid:datasets/comgenvid/real/MSVD/pGsU4FekJQM_10_18.mp4,comgenvid,real,Sora,vatex_5000_video256,feature_change
comgenvid:datasets/comgenvid/real/MSVD/lexLAjh8fPA_27_31.mp4,comgenvid,real,Sora,vatex_5000_video256,feature_change
comgenvid:datasets/comgenvid/real/MSVD/bqMmyY1ImkI_0_14.mp4,comgenvid,real,Sora,vatex_5000_video256,feature_change
comgenvid:datasets/comgenvid/real/MSVD/ri5AyXzxb4o_201_215.mp4,comgenvid,real,Sora,vatex_5000_video256,feature_change
comgenvid:datasets/comgenvid/real/MSVD/jDFn-1lXJ98_71_80.mp4,comgenvid,real,Sora,vatex_5000_video256,feature_change
comgenvid:datasets/comgenvid/real/MSVD/fGc6_D0JEIQ_31_46.mp4,comgenvid,real,Sora,vatex_5000_video256,feature_change
comgenvid:datasets/comgenvid/real/MSVD/_sJ_09Mf1HY_49_72.mp4,comgenvid,real,Sora,vatex_5000_video256,feature_change
comgenvid:datasets/comgenvid/real/MSVD/Y4gaJn0wlDE_0_10.mp4,comgenvid,real,Sora,vatex_5000_video256,feature_change
comgenvid:datasets/comgenvid/real/MSVD/YmXCfQm0_CA_109_120.mp4,comgenvid,real,Sora,vatex_5000_video256,feature_change
comgenvid:datasets/comgenvid/real/MSVD/qzQzooI4BqU_5_15.mp4,comgenvid,real,Sora,vatex_5000_video256,feature_change
comgenvid:datasets/comgenvid/real/MSVD/a1i6T160REQ_5_18.mp4,comgenvid,real,Sora,vatex_5000_video256,feature_change
comgenvid:datasets/comgenvid/real/MSVD/YRSOc193Pxc_68_73.mp4,comgenvid,real,Sora,vatex_5000_video256,feature_change
comgenvid:datasets/comgenvid/real/MSVD/jZ8X8e7eRVk_24_27.mp4,comgenvid,real,Sora,vatex_5000_video256,feature_change
comgenvid:datasets/comgenvid/real/MSVD/mOZkcBcWR8o_6_12.mp4,comgenvid,real,Sora,vatex_5000_video256,feature_change
comgenvid:datasets/comgenvid/real/MSVD/v7iIZXtpIb8_5_15.mp4,comgenvid,real,Sora,vatex_5000_video256,feature_change
comgenvid:datasets/comgenvid/real/MSVD/s20OlIRK340_125_138.mp4,comgenvid,real,Sora,vatex_5000_video256,feature_change
comgenvid:datasets/comgenvid/real/MSVD/WPG-BIWOrG4_608_613.mp4,comgenvid,real,Sora,vatex_5000_video256,feature_change
comgenvid:datasets/comgenvid/real/MSVD/tIMDKdMnNYM_266_273.mp4,comgenvid,real,Sora,vatex_5000_video256,feature_change
comgenvid:datasets/comgenvid/real/MSVD/qvg9eM4Hmzk_4_10.mp4,comgenvid,real,Sora,vatex_5000_video256,feature_change
comgenvid:datasets/comgenvid/real/MSVD/cCmnN96zIeQ_14_24.mp4,comgenvid,real,Sora,vatex_5000_video256,feature_change
comgenvid:datasets/comgenvid/real/MSVD/m1NR0uNNs5Y_104_110.mp4,comgenvid,real,Sora,vatex_5000_video256,feature_change
comgenvid:datasets/comgenvid/real/MSVD/buJ5HDCinrM_150_166.mp4,comgenvid,real,Sora,vatex_5000_video256,feature_change
comgenvid:datasets/comgenvid/real/MSVD/ZlX_Gy4HP2E_38_55.mp4,comgenvid,real,Sora,vatex_5000_video256,feature_change
comgenvid:datasets/comgenvid/real/MSVD/ggic669elLM_200_215.mp4,comgenvid,real,Sora,vatex_5000_video256,feature_change
comgenvid:datasets/comgenvid/real/MSVD/XOAgUVVwKEA_8_20.mp4,comgenvid,real,Sora,vatex_5000_video256,feature_change
comgenvid:datasets/comgenvid/real/MSVD/vz71JKcpeUU_0_10.mp4,comgenvid,real,Sora,vatex_5000_video256,feature_change
comgenvid:datasets/comgenvid/real/MSVD/g1Gldu1KS44_8_14.mp4,comgenvid,real,Sora,vatex_5000_video256,feature_change
comgenvid:datasets/comgenvid/real/MSVD/pfQPRXcihkI_160_184.mp4,comgenvid,real,Sora,vatex_5000_video256,feature_change
comgenvid:datasets/comgenvid/real/MSVD/wsj_dzz33Ko_31_41.mp4,comgenvid,real,Sora,vatex_5000_video256,feature_change
comgenvid:datasets/comgenvid/real/MSVD/jTaLGh_MKCM_5_20.mp4,comgenvid,real,Sora,vatex_5000_video256,feature_change
comgenvid:datasets/comgenvid/real/MSVD/xlPyHMkpaQY_1_7.mp4,comgenvid,real,Sora,vatex_5000_video256,feature_change
comgenvid:datasets/comgenvid/real/MSVD/t8Nf1MK7lts_0_10.mp4,comgenvid,real,Sora,vatex_5000_video256,feature_change
comgenvid:datasets/comgenvid/real/MSVD/nb12bAaKzvA_0_10.mp4,comgenvid,real,Sora,vatex_5000_video256,feature_change
comgenvid:datasets/comgenvid/real/MSVD/omIPdpxg--4_39_46.mp4,comgenvid,real,Sora,vatex_5000_video256,feature_change
comgenvid:datasets/comgenvid/real/MSVD/dEn5E-TNezw_13_23.mp4,comgenvid,real,Sora,vatex_5000_video256,feature_change
comgenvid:datasets/comgenvid/real/MSVD/aQWCKcg0VRU_321_339.mp4,comgenvid,real,Sora,vatex_5000_video256,feature_change
comgenvid:datasets/comgenvid/real/MSVD/a28s_wyqkyc_68_77.mp4,comgenvid,real,Sora,vatex_5000_video256,feature_change
comgenvid:datasets/comgenvid/real/MSVD/uAaWVeaYLdQ_1_12.mp4,comgenvid,real,Sora,vatex_5000_video256,feature_change
comgenvid:datasets/comgenvid/real/MSVD/wNv74rvkAw8_30_40.mp4,comgenvid,real,Sora,vatex_5000_video256,feature_change
comgenvid:datasets/comgenvid/real/MSVD/pDvzOLRLjPc_0_8.mp4,comgenvid,real,Sora,vatex_5000_video256,feature_change
comgenvid:datasets/comgenvid/real/MSVD/e-sf-hyrkTs_20_35.mp4,comgenvid,real,Sora,vatex_5000_video256,feature_change
comgenvid:datasets/comgenvid/real/MSVD/gHyXstpe_N8_140_150.mp4,comgenvid,real,Sora,vatex_5000_video256,feature_change
comgenvid:datasets/comgenvid/real/MSVD/dMH0bHeiRNg_3_14.mp4,comgenvid,real,Sora,vatex_5000_video256,feature_change
comgenvid:datasets/comgenvid/real/MSVD/n016q1w8Q30_2_11.mp4,comgenvid,real,Sora,vatex_5000_video256,feature_change
comgenvid:datasets/comgenvid/real/MSVD/j1Z890_Q3so_131_138.mp4,comgenvid,real,Sora,vatex_5000_video256,feature_change
comgenvid:datasets/comgenvid/real/MSVD/dJCtOz32dnw_40_60.mp4,comgenvid,real,Sora,vatex_5000_video256,feature_change
comgenvid:datasets/comgenvid/fake/Sora/-ahmed-_776843120%2Fmd.mp4,comgenvid,annotated,Sora,vatex_5000_video256,feature_change
comgenvid:datasets/comgenvid/fake/Sora/0065464654_4804233%2Fmd.mp4,comgenvid,annotated,Sora,vatex_5000_video256,feature_change
comgenvid:datasets/comgenvid/fake/Sora/050221_138598904%2Fmd.mp4,comgenvid,annotated,Sora,vatex_5000_video256,feature_change
comgenvid:datasets/comgenvid/fake/Sora/09045_552603156%2Fmd.mp4,comgenvid,annotated,Sora,vatex_5000_video256,feature_change
comgenvid:datasets/comgenvid/fake/Sora/111111111111_421748285%2Fmd.mp4,comgenvid,annotated,Sora,vatex_5000_video256,feature_change
comgenvid:datasets/comgenvid/fake/Sora/1121231231231231_643574533%2Fmd.mp4,comgenvid,annotated,Sora,vatex_5000_video256,feature_change
comgenvid:datasets/comgenvid/fake/Sora/12345-90086_161537791%2Fmd.mp4,comgenvid,annotated,Sora,vatex_5000_video256,feature_change
comgenvid:datasets/comgenvid/fake/Sora/12348822_520388045%2Fmd.mp4,comgenvid,annotated,Sora,vatex_5000_video256,feature_change
comgenvid:datasets/comgenvid/fake/Sora/1235311_468903194%2Fmd.mp4,comgenvid,annotated,Sora,vatex_5000_video256,feature_change
comgenvid:datasets/comgenvid/fake/Sora/1554545_990274538%2Fmd.mp4,comgenvid,annotated,Sora,vatex_5000_video256,feature_change
comgenvid:datasets/comgenvid/fake/Sora/1656511_927926754%2Fmd.mp4,comgenvid,annotated,Sora,vatex_5000_video256,feature_change
comgenvid:datasets/comgenvid/fake/Sora/1tree2_75260605%2Fmd.mp4,comgenvid,annotated,Sora,vatex_5000_video256,feature_change
comgenvid:datasets/comgenvid/fake/Sora/2111132_923581868%2Fmd.mp4,comgenvid,annotated,Sora,vatex_5000_video256,feature_change
comgenvid:datasets/comgenvid/fake/Sora/22225591_159614590%2Fmd.mp4,comgenvid,annotated,Sora,vatex_5000_video256,feature_change
comgenvid:datasets/comgenvid/fake/Sora/22322777_980901699%2Fmd.mp4,comgenvid,annotated,Sora,vatex_5000_video256,feature_change
comgenvid:datasets/comgenvid/fake/Sora/23234111213123123123_474219769%2Fmd.mp4,comgenvid,annotated,Sora,vatex_5000_video256,feature_change
comgenvid:datasets/comgenvid/fake/Sora/23446k_310435470%2Fmd.mp4,comgenvid,annotated,Sora,vatex_5000_video256,feature_change
comgenvid:datasets/comgenvid/fake/Sora/247axel_879229487%2Fmd.mp4,comgenvid,annotated,Sora,vatex_5000_video256,feature_change
comgenvid:datasets/comgenvid/fake/Sora/2592108_968226828%2Fmd.mp4,comgenvid,annotated,Sora,vatex_5000_video256,feature_change
comgenvid:datasets/comgenvid/fake/Sora/2kota_345048458%2Fmd.mp4,comgenvid,annotated,Sora,vatex_5000_video256,feature_change
comgenvid:datasets/comgenvid/fake/Sora/2mas_968402667%2Fmd.mp4,comgenvid,annotated,Sora,vatex_5000_video256,feature_change
comgenvid:datasets/comgenvid/fake/Sora/331212222122_15392619%2Fmd.mp4,comgenvid,annotated,Sora,vatex_5000_video256,feature_change
comgenvid:datasets/comgenvid/fake/Sora/35h_783477259%2Fmd.mp4,comgenvid,annotated,Sora,vatex_5000_video256,feature_change
comgenvid:datasets/comgenvid/fake/Sora/360video_921703662%2Fmd.mp4,comgenvid,annotated,Sora,vatex_5000_video256,feature_change
comgenvid:datasets/comgenvid/fake/Sora/3769_109597890%2Fmd.mp4,comgenvid,annotated,Sora,vatex_5000_video256,feature_change
comgenvid:datasets/comgenvid/fake/Sora/3dq_200412742%2Fmd.mp4,comgenvid,annotated,Sora,vatex_5000_video256,feature_change
comgenvid:datasets/comgenvid/fake/Sora/40-_747442607%2Fmd.mp4,comgenvid,annotated,Sora,vatex_5000_video256,feature_change
comgenvid:datasets/comgenvid/fake/Sora/444enki_753218487%2Fmd.mp4,comgenvid,annotated,Sora,vatex_5000_video256,feature_change
comgenvid:datasets/comgenvid/fake/Sora/454555555555555555555555_393753335%2Fmd.mp4,comgenvid,annotated,Sora,vatex_5000_video256,feature_change
comgenvid:datasets/comgenvid/fake/Sora/54888787787_225275064%2Fmd.mp4,comgenvid,annotated,Sora,vatex_5000_video256,feature_change
comgenvid:datasets/comgenvid/fake/Sora/5ej_26436982%2Fmd.mp4,comgenvid,annotated,Sora,vatex_5000_video256,feature_change
comgenvid:datasets/comgenvid/fake/Sora/624329_926004613%2Fmd.mp4,comgenvid,annotated,Sora,vatex_5000_video256,feature_change
comgenvid:datasets/comgenvid/fake/Sora/7adi1_961703618%2Fmd.mp4,comgenvid,annotated,Sora,vatex_5000_video256,feature_change
comgenvid:datasets/comgenvid/fake/Sora/7negiashish_371783258%2Fmd.mp4,comgenvid,annotated,Sora,vatex_5000_video256,feature_change
comgenvid:datasets/comgenvid/fake/Sora/8---d7652_28389355%2Fmd.mp4,comgenvid,annotated,Sora,vatex_5000_video256,feature_change
comgenvid:datasets/comgenvid/fake/Sora/951963_106836580%2Fmd.mp4,comgenvid,annotated,Sora,vatex_5000_video256,feature_change
comgenvid:datasets/comgenvid/fake/Sora/95trevorthompson_watermarked.mp4,comgenvid,annotated,Sora,vatex_5000_video256,feature_change
comgenvid:datasets/comgenvid/fake/Sora/_dri__121308411%2Fmd.mp4,comgenvid,annotated,Sora,vatex_5000_video256,feature_change
comgenvid:datasets/comgenvid/fake/Sora/_horse_619318200%2Fmd.mp4,comgenvid,annotated,Sora,vatex_5000_video256,feature_change
comgenvid:datasets/comgenvid/fake/Sora/_kx_283277740%2Fmd.mp4,comgenvid,annotated,Sora,vatex_5000_video256,feature_change
comgenvid:datasets/comgenvid/fake/Sora/aaabnnon_466467197%2Fmd.mp4,comgenvid,annotated,Sora,vatex_5000_video256,feature_change
comgenvid:datasets/comgenvid/fake/Sora/aadeseveruz_88242328%2Fmd.mp4,comgenvid,annotated,Sora,vatex_5000_video256,feature_change
comgenvid:datasets/comgenvid/fake/Sora/aaroneboyce_443104867%2Fmd.mp4,comgenvid,annotated,Sora,vatex_5000_video256,feature_change
comgenvid:datasets/comgenvid/fake/Sora/aarya121212_594284790%2Fmd.mp4,comgenvid,annotated,Sora,vatex_5000_video256,feature_change
comgenvid:datasets/comgenvid/fake/Sora/abanuni_29343697%2Fmd.mp4,comgenvid,annotated,Sora,vatex_5000_video256,feature_change
comgenvid:datasets/comgenvid/fake/Sora/abbasi303_277787488%2Fmd.mp4,comgenvid,annotated,Sora,vatex_5000_video256,feature_change
comgenvid:datasets/comgenvid/fake/Sora/abbasshahwan_871443816%2Fmd.mp4,comgenvid,annotated,Sora,vatex_5000_video256,feature_change
comgenvid:datasets/comgenvid/fake/Sora/abcd-x_714432516%2Fmd.mp4,comgenvid,annotated,Sora,vatex_5000_video256,feature_change
comgenvid:datasets/comgenvid/fake/Sora/abcdefghijfdsfsdfsf_302058589%2Fmd.mp4,comgenvid,annotated,Sora,vatex_5000_video256,feature_change
comgenvid:datasets/comgenvid/fake/Sora/abcolp_973369478%2Fmd.mp4,comgenvid,annotated,Sora,vatex_5000_video256,feature_change
comgenvid:datasets/comgenvid/fake/Sora/abddu_393690614%2Fmd.mp4,comgenvid,annotated,Sora,vatex_5000_video256,feature_change
comgenvid:datasets/comgenvid/fake/Sora/abdujaliliy_109159782%2Fmd.mp4,comgenvid,annotated,Sora,vatex_5000_video256,feature_change
comgenvid:datasets/comgenvid/fake/Sora/abdulrahmaruss_974098107%2Fmd.mp4,comgenvid,annotated,Sora,vatex_5000_video256,feature_change
comgenvid:datasets/comgenvid/fake/Sora/abdurrahmaneymenolu_706897355%2Fmd.mp4,comgenvid,annotated,Sora,vatex_5000_video256,feature_change
comgenvid:datasets/comgenvid/fake/Sora/abhilashdwarakish_136979546%2Fmd.mp4,comgenvid,annotated,Sora,vatex_5000_video256,feature_change
comgenvid:datasets/comgenvid/fake/Sora/abo1221_434152204%2Fmd.mp4,comgenvid,annotated,Sora,vatex_5000_video256,feature_change
comgenvid:datasets/comgenvid/fake/Sora/abrahamgs_591406678%2Fmd.mp4,comgenvid,annotated,Sora,vatex_5000_video256,feature_change
comgenvid:datasets/comgenvid/fake/Sora/acasssss_358588184%2Fmd.mp4,comgenvid,annotated,Sora,vatex_5000_video256,feature_change
comgenvid:datasets/comgenvid/fake/Sora/accalmie_531835679%2Fmd.mp4,comgenvid,annotated,Sora,vatex_5000_video256,feature_change
comgenvid:datasets/comgenvid/fake/Sora/acfofangel_890043053%2Fmd.mp4,comgenvid,annotated,Sora,vatex_5000_video256,feature_change
comgenvid:datasets/comgenvid/fake/Sora/achigala_611943440%2Fmd.mp4,comgenvid,annotated,Sora,vatex_5000_video256,feature_change
comgenvid:datasets/comgenvid/fake/Sora/adabaharat_376490481%2Fmd.mp4,comgenvid,annotated,Sora,vatex_5000_video256,feature_change
comgenvid:datasets/comgenvid/fake/Sora/adafafffaf5455_136583813%2Fmd.mp4,comgenvid,annotated,Sora,vatex_5000_video256,feature_change
comgenvid:datasets/comgenvid/fake/Sora/adarsh1431a_967753927%2Fmd.mp4,comgenvid,annotated,Sora,vatex_5000_video256,feature_change
comgenvid:datasets/comgenvid/fake/Sora/adcollective_150185417%2Fmd.mp4,comgenvid,annotated,Sora,vatex_5000_video256,feature_change
comgenvid:datasets/comgenvid/fake/Sora/adil104_297888031%2Fmd.mp4,comgenvid,annotated,Sora,vatex_5000_video256,feature_change
comgenvid:datasets/comgenvid/fake/Sora/aditya992_151486281%2Fmd.mp4,comgenvid,annotated,Sora,vatex_5000_video256,feature_change
comgenvid:datasets/comgenvid/fake/Sora/adityanayak23_431329179%2Fmd.mp4,comgenvid,annotated,Sora,vatex_5000_video256,feature_change
comgenvid:datasets/comgenvid/fake/Sora/adlgcxpm_635548396%2Fmd.mp4,comgenvid,annotated,Sora,vatex_5000_video256,feature_change
comgenvid:datasets/comgenvid/fake/Sora/adosphere01_656411819%2Fmd.mp4,comgenvid,annotated,Sora,vatex_5000_video256,feature_change
comgenvid:datasets/comgenvid/fake/Sora/adryan91_80558088%2Fmd.mp4,comgenvid,annotated,Sora,vatex_5000_video256,feature_change
comgenvid:datasets/comgenvid/fake/Sora/advivedi9_742747348%2Fmd.mp4,comgenvid,annotated,Sora,vatex_5000_video256,feature_change
comgenvid:datasets/comgenvid/fake/Sora/aedtetg_210017708%2Fmd.mp4,comgenvid,annotated,Sora,vatex_5000_video256,feature_change
comgenvid:datasets/comgenvid/fake/Sora/aerobott_375068661%2Fmd.mp4,comgenvid,annotated,Sora,vatex_5000_video256,feature_change
comgenvid:datasets/comgenvid/fake/Sora/afsinsahin_379807705%2Fmd.mp4,comgenvid,annotated,Sora,vatex_5000_video256,feature_change
comgenvid:datasets/comgenvid/fake/Sora/afterburner739_499935257%2Fmd.mp4,comgenvid,annotated,Sora,vatex_5000_video256,feature_change
comgenvid:datasets/comgenvid/fake/Sora/agpdd_759040193%2Fmd.mp4,comgenvid,annotated,Sora,vatex_5000_video256,feature_change
comgenvid:datasets/comgenvid/fake/Sora/ahnsungmin_677028767%2Fmd.mp4,comgenvid,annotated,Sora,vatex_5000_video256,feature_change
comgenvid:datasets/comgenvid/fake/Sora/aidenchoi0929_115923825%2Fmd.mp4,comgenvid,annotated,Sora,vatex_5000_video256,feature_change
comgenvid:datasets/comgenvid/fake/Sora/aienjoyer42_97516890%2Fmd.mp4,comgenvid,annotated,Sora,vatex_5000_video256,feature_change
comgenvid:datasets/comgenvid/fake/Sora/aifirst_758361788%2Fmd.mp4,comgenvid,annotated,Sora,vatex_5000_video256,feature_change
comgenvid:datasets/comgenvid/fake/Sora/ailiver9787_847228081%2Fmd.mp4,comgenvid,annotated,Sora,vatex_5000_video256,feature_change
comgenvid:datasets/comgenvid/fake/Sora/aira1918_591101039%2Fmd.mp4,comgenvid,annotated,Sora,vatex_5000_video256,feature_change
comgenvid:datasets/comgenvid/fake/Sora/aix_innovation_lab_655744264%2Fmd.mp4,comgenvid,annotated,Sora,vatex_5000_video256,feature_change
comgenvid:datasets/comgenvid/fake/Sora/ajaykr09_547123938%2Fmd.mp4,comgenvid,annotated,Sora,vatex_5000_video256,feature_change
comgenvid:datasets/comgenvid/fake/Sora/ajilus_483238082%2Fmd.mp4,comgenvid,annotated,Sora,vatex_5000_video256,feature_change
comgenvid:datasets/comgenvid/fake/Sora/ak1990_679900919%2Fmd.mp4,comgenvid,annotated,Sora,vatex_5000_video256,feature_change
comgenvid:datasets/comgenvid/fake/Sora/akash_28072002_824906559%2Fmd.mp4,comgenvid,annotated,Sora,vatex_5000_video256,feature_change
comgenvid:datasets/comgenvid/fake/Sora/akashb_468014520%2Fmd.mp4,comgenvid,annotated,Sora,vatex_5000_video256,feature_change
comgenvid:datasets/comgenvid/fake/Sora/akbarkareorg_452587540%2Fmd.mp4,comgenvid,annotated,Sora,vatex_5000_video256,feature_change
comgenvid:datasets/comgenvid/fake/Sora/akihiro_n_525531899%2Fmd.mp4,comgenvid,annotated,Sora,vatex_5000_video256,feature_change
comgenvid:datasets/comgenvid/fake/Sora/akira12343_871344059%2Fmd.mp4,comgenvid,annotated,Sora,vatex_5000_video256,feature_change
comgenvid:datasets/comgenvid/fake/Sora/akirakaweade_593876105%2Fmd.mp4,comgenvid,annotated,Sora,vatex_5000_video256,feature_change
comgenvid:datasets/comgenvid/fake/Sora/akkarma_181967214%2Fmd.mp4,comgenvid,annotated,Sora,vatex_5000_video256,feature_change
comgenvid:datasets/comgenvid/fake/Sora/akshit-sarin_764972304%2Fmd.mp4,comgenvid,annotated,Sora,vatex_5000_video256,feature_change
comgenvid:datasets/comgenvid/fake/Sora/alan4649_199924089%2Fmd.mp4,comgenvid,annotated,Sora,vatex_5000_video256,feature_change
comgenvid:datasets/comgenvid/fake/Sora/alanjack_489722798%2Fmd.mp4,comgenvid,annotated,Sora,vatex_5000_video256,feature_change
comgenvid:datasets/comgenvid/fake/Sora/alankam_988968402%2Fmd.mp4,comgenvid,annotated,Sora,vatex_5000_video256,feature_change
comgenvid:datasets/comgenvid/fake/Sora/alanpaulpanassiti_287632183%2Fmd.mp4,comgenvid,annotated,Sora,vatex_5000_video256,feature_change
comgenvid:datasets/comgenvid/fake/Sora/albrchetti_153064388%2Fmd.mp4,comgenvid,annotated,Sora,vatex_5000_video256,feature_change
comgenvid:datasets/comgenvid/fake/Sora/aleks007_362820217%2Fmd.mp4,comgenvid,annotated,Sora,vatex_5000_video256,feature_change
comgenvid:datasets/comgenvid/fake/Sora/aleks8622_375234076%2Fmd.mp4,comgenvid,annotated,Sora,vatex_5000_video256,feature_change
comgenvid:datasets/comgenvid/fake/Sora/alexa90_19844171%2Fmd.mp4,comgenvid,annotated,Sora,vatex_5000_video256,feature_change
comgenvid:datasets/comgenvid/fake/Sora/alexabrazura_414697163%2Fmd.mp4,comgenvid,annotated,Sora,vatex_5000_video256,feature_change
comgenvid:datasets/comgenvid/fake/Sora/alexkolarov94_780280004%2Fmd.mp4,comgenvid,annotated,Sora,vatex_5000_video256,feature_change
comgenvid:datasets/comgenvid/fake/Sora/alexkuehndirector_506818934%2Fmd.mp4,comgenvid,annotated,Sora,vatex_5000_video256,feature_change
comgenvid:datasets/comgenvid/fake/Sora/alfredo70_760449309%2Fmd.mp4,comgenvid,annotated,Sora,vatex_5000_video256,feature_change
comgenvid:datasets/comgenvid/fake/Sora/alienornc_693341583%2Fmd.mp4,comgenvid,annotated,Sora,vatex_5000_video256,feature_change
comgenvid:datasets/comgenvid/fake/Sora/alivecoaching_362499862%2Fmd.mp4,comgenvid,annotated,Sora,vatex_5000_video256,feature_change
comgenvid:datasets/comgenvid/fake/Sora/alkemm_332661861%2Fmd.mp4,comgenvid,annotated,Sora,vatex_5000_video256,feature_change
comgenvid:datasets/comgenvid/fake/Sora/allanteste_224958894%2Fmd.mp4,comgenvid,annotated,Sora,vatex_5000_video256,feature_change
comgenvid:datasets/comgenvid/fake/Sora/allesclaerchen_99582902%2Fmd.mp4,comgenvid,annotated,Sora,vatex_5000_video256,feature_change
comgenvid:datasets/comgenvid/fake/Sora/alma0307_733145307%2Fmd.mp4,comgenvid,annotated,Sora,vatex_5000_video256,feature_change
comgenvid:datasets/comgenvid/fake/Sora/alper1992_262589180%2Fmd.mp4,comgenvid,annotated,Sora,vatex_5000_video256,feature_change
comgenvid:datasets/comgenvid/fake/Sora/alpha_bit_911455093%2Fmd.mp4,comgenvid,annotated,Sora,vatex_5000_video256,feature_change
comgenvid:datasets/comgenvid/fake/Sora/alsiess__444041278%2Fmd.mp4,comgenvid,annotated,Sora,vatex_5000_video256,feature_change
comgenvid:datasets/comgenvid/fake/Sora/alwyns_502037549%2Fmd.mp4,comgenvid,annotated,Sora,vatex_5000_video256,feature_change
comgenvid:datasets/comgenvid/fake/Sora/alxndraag_499864146%2Fmd.mp4,comgenvid,annotated,Sora,vatex_5000_video256,feature_change
comgenvid:datasets/comgenvid/fake/Sora/amack04_632760166%2Fmd.mp4,comgenvid,annotated,Sora,vatex_5000_video256,feature_change
comgenvid:datasets/comgenvid/fake/Sora/amanadlakha_825403788%2Fmd.mp4,comgenvid,annotated,Sora,vatex_5000_video256,feature_change
comgenvid:datasets/comgenvid/fake/Sora/ambika8802_watermarked.mp4,comgenvid,annotated,Sora,vatex_5000_video256,feature_change
comgenvid:datasets/comgenvid/fake/Sora/ambwood_124104980%2Fmd.mp4,comgenvid,annotated,Sora,vatex_5000_video256,feature_change
comgenvid:datasets/comgenvid/fake/Sora/amfereday_424344053%2Fmd.mp4,comgenvid,annotated,Sora,vatex_5000_video256,feature_change
comgenvid:datasets/comgenvid/fake/Sora/amirflg1960_800479732%2Fmd.mp4,comgenvid,annotated,Sora,vatex_5000_video256,feature_change
comgenvid:datasets/comgenvid/fake/Sora/amit898569856_246028372%2Fmd.mp4,comgenvid,annotated,Sora,vatex_5000_video256,feature_change
comgenvid:datasets/comgenvid/fake/Sora/ammyzz_708865578%2Fmd.mp4,comgenvid,annotated,Sora,vatex_5000_video256,feature_change
comgenvid:datasets/comgenvid/fake/Sora/amohns_watermarked.mp4,comgenvid,annotated,Sora,vatex_5000_video256,feature_change
comgenvid:datasets/comgenvid/fake/Sora/amorebody_118598225%2Fmd.mp4,comgenvid,annotated,Sora,vatex_5000_video256,feature_change
comgenvid:datasets/comgenvid/fake/Sora/amorphouslibra_897590446%2Fmd.mp4,comgenvid,annotated,Sora,vatex_5000_video256,feature_change
comgenvid:datasets/comgenvid/fake/Sora/amysung00_717763020%2Fmd.mp4,comgenvid,annotated,Sora,vatex_5000_video256,feature_change
comgenvid:datasets/comgenvid/fake/Sora/anabohuele_920521129%2Fmd.mp4,comgenvid,annotated,Sora,vatex_5000_video256,feature_change
comgenvid:datasets/comgenvid/fake/Sora/anamepopovic_492970037%2Fmd.mp4,comgenvid,annotated,Sora,vatex_5000_video256,feature_change
comgenvid:datasets/comgenvid/fake/Sora/anbjorkstrom_933734398%2Fmd.mp4,comgenvid,annotated,Sora,vatex_5000_video256,feature_change
comgenvid:datasets/comgenvid/fake/Sora/ancade_283672368%2Fmd.mp4,comgenvid,annotated,Sora,vatex_5000_video256,feature_change
comgenvid:datasets/comgenvid/fake/Sora/andes2tokyo_895325730%2Fmd.mp4,comgenvid,annotated,Sora,vatex_5000_video256,feature_change
comgenvid:datasets/comgenvid/fake/Sora/andrewkorolow_973684774%2Fmd.mp4,comgenvid,annotated,Sora,vatex_5000_video256,feature_change
comgenvid:datasets/comgenvid/fake/Sora/andy2510_13896800%2Fmd.mp4,comgenvid,annotated,Sora,vatex_5000_video256,feature_change
comgenvid:datasets/comgenvid/fake/Sora/angiemarierm_141689241%2Fmd.mp4,comgenvid,annotated,Sora,vatex_5000_video256,feature_change
comgenvid:datasets/comgenvid/fake/Sora/animss01_189765887%2Fmd.mp4,comgenvid,annotated,Sora,vatex_5000_video256,feature_change
comgenvid:datasets/comgenvid/fake/Sora/aninvinciblemind_688429844%2Fmd.mp4,comgenvid,annotated,Sora,vatex_5000_video256,feature_change
comgenvid:datasets/comgenvid/fake/Sora/ankita68_239170629%2Fmd.mp4,comgenvid,annotated,Sora,vatex_5000_video256,feature_change
comgenvid:datasets/comgenvid/fake/Sora/ankitagrawaljsr_791222574%2Fmd.mp4,comgenvid,annotated,Sora,vatex_5000_video256,feature_change
comgenvid:datasets/comgenvid/fake/Sora/annetst_921821427%2Fmd.mp4,comgenvid,annotated,Sora,vatex_5000_video256,feature_change
comgenvid:datasets/comgenvid/fake/Sora/antoinemg_733077046%2Fmd.mp4,comgenvid,annotated,Sora,vatex_5000_video256,feature_change
comgenvid:datasets/comgenvid/fake/Sora/anuj_kothari_264220718%2Fmd.mp4,comgenvid,annotated,Sora,vatex_5000_video256,feature_change
comgenvid:datasets/comgenvid/fake/Sora/anujdxb_242175959%2Fmd.mp4,comgenvid,annotated,Sora,vatex_5000_video256,feature_change
comgenvid:datasets/comgenvid/fake/Sora/anujtiwary69_19415224%2Fmd.mp4,comgenvid,annotated,Sora,vatex_5000_video256,feature_change
comgenvid:datasets/comgenvid/fake/Sora/anwar1001_368378969%2Fmd.mp4,comgenvid,annotated,Sora,vatex_5000_video256,feature_change
comgenvid:datasets/comgenvid/fake/Sora/aomammm_483165930%2Fmd.mp4,comgenvid,annotated,Sora,vatex_5000_video256,feature_change
comgenvid:datasets/comgenvid/fake/Sora/aphillips8430_842158779%2Fmd.mp4,comgenvid,annotated,Sora,vatex_5000_video256,feature_change
comgenvid:datasets/comgenvid/fake/Sora/apndump_204122224%2Fmd.mp4,comgenvid,annotated,Sora,vatex_5000_video256,feature_change
comgenvid:datasets/comgenvid/fake/Sora/aqmed_555825407%2Fmd.mp4,comgenvid,annotated,Sora,vatex_5000_video256,feature_change
comgenvid:datasets/comgenvid/fake/Sora/aqulley_655469041%2Fmd.mp4,comgenvid,annotated,Sora,vatex_5000_video256,feature_change
comgenvid:datasets/comgenvid/fake/Sora/aralvi84_662898395%2Fmd.mp4,comgenvid,annotated,Sora,vatex_5000_video256,feature_change
comgenvid:datasets/comgenvid/fake/Sora/arbechemindo_530571076%2Fmd.mp4,comgenvid,annotated,Sora,vatex_5000_video256,feature_change
comgenvid:datasets/comgenvid/fake/Sora/arcidalia_981981851%2Fmd.mp4,comgenvid,annotated,Sora,vatex_5000_video256,feature_change
comgenvid:datasets/comgenvid/fake/Sora/arfo75_154788139%2Fmd.mp4,comgenvid,annotated,Sora,vatex_5000_video256,feature_change
comgenvid:datasets/comgenvid/fake/Sora/ariasto_852379771%2Fmd.mp4,comgenvid,annotated,Sora,vatex_5000_video256,feature_change
comgenvid:datasets/comgenvid/fake/Sora/arnav619_734526242%2Fmd.mp4,comgenvid,annotated,Sora,vatex_5000_video256,feature_change
comgenvid:datasets/comgenvid/fake/Sora/art_tra_979742107%2Fmd.mp4,comgenvid,annotated,Sora,vatex_5000_video256,feature_change
comgenvid:datasets/comgenvid/fake/Sora/artemasso_706144935%2Fmd.mp4,comgenvid,annotated,Sora,vatex_5000_video256,feature_change
comgenvid:datasets/comgenvid/fake/Sora/arthures369_194530034%2Fmd.mp4,comgenvid,annotated,Sora,vatex_5000_video256,feature_change
comgenvid:datasets/comgenvid/fake/Sora/artimuebles_483781783%2Fmd.mp4,comgenvid,annotated,Sora,vatex_5000_video256,feature_change
comgenvid:datasets/comgenvid/fake/Sora/artzet_940092949%2Fmd.mp4,comgenvid,annotated,Sora,vatex_5000_video256,feature_change
comgenvid:datasets/comgenvid/fake/Sora/arukamo_935771223%2Fmd.mp4,comgenvid,annotated,Sora,vatex_5000_video256,feature_change
comgenvid:datasets/comgenvid/fake/Sora/asd123zxc2314_385850007%2Fmd.mp4,comgenvid,annotated,Sora,vatex_5000_video256,feature_change
comgenvid:datasets/comgenvid/fake/Sora/ashes1881_697273547%2Fmd.mp4,comgenvid,annotated,Sora,vatex_5000_video256,feature_change
comgenvid:datasets/comgenvid/fake/Sora/asimjofa321_148452168%2Fmd.mp4,comgenvid,annotated,Sora,vatex_5000_video256,feature_change
comgenvid:datasets/comgenvid/fake/Sora/aspirezonerealestate_707980198%2Fmd.mp4,comgenvid,annotated,Sora,vatex_5000_video256,feature_change
comgenvid:datasets/comgenvid/fake/Sora/astacake_48457029%2Fmd.mp4,comgenvid,annotated,Sora,vatex_5000_video256,feature_change
comgenvid:datasets/comgenvid/fake/Sora/asuragate_952991473%2Fmd.mp4,comgenvid,annotated,Sora,vatex_5000_video256,feature_change
comgenvid:datasets/comgenvid/fake/Sora/at____999_458200743%2Fmd.mp4,comgenvid,annotated,Sora,vatex_5000_video256,feature_change
comgenvid:datasets/comgenvid/fake/Sora/atakivancevsen_96347779%2Fmd.mp4,comgenvid,annotated,Sora,vatex_5000_video256,feature_change
comgenvid:datasets/comgenvid/fake/Sora/atheef_583386805%2Fmd.mp4,comgenvid,annotated,Sora,vatex_5000_video256,feature_change
comgenvid:datasets/comgenvid/fake/Sora/auiyukicute4gmailcom_532002007%2Fmd.mp4,comgenvid,annotated,Sora,vatex_5000_video256,feature_change
comgenvid:datasets/comgenvid/fake/Sora/aurora-sora_487554182%2Fmd.mp4,comgenvid,annotated,Sora,vatex_5000_video256,feature_change
comgenvid:datasets/comgenvid/fake/Sora/aurota_lala_424237240%2Fmd.mp4,comgenvid,annotated,Sora,vatex_5000_video256,feature_change
comgenvid:datasets/comgenvid/fake/Sora/aurus-_270918830%2Fmd.mp4,comgenvid,annotated,Sora,vatex_5000_video256,feature_change
comgenvid:datasets/comgenvid/fake/Sora/austerestore_475177574%2Fmd.mp4,comgenvid,annotated,Sora,vatex_5000_video256,feature_change
comgenvid:datasets/comgenvid/fake/Sora/austin355_586562389%2Fmd.mp4,comgenvid,annotated,Sora,vatex_5000_video256,feature_change
comgenvid:datasets/comgenvid/fake/Sora/autreone_709991703%2Fmd.mp4,comgenvid,annotated,Sora,vatex_5000_video256,feature_change
comgenvid:datasets/comgenvid/fake/Sora/autumnolive_772003448%2Fmd.mp4,comgenvid,annotated,Sora,vatex_5000_video256,feature_change
comgenvid:datasets/comgenvid/fake/Sora/avamarketing_582895542%2Fmd.mp4,comgenvid,annotated,Sora,vatex_5000_video256,feature_change
comgenvid:datasets/comgenvid/fake/Sora/awxdi_776270500%2Fmd.mp4,comgenvid,annotated,Sora,vatex_5000_video256,feature_change
comgenvid:datasets/comgenvid/fake/Sora/axo09_278259719%2Fmd.mp4,comgenvid,annotated,Sora,vatex_5000_video256,feature_change
comgenvid:datasets/comgenvid/fake/Sora/ayami_jp_318488182%2Fmd.mp4,comgenvid,annotated,Sora,vatex_5000_video256,feature_change
comgenvid:datasets/comgenvid/fake/Sora/ayan12_610035271%2Fmd.mp4,comgenvid,annotated,Sora,vatex_5000_video256,feature_change
comgenvid:datasets/comgenvid/fake/Sora/aymbot_529062337%2Fmd.mp4,comgenvid,annotated,Sora,vatex_5000_video256,feature_change
comgenvid:datasets/comgenvid/fake/Sora/azenmoktan_87349735%2Fmd.mp4,comgenvid,annotated,Sora,vatex_5000_video256,feature_change
comgenvid:datasets/comgenvid/fake/Sora/b_i_a_777331738%2Fmd.mp4,comgenvid,annotated,Sora,vatex_5000_video256,feature_change
comgenvid:datasets/comgenvid/fake/Sora/bababububu_232918578%2Fmd.mp4,comgenvid,annotated,Sora,vatex_5000_video256,feature_change
comgenvid:datasets/comgenvid/fake/Sora/babu12999_504611764%2Fmd.mp4,comgenvid,annotated,Sora,vatex_5000_video256,feature_change
comgenvid:datasets/comgenvid/fake/Sora/babychamp_128451259%2Fmd.mp4,comgenvid,annotated,Sora,vatex_5000_video256,feature_change
comgenvid:datasets/comgenvid/fake/Sora/babycharmcz_993616866%2Fmd.mp4,comgenvid,annotated,Sora,vatex_5000_video256,feature_change
comgenvid:datasets/comgenvid/fake/Sora/babygaang_398671334%2Fmd.mp4,comgenvid,annotated,Sora,vatex_5000_video256,feature_change
comgenvid:datasets/comgenvid/fake/Sora/badhiin_watermarked.mp4,comgenvid,annotated,Sora,vatex_5000_video256,feature_change
comgenvid:datasets/comgenvid/fake/Sora/bae1981_475803894%2Fmd.mp4,comgenvid,annotated,Sora,vatex_5000_video256,feature_change
comgenvid:datasets/comgenvid/fake/Sora/bajpaianshuman_835560964%2Fmd.mp4,comgenvid,annotated,Sora,vatex_5000_video256,feature_change
comgenvid:datasets/comgenvid/fake/Sora/bami0776_956498167%2Fmd.mp4,comgenvid,annotated,Sora,vatex_5000_video256,feature_change
comgenvid:datasets/comgenvid/fake/Sora/bananenfaust_522597945%2Fmd.mp4,comgenvid,annotated,Sora,vatex_5000_video256,feature_change
comgenvid:datasets/comgenvid/fake/Sora/banchoet_78940656%2Fmd.mp4,comgenvid,annotated,Sora,vatex_5000_video256,feature_change
comgenvid:datasets/comgenvid/fake/Sora/barbagallo_478897870%2Fmd.mp4,comgenvid,annotated,Sora,vatex_5000_video256,feature_change
comgenvid:datasets/comgenvid/fake/Sora/barizzaofis_795702849%2Fmd.mp4,comgenvid,annotated,Sora,vatex_5000_video256,feature_change
comgenvid:datasets/comgenvid/fake/Sora/barsfunnyaf_908182574%2Fmd.mp4,comgenvid,annotated,Sora,vatex_5000_video256,feature_change
comgenvid:datasets/comgenvid/fake/Sora/batmang_492024172%2Fmd.mp4,comgenvid,annotated,Sora,vatex_5000_video256,feature_change
comgenvid:datasets/comgenvid/fake/Sora/bcabe_771103962%2Fmd.mp4,comgenvid,annotated,Sora,vatex_5000_video256,feature_change
comgenvid:datasets/comgenvid/fake/Sora/beckytravis_410235854%2Fmd.mp4,comgenvid,annotated,Sora,vatex_5000_video256,feature_change
comgenvid:datasets/comgenvid/fake/Sora/beegee1152_421751003%2Fmd.mp4,comgenvid,annotated,Sora,vatex_5000_video256,feature_change
comgenvid:datasets/comgenvid/fake/Sora/believeinjc_586471273%2Fmd.mp4,comgenvid,annotated,Sora,vatex_5000_video256,feature_change
comgenvid:datasets/comgenvid/fake/Sora/bella_libya_watermarked.mp4,comgenvid,annotated,Sora,vatex_5000_video256,feature_change
comgenvid:datasets/comgenvid/fake/Sora/bem2025s_521143860%2Fmd.mp4,comgenvid,annotated,Sora,vatex_5000_video256,feature_change
comgenvid:datasets/comgenvid/fake/Sora/benbakry_826187566%2Fmd.mp4,comgenvid,annotated,Sora,vatex_5000_video256,feature_change
comgenvid:datasets/comgenvid/fake/Sora/benigogoi_658001820%2Fmd.mp4,comgenvid,annotated,Sora,vatex_5000_video256,feature_change
comgenvid:datasets/comgenvid/fake/Sora/benlatrobe_712706050%2Fmd.mp4,comgenvid,annotated,Sora,vatex_5000_video256,feature_change
comgenvid:datasets/comgenvid/fake/Sora/bergkamp1977_241944285%2Fmd.mp4,comgenvid,annotated,Sora,vatex_5000_video256,feature_change
comgenvid:datasets/comgenvid/fake/Sora/bernardonyqr6_59392084%2Fmd.mp4,comgenvid,annotated,Sora,vatex_5000_video256,feature_change
comgenvid:datasets/comgenvid/fake/Sora/berne63_850814281%2Fmd.mp4,comgenvid,annotated,Sora,vatex_5000_video256,feature_change
comgenvid:datasets/comgenvid/fake/Sora/beth999_585771189%2Fmd.mp4,comgenvid,annotated,Sora,vatex_5000_video256,feature_change
comgenvid:datasets/comgenvid/fake/Sora/beziiiii_173900815%2Fmd.mp4,comgenvid,annotated,Sora,vatex_5000_video256,feature_change
comgenvid:datasets/comgenvid/fake/Sora/bfrkyr_986901808%2Fmd.mp4,comgenvid,annotated,Sora,vatex_5000_video256,feature_change
comgenvid:datasets/comgenvid/fake/Sora/bgayle777_645011331%2Fmd.mp4,comgenvid,annotated,Sora,vatex_5000_video256,feature_change
comgenvid:datasets/comgenvid/fake/Sora/bgcgroup_690611799%2Fmd.mp4,comgenvid,annotated,Sora,vatex_5000_video256,feature_change
comgenvid:datasets/comgenvid/fake/Sora/bharath2502_847284518%2Fmd.mp4,comgenvid,annotated,Sora,vatex_5000_video256,feature_change
comgenvid:datasets/comgenvid/fake/Sora/bhavik786_690086001%2Fmd.mp4,comgenvid,annotated,Sora,vatex_5000_video256,feature_change
comgenvid:datasets/comgenvid/fake/Sora/bibanus_300660996%2Fmd.mp4,comgenvid,annotated,Sora,vatex_5000_video256,feature_change
comgenvid:datasets/comgenvid/fake/Sora/bigserial_127535823%2Fmd.mp4,comgenvid,annotated,Sora,vatex_5000_video256,feature_change
comgenvid:datasets/comgenvid/fake/Sora/binbin9175_599101194%2Fmd.mp4,comgenvid,annotated,Sora,vatex_5000_video256,feature_change
comgenvid:datasets/comgenvid/fake/Sora/biqy_501144162%2Fmd.mp4,comgenvid,annotated,Sora,vatex_5000_video256,feature_change
comgenvid:datasets/comgenvid/fake/Sora/bkf0015_469589399%2Fmd.mp4,comgenvid,annotated,Sora,vatex_5000_video256,feature_change
comgenvid:datasets/comgenvid/fake/Sora/bl8ckh8mm3r83_445636073%2Fmd.mp4,comgenvid,annotated,Sora,vatex_5000_video256,feature_change
comgenvid:datasets/comgenvid/fake/Sora/blacktreklamp_356779907%2Fmd.mp4,comgenvid,annotated,Sora,vatex_5000_video256,feature_change
comgenvid:datasets/comgenvid/fake/Sora/blazicks_318148198%2Fmd.mp4,comgenvid,annotated,Sora,vatex_5000_video256,feature_change
comgenvid:datasets/comgenvid/fake/Sora/blizzad_773522257%2Fmd.mp4,comgenvid,annotated,Sora,vatex_5000_video256,feature_change
comgenvid:datasets/comgenvid/fake/Sora/bloomxd_407394449%2Fmd.mp4,comgenvid,annotated,Sora,vatex_5000_video256,feature_change
comgenvid:datasets/comgenvid/fake/Sora/blueryan_529348797%2Fmd.mp4,comgenvid,annotated,Sora,vatex_5000_video256,feature_change
comgenvid:datasets/comgenvid/fake/Sora/bluewagun_41638069%2Fmd.mp4,comgenvid,annotated,Sora,vatex_5000_video256,feature_change
comgenvid:datasets/comgenvid/fake/Sora/bojackhorsemanpbj_113101031%2Fmd.mp4,comgenvid,annotated,Sora,vatex_5000_video256,feature_change
comgenvid:datasets/comgenvid/fake/Sora/bonesmx_768572567%2Fmd.mp4,comgenvid,annotated,Sora,vatex_5000_video256,feature_change
comgenvid:datasets/comgenvid/fake/Sora/bongado_52019138%2Fmd.mp4,comgenvid,annotated,Sora,vatex_5000_video256,feature_change
comgenvid:datasets/comgenvid/fake/Sora/bonjouryentinglai_437714217%2Fmd.mp4,comgenvid,annotated,Sora,vatex_5000_video256,feature_change
comgenvid:datasets/comgenvid/fake/Sora/boostgo_656435623%2Fmd.mp4,comgenvid,annotated,Sora,vatex_5000_video256,feature_change
comgenvid:datasets/comgenvid/fake/Sora/bootgimp_65065717%2Fmd.mp4,comgenvid,annotated,Sora,vatex_5000_video256,feature_change
comgenvid:datasets/comgenvid/fake/Sora/boxermann_154367211%2Fmd.mp4,comgenvid,annotated,Sora,vatex_5000_video256,feature_change
comgenvid:datasets/comgenvid/fake/Sora/brabieblue_817914292%2Fmd.mp4,comgenvid,annotated,Sora,vatex_5000_video256,feature_change
comgenvid:datasets/comgenvid/fake/Sora/bradfordbarnett_418232944%2Fmd.mp4,comgenvid,annotated,Sora,vatex_5000_video256,feature_change
comgenvid:datasets/comgenvid/fake/Sora/brandonhuang01_267473516%2Fmd.mp4,comgenvid,annotated,Sora,vatex_5000_video256,feature_change
comgenvid:datasets/comgenvid/fake/Sora/brandonius_942619990%2Fmd.mp4,comgenvid,annotated,Sora,vatex_5000_video256,feature_change
comgenvid:datasets/comgenvid/fake/Sora/bre337_769251236%2Fmd.mp4,comgenvid,annotated,Sora,vatex_5000_video256,feature_change
comgenvid:datasets/comgenvid/fake/Sora/breathesisbykenique_806232855%2Fmd.mp4,comgenvid,annotated,Sora,vatex_5000_video256,feature_change
comgenvid:datasets/comgenvid/fake/Sora/brickwahl_999_509695725%2Fmd.mp4,comgenvid,annotated,Sora,vatex_5000_video256,feature_change
comgenvid:datasets/comgenvid/fake/Sora/brodiedance_706000421%2Fmd.mp4,comgenvid,annotated,Sora,vatex_5000_video256,feature_change
comgenvid:datasets/comgenvid/fake/Sora/bryanarias_749269367%2Fmd.mp4,comgenvid,annotated,Sora,vatex_5000_video256,feature_change
comgenvid:datasets/comgenvid/fake/Sora/bstaff413_310949993%2Fmd.mp4,comgenvid,annotated,Sora,vatex_5000_video256,feature_change
comgenvid:datasets/comgenvid/fake/Sora/bthalion_589431267%2Fmd.mp4,comgenvid,annotated,Sora,vatex_5000_video256,feature_change
comgenvid:datasets/comgenvid/fake/Sora/btpriyal_575225816%2Fmd.mp4,comgenvid,annotated,Sora,vatex_5000_video256,feature_change
comgenvid:datasets/comgenvid/fake/Sora/bubarad_295104563%2Fmd.mp4,comgenvid,annotated,Sora,vatex_5000_video256,feature_change
comgenvid:datasets/comgenvid/fake/Sora/bubtuk_148233142%2Fmd.mp4,comgenvid,annotated,Sora,vatex_5000_video256,feature_change
comgenvid:datasets/comgenvid/fake/Sora/bugunda1974_696387245%2Fmd.mp4,comgenvid,annotated,Sora,vatex_5000_video256,feature_change
comgenvid:datasets/comgenvid/fake/Sora/burek_svemirski_861660516%2Fmd.mp4,comgenvid,annotated,Sora,vatex_5000_video256,feature_change
comgenvid:datasets/comgenvid/fake/Sora/buschdogg_875400141%2Fmd.mp4,comgenvid,annotated,Sora,vatex_5000_video256,feature_change
comgenvid:datasets/comgenvid/fake/Sora/bussingjokes_699010719%2Fmd.mp4,comgenvid,annotated,Sora,vatex_5000_video256,feature_change
comgenvid:datasets/comgenvid/fake/Sora/bytebuilders_205000963%2Fmd.mp4,comgenvid,annotated,Sora,vatex_5000_video256,feature_change
comgenvid:datasets/comgenvid/fake/Sora/c18ola_363151624%2Fmd.mp4,comgenvid,annotated,Sora,vatex_5000_video256,feature_change
comgenvid:datasets/comgenvid/fake/Sora/cache13_394202853%2Fmd.mp4,comgenvid,annotated,Sora,vatex_5000_video256,feature_change
comgenvid:datasets/comgenvid/fake/Sora/caesar_08_102119734%2Fmd.mp4,comgenvid,annotated,Sora,vatex_5000_video256,feature_change
comgenvid:datasets/comgenvid/fake/Sora/cainhd2_watermarked.mp4,comgenvid,annotated,Sora,vatex_5000_video256,feature_change
comgenvid:datasets/comgenvid/fake/Sora/callumhall0504_276528656%2Fmd.mp4,comgenvid,annotated,Sora,vatex_5000_video256,feature_change
comgenvid:datasets/comgenvid/fake/Sora/canekbasti_337896899%2Fmd.mp4,comgenvid,annotated,Sora,vatex_5000_video256,feature_change
comgenvid:datasets/comgenvid/fake/Sora/canofsticks_817228831%2Fmd.mp4,comgenvid,annotated,Sora,vatex_5000_video256,feature_change
comgenvid:datasets/comgenvid/fake/Sora/caobin_710564068%2Fmd.mp4,comgenvid,annotated,Sora,vatex_5000_video256,feature_change
comgenvid:datasets/comgenvid/fake/Sora/captainsroute_479705604%2Fmd.mp4,comgenvid,annotated,Sora,vatex_5000_video256,feature_change
comgenvid:datasets/comgenvid/fake/Sora/capybaraboy_870409113%2Fmd.mp4,comgenvid,annotated,Sora,vatex_5000_video256,feature_change
comgenvid:datasets/comgenvid/fake/Sora/caramelaimel_630289840%2Fmd.mp4,comgenvid,annotated,Sora,vatex_5000_video256,feature_change
comgenvid:datasets/comgenvid/fake/Sora/carefree5collective_965803380%2Fmd.mp4,comgenvid,annotated,Sora,vatex_5000_video256,feature_change
comgenvid:datasets/comgenvid/fake/Sora/carlosantonio_430605212%2Fmd.mp4,comgenvid,annotated,Sora,vatex_5000_video256,feature_change
comgenvid:datasets/comgenvid/fake/Sora/casey2025_371635944%2Fmd.mp4,comgenvid,annotated,Sora,vatex_5000_video256,feature_change
comgenvid:datasets/comgenvid/fake/Sora/casp3rrrr_909638998%2Fmd.mp4,comgenvid,annotated,Sora,vatex_5000_video256,feature_change
comgenvid:datasets/comgenvid/fake/Sora/cat13471718_779057186%2Fmd.mp4,comgenvid,annotated,Sora,vatex_5000_video256,feature_change
comgenvid:datasets/comgenvid/fake/Sora/catieiei_772883956%2Fmd.mp4,comgenvid,annotated,Sora,vatex_5000_video256,feature_change
comgenvid:datasets/comgenvid/fake/Sora/cats1401_606207696%2Fmd.mp4,comgenvid,annotated,Sora,vatex_5000_video256,feature_change
comgenvid:datasets/comgenvid/fake/Sora/cb-teamdks_516914746%2Fmd.mp4,comgenvid,annotated,Sora,vatex_5000_video256,feature_change
comgenvid:datasets/comgenvid/fake/Sora/cb13_518201373%2Fmd.mp4,comgenvid,annotated,Sora,vatex_5000_video256,feature_change
comgenvid:datasets/comgenvid/fake/Sora/cbd-kluk_667115510%2Fmd.mp4,comgenvid,annotated,Sora,vatex_5000_video256,feature_change
comgenvid:datasets/comgenvid/fake/Sora/cdkljfh3546yrfg_160472766%2Fmd.mp4,comgenvid,annotated,Sora,vatex_5000_video256,feature_change
comgenvid:datasets/comgenvid/fake/Sora/cesar126a_538201963%2Fmd.mp4,comgenvid,annotated,Sora,vatex_5000_video256,feature_change
comgenvid:datasets/comgenvid/fake/Sora/cfuzi_503954378%2Fmd.mp4,comgenvid,annotated,Sora,vatex_5000_video256,feature_change
comgenvid:datasets/comgenvid/fake/Sora/cgdg_99696766%2Fmd.mp4,comgenvid,annotated,Sora,vatex_5000_video256,feature_change
comgenvid:datasets/comgenvid/fake/Sora/chasexcx_403885798%2Fmd.mp4,comgenvid,annotated,Sora,vatex_5000_video256,feature_change
comgenvid:datasets/comgenvid/fake/Sora/chatgpt3004_457460970%2Fmd.mp4,comgenvid,annotated,Sora,vatex_5000_video256,feature_change
comgenvid:datasets/comgenvid/fake/Sora/chatgptplususer0_409682271%2Fmd.mp4,comgenvid,annotated,Sora,vatex_5000_video256,feature_change
comgenvid:datasets/comgenvid/fake/Sora/chaun811_166688670%2Fmd.mp4,comgenvid,annotated,Sora,vatex_5000_video256,feature_change
comgenvid:datasets/comgenvid/fake/Sora/chazn_744158193%2Fmd.mp4,comgenvid,annotated,Sora,vatex_5000_video256,feature_change
comgenvid:datasets/comgenvid/fake/Sora/cheetahvscrocodile_938385704%2Fmd.mp4,comgenvid,annotated,Sora,vatex_5000_video256,feature_change
comgenvid:datasets/comgenvid/fake/Sora/chhm97_756201403%2Fmd.mp4,comgenvid,annotated,Sora,vatex_5000_video256,feature_change
comgenvid:datasets/comgenvid/fake/Sora/chiaras26_322200714%2Fmd.mp4,comgenvid,annotated,Sora,vatex_5000_video256,feature_change
comgenvid:datasets/comgenvid/fake/Sora/childrengame_349702204%2Fmd.mp4,comgenvid,annotated,Sora,vatex_5000_video256,feature_change
comgenvid:datasets/comgenvid/fake/Sora/chintubhl4u_743579561%2Fmd.mp4,comgenvid,annotated,Sora,vatex_5000_video256,feature_change
comgenvid:datasets/comgenvid/fake/Sora/chococereal_515762206%2Fmd.mp4,comgenvid,annotated,Sora,vatex_5000_video256,feature_change
comgenvid:datasets/comgenvid/fake/Sora/chokynana_256090007%2Fmd.mp4,comgenvid,annotated,Sora,vatex_5000_video256,feature_change
comgenvid:datasets/comgenvid/fake/Sora/chomai_5046861%2Fmd.mp4,comgenvid,annotated,Sora,vatex_5000_video256,feature_change
comgenvid:datasets/comgenvid/fake/Sora/choomantraa_38810765%2Fmd.mp4,comgenvid,annotated,Sora,vatex_5000_video256,feature_change
comgenvid:datasets/comgenvid/fake/Sora/chris-is-agile_293885078%2Fmd.mp4,comgenvid,annotated,Sora,vatex_5000_video256,feature_change
comgenvid:datasets/comgenvid/fake/Sora/chriskpictures_966578016%2Fmd.mp4,comgenvid,annotated,Sora,vatex_5000_video256,feature_change
comgenvid:datasets/comgenvid/fake/Sora/chrismas_315229662%2Fmd.mp4,comgenvid,annotated,Sora,vatex_5000_video256,feature_change
comgenvid:datasets/comgenvid/fake/Sora/chrismom_245173793%2Fmd.mp4,comgenvid,annotated,Sora,vatex_5000_video256,feature_change
comgenvid:datasets/comgenvid/fake/Sora/christianebechler_619850547%2Fmd.mp4,comgenvid,annotated,Sora,vatex_5000_video256,feature_change
comgenvid:datasets/comgenvid/fake/Sora/chs3_378954854%2Fmd.mp4,comgenvid,annotated,Sora,vatex_5000_video256,feature_change
comgenvid:datasets/comgenvid/fake/Sora/cihjrp_271742031%2Fmd.mp4,comgenvid,annotated,Sora,vatex_5000_video256,feature_change
comgenvid:datasets/comgenvid/fake/Sora/cindyaaa20_453641741%2Fmd.mp4,comgenvid,annotated,Sora,vatex_5000_video256,feature_change
comgenvid:datasets/comgenvid/fake/Sora/clozoro_828586341%2Fmd.mp4,comgenvid,annotated,Sora,vatex_5000_video256,feature_change
comgenvid:datasets/comgenvid/fake/Sora/cmorel1107_699879499%2Fmd.mp4,comgenvid,annotated,Sora,vatex_5000_video256,feature_change
comgenvid:datasets/comgenvid/fake/Sora/cnkim_322777371%2Fmd.mp4,comgenvid,annotated,Sora,vatex_5000_video256,feature_change
comgenvid:datasets/comgenvid/fake/Sora/cnugoodai1gmailcom_729543292%2Fmd.mp4,comgenvid,annotated,Sora,vatex_5000_video256,feature_change
comgenvid:datasets/comgenvid/fake/Sora/cobaxter_870868562%2Fmd.mp4,comgenvid,annotated,Sora,vatex_5000_video256,feature_change
comgenvid:datasets/comgenvid/fake/Sora/codumo_844467006%2Fmd.mp4,comgenvid,annotated,Sora,vatex_5000_video256,feature_change
comgenvid:datasets/comgenvid/fake/Sora/coldrock_240284482%2Fmd.mp4,comgenvid,annotated,Sora,vatex_5000_video256,feature_change
comgenvid:datasets/comgenvid/fake/Sora/compeador_709661667%2Fmd.mp4,comgenvid,annotated,Sora,vatex_5000_video256,feature_change
comgenvid:datasets/comgenvid/fake/Sora/comrade_rt_656517612%2Fmd.mp4,comgenvid,annotated,Sora,vatex_5000_video256,feature_change
comgenvid:datasets/comgenvid/fake/Sora/connorcac_562657148%2Fmd.mp4,comgenvid,annotated,Sora,vatex_5000_video256,feature_change
comgenvid:datasets/comgenvid/fake/Sora/conquestofzabor_465405624%2Fmd.mp4,comgenvid,annotated,Sora,vatex_5000_video256,feature_change
comgenvid:datasets/comgenvid/fake/Sora/consoleout_804775100%2Fmd.mp4,comgenvid,annotated,Sora,vatex_5000_video256,feature_change
comgenvid:datasets/comgenvid/fake/Sora/coolastekatten_324776573%2Fmd.mp4,comgenvid,annotated,Sora,vatex_5000_video256,feature_change
comgenvid:datasets/comgenvid/fake/Sora/coqrouge_309642307%2Fmd.mp4,comgenvid,annotated,Sora,vatex_5000_video256,feature_change
comgenvid:datasets/comgenvid/fake/Sora/corastudio_557670912%2Fmd.mp4,comgenvid,annotated,Sora,vatex_5000_video256,feature_change
comgenvid:datasets/comgenvid/fake/Sora/coretech-video_320299135%2Fmd.mp4,comgenvid,annotated,Sora,vatex_5000_video256,feature_change
comgenvid:datasets/comgenvid/fake/Sora/cosus8662_705151392%2Fmd.mp4,comgenvid,annotated,Sora,vatex_5000_video256,feature_change
comgenvid:datasets/comgenvid/fake/Sora/cottyy_729398960%2Fmd.mp4,comgenvid,annotated,Sora,vatex_5000_video256,feature_change
comgenvid:datasets/comgenvid/fake/Sora/cowuu99_44257172%2Fmd.mp4,comgenvid,annotated,Sora,vatex_5000_video256,feature_change
comgenvid:datasets/comgenvid/fake/Sora/cpnbr_218342187%2Fmd.mp4,comgenvid,annotated,Sora,vatex_5000_video256,feature_change
comgenvid:datasets/comgenvid/fake/Sora/crashhstudio_329054510%2Fmd.mp4,comgenvid,annotated,Sora,vatex_5000_video256,feature_change
comgenvid:datasets/comgenvid/fake/Sora/crazykyo2013_76702406%2Fmd.mp4,comgenvid,annotated,Sora,vatex_5000_video256,feature_change
comgenvid:datasets/comgenvid/fake/Sora/creativai_46115001%2Fmd.mp4,comgenvid,annotated,Sora,vatex_5000_video256,feature_change
comgenvid:datasets/comgenvid/fake/Sora/crimony_37712692%2Fmd.mp4,comgenvid,annotated,Sora,vatex_5000_video256,feature_change
comgenvid:datasets/comgenvid/fake/Sora/crisgonb_682370524%2Fmd.mp4,comgenvid,annotated,Sora,vatex_5000_video256,feature_change
comgenvid:datasets/comgenvid/fake/Sora/crjemara_474014621%2Fmd.mp4,comgenvid,annotated,Sora,vatex_5000_video256,feature_change
comgenvid:datasets/comgenvid/fake/Sora/ctv48930f_231287594%2Fmd.mp4,comgenvid,annotated,Sora,vatex_5000_video256,feature_change
comgenvid:datasets/comgenvid/fake/Sora/cur10uzed_440757292%2Fmd.mp4,comgenvid,annotated,Sora,vatex_5000_video256,feature_change
comgenvid:datasets/comgenvid/fake/Sora/cwbschleser_968737390%2Fmd.mp4,comgenvid,annotated,Sora,vatex_5000_video256,feature_change
comgenvid:datasets/comgenvid/fake/Sora/d3l3t3r_630157237%2Fmd.mp4,comgenvid,annotated,Sora,vatex_5000_video256,feature_change
comgenvid:datasets/comgenvid/fake/Sora/dadada2_watermarked.mp4,comgenvid,annotated,Sora,vatex_5000_video256,feature_change
comgenvid:datasets/comgenvid/fake/Sora/daegyeom1_665546816%2Fmd.mp4,comgenvid,annotated,Sora,vatex_5000_video256,feature_change
comgenvid:datasets/comgenvid/fake/Sora/dakini_cranini_4526540%2Fmd.mp4,comgenvid,annotated,Sora,vatex_5000_video256,feature_change
comgenvid:datasets/comgenvid/fake/Sora/damianon_885106911%2Fmd.mp4,comgenvid,annotated,Sora,vatex_5000_video256,feature_change
comgenvid:datasets/comgenvid/fake/Sora/dan_9999999_343203364%2Fmd.mp4,comgenvid,annotated,Sora,vatex_5000_video256,feature_change
comgenvid:datasets/comgenvid/fake/Sora/dand7_729543769%2Fmd.mp4,comgenvid,annotated,Sora,vatex_5000_video256,feature_change
comgenvid:datasets/comgenvid/fake/Sora/dangerfieldsmith_695531973%2Fmd.mp4,comgenvid,annotated,Sora,vatex_5000_video256,feature_change
comgenvid:datasets/comgenvid/fake/Sora/danieltayxs_660057025%2Fmd.mp4,comgenvid,annotated,Sora,vatex_5000_video256,feature_change
comgenvid:datasets/comgenvid/fake/Sora/darkbloond_370767910%2Fmd.mp4,comgenvid,annotated,Sora,vatex_5000_video256,feature_change
comgenvid:datasets/comgenvid/fake/Sora/daroking_261771646%2Fmd.mp4,comgenvid,annotated,Sora,vatex_5000_video256,feature_change
comgenvid:datasets/comgenvid/fake/Sora/datbv_202053279%2Fmd.mp4,comgenvid,annotated,Sora,vatex_5000_video256,feature_change
comgenvid:datasets/comgenvid/fake/Sora/dathiccboi_watermarked.mp4,comgenvid,annotated,Sora,vatex_5000_video256,feature_change
comgenvid:datasets/comgenvid/fake/Sora/deacon12_154218517%2Fmd.mp4,comgenvid,annotated,Sora,vatex_5000_video256,feature_change
comgenvid:datasets/comgenvid/fake/Sora/deadlycious_473215800%2Fmd.mp4,comgenvid,annotated,Sora,vatex_5000_video256,feature_change
comgenvid:datasets/comgenvid/fake/Sora/debabrat_825324580%2Fmd.mp4,comgenvid,annotated,Sora,vatex_5000_video256,feature_change
comgenvid:datasets/comgenvid/fake/Sora/deep99_567425258%2Fmd.mp4,comgenvid,annotated,Sora,vatex_5000_video256,feature_change
comgenvid:datasets/comgenvid/fake/Sora/deepak2002_311185574%2Fmd.mp4,comgenvid,annotated,Sora,vatex_5000_video256,feature_change
comgenvid:datasets/comgenvid/fake/Sora/deepk_689250595%2Fmd.mp4,comgenvid,annotated,Sora,vatex_5000_video256,feature_change
comgenvid:datasets/comgenvid/fake/Sora/deguru_460443911%2Fmd.mp4,comgenvid,annotated,Sora,vatex_5000_video256,feature_change
comgenvid:datasets/comgenvid/fake/Sora/denai7_377726539%2Fmd.mp4,comgenvid,annotated,Sora,vatex_5000_video256,feature_change
comgenvid:datasets/comgenvid/fake/Sora/denan99_431707645%2Fmd.mp4,comgenvid,annotated,Sora,vatex_5000_video256,feature_change
comgenvid:datasets/comgenvid/fake/Sora/dendemaster_759866418%2Fmd.mp4,comgenvid,annotated,Sora,vatex_5000_video256,feature_change
comgenvid:datasets/comgenvid/fake/Sora/derd4nny_371604535%2Fmd.mp4,comgenvid,annotated,Sora,vatex_5000_video256,feature_change
comgenvid:datasets/comgenvid/fake/Sora/deremkay_401094524%2Fmd.mp4,comgenvid,annotated,Sora,vatex_5000_video256,feature_change
comgenvid:datasets/comgenvid/fake/Sora/derrts_558635912%2Fmd.mp4,comgenvid,annotated,Sora,vatex_5000_video256,feature_change
comgenvid:datasets/comgenvid/fake/Sora/devinmgomez_779564098%2Fmd.mp4,comgenvid,annotated,Sora,vatex_5000_video256,feature_change
comgenvid:datasets/comgenvid/fake/Sora/devoronan_659323%2Fmd.mp4,comgenvid,annotated,Sora,vatex_5000_video256,feature_change
comgenvid:datasets/comgenvid/fake/Sora/devsu_244499584%2Fmd.mp4,comgenvid,annotated,Sora,vatex_5000_video256,feature_change
comgenvid:datasets/comgenvid/fake/Sora/dgamerx_599364467%2Fmd.mp4,comgenvid,annotated,Sora,vatex_5000_video256,feature_change
comgenvid:datasets/comgenvid/fake/Sora/dhavalsabhi1111_175168251%2Fmd.mp4,comgenvid,annotated,Sora,vatex_5000_video256,feature_change
comgenvid:datasets/comgenvid/fake/Sora/dhiraj_96_109508160%2Fmd.mp4,comgenvid,annotated,Sora,vatex_5000_video256,feature_change
comgenvid:datasets/comgenvid/fake/Sora/dhruvkamal_177770023%2Fmd.mp4,comgenvid,annotated,Sora,vatex_5000_video256,feature_change
comgenvid:datasets/comgenvid/fake/Sora/dianazin_31120087%2Fmd.mp4,comgenvid,annotated,Sora,vatex_5000_video256,feature_change
comgenvid:datasets/comgenvid/fake/Sora/digitalwebkrida_530672759%2Fmd.mp4,comgenvid,annotated,Sora,vatex_5000_video256,feature_change
comgenvid:datasets/comgenvid/fake/Sora/digitosdm_257072956%2Fmd.mp4,comgenvid,annotated,Sora,vatex_5000_video256,feature_change
comgenvid:datasets/comgenvid/fake/Sora/dilorc2_928591332%2Fmd.mp4,comgenvid,annotated,Sora,vatex_5000_video256,feature_change
comgenvid:datasets/comgenvid/fake/Sora/dimgouso_917618391%2Fmd.mp4,comgenvid,annotated,Sora,vatex_5000_video256,feature_change
comgenvid:datasets/comgenvid/fake/Sora/dinnguyen_706603630%2Fmd.mp4,comgenvid,annotated,Sora,vatex_5000_video256,feature_change
comgenvid:datasets/comgenvid/fake/Sora/dippitydeep_845152132%2Fmd.mp4,comgenvid,annotated,Sora,vatex_5000_video256,feature_change
comgenvid:datasets/comgenvid/fake/Sora/dirtgamerzz_86749701%2Fmd.mp4,comgenvid,annotated,Sora,vatex_5000_video256,feature_change
comgenvid:datasets/comgenvid/fake/Sora/divyang10_579399429%2Fmd.mp4,comgenvid,annotated,Sora,vatex_5000_video256,feature_change
comgenvid:datasets/comgenvid/fake/Sora/djd1968_970149800%2Fmd.mp4,comgenvid,annotated,Sora,vatex_5000_video256,feature_change
comgenvid:datasets/comgenvid/fake/Sora/djunio7_289785062%2Fmd.mp4,comgenvid,annotated,Sora,vatex_5000_video256,feature_change
comgenvid:datasets/comgenvid/fake/Sora/dkfkq_745665830%2Fmd.mp4,comgenvid,annotated,Sora,vatex_5000_video256,feature_change
comgenvid:datasets/comgenvid/fake/Sora/dkfqksid_79186270%2Fmd.mp4,comgenvid,annotated,Sora,vatex_5000_video256,feature_change
comgenvid:datasets/comgenvid/fake/Sora/dkmagu_426680524%2Fmd.mp4,comgenvid,annotated,Sora,vatex_5000_video256,feature_change
comgenvid:datasets/comgenvid/fake/Sora/dkwalter77_808295025%2Fmd.mp4,comgenvid,annotated,Sora,vatex_5000_video256,feature_change
comgenvid:datasets/comgenvid/fake/Sora/dlw01_397082776%2Fmd.mp4,comgenvid,annotated,Sora,vatex_5000_video256,feature_change
comgenvid:datasets/comgenvid/fake/Sora/dmrdn_945608709%2Fmd.mp4,comgenvid,annotated,Sora,vatex_5000_video256,feature_change
comgenvid:datasets/comgenvid/fake/Sora/dmv7_792530860%2Fmd.mp4,comgenvid,annotated,Sora,vatex_5000_video256,feature_change
comgenvid:datasets/comgenvid/fake/Sora/dneil_929288206%2Fmd.mp4,comgenvid,annotated,Sora,vatex_5000_video256,feature_change
comgenvid:datasets/comgenvid/fake/Sora/docdirk_900439986%2Fmd.mp4,comgenvid,annotated,Sora,vatex_5000_video256,feature_change
comgenvid:datasets/comgenvid/fake/Sora/docente_emmess_775671215%2Fmd.mp4,comgenvid,annotated,Sora,vatex_5000_video256,feature_change
comgenvid:datasets/comgenvid/fake/Sora/dogpamine_73691395%2Fmd.mp4,comgenvid,annotated,Sora,vatex_5000_video256,feature_change
comgenvid:datasets/comgenvid/fake/Sora/dolcevi_454857053%2Fmd.mp4,comgenvid,annotated,Sora,vatex_5000_video256,feature_change
comgenvid:datasets/comgenvid/fake/Sora/domey96_139913611%2Fmd.mp4,comgenvid,annotated,Sora,vatex_5000_video256,feature_change
comgenvid:datasets/comgenvid/fake/Sora/don-olsen_996780737%2Fmd.mp4,comgenvid,annotated,Sora,vatex_5000_video256,feature_change
comgenvid:datasets/comgenvid/fake/Sora/donchepe_507258076%2Fmd.mp4,comgenvid,annotated,Sora,vatex_5000_video256,feature_change
comgenvid:datasets/comgenvid/fake/Sora/dong988_849757725%2Fmd.mp4,comgenvid,annotated,Sora,vatex_5000_video256,feature_change
comgenvid:datasets/comgenvid/fake/Sora/donpapa_236435772%2Fmd.mp4,comgenvid,annotated,Sora,vatex_5000_video256,feature_change
comgenvid:datasets/comgenvid/fake/Sora/dookiecookie_732069723%2Fmd.mp4,comgenvid,annotated,Sora,vatex_5000_video256,feature_change
comgenvid:datasets/comgenvid/fake/Sora/doorinvasion_273464560%2Fmd.mp4,comgenvid,annotated,Sora,vatex_5000_video256,feature_change
comgenvid:datasets/comgenvid/fake/Sora/doroshev_976250727%2Fmd.mp4,comgenvid,annotated,Sora,vatex_5000_video256,feature_change
comgenvid:datasets/comgenvid/fake/Sora/doubtful_445151992%2Fmd.mp4,comgenvid,annotated,Sora,vatex_5000_video256,feature_change
comgenvid:datasets/comgenvid/fake/Sora/dow1_648329452%2Fmd.mp4,comgenvid,annotated,Sora,vatex_5000_video256,feature_change
comgenvid:datasets/comgenvid/fake/Sora/downtroddengoat_365669666%2Fmd.mp4,comgenvid,annotated,Sora,vatex_5000_video256,feature_change
comgenvid:datasets/comgenvid/fake/Sora/dragonvision_852957896%2Fmd.mp4,comgenvid,annotated,Sora,vatex_5000_video256,feature_change
comgenvid:datasets/comgenvid/fake/Sora/drcom0_339739458%2Fmd.mp4,comgenvid,annotated,Sora,vatex_5000_video256,feature_change
comgenvid:datasets/comgenvid/fake/Sora/dreamticket_736925287%2Fmd.mp4,comgenvid,annotated,Sora,vatex_5000_video256,feature_change
comgenvid:datasets/comgenvid/fake/Sora/dronex_59193099%2Fmd.mp4,comgenvid,annotated,Sora,vatex_5000_video256,feature_change
comgenvid:datasets/comgenvid/fake/Sora/drrm_879708150%2Fmd.mp4,comgenvid,annotated,Sora,vatex_5000_video256,feature_change
comgenvid:datasets/comgenvid/fake/Sora/drstaroselsky_462431379%2Fmd.mp4,comgenvid,annotated,Sora,vatex_5000_video256,feature_change
comgenvid:datasets/comgenvid/fake/Sora/druidefuzi_239060436%2Fmd.mp4,comgenvid,annotated,Sora,vatex_5000_video256,feature_change
comgenvid:datasets/comgenvid/fake/Sora/dudxs_watermarked.mp4,comgenvid,annotated,Sora,vatex_5000_video256,feature_change
comgenvid:datasets/comgenvid/fake/Sora/durian3nak_191430588%2Fmd.mp4,comgenvid,annotated,Sora,vatex_5000_video256,feature_change
comgenvid:datasets/comgenvid/fake/Sora/dustbee_99203930%2Fmd.mp4,comgenvid,annotated,Sora,vatex_5000_video256,feature_change
comgenvid:datasets/comgenvid/fake/Sora/duvidl_105618591%2Fmd.mp4,comgenvid,annotated,Sora,vatex_5000_video256,feature_change
comgenvid:datasets/comgenvid/fake/Sora/dxlxb_248886845%2Fmd.mp4,comgenvid,annotated,Sora,vatex_5000_video256,feature_change
comgenvid:datasets/comgenvid/fake/Sora/dynahrm_315303480%2Fmd.mp4,comgenvid,annotated,Sora,vatex_5000_video256,feature_change
comgenvid:datasets/comgenvid/fake/Sora/eafunu_566106041%2Fmd.mp4,comgenvid,annotated,Sora,vatex_5000_video256,feature_change
comgenvid:datasets/comgenvid/fake/Sora/eageroij_788279597%2Fmd.mp4,comgenvid,annotated,Sora,vatex_5000_video256,feature_change
comgenvid:datasets/comgenvid/fake/Sora/ebabe-86_198708927%2Fmd.mp4,comgenvid,annotated,Sora,vatex_5000_video256,feature_change
comgenvid:datasets/comgenvid/fake/Sora/echovia_220719408%2Fmd.mp4,comgenvid,annotated,Sora,vatex_5000_video256,feature_change
comgenvid:datasets/comgenvid/fake/Sora/ecn9633_748655989%2Fmd.mp4,comgenvid,annotated,Sora,vatex_5000_video256,feature_change
comgenvid:datasets/comgenvid/fake/Sora/eddiechau_153115262%2Fmd.mp4,comgenvid,annotated,Sora,vatex_5000_video256,feature_change
comgenvid:datasets/comgenvid/fake/Sora/edisonaikunal_104911536%2Fmd.mp4,comgenvid,annotated,Sora,vatex_5000_video256,feature_change
comgenvid:datasets/comgenvid/fake/Sora/edrfgedsf_172044468%2Fmd.mp4,comgenvid,annotated,Sora,vatex_5000_video256,feature_change
comgenvid:datasets/comgenvid/fake/Sora/edsnxevlla_watermarked.mp4,comgenvid,annotated,Sora,vatex_5000_video256,feature_change
comgenvid:datasets/comgenvid/fake/Sora/edwinho__296508647%2Fmd.mp4,comgenvid,annotated,Sora,vatex_5000_video256,feature_change
comgenvid:datasets/comgenvid/fake/Sora/eea_518469573%2Fmd.mp4,comgenvid,annotated,Sora,vatex_5000_video256,feature_change
comgenvid:datasets/comgenvid/fake/Sora/eekaa_29_767500519%2Fmd.mp4,comgenvid,annotated,Sora,vatex_5000_video256,feature_change
comgenvid:datasets/comgenvid/fake/Sora/effn_844305696%2Fmd.mp4,comgenvid,annotated,Sora,vatex_5000_video256,feature_change
comgenvid:datasets/comgenvid/fake/Sora/ejahshan_520191802%2Fmd.mp4,comgenvid,annotated,Sora,vatex_5000_video256,feature_change
comgenvid:datasets/comgenvid/fake/Sora/ejcheon_632590268%2Fmd.mp4,comgenvid,annotated,Sora,vatex_5000_video256,feature_change
comgenvid:datasets/comgenvid/fake/Sora/ekimsloan_971390084%2Fmd.mp4,comgenvid,annotated,Sora,vatex_5000_video256,feature_change
comgenvid:datasets/comgenvid/fake/Sora/el-_429578756%2Fmd.mp4,comgenvid,annotated,Sora,vatex_5000_video256,feature_change
comgenvid:datasets/comgenvid/fake/Sora/el_greco__247758180%2Fmd.mp4,comgenvid,annotated,Sora,vatex_5000_video256,feature_change
comgenvid:datasets/comgenvid/fake/Sora/elfatal_664268356%2Fmd.mp4,comgenvid,annotated,Sora,vatex_5000_video256,feature_change
comgenvid:datasets/comgenvid/fake/Sora/elimar1998_843811609%2Fmd.mp4,comgenvid,annotated,Sora,vatex_5000_video256,feature_change
comgenvid:datasets/comgenvid/fake/Sora/eljaymesa_626766963%2Fmd.mp4,comgenvid,annotated,Sora,vatex_5000_video256,feature_change
comgenvid:datasets/comgenvid/fake/Sora/ell123456_935419208%2Fmd.mp4,comgenvid,annotated,Sora,vatex_5000_video256,feature_change
comgenvid:datasets/comgenvid/fake/Sora/elliotelliot_77430543%2Fmd.mp4,comgenvid,annotated,Sora,vatex_5000_video256,feature_change
comgenvid:datasets/comgenvid/fake/Sora/elmikafebrina_187372913%2Fmd.mp4,comgenvid,annotated,Sora,vatex_5000_video256,feature_change
comgenvid:datasets/comgenvid/fake/Sora/elmira97_594750276%2Fmd.mp4,comgenvid,annotated,Sora,vatex_5000_video256,feature_change
comgenvid:datasets/comgenvid/fake/Sora/elrike_953310629%2Fmd.mp4,comgenvid,annotated,Sora,vatex_5000_video256,feature_change
comgenvid:datasets/comgenvid/fake/Sora/elt16_822368017%2Fmd.mp4,comgenvid,annotated,Sora,vatex_5000_video256,feature_change
comgenvid:datasets/comgenvid/fake/Sora/enesronaldo_92355579%2Fmd.mp4,comgenvid,annotated,Sora,vatex_5000_video256,feature_change
comgenvid:datasets/comgenvid/fake/Sora/englisheasystudy_728504513%2Fmd.mp4,comgenvid,annotated,Sora,vatex_5000_video256,feature_change
comgenvid:datasets/comgenvid/fake/Sora/erg01_946601838%2Fmd.mp4,comgenvid,annotated,Sora,vatex_5000_video256,feature_change
comgenvid:datasets/comgenvid/fake/Sora/erhaudan_watermarked.mp4,comgenvid,annotated,Sora,vatex_5000_video256,feature_change
comgenvid:datasets/comgenvid/fake/Sora/ericbinek_280719355%2Fmd.mp4,comgenvid,annotated,Sora,vatex_5000_video256,feature_change
comgenvid:datasets/comgenvid/fake/Sora/erichsentax_61247407%2Fmd.mp4,comgenvid,annotated,Sora,vatex_5000_video256,feature_change
comgenvid:datasets/comgenvid/fake/Sora/erickibarra_55706887%2Fmd.mp4,comgenvid,annotated,Sora,vatex_5000_video256,feature_change
comgenvid:datasets/comgenvid/fake/Sora/escheer_817543978%2Fmd.mp4,comgenvid,annotated,Sora,vatex_5000_video256,feature_change
comgenvid:datasets/comgenvid/fake/Sora/essilon_437013608%2Fmd.mp4,comgenvid,annotated,Sora,vatex_5000_video256,feature_change
comgenvid:datasets/comgenvid/fake/Sora/eth1270_932415528%2Fmd.mp4,comgenvid,annotated,Sora,vatex_5000_video256,feature_change
comgenvid:datasets/comgenvid/fake/Sora/eumpage_977590453%2Fmd.mp4,comgenvid,annotated,Sora,vatex_5000_video256,feature_change
comgenvid:datasets/comgenvid/fake/Sora/eun99_457380646%2Fmd.mp4,comgenvid,annotated,Sora,vatex_5000_video256,feature_change
comgenvid:datasets/comgenvid/fake/Sora/evilinvaders1111_388954648%2Fmd.mp4,comgenvid,annotated,Sora,vatex_5000_video256,feature_change
comgenvid:datasets/comgenvid/fake/Sora/exdono_252662804%2Fmd.mp4,comgenvid,annotated,Sora,vatex_5000_video256,feature_change
comgenvid:datasets/comgenvid/fake/Sora/fafhan_707005490%2Fmd.mp4,comgenvid,annotated,Sora,vatex_5000_video256,feature_change
comgenvid:datasets/comgenvid/fake/Sora/fahris_25057194%2Fmd.mp4,comgenvid,annotated,Sora,vatex_5000_video256,feature_change
comgenvid:datasets/comgenvid/fake/Sora/fan66666_402617482%2Fmd.mp4,comgenvid,annotated,Sora,vatex_5000_video256,feature_change
comgenvid:datasets/comgenvid/fake/Sora/fancy009_312071336%2Fmd.mp4,comgenvid,annotated,Sora,vatex_5000_video256,feature_change
comgenvid:datasets/comgenvid/fake/Sora/fantaran_543574120%2Fmd.mp4,comgenvid,annotated,Sora,vatex_5000_video256,feature_change
comgenvid:datasets/comgenvid/fake/Sora/fantasycat_01_810810314%2Fmd.mp4,comgenvid,annotated,Sora,vatex_5000_video256,feature_change
comgenvid:datasets/comgenvid/fake/Sora/farzanaabbas_768419170%2Fmd.mp4,comgenvid,annotated,Sora,vatex_5000_video256,feature_change
comgenvid:datasets/comgenvid/fake/Sora/fashionnat_360058630%2Fmd.mp4,comgenvid,annotated,Sora,vatex_5000_video256,feature_change
comgenvid:datasets/comgenvid/fake/Sora/fatherratner_5665659%2Fmd.mp4,comgenvid,annotated,Sora,vatex_5000_video256,feature_change
comgenvid:datasets/comgenvid/fake/Sora/fathersunite_782861915%2Fmd.mp4,comgenvid,annotated,Sora,vatex_5000_video256,feature_change
comgenvid:datasets/comgenvid/fake/Sora/faultiergpt_980305976%2Fmd.mp4,comgenvid,annotated,Sora,vatex_5000_video256,feature_change
comgenvid:datasets/comgenvid/fake/Sora/fccor_910543542%2Fmd.mp4,comgenvid,annotated,Sora,vatex_5000_video256,feature_change
comgenvid:datasets/comgenvid/fake/Sora/fdfererrereer_659180772%2Fmd.mp4,comgenvid,annotated,Sora,vatex_5000_video256,feature_change
comgenvid:datasets/comgenvid/fake/Sora/fdghhhhhhhhhhhg_999425854%2Fmd.mp4,comgenvid,annotated,Sora,vatex_5000_video256,feature_change
comgenvid:datasets/comgenvid/fake/Sora/fdsf4444_250289996%2Fmd.mp4,comgenvid,annotated,Sora,vatex_5000_video256,feature_change
comgenvid:datasets/comgenvid/fake/Sora/fercc22_171870359%2Fmd.mp4,comgenvid,annotated,Sora,vatex_5000_video256,feature_change
comgenvid:datasets/comgenvid/fake/Sora/ferdigan_963134811%2Fmd.mp4,comgenvid,annotated,Sora,vatex_5000_video256,feature_change
comgenvid:datasets/comgenvid/fake/Sora/fff11232_181424113%2Fmd.mp4,comgenvid,annotated,Sora,vatex_5000_video256,feature_change
comgenvid:datasets/comgenvid/fake/Sora/fgfgcv_869756281%2Fmd.mp4,comgenvid,annotated,Sora,vatex_5000_video256,feature_change
comgenvid:datasets/comgenvid/fake/Sora/figolu69_675850694%2Fmd.mp4,comgenvid,annotated,Sora,vatex_5000_video256,feature_change
comgenvid:datasets/comgenvid/fake/Sora/figuriniste_663293400%2Fmd.mp4,comgenvid,annotated,Sora,vatex_5000_video256,feature_change
comgenvid:datasets/comgenvid/fake/Sora/flash4bes_276602999%2Fmd.mp4,comgenvid,annotated,Sora,vatex_5000_video256,feature_change
comgenvid:datasets/comgenvid/fake/Sora/flepp2025_603653671%2Fmd.mp4,comgenvid,annotated,Sora,vatex_5000_video256,feature_change
comgenvid:datasets/comgenvid/fake/Sora/flexinfo_400707893%2Fmd.mp4,comgenvid,annotated,Sora,vatex_5000_video256,feature_change
comgenvid:datasets/comgenvid/fake/Sora/flightsniper_75221103%2Fmd.mp4,comgenvid,annotated,Sora,vatex_5000_video256,feature_change
comgenvid:datasets/comgenvid/fake/Sora/flip_ayub_26437661%2Fmd.mp4,comgenvid,annotated,Sora,vatex_5000_video256,feature_change
comgenvid:datasets/comgenvid/fake/Sora/focusneo_271191846%2Fmd.mp4,comgenvid,annotated,Sora,vatex_5000_video256,feature_change
comgenvid:datasets/comgenvid/fake/Sora/foodsafety_hyd_18016140%2Fmd.mp4,comgenvid,annotated,Sora,vatex_5000_video256,feature_change
comgenvid:datasets/comgenvid/fake/Sora/fordy09_751823083%2Fmd.mp4,comgenvid,annotated,Sora,vatex_5000_video256,feature_change
comgenvid:datasets/comgenvid/fake/Sora/formanchristian_181030693%2Fmd.mp4,comgenvid,annotated,Sora,vatex_5000_video256,feature_change
comgenvid:datasets/comgenvid/fake/Sora/fpersada_247716691%2Fmd.mp4,comgenvid,annotated,Sora,vatex_5000_video256,feature_change
comgenvid:datasets/comgenvid/fake/Sora/francesco_1311_265110907%2Fmd.mp4,comgenvid,annotated,Sora,vatex_5000_video256,feature_change
comgenvid:datasets/comgenvid/fake/Sora/franciscodelosssantos_174433028%2Fmd.mp4,comgenvid,annotated,Sora,vatex_5000_video256,feature_change
comgenvid:datasets/comgenvid/fake/Sora/frazonline_75275353%2Fmd.mp4,comgenvid,annotated,Sora,vatex_5000_video256,feature_change
comgenvid:datasets/comgenvid/fake/Sora/freakysl_41517390%2Fmd.mp4,comgenvid,annotated,Sora,vatex_5000_video256,feature_change
comgenvid:datasets/comgenvid/fake/Sora/fredofredo72000_198087495%2Fmd.mp4,comgenvid,annotated,Sora,vatex_5000_video256,feature_change
comgenvid:datasets/comgenvid/fake/Sora/fuego_frank_625157043%2Fmd.mp4,comgenvid,annotated,Sora,vatex_5000_video256,feature_change
comgenvid:datasets/comgenvid/fake/Sora/fuki12_514209847%2Fmd.mp4,comgenvid,annotated,Sora,vatex_5000_video256,feature_change
comgenvid:datasets/comgenvid/fake/Sora/fullife_972580013%2Fmd.mp4,comgenvid,annotated,Sora,vatex_5000_video256,feature_change
comgenvid:datasets/comgenvid/fake/Sora/fumiiioooi_723591708%2Fmd.mp4,comgenvid,annotated,Sora,vatex_5000_video256,feature_change
comgenvid:datasets/comgenvid/fake/Sora/funfun92_984322707%2Fmd.mp4,comgenvid,annotated,Sora,vatex_5000_video256,feature_change
comgenvid:datasets/comgenvid/fake/Sora/funnyglm_829411037%2Fmd.mp4,comgenvid,annotated,Sora,vatex_5000_video256,feature_change
comgenvid:datasets/comgenvid/fake/Sora/g4mbitt_251561056%2Fmd.mp4,comgenvid,annotated,Sora,vatex_5000_video256,feature_change
comgenvid:datasets/comgenvid/fake/Sora/gaami_959348673%2Fmd.mp4,comgenvid,annotated,Sora,vatex_5000_video256,feature_change
comgenvid:datasets/comgenvid/fake/Sora/gabrielc_203_695863521%2Fmd.mp4,comgenvid,annotated,Sora,vatex_5000_video256,feature_change
comgenvid:datasets/comgenvid/fake/Sora/gaga12312343_160416655%2Fmd.mp4,comgenvid,annotated,Sora,vatex_5000_video256,feature_change
comgenvid:datasets/comgenvid/fake/Sora/gaichan_594486512%2Fmd.mp4,comgenvid,annotated,Sora,vatex_5000_video256,feature_change
comgenvid:datasets/comgenvid/fake/Sora/ganchan_9658915%2Fmd.mp4,comgenvid,annotated,Sora,vatex_5000_video256,feature_change
comgenvid:datasets/comgenvid/fake/Sora/gaotoon_149249433%2Fmd.mp4,comgenvid,annotated,Sora,vatex_5000_video256,feature_change
comgenvid:datasets/comgenvid/fake/Sora/gapd6_21287967%2Fmd.mp4,comgenvid,annotated,Sora,vatex_5000_video256,feature_change
comgenvid:datasets/comgenvid/fake/Sora/garotojoao_523972916%2Fmd.mp4,comgenvid,annotated,Sora,vatex_5000_video256,feature_change
comgenvid:datasets/comgenvid/fake/Sora/gasuba-na-_342029579%2Fmd.mp4,comgenvid,annotated,Sora,vatex_5000_video256,feature_change
comgenvid:datasets/comgenvid/fake/Sora/gauravsingh4268_942656298%2Fmd.mp4,comgenvid,annotated,Sora,vatex_5000_video256,feature_change
comgenvid:datasets/comgenvid/fake/Sora/gclapham_544243996%2Fmd.mp4,comgenvid,annotated,Sora,vatex_5000_video256,feature_change
comgenvid:datasets/comgenvid/fake/Sora/ge0rge89_777617921%2Fmd.mp4,comgenvid,annotated,Sora,vatex_5000_video256,feature_change
comgenvid:datasets/comgenvid/fake/Sora/gelugu_377901294%2Fmd.mp4,comgenvid,annotated,Sora,vatex_5000_video256,feature_change
comgenvid:datasets/comgenvid/fake/Sora/genesissoma_95768650%2Fmd.mp4,comgenvid,annotated,Sora,vatex_5000_video256,feature_change
comgenvid:datasets/comgenvid/fake/Sora/genvideoki_188217267%2Fmd.mp4,comgenvid,annotated,Sora,vatex_5000_video256,feature_change
comgenvid:datasets/comgenvid/fake/Sora/geoeira_262793738%2Fmd.mp4,comgenvid,annotated,Sora,vatex_5000_video256,feature_change
comgenvid:datasets/comgenvid/fake/Sora/geommakri_171957923%2Fmd.mp4,comgenvid,annotated,Sora,vatex_5000_video256,feature_change
comgenvid:datasets/comgenvid/fake/Sora/geongangmi_731864692%2Fmd.mp4,comgenvid,annotated,Sora,vatex_5000_video256,feature_change
comgenvid:datasets/comgenvid/fake/Sora/georgelivingstona_910043255%2Fmd.mp4,comgenvid,annotated,Sora,vatex_5000_video256,feature_change
comgenvid:datasets/comgenvid/fake/Sora/gerald9_232921283%2Fmd.mp4,comgenvid,annotated,Sora,vatex_5000_video256,feature_change
comgenvid:datasets/comgenvid/fake/Sora/gerardoki_377835783%2Fmd.mp4,comgenvid,annotated,Sora,vatex_5000_video256,feature_change
comgenvid:datasets/comgenvid/fake/Sora/gergelykovacs1983_739310197%2Fmd.mp4,comgenvid,annotated,Sora,vatex_5000_video256,feature_change
comgenvid:datasets/comgenvid/fake/Sora/germannick_86639057%2Fmd.mp4,comgenvid,annotated,Sora,vatex_5000_video256,feature_change
comgenvid:datasets/comgenvid/fake/Sora/gerold61_788300290%2Fmd.mp4,comgenvid,annotated,Sora,vatex_5000_video256,feature_change
comgenvid:datasets/comgenvid/fake/Sora/gertwilvenemagmailcom_455623523%2Fmd.mp4,comgenvid,annotated,Sora,vatex_5000_video256,feature_change
comgenvid:datasets/comgenvid/fake/Sora/getwebbed_271519455%2Fmd.mp4,comgenvid,annotated,Sora,vatex_5000_video256,feature_change
comgenvid:datasets/comgenvid/fake/Sora/gi4ma_714220672%2Fmd.mp4,comgenvid,annotated,Sora,vatex_5000_video256,feature_change
comgenvid:datasets/comgenvid/fake/Sora/gigi0602_64830481%2Fmd.mp4,comgenvid,annotated,Sora,vatex_5000_video256,feature_change
comgenvid:datasets/comgenvid/fake/Sora/gilmomedia_357265093%2Fmd.mp4,comgenvid,annotated,Sora,vatex_5000_video256,feature_change
comgenvid:datasets/comgenvid/fake/Sora/gilstraussmecom_740624672%2Fmd.mp4,comgenvid,annotated,Sora,vatex_5000_video256,feature_change
comgenvid:datasets/comgenvid/fake/Sora/gimdonghun_320759929%2Fmd.mp4,comgenvid,annotated,Sora,vatex_5000_video256,feature_change
comgenvid:datasets/comgenvid/fake/Sora/gimlet5_643840082%2Fmd.mp4,comgenvid,annotated,Sora,vatex_5000_video256,feature_change
comgenvid:datasets/comgenvid/fake/Sora/gio199999_299397529%2Fmd.mp4,comgenvid,annotated,Sora,vatex_5000_video256,feature_change
comgenvid:datasets/comgenvid/fake/Sora/giri1978_61831221%2Fmd.mp4,comgenvid,annotated,Sora,vatex_5000_video256,feature_change
comgenvid:datasets/comgenvid/fake/Sora/giumafra_731864805%2Fmd.mp4,comgenvid,annotated,Sora,vatex_5000_video256,feature_change
comgenvid:datasets/comgenvid/fake/Sora/glum06_737807537%2Fmd.mp4,comgenvid,annotated,Sora,vatex_5000_video256,feature_change
comgenvid:datasets/comgenvid/fake/Sora/gnah122_539420798%2Fmd.mp4,comgenvid,annotated,Sora,vatex_5000_video256,feature_change
comgenvid:datasets/comgenvid/fake/Sora/goalinn_867478110%2Fmd.mp4,comgenvid,annotated,Sora,vatex_5000_video256,feature_change
comgenvid:datasets/comgenvid/fake/Sora/goe396_372727511%2Fmd.mp4,comgenvid,annotated,Sora,vatex_5000_video256,feature_change
comgenvid:datasets/comgenvid/fake/Sora/goipon_326967631%2Fmd.mp4,comgenvid,annotated,Sora,vatex_5000_video256,feature_change
comgenvid:datasets/comgenvid/fake/Sora/gokuygohan_582986112%2Fmd.mp4,comgenvid,annotated,Sora,vatex_5000_video256,feature_change
comgenvid:datasets/comgenvid/fake/Sora/gongdonghui_157837114%2Fmd.mp4,comgenvid,annotated,Sora,vatex_5000_video256,feature_change
comgenvid:datasets/comgenvid/fake/Sora/gorain_580903709%2Fmd.mp4,comgenvid,annotated,Sora,vatex_5000_video256,feature_change
comgenvid:datasets/comgenvid/fake/Sora/gotham22143_255625921%2Fmd.mp4,comgenvid,annotated,Sora,vatex_5000_video256,feature_change
comgenvid:datasets/comgenvid/fake/Sora/grandyy_456017468%2Fmd.mp4,comgenvid,annotated,Sora,vatex_5000_video256,feature_change
comgenvid:datasets/comgenvid/fake/Sora/grimreaper_650_210975587%2Fmd.mp4,comgenvid,annotated,Sora,vatex_5000_video256,feature_change
comgenvid:datasets/comgenvid/fake/Sora/grullmash_181079615%2Fmd.mp4,comgenvid,annotated,Sora,vatex_5000_video256,feature_change
comgenvid:datasets/comgenvid/fake/Sora/grwo_652824664%2Fmd.mp4,comgenvid,annotated,Sora,vatex_5000_video256,feature_change
comgenvid:datasets/comgenvid/fake/Sora/gtsir_592899335%2Fmd.mp4,comgenvid,annotated,Sora,vatex_5000_video256,feature_change
comgenvid:datasets/comgenvid/fake/Sora/gugeron_376915645%2Fmd.mp4,comgenvid,annotated,Sora,vatex_5000_video256,feature_change
comgenvid:datasets/comgenvid/fake/Sora/gurmannnpreet_765593847%2Fmd.mp4,comgenvid,annotated,Sora,vatex_5000_video256,feature_change
comgenvid:datasets/comgenvid/fake/Sora/gutoarruda123_617186063%2Fmd.mp4,comgenvid,annotated,Sora,vatex_5000_video256,feature_change
comgenvid:datasets/comgenvid/fake/Sora/habithai_120013945%2Fmd.mp4,comgenvid,annotated,Sora,vatex_5000_video256,feature_change
comgenvid:datasets/comgenvid/fake/Sora/hackcrack_468307879%2Fmd.mp4,comgenvid,annotated,Sora,vatex_5000_video256,feature_change
comgenvid:datasets/comgenvid/fake/Sora/hain7_567128618%2Fmd.mp4,comgenvid,annotated,Sora,vatex_5000_video256,feature_change
comgenvid:datasets/comgenvid/fake/Sora/halon3_433256855%2Fmd.mp4,comgenvid,annotated,Sora,vatex_5000_video256,feature_change
comgenvid:datasets/comgenvid/fake/Sora/hamnaz_830425429%2Fmd.mp4,comgenvid,annotated,Sora,vatex_5000_video256,feature_change
comgenvid:datasets/comgenvid/fake/Sora/hang41_949506370%2Fmd.mp4,comgenvid,annotated,Sora,vatex_5000_video256,feature_change
comgenvid:datasets/comgenvid/fake/Sora/hanjaejin_899894474%2Fmd.mp4,comgenvid,annotated,Sora,vatex_5000_video256,feature_change
comgenvid:datasets/comgenvid/fake/Sora/hardyfan863_851916789%2Fmd.mp4,comgenvid,annotated,Sora,vatex_5000_video256,feature_change
comgenvid:datasets/comgenvid/fake/Sora/hariviswanathan_952791628%2Fmd.mp4,comgenvid,annotated,Sora,vatex_5000_video256,feature_change
comgenvid:datasets/comgenvid/fake/Sora/harunsinger_882862013%2Fmd.mp4,comgenvid,annotated,Sora,vatex_5000_video256,feature_change
comgenvid:datasets/comgenvid/fake/Sora/harusunshine_450175492%2Fmd.mp4,comgenvid,annotated,Sora,vatex_5000_video256,feature_change
comgenvid:datasets/comgenvid/fake/Sora/harvenger_737845649%2Fmd.mp4,comgenvid,annotated,Sora,vatex_5000_video256,feature_change
comgenvid:datasets/comgenvid/fake/Sora/harvestcovenant_201124291%2Fmd.mp4,comgenvid,annotated,Sora,vatex_5000_video256,feature_change
comgenvid:datasets/comgenvid/fake/Sora/hasdaddy_170180644%2Fmd.mp4,comgenvid,annotated,Sora,vatex_5000_video256,feature_change
comgenvid:datasets/comgenvid/fake/Sora/hass18_741450444%2Fmd.mp4,comgenvid,annotated,Sora,vatex_5000_video256,feature_change
comgenvid:datasets/comgenvid/fake/Sora/hayodele_456014574%2Fmd.mp4,comgenvid,annotated,Sora,vatex_5000_video256,feature_change
comgenvid:datasets/comgenvid/fake/Sora/hbao_311792413%2Fmd.mp4,comgenvid,annotated,Sora,vatex_5000_video256,feature_change
comgenvid:datasets/comgenvid/fake/Sora/hebingcheng_94020428%2Fmd.mp4,comgenvid,annotated,Sora,vatex_5000_video256,feature_change
comgenvid:datasets/comgenvid/fake/Sora/heinert_544304282%2Fmd.mp4,comgenvid,annotated,Sora,vatex_5000_video256,feature_change
comgenvid:datasets/comgenvid/fake/Sora/helegiel_306124228%2Fmd.mp4,comgenvid,annotated,Sora,vatex_5000_video256,feature_change
comgenvid:datasets/comgenvid/fake/Sora/helen-of-troy_926105390%2Fmd.mp4,comgenvid,annotated,Sora,vatex_5000_video256,feature_change
comgenvid:datasets/comgenvid/fake/Sora/heloo66_966200006%2Fmd.mp4,comgenvid,annotated,Sora,vatex_5000_video256,feature_change
comgenvid:datasets/comgenvid/fake/Sora/hemak_723498806%2Fmd.mp4,comgenvid,annotated,Sora,vatex_5000_video256,feature_change
comgenvid:datasets/comgenvid/fake/Sora/henry_hwang_775883289%2Fmd.mp4,comgenvid,annotated,Sora,vatex_5000_video256,feature_change
comgenvid:datasets/comgenvid/fake/Sora/herkenhoffs_978975480%2Fmd.mp4,comgenvid,annotated,Sora,vatex_5000_video256,feature_change
comgenvid:datasets/comgenvid/fake/Sora/hermanossoccer_55879464%2Fmd.mp4,comgenvid,annotated,Sora,vatex_5000_video256,feature_change
comgenvid:datasets/comgenvid/fake/Sora/heryrason_401581354%2Fmd.mp4,comgenvid,annotated,Sora,vatex_5000_video256,feature_change
comgenvid:datasets/comgenvid/fake/Sora/hestcreative_693511783%2Fmd.mp4,comgenvid,annotated,Sora,vatex_5000_video256,feature_change
comgenvid:datasets/comgenvid/fake/Sora/het1402_851608003%2Fmd.mp4,comgenvid,annotated,Sora,vatex_5000_video256,feature_change
comgenvid:datasets/comgenvid/fake/Sora/hibeagle_537720141%2Fmd.mp4,comgenvid,annotated,Sora,vatex_5000_video256,feature_change
comgenvid:datasets/comgenvid/fake/Sora/highbud_88989277%2Fmd.mp4,comgenvid,annotated,Sora,vatex_5000_video256,feature_change
comgenvid:datasets/comgenvid/fake/Sora/hildengpt_485161972%2Fmd.mp4,comgenvid,annotated,Sora,vatex_5000_video256,feature_change
comgenvid:datasets/comgenvid/fake/Sora/hinarino_786556878%2Fmd.mp4,comgenvid,annotated,Sora,vatex_5000_video256,feature_change
comgenvid:datasets/comgenvid/fake/Sora/hirobonstudio_234092156%2Fmd.mp4,comgenvid,annotated,Sora,vatex_5000_video256,feature_change
comgenvid:datasets/comgenvid/fake/Sora/hirose0725_388456515%2Fmd.mp4,comgenvid,annotated,Sora,vatex_5000_video256,feature_change
comgenvid:datasets/comgenvid/fake/Sora/hisashin1975_466060065%2Fmd.mp4,comgenvid,annotated,Sora,vatex_5000_video256,feature_change
comgenvid:datasets/comgenvid/fake/Sora/hit420_63888530%2Fmd.mp4,comgenvid,annotated,Sora,vatex_5000_video256,feature_change
comgenvid:datasets/comgenvid/fake/Sora/hoevers_137565996%2Fmd.mp4,comgenvid,annotated,Sora,vatex_5000_video256,feature_change
comgenvid:datasets/comgenvid/fake/Sora/holdenb000_511801582%2Fmd.mp4,comgenvid,annotated,Sora,vatex_5000_video256,feature_change
comgenvid:datasets/comgenvid/fake/Sora/holliem_34475579%2Fmd.mp4,comgenvid,annotated,Sora,vatex_5000_video256,feature_change
comgenvid:datasets/comgenvid/fake/Sora/hollywood26_918417423%2Fmd.mp4,comgenvid,annotated,Sora,vatex_5000_video256,feature_change
comgenvid:datasets/comgenvid/fake/Sora/holmes1685_676282149%2Fmd.mp4,comgenvid,annotated,Sora,vatex_5000_video256,feature_change
comgenvid:datasets/comgenvid/fake/Sora/hongjmd_341764284%2Fmd.mp4,comgenvid,annotated,Sora,vatex_5000_video256,feature_change
comgenvid:datasets/comgenvid/fake/Sora/honorable1_579788276%2Fmd.mp4,comgenvid,annotated,Sora,vatex_5000_video256,feature_change
comgenvid:datasets/comgenvid/fake/Sora/hoosurdady45_479301729%2Fmd.mp4,comgenvid,annotated,Sora,vatex_5000_video256,feature_change
comgenvid:datasets/comgenvid/fake/Sora/hrushiusername__718885808%2Fmd.mp4,comgenvid,annotated,Sora,vatex_5000_video256,feature_change
comgenvid:datasets/comgenvid/fake/Sora/huettche_420044687%2Fmd.mp4,comgenvid,annotated,Sora,vatex_5000_video256,feature_change
comgenvid:datasets/comgenvid/fake/Sora/hugjklojl_369642332%2Fmd.mp4,comgenvid,annotated,Sora,vatex_5000_video256,feature_change
comgenvid:datasets/comgenvid/fake/Sora/huhuhun_329010096%2Fmd.mp4,comgenvid,annotated,Sora,vatex_5000_video256,feature_change
comgenvid:datasets/comgenvid/fake/Sora/hunchotest_114722156%2Fmd.mp4,comgenvid,annotated,Sora,vatex_5000_video256,feature_change
comgenvid:datasets/comgenvid/fake/Sora/husseinalsafi_669032360%2Fmd.mp4,comgenvid,annotated,Sora,vatex_5000_video256,feature_change
comgenvid:datasets/comgenvid/fake/Sora/huydat1_730838639%2Fmd.mp4,comgenvid,annotated,Sora,vatex_5000_video256,feature_change
comgenvid:datasets/comgenvid/fake/Sora/iamabhijith_19213187%2Fmd.mp4,comgenvid,annotated,Sora,vatex_5000_video256,feature_change
comgenvid:datasets/comgenvid/fake/Sora/iamjag_507663808%2Fmd.mp4,comgenvid,annotated,Sora,vatex_5000_video256,feature_change
comgenvid:datasets/comgenvid/fake/Sora/iamkartikeya_908444902%2Fmd.mp4,comgenvid,annotated,Sora,vatex_5000_video256,feature_change
comgenvid:datasets/comgenvid/fake/Sora/ibkdeep_945984265%2Fmd.mp4,comgenvid,annotated,Sora,vatex_5000_video256,feature_change
comgenvid:datasets/comgenvid/fake/Sora/icc1_750454441%2Fmd.mp4,comgenvid,annotated,Sora,vatex_5000_video256,feature_change
comgenvid:datasets/comgenvid/fake/Sora/icecube1415_716866809%2Fmd.mp4,comgenvid,annotated,Sora,vatex_5000_video256,feature_change
comgenvid:datasets/comgenvid/fake/Sora/icjames_478524987%2Fmd.mp4,comgenvid,annotated,Sora,vatex_5000_video256,feature_change
comgenvid:datasets/comgenvid/fake/Sora/ictoken_239589133%2Fmd.mp4,comgenvid,annotated,Sora,vatex_5000_video256,feature_change
comgenvid:datasets/comgenvid/fake/Sora/idayvuelta_405473922%2Fmd.mp4,comgenvid,annotated,Sora,vatex_5000_video256,feature_change
comgenvid:datasets/comgenvid/fake/Sora/idbrg_893262572%2Fmd.mp4,comgenvid,annotated,Sora,vatex_5000_video256,feature_change
comgenvid:datasets/comgenvid/fake/Sora/idealcollagen_816106618%2Fmd.mp4,comgenvid,annotated,Sora,vatex_5000_video256,feature_change
comgenvid:datasets/comgenvid/fake/Sora/idhun_867370191%2Fmd.mp4,comgenvid,annotated,Sora,vatex_5000_video256,feature_change
comgenvid:datasets/comgenvid/fake/Sora/idisonakaman_726288976%2Fmd.mp4,comgenvid,annotated,Sora,vatex_5000_video256,feature_change
comgenvid:datasets/comgenvid/fake/Sora/iegjr_272062666%2Fmd.mp4,comgenvid,annotated,Sora,vatex_5000_video256,feature_change
comgenvid:datasets/comgenvid/fake/Sora/ignastefanini_997678504%2Fmd.mp4,comgenvid,annotated,Sora,vatex_5000_video256,feature_change
comgenvid:datasets/comgenvid/fake/Sora/ihvkjerh56_491647147%2Fmd.mp4,comgenvid,annotated,Sora,vatex_5000_video256,feature_change
comgenvid:datasets/comgenvid/fake/Sora/ilayis_728369313%2Fmd.mp4,comgenvid,annotated,Sora,vatex_5000_video256,feature_change
comgenvid:datasets/comgenvid/fake/Sora/ilhamiekrem_422156761%2Fmd.mp4,comgenvid,annotated,Sora,vatex_5000_video256,feature_change
comgenvid:datasets/comgenvid/fake/Sora/illabo_468610594%2Fmd.mp4,comgenvid,annotated,Sora,vatex_5000_video256,feature_change
comgenvid:datasets/comgenvid/fake/Sora/illilui_685099558%2Fmd.mp4,comgenvid,annotated,Sora,vatex_5000_video256,feature_change
comgenvid:datasets/comgenvid/fake/Sora/ilya444222_607724229%2Fmd.mp4,comgenvid,annotated,Sora,vatex_5000_video256,feature_change
comgenvid:datasets/comgenvid/fake/Sora/imageofsar_414834608%2Fmd.mp4,comgenvid,annotated,Sora,vatex_5000_video256,feature_change
comgenvid:datasets/comgenvid/fake/Sora/imbalcarta_907739575%2Fmd.mp4,comgenvid,annotated,Sora,vatex_5000_video256,feature_change
comgenvid:datasets/comgenvid/fake/Sora/imdaniel_329734093%2Fmd.mp4,comgenvid,annotated,Sora,vatex_5000_video256,feature_change
comgenvid:datasets/comgenvid/fake/Sora/imgisthelimit_142190191%2Fmd.mp4,comgenvid,annotated,Sora,vatex_5000_video256,feature_change
comgenvid:datasets/comgenvid/fake/Sora/imperialx_655252363%2Fmd.mp4,comgenvid,annotated,Sora,vatex_5000_video256,feature_change
comgenvid:datasets/comgenvid/fake/Sora/infinitiserve_838517177%2Fmd.mp4,comgenvid,annotated,Sora,vatex_5000_video256,feature_change
comgenvid:datasets/comgenvid/fake/Sora/infoslanakgmailcom_102521982%2Fmd.mp4,comgenvid,annotated,Sora,vatex_5000_video256,feature_change
comgenvid:datasets/comgenvid/fake/Sora/interopia_364231176%2Fmd.mp4,comgenvid,annotated,Sora,vatex_5000_video256,feature_change
comgenvid:datasets/comgenvid/fake/Sora/inximkr_714238610%2Fmd.mp4,comgenvid,annotated,Sora,vatex_5000_video256,feature_change
comgenvid:datasets/comgenvid/fake/Sora/ioannaiva_689278227%2Fmd.mp4,comgenvid,annotated,Sora,vatex_5000_video256,feature_change
comgenvid:datasets/comgenvid/fake/Sora/ioh777_744392517%2Fmd.mp4,comgenvid,annotated,Sora,vatex_5000_video256,feature_change
comgenvid:datasets/comgenvid/fake/Sora/ipman33_824593088%2Fmd.mp4,comgenvid,annotated,Sora,vatex_5000_video256,feature_change
comgenvid:datasets/comgenvid/fake/Sora/iris_77_533310116%2Fmd.mp4,comgenvid,annotated,Sora,vatex_5000_video256,feature_change
comgenvid:datasets/comgenvid/fake/Sora/irise2025_60511699%2Fmd.mp4,comgenvid,annotated,Sora,vatex_5000_video256,feature_change
comgenvid:datasets/comgenvid/fake/Sora/irmatorres_137920054%2Fmd.mp4,comgenvid,annotated,Sora,vatex_5000_video256,feature_change
comgenvid:datasets/comgenvid/fake/Sora/isajose_466624048%2Fmd.mp4,comgenvid,annotated,Sora,vatex_5000_video256,feature_change
comgenvid:datasets/comgenvid/fake/Sora/isapeace_290797384%2Fmd.mp4,comgenvid,annotated,Sora,vatex_5000_video256,feature_change
comgenvid:datasets/comgenvid/fake/Sora/ishanmail28_484977411%2Fmd.mp4,comgenvid,annotated,Sora,vatex_5000_video256,feature_change
comgenvid:datasets/comgenvid/fake/Sora/islaniamh_141446391%2Fmd.mp4,comgenvid,annotated,Sora,vatex_5000_video256,feature_change
comgenvid:datasets/comgenvid/fake/Sora/ism_122875593%2Fmd.mp4,comgenvid,annotated,Sora,vatex_5000_video256,feature_change
comgenvid:datasets/comgenvid/fake/Sora/itscarlosrios_248447563%2Fmd.mp4,comgenvid,annotated,Sora,vatex_5000_video256,feature_change
comgenvid:datasets/comgenvid/fake/Sora/itsokbutno_271983187%2Fmd.mp4,comgenvid,annotated,Sora,vatex_5000_video256,feature_change
comgenvid:datasets/comgenvid/fake/Sora/itzbeckz_470277008%2Fmd.mp4,comgenvid,annotated,Sora,vatex_5000_video256,feature_change
comgenvid:datasets/comgenvid/fake/Sora/ivanivanivan1_309324009%2Fmd.mp4,comgenvid,annotated,Sora,vatex_5000_video256,feature_change
comgenvid:datasets/comgenvid/fake/Sora/j_lock55_626070219%2Fmd.mp4,comgenvid,annotated,Sora,vatex_5000_video256,feature_change
comgenvid:datasets/comgenvid/fake/Sora/jackadhd_344785515%2Fmd.mp4,comgenvid,annotated,Sora,vatex_5000_video256,feature_change
comgenvid:datasets/comgenvid/fake/Sora/jackhipins_649721170%2Fmd.mp4,comgenvid,annotated,Sora,vatex_5000_video256,feature_change
comgenvid:datasets/comgenvid/fake/Sora/jacksk_701698230%2Fmd.mp4,comgenvid,annotated,Sora,vatex_5000_video256,feature_change
comgenvid:datasets/comgenvid/fake/Sora/jademagnum_watermarked.mp4,comgenvid,annotated,Sora,vatex_5000_video256,feature_change
comgenvid:datasets/comgenvid/fake/Sora/jaimetrevino_430286853%2Fmd.mp4,comgenvid,annotated,Sora,vatex_5000_video256,feature_change
comgenvid:datasets/comgenvid/fake/Sora/jairgf8_9552676%2Fmd.mp4,comgenvid,annotated,Sora,vatex_5000_video256,feature_change
comgenvid:datasets/comgenvid/fake/Sora/jallday_720591041%2Fmd.mp4,comgenvid,annotated,Sora,vatex_5000_video256,feature_change
comgenvid:datasets/comgenvid/fake/Sora/jam14_414903139%2Fmd.mp4,comgenvid,annotated,Sora,vatex_5000_video256,feature_change
comgenvid:datasets/comgenvid/fake/Sora/janellea_292080081%2Fmd.mp4,comgenvid,annotated,Sora,vatex_5000_video256,feature_change
comgenvid:datasets/comgenvid/fake/Sora/janjan20_700688902%2Fmd.mp4,comgenvid,annotated,Sora,vatex_5000_video256,feature_change
comgenvid:datasets/comgenvid/fake/Sora/janzuary_487873408%2Fmd.mp4,comgenvid,annotated,Sora,vatex_5000_video256,feature_change
comgenvid:datasets/comgenvid/fake/Sora/jason564_573757719%2Fmd.mp4,comgenvid,annotated,Sora,vatex_5000_video256,feature_change
comgenvid:datasets/comgenvid/fake/Sora/jason_0112_999326806%2Fmd.mp4,comgenvid,annotated,Sora,vatex_5000_video256,feature_change
comgenvid:datasets/comgenvid/fake/Sora/jasonrink_398413126%2Fmd.mp4,comgenvid,annotated,Sora,vatex_5000_video256,feature_change
comgenvid:datasets/comgenvid/fake/Sora/jauntybadger_159865527%2Fmd.mp4,comgenvid,annotated,Sora,vatex_5000_video256,feature_change
comgenvid:datasets/comgenvid/fake/Sora/jax0817_386768246%2Fmd.mp4,comgenvid,annotated,Sora,vatex_5000_video256,feature_change
comgenvid:datasets/comgenvid/fake/Sora/jaydenliu99_712857750%2Fmd.mp4,comgenvid,annotated,Sora,vatex_5000_video256,feature_change
comgenvid:datasets/comgenvid/fake/Sora/jayvillaver78_804808830%2Fmd.mp4,comgenvid,annotated,Sora,vatex_5000_video256,feature_change
comgenvid:datasets/comgenvid/fake/Sora/jazbean_610517503%2Fmd.mp4,comgenvid,annotated,Sora,vatex_5000_video256,feature_change
comgenvid:datasets/comgenvid/fake/Sora/jazminedeluna__830573001%2Fmd.mp4,comgenvid,annotated,Sora,vatex_5000_video256,feature_change
comgenvid:datasets/comgenvid/fake/Sora/jbkcd_524956592%2Fmd.mp4,comgenvid,annotated,Sora,vatex_5000_video256,feature_change
comgenvid:datasets/comgenvid/fake/Sora/jc2006_156122584%2Fmd.mp4,comgenvid,annotated,Sora,vatex_5000_video256,feature_change
comgenvid:datasets/comgenvid/fake/Sora/jchrispin_668493906%2Fmd.mp4,comgenvid,annotated,Sora,vatex_5000_video256,feature_change
comgenvid:datasets/comgenvid/fake/Sora/jct27_610742747%2Fmd.mp4,comgenvid,annotated,Sora,vatex_5000_video256,feature_change
comgenvid:datasets/comgenvid/fake/Sora/jeff1688_watermarked.mp4,comgenvid,annotated,Sora,vatex_5000_video256,feature_change
comgenvid:datasets/comgenvid/fake/Sora/jeffk21_661425512%2Fmd.mp4,comgenvid,annotated,Sora,vatex_5000_video256,feature_change
comgenvid:datasets/comgenvid/fake/Sora/jeffreyzou_775207158%2Fmd.mp4,comgenvid,annotated,Sora,vatex_5000_video256,feature_change
comgenvid:datasets/comgenvid/fake/Sora/jeonghuijeong_992609226%2Fmd.mp4,comgenvid,annotated,Sora,vatex_5000_video256,feature_change
comgenvid:datasets/comgenvid/fake/Sora/jeroenbas_704163635%2Fmd.mp4,comgenvid,annotated,Sora,vatex_5000_video256,feature_change
comgenvid:datasets/comgenvid/fake/Sora/jesuschavito_811434120%2Fmd.mp4,comgenvid,annotated,Sora,vatex_5000_video256,feature_change
comgenvid:datasets/comgenvid/fake/Sora/jesusfrustrado_296465501%2Fmd.mp4,comgenvid,annotated,Sora,vatex_5000_video256,feature_change
comgenvid:datasets/comgenvid/fake/Sora/jesusinkerala_519686254%2Fmd.mp4,comgenvid,annotated,Sora,vatex_5000_video256,feature_change
comgenvid:datasets/comgenvid/fake/Sora/jesustarrr_301218199%2Fmd.mp4,comgenvid,annotated,Sora,vatex_5000_video256,feature_change
comgenvid:datasets/comgenvid/fake/Sora/jgs1992_706659641%2Fmd.mp4,comgenvid,annotated,Sora,vatex_5000_video256,feature_change
comgenvid:datasets/comgenvid/fake/Sora/jhyjmi7_852417034%2Fmd.mp4,comgenvid,annotated,Sora,vatex_5000_video256,feature_change
comgenvid:datasets/comgenvid/fake/Sora/jiavansh_851258748%2Fmd.mp4,comgenvid,annotated,Sora,vatex_5000_video256,feature_change
comgenvid:datasets/comgenvid/fake/Sora/jihea_639834535%2Fmd.mp4,comgenvid,annotated,Sora,vatex_5000_video256,feature_change
comgenvid:datasets/comgenvid/fake/Sora/jildo420_674536644%2Fmd.mp4,comgenvid,annotated,Sora,vatex_5000_video256,feature_change
comgenvid:datasets/comgenvid/fake/Sora/jimmyscat_182007748%2Fmd.mp4,comgenvid,annotated,Sora,vatex_5000_video256,feature_change
comgenvid:datasets/comgenvid/fake/Sora/jimymukmin_137635841%2Fmd.mp4,comgenvid,annotated,Sora,vatex_5000_video256,feature_change
comgenvid:datasets/comgenvid/fake/Sora/jin48mailru_24640877%2Fmd.mp4,comgenvid,annotated,Sora,vatex_5000_video256,feature_change
comgenvid:datasets/comgenvid/fake/Sora/jindodddd_742210789%2Fmd.mp4,comgenvid,annotated,Sora,vatex_5000_video256,feature_change
comgenvid:datasets/comgenvid/fake/Sora/jinjinjeong_547063959%2Fmd.mp4,comgenvid,annotated,Sora,vatex_5000_video256,feature_change
comgenvid:datasets/comgenvid/fake/Sora/jinnorix_511428509%2Fmd.mp4,comgenvid,annotated,Sora,vatex_5000_video256,feature_change
comgenvid:datasets/comgenvid/fake/Sora/jjinsunglee6945_193019935%2Fmd.mp4,comgenvid,annotated,Sora,vatex_5000_video256,feature_change
comgenvid:datasets/comgenvid/fake/Sora/jk0019_135807324%2Fmd.mp4,comgenvid,annotated,Sora,vatex_5000_video256,feature_change
comgenvid:datasets/comgenvid/fake/Sora/jlcjr1991_682835269%2Fmd.mp4,comgenvid,annotated,Sora,vatex_5000_video256,feature_change
comgenvid:datasets/comgenvid/fake/Sora/jmallut_636554510%2Fmd.mp4,comgenvid,annotated,Sora,vatex_5000_video256,feature_change
comgenvid:datasets/comgenvid/fake/Sora/jmth_488817098%2Fmd.mp4,comgenvid,annotated,Sora,vatex_5000_video256,feature_change
comgenvid:datasets/comgenvid/fake/Sora/joansehi_867021446%2Fmd.mp4,comgenvid,annotated,Sora,vatex_5000_video256,feature_change
comgenvid:datasets/comgenvid/fake/Sora/joaopedro6969_581170393%2Fmd.mp4,comgenvid,annotated,Sora,vatex_5000_video256,feature_change
comgenvid:datasets/comgenvid/fake/Sora/joecool306_471500784%2Fmd.mp4,comgenvid,annotated,Sora,vatex_5000_video256,feature_change
comgenvid:datasets/comgenvid/fake/Sora/joel67_635869244%2Fmd.mp4,comgenvid,annotated,Sora,vatex_5000_video256,feature_change
comgenvid:datasets/comgenvid/fake/Sora/joewillnauer_999425491%2Fmd.mp4,comgenvid,annotated,Sora,vatex_5000_video256,feature_change
comgenvid:datasets/comgenvid/fake/Sora/johndouglas2025_885053332%2Fmd.mp4,comgenvid,annotated,Sora,vatex_5000_video256,feature_change
comgenvid:datasets/comgenvid/fake/Sora/johntoso_16709113%2Fmd.mp4,comgenvid,annotated,Sora,vatex_5000_video256,feature_change
comgenvid:datasets/comgenvid/fake/Sora/johnvanderpol_496241161%2Fmd.mp4,comgenvid,annotated,Sora,vatex_5000_video256,feature_change
comgenvid:datasets/comgenvid/fake/Sora/johnwickerson_618482429%2Fmd.mp4,comgenvid,annotated,Sora,vatex_5000_video256,feature_change
comgenvid:datasets/comgenvid/fake/Sora/jonas9x9_283347008%2Fmd.mp4,comgenvid,annotated,Sora,vatex_5000_video256,feature_change
comgenvid:datasets/comgenvid/fake/Sora/jonejaidee_995969810%2Fmd.mp4,comgenvid,annotated,Sora,vatex_5000_video256,feature_change
comgenvid:datasets/comgenvid/fake/Sora/jonhliao_578945302%2Fmd.mp4,comgenvid,annotated,Sora,vatex_5000_video256,feature_change
comgenvid:datasets/comgenvid/fake/Sora/jonstronglives_867833632%2Fmd.mp4,comgenvid,annotated,Sora,vatex_5000_video256,feature_change
comgenvid:datasets/comgenvid/fake/Sora/joren111_304812655%2Fmd.mp4,comgenvid,annotated,Sora,vatex_5000_video256,feature_change
comgenvid:datasets/comgenvid/fake/Sora/joseantonio71_614690824%2Fmd.mp4,comgenvid,annotated,Sora,vatex_5000_video256,feature_change
comgenvid:datasets/comgenvid/fake/Sora/josefo28_watermarked.mp4,comgenvid,annotated,Sora,vatex_5000_video256,feature_change
comgenvid:datasets/comgenvid/fake/Sora/joseluisperezmolinero_915724720%2Fmd.mp4,comgenvid,annotated,Sora,vatex_5000_video256,feature_change
comgenvid:datasets/comgenvid/fake/Sora/josemirmoura_421852191%2Fmd.mp4,comgenvid,annotated,Sora,vatex_5000_video256,feature_change
comgenvid:datasets/comgenvid/fake/Sora/josetorres21_990373300%2Fmd.mp4,comgenvid,annotated,Sora,vatex_5000_video256,feature_change
comgenvid:datasets/comgenvid/fake/Sora/joshbuoni_943173441%2Fmd.mp4,comgenvid,annotated,Sora,vatex_5000_video256,feature_change
comgenvid:datasets/comgenvid/fake/Sora/joshivishal2050_383975949%2Fmd.mp4,comgenvid,annotated,Sora,vatex_5000_video256,feature_change
comgenvid:datasets/comgenvid/fake/Sora/joy1509_887794620%2Fmd.mp4,comgenvid,annotated,Sora,vatex_5000_video256,feature_change
comgenvid:datasets/comgenvid/fake/Sora/joyfuljourneyparenting_424442081%2Fmd.mp4,comgenvid,annotated,Sora,vatex_5000_video256,feature_change
comgenvid:datasets/comgenvid/fake/Sora/jphil16_592195217%2Fmd.mp4,comgenvid,annotated,Sora,vatex_5000_video256,feature_change
comgenvid:datasets/comgenvid/fake/Sora/jr122202_960987041%2Fmd.mp4,comgenvid,annotated,Sora,vatex_5000_video256,feature_change
comgenvid:datasets/comgenvid/fake/Sora/jugaldesai_637915109%2Fmd.mp4,comgenvid,annotated,Sora,vatex_5000_video256,feature_change
comgenvid:datasets/comgenvid/fake/Sora/juice126_679243754%2Fmd.mp4,comgenvid,annotated,Sora,vatex_5000_video256,feature_change
comgenvid:datasets/comgenvid/fake/Sora/juio8998_432147229%2Fmd.mp4,comgenvid,annotated,Sora,vatex_5000_video256,feature_change
comgenvid:datasets/comgenvid/fake/Sora/juju_6_194870880%2Fmd.mp4,comgenvid,annotated,Sora,vatex_5000_video256,feature_change
comgenvid:datasets/comgenvid/fake/Sora/julana137_905108568%2Fmd.mp4,comgenvid,annotated,Sora,vatex_5000_video256,feature_change
comgenvid:datasets/comgenvid/fake/Sora/juli3n93_126049668%2Fmd.mp4,comgenvid,annotated,Sora,vatex_5000_video256,feature_change
comgenvid:datasets/comgenvid/fake/Sora/julia66_865292154%2Fmd.mp4,comgenvid,annotated,Sora,vatex_5000_video256,feature_change
comgenvid:datasets/comgenvid/fake/Sora/julianna366_840879800%2Fmd.mp4,comgenvid,annotated,Sora,vatex_5000_video256,feature_change
comgenvid:datasets/comgenvid/fake/Sora/julilll_527536976%2Fmd.mp4,comgenvid,annotated,Sora,vatex_5000_video256,feature_change
comgenvid:datasets/comgenvid/fake/Sora/junaidali62_184120014%2Fmd.mp4,comgenvid,annotated,Sora,vatex_5000_video256,feature_change
comgenvid:datasets/comgenvid/fake/Sora/june7777_362269320%2Fmd.mp4,comgenvid,annotated,Sora,vatex_5000_video256,feature_change
comgenvid:datasets/comgenvid/fake/Sora/juneyjay_925085337%2Fmd.mp4,comgenvid,annotated,Sora,vatex_5000_video256,feature_change
comgenvid:datasets/comgenvid/fake/Sora/junghyang_152370562%2Fmd.mp4,comgenvid,annotated,Sora,vatex_5000_video256,feature_change
comgenvid:datasets/comgenvid/fake/Sora/junjiyang_685124968%2Fmd.mp4,comgenvid,annotated,Sora,vatex_5000_video256,feature_change
comgenvid:datasets/comgenvid/fake/Sora/junsei0421_325886516%2Fmd.mp4,comgenvid,annotated,Sora,vatex_5000_video256,feature_change
comgenvid:datasets/comgenvid/fake/Sora/junz2_156186885%2Fmd.mp4,comgenvid,annotated,Sora,vatex_5000_video256,feature_change
comgenvid:datasets/comgenvid/fake/Sora/juseoklee_402883065%2Fmd.mp4,comgenvid,annotated,Sora,vatex_5000_video256,feature_change
comgenvid:datasets/comgenvid/fake/Sora/justinstanelle_17844808%2Fmd.mp4,comgenvid,annotated,Sora,vatex_5000_video256,feature_change
comgenvid:datasets/comgenvid/fake/Sora/jwieyiu_805528075%2Fmd.mp4,comgenvid,annotated,Sora,vatex_5000_video256,feature_change
comgenvid:datasets/comgenvid/fake/Sora/k0tyaara_281920107%2Fmd.mp4,comgenvid,annotated,Sora,vatex_5000_video256,feature_change
comgenvid:datasets/comgenvid/fake/Sora/k4eeo_3158243%2Fmd.mp4,comgenvid,annotated,Sora,vatex_5000_video256,feature_change
comgenvid:datasets/comgenvid/fake/Sora/k8from2n_663197102%2Fmd.mp4,comgenvid,annotated,Sora,vatex_5000_video256,feature_change
comgenvid:datasets/comgenvid/fake/Sora/k_benas_985917767%2Fmd.mp4,comgenvid,annotated,Sora,vatex_5000_video256,feature_change
comgenvid:datasets/comgenvid/fake/Sora/k_sim_587049355%2Fmd.mp4,comgenvid,annotated,Sora,vatex_5000_video256,feature_change
comgenvid:datasets/comgenvid/fake/Sora/kakehashi_369955668%2Fmd.mp4,comgenvid,annotated,Sora,vatex_5000_video256,feature_change
comgenvid:datasets/comgenvid/fake/Sora/kalantara_india_624342825%2Fmd.mp4,comgenvid,annotated,Sora,vatex_5000_video256,feature_change
comgenvid:datasets/comgenvid/fake/Sora/kamonratsiam_565557352%2Fmd.mp4,comgenvid,annotated,Sora,vatex_5000_video256,feature_change
comgenvid:datasets/comgenvid/fake/Sora/kanon0707_322281649%2Fmd.mp4,comgenvid,annotated,Sora,vatex_5000_video256,feature_change
comgenvid:datasets/comgenvid/fake/Sora/kanpisit212_845190426%2Fmd.mp4,comgenvid,annotated,Sora,vatex_5000_video256,feature_change
comgenvid:datasets/comgenvid/fake/Sora/kapten04_583390041%2Fmd.mp4,comgenvid,annotated,Sora,vatex_5000_video256,feature_change
comgenvid:datasets/comgenvid/fake/Sora/karam900_963851082%2Fmd.mp4,comgenvid,annotated,Sora,vatex_5000_video256,feature_change
comgenvid:datasets/comgenvid/fake/Sora/kawaks_900269071%2Fmd.mp4,comgenvid,annotated,Sora,vatex_5000_video256,feature_change
comgenvid:datasets/comgenvid/fake/Sora/kazuhide28_40941955%2Fmd.mp4,comgenvid,annotated,Sora,vatex_5000_video256,feature_change
comgenvid:datasets/comgenvid/fake/Sora/kazuma3_180419351%2Fmd.mp4,comgenvid,annotated,Sora,vatex_5000_video256,feature_change
comgenvid:datasets/comgenvid/fake/Sora/kbspeter_142702458%2Fmd.mp4,comgenvid,annotated,Sora,vatex_5000_video256,feature_change
comgenvid:datasets/comgenvid/fake/Sora/kddhyan_861313647%2Fmd.mp4,comgenvid,annotated,Sora,vatex_5000_video256,feature_change
comgenvid:datasets/comgenvid/fake/Sora/keitokaneko_171984933%2Fmd.mp4,comgenvid,annotated,Sora,vatex_5000_video256,feature_change
comgenvid:datasets/comgenvid/fake/Sora/kellyng_603157992%2Fmd.mp4,comgenvid,annotated,Sora,vatex_5000_video256,feature_change
comgenvid:datasets/comgenvid/fake/Sora/kenshoedge_211016245%2Fmd.mp4,comgenvid,annotated,Sora,vatex_5000_video256,feature_change
comgenvid:datasets/comgenvid/fake/Sora/kerpalmagyar_877341020%2Fmd.mp4,comgenvid,annotated,Sora,vatex_5000_video256,feature_change
comgenvid:datasets/comgenvid/fake/Sora/kevisya_313025365%2Fmd.mp4,comgenvid,annotated,Sora,vatex_5000_video256,feature_change
comgenvid:datasets/comgenvid/fake/Sora/kfcowgirl_500423045%2Fmd.mp4,comgenvid,annotated,Sora,vatex_5000_video256,feature_change
comgenvid:datasets/comgenvid/fake/Sora/kfcpizza_814470320%2Fmd.mp4,comgenvid,annotated,Sora,vatex_5000_video256,feature_change
comgenvid:datasets/comgenvid/fake/Sora/kfwkfkfwlfj_764392770%2Fmd.mp4,comgenvid,annotated,Sora,vatex_5000_video256,feature_change
comgenvid:datasets/comgenvid/fake/Sora/khactung_576179112%2Fmd.mp4,comgenvid,annotated,Sora,vatex_5000_video256,feature_change
comgenvid:datasets/comgenvid/fake/Sora/khloe2020_978535619%2Fmd.mp4,comgenvid,annotated,Sora,vatex_5000_video256,feature_change
comgenvid:datasets/comgenvid/fake/Sora/kiangsvd_816947996%2Fmd.mp4,comgenvid,annotated,Sora,vatex_5000_video256,feature_change
comgenvid:datasets/comgenvid/fake/Sora/kidzynavi123_689657620%2Fmd.mp4,comgenvid,annotated,Sora,vatex_5000_video256,feature_change
comgenvid:datasets/comgenvid/fake/Sora/kietvt1_224533072%2Fmd.mp4,comgenvid,annotated,Sora,vatex_5000_video256,feature_change
comgenvid:datasets/comgenvid/fake/Sora/kim1171_759736099%2Fmd.mp4,comgenvid,annotated,Sora,vatex_5000_video256,feature_change
comgenvid:datasets/comgenvid/fake/Sora/kimkangmin00_393742378%2Fmd.mp4,comgenvid,annotated,Sora,vatex_5000_video256,feature_change
comgenvid:datasets/comgenvid/fake/Sora/kimkyungseob_599183004%2Fmd.mp4,comgenvid,annotated,Sora,vatex_5000_video256,feature_change
comgenvid:datasets/comgenvid/fake/Sora/kimsungin_515912855%2Fmd.mp4,comgenvid,annotated,Sora,vatex_5000_video256,feature_change
comgenvid:datasets/comgenvid/fake/Sora/kingader_758308579%2Fmd.mp4,comgenvid,annotated,Sora,vatex_5000_video256,feature_change
comgenvid:datasets/comgenvid/fake/Sora/kingpiro38_588526570%2Fmd.mp4,comgenvid,annotated,Sora,vatex_5000_video256,feature_change
comgenvid:datasets/comgenvid/fake/Sora/kingsseven_940874972%2Fmd.mp4,comgenvid,annotated,Sora,vatex_5000_video256,feature_change
comgenvid:datasets/comgenvid/fake/Sora/kintop_371343820%2Fmd.mp4,comgenvid,annotated,Sora,vatex_5000_video256,feature_change
comgenvid:datasets/comgenvid/fake/Sora/kirstymind_241225744%2Fmd.mp4,comgenvid,annotated,Sora,vatex_5000_video256,feature_change
comgenvid:datasets/comgenvid/fake/Sora/kishan51_107241124%2Fmd.mp4,comgenvid,annotated,Sora,vatex_5000_video256,feature_change
comgenvid:datasets/comgenvid/fake/Sora/kitbag_984706617%2Fmd.mp4,comgenvid,annotated,Sora,vatex_5000_video256,feature_change
comgenvid:datasets/comgenvid/fake/Sora/kitfatcat_193688388%2Fmd.mp4,comgenvid,annotated,Sora,vatex_5000_video256,feature_change
comgenvid:datasets/comgenvid/fake/Sora/kitsunen_994713703%2Fmd.mp4,comgenvid,annotated,Sora,vatex_5000_video256,feature_change
comgenvid:datasets/comgenvid/fake/Sora/kjell_li_288246915%2Fmd.mp4,comgenvid,annotated,Sora,vatex_5000_video256,feature_change
comgenvid:datasets/comgenvid/fake/Sora/kkeeyou_701029214%2Fmd.mp4,comgenvid,annotated,Sora,vatex_5000_video256,feature_change
comgenvid:datasets/comgenvid/fake/Sora/kksr_479831408%2Fmd.mp4,comgenvid,annotated,Sora,vatex_5000_video256,feature_change
comgenvid:datasets/comgenvid/fake/Sora/klaushaller_382554895%2Fmd.mp4,comgenvid,annotated,Sora,vatex_5000_video256,feature_change
comgenvid:datasets/comgenvid/fake/Sora/knottedus_973961149%2Fmd.mp4,comgenvid,annotated,Sora,vatex_5000_video256,feature_change
comgenvid:datasets/comgenvid/fake/Sora/knudback_948467168%2Fmd.mp4,comgenvid,annotated,Sora,vatex_5000_video256,feature_change
comgenvid:datasets/comgenvid/fake/Sora/kodelingua_568175035%2Fmd.mp4,comgenvid,annotated,Sora,vatex_5000_video256,feature_change
comgenvid:datasets/comgenvid/fake/Sora/koguz_watermarked.mp4,comgenvid,annotated,Sora,vatex_5000_video256,feature_change
comgenvid:datasets/comgenvid/fake/Sora/kohei0217_watermarked.mp4,comgenvid,annotated,Sora,vatex_5000_video256,feature_change
comgenvid:datasets/comgenvid/fake/Sora/koheisasaki_699330640%2Fmd.mp4,comgenvid,annotated,Sora,vatex_5000_video256,feature_change
comgenvid:datasets/comgenvid/fake/Sora/kojikabutoz_431321198%2Fmd.mp4,comgenvid,annotated,Sora,vatex_5000_video256,feature_change
comgenvid:datasets/comgenvid/fake/Sora/komalsbt_645136479%2Fmd.mp4,comgenvid,annotated,Sora,vatex_5000_video256,feature_change
comgenvid:datasets/comgenvid/fake/Sora/kooksung_205324726%2Fmd.mp4,comgenvid,annotated,Sora,vatex_5000_video256,feature_change
comgenvid:datasets/comgenvid/fake/Sora/koopelstien_463535114%2Fmd.mp4,comgenvid,annotated,Sora,vatex_5000_video256,feature_change
comgenvid:datasets/comgenvid/fake/Sora/koriice_49088538%2Fmd.mp4,comgenvid,annotated,Sora,vatex_5000_video256,feature_change
comgenvid:datasets/comgenvid/fake/Sora/kotaroshimada_425382343%2Fmd.mp4,comgenvid,annotated,Sora,vatex_5000_video256,feature_change
comgenvid:datasets/comgenvid/fake/Sora/kotw305_70290367%2Fmd.mp4,comgenvid,annotated,Sora,vatex_5000_video256,feature_change
comgenvid:datasets/comgenvid/fake/Sora/kreidev_279191945%2Fmd.mp4,comgenvid,annotated,Sora,vatex_5000_video256,feature_change
comgenvid:datasets/comgenvid/fake/Sora/krishna799_826229107%2Fmd.mp4,comgenvid,annotated,Sora,vatex_5000_video256,feature_change
comgenvid:datasets/comgenvid/fake/Sora/krishna8686_watermarked.mp4,comgenvid,annotated,Sora,vatex_5000_video256,feature_change
comgenvid:datasets/comgenvid/fake/Sora/krishplace_852795945%2Fmd.mp4,comgenvid,annotated,Sora,vatex_5000_video256,feature_change
comgenvid:datasets/comgenvid/fake/Sora/kristopuz_851159636%2Fmd.mp4,comgenvid,annotated,Sora,vatex_5000_video256,feature_change
comgenvid:datasets/comgenvid/fake/Sora/kruewl_109547898%2Fmd.mp4,comgenvid,annotated,Sora,vatex_5000_video256,feature_change
comgenvid:datasets/comgenvid/fake/Sora/krumatcha_255949224%2Fmd.mp4,comgenvid,annotated,Sora,vatex_5000_video256,feature_change
comgenvid:datasets/comgenvid/fake/Sora/kruxly_47357269%2Fmd.mp4,comgenvid,annotated,Sora,vatex_5000_video256,feature_change
comgenvid:datasets/comgenvid/fake/Sora/kruyuth_971299712%2Fmd.mp4,comgenvid,annotated,Sora,vatex_5000_video256,feature_change
comgenvid:datasets/comgenvid/fake/Sora/kryco_250868939%2Fmd.mp4,comgenvid,annotated,Sora,vatex_5000_video256,feature_change
comgenvid:datasets/comgenvid/fake/Sora/ksumit21_269077023%2Fmd.mp4,comgenvid,annotated,Sora,vatex_5000_video256,feature_change
comgenvid:datasets/comgenvid/fake/Sora/kubacode_977440674%2Fmd.mp4,comgenvid,annotated,Sora,vatex_5000_video256,feature_change
comgenvid:datasets/comgenvid/fake/Sora/kucchu_745483116%2Fmd.mp4,comgenvid,annotated,Sora,vatex_5000_video256,feature_change
comgenvid:datasets/comgenvid/fake/Sora/kumark9_939199529%2Fmd.mp4,comgenvid,annotated,Sora,vatex_5000_video256,feature_change
comgenvid:datasets/comgenvid/fake/Sora/kunj1600_859953327%2Fmd.mp4,comgenvid,annotated,Sora,vatex_5000_video256,feature_change
comgenvid:datasets/comgenvid/fake/Sora/kupofsoup_361498671%2Fmd.mp4,comgenvid,annotated,Sora,vatex_5000_video256,feature_change
comgenvid:datasets/comgenvid/fake/Sora/kushagrakunwar_935631697%2Fmd.mp4,comgenvid,annotated,Sora,vatex_5000_video256,feature_change
comgenvid:datasets/comgenvid/fake/Sora/kwms573_256898032%2Fmd.mp4,comgenvid,annotated,Sora,vatex_5000_video256,feature_change
comgenvid:datasets/comgenvid/fake/Sora/kycdoe_16456758%2Fmd.mp4,comgenvid,annotated,Sora,vatex_5000_video256,feature_change
comgenvid:datasets/comgenvid/fake/Sora/kylepedey_324852654%2Fmd.mp4,comgenvid,annotated,Sora,vatex_5000_video256,feature_change
comgenvid:datasets/comgenvid/fake/Sora/kyungasong_209626116%2Fmd.mp4,comgenvid,annotated,Sora,vatex_5000_video256,feature_change
comgenvid:datasets/comgenvid/fake/Sora/laagencia_412931745%2Fmd.mp4,comgenvid,annotated,Sora,vatex_5000_video256,feature_change
comgenvid:datasets/comgenvid/fake/Sora/lado29_286125236%2Fmd.mp4,comgenvid,annotated,Sora,vatex_5000_video256,feature_change
comgenvid:datasets/comgenvid/fake/Sora/ladvision_51306946%2Fmd.mp4,comgenvid,annotated,Sora,vatex_5000_video256,feature_change
comgenvid:datasets/comgenvid/fake/Sora/lagioisingrini_259506507%2Fmd.mp4,comgenvid,annotated,Sora,vatex_5000_video256,feature_change
comgenvid:datasets/comgenvid/fake/Sora/laiwang_537594903%2Fmd.mp4,comgenvid,annotated,Sora,vatex_5000_video256,feature_change
comgenvid:datasets/comgenvid/fake/Sora/lakhe_428465144%2Fmd.mp4,comgenvid,annotated,Sora,vatex_5000_video256,feature_change
comgenvid:datasets/comgenvid/fake/Sora/lakotacamp_563858347%2Fmd.mp4,comgenvid,annotated,Sora,vatex_5000_video256,feature_change
comgenvid:datasets/comgenvid/fake/Sora/lance_246_53175348%2Fmd.mp4,comgenvid,annotated,Sora,vatex_5000_video256,feature_change
comgenvid:datasets/comgenvid/fake/Sora/landissimo_763773615%2Fmd.mp4,comgenvid,annotated,Sora,vatex_5000_video256,feature_change
comgenvid:datasets/comgenvid/fake/Sora/lars670_439938794%2Fmd.mp4,comgenvid,annotated,Sora,vatex_5000_video256,feature_change
comgenvid:datasets/comgenvid/fake/Sora/lasimo_40810628%2Fmd.mp4,comgenvid,annotated,Sora,vatex_5000_video256,feature_change
comgenvid:datasets/comgenvid/fake/Sora/laurasimport_269794814%2Fmd.mp4,comgenvid,annotated,Sora,vatex_5000_video256,feature_change
comgenvid:datasets/comgenvid/fake/Sora/lazypandazem_566926496%2Fmd.mp4,comgenvid,annotated,Sora,vatex_5000_video256,feature_change
comgenvid:datasets/comgenvid/fake/Sora/leabridgerton_189604004%2Fmd.mp4,comgenvid,annotated,Sora,vatex_5000_video256,feature_change
comgenvid:datasets/comgenvid/fake/Sora/leejwo_907280466%2Fmd.mp4,comgenvid,annotated,Sora,vatex_5000_video256,feature_change
comgenvid:datasets/comgenvid/fake/Sora/leoleoleo100_951268817%2Fmd.mp4,comgenvid,annotated,Sora,vatex_5000_video256,feature_change
comgenvid:datasets/comgenvid/fake/Sora/leopard1223_107764534%2Fmd.mp4,comgenvid,annotated,Sora,vatex_5000_video256,feature_change
comgenvid:datasets/comgenvid/fake/Sora/leraaxe_587107646%2Fmd.mp4,comgenvid,annotated,Sora,vatex_5000_video256,feature_change
comgenvid:datasets/comgenvid/fake/Sora/lesyaleo88_895509488%2Fmd.mp4,comgenvid,annotated,Sora,vatex_5000_video256,feature_change
comgenvid:datasets/comgenvid/fake/Sora/lifestar_857355916%2Fmd.mp4,comgenvid,annotated,Sora,vatex_5000_video256,feature_change
comgenvid:datasets/comgenvid/fake/Sora/liiiisa_533982359%2Fmd.mp4,comgenvid,annotated,Sora,vatex_5000_video256,feature_change
comgenvid:datasets/comgenvid/fake/Sora/limor1501_687703864%2Fmd.mp4,comgenvid,annotated,Sora,vatex_5000_video256,feature_change
comgenvid:datasets/comgenvid/fake/Sora/lin5989_396163243%2Fmd.mp4,comgenvid,annotated,Sora,vatex_5000_video256,feature_change
comgenvid:datasets/comgenvid/fake/Sora/lindenr_197211305%2Fmd.mp4,comgenvid,annotated,Sora,vatex_5000_video256,feature_change
comgenvid:datasets/comgenvid/fake/Sora/lindirium_339413934%2Fmd.mp4,comgenvid,annotated,Sora,vatex_5000_video256,feature_change
comgenvid:datasets/comgenvid/fake/Sora/lindorin_879827191%2Fmd.mp4,comgenvid,annotated,Sora,vatex_5000_video256,feature_change
comgenvid:datasets/comgenvid/fake/Sora/liornoyman_786096617%2Fmd.mp4,comgenvid,annotated,Sora,vatex_5000_video256,feature_change
comgenvid:datasets/comgenvid/fake/Sora/live0333_736455123%2Fmd.mp4,comgenvid,annotated,Sora,vatex_5000_video256,feature_change
comgenvid:datasets/comgenvid/fake/Sora/lizzl_105470695%2Fmd.mp4,comgenvid,annotated,Sora,vatex_5000_video256,feature_change
comgenvid:datasets/comgenvid/fake/Sora/lkoq_753996478%2Fmd.mp4,comgenvid,annotated,Sora,vatex_5000_video256,feature_change
comgenvid:datasets/comgenvid/fake/Sora/llllllahaks_297627079%2Fmd.mp4,comgenvid,annotated,Sora,vatex_5000_video256,feature_change
comgenvid:datasets/comgenvid/fake/Sora/lmbloecher_486915395%2Fmd.mp4,comgenvid,annotated,Sora,vatex_5000_video256,feature_change
comgenvid:datasets/comgenvid/fake/Sora/lonelyai_369000600%2Fmd.mp4,comgenvid,annotated,Sora,vatex_5000_video256,feature_change
comgenvid:datasets/comgenvid/fake/Sora/lonnix80_515057748%2Fmd.mp4,comgenvid,annotated,Sora,vatex_5000_video256,feature_change
comgenvid:datasets/comgenvid/fake/Sora/lontongg_830571883%2Fmd.mp4,comgenvid,annotated,Sora,vatex_5000_video256,feature_change
comgenvid:datasets/comgenvid/fake/Sora/looxyt_735295850%2Fmd.mp4,comgenvid,annotated,Sora,vatex_5000_video256,feature_change
comgenvid:datasets/comgenvid/fake/Sora/lord_granola_440596962%2Fmd.mp4,comgenvid,annotated,Sora,vatex_5000_video256,feature_change
comgenvid:datasets/comgenvid/fake/Sora/lordlongshoot_867558861%2Fmd.mp4,comgenvid,annotated,Sora,vatex_5000_video256,feature_change
comgenvid:datasets/comgenvid/fake/Sora/lorenzokking_112795806%2Fmd.mp4,comgenvid,annotated,Sora,vatex_5000_video256,feature_change
comgenvid:datasets/comgenvid/fake/Sora/louismilan_921024380%2Fmd.mp4,comgenvid,annotated,Sora,vatex_5000_video256,feature_change
comgenvid:datasets/comgenvid/fake/Sora/lp_dip_847320339%2Fmd.mp4,comgenvid,annotated,Sora,vatex_5000_video256,feature_change
comgenvid:datasets/comgenvid/fake/Sora/lplocked_135948471%2Fmd.mp4,comgenvid,annotated,Sora,vatex_5000_video256,feature_change
comgenvid:datasets/comgenvid/fake/Sora/lsh823823_600837877%2Fmd.mp4,comgenvid,annotated,Sora,vatex_5000_video256,feature_change
comgenvid:datasets/comgenvid/fake/Sora/lsmarujo_786565328%2Fmd.mp4,comgenvid,annotated,Sora,vatex_5000_video256,feature_change
comgenvid:datasets/comgenvid/fake/Sora/luaplegin_974286721%2Fmd.mp4,comgenvid,annotated,Sora,vatex_5000_video256,feature_change
comgenvid:datasets/comgenvid/fake/Sora/luc-mt_971895655%2Fmd.mp4,comgenvid,annotated,Sora,vatex_5000_video256,feature_change
comgenvid:datasets/comgenvid/fake/Sora/luca_marian_628453585%2Fmd.mp4,comgenvid,annotated,Sora,vatex_5000_video256,feature_change
comgenvid:datasets/comgenvid/fake/Sora/lucaicecreamwalker_584585814%2Fmd.mp4,comgenvid,annotated,Sora,vatex_5000_video256,feature_change
comgenvid:datasets/comgenvid/fake/Sora/lucatoz_988454821%2Fmd.mp4,comgenvid,annotated,Sora,vatex_5000_video256,feature_change
comgenvid:datasets/comgenvid/fake/Sora/lucky41_505428209%2Fmd.mp4,comgenvid,annotated,Sora,vatex_5000_video256,feature_change
comgenvid:datasets/comgenvid/fake/Sora/lucrmz_915428237%2Fmd.mp4,comgenvid,annotated,Sora,vatex_5000_video256,feature_change
comgenvid:datasets/comgenvid/fake/Sora/ludens7_763074184%2Fmd.mp4,comgenvid,annotated,Sora,vatex_5000_video256,feature_change
comgenvid:datasets/comgenvid/fake/Sora/luisdavila2_416667043%2Fmd.mp4,comgenvid,annotated,Sora,vatex_5000_video256,feature_change
comgenvid:datasets/comgenvid/fake/Sora/luisrepi_472527513%2Fmd.mp4,comgenvid,annotated,Sora,vatex_5000_video256,feature_change
comgenvid:datasets/comgenvid/fake/Sora/lukas9_958959024%2Fmd.mp4,comgenvid,annotated,Sora,vatex_5000_video256,feature_change
comgenvid:datasets/comgenvid/fake/Sora/lukreaner_575344018%2Fmd.mp4,comgenvid,annotated,Sora,vatex_5000_video256,feature_change
comgenvid:datasets/comgenvid/fake/Sora/lulunono_895943612%2Fmd.mp4,comgenvid,annotated,Sora,vatex_5000_video256,feature_change
comgenvid:datasets/comgenvid/fake/Sora/luminai28_790257220%2Fmd.mp4,comgenvid,annotated,Sora,vatex_5000_video256,feature_change
comgenvid:datasets/comgenvid/fake/Sora/luuap_441453556%2Fmd.mp4,comgenvid,annotated,Sora,vatex_5000_video256,feature_change
comgenvid:datasets/comgenvid/fake/Sora/luxurie_471830830%2Fmd.mp4,comgenvid,annotated,Sora,vatex_5000_video256,feature_change
comgenvid:datasets/comgenvid/fake/Sora/lwq666_638158370%2Fmd.mp4,comgenvid,annotated,Sora,vatex_5000_video256,feature_change
comgenvid:datasets/comgenvid/fake/Sora/m0a9s_333173421%2Fmd.mp4,comgenvid,annotated,Sora,vatex_5000_video256,feature_change
comgenvid:datasets/comgenvid/fake/Sora/machinedog227_282755331%2Fmd.mp4,comgenvid,annotated,Sora,vatex_5000_video256,feature_change
comgenvid:datasets/comgenvid/fake/Sora/madi7777_253431818%2Fmd.mp4,comgenvid,annotated,Sora,vatex_5000_video256,feature_change
comgenvid:datasets/comgenvid/fake/Sora/madoriens_314305618%2Fmd.mp4,comgenvid,annotated,Sora,vatex_5000_video256,feature_change
comgenvid:datasets/comgenvid/fake/Sora/mafgos_558284776%2Fmd.mp4,comgenvid,annotated,Sora,vatex_5000_video256,feature_change
comgenvid:datasets/comgenvid/fake/Sora/maharajinsights_660152614%2Fmd.mp4,comgenvid,annotated,Sora,vatex_5000_video256,feature_change
comgenvid:datasets/comgenvid/fake/Sora/mai3_706982590%2Fmd.mp4,comgenvid,annotated,Sora,vatex_5000_video256,feature_change
comgenvid:datasets/comgenvid/fake/Sora/maiko7979_947402348%2Fmd.mp4,comgenvid,annotated,Sora,vatex_5000_video256,feature_change
comgenvid:datasets/comgenvid/fake/Sora/makermindsai_287286313%2Fmd.mp4,comgenvid,annotated,Sora,vatex_5000_video256,feature_change
comgenvid:datasets/comgenvid/fake/Sora/makifuwo_799712489%2Fmd.mp4,comgenvid,annotated,Sora,vatex_5000_video256,feature_change
comgenvid:datasets/comgenvid/fake/Sora/makiken_995509627%2Fmd.mp4,comgenvid,annotated,Sora,vatex_5000_video256,feature_change
comgenvid:datasets/comgenvid/real/MSVD/hcCLIzzB1jQ_1_7.mp4,comgenvid,real,VEO3,vatex_5000_video256,feature_change
comgenvid:datasets/comgenvid/real/MSVD/q-a6NEotUX8_5_10.mp4,comgenvid,real,VEO3,vatex_5000_video256,feature_change
comgenvid:datasets/comgenvid/real/MSVD/xgIIcPSh4EU_0_6.mp4,comgenvid,real,VEO3,vatex_5000_video256,feature_change
comgenvid:datasets/comgenvid/real/MSVD/bDoCQEwghZU_201_211.mp4,comgenvid,real,VEO3,vatex_5000_video256,feature_change
comgenvid:datasets/comgenvid/real/MSVD/tZmDWltBziM_42_47.mp4,comgenvid,real,VEO3,vatex_5000_video256,feature_change
comgenvid:datasets/comgenvid/real/MSVD/qeKX-N1nKiM_68_72.mp4,comgenvid,real,VEO3,vatex_5000_video256,feature_change
comgenvid:datasets/comgenvid/real/MSVD/pUPKsHTDZTo_70_85.mp4,comgenvid,real,VEO3,vatex_5000_video256,feature_change
comgenvid:datasets/comgenvid/real/MSVD/puineN1UMto_25_29.mp4,comgenvid,real,VEO3,vatex_5000_video256,feature_change
comgenvid:datasets/comgenvid/real/MSVD/klFyrnrUSck_25_36.mp4,comgenvid,real,VEO3,vatex_5000_video256,feature_change
comgenvid:datasets/comgenvid/real/MSVD/kWLNZzuo3do_217_222.mp4,comgenvid,real,VEO3,vatex_5000_video256,feature_change
comgenvid:datasets/comgenvid/real/MSVD/b24_bb57PPk_631_637.mp4,comgenvid,real,VEO3,vatex_5000_video256,feature_change
comgenvid:datasets/comgenvid/real/MSVD/c51L6ZxZGjQ_137_154.mp4,comgenvid,real,VEO3,vatex_5000_video256,feature_change
comgenvid:datasets/comgenvid/real/MSVD/hReROJQpSow_24_30.mp4,comgenvid,real,VEO3,vatex_5000_video256,feature_change
comgenvid:datasets/comgenvid/real/MSVD/sXyjCgR0rAc_0_11.mp4,comgenvid,real,VEO3,vatex_5000_video256,feature_change
comgenvid:datasets/comgenvid/real/MSVD/p7IAuvd87hQ_12_19.mp4,comgenvid,real,VEO3,vatex_5000_video256,feature_change
comgenvid:datasets/comgenvid/real/MSVD/mv89psg6zh4_33_46.mp4,comgenvid,real,VEO3,vatex_5000_video256,feature_change
comgenvid:datasets/comgenvid/real/MSVD/ht2oIYBSoI0_9_21.mp4,comgenvid,real,VEO3,vatex_5000_video256,feature_change
comgenvid:datasets/comgenvid/real/MSVD/ZnLgsasu82g_71_81.mp4,comgenvid,real,VEO3,vatex_5000_video256,feature_change
comgenvid:datasets/comgenvid/real/MSVD/WTf5EgVY5uU_58_76.mp4,comgenvid,real,VEO3,vatex_5000_video256,feature_change
comgenvid:datasets/comgenvid/real/MSVD/qeKX-N1nKiM_52_59.mp4,comgenvid,real,VEO3,vatex_5000_video256,feature_change
comgenvid:datasets/comgenvid/real/MSVD/dP15zlyra3c_0_10.mp4,comgenvid,real,VEO3,vatex_5000_video256,feature_change
comgenvid:datasets/comgenvid/real/MSVD/WFNXwor69-U_33_40.mp4,comgenvid,real,VEO3,vatex_5000_video256,feature_change
comgenvid:datasets/comgenvid/real/MSVD/gCra4qOrjFw_1_17.mp4,comgenvid,real,VEO3,vatex_5000_video256,feature_change
comgenvid:datasets/comgenvid/real/MSVD/v5CeGLEnVFE_0_8.mp4,comgenvid,real,VEO3,vatex_5000_video256,feature_change
comgenvid:datasets/comgenvid/real/MSVD/m1NR0uNNs5Y_88_94.mp4,comgenvid,real,VEO3,vatex_5000_video256,feature_change
comgenvid:datasets/comgenvid/real/MSVD/TZ860P4iTaM_15_28.mp4,comgenvid,real,VEO3,vatex_5000_video256,feature_change
comgenvid:datasets/comgenvid/real/MSVD/ymC2bNi6-Is_9_19.mp4,comgenvid,real,VEO3,vatex_5000_video256,feature_change
comgenvid:datasets/comgenvid/real/MSVD/xaPepCVepCg_35_46.mp4,comgenvid,real,VEO3,vatex_5000_video256,feature_change
comgenvid:datasets/comgenvid/real/MSVD/Z3XarHZ3HpY_10_17.mp4,comgenvid,real,VEO3,vatex_5000_video256,feature_change
comgenvid:datasets/comgenvid/real/MSVD/dZBIdRGKRhM_13_32.mp4,comgenvid,real,VEO3,vatex_5000_video256,feature_change
comgenvid:datasets/comgenvid/real/MSVD/rw9h_574HxE_70_74.mp4,comgenvid,real,VEO3,vatex_5000_video256,feature_change
comgenvid:datasets/comgenvid/real/MSVD/sTMlQSbAGfE_0_12.mp4,comgenvid,real,VEO3,vatex_5000_video256,feature_change
comgenvid:datasets/comgenvid/real/MSVD/TIubRrkku-4_1_10.mp4,comgenvid,real,VEO3,vatex_5000_video256,feature_change
comgenvid:datasets/comgenvid/real/MSVD/ao-9B8IV9_E_77_81.mp4,comgenvid,real,VEO3,vatex_5000_video256,feature_change
comgenvid:datasets/comgenvid/real/MSVD/ub-aYLzCF_Q_1_10.mp4,comgenvid,real,VEO3,vatex_5000_video256,feature_change
comgenvid:datasets/comgenvid/real/MSVD/qeKX-N1nKiM_133_142.mp4,comgenvid,real,VEO3,vatex_5000_video256,feature_change
comgenvid:datasets/comgenvid/real/MSVD/kSzS_lFtJDk_55_70.mp4,comgenvid,real,VEO3,vatex_5000_video256,feature_change
comgenvid:datasets/comgenvid/real/MSVD/v_tGw5gwlEw_136_152.mp4,comgenvid,real,VEO3,vatex_5000_video256,feature_change
comgenvid:datasets/comgenvid/real/MSVD/hSgGBHbJrmE_0_17.mp4,comgenvid,real,VEO3,vatex_5000_video256,feature_change
comgenvid:datasets/comgenvid/real/MSVD/_WRC7HXBJpU_414_425.mp4,comgenvid,real,VEO3,vatex_5000_video256,feature_change
comgenvid:datasets/comgenvid/real/MSVD/lw7pTwpx0K0_38_48.mp4,comgenvid,real,VEO3,vatex_5000_video256,feature_change
comgenvid:datasets/comgenvid/real/MSVD/pRpeEdMmmQ0_65_70.mp4,comgenvid,real,VEO3,vatex_5000_video256,feature_change
comgenvid:datasets/comgenvid/real/MSVD/_O9kWD8nuRU_45_49.mp4,comgenvid,real,VEO3,vatex_5000_video256,feature_change
comgenvid:datasets/comgenvid/real/MSVD/vZa13vJugGU_0_30.mp4,comgenvid,real,VEO3,vatex_5000_video256,feature_change
comgenvid:datasets/comgenvid/real/MSVD/vfktGc_qx-w_2_18.mp4,comgenvid,real,VEO3,vatex_5000_video256,feature_change
comgenvid:datasets/comgenvid/real/MSVD/a0g7wtBkS98_34_42.mp4,comgenvid,real,VEO3,vatex_5000_video256,feature_change
comgenvid:datasets/comgenvid/real/MSVD/cUW_bXll6YM_390_395.mp4,comgenvid,real,VEO3,vatex_5000_video256,feature_change
comgenvid:datasets/comgenvid/real/MSVD/lm0z7eLsbbw_9_23.mp4,comgenvid,real,VEO3,vatex_5000_video256,feature_change
comgenvid:datasets/comgenvid/real/MSVD/lsanQj2yacs_102_108.mp4,comgenvid,real,VEO3,vatex_5000_video256,feature_change
comgenvid:datasets/comgenvid/real/MSVD/XEOH3t5AYY0_22_29.mp4,comgenvid,real,VEO3,vatex_5000_video256,feature_change
comgenvid:datasets/comgenvid/real/MSVD/uO7Eysrs8_k_106_114.mp4,comgenvid,real,VEO3,vatex_5000_video256,feature_change
comgenvid:datasets/comgenvid/real/MSVD/WPG-BIWOrG4_755_761.mp4,comgenvid,real,VEO3,vatex_5000_video256,feature_change
comgenvid:datasets/comgenvid/real/MSVD/WZTGqvbqOFE_28_34.mp4,comgenvid,real,VEO3,vatex_5000_video256,feature_change
comgenvid:datasets/comgenvid/real/MSVD/YmXCfQm0_CA_68_75.mp4,comgenvid,real,VEO3,vatex_5000_video256,feature_change
comgenvid:datasets/comgenvid/real/MSVD/VahnQw2gTQY_288_293.mp4,comgenvid,real,VEO3,vatex_5000_video256,feature_change
comgenvid:datasets/comgenvid/real/MSVD/_JorUS-8Nlg_63_73.mp4,comgenvid,real,VEO3,vatex_5000_video256,feature_change
comgenvid:datasets/comgenvid/real/MSVD/g36ho6UrBz0_5_20.mp4,comgenvid,real,VEO3,vatex_5000_video256,feature_change
comgenvid:datasets/comgenvid/real/MSVD/onW5hJXnI5s_10_16.mp4,comgenvid,real,VEO3,vatex_5000_video256,feature_change
comgenvid:datasets/comgenvid/real/MSVD/xxHx6s_DbUo_162_165.mp4,comgenvid,real,VEO3,vatex_5000_video256,feature_change
comgenvid:datasets/comgenvid/real/MSVD/g8LUhxR-6Wg_0_8.mp4,comgenvid,real,VEO3,vatex_5000_video256,feature_change
comgenvid:datasets/comgenvid/real/MSVD/xtbsD3PUua4_174_185.mp4,comgenvid,real,VEO3,vatex_5000_video256,feature_change
comgenvid:datasets/comgenvid/real/MSVD/inzk2fTUe1w_1_15.mp4,comgenvid,real,VEO3,vatex_5000_video256,feature_change
comgenvid:datasets/comgenvid/real/MSVD/rw9h_574HxE_251_254.mp4,comgenvid,real,VEO3,vatex_5000_video256,feature_change
comgenvid:datasets/comgenvid/real/MSVD/eTnlw7v8ea0_36_50.mp4,comgenvid,real,VEO3,vatex_5000_video256,feature_change
comgenvid:datasets/comgenvid/real/MSVD/muI1BFsdbdo_33_45.mp4,comgenvid,real,VEO3,vatex_5000_video256,feature_change
comgenvid:datasets/comgenvid/real/MSVD/v-9Gx0gJmfo_26_32.mp4,comgenvid,real,VEO3,vatex_5000_video256,feature_change
comgenvid:datasets/comgenvid/real/MSVD/nZSFn51l3hc_480_485.mp4,comgenvid,real,VEO3,vatex_5000_video256,feature_change
comgenvid:datasets/comgenvid/real/MSVD/wzfkC2TjdeQ_0_31.mp4,comgenvid,real,VEO3,vatex_5000_video256,feature_change
comgenvid:datasets/comgenvid/real/MSVD/oFUsn1owAbs_158_168.mp4,comgenvid,real,VEO3,vatex_5000_video256,feature_change
comgenvid:datasets/comgenvid/real/MSVD/z2kUc8wp9l8_40_46.mp4,comgenvid,real,VEO3,vatex_5000_video256,feature_change
comgenvid:datasets/comgenvid/real/MSVD/lKADopH3qFY_0_10.mp4,comgenvid,real,VEO3,vatex_5000_video256,feature_change
comgenvid:datasets/comgenvid/real/MSVD/UbmZAe5u5FI_111_115.mp4,comgenvid,real,VEO3,vatex_5000_video256,feature_change
comgenvid:datasets/comgenvid/real/MSVD/j2sOMdilDWU_87_97.mp4,comgenvid,real,VEO3,vatex_5000_video256,feature_change
comgenvid:datasets/comgenvid/real/MSVD/zuYZ5kPatJE_78_116.mp4,comgenvid,real,VEO3,vatex_5000_video256,feature_change
comgenvid:datasets/comgenvid/real/MSVD/lfGlDg47How_110_115.mp4,comgenvid,real,VEO3,vatex_5000_video256,feature_change
comgenvid:datasets/comgenvid/real/MSVD/uZEGu-TA2cU_42_58.mp4,comgenvid,real,VEO3,vatex_5000_video256,feature_change
comgenvid:datasets/comgenvid/real/MSVD/V6Fxclwdfxc_1_11.mp4,comgenvid,real,VEO3,vatex_5000_video256,feature_change
comgenvid:datasets/comgenvid/real/MSVD/X7sQq-Iu1gQ_12_22.mp4,comgenvid,real,VEO3,vatex_5000_video256,feature_change
comgenvid:datasets/comgenvid/real/MSVD/yyxtyCaEVqk_329_360.mp4,comgenvid,real,VEO3,vatex_5000_video256,feature_change
comgenvid:datasets/comgenvid/real/MSVD/bmOy6p87TWI_26_35.mp4,comgenvid,real,VEO3,vatex_5000_video256,feature_change
comgenvid:datasets/comgenvid/real/MSVD/m1NR0uNNs5Y_192_198.mp4,comgenvid,real,VEO3,vatex_5000_video256,feature_change
comgenvid:datasets/comgenvid/real/MSVD/VahnQw2gTQY_322_327.mp4,comgenvid,real,VEO3,vatex_5000_video256,feature_change
comgenvid:datasets/comgenvid/real/MSVD/ePujnD4qJO0_62_77.mp4,comgenvid,real,VEO3,vatex_5000_video256,feature_change
comgenvid:datasets/comgenvid/real/MSVD/YS1mzzhmWWA_9_16.mp4,comgenvid,real,VEO3,vatex_5000_video256,feature_change
comgenvid:datasets/comgenvid/real/MSVD/fBA_lxUiwSg_2_4.mp4,comgenvid,real,VEO3,vatex_5000_video256,feature_change
comgenvid:datasets/comgenvid/real/MSVD/WTf5EgVY5uU_66_75.mp4,comgenvid,real,VEO3,vatex_5000_video256,feature_change
comgenvid:datasets/comgenvid/real/MSVD/TPD5wO_LEPU_2_6.mp4,comgenvid,real,VEO3,vatex_5000_video256,feature_change
comgenvid:datasets/comgenvid/real/MSVD/t4aPGtx7e6k_0_10.mp4,comgenvid,real,VEO3,vatex_5000_video256,feature_change
comgenvid:datasets/comgenvid/real/MSVD/WPG-BIWOrG4_683_689.mp4,comgenvid,real,VEO3,vatex_5000_video256,feature_change
comgenvid:datasets/comgenvid/real/MSVD/wX-Bl25Htag_104_115.mp4,comgenvid,real,VEO3,vatex_5000_video256,feature_change
comgenvid:datasets/comgenvid/real/MSVD/UgUFP5baQ9Y_0_7.mp4,comgenvid,real,VEO3,vatex_5000_video256,feature_change
comgenvid:datasets/comgenvid/real/MSVD/hPyU5KjpWVc_0_35.mp4,comgenvid,real,VEO3,vatex_5000_video256,feature_change
comgenvid:datasets/comgenvid/real/MSVD/qeKX-N1nKiM_74_77.mp4,comgenvid,real,VEO3,vatex_5000_video256,feature_change
comgenvid:datasets/comgenvid/real/MSVD/UbmZAe5u5FI_132_141.mp4,comgenvid,real,VEO3,vatex_5000_video256,feature_change
comgenvid:datasets/comgenvid/real/MSVD/bb6V0Grtub4_174_185.mp4,comgenvid,real,VEO3,vatex_5000_video256,feature_change
comgenvid:datasets/comgenvid/real/MSVD/nZSFn51l3hc_318_326.mp4,comgenvid,real,VEO3,vatex_5000_video256,feature_change
comgenvid:datasets/comgenvid/real/MSVD/YmXCfQm0_CA_140_156.mp4,comgenvid,real,VEO3,vatex_5000_video256,feature_change
comgenvid:datasets/comgenvid/real/MSVD/YwmUgVrUJ4I_0_15.mp4,comgenvid,real,VEO3,vatex_5000_video256,feature_change
comgenvid:datasets/comgenvid/real/MSVD/pfQPRXcihkI_127_138.mp4,comgenvid,real,VEO3,vatex_5000_video256,feature_change
comgenvid:datasets/comgenvid/real/MSVD/qOiN__I1-Zo_2_8.mp4,comgenvid,real,VEO3,vatex_5000_video256,feature_change
comgenvid:datasets/comgenvid/real/MSVD/WeOU0Iba1Xg_1_30.mp4,comgenvid,real,VEO3,vatex_5000_video256,feature_change
comgenvid:datasets/comgenvid/real/MSVD/eyMYc-37Sk4_0_10.mp4,comgenvid,real,VEO3,vatex_5000_video256,feature_change
comgenvid:datasets/comgenvid/real/MSVD/lAznAeFFldg_6_10.mp4,comgenvid,real,VEO3,vatex_5000_video256,feature_change
comgenvid:datasets/comgenvid/real/MSVD/rq2p5ML8-WI_63_69.mp4,comgenvid,real,VEO3,vatex_5000_video256,feature_change
comgenvid:datasets/comgenvid/real/MSVD/tHLiYTS9Iz8_1_16.mp4,comgenvid,real,VEO3,vatex_5000_video256,feature_change
comgenvid:datasets/comgenvid/real/MSVD/_0nX-El-ySo_83_93.mp4,comgenvid,real,VEO3,vatex_5000_video256,feature_change
comgenvid:datasets/comgenvid/real/MSVD/klFyrnrUSck_79_85.mp4,comgenvid,real,VEO3,vatex_5000_video256,feature_change
comgenvid:datasets/comgenvid/real/MSVD/wON-YuA1GjA_3_63.mp4,comgenvid,real,VEO3,vatex_5000_video256,feature_change
comgenvid:datasets/comgenvid/real/MSVD/d4AGWnHJcaY_6_19.mp4,comgenvid,real,VEO3,vatex_5000_video256,feature_change
comgenvid:datasets/comgenvid/real/MSVD/e-j59PqJjSM_50_98.mp4,comgenvid,real,VEO3,vatex_5000_video256,feature_change
comgenvid:datasets/comgenvid/real/MSVD/xfRIRSWy0y0_10_20.mp4,comgenvid,real,VEO3,vatex_5000_video256,feature_change
comgenvid:datasets/comgenvid/real/MSVD/zkTn5Ef1Oig_71_75.mp4,comgenvid,real,VEO3,vatex_5000_video256,feature_change
comgenvid:datasets/comgenvid/real/MSVD/xOQn1z_oWDY_30_39.mp4,comgenvid,real,VEO3,vatex_5000_video256,feature_change
comgenvid:datasets/comgenvid/real/MSVD/X4yzrIc072w_4_20.mp4,comgenvid,real,VEO3,vatex_5000_video256,feature_change
comgenvid:datasets/comgenvid/real/MSVD/sJC7E06IBXI_49_59.mp4,comgenvid,real,VEO3,vatex_5000_video256,feature_change
comgenvid:datasets/comgenvid/real/MSVD/WEJfT-oB4v4_20_35.mp4,comgenvid,real,VEO3,vatex_5000_video256,feature_change
comgenvid:datasets/comgenvid/real/MSVD/ao-9B8IV9_E_37_44.mp4,comgenvid,real,VEO3,vatex_5000_video256,feature_change
comgenvid:datasets/comgenvid/real/MSVD/dJEoDaA6VXc_1_19.mp4,comgenvid,real,VEO3,vatex_5000_video256,feature_change
comgenvid:datasets/comgenvid/real/MSVD/qNjeEx92rTA_281_299.mp4,comgenvid,real,VEO3,vatex_5000_video256,feature_change
comgenvid:datasets/comgenvid/real/MSVD/X6uJyuD_Zso_3_17.mp4,comgenvid,real,VEO3,vatex_5000_video256,feature_change
comgenvid:datasets/comgenvid/real/MSVD/ZYaxg5NZW_g_21_27.mp4,comgenvid,real,VEO3,vatex_5000_video256,feature_change
comgenvid:datasets/comgenvid/real/MSVD/kWLNZzuo3do_25_32.mp4,comgenvid,real,VEO3,vatex_5000_video256,feature_change
comgenvid:datasets/comgenvid/real/MSVD/sb1dX5xAFvk_10_17.mp4,comgenvid,real,VEO3,vatex_5000_video256,feature_change
comgenvid:datasets/comgenvid/real/MSVD/sRKQfxxEP4M_117_125.mp4,comgenvid,real,VEO3,vatex_5000_video256,feature_change
comgenvid:datasets/comgenvid/real/MSVD/ZxqkAGNyo8A_12_22.mp4,comgenvid,real,VEO3,vatex_5000_video256,feature_change
comgenvid:datasets/comgenvid/real/MSVD/haJn6k5zVnE_1_23.mp4,comgenvid,real,VEO3,vatex_5000_video256,feature_change
comgenvid:datasets/comgenvid/real/MSVD/sv5YlZspb30_10_20.mp4,comgenvid,real,VEO3,vatex_5000_video256,feature_change
comgenvid:datasets/comgenvid/real/MSVD/Uc63MFVwfrs_355_372.mp4,comgenvid,real,VEO3,vatex_5000_video256,feature_change
comgenvid:datasets/comgenvid/real/MSVD/UXs3eq68ZjE_382_387.mp4,comgenvid,real,VEO3,vatex_5000_video256,feature_change
comgenvid:datasets/comgenvid/real/MSVD/nTasT5h0LEg_12_14.mp4,comgenvid,real,VEO3,vatex_5000_video256,feature_change
comgenvid:datasets/comgenvid/real/MSVD/Vg1jyL3cr60_163_186.mp4,comgenvid,real,VEO3,vatex_5000_video256,feature_change
comgenvid:datasets/comgenvid/real/MSVD/xxHx6s_DbUo_240_248.mp4,comgenvid,real,VEO3,vatex_5000_video256,feature_change
comgenvid:datasets/comgenvid/real/MSVD/z0Si1XxMibg_0_30.mp4,comgenvid,real,VEO3,vatex_5000_video256,feature_change
comgenvid:datasets/comgenvid/real/MSVD/nS6oQxX_Qi8_2_12.mp4,comgenvid,real,VEO3,vatex_5000_video256,feature_change
comgenvid:datasets/comgenvid/real/MSVD/WV9K6MbLjHA_106_116.mp4,comgenvid,real,VEO3,vatex_5000_video256,feature_change
comgenvid:datasets/comgenvid/real/MSVD/UnWgz-mVMXU_2_6.mp4,comgenvid,real,VEO3,vatex_5000_video256,feature_change
comgenvid:datasets/comgenvid/real/MSVD/dtwXtwJByYk_5_14.mp4,comgenvid,real,VEO3,vatex_5000_video256,feature_change
comgenvid:datasets/comgenvid/real/MSVD/s8utHZYTNTs_35_42.mp4,comgenvid,real,VEO3,vatex_5000_video256,feature_change
comgenvid:datasets/comgenvid/real/MSVD/uGDuIyfJXXg_23_33.mp4,comgenvid,real,VEO3,vatex_5000_video256,feature_change
comgenvid:datasets/comgenvid/real/MSVD/qIk_Dz5XE5E_104_109.mp4,comgenvid,real,VEO3,vatex_5000_video256,feature_change
comgenvid:datasets/comgenvid/real/MSVD/WyIqGyj21Dk_0_10.mp4,comgenvid,real,VEO3,vatex_5000_video256,feature_change
comgenvid:datasets/comgenvid/real/MSVD/nZSFn51l3hc_660_666.mp4,comgenvid,real,VEO3,vatex_5000_video256,feature_change
comgenvid:datasets/comgenvid/real/MSVD/zSPBC8EO6dY_132_140.mp4,comgenvid,real,VEO3,vatex_5000_video256,feature_change
comgenvid:datasets/comgenvid/real/MSVD/cSDkshD2ME0_11_14.mp4,comgenvid,real,VEO3,vatex_5000_video256,feature_change
comgenvid:datasets/comgenvid/real/MSVD/VahnQw2gTQY_315_320.mp4,comgenvid,real,VEO3,vatex_5000_video256,feature_change
comgenvid:datasets/comgenvid/real/MSVD/uH8ObB_dyOk_159_166.mp4,comgenvid,real,VEO3,vatex_5000_video256,feature_change
comgenvid:datasets/comgenvid/real/MSVD/yg4aNiO1JnI_111_114.mp4,comgenvid,real,VEO3,vatex_5000_video256,feature_change
comgenvid:datasets/comgenvid/real/MSVD/jW77z3-SrO4_56_63.mp4,comgenvid,real,VEO3,vatex_5000_video256,feature_change
comgenvid:datasets/comgenvid/real/MSVD/XzCcRzEa83U_1_8.mp4,comgenvid,real,VEO3,vatex_5000_video256,feature_change
comgenvid:datasets/comgenvid/real/MSVD/qeKX-N1nKiM_37_43.mp4,comgenvid,real,VEO3,vatex_5000_video256,feature_change
comgenvid:datasets/comgenvid/real/MSVD/hNOzHvsEmg4_31_36.mp4,comgenvid,real,VEO3,vatex_5000_video256,feature_change
comgenvid:datasets/comgenvid/real/MSVD/Uc63MFVwfrs_360_372.mp4,comgenvid,real,VEO3,vatex_5000_video256,feature_change
comgenvid:datasets/comgenvid/real/MSVD/o4pL7FObqds_72_78.mp4,comgenvid,real,VEO3,vatex_5000_video256,feature_change
comgenvid:datasets/comgenvid/real/MSVD/_pBeOAMjGm8_1_18.mp4,comgenvid,real,VEO3,vatex_5000_video256,feature_change
comgenvid:datasets/comgenvid/real/MSVD/m4D72WXFd8s_557_564.mp4,comgenvid,real,VEO3,vatex_5000_video256,feature_change
comgenvid:datasets/comgenvid/real/MSVD/_ZwwKOzpt2I_69_76.mp4,comgenvid,real,VEO3,vatex_5000_video256,feature_change
comgenvid:datasets/comgenvid/real/MSVD/pzq5fPfsPZg_29_33.mp4,comgenvid,real,VEO3,vatex_5000_video256,feature_change
comgenvid:datasets/comgenvid/real/MSVD/lfGlDg47How_93_98.mp4,comgenvid,real,VEO3,vatex_5000_video256,feature_change
comgenvid:datasets/comgenvid/real/MSVD/xpOYXbMDDBY_1_20.mp4,comgenvid,real,VEO3,vatex_5000_video256,feature_change
comgenvid:datasets/comgenvid/real/MSVD/TvBsaMgqh5s_61_68.mp4,comgenvid,real,VEO3,vatex_5000_video256,feature_change
comgenvid:datasets/comgenvid/real/MSVD/swKrHEeOj9c_4_8.mp4,comgenvid,real,VEO3,vatex_5000_video256,feature_change
comgenvid:datasets/comgenvid/real/MSVD/aA05I5QaZnM_66_75.mp4,comgenvid,real,VEO3,vatex_5000_video256,feature_change
comgenvid:datasets/comgenvid/real/MSVD/e-j59PqJjSM_163_173.mp4,comgenvid,real,VEO3,vatex_5000_video256,feature_change
comgenvid:datasets/comgenvid/real/MSVD/ge7OOILJA6U_20_25.mp4,comgenvid,real,VEO3,vatex_5000_video256,feature_change
comgenvid:datasets/comgenvid/real/MSVD/ecVwxlXc1PQ_0_12.mp4,comgenvid,real,VEO3,vatex_5000_video256,feature_change
comgenvid:datasets/comgenvid/real/MSVD/clpgffj3sUw_1_12.mp4,comgenvid,real,VEO3,vatex_5000_video256,feature_change
comgenvid:datasets/comgenvid/real/MSVD/nau1vCzyFQ4_37_54.mp4,comgenvid,real,VEO3,vatex_5000_video256,feature_change
comgenvid:datasets/comgenvid/real/MSVD/zBrC1GmA0Qg_26_33.mp4,comgenvid,real,VEO3,vatex_5000_video256,feature_change
comgenvid:datasets/comgenvid/real/MSVD/fjDvKHkmxs0_119_126.mp4,comgenvid,real,VEO3,vatex_5000_video256,feature_change
comgenvid:datasets/comgenvid/real/MSVD/kquB3rIgfGk_525_532.mp4,comgenvid,real,VEO3,vatex_5000_video256,feature_change
comgenvid:datasets/comgenvid/real/MSVD/d1zdJO3CqVw_1_35.mp4,comgenvid,real,VEO3,vatex_5000_video256,feature_change
comgenvid:datasets/comgenvid/real/MSVD/umjc1CkO4JA_290_305.mp4,comgenvid,real,VEO3,vatex_5000_video256,feature_change
comgenvid:datasets/comgenvid/real/MSVD/tJHUH9tpqPg_113_118.mp4,comgenvid,real,VEO3,vatex_5000_video256,feature_change
comgenvid:datasets/comgenvid/real/MSVD/UqBafx3iRKw_22_29.mp4,comgenvid,real,VEO3,vatex_5000_video256,feature_change
comgenvid:datasets/comgenvid/real/MSVD/j2Dhf-xFUxU_13_20.mp4,comgenvid,real,VEO3,vatex_5000_video256,feature_change
comgenvid:datasets/comgenvid/real/MSVD/VF1K_6ZSOAY_23_28.mp4,comgenvid,real,VEO3,vatex_5000_video256,feature_change
comgenvid:datasets/comgenvid/real/MSVD/fHfpMUDrQCs_17_31.mp4,comgenvid,real,VEO3,vatex_5000_video256,feature_change
comgenvid:datasets/comgenvid/real/MSVD/ZN2_czSBSD0_240_250.mp4,comgenvid,real,VEO3,vatex_5000_video256,feature_change
comgenvid:datasets/comgenvid/real/MSVD/XtQdAPV2UZs_4_11.mp4,comgenvid,real,VEO3,vatex_5000_video256,feature_change
comgenvid:datasets/comgenvid/real/MSVD/wFPmKChNrhU_3_11.mp4,comgenvid,real,VEO3,vatex_5000_video256,feature_change
comgenvid:datasets/comgenvid/real/MSVD/zHy7pM0U49w_110_116.mp4,comgenvid,real,VEO3,vatex_5000_video256,feature_change
comgenvid:datasets/comgenvid/real/MSVD/k06Ge9ANKM8_5_16.mp4,comgenvid,real,VEO3,vatex_5000_video256,feature_change
comgenvid:datasets/comgenvid/real/MSVD/bQJQGoJF7_k_162_169.mp4,comgenvid,real,VEO3,vatex_5000_video256,feature_change
comgenvid:datasets/comgenvid/real/MSVD/nc8hwLaOyZU_1_19.mp4,comgenvid,real,VEO3,vatex_5000_video256,feature_change
comgenvid:datasets/comgenvid/real/MSVD/pptYu3YQnxY_160_170.mp4,comgenvid,real,VEO3,vatex_5000_video256,feature_change
comgenvid:datasets/comgenvid/real/MSVD/ulPvRmNfXK4_96_100.mp4,comgenvid,real,VEO3,vatex_5000_video256,feature_change
comgenvid:datasets/comgenvid/real/MSVD/WTf5EgVY5uU_76_83.mp4,comgenvid,real,VEO3,vatex_5000_video256,feature_change
comgenvid:datasets/comgenvid/real/MSVD/pGCRurvXQGM_45_56.mp4,comgenvid,real,VEO3,vatex_5000_video256,feature_change
comgenvid:datasets/comgenvid/real/MSVD/ngHDYzhDBk4_5_14.mp4,comgenvid,real,VEO3,vatex_5000_video256,feature_change
comgenvid:datasets/comgenvid/real/MSVD/htWPOGTagec_2_18.mp4,comgenvid,real,VEO3,vatex_5000_video256,feature_change
comgenvid:datasets/comgenvid/real/MSVD/YXixZrSxefk_6_15.mp4,comgenvid,real,VEO3,vatex_5000_video256,feature_change
comgenvid:datasets/comgenvid/real/MSVD/b4FM9OLBGyM_37_49.mp4,comgenvid,real,VEO3,vatex_5000_video256,feature_change
comgenvid:datasets/comgenvid/real/MSVD/W_iR4YVCxUY_8_15.mp4,comgenvid,real,VEO3,vatex_5000_video256,feature_change
comgenvid:datasets/comgenvid/real/MSVD/VZ6H73nH7xs_27_33.mp4,comgenvid,real,VEO3,vatex_5000_video256,feature_change
comgenvid:datasets/comgenvid/real/MSVD/X_NLV2KCnIE_60_70.mp4,comgenvid,real,VEO3,vatex_5000_video256,feature_change
comgenvid:datasets/comgenvid/real/MSVD/mtrCf667KDk_134_176.mp4,comgenvid,real,VEO3,vatex_5000_video256,feature_change
comgenvid:datasets/comgenvid/real/MSVD/UbmZAe5u5FI_36_40.mp4,comgenvid,real,VEO3,vatex_5000_video256,feature_change
comgenvid:datasets/comgenvid/real/MSVD/s7znbqra118_91_97.mp4,comgenvid,real,VEO3,vatex_5000_video256,feature_change
comgenvid:datasets/comgenvid/real/MSVD/Ylb4pnW-jP4_102_113.mp4,comgenvid,real,VEO3,vatex_5000_video256,feature_change
comgenvid:datasets/comgenvid/real/MSVD/nrZyPuRd5pU_85_92.mp4,comgenvid,real,VEO3,vatex_5000_video256,feature_change
comgenvid:datasets/comgenvid/real/MSVD/ul9Xvjt83eI_111_120.mp4,comgenvid,real,VEO3,vatex_5000_video256,feature_change
comgenvid:datasets/comgenvid/real/MSVD/rwHT2SuNOi8_195_201.mp4,comgenvid,real,VEO3,vatex_5000_video256,feature_change
comgenvid:datasets/comgenvid/real/MSVD/Ya-MkA187c8_36_45.mp4,comgenvid,real,VEO3,vatex_5000_video256,feature_change
comgenvid:datasets/comgenvid/real/MSVD/tn-Hoz4KbkE_89_93.mp4,comgenvid,real,VEO3,vatex_5000_video256,feature_change
comgenvid:datasets/comgenvid/real/MSVD/veE0E79dEEc_18_45.mp4,comgenvid,real,VEO3,vatex_5000_video256,feature_change
comgenvid:datasets/comgenvid/real/MSVD/qhknaG9ifbs_122_127.mp4,comgenvid,real,VEO3,vatex_5000_video256,feature_change
comgenvid:datasets/comgenvid/real/MSVD/u_6tre9_99Q_13_25.mp4,comgenvid,real,VEO3,vatex_5000_video256,feature_change
comgenvid:datasets/comgenvid/real/MSVD/uqVCk2oDpSE_194_200.mp4,comgenvid,real,VEO3,vatex_5000_video256,feature_change
comgenvid:datasets/comgenvid/real/MSVD/V--abChiVVc_30_40.mp4,comgenvid,real,VEO3,vatex_5000_video256,feature_change
comgenvid:datasets/comgenvid/real/MSVD/Zqmx-nXhLAg_0_10.mp4,comgenvid,real,VEO3,vatex_5000_video256,feature_change
comgenvid:datasets/comgenvid/real/MSVD/hW8TKz2Aea4_5_12.mp4,comgenvid,real,VEO3,vatex_5000_video256,feature_change
comgenvid:datasets/comgenvid/real/MSVD/gGDtPJzh_0s_30_45.mp4,comgenvid,real,VEO3,vatex_5000_video256,feature_change
comgenvid:datasets/comgenvid/real/MSVD/nq4hG6qgyPs_240_251.mp4,comgenvid,real,VEO3,vatex_5000_video256,feature_change
comgenvid:datasets/comgenvid/real/MSVD/vMoOpQQy6sI_22_55.mp4,comgenvid,real,VEO3,vatex_5000_video256,feature_change
comgenvid:datasets/comgenvid/real/MSVD/e-j59PqJjSM_264_277.mp4,comgenvid,real,VEO3,vatex_5000_video256,feature_change
comgenvid:datasets/comgenvid/real/MSVD/eoP-SCgYM2w_49_60.mp4,comgenvid,real,VEO3,vatex_5000_video256,feature_change
comgenvid:datasets/comgenvid/real/MSVD/ao-9B8IV9_E_108_119.mp4,comgenvid,real,VEO3,vatex_5000_video256,feature_change
comgenvid:datasets/comgenvid/real/MSVD/ok4cM6WTA5E_142_150.mp4,comgenvid,real,VEO3,vatex_5000_video256,feature_change
comgenvid:datasets/comgenvid/real/MSVD/fd7Ky1lEPT8_40_50.mp4,comgenvid,real,VEO3,vatex_5000_video256,feature_change
comgenvid:datasets/comgenvid/real/MSVD/_WRC7HXBJpU_360_370.mp4,comgenvid,real,VEO3,vatex_5000_video256,feature_change
comgenvid:datasets/comgenvid/real/MSVD/gIvetX_oXeI_85_90.mp4,comgenvid,real,VEO3,vatex_5000_video256,feature_change
comgenvid:datasets/comgenvid/real/MSVD/mF6ijhSrbBQ_32_40.mp4,comgenvid,real,VEO3,vatex_5000_video256,feature_change
comgenvid:datasets/comgenvid/real/MSVD/rKF0ZW34FRk_41_54.mp4,comgenvid,real,VEO3,vatex_5000_video256,feature_change
comgenvid:datasets/comgenvid/real/MSVD/aHiUM8uWxxo_17_25.mp4,comgenvid,real,VEO3,vatex_5000_video256,feature_change
comgenvid:datasets/comgenvid/real/MSVD/VfqlfprZsaQ_75_85.mp4,comgenvid,real,VEO3,vatex_5000_video256,feature_change
comgenvid:datasets/comgenvid/real/MSVD/TZ860P4iTaM_11_20.mp4,comgenvid,real,VEO3,vatex_5000_video256,feature_change
comgenvid:datasets/comgenvid/real/MSVD/bQJQGoJF7_k_120_126.mp4,comgenvid,real,VEO3,vatex_5000_video256,feature_change
comgenvid:datasets/comgenvid/real/MSVD/b97TK8XVLHE_40_50.mp4,comgenvid,real,VEO3,vatex_5000_video256,feature_change
comgenvid:datasets/comgenvid/real/MSVD/pcjuCotJYj8_50_62.mp4,comgenvid,real,VEO3,vatex_5000_video256,feature_change
comgenvid:datasets/comgenvid/real/MSVD/rw9h_574HxE_13_18.mp4,comgenvid,real,VEO3,vatex_5000_video256,feature_change
comgenvid:datasets/comgenvid/real/MSVD/eb-Zp4pJLKk_2_19.mp4,comgenvid,real,VEO3,vatex_5000_video256,feature_change
comgenvid:datasets/comgenvid/real/MSVD/jcIrD7rNvTM_10_21.mp4,comgenvid,real,VEO3,vatex_5000_video256,feature_change
comgenvid:datasets/comgenvid/real/MSVD/krAk8WPZRL4_207_212.mp4,comgenvid,real,VEO3,vatex_5000_video256,feature_change
comgenvid:datasets/comgenvid/real/MSVD/r0E-0ntoNWo_20_30.mp4,comgenvid,real,VEO3,vatex_5000_video256,feature_change
comgenvid:datasets/comgenvid/real/MSVD/c2MwqFYVE7A_40_45.mp4,comgenvid,real,VEO3,vatex_5000_video256,feature_change
comgenvid:datasets/comgenvid/real/MSVD/eKtsMfmQ_0s_61_68.mp4,comgenvid,real,VEO3,vatex_5000_video256,feature_change
comgenvid:datasets/comgenvid/real/MSVD/XzCcRzEa83U_39_46.mp4,comgenvid,real,VEO3,vatex_5000_video256,feature_change
comgenvid:datasets/comgenvid/real/MSVD/Td29-SApubM_48_57.mp4,comgenvid,real,VEO3,vatex_5000_video256,feature_change
comgenvid:datasets/comgenvid/real/MSVD/xTd_IdIcB4s_2_10.mp4,comgenvid,real,VEO3,vatex_5000_video256,feature_change
comgenvid:datasets/comgenvid/real/MSVD/zhLcONtNkew_16_21.mp4,comgenvid,real,VEO3,vatex_5000_video256,feature_change
comgenvid:datasets/comgenvid/real/MSVD/iEW-EkPQywU_61_83.mp4,comgenvid,real,VEO3,vatex_5000_video256,feature_change
comgenvid:datasets/comgenvid/real/MSVD/dhxE9CNeVeY_0_12.mp4,comgenvid,real,VEO3,vatex_5000_video256,feature_change
comgenvid:datasets/comgenvid/real/MSVD/Zoz0HcCB1vU_0_10.mp4,comgenvid,real,VEO3,vatex_5000_video256,feature_change
comgenvid:datasets/comgenvid/real/MSVD/wjH72cZ0GLM_1_10.mp4,comgenvid,real,VEO3,vatex_5000_video256,feature_change
comgenvid:datasets/comgenvid/real/MSVD/ysTmUTQ5wZE_17_45.mp4,comgenvid,real,VEO3,vatex_5000_video256,feature_change
comgenvid:datasets/comgenvid/real/MSVD/fkONJEgTNJY_25_35.mp4,comgenvid,real,VEO3,vatex_5000_video256,feature_change
comgenvid:datasets/comgenvid/real/MSVD/fr9H1WLcF1A_141_148.mp4,comgenvid,real,VEO3,vatex_5000_video256,feature_change
comgenvid:datasets/comgenvid/real/MSVD/kEGmZDpZ_RE_248_293.mp4,comgenvid,real,VEO3,vatex_5000_video256,feature_change
comgenvid:datasets/comgenvid/real/MSVD/_SNE2MYAotU_41_49.mp4,comgenvid,real,VEO3,vatex_5000_video256,feature_change
comgenvid:datasets/comgenvid/real/MSVD/uxEhH6MPH28_69_85.mp4,comgenvid,real,VEO3,vatex_5000_video256,feature_change
comgenvid:datasets/comgenvid/real/MSVD/WpB4-eLyiBc_10_20.mp4,comgenvid,real,VEO3,vatex_5000_video256,feature_change
comgenvid:datasets/comgenvid/real/MSVD/mCrRHP4LFmo_24_40.mp4,comgenvid,real,VEO3,vatex_5000_video256,feature_change
comgenvid:datasets/comgenvid/real/MSVD/UXs3eq68ZjE_246_250.mp4,comgenvid,real,VEO3,vatex_5000_video256,feature_change
comgenvid:datasets/comgenvid/real/MSVD/kWLNZzuo3do_251_260.mp4,comgenvid,real,VEO3,vatex_5000_video256,feature_change
comgenvid:datasets/comgenvid/real/MSVD/hXn7D6-AAMA_0_9.mp4,comgenvid,real,VEO3,vatex_5000_video256,feature_change
comgenvid:datasets/comgenvid/real/MSVD/bnN_o0Hkn3M_73_80.mp4,comgenvid,real,VEO3,vatex_5000_video256,feature_change
comgenvid:datasets/comgenvid/real/MSVD/onW5hJXnI5s_126_133.mp4,comgenvid,real,VEO3,vatex_5000_video256,feature_change
comgenvid:datasets/comgenvid/real/MSVD/cM55xNJ_pfU_1_20.mp4,comgenvid,real,VEO3,vatex_5000_video256,feature_change
comgenvid:datasets/comgenvid/real/MSVD/h0JvF9vpqx8_213_223.mp4,comgenvid,real,VEO3,vatex_5000_video256,feature_change
comgenvid:datasets/comgenvid/real/MSVD/zfQOH4UGU_I_1_10.mp4,comgenvid,real,VEO3,vatex_5000_video256,feature_change
comgenvid:datasets/comgenvid/real/MSVD/klFyrnrUSck_87_100.mp4,comgenvid,real,VEO3,vatex_5000_video256,feature_change
comgenvid:datasets/comgenvid/real/MSVD/Wnz3IevSNg0_1_8.mp4,comgenvid,real,VEO3,vatex_5000_video256,feature_change
comgenvid:datasets/comgenvid/real/MSVD/u9E9HpuJQ7U_29_43.mp4,comgenvid,real,VEO3,vatex_5000_video256,feature_change
comgenvid:datasets/comgenvid/real/MSVD/fMXfphSi6Yw_7_12.mp4,comgenvid,real,VEO3,vatex_5000_video256,feature_change
comgenvid:datasets/comgenvid/real/MSVD/SzEbtbNSg04_70_85.mp4,comgenvid,real,VEO3,vatex_5000_video256,feature_change
comgenvid:datasets/comgenvid/real/MSVD/YJ2aGe7CLBo_25_35.mp4,comgenvid,real,VEO3,vatex_5000_video256,feature_change
comgenvid:datasets/comgenvid/real/MSVD/jvxUeT1Nlb8_100_115.mp4,comgenvid,real,VEO3,vatex_5000_video256,feature_change
comgenvid:datasets/comgenvid/real/MSVD/cR2yi-JnGcQ_8_16.mp4,comgenvid,real,VEO3,vatex_5000_video256,feature_change
comgenvid:datasets/comgenvid/real/MSVD/xdhLQCYQ-nQ_50_63.mp4,comgenvid,real,VEO3,vatex_5000_video256,feature_change
comgenvid:datasets/comgenvid/real/MSVD/gbUhorqLCzU_10_23.mp4,comgenvid,real,VEO3,vatex_5000_video256,feature_change
comgenvid:datasets/comgenvid/real/MSVD/Xxcv5jvRmcg_39_46.mp4,comgenvid,real,VEO3,vatex_5000_video256,feature_change
comgenvid:datasets/comgenvid/real/MSVD/u4kMN1jamdM_10_20.mp4,comgenvid,real,VEO3,vatex_5000_video256,feature_change
comgenvid:datasets/comgenvid/real/MSVD/sBjr8UJOpsQ_181_195.mp4,comgenvid,real,VEO3,vatex_5000_video256,feature_change
comgenvid:datasets/comgenvid/real/MSVD/e4QGnppJ-ys_6_14.mp4,comgenvid,real,VEO3,vatex_5000_video256,feature_change
comgenvid:datasets/comgenvid/real/MSVD/TjLCJKoot4U_43_65.mp4,comgenvid,real,VEO3,vatex_5000_video256,feature_change
comgenvid:datasets/comgenvid/real/MSVD/_QJbjKkfdcs_52_57.mp4,comgenvid,real,VEO3,vatex_5000_video256,feature_change
comgenvid:datasets/comgenvid/real/MSVD/Z-An1QQ66f0_13_25.mp4,comgenvid,real,VEO3,vatex_5000_video256,feature_change
comgenvid:datasets/comgenvid/real/MSVD/Z10_CDPQKKs_1_6.mp4,comgenvid,real,VEO3,vatex_5000_video256,feature_change
comgenvid:datasets/comgenvid/real/MSVD/tYQ7O6V0Fvk_20_55.mp4,comgenvid,real,VEO3,vatex_5000_video256,feature_change
comgenvid:datasets/comgenvid/real/MSVD/v4_AzQSnmY4_40_55.mp4,comgenvid,real,VEO3,vatex_5000_video256,feature_change
comgenvid:datasets/comgenvid/real/MSVD/bSIjZ75a50s_286_304.mp4,comgenvid,real,VEO3,vatex_5000_video256,feature_change
comgenvid:datasets/comgenvid/real/MSVD/n_Z0-giaspE_62_78.mp4,comgenvid,real,VEO3,vatex_5000_video256,feature_change
comgenvid:datasets/comgenvid/real/MSVD/VU4qLrk5axA_40_58.mp4,comgenvid,real,VEO3,vatex_5000_video256,feature_change
comgenvid:datasets/comgenvid/real/MSVD/eroAmLZ85DI_28_35.mp4,comgenvid,real,VEO3,vatex_5000_video256,feature_change
comgenvid:datasets/comgenvid/real/MSVD/kWLNZzuo3do_145_151.mp4,comgenvid,real,VEO3,vatex_5000_video256,feature_change
comgenvid:datasets/comgenvid/real/MSVD/e996zZ0uV_A_152_163.mp4,comgenvid,real,VEO3,vatex_5000_video256,feature_change
comgenvid:datasets/comgenvid/real/MSVD/TFJ6oR89Vb8_90_107.mp4,comgenvid,real,VEO3,vatex_5000_video256,feature_change
comgenvid:datasets/comgenvid/real/MSVD/VF1K_6ZSOAY_60_70.mp4,comgenvid,real,VEO3,vatex_5000_video256,feature_change
comgenvid:datasets/comgenvid/real/MSVD/w9mqbwOIkVg_6_12.mp4,comgenvid,real,VEO3,vatex_5000_video256,feature_change
comgenvid:datasets/comgenvid/real/MSVD/W20Btaww6zc_134_139.mp4,comgenvid,real,VEO3,vatex_5000_video256,feature_change
comgenvid:datasets/comgenvid/real/MSVD/jv-eV6jR3Qw_7_12.mp4,comgenvid,real,VEO3,vatex_5000_video256,feature_change
comgenvid:datasets/comgenvid/real/MSVD/xCFCXzDUGjY_5_9.mp4,comgenvid,real,VEO3,vatex_5000_video256,feature_change
comgenvid:datasets/comgenvid/real/MSVD/Z3m9V8qPXhQ_13_24.mp4,comgenvid,real,VEO3,vatex_5000_video256,feature_change
comgenvid:datasets/comgenvid/real/MSVD/Z19zFlPah-o_6_11.mp4,comgenvid,real,VEO3,vatex_5000_video256,feature_change
comgenvid:datasets/comgenvid/real/MSVD/q7pOFn8s4zc_263_273.mp4,comgenvid,real,VEO3,vatex_5000_video256,feature_change
comgenvid:datasets/comgenvid/real/MSVD/ywMLb2VfHbI_13_20.mp4,comgenvid,real,VEO3,vatex_5000_video256,feature_change
comgenvid:datasets/comgenvid/real/MSVD/gbbRwBZuhzI_26_40.mp4,comgenvid,real,VEO3,vatex_5000_video256,feature_change
comgenvid:datasets/comgenvid/real/MSVD/n_Z0-giaspE_379_387.mp4,comgenvid,real,VEO3,vatex_5000_video256,feature_change
comgenvid:datasets/comgenvid/real/MSVD/gbW9f8xydks_0_10.mp4,comgenvid,real,VEO3,vatex_5000_video256,feature_change
comgenvid:datasets/comgenvid/real/MSVD/yAD_TS5L2d4_4_11.mp4,comgenvid,real,VEO3,vatex_5000_video256,feature_change
comgenvid:datasets/comgenvid/real/MSVD/TPhpsIK7pDc_25_32.mp4,comgenvid,real,VEO3,vatex_5000_video256,feature_change
comgenvid:datasets/comgenvid/real/MSVD/edqyq4Q-7uU_103_109.mp4,comgenvid,real,VEO3,vatex_5000_video256,feature_change
comgenvid:datasets/comgenvid/real/MSVD/wn9rDTZj-m4_8_18.mp4,comgenvid,real,VEO3,vatex_5000_video256,feature_change
comgenvid:datasets/comgenvid/real/MSVD/t3VPeyYL-fI_35_39.mp4,comgenvid,real,VEO3,vatex_5000_video256,feature_change
comgenvid:datasets/comgenvid/real/MSVD/ecm9gf2Pgkc_1_24.mp4,comgenvid,real,VEO3,vatex_5000_video256,feature_change
comgenvid:datasets/comgenvid/real/MSVD/WTf5EgVY5uU_16_24.mp4,comgenvid,real,VEO3,vatex_5000_video256,feature_change
comgenvid:datasets/comgenvid/real/MSVD/kWLNZzuo3do_262_270.mp4,comgenvid,real,VEO3,vatex_5000_video256,feature_change
comgenvid:datasets/comgenvid/real/MSVD/nwk4m329bLw_2_10.mp4,comgenvid,real,VEO3,vatex_5000_video256,feature_change
comgenvid:datasets/comgenvid/real/MSVD/idRc_KkInds_0_6.mp4,comgenvid,real,VEO3,vatex_5000_video256,feature_change
comgenvid:datasets/comgenvid/real/MSVD/zlS1_zBYluY_15_21.mp4,comgenvid,real,VEO3,vatex_5000_video256,feature_change
comgenvid:datasets/comgenvid/real/MSVD/ptHkvYrH9fY_2_10.mp4,comgenvid,real,VEO3,vatex_5000_video256,feature_change
comgenvid:datasets/comgenvid/real/MSVD/iLr7ZHAq1ro_7_11.mp4,comgenvid,real,VEO3,vatex_5000_video256,feature_change
comgenvid:datasets/comgenvid/real/MSVD/o2X6UCaNqKA_27_36.mp4,comgenvid,real,VEO3,vatex_5000_video256,feature_change
comgenvid:datasets/comgenvid/real/MSVD/ZdlG8fjGJlo_78_87.mp4,comgenvid,real,VEO3,vatex_5000_video256,feature_change
comgenvid:datasets/comgenvid/real/MSVD/m1NR0uNNs5Y_57_64.mp4,comgenvid,real,VEO3,vatex_5000_video256,feature_change
comgenvid:datasets/comgenvid/real/MSVD/lvFYUmDSOvU_34_38.mp4,comgenvid,real,VEO3,vatex_5000_video256,feature_change
comgenvid:datasets/comgenvid/real/MSVD/VahnQw2gTQY_298_305.mp4,comgenvid,real,VEO3,vatex_5000_video256,feature_change
comgenvid:datasets/comgenvid/real/MSVD/j2Dhf-xFUxU_20_29.mp4,comgenvid,real,VEO3,vatex_5000_video256,feature_change
comgenvid:datasets/comgenvid/real/MSVD/mfJjIOfj6D8_3_10.mp4,comgenvid,real,VEO3,vatex_5000_video256,feature_change
comgenvid:datasets/comgenvid/real/MSVD/uy0HNWto0UY_18_25.mp4,comgenvid,real,VEO3,vatex_5000_video256,feature_change
comgenvid:datasets/comgenvid/real/MSVD/suj4VNfZz5E_33_50.mp4,comgenvid,real,VEO3,vatex_5000_video256,feature_change
comgenvid:datasets/comgenvid/real/MSVD/mJ9eRvxjLc4_0_16.mp4,comgenvid,real,VEO3,vatex_5000_video256,feature_change
comgenvid:datasets/comgenvid/real/MSVD/jI58q6rcNLc_8_18.mp4,comgenvid,real,VEO3,vatex_5000_video256,feature_change
comgenvid:datasets/comgenvid/real/MSVD/kWLNZzuo3do_206_213.mp4,comgenvid,real,VEO3,vatex_5000_video256,feature_change
comgenvid:datasets/comgenvid/real/MSVD/io2dbV-Qbus_215_247.mp4,comgenvid,real,VEO3,vatex_5000_video256,feature_change
comgenvid:datasets/comgenvid/real/MSVD/aGUx0QOKWXw_7_12.mp4,comgenvid,real,VEO3,vatex_5000_video256,feature_change
comgenvid:datasets/comgenvid/real/MSVD/_WRC7HXBJpU_395_401.mp4,comgenvid,real,VEO3,vatex_5000_video256,feature_change
comgenvid:datasets/comgenvid/real/MSVD/p6cg2jWI34M_34_42.mp4,comgenvid,real,VEO3,vatex_5000_video256,feature_change
comgenvid:datasets/comgenvid/real/MSVD/jmoT2we_rqo_0_5.mp4,comgenvid,real,VEO3,vatex_5000_video256,feature_change
comgenvid:datasets/comgenvid/real/MSVD/q8t7iSGAKik_57_74.mp4,comgenvid,real,VEO3,vatex_5000_video256,feature_change
comgenvid:datasets/comgenvid/real/MSVD/r2PM0om2El8_18_25.mp4,comgenvid,real,VEO3,vatex_5000_video256,feature_change
comgenvid:datasets/comgenvid/real/MSVD/oG6LLGi_n48_51_55.mp4,comgenvid,real,VEO3,vatex_5000_video256,feature_change
comgenvid:datasets/comgenvid/real/MSVD/sMscRb9TcQE_146_161.mp4,comgenvid,real,VEO3,vatex_5000_video256,feature_change
comgenvid:datasets/comgenvid/real/MSVD/zv2RIbUsnSw_335_341.mp4,comgenvid,real,VEO3,vatex_5000_video256,feature_change
comgenvid:datasets/comgenvid/real/MSVD/ZvJvNcukZ4w_0_10.mp4,comgenvid,real,VEO3,vatex_5000_video256,feature_change
comgenvid:datasets/comgenvid/real/MSVD/ibSwITK4jjQ_14_24.mp4,comgenvid,real,VEO3,vatex_5000_video256,feature_change
comgenvid:datasets/comgenvid/real/MSVD/lKpGc3SCSVw_12_20.mp4,comgenvid,real,VEO3,vatex_5000_video256,feature_change
comgenvid:datasets/comgenvid/real/MSVD/xtbsD3PUua4_84_94.mp4,comgenvid,real,VEO3,vatex_5000_video256,feature_change
comgenvid:datasets/comgenvid/real/MSVD/nPj6EcVGoUY_7_15.mp4,comgenvid,real,VEO3,vatex_5000_video256,feature_change
comgenvid:datasets/comgenvid/real/MSVD/Xh6rdpJNaf0_0_15.mp4,comgenvid,real,VEO3,vatex_5000_video256,feature_change
comgenvid:datasets/comgenvid/real/MSVD/vuvpbeQak9Q_23_29.mp4,comgenvid,real,VEO3,vatex_5000_video256,feature_change
comgenvid:datasets/comgenvid/real/MSVD/psXeA8sSYdI_25_30.mp4,comgenvid,real,VEO3,vatex_5000_video256,feature_change
comgenvid:datasets/comgenvid/real/MSVD/fgWFxFg7-GU_10_26.mp4,comgenvid,real,VEO3,vatex_5000_video256,feature_change
comgenvid:datasets/comgenvid/real/MSVD/aeA-HN7BMdo_52_58.mp4,comgenvid,real,VEO3,vatex_5000_video256,feature_change
comgenvid:datasets/comgenvid/real/MSVD/qqYysi3qotc_148_195.mp4,comgenvid,real,VEO3,vatex_5000_video256,feature_change
comgenvid:datasets/comgenvid/real/MSVD/onxE6PpEXes_8_25.mp4,comgenvid,real,VEO3,vatex_5000_video256,feature_change
comgenvid:datasets/comgenvid/real/MSVD/fMFvOgb4k6E_35_43.mp4,comgenvid,real,VEO3,vatex_5000_video256,feature_change
comgenvid:datasets/comgenvid/real/MSVD/lSnWhsmlGec_5_10.mp4,comgenvid,real,VEO3,vatex_5000_video256,feature_change
comgenvid:datasets/comgenvid/real/MSVD/YXixZrSxefk_17_48.mp4,comgenvid,real,VEO3,vatex_5000_video256,feature_change
comgenvid:datasets/comgenvid/real/MSVD/wkgGxsuNVSg_34_41.mp4,comgenvid,real,VEO3,vatex_5000_video256,feature_change
comgenvid:datasets/comgenvid/real/MSVD/jjl2ZMdFCsw_130_142.mp4,comgenvid,real,VEO3,vatex_5000_video256,feature_change
comgenvid:datasets/comgenvid/real/MSVD/uB9zRlV47qA_17_23.mp4,comgenvid,real,VEO3,vatex_5000_video256,feature_change
comgenvid:datasets/comgenvid/real/MSVD/sBjr8UJOpsQ_149_169.mp4,comgenvid,real,VEO3,vatex_5000_video256,feature_change
comgenvid:datasets/comgenvid/real/MSVD/UDwvax7K57c_28_35.mp4,comgenvid,real,VEO3,vatex_5000_video256,feature_change
comgenvid:datasets/comgenvid/real/MSVD/aM-RcQj0a7I_37_55.mp4,comgenvid,real,VEO3,vatex_5000_video256,feature_change
comgenvid:datasets/comgenvid/real/MSVD/uJPupV4oLZ0_4_12.mp4,comgenvid,real,VEO3,vatex_5000_video256,feature_change
comgenvid:datasets/comgenvid/real/MSVD/s-QQWRdF-5Y_19_28.mp4,comgenvid,real,VEO3,vatex_5000_video256,feature_change
comgenvid:datasets/comgenvid/real/MSVD/q8t7iSGAKik_11_31.mp4,comgenvid,real,VEO3,vatex_5000_video256,feature_change
comgenvid:datasets/comgenvid/real/MSVD/nq4hG6qgyPs_184_195.mp4,comgenvid,real,VEO3,vatex_5000_video256,feature_change
comgenvid:datasets/comgenvid/real/MSVD/vulNlhUI6m0_7_27.mp4,comgenvid,real,VEO3,vatex_5000_video256,feature_change
comgenvid:datasets/comgenvid/real/MSVD/idXJu0BQRvo_2_6.mp4,comgenvid,real,VEO3,vatex_5000_video256,feature_change
comgenvid:datasets/comgenvid/real/MSVD/lR8RrUBhCQg_5_15.mp4,comgenvid,real,VEO3,vatex_5000_video256,feature_change
comgenvid:datasets/comgenvid/real/MSVD/z8dcUzdi2bw_3_16.mp4,comgenvid,real,VEO3,vatex_5000_video256,feature_change
comgenvid:datasets/comgenvid/real/MSVD/kWLNZzuo3do_56_62.mp4,comgenvid,real,VEO3,vatex_5000_video256,feature_change
comgenvid:datasets/comgenvid/real/MSVD/qypmR4O1Gwk_0_10.mp4,comgenvid,real,VEO3,vatex_5000_video256,feature_change
comgenvid:datasets/comgenvid/real/MSVD/kWLNZzuo3do_167_181.mp4,comgenvid,real,VEO3,vatex_5000_video256,feature_change
comgenvid:datasets/comgenvid/real/MSVD/uiLr9bdOL0M_23_30.mp4,comgenvid,real,VEO3,vatex_5000_video256,feature_change
comgenvid:datasets/comgenvid/real/MSVD/uppFvcVwqqY_5_15.mp4,comgenvid,real,VEO3,vatex_5000_video256,feature_change
comgenvid:datasets/comgenvid/real/MSVD/bxjFqtfJlMs_18_27.mp4,comgenvid,real,VEO3,vatex_5000_video256,feature_change
comgenvid:datasets/comgenvid/real/MSVD/clKtfGBVI1I_15_28.mp4,comgenvid,real,VEO3,vatex_5000_video256,feature_change
comgenvid:datasets/comgenvid/real/MSVD/W8_63NiTENw_23_30.mp4,comgenvid,real,VEO3,vatex_5000_video256,feature_change
comgenvid:datasets/comgenvid/real/MSVD/a-cek0mvXxE_15_25.mp4,comgenvid,real,VEO3,vatex_5000_video256,feature_change
comgenvid:datasets/comgenvid/real/MSVD/UXs3eq68ZjE_280_285.mp4,comgenvid,real,VEO3,vatex_5000_video256,feature_change
comgenvid:datasets/comgenvid/real/MSVD/b71bI0rH1g8_75_90.mp4,comgenvid,real,VEO3,vatex_5000_video256,feature_change
comgenvid:datasets/comgenvid/real/MSVD/z0zb--BOhDY_16_22.mp4,comgenvid,real,VEO3,vatex_5000_video256,feature_change
comgenvid:datasets/comgenvid/real/MSVD/mZVPkPqwzR4_38_45.mp4,comgenvid,real,VEO3,vatex_5000_video256,feature_change
comgenvid:datasets/comgenvid/real/MSVD/ViWQUOGIaSU_9_16.mp4,comgenvid,real,VEO3,vatex_5000_video256,feature_change
comgenvid:datasets/comgenvid/real/MSVD/bruzcOyIGeg_4_12.mp4,comgenvid,real,VEO3,vatex_5000_video256,feature_change
comgenvid:datasets/comgenvid/real/MSVD/cs33MNhpRNw_16_21.mp4,comgenvid,real,VEO3,vatex_5000_video256,feature_change
comgenvid:datasets/comgenvid/real/MSVD/tYh4iDFgmEE_50_54.mp4,comgenvid,real,VEO3,vatex_5000_video256,feature_change
comgenvid:datasets/comgenvid/real/MSVD/q3I3R_gqy8M_34_37.mp4,comgenvid,real,VEO3,vatex_5000_video256,feature_change
comgenvid:datasets/comgenvid/real/MSVD/kI6MWZrl8v8_149_161.mp4,comgenvid,real,VEO3,vatex_5000_video256,feature_change
comgenvid:datasets/comgenvid/real/MSVD/nc0fVlaTYEs_34_44.mp4,comgenvid,real,VEO3,vatex_5000_video256,feature_change
comgenvid:datasets/comgenvid/real/MSVD/VLBsAPZ2DDE_34_41.mp4,comgenvid,real,VEO3,vatex_5000_video256,feature_change
comgenvid:datasets/comgenvid/real/MSVD/m7x8uIdg2XU_67_73.mp4,comgenvid,real,VEO3,vatex_5000_video256,feature_change
comgenvid:datasets/comgenvid/real/MSVD/c53HKs39i28_26_35.mp4,comgenvid,real,VEO3,vatex_5000_video256,feature_change
comgenvid:datasets/comgenvid/real/MSVD/WTf5EgVY5uU_15_19.mp4,comgenvid,real,VEO3,vatex_5000_video256,feature_change
comgenvid:datasets/comgenvid/real/MSVD/TZ860P4iTaM_10_24.mp4,comgenvid,real,VEO3,vatex_5000_video256,feature_change
comgenvid:datasets/comgenvid/real/MSVD/uO7Eysrs8_k_80_90.mp4,comgenvid,real,VEO3,vatex_5000_video256,feature_change
comgenvid:datasets/comgenvid/real/MSVD/ghynaoVNwZc_1_20.mp4,comgenvid,real,VEO3,vatex_5000_video256,feature_change
comgenvid:datasets/comgenvid/real/MSVD/YmXCfQm0_CA_7_16.mp4,comgenvid,real,VEO3,vatex_5000_video256,feature_change
comgenvid:datasets/comgenvid/real/MSVD/W8l_ezoU8Lc_156_162.mp4,comgenvid,real,VEO3,vatex_5000_video256,feature_change
comgenvid:datasets/comgenvid/real/MSVD/oeaVXK2GAyc_4_21.mp4,comgenvid,real,VEO3,vatex_5000_video256,feature_change
comgenvid:datasets/comgenvid/real/MSVD/xxHx6s_DbUo_182_186.mp4,comgenvid,real,VEO3,vatex_5000_video256,feature_change
comgenvid:datasets/comgenvid/real/MSVD/u9prcUCHlqM_503_511.mp4,comgenvid,real,VEO3,vatex_5000_video256,feature_change
comgenvid:datasets/comgenvid/real/MSVD/vRC9sBNt9vs_10_16.mp4,comgenvid,real,VEO3,vatex_5000_video256,feature_change
comgenvid:datasets/comgenvid/real/MSVD/jPBxl9gFqNY_110_117.mp4,comgenvid,real,VEO3,vatex_5000_video256,feature_change
comgenvid:datasets/comgenvid/real/MSVD/q9ew_nITQWY_54_62.mp4,comgenvid,real,VEO3,vatex_5000_video256,feature_change
comgenvid:datasets/comgenvid/real/MSVD/kWLNZzuo3do_222_227.mp4,comgenvid,real,VEO3,vatex_5000_video256,feature_change
comgenvid:datasets/comgenvid/real/MSVD/mmSQTI6gMNQ_120_128.mp4,comgenvid,real,VEO3,vatex_5000_video256,feature_change
comgenvid:datasets/comgenvid/real/MSVD/lv8d_qLLqsk_1_20.mp4,comgenvid,real,VEO3,vatex_5000_video256,feature_change
comgenvid:datasets/comgenvid/real/MSVD/yREFkmrrYiw_51_57.mp4,comgenvid,real,VEO3,vatex_5000_video256,feature_change
comgenvid:datasets/comgenvid/real/MSVD/eZLxohGP4IE_15_25.mp4,comgenvid,real,VEO3,vatex_5000_video256,feature_change
comgenvid:datasets/comgenvid/real/MSVD/hJFBXHtxKIc_225_230.mp4,comgenvid,real,VEO3,vatex_5000_video256,feature_change
comgenvid:datasets/comgenvid/real/MSVD/tBj4Ny19vfQ_54_59.mp4,comgenvid,real,VEO3,vatex_5000_video256,feature_change
comgenvid:datasets/comgenvid/real/MSVD/kWLNZzuo3do_147_153.mp4,comgenvid,real,VEO3,vatex_5000_video256,feature_change
comgenvid:datasets/comgenvid/real/MSVD/htry5uxX0-Y_45_52.mp4,comgenvid,real,VEO3,vatex_5000_video256,feature_change
comgenvid:datasets/comgenvid/real/MSVD/s9TklvyLFyI_177_191.mp4,comgenvid,real,VEO3,vatex_5000_video256,feature_change
comgenvid:datasets/comgenvid/real/MSVD/yd8jh9QYfEs_4_10.mp4,comgenvid,real,VEO3,vatex_5000_video256,feature_change
comgenvid:datasets/comgenvid/real/MSVD/lB1UPJ4leqs_0_6.mp4,comgenvid,real,VEO3,vatex_5000_video256,feature_change
comgenvid:datasets/comgenvid/real/MSVD/jjl2ZMdFCsw_17_35.mp4,comgenvid,real,VEO3,vatex_5000_video256,feature_change
comgenvid:datasets/comgenvid/real/MSVD/iUYWdCxvJCI_2_14.mp4,comgenvid,real,VEO3,vatex_5000_video256,feature_change
comgenvid:datasets/comgenvid/real/MSVD/Ud3Qy8m6OxQ_52_62.mp4,comgenvid,real,VEO3,vatex_5000_video256,feature_change
comgenvid:datasets/comgenvid/real/MSVD/bL_Kijz9IN4_0_15.mp4,comgenvid,real,VEO3,vatex_5000_video256,feature_change
comgenvid:datasets/comgenvid/real/MSVD/Xp6rxW4hFFo_32_40.mp4,comgenvid,real,VEO3,vatex_5000_video256,feature_change
comgenvid:datasets/comgenvid/real/MSVD/_txL575S_OA_13_23.mp4,comgenvid,real,VEO3,vatex_5000_video256,feature_change
comgenvid:datasets/comgenvid/real/MSVD/_9iG5Ge01PM_3_11.mp4,comgenvid,real,VEO3,vatex_5000_video256,feature_change
comgenvid:datasets/comgenvid/real/MSVD/YndZ9YulpTo_61_76.mp4,comgenvid,real,VEO3,vatex_5000_video256,feature_change
comgenvid:datasets/comgenvid/real/MSVD/_O9kWD8nuRU_70_76.mp4,comgenvid,real,VEO3,vatex_5000_video256,feature_change
comgenvid:datasets/comgenvid/real/MSVD/otvx5OZHTJc_1_22.mp4,comgenvid,real,VEO3,vatex_5000_video256,feature_change
comgenvid:datasets/comgenvid/real/MSVD/d7Gs0uGFLh0_5_13.mp4,comgenvid,real,VEO3,vatex_5000_video256,feature_change
comgenvid:datasets/comgenvid/real/MSVD/WTf5EgVY5uU_130_135.mp4,comgenvid,real,VEO3,vatex_5000_video256,feature_change
comgenvid:datasets/comgenvid/real/MSVD/UXs3eq68ZjE_498_504.mp4,comgenvid,real,VEO3,vatex_5000_video256,feature_change
comgenvid:datasets/comgenvid/real/MSVD/fw8qvK67jYY_50_97.mp4,comgenvid,real,VEO3,vatex_5000_video256,feature_change
comgenvid:datasets/comgenvid/real/MSVD/tn1d5DmdMqY_15_28.mp4,comgenvid,real,VEO3,vatex_5000_video256,feature_change
comgenvid:datasets/comgenvid/real/MSVD/hM3jzlyNIpc_0_10.mp4,comgenvid,real,VEO3,vatex_5000_video256,feature_change
comgenvid:datasets/comgenvid/real/MSVD/fnpp8v9NbmY_181_188.mp4,comgenvid,real,VEO3,vatex_5000_video256,feature_change
comgenvid:datasets/comgenvid/real/MSVD/xxHx6s_DbUo_41_44.mp4,comgenvid,real,VEO3,vatex_5000_video256,feature_change
comgenvid:datasets/comgenvid/real/MSVD/giLxPCgLLqg_9_19.mp4,comgenvid,real,VEO3,vatex_5000_video256,feature_change
comgenvid:datasets/comgenvid/real/MSVD/UbmZAe5u5FI_44_55.mp4,comgenvid,real,VEO3,vatex_5000_video256,feature_change
comgenvid:datasets/comgenvid/real/MSVD/VahnQw2gTQY_274_280.mp4,comgenvid,real,VEO3,vatex_5000_video256,feature_change
comgenvid:datasets/comgenvid/real/MSVD/n2NLoLNecgI_168_178.mp4,comgenvid,real,VEO3,vatex_5000_video256,feature_change
comgenvid:datasets/comgenvid/real/MSVD/yyxtyCaEVqk_250_264.mp4,comgenvid,real,VEO3,vatex_5000_video256,feature_change
comgenvid:datasets/comgenvid/real/MSVD/WqQonRVs7WA_0_10.mp4,comgenvid,real,VEO3,vatex_5000_video256,feature_change
comgenvid:datasets/comgenvid/real/MSVD/W8l_ezoU8Lc_55_70.mp4,comgenvid,real,VEO3,vatex_5000_video256,feature_change
comgenvid:datasets/comgenvid/real/MSVD/sWqi41wyXcQ_68_79.mp4,comgenvid,real,VEO3,vatex_5000_video256,feature_change
comgenvid:datasets/comgenvid/real/MSVD/p9g06ktIkJg_4_11.mp4,comgenvid,real,VEO3,vatex_5000_video256,feature_change
comgenvid:datasets/comgenvid/real/MSVD/WTf5EgVY5uU_98_104.mp4,comgenvid,real,VEO3,vatex_5000_video256,feature_change
comgenvid:datasets/comgenvid/real/MSVD/nhm_APPwhWk_6_12.mp4,comgenvid,real,VEO3,vatex_5000_video256,feature_change
comgenvid:datasets/comgenvid/real/MSVD/bLqmf8x7rLI_2_8.mp4,comgenvid,real,VEO3,vatex_5000_video256,feature_change
comgenvid:datasets/comgenvid/real/MSVD/qeKX-N1nKiM_123_130.mp4,comgenvid,real,VEO3,vatex_5000_video256,feature_change
comgenvid:datasets/comgenvid/real/MSVD/xy9LLUUZ6ic_50_60.mp4,comgenvid,real,VEO3,vatex_5000_video256,feature_change
comgenvid:datasets/comgenvid/real/MSVD/m1NR0uNNs5Y_160_166.mp4,comgenvid,real,VEO3,vatex_5000_video256,feature_change
comgenvid:datasets/comgenvid/real/MSVD/nLvX-erABqY_67_72.mp4,comgenvid,real,VEO3,vatex_5000_video256,feature_change
comgenvid:datasets/comgenvid/real/MSVD/Ugb_uH72d0I_8_17.mp4,comgenvid,real,VEO3,vatex_5000_video256,feature_change
comgenvid:datasets/comgenvid/real/MSVD/ZK4W-2ifl6I_1_28.mp4,comgenvid,real,VEO3,vatex_5000_video256,feature_change
comgenvid:datasets/comgenvid/real/MSVD/s-dSFyz_5Ww_31_41.mp4,comgenvid,real,VEO3,vatex_5000_video256,feature_change
comgenvid:datasets/comgenvid/real/MSVD/z_qf7tOnHVg_81_89.mp4,comgenvid,real,VEO3,vatex_5000_video256,feature_change
comgenvid:datasets/comgenvid/real/MSVD/lcu-DwrnYY8_2_5.mp4,comgenvid,real,VEO3,vatex_5000_video256,feature_change
comgenvid:datasets/comgenvid/real/MSVD/gHyXstpe_N8_116_125.mp4,comgenvid,real,VEO3,vatex_5000_video256,feature_change
comgenvid:datasets/comgenvid/real/MSVD/UbmZAe5u5FI_60_70.mp4,comgenvid,real,VEO3,vatex_5000_video256,feature_change
comgenvid:datasets/comgenvid/real/MSVD/q5ZRMvjzhXQ_15_29.mp4,comgenvid,real,VEO3,vatex_5000_video256,feature_change
comgenvid:datasets/comgenvid/real/MSVD/rw9h_574HxE_229_236.mp4,comgenvid,real,VEO3,vatex_5000_video256,feature_change
comgenvid:datasets/comgenvid/real/MSVD/WTf5EgVY5uU_104_108.mp4,comgenvid,real,VEO3,vatex_5000_video256,feature_change
comgenvid:datasets/comgenvid/real/MSVD/_JVxurtGIhI_32_42.mp4,comgenvid,real,VEO3,vatex_5000_video256,feature_change
comgenvid:datasets/comgenvid/real/MSVD/qeKX-N1nKiM_0_5.mp4,comgenvid,real,VEO3,vatex_5000_video256,feature_change
comgenvid:datasets/comgenvid/real/MSVD/ejgwQqCHN1E_7_12.mp4,comgenvid,real,VEO3,vatex_5000_video256,feature_change
comgenvid:datasets/comgenvid/real/MSVD/Wv3u2q3oGeU_35_45.mp4,comgenvid,real,VEO3,vatex_5000_video256,feature_change
comgenvid:datasets/comgenvid/real/MSVD/kIZanu909lw_67_80.mp4,comgenvid,real,VEO3,vatex_5000_video256,feature_change
comgenvid:datasets/comgenvid/real/MSVD/X98fLZHIzWQ_15_20.mp4,comgenvid,real,VEO3,vatex_5000_video256,feature_change
comgenvid:datasets/comgenvid/real/MSVD/glrijRGnmc0_211_215.mp4,comgenvid,real,VEO3,vatex_5000_video256,feature_change
comgenvid:datasets/comgenvid/real/MSVD/tZmDWltBziM_70_80.mp4,comgenvid,real,VEO3,vatex_5000_video256,feature_change
comgenvid:datasets/comgenvid/real/MSVD/x8Ul09tk6zk_0_8.mp4,comgenvid,real,VEO3,vatex_5000_video256,feature_change
comgenvid:datasets/comgenvid/real/MSVD/Zg0p5TXi_Cc_30_46.mp4,comgenvid,real,VEO3,vatex_5000_video256,feature_change
comgenvid:datasets/comgenvid/real/MSVD/e996zZ0uV_A_196_204.mp4,comgenvid,real,VEO3,vatex_5000_video256,feature_change
comgenvid:datasets/comgenvid/real/MSVD/WTf5EgVY5uU_108_116.mp4,comgenvid,real,VEO3,vatex_5000_video256,feature_change
comgenvid:datasets/comgenvid/real/MSVD/dtn0PuxgfkM_0_5.mp4,comgenvid,real,VEO3,vatex_5000_video256,feature_change
comgenvid:datasets/comgenvid/real/MSVD/s80J2dAUUyI_33_43.mp4,comgenvid,real,VEO3,vatex_5000_video256,feature_change
comgenvid:datasets/comgenvid/real/MSVD/j4dMnAPZu70_12_17.mp4,comgenvid,real,VEO3,vatex_5000_video256,feature_change
comgenvid:datasets/comgenvid/real/MSVD/xxHx6s_DbUo_202_207.mp4,comgenvid,real,VEO3,vatex_5000_video256,feature_change
comgenvid:datasets/comgenvid/real/MSVD/xxHx6s_DbUo_173_177.mp4,comgenvid,real,VEO3,vatex_5000_video256,feature_change
comgenvid:datasets/comgenvid/real/MSVD/emblM4a76jg_5_15.mp4,comgenvid,real,VEO3,vatex_5000_video256,feature_change
comgenvid:datasets/comgenvid/real/MSVD/jCplbayVbtw_10_20.mp4,comgenvid,real,VEO3,vatex_5000_video256,feature_change
comgenvid:datasets/comgenvid/real/MSVD/pzq5fPfsPZg_51_57.mp4,comgenvid,real,VEO3,vatex_5000_video256,feature_change
comgenvid:datasets/comgenvid/real/MSVD/zv2RIbUsnSw_159_162.mp4,comgenvid,real,VEO3,vatex_5000_video256,feature_change
comgenvid:datasets/comgenvid/real/MSVD/zWVQImPY2Cc_27_44.mp4,comgenvid,real,VEO3,vatex_5000_video256,feature_change
comgenvid:datasets/comgenvid/real/MSVD/yyxtyCaEVqk_321_328.mp4,comgenvid,real,VEO3,vatex_5000_video256,feature_change
comgenvid:datasets/comgenvid/real/MSVD/WTf5EgVY5uU_33_39.mp4,comgenvid,real,VEO3,vatex_5000_video256,feature_change
comgenvid:datasets/comgenvid/real/MSVD/pzq5fPfsPZg_145_160.mp4,comgenvid,real,VEO3,vatex_5000_video256,feature_change
comgenvid:datasets/comgenvid/real/MSVD/WPG-BIWOrG4_130_134.mp4,comgenvid,real,VEO3,vatex_5000_video256,feature_change
comgenvid:datasets/comgenvid/real/MSVD/iwpnUHFhjWc_84_94.mp4,comgenvid,real,VEO3,vatex_5000_video256,feature_change
comgenvid:datasets/comgenvid/real/MSVD/rw9h_574HxE_161_166.mp4,comgenvid,real,VEO3,vatex_5000_video256,feature_change
comgenvid:datasets/comgenvid/real/MSVD/h0JvF9vpqx8_36_42.mp4,comgenvid,real,VEO3,vatex_5000_video256,feature_change
comgenvid:datasets/comgenvid/real/MSVD/f9_bP219ehQ_63_70.mp4,comgenvid,real,VEO3,vatex_5000_video256,feature_change
comgenvid:datasets/comgenvid/real/MSVD/l5JJ2n2ggiQ_319_327.mp4,comgenvid,real,VEO3,vatex_5000_video256,feature_change
comgenvid:datasets/comgenvid/real/MSVD/oDcd2JbOyzg_38_55.mp4,comgenvid,real,VEO3,vatex_5000_video256,feature_change
comgenvid:datasets/comgenvid/real/MSVD/VahnQw2gTQY_203_210.mp4,comgenvid,real,VEO3,vatex_5000_video256,feature_change
comgenvid:datasets/comgenvid/real/MSVD/tzd3AYTZq0U_0_6.mp4,comgenvid,real,VEO3,vatex_5000_video256,feature_change
comgenvid:datasets/comgenvid/real/MSVD/zkTn5Ef1Oig_70_75.mp4,comgenvid,real,VEO3,vatex_5000_video256,feature_change
comgenvid:datasets/comgenvid/real/MSVD/gHyXstpe_N8_95_100.mp4,comgenvid,real,VEO3,vatex_5000_video256,feature_change
comgenvid:datasets/comgenvid/real/MSVD/g9aZcaEg7iY_0_9.mp4,comgenvid,real,VEO3,vatex_5000_video256,feature_change
comgenvid:datasets/comgenvid/real/MSVD/kBjUDCyDCuI_20_26.mp4,comgenvid,real,VEO3,vatex_5000_video256,feature_change
comgenvid:datasets/comgenvid/real/MSVD/jTnrm338_KY_34_42.mp4,comgenvid,real,VEO3,vatex_5000_video256,feature_change
comgenvid:datasets/comgenvid/real/MSVD/WTf5EgVY5uU_18_23.mp4,comgenvid,real,VEO3,vatex_5000_video256,feature_change
comgenvid:datasets/comgenvid/real/MSVD/toE0QYZzJKE_1_8.mp4,comgenvid,real,VEO3,vatex_5000_video256,feature_change
comgenvid:datasets/comgenvid/real/MSVD/o4pL7FObqds_243_263.mp4,comgenvid,real,VEO3,vatex_5000_video256,feature_change
comgenvid:datasets/comgenvid/real/MSVD/kWLNZzuo3do_48_53.mp4,comgenvid,real,VEO3,vatex_5000_video256,feature_change
comgenvid:datasets/comgenvid/real/MSVD/UbmZAe5u5FI_26_33.mp4,comgenvid,real,VEO3,vatex_5000_video256,feature_change
comgenvid:datasets/comgenvid/real/MSVD/qDjtN7xxNr4_44_51.mp4,comgenvid,real,VEO3,vatex_5000_video256,feature_change
comgenvid:datasets/comgenvid/real/MSVD/s6QwbmWbSmw_18_24.mp4,comgenvid,real,VEO3,vatex_5000_video256,feature_change
comgenvid:datasets/comgenvid/real/MSVD/kWLNZzuo3do_192_196.mp4,comgenvid,real,VEO3,vatex_5000_video256,feature_change
comgenvid:datasets/comgenvid/real/MSVD/mHv4iJ9Yr1g_10_16.mp4,comgenvid,real,VEO3,vatex_5000_video256,feature_change
comgenvid:datasets/comgenvid/real/MSVD/yYA7YXIKbg4_9_14.mp4,comgenvid,real,VEO3,vatex_5000_video256,feature_change
comgenvid:datasets/comgenvid/real/MSVD/n_Z0-giaspE_168_193.mp4,comgenvid,real,VEO3,vatex_5000_video256,feature_change
comgenvid:datasets/comgenvid/real/MSVD/o_mWZWcm2r4_47_54.mp4,comgenvid,real,VEO3,vatex_5000_video256,feature_change
comgenvid:datasets/comgenvid/real/MSVD/zxB4dFJhHR8_1_9.mp4,comgenvid,real,VEO3,vatex_5000_video256,feature_change
comgenvid:datasets/comgenvid/real/MSVD/eZLxohGP4IE_190_201.mp4,comgenvid,real,VEO3,vatex_5000_video256,feature_change
comgenvid:datasets/comgenvid/real/MSVD/nohvigNMsbo_199_207.mp4,comgenvid,real,VEO3,vatex_5000_video256,feature_change
comgenvid:datasets/comgenvid/real/MSVD/elQqQfux7Po_12_22.mp4,comgenvid,real,VEO3,vatex_5000_video256,feature_change
comgenvid:datasets/comgenvid/real/MSVD/ao-9B8IV9_E_175_187.mp4,comgenvid,real,VEO3,vatex_5000_video256,feature_change
comgenvid:datasets/comgenvid/real/MSVD/tqxRDVKtkSY_30_45.mp4,comgenvid,real,VEO3,vatex_5000_video256,feature_change
comgenvid:datasets/comgenvid/real/MSVD/dc4UltkRJsw_53_59.mp4,comgenvid,real,VEO3,vatex_5000_video256,feature_change
comgenvid:datasets/comgenvid/real/MSVD/e3XkmpNcSt4_8_19.mp4,comgenvid,real,VEO3,vatex_5000_video256,feature_change
comgenvid:datasets/comgenvid/real/MSVD/rV5VmhY3-Sw_65_76.mp4,comgenvid,real,VEO3,vatex_5000_video256,feature_change
comgenvid:datasets/comgenvid/real/MSVD/vpR0L3sIvoo_15_49.mp4,comgenvid,real,VEO3,vatex_5000_video256,feature_change
comgenvid:datasets/comgenvid/real/MSVD/yfMTsYcLt10_0_7.mp4,comgenvid,real,VEO3,vatex_5000_video256,feature_change
comgenvid:datasets/comgenvid/real/MSVD/jbzaMtPYtl8_48_58.mp4,comgenvid,real,VEO3,vatex_5000_video256,feature_change
comgenvid:datasets/comgenvid/real/MSVD/ZbtpcGi2DWY_161_170.mp4,comgenvid,real,VEO3,vatex_5000_video256,feature_change
comgenvid:datasets/comgenvid/real/MSVD/WPG-BIWOrG4_672_677.mp4,comgenvid,real,VEO3,vatex_5000_video256,feature_change
comgenvid:datasets/comgenvid/real/MSVD/vDhEpqfhVI0_0_8.mp4,comgenvid,real,VEO3,vatex_5000_video256,feature_change
comgenvid:datasets/comgenvid/real/MSVD/lc9bA-hvqHU_1_6.mp4,comgenvid,real,VEO3,vatex_5000_video256,feature_change
comgenvid:datasets/comgenvid/real/MSVD/tYh4iDFgmEE_10_14.mp4,comgenvid,real,VEO3,vatex_5000_video256,feature_change
comgenvid:datasets/comgenvid/real/MSVD/nCtZFOYAlvQ_44_49.mp4,comgenvid,real,VEO3,vatex_5000_video256,feature_change
comgenvid:datasets/comgenvid/real/MSVD/TxzxPyfsSxY_0_10.mp4,comgenvid,real,VEO3,vatex_5000_video256,feature_change
comgenvid:datasets/comgenvid/real/MSVD/WTx-K045yQM_85_98.mp4,comgenvid,real,VEO3,vatex_5000_video256,feature_change
comgenvid:datasets/comgenvid/real/MSVD/sm0OYD0NSbQ_51_59.mp4,comgenvid,real,VEO3,vatex_5000_video256,feature_change
comgenvid:datasets/comgenvid/real/MSVD/kuNQpRTc-hA_126_135.mp4,comgenvid,real,VEO3,vatex_5000_video256,feature_change
comgenvid:datasets/comgenvid/real/MSVD/shPymuahrsc_5_12.mp4,comgenvid,real,VEO3,vatex_5000_video256,feature_change
comgenvid:datasets/comgenvid/real/MSVD/hJFBXHtxKIc_163_168.mp4,comgenvid,real,VEO3,vatex_5000_video256,feature_change
comgenvid:datasets/comgenvid/real/MSVD/xEDCfcMZlZY_37_41.mp4,comgenvid,real,VEO3,vatex_5000_video256,feature_change
comgenvid:datasets/comgenvid/real/MSVD/bK-i_FAcpoY_86_92.mp4,comgenvid,real,VEO3,vatex_5000_video256,feature_change
comgenvid:datasets/comgenvid/real/MSVD/v-9Gx0gJmfo_91_99.mp4,comgenvid,real,VEO3,vatex_5000_video256,feature_change
comgenvid:datasets/comgenvid/real/MSVD/kWLNZzuo3do_24_31.mp4,comgenvid,real,VEO3,vatex_5000_video256,feature_change
comgenvid:datasets/comgenvid/real/MSVD/hFERWnoc-nU_0_12.mp4,comgenvid,real,VEO3,vatex_5000_video256,feature_change
comgenvid:datasets/comgenvid/real/MSVD/WTf5EgVY5uU_218_236.mp4,comgenvid,real,VEO3,vatex_5000_video256,feature_change
comgenvid:datasets/comgenvid/real/MSVD/zHy7pM0U49w_103_109.mp4,comgenvid,real,VEO3,vatex_5000_video256,feature_change
comgenvid:datasets/comgenvid/real/MSVD/kWLNZzuo3do_31_37.mp4,comgenvid,real,VEO3,vatex_5000_video256,feature_change
comgenvid:datasets/comgenvid/real/MSVD/Vn0Xv0fb1z4_18_30.mp4,comgenvid,real,VEO3,vatex_5000_video256,feature_change
comgenvid:datasets/comgenvid/real/MSVD/UXs3eq68ZjE_194_200.mp4,comgenvid,real,VEO3,vatex_5000_video256,feature_change
comgenvid:datasets/comgenvid/real/MSVD/eVSQiPbepXg_44_49.mp4,comgenvid,real,VEO3,vatex_5000_video256,feature_change
comgenvid:datasets/comgenvid/real/MSVD/q7pOFn8s4zc_27_36.mp4,comgenvid,real,VEO3,vatex_5000_video256,feature_change
comgenvid:datasets/comgenvid/real/MSVD/Xwrl4htUPjo_22_38.mp4,comgenvid,real,VEO3,vatex_5000_video256,feature_change
comgenvid:datasets/comgenvid/real/MSVD/iuqVpMdb1NM_35_43.mp4,comgenvid,real,VEO3,vatex_5000_video256,feature_change
comgenvid:datasets/comgenvid/real/MSVD/hJFBXHtxKIc_298_303.mp4,comgenvid,real,VEO3,vatex_5000_video256,feature_change
comgenvid:datasets/comgenvid/real/MSVD/zCf8NWJ8kzA_47_52.mp4,comgenvid,real,VEO3,vatex_5000_video256,feature_change
comgenvid:datasets/comgenvid/real/MSVD/bXsKw3TOQXs_30_55.mp4,comgenvid,real,VEO3,vatex_5000_video256,feature_change
comgenvid:datasets/comgenvid/real/MSVD/o4OsYxsNGMI_77_82.mp4,comgenvid,real,VEO3,vatex_5000_video256,feature_change
comgenvid:datasets/comgenvid/real/MSVD/zbAk0gX7kas_16_24.mp4,comgenvid,real,VEO3,vatex_5000_video256,feature_change
comgenvid:datasets/comgenvid/real/MSVD/x68Djm_Q0GA_0_10.mp4,comgenvid,real,VEO3,vatex_5000_video256,feature_change
comgenvid:datasets/comgenvid/real/MSVD/zYcY4mjLpxU_104_118.mp4,comgenvid,real,VEO3,vatex_5000_video256,feature_change
comgenvid:datasets/comgenvid/real/MSVD/gjVBEJGHrXk_26_38.mp4,comgenvid,real,VEO3,vatex_5000_video256,feature_change
comgenvid:datasets/comgenvid/real/MSVD/klFyrnrUSck_13_19.mp4,comgenvid,real,VEO3,vatex_5000_video256,feature_change
comgenvid:datasets/comgenvid/real/MSVD/pqTWUzehCUM_42_47.mp4,comgenvid,real,VEO3,vatex_5000_video256,feature_change
comgenvid:datasets/comgenvid/real/MSVD/ceOXCFUmxzA_100_110.mp4,comgenvid,real,VEO3,vatex_5000_video256,feature_change
comgenvid:datasets/comgenvid/real/MSVD/UXs3eq68ZjE_320_325.mp4,comgenvid,real,VEO3,vatex_5000_video256,feature_change
comgenvid:datasets/comgenvid/real/MSVD/zpgW7m7_LZw_2_15.mp4,comgenvid,real,VEO3,vatex_5000_video256,feature_change
comgenvid:datasets/comgenvid/real/MSVD/fjDvKHkmxs0_72_87.mp4,comgenvid,real,VEO3,vatex_5000_video256,feature_change
comgenvid:datasets/comgenvid/real/MSVD/gXVaC3gBWbc_22_30.mp4,comgenvid,real,VEO3,vatex_5000_video256,feature_change
comgenvid:datasets/comgenvid/real/MSVD/W8l_ezoU8Lc_76_86.mp4,comgenvid,real,VEO3,vatex_5000_video256,feature_change
comgenvid:datasets/comgenvid/real/MSVD/kWLNZzuo3do_152_164.mp4,comgenvid,real,VEO3,vatex_5000_video256,feature_change
comgenvid:datasets/comgenvid/real/MSVD/W6_XuNhgtrM_2_5.mp4,comgenvid,real,VEO3,vatex_5000_video256,feature_change
comgenvid:datasets/comgenvid/real/MSVD/a8PAY4rvzRM_1_10.mp4,comgenvid,real,VEO3,vatex_5000_video256,feature_change
comgenvid:datasets/comgenvid/real/MSVD/xGdoi3W3Z4o_2_40.mp4,comgenvid,real,VEO3,vatex_5000_video256,feature_change
comgenvid:datasets/comgenvid/real/MSVD/zS50h-a8RTg_3_9.mp4,comgenvid,real,VEO3,vatex_5000_video256,feature_change
comgenvid:datasets/comgenvid/real/MSVD/UoPU8F9mus8_258_262.mp4,comgenvid,real,VEO3,vatex_5000_video256,feature_change
comgenvid:datasets/comgenvid/real/MSVD/_pj2Nutu5v8_1_8.mp4,comgenvid,real,VEO3,vatex_5000_video256,feature_change
comgenvid:datasets/comgenvid/real/MSVD/_6OTzzK7t9Y_73_78.mp4,comgenvid,real,VEO3,vatex_5000_video256,feature_change
comgenvid:datasets/comgenvid/real/MSVD/mFCf8lLXrUc_36_57.mp4,comgenvid,real,VEO3,vatex_5000_video256,feature_change
comgenvid:datasets/comgenvid/real/MSVD/s1ZABV7AQdA_38_48.mp4,comgenvid,real,VEO3,vatex_5000_video256,feature_change
comgenvid:datasets/comgenvid/real/MSVD/otLEUwHao_E_140_151.mp4,comgenvid,real,VEO3,vatex_5000_video256,feature_change
comgenvid:datasets/comgenvid/real/MSVD/c76tShLfQb0_74_81.mp4,comgenvid,real,VEO3,vatex_5000_video256,feature_change
comgenvid:datasets/comgenvid/real/MSVD/hJuqBDw_TT4_14_25.mp4,comgenvid,real,VEO3,vatex_5000_video256,feature_change
comgenvid:datasets/comgenvid/real/MSVD/zFIn8DeV5PM_20_33.mp4,comgenvid,real,VEO3,vatex_5000_video256,feature_change
comgenvid:datasets/comgenvid/real/MSVD/ggWzbEFC-RE_1_11.mp4,comgenvid,real,VEO3,vatex_5000_video256,feature_change
comgenvid:datasets/comgenvid/real/MSVD/UXs3eq68ZjE_235_240.mp4,comgenvid,real,VEO3,vatex_5000_video256,feature_change
comgenvid:datasets/comgenvid/real/MSVD/ry7AUQtuwdU_4_39.mp4,comgenvid,real,VEO3,vatex_5000_video256,feature_change
comgenvid:datasets/comgenvid/real/MSVD/YZ0-6hdQ0mU_0_3.mp4,comgenvid,real,VEO3,vatex_5000_video256,feature_change
comgenvid:datasets/comgenvid/real/MSVD/nBFhvrAOFqY_23_29.mp4,comgenvid,real,VEO3,vatex_5000_video256,feature_change
comgenvid:datasets/comgenvid/real/MSVD/WTf5EgVY5uU_32_52.mp4,comgenvid,real,VEO3,vatex_5000_video256,feature_change
comgenvid:datasets/comgenvid/real/MSVD/kBMsuhDvg88_45_64.mp4,comgenvid,real,VEO3,vatex_5000_video256,feature_change
comgenvid:datasets/comgenvid/real/MSVD/_O9kWD8nuRU_50_56.mp4,comgenvid,real,VEO3,vatex_5000_video256,feature_change
comgenvid:datasets/comgenvid/real/MSVD/TsagxA4DKuc_28_41.mp4,comgenvid,real,VEO3,vatex_5000_video256,feature_change
comgenvid:datasets/comgenvid/real/MSVD/mFCf8lLXrUc_25_35.mp4,comgenvid,real,VEO3,vatex_5000_video256,feature_change
comgenvid:datasets/comgenvid/real/MSVD/lfGlDg47How_361_367.mp4,comgenvid,real,VEO3,vatex_5000_video256,feature_change
comgenvid:datasets/comgenvid/real/MSVD/jxdubZzQrio_33_46.mp4,comgenvid,real,VEO3,vatex_5000_video256,feature_change
comgenvid:datasets/comgenvid/real/MSVD/UXs3eq68ZjE_250_255.mp4,comgenvid,real,VEO3,vatex_5000_video256,feature_change
comgenvid:datasets/comgenvid/real/MSVD/q6vz80UkVtw_0_7.mp4,comgenvid,real,VEO3,vatex_5000_video256,feature_change
comgenvid:datasets/comgenvid/real/MSVD/btxCxlO1Euc_1_20.mp4,comgenvid,real,VEO3,vatex_5000_video256,feature_change
comgenvid:datasets/comgenvid/real/MSVD/XdB0pVjFYoU_1_8.mp4,comgenvid,real,VEO3,vatex_5000_video256,feature_change
comgenvid:datasets/comgenvid/real/MSVD/hEOGZoYSvT4_82_86.mp4,comgenvid,real,VEO3,vatex_5000_video256,feature_change
comgenvid:datasets/comgenvid/real/MSVD/kWLNZzuo3do_38_47.mp4,comgenvid,real,VEO3,vatex_5000_video256,feature_change
comgenvid:datasets/comgenvid/real/MSVD/cWOPC2kt_IA_8_16.mp4,comgenvid,real,VEO3,vatex_5000_video256,feature_change
comgenvid:datasets/comgenvid/real/MSVD/hJFBXHtxKIc_310_315.mp4,comgenvid,real,VEO3,vatex_5000_video256,feature_change
comgenvid:datasets/comgenvid/real/MSVD/aeA-HN7BMdo_16_33.mp4,comgenvid,real,VEO3,vatex_5000_video256,feature_change
comgenvid:datasets/comgenvid/real/MSVD/YmXCfQm0_CA_50_57.mp4,comgenvid,real,VEO3,vatex_5000_video256,feature_change
comgenvid:datasets/comgenvid/real/MSVD/zSPBC8EO6dY_97_110.mp4,comgenvid,real,VEO3,vatex_5000_video256,feature_change
comgenvid:datasets/comgenvid/real/MSVD/w28TljSqtW8_64_75.mp4,comgenvid,real,VEO3,vatex_5000_video256,feature_change
comgenvid:datasets/comgenvid/real/MSVD/xxHx6s_DbUo_57_61.mp4,comgenvid,real,VEO3,vatex_5000_video256,feature_change
comgenvid:datasets/comgenvid/real/MSVD/ok4cM6WTA5E_178_184.mp4,comgenvid,real,VEO3,vatex_5000_video256,feature_change
comgenvid:datasets/comgenvid/real/MSVD/rwHT2SuNOi8_240_255.mp4,comgenvid,real,VEO3,vatex_5000_video256,feature_change
comgenvid:datasets/comgenvid/real/MSVD/lB1UPJ4leqs_1_6.mp4,comgenvid,real,VEO3,vatex_5000_video256,feature_change
comgenvid:datasets/comgenvid/real/MSVD/bQJQGoJF7_k_109_115.mp4,comgenvid,real,VEO3,vatex_5000_video256,feature_change
comgenvid:datasets/comgenvid/real/MSVD/fr9H1WLcF1A_256_261.mp4,comgenvid,real,VEO3,vatex_5000_video256,feature_change
comgenvid:datasets/comgenvid/real/MSVD/b_BuSVZwq6M_1_9.mp4,comgenvid,real,VEO3,vatex_5000_video256,feature_change
comgenvid:datasets/comgenvid/real/MSVD/qPXynwa_2iM_15_25.mp4,comgenvid,real,VEO3,vatex_5000_video256,feature_change
comgenvid:datasets/comgenvid/real/MSVD/zYcY4mjLpxU_45_55.mp4,comgenvid,real,VEO3,vatex_5000_video256,feature_change
comgenvid:datasets/comgenvid/real/MSVD/oDcd2JbOyzg_85_98.mp4,comgenvid,real,VEO3,vatex_5000_video256,feature_change
comgenvid:datasets/comgenvid/real/MSVD/swJ0zhVJ8DU_15_21.mp4,comgenvid,real,VEO3,vatex_5000_video256,feature_change
comgenvid:datasets/comgenvid/real/MSVD/k8l4ETsylVY_9_18.mp4,comgenvid,real,VEO3,vatex_5000_video256,feature_change
comgenvid:datasets/comgenvid/real/MSVD/x1i0UOssll8_141_151.mp4,comgenvid,real,VEO3,vatex_5000_video256,feature_change
comgenvid:datasets/comgenvid/real/MSVD/labytsb3gfI_146_154.mp4,comgenvid,real,VEO3,vatex_5000_video256,feature_change
comgenvid:datasets/comgenvid/real/MSVD/bmvD4HlPFxg_20_27.mp4,comgenvid,real,VEO3,vatex_5000_video256,feature_change
comgenvid:datasets/comgenvid/real/MSVD/zTn-nNj5Bng_8_19.mp4,comgenvid,real,VEO3,vatex_5000_video256,feature_change
comgenvid:datasets/comgenvid/real/MSVD/nlU3crMsbWI_19_23.mp4,comgenvid,real,VEO3,vatex_5000_video256,feature_change
comgenvid:datasets/comgenvid/real/MSVD/WTf5EgVY5uU_124_128.mp4,comgenvid,real,VEO3,vatex_5000_video256,feature_change
comgenvid:datasets/comgenvid/real/MSVD/akXjIEoecNs_2_12.mp4,comgenvid,real,VEO3,vatex_5000_video256,feature_change
comgenvid:datasets/comgenvid/real/MSVD/_o1UXSxTjfo_68_80.mp4,comgenvid,real,VEO3,vatex_5000_video256,feature_change
comgenvid:datasets/comgenvid/real/MSVD/seTkGZlEU64_81_110.mp4,comgenvid,real,VEO3,vatex_5000_video256,feature_change
comgenvid:datasets/comgenvid/real/MSVD/TwQzFqBqgeA_0_10.mp4,comgenvid,real,VEO3,vatex_5000_video256,feature_change
comgenvid:datasets/comgenvid/real/MSVD/X56XkGFe7OY_47_61.mp4,comgenvid,real,VEO3,vatex_5000_video256,feature_change
comgenvid:datasets/comgenvid/real/MSVD/itxzpFW1z7E_22_36.mp4,comgenvid,real,VEO3,vatex_5000_video256,feature_change
comgenvid:datasets/comgenvid/real/MSVD/YAud4eS3DoA_54_65.mp4,comgenvid,real,VEO3,vatex_5000_video256,feature_change
comgenvid:datasets/comgenvid/real/MSVD/x_7BrCQdVUs_172_177.mp4,comgenvid,real,VEO3,vatex_5000_video256,feature_change
comgenvid:datasets/comgenvid/real/MSVD/cnsjm3fNEec_4_10.mp4,comgenvid,real,VEO3,vatex_5000_video256,feature_change
comgenvid:datasets/comgenvid/real/MSVD/nTUONeDqhdk_10_15.mp4,comgenvid,real,VEO3,vatex_5000_video256,feature_change
comgenvid:datasets/comgenvid/real/MSVD/po2tcrG6KzM_2_8.mp4,comgenvid,real,VEO3,vatex_5000_video256,feature_change
comgenvid:datasets/comgenvid/real/MSVD/q-JHcsqJXWY_0_8.mp4,comgenvid,real,VEO3,vatex_5000_video256,feature_change
comgenvid:datasets/comgenvid/real/MSVD/nLz0QuerH1c_8_15.mp4,comgenvid,real,VEO3,vatex_5000_video256,feature_change
comgenvid:datasets/comgenvid/real/MSVD/YXixZrSxefk_49_59.mp4,comgenvid,real,VEO3,vatex_5000_video256,feature_change
comgenvid:datasets/comgenvid/real/MSVD/nq4hG6qgyPs_370_377.mp4,comgenvid,real,VEO3,vatex_5000_video256,feature_change
comgenvid:datasets/comgenvid/real/MSVD/TXabUVUxJqI_22_31.mp4,comgenvid,real,VEO3,vatex_5000_video256,feature_change
comgenvid:datasets/comgenvid/real/MSVD/xBW_uR3kGr4_42_55.mp4,comgenvid,real,VEO3,vatex_5000_video256,feature_change
comgenvid:datasets/comgenvid/real/MSVD/kRNHJSc4AXE_220_228.mp4,comgenvid,real,VEO3,vatex_5000_video256,feature_change
comgenvid:datasets/comgenvid/real/MSVD/eyhzdC936uk_15_27.mp4,comgenvid,real,VEO3,vatex_5000_video256,feature_change
comgenvid:datasets/comgenvid/real/MSVD/dfOuTx66bJU_11_14.mp4,comgenvid,real,VEO3,vatex_5000_video256,feature_change
comgenvid:datasets/comgenvid/real/MSVD/gWRRHV7DLV0_21_31.mp4,comgenvid,real,VEO3,vatex_5000_video256,feature_change
comgenvid:datasets/comgenvid/real/MSVD/UXs3eq68ZjE_255_260.mp4,comgenvid,real,VEO3,vatex_5000_video256,feature_change
comgenvid:datasets/comgenvid/real/MSVD/_yUiusXxfWI_150_165.mp4,comgenvid,real,VEO3,vatex_5000_video256,feature_change
comgenvid:datasets/comgenvid/real/MSVD/ywHBKayhyvQ_19_28.mp4,comgenvid,real,VEO3,vatex_5000_video256,feature_change
comgenvid:datasets/comgenvid/real/MSVD/xxHx6s_DbUo_216_222.mp4,comgenvid,real,VEO3,vatex_5000_video256,feature_change
comgenvid:datasets/comgenvid/real/MSVD/hNPZmTlY_3Q_0_8.mp4,comgenvid,real,VEO3,vatex_5000_video256,feature_change
comgenvid:datasets/comgenvid/real/MSVD/pNelR-nHz7g_68_90.mp4,comgenvid,real,VEO3,vatex_5000_video256,feature_change
comgenvid:datasets/comgenvid/real/MSVD/c_XV7nPoRg8_2_12.mp4,comgenvid,real,VEO3,vatex_5000_video256,feature_change
comgenvid:datasets/comgenvid/real/MSVD/hWhKdXcqYeU_3_12.mp4,comgenvid,real,VEO3,vatex_5000_video256,feature_change
comgenvid:datasets/comgenvid/real/MSVD/e40bBP0_AbE_64_67.mp4,comgenvid,real,VEO3,vatex_5000_video256,feature_change
comgenvid:datasets/comgenvid/real/MSVD/VuCFgiWfVF4_0_6.mp4,comgenvid,real,VEO3,vatex_5000_video256,feature_change
comgenvid:datasets/comgenvid/real/MSVD/uVPnDJKt1M0_0_6.mp4,comgenvid,real,VEO3,vatex_5000_video256,feature_change
comgenvid:datasets/comgenvid/real/MSVD/WqwcWk1In_g_46_54.mp4,comgenvid,real,VEO3,vatex_5000_video256,feature_change
comgenvid:datasets/comgenvid/real/MSVD/xxHx6s_DbUo_98_101.mp4,comgenvid,real,VEO3,vatex_5000_video256,feature_change
comgenvid:datasets/comgenvid/real/MSVD/lFdg5CWMTt0_24_28.mp4,comgenvid,real,VEO3,vatex_5000_video256,feature_change
comgenvid:datasets/comgenvid/real/MSVD/lmCrIZeob4w_23_26.mp4,comgenvid,real,VEO3,vatex_5000_video256,feature_change
comgenvid:datasets/comgenvid/real/MSVD/UgUFP5baQ9Y_0_10.mp4,comgenvid,real,VEO3,vatex_5000_video256,feature_change
comgenvid:datasets/comgenvid/real/MSVD/r4qv_BNlQNk_93_98.mp4,comgenvid,real,VEO3,vatex_5000_video256,feature_change
comgenvid:datasets/comgenvid/real/MSVD/glii-kazad8_21_29.mp4,comgenvid,real,VEO3,vatex_5000_video256,feature_change
comgenvid:datasets/comgenvid/real/MSVD/Ted3imMggC0_48_58.mp4,comgenvid,real,VEO3,vatex_5000_video256,feature_change
comgenvid:datasets/comgenvid/real/MSVD/wLUH7qA_6sA_90_115.mp4,comgenvid,real,VEO3,vatex_5000_video256,feature_change
comgenvid:datasets/comgenvid/real/MSVD/gvVsgOK1iJw_32_38.mp4,comgenvid,real,VEO3,vatex_5000_video256,feature_change
comgenvid:datasets/comgenvid/real/MSVD/m1NR0uNNs5Y_273_280.mp4,comgenvid,real,VEO3,vatex_5000_video256,feature_change
comgenvid:datasets/comgenvid/real/MSVD/ViM0JjUoqRw_10_20.mp4,comgenvid,real,VEO3,vatex_5000_video256,feature_change
comgenvid:datasets/comgenvid/real/MSVD/i3cHNObcEh8_0_10.mp4,comgenvid,real,VEO3,vatex_5000_video256,feature_change
comgenvid:datasets/comgenvid/real/MSVD/bQJQGoJF7_k_145_153.mp4,comgenvid,real,VEO3,vatex_5000_video256,feature_change
comgenvid:datasets/comgenvid/real/MSVD/UdcObAQ5OOM_15_30.mp4,comgenvid,real,VEO3,vatex_5000_video256,feature_change
comgenvid:datasets/comgenvid/real/MSVD/kWLNZzuo3do_76_80.mp4,comgenvid,real,VEO3,vatex_5000_video256,feature_change
comgenvid:datasets/comgenvid/real/MSVD/YEmS8ZQIhTA_7_20.mp4,comgenvid,real,VEO3,vatex_5000_video256,feature_change
comgenvid:datasets/comgenvid/real/MSVD/hksxtbcS780_7_14.mp4,comgenvid,real,VEO3,vatex_5000_video256,feature_change
comgenvid:datasets/comgenvid/real/MSVD/gnEE6oWoz7U_124_132.mp4,comgenvid,real,VEO3,vatex_5000_video256,feature_change
comgenvid:datasets/comgenvid/real/MSVD/s0hwEUC5emA_127_132.mp4,comgenvid,real,VEO3,vatex_5000_video256,feature_change
comgenvid:datasets/comgenvid/real/MSVD/nHZsE7T7hwI_13_23.mp4,comgenvid,real,VEO3,vatex_5000_video256,feature_change
comgenvid:datasets/comgenvid/real/MSVD/ifS2nXfCyYo_4_34.mp4,comgenvid,real,VEO3,vatex_5000_video256,feature_change
comgenvid:datasets/comgenvid/real/MSVD/fVWUaH2mCt4_1_7.mp4,comgenvid,real,VEO3,vatex_5000_video256,feature_change
comgenvid:datasets/comgenvid/real/MSVD/SzEbtbNSg04_71_93.mp4,comgenvid,real,VEO3,vatex_5000_video256,feature_change
comgenvid:datasets/comgenvid/real/MSVD/tPkZK-PzeQE_10_28.mp4,comgenvid,real,VEO3,vatex_5000_video256,feature_change
comgenvid:datasets/comgenvid/real/MSVD/W1052h2rzoA_91_98.mp4,comgenvid,real,VEO3,vatex_5000_video256,feature_change
comgenvid:datasets/comgenvid/real/MSVD/p6T3XrnYtFk_4_13.mp4,comgenvid,real,VEO3,vatex_5000_video256,feature_change
comgenvid:datasets/comgenvid/real/MSVD/ok4cM6WTA5E_120_133.mp4,comgenvid,real,VEO3,vatex_5000_video256,feature_change
comgenvid:datasets/comgenvid/real/MSVD/rl1rVk_xIOs_1_16.mp4,comgenvid,real,VEO3,vatex_5000_video256,feature_change
comgenvid:datasets/comgenvid/real/MSVD/klteYv1Uv9A_27_33.mp4,comgenvid,real,VEO3,vatex_5000_video256,feature_change
comgenvid:datasets/comgenvid/real/MSVD/gqSOvUH_njE_151_155.mp4,comgenvid,real,VEO3,vatex_5000_video256,feature_change
comgenvid:datasets/comgenvid/real/MSVD/dmyz_f8Sx14_56_66.mp4,comgenvid,real,VEO3,vatex_5000_video256,feature_change
comgenvid:datasets/comgenvid/real/MSVD/f-24IxG9ijw_25_40.mp4,comgenvid,real,VEO3,vatex_5000_video256,feature_change
comgenvid:datasets/comgenvid/real/MSVD/nBFhvrAOFqY_89_103.mp4,comgenvid,real,VEO3,vatex_5000_video256,feature_change
comgenvid:datasets/comgenvid/real/MSVD/c_-eFL7Sfw4_19_35.mp4,comgenvid,real,VEO3,vatex_5000_video256,feature_change
comgenvid:datasets/comgenvid/real/MSVD/zSPBC8EO6dY_122_126.mp4,comgenvid,real,VEO3,vatex_5000_video256,feature_change
comgenvid:datasets/comgenvid/real/MSVD/kWLNZzuo3do_154_165.mp4,comgenvid,real,VEO3,vatex_5000_video256,feature_change
comgenvid:datasets/comgenvid/real/MSVD/yOnRm3TP6hM_0_12.mp4,comgenvid,real,VEO3,vatex_5000_video256,feature_change
comgenvid:datasets/comgenvid/real/MSVD/kNHivduxQWg_0_14.mp4,comgenvid,real,VEO3,vatex_5000_video256,feature_change
comgenvid:datasets/comgenvid/real/MSVD/ngHDYzhDBk4_24_29.mp4,comgenvid,real,VEO3,vatex_5000_video256,feature_change
comgenvid:datasets/comgenvid/real/MSVD/qew09qQgMAg_22_27.mp4,comgenvid,real,VEO3,vatex_5000_video256,feature_change
comgenvid:datasets/comgenvid/real/MSVD/xxHx6s_DbUo_32_36.mp4,comgenvid,real,VEO3,vatex_5000_video256,feature_change
comgenvid:datasets/comgenvid/real/MSVD/qLwgb3F0aPU_298_305.mp4,comgenvid,real,VEO3,vatex_5000_video256,feature_change
comgenvid:datasets/comgenvid/real/MSVD/r0rmrbTb7fU_98_109.mp4,comgenvid,real,VEO3,vatex_5000_video256,feature_change
comgenvid:datasets/comgenvid/real/MSVD/me1D1WZ0yNM_120_124.mp4,comgenvid,real,VEO3,vatex_5000_video256,feature_change
comgenvid:datasets/comgenvid/real/MSVD/aJoDt4DMkFU_118_124.mp4,comgenvid,real,VEO3,vatex_5000_video256,feature_change
comgenvid:datasets/comgenvid/real/MSVD/gqxpGOHUH9k_113_119.mp4,comgenvid,real,VEO3,vatex_5000_video256,feature_change
comgenvid:datasets/comgenvid/real/MSVD/eZLxohGP4IE_147_158.mp4,comgenvid,real,VEO3,vatex_5000_video256,feature_change
comgenvid:datasets/comgenvid/real/MSVD/Y4BeJ-64294_20_30.mp4,comgenvid,real,VEO3,vatex_5000_video256,feature_change
comgenvid:datasets/comgenvid/real/MSVD/xxHx6s_DbUo_121_128.mp4,comgenvid,real,VEO3,vatex_5000_video256,feature_change
comgenvid:datasets/comgenvid/real/MSVD/jlahRlo4jlU_30_36.mp4,comgenvid,real,VEO3,vatex_5000_video256,feature_change
comgenvid:datasets/comgenvid/real/MSVD/nULE40HEWpA_5_11.mp4,comgenvid,real,VEO3,vatex_5000_video256,feature_change
comgenvid:datasets/comgenvid/real/MSVD/xXlWsBhFvis_6_10.mp4,comgenvid,real,VEO3,vatex_5000_video256,feature_change
comgenvid:datasets/comgenvid/real/MSVD/bxDlC7YV5is_0_12.mp4,comgenvid,real,VEO3,vatex_5000_video256,feature_change
comgenvid:datasets/comgenvid/real/MSVD/s20OlIRK340_147_174.mp4,comgenvid,real,VEO3,vatex_5000_video256,feature_change
comgenvid:datasets/comgenvid/real/MSVD/XNzXXiE6qR4_0_10.mp4,comgenvid,real,VEO3,vatex_5000_video256,feature_change
comgenvid:datasets/comgenvid/real/MSVD/WTf5EgVY5uU_100_104.mp4,comgenvid,real,VEO3,vatex_5000_video256,feature_change
comgenvid:datasets/comgenvid/real/MSVD/m1NR0uNNs5Y_73_78.mp4,comgenvid,real,VEO3,vatex_5000_video256,feature_change
comgenvid:datasets/comgenvid/real/MSVD/dabI5gfaFm4_19_25.mp4,comgenvid,real,VEO3,vatex_5000_video256,feature_change
comgenvid:datasets/comgenvid/real/MSVD/_1vy2HIN60A_32_40.mp4,comgenvid,real,VEO3,vatex_5000_video256,feature_change
comgenvid:datasets/comgenvid/real/MSVD/ufFT2BWh3BQ_0_8.mp4,comgenvid,real,VEO3,vatex_5000_video256,feature_change
comgenvid:datasets/comgenvid/real/MSVD/e996zZ0uV_A_68_72.mp4,comgenvid,real,VEO3,vatex_5000_video256,feature_change
comgenvid:datasets/comgenvid/real/MSVD/nMBSDpB3WB8_5_14.mp4,comgenvid,real,VEO3,vatex_5000_video256,feature_change
comgenvid:datasets/comgenvid/real/MSVD/wpUT0DNB3qs_9_19.mp4,comgenvid,real,VEO3,vatex_5000_video256,feature_change
comgenvid:datasets/comgenvid/real/MSVD/yPNFVj-pISU_105_115.mp4,comgenvid,real,VEO3,vatex_5000_video256,feature_change
comgenvid:datasets/comgenvid/real/MSVD/eiyuac7hA4A_4_47.mp4,comgenvid,real,VEO3,vatex_5000_video256,feature_change
comgenvid:datasets/comgenvid/real/MSVD/f9Won2JpOEU_60_80.mp4,comgenvid,real,VEO3,vatex_5000_video256,feature_change
comgenvid:datasets/comgenvid/real/MSVD/msCidKHOh74_392_399.mp4,comgenvid,real,VEO3,vatex_5000_video256,feature_change
comgenvid:datasets/comgenvid/real/MSVD/jdAbpLooDgM_10_15.mp4,comgenvid,real,VEO3,vatex_5000_video256,feature_change
comgenvid:datasets/comgenvid/real/MSVD/UJKythlXAIY_17_21.mp4,comgenvid,real,VEO3,vatex_5000_video256,feature_change
comgenvid:datasets/comgenvid/real/MSVD/X0UJaprpxrk_18_26.mp4,comgenvid,real,VEO3,vatex_5000_video256,feature_change
comgenvid:datasets/comgenvid/real/MSVD/nV3Wv8iHp4U_0_38.mp4,comgenvid,real,VEO3,vatex_5000_video256,feature_change
comgenvid:datasets/comgenvid/real/MSVD/lb8J2zCQTlo_3_8.mp4,comgenvid,real,VEO3,vatex_5000_video256,feature_change
comgenvid:datasets/comgenvid/real/MSVD/yvfhk1kwKls_103_113.mp4,comgenvid,real,VEO3,vatex_5000_video256,feature_change
comgenvid:datasets/comgenvid/real/MSVD/ybVb3t560oY_0_9.mp4,comgenvid,real,VEO3,vatex_5000_video256,feature_change
comgenvid:datasets/comgenvid/real/MSVD/kk3TIio1-Uw_5_14.mp4,comgenvid,real,VEO3,vatex_5000_video256,feature_change
comgenvid:datasets/comgenvid/real/MSVD/izU1dDwnuMY_80_92.mp4,comgenvid,real,VEO3,vatex_5000_video256,feature_change
comgenvid:datasets/comgenvid/real/MSVD/fvBs0xpEZhQ_10_30.mp4,comgenvid,real,VEO3,vatex_5000_video256,feature_change
comgenvid:datasets/comgenvid/real/MSVD/i2GgBwlwV0c_24_31.mp4,comgenvid,real,VEO3,vatex_5000_video256,feature_change
comgenvid:datasets/comgenvid/real/MSVD/Tm1HjqK0ABg_9_15.mp4,comgenvid,real,VEO3,vatex_5000_video256,feature_change
comgenvid:datasets/comgenvid/real/MSVD/p69d3UBdpR8_98_109.mp4,comgenvid,real,VEO3,vatex_5000_video256,feature_change
comgenvid:datasets/comgenvid/real/MSVD/Tied-t1fFsk_15_20.mp4,comgenvid,real,VEO3,vatex_5000_video256,feature_change
comgenvid:datasets/comgenvid/real/MSVD/WTf5EgVY5uU_121_135.mp4,comgenvid,real,VEO3,vatex_5000_video256,feature_change
comgenvid:datasets/comgenvid/real/MSVD/hNECyt6Bo0A_5_10.mp4,comgenvid,real,VEO3,vatex_5000_video256,feature_change
comgenvid:datasets/comgenvid/real/MSVD/aeA-HN7BMdo_34_41.mp4,comgenvid,real,VEO3,vatex_5000_video256,feature_change
comgenvid:datasets/comgenvid/real/MSVD/hW8TKz2Aea4_40_50.mp4,comgenvid,real,VEO3,vatex_5000_video256,feature_change
comgenvid:datasets/comgenvid/real/MSVD/kWLNZzuo3do_228_232.mp4,comgenvid,real,VEO3,vatex_5000_video256,feature_change
comgenvid:datasets/comgenvid/real/MSVD/yId1rg5-ac0_40_50.mp4,comgenvid,real,VEO3,vatex_5000_video256,feature_change
comgenvid:datasets/comgenvid/real/MSVD/dJ3ba9zwx6c_5_15.mp4,comgenvid,real,VEO3,vatex_5000_video256,feature_change
comgenvid:datasets/comgenvid/real/MSVD/TgFmoZj3NoM_10_18.mp4,comgenvid,real,VEO3,vatex_5000_video256,feature_change
comgenvid:datasets/comgenvid/real/MSVD/oRBgVOiZVsc_16_22.mp4,comgenvid,real,VEO3,vatex_5000_video256,feature_change
comgenvid:datasets/comgenvid/real/MSVD/UI3Cbj9fbxQ_2_23.mp4,comgenvid,real,VEO3,vatex_5000_video256,feature_change
comgenvid:datasets/comgenvid/real/MSVD/u9prcUCHlqM_73_80.mp4,comgenvid,real,VEO3,vatex_5000_video256,feature_change
comgenvid:datasets/comgenvid/real/MSVD/hJFBXHtxKIc_286_291.mp4,comgenvid,real,VEO3,vatex_5000_video256,feature_change
comgenvid:datasets/comgenvid/real/MSVD/q3I3R_gqy8M_73_79.mp4,comgenvid,real,VEO3,vatex_5000_video256,feature_change
comgenvid:datasets/comgenvid/real/MSVD/TdYN7cePiRI_6_13.mp4,comgenvid,real,VEO3,vatex_5000_video256,feature_change
comgenvid:datasets/comgenvid/real/MSVD/sFExO_PW22s_10_18.mp4,comgenvid,real,VEO3,vatex_5000_video256,feature_change
comgenvid:datasets/comgenvid/real/MSVD/pFSoWsocv0g_8_17.mp4,comgenvid,real,VEO3,vatex_5000_video256,feature_change
comgenvid:datasets/comgenvid/real/MSVD/j7xz1nos-xc_10_20.mp4,comgenvid,real,VEO3,vatex_5000_video256,feature_change
comgenvid:datasets/comgenvid/real/MSVD/kquB3rIgfGk_197_202.mp4,comgenvid,real,VEO3,vatex_5000_video256,feature_change
comgenvid:datasets/comgenvid/real/MSVD/YersIyzsOpc_15_30.mp4,comgenvid,real,VEO3,vatex_5000_video256,feature_change
comgenvid:datasets/comgenvid/real/MSVD/UXs3eq68ZjE_508_513.mp4,comgenvid,real,VEO3,vatex_5000_video256,feature_change
comgenvid:datasets/comgenvid/real/MSVD/k9Brw_0gncU_14_33.mp4,comgenvid,real,VEO3,vatex_5000_video256,feature_change
comgenvid:datasets/comgenvid/real/MSVD/k5OKBX2e7xA_19_32.mp4,comgenvid,real,VEO3,vatex_5000_video256,feature_change
comgenvid:datasets/comgenvid/real/MSVD/yNy9jTeolUk_8_12.mp4,comgenvid,real,VEO3,vatex_5000_video256,feature_change
comgenvid:datasets/comgenvid/real/MSVD/nYwbAb0QvBE_195_210.mp4,comgenvid,real,VEO3,vatex_5000_video256,feature_change
comgenvid:datasets/comgenvid/real/MSVD/_6OTzzK7t9Y_158_170.mp4,comgenvid,real,VEO3,vatex_5000_video256,feature_change
comgenvid:datasets/comgenvid/real/MSVD/YmXCfQm0_CA_277_284.mp4,comgenvid,real,VEO3,vatex_5000_video256,feature_change
comgenvid:datasets/comgenvid/real/MSVD/WWf0Z6ak3Dg_5_15.mp4,comgenvid,real,VEO3,vatex_5000_video256,feature_change
comgenvid:datasets/comgenvid/real/MSVD/c2a0GcoJAjw_107_129.mp4,comgenvid,real,VEO3,vatex_5000_video256,feature_change
comgenvid:datasets/comgenvid/real/MSVD/UXs3eq68ZjE_313_318.mp4,comgenvid,real,VEO3,vatex_5000_video256,feature_change
comgenvid:datasets/comgenvid/real/MSVD/aK8liAv-28s_72_82.mp4,comgenvid,real,VEO3,vatex_5000_video256,feature_change
comgenvid:datasets/comgenvid/real/MSVD/qBFSt85-xqk_15_20.mp4,comgenvid,real,VEO3,vatex_5000_video256,feature_change
comgenvid:datasets/comgenvid/real/MSVD/jLgmCY1fEE8_16_26.mp4,comgenvid,real,VEO3,vatex_5000_video256,feature_change
comgenvid:datasets/comgenvid/real/MSVD/ficwZQYmRLE_5_20.mp4,comgenvid,real,VEO3,vatex_5000_video256,feature_change
comgenvid:datasets/comgenvid/real/MSVD/dQmaVQZz7EE_1_18.mp4,comgenvid,real,VEO3,vatex_5000_video256,feature_change
comgenvid:datasets/comgenvid/real/MSVD/zSPBC8EO6dY_64_73.mp4,comgenvid,real,VEO3,vatex_5000_video256,feature_change
comgenvid:datasets/comgenvid/real/MSVD/oBt257I-pL0_0_10.mp4,comgenvid,real,VEO3,vatex_5000_video256,feature_change
comgenvid:datasets/comgenvid/real/MSVD/yFPHhRat6bc_160_210.mp4,comgenvid,real,VEO3,vatex_5000_video256,feature_change
comgenvid:datasets/comgenvid/real/MSVD/UbmZAe5u5FI_101_110.mp4,comgenvid,real,VEO3,vatex_5000_video256,feature_change
comgenvid:datasets/comgenvid/real/MSVD/SzEbtbNSg04_88_93.mp4,comgenvid,real,VEO3,vatex_5000_video256,feature_change
comgenvid:datasets/comgenvid/real/MSVD/kWLNZzuo3do_17_23.mp4,comgenvid,real,VEO3,vatex_5000_video256,feature_change
comgenvid:datasets/comgenvid/real/MSVD/iyAoiWeD53k_120_127.mp4,comgenvid,real,VEO3,vatex_5000_video256,feature_change
comgenvid:datasets/comgenvid/real/MSVD/kWLNZzuo3do_86_93.mp4,comgenvid,real,VEO3,vatex_5000_video256,feature_change
comgenvid:datasets/comgenvid/real/MSVD/aDjNl5gs4nM_18_47.mp4,comgenvid,real,VEO3,vatex_5000_video256,feature_change
comgenvid:datasets/comgenvid/real/MSVD/u4T76jsPin0_0_11.mp4,comgenvid,real,VEO3,vatex_5000_video256,feature_change
comgenvid:datasets/comgenvid/real/MSVD/ZbtpcGi2DWY_56_62.mp4,comgenvid,real,VEO3,vatex_5000_video256,feature_change
comgenvid:datasets/comgenvid/real/MSVD/tmAX2PnRCY0_284_292.mp4,comgenvid,real,VEO3,vatex_5000_video256,feature_change
comgenvid:datasets/comgenvid/real/MSVD/zTn-nNj5Bng_61_77.mp4,comgenvid,real,VEO3,vatex_5000_video256,feature_change
comgenvid:datasets/comgenvid/real/MSVD/sJSmRik2c-c_1_7.mp4,comgenvid,real,VEO3,vatex_5000_video256,feature_change
comgenvid:datasets/comgenvid/real/MSVD/dfOuTx66bJU_34_39.mp4,comgenvid,real,VEO3,vatex_5000_video256,feature_change
comgenvid:datasets/comgenvid/real/MSVD/cSDkshD2ME0_12_15.mp4,comgenvid,real,VEO3,vatex_5000_video256,feature_change
comgenvid:datasets/comgenvid/real/MSVD/o_mWZWcm2r4_10_15.mp4,comgenvid,real,VEO3,vatex_5000_video256,feature_change
comgenvid:datasets/comgenvid/real/MSVD/n_Z0-giaspE_437_447.mp4,comgenvid,real,VEO3,vatex_5000_video256,feature_change
comgenvid:datasets/comgenvid/real/MSVD/fIaLVw_Gc_w_99_109.mp4,comgenvid,real,VEO3,vatex_5000_video256,feature_change
comgenvid:datasets/comgenvid/real/MSVD/kKGehSw5ht8_39_45.mp4,comgenvid,real,VEO3,vatex_5000_video256,feature_change
comgenvid:datasets/comgenvid/real/MSVD/_O9kWD8nuRU_37_43.mp4,comgenvid,real,VEO3,vatex_5000_video256,feature_change
comgenvid:datasets/comgenvid/real/MSVD/kEGmZDpZ_RE_295_330.mp4,comgenvid,real,VEO3,vatex_5000_video256,feature_change
comgenvid:datasets/comgenvid/real/MSVD/yBK02O1Oewc_20_35.mp4,comgenvid,real,VEO3,vatex_5000_video256,feature_change
comgenvid:datasets/comgenvid/real/MSVD/WrsS6X-FB-I_30_47.mp4,comgenvid,real,VEO3,vatex_5000_video256,feature_change
comgenvid:datasets/comgenvid/real/MSVD/_O9kWD8nuRU_16_23.mp4,comgenvid,real,VEO3,vatex_5000_video256,feature_change
comgenvid:datasets/comgenvid/real/MSVD/UbmZAe5u5FI_16_23.mp4,comgenvid,real,VEO3,vatex_5000_video256,feature_change
comgenvid:datasets/comgenvid/real/MSVD/UXs3eq68ZjE_209_214.mp4,comgenvid,real,VEO3,vatex_5000_video256,feature_change
comgenvid:datasets/comgenvid/real/MSVD/_OBlgSz8sSM_15_32.mp4,comgenvid,real,VEO3,vatex_5000_video256,feature_change
comgenvid:datasets/comgenvid/real/MSVD/rnawC5C8gSI_82_90.mp4,comgenvid,real,VEO3,vatex_5000_video256,feature_change
comgenvid:datasets/comgenvid/real/MSVD/a1Y73sPHKxw_0_5.mp4,comgenvid,real,VEO3,vatex_5000_video256,feature_change
comgenvid:datasets/comgenvid/real/MSVD/g2IYQq7IkXc_23_32.mp4,comgenvid,real,VEO3,vatex_5000_video256,feature_change
comgenvid:datasets/comgenvid/real/MSVD/V6Fxclwdfxc_56_66.mp4,comgenvid,real,VEO3,vatex_5000_video256,feature_change
comgenvid:datasets/comgenvid/real/MSVD/TF6LNmwDr_0_2_10.mp4,comgenvid,real,VEO3,vatex_5000_video256,feature_change
comgenvid:datasets/comgenvid/real/MSVD/msCidKHOh74_410_418.mp4,comgenvid,real,VEO3,vatex_5000_video256,feature_change
comgenvid:datasets/comgenvid/real/MSVD/rw9h_574HxE_59_66.mp4,comgenvid,real,VEO3,vatex_5000_video256,feature_change
comgenvid:datasets/comgenvid/real/MSVD/ZL7P_XmSnEY_205_209.mp4,comgenvid,real,VEO3,vatex_5000_video256,feature_change
comgenvid:datasets/comgenvid/real/MSVD/pQYEZTwSVbQ_12_18.mp4,comgenvid,real,VEO3,vatex_5000_video256,feature_change
comgenvid:datasets/comgenvid/real/MSVD/VxM96IYzw0Q_2_15.mp4,comgenvid,real,VEO3,vatex_5000_video256,feature_change
comgenvid:datasets/comgenvid/real/MSVD/ljGcQocjSs4_38_60.mp4,comgenvid,real,VEO3,vatex_5000_video256,feature_change
comgenvid:datasets/comgenvid/real/MSVD/m1NR0uNNs5Y_123_129.mp4,comgenvid,real,VEO3,vatex_5000_video256,feature_change
comgenvid:datasets/comgenvid/real/MSVD/auFXfsCzAvQ_1_15.mp4,comgenvid,real,VEO3,vatex_5000_video256,feature_change
comgenvid:datasets/comgenvid/real/MSVD/cFzSEIGrEfA_0_24.mp4,comgenvid,real,VEO3,vatex_5000_video256,feature_change
comgenvid:datasets/comgenvid/real/MSVD/rVFJzN20jhQ_27_32.mp4,comgenvid,real,VEO3,vatex_5000_video256,feature_change
comgenvid:datasets/comgenvid/real/MSVD/zulPFoY64wE_26_33.mp4,comgenvid,real,VEO3,vatex_5000_video256,feature_change
comgenvid:datasets/comgenvid/real/MSVD/dq7agmFWkq0_5_9.mp4,comgenvid,real,VEO3,vatex_5000_video256,feature_change
comgenvid:datasets/comgenvid/real/MSVD/o4pL7FObqds_137_147.mp4,comgenvid,real,VEO3,vatex_5000_video256,feature_change
comgenvid:datasets/comgenvid/real/MSVD/Z8rTzW9Gb6Y_116_123.mp4,comgenvid,real,VEO3,vatex_5000_video256,feature_change
comgenvid:datasets/comgenvid/real/MSVD/T6lPRKRpu9w_32_39.mp4,comgenvid,real,VEO3,vatex_5000_video256,feature_change
comgenvid:datasets/comgenvid/real/MSVD/cmQ3SiIaWy4_4_20.mp4,comgenvid,real,VEO3,vatex_5000_video256,feature_change
comgenvid:datasets/comgenvid/real/MSVD/zzit5b_-ukg_5_20.mp4,comgenvid,real,VEO3,vatex_5000_video256,feature_change
comgenvid:datasets/comgenvid/real/MSVD/iCiGjZEV7VI_65_75.mp4,comgenvid,real,VEO3,vatex_5000_video256,feature_change
comgenvid:datasets/comgenvid/real/MSVD/jMO3jGQeqyk_3_6.mp4,comgenvid,real,VEO3,vatex_5000_video256,feature_change
comgenvid:datasets/comgenvid/real/MSVD/UbmZAe5u5FI_88_98.mp4,comgenvid,real,VEO3,vatex_5000_video256,feature_change
comgenvid:datasets/comgenvid/real/MSVD/vloe_60s_dk_0_9.mp4,comgenvid,real,VEO3,vatex_5000_video256,feature_change
comgenvid:datasets/comgenvid/real/MSVD/pmEKZ6yVewc_0_10.mp4,comgenvid,real,VEO3,vatex_5000_video256,feature_change
comgenvid:datasets/comgenvid/real/MSVD/gtixLEvO2Us_0_6.mp4,comgenvid,real,VEO3,vatex_5000_video256,feature_change
comgenvid:datasets/comgenvid/real/MSVD/qeKX-N1nKiM_106_115.mp4,comgenvid,real,VEO3,vatex_5000_video256,feature_change
comgenvid:datasets/comgenvid/real/MSVD/fJr2evLANsE_0_10.mp4,comgenvid,real,VEO3,vatex_5000_video256,feature_change
comgenvid:datasets/comgenvid/real/MSVD/ruNrdmjcNTc_0_5.mp4,comgenvid,real,VEO3,vatex_5000_video256,feature_change
comgenvid:datasets/comgenvid/real/MSVD/_WRC7HXBJpU_386_391.mp4,comgenvid,real,VEO3,vatex_5000_video256,feature_change
comgenvid:datasets/comgenvid/real/MSVD/klFyrnrUSck_63_73.mp4,comgenvid,real,VEO3,vatex_5000_video256,feature_change
comgenvid:datasets/comgenvid/real/MSVD/ZdNP0dXCx2I_78_90.mp4,comgenvid,real,VEO3,vatex_5000_video256,feature_change
comgenvid:datasets/comgenvid/real/MSVD/ao-9B8IV9_E_87_95.mp4,comgenvid,real,VEO3,vatex_5000_video256,feature_change
comgenvid:datasets/comgenvid/real/MSVD/d7eGypGOlOc_13_22.mp4,comgenvid,real,VEO3,vatex_5000_video256,feature_change
comgenvid:datasets/comgenvid/real/MSVD/m1NR0uNNs5Y_224_230.mp4,comgenvid,real,VEO3,vatex_5000_video256,feature_change
comgenvid:datasets/comgenvid/real/MSVD/ogcqFaNbah4_475_487.mp4,comgenvid,real,VEO3,vatex_5000_video256,feature_change
comgenvid:datasets/comgenvid/real/MSVD/cwkjJrGpoaU_30_41.mp4,comgenvid,real,VEO3,vatex_5000_video256,feature_change
comgenvid:datasets/comgenvid/real/MSVD/lGk1MA6YP-M_36_48.mp4,comgenvid,real,VEO3,vatex_5000_video256,feature_change
comgenvid:datasets/comgenvid/real/MSVD/mmSQTI6gMNQ_15_21.mp4,comgenvid,real,VEO3,vatex_5000_video256,feature_change
comgenvid:datasets/comgenvid/real/MSVD/Xvy21KrDv8I_0_10.mp4,comgenvid,real,VEO3,vatex_5000_video256,feature_change
comgenvid:datasets/comgenvid/real/MSVD/p3J3TAdKAYQ_0_10.mp4,comgenvid,real,VEO3,vatex_5000_video256,feature_change
comgenvid:datasets/comgenvid/real/MSVD/aN0WsBcja_E_0_15.mp4,comgenvid,real,VEO3,vatex_5000_video256,feature_change
comgenvid:datasets/comgenvid/real/MSVD/iarsmqA3dck_19_25.mp4,comgenvid,real,VEO3,vatex_5000_video256,feature_change
comgenvid:datasets/comgenvid/real/MSVD/qvg9eM4Hmzk_1_9.mp4,comgenvid,real,VEO3,vatex_5000_video256,feature_change
comgenvid:datasets/comgenvid/real/MSVD/ZbzDGXEwtGc_6_15.mp4,comgenvid,real,VEO3,vatex_5000_video256,feature_change
comgenvid:datasets/comgenvid/real/MSVD/xxHx6s_DbUo_49_56.mp4,comgenvid,real,VEO3,vatex_5000_video256,feature_change
comgenvid:datasets/comgenvid/real/MSVD/d_BWuttLRFM_42_52.mp4,comgenvid,real,VEO3,vatex_5000_video256,feature_change
comgenvid:datasets/comgenvid/real/MSVD/y8SDRc4IOjs_94_99.mp4,comgenvid,real,VEO3,vatex_5000_video256,feature_change
comgenvid:datasets/comgenvid/real/MSVD/TnPOZVHB3x0_45_55.mp4,comgenvid,real,VEO3,vatex_5000_video256,feature_change
comgenvid:datasets/comgenvid/real/MSVD/vub04F8CWng_32_41.mp4,comgenvid,real,VEO3,vatex_5000_video256,feature_change
comgenvid:datasets/comgenvid/real/MSVD/xxHx6s_DbUo_82_86.mp4,comgenvid,real,VEO3,vatex_5000_video256,feature_change
comgenvid:datasets/comgenvid/real/MSVD/e-j59PqJjSM_405_416.mp4,comgenvid,real,VEO3,vatex_5000_video256,feature_change
comgenvid:datasets/comgenvid/real/MSVD/XNV7hKVu-Xg_40_47.mp4,comgenvid,real,VEO3,vatex_5000_video256,feature_change
comgenvid:datasets/comgenvid/real/MSVD/q3I3R_gqy8M_38_42.mp4,comgenvid,real,VEO3,vatex_5000_video256,feature_change
comgenvid:datasets/comgenvid/real/MSVD/fKqBnl8D1Qo_5_44.mp4,comgenvid,real,VEO3,vatex_5000_video256,feature_change
comgenvid:datasets/comgenvid/real/MSVD/lo4KcsBN--A_0_10.mp4,comgenvid,real,VEO3,vatex_5000_video256,feature_change
comgenvid:datasets/comgenvid/real/MSVD/zH4v_DClIoc_3_28.mp4,comgenvid,real,VEO3,vatex_5000_video256,feature_change
comgenvid:datasets/comgenvid/real/MSVD/ZDoy9S82ETA_5_15.mp4,comgenvid,real,VEO3,vatex_5000_video256,feature_change
comgenvid:datasets/comgenvid/real/MSVD/oSnYUfCGiCA_7_17.mp4,comgenvid,real,VEO3,vatex_5000_video256,feature_change
comgenvid:datasets/comgenvid/real/MSVD/pGsU4FekJQM_10_18.mp4,comgenvid,real,VEO3,vatex_5000_video256,feature_change
comgenvid:datasets/comgenvid/real/MSVD/lexLAjh8fPA_27_31.mp4,comgenvid,real,VEO3,vatex_5000_video256,feature_change
comgenvid:datasets/comgenvid/real/MSVD/bqMmyY1ImkI_0_14.mp4,comgenvid,real,VEO3,vatex_5000_video256,feature_change
comgenvid:datasets/comgenvid/real/MSVD/ri5AyXzxb4o_201_215.mp4,comgenvid,real,VEO3,vatex_5000_video256,feature_change
comgenvid:datasets/comgenvid/real/MSVD/jDFn-1lXJ98_71_80.mp4,comgenvid,real,VEO3,vatex_5000_video256,feature_change
comgenvid:datasets/comgenvid/real/MSVD/fGc6_D0JEIQ_31_46.mp4,comgenvid,real,VEO3,vatex_5000_video256,feature_change
comgenvid:datasets/comgenvid/real/MSVD/_sJ_09Mf1HY_49_72.mp4,comgenvid,real,VEO3,vatex_5000_video256,feature_change
comgenvid:datasets/comgenvid/real/MSVD/Y4gaJn0wlDE_0_10.mp4,comgenvid,real,VEO3,vatex_5000_video256,feature_change
comgenvid:datasets/comgenvid/real/MSVD/YmXCfQm0_CA_109_120.mp4,comgenvid,real,VEO3,vatex_5000_video256,feature_change
comgenvid:datasets/comgenvid/real/MSVD/qzQzooI4BqU_5_15.mp4,comgenvid,real,VEO3,vatex_5000_video256,feature_change
comgenvid:datasets/comgenvid/real/MSVD/a1i6T160REQ_5_18.mp4,comgenvid,real,VEO3,vatex_5000_video256,feature_change
comgenvid:datasets/comgenvid/real/MSVD/YRSOc193Pxc_68_73.mp4,comgenvid,real,VEO3,vatex_5000_video256,feature_change
comgenvid:datasets/comgenvid/real/MSVD/jZ8X8e7eRVk_24_27.mp4,comgenvid,real,VEO3,vatex_5000_video256,feature_change
comgenvid:datasets/comgenvid/real/MSVD/mOZkcBcWR8o_6_12.mp4,comgenvid,real,VEO3,vatex_5000_video256,feature_change
comgenvid:datasets/comgenvid/real/MSVD/v7iIZXtpIb8_5_15.mp4,comgenvid,real,VEO3,vatex_5000_video256,feature_change
comgenvid:datasets/comgenvid/real/MSVD/s20OlIRK340_125_138.mp4,comgenvid,real,VEO3,vatex_5000_video256,feature_change
comgenvid:datasets/comgenvid/real/MSVD/WPG-BIWOrG4_608_613.mp4,comgenvid,real,VEO3,vatex_5000_video256,feature_change
comgenvid:datasets/comgenvid/real/MSVD/tIMDKdMnNYM_266_273.mp4,comgenvid,real,VEO3,vatex_5000_video256,feature_change
comgenvid:datasets/comgenvid/real/MSVD/qvg9eM4Hmzk_4_10.mp4,comgenvid,real,VEO3,vatex_5000_video256,feature_change
comgenvid:datasets/comgenvid/real/MSVD/cCmnN96zIeQ_14_24.mp4,comgenvid,real,VEO3,vatex_5000_video256,feature_change
comgenvid:datasets/comgenvid/real/MSVD/m1NR0uNNs5Y_104_110.mp4,comgenvid,real,VEO3,vatex_5000_video256,feature_change
comgenvid:datasets/comgenvid/real/MSVD/buJ5HDCinrM_150_166.mp4,comgenvid,real,VEO3,vatex_5000_video256,feature_change
comgenvid:datasets/comgenvid/real/MSVD/ZlX_Gy4HP2E_38_55.mp4,comgenvid,real,VEO3,vatex_5000_video256,feature_change
comgenvid:datasets/comgenvid/real/MSVD/ggic669elLM_200_215.mp4,comgenvid,real,VEO3,vatex_5000_video256,feature_change
comgenvid:datasets/comgenvid/real/MSVD/XOAgUVVwKEA_8_20.mp4,comgenvid,real,VEO3,vatex_5000_video256,feature_change
comgenvid:datasets/comgenvid/real/MSVD/vz71JKcpeUU_0_10.mp4,comgenvid,real,VEO3,vatex_5000_video256,feature_change
comgenvid:datasets/comgenvid/real/MSVD/g1Gldu1KS44_8_14.mp4,comgenvid,real,VEO3,vatex_5000_video256,feature_change
comgenvid:datasets/comgenvid/real/MSVD/pfQPRXcihkI_160_184.mp4,comgenvid,real,VEO3,vatex_5000_video256,feature_change
comgenvid:datasets/comgenvid/real/MSVD/wsj_dzz33Ko_31_41.mp4,comgenvid,real,VEO3,vatex_5000_video256,feature_change
comgenvid:datasets/comgenvid/real/MSVD/jTaLGh_MKCM_5_20.mp4,comgenvid,real,VEO3,vatex_5000_video256,feature_change
comgenvid:datasets/comgenvid/real/MSVD/xlPyHMkpaQY_1_7.mp4,comgenvid,real,VEO3,vatex_5000_video256,feature_change
comgenvid:datasets/comgenvid/real/MSVD/t8Nf1MK7lts_0_10.mp4,comgenvid,real,VEO3,vatex_5000_video256,feature_change
comgenvid:datasets/comgenvid/real/MSVD/nb12bAaKzvA_0_10.mp4,comgenvid,real,VEO3,vatex_5000_video256,feature_change
comgenvid:datasets/comgenvid/real/MSVD/omIPdpxg--4_39_46.mp4,comgenvid,real,VEO3,vatex_5000_video256,feature_change
comgenvid:datasets/comgenvid/real/MSVD/dEn5E-TNezw_13_23.mp4,comgenvid,real,VEO3,vatex_5000_video256,feature_change
comgenvid:datasets/comgenvid/real/MSVD/aQWCKcg0VRU_321_339.mp4,comgenvid,real,VEO3,vatex_5000_video256,feature_change
comgenvid:datasets/comgenvid/real/MSVD/a28s_wyqkyc_68_77.mp4,comgenvid,real,VEO3,vatex_5000_video256,feature_change
comgenvid:datasets/comgenvid/real/MSVD/uAaWVeaYLdQ_1_12.mp4,comgenvid,real,VEO3,vatex_5000_video256,feature_change
comgenvid:datasets/comgenvid/real/MSVD/wNv74rvkAw8_30_40.mp4,comgenvid,real,VEO3,vatex_5000_video256,feature_change
comgenvid:datasets/comgenvid/real/MSVD/pDvzOLRLjPc_0_8.mp4,comgenvid,real,VEO3,vatex_5000_video256,feature_change
comgenvid:datasets/comgenvid/real/MSVD/e-sf-hyrkTs_20_35.mp4,comgenvid,real,VEO3,vatex_5000_video256,feature_change
comgenvid:datasets/comgenvid/real/MSVD/gHyXstpe_N8_140_150.mp4,comgenvid,real,VEO3,vatex_5000_video256,feature_change
comgenvid:datasets/comgenvid/real/MSVD/dMH0bHeiRNg_3_14.mp4,comgenvid,real,VEO3,vatex_5000_video256,feature_change
comgenvid:datasets/comgenvid/real/MSVD/n016q1w8Q30_2_11.mp4,comgenvid,real,VEO3,vatex_5000_video256,feature_change
comgenvid:datasets/comgenvid/real/MSVD/j1Z890_Q3so_131_138.mp4,comgenvid,real,VEO3,vatex_5000_video256,feature_change
comgenvid:datasets/comgenvid/real/MSVD/dJCtOz32dnw_40_60.mp4,comgenvid,real,VEO3,vatex_5000_video256,feature_change
comgenvid:datasets/comgenvid/fake/VEO3/0057fd09-280b-5730-94f1-401e647a3741.mp4,comgenvid,annotated,VEO3,vatex_5000_video256,feature_change
comgenvid:datasets/comgenvid/fake/VEO3/01d6550e-fd46-5397-870f-b01e343a02a3.mp4,comgenvid,annotated,VEO3,vatex_5000_video256,feature_change
comgenvid:datasets/comgenvid/fake/VEO3/0276f8d6-63d7-5456-bf10-de09f802717d.mp4,comgenvid,annotated,VEO3,vatex_5000_video256,feature_change
comgenvid:datasets/comgenvid/fake/VEO3/038f0651-ea10-5c32-9e60-fa29ff27a98a.mp4,comgenvid,annotated,VEO3,vatex_5000_video256,feature_change
comgenvid:datasets/comgenvid/fake/VEO3/0392039f-deb3-5dc4-bac8-69e68c78ca9c.mp4,comgenvid,annotated,VEO3,vatex_5000_video256,feature_change
comgenvid:datasets/comgenvid/fake/VEO3/03a35d65-523a-5872-8e75-293edde7238f.mp4,comgenvid,annotated,VEO3,vatex_5000_video256,feature_change
comgenvid:datasets/comgenvid/fake/VEO3/03aaf46b-5642-5e3b-8f36-1742bfbf9953.mp4,comgenvid,annotated,VEO3,vatex_5000_video256,feature_change
comgenvid:datasets/comgenvid/fake/VEO3/03c6137f-d644-52c5-a5bc-be152c0ff9da.mp4,comgenvid,annotated,VEO3,vatex_5000_video256,feature_change
comgenvid:datasets/comgenvid/fake/VEO3/03ddb7eb-fdfc-5277-a0cb-21a53836bbb1.mp4,comgenvid,annotated,VEO3,vatex_5000_video256,feature_change
comgenvid:datasets/comgenvid/fake/VEO3/03e635b4-b93e-5db6-bf8c-bfeeb02ef377.mp4,comgenvid,annotated,VEO3,vatex_5000_video256,feature_change
comgenvid:datasets/comgenvid/fake/VEO3/0443601f-0330-575d-bb93-802156580834.mp4,comgenvid,annotated,VEO3,vatex_5000_video256,feature_change
comgenvid:datasets/comgenvid/fake/VEO3/045d2a9c-0684-562a-a26d-d8b9352b5046.mp4,comgenvid,annotated,VEO3,vatex_5000_video256,feature_change
comgenvid:datasets/comgenvid/fake/VEO3/0461c10a-6141-5723-b800-f038dc110dff.mp4,comgenvid,annotated,VEO3,vatex_5000_video256,feature_change
comgenvid:datasets/comgenvid/fake/VEO3/0481eac5-3c02-57ff-95f0-724b0d83b855.mp4,comgenvid,annotated,VEO3,vatex_5000_video256,feature_change
comgenvid:datasets/comgenvid/fake/VEO3/04aa1f21-b50e-54c0-9369-3508a1182d6d.mp4,comgenvid,annotated,VEO3,vatex_5000_video256,feature_change
comgenvid:datasets/comgenvid/fake/VEO3/04c270e9-3fee-547c-944c-3a01841126d1.mp4,comgenvid,annotated,VEO3,vatex_5000_video256,feature_change
comgenvid:datasets/comgenvid/fake/VEO3/0506008b-8432-55c2-b8ed-41e49937f87b.mp4,comgenvid,annotated,VEO3,vatex_5000_video256,feature_change
comgenvid:datasets/comgenvid/fake/VEO3/05445092-4c0d-5de1-b464-f4f11ba52193.mp4,comgenvid,annotated,VEO3,vatex_5000_video256,feature_change
comgenvid:datasets/comgenvid/fake/VEO3/054f065e-27a5-53cc-a4d7-88be732c80aa.mp4,comgenvid,annotated,VEO3,vatex_5000_video256,feature_change
comgenvid:datasets/comgenvid/fake/VEO3/0569c6cc-984b-5e80-acd8-267c5765cdec.mp4,comgenvid,annotated,VEO3,vatex_5000_video256,feature_change
comgenvid:datasets/comgenvid/fake/VEO3/057e8e50-5c1d-5c0a-910d-066bdaf5f378.mp4,comgenvid,annotated,VEO3,vatex_5000_video256,feature_change
comgenvid:datasets/comgenvid/fake/VEO3/058d6f43-1a85-5456-b52e-59a0716b1d3f.mp4,comgenvid,annotated,VEO3,vatex_5000_video256,feature_change
comgenvid:datasets/comgenvid/fake/VEO3/05a82758-36e6-5e24-81d4-e1ef6c2e6cec.mp4,comgenvid,annotated,VEO3,vatex_5000_video256,feature_change
comgenvid:datasets/comgenvid/fake/VEO3/05ce81c0-323b-53cf-8dd2-90183af200f8.mp4,comgenvid,annotated,VEO3,vatex_5000_video256,feature_change
comgenvid:datasets/comgenvid/fake/VEO3/05de2bf7-50b7-5b65-90f9-e2cd3a6c592a.mp4,comgenvid,annotated,VEO3,vatex_5000_video256,feature_change
comgenvid:datasets/comgenvid/fake/VEO3/05feb8ba-bd35-5846-b0b0-d07d54dffdf6.mp4,comgenvid,annotated,VEO3,vatex_5000_video256,feature_change
comgenvid:datasets/comgenvid/fake/VEO3/0619fb93-a7c7-5e8c-9473-a25795614218.mp4,comgenvid,annotated,VEO3,vatex_5000_video256,feature_change
comgenvid:datasets/comgenvid/fake/VEO3/063d099c-54ed-5d60-a04d-c412e5cd07dd.mp4,comgenvid,annotated,VEO3,vatex_5000_video256,feature_change
comgenvid:datasets/comgenvid/fake/VEO3/064c5c17-f52e-5276-85b3-2eb2fd000d0d.mp4,comgenvid,annotated,VEO3,vatex_5000_video256,feature_change
comgenvid:datasets/comgenvid/fake/VEO3/0660584e-b7db-5e2b-b6cc-d8617b1c706c.mp4,comgenvid,annotated,VEO3,vatex_5000_video256,feature_change
comgenvid:datasets/comgenvid/fake/VEO3/06afef5f-bff2-5aa5-9102-eadac8cf45a3.mp4,comgenvid,annotated,VEO3,vatex_5000_video256,feature_change
comgenvid:datasets/comgenvid/fake/VEO3/06b806a2-f209-565a-a280-220e519e5bd7.mp4,comgenvid,annotated,VEO3,vatex_5000_video256,feature_change
comgenvid:datasets/comgenvid/fake/VEO3/0709f838-c35d-5ade-bd8f-9dace06dda41.mp4,comgenvid,annotated,VEO3,vatex_5000_video256,feature_change
comgenvid:datasets/comgenvid/fake/VEO3/071b919e-bf0f-5dd7-9946-6913eb6648a3.mp4,comgenvid,annotated,VEO3,vatex_5000_video256,feature_change
comgenvid:datasets/comgenvid/fake/VEO3/076570aa-2652-540a-8b92-7c95def3bc8d.mp4,comgenvid,annotated,VEO3,vatex_5000_video256,feature_change
comgenvid:datasets/comgenvid/fake/VEO3/07a3dd5c-120b-592a-a068-67017366e0a1.mp4,comgenvid,annotated,VEO3,vatex_5000_video256,feature_change
comgenvid:datasets/comgenvid/fake/VEO3/07b43495-842c-5191-b9be-b294c7b7b8b6.mp4,comgenvid,annotated,VEO3,vatex_5000_video256,feature_change
comgenvid:datasets/comgenvid/fake/VEO3/07dae49d-4e83-5dae-9b2f-83b8cdb108fa.mp4,comgenvid,annotated,VEO3,vatex_5000_video256,feature_change
comgenvid:datasets/comgenvid/fake/VEO3/07e82ce6-0179-5223-8b44-3974064a927b.mp4,comgenvid,annotated,VEO3,vatex_5000_video256,feature_change
comgenvid:datasets/comgenvid/fake/VEO3/07ed025c-89d2-5397-80ca-3710a25f4dbe.mp4,comgenvid,annotated,VEO3,vatex_5000_video256,feature_change
comgenvid:datasets/comgenvid/fake/VEO3/07f08da9-ab21-5f04-bc97-afedfa95d7e8.mp4,comgenvid,annotated,VEO3,vatex_5000_video256,feature_change
comgenvid:datasets/comgenvid/fake/VEO3/081ef0d9-ce88-58f3-b038-188f38c20db8.mp4,comgenvid,annotated,VEO3,vatex_5000_video256,feature_change
comgenvid:datasets/comgenvid/fake/VEO3/0824813a-5d4e-5cd3-9f88-bf7ac0fec256.mp4,comgenvid,annotated,VEO3,vatex_5000_video256,feature_change
comgenvid:datasets/comgenvid/fake/VEO3/0838abb0-fb8d-501b-86a0-5c93704b6fb7.mp4,comgenvid,annotated,VEO3,vatex_5000_video256,feature_change
comgenvid:datasets/comgenvid/fake/VEO3/083f7e75-57e6-5778-8185-867115730a62.mp4,comgenvid,annotated,VEO3,vatex_5000_video256,feature_change
comgenvid:datasets/comgenvid/fake/VEO3/0862a018-0a85-5875-986b-2b2d9abf3948.mp4,comgenvid,annotated,VEO3,vatex_5000_video256,feature_change
comgenvid:datasets/comgenvid/fake/VEO3/086d463a-3abf-505f-99ae-cf2596aba806.mp4,comgenvid,annotated,VEO3,vatex_5000_video256,feature_change
comgenvid:datasets/comgenvid/fake/VEO3/08885891-c376-57e2-bf26-e465cf4c6687.mp4,comgenvid,annotated,VEO3,vatex_5000_video256,feature_change
comgenvid:datasets/comgenvid/fake/VEO3/08b79c30-d014-550c-9470-f9330173bbd9.mp4,comgenvid,annotated,VEO3,vatex_5000_video256,feature_change
comgenvid:datasets/comgenvid/fake/VEO3/08b91069-653d-5c28-954a-6226b9bb1f22.mp4,comgenvid,annotated,VEO3,vatex_5000_video256,feature_change
comgenvid:datasets/comgenvid/fake/VEO3/08e64edc-e1df-5426-8788-137fdd41dbbb.mp4,comgenvid,annotated,VEO3,vatex_5000_video256,feature_change
comgenvid:datasets/comgenvid/fake/VEO3/08f809ba-545b-5856-bf56-0151f69299bb.mp4,comgenvid,annotated,VEO3,vatex_5000_video256,feature_change
comgenvid:datasets/comgenvid/fake/VEO3/09696ca8-05ef-5495-baf6-29bc40c91688.mp4,comgenvid,annotated,VEO3,vatex_5000_video256,feature_change
comgenvid:datasets/comgenvid/fake/VEO3/09804bce-1107-5e1d-96d5-65f9ff9a8c8c.mp4,comgenvid,annotated,VEO3,vatex_5000_video256,feature_change
comgenvid:datasets/comgenvid/fake/VEO3/09943d71-fb55-5314-8ab5-20e4e3627cc8.mp4,comgenvid,annotated,VEO3,vatex_5000_video256,feature_change
comgenvid:datasets/comgenvid/fake/VEO3/09b35bc2-afee-5ca7-bf6e-d70c588fb535.mp4,comgenvid,annotated,VEO3,vatex_5000_video256,feature_change
comgenvid:datasets/comgenvid/fake/VEO3/09b78e19-9785-5191-bb24-f79d0bc30ce3.mp4,comgenvid,annotated,VEO3,vatex_5000_video256,feature_change
comgenvid:datasets/comgenvid/fake/VEO3/09da7540-49f2-564f-aedc-e4bd7a2b6a14.mp4,comgenvid,annotated,VEO3,vatex_5000_video256,feature_change
comgenvid:datasets/comgenvid/fake/VEO3/09e56f63-f5bf-5fcb-bad5-7ee9c90d3b10.mp4,comgenvid,annotated,VEO3,vatex_5000_video256,feature_change
comgenvid:datasets/comgenvid/fake/VEO3/09ec4e3f-3a93-5fd0-9392-5ffdbe141a1b.mp4,comgenvid,annotated,VEO3,vatex_5000_video256,feature_change
comgenvid:datasets/comgenvid/fake/VEO3/0a0d6ce7-9fbd-59db-9423-7b1fc00757c4.mp4,comgenvid,annotated,VEO3,vatex_5000_video256,feature_change
comgenvid:datasets/comgenvid/fake/VEO3/0a103afe-ea91-53f1-8549-ce39cd6ad707.mp4,comgenvid,annotated,VEO3,vatex_5000_video256,feature_change
comgenvid:datasets/comgenvid/fake/VEO3/0a4a24bb-d254-506e-a8ae-9780dd8651bd.mp4,comgenvid,annotated,VEO3,vatex_5000_video256,feature_change
comgenvid:datasets/comgenvid/fake/VEO3/0a4a37b7-a82b-5171-846a-8fef99af0d31.mp4,comgenvid,annotated,VEO3,vatex_5000_video256,feature_change
comgenvid:datasets/comgenvid/fake/VEO3/0a730a21-bf37-55b7-b81b-2f5a3002d2b9.mp4,comgenvid,annotated,VEO3,vatex_5000_video256,feature_change
comgenvid:datasets/comgenvid/fake/VEO3/0a78b5e8-ff82-5abf-a339-24f327ee1983.mp4,comgenvid,annotated,VEO3,vatex_5000_video256,feature_change
comgenvid:datasets/comgenvid/fake/VEO3/0a8288f6-f1b2-5673-bafa-6916a3e65b19.mp4,comgenvid,annotated,VEO3,vatex_5000_video256,feature_change
comgenvid:datasets/comgenvid/fake/VEO3/0a87009b-5425-5c06-b2eb-594ca413db0f.mp4,comgenvid,annotated,VEO3,vatex_5000_video256,feature_change
comgenvid:datasets/comgenvid/fake/VEO3/0a8d11b6-5c87-58d9-8818-cd92a19fece7.mp4,comgenvid,annotated,VEO3,vatex_5000_video256,feature_change
comgenvid:datasets/comgenvid/fake/VEO3/0a9ccb80-0568-5040-acd3-0daa27fd212d.mp4,comgenvid,annotated,VEO3,vatex_5000_video256,feature_change
comgenvid:datasets/comgenvid/fake/VEO3/0aa6b17f-75cc-5615-b39c-91354fdcedb5.mp4,comgenvid,annotated,VEO3,vatex_5000_video256,feature_change
comgenvid:datasets/comgenvid/fake/VEO3/0abdaa64-9a6c-5363-ae86-099c5652d681.mp4,comgenvid,annotated,VEO3,vatex_5000_video256,feature_change
comgenvid:datasets/comgenvid/fake/VEO3/0ac08be3-b921-53d3-98d6-42719f41d620.mp4,comgenvid,annotated,VEO3,vatex_5000_video256,feature_change
comgenvid:datasets/comgenvid/fake/VEO3/0acb6d3c-77bd-5487-b627-64be42879c08.mp4,comgenvid,annotated,VEO3,vatex_5000_video256,feature_change
comgenvid:datasets/comgenvid/fake/VEO3/0ada0094-d630-52ef-b5ea-ccd61dfcc665.mp4,comgenvid,annotated,VEO3,vatex_5000_video256,feature_change
comgenvid:datasets/comgenvid/fake/VEO3/0ae647fe-a7df-5eb7-a228-9ea57d42bb31.mp4,comgenvid,annotated,VEO3,vatex_5000_video256,feature_change
comgenvid:datasets/comgenvid/fake/VEO3/0ae86548-0eb6-5981-8fe8-fe9001619759.mp4,comgenvid,annotated,VEO3,vatex_5000_video256,feature_change
comgenvid:datasets/comgenvid/fake/VEO3/0af547e0-0ebc-56c3-8141-b7ab180d1cf9.mp4,comgenvid,annotated,VEO3,vatex_5000_video256,feature_change
comgenvid:datasets/comgenvid/fake/VEO3/0b054760-84c6-5df3-8bd2-7d2f7239ea8c.mp4,comgenvid,annotated,VEO3,vatex_5000_video256,feature_change
comgenvid:datasets/comgenvid/fake/VEO3/0b3971b2-f2df-5b9c-a00a-e971fabed464.mp4,comgenvid,annotated,VEO3,vatex_5000_video256,feature_change
comgenvid:datasets/comgenvid/fake/VEO3/0b6e8c66-90e8-5314-86a5-a3fac80d8295.mp4,comgenvid,annotated,VEO3,vatex_5000_video256,feature_change
comgenvid:datasets/comgenvid/fake/VEO3/0b75de1b-95e3-5e3d-8b26-5de0077c9b5d.mp4,comgenvid,annotated,VEO3,vatex_5000_video256,feature_change
comgenvid:datasets/comgenvid/fake/VEO3/0b79be1a-2148-52fc-96cd-8f5257a646f3.mp4,comgenvid,annotated,VEO3,vatex_5000_video256,feature_change
comgenvid:datasets/comgenvid/fake/VEO3/0b8ef91d-209b-500a-9c16-af4f3401e052.mp4,comgenvid,annotated,VEO3,vatex_5000_video256,feature_change
comgenvid:datasets/comgenvid/fake/VEO3/0b969909-ac24-50dd-9fa2-9ddba0cc02b2.mp4,comgenvid,annotated,VEO3,vatex_5000_video256,feature_change
comgenvid:datasets/comgenvid/fake/VEO3/0bc77ee1-1fe5-5fff-9137-642bec099886.mp4,comgenvid,annotated,VEO3,vatex_5000_video256,feature_change
comgenvid:datasets/comgenvid/fake/VEO3/0c2858fe-2501-5ade-8c8a-894fcc5b2da4.mp4,comgenvid,annotated,VEO3,vatex_5000_video256,feature_change
comgenvid:datasets/comgenvid/fake/VEO3/0c2ce9e3-cefe-507b-8a36-f44c6c61ceef.mp4,comgenvid,annotated,VEO3,vatex_5000_video256,feature_change
comgenvid:datasets/comgenvid/fake/VEO3/0c305bc2-4c1f-5608-b465-e088844b6367.mp4,comgenvid,annotated,VEO3,vatex_5000_video256,feature_change
comgenvid:datasets/comgenvid/fake/VEO3/0c3a23a5-02af-5a0f-b94b-817ec9f7cf8f.mp4,comgenvid,annotated,VEO3,vatex_5000_video256,feature_change
comgenvid:datasets/comgenvid/fake/VEO3/0c5646f9-f731-5330-9018-d2f9e6101f9a.mp4,comgenvid,annotated,VEO3,vatex_5000_video256,feature_change
comgenvid:datasets/comgenvid/fake/VEO3/0c683108-64b1-5222-acfb-cc2b9fbe361f.mp4,comgenvid,annotated,VEO3,vatex_5000_video256,feature_change
comgenvid:datasets/comgenvid/fake/VEO3/0c88628b-9f7c-58cf-912e-d581d81710ca.mp4,comgenvid,annotated,VEO3,vatex_5000_video256,feature_change
comgenvid:datasets/comgenvid/fake/VEO3/0ca496c6-b8f1-552b-8ef2-2a8d501bdaeb.mp4,comgenvid,annotated,VEO3,vatex_5000_video256,feature_change
comgenvid:datasets/comgenvid/fake/VEO3/0cace83b-1eee-5207-84fe-ba2e16adb69c.mp4,comgenvid,annotated,VEO3,vatex_5000_video256,feature_change
comgenvid:datasets/comgenvid/fake/VEO3/0d05ea1e-9c35-5c1d-b22e-93e0f5724c82.mp4,comgenvid,annotated,VEO3,vatex_5000_video256,feature_change
comgenvid:datasets/comgenvid/fake/VEO3/0d1b6a10-f63e-56e4-af4f-7c56db0f4716.mp4,comgenvid,annotated,VEO3,vatex_5000_video256,feature_change
comgenvid:datasets/comgenvid/fake/VEO3/0d229f74-3ef2-51fc-954f-4c31b34aff40.mp4,comgenvid,annotated,VEO3,vatex_5000_video256,feature_change
comgenvid:datasets/comgenvid/fake/VEO3/0d3502ba-6df0-56fb-878c-b0a09c36780a.mp4,comgenvid,annotated,VEO3,vatex_5000_video256,feature_change
comgenvid:datasets/comgenvid/fake/VEO3/0da4df83-0ab2-507e-8f99-58612b7bd4c4.mp4,comgenvid,annotated,VEO3,vatex_5000_video256,feature_change
comgenvid:datasets/comgenvid/fake/VEO3/0dd9d244-c8f0-54d4-a482-d6c59763ff03.mp4,comgenvid,annotated,VEO3,vatex_5000_video256,feature_change
comgenvid:datasets/comgenvid/fake/VEO3/0e71bec9-faea-5db2-8bda-e31ce8aaddfb.mp4,comgenvid,annotated,VEO3,vatex_5000_video256,feature_change
comgenvid:datasets/comgenvid/fake/VEO3/0ea46ba0-3996-5c63-ae23-72d53bc8597b.mp4,comgenvid,annotated,VEO3,vatex_5000_video256,feature_change
comgenvid:datasets/comgenvid/fake/VEO3/0eb295d5-7d2a-5012-9f13-ea7d80e50fe3.mp4,comgenvid,annotated,VEO3,vatex_5000_video256,feature_change
comgenvid:datasets/comgenvid/fake/VEO3/0ec7f4dc-f367-5f5c-91dc-94111899e6a3.mp4,comgenvid,annotated,VEO3,vatex_5000_video256,feature_change
comgenvid:datasets/comgenvid/fake/VEO3/0ee1fbb9-42de-538e-85a2-fef8c07154bf.mp4,comgenvid,annotated,VEO3,vatex_5000_video256,feature_change
comgenvid:datasets/comgenvid/fake/VEO3/0ef7fc85-e6ce-5c68-8c51-6f6d837fefed.mp4,comgenvid,annotated,VEO3,vatex_5000_video256,feature_change
comgenvid:datasets/comgenvid/fake/VEO3/0efaba26-2a7d-58e0-8a10-fb14886af0ae.mp4,comgenvid,annotated,VEO3,vatex_5000_video256,feature_change
comgenvid:datasets/comgenvid/fake/VEO3/0efcf491-fe56-5d25-a3dc-6e4ace531d31.mp4,comgenvid,annotated,VEO3,vatex_5000_video256,feature_change
comgenvid:datasets/comgenvid/fake/VEO3/0f327730-d7ab-5c1b-88ea-0f3bc89a8caf.mp4,comgenvid,annotated,VEO3,vatex_5000_video256,feature_change
comgenvid:datasets/comgenvid/fake/VEO3/0f863dba-ad6f-5eff-b845-fbd8db590c40.mp4,comgenvid,annotated,VEO3,vatex_5000_video256,feature_change
comgenvid:datasets/comgenvid/fake/VEO3/0f8b8495-3ddb-529f-a4b4-2e5bba248844.mp4,comgenvid,annotated,VEO3,vatex_5000_video256,feature_change
comgenvid:datasets/comgenvid/fake/VEO3/0fc44cae-8bab-57a3-8b79-909bfca3ecb9.mp4,comgenvid,annotated,VEO3,vatex_5000_video256,feature_change
comgenvid:datasets/comgenvid/fake/VEO3/10401d9e-dc09-59e1-8718-663187214bcc.mp4,comgenvid,annotated,VEO3,vatex_5000_video256,feature_change
comgenvid:datasets/comgenvid/fake/VEO3/108b799b-d90d-5881-b185-6437b4a4f7e0.mp4,comgenvid,annotated,VEO3,vatex_5000_video256,feature_change
comgenvid:datasets/comgenvid/fake/VEO3/10a3fe7b-9ad7-5dd7-ab08-48ad0d2e462e.mp4,comgenvid,annotated,VEO3,vatex_5000_video256,feature_change
comgenvid:datasets/comgenvid/fake/VEO3/10aa96ab-8bce-544d-b2db-fd31abd4544d.mp4,comgenvid,annotated,VEO3,vatex_5000_video256,feature_change
comgenvid:datasets/comgenvid/fake/VEO3/10b736bd-fb20-5a8d-8a9c-4400aeea77e8.mp4,comgenvid,annotated,VEO3,vatex_5000_video256,feature_change
comgenvid:datasets/comgenvid/fake/VEO3/10e29fad-0551-5ef0-9b5d-3b34a05c0195.mp4,comgenvid,annotated,VEO3,vatex_5000_video256,feature_change
comgenvid:datasets/comgenvid/fake/VEO3/10f1efff-658e-5d11-8351-664dca17a8e8.mp4,comgenvid,annotated,VEO3,vatex_5000_video256,feature_change
comgenvid:datasets/comgenvid/fake/VEO3/111b4483-2f04-5ef1-be28-49bfb14d40ae.mp4,comgenvid,annotated,VEO3,vatex_5000_video256,feature_change
comgenvid:datasets/comgenvid/fake/VEO3/11671691-bb36-5686-b2b0-8f4fbe4723e4.mp4,comgenvid,annotated,VEO3,vatex_5000_video256,feature_change
comgenvid:datasets/comgenvid/fake/VEO3/119150ca-c4cd-5a84-853e-1ac26fe0982b.mp4,comgenvid,annotated,VEO3,vatex_5000_video256,feature_change
comgenvid:datasets/comgenvid/fake/VEO3/11bbceb3-dc08-5b30-8be5-e4b96255ec93.mp4,comgenvid,annotated,VEO3,vatex_5000_video256,feature_change
comgenvid:datasets/comgenvid/fake/VEO3/11d13b8e-f9ac-5905-a0ba-5784ed7c4c12.mp4,comgenvid,annotated,VEO3,vatex_5000_video256,feature_change
comgenvid:datasets/comgenvid/fake/VEO3/12324aec-6c46-5770-a7ca-85965769ab67.mp4,comgenvid,annotated,VEO3,vatex_5000_video256,feature_change
comgenvid:datasets/comgenvid/fake/VEO3/12651a0d-4453-5b90-b8d6-c341ca659017.mp4,comgenvid,annotated,VEO3,vatex_5000_video256,feature_change
comgenvid:datasets/comgenvid/fake/VEO3/12b0a1b5-15f1-5ff4-b215-d42d4fdea039.mp4,comgenvid,annotated,VEO3,vatex_5000_video256,feature_change
comgenvid:datasets/comgenvid/fake/VEO3/12bd0b6e-f3e4-5727-bfd9-3a24866189b2.mp4,comgenvid,annotated,VEO3,vatex_5000_video256,feature_change
comgenvid:datasets/comgenvid/fake/VEO3/12ca00bd-c60e-5945-beb2-e76f4ca25c58.mp4,comgenvid,annotated,VEO3,vatex_5000_video256,feature_change
comgenvid:datasets/comgenvid/fake/VEO3/1313d243-5fdc-5aa1-8fd3-eb407547c5f4.mp4,comgenvid,annotated,VEO3,vatex_5000_video256,feature_change
comgenvid:datasets/comgenvid/fake/VEO3/1349b4e1-69ac-5154-9393-bd00790919a8.mp4,comgenvid,annotated,VEO3,vatex_5000_video256,feature_change
comgenvid:datasets/comgenvid/fake/VEO3/1375e3cb-33aa-59a1-99c7-63cb9f8b5de4.mp4,comgenvid,annotated,VEO3,vatex_5000_video256,feature_change
comgenvid:datasets/comgenvid/fake/VEO3/138037d3-f3f6-59d6-8ec3-e8ba67ad2a2d.mp4,comgenvid,annotated,VEO3,vatex_5000_video256,feature_change
comgenvid:datasets/comgenvid/fake/VEO3/1387aeb6-f062-50ac-82e7-8bd034af1c7a.mp4,comgenvid,annotated,VEO3,vatex_5000_video256,feature_change
comgenvid:datasets/comgenvid/fake/VEO3/13907fcc-2fee-5e7c-a75f-bad2e74114d9.mp4,comgenvid,annotated,VEO3,vatex_5000_video256,feature_change
comgenvid:datasets/comgenvid/fake/VEO3/1395a33b-8814-514c-94ea-23096918fe71.mp4,comgenvid,annotated,VEO3,vatex_5000_video256,feature_change
comgenvid:datasets/comgenvid/fake/VEO3/13c35074-9b2a-5841-8ca9-9f4b6fec4a7d.mp4,comgenvid,annotated,VEO3,vatex_5000_video256,feature_change
comgenvid:datasets/comgenvid/fake/VEO3/13d0b973-9331-5d21-8c2f-d2f3eade7dda.mp4,comgenvid,annotated,VEO3,vatex_5000_video256,feature_change
comgenvid:datasets/comgenvid/fake/VEO3/1410154d-8ce5-55d2-9c82-dee3ee5550d0.mp4,comgenvid,annotated,VEO3,vatex_5000_video256,feature_change
comgenvid:datasets/comgenvid/fake/VEO3/142678eb-9f93-5839-998f-57e5e52861ef.mp4,comgenvid,annotated,VEO3,vatex_5000_video256,feature_change
comgenvid:datasets/comgenvid/fake/VEO3/14368ad9-0bc7-56c0-bdc5-1c4515c08ab2.mp4,comgenvid,annotated,VEO3,vatex_5000_video256,feature_change
comgenvid:datasets/comgenvid/fake/VEO3/1444bdff-8a99-54f8-b7d7-00544fada33f.mp4,comgenvid,annotated,VEO3,vatex_5000_video256,feature_change
comgenvid:datasets/comgenvid/fake/VEO3/145b33a1-cc73-5c85-8daa-a00b6357ce12.mp4,comgenvid,annotated,VEO3,vatex_5000_video256,feature_change
comgenvid:datasets/comgenvid/fake/VEO3/148d46df-7b81-54fb-969b-c0e5c3c13a64.mp4,comgenvid,annotated,VEO3,vatex_5000_video256,feature_change
comgenvid:datasets/comgenvid/fake/VEO3/14a890f8-e9ed-5474-a6c9-c5c54074e564.mp4,comgenvid,annotated,VEO3,vatex_5000_video256,feature_change
comgenvid:datasets/comgenvid/fake/VEO3/14b9312d-3af8-5cbc-aea3-839763db43e4.mp4,comgenvid,annotated,VEO3,vatex_5000_video256,feature_change
comgenvid:datasets/comgenvid/fake/VEO3/1514706a-f8c6-5482-b085-b78097bbf31c.mp4,comgenvid,annotated,VEO3,vatex_5000_video256,feature_change
comgenvid:datasets/comgenvid/fake/VEO3/154bbacf-1421-5b2e-abf4-fad22ca3f69c.mp4,comgenvid,annotated,VEO3,vatex_5000_video256,feature_change
comgenvid:datasets/comgenvid/fake/VEO3/158ae1f8-e22f-507b-9015-5b29cd650c07.mp4,comgenvid,annotated,VEO3,vatex_5000_video256,feature_change
comgenvid:datasets/comgenvid/fake/VEO3/159c03d0-d1bb-5940-be67-4a7d0897d805.mp4,comgenvid,annotated,VEO3,vatex_5000_video256,feature_change
comgenvid:datasets/comgenvid/fake/VEO3/15e3ee4c-7c48-5b5d-bcb3-fafc0c0c4beb.mp4,comgenvid,annotated,VEO3,vatex_5000_video256,feature_change
comgenvid:datasets/comgenvid/fake/VEO3/15fc510b-ae8b-50e0-b488-fffb64621382.mp4,comgenvid,annotated,VEO3,vatex_5000_video256,feature_change
comgenvid:datasets/comgenvid/fake/VEO3/16299e21-a09b-5dda-8014-79fae6b5a036.mp4,comgenvid,annotated,VEO3,vatex_5000_video256,feature_change
comgenvid:datasets/comgenvid/fake/VEO3/162f5e1c-23c6-5fdd-8a57-7b07ec031a02.mp4,comgenvid,annotated,VEO3,vatex_5000_video256,feature_change
comgenvid:datasets/comgenvid/fake/VEO3/16ca7c6d-c24d-5a5d-b318-885daee57e01.mp4,comgenvid,annotated,VEO3,vatex_5000_video256,feature_change
comgenvid:datasets/comgenvid/fake/VEO3/16dbc2da-9446-5b7f-aa60-3873e9573513.mp4,comgenvid,annotated,VEO3,vatex_5000_video256,feature_change
comgenvid:datasets/comgenvid/fake/VEO3/1708bcf4-1d25-5c55-8f2a-f70facb050e3.mp4,comgenvid,annotated,VEO3,vatex_5000_video256,feature_change
comgenvid:datasets/comgenvid/fake/VEO3/170c1df4-88a8-5c8e-81c9-c7357dcab3e3.mp4,comgenvid,annotated,VEO3,vatex_5000_video256,feature_change
comgenvid:datasets/comgenvid/fake/VEO3/170f2aa7-9ad2-5939-ad1d-5ecf8de55817.mp4,comgenvid,annotated,VEO3,vatex_5000_video256,feature_change
comgenvid:datasets/comgenvid/fake/VEO3/172a5298-22e4-5117-bd13-bb7010318212.mp4,comgenvid,annotated,VEO3,vatex_5000_video256,feature_change
comgenvid:datasets/comgenvid/fake/VEO3/1760bc1e-2f14-5a2d-8d26-7dbc4c67c8d4.mp4,comgenvid,annotated,VEO3,vatex_5000_video256,feature_change
comgenvid:datasets/comgenvid/fake/VEO3/178b7008-1b9f-5942-81ea-9311816774fc.mp4,comgenvid,annotated,VEO3,vatex_5000_video256,feature_change
comgenvid:datasets/comgenvid/fake/VEO3/17a96458-8ebe-52f1-9dbf-f35b826e2fba.mp4,comgenvid,annotated,VEO3,vatex_5000_video256,feature_change
comgenvid:datasets/comgenvid/fake/VEO3/17b37b0a-9b0c-5186-8266-ea47dc879db3.mp4,comgenvid,annotated,VEO3,vatex_5000_video256,feature_change
comgenvid:datasets/comgenvid/fake/VEO3/17c3993c-2f21-54eb-a1ce-91936ce08d38.mp4,comgenvid,annotated,VEO3,vatex_5000_video256,feature_change
comgenvid:datasets/comgenvid/fake/VEO3/17efc270-fa87-5549-bbef-422eadf12dab.mp4,comgenvid,annotated,VEO3,vatex_5000_video256,feature_change
comgenvid:datasets/comgenvid/fake/VEO3/184f71e1-3b39-520b-be7b-ee30d84c6fa2.mp4,comgenvid,annotated,VEO3,vatex_5000_video256,feature_change
comgenvid:datasets/comgenvid/fake/VEO3/1854eeca-b9ba-5b5c-90ac-b77764c4b47d.mp4,comgenvid,annotated,VEO3,vatex_5000_video256,feature_change
comgenvid:datasets/comgenvid/fake/VEO3/18622d2b-1f77-56c9-b98b-125859bda161.mp4,comgenvid,annotated,VEO3,vatex_5000_video256,feature_change
comgenvid:datasets/comgenvid/fake/VEO3/1863bab7-bc1f-5fc9-a44d-720bbed73918.mp4,comgenvid,annotated,VEO3,vatex_5000_video256,feature_change
comgenvid:datasets/comgenvid/fake/VEO3/1887056e-d07b-581e-9474-5bbfa3fe3a0a.mp4,comgenvid,annotated,VEO3,vatex_5000_video256,feature_change
comgenvid:datasets/comgenvid/fake/VEO3/188fb7a0-f570-540d-b0ee-09d5dde88711.mp4,comgenvid,annotated,VEO3,vatex_5000_video256,feature_change
comgenvid:datasets/comgenvid/fake/VEO3/18911823-de11-5592-bb8b-333ebbe0f156.mp4,comgenvid,annotated,VEO3,vatex_5000_video256,feature_change
comgenvid:datasets/comgenvid/fake/VEO3/18b3d8b9-78c3-5e15-9b90-a88e4327bcc8.mp4,comgenvid,annotated,VEO3,vatex_5000_video256,feature_change
comgenvid:datasets/comgenvid/fake/VEO3/18bb90d4-f327-558b-8001-2281434cd09a.mp4,comgenvid,annotated,VEO3,vatex_5000_video256,feature_change
comgenvid:datasets/comgenvid/fake/VEO3/18df61e0-01d1-5959-8cf4-6d0470dc372d.mp4,comgenvid,annotated,VEO3,vatex_5000_video256,feature_change
comgenvid:datasets/comgenvid/fake/VEO3/18ee2bc4-628d-5041-a484-df32165021db.mp4,comgenvid,annotated,VEO3,vatex_5000_video256,feature_change
comgenvid:datasets/comgenvid/fake/VEO3/18fd3870-6c77-5b35-b27b-8eb60c4ef372.mp4,comgenvid,annotated,VEO3,vatex_5000_video256,feature_change
comgenvid:datasets/comgenvid/fake/VEO3/190fcd5d-5722-58b4-89fd-a3e298ab976a.mp4,comgenvid,annotated,VEO3,vatex_5000_video256,feature_change
comgenvid:datasets/comgenvid/fake/VEO3/191550ac-f739-5b03-8fc8-e36b69b943ee.mp4,comgenvid,annotated,VEO3,vatex_5000_video256,feature_change
comgenvid:datasets/comgenvid/fake/VEO3/19429419-1ba5-523c-81f2-e74442a8ef97.mp4,comgenvid,annotated,VEO3,vatex_5000_video256,feature_change
comgenvid:datasets/comgenvid/fake/VEO3/194c86b3-f44f-540b-bca9-1fe938dc73d4.mp4,comgenvid,annotated,VEO3,vatex_5000_video256,feature_change
comgenvid:datasets/comgenvid/fake/VEO3/19600605-cd4e-5629-b530-6d3040e80470.mp4,comgenvid,annotated,VEO3,vatex_5000_video256,feature_change
comgenvid:datasets/comgenvid/fake/VEO3/19784c28-e560-58b1-94ad-e7d507750d12.mp4,comgenvid,annotated,VEO3,vatex_5000_video256,feature_change
comgenvid:datasets/comgenvid/fake/VEO3/19a4b9a8-ac04-530c-861e-50d0ca8f7121.mp4,comgenvid,annotated,VEO3,vatex_5000_video256,feature_change
comgenvid:datasets/comgenvid/fake/VEO3/19a7501b-fea5-54eb-bb1e-f0551ba05e4a.mp4,comgenvid,annotated,VEO3,vatex_5000_video256,feature_change
comgenvid:datasets/comgenvid/fake/VEO3/19cc429b-7fe9-5848-b602-105807f99b15.mp4,comgenvid,annotated,VEO3,vatex_5000_video256,feature_change
comgenvid:datasets/comgenvid/fake/VEO3/19e118c8-0876-53f2-8609-79b02aea4c11.mp4,comgenvid,annotated,VEO3,vatex_5000_video256,feature_change
comgenvid:datasets/comgenvid/fake/VEO3/19ee6b95-9b2c-5ae2-a292-c6680b26f6db.mp4,comgenvid,annotated,VEO3,vatex_5000_video256,feature_change
comgenvid:datasets/comgenvid/fake/VEO3/1a145301-8fae-5001-98c6-f8288102e692.mp4,comgenvid,annotated,VEO3,vatex_5000_video256,feature_change
comgenvid:datasets/comgenvid/fake/VEO3/1a66cc11-76e4-5a87-90bf-babc2221b7a0.mp4,comgenvid,annotated,VEO3,vatex_5000_video256,feature_change
comgenvid:datasets/comgenvid/fake/VEO3/1a7b141c-196e-50e6-830d-d67434d311a7.mp4,comgenvid,annotated,VEO3,vatex_5000_video256,feature_change
comgenvid:datasets/comgenvid/fake/VEO3/1a9360dc-ca9f-5d0d-9514-68e25bb0ac9e.mp4,comgenvid,annotated,VEO3,vatex_5000_video256,feature_change
comgenvid:datasets/comgenvid/fake/VEO3/1acebd71-ffb5-5f17-9a16-4c08714d1773.mp4,comgenvid,annotated,VEO3,vatex_5000_video256,feature_change
comgenvid:datasets/comgenvid/fake/VEO3/1ae2cdc5-9c47-5c89-9d4c-a201cfe3cf8f.mp4,comgenvid,annotated,VEO3,vatex_5000_video256,feature_change
comgenvid:datasets/comgenvid/fake/VEO3/1b13add9-fd20-5ebb-8bd8-919498925a7c.mp4,comgenvid,annotated,VEO3,vatex_5000_video256,feature_change
comgenvid:datasets/comgenvid/fake/VEO3/1b1ea1f8-2c1a-5ed3-81e9-33dc2715a673.mp4,comgenvid,annotated,VEO3,vatex_5000_video256,feature_change
comgenvid:datasets/comgenvid/fake/VEO3/1b3ee629-6103-5201-9ef6-db50fed021ce.mp4,comgenvid,annotated,VEO3,vatex_5000_video256,feature_change
comgenvid:datasets/comgenvid/fake/VEO3/1b73b0ba-4ad7-5e4e-b7cd-3de1043f928f.mp4,comgenvid,annotated,VEO3,vatex_5000_video256,feature_change
comgenvid:datasets/comgenvid/fake/VEO3/1b85ebae-43d2-5743-b709-19038c9e04d8.mp4,comgenvid,annotated,VEO3,vatex_5000_video256,feature_change
comgenvid:datasets/comgenvid/fake/VEO3/1bba4650-8ca6-5592-a1af-dd750de5da88.mp4,comgenvid,annotated,VEO3,vatex_5000_video256,feature_change
comgenvid:datasets/comgenvid/fake/VEO3/1bfc9106-be49-5b07-bc7e-4f84c66183fa.mp4,comgenvid,annotated,VEO3,vatex_5000_video256,feature_change
comgenvid:datasets/comgenvid/fake/VEO3/1c9ce55c-3c17-59e2-a424-d45f410eaa90.mp4,comgenvid,annotated,VEO3,vatex_5000_video256,feature_change
comgenvid:datasets/comgenvid/fake/VEO3/1cd2abae-1ba5-5ae8-af27-c86fc53d1704.mp4,comgenvid,annotated,VEO3,vatex_5000_video256,feature_change
comgenvid:datasets/comgenvid/fake/VEO3/1cdbe665-2949-5705-b796-e26a25efe41d.mp4,comgenvid,annotated,VEO3,vatex_5000_video256,feature_change
comgenvid:datasets/comgenvid/fake/VEO3/1ce206f5-a24e-5cf3-94fb-8e2e3a754710.mp4,comgenvid,annotated,VEO3,vatex_5000_video256,feature_change
comgenvid:datasets/comgenvid/fake/VEO3/1d2afb03-8ff2-57e0-9480-4dbc0ad0564f.mp4,comgenvid,annotated,VEO3,vatex_5000_video256,feature_change
comgenvid:datasets/comgenvid/fake/VEO3/1d66f81d-ab75-544c-9bec-841b89f77c4a.mp4,comgenvid,annotated,VEO3,vatex_5000_video256,feature_change
comgenvid:datasets/comgenvid/fake/VEO3/1d763557-e82a-58e1-863e-2b682410c0a4.mp4,comgenvid,annotated,VEO3,vatex_5000_video256,feature_change
comgenvid:datasets/comgenvid/fake/VEO3/1d98c8c8-9a95-56de-af16-be0cd4ebe8a4.mp4,comgenvid,annotated,VEO3,vatex_5000_video256,feature_change
comgenvid:datasets/comgenvid/fake/VEO3/1dbcd68b-54ad-509a-b03b-52b4fa1dc493.mp4,comgenvid,annotated,VEO3,vatex_5000_video256,feature_change
comgenvid:datasets/comgenvid/fake/VEO3/1ddb0482-8319-50da-8562-0156cc52c0b6.mp4,comgenvid,annotated,VEO3,vatex_5000_video256,feature_change
comgenvid:datasets/comgenvid/fake/VEO3/1df83b82-90f8-5a2e-ab5c-62583d49622f.mp4,comgenvid,annotated,VEO3,vatex_5000_video256,feature_change
comgenvid:datasets/comgenvid/fake/VEO3/1e07fa25-dfdc-5b10-9c75-acedbee759e2.mp4,comgenvid,annotated,VEO3,vatex_5000_video256,feature_change
comgenvid:datasets/comgenvid/fake/VEO3/1e41762e-b832-5108-96b7-443724f6d837.mp4,comgenvid,annotated,VEO3,vatex_5000_video256,feature_change
comgenvid:datasets/comgenvid/fake/VEO3/1e846d51-ce66-5d4e-8aa0-f2a1a4b16b6f.mp4,comgenvid,annotated,VEO3,vatex_5000_video256,feature_change
comgenvid:datasets/comgenvid/fake/VEO3/1e862667-5ad2-5155-8126-ef98e88870af.mp4,comgenvid,annotated,VEO3,vatex_5000_video256,feature_change
comgenvid:datasets/comgenvid/fake/VEO3/1e942335-58fd-57fc-b20e-522147238c38.mp4,comgenvid,annotated,VEO3,vatex_5000_video256,feature_change
comgenvid:datasets/comgenvid/fake/VEO3/1eaf31a1-0687-5cd7-a24b-134f35cab651.mp4,comgenvid,annotated,VEO3,vatex_5000_video256,feature_change
comgenvid:datasets/comgenvid/fake/VEO3/1eb27339-46b1-5ac9-b55b-05d140fa4453.mp4,comgenvid,annotated,VEO3,vatex_5000_video256,feature_change
comgenvid:datasets/comgenvid/fake/VEO3/1eed4aa1-e112-5f0e-ad7f-c45563f521d8.mp4,comgenvid,annotated,VEO3,vatex_5000_video256,feature_change
comgenvid:datasets/comgenvid/fake/VEO3/1f0f6bd6-4761-5872-a272-fcc09828ad24.mp4,comgenvid,annotated,VEO3,vatex_5000_video256,feature_change
comgenvid:datasets/comgenvid/fake/VEO3/1fae7321-ff43-50ec-901d-8ef058fb9a1f.mp4,comgenvid,annotated,VEO3,vatex_5000_video256,feature_change
comgenvid:datasets/comgenvid/fake/VEO3/1fcc2da2-ca76-5d02-b6c9-22045fa82d5b.mp4,comgenvid,annotated,VEO3,vatex_5000_video256,feature_change
comgenvid:datasets/comgenvid/fake/VEO3/1fd6bd34-e306-5e4f-91f4-cc74f9eff860.mp4,comgenvid,annotated,VEO3,vatex_5000_video256,feature_change
comgenvid:datasets/comgenvid/fake/VEO3/1ff502bf-2b04-5fd3-8294-c760ad28bddb.mp4,comgenvid,annotated,VEO3,vatex_5000_video256,feature_change
comgenvid:datasets/comgenvid/fake/VEO3/1ff76cc7-43f0-5f76-ab4c-5d3855729f5a.mp4,comgenvid,annotated,VEO3,vatex_5000_video256,feature_change
comgenvid:datasets/comgenvid/fake/VEO3/1ff9328a-a71d-56c6-9144-58bb3e0c156d.mp4,comgenvid,annotated,VEO3,vatex_5000_video256,feature_change
comgenvid:datasets/comgenvid/fake/VEO3/202454a1-454e-55bf-bf2b-7c744efb0664.mp4,comgenvid,annotated,VEO3,vatex_5000_video256,feature_change
comgenvid:datasets/comgenvid/fake/VEO3/20294a46-a54a-50a7-ba17-35c2c926bb06.mp4,comgenvid,annotated,VEO3,vatex_5000_video256,feature_change
comgenvid:datasets/comgenvid/fake/VEO3/20396336-e250-56ac-99b4-55ac56889788.mp4,comgenvid,annotated,VEO3,vatex_5000_video256,feature_change
comgenvid:datasets/comgenvid/fake/VEO3/20744538-7e18-51c2-a386-501b6c282e05.mp4,comgenvid,annotated,VEO3,vatex_5000_video256,feature_change
comgenvid:datasets/comgenvid/fake/VEO3/208ccd09-fe86-5dce-9c3b-324d54628aa7.mp4,comgenvid,annotated,VEO3,vatex_5000_video256,feature_change
comgenvid:datasets/comgenvid/fake/VEO3/208f1fba-8b9f-5497-9213-04049611664f.mp4,comgenvid,annotated,VEO3,vatex_5000_video256,feature_change
comgenvid:datasets/comgenvid/fake/VEO3/20bf3037-b828-52c2-8b66-d41f4155ba68.mp4,comgenvid,annotated,VEO3,vatex_5000_video256,feature_change
comgenvid:datasets/comgenvid/fake/VEO3/20dc44d0-5625-56e5-966a-3988436bb57f.mp4,comgenvid,annotated,VEO3,vatex_5000_video256,feature_change
comgenvid:datasets/comgenvid/fake/VEO3/20de79af-7213-54bc-970f-e20241cc1a1f.mp4,comgenvid,annotated,VEO3,vatex_5000_video256,feature_change
comgenvid:datasets/comgenvid/fake/VEO3/20eaec5a-f511-598f-93ee-8d652aa717c2.mp4,comgenvid,annotated,VEO3,vatex_5000_video256,feature_change
comgenvid:datasets/comgenvid/fake/VEO3/210c9e20-d1c8-5bf3-8e00-ff4152016b16.mp4,comgenvid,annotated,VEO3,vatex_5000_video256,feature_change
comgenvid:datasets/comgenvid/fake/VEO3/21233c76-17ac-595c-84ae-ec09fbebe28d.mp4,comgenvid,annotated,VEO3,vatex_5000_video256,feature_change
comgenvid:datasets/comgenvid/fake/VEO3/21255a61-c0b6-5957-b77c-ae39c4313a1b.mp4,comgenvid,annotated,VEO3,vatex_5000_video256,feature_change
comgenvid:datasets/comgenvid/fake/VEO3/2137016c-798b-5a63-997c-c584b5b6b550.mp4,comgenvid,annotated,VEO3,vatex_5000_video256,feature_change
comgenvid:datasets/comgenvid/fake/VEO3/2187765a-94c5-5104-8111-c7b745965121.mp4,comgenvid,annotated,VEO3,vatex_5000_video256,feature_change
comgenvid:datasets/comgenvid/fake/VEO3/21941e6c-2aa4-5634-8a9a-b13836dcffaf.mp4,comgenvid,annotated,VEO3,vatex_5000_video256,feature_change
comgenvid:datasets/comgenvid/fake/VEO3/21dea980-b278-5d65-a5e0-5db402992980.mp4,comgenvid,annotated,VEO3,vatex_5000_video256,feature_change
comgenvid:datasets/comgenvid/fake/VEO3/21e74d52-cafc-5c06-8d97-1e8b5cb0461d.mp4,comgenvid,annotated,VEO3,vatex_5000_video256,feature_change
comgenvid:datasets/comgenvid/fake/VEO3/21f3c409-2099-522f-a1b4-d2550d1c3c7e.mp4,comgenvid,annotated,VEO3,vatex_5000_video256,feature_change
comgenvid:datasets/comgenvid/fake/VEO3/22029115-e298-5500-8866-826c85cbd0d2.mp4,comgenvid,annotated,VEO3,vatex_5000_video256,feature_change
comgenvid:datasets/comgenvid/fake/VEO3/22240d59-7c64-5010-83cb-e8044ca3d41c.mp4,comgenvid,annotated,VEO3,vatex_5000_video256,feature_change
comgenvid:datasets/comgenvid/fake/VEO3/222ae23b-e278-555b-96d9-9fe1da196a43.mp4,comgenvid,annotated,VEO3,vatex_5000_video256,feature_change
comgenvid:datasets/comgenvid/fake/VEO3/222dc6af-16cc-5cd2-b096-67c3aba665c6.mp4,comgenvid,annotated,VEO3,vatex_5000_video256,feature_change
comgenvid:datasets/comgenvid/fake/VEO3/222f8f99-a66e-5678-a39c-ef4b8e8f774f.mp4,comgenvid,annotated,VEO3,vatex_5000_video256,feature_change
comgenvid:datasets/comgenvid/fake/VEO3/2268c1f7-e568-5794-bccb-09a3aa58ab36.mp4,comgenvid,annotated,VEO3,vatex_5000_video256,feature_change
comgenvid:datasets/comgenvid/fake/VEO3/226a982a-267e-5578-8375-b71dea1a085f.mp4,comgenvid,annotated,VEO3,vatex_5000_video256,feature_change
comgenvid:datasets/comgenvid/fake/VEO3/22c04a96-5b44-53ae-8ba2-d6958d5e3d62.mp4,comgenvid,annotated,VEO3,vatex_5000_video256,feature_change
comgenvid:datasets/comgenvid/fake/VEO3/230a3d65-060d-5ef2-8fef-a9e66c697cb6.mp4,comgenvid,annotated,VEO3,vatex_5000_video256,feature_change
comgenvid:datasets/comgenvid/fake/VEO3/231aa475-5915-5565-9732-229a2e3f55af.mp4,comgenvid,annotated,VEO3,vatex_5000_video256,feature_change
comgenvid:datasets/comgenvid/fake/VEO3/2324f8b0-eb27-58d5-8f0e-6c9cd074472d.mp4,comgenvid,annotated,VEO3,vatex_5000_video256,feature_change
comgenvid:datasets/comgenvid/fake/VEO3/233121f3-2721-5df0-a39f-b15dd21197bb.mp4,comgenvid,annotated,VEO3,vatex_5000_video256,feature_change
comgenvid:datasets/comgenvid/fake/VEO3/233179ab-a7b8-5f67-b0b1-bf19967b7818.mp4,comgenvid,annotated,VEO3,vatex_5000_video256,feature_change
comgenvid:datasets/comgenvid/fake/VEO3/2338aaf6-6009-5a54-8920-084d5f69c604.mp4,comgenvid,annotated,VEO3,vatex_5000_video256,feature_change
comgenvid:datasets/comgenvid/fake/VEO3/2377c88e-6c68-52bd-af17-aa98946d0a14.mp4,comgenvid,annotated,VEO3,vatex_5000_video256,feature_change
comgenvid:datasets/comgenvid/fake/VEO3/239405b2-d5bd-568b-ba02-375d9dffde65.mp4,comgenvid,annotated,VEO3,vatex_5000_video256,feature_change
comgenvid:datasets/comgenvid/fake/VEO3/23c959eb-968e-5450-8eba-c5586d8d6faa.mp4,comgenvid,annotated,VEO3,vatex_5000_video256,feature_change
comgenvid:datasets/comgenvid/fake/VEO3/23d116d1-3ea0-5940-a683-7a26ee5ef0cf.mp4,comgenvid,annotated,VEO3,vatex_5000_video256,feature_change
comgenvid:datasets/comgenvid/fake/VEO3/240a40de-8e9b-5b87-b7e9-991428b8d2cd.mp4,comgenvid,annotated,VEO3,vatex_5000_video256,feature_change
comgenvid:datasets/comgenvid/fake/VEO3/241cb5f1-ed26-5b42-b694-d96ca41680fb.mp4,comgenvid,annotated,VEO3,vatex_5000_video256,feature_change
comgenvid:datasets/comgenvid/fake/VEO3/24307146-4fb6-5563-b86d-ee3ba291e873.mp4,comgenvid,annotated,VEO3,vatex_5000_video256,feature_change
comgenvid:datasets/comgenvid/fake/VEO3/244b52db-ae20-5e3d-8d84-45bf460377ad.mp4,comgenvid,annotated,VEO3,vatex_5000_video256,feature_change
comgenvid:datasets/comgenvid/fake/VEO3/24701c52-d5af-5125-a0ad-1af952cbe292.mp4,comgenvid,annotated,VEO3,vatex_5000_video256,feature_change
comgenvid:datasets/comgenvid/fake/VEO3/24766c51-3796-5713-93f1-dc69140db459.mp4,comgenvid,annotated,VEO3,vatex_5000_video256,feature_change
comgenvid:datasets/comgenvid/fake/VEO3/24aeb937-9a59-54ef-8d2d-5134646daad8.mp4,comgenvid,annotated,VEO3,vatex_5000_video256,feature_change
comgenvid:datasets/comgenvid/fake/VEO3/24ccdea3-ed88-5225-a3d2-79ad5a1b493b.mp4,comgenvid,annotated,VEO3,vatex_5000_video256,feature_change
comgenvid:datasets/comgenvid/fake/VEO3/24d377da-1ca5-5f48-8edc-d16c24b8a059.mp4,comgenvid,annotated,VEO3,vatex_5000_video256,feature_change
comgenvid:datasets/comgenvid/fake/VEO3/24fb0fae-2f00-52fd-b1c3-e0faf9be0a14.mp4,comgenvid,annotated,VEO3,vatex_5000_video256,feature_change
comgenvid:datasets/comgenvid/fake/VEO3/24fe7912-15f5-5103-99be-c87b6a8feca9.mp4,comgenvid,annotated,VEO3,vatex_5000_video256,feature_change
comgenvid:datasets/comgenvid/fake/VEO3/250763d7-b30d-566d-84f4-50ada98f63a3.mp4,comgenvid,annotated,VEO3,vatex_5000_video256,feature_change
comgenvid:datasets/comgenvid/fake/VEO3/254d84a9-a129-5df4-8f68-3108426bc012.mp4,comgenvid,annotated,VEO3,vatex_5000_video256,feature_change
comgenvid:datasets/comgenvid/fake/VEO3/257b051d-d65e-50b7-ba0f-0e327cc1a5f8.mp4,comgenvid,annotated,VEO3,vatex_5000_video256,feature_change
comgenvid:datasets/comgenvid/fake/VEO3/2592b761-04f3-52ea-a63e-593057db4634.mp4,comgenvid,annotated,VEO3,vatex_5000_video256,feature_change
comgenvid:datasets/comgenvid/fake/VEO3/25aa7f04-df84-5862-9d2e-76cae8b4ed18.mp4,comgenvid,annotated,VEO3,vatex_5000_video256,feature_change
comgenvid:datasets/comgenvid/fake/VEO3/25fff55e-9cfe-5cf9-9b36-4d8e04acb9b3.mp4,comgenvid,annotated,VEO3,vatex_5000_video256,feature_change
comgenvid:datasets/comgenvid/fake/VEO3/2634e08e-d778-5cc1-9af3-b23dbda50fc9.mp4,comgenvid,annotated,VEO3,vatex_5000_video256,feature_change
comgenvid:datasets/comgenvid/fake/VEO3/265861ab-8cb3-51f5-b2ef-b7a849910278.mp4,comgenvid,annotated,VEO3,vatex_5000_video256,feature_change
comgenvid:datasets/comgenvid/fake/VEO3/26687827-7e78-500d-b141-28c79e84b94d.mp4,comgenvid,annotated,VEO3,vatex_5000_video256,feature_change
comgenvid:datasets/comgenvid/fake/VEO3/2670719d-42ae-5b0d-a09f-1387ec85a01f.mp4,comgenvid,annotated,VEO3,vatex_5000_video256,feature_change
comgenvid:datasets/comgenvid/fake/VEO3/267841ab-d2a2-5e99-a71f-d4b2503b16a5.mp4,comgenvid,annotated,VEO3,vatex_5000_video256,feature_change
comgenvid:datasets/comgenvid/fake/VEO3/2688deda-8262-5a91-97b2-97ab65ae37f5.mp4,comgenvid,annotated,VEO3,vatex_5000_video256,feature_change
comgenvid:datasets/comgenvid/fake/VEO3/2691fc34-9997-5afe-9fa7-abab71784da8.mp4,comgenvid,annotated,VEO3,vatex_5000_video256,feature_change
comgenvid:datasets/comgenvid/fake/VEO3/26974515-dce1-57d7-a5ac-07d4a67d279b.mp4,comgenvid,annotated,VEO3,vatex_5000_video256,feature_change
comgenvid:datasets/comgenvid/fake/VEO3/26b07569-dcfb-55a7-bd93-e7ab3c3e288a.mp4,comgenvid,annotated,VEO3,vatex_5000_video256,feature_change
comgenvid:datasets/comgenvid/fake/VEO3/26cfb384-7a6f-5ad9-a646-460cd2d5e07c.mp4,comgenvid,annotated,VEO3,vatex_5000_video256,feature_change
comgenvid:datasets/comgenvid/fake/VEO3/26ed4b35-98c9-583f-88ea-27073e91e9a3.mp4,comgenvid,annotated,VEO3,vatex_5000_video256,feature_change
comgenvid:datasets/comgenvid/fake/VEO3/27452935-d984-56c1-b91e-b678ebb9ea39.mp4,comgenvid,annotated,VEO3,vatex_5000_video256,feature_change
comgenvid:datasets/comgenvid/fake/VEO3/27543631-bfb5-5c18-b9d8-90eed80d5319.mp4,comgenvid,annotated,VEO3,vatex_5000_video256,feature_change
comgenvid:datasets/comgenvid/fake/VEO3/275ce5ad-eb5b-55e9-98e6-baf1a2636abd.mp4,comgenvid,annotated,VEO3,vatex_5000_video256,feature_change
comgenvid:datasets/comgenvid/fake/VEO3/2764038d-009c-537a-b51a-bf9718b4ae6f.mp4,comgenvid,annotated,VEO3,vatex_5000_video256,feature_change
comgenvid:datasets/comgenvid/fake/VEO3/27644df7-c8fa-5a5d-9c17-8cd67fd11332.mp4,comgenvid,annotated,VEO3,vatex_5000_video256,feature_change
comgenvid:datasets/comgenvid/fake/VEO3/278218ac-2ec2-5403-aaee-7154395abea8.mp4,comgenvid,annotated,VEO3,vatex_5000_video256,feature_change
comgenvid:datasets/comgenvid/fake/VEO3/278dbb47-3ce5-5214-b95e-2d2425611129.mp4,comgenvid,annotated,VEO3,vatex_5000_video256,feature_change
comgenvid:datasets/comgenvid/fake/VEO3/27997893-377c-5cb4-937a-83bfb6fa543b.mp4,comgenvid,annotated,VEO3,vatex_5000_video256,feature_change
comgenvid:datasets/comgenvid/fake/VEO3/279aa96b-39d8-5af1-ba86-72df56d9a48f.mp4,comgenvid,annotated,VEO3,vatex_5000_video256,feature_change
comgenvid:datasets/comgenvid/fake/VEO3/27a7bfa0-ea7e-5c4a-afc2-bcfb64fa00d4.mp4,comgenvid,annotated,VEO3,vatex_5000_video256,feature_change
comgenvid:datasets/comgenvid/fake/VEO3/27abf194-2082-51bd-90e4-8cd19ebb0607.mp4,comgenvid,annotated,VEO3,vatex_5000_video256,feature_change
comgenvid:datasets/comgenvid/fake/VEO3/27be9fa1-8239-5d4e-99b5-1827f4197800.mp4,comgenvid,annotated,VEO3,vatex_5000_video256,feature_change
comgenvid:datasets/comgenvid/fake/VEO3/27cf03fa-d3d9-5ea2-a1a5-92a60f548ce0.mp4,comgenvid,annotated,VEO3,vatex_5000_video256,feature_change
comgenvid:datasets/comgenvid/fake/VEO3/27f109e8-5aed-5db5-b799-f0c3473150ce.mp4,comgenvid,annotated,VEO3,vatex_5000_video256,feature_change
comgenvid:datasets/comgenvid/fake/VEO3/27f3fabd-b8eb-54d6-bdfd-0f65b217ec4b.mp4,comgenvid,annotated,VEO3,vatex_5000_video256,feature_change
comgenvid:datasets/comgenvid/fake/VEO3/2803b7b5-b897-5130-aed2-6de171b0998f.mp4,comgenvid,annotated,VEO3,vatex_5000_video256,feature_change
comgenvid:datasets/comgenvid/fake/VEO3/281981e7-f310-5cf7-a905-0b2c0c905d8b.mp4,comgenvid,annotated,VEO3,vatex_5000_video256,feature_change
comgenvid:datasets/comgenvid/fake/VEO3/281b91fd-b232-5700-97b7-0354163c11dd.mp4,comgenvid,annotated,VEO3,vatex_5000_video256,feature_change
comgenvid:datasets/comgenvid/fake/VEO3/2893c925-3212-57b8-9982-43c8a4612f8a.mp4,comgenvid,annotated,VEO3,vatex_5000_video256,feature_change
comgenvid:datasets/comgenvid/fake/VEO3/28946aaf-a287-5d70-ad93-130c2948a70e.mp4,comgenvid,annotated,VEO3,vatex_5000_video256,feature_change
comgenvid:datasets/comgenvid/fake/VEO3/2896dc69-f2e6-56d0-aac2-347f1df3a04d.mp4,comgenvid,annotated,VEO3,vatex_5000_video256,feature_change
comgenvid:datasets/comgenvid/fake/VEO3/28ae8ee4-fa65-5f4a-8135-a2a96bfaeb80.mp4,comgenvid,annotated,VEO3,vatex_5000_video256,feature_change
comgenvid:datasets/comgenvid/fake/VEO3/28c3f0f4-d16c-5772-a591-6647a79aae85.mp4,comgenvid,annotated,VEO3,vatex_5000_video256,feature_change
comgenvid:datasets/comgenvid/fake/VEO3/28cd0d65-b9b6-5cb9-bab9-04af14599b31.mp4,comgenvid,annotated,VEO3,vatex_5000_video256,feature_change
comgenvid:datasets/comgenvid/fake/VEO3/28dc58db-ee31-580d-b784-d4cb0c05af7b.mp4,comgenvid,annotated,VEO3,vatex_5000_video256,feature_change
comgenvid:datasets/comgenvid/fake/VEO3/290ba2c5-2645-557b-9943-0628efbf5b26.mp4,comgenvid,annotated,VEO3,vatex_5000_video256,feature_change
comgenvid:datasets/comgenvid/fake/VEO3/29133eee-59e9-5af3-8a58-571446cdb485.mp4,comgenvid,annotated,VEO3,vatex_5000_video256,feature_change
comgenvid:datasets/comgenvid/fake/VEO3/29263740-48c1-58cb-bc4f-c4476f896a12.mp4,comgenvid,annotated,VEO3,vatex_5000_video256,feature_change
comgenvid:datasets/comgenvid/fake/VEO3/29281fa3-064e-50a2-b086-8d7ca669e051.mp4,comgenvid,annotated,VEO3,vatex_5000_video256,feature_change
comgenvid:datasets/comgenvid/fake/VEO3/29282f90-f8ff-5b30-898c-65e3cab837dc.mp4,comgenvid,annotated,VEO3,vatex_5000_video256,feature_change
comgenvid:datasets/comgenvid/fake/VEO3/296f632f-09df-5540-9ca2-6cc268bc1af4.mp4,comgenvid,annotated,VEO3,vatex_5000_video256,feature_change
comgenvid:datasets/comgenvid/fake/VEO3/298c0c72-4e5a-5bd2-ba70-27edafcec43e.mp4,comgenvid,annotated,VEO3,vatex_5000_video256,feature_change
comgenvid:datasets/comgenvid/fake/VEO3/29968f04-3e8f-5dd1-a7f5-3fad6a0c20a8.mp4,comgenvid,annotated,VEO3,vatex_5000_video256,feature_change
comgenvid:datasets/comgenvid/fake/VEO3/299a97c8-8c0c-5a58-a52a-18c137fe0fd3.mp4,comgenvid,annotated,VEO3,vatex_5000_video256,feature_change
comgenvid:datasets/comgenvid/fake/VEO3/29a000cc-c1a8-555b-919f-adb0fd3dc9e3.mp4,comgenvid,annotated,VEO3,vatex_5000_video256,feature_change
comgenvid:datasets/comgenvid/fake/VEO3/2a1cd811-4c31-5a8c-93d1-4d1005afb3ec.mp4,comgenvid,annotated,VEO3,vatex_5000_video256,feature_change
comgenvid:datasets/comgenvid/fake/VEO3/2abb5777-f955-543c-830b-7a9e104c1bf9.mp4,comgenvid,annotated,VEO3,vatex_5000_video256,feature_change
comgenvid:datasets/comgenvid/fake/VEO3/2abd8708-098b-55b4-9cf5-65a12db59013.mp4,comgenvid,annotated,VEO3,vatex_5000_video256,feature_change
comgenvid:datasets/comgenvid/fake/VEO3/2ac1915d-bb87-503a-b2f9-7b316d5a2017.mp4,comgenvid,annotated,VEO3,vatex_5000_video256,feature_change
comgenvid:datasets/comgenvid/fake/VEO3/2acd8dc2-66e9-5fe5-ad9c-1145a6cf6fdc.mp4,comgenvid,annotated,VEO3,vatex_5000_video256,feature_change
comgenvid:datasets/comgenvid/fake/VEO3/2ad36656-31e4-5940-802a-ae0c57eb9d15.mp4,comgenvid,annotated,VEO3,vatex_5000_video256,feature_change
comgenvid:datasets/comgenvid/fake/VEO3/2ae18341-cbc8-5e51-bee0-fb8beb4f6408.mp4,comgenvid,annotated,VEO3,vatex_5000_video256,feature_change
comgenvid:datasets/comgenvid/fake/VEO3/2ae68ca7-6022-589a-9e02-792f3c2a86ce.mp4,comgenvid,annotated,VEO3,vatex_5000_video256,feature_change
comgenvid:datasets/comgenvid/fake/VEO3/2b0c315d-8b2a-52ac-8fbb-2d422db5e5fc.mp4,comgenvid,annotated,VEO3,vatex_5000_video256,feature_change
comgenvid:datasets/comgenvid/fake/VEO3/2b0e1305-25c6-5034-bf48-c1781cb5cc7b.mp4,comgenvid,annotated,VEO3,vatex_5000_video256,feature_change
comgenvid:datasets/comgenvid/fake/VEO3/2b2bede8-d0e6-53f4-ae1e-42c05600bada.mp4,comgenvid,annotated,VEO3,vatex_5000_video256,feature_change
comgenvid:datasets/comgenvid/fake/VEO3/2b3ec858-fc48-529c-8783-fdce7e760eb5.mp4,comgenvid,annotated,VEO3,vatex_5000_video256,feature_change
comgenvid:datasets/comgenvid/fake/VEO3/2b7fc33b-c6f6-5444-9a0b-e175149dba66.mp4,comgenvid,annotated,VEO3,vatex_5000_video256,feature_change
comgenvid:datasets/comgenvid/fake/VEO3/2b80a552-6d73-5471-b150-fbcf85dd2083.mp4,comgenvid,annotated,VEO3,vatex_5000_video256,feature_change
comgenvid:datasets/comgenvid/fake/VEO3/2b9e4abd-524c-5cbd-ab64-55e2b9fe63d8.mp4,comgenvid,annotated,VEO3,vatex_5000_video256,feature_change
comgenvid:datasets/comgenvid/fake/VEO3/2bc23ae4-7a7a-5421-a8a4-58c1f9116421.mp4,comgenvid,annotated,VEO3,vatex_5000_video256,feature_change
comgenvid:datasets/comgenvid/fake/VEO3/2bf44529-8f13-5098-a529-aaabb3855dd6.mp4,comgenvid,annotated,VEO3,vatex_5000_video256,feature_change
comgenvid:datasets/comgenvid/fake/VEO3/2d3e053c-cf5f-592d-93b0-9ee2198116d8.mp4,comgenvid,annotated,VEO3,vatex_5000_video256,feature_change
comgenvid:datasets/comgenvid/fake/VEO3/2d4be926-cf91-5f72-9ffc-1e78e5bfecf0.mp4,comgenvid,annotated,VEO3,vatex_5000_video256,feature_change
comgenvid:datasets/comgenvid/fake/VEO3/2d4ea9cd-a7d8-530f-bc44-9483f4177b4d.mp4,comgenvid,annotated,VEO3,vatex_5000_video256,feature_change
comgenvid:datasets/comgenvid/fake/VEO3/2d546c47-9bea-5000-b5e8-9eee7a102385.mp4,comgenvid,annotated,VEO3,vatex_5000_video256,feature_change
comgenvid:datasets/comgenvid/fake/VEO3/2d59dd0f-4543-5432-81ec-bfe1fa10a018.mp4,comgenvid,annotated,VEO3,vatex_5000_video256,feature_change
comgenvid:datasets/comgenvid/fake/VEO3/2d94aea2-531d-5e68-b589-17ad844c2376.mp4,comgenvid,annotated,VEO3,vatex_5000_video256,feature_change
comgenvid:datasets/comgenvid/fake/VEO3/2db835e8-3ab4-5d8c-a0a5-79e8e840c109.mp4,comgenvid,annotated,VEO3,vatex_5000_video256,feature_change
comgenvid:datasets/comgenvid/fake/VEO3/2dc620b3-f401-5176-b89e-0024f50214c9.mp4,comgenvid,annotated,VEO3,vatex_5000_video256,feature_change
comgenvid:datasets/comgenvid/fake/VEO3/2dc7de6e-f25d-59df-8a61-b64d62eec1b8.mp4,comgenvid,annotated,VEO3,vatex_5000_video256,feature_change
comgenvid:datasets/comgenvid/fake/VEO3/2dcbb394-4739-5ca4-be46-2c134f1a2790.mp4,comgenvid,annotated,VEO3,vatex_5000_video256,feature_change
comgenvid:datasets/comgenvid/fake/VEO3/2dd5ac14-0e5e-52cb-8c8f-ae4a81f86be6.mp4,comgenvid,annotated,VEO3,vatex_5000_video256,feature_change
comgenvid:datasets/comgenvid/fake/VEO3/2e092618-feb9-54da-84bf-c813b713bc36.mp4,comgenvid,annotated,VEO3,vatex_5000_video256,feature_change
comgenvid:datasets/comgenvid/fake/VEO3/2e32e3a6-1dba-5465-931b-1f86a4d6b54e.mp4,comgenvid,annotated,VEO3,vatex_5000_video256,feature_change
comgenvid:datasets/comgenvid/fake/VEO3/2e3b1cac-23f9-5f1b-a0b7-79ce19682ede.mp4,comgenvid,annotated,VEO3,vatex_5000_video256,feature_change
comgenvid:datasets/comgenvid/fake/VEO3/2e3dd479-5547-52f3-89c5-1cc7548a2667.mp4,comgenvid,annotated,VEO3,vatex_5000_video256,feature_change
comgenvid:datasets/comgenvid/fake/VEO3/2e82b74e-858c-583c-8dd6-a3be0a442f07.mp4,comgenvid,annotated,VEO3,vatex_5000_video256,feature_change
comgenvid:datasets/comgenvid/fake/VEO3/2e8c3bc7-7baa-557f-a1c2-ae2f65c4b446.mp4,comgenvid,annotated,VEO3,vatex_5000_video256,feature_change
comgenvid:datasets/comgenvid/fake/VEO3/2e9537c0-05a3-5e81-a5b0-811c8b97c6a0.mp4,comgenvid,annotated,VEO3,vatex_5000_video256,feature_change
comgenvid:datasets/comgenvid/fake/VEO3/2eabc558-fef1-59cd-b933-818029058ebf.mp4,comgenvid,annotated,VEO3,vatex_5000_video256,feature_change
comgenvid:datasets/comgenvid/fake/VEO3/2ec48443-271e-58a7-a110-d26c5e3affec.mp4,comgenvid,annotated,VEO3,vatex_5000_video256,feature_change
comgenvid:datasets/comgenvid/fake/VEO3/2eca8773-bde5-5c3e-80b2-14622f34d23e.mp4,comgenvid,annotated,VEO3,vatex_5000_video256,feature_change
comgenvid:datasets/comgenvid/fake/VEO3/2f62414f-11cf-5f16-823a-5fe6cc420492.mp4,comgenvid,annotated,VEO3,vatex_5000_video256,feature_change
comgenvid:datasets/comgenvid/fake/VEO3/2f64a2d6-6771-5563-b3d8-a204dac9be6c.mp4,comgenvid,annotated,VEO3,vatex_5000_video256,feature_change
comgenvid:datasets/comgenvid/fake/VEO3/2f6e8ca1-84ff-5020-88cb-e115b80cc661.mp4,comgenvid,annotated,VEO3,vatex_5000_video256,feature_change
comgenvid:datasets/comgenvid/fake/VEO3/2fa6ac0c-0dd6-52f8-824f-7eba736f062a.mp4,comgenvid,annotated,VEO3,vatex_5000_video256,feature_change
comgenvid:datasets/comgenvid/fake/VEO3/2faf42af-9488-580b-83b3-a8d1b020b23d.mp4,comgenvid,annotated,VEO3,vatex_5000_video256,feature_change
comgenvid:datasets/comgenvid/fake/VEO3/2ffbf069-7057-57d2-aac8-cd2493f9e549.mp4,comgenvid,annotated,VEO3,vatex_5000_video256,feature_change
comgenvid:datasets/comgenvid/fake/VEO3/30166aeb-d812-5d88-8187-6914dd18664f.mp4,comgenvid,annotated,VEO3,vatex_5000_video256,feature_change
comgenvid:datasets/comgenvid/fake/VEO3/30839fab-443c-5abc-ad13-95c0277a5978.mp4,comgenvid,annotated,VEO3,vatex_5000_video256,feature_change
comgenvid:datasets/comgenvid/fake/VEO3/30904bc3-a47e-5d60-8001-ac02e217830f.mp4,comgenvid,annotated,VEO3,vatex_5000_video256,feature_change
comgenvid:datasets/comgenvid/fake/VEO3/30916364-cf46-5995-968e-6c4878b67e52.mp4,comgenvid,annotated,VEO3,vatex_5000_video256,feature_change
comgenvid:datasets/comgenvid/fake/VEO3/3096cf20-cd88-5b4d-bea6-61746776ff67.mp4,comgenvid,annotated,VEO3,vatex_5000_video256,feature_change
comgenvid:datasets/comgenvid/fake/VEO3/309f6373-34f7-5316-842d-f235b38cc475.mp4,comgenvid,annotated,VEO3,vatex_5000_video256,feature_change
comgenvid:datasets/comgenvid/fake/VEO3/310c026f-b275-5151-8ccc-ecb4310cdfac.mp4,comgenvid,annotated,VEO3,vatex_5000_video256,feature_change
comgenvid:datasets/comgenvid/fake/VEO3/31447147-a3c3-5957-974c-536146657116.mp4,comgenvid,annotated,VEO3,vatex_5000_video256,feature_change
comgenvid:datasets/comgenvid/fake/VEO3/319213d0-12dc-50ff-b926-fa4f9ed610c6.mp4,comgenvid,annotated,VEO3,vatex_5000_video256,feature_change
comgenvid:datasets/comgenvid/fake/VEO3/3199f3e0-902a-5d87-99bd-ef7be60af6c0.mp4,comgenvid,annotated,VEO3,vatex_5000_video256,feature_change
comgenvid:datasets/comgenvid/fake/VEO3/31dc3556-ea23-5f40-8cbd-e630921a1939.mp4,comgenvid,annotated,VEO3,vatex_5000_video256,feature_change
comgenvid:datasets/comgenvid/fake/VEO3/31e2d34e-ebbc-5775-b4e3-5f4602b156d9.mp4,comgenvid,annotated,VEO3,vatex_5000_video256,feature_change
comgenvid:datasets/comgenvid/fake/VEO3/31f40288-a373-5e7b-b4b3-3120331a549c.mp4,comgenvid,annotated,VEO3,vatex_5000_video256,feature_change
comgenvid:datasets/comgenvid/fake/VEO3/3267d3cf-bd21-54cc-8975-5c6dd4c5aad8.mp4,comgenvid,annotated,VEO3,vatex_5000_video256,feature_change
comgenvid:datasets/comgenvid/fake/VEO3/3276ae42-4d4f-5319-94ec-b1ec381729cd.mp4,comgenvid,annotated,VEO3,vatex_5000_video256,feature_change
comgenvid:datasets/comgenvid/fake/VEO3/327ac06b-6561-5516-805f-1d094301a942.mp4,comgenvid,annotated,VEO3,vatex_5000_video256,feature_change
comgenvid:datasets/comgenvid/fake/VEO3/32c34f36-65d5-5296-bb2e-b2a2029c9431.mp4,comgenvid,annotated,VEO3,vatex_5000_video256,feature_change
comgenvid:datasets/comgenvid/fake/VEO3/33553aa0-0ded-581c-be64-a52001213cb1.mp4,comgenvid,annotated,VEO3,vatex_5000_video256,feature_change
comgenvid:datasets/comgenvid/fake/VEO3/335e687c-ddf5-55f9-8e91-1cf80322aeac.mp4,comgenvid,annotated,VEO3,vatex_5000_video256,feature_change
comgenvid:datasets/comgenvid/fake/VEO3/337a8cbd-e5b4-588a-8de6-c323896d12b4.mp4,comgenvid,annotated,VEO3,vatex_5000_video256,feature_change
comgenvid:datasets/comgenvid/fake/VEO3/339cf2f7-6310-5984-b134-48f5690e5554.mp4,comgenvid,annotated,VEO3,vatex_5000_video256,feature_change
comgenvid:datasets/comgenvid/fake/VEO3/33a128d4-afcf-55f5-ab5a-58674c923412.mp4,comgenvid,annotated,VEO3,vatex_5000_video256,feature_change
comgenvid:datasets/comgenvid/fake/VEO3/33f65f0f-da58-5603-8d82-cb298b08064d.mp4,comgenvid,annotated,VEO3,vatex_5000_video256,feature_change
comgenvid:datasets/comgenvid/fake/VEO3/341d2a27-7f69-5f90-97ce-079df1d31d10.mp4,comgenvid,annotated,VEO3,vatex_5000_video256,feature_change
comgenvid:datasets/comgenvid/fake/VEO3/34420b89-8c35-560b-b4ca-8c3fd7c5e9fd.mp4,comgenvid,annotated,VEO3,vatex_5000_video256,feature_change
comgenvid:datasets/comgenvid/fake/VEO3/34976313-a42b-54c1-a63c-ef597dd00afa.mp4,comgenvid,annotated,VEO3,vatex_5000_video256,feature_change
comgenvid:datasets/comgenvid/fake/VEO3/349adbe2-4eaf-5191-905a-dd164b629714.mp4,comgenvid,annotated,VEO3,vatex_5000_video256,feature_change
comgenvid:datasets/comgenvid/fake/VEO3/34cc20ca-155a-500f-93cf-c312e643255c.mp4,comgenvid,annotated,VEO3,vatex_5000_video256,feature_change
comgenvid:datasets/comgenvid/fake/VEO3/34cfa861-b728-53cb-a082-7d3108cfd894.mp4,comgenvid,annotated,VEO3,vatex_5000_video256,feature_change
comgenvid:datasets/comgenvid/fake/VEO3/358aa30f-48c7-5f18-8f33-23610df9fc3f.mp4,comgenvid,annotated,VEO3,vatex_5000_video256,feature_change
comgenvid:datasets/comgenvid/fake/VEO3/35b398c7-c1db-5293-a0e6-93574e29f1c6.mp4,comgenvid,annotated,VEO3,vatex_5000_video256,feature_change
comgenvid:datasets/comgenvid/fake/VEO3/35f103ff-0af7-575f-b08c-98ad67a75e67.mp4,comgenvid,annotated,VEO3,vatex_5000_video256,feature_change
comgenvid:datasets/comgenvid/fake/VEO3/35f79e50-a91d-5edf-ad0b-509a4f95243f.mp4,comgenvid,annotated,VEO3,vatex_5000_video256,feature_change
comgenvid:datasets/comgenvid/fake/VEO3/3665cc33-db98-55db-966d-af26e24d1acc.mp4,comgenvid,annotated,VEO3,vatex_5000_video256,feature_change
comgenvid:datasets/comgenvid/fake/VEO3/3666bb35-a156-5baf-9c8f-ceaa573e47af.mp4,comgenvid,annotated,VEO3,vatex_5000_video256,feature_change
comgenvid:datasets/comgenvid/fake/VEO3/366edb75-ec5b-5b34-81cd-73cf8ac53641.mp4,comgenvid,annotated,VEO3,vatex_5000_video256,feature_change
comgenvid:datasets/comgenvid/fake/VEO3/36bc5059-8b4f-514e-9249-cffd6c281f4a.mp4,comgenvid,annotated,VEO3,vatex_5000_video256,feature_change
comgenvid:datasets/comgenvid/fake/VEO3/36dbb225-f842-5eef-adb7-aad108a0c5c4.mp4,comgenvid,annotated,VEO3,vatex_5000_video256,feature_change
comgenvid:datasets/comgenvid/fake/VEO3/36ee4e28-8b72-5b1c-a46d-a51942985529.mp4,comgenvid,annotated,VEO3,vatex_5000_video256,feature_change
comgenvid:datasets/comgenvid/fake/VEO3/36f0ceb2-e27b-50ae-8d4d-827a1d8cff33.mp4,comgenvid,annotated,VEO3,vatex_5000_video256,feature_change
comgenvid:datasets/comgenvid/fake/VEO3/370df03c-94f4-5b33-85f0-7ef0dfd75291.mp4,comgenvid,annotated,VEO3,vatex_5000_video256,feature_change
comgenvid:datasets/comgenvid/fake/VEO3/374cc2c0-8de8-5a30-bb35-7e21ca327071.mp4,comgenvid,annotated,VEO3,vatex_5000_video256,feature_change
comgenvid:datasets/comgenvid/fake/VEO3/37521597-2ead-5546-b18c-ef3bdbe72bea.mp4,comgenvid,annotated,VEO3,vatex_5000_video256,feature_change
comgenvid:datasets/comgenvid/fake/VEO3/37c6ad3d-adfe-5fa8-b80c-901040b755b2.mp4,comgenvid,annotated,VEO3,vatex_5000_video256,feature_change
comgenvid:datasets/comgenvid/fake/VEO3/37f9715a-87f9-50d0-85ca-d3d1f03451ba.mp4,comgenvid,annotated,VEO3,vatex_5000_video256,feature_change
comgenvid:datasets/comgenvid/fake/VEO3/38736f34-47c5-522d-97a1-7aef6eed627a.mp4,comgenvid,annotated,VEO3,vatex_5000_video256,feature_change
comgenvid:datasets/comgenvid/fake/VEO3/38bff19a-60e1-5b88-9a8f-1b308a2cb5df.mp4,comgenvid,annotated,VEO3,vatex_5000_video256,feature_change
comgenvid:datasets/comgenvid/fake/VEO3/38c68429-8f72-54b3-b219-2626714b8975.mp4,comgenvid,annotated,VEO3,vatex_5000_video256,feature_change
comgenvid:datasets/comgenvid/fake/VEO3/38cc2f33-4926-5886-a03d-32f950d3a467.mp4,comgenvid,annotated,VEO3,vatex_5000_video256,feature_change
comgenvid:datasets/comgenvid/fake/VEO3/39b19ed9-ad50-5f89-8b25-eda684181a8b.mp4,comgenvid,annotated,VEO3,vatex_5000_video256,feature_change
comgenvid:datasets/comgenvid/fake/VEO3/39bb1147-8876-5038-94a4-cdb5b8406962.mp4,comgenvid,annotated,VEO3,vatex_5000_video256,feature_change
comgenvid:datasets/comgenvid/fake/VEO3/39c729bc-a692-5c8d-b322-a1e5a4789677.mp4,comgenvid,annotated,VEO3,vatex_5000_video256,feature_change
comgenvid:datasets/comgenvid/fake/VEO3/39d555de-8f70-5ae5-8612-0f85ea4aea56.mp4,comgenvid,annotated,VEO3,vatex_5000_video256,feature_change
comgenvid:datasets/comgenvid/fake/VEO3/3a05a2c7-03d1-50e0-9321-c6001ef55aab.mp4,comgenvid,annotated,VEO3,vatex_5000_video256,feature_change
comgenvid:datasets/comgenvid/fake/VEO3/3a36d8d0-3ff9-5124-b1c6-9ec717e4b972.mp4,comgenvid,annotated,VEO3,vatex_5000_video256,feature_change
comgenvid:datasets/comgenvid/fake/VEO3/3a76b2c8-2d0e-58b8-84f5-b1340168bc39.mp4,comgenvid,annotated,VEO3,vatex_5000_video256,feature_change
comgenvid:datasets/comgenvid/fake/VEO3/3aac3b40-7b3e-5646-bff1-1aa8e457bfbb.mp4,comgenvid,annotated,VEO3,vatex_5000_video256,feature_change
comgenvid:datasets/comgenvid/fake/VEO3/3b7b5a33-0d48-552d-9b14-2d65f5f17559.mp4,comgenvid,annotated,VEO3,vatex_5000_video256,feature_change
comgenvid:datasets/comgenvid/fake/VEO3/3bac398c-03e0-5480-8bdc-efff2b4fc313.mp4,comgenvid,annotated,VEO3,vatex_5000_video256,feature_change
comgenvid:datasets/comgenvid/fake/VEO3/3bc18726-25cb-58d1-b490-49a09e5a8ff5.mp4,comgenvid,annotated,VEO3,vatex_5000_video256,feature_change
comgenvid:datasets/comgenvid/fake/VEO3/3bc4ef6a-b0cb-5f6b-a256-63670f345f3c.mp4,comgenvid,annotated,VEO3,vatex_5000_video256,feature_change
comgenvid:datasets/comgenvid/fake/VEO3/3bc5a2fc-a02e-5b98-be63-71e6528db5bc.mp4,comgenvid,annotated,VEO3,vatex_5000_video256,feature_change
comgenvid:datasets/comgenvid/fake/VEO3/3c1f5970-10ca-5eec-81b2-3ee1e80236f6.mp4,comgenvid,annotated,VEO3,vatex_5000_video256,feature_change
comgenvid:datasets/comgenvid/fake/VEO3/3c4d0c22-b71d-5c69-8ca3-b74294c34b54.mp4,comgenvid,annotated,VEO3,vatex_5000_video256,feature_change
comgenvid:datasets/comgenvid/fake/VEO3/3c863a77-e3c9-55ae-8614-f6af7237253b.mp4,comgenvid,annotated,VEO3,vatex_5000_video256,feature_change
comgenvid:datasets/comgenvid/fake/VEO3/3ca97429-36a3-527b-bd5e-66c32d209191.mp4,comgenvid,annotated,VEO3,vatex_5000_video256,feature_change
comgenvid:datasets/comgenvid/fake/VEO3/3cd221c7-07a7-56c3-9dc0-55ba574a8bcf.mp4,comgenvid,annotated,VEO3,vatex_5000_video256,feature_change
comgenvid:datasets/comgenvid/fake/VEO3/3cf0ac4d-d596-556d-aa1f-e1f826f75749.mp4,comgenvid,annotated,VEO3,vatex_5000_video256,feature_change
comgenvid:datasets/comgenvid/fake/VEO3/3d09d436-f82d-5354-bcac-e2c3d798f511.mp4,comgenvid,annotated,VEO3,vatex_5000_video256,feature_change
comgenvid:datasets/comgenvid/fake/VEO3/3d171507-b9ca-52f3-90bf-57804c10d1d0.mp4,comgenvid,annotated,VEO3,vatex_5000_video256,feature_change
comgenvid:datasets/comgenvid/fake/VEO3/3d1af3d0-c854-5d23-ba67-1f0c5dc3aeba.mp4,comgenvid,annotated,VEO3,vatex_5000_video256,feature_change
comgenvid:datasets/comgenvid/fake/VEO3/3d57c2cc-b4d1-5441-982e-0c9b6199d17e.mp4,comgenvid,annotated,VEO3,vatex_5000_video256,feature_change
comgenvid:datasets/comgenvid/fake/VEO3/3dcbf69c-94e7-5803-b8cc-c2a13ddfa2db.mp4,comgenvid,annotated,VEO3,vatex_5000_video256,feature_change
comgenvid:datasets/comgenvid/fake/VEO3/3e163358-3eec-55b7-88de-16233ad4df85.mp4,comgenvid,annotated,VEO3,vatex_5000_video256,feature_change
comgenvid:datasets/comgenvid/fake/VEO3/3e393a96-4f66-5318-8dd6-e4e64061e7a5.mp4,comgenvid,annotated,VEO3,vatex_5000_video256,feature_change
comgenvid:datasets/comgenvid/fake/VEO3/3e87afd4-ac33-54c2-924c-60ca82cb38a4.mp4,comgenvid,annotated,VEO3,vatex_5000_video256,feature_change
comgenvid:datasets/comgenvid/fake/VEO3/3e897f1e-3142-5c2c-a956-275a9a3e0908.mp4,comgenvid,annotated,VEO3,vatex_5000_video256,feature_change
comgenvid:datasets/comgenvid/fake/VEO3/3eb3f616-db44-59c3-a9b5-585a52737d39.mp4,comgenvid,annotated,VEO3,vatex_5000_video256,feature_change
comgenvid:datasets/comgenvid/fake/VEO3/3eb480a5-26c1-557d-8c43-5bacd87ab96c.mp4,comgenvid,annotated,VEO3,vatex_5000_video256,feature_change
comgenvid:datasets/comgenvid/fake/VEO3/3ed23989-fd4b-5d23-bbbe-8d965bd2c689.mp4,comgenvid,annotated,VEO3,vatex_5000_video256,feature_change
comgenvid:datasets/comgenvid/fake/VEO3/3efddc3d-9ed0-5a83-9916-fb3168447bed.mp4,comgenvid,annotated,VEO3,vatex_5000_video256,feature_change
comgenvid:datasets/comgenvid/fake/VEO3/3f24f16d-b7f3-5da7-9ba5-a02b7304e599.mp4,comgenvid,annotated,VEO3,vatex_5000_video256,feature_change
comgenvid:datasets/comgenvid/fake/VEO3/3f56ad96-17ab-59b7-bf17-3f6103b5dbff.mp4,comgenvid,annotated,VEO3,vatex_5000_video256,feature_change
comgenvid:datasets/comgenvid/fake/VEO3/3f659109-e913-5941-b0b3-e049006cf1c8.mp4,comgenvid,annotated,VEO3,vatex_5000_video256,feature_change
comgenvid:datasets/comgenvid/fake/VEO3/3f68a033-b97e-5536-b800-37bd65bea289.mp4,comgenvid,annotated,VEO3,vatex_5000_video256,feature_change
comgenvid:datasets/comgenvid/fake/VEO3/3f9f7d1a-995c-5d45-bfc3-d652e1e5f92e.mp4,comgenvid,annotated,VEO3,vatex_5000_video256,feature_change
comgenvid:datasets/comgenvid/fake/VEO3/3fb5404b-0f8f-570b-9428-f651d798ce40.mp4,comgenvid,annotated,VEO3,vatex_5000_video256,feature_change
comgenvid:datasets/comgenvid/fake/VEO3/3fc4f71c-97eb-58f5-b30e-24b4930922fa.mp4,comgenvid,annotated,VEO3,vatex_5000_video256,feature_change
comgenvid:datasets/comgenvid/fake/VEO3/3fce3a34-d041-5a0f-9c58-4efcfce0ce29.mp4,comgenvid,annotated,VEO3,vatex_5000_video256,feature_change
comgenvid:datasets/comgenvid/fake/VEO3/400ca3c8-b7d2-561f-90e1-fc4665149368.mp4,comgenvid,annotated,VEO3,vatex_5000_video256,feature_change
comgenvid:datasets/comgenvid/fake/VEO3/402e8fa2-4219-53d5-9600-61fc49e37463.mp4,comgenvid,annotated,VEO3,vatex_5000_video256,feature_change
comgenvid:datasets/comgenvid/fake/VEO3/40405e03-4897-51f5-89bf-0067a2d5f356.mp4,comgenvid,annotated,VEO3,vatex_5000_video256,feature_change
comgenvid:datasets/comgenvid/fake/VEO3/404c8384-65b1-5757-9639-7ee8faeff372.mp4,comgenvid,annotated,VEO3,vatex_5000_video256,feature_change
comgenvid:datasets/comgenvid/fake/VEO3/405daae0-87ee-52f8-a0bb-0dde8af61425.mp4,comgenvid,annotated,VEO3,vatex_5000_video256,feature_change
comgenvid:datasets/comgenvid/fake/VEO3/40899610-6eb2-52ff-beaa-a7e7dbc5cbbb.mp4,comgenvid,annotated,VEO3,vatex_5000_video256,feature_change
comgenvid:datasets/comgenvid/fake/VEO3/4091e18e-d785-51b3-9431-9d6624a0f4a5.mp4,comgenvid,annotated,VEO3,vatex_5000_video256,feature_change
comgenvid:datasets/comgenvid/fake/VEO3/40e7163c-b5f9-5bcc-8a5e-f77a9ba1459e.mp4,comgenvid,annotated,VEO3,vatex_5000_video256,feature_change
comgenvid:datasets/comgenvid/fake/VEO3/40ed0071-93e3-5fda-9095-326ce0b4dfc7.mp4,comgenvid,annotated,VEO3,vatex_5000_video256,feature_change
comgenvid:datasets/comgenvid/fake/VEO3/41739376-f027-528e-b854-26edaa2f154e.mp4,comgenvid,annotated,VEO3,vatex_5000_video256,feature_change
comgenvid:datasets/comgenvid/fake/VEO3/41adc91f-c7b0-5a68-894b-fb0d72a756a5.mp4,comgenvid,annotated,VEO3,vatex_5000_video256,feature_change
comgenvid:datasets/comgenvid/fake/VEO3/41bd18db-945a-55a1-9d59-c6c710ca0f83.mp4,comgenvid,annotated,VEO3,vatex_5000_video256,feature_change
comgenvid:datasets/comgenvid/fake/VEO3/420094d0-4bc3-5c1f-8c90-008487fffa4d.mp4,comgenvid,annotated,VEO3,vatex_5000_video256,feature_change
comgenvid:datasets/comgenvid/fake/VEO3/4236f0df-05c7-505d-aa65-35b93b8e4b31.mp4,comgenvid,annotated,VEO3,vatex_5000_video256,feature_change
comgenvid:datasets/comgenvid/fake/VEO3/424a133e-dc09-5cd3-a743-1ad11f15557f.mp4,comgenvid,annotated,VEO3,vatex_5000_video256,feature_change
comgenvid:datasets/comgenvid/fake/VEO3/42699ded-7cd9-51b7-a2e7-9c7edfdf4810.mp4,comgenvid,annotated,VEO3,vatex_5000_video256,feature_change
comgenvid:datasets/comgenvid/fake/VEO3/426f91ce-8482-5f8f-8bdf-0ab3e845704d.mp4,comgenvid,annotated,VEO3,vatex_5000_video256,feature_change
comgenvid:datasets/comgenvid/fake/VEO3/4276d7ce-f3a4-54af-9ca6-c34e444ed2c8.mp4,comgenvid,annotated,VEO3,vatex_5000_video256,feature_change
comgenvid:datasets/comgenvid/fake/VEO3/4283e250-ca0a-5541-8fe3-f838205f37c4.mp4,comgenvid,annotated,VEO3,vatex_5000_video256,feature_change
comgenvid:datasets/comgenvid/fake/VEO3/42a6716c-dec4-595d-a3ad-b21a5c740d18.mp4,comgenvid,annotated,VEO3,vatex_5000_video256,feature_change
comgenvid:datasets/comgenvid/fake/VEO3/42cde357-e97e-57c4-aa84-1153cb038c6d.mp4,comgenvid,annotated,VEO3,vatex_5000_video256,feature_change
comgenvid:datasets/comgenvid/fake/VEO3/42cfb21b-4c0a-5bcd-ace5-23e112f6c730.mp4,comgenvid,annotated,VEO3,vatex_5000_video256,feature_change
comgenvid:datasets/comgenvid/fake/VEO3/42e9000a-5737-5ae5-b6d2-0281bfc4b767.mp4,comgenvid,annotated,VEO3,vatex_5000_video256,feature_change
comgenvid:datasets/comgenvid/fake/VEO3/4324653e-6b3d-567c-992b-cf038987a9c2.mp4,comgenvid,annotated,VEO3,vatex_5000_video256,feature_change
comgenvid:datasets/comgenvid/fake/VEO3/4328d703-a14a-580b-a1a5-fe4260f0b66e.mp4,comgenvid,annotated,VEO3,vatex_5000_video256,feature_change
comgenvid:datasets/comgenvid/fake/VEO3/43ea87df-5bb9-53b9-bb3d-aeeef9f076c5.mp4,comgenvid,annotated,VEO3,vatex_5000_video256,feature_change
comgenvid:datasets/comgenvid/fake/VEO3/43f9afd9-a2eb-567a-8202-c6b85f6f971f.mp4,comgenvid,annotated,VEO3,vatex_5000_video256,feature_change
comgenvid:datasets/comgenvid/fake/VEO3/444c0c4a-0e66-5941-bd84-d28c474240e8.mp4,comgenvid,annotated,VEO3,vatex_5000_video256,feature_change
comgenvid:datasets/comgenvid/fake/VEO3/44593172-f6a7-5b4f-a2f6-bdf04a2f59cb.mp4,comgenvid,annotated,VEO3,vatex_5000_video256,feature_change
comgenvid:datasets/comgenvid/fake/VEO3/445b4882-ac71-5508-a011-06d0b8ffd8dd.mp4,comgenvid,annotated,VEO3,vatex_5000_video256,feature_change
comgenvid:datasets/comgenvid/fake/VEO3/446c7b76-db57-5616-a5da-8a84701fbcf8.mp4,comgenvid,annotated,VEO3,vatex_5000_video256,feature_change
comgenvid:datasets/comgenvid/fake/VEO3/446d9e8f-ae5e-5b3e-8f3e-7d0cb7859506.mp4,comgenvid,annotated,VEO3,vatex_5000_video256,feature_change
comgenvid:datasets/comgenvid/fake/VEO3/446e962a-cce0-5690-9c7c-b640ee580e13.mp4,comgenvid,annotated,VEO3,vatex_5000_video256,feature_change
comgenvid:datasets/comgenvid/fake/VEO3/449ae50c-d948-5fc0-8b36-679f9457a50c.mp4,comgenvid,annotated,VEO3,vatex_5000_video256,feature_change
comgenvid:datasets/comgenvid/fake/VEO3/44ac798f-76db-5bbd-bed6-8693f6774b30.mp4,comgenvid,annotated,VEO3,vatex_5000_video256,feature_change
comgenvid:datasets/comgenvid/fake/VEO3/44ad6e33-2b9c-5d52-9f24-4810384abf89.mp4,comgenvid,annotated,VEO3,vatex_5000_video256,feature_change
comgenvid:datasets/comgenvid/fake/VEO3/44e326bf-9060-5de8-864c-4289cbb63067.mp4,comgenvid,annotated,VEO3,vatex_5000_video256,feature_change
comgenvid:datasets/comgenvid/fake/VEO3/44e9bc02-502f-5581-b1cf-a6f8d1a7caa5.mp4,comgenvid,annotated,VEO3,vatex_5000_video256,feature_change
comgenvid:datasets/comgenvid/fake/VEO3/451527ee-26e7-5da2-a4a9-d2a9c624431f.mp4,comgenvid,annotated,VEO3,vatex_5000_video256,feature_change
comgenvid:datasets/comgenvid/fake/VEO3/45378602-e916-5d06-88bf-8f11b7a978a6.mp4,comgenvid,annotated,VEO3,vatex_5000_video256,feature_change
comgenvid:datasets/comgenvid/fake/VEO3/4544bf4b-5773-5944-8549-6272cf1784c1.mp4,comgenvid,annotated,VEO3,vatex_5000_video256,feature_change
comgenvid:datasets/comgenvid/fake/VEO3/45451c1e-85cf-57fe-afe4-52fffc36f8bc.mp4,comgenvid,annotated,VEO3,vatex_5000_video256,feature_change
comgenvid:datasets/comgenvid/fake/VEO3/4550f6ca-2058-5c8d-8a2c-84fc1d6ccf9e.mp4,comgenvid,annotated,VEO3,vatex_5000_video256,feature_change
comgenvid:datasets/comgenvid/fake/VEO3/4576e489-3b7c-5228-aca7-5726bfd534b7.mp4,comgenvid,annotated,VEO3,vatex_5000_video256,feature_change
comgenvid:datasets/comgenvid/fake/VEO3/457c920e-afa0-5f45-bd50-399594d29ebe.mp4,comgenvid,annotated,VEO3,vatex_5000_video256,feature_change
comgenvid:datasets/comgenvid/fake/VEO3/45b81871-9445-58c6-9a94-16312576c378.mp4,comgenvid,annotated,VEO3,vatex_5000_video256,feature_change
comgenvid:datasets/comgenvid/fake/VEO3/461b2ba8-48fe-5477-ad13-c1ce3e57eb59.mp4,comgenvid,annotated,VEO3,vatex_5000_video256,feature_change
comgenvid:datasets/comgenvid/fake/VEO3/463f241e-f62d-5602-b481-24fdc4420e1f.mp4,comgenvid,annotated,VEO3,vatex_5000_video256,feature_change
comgenvid:datasets/comgenvid/fake/VEO3/467b5fdb-0be4-59e0-b7f6-4921beb60f2d.mp4,comgenvid,annotated,VEO3,vatex_5000_video256,feature_change
comgenvid:datasets/comgenvid/fake/VEO3/469332fc-383e-5570-9d14-b7c88c0e0107.mp4,comgenvid,annotated,VEO3,vatex_5000_video256,feature_change
comgenvid:datasets/comgenvid/fake/VEO3/46fb802c-91ce-5d77-a6a9-d2d89a890ac0.mp4,comgenvid,annotated,VEO3,vatex_5000_video256,feature_change
comgenvid:datasets/comgenvid/fake/VEO3/4704dade-8725-5bd2-9c81-0f073d5bd539.mp4,comgenvid,annotated,VEO3,vatex_5000_video256,feature_change
comgenvid:datasets/comgenvid/fake/VEO3/478e8c11-ea2c-5227-8383-d890ffe5d6a4.mp4,comgenvid,annotated,VEO3,vatex_5000_video256,feature_change
comgenvid:datasets/comgenvid/fake/VEO3/47945887-841d-5b63-b38e-cd5ab3714ce3.mp4,comgenvid,annotated,VEO3,vatex_5000_video256,feature_change
comgenvid:datasets/comgenvid/fake/VEO3/47a89d29-e8b3-5169-bb5b-b8be2cd4bdb1.mp4,comgenvid,annotated,VEO3,vatex_5000_video256,feature_change
comgenvid:datasets/comgenvid/fake/VEO3/47b28840-e631-5f98-ac5e-fda90e9c16d6.mp4,comgenvid,annotated,VEO3,vatex_5000_video256,feature_change
comgenvid:datasets/comgenvid/fake/VEO3/47cdd8cb-c4f6-58ee-8b52-d21803fea04d.mp4,comgenvid,annotated,VEO3,vatex_5000_video256,feature_change
comgenvid:datasets/comgenvid/fake/VEO3/481275f0-26c5-5970-b0c9-ed104654c2eb.mp4,comgenvid,annotated,VEO3,vatex_5000_video256,feature_change
comgenvid:datasets/comgenvid/fake/VEO3/48151f5a-dc1d-51b0-a669-e8d266192e9c.mp4,comgenvid,annotated,VEO3,vatex_5000_video256,feature_change
comgenvid:datasets/comgenvid/fake/VEO3/485037e7-b7c8-5293-8279-911175068cfe.mp4,comgenvid,annotated,VEO3,vatex_5000_video256,feature_change
comgenvid:datasets/comgenvid/fake/VEO3/485ed724-de14-53f3-986b-b4c6502753fa.mp4,comgenvid,annotated,VEO3,vatex_5000_video256,feature_change
comgenvid:datasets/comgenvid/fake/VEO3/48747a00-9fb7-5eed-bcfb-ddd650147f70.mp4,comgenvid,annotated,VEO3,vatex_5000_video256,feature_change
comgenvid:datasets/comgenvid/fake/VEO3/487e027e-3979-53ef-9c31-d1fd65a25472.mp4,comgenvid,annotated,VEO3,vatex_5000_video256,feature_change
comgenvid:datasets/comgenvid/fake/VEO3/488c8f21-f2c6-56c4-9c6a-3fe4143c8497.mp4,comgenvid,annotated,VEO3,vatex_5000_video256,feature_change
comgenvid:datasets/comgenvid/fake/VEO3/48bb3dd0-3be0-522a-bb04-cec30e48c327.mp4,comgenvid,annotated,VEO3,vatex_5000_video256,feature_change
comgenvid:datasets/comgenvid/fake/VEO3/4939f019-3235-5188-883a-b5e33c0c8802.mp4,comgenvid,annotated,VEO3,vatex_5000_video256,feature_change
comgenvid:datasets/comgenvid/fake/VEO3/49777ee1-f029-51cf-b281-4c74f9481e74.mp4,comgenvid,annotated,VEO3,vatex_5000_video256,feature_change
comgenvid:datasets/comgenvid/fake/VEO3/49adcc49-96b2-5dd0-bf5c-f56d6794bb1e.mp4,comgenvid,annotated,VEO3,vatex_5000_video256,feature_change
comgenvid:datasets/comgenvid/fake/VEO3/49b162ed-7652-5f3d-8f80-dc0eb50e60e1.mp4,comgenvid,annotated,VEO3,vatex_5000_video256,feature_change
comgenvid:datasets/comgenvid/fake/VEO3/49c047e5-1100-5c6e-b6fd-83ac6b305488.mp4,comgenvid,annotated,VEO3,vatex_5000_video256,feature_change
comgenvid:datasets/comgenvid/fake/VEO3/49f869df-76fb-5622-9133-119e9ca1f1eb.mp4,comgenvid,annotated,VEO3,vatex_5000_video256,feature_change
comgenvid:datasets/comgenvid/fake/VEO3/4a33301f-6c24-56d5-a994-5d337d699efe.mp4,comgenvid,annotated,VEO3,vatex_5000_video256,feature_change
comgenvid:datasets/comgenvid/fake/VEO3/4a61eb28-fd6e-5c65-892d-8877359dddff.mp4,comgenvid,annotated,VEO3,vatex_5000_video256,feature_change
comgenvid:datasets/comgenvid/fake/VEO3/4a710454-220c-5623-8878-5c3ceb4e9459.mp4,comgenvid,annotated,VEO3,vatex_5000_video256,feature_change
comgenvid:datasets/comgenvid/fake/VEO3/4a7dc4d3-f87c-5944-b048-009743e3251c.mp4,comgenvid,annotated,VEO3,vatex_5000_video256,feature_change
comgenvid:datasets/comgenvid/fake/VEO3/4ab10afe-8bca-50f9-babe-4a1e71738469.mp4,comgenvid,annotated,VEO3,vatex_5000_video256,feature_change
comgenvid:datasets/comgenvid/fake/VEO3/4aeba744-3e93-55e0-9726-81f671448960.mp4,comgenvid,annotated,VEO3,vatex_5000_video256,feature_change
comgenvid:datasets/comgenvid/fake/VEO3/4b0443a0-f4f6-5139-b7f5-8bc11659abaf.mp4,comgenvid,annotated,VEO3,vatex_5000_video256,feature_change
comgenvid:datasets/comgenvid/fake/VEO3/4b3fba49-c069-5cf9-bf85-7f303dbb912e.mp4,comgenvid,annotated,VEO3,vatex_5000_video256,feature_change
comgenvid:datasets/comgenvid/fake/VEO3/4b4e2890-ec9a-52c8-8222-38eb835b77e2.mp4,comgenvid,annotated,VEO3,vatex_5000_video256,feature_change
comgenvid:datasets/comgenvid/fake/VEO3/4b5a659f-7210-528c-9354-fc977eb9696f.mp4,comgenvid,annotated,VEO3,vatex_5000_video256,feature_change
comgenvid:datasets/comgenvid/fake/VEO3/4bb7249d-ebd1-5844-9a94-02884d9ddaaa.mp4,comgenvid,annotated,VEO3,vatex_5000_video256,feature_change
comgenvid:datasets/comgenvid/fake/VEO3/4bf46bd8-dd24-5719-9255-fafbee97fc5a.mp4,comgenvid,annotated,VEO3,vatex_5000_video256,feature_change
comgenvid:datasets/comgenvid/fake/VEO3/4bfbf5c7-31a0-5baa-8a29-a5864c94444a.mp4,comgenvid,annotated,VEO3,vatex_5000_video256,feature_change
comgenvid:datasets/comgenvid/fake/VEO3/4bfc2adf-67d4-50bd-8c9d-9e6868769cd4.mp4,comgenvid,annotated,VEO3,vatex_5000_video256,feature_change
comgenvid:datasets/comgenvid/fake/VEO3/4c020cab-91ce-58f7-ae94-204581287680.mp4,comgenvid,annotated,VEO3,vatex_5000_video256,feature_change
comgenvid:datasets/comgenvid/fake/VEO3/4c07000c-10cd-554a-964b-11da7d8ee0ed.mp4,comgenvid,annotated,VEO3,vatex_5000_video256,feature_change
comgenvid:datasets/comgenvid/fake/VEO3/4c19864d-df06-537f-b20f-745bd68ccb8f.mp4,comgenvid,annotated,VEO3,vatex_5000_video256,feature_change
comgenvid:datasets/comgenvid/fake/VEO3/4c1ea58b-bd7c-524d-9bd6-a8be0a085843.mp4,comgenvid,annotated,VEO3,vatex_5000_video256,feature_change
comgenvid:datasets/comgenvid/fake/VEO3/4c1fc779-9825-514c-98ff-b8aba2aadcd3.mp4,comgenvid,annotated,VEO3,vatex_5000_video256,feature_change
comgenvid:datasets/comgenvid/fake/VEO3/4c5835f5-f7de-5eb5-82c5-5d3cc8580d09.mp4,comgenvid,annotated,VEO3,vatex_5000_video256,feature_change
comgenvid:datasets/comgenvid/fake/VEO3/4c8f81f7-ce40-5d2c-bf13-4bacbe2b55c7.mp4,comgenvid,annotated,VEO3,vatex_5000_video256,feature_change
comgenvid:datasets/comgenvid/fake/VEO3/4cbc4bc9-a2f6-5d9d-8f78-73a8a17fd380.mp4,comgenvid,annotated,VEO3,vatex_5000_video256,feature_change
comgenvid:datasets/comgenvid/fake/VEO3/4cd6dcc7-74a7-5f8f-8587-a7720d97c083.mp4,comgenvid,annotated,VEO3,vatex_5000_video256,feature_change
comgenvid:datasets/comgenvid/fake/VEO3/4ce4a351-50ab-5b92-9d39-1e456bf8cff8.mp4,comgenvid,annotated,VEO3,vatex_5000_video256,feature_change
comgenvid:datasets/comgenvid/fake/VEO3/4cedf684-621d-5de7-a775-2e4bf344ca32.mp4,comgenvid,annotated,VEO3,vatex_5000_video256,feature_change
comgenvid:datasets/comgenvid/fake/VEO3/4d5f3f55-9123-584f-8271-77a613c740d7.mp4,comgenvid,annotated,VEO3,vatex_5000_video256,feature_change
comgenvid:datasets/comgenvid/fake/VEO3/4d911fd8-ed2d-5406-ad41-58e56a3a3c1d.mp4,comgenvid,annotated,VEO3,vatex_5000_video256,feature_change
comgenvid:datasets/comgenvid/fake/VEO3/4da29a9b-d482-5148-95ab-b596b654d424.mp4,comgenvid,annotated,VEO3,vatex_5000_video256,feature_change
comgenvid:datasets/comgenvid/fake/VEO3/4dc4e7c8-f6a2-567d-929f-9f40a138cac3.mp4,comgenvid,annotated,VEO3,vatex_5000_video256,feature_change
comgenvid:datasets/comgenvid/fake/VEO3/4df3b1ea-897b-5b57-94fc-254f5f123f71.mp4,comgenvid,annotated,VEO3,vatex_5000_video256,feature_change
comgenvid:datasets/comgenvid/fake/VEO3/4e7c08f2-116e-5cfa-b8dd-99588348cbe8.mp4,comgenvid,annotated,VEO3,vatex_5000_video256,feature_change
comgenvid:datasets/comgenvid/fake/VEO3/4e8e8c0d-0d81-54b9-a62a-6581476b7f87.mp4,comgenvid,annotated,VEO3,vatex_5000_video256,feature_change
comgenvid:datasets/comgenvid/fake/VEO3/4ea281cb-1f0a-57fa-8578-a93168f6980a.mp4,comgenvid,annotated,VEO3,vatex_5000_video256,feature_change
comgenvid:datasets/comgenvid/fake/VEO3/4ea406aa-cc86-5211-8586-8d6866732f82.mp4,comgenvid,annotated,VEO3,vatex_5000_video256,feature_change
comgenvid:datasets/comgenvid/fake/VEO3/4ef1a00e-f8ac-5fdd-8e02-eb343f36fa8b.mp4,comgenvid,annotated,VEO3,vatex_5000_video256,feature_change
comgenvid:datasets/comgenvid/fake/VEO3/4f23f72b-ec6a-5893-ad15-86b02c46d122.mp4,comgenvid,annotated,VEO3,vatex_5000_video256,feature_change
comgenvid:datasets/comgenvid/fake/VEO3/4f60e815-e1fd-56fa-b58f-9d99cbc36177.mp4,comgenvid,annotated,VEO3,vatex_5000_video256,feature_change
comgenvid:datasets/comgenvid/fake/VEO3/4fa17d71-ac3c-5ef3-a482-ee4dda6f0a4b.mp4,comgenvid,annotated,VEO3,vatex_5000_video256,feature_change
comgenvid:datasets/comgenvid/fake/VEO3/4fbb8308-622a-5381-be9b-10f4773af642.mp4,comgenvid,annotated,VEO3,vatex_5000_video256,feature_change
comgenvid:datasets/comgenvid/fake/VEO3/4fbc8557-bf46-5423-a8df-67118f0a8e65.mp4,comgenvid,annotated,VEO3,vatex_5000_video256,feature_change
comgenvid:datasets/comgenvid/fake/VEO3/5005d594-0dfd-55c9-b0a7-1b042de1df9b.mp4,comgenvid,annotated,VEO3,vatex_5000_video256,feature_change
comgenvid:datasets/comgenvid/fake/VEO3/50092289-7041-5caf-ae9c-d8e2a437d0c0.mp4,comgenvid,annotated,VEO3,vatex_5000_video256,feature_change
comgenvid:datasets/comgenvid/fake/VEO3/50282c03-f7f3-5b20-8241-f7df14b3256b.mp4,comgenvid,annotated,VEO3,vatex_5000_video256,feature_change
comgenvid:datasets/comgenvid/fake/VEO3/50736bc4-57d9-5f4b-8465-7e55cecc177e.mp4,comgenvid,annotated,VEO3,vatex_5000_video256,feature_change
comgenvid:datasets/comgenvid/fake/VEO3/507681a6-ac36-51fa-bf52-ab47731d1ae3.mp4,comgenvid,annotated,VEO3,vatex_5000_video256,feature_change
comgenvid:datasets/comgenvid/fake/VEO3/509b51a3-c581-5e7f-8ebd-140b8443dba7.mp4,comgenvid,annotated,VEO3,vatex_5000_video256,feature_change
comgenvid:datasets/comgenvid/fake/VEO3/50bf587a-fe49-5102-b04f-7f1e0f345d97.mp4,comgenvid,annotated,VEO3,vatex_5000_video256,feature_change
comgenvid:datasets/comgenvid/fake/VEO3/50cceba7-56e8-5162-ba62-cfa5afd3ef89.mp4,comgenvid,annotated,VEO3,vatex_5000_video256,feature_change
comgenvid:datasets/comgenvid/fake/VEO3/50f78d07-2490-5659-92b8-ca0ba19588ee.mp4,comgenvid,annotated,VEO3,vatex_5000_video256,feature_change
comgenvid:datasets/comgenvid/fake/VEO3/517edd76-7cbf-5f80-a237-36f29491b920.mp4,comgenvid,annotated,VEO3,vatex_5000_video256,feature_change
comgenvid:datasets/comgenvid/fake/VEO3/519eba75-dd4d-58f3-9fbf-1385bb7e79d7.mp4,comgenvid,annotated,VEO3,vatex_5000_video256,feature_change
comgenvid:datasets/comgenvid/fake/VEO3/51c984b7-6770-598a-9d6e-a6ffcc11a85c.mp4,comgenvid,annotated,VEO3,vatex_5000_video256,feature_change
comgenvid:datasets/comgenvid/fake/VEO3/51d57cd2-61e5-595c-88e5-d10e97c986fa.mp4,comgenvid,annotated,VEO3,vatex_5000_video256,feature_change
comgenvid:datasets/comgenvid/fake/VEO3/52030b87-9cd9-5f26-a505-222fd6d06aec.mp4,comgenvid,annotated,VEO3,vatex_5000_video256,feature_change
comgenvid:datasets/comgenvid/fake/VEO3/52571911-0e32-5da4-8b44-4648c93526c9.mp4,comgenvid,annotated,VEO3,vatex_5000_video256,feature_change
comgenvid:datasets/comgenvid/fake/VEO3/52643749-66e1-5c70-bb21-feef7f5ddee2.mp4,comgenvid,annotated,VEO3,vatex_5000_video256,feature_change
comgenvid:datasets/comgenvid/fake/VEO3/52797fb0-9d9d-5f29-9fc1-529eb68cfbb2.mp4,comgenvid,annotated,VEO3,vatex_5000_video256,feature_change
comgenvid:datasets/comgenvid/fake/VEO3/530e7e2f-8b68-5c97-a0ab-7f3142c19451.mp4,comgenvid,annotated,VEO3,vatex_5000_video256,feature_change
comgenvid:datasets/comgenvid/fake/VEO3/5320a00f-188c-5e7b-bc12-e25b067b2605.mp4,comgenvid,annotated,VEO3,vatex_5000_video256,feature_change
comgenvid:datasets/comgenvid/fake/VEO3/5355a4af-81c4-5f72-805f-c8816df1b3b8.mp4,comgenvid,annotated,VEO3,vatex_5000_video256,feature_change
comgenvid:datasets/comgenvid/fake/VEO3/53571747-6a36-546e-84c4-4ba67a4ca339.mp4,comgenvid,annotated,VEO3,vatex_5000_video256,feature_change
comgenvid:datasets/comgenvid/fake/VEO3/535e414e-7fab-5418-887d-27318d669898.mp4,comgenvid,annotated,VEO3,vatex_5000_video256,feature_change
comgenvid:datasets/comgenvid/fake/VEO3/5379dfbf-e0ba-577c-b65b-7a71f9ff8909.mp4,comgenvid,annotated,VEO3,vatex_5000_video256,feature_change
comgenvid:datasets/comgenvid/fake/VEO3/537fda92-6d8a-59f0-8b2a-d1682a1098de.mp4,comgenvid,annotated,VEO3,vatex_5000_video256,feature_change
comgenvid:datasets/comgenvid/fake/VEO3/53a90a86-4dd3-5404-bd4a-9d487771b61c.mp4,comgenvid,annotated,VEO3,vatex_5000_video256,feature_change
comgenvid:datasets/comgenvid/fake/VEO3/53c22f6f-3364-5f92-90f4-b5b1e9a6a70d.mp4,comgenvid,annotated,VEO3,vatex_5000_video256,feature_change
comgenvid:datasets/comgenvid/fake/VEO3/53c3690f-f399-52b3-80ce-8e68879b12bf.mp4,comgenvid,annotated,VEO3,vatex_5000_video256,feature_change
comgenvid:datasets/comgenvid/fake/VEO3/53fe5742-03a2-5929-9820-a5c25df99bff.mp4,comgenvid,annotated,VEO3,vatex_5000_video256,feature_change
comgenvid:datasets/comgenvid/fake/VEO3/5409399e-e6fb-5a8b-8f4a-d35a3bcdb120.mp4,comgenvid,annotated,VEO3,vatex_5000_video256,feature_change
comgenvid:datasets/comgenvid/fake/VEO3/540ebbea-ae6d-5224-aaac-5360cfb79878.mp4,comgenvid,annotated,VEO3,vatex_5000_video256,feature_change
comgenvid:datasets/comgenvid/fake/VEO3/54611d01-ba13-5ee9-96d4-0d43480bb7cb.mp4,comgenvid,annotated,VEO3,vatex_5000_video256,feature_change
comgenvid:datasets/comgenvid/fake/VEO3/546a19d0-6497-5b29-bc96-6db3be084656.mp4,comgenvid,annotated,VEO3,vatex_5000_video256,feature_change
comgenvid:datasets/comgenvid/fake/VEO3/546f147c-a5cb-587d-9ebd-6b493b0f9273.mp4,comgenvid,annotated,VEO3,vatex_5000_video256,feature_change
comgenvid:datasets/comgenvid/fake/VEO3/547f4190-6e70-5cf5-9ffa-e594a24f087a.mp4,comgenvid,annotated,VEO3,vatex_5000_video256,feature_change
comgenvid:datasets/comgenvid/fake/VEO3/548d2522-11d5-5613-a8dc-7f5f0bddcd94.mp4,comgenvid,annotated,VEO3,vatex_5000_video256,feature_change
comgenvid:datasets/comgenvid/fake/VEO3/54b20285-3d80-5c38-9fb5-89447a4a5643.mp4,comgenvid,annotated,VEO3,vatex_5000_video256,feature_change
comgenvid:datasets/comgenvid/fake/VEO3/54d436dc-9802-5f50-ab3c-d11dda574bb9.mp4,comgenvid,annotated,VEO3,vatex_5000_video256,feature_change
comgenvid:datasets/comgenvid/fake/VEO3/54e60a7f-6a35-575b-a6cf-aa9f50e92ab7.mp4,comgenvid,annotated,VEO3,vatex_5000_video256,feature_change
comgenvid:datasets/comgenvid/fake/VEO3/55070523-baae-5b5e-85b1-0b2d2f44bad1.mp4,comgenvid,annotated,VEO3,vatex_5000_video256,feature_change
comgenvid:datasets/comgenvid/fake/VEO3/552089fd-dc50-5689-9f8d-b2a16ccd5247.mp4,comgenvid,annotated,VEO3,vatex_5000_video256,feature_change
comgenvid:datasets/comgenvid/fake/VEO3/55401ff6-b4a6-5f61-a920-12a1040eddde.mp4,comgenvid,annotated,VEO3,vatex_5000_video256,feature_change
comgenvid:datasets/comgenvid/fake/VEO3/5559efcf-99b6-5b31-a7ce-ce2e38e22be3.mp4,comgenvid,annotated,VEO3,vatex_5000_video256,feature_change
comgenvid:datasets/comgenvid/fake/VEO3/5580b411-97a9-5ce3-8d4b-9ba613f48a06.mp4,comgenvid,annotated,VEO3,vatex_5000_video256,feature_change
comgenvid:datasets/comgenvid/fake/VEO3/55b24194-1b32-50ea-9982-af8ff2e11fc3.mp4,comgenvid,annotated,VEO3,vatex_5000_video256,feature_change
comgenvid:datasets/comgenvid/fake/VEO3/561562f2-6c67-5a36-ba94-edcf435f6c23.mp4,comgenvid,annotated,VEO3,vatex_5000_video256,feature_change
comgenvid:datasets/comgenvid/fake/VEO3/5640c4d9-4273-541e-bfae-5c533bac9a03.mp4,comgenvid,annotated,VEO3,vatex_5000_video256,feature_change
comgenvid:datasets/comgenvid/fake/VEO3/5658d0b0-03cd-5698-8461-6f037160f659.mp4,comgenvid,annotated,VEO3,vatex_5000_video256,feature_change
comgenvid:datasets/comgenvid/fake/VEO3/567a1c8f-18f7-5003-b29a-cac387d96afb.mp4,comgenvid,annotated,VEO3,vatex_5000_video256,feature_change
comgenvid:datasets/comgenvid/fake/VEO3/567fbb97-4ee5-5f45-bb67-a92e4282c7bb.mp4,comgenvid,annotated,VEO3,vatex_5000_video256,feature_change
comgenvid:datasets/comgenvid/fake/VEO3/56c678da-8bf6-551d-a51c-cf1e31bddde7.mp4,comgenvid,annotated,VEO3,vatex_5000_video256,feature_change
comgenvid:datasets/comgenvid/fake/VEO3/56ef9462-2434-5199-b2c0-b967637b41da.mp4,comgenvid,annotated,VEO3,vatex_5000_video256,feature_change
comgenvid:datasets/comgenvid/fake/VEO3/5700fddd-9654-50d1-9153-ee00350f766a.mp4,comgenvid,annotated,VEO3,vatex_5000_video256,feature_change
comgenvid:datasets/comgenvid/fake/VEO3/571233d5-4e2f-5dbe-864a-68bae739de9e.mp4,comgenvid,annotated,VEO3,vatex_5000_video256,feature_change
comgenvid:datasets/comgenvid/fake/VEO3/5743006e-f41e-54ff-963d-d7feead17c77.mp4,comgenvid,annotated,VEO3,vatex_5000_video256,feature_change
comgenvid:datasets/comgenvid/fake/VEO3/574d919f-03ab-5bfc-b5e1-6e2316e0af8d.mp4,comgenvid,annotated,VEO3,vatex_5000_video256,feature_change
comgenvid:datasets/comgenvid/fake/VEO3/574ef1b4-5ef4-5653-a860-e7f1e1b94d99.mp4,comgenvid,annotated,VEO3,vatex_5000_video256,feature_change
comgenvid:datasets/comgenvid/fake/VEO3/5755d60e-9692-5c93-b287-f84284024b5a.mp4,comgenvid,annotated,VEO3,vatex_5000_video256,feature_change
comgenvid:datasets/comgenvid/fake/VEO3/57871893-c474-51d9-b2b6-79409aa7d591.mp4,comgenvid,annotated,VEO3,vatex_5000_video256,feature_change
comgenvid:datasets/comgenvid/fake/VEO3/578ad54f-edc7-538f-aff5-787b733aede0.mp4,comgenvid,annotated,VEO3,vatex_5000_video256,feature_change
comgenvid:datasets/comgenvid/fake/VEO3/579329b4-2dc2-5c57-9ee9-100ca55a67f6.mp4,comgenvid,annotated,VEO3,vatex_5000_video256,feature_change
comgenvid:datasets/comgenvid/fake/VEO3/58013a00-cd0f-57eb-9059-22ebf0f8fa88.mp4,comgenvid,annotated,VEO3,vatex_5000_video256,feature_change
comgenvid:datasets/comgenvid/fake/VEO3/58286315-635a-59ad-abc0-77087ad73b42.mp4,comgenvid,annotated,VEO3,vatex_5000_video256,feature_change
comgenvid:datasets/comgenvid/fake/VEO3/584f30c7-1a20-5058-91b8-b15b9f34b862.mp4,comgenvid,annotated,VEO3,vatex_5000_video256,feature_change
comgenvid:datasets/comgenvid/fake/VEO3/58896bf9-d699-5305-b971-4f2cbd3e946a.mp4,comgenvid,annotated,VEO3,vatex_5000_video256,feature_change
comgenvid:datasets/comgenvid/fake/VEO3/590b1466-09cd-5667-a3fa-a180cf97d73d.mp4,comgenvid,annotated,VEO3,vatex_5000_video256,feature_change
comgenvid:datasets/comgenvid/fake/VEO3/59214058-bf8c-5e12-b418-1224c711513e.mp4,comgenvid,annotated,VEO3,vatex_5000_video256,feature_change
comgenvid:datasets/comgenvid/fake/VEO3/595d8b6c-e6df-52b6-8941-8b4f422b908b.mp4,comgenvid,annotated,VEO3,vatex_5000_video256,feature_change
comgenvid:datasets/comgenvid/fake/VEO3/59b72843-9723-50b9-87f8-06595aae7957.mp4,comgenvid,annotated,VEO3,vatex_5000_video256,feature_change
comgenvid:datasets/comgenvid/fake/VEO3/59bf7fc6-2019-50ac-bcf6-2a70f7e0fcac.mp4,comgenvid,annotated,VEO3,vatex_5000_video256,feature_change
comgenvid:datasets/comgenvid/fake/VEO3/59f1ae8c-15f2-58d5-8761-ea18af234456.mp4,comgenvid,annotated,VEO3,vatex_5000_video256,feature_change
comgenvid:datasets/comgenvid/fake/VEO3/5a98ec19-feaf-54d6-996d-124f7edfc4fa.mp4,comgenvid,annotated,VEO3,vatex_5000_video256,feature_change
comgenvid:datasets/comgenvid/fake/VEO3/5a9dbd83-8c2f-500f-b49b-e9bb3fca99ff.mp4,comgenvid,annotated,VEO3,vatex_5000_video256,feature_change
comgenvid:datasets/comgenvid/fake/VEO3/5a9f4ade-9114-5fad-b031-9ccb8223afca.mp4,comgenvid,annotated,VEO3,vatex_5000_video256,feature_change
comgenvid:datasets/comgenvid/fake/VEO3/5aa1fd3e-b35f-5f79-9a27-9202f261af11.mp4,comgenvid,annotated,VEO3,vatex_5000_video256,feature_change
comgenvid:datasets/comgenvid/fake/VEO3/5ae06d37-5278-576f-a9f7-d100dc928b49.mp4,comgenvid,annotated,VEO3,vatex_5000_video256,feature_change
comgenvid:datasets/comgenvid/fake/VEO3/5b07e886-c17c-58d0-a918-f6cbb626597e.mp4,comgenvid,annotated,VEO3,vatex_5000_video256,feature_change
comgenvid:datasets/comgenvid/fake/VEO3/5b44e71d-08a1-562c-be16-b7028647ed49.mp4,comgenvid,annotated,VEO3,vatex_5000_video256,feature_change
comgenvid:datasets/comgenvid/fake/VEO3/5b4c1f72-c3cf-542a-a13a-f395cb77eadb.mp4,comgenvid,annotated,VEO3,vatex_5000_video256,feature_change
comgenvid:datasets/comgenvid/fake/VEO3/5b57553b-3d00-5863-8f78-bde68943efd6.mp4,comgenvid,annotated,VEO3,vatex_5000_video256,feature_change
comgenvid:datasets/comgenvid/fake/VEO3/5b6d0aa8-a8ae-5581-8967-56a194bb3fcd.mp4,comgenvid,annotated,VEO3,vatex_5000_video256,feature_change
comgenvid:datasets/comgenvid/fake/VEO3/5b937430-bde7-577a-8aba-7f781c251192.mp4,comgenvid,annotated,VEO3,vatex_5000_video256,feature_change
comgenvid:datasets/comgenvid/fake/VEO3/5bcdc7fd-0d88-55ed-80df-0e83da78461c.mp4,comgenvid,annotated,VEO3,vatex_5000_video256,feature_change
comgenvid:datasets/comgenvid/fake/VEO3/5c145218-8e28-5517-a017-385f9bdb70f0.mp4,comgenvid,annotated,VEO3,vatex_5000_video256,feature_change
comgenvid:datasets/comgenvid/fake/VEO3/5c3fc976-6362-5ff6-875d-f8095a4a9f4f.mp4,comgenvid,annotated,VEO3,vatex_5000_video256,feature_change
comgenvid:datasets/comgenvid/fake/VEO3/5c65f11e-83e0-5e65-bc26-89ef3a8f304e.mp4,comgenvid,annotated,VEO3,vatex_5000_video256,feature_change
comgenvid:datasets/comgenvid/fake/VEO3/5c7817d0-baec-544a-97c9-31220339e245.mp4,comgenvid,annotated,VEO3,vatex_5000_video256,feature_change
comgenvid:datasets/comgenvid/fake/VEO3/5c8fd9cb-a1cb-5550-bf42-e9648ada362b.mp4,comgenvid,annotated,VEO3,vatex_5000_video256,feature_change
comgenvid:datasets/comgenvid/fake/VEO3/5c947648-afb5-5d0d-8aae-e58ca8bb93bd.mp4,comgenvid,annotated,VEO3,vatex_5000_video256,feature_change
comgenvid:datasets/comgenvid/fake/VEO3/5cbcddb9-9e3c-563f-8303-b3db2e9c681b.mp4,comgenvid,annotated,VEO3,vatex_5000_video256,feature_change
comgenvid:datasets/comgenvid/fake/VEO3/5cf2eb2a-15ad-52de-9584-666d8f3b84c5.mp4,comgenvid,annotated,VEO3,vatex_5000_video256,feature_change
comgenvid:datasets/comgenvid/fake/VEO3/5d1dd7f8-3c10-59b6-9757-b52748afbe5d.mp4,comgenvid,annotated,VEO3,vatex_5000_video256,feature_change
comgenvid:datasets/comgenvid/fake/VEO3/5d4f84fd-f803-5d70-b7ed-c66896ad88e8.mp4,comgenvid,annotated,VEO3,vatex_5000_video256,feature_change
comgenvid:datasets/comgenvid/fake/VEO3/5d65d868-7398-57e5-a2e1-96a8c8196aff.mp4,comgenvid,annotated,VEO3,vatex_5000_video256,feature_change
comgenvid:datasets/comgenvid/fake/VEO3/5d7825db-a18a-5bf2-bde8-2466e47aebe9.mp4,comgenvid,annotated,VEO3,vatex_5000_video256,feature_change
comgenvid:datasets/comgenvid/fake/VEO3/5da5295e-e824-5b9b-85af-8ac85b3ebc76.mp4,comgenvid,annotated,VEO3,vatex_5000_video256,feature_change
comgenvid:datasets/comgenvid/fake/VEO3/5da55bb1-559c-5e1f-8454-c020d7370121.mp4,comgenvid,annotated,VEO3,vatex_5000_video256,feature_change
comgenvid:datasets/comgenvid/fake/VEO3/5db318dc-8ca5-551f-9f1c-b92ff479734b.mp4,comgenvid,annotated,VEO3,vatex_5000_video256,feature_change
comgenvid:datasets/comgenvid/fake/VEO3/5dcef81d-414e-5fb8-b463-1694ece8c666.mp4,comgenvid,annotated,VEO3,vatex_5000_video256,feature_change
comgenvid:datasets/comgenvid/fake/VEO3/5dfb0bba-457e-5ee0-a0c2-50690ddaf338.mp4,comgenvid,annotated,VEO3,vatex_5000_video256,feature_change
comgenvid:datasets/comgenvid/fake/VEO3/5e0fe542-4591-544e-8a04-44753120c761.mp4,comgenvid,annotated,VEO3,vatex_5000_video256,feature_change
comgenvid:datasets/comgenvid/fake/VEO3/5e12ef39-e422-5506-b5ca-59b3fb949757.mp4,comgenvid,annotated,VEO3,vatex_5000_video256,feature_change
comgenvid:datasets/comgenvid/fake/VEO3/5e194a1a-e64e-594c-9c7c-e74850651157.mp4,comgenvid,annotated,VEO3,vatex_5000_video256,feature_change
comgenvid:datasets/comgenvid/fake/VEO3/5e1da3bc-1630-538c-a286-87194d533fc9.mp4,comgenvid,annotated,VEO3,vatex_5000_video256,feature_change
comgenvid:datasets/comgenvid/fake/VEO3/5e3774ec-0ff9-5684-b876-0adee3f22338.mp4,comgenvid,annotated,VEO3,vatex_5000_video256,feature_change
comgenvid:datasets/comgenvid/fake/VEO3/5e5c95aa-a384-5dc0-8efc-e84741ede1d6.mp4,comgenvid,annotated,VEO3,vatex_5000_video256,feature_change
comgenvid:datasets/comgenvid/fake/VEO3/5e95a9c0-dc4c-58da-8df8-fa7d41b8693a.mp4,comgenvid,annotated,VEO3,vatex_5000_video256,feature_change
comgenvid:datasets/comgenvid/fake/VEO3/5edb37b0-1e65-5b27-bf65-4ae93d8c44f5.mp4,comgenvid,annotated,VEO3,vatex_5000_video256,feature_change
comgenvid:datasets/comgenvid/fake/VEO3/5f43488f-f552-532c-8b1b-7f4085bbfdb8.mp4,comgenvid,annotated,VEO3,vatex_5000_video256,feature_change
comgenvid:datasets/comgenvid/fake/VEO3/5f848d05-17f5-59c0-b24b-3bdc7e8043ba.mp4,comgenvid,annotated,VEO3,vatex_5000_video256,feature_change
comgenvid:datasets/comgenvid/fake/VEO3/5f8d582c-78bc-5349-bf98-70b0ef1b6a32.mp4,comgenvid,annotated,VEO3,vatex_5000_video256,feature_change
comgenvid:datasets/comgenvid/fake/VEO3/5fcf23f7-7c22-5b3a-88f4-b881644c5d66.mp4,comgenvid,annotated,VEO3,vatex_5000_video256,feature_change
comgenvid:datasets/comgenvid/fake/VEO3/5fd96296-8930-58d6-97c2-249665f5df8d.mp4,comgenvid,annotated,VEO3,vatex_5000_video256,feature_change
comgenvid:datasets/comgenvid/fake/VEO3/5ff2d5d8-220a-5127-8c15-80b3d5bc1986.mp4,comgenvid,annotated,VEO3,vatex_5000_video256,feature_change
comgenvid:datasets/comgenvid/fake/VEO3/5ff6717b-045f-5bb7-970f-a1dc863af9ec.mp4,comgenvid,annotated,VEO3,vatex_5000_video256,feature_change
comgenvid:datasets/comgenvid/fake/VEO3/60134d08-8952-53bc-a2ce-e00146c039dd.mp4,comgenvid,annotated,VEO3,vatex_5000_video256,feature_change
comgenvid:datasets/comgenvid/fake/VEO3/603c7aa4-900e-5c7d-8220-ab2b7e12d6e9.mp4,comgenvid,annotated,VEO3,vatex_5000_video256,feature_change
comgenvid:datasets/comgenvid/fake/VEO3/605fd2bf-15fa-5b22-acdc-3283782adb96.mp4,comgenvid,annotated,VEO3,vatex_5000_video256,feature_change
comgenvid:datasets/comgenvid/fake/VEO3/6069f7af-7126-53ea-a51d-93ad57868f0b.mp4,comgenvid,annotated,VEO3,vatex_5000_video256,feature_change
comgenvid:datasets/comgenvid/fake/VEO3/60a04a84-80ed-500e-8475-95bfb7d2064f.mp4,comgenvid,annotated,VEO3,vatex_5000_video256,feature_change
comgenvid:datasets/comgenvid/fake/VEO3/60a4d4e7-d951-5065-9c86-5f091b9da8bb.mp4,comgenvid,annotated,VEO3,vatex_5000_video256,feature_change
comgenvid:datasets/comgenvid/fake/VEO3/60a8a5c8-3e33-524b-83d3-55c777e1fdcd.mp4,comgenvid,annotated,VEO3,vatex_5000_video256,feature_change
comgenvid:datasets/comgenvid/fake/VEO3/60c7de5d-485d-56bb-9ad8-ddca59813a35.mp4,comgenvid,annotated,VEO3,vatex_5000_video256,feature_change
comgenvid:datasets/comgenvid/fake/VEO3/6128e228-d939-578c-b747-6c5a9b16057b.mp4,comgenvid,annotated,VEO3,vatex_5000_video256,feature_change
comgenvid:datasets/comgenvid/fake/VEO3/6154eb3f-2bbf-5608-a9c7-b5cce4cd52fb.mp4,comgenvid,annotated,VEO3,vatex_5000_video256,feature_change
comgenvid:datasets/comgenvid/fake/VEO3/61756e93-4158-5659-a097-a22e911690fd.mp4,comgenvid,annotated,VEO3,vatex_5000_video256,feature_change
comgenvid:datasets/comgenvid/fake/VEO3/61e966aa-ce2d-5ae0-a83f-c1668fae9406.mp4,comgenvid,annotated,VEO3,vatex_5000_video256,feature_change
comgenvid:datasets/comgenvid/fake/VEO3/61fb31bf-d5cb-5776-b10c-b71446d841f2.mp4,comgenvid,annotated,VEO3,vatex_5000_video256,feature_change
comgenvid:datasets/comgenvid/fake/VEO3/61fb361d-19f9-5a8a-b8db-049635a54898.mp4,comgenvid,annotated,VEO3,vatex_5000_video256,feature_change
comgenvid:datasets/comgenvid/fake/VEO3/6215a0c9-7618-531d-9482-292cf9b5ffd9.mp4,comgenvid,annotated,VEO3,vatex_5000_video256,feature_change
comgenvid:datasets/comgenvid/fake/VEO3/623adfe5-dec1-5939-8f7e-d63d8d0eee6d.mp4,comgenvid,annotated,VEO3,vatex_5000_video256,feature_change
comgenvid:datasets/comgenvid/fake/VEO3/62989ac1-ab1e-503b-8032-19ff81f1148c.mp4,comgenvid,annotated,VEO3,vatex_5000_video256,feature_change
comgenvid:datasets/comgenvid/fake/VEO3/62d7b3cc-0cf4-54fe-8893-efcd55184c41.mp4,comgenvid,annotated,VEO3,vatex_5000_video256,feature_change
comgenvid:datasets/comgenvid/fake/VEO3/63052f65-b89f-5e67-83ef-62d1d6b3ccb1.mp4,comgenvid,annotated,VEO3,vatex_5000_video256,feature_change
comgenvid:datasets/comgenvid/fake/VEO3/6330285d-2c8d-5703-b9d1-850989b33449.mp4,comgenvid,annotated,VEO3,vatex_5000_video256,feature_change
comgenvid:datasets/comgenvid/fake/VEO3/635e38dc-e430-506f-889e-32ac4f34db1b.mp4,comgenvid,annotated,VEO3,vatex_5000_video256,feature_change
comgenvid:datasets/comgenvid/fake/VEO3/63c41352-558a-5856-b366-ef1d3d049df0.mp4,comgenvid,annotated,VEO3,vatex_5000_video256,feature_change
comgenvid:datasets/comgenvid/fake/VEO3/64035572-5a6d-5a7d-bff6-5c4012aa9774.mp4,comgenvid,annotated,VEO3,vatex_5000_video256,feature_change
comgenvid:datasets/comgenvid/fake/VEO3/640c42b7-9ea8-5dcf-90fd-6846e93ea36c.mp4,comgenvid,annotated,VEO3,vatex_5000_video256,feature_change
comgenvid:datasets/comgenvid/fake/VEO3/64476b14-9982-599e-8799-6e157b337fbb.mp4,comgenvid,annotated,VEO3,vatex_5000_video256,feature_change
comgenvid:datasets/comgenvid/fake/VEO3/644b70d2-1799-59ef-9412-c3f673d1d68e.mp4,comgenvid,annotated,VEO3,vatex_5000_video256,feature_change
comgenvid:datasets/comgenvid/fake/VEO3/644c8b7d-810c-539b-a4cd-47bec681fc9b.mp4,comgenvid,annotated,VEO3,vatex_5000_video256,feature_change
comgenvid:datasets/comgenvid/fake/VEO3/645650f2-a7b1-58e5-bc65-fd6342c5b664.mp4,comgenvid,annotated,VEO3,vatex_5000_video256,feature_change
comgenvid:datasets/comgenvid/fake/VEO3/6457dc67-6d47-5982-9267-57c730974383.mp4,comgenvid,annotated,VEO3,vatex_5000_video256,feature_change
comgenvid:datasets/comgenvid/fake/VEO3/64589d31-eca7-535e-8a6a-0994e93305a3.mp4,comgenvid,annotated,VEO3,vatex_5000_video256,feature_change
comgenvid:datasets/comgenvid/fake/VEO3/64674769-72a5-5e52-8a8c-9d9841ba72a2.mp4,comgenvid,annotated,VEO3,vatex_5000_video256,feature_change
comgenvid:datasets/comgenvid/fake/VEO3/646c73fc-e815-5ac0-859d-62664d5b1ca1.mp4,comgenvid,annotated,VEO3,vatex_5000_video256,feature_change
comgenvid:datasets/comgenvid/fake/VEO3/6476ded8-b534-56ff-b2d7-3e6c93ad8782.mp4,comgenvid,annotated,VEO3,vatex_5000_video256,feature_change
comgenvid:datasets/comgenvid/fake/VEO3/64893952-9e90-5cac-9db0-92cb62a76668.mp4,comgenvid,annotated,VEO3,vatex_5000_video256,feature_change
comgenvid:datasets/comgenvid/fake/VEO3/64a6d8c5-40be-5ddc-91ec-f295a48b8b80.mp4,comgenvid,annotated,VEO3,vatex_5000_video256,feature_change
comgenvid:datasets/comgenvid/fake/VEO3/64c7f11a-9830-5662-9c54-a7319faab623.mp4,comgenvid,annotated,VEO3,vatex_5000_video256,feature_change
comgenvid:datasets/comgenvid/fake/VEO3/64f04a54-09c0-5e83-a70b-bf9eb978a2e3.mp4,comgenvid,annotated,VEO3,vatex_5000_video256,feature_change
comgenvid:datasets/comgenvid/fake/VEO3/64f8b463-c0c0-5f91-8779-624329b608ff.mp4,comgenvid,annotated,VEO3,vatex_5000_video256,feature_change
comgenvid:datasets/comgenvid/fake/VEO3/65003a6e-02b0-5e40-b3de-3649f1cfc266.mp4,comgenvid,annotated,VEO3,vatex_5000_video256,feature_change
comgenvid:datasets/comgenvid/fake/VEO3/6528d8f8-73ed-5b8f-9af8-24bb51d49c95.mp4,comgenvid,annotated,VEO3,vatex_5000_video256,feature_change
comgenvid:datasets/comgenvid/fake/VEO3/6558fa62-1641-532c-a29a-bd7430f5d8e2.mp4,comgenvid,annotated,VEO3,vatex_5000_video256,feature_change
comgenvid:datasets/comgenvid/fake/VEO3/655a0c74-717b-5968-8974-021769b97ce9.mp4,comgenvid,annotated,VEO3,vatex_5000_video256,feature_change
comgenvid:datasets/comgenvid/fake/VEO3/656527b5-2400-5b67-913d-106d09e3e72f.mp4,comgenvid,annotated,VEO3,vatex_5000_video256,feature_change
comgenvid:datasets/comgenvid/fake/VEO3/656a47f9-6e96-5639-93ae-4f50542d7ee4.mp4,comgenvid,annotated,VEO3,vatex_5000_video256,feature_change
comgenvid:datasets/comgenvid/fake/VEO3/65b15d66-b1bd-5fe5-861a-ff587921360e.mp4,comgenvid,annotated,VEO3,vatex_5000_video256,feature_change
comgenvid:datasets/comgenvid/fake/VEO3/66017840-3922-5de3-babb-f985d76021c1.mp4,comgenvid,annotated,VEO3,vatex_5000_video256,feature_change
comgenvid:datasets/comgenvid/fake/VEO3/660dc7a3-6360-5977-9d5d-1d80de5cef03.mp4,comgenvid,annotated,VEO3,vatex_5000_video256,feature_change
comgenvid:datasets/comgenvid/fake/VEO3/66557a7c-536f-57aa-b44b-3db4eb534583.mp4,comgenvid,annotated,VEO3,vatex_5000_video256,feature_change
comgenvid:datasets/comgenvid/fake/VEO3/669c7f99-8426-5d48-b385-5d3a6b862f40.mp4,comgenvid,annotated,VEO3,vatex_5000_video256,feature_change
comgenvid:datasets/comgenvid/fake/VEO3/66d3490f-b069-5c64-b7f8-b51b32ca6be7.mp4,comgenvid,annotated,VEO3,vatex_5000_video256,feature_change
comgenvid:datasets/comgenvid/fake/VEO3/66d4d651-4178-5c94-bbb4-4569f0e9a0b9.mp4,comgenvid,annotated,VEO3,vatex_5000_video256,feature_change
comgenvid:datasets/comgenvid/fake/VEO3/66ee3080-67e4-52c2-b0ac-9e049080aa30.mp4,comgenvid,annotated,VEO3,vatex_5000_video256,feature_change
comgenvid:datasets/comgenvid/fake/VEO3/674a82f1-53c9-5590-9f94-e69f0035b405.mp4,comgenvid,annotated,VEO3,vatex_5000_video256,feature_change
comgenvid:datasets/comgenvid/fake/VEO3/67838b38-196f-59e5-8804-6313b4c81ded.mp4,comgenvid,annotated,VEO3,vatex_5000_video256,feature_change
comgenvid:datasets/comgenvid/fake/VEO3/67c29b86-869a-538f-ac08-3a5be561a0b0.mp4,comgenvid,annotated,VEO3,vatex_5000_video256,feature_change
comgenvid:datasets/comgenvid/fake/VEO3/680f3356-2f4c-5b02-8b18-3b013e8b9122.mp4,comgenvid,annotated,VEO3,vatex_5000_video256,feature_change
comgenvid:datasets/comgenvid/fake/VEO3/68286fa0-1a2a-5575-80de-07bc88017d06.mp4,comgenvid,annotated,VEO3,vatex_5000_video256,feature_change
comgenvid:datasets/comgenvid/fake/VEO3/6851fad9-381d-5265-98ab-b6a0ba0335f2.mp4,comgenvid,annotated,VEO3,vatex_5000_video256,feature_change
comgenvid:datasets/comgenvid/fake/VEO3/68585d06-23a6-54e0-a6f8-e17f16bc7d6e.mp4,comgenvid,annotated,VEO3,vatex_5000_video256,feature_change
comgenvid:datasets/comgenvid/fake/VEO3/686024ed-1b8c-5621-a84f-1ab2ffc54bd5.mp4,comgenvid,annotated,VEO3,vatex_5000_video256,feature_change
comgenvid:datasets/comgenvid/fake/VEO3/68689631-e95d-5903-9fbe-c831e387ca3d.mp4,comgenvid,annotated,VEO3,vatex_5000_video256,feature_change
comgenvid:datasets/comgenvid/fake/VEO3/6869a784-0bf3-53e7-86ab-d21045165db2.mp4,comgenvid,annotated,VEO3,vatex_5000_video256,feature_change
comgenvid:datasets/comgenvid/fake/VEO3/686d84bd-5ead-5063-bf1e-03cfdac8003c.mp4,comgenvid,annotated,VEO3,vatex_5000_video256,feature_change
comgenvid:datasets/comgenvid/fake/VEO3/68715925-ac5d-5d96-83d7-0e51791b1c5b.mp4,comgenvid,annotated,VEO3,vatex_5000_video256,feature_change
comgenvid:datasets/comgenvid/fake/VEO3/68b7b405-811e-5291-9b33-7103d898c04b.mp4,comgenvid,annotated,VEO3,vatex_5000_video256,feature_change
comgenvid:datasets/comgenvid/fake/VEO3/69060ada-9896-5907-a63c-dd4ba1b610d3.mp4,comgenvid,annotated,VEO3,vatex_5000_video256,feature_change
comgenvid:datasets/comgenvid/fake/VEO3/690b682c-f18e-5d38-87e9-1f30e8649d34.mp4,comgenvid,annotated,VEO3,vatex_5000_video256,feature_change
comgenvid:datasets/comgenvid/fake/VEO3/694081bc-a620-5619-9aa4-2cac6038c264.mp4,comgenvid,annotated,VEO3,vatex_5000_video256,feature_change
comgenvid:datasets/comgenvid/fake/VEO3/6a03a3b7-7ba0-5c8e-85af-8f313467f9b8.mp4,comgenvid,annotated,VEO3,vatex_5000_video256,feature_change
comgenvid:datasets/comgenvid/fake/VEO3/6a707ba3-7e0e-57f5-8b9e-bee70e4dfc60.mp4,comgenvid,annotated,VEO3,vatex_5000_video256,feature_change
comgenvid:datasets/comgenvid/fake/VEO3/6a715f74-f9fe-5391-aa45-682c5eaf59be.mp4,comgenvid,annotated,VEO3,vatex_5000_video256,feature_change
comgenvid:datasets/comgenvid/fake/VEO3/6a983cdb-f5df-5495-9a5d-3c9ce4f1322d.mp4,comgenvid,annotated,VEO3,vatex_5000_video256,feature_change
comgenvid:datasets/comgenvid/fake/VEO3/6a9e6404-b0b0-5d9d-8717-8602db531680.mp4,comgenvid,annotated,VEO3,vatex_5000_video256,feature_change
comgenvid:datasets/comgenvid/fake/VEO3/6ae868e1-8199-5fb0-9a96-83c5f08d1694.mp4,comgenvid,annotated,VEO3,vatex_5000_video256,feature_change
comgenvid:datasets/comgenvid/fake/VEO3/6b0b8a9a-67b4-55b6-a443-b025decb64e6.mp4,comgenvid,annotated,VEO3,vatex_5000_video256,feature_change
comgenvid:datasets/comgenvid/fake/VEO3/6b3b1d76-ba64-51da-b4d8-c9903e38d72d.mp4,comgenvid,annotated,VEO3,vatex_5000_video256,feature_change
comgenvid:datasets/comgenvid/fake/VEO3/6b68fa13-2a50-5fc9-bf38-a0da8b52f817.mp4,comgenvid,annotated,VEO3,vatex_5000_video256,feature_change
comgenvid:datasets/comgenvid/fake/VEO3/6bd2a6bd-d74a-593e-a84e-82658bc96ca8.mp4,comgenvid,annotated,VEO3,vatex_5000_video256,feature_change
comgenvid:datasets/comgenvid/fake/VEO3/6be2bc2a-d01a-55d6-982b-22db983f22c3.mp4,comgenvid,annotated,VEO3,vatex_5000_video256,feature_change
comgenvid:datasets/comgenvid/fake/VEO3/6c5978c1-c23d-50ff-981e-7cb7d54b7a0b.mp4,comgenvid,annotated,VEO3,vatex_5000_video256,feature_change
comgenvid:datasets/comgenvid/fake/VEO3/6c8440d7-7089-5f5f-ab74-71c629d6c9ef.mp4,comgenvid,annotated,VEO3,vatex_5000_video256,feature_change
comgenvid:datasets/comgenvid/fake/VEO3/6cb41b52-3c5b-510d-b7ba-30173ee5c4f0.mp4,comgenvid,annotated,VEO3,vatex_5000_video256,feature_change
comgenvid:datasets/comgenvid/fake/VEO3/6cff6ed2-ef62-5726-9ae0-e1342299da13.mp4,comgenvid,annotated,VEO3,vatex_5000_video256,feature_change
comgenvid:datasets/comgenvid/fake/VEO3/6d0bca62-159a-5402-bdf7-9f16784295d4.mp4,comgenvid,annotated,VEO3,vatex_5000_video256,feature_change
comgenvid:datasets/comgenvid/fake/VEO3/6d1eeb70-0d9f-5c3b-a23b-df2e969b82e5.mp4,comgenvid,annotated,VEO3,vatex_5000_video256,feature_change
comgenvid:datasets/comgenvid/fake/VEO3/6d387e92-de9c-5415-88c7-1bbb2bb81b09.mp4,comgenvid,annotated,VEO3,vatex_5000_video256,feature_change
comgenvid:datasets/comgenvid/fake/VEO3/6d95cb42-3210-5197-ad78-d25fbaf03226.mp4,comgenvid,annotated,VEO3,vatex_5000_video256,feature_change
comgenvid:datasets/comgenvid/fake/VEO3/6da89bfb-a519-544a-a3dd-7b7ce31e3b4c.mp4,comgenvid,annotated,VEO3,vatex_5000_video256,feature_change
comgenvid:datasets/comgenvid/fake/VEO3/6daf0e96-715e-5b21-b4c7-fae8bff60d94.mp4,comgenvid,annotated,VEO3,vatex_5000_video256,feature_change
comgenvid:datasets/comgenvid/fake/VEO3/6dbe2ab3-ca54-508e-864f-136c7ccdf1de.mp4,comgenvid,annotated,VEO3,vatex_5000_video256,feature_change
comgenvid:datasets/comgenvid/fake/VEO3/6dc1ac73-6f77-59ac-a7ef-f80bbcf123fc.mp4,comgenvid,annotated,VEO3,vatex_5000_video256,feature_change
comgenvid:datasets/comgenvid/fake/VEO3/6e141b1b-eb2b-583b-9979-a261ae6a3ef9.mp4,comgenvid,annotated,VEO3,vatex_5000_video256,feature_change
comgenvid:datasets/comgenvid/fake/VEO3/6e1ee022-3c45-5fd6-977b-e9f984b4fe84.mp4,comgenvid,annotated,VEO3,vatex_5000_video256,feature_change
comgenvid:datasets/comgenvid/fake/VEO3/6e228395-f606-5d0f-bcd7-3860e029b4d3.mp4,comgenvid,annotated,VEO3,vatex_5000_video256,feature_change
comgenvid:datasets/comgenvid/fake/VEO3/6e2aa7c0-c573-59ed-9061-54b5ba114f1d.mp4,comgenvid,annotated,VEO3,vatex_5000_video256,feature_change
comgenvid:datasets/comgenvid/fake/VEO3/6e67a5d3-675c-53e0-ad92-186d207a2892.mp4,comgenvid,annotated,VEO3,vatex_5000_video256,feature_change
comgenvid:datasets/comgenvid/fake/VEO3/6ea5bedb-ce54-521a-b4bb-8e6c657bfc3c.mp4,comgenvid,annotated,VEO3,vatex_5000_video256,feature_change
comgenvid:datasets/comgenvid/fake/VEO3/6eba20f8-8436-5997-af48-f61154d57936.mp4,comgenvid,annotated,VEO3,vatex_5000_video256,feature_change
comgenvid:datasets/comgenvid/fake/VEO3/6ebd5001-4d7d-52b1-b2bd-17c89691a401.mp4,comgenvid,annotated,VEO3,vatex_5000_video256,feature_change
comgenvid:datasets/comgenvid/fake/VEO3/6ed3fbb6-bcc2-5337-8e8d-768d9fc51c01.mp4,comgenvid,annotated,VEO3,vatex_5000_video256,feature_change
comgenvid:datasets/comgenvid/fake/VEO3/6ede0686-eeb6-59f0-86c6-0083dbcc599c.mp4,comgenvid,annotated,VEO3,vatex_5000_video256,feature_change
comgenvid:datasets/comgenvid/fake/VEO3/6f21e358-d8c0-5019-86b5-ea9a063109b0.mp4,comgenvid,annotated,VEO3,vatex_5000_video256,feature_change
comgenvid:datasets/comgenvid/fake/VEO3/6f44b123-ff5a-5c1a-8571-c5852024b79b.mp4,comgenvid,annotated,VEO3,vatex_5000_video256,feature_change
comgenvid:datasets/comgenvid/fake/VEO3/6f51f17b-203d-59e3-b6c1-c9bb8b239028.mp4,comgenvid,annotated,VEO3,vatex_5000_video256,feature_change
comgenvid:datasets/comgenvid/fake/VEO3/6f6520d9-2823-5b8b-8d1b-0606f37be969.mp4,comgenvid,annotated,VEO3,vatex_5000_video256,feature_change
comgenvid:datasets/comgenvid/fake/VEO3/6f89431e-2dac-5c85-8354-501f54c66438.mp4,comgenvid,annotated,VEO3,vatex_5000_video256,feature_change
comgenvid:datasets/comgenvid/fake/VEO3/6fb853c5-5795-5f8a-9333-556e245f1aed.mp4,comgenvid,annotated,VEO3,vatex_5000_video256,feature_change
comgenvid:datasets/comgenvid/fake/VEO3/6fcfd9c5-a694-544a-b8cc-1974fb603665.mp4,comgenvid,annotated,VEO3,vatex_5000_video256,feature_change
comgenvid:datasets/comgenvid/fake/VEO3/7031af50-a483-57a1-bf81-1acfe50b91ce.mp4,comgenvid,annotated,VEO3,vatex_5000_video256,feature_change
comgenvid:datasets/comgenvid/fake/VEO3/703a93db-65b4-5010-b570-7e053a8c5de5.mp4,comgenvid,annotated,VEO3,vatex_5000_video256,feature_change
comgenvid:datasets/comgenvid/fake/VEO3/704e01d3-fc85-5887-83ce-662df24c6053.mp4,comgenvid,annotated,VEO3,vatex_5000_video256,feature_change
comgenvid:datasets/comgenvid/fake/VEO3/7055967c-4f93-5424-a292-353e943b6b35.mp4,comgenvid,annotated,VEO3,vatex_5000_video256,feature_change
comgenvid:datasets/comgenvid/fake/VEO3/7096f3e3-db59-5660-b7cc-6ebb5b9a47b9.mp4,comgenvid,annotated,VEO3,vatex_5000_video256,feature_change
comgenvid:datasets/comgenvid/fake/VEO3/70c08067-50b4-5a05-ab40-039fb8e066ed.mp4,comgenvid,annotated,VEO3,vatex_5000_video256,feature_change
comgenvid:datasets/comgenvid/fake/VEO3/70c7c49c-06f9-5484-b3af-0c5e7102b840.mp4,comgenvid,annotated,VEO3,vatex_5000_video256,feature_change
comgenvid:datasets/comgenvid/fake/VEO3/70e89108-ec94-5021-8f30-d383448eeba5.mp4,comgenvid,annotated,VEO3,vatex_5000_video256,feature_change
comgenvid:datasets/comgenvid/fake/VEO3/70e97c9a-20fe-5050-aa8c-402f9a16befa.mp4,comgenvid,annotated,VEO3,vatex_5000_video256,feature_change
comgenvid:datasets/comgenvid/fake/VEO3/70f8e731-5186-5245-abdc-9f4708a06713.mp4,comgenvid,annotated,VEO3,vatex_5000_video256,feature_change
comgenvid:datasets/comgenvid/fake/VEO3/7138b91b-6a26-5a71-841e-e213023b03b9.mp4,comgenvid,annotated,VEO3,vatex_5000_video256,feature_change
comgenvid:datasets/comgenvid/fake/VEO3/7144c559-686c-57a4-a2b3-1f108f99a1ce.mp4,comgenvid,annotated,VEO3,vatex_5000_video256,feature_change
comgenvid:datasets/comgenvid/fake/VEO3/719d75e3-1b23-52cd-bb07-e52f5afe080a.mp4,comgenvid,annotated,VEO3,vatex_5000_video256,feature_change
comgenvid:datasets/comgenvid/fake/VEO3/71ae6a07-6e81-5e61-9b0a-60af41e0358b.mp4,comgenvid,annotated,VEO3,vatex_5000_video256,feature_change
comgenvid:datasets/comgenvid/fake/VEO3/71b519ca-6596-5a0d-aa93-3857c91bfacf.mp4,comgenvid,annotated,VEO3,vatex_5000_video256,feature_change
comgenvid:datasets/comgenvid/fake/VEO3/71c1e188-f3a8-5e38-a8b0-b04d56fa6640.mp4,comgenvid,annotated,VEO3,vatex_5000_video256,feature_change
comgenvid:datasets/comgenvid/fake/VEO3/71c1f033-fb87-52e0-8dc7-57774ee6bdcb.mp4,comgenvid,annotated,VEO3,vatex_5000_video256,feature_change
comgenvid:datasets/comgenvid/fake/VEO3/71c9389b-c85f-5711-9ea9-79c8fc53e058.mp4,comgenvid,annotated,VEO3,vatex_5000_video256,feature_change
comgenvid:datasets/comgenvid/fake/VEO3/7230face-7c20-5a2b-a234-0d6c4ad5c9e8.mp4,comgenvid,annotated,VEO3,vatex_5000_video256,feature_change
comgenvid:datasets/comgenvid/fake/VEO3/72b082be-3d32-5c7a-a0d6-6f635e848db3.mp4,comgenvid,annotated,VEO3,vatex_5000_video256,feature_change
comgenvid:datasets/comgenvid/fake/VEO3/72b4d127-9fea-56a4-bb82-8df1159898cc.mp4,comgenvid,annotated,VEO3,vatex_5000_video256,feature_change
comgenvid:datasets/comgenvid/fake/VEO3/72c315aa-97fb-5d49-b973-db51d28ee486.mp4,comgenvid,annotated,VEO3,vatex_5000_video256,feature_change
comgenvid:datasets/comgenvid/fake/VEO3/72c9fcf5-4c34-5e2b-a8ad-8ac6c2dfbf6b.mp4,comgenvid,annotated,VEO3,vatex_5000_video256,feature_change
comgenvid:datasets/comgenvid/fake/VEO3/72da15a0-e2d3-56dc-8d44-e557914b7381.mp4,comgenvid,annotated,VEO3,vatex_5000_video256,feature_change
comgenvid:datasets/comgenvid/fake/VEO3/731e8ece-9e9d-5b4c-a127-58e535328fc2.mp4,comgenvid,annotated,VEO3,vatex_5000_video256,feature_change
comgenvid:datasets/comgenvid/fake/VEO3/73358aa4-9216-58f2-8bf1-03760f336b42.mp4,comgenvid,annotated,VEO3,vatex_5000_video256,feature_change
comgenvid:datasets/comgenvid/fake/VEO3/7346638c-15fc-55f6-b6db-7a263e6cc043.mp4,comgenvid,annotated,VEO3,vatex_5000_video256,feature_change
comgenvid:datasets/comgenvid/fake/VEO3/7364b36b-0218-5351-b148-6f97641f5f27.mp4,comgenvid,annotated,VEO3,vatex_5000_video256,feature_change
comgenvid:datasets/comgenvid/fake/VEO3/73a1f86f-ccf8-55f9-a4df-399f35407f0c.mp4,comgenvid,annotated,VEO3,vatex_5000_video256,feature_change
comgenvid:datasets/comgenvid/fake/VEO3/73e5dfe6-052c-522c-b1fc-30bbbee9793d.mp4,comgenvid,annotated,VEO3,vatex_5000_video256,feature_change
comgenvid:datasets/comgenvid/fake/VEO3/744aaa6a-38db-5de6-bb0e-be2455e72359.mp4,comgenvid,annotated,VEO3,vatex_5000_video256,feature_change
comgenvid:datasets/comgenvid/fake/VEO3/74bb3761-ef8b-5875-9c51-1c730b2c3cef.mp4,comgenvid,annotated,VEO3,vatex_5000_video256,feature_change
comgenvid:datasets/comgenvid/fake/VEO3/74cb0447-1b76-57b8-8a4a-883e8d5dbb8b.mp4,comgenvid,annotated,VEO3,vatex_5000_video256,feature_change
comgenvid:datasets/comgenvid/fake/VEO3/750e5c41-13c2-59f9-9fb6-049bdbe1d74d.mp4,comgenvid,annotated,VEO3,vatex_5000_video256,feature_change
comgenvid:datasets/comgenvid/fake/VEO3/75260b47-1039-5326-afda-904ec6f1e49f.mp4,comgenvid,annotated,VEO3,vatex_5000_video256,feature_change
comgenvid:datasets/comgenvid/fake/VEO3/75282ca5-120a-5824-9811-0678c7ea6694.mp4,comgenvid,annotated,VEO3,vatex_5000_video256,feature_change
comgenvid:datasets/comgenvid/fake/VEO3/752c39af-bc04-5257-912f-493417c471b5.mp4,comgenvid,annotated,VEO3,vatex_5000_video256,feature_change
comgenvid:datasets/comgenvid/fake/VEO3/7541eaf1-9cc8-522d-954e-d95955334c3c.mp4,comgenvid,annotated,VEO3,vatex_5000_video256,feature_change
comgenvid:datasets/comgenvid/fake/VEO3/754c24ad-36c8-5eee-b1ad-eb0e0b4911dd.mp4,comgenvid,annotated,VEO3,vatex_5000_video256,feature_change
comgenvid:datasets/comgenvid/fake/VEO3/755442d0-337d-54b6-bf30-59fb4331fa85.mp4,comgenvid,annotated,VEO3,vatex_5000_video256,feature_change
comgenvid:datasets/comgenvid/fake/VEO3/756ddd2b-9b0f-535a-8a32-d424301fe6b6.mp4,comgenvid,annotated,VEO3,vatex_5000_video256,feature_change
comgenvid:datasets/comgenvid/fake/VEO3/7570a014-178f-5921-8509-9f60e310b193.mp4,comgenvid,annotated,VEO3,vatex_5000_video256,feature_change
comgenvid:datasets/comgenvid/fake/VEO3/757777f2-d776-555b-905b-a963fe5906f4.mp4,comgenvid,annotated,VEO3,vatex_5000_video256,feature_change
comgenvid:datasets/comgenvid/fake/VEO3/758fec1a-8da7-5358-a4d5-476ff977017b.mp4,comgenvid,annotated,VEO3,vatex_5000_video256,feature_change
comgenvid:datasets/comgenvid/fake/VEO3/759f38e8-cbb8-5b86-8ed9-36c48b36c3be.mp4,comgenvid,annotated,VEO3,vatex_5000_video256,feature_change
comgenvid:datasets/comgenvid/fake/VEO3/75bce02e-61eb-5d54-939e-18ba156b5ab2.mp4,comgenvid,annotated,VEO3,vatex_5000_video256,feature_change
comgenvid:datasets/comgenvid/fake/VEO3/75e83cd2-fc1d-545e-9008-c6628c7da07c.mp4,comgenvid,annotated,VEO3,vatex_5000_video256,feature_change
comgenvid:datasets/comgenvid/fake/VEO3/75f41f8a-5832-5053-ae4f-f8f32f3c2eb5.mp4,comgenvid,annotated,VEO3,vatex_5000_video256,feature_change
comgenvid:datasets/comgenvid/fake/VEO3/76108a70-3200-589a-9770-5e41431cc6ba.mp4,comgenvid,annotated,VEO3,vatex_5000_video256,feature_change
comgenvid:datasets/comgenvid/fake/VEO3/761ab321-303d-5dcb-ad2c-432aaded7206.mp4,comgenvid,annotated,VEO3,vatex_5000_video256,feature_change
comgenvid:datasets/comgenvid/fake/VEO3/762ec1fa-b98e-5e7f-ab80-c357a5d68288.mp4,comgenvid,annotated,VEO3,vatex_5000_video256,feature_change
comgenvid:datasets/comgenvid/fake/VEO3/762f7e48-878b-5960-a59b-d3e20e131367.mp4,comgenvid,annotated,VEO3,vatex_5000_video256,feature_change
comgenvid:datasets/comgenvid/fake/VEO3/767ac1fb-fb28-5dc2-af12-b4ee6751de10.mp4,comgenvid,annotated,VEO3,vatex_5000_video256,feature_change
comgenvid:datasets/comgenvid/fake/VEO3/76af3190-1032-51ba-92ff-df9fc35757d9.mp4,comgenvid,annotated,VEO3,vatex_5000_video256,feature_change
comgenvid:datasets/comgenvid/fake/VEO3/76d821de-62f1-5c6d-9536-256bf634f3c9.mp4,comgenvid,annotated,VEO3,vatex_5000_video256,feature_change
comgenvid:datasets/comgenvid/fake/VEO3/773d7a3f-a76c-5c8e-a904-617c4ea3e520.mp4,comgenvid,annotated,VEO3,vatex_5000_video256,feature_change
comgenvid:datasets/comgenvid/fake/VEO3/77711399-2722-5788-aafc-5b15d23ab533.mp4,comgenvid,annotated,VEO3,vatex_5000_video256,feature_change
comgenvid:datasets/comgenvid/fake/VEO3/7785b6bf-9a6c-571c-80ac-0b6dd49d9706.mp4,comgenvid,annotated,VEO3,vatex_5000_video256,feature_change
comgenvid:datasets/comgenvid/fake/VEO3/778cdeee-8f2f-5b86-839d-372842e06dea.mp4,comgenvid,annotated,VEO3,vatex_5000_video256,feature_change
comgenvid:datasets/comgenvid/fake/VEO3/7799188f-884c-59c4-b503-f7f78f9c326f.mp4,comgenvid,annotated,VEO3,vatex_5000_video256,feature_change
comgenvid:datasets/comgenvid/fake/VEO3/77b50266-9139-5c7a-b14e-f1e3683121cb.mp4,comgenvid,annotated,VEO3,vatex_5000_video256,feature_change
comgenvid:datasets/comgenvid/fake/VEO3/77f4cd04-33a3-507c-ba6b-7f70b2938cec.mp4,comgenvid,annotated,VEO3,vatex_5000_video256,feature_change
comgenvid:datasets/comgenvid/fake/VEO3/77f7bfcb-9da8-5ab8-97ad-99612b5a5b9a.mp4,comgenvid,annotated,VEO3,vatex_5000_video256,feature_change
comgenvid:datasets/comgenvid/fake/VEO3/785d6b79-40bf-5e19-b7a3-b4c8bc141149.mp4,comgenvid,annotated,VEO3,vatex_5000_video256,feature_change
comgenvid:datasets/comgenvid/fake/VEO3/78673e41-1a19-58f3-b9a0-f544076d3c08.mp4,comgenvid,annotated,VEO3,vatex_5000_video256,feature_change
comgenvid:datasets/comgenvid/fake/VEO3/789e6afe-eb83-59fe-a460-3203e18ced7c.mp4,comgenvid,annotated,VEO3,vatex_5000_video256,feature_change
comgenvid:datasets/comgenvid/fake/VEO3/78f1cdf4-26b4-5009-a290-169c73df6769.mp4,comgenvid,annotated,VEO3,vatex_5000_video256,feature_change
comgenvid:datasets/comgenvid/fake/VEO3/78fb3604-e34b-5fed-8040-d2c35560fd09.mp4,comgenvid,annotated,VEO3,vatex_5000_video256,feature_change
comgenvid:datasets/comgenvid/fake/VEO3/792403f2-061a-5e71-aa63-bdc408e28b72.mp4,comgenvid,annotated,VEO3,vatex_5000_video256,feature_change
comgenvid:datasets/comgenvid/fake/VEO3/7996805e-1dee-5db1-a815-9858b3e77ff8.mp4,comgenvid,annotated,VEO3,vatex_5000_video256,feature_change
comgenvid:datasets/comgenvid/fake/VEO3/799d862b-c6f1-516c-8e24-f3338d241b74.mp4,comgenvid,annotated,VEO3,vatex_5000_video256,feature_change
comgenvid:datasets/comgenvid/fake/VEO3/79eb0fd1-de3a-506d-b155-529de0b509f3.mp4,comgenvid,annotated,VEO3,vatex_5000_video256,feature_change
comgenvid:datasets/comgenvid/fake/VEO3/7a172971-d06c-513e-b580-30c2956b27af.mp4,comgenvid,annotated,VEO3,vatex_5000_video256,feature_change
comgenvid:datasets/comgenvid/fake/VEO3/7a7daf10-af66-5d6d-8142-b83ce8360e4c.mp4,comgenvid,annotated,VEO3,vatex_5000_video256,feature_change
comgenvid:datasets/comgenvid/fake/VEO3/7a834007-f163-58b2-80c9-e8851dfa2925.mp4,comgenvid,annotated,VEO3,vatex_5000_video256,feature_change
comgenvid:datasets/comgenvid/fake/VEO3/7aae4511-78e8-5071-84f3-9d3f02bc8a74.mp4,comgenvid,annotated,VEO3,vatex_5000_video256,feature_change
comgenvid:datasets/comgenvid/fake/VEO3/7ad36116-9a1e-54ed-b2fc-f70e317d0556.mp4,comgenvid,annotated,VEO3,vatex_5000_video256,feature_change
comgenvid:datasets/comgenvid/fake/VEO3/7aeb18dd-a0fc-512a-9110-35e9feacf4d5.mp4,comgenvid,annotated,VEO3,vatex_5000_video256,feature_change
comgenvid:datasets/comgenvid/fake/VEO3/7af145df-47a9-57d1-bbf9-5a9de052c9db.mp4,comgenvid,annotated,VEO3,vatex_5000_video256,feature_change
comgenvid:datasets/comgenvid/fake/VEO3/7b88d6a5-e35f-5c3a-87d1-f403874c3187.mp4,comgenvid,annotated,VEO3,vatex_5000_video256,feature_change
comgenvid:datasets/comgenvid/fake/VEO3/7bcb0a0d-8c90-5f67-8bc4-8f5ad4d55054.mp4,comgenvid,annotated,VEO3,vatex_5000_video256,feature_change
comgenvid:datasets/comgenvid/fake/VEO3/7be45b86-ec35-5d20-8043-8a827f8128ec.mp4,comgenvid,annotated,VEO3,vatex_5000_video256,feature_change
comgenvid:datasets/comgenvid/fake/VEO3/7bede200-626c-5048-b12b-726f2bf7f956.mp4,comgenvid,annotated,VEO3,vatex_5000_video256,feature_change
comgenvid:datasets/comgenvid/fake/VEO3/7bf68760-6934-5622-93f7-20f9592c3c00.mp4,comgenvid,annotated,VEO3,vatex_5000_video256,feature_change
comgenvid:datasets/comgenvid/fake/VEO3/7c1b10ff-a086-55b5-a4ba-56335bc2eba7.mp4,comgenvid,annotated,VEO3,vatex_5000_video256,feature_change
comgenvid:datasets/comgenvid/fake/VEO3/7c2bdffd-9317-5399-8725-0cd739d2a561.mp4,comgenvid,annotated,VEO3,vatex_5000_video256,feature_change
comgenvid:datasets/comgenvid/fake/VEO3/7c3c8736-3aaf-5185-b680-68a6dc27287f.mp4,comgenvid,annotated,VEO3,vatex_5000_video256,feature_change
comgenvid:datasets/comgenvid/fake/VEO3/7c3fce54-983a-557d-94e9-777712fc8d38.mp4,comgenvid,annotated,VEO3,vatex_5000_video256,feature_change
comgenvid:datasets/comgenvid/fake/VEO3/7c41398b-8e96-5368-ae4b-12b3fc0040c9.mp4,comgenvid,annotated,VEO3,vatex_5000_video256,feature_change
comgenvid:datasets/comgenvid/fake/VEO3/7c9c6e52-5925-5a05-85f4-a28fe9199224.mp4,comgenvid,annotated,VEO3,vatex_5000_video256,feature_change
comgenvid:datasets/comgenvid/fake/VEO3/7d0a887f-4519-520a-b903-e0a1b5cbc7e4.mp4,comgenvid,annotated,VEO3,vatex_5000_video256,feature_change
comgenvid:datasets/comgenvid/fake/VEO3/7d14f188-7f5e-5fee-a00a-e80a1941f346.mp4,comgenvid,annotated,VEO3,vatex_5000_video256,feature_change
comgenvid:datasets/comgenvid/fake/VEO3/7d1d6eee-44df-53a6-be3d-23e4a8147e0e.mp4,comgenvid,annotated,VEO3,vatex_5000_video256,feature_change
comgenvid:datasets/comgenvid/fake/VEO3/7d25a5db-cf77-58f9-b4c8-ce7d120dd1d7.mp4,comgenvid,annotated,VEO3,vatex_5000_video256,feature_change
comgenvid:datasets/comgenvid/fake/VEO3/7d4d4527-8ffa-581a-9b24-371109374f7d.mp4,comgenvid,annotated,VEO3,vatex_5000_video256,feature_change
comgenvid:datasets/comgenvid/fake/VEO3/7d737a59-90c5-5e72-8a4b-9ca05f52b505.mp4,comgenvid,annotated,VEO3,vatex_5000_video256,feature_change
comgenvid:datasets/comgenvid/fake/VEO3/7dabaa26-d8fc-5d55-87a0-3f32e1c928fa.mp4,comgenvid,annotated,VEO3,vatex_5000_video256,feature_change
comgenvid:datasets/comgenvid/fake/VEO3/7dba9eb5-d1ac-58f5-83ff-0f02b530d5ae.mp4,comgenvid,annotated,VEO3,vatex_5000_video256,feature_change
comgenvid:datasets/comgenvid/fake/VEO3/7df0eb21-d437-5571-8196-2a206ff10e03.mp4,comgenvid,annotated,VEO3,vatex_5000_video256,feature_change
comgenvid:datasets/comgenvid/fake/VEO3/7e46013a-2d87-5d09-adeb-81102d846211.mp4,comgenvid,annotated,VEO3,vatex_5000_video256,feature_change
comgenvid:datasets/comgenvid/fake/VEO3/7eb6c5e7-306b-5972-a6b7-4448747d5753.mp4,comgenvid,annotated,VEO3,vatex_5000_video256,feature_change
comgenvid:datasets/comgenvid/fake/VEO3/7ecca0ff-2d4b-561f-a0f8-f58235c5daf0.mp4,comgenvid,annotated,VEO3,vatex_5000_video256,feature_change
comgenvid:datasets/comgenvid/fake/VEO3/7ed621f7-d862-5d23-9896-7a39273179e6.mp4,comgenvid,annotated,VEO3,vatex_5000_video256,feature_change
