subset,source_model,filename,fusion,global_weight,patch_spat_weight,patch_temp_weight,patch_temp_mode,match_radius,top_m,temperature,lambda_dist,patch_spat_percentile,patch_final_score,final_score,patch_temp_percentile
real,MSVD,-4wsuPCjDBc_5_15.mp4,patch_only,,0.7,0.3,motion_soft,2,4,0.07,0.01,0.08186101295641932,0.2057126030624264,0.2057126030624264,0.49469964664310956
real,MSVD,-7KMZQEsJW4_205_208.mp4,patch_only,,0.7,0.3,motion_soft,2,4,0.07,0.01,0.20906949352179033,0.21931684334511187,0.21931684334511187,0.24322732626619553
real,MSVD,-8y1Q0rA3n8_108_115.mp4,patch_only,,0.7,0.3,motion_soft,2,4,0.07,0.01,0.6725559481743227,0.5729093050647821,0.5729093050647821,0.3404004711425206
real,MSVD,-8y1Q0rA3n8_95_102.mp4,patch_only,,0.7,0.3,motion_soft,2,4,0.07,0.01,0.8315665488810365,0.6013545347467608,0.6013545347467608,0.06419316843345112
real,MSVD,-AwoiGR6c8M_10_14.mp4,patch_only,,0.7,0.3,motion_soft,2,4,0.07,0.01,0.4122497055359246,0.48857479387514724,0.48857479387514724,0.6666666666666666
real,MSVD,-Cv5LsqKUXc_17_25.mp4,patch_only,,0.7,0.3,motion_soft,2,4,0.07,0.01,0.8963486454652533,0.8744405182567727,0.8744405182567727,0.823321554770318
real,MSVD,-Cv5LsqKUXc_71_76.mp4,patch_only,,0.7,0.3,motion_soft,2,4,0.07,0.01,0.696113074204947,0.7310954063604239,0.7310954063604239,0.8127208480565371
real,MSVD,-DKuLXYoY3g_14_20.mp4,patch_only,,0.7,0.3,motion_soft,2,4,0.07,0.01,0.7673733804475854,0.8025323910482921,0.8025323910482921,0.8845700824499411
real,MSVD,-DRy7rBg0IQ_31_37.mp4,patch_only,,0.7,0.3,motion_soft,2,4,0.07,0.01,0.25382803297997647,0.3467608951707891,0.3467608951707891,0.5636042402826855
real,MSVD,-FugkxLmGO4_5_16.mp4,patch_only,,0.7,0.3,motion_soft,2,4,0.07,0.01,0.027090694935217905,0.06578327444051826,0.06578327444051826,0.15606595995288575
real,MSVD,-Ms9tsWmhyU_80_95.mp4,patch_only,,0.7,0.3,motion_soft,2,4,0.07,0.01,0.24381625441696114,0.4242049469964664,0.4242049469964664,0.8451118963486455
real,MSVD,-YI0cxuNcq8_262_272.mp4,patch_only,,0.7,0.3,motion_soft,2,4,0.07,0.01,0.5506478209658422,0.49711425206124854,0.49711425206124854,0.37220259128386335
real,MSVD,-_aaMGK6GGw_57_61.mp4,patch_only,,0.7,0.3,motion_soft,2,4,0.07,0.01,0.6030624263839811,0.6509422850412249,0.6509422850412249,0.7626619552414605
real,MSVD,-_hbPLsZvvo_172_179.mp4,patch_only,,0.7,0.3,motion_soft,2,4,0.07,0.01,0.6949352179034158,0.6749705535924617,0.6749705535924617,0.6283863368669023
real,MSVD,-_hbPLsZvvo_18_25.mp4,patch_only,,0.7,0.3,motion_soft,2,4,0.07,0.01,0.8498233215547704,0.8743816254416961,0.8743816254416961,0.9316843345111896
real,MSVD,-_hbPLsZvvo_19_25.mp4,patch_only,,0.7,0.3,motion_soft,2,4,0.07,0.01,0.8804475853945819,0.8915783274440517,0.8915783274440517,0.917550058892815
real,MSVD,-_hbPLsZvvo_19_26.mp4,patch_only,,0.7,0.3,motion_soft,2,4,0.07,0.01,0.8804475853945819,0.8915783274440517,0.8915783274440517,0.917550058892815
real,MSVD,-_hbPLsZvvo_211_219.mp4,patch_only,,0.7,0.3,motion_soft,2,4,0.07,0.01,0.9104829210836278,0.8567726737338044,0.8567726737338044,0.7314487632508834
real,MSVD,-_hbPLsZvvo_269_275.mp4,patch_only,,0.7,0.3,motion_soft,2,4,0.07,0.01,0.508833922261484,0.5123674911660777,0.5123674911660777,0.5206124852767963
real,MSVD,-_hbPLsZvvo_288_305.mp4,patch_only,,0.7,0.3,motion_soft,2,4,0.07,0.01,0.3551236749116608,0.311660777385159,0.311660777385159,0.21024734982332155
real,MSVD,-_hbPLsZvvo_49_55.mp4,patch_only,,0.7,0.3,motion_soft,2,4,0.07,0.01,0.34393404004711425,0.32414605418138986,0.32414605418138986,0.2779740871613663
real,MSVD,-_hbPLsZvvo_5_8.mp4,patch_only,,0.7,0.3,motion_soft,2,4,0.07,0.01,0.03121319199057715,0.09587750294464074,0.09587750294464074,0.24676089517078917
real,MSVD,-bjOB4zS0uE_100_105.mp4,patch_only,,0.7,0.3,motion_soft,2,4,0.07,0.01,0.3292108362779741,0.47249705535924613,0.47249705535924613,0.806831566548881
real,MSVD,-dm-ds5rRaM_44_52.mp4,patch_only,,0.7,0.3,motion_soft,2,4,0.07,0.01,0.6248527679623086,0.5322732626619552,0.5322732626619552,0.31625441696113077
real,MSVD,-joBOHlg5J0_72_80.mp4,patch_only,,0.7,0.3,motion_soft,2,4,0.07,0.01,0.1607773851590106,0.23215547703180212,0.23215547703180212,0.39870435806831567
real,MSVD,-mAoVOhKy0c_4_9.mp4,patch_only,,0.7,0.3,motion_soft,2,4,0.07,0.01,0.030624263839811542,0.02779740871613663,0.02779740871613663,0.02120141342756184
real,MSVD,-pUwIypksfE_13_23.mp4,patch_only,,0.7,0.3,motion_soft,2,4,0.07,0.01,0.6254416961130742,0.4977031802120141,0.4977031802120141,0.19964664310954064
real,MSVD,-rkErLY0rRc_26_35.mp4,patch_only,,0.7,0.3,motion_soft,2,4,0.07,0.01,0.06654888103651355,0.047644287396937574,0.047644287396937574,0.0035335689045936395
real,MSVD,-rkErLY0rRc_63_67.mp4,patch_only,,0.7,0.3,motion_soft,2,4,0.07,0.01,0.4705535924617197,0.4232037691401649,0.4232037691401649,0.3127208480565371
real,MSVD,-rvjK0lE3z4_33_43.mp4,patch_only,,0.7,0.3,motion_soft,2,4,0.07,0.01,0.3934040047114252,0.425206124852768,0.425206124852768,0.4994110718492344
real,MSVD,-s4-6QTT7HE_235_241.mp4,patch_only,,0.7,0.3,motion_soft,2,4,0.07,0.01,0.7084805653710248,0.6098939929328622,0.6098939929328622,0.37985865724381623
real,MSVD,-t-ZWaJeH-o_0_15.mp4,patch_only,,0.7,0.3,motion_soft,2,4,0.07,0.01,0.35159010600706714,0.32279151943462897,0.32279151943462897,0.25559481743227325
real,MSVD,-uT_1VDvXok_8_15.mp4,patch_only,,0.7,0.3,motion_soft,2,4,0.07,0.01,0.46054181389870436,0.40471142520612485,0.40471142520612485,0.2744405182567727
real,MSVD,-vKO3uSG6Do_3_14.mp4,patch_only,,0.7,0.3,motion_soft,2,4,0.07,0.01,0.6590106007067138,0.5206713780918728,0.5206713780918728,0.1978798586572438
real,MSVD,-vg3vR86fu0_1_6.mp4,patch_only,,0.7,0.3,motion_soft,2,4,0.07,0.01,0.7638398115429917,0.6906949352179034,0.6906949352179034,0.5200235571260307
real,MSVD,-wa0umYJVGg_100_115.mp4,patch_only,,0.7,0.3,motion_soft,2,4,0.07,0.01,0.6266195524146054,0.5488810365135454,0.5488810365135454,0.3674911660777385
real,MSVD,-wa0umYJVGg_117_123.mp4,patch_only,,0.7,0.3,motion_soft,2,4,0.07,0.01,0.6472320376914017,0.6666666666666666,0.6666666666666666,0.7120141342756183
real,MSVD,-wa0umYJVGg_139_157.mp4,patch_only,,0.7,0.3,motion_soft,2,4,0.07,0.01,0.9876325088339223,0.986572438162544,0.986572438162544,0.9840989399293286
real,MSVD,-wa0umYJVGg_168_176.mp4,patch_only,,0.7,0.3,motion_soft,2,4,0.07,0.01,0.6796230859835101,0.5962308598351,0.5962308598351,0.4016489988221437
real,MSVD,-wa0umYJVGg_23_41.mp4,patch_only,,0.7,0.3,motion_soft,2,4,0.07,0.01,0.6519434628975265,0.5570671378091872,0.5570671378091872,0.33568904593639576
real,MSVD,-wa0umYJVGg_286_290.mp4,patch_only,,0.7,0.3,motion_soft,2,4,0.07,0.01,0.6808009422850412,0.6846878680800942,0.6846878680800942,0.6937573616018846
real,MSVD,-zOrV-5vh1A_69_76.mp4,patch_only,,0.7,0.3,motion_soft,2,4,0.07,0.01,0.22084805653710246,0.1802120141342756,0.1802120141342756,0.08539458186101295
real,MSVD,02Z-kuB3IaM_2_13.mp4,patch_only,,0.7,0.3,motion_soft,2,4,0.07,0.01,0.5047114252061249,0.5211425206124852,0.5211425206124852,0.5594817432273262
real,MSVD,04Gt01vatkk_248_265.mp4,patch_only,,0.7,0.3,motion_soft,2,4,0.07,0.01,0.8992932862190812,0.9167844522968197,0.9167844522968197,0.9575971731448764
real,MSVD,04Gt01vatkk_308_321.mp4,patch_only,,0.7,0.3,motion_soft,2,4,0.07,0.01,0.8934040047114252,0.8935806831566548,0.8935806831566548,0.8939929328621908
real,MSVD,05gNigkqfNU_11_23.mp4,patch_only,,0.7,0.3,motion_soft,2,4,0.07,0.01,0.8833922261484098,0.8353356890459364,0.8353356890459364,0.7232037691401649
real,MSVD,05gNigkqfNU_24_32.mp4,patch_only,,0.7,0.3,motion_soft,2,4,0.07,0.01,0.9935217903415783,0.9585394581861013,0.9585394581861013,0.8769140164899882
real,MSVD,05gNigkqfNU_25_34.mp4,patch_only,,0.7,0.3,motion_soft,2,4,0.07,0.01,0.9935217903415783,0.9585394581861013,0.9585394581861013,0.8769140164899882
real,MSVD,05gNigkqfNU_78_84.mp4,patch_only,,0.7,0.3,motion_soft,2,4,0.07,0.01,0.4758539458186101,0.552002355712603,0.552002355712603,0.7296819787985865
real,MSVD,06CbMa0kDr8_3_13.mp4,patch_only,,0.7,0.3,motion_soft,2,4,0.07,0.01,0.023557126030624265,0.07832744405182568,0.07832744405182568,0.2061248527679623
real,MSVD,08pVpBq706k_175_212.mp4,patch_only,,0.7,0.3,motion_soft,2,4,0.07,0.01,0.408716136631331,0.47585394581861007,0.47585394581861007,0.6325088339222615
real,MSVD,0GXq1An3yHI_22_35.mp4,patch_only,,0.7,0.3,motion_soft,2,4,0.07,0.01,0.9134275618374559,0.8316254416961131,0.8316254416961131,0.64075382803298
real,MSVD,0I4VKj4d0WI_24_40.mp4,patch_only,,0.7,0.3,motion_soft,2,4,0.07,0.01,0.7797408716136631,0.7396348645465253,0.7396348645465253,0.6460541813898705
real,MSVD,0IDJG0q9j_k_1_24.mp4,patch_only,,0.7,0.3,motion_soft,2,4,0.07,0.01,0.2508833922261484,0.34222614840989396,0.34222614840989396,0.555359246171967
real,MSVD,0M-PyX2DbZc_25_31.mp4,patch_only,,0.7,0.3,motion_soft,2,4,0.07,0.01,0.23616018845700826,0.34552414605418136,0.34552414605418136,0.6007067137809188
real,MSVD,0ONJfp95yoE_1_10.mp4,patch_only,,0.7,0.3,motion_soft,2,4,0.07,0.01,0.2856301531213192,0.35047114252061246,0.35047114252061246,0.5017667844522968
real,MSVD,0RWJEOScToE_414_421.mp4,patch_only,,0.7,0.3,motion_soft,2,4,0.07,0.01,0.9293286219081273,0.9367491166077739,0.9367491166077739,0.9540636042402827
real,MSVD,0SMOK2ql7Pg_5_12.mp4,patch_only,,0.7,0.3,motion_soft,2,4,0.07,0.01,0.6401648998822144,0.6502355712603063,0.6502355712603063,0.673733804475854
real,MSVD,0bSz70pYAP0_5_15.mp4,patch_only,,0.7,0.3,motion_soft,2,4,0.07,0.01,0.36984687868080096,0.289811542991755,0.289811542991755,0.10306242638398115
real,MSVD,0hyZ__3YhZc_279_283.mp4,patch_only,,0.7,0.3,motion_soft,2,4,0.07,0.01,0.8333333333333334,0.8061248527679623,0.8061248527679623,0.7426383981154299
real,MSVD,0hyZ__3YhZc_289_295.mp4,patch_only,,0.7,0.3,motion_soft,2,4,0.07,0.01,0.9440518256772674,0.9332744405182567,0.9332744405182567,0.9081272084805654
real,MSVD,0hyZ__3YhZc_302_307.mp4,patch_only,,0.7,0.3,motion_soft,2,4,0.07,0.01,0.9240282685512368,0.931095406360424,0.931095406360424,0.947585394581861
real,MSVD,0hyZ__3YhZc_341_348.mp4,patch_only,,0.7,0.3,motion_soft,2,4,0.07,0.01,0.7126030624263839,0.7246171967020023,0.7246171967020023,0.7526501766784452
real,MSVD,0hyZ__3YhZc_352_356.mp4,patch_only,,0.7,0.3,motion_soft,2,4,0.07,0.01,0.856301531213192,0.8621319199057715,0.8621319199057715,0.875736160188457
real,MSVD,0hyZ__3YhZc_380_384.mp4,patch_only,,0.7,0.3,motion_soft,2,4,0.07,0.01,0.892226148409894,0.9047703180212014,0.9047703180212014,0.934040047114252
real,MSVD,0hyZ__3YhZc_388_394.mp4,patch_only,,0.7,0.3,motion_soft,2,4,0.07,0.01,0.4275618374558304,0.501060070671378,0.501060070671378,0.6725559481743227
real,MSVD,0hyZ__3YhZc_410_417.mp4,patch_only,,0.7,0.3,motion_soft,2,4,0.07,0.01,0.6124852767962309,0.6700824499411072,0.6700824499411072,0.8044758539458187
real,MSVD,0hyZ__3YhZc_418_424.mp4,patch_only,,0.7,0.3,motion_soft,2,4,0.07,0.01,0.5812720848056537,0.6081272084805653,0.6081272084805653,0.6707891637220259
real,MSVD,0hyZ__3YhZc_485_490.mp4,patch_only,,0.7,0.3,motion_soft,2,4,0.07,0.01,0.958186101295642,0.9396348645465253,0.9396348645465253,0.8963486454652533
real,MSVD,0hyZ__3YhZc_562_568.mp4,patch_only,,0.7,0.3,motion_soft,2,4,0.07,0.01,0.18669022379269729,0.22750294464075382,0.22750294464075382,0.32273262661955243
real,MSVD,0hyZ__3YhZc_575_580.mp4,patch_only,,0.7,0.3,motion_soft,2,4,0.07,0.01,0.35276796230859836,0.3808598351001178,0.3808598351001178,0.4464075382803298
real,MSVD,0hyZ__3YhZc_632_637.mp4,patch_only,,0.7,0.3,motion_soft,2,4,0.07,0.01,0.7685512367491166,0.7712014134275618,0.7712014134275618,0.7773851590106007
real,MSVD,0k1Ak8aTMVI_4_12.mp4,patch_only,,0.7,0.3,motion_soft,2,4,0.07,0.01,0.4546525323910483,0.5290341578327444,0.5290341578327444,0.7025912838633687
real,MSVD,0lh_UWF9ZP4_138_145.mp4,patch_only,,0.7,0.3,motion_soft,2,4,0.07,0.01,0.826266195524146,0.8047114252061248,0.8047114252061248,0.7544169611307421
real,MSVD,0lh_UWF9ZP4_148_155.mp4,patch_only,,0.7,0.3,motion_soft,2,4,0.07,0.01,0.7290930506478209,0.5759128386336866,0.5759128386336866,0.21849234393404005
real,MSVD,0lh_UWF9ZP4_157_160.mp4,patch_only,,0.7,0.3,motion_soft,2,4,0.07,0.01,0.5135453474676089,0.4352767962308598,0.4352767962308598,0.25265017667844525
real,MSVD,0lh_UWF9ZP4_165_170.mp4,patch_only,,0.7,0.3,motion_soft,2,4,0.07,0.01,0.7691401648998822,0.5979387514723203,0.5979387514723203,0.19846878680800942
real,MSVD,0lh_UWF9ZP4_174_178.mp4,patch_only,,0.7,0.3,motion_soft,2,4,0.07,0.01,0.690223792697291,0.6939340400471142,0.6939340400471142,0.7025912838633687
real,MSVD,0lh_UWF9ZP4_178_182.mp4,patch_only,,0.7,0.3,motion_soft,2,4,0.07,0.01,0.3003533568904594,0.3510600706713781,0.3510600706713781,0.46937573616018846
real,MSVD,0lh_UWF9ZP4_183_190.mp4,patch_only,,0.7,0.3,motion_soft,2,4,0.07,0.01,0.9428739693757362,0.9220259128386337,0.9220259128386337,0.8733804475853946
real,MSVD,0lh_UWF9ZP4_191_197.mp4,patch_only,,0.7,0.3,motion_soft,2,4,0.07,0.01,0.9481743227326266,0.7875736160188457,0.7875736160188457,0.4128386336866902
real,MSVD,0lh_UWF9ZP4_199_207.mp4,patch_only,,0.7,0.3,motion_soft,2,4,0.07,0.01,0.6254416961130742,0.581095406360424,0.581095406360424,0.47762073027090696
real,MSVD,0lh_UWF9ZP4_215_226.mp4,patch_only,,0.7,0.3,motion_soft,2,4,0.07,0.01,0.784452296819788,0.7641342756183744,0.7641342756183744,0.7167255594817432
real,MSVD,0lh_UWF9ZP4_21_26.mp4,patch_only,,0.7,0.3,motion_soft,2,4,0.07,0.01,0.803886925795053,0.7462897526501767,0.7462897526501767,0.6118963486454653
real,MSVD,0lh_UWF9ZP4_27_31.mp4,patch_only,,0.7,0.3,motion_soft,2,4,0.07,0.01,0.980565371024735,0.9784452296819788,0.9784452296819788,0.9734982332155477
real,MSVD,0lh_UWF9ZP4_38_46.mp4,patch_only,,0.7,0.3,motion_soft,2,4,0.07,0.01,0.45170789163722025,0.536866902237927,0.536866902237927,0.7355712603062426
real,MSVD,0lh_UWF9ZP4_50_60.mp4,patch_only,,0.7,0.3,motion_soft,2,4,0.07,0.01,0.806831566548881,0.8308598351001177,0.8308598351001177,0.8869257950530035
real,MSVD,0lh_UWF9ZP4_62_69.mp4,patch_only,,0.7,0.3,motion_soft,2,4,0.07,0.01,0.9204946996466431,0.8710247349823321,0.8710247349823321,0.7555948174322733
real,MSVD,0lh_UWF9ZP4_71_77.mp4,patch_only,,0.7,0.3,motion_soft,2,4,0.07,0.01,0.39399293286219084,0.5181978798586573,0.5181978798586573,0.8080094228504122
real,MSVD,0lh_UWF9ZP4_79_82.mp4,patch_only,,0.7,0.3,motion_soft,2,4,0.07,0.01,0.649587750294464,0.6833333333333332,0.6833333333333332,0.7620730270906949
real,MSVD,0lh_UWF9ZP4_82_87.mp4,patch_only,,0.7,0.3,motion_soft,2,4,0.07,0.01,0.9770318021201413,0.9784452296819787,0.9784452296819787,0.9817432273262662
real,MSVD,0lh_UWF9ZP4_94_103.mp4,patch_only,,0.7,0.3,motion_soft,2,4,0.07,0.01,0.8586572438162544,0.8821554770318021,0.8821554770318021,0.9369846878680801
real,MSVD,0piwbTivpDg_10_40.mp4,patch_only,,0.7,0.3,motion_soft,2,4,0.07,0.01,0.6566548881036514,0.6976442873969375,0.6976442873969375,0.7932862190812721
real,MSVD,0sUL0KCIc48_15_25.mp4,patch_only,,0.7,0.3,motion_soft,2,4,0.07,0.01,0.6478209658421673,0.6806831566548881,0.6806831566548881,0.7573616018845701
real,MSVD,0vmoZEaN_-o_4_12.mp4,patch_only,,0.7,0.3,motion_soft,2,4,0.07,0.01,0.5700824499411072,0.5820965842167256,0.5820965842167256,0.6101295641931684
real,MSVD,0vmoZEaN_-o_5_21.mp4,patch_only,,0.7,0.3,motion_soft,2,4,0.07,0.01,0.5471142520612485,0.5183156654888104,0.5183156654888104,0.45111896348645464
real,MSVD,0wutCy2ZGOQ_4_10.mp4,patch_only,,0.7,0.3,motion_soft,2,4,0.07,0.01,0.43462897526501765,0.4319787985865724,0.4319787985865724,0.42579505300353354
real,MSVD,0xx13BuvVmo_25_36.mp4,patch_only,,0.7,0.3,motion_soft,2,4,0.07,0.01,0.7968197879858657,0.8109540636042403,0.8109540636042403,0.8439340400471143
real,MSVD,11xs9mFKObs_0_8.mp4,patch_only,,0.7,0.3,motion_soft,2,4,0.07,0.01,0.002944640753828033,0.07361601884570082,0.07361601884570082,0.23851590106007067
real,MSVD,16iNk1hLJt4_37_40.mp4,patch_only,,0.7,0.3,motion_soft,2,4,0.07,0.01,0.7497055359246172,0.7465253239104829,0.7465253239104829,0.7391048292108363
real,MSVD,1Dty_eGY9Ec_123_133.mp4,patch_only,,0.7,0.3,motion_soft,2,4,0.07,0.01,0.3027090694935218,0.3148998822143698,0.3148998822143698,0.34334511189634864
real,MSVD,1QVn0FffExM_14_24.mp4,patch_only,,0.7,0.3,motion_soft,2,4,0.07,0.01,0.03769140164899882,0.0790341578327444,0.0790341578327444,0.17550058892815076
real,MSVD,1RchFBCT9JU_43_53.mp4,patch_only,,0.7,0.3,motion_soft,2,4,0.07,0.01,0.1248527679623086,0.317962308598351,0.317962308598351,0.7685512367491166
real,MSVD,1Sp2__RCT0c_11_15.mp4,patch_only,,0.7,0.3,motion_soft,2,4,0.07,0.01,0.3657243816254417,0.2968197879858657,0.2968197879858657,0.13604240282685512
real,MSVD,1_6V30igzIk_5_15.mp4,patch_only,,0.7,0.3,motion_soft,2,4,0.07,0.01,0.702002355712603,0.5497055359246171,0.5497055359246171,0.19434628975265017
real,MSVD,1dA1RQgPN3c_72_82.mp4,patch_only,,0.7,0.3,motion_soft,2,4,0.07,0.01,0.2573616018845701,0.20206124852767962,0.20206124852767962,0.07302709069493522
real,MSVD,1dYpcVv6n3Y_0_18.mp4,patch_only,,0.7,0.3,motion_soft,2,4,0.07,0.01,0.2626619552414605,0.44287396937573614,0.44287396937573614,0.8633686690223793
real,MSVD,1dfR0A_BXjw_401_408.mp4,patch_only,,0.7,0.3,motion_soft,2,4,0.07,0.01,0.8775029446407538,0.8981743227326265,0.8981743227326265,0.9464075382803298
real,MSVD,1dfR0A_BXjw_441_448.mp4,patch_only,,0.7,0.3,motion_soft,2,4,0.07,0.01,0.6802120141342756,0.7484098939929328,0.7484098939929328,0.9075382803297998
real,MSVD,1dfR0A_BXjw_524_532.mp4,patch_only,,0.7,0.3,motion_soft,2,4,0.07,0.01,0.8457008244994111,0.7536513545347467,0.7536513545347467,0.5388692579505301
real,MSVD,1dfR0A_BXjw_545_560.mp4,patch_only,,0.7,0.3,motion_soft,2,4,0.07,0.01,0.6018845700824499,0.5059481743227325,0.5059481743227325,0.28209658421672557
real,MSVD,1hPxGmTGarM_9_19.mp4,patch_only,,0.7,0.3,motion_soft,2,4,0.07,0.01,0.1896348645465253,0.18486454652532391,0.18486454652532391,0.17373380447585396
real,MSVD,1mIyMRPV8kg_9_17.mp4,patch_only,,0.7,0.3,motion_soft,2,4,0.07,0.01,0.3168433451118963,0.3076560659599529,0.3076560659599529,0.2862190812720848
real,MSVD,1pw5ZdRhiig_50_59.mp4,patch_only,,0.7,0.3,motion_soft,2,4,0.07,0.01,0.8015312131919906,0.8121319199057715,0.8121319199057715,0.8368669022379269
real,MSVD,1qU-kF-km1Q_6_16.mp4,patch_only,,0.7,0.3,motion_soft,2,4,0.07,0.01,0.0812720848056537,0.15706713780918727,0.15706713780918727,0.3339222614840989
real,MSVD,1qV4wfjTYIo_151_164.mp4,patch_only,,0.7,0.3,motion_soft,2,4,0.07,0.01,0.6295641931684335,0.5989988221436985,0.5989988221436985,0.5276796230859835
real,MSVD,1qxMJLkHDLw_0_9.mp4,patch_only,,0.7,0.3,motion_soft,2,4,0.07,0.01,0.6460541813898705,0.7119552414605419,0.7119552414605419,0.8657243816254417
real,MSVD,1rECrfrdNTo_200_207.mp4,patch_only,,0.7,0.3,motion_soft,2,4,0.07,0.01,0.19022379269729092,0.2688457008244994,0.2688457008244994,0.45229681978798586
real,MSVD,1sffYOXq4Iw_23_49.mp4,patch_only,,0.7,0.3,motion_soft,2,4,0.07,0.01,0.9458186101295641,0.8661366313309775,0.8661366313309775,0.6802120141342756
real,MSVD,21uB8g-jDZI_70_79.mp4,patch_only,,0.7,0.3,motion_soft,2,4,0.07,0.01,0.5871613663133097,0.6111896348645465,0.6111896348645465,0.6672555948174322
real,MSVD,229NvV0SRHw_0_5.mp4,patch_only,,0.7,0.3,motion_soft,2,4,0.07,0.01,0.7414605418138988,0.7400471142520613,0.7400471142520613,0.7367491166077739
real,MSVD,25NmudB2fqg_0_7.mp4,patch_only,,0.7,0.3,motion_soft,2,4,0.07,0.01,0.21083627797408716,0.4249705535924617,0.4249705535924617,0.9246171967020024
real,MSVD,27hs9W89FuI_0_10.mp4,patch_only,,0.7,0.3,motion_soft,2,4,0.07,0.01,0.5618374558303887,0.454416961130742,0.454416961130742,0.2037691401648999
real,MSVD,27mxaePkYB4_8_14.mp4,patch_only,,0.7,0.3,motion_soft,2,4,0.07,0.01,0.034746760895170786,0.07008244994110718,0.07008244994110718,0.1525323910482921
real,MSVD,2F9jX7u5nOg_114_130.mp4,patch_only,,0.7,0.3,motion_soft,2,4,0.07,0.01,0.2414605418138987,0.3704358068315665,0.3704358068315665,0.6713780918727915
real,MSVD,2F9jX7u5nOg_83_97.mp4,patch_only,,0.7,0.3,motion_soft,2,4,0.07,0.01,0.5453474676089517,0.5105418138987043,0.5105418138987043,0.4293286219081272
real,MSVD,2FLsMPsywRc_45_63.mp4,patch_only,,0.7,0.3,motion_soft,2,4,0.07,0.01,0.06419316843345112,0.06684334511189635,0.06684334511189635,0.07302709069493522
real,MSVD,2G9fkvBzzQE_10_20.mp4,patch_only,,0.7,0.3,motion_soft,2,4,0.07,0.01,0.565959952885748,0.4355712603062426,0.4355712603062426,0.13133097762073026
real,MSVD,2I20ZTFHheg_96_104.mp4,patch_only,,0.7,0.3,motion_soft,2,4,0.07,0.01,0.25500588928150764,0.26984687868080093,0.26984687868080093,0.3044758539458186
real,MSVD,2KrdBUFeFtY_22_27.mp4,patch_only,,0.7,0.3,motion_soft,2,4,0.07,0.01,0.49469964664310956,0.518904593639576,0.518904593639576,0.5753828032979976
real,MSVD,2L4oELbX8Ms_1_12.mp4,patch_only,,0.7,0.3,motion_soft,2,4,0.07,0.01,0.4387514723203769,0.44740871613663125,0.44740871613663125,0.46760895170789163
real,MSVD,2LgrGHWSy6k_122_135.mp4,patch_only,,0.7,0.3,motion_soft,2,4,0.07,0.01,0.2414605418138987,0.3063015312131919,0.3063015312131919,0.4575971731448763
real,MSVD,2MCpA01Sn_c_75_82.mp4,patch_only,,0.7,0.3,motion_soft,2,4,0.07,0.01,0.7361601884570083,0.7670789163722025,0.7670789163722025,0.8392226148409894
real,MSVD,2Nn2CAeaI5k_72_77.mp4,patch_only,,0.7,0.3,motion_soft,2,4,0.07,0.01,0.4387514723203769,0.3640164899882214,0.3640164899882214,0.1896348645465253
real,MSVD,2R_OAYQIkXM_14_22.mp4,patch_only,,0.7,0.3,motion_soft,2,4,0.07,0.01,0.13074204946996468,0.20971731448763253,0.20971731448763253,0.39399293286219084
real,MSVD,2YhDTpzxd3c_115_120.mp4,patch_only,,0.7,0.3,motion_soft,2,4,0.07,0.01,0.02061248527679623,0.022732626619552415,0.022732626619552415,0.02767962308598351
real,MSVD,2YhDTpzxd3c_149_154.mp4,patch_only,,0.7,0.3,motion_soft,2,4,0.07,0.01,0.47644287396937574,0.40541813898704354,0.40541813898704354,0.2396937573616019
real,MSVD,2YhDTpzxd3c_174_180.mp4,patch_only,,0.7,0.3,motion_soft,2,4,0.07,0.01,0.6383981154299175,0.608716136631331,0.608716136631331,0.5394581861012956
real,MSVD,2YhDTpzxd3c_223_232.mp4,patch_only,,0.7,0.3,motion_soft,2,4,0.07,0.01,0.6277974087161367,0.6901648998822143,0.6901648998822143,0.8356890459363958
real,MSVD,2YhDTpzxd3c_22_27.mp4,patch_only,,0.7,0.3,motion_soft,2,4,0.07,0.01,0.09069493521790342,0.08150765606595994,0.08150765606595994,0.06007067137809187
real,MSVD,2YhDTpzxd3c_240_245.mp4,patch_only,,0.7,0.3,motion_soft,2,4,0.07,0.01,0.8851590106007067,0.8376325088339222,0.8376325088339222,0.7267373380447585
real,MSVD,2YhDTpzxd3c_45_49.mp4,patch_only,,0.7,0.3,motion_soft,2,4,0.07,0.01,0.5406360424028268,0.3899293286219081,0.3899293286219081,0.03828032979976443
real,MSVD,2YhDTpzxd3c_98_101.mp4,patch_only,,0.7,0.3,motion_soft,2,4,0.07,0.01,0.5259128386336867,0.46584216725559474,0.46584216725559474,0.32567726737338043
real,MSVD,2jXxtQRy47A_30_38.mp4,patch_only,,0.7,0.3,motion_soft,2,4,0.07,0.01,0.12249705535924617,0.25288574793875146,0.25288574793875146,0.5571260306242638
real,MSVD,2jkExrrm_sQ_19_25.mp4,patch_only,,0.7,0.3,motion_soft,2,4,0.07,0.01,0.45170789163722025,0.3962308598351001,0.3962308598351001,0.2667844522968198
real,MSVD,2mUMTFnQWaw_1_9.mp4,patch_only,,0.7,0.3,motion_soft,2,4,0.07,0.01,0.5247349823321554,0.5365724381625441,0.5365724381625441,0.5641931684334511
real,MSVD,2xpIT0L4GqE_1_10.mp4,patch_only,,0.7,0.3,motion_soft,2,4,0.07,0.01,0.6690223792697291,0.6342167255594817,0.6342167255594817,0.5530035335689046
real,MSVD,30GeJHYoerk_121_126.mp4,patch_only,,0.7,0.3,motion_soft,2,4,0.07,0.01,0.4169611307420495,0.31890459363957596,0.31890459363957596,0.09010600706713781
real,MSVD,30GeJHYoerk_63_75.mp4,patch_only,,0.7,0.3,motion_soft,2,4,0.07,0.01,0.8945818610129564,0.9067726737338044,0.9067726737338044,0.9352179034157833
real,MSVD,30GeJHYoerk_80_85.mp4,patch_only,,0.7,0.3,motion_soft,2,4,0.07,0.01,0.34275618374558303,0.25017667844522967,0.25017667844522967,0.03415783274440518
real,MSVD,30PpKtVT8Z4_35_50.mp4,patch_only,,0.7,0.3,motion_soft,2,4,0.07,0.01,0.44228504122497053,0.36313309776207303,0.36313309776207303,0.1784452296819788
real,MSVD,32_A0-er4Ws_16_20.mp4,patch_only,,0.7,0.3,motion_soft,2,4,0.07,0.01,0.37985865724381623,0.2770318021201413,0.2770318021201413,0.037102473498233215
real,MSVD,39Ce7I6nXIw_96_104.mp4,patch_only,,0.7,0.3,motion_soft,2,4,0.07,0.01,0.10541813898704358,0.1402237926972909,0.1402237926972909,0.22143698468786807
real,MSVD,3FnUTQMJVXI_31_36.mp4,patch_only,,0.7,0.3,motion_soft,2,4,0.07,0.01,0.29034157832744406,0.27850412249705536,0.27850412249705536,0.2508833922261484
real,MSVD,3I9tSDU-OSk_17_22.mp4,patch_only,,0.7,0.3,motion_soft,2,4,0.07,0.01,0.7567726737338045,0.8078327444051825,0.8078327444051825,0.9269729093050648
real,MSVD,3OPQqH3YlHA_50_54.mp4,patch_only,,0.7,0.3,motion_soft,2,4,0.07,0.01,0.6283863368669023,0.6985276796230859,0.6985276796230859,0.8621908127208481
real,MSVD,3SKyc0aKx70_46_52.mp4,patch_only,,0.7,0.3,motion_soft,2,4,0.07,0.01,0.49411071849234395,0.5370435806831566,0.5370435806831566,0.6372202591283863
real,MSVD,3_51FhosiVY_93_101.mp4,patch_only,,0.7,0.3,motion_soft,2,4,0.07,0.01,0.676678445229682,0.6835689045936395,0.6835689045936395,0.6996466431095406
real,MSVD,3chNlP5TeO8_0_10.mp4,patch_only,,0.7,0.3,motion_soft,2,4,0.07,0.01,0.15665488810365136,0.15806831566548882,0.15806831566548882,0.16136631330977622
real,MSVD,3doK4FQM5-k_46_57.mp4,patch_only,,0.7,0.3,motion_soft,2,4,0.07,0.01,0.9034157832744405,0.8408716136631331,0.8408716136631331,0.6949352179034158
real,MSVD,3eqFFRSXwGE_84_96.mp4,patch_only,,0.7,0.3,motion_soft,2,4,0.07,0.01,0.48115429917550057,0.4760306242638398,0.4760306242638398,0.464075382803298
real,MSVD,3ftaoFnhTyY_140_150.mp4,patch_only,,0.7,0.3,motion_soft,2,4,0.07,0.01,0.17667844522968199,0.1606007067137809,0.1606007067137809,0.12308598351001178
real,MSVD,3lBHYoI5V8s_30_45.mp4,patch_only,,0.7,0.3,motion_soft,2,4,0.07,0.01,0.4658421672555948,0.39799764428739687,0.39799764428739687,0.2396937573616019
real,MSVD,3mbBbFH9fAg_21_29.mp4,patch_only,,0.7,0.3,motion_soft,2,4,0.07,0.01,0.1166077738515901,0.08904593639575971,0.08904593639575971,0.024734982332155476
real,MSVD,3n_Kqak2JdA_48_71.mp4,patch_only,,0.7,0.3,motion_soft,2,4,0.07,0.01,0.7944640753828033,0.5875736160188457,0.5875736160188457,0.10482921083627797
real,MSVD,3opDcpPxllE_50_66.mp4,patch_only,,0.7,0.3,motion_soft,2,4,0.07,0.01,0.35924617196702,0.2594228504122497,0.2594228504122497,0.026501766784452298
real,MSVD,3qqEKTPxLNs_1_15.mp4,patch_only,,0.7,0.3,motion_soft,2,4,0.07,0.01,0.31802120141342755,0.4128975265017667,0.4128975265017667,0.6342756183745583
real,MSVD,3ytUOoa1SBE_12_23.mp4,patch_only,,0.7,0.3,motion_soft,2,4,0.07,0.01,0.9028268551236749,0.6708480565371024,0.6708480565371024,0.12956419316843346
real,MSVD,3zgEl-OLFKE_12_15.mp4,patch_only,,0.7,0.3,motion_soft,2,4,0.07,0.01,0.7832744405182568,0.6716136631330978,0.6716136631330978,0.4110718492343934
real,MSVD,3zrVqwV29V8_69_76.mp4,patch_only,,0.7,0.3,motion_soft,2,4,0.07,0.01,0.7703180212014135,0.7598939929328622,0.7598939929328622,0.7355712603062426
real,MSVD,4-1gpwkD7Hc_7_15.mp4,patch_only,,0.7,0.3,motion_soft,2,4,0.07,0.01,0.10188457008244994,0.11760895170789162,0.11760895170789162,0.15429917550058891
real,MSVD,45AGQSbodbU_5_15.mp4,patch_only,,0.7,0.3,motion_soft,2,4,0.07,0.01,0.08833922261484099,0.08250883392226148,0.08250883392226148,0.06890459363957598
real,MSVD,47D9-U8hn5I_11_16.mp4,patch_only,,0.7,0.3,motion_soft,2,4,0.07,0.01,0.3415783274440518,0.46348645465253235,0.46348645465253235,0.7479387514723204
real,MSVD,4D1o4FC8YbA_207_216.mp4,patch_only,,0.7,0.3,motion_soft,2,4,0.07,0.01,0.5035335689045937,0.5471731448763251,0.5471731448763251,0.6489988221436984
real,MSVD,4D1o4FC8YbA_29_39.mp4,patch_only,,0.7,0.3,motion_soft,2,4,0.07,0.01,0.7508833922261484,0.7169611307420494,0.7169611307420494,0.6378091872791519
real,MSVD,4Hhdr1IPOGs_1_10.mp4,patch_only,,0.7,0.3,motion_soft,2,4,0.07,0.01,0.8510011778563016,0.7317432273262662,0.7317432273262662,0.4534746760895171
real,MSVD,4Hhdr1IPOGs_90_98.mp4,patch_only,,0.7,0.3,motion_soft,2,4,0.07,0.01,0.7968197879858657,0.7765017667844523,0.7765017667844523,0.7290930506478209
real,MSVD,4JVpbYmqfcI_5_19.mp4,patch_only,,0.7,0.3,motion_soft,2,4,0.07,0.01,0.37161366313309774,0.5299175500588927,0.5299175500588927,0.8992932862190812
real,MSVD,4MjTb5A68VA_111_118.mp4,patch_only,,0.7,0.3,motion_soft,2,4,0.07,0.01,0.3474676089517079,0.32061248527679626,0.32061248527679626,0.2579505300353357
real,MSVD,4PayIIIOeIs_230_238.mp4,patch_only,,0.7,0.3,motion_soft,2,4,0.07,0.01,0.24440518256772673,0.24352179034157834,0.24352179034157834,0.2414605418138987
real,MSVD,4PcL6-mjRNk_11_18.mp4,patch_only,,0.7,0.3,motion_soft,2,4,0.07,0.01,0.001177856301531213,0.057184923439340396,0.057184923439340396,0.1878680800942285
real,MSVD,4PcL6-mjRNk_47_55.mp4,patch_only,,0.7,0.3,motion_soft,2,4,0.07,0.01,0.1154299175500589,0.19034157832744403,0.19034157832744403,0.3651354534746761
real,MSVD,4QYPZM01xFE_14_26.mp4,patch_only,,0.7,0.3,motion_soft,2,4,0.07,0.01,0.9051825677267373,0.9228504122497054,0.9228504122497054,0.964075382803298
real,MSVD,4QdX5Q3qQsQ_38_44.mp4,patch_only,,0.7,0.3,motion_soft,2,4,0.07,0.01,0.8274440518256773,0.7152532391048292,0.7152532391048292,0.4534746760895171
real,MSVD,4R-tumAGrtU_12_22.mp4,patch_only,,0.7,0.3,motion_soft,2,4,0.07,0.01,0.5394581861012956,0.636454652532391,0.636454652532391,0.8627797408716137
real,MSVD,4Tn5S48sCwg_110_118.mp4,patch_only,,0.7,0.3,motion_soft,2,4,0.07,0.01,0.3674911660777385,0.2724381625441696,0.2724381625441696,0.050647820965842166
real,MSVD,4UOVKok7j1U_1_8.mp4,patch_only,,0.7,0.3,motion_soft,2,4,0.07,0.01,0.6342756183745583,0.6936395759717314,0.6936395759717314,0.8321554770318021
real,MSVD,4VLrxtf7Z_8_0_7.mp4,patch_only,,0.7,0.3,motion_soft,2,4,0.07,0.01,0.37279151943462896,0.32102473498233214,0.32102473498233214,0.20023557126030625
real,MSVD,4_WZN7uW0NY_140_145.mp4,patch_only,,0.7,0.3,motion_soft,2,4,0.07,0.01,0.7756183745583038,0.7676678445229681,0.7676678445229681,0.7491166077738516
real,MSVD,4cgzdXlJksU_83_90.mp4,patch_only,,0.7,0.3,motion_soft,2,4,0.07,0.01,0.5282685512367491,0.6632508833922262,0.6632508833922262,0.9782096584216725
real,MSVD,4eJJF11bIxM_1_9.mp4,patch_only,,0.7,0.3,motion_soft,2,4,0.07,0.01,0.64075382803298,0.6391637220259128,0.6391637220259128,0.6354534746760895
real,MSVD,4ge5_V-xhP0_138_142.mp4,patch_only,,0.7,0.3,motion_soft,2,4,0.07,0.01,0.375736160188457,0.364075382803298,0.364075382803298,0.336866902237927
real,MSVD,4ge5_V-xhP0_35_42.mp4,patch_only,,0.7,0.3,motion_soft,2,4,0.07,0.01,0.024146054181389872,0.12025912838633687,0.12025912838633687,0.34452296819787986
real,MSVD,4ikH9ZRcF2Q_89_105.mp4,patch_only,,0.7,0.3,motion_soft,2,4,0.07,0.01,0.11425206124852769,0.27661955241460545,0.27661955241460545,0.6554770318021201
real,MSVD,4kQnrKvOTNg_15_24.mp4,patch_only,,0.7,0.3,motion_soft,2,4,0.07,0.01,0.061837455830388695,0.1392226148409894,0.1392226148409894,0.3197879858657244
real,MSVD,4s_0-zIWEog_1_15.mp4,patch_only,,0.7,0.3,motion_soft,2,4,0.07,0.01,0.6213191990577149,0.6720259128386337,0.6720259128386337,0.790341578327444
real,MSVD,4t5POXt2e68_5_11.mp4,patch_only,,0.7,0.3,motion_soft,2,4,0.07,0.01,0.8657243816254417,0.8522968197879859,0.8522968197879859,0.8209658421672555
real,MSVD,4wT7zM8XgXQ_5_11.mp4,patch_only,,0.7,0.3,motion_soft,2,4,0.07,0.01,0.2497055359246172,0.18451118963486451,0.18451118963486451,0.032391048292108364
real,MSVD,4xVGpDmA4lE_23_33.mp4,patch_only,,0.7,0.3,motion_soft,2,4,0.07,0.01,0.14428739693757361,0.21372202591283862,0.21372202591283862,0.375736160188457
real,MSVD,4yYapi-5QYQ_33_57.mp4,patch_only,,0.7,0.3,motion_soft,2,4,0.07,0.01,0.7732626619552415,0.7112485276796231,0.7112485276796231,0.5665488810365136
real,MSVD,4yf2WP6K1gQ_28_32.mp4,patch_only,,0.7,0.3,motion_soft,2,4,0.07,0.01,0.2785630153121319,0.4114252061248528,0.4114252061248528,0.7214369846878681
real,MSVD,4z3b4mnw5y4_56_60.mp4,patch_only,,0.7,0.3,motion_soft,2,4,0.07,0.01,0.09481743227326266,0.26478209658421675,0.26478209658421675,0.6613663133097762
real,MSVD,4zPSShqsq-o_3_16.mp4,patch_only,,0.7,0.3,motion_soft,2,4,0.07,0.01,0.24676089517078917,0.3635453474676089,0.3635453474676089,0.6360424028268551
real,MSVD,5-8z5U-o4O4_0_3.mp4,patch_only,,0.7,0.3,motion_soft,2,4,0.07,0.01,0.1330977620730271,0.17249705535924614,0.17249705535924614,0.26442873969375735
real,MSVD,504gE1DA_4g_1_6.mp4,patch_only,,0.7,0.3,motion_soft,2,4,0.07,0.01,0.22438162544169613,0.408303886925795,0.408303886925795,0.8374558303886925
real,MSVD,57C93mpt6Xo_358_368.mp4,patch_only,,0.7,0.3,motion_soft,2,4,0.07,0.01,0.28091872791519434,0.44946996466431094,0.44946996466431094,0.842756183745583
real,MSVD,5CS4nLI2ZX8_50_59.mp4,patch_only,,0.7,0.3,motion_soft,2,4,0.07,0.01,0.08716136631330977,0.06666666666666667,0.06666666666666667,0.01884570082449941
real,MSVD,5CU2JhYM8tY_14_45.mp4,patch_only,,0.7,0.3,motion_soft,2,4,0.07,0.01,0.6001177856301532,0.6812131919905772,0.6812131919905772,0.8704358068315665
real,MSVD,5E66Gk3V1Bc_23_30.mp4,patch_only,,0.7,0.3,motion_soft,2,4,0.07,0.01,0.026501766784452298,0.030742049469964665,0.030742049469964665,0.04063604240282685
real,MSVD,5HAf_INrFy0_3_25.mp4,patch_only,,0.7,0.3,motion_soft,2,4,0.07,0.01,0.2879858657243816,0.3173144876325088,0.3173144876325088,0.38574793875147234
real,MSVD,5JLi7L1Kwp8_23_30.mp4,patch_only,,0.7,0.3,motion_soft,2,4,0.07,0.01,0.08539458186101295,0.1435217903415783,0.1435217903415783,0.2791519434628975
real,MSVD,5JSbxHECb-I_97_110.mp4,patch_only,,0.7,0.3,motion_soft,2,4,0.07,0.01,0.9817432273262662,0.9679623085983509,0.9679623085983509,0.9358068315665489
real,MSVD,5K7Ru5s6YIw_8_11.mp4,patch_only,,0.7,0.3,motion_soft,2,4,0.07,0.01,0.1330977620730271,0.18027090694935216,0.18027090694935216,0.29034157832744406
real,MSVD,5L5MoemWC6g_10_13.mp4,patch_only,,0.7,0.3,motion_soft,2,4,0.07,0.01,0.2944640753828033,0.23792697290930503,0.23792697290930503,0.10600706713780919
real,MSVD,5OuYhq6Zl0g_0_10.mp4,patch_only,,0.7,0.3,motion_soft,2,4,0.07,0.01,0.7008244994110718,0.7741460541813898,0.7741460541813898,0.9452296819787986
real,MSVD,5OvgDatToBU_0_8.mp4,patch_only,,0.7,0.3,motion_soft,2,4,0.07,0.01,0.20906949352179033,0.19405182567726736,0.19405182567726736,0.15901060070671377
real,MSVD,5P6UU6m3cqk_57_75.mp4,patch_only,,0.7,0.3,motion_soft,2,4,0.07,0.01,0.27385159010600707,0.41113074204947,0.41113074204947,0.7314487632508834
real,MSVD,5PpPOGU_0aA_65_75.mp4,patch_only,,0.7,0.3,motion_soft,2,4,0.07,0.01,0.6943462897526502,0.49664310954063606,0.49664310954063606,0.0353356890459364
real,MSVD,5QJf-l4lPJw_133_138.mp4,patch_only,,0.7,0.3,motion_soft,2,4,0.07,0.01,0.4787985865724382,0.5689045936395759,0.5689045936395759,0.7791519434628975
real,MSVD,5U3xz9Ovmhk_214_222.mp4,patch_only,,0.7,0.3,motion_soft,2,4,0.07,0.01,0.8115429917550059,0.714193168433451,0.714193168433451,0.4870435806831567
real,MSVD,5U3xz9Ovmhk_258_265.mp4,patch_only,,0.7,0.3,motion_soft,2,4,0.07,0.01,0.549469964664311,0.542226148409894,0.542226148409894,0.525323910482921
real,MSVD,5U3xz9Ovmhk_99_105.mp4,patch_only,,0.7,0.3,motion_soft,2,4,0.07,0.01,0.48056537102473496,0.5001766784452296,0.5001766784452296,0.5459363957597173
real,MSVD,5U3xz9Ovmhk_9_15.mp4,patch_only,,0.7,0.3,motion_soft,2,4,0.07,0.01,0.5924617196702002,0.6613663133097761,0.6613663133097761,0.8221436984687868
real,MSVD,5W02895vT8c_312_322.mp4,patch_only,,0.7,0.3,motion_soft,2,4,0.07,0.01,0.007067137809187279,0.02084805653710247,0.02084805653710247,0.053003533568904596
real,MSVD,5XxshEdcfAM_85_100.mp4,patch_only,,0.7,0.3,motion_soft,2,4,0.07,0.01,0.7950530035335689,0.7496466431095405,0.7496466431095405,0.643698468786808
real,MSVD,5XxshEdcfAM_96_107.mp4,patch_only,,0.7,0.3,motion_soft,2,4,0.07,0.01,0.7985865724381626,0.6978798586572438,0.6978798586572438,0.4628975265017668
real,MSVD,5YJaS2Eswg0_22_26.mp4,patch_only,,0.7,0.3,motion_soft,2,4,0.07,0.01,0.6855123674911661,0.7012367491166077,0.7012367491166077,0.7379269729093051
real,MSVD,5dZ8PXABC30_14_20.mp4,patch_only,,0.7,0.3,motion_soft,2,4,0.07,0.01,0.0983510011778563,0.08987043580683156,0.08987043580683156,0.07008244994110718
real,MSVD,5dv8MSWlxoQ_10_40.mp4,patch_only,,0.7,0.3,motion_soft,2,4,0.07,0.01,0.6183745583038869,0.6901060070671378,0.6901060070671378,0.8574793875147232
real,MSVD,5fDBl1wT2Lk_34_39.mp4,patch_only,,0.7,0.3,motion_soft,2,4,0.07,0.01,0.4958775029446408,0.47644287396937574,0.47644287396937574,0.43109540636042404
real,MSVD,5fq9iIxxA1s_12_27.mp4,patch_only,,0.7,0.3,motion_soft,2,4,0.07,0.01,0.22555948174322732,0.17167255594817432,0.17167255594817432,0.045936395759717315
real,MSVD,5l6acVf12S4_7_13.mp4,patch_only,,0.7,0.3,motion_soft,2,4,0.07,0.01,0.11012956419316844,0.17850412249705536,0.17850412249705536,0.3380447585394582
real,MSVD,5zkCnHUnoYY_69_74.mp4,patch_only,,0.7,0.3,motion_soft,2,4,0.07,0.01,0.05771495877502945,0.19163722025912838,0.19163722025912838,0.5041224970553593
real,MSVD,60x_yxy7Sfw_1_7.mp4,patch_only,,0.7,0.3,motion_soft,2,4,0.07,0.01,0.48527679623085984,0.5672555948174323,0.5672555948174323,0.7585394581861012
real,MSVD,62I8I4sCPPQ_12_30.mp4,patch_only,,0.7,0.3,motion_soft,2,4,0.07,0.01,0.5942285041224971,0.48468786808009423,0.48468786808009423,0.22909305064782096
real,MSVD,64Xn9edeWRA_0_11.mp4,patch_only,,0.7,0.3,motion_soft,2,4,0.07,0.01,0.4746760895170789,0.5552414605418139,0.5552414605418139,0.7432273262661955
real,MSVD,6FmN22YcVVE_11_18.mp4,patch_only,,0.7,0.3,motion_soft,2,4,0.07,0.01,0.392226148409894,0.5249116607773852,0.5249116607773852,0.8345111896348646
real,MSVD,6GJ1DNOGDAM_223_233.mp4,patch_only,,0.7,0.3,motion_soft,2,4,0.07,0.01,0.7479387514723204,0.7875147232037691,0.7875147232037691,0.8798586572438163
real,MSVD,6JnGBs88sL0_4_10.mp4,patch_only,,0.7,0.3,motion_soft,2,4,0.07,0.01,0.12661955241460543,0.08934040047114253,0.08934040047114253,0.002355712603062426
real,MSVD,6KS8R3RxrV8_0_23.mp4,patch_only,,0.7,0.3,motion_soft,2,4,0.07,0.01,0.04004711425206125,0.07025912838633686,0.07025912838633686,0.14075382803297998
real,MSVD,6Lzq1HN33lE_5_15.mp4,patch_only,,0.7,0.3,motion_soft,2,4,0.07,0.01,0.7167255594817432,0.7854534746760894,0.7854534746760894,0.9458186101295641
real,MSVD,6Q3ltyPJJMQ_67_72.mp4,patch_only,,0.7,0.3,motion_soft,2,4,0.07,0.01,0.22379269729093051,0.1964075382803298,0.1964075382803298,0.13250883392226148
real,MSVD,6QbhfbLUtQs_13_23.mp4,patch_only,,0.7,0.3,motion_soft,2,4,0.07,0.01,0.3339222614840989,0.33250883392226144,0.33250883392226144,0.3292108362779741
real,MSVD,6RlYLTU5gvM_18_24.mp4,patch_only,,0.7,0.3,motion_soft,2,4,0.07,0.01,0.01060070671378092,0.02597173144876325,0.02597173144876325,0.061837455830388695
real,MSVD,6ZZkO14S7GY_5_15.mp4,patch_only,,0.7,0.3,motion_soft,2,4,0.07,0.01,0.19434628975265017,0.2871024734982332,0.2871024734982332,0.5035335689045937
real,MSVD,6ZhKOK08tgM_225_233.mp4,patch_only,,0.7,0.3,motion_soft,2,4,0.07,0.01,0.5641931684334511,0.6073027090694936,0.6073027090694936,0.7078916372202592
real,MSVD,6ZhKOK08tgM_45_49.mp4,patch_only,,0.7,0.3,motion_soft,2,4,0.07,0.01,0.43521790341578326,0.49405182567726735,0.49405182567726735,0.6313309776207303
real,MSVD,6eokrw6_bjU_1_9.mp4,patch_only,,0.7,0.3,motion_soft,2,4,0.07,0.01,0.7267373380447585,0.7369846878680799,0.7369846878680799,0.7608951707891637
real,MSVD,6gQu8PWhFoQ_30_35.mp4,patch_only,,0.7,0.3,motion_soft,2,4,0.07,0.01,0.591283863368669,0.5048881036513545,0.5048881036513545,0.3032979976442874
real,MSVD,6gQu8PWhFoQ_37_41.mp4,patch_only,,0.7,0.3,motion_soft,2,4,0.07,0.01,0.5559481743227326,0.5110718492343933,0.5110718492343933,0.40636042402826855
real,MSVD,6mYnZbIwcNo_10_16.mp4,patch_only,,0.7,0.3,motion_soft,2,4,0.07,0.01,0.1519434628975265,0.19823321554770318,0.19823321554770318,0.30624263839811544
real,MSVD,6njscWrdnM0_8_18.mp4,patch_only,,0.7,0.3,motion_soft,2,4,0.07,0.01,0.4110718492343934,0.4981743227326266,0.4981743227326266,0.7014134275618374
real,MSVD,6owu8Mow0_g_302_307.mp4,patch_only,,0.7,0.3,motion_soft,2,4,0.07,0.01,0.7143698468786808,0.7232037691401648,0.7232037691401648,0.7438162544169611
real,MSVD,6owu8Mow0_g_527_534.mp4,patch_only,,0.7,0.3,motion_soft,2,4,0.07,0.01,0.558303886925795,0.5674911660777384,0.5674911660777384,0.5889281507656066
real,MSVD,6owu8Mow0_g_692_697.mp4,patch_only,,0.7,0.3,motion_soft,2,4,0.07,0.01,0.6643109540636042,0.6784452296819787,0.6784452296819787,0.7114252061248527
real,MSVD,6pcqRuFEMLs_46_52.mp4,patch_only,,0.7,0.3,motion_soft,2,4,0.07,0.01,0.657243816254417,0.4833922261484098,0.4833922261484098,0.07773851590106007
real,MSVD,6q1dX6thX3E_286_295.mp4,patch_only,,0.7,0.3,motion_soft,2,4,0.07,0.01,0.428150765606596,0.5069493521790341,0.5069493521790341,0.6908127208480566
real,MSVD,6r5DmFa5ZR8_51_58.mp4,patch_only,,0.7,0.3,motion_soft,2,4,0.07,0.01,0.17137809187279152,0.21855123674911658,0.21855123674911658,0.3286219081272085
real,MSVD,6sKdTbRkahM_6_12.mp4,patch_only,,0.7,0.3,motion_soft,2,4,0.07,0.01,0.03769140164899882,0.17656065959952882,0.17656065959952882,0.5005889281507656
real,MSVD,6sYmDT5et00_301_339.mp4,patch_only,,0.7,0.3,motion_soft,2,4,0.07,0.01,0.7555948174322733,0.5702591283863369,0.5702591283863369,0.13780918727915195
real,MSVD,6t0BpjwYKco_105_110.mp4,patch_only,,0.7,0.3,motion_soft,2,4,0.07,0.01,0.9793875147232037,0.9783274440518257,0.9783274440518257,0.9758539458186102
real,MSVD,6t0BpjwYKco_118_127.mp4,patch_only,,0.7,0.3,motion_soft,2,4,0.07,0.01,0.9676089517078916,0.9631919905771495,0.9631919905771495,0.9528857479387515
real,MSVD,6t0BpjwYKco_142_151.mp4,patch_only,,0.7,0.3,motion_soft,2,4,0.07,0.01,0.6542991755005889,0.6050058892815076,0.6050058892815076,0.48998822143698467
real,MSVD,6t0BpjwYKco_179_183.mp4,patch_only,,0.7,0.3,motion_soft,2,4,0.07,0.01,0.46760895170789163,0.43333333333333335,0.43333333333333335,0.35335689045936397
real,MSVD,6t0BpjwYKco_230_240.mp4,patch_only,,0.7,0.3,motion_soft,2,4,0.07,0.01,0.9522968197879859,0.8731448763250883,0.8731448763250883,0.6884570082449941
real,MSVD,6t0BpjwYKco_240_247.mp4,patch_only,,0.7,0.3,motion_soft,2,4,0.07,0.01,0.7338044758539458,0.7737338044758539,0.7737338044758539,0.866902237926973
real,MSVD,6t0BpjwYKco_254_258.mp4,patch_only,,0.7,0.3,motion_soft,2,4,0.07,0.01,0.8215547703180212,0.8100706713780919,0.8100706713780919,0.7832744405182568
real,MSVD,6t0BpjwYKco_261_284.mp4,patch_only,,0.7,0.3,motion_soft,2,4,0.07,0.01,0.7031802120141343,0.6782685512367491,0.6782685512367491,0.6201413427561837
real,MSVD,6t0BpjwYKco_46_53.mp4,patch_only,,0.7,0.3,motion_soft,2,4,0.07,0.01,0.3916372202591284,0.3536513545347468,0.3536513545347468,0.26501766784452296
real,MSVD,6t0BpjwYKco_53_59.mp4,patch_only,,0.7,0.3,motion_soft,2,4,0.07,0.01,0.607773851590106,0.6991166077738515,0.6991166077738515,0.9122497055359247
real,MSVD,6t0BpjwYKco_71_76.mp4,patch_only,,0.7,0.3,motion_soft,2,4,0.07,0.01,0.7408716136631331,0.7262073027090695,0.7262073027090695,0.6919905771495878
real,MSVD,6t0BpjwYKco_80_84.mp4,patch_only,,0.7,0.3,motion_soft,2,4,0.07,0.01,0.8433451118963486,0.7806242638398115,0.7806242638398115,0.6342756183745583
real,MSVD,6vC6AT27RUc_29_46.mp4,patch_only,,0.7,0.3,motion_soft,2,4,0.07,0.01,0.011189634864546525,0.04104829210836278,0.04104829210836278,0.11071849234393404
real,MSVD,6vSKIUGGLvY_81_87.mp4,patch_only,,0.7,0.3,motion_soft,2,4,0.07,0.01,0.6071849234393404,0.5829799764428739,0.5829799764428739,0.5265017667844523
real,MSVD,71soiLO6I9U_15_24.mp4,patch_only,,0.7,0.3,motion_soft,2,4,0.07,0.01,0.13133097762073026,0.09599528857479386,0.09599528857479386,0.013545347467608953
real,MSVD,73vUksucPz8_12_20.mp4,patch_only,,0.7,0.3,motion_soft,2,4,0.07,0.01,0.19199057714958775,0.33244994110718495,0.33244994110718495,0.660188457008245
real,MSVD,74tRCYS_534_49_57.mp4,patch_only,,0.7,0.3,motion_soft,2,4,0.07,0.01,0.14664310954063603,0.1606007067137809,0.1606007067137809,0.19316843345111898
real,MSVD,778mkceE0UQ_40_46.mp4,patch_only,,0.7,0.3,motion_soft,2,4,0.07,0.01,0.1684334511189635,0.13592461719670199,0.13592461719670199,0.06007067137809187
real,MSVD,77iDIp40m9E_119_123.mp4,patch_only,,0.7,0.3,motion_soft,2,4,0.07,0.01,0.4075382803297998,0.46248527679623086,0.46248527679623086,0.5906949352179034
real,MSVD,77iDIp40m9E_126_131.mp4,patch_only,,0.7,0.3,motion_soft,2,4,0.07,0.01,0.4634864546525324,0.45005889281507655,0.45005889281507655,0.41872791519434627
real,MSVD,77iDIp40m9E_159_181.mp4,patch_only,,0.7,0.3,motion_soft,2,4,0.07,0.01,0.7190812720848057,0.7795053003533569,0.7795053003533569,0.9204946996466431
real,MSVD,77iDIp40m9E_3_9.mp4,patch_only,,0.7,0.3,motion_soft,2,4,0.07,0.01,0.29328621908127206,0.2280918727915194,0.2280918727915194,0.07597173144876325
real,MSVD,7HcYJKMxpcg_20_28.mp4,patch_only,,0.7,0.3,motion_soft,2,4,0.07,0.01,0.6389870435806831,0.595170789163722,0.595170789163722,0.4929328621908127
real,MSVD,7M-jsjLB20Y_11_30.mp4,patch_only,,0.7,0.3,motion_soft,2,4,0.07,0.01,0.48998822143698467,0.4629564193168433,0.4629564193168433,0.3998822143698469
real,MSVD,7NNg0_n-bS8_21_30.mp4,patch_only,,0.7,0.3,motion_soft,2,4,0.07,0.01,0.4876325088339223,0.36148409893992933,0.36148409893992933,0.06713780918727916
real,MSVD,7OGizkf_JEo_191_194.mp4,patch_only,,0.7,0.3,motion_soft,2,4,0.07,0.01,0.3303886925795053,0.31996466431095405,0.31996466431095405,0.2956419316843345
real,MSVD,7ZE2OzguWHo_28_38.mp4,patch_only,,0.7,0.3,motion_soft,2,4,0.07,0.01,0.7620730270906949,0.7723203769140164,0.7723203769140164,0.7962308598351001
real,MSVD,7bcV-TL9mho_0_7.mp4,patch_only,,0.7,0.3,motion_soft,2,4,0.07,0.01,0.3839811542991755,0.355359246171967,0.355359246171967,0.28857479387514723
real,MSVD,7d1d2WlEnKs_0_12.mp4,patch_only,,0.7,0.3,motion_soft,2,4,0.07,0.01,0.7343934040047114,0.7290930506478209,0.7290930506478209,0.7167255594817432
real,MSVD,7s0AXJtLL0Y_57_61.mp4,patch_only,,0.7,0.3,motion_soft,2,4,0.07,0.01,0.17255594817432274,0.30859835100117783,0.30859835100117783,0.6260306242638398
real,MSVD,7uF-2adCsI0_60_67.mp4,patch_only,,0.7,0.3,motion_soft,2,4,0.07,0.01,0.07891637220259129,0.08351001177856301,0.08351001177856301,0.09422850412249706
real,MSVD,7xNG7qGY9rw_14_29.mp4,patch_only,,0.7,0.3,motion_soft,2,4,0.07,0.01,0.5382803297997645,0.49870435806831565,0.49870435806831565,0.40636042402826855
real,MSVD,80D0ylOqPJ8_0_5.mp4,patch_only,,0.7,0.3,motion_soft,2,4,0.07,0.01,0.016489988221436984,0.05659599528857479,0.05659599528857479,0.1501766784452297
real,MSVD,88DOMJ11q2M_34_43.mp4,patch_only,,0.7,0.3,motion_soft,2,4,0.07,0.01,0.6018845700824499,0.5732626619552414,0.5732626619552414,0.5064782096584217
real,MSVD,88DOMJ11q2M_84_87.mp4,patch_only,,0.7,0.3,motion_soft,2,4,0.07,0.01,0.5971731448763251,0.4607773851590106,0.4607773851590106,0.1425206124852768
real,MSVD,88p7U5CnoYU_1_10.mp4,patch_only,,0.7,0.3,motion_soft,2,4,0.07,0.01,0.6813898704358068,0.6181389870435806,0.6181389870435806,0.4705535924617197
real,MSVD,8BL9qmFRbd4_6_13.mp4,patch_only,,0.7,0.3,motion_soft,2,4,0.07,0.01,0.5335689045936396,0.5777385159010601,0.5777385159010601,0.6808009422850412
real,MSVD,8CzlhZtunNc_5_11.mp4,patch_only,,0.7,0.3,motion_soft,2,4,0.07,0.01,0.05653710247349823,0.12367491166077738,0.12367491166077738,0.28032979976442873
real,MSVD,8D_oQnBPfNo_43_50.mp4,patch_only,,0.7,0.3,motion_soft,2,4,0.07,0.01,0.01707891637220259,0.11513545347467609,0.11513545347467609,0.34393404004711425
real,MSVD,8HB7ywgJuTg_131_142.mp4,patch_only,,0.7,0.3,motion_soft,2,4,0.07,0.01,0.9375736160188457,0.9465842167255594,0.9465842167255594,0.9676089517078916
real,MSVD,8MVo7fje_oE_108_113.mp4,patch_only,,0.7,0.3,motion_soft,2,4,0.07,0.01,0.6584216725559482,0.6398704358068316,0.6398704358068316,0.5965842167255595
real,MSVD,8MVo7fje_oE_113_118.mp4,patch_only,,0.7,0.3,motion_soft,2,4,0.07,0.01,0.5441696113074205,0.5056537102473498,0.5056537102473498,0.41578327444051827
real,MSVD,8MVo7fje_oE_125_130.mp4,patch_only,,0.7,0.3,motion_soft,2,4,0.07,0.01,0.914605418138987,0.8958775029446406,0.8958775029446406,0.8521790341578327
real,MSVD,8MVo7fje_oE_130_136.mp4,patch_only,,0.7,0.3,motion_soft,2,4,0.07,0.01,0.9187279151943463,0.9035335689045936,0.9035335689045936,0.8680800942285041
real,MSVD,8MVo7fje_oE_139_144.mp4,patch_only,,0.7,0.3,motion_soft,2,4,0.07,0.01,0.9246171967020024,0.9239104829210836,0.9239104829210836,0.9222614840989399
real,MSVD,8MVo7fje_oE_153_158.mp4,patch_only,,0.7,0.3,motion_soft,2,4,0.07,0.01,0.9293286219081273,0.8888692579505301,0.8888692579505301,0.7944640753828033
real,MSVD,8MVo7fje_oE_180_185.mp4,patch_only,,0.7,0.3,motion_soft,2,4,0.07,0.01,0.8786808009422851,0.8474087161366313,0.8474087161366313,0.7744405182567726
real,MSVD,8MVo7fje_oE_85_90.mp4,patch_only,,0.7,0.3,motion_soft,2,4,0.07,0.01,0.7638398115429917,0.6000588928150765,0.6000588928150765,0.21790341578327443
real,MSVD,8NFoN0K3bPg_20_28.mp4,patch_only,,0.7,0.3,motion_soft,2,4,0.07,0.01,0.26501766784452296,0.37438162544169606,0.37438162544169606,0.6295641931684335
real,MSVD,8PQiaurIiDM_143_151.mp4,patch_only,,0.7,0.3,motion_soft,2,4,0.07,0.01,0.21908127208480566,0.33515901060070674,0.33515901060070674,0.6060070671378092
real,MSVD,8PQiaurIiDM_173_180.mp4,patch_only,,0.7,0.3,motion_soft,2,4,0.07,0.01,0.833922261484099,0.6515901060070671,0.6515901060070671,0.22614840989399293
real,MSVD,8PQiaurIiDM_247_255.mp4,patch_only,,0.7,0.3,motion_soft,2,4,0.07,0.01,0.6684334511189635,0.6332744405182567,0.6332744405182567,0.5512367491166078
real,MSVD,8PQiaurIiDM_94_99.mp4,patch_only,,0.7,0.3,motion_soft,2,4,0.07,0.01,0.6937573616018846,0.5808598351001177,0.5808598351001177,0.31743227326266193
real,MSVD,8VUbN3hkdBo_36_50.mp4,patch_only,,0.7,0.3,motion_soft,2,4,0.07,0.01,0.3027090694935218,0.35482921083627794,0.35482921083627794,0.47644287396937574
real,MSVD,8e0yXMa708Y_24_33.mp4,patch_only,,0.7,0.3,motion_soft,2,4,0.07,0.01,0.4534746760895171,0.36725559481743225,0.36725559481743225,0.16607773851590105
real,MSVD,8mSUD7JGNO0_174_181.mp4,patch_only,,0.7,0.3,motion_soft,2,4,0.07,0.01,0.5176678445229682,0.5482332155477032,0.5482332155477032,0.6195524146054181
real,MSVD,8mSUD7JGNO0_198_204.mp4,patch_only,,0.7,0.3,motion_soft,2,4,0.07,0.01,0.09422850412249706,0.22444051825677266,0.22444051825677266,0.5282685512367491
real,MSVD,8sARjdhSvpo_167_176.mp4,patch_only,,0.7,0.3,motion_soft,2,4,0.07,0.01,0.8150765606595995,0.7677267373380448,0.7677267373380448,0.657243816254417
real,MSVD,8yS2wqwActs_2_14.mp4,patch_only,,0.7,0.3,motion_soft,2,4,0.07,0.01,0.5783274440518257,0.5309776207302709,0.5309776207302709,0.4204946996466431
real,MSVD,8yoUaH6wGLs_22_30.mp4,patch_only,,0.7,0.3,motion_soft,2,4,0.07,0.01,0.06007067137809187,0.04346289752650176,0.04346289752650176,0.004711425206124852
real,MSVD,8yuPGwxwdPs_1_10.mp4,patch_only,,0.7,0.3,motion_soft,2,4,0.07,0.01,0.3197879858657244,0.2754416961130742,0.2754416961130742,0.17196702002355713
real,MSVD,93n_oYVCLpk_9_12.mp4,patch_only,,0.7,0.3,motion_soft,2,4,0.07,0.01,0.32037691401649,0.27073027090694934,0.27073027090694934,0.15488810365135453
real,MSVD,953PkxFNiko_82_85.mp4,patch_only,,0.7,0.3,motion_soft,2,4,0.07,0.01,0.10659599528857479,0.11790341578327443,0.11790341578327443,0.14428739693757361
real,MSVD,97JhYpoWxzY_0_4.mp4,patch_only,,0.7,0.3,motion_soft,2,4,0.07,0.01,0.41401648998822144,0.43733804475853943,0.43733804475853943,0.4917550058892815
real,MSVD,98Alrg4pFXs_148_153.mp4,patch_only,,0.7,0.3,motion_soft,2,4,0.07,0.01,0.5983510011778563,0.6942873969375736,0.6942873969375736,0.9181389870435807
real,MSVD,992zi9V3oiQ_15_17.mp4,patch_only,,0.7,0.3,motion_soft,2,4,0.07,0.01,0.287396937573616,0.2404004711425206,0.2404004711425206,0.13074204946996468
real,MSVD,9BScZRpF7SI_31_36.mp4,patch_only,,0.7,0.3,motion_soft,2,4,0.07,0.01,0.44405182567726736,0.5177267373380448,0.5177267373380448,0.6896348645465253
real,MSVD,9Bxknsvy3jQ_53_58.mp4,patch_only,,0.7,0.3,motion_soft,2,4,0.07,0.01,0.38103651354534745,0.2810365135453474,0.2810365135453474,0.04770318021201413
real,MSVD,9HTUcMjWB3g_122_128.mp4,patch_only,,0.7,0.3,motion_soft,2,4,0.07,0.01,0.8468786808009423,0.8624263839811542,0.8624263839811542,0.8987043580683156
real,MSVD,9HTUcMjWB3g_134_138.mp4,patch_only,,0.7,0.3,motion_soft,2,4,0.07,0.01,0.8380447585394581,0.8438751472320376,0.8438751472320376,0.8574793875147232
real,MSVD,9HTUcMjWB3g_143_151.mp4,patch_only,,0.7,0.3,motion_soft,2,4,0.07,0.01,0.991166077738516,0.9814487632508835,0.9814487632508835,0.9587750294464076
real,MSVD,9IrWyZ0KZuk_160_166.mp4,patch_only,,0.7,0.3,motion_soft,2,4,0.07,0.01,0.3127208480565371,0.36660777385159005,0.36660777385159005,0.4923439340400471
real,MSVD,9LHg5RUGukI_58_63.mp4,patch_only,,0.7,0.3,motion_soft,2,4,0.07,0.01,0.7926972909305064,0.5824499411071848,0.5824499411071848,0.09187279151943463
real,MSVD,9LHg5RUGukI_63_68.mp4,patch_only,,0.7,0.3,motion_soft,2,4,0.07,0.01,0.7826855123674912,0.581095406360424,0.581095406360424,0.11071849234393404
real,MSVD,9LOJmQQktHA_10_18.mp4,patch_only,,0.7,0.3,motion_soft,2,4,0.07,0.01,0.535924617196702,0.6521790341578327,0.6521790341578327,0.9234393404004712
real,MSVD,9LSuyLyuUiM_3_6.mp4,patch_only,,0.7,0.3,motion_soft,2,4,0.07,0.01,0.38987043580683156,0.3506478209658421,0.3506478209658421,0.2591283863368669
real,MSVD,9OxQ-2gR1DU_18_38.mp4,patch_only,,0.7,0.3,motion_soft,2,4,0.07,0.01,0.7379269729093051,0.6925206124852767,0.6925206124852767,0.5865724381625441
real,MSVD,9Q0JfdP36kI_167_170.mp4,patch_only,,0.7,0.3,motion_soft,2,4,0.07,0.01,0.582449941107185,0.5130153121319199,0.5130153121319199,0.3510011778563015
real,MSVD,9Q0JfdP36kI_19_27.mp4,patch_only,,0.7,0.3,motion_soft,2,4,0.07,0.01,0.7173144876325088,0.6690812720848056,0.6690812720848056,0.5565371024734982
real,MSVD,9Q0JfdP36kI_23_28.mp4,patch_only,,0.7,0.3,motion_soft,2,4,0.07,0.01,0.9899882214369847,0.8396348645465253,0.8396348645465253,0.48881036513545345
real,MSVD,9Q0JfdP36kI_56_64.mp4,patch_only,,0.7,0.3,motion_soft,2,4,0.07,0.01,0.633097762073027,0.6051825677267373,0.6051825677267373,0.5400471142520612
real,MSVD,9VG7Elw9TDA_85_91.mp4,patch_only,,0.7,0.3,motion_soft,2,4,0.07,0.01,0.7226148409893993,0.5586572438162544,0.5586572438162544,0.17608951707891637
real,MSVD,9W6aQNcU3PA_92_103.mp4,patch_only,,0.7,0.3,motion_soft,2,4,0.07,0.01,0.11130742049469965,0.21802120141342757,0.21802120141342757,0.467020023557126
real,MSVD,9WpJxn-2h1o_122_150.mp4,patch_only,,0.7,0.3,motion_soft,2,4,0.07,0.01,0.4045936395759717,0.5372791519434629,0.5372791519434629,0.8468786808009423
real,MSVD,9Wr48VFhZH8_45_50.mp4,patch_only,,0.7,0.3,motion_soft,2,4,0.07,0.01,0.14723203769140164,0.2818610129564193,0.2818610129564193,0.5959952885747939
real,MSVD,9gbUM9oHBNI_557_563.mp4,patch_only,,0.7,0.3,motion_soft,2,4,0.07,0.01,0.866902237926973,0.8660188457008244,0.8660188457008244,0.8639575971731449
real,MSVD,9uDPqigcnzw_36_46.mp4,patch_only,,0.7,0.3,motion_soft,2,4,0.07,0.01,0.947585394581861,0.9415783274440518,0.9415783274440518,0.9275618374558304
real,MSVD,9wxB1UQi0MM_18_38.mp4,patch_only,,0.7,0.3,motion_soft,2,4,0.07,0.01,0.9676089517078916,0.857891637220259,0.857891637220259,0.6018845700824499
real,MSVD,9zXqkHvs0po_59_65.mp4,patch_only,,0.7,0.3,motion_soft,2,4,0.07,0.01,0.6101295641931684,0.6634864546525324,0.6634864546525324,0.7879858657243817
real,MSVD,A6XrTsLsUbA_4_15.mp4,patch_only,,0.7,0.3,motion_soft,2,4,0.07,0.01,0.19022379269729092,0.20806831566548878,0.20806831566548878,0.2497055359246172
real,MSVD,ACK7SekJWts_140_150.mp4,patch_only,,0.7,0.3,motion_soft,2,4,0.07,0.01,0.6884570082449941,0.6531213191990577,0.6531213191990577,0.5706713780918727
real,MSVD,ACOmKiJDkA4_130_144.mp4,patch_only,,0.7,0.3,motion_soft,2,4,0.07,0.01,0.5341578327444052,0.5348645465253239,0.5348645465253239,0.5365135453474676
real,MSVD,ACOmKiJDkA4_161_170.mp4,patch_only,,0.7,0.3,motion_soft,2,4,0.07,0.01,0.6372202591283863,0.5693757361601884,0.5693757361601884,0.4110718492343934
real,MSVD,ACOmKiJDkA4_175_182.mp4,patch_only,,0.7,0.3,motion_soft,2,4,0.07,0.01,0.4134275618374558,0.47809187279151943,0.47809187279151943,0.6289752650176679
real,MSVD,ACOmKiJDkA4_23_30.mp4,patch_only,,0.7,0.3,motion_soft,2,4,0.07,0.01,0.8539458186101295,0.7622497055359245,0.7622497055359245,0.5482921083627798
real,MSVD,ACOmKiJDkA4_47_54.mp4,patch_only,,0.7,0.3,motion_soft,2,4,0.07,0.01,0.7962308598351001,0.8220259128386337,0.8220259128386337,0.8822143698468787
real,MSVD,ACOmKiJDkA4_57_65.mp4,patch_only,,0.7,0.3,motion_soft,2,4,0.07,0.01,0.7767962308598351,0.7799764428739693,0.7799764428739693,0.7873969375736161
real,MSVD,ACOmKiJDkA4_67_74.mp4,patch_only,,0.7,0.3,motion_soft,2,4,0.07,0.01,0.6007067137809188,0.49876325088339224,0.49876325088339224,0.26089517078916374
real,MSVD,ACOmKiJDkA4_75_81.mp4,patch_only,,0.7,0.3,motion_soft,2,4,0.07,0.01,0.8716136631330977,0.8249705535924616,0.8249705535924616,0.7161366313309776
real,MSVD,AE9UaQwum8c_0_10.mp4,patch_only,,0.7,0.3,motion_soft,2,4,0.07,0.01,0.4004711425206125,0.37997644287396937,0.37997644287396937,0.3321554770318021
real,MSVD,AEKPjVHSVZc_0_12.mp4,patch_only,,0.7,0.3,motion_soft,2,4,0.07,0.01,0.3474676089517079,0.2483510011778563,0.2483510011778563,0.01707891637220259
real,MSVD,AGRFy5hDQiY_31_38.mp4,patch_only,,0.7,0.3,motion_soft,2,4,0.07,0.01,0.6967020023557126,0.585924617196702,0.585924617196702,0.32744405182567726
real,MSVD,AJJ-iQkbRNE_97_109.mp4,patch_only,,0.7,0.3,motion_soft,2,4,0.07,0.01,0.610718492343934,0.5488810365135454,0.5488810365135454,0.4045936395759717
real,MSVD,AKVBK-0veE8_5_12.mp4,patch_only,,0.7,0.3,motion_soft,2,4,0.07,0.01,0.2314487632508834,0.2411660777385159,0.2411660777385159,0.26383981154299174
real,MSVD,AQhiE_NL6yY_91_101.mp4,patch_only,,0.7,0.3,motion_soft,2,4,0.07,0.01,0.32744405182567726,0.374263839811543,0.374263839811543,0.483510011778563
real,MSVD,AX38yo7Wuws_81_91.mp4,patch_only,,0.7,0.3,motion_soft,2,4,0.07,0.01,0.889281507656066,0.8917550058892815,0.8917550058892815,0.8975265017667845
real,MSVD,AXL1oMdCFUM_45_59.mp4,patch_only,,0.7,0.3,motion_soft,2,4,0.07,0.01,0.053003533568904596,0.13162544169611307,0.13162544169611307,0.31507656065959955
real,MSVD,A_nCfAbXjoM_8_56.mp4,patch_only,,0.7,0.3,motion_soft,2,4,0.07,0.01,0.09599528857479388,0.1760306242638398,0.1760306242638398,0.3627797408716137
real,MSVD,Aa7yf9XtcJM_45_50.mp4,patch_only,,0.7,0.3,motion_soft,2,4,0.07,0.01,0.19316843345111898,0.16171967020023556,0.16171967020023556,0.08833922261484099
real,MSVD,AdcgmBtE99c_108_114.mp4,patch_only,,0.7,0.3,motion_soft,2,4,0.07,0.01,0.1625441696113074,0.14858657243816253,0.14858657243816253,0.1160188457008245
real,MSVD,Afmc6FeN-hM_20_24.mp4,patch_only,,0.7,0.3,motion_soft,2,4,0.07,0.01,0.026501766784452298,0.023851590106007067,0.023851590106007067,0.0176678445229682
real,MSVD,AjZ-R3LFMzo_18_23.mp4,patch_only,,0.7,0.3,motion_soft,2,4,0.07,0.01,0.5742049469964664,0.5641342756183745,0.5641342756183745,0.5406360424028268
real,MSVD,AjZ-R3LFMzo_24_38.mp4,patch_only,,0.7,0.3,motion_soft,2,4,0.07,0.01,0.6183745583038869,0.5881625441696112,0.5881625441696112,0.5176678445229682
real,MSVD,AjZ-R3LFMzo_5_10.mp4,patch_only,,0.7,0.3,motion_soft,2,4,0.07,0.01,0.20141342756183744,0.16996466431095403,0.16996466431095403,0.09658421672555949
real,MSVD,AoNnzlGhI04_112_128.mp4,patch_only,,0.7,0.3,motion_soft,2,4,0.07,0.01,0.30212014134275617,0.27862190812720844,0.27862190812720844,0.22379269729093051
real,MSVD,ApYvvQK7bBc_6_32.mp4,patch_only,,0.7,0.3,motion_soft,2,4,0.07,0.01,0.8292108362779741,0.7629564193168433,0.7629564193168433,0.6083627797408716
real,MSVD,Ar70p1_LcfM_2_20.mp4,patch_only,,0.7,0.3,motion_soft,2,4,0.07,0.01,0.12190812720848057,0.11289752650176679,0.11289752650176679,0.09187279151943463
real,MSVD,ArEWo8pERFc_17_21.mp4,patch_only,,0.7,0.3,motion_soft,2,4,0.07,0.01,0.40518256772673733,0.4601295641931684,0.4601295641931684,0.588339222614841
real,MSVD,Ayh26v6Nies_17_22.mp4,patch_only,,0.7,0.3,motion_soft,2,4,0.07,0.01,0.0712603062426384,0.18380447585394583,0.18380447585394583,0.4464075382803298
real,MSVD,AysIdzGF-7M_6_14.mp4,patch_only,,0.7,0.3,motion_soft,2,4,0.07,0.01,0.7502944640753828,0.6948174322732626,0.6948174322732626,0.5653710247349824
real,MSVD,AzMrltkXGJk_0_10.mp4,patch_only,,0.7,0.3,motion_soft,2,4,0.07,0.01,0.7809187279151943,0.8104240282685512,0.8104240282685512,0.8792697290930507
real,MSVD,B-Lsf7ZKf5c_10_25.mp4,patch_only,,0.7,0.3,motion_soft,2,4,0.07,0.01,0.16666666666666666,0.213133097762073,0.213133097762073,0.3215547703180212
real,MSVD,B4foOe9kUgY_0_8.mp4,patch_only,,0.7,0.3,motion_soft,2,4,0.07,0.01,0.47820965842167257,0.44764428739693757,0.44764428739693757,0.3763250883392226
real,MSVD,BAf3LXFUaGs_28_38.mp4,patch_only,,0.7,0.3,motion_soft,2,4,0.07,0.01,0.8462897526501767,0.8399293286219081,0.8399293286219081,0.8250883392226148
real,MSVD,BApIQn69EVE_10_16.mp4,patch_only,,0.7,0.3,motion_soft,2,4,0.07,0.01,0.035924617196702,0.09634864546525324,0.09634864546525324,0.23733804475853945
real,MSVD,BE_uxYK9uz0_150_168.mp4,patch_only,,0.7,0.3,motion_soft,2,4,0.07,0.01,0.01884570082449941,0.10276796230859836,0.10276796230859836,0.29858657243816256
real,MSVD,BE_uxYK9uz0_49_56.mp4,patch_only,,0.7,0.3,motion_soft,2,4,0.07,0.01,0.6637220259128387,0.6870435806831566,0.6870435806831566,0.7414605418138988
real,MSVD,BGG0uYWZBdw_6_12.mp4,patch_only,,0.7,0.3,motion_soft,2,4,0.07,0.01,0.6089517078916372,0.6207891637220259,0.6207891637220259,0.6484098939929329
real,MSVD,BIqVvRh_cEY_143_149.mp4,patch_only,,0.7,0.3,motion_soft,2,4,0.07,0.01,0.44758539458186103,0.3520023557126031,0.3520023557126031,0.12897526501766785
real,MSVD,BLXzfdNmydQ_151_156.mp4,patch_only,,0.7,0.3,motion_soft,2,4,0.07,0.01,0.32391048292108365,0.3594228504122497,0.3594228504122497,0.44228504122497053
real,MSVD,BOLKaQeB6j0_101_111.mp4,patch_only,,0.7,0.3,motion_soft,2,4,0.07,0.01,0.6360424028268551,0.7185512367491165,0.7185512367491165,0.9110718492343934
real,MSVD,BOv-2HzNPaA_7_12.mp4,patch_only,,0.7,0.3,motion_soft,2,4,0.07,0.01,0.8822143698468787,0.8113663133097763,0.8113663133097763,0.6460541813898705
real,MSVD,BVilbVCo9sU_1_11.mp4,patch_only,,0.7,0.3,motion_soft,2,4,0.07,0.01,0.270906949352179,0.31260306242638397,0.31260306242638397,0.4098939929328622
real,MSVD,BVjvRpmHg0w_157_165.mp4,patch_only,,0.7,0.3,motion_soft,2,4,0.07,0.01,0.3504122497055359,0.4463486454652532,0.4463486454652532,0.6702002355712603
real,MSVD,BVjvRpmHg0w_231_250.mp4,patch_only,,0.7,0.3,motion_soft,2,4,0.07,0.01,0.8839811542991755,0.8982921083627796,0.8982921083627796,0.9316843345111896
real,MSVD,BVjvRpmHg0w_47_51.mp4,patch_only,,0.7,0.3,motion_soft,2,4,0.07,0.01,0.9811542991755006,0.7777974087161366,0.7777974087161366,0.3032979976442874
real,MSVD,BVy9SQI5R68_0_7.mp4,patch_only,,0.7,0.3,motion_soft,2,4,0.07,0.01,0.22968197879858657,0.38657243816254416,0.38657243816254416,0.7526501766784452
real,MSVD,BefkDBj5gSw_104_109.mp4,patch_only,,0.7,0.3,motion_soft,2,4,0.07,0.01,0.8351001177856302,0.6759128386336867,0.6759128386336867,0.3044758539458186
real,MSVD,BefkDBj5gSw_233_240.mp4,patch_only,,0.7,0.3,motion_soft,2,4,0.07,0.01,0.7014134275618374,0.6418727915194345,0.6418727915194345,0.502944640753828
real,MSVD,BgoOihBb78w_38_40.mp4,patch_only,,0.7,0.3,motion_soft,2,4,0.07,0.01,0.7149587750294464,0.7817432273262661,0.7817432273262661,0.9375736160188457
real,MSVD,BnJUWwSx1kE_11_22.mp4,patch_only,,0.7,0.3,motion_soft,2,4,0.07,0.01,0.071849234393404,0.1384570082449941,0.1384570082449941,0.29387514723203767
real,MSVD,BtQEY2SL4g4_11_16.mp4,patch_only,,0.7,0.3,motion_soft,2,4,0.07,0.01,0.19434628975265017,0.14293286219081272,0.14293286219081272,0.022968197879858657
real,MSVD,BtQtRGI0F2Q_15_20.mp4,patch_only,,0.7,0.3,motion_soft,2,4,0.07,0.01,0.49705535924617195,0.49104829210836276,0.49104829210836276,0.47703180212014135
real,MSVD,BvHnDAsMtUA_0_13.mp4,patch_only,,0.7,0.3,motion_soft,2,4,0.07,0.01,0.784452296819788,0.8014134275618374,0.8014134275618374,0.8409893992932862
real,MSVD,ByGspTdA1ug_16_24.mp4,patch_only,,0.7,0.3,motion_soft,2,4,0.07,0.01,0.5170789163722026,0.5345700824499411,0.5345700824499411,0.5753828032979976
real,MSVD,C12BRGGcd5E_101_117.mp4,patch_only,,0.7,0.3,motion_soft,2,4,0.07,0.01,0.8663133097762074,0.884864546525324,0.884864546525324,0.928150765606596
real,MSVD,C2rDp6FnbP0_10_17.mp4,patch_only,,0.7,0.3,motion_soft,2,4,0.07,0.01,0.928150765606596,0.9212603062426383,0.9212603062426383,0.9051825677267373
real,MSVD,C9LHk0AJI7U_196_205.mp4,patch_only,,0.7,0.3,motion_soft,2,4,0.07,0.01,0.8433451118963486,0.8521790341578328,0.8521790341578328,0.872791519434629
real,MSVD,C9vRgZDxTv4_26_33.mp4,patch_only,,0.7,0.3,motion_soft,2,4,0.07,0.01,0.336866902237927,0.26354534746760894,0.26354534746760894,0.09246171967020024
real,MSVD,CGllPWAwmUo_1_15.mp4,patch_only,,0.7,0.3,motion_soft,2,4,0.07,0.01,0.16489988221436985,0.2788574793875147,0.2788574793875147,0.5447585394581861
real,MSVD,CHFXTeQWXjo_206_212.mp4,patch_only,,0.7,0.3,motion_soft,2,4,0.07,0.01,0.8869257950530035,0.8697879858657243,0.8697879858657243,0.8297997644287397
real,MSVD,CHVhwcOg6y8_1_12.mp4,patch_only,,0.7,0.3,motion_soft,2,4,0.07,0.01,0.4293286219081272,0.3904593639575971,0.3904593639575971,0.2997644287396938
real,MSVD,CL49s8bO6Fg_1_11.mp4,patch_only,,0.7,0.3,motion_soft,2,4,0.07,0.01,0.39752650176678445,0.30901060070671377,0.30901060070671377,0.10247349823321555
real,MSVD,CTIKmoEigCI_3_30.mp4,patch_only,,0.7,0.3,motion_soft,2,4,0.07,0.01,0.06537102473498234,0.08003533568904594,0.08003533568904594,0.11425206124852769
real,MSVD,C_1cnNdMwxY_0_8.mp4,patch_only,,0.7,0.3,motion_soft,2,4,0.07,0.01,0.48586572438162545,0.6021201413427562,0.6021201413427562,0.8733804475853946
real,MSVD,C_DDjCRxTxQ_1_4.mp4,patch_only,,0.7,0.3,motion_soft,2,4,0.07,0.01,0.5135453474676089,0.5829799764428739,0.5829799764428739,0.7449941107184923
real,MSVD,CcvJs77L-e8_15_22.mp4,patch_only,,0.7,0.3,motion_soft,2,4,0.07,0.01,0.7608951707891637,0.7275029446407537,0.7275029446407537,0.649587750294464
real,MSVD,Ce7equ9zCxk_4_19.mp4,patch_only,,0.7,0.3,motion_soft,2,4,0.07,0.01,0.06007067137809187,0.07791519434628974,0.07791519434628974,0.11955241460541814
real,MSVD,CgWYN5e9K10_30_62.mp4,patch_only,,0.7,0.3,motion_soft,2,4,0.07,0.01,0.06890459363957598,0.2106007067137809,0.2106007067137809,0.5412249705535924
real,MSVD,CjvMNwpAFWM_56_66.mp4,patch_only,,0.7,0.3,motion_soft,2,4,0.07,0.01,0.05712603062426384,0.11383981154299175,0.11383981154299175,0.24617196702002356
real,MSVD,CquJjlNuotg_147_155.mp4,patch_only,,0.7,0.3,motion_soft,2,4,0.07,0.01,0.5153121319199058,0.4578916372202591,0.4578916372202591,0.32391048292108365
real,MSVD,CulG2SMC7DU_14_25.mp4,patch_only,,0.7,0.3,motion_soft,2,4,0.07,0.01,0.9004711425206124,0.7584216725559482,0.7584216725559482,0.42697290930506476
real,MSVD,CwPfvoqmV1Q_58_61.mp4,patch_only,,0.7,0.3,motion_soft,2,4,0.07,0.01,0.6195524146054181,0.6396937573616018,0.6396937573616018,0.6866902237926973
real,MSVD,Cx1We6GX4IM_0_8.mp4,patch_only,,0.7,0.3,motion_soft,2,4,0.07,0.01,0.004711425206124852,0.011955241460541813,0.011955241460541813,0.028857479387514724
real,MSVD,Cxxx6wJ1jNo_0_10.mp4,patch_only,,0.7,0.3,motion_soft,2,4,0.07,0.01,0.1707891637220259,0.2492343934040047,0.2492343934040047,0.43227326266195526
real,MSVD,D1tTBncIsm8_198_205.mp4,patch_only,,0.7,0.3,motion_soft,2,4,0.07,0.01,0.1348645465253239,0.11277974087161365,0.11277974087161365,0.061248527679623084
real,MSVD,D1tTBncIsm8_248_254.mp4,patch_only,,0.7,0.3,motion_soft,2,4,0.07,0.01,0.04534746760895171,0.117962308598351,0.117962308598351,0.287396937573616
real,MSVD,D1tTBncIsm8_725_740.mp4,patch_only,,0.7,0.3,motion_soft,2,4,0.07,0.01,0.7367491166077739,0.7381625441696112,0.7381625441696112,0.7414605418138988
real,MSVD,D1tTBncIsm8_841_848.mp4,patch_only,,0.7,0.3,motion_soft,2,4,0.07,0.01,0.03356890459363958,0.04876325088339223,0.04876325088339223,0.08421672555948174
real,MSVD,D2FbgK_kkE8_121_151.mp4,patch_only,,0.7,0.3,motion_soft,2,4,0.07,0.01,0.5435806831566549,0.6237926972909305,0.6237926972909305,0.8109540636042403
real,MSVD,D9I1Z6O_mbw_141_146.mp4,patch_only,,0.7,0.3,motion_soft,2,4,0.07,0.01,0.660188457008245,0.5361601884570082,0.5361601884570082,0.24676089517078917
real,MSVD,DAmOfcvfKZ0_22_32.mp4,patch_only,,0.7,0.3,motion_soft,2,4,0.07,0.01,0.7909305064782096,0.7833333333333332,0.7833333333333332,0.7656065959952886
real,MSVD,DB-3-TVjrxU_58_75.mp4,patch_only,,0.7,0.3,motion_soft,2,4,0.07,0.01,0.6861012956419317,0.771436984687868,0.771436984687868,0.9705535924617197
real,MSVD,DBvSfds3FH4_76_80.mp4,patch_only,,0.7,0.3,motion_soft,2,4,0.07,0.01,0.8056537102473498,0.847703180212014,0.847703180212014,0.9458186101295641
real,MSVD,DBvSfds3FH4_84_88.mp4,patch_only,,0.7,0.3,motion_soft,2,4,0.07,0.01,0.7526501766784452,0.7819787985865724,0.7819787985865724,0.850412249705536
real,MSVD,DDtX5a-OgLQ_1_15.mp4,patch_only,,0.7,0.3,motion_soft,2,4,0.07,0.01,0.8651354534746761,0.8847467608951708,0.8847467608951708,0.9305064782096584
real,MSVD,DGQL5lx-mwE_2_12.mp4,patch_only,,0.7,0.3,motion_soft,2,4,0.07,0.01,0.13191990577149587,0.2571849234393404,0.2571849234393404,0.549469964664311
real,MSVD,DIToA1dDwGQ_32_42.mp4,patch_only,,0.7,0.3,motion_soft,2,4,0.07,0.01,0.5924617196702002,0.5016489988221436,0.5016489988221436,0.28975265017667845
real,MSVD,DIebwNHGjm8_27_38.mp4,patch_only,,0.7,0.3,motion_soft,2,4,0.07,0.01,0.6166077738515902,0.637279151943463,0.637279151943463,0.6855123674911661
real,MSVD,DJWmm_Q9WvY_1_25.mp4,patch_only,,0.7,0.3,motion_soft,2,4,0.07,0.01,0.0895170789163722,0.12043580683156654,0.12043580683156654,0.19257950530035337
real,MSVD,DKZg4kIEa0A_31_36.mp4,patch_only,,0.7,0.3,motion_soft,2,4,0.07,0.01,0.7279151943462897,0.6501766784452296,0.6501766784452296,0.46878680800942285
real,MSVD,DKgHYLDebx0_0_8.mp4,patch_only,,0.7,0.3,motion_soft,2,4,0.07,0.01,0.24499411071849234,0.2870435806831566,0.2870435806831566,0.38515901060070673
real,MSVD,DN7jwyL1Xgg_1_19.mp4,patch_only,,0.7,0.3,motion_soft,2,4,0.07,0.01,0.07538280329799764,0.18616018845700824,0.18616018845700824,0.444640753828033
real,MSVD,DcDYRpa34W8_11_25.mp4,patch_only,,0.7,0.3,motion_soft,2,4,0.07,0.01,0.8515901060070671,0.6326855123674912,0.6326855123674912,0.12190812720848057
real,MSVD,De815YpTBic_41_48.mp4,patch_only,,0.7,0.3,motion_soft,2,4,0.07,0.01,0.015312131919905771,0.01266195524146054,0.01266195524146054,0.006478209658421673
real,MSVD,Dgf0VHMEtNs_57_66.mp4,patch_only,,0.7,0.3,motion_soft,2,4,0.07,0.01,0.16313309776207302,0.20659599528857478,0.20659599528857478,0.3080094228504123
real,MSVD,DhwrBs96Kgk_120_124.mp4,patch_only,,0.7,0.3,motion_soft,2,4,0.07,0.01,0.18610129564193167,0.14899882214369847,0.14899882214369847,0.0624263839811543
real,MSVD,DlOhXqKcLXk_7_14.mp4,patch_only,,0.7,0.3,motion_soft,2,4,0.07,0.01,0.8987043580683156,0.8831566548881036,0.8831566548881036,0.8468786808009423
real,MSVD,DuMkW35BwK8_43_47.mp4,patch_only,,0.7,0.3,motion_soft,2,4,0.07,0.01,0.5265017667844523,0.4574204946996466,0.4574204946996466,0.2962308598351001
real,MSVD,DvYN53KBDr0_51_62.mp4,patch_only,,0.7,0.3,motion_soft,2,4,0.07,0.01,0.05123674911660778,0.044346289752650175,0.044346289752650175,0.028268551236749116
real,MSVD,E2r6nnkwl0c_6_18.mp4,patch_only,,0.7,0.3,motion_soft,2,4,0.07,0.01,0.5636042402826855,0.4704946996466431,0.4704946996466431,0.25323910482921086
real,MSVD,E4k0Aylzdyo_97_104.mp4,patch_only,,0.7,0.3,motion_soft,2,4,0.07,0.01,0.4299175500588928,0.35288574793875144,0.35288574793875144,0.17314487632508835
real,MSVD,E61HNXjgyqA_22_32.mp4,patch_only,,0.7,0.3,motion_soft,2,4,0.07,0.01,0.30859835100117783,0.2928739693757361,0.2928739693757361,0.25618374558303886
real,MSVD,E6sqA9QtV5I_195_201.mp4,patch_only,,0.7,0.3,motion_soft,2,4,0.07,0.01,0.4199057714958775,0.49923439340400466,0.49923439340400466,0.6843345111896348
real,MSVD,EA-J-Y6QjUo_40_61.mp4,patch_only,,0.7,0.3,motion_soft,2,4,0.07,0.01,0.6784452296819788,0.662190812720848,0.662190812720848,0.624263839811543
real,MSVD,EBWPZIjtnTM_1_6.mp4,patch_only,,0.7,0.3,motion_soft,2,4,0.07,0.01,0.2767962308598351,0.28651354534746765,0.28651354534746765,0.30918727915194344
real,MSVD,EKL6elkbFy0_16_30.mp4,patch_only,,0.7,0.3,motion_soft,2,4,0.07,0.01,0.6702002355712603,0.5295641931684334,0.5295641931684334,0.20141342756183744
real,MSVD,EPXsiQw9vvo_1_12.mp4,patch_only,,0.7,0.3,motion_soft,2,4,0.07,0.01,0.20200235571260305,0.15094228504122495,0.15094228504122495,0.03180212014134275
real,MSVD,EPgQ9QwbsLE_16_23.mp4,patch_only,,0.7,0.3,motion_soft,2,4,0.07,0.01,0.05182567726737338,0.1171967020023557,0.1171967020023557,0.2697290930506478
real,MSVD,ETUJipdnfOM_0_5.mp4,patch_only,,0.7,0.3,motion_soft,2,4,0.07,0.01,0.12308598351001178,0.19693757361601882,0.19693757361601882,0.36925795053003535
real,MSVD,EVqc7e8JCco_5_15.mp4,patch_only,,0.7,0.3,motion_soft,2,4,0.07,0.01,0.3421672555948174,0.41725559481743224,0.41725559481743224,0.5924617196702002
real,MSVD,EXyp0Q7L1zE_30_38.mp4,patch_only,,0.7,0.3,motion_soft,2,4,0.07,0.01,0.5441696113074205,0.43710247349823317,0.43710247349823317,0.1872791519434629
real,MSVD,Ea0thGZKPXA_25_35.mp4,patch_only,,0.7,0.3,motion_soft,2,4,0.07,0.01,0.267962308598351,0.4538280329799764,0.4538280329799764,0.8875147232037691
real,MSVD,EdrZtaBUXIo_25_29.mp4,patch_only,,0.7,0.3,motion_soft,2,4,0.07,0.01,0.1354534746760895,0.12096584216725559,0.12096584216725559,0.08716136631330977
real,MSVD,EjAoBKagWQA_132_145.mp4,patch_only,,0.7,0.3,motion_soft,2,4,0.07,0.01,0.5376914016489989,0.39723203769140164,0.39723203769140164,0.06949352179034157
real,MSVD,Els1Cclg_sk_4_15.mp4,patch_only,,0.7,0.3,motion_soft,2,4,0.07,0.01,0.13780918727915195,0.09929328621908126,0.09929328621908126,0.009422850412249705
real,MSVD,EpMuCrbxE8A_107_115.mp4,patch_only,,0.7,0.3,motion_soft,2,4,0.07,0.01,0.7455830388692579,0.8190812720848056,0.8190812720848056,0.9905771495877503
real,MSVD,EqOGzNkekMk_5_15.mp4,patch_only,,0.7,0.3,motion_soft,2,4,0.07,0.01,0.3280329799764429,0.46619552414605414,0.46619552414605414,0.7885747938751473
real,MSVD,EwTZ2xpQwpA_14_21.mp4,patch_only,,0.7,0.3,motion_soft,2,4,0.07,0.01,0.48527679623085984,0.5944640753828032,0.5944640753828032,0.8492343934040048
real,MSVD,F1BwUJ4--Qw_21_38.mp4,patch_only,,0.7,0.3,motion_soft,2,4,0.07,0.01,0.5836277974087162,0.6329210836277974,0.6329210836277974,0.7479387514723204
real,MSVD,F2Ny7rq9RKs_139_148.mp4,patch_only,,0.7,0.3,motion_soft,2,4,0.07,0.01,0.5176678445229682,0.6448763250883393,0.6448763250883393,0.941696113074205
real,MSVD,F3pmw2ga244_59_65.mp4,patch_only,,0.7,0.3,motion_soft,2,4,0.07,0.01,0.2149587750294464,0.18474676089517078,0.18474676089517078,0.11425206124852769
real,MSVD,FA3OfhJK0mI_195_203.mp4,patch_only,,0.7,0.3,motion_soft,2,4,0.07,0.01,0.36101295641931685,0.41790341578327445,0.41790341578327445,0.5506478209658422
real,MSVD,FAD8CbQuvco_35_45.mp4,patch_only,,0.7,0.3,motion_soft,2,4,0.07,0.01,0.3828032979976443,0.5333333333333332,0.5333333333333332,0.8845700824499411
real,MSVD,FCjpuJaUec0_19_26.mp4,patch_only,,0.7,0.3,motion_soft,2,4,0.07,0.01,0.856301531213192,0.702944640753828,0.702944640753828,0.3451118963486455
real,MSVD,FGjtmhI-Rmk_30_37.mp4,patch_only,,0.7,0.3,motion_soft,2,4,0.07,0.01,0.0977620730270907,0.2027090694935218,0.2027090694935218,0.44758539458186103
real,MSVD,FH8vgAp4VDU_10_14.mp4,patch_only,,0.7,0.3,motion_soft,2,4,0.07,0.01,0.6654888103651354,0.5063015312131919,0.5063015312131919,0.1348645465253239
real,MSVD,FHwC2THZJfA_0_10.mp4,patch_only,,0.7,0.3,motion_soft,2,4,0.07,0.01,0.4458186101295642,0.44740871613663125,0.44740871613663125,0.45111896348645464
real,MSVD,FOOM-wA2rOY_77_86.mp4,patch_only,,0.7,0.3,motion_soft,2,4,0.07,0.01,0.5995288574793876,0.5345111896348645,0.5345111896348645,0.3828032979976443
real,MSVD,FTh5zPk34bQ_16_30.mp4,patch_only,,0.7,0.3,motion_soft,2,4,0.07,0.01,0.17491166077738515,0.15830388692579506,0.15830388692579506,0.11955241460541814
real,MSVD,FWzsXeXCwuc_111_116.mp4,patch_only,,0.7,0.3,motion_soft,2,4,0.07,0.01,0.24911660777385158,0.28250883392226145,0.28250883392226145,0.36042402826855124
real,MSVD,FavUpD_IjVY_22_26.mp4,patch_only,,0.7,0.3,motion_soft,2,4,0.07,0.01,0.3374558303886926,0.34434628975265014,0.34434628975265014,0.36042402826855124
real,MSVD,Fe4tO5vW9_E_64_70.mp4,patch_only,,0.7,0.3,motion_soft,2,4,0.07,0.01,0.9434628975265018,0.9316254416961129,0.9316254416961129,0.9040047114252061
real,MSVD,FeTaKOPVaJg_15_25.mp4,patch_only,,0.7,0.3,motion_soft,2,4,0.07,0.01,0.6790341578327445,0.512603062426384,0.512603062426384,0.12426383981154299
real,MSVD,FeTaKOPVaJg_60_70.mp4,patch_only,,0.7,0.3,motion_soft,2,4,0.07,0.01,0.3127208480565371,0.2644876325088339,0.2644876325088339,0.1519434628975265
real,MSVD,FoL7aWvpvNs_199_204.mp4,patch_only,,0.7,0.3,motion_soft,2,4,0.07,0.01,0.4369846878680801,0.5159599528857479,0.5159599528857479,0.7002355712603062
real,MSVD,FvfjDQj5sOY_1_10.mp4,patch_only,,0.7,0.3,motion_soft,2,4,0.07,0.01,0.6372202591283863,0.652944640753828,0.652944640753828,0.6896348645465253
real,MSVD,FwCmcZpkk-k_22_32.mp4,patch_only,,0.7,0.3,motion_soft,2,4,0.07,0.01,0.6613663133097762,0.6410482921083628,0.6410482921083628,0.5936395759717314
real,MSVD,FxIuFwMhOu8_18_26.mp4,patch_only,,0.7,0.3,motion_soft,2,4,0.07,0.01,0.7773851590106007,0.7680212014134276,0.7680212014134276,0.7461719670200235
real,MSVD,G-M78KIy19E_315_330.mp4,patch_only,,0.7,0.3,motion_soft,2,4,0.07,0.01,0.5424028268551236,0.3856890459363957,0.3856890459363957,0.020023557126030624
real,MSVD,G6w6kO8UPyg_31_41.mp4,patch_only,,0.7,0.3,motion_soft,2,4,0.07,0.01,0.0035335689045936395,0.04664310954063604,0.04664310954063604,0.14723203769140164
real,MSVD,GEXqMH8I3_w_14_18.mp4,patch_only,,0.7,0.3,motion_soft,2,4,0.07,0.01,0.8486454652532391,0.8449352179034157,0.8449352179034157,0.8362779740871613
real,MSVD,GEXqMH8I3_w_63_68.mp4,patch_only,,0.7,0.3,motion_soft,2,4,0.07,0.01,0.11896348645465253,0.09387514723203769,0.09387514723203769,0.0353356890459364
real,MSVD,GMuijLIJH-U_1_10.mp4,patch_only,,0.7,0.3,motion_soft,2,4,0.07,0.01,0.3545347467608952,0.27432273262661955,0.27432273262661955,0.08716136631330977
real,MSVD,GPT4vUwlrXY_1_10.mp4,patch_only,,0.7,0.3,motion_soft,2,4,0.07,0.01,0.3244994110718492,0.23351001177856298,0.23351001177856298,0.02120141342756184
real,MSVD,GPyFZMJ5Dow_56_70.mp4,patch_only,,0.7,0.3,motion_soft,2,4,0.07,0.01,0.85924617196702,0.8795641931684335,0.8795641931684335,0.9269729093050648
real,MSVD,GWQTAe64m-0_160_166.mp4,patch_only,,0.7,0.3,motion_soft,2,4,0.07,0.01,0.8421672555948174,0.6748527679623085,0.6748527679623085,0.284452296819788
real,MSVD,GWQTAe64m-0_91_94.mp4,patch_only,,0.7,0.3,motion_soft,2,4,0.07,0.01,0.842756183745583,0.6964664310954063,0.6964664310954063,0.3551236749116608
real,MSVD,GY5Dl00LrEI_2_13.mp4,patch_only,,0.7,0.3,motion_soft,2,4,0.07,0.01,0.2396937573616019,0.38368669022379265,0.38368669022379265,0.7196702002355713
real,MSVD,G_hxdUG6QXE_23_28.mp4,patch_only,,0.7,0.3,motion_soft,2,4,0.07,0.01,0.9399293286219081,0.9333922261484098,0.9333922261484098,0.9181389870435807
real,MSVD,GcfWD62sbcs_13_33.mp4,patch_only,,0.7,0.3,motion_soft,2,4,0.07,0.01,0.11955241460541814,0.13156654888103653,0.13156654888103653,0.15959952885747938
real,MSVD,Gh4Beb8StFM_29_50.mp4,patch_only,,0.7,0.3,motion_soft,2,4,0.07,0.01,0.7585394581861012,0.6855712603062426,0.6855712603062426,0.5153121319199058
real,MSVD,GlW6n43pUQA_0_12.mp4,patch_only,,0.7,0.3,motion_soft,2,4,0.07,0.01,0.8415783274440518,0.7633097762073027,0.7633097762073027,0.5806831566548881
real,MSVD,Gn4Iv5ARIXc_37_40.mp4,patch_only,,0.7,0.3,motion_soft,2,4,0.07,0.01,0.2579505300353357,0.21342756183745581,0.21342756183745581,0.10954063604240283
real,MSVD,Gn4Iv5ARIXc_83_93.mp4,patch_only,,0.7,0.3,motion_soft,2,4,0.07,0.01,0.2832744405182568,0.25306242638398113,0.25306242638398113,0.18256772673733804
real,MSVD,GnwKcpfr_ng_10_20.mp4,patch_only,,0.7,0.3,motion_soft,2,4,0.07,0.01,0.6360424028268551,0.632685512367491,0.632685512367491,0.6248527679623086
real,MSVD,GnwKcpfr_ng_47_57.mp4,patch_only,,0.7,0.3,motion_soft,2,4,0.07,0.01,0.30683156654888105,0.25506478209658423,0.25506478209658423,0.13427561837455831
real,MSVD,Goj131_GxYs_2_7.mp4,patch_only,,0.7,0.3,motion_soft,2,4,0.07,0.01,0.3504122497055359,0.4039458186101295,0.4039458186101295,0.5288574793875147
real,MSVD,GopEjCCu2jo_2_9.mp4,patch_only,,0.7,0.3,motion_soft,2,4,0.07,0.01,0.8027090694935218,0.6555359246171967,0.6555359246171967,0.3121319199057715
real,MSVD,GtrTNldo0LI_33_46.mp4,patch_only,,0.7,0.3,motion_soft,2,4,0.07,0.01,0.8822143698468787,0.8974087161366313,0.8974087161366313,0.9328621908127208
real,MSVD,Gw0FU733zzg_58_66.mp4,patch_only,,0.7,0.3,motion_soft,2,4,0.07,0.01,0.6419316843345112,0.6686101295641931,0.6686101295641931,0.7308598351001178
real,MSVD,H1Bok7Dg7g8_21_26.mp4,patch_only,,0.7,0.3,motion_soft,2,4,0.07,0.01,0.10247349823321555,0.0862190812720848,0.0862190812720848,0.048292108362779744
real,MSVD,H7vezmDeZaw_2_7.mp4,patch_only,,0.7,0.3,motion_soft,2,4,0.07,0.01,0.9057714958775029,0.915665488810365,0.915665488810365,0.9387514723203769
real,MSVD,H9Oplnr8WcE_24_34.mp4,patch_only,,0.7,0.3,motion_soft,2,4,0.07,0.01,0.4204946996466431,0.3715547703180212,0.3715547703180212,0.2573616018845701
real,MSVD,HAjwXjwN9-A_16_24.mp4,patch_only,,0.7,0.3,motion_soft,2,4,0.07,0.01,0.5388692579505301,0.592756183745583,0.592756183745583,0.71849234393404
real,MSVD,HBCJYhUjVf0_0_9.mp4,patch_only,,0.7,0.3,motion_soft,2,4,0.07,0.01,0.2408716136631331,0.3080094228504122,0.3080094228504122,0.46466431095406363
real,MSVD,HDcIB1e9s5A_28_34.mp4,patch_only,,0.7,0.3,motion_soft,2,4,0.07,0.01,0.4929328621908127,0.47667844522968195,0.47667844522968195,0.4387514723203769
real,MSVD,HJHPB_Y8GZE_22_28.mp4,patch_only,,0.7,0.3,motion_soft,2,4,0.07,0.01,0.028268551236749116,0.12614840989399292,0.12614840989399292,0.3545347467608952
real,MSVD,HJHPB_Y8GZE_259_263.mp4,patch_only,,0.7,0.3,motion_soft,2,4,0.07,0.01,0.6554770318021201,0.6098939929328622,0.6098939929328622,0.5035335689045937
real,MSVD,HM-ZDoRWiH4_0_5.mp4,patch_only,,0.7,0.3,motion_soft,2,4,0.07,0.01,0.9257950530035336,0.885512367491166,0.885512367491166,0.7915194346289752
real,MSVD,HN-ccxID8IM_3_10.mp4,patch_only,,0.7,0.3,motion_soft,2,4,0.07,0.01,0.04063604240282685,0.1332155477031802,0.1332155477031802,0.3492343934040047
real,MSVD,HO_ovIrLWfQ_1_11.mp4,patch_only,,0.7,0.3,motion_soft,2,4,0.07,0.01,0.16431095406360424,0.2637809187279152,0.2637809187279152,0.4958775029446408
real,MSVD,HPFLN5azwtA_56_63.mp4,patch_only,,0.7,0.3,motion_soft,2,4,0.07,0.01,0.2868080094228504,0.29405182567726734,0.29405182567726734,0.31095406360424027
real,MSVD,HV12kTtdTT4_5_14.mp4,patch_only,,0.7,0.3,motion_soft,2,4,0.07,0.01,0.5247349823321554,0.4948763250883392,0.4948763250883392,0.425206124852768
real,MSVD,HVR7KpItLfA_62_70.mp4,patch_only,,0.7,0.3,motion_soft,2,4,0.07,0.01,0.30977620730270905,0.37656065959952884,0.37656065959952884,0.5323910482921084
real,MSVD,HYbEf-JKZnA_13_26.mp4,patch_only,,0.7,0.3,motion_soft,2,4,0.07,0.01,0.15371024734982333,0.15265017667844522,0.15265017667844522,0.1501766784452297
real,MSVD,HZ-BuDDmvVk_0_10.mp4,patch_only,,0.7,0.3,motion_soft,2,4,0.07,0.01,0.47290930506478207,0.39658421672555944,0.39658421672555944,0.21849234393404005
real,MSVD,HZqscSWtHmo_24_34.mp4,patch_only,,0.7,0.3,motion_soft,2,4,0.07,0.01,0.3480565371024735,0.37932862190812716,0.37932862190812716,0.45229681978798586
real,MSVD,Hd-NeIhbYGc_28_31.mp4,patch_only,,0.7,0.3,motion_soft,2,4,0.07,0.01,0.12014134275618374,0.30706713780918726,0.30706713780918726,0.7432273262661955
real,MSVD,Hd-NeIhbYGc_43_48.mp4,patch_only,,0.7,0.3,motion_soft,2,4,0.07,0.01,0.26325088339222613,0.40106007067137805,0.40106007067137805,0.7226148409893993
real,MSVD,He7Ge7Sogrk_47_70.mp4,patch_only,,0.7,0.3,motion_soft,2,4,0.07,0.01,0.4075382803297998,0.314605418138987,0.314605418138987,0.0977620730270907
real,MSVD,HkpUWzNNVt4_20_30.mp4,patch_only,,0.7,0.3,motion_soft,2,4,0.07,0.01,0.22379269729093051,0.22714958775029448,0.22714958775029448,0.23498233215547704
real,MSVD,HmVPxs4ygMc_44_53.mp4,patch_only,,0.7,0.3,motion_soft,2,4,0.07,0.01,0.9140164899882215,0.7491755005889281,0.7491755005889281,0.36454652532391046
real,MSVD,HqbVbPvlDoM_0_11.mp4,patch_only,,0.7,0.3,motion_soft,2,4,0.07,0.01,0.6295641931684335,0.6046525323910483,0.6046525323910483,0.5465253239104829
real,MSVD,Hu9Sq1RvuoA_19_62.mp4,patch_only,,0.7,0.3,motion_soft,2,4,0.07,0.01,0.5665488810365136,0.6112485276796231,0.6112485276796231,0.715547703180212
real,MSVD,HxRK-WqZ5Gk_30_50.mp4,patch_only,,0.7,0.3,motion_soft,2,4,0.07,0.01,0.5530035335689046,0.4664310954063604,0.4664310954063604,0.26442873969375735
real,MSVD,HypgcCT1r68_38_46.mp4,patch_only,,0.7,0.3,motion_soft,2,4,0.07,0.01,0.657243816254417,0.5482332155477031,0.5482332155477031,0.29387514723203767
real,MSVD,HzYtvOYOEoU_21_32.mp4,patch_only,,0.7,0.3,motion_soft,2,4,0.07,0.01,0.7850412249705536,0.713133097762073,0.713133097762073,0.5453474676089517
real,MSVD,I9gLTZY1ouc_142_147.mp4,patch_only,,0.7,0.3,motion_soft,2,4,0.07,0.01,0.800942285041225,0.763133097762073,0.763133097762073,0.6749116607773852
real,MSVD,IAvBB2lv8iw_142_148.mp4,patch_only,,0.7,0.3,motion_soft,2,4,0.07,0.01,0.2661955241460542,0.2794464075382803,0.2794464075382803,0.31036513545347466
real,MSVD,IBgsLmDcL78_80_84.mp4,patch_only,,0.7,0.3,motion_soft,2,4,0.07,0.01,0.6301531213191991,0.5843934040047114,0.5843934040047114,0.47762073027090696
real,MSVD,ID2xXlUENG0_19_24.mp4,patch_only,,0.7,0.3,motion_soft,2,4,0.07,0.01,0.4216725559481743,0.39075382803298,0.39075382803298,0.31861012956419316
real,MSVD,INDhUwDMg-4_220_227.mp4,patch_only,,0.7,0.3,motion_soft,2,4,0.07,0.01,0.2850412249705536,0.3438751472320377,0.3438751472320377,0.48115429917550057
real,MSVD,ITNh8tWZPOA_5_25.mp4,patch_only,,0.7,0.3,motion_soft,2,4,0.07,0.01,0.9570082449941107,0.9407538280329799,0.9407538280329799,0.9028268551236749
real,MSVD,IWhrWLOAin0_1_4.mp4,patch_only,,0.7,0.3,motion_soft,2,4,0.07,0.01,0.23792697290930506,0.36336866902237924,0.36336866902237924,0.6560659599528857
real,MSVD,IY1Fn796MoY_7_10.mp4,patch_only,,0.7,0.3,motion_soft,2,4,0.07,0.01,0.7614840989399293,0.7911660777385159,0.7911660777385159,0.8604240282685512
real,MSVD,IhwPQL9dFYc_124_129.mp4,patch_only,,0.7,0.3,motion_soft,2,4,0.07,0.01,0.8138987043580683,0.7018845700824499,0.7018845700824499,0.44051825677267376
real,MSVD,IhwPQL9dFYc_130_136.mp4,patch_only,,0.7,0.3,motion_soft,2,4,0.07,0.01,0.964075382803298,0.8032979976442873,0.8032979976442873,0.428150765606596
real,MSVD,IhwPQL9dFYc_137_143.mp4,patch_only,,0.7,0.3,motion_soft,2,4,0.07,0.01,0.8445229681978799,0.6775618374558303,0.6775618374558303,0.2879858657243816
real,MSVD,IhwPQL9dFYc_143_147.mp4,patch_only,,0.7,0.3,motion_soft,2,4,0.07,0.01,0.8197879858657244,0.8037102473498233,0.8037102473498233,0.7661955241460542
real,MSVD,IhwPQL9dFYc_153_170.mp4,patch_only,,0.7,0.3,motion_soft,2,4,0.07,0.01,0.9222614840989399,0.8703180212014134,0.8703180212014134,0.7491166077738516
real,MSVD,IhwPQL9dFYc_171_175.mp4,patch_only,,0.7,0.3,motion_soft,2,4,0.07,0.01,0.37691401648998824,0.4732037691401649,0.4732037691401649,0.6978798586572438
real,MSVD,IhwPQL9dFYc_24_30.mp4,patch_only,,0.7,0.3,motion_soft,2,4,0.07,0.01,0.9381625441696113,0.9268551236749116,0.9268551236749116,0.9004711425206124
real,MSVD,IhwPQL9dFYc_50_59.mp4,patch_only,,0.7,0.3,motion_soft,2,4,0.07,0.01,0.9782096584216725,0.9253828032979976,0.9253828032979976,0.8021201413427562
real,MSVD,IhwPQL9dFYc_61_75.mp4,patch_only,,0.7,0.3,motion_soft,2,4,0.07,0.01,0.9958775029446407,0.9861601884570081,0.9861601884570081,0.9634864546525324
real,MSVD,IiIiY6o-C9k_49_55.mp4,patch_only,,0.7,0.3,motion_soft,2,4,0.07,0.01,0.6849234393404005,0.6707891637220258,0.6707891637220258,0.6378091872791519
real,MSVD,IiIiY6o-C9k_59_64.mp4,patch_only,,0.7,0.3,motion_soft,2,4,0.07,0.01,0.809776207302709,0.714193168433451,0.714193168433451,0.4911660777385159
real,MSVD,IiTzJQE67FA_74_86.mp4,patch_only,,0.7,0.3,motion_soft,2,4,0.07,0.01,0.8886925795053003,0.8526501766784451,0.8526501766784451,0.7685512367491166
real,MSVD,IpHJffM3G1c_439_446.mp4,patch_only,,0.7,0.3,motion_soft,2,4,0.07,0.01,0.7991755005889282,0.7585394581861014,0.7585394581861014,0.6637220259128387
real,MSVD,IpHJffM3G1c_464_470.mp4,patch_only,,0.7,0.3,motion_soft,2,4,0.07,0.01,0.6919905771495878,0.6835100117785631,0.6835100117785631,0.6637220259128387
real,MSVD,ItFqogTmAvQ_240_246.mp4,patch_only,,0.7,0.3,motion_soft,2,4,0.07,0.01,0.6195524146054181,0.6455241460541813,0.6455241460541813,0.7061248527679623
real,MSVD,ItFqogTmAvQ_361_365.mp4,patch_only,,0.7,0.3,motion_soft,2,4,0.07,0.01,0.6908127208480566,0.6058303886925794,0.6058303886925794,0.4075382803297998
real,MSVD,ItFqogTmAvQ_389_395.mp4,patch_only,,0.7,0.3,motion_soft,2,4,0.07,0.01,0.5959952885747939,0.5018256772673734,0.5018256772673734,0.28209658421672557
real,MSVD,ItFqogTmAvQ_48_52.mp4,patch_only,,0.7,0.3,motion_soft,2,4,0.07,0.01,0.765017667844523,0.683922261484099,0.683922261484099,0.49469964664310956
real,MSVD,Ixw6wmoC_xg_116_126.mp4,patch_only,,0.7,0.3,motion_soft,2,4,0.07,0.01,0.5606595995288575,0.6269140164899882,0.6269140164899882,0.78150765606596
real,MSVD,Ixw6wmoC_xg_60_70.mp4,patch_only,,0.7,0.3,motion_soft,2,4,0.07,0.01,0.8627797408716137,0.8426383981154298,0.8426383981154298,0.7956419316843345
real,MSVD,J3_hkgu6MGc_43_52.mp4,patch_only,,0.7,0.3,motion_soft,2,4,0.07,0.01,0.5058892815076561,0.37974087161366316,0.37974087161366316,0.08539458186101295
real,MSVD,J4otiwOjQy8_98_112.mp4,patch_only,,0.7,0.3,motion_soft,2,4,0.07,0.01,0.7656065959952886,0.6650765606595994,0.6650765606595994,0.4305064782096584
real,MSVD,J7zb8YXrmIA_93_99.mp4,patch_only,,0.7,0.3,motion_soft,2,4,0.07,0.01,0.32332155477031804,0.2409893992932862,0.2409893992932862,0.04888103651354535
real,MSVD,J8cP93yG1Ao_14_24.mp4,patch_only,,0.7,0.3,motion_soft,2,4,0.07,0.01,0.15901060070671377,0.14363957597173144,0.14363957597173144,0.10777385159010601
real,MSVD,JAFGw0WRHHU_108_116.mp4,patch_only,,0.7,0.3,motion_soft,2,4,0.07,0.01,0.8886925795053003,0.8586572438162543,0.8586572438162543,0.7885747938751473
real,MSVD,JIoiUNOXGaI_8_13.mp4,patch_only,,0.7,0.3,motion_soft,2,4,0.07,0.01,0.6890459363957597,0.6075971731448764,0.6075971731448764,0.4175500588928151
real,MSVD,JK1R9k1WDpc_6_15.mp4,patch_only,,0.7,0.3,motion_soft,2,4,0.07,0.01,0.3115429917550059,0.2935217903415783,0.2935217903415783,0.251472320376914
real,MSVD,JXSkYkiKO0I_42_46.mp4,patch_only,,0.7,0.3,motion_soft,2,4,0.07,0.01,0.6160188457008245,0.7013545347467609,0.7013545347467609,0.9004711425206124
real,MSVD,JYNzY9jmsQQ_2_10.mp4,patch_only,,0.7,0.3,motion_soft,2,4,0.07,0.01,0.06713780918727916,0.10424028268551236,0.10424028268551236,0.19081272084805653
real,MSVD,J_evFB7RIKA_104_120.mp4,patch_only,,0.7,0.3,motion_soft,2,4,0.07,0.01,0.15842167255594816,0.3690223792697291,0.3690223792697291,0.8604240282685512
real,MSVD,Jag7oTemldY_12_25.mp4,patch_only,,0.7,0.3,motion_soft,2,4,0.07,0.01,0.2043580683156655,0.37502944640753827,0.37502944640753827,0.7732626619552415
real,MSVD,Je3V7U5Ctj4_504_511.mp4,patch_only,,0.7,0.3,motion_soft,2,4,0.07,0.01,0.7750294464075382,0.6914605418138986,0.6914605418138986,0.49646643109540634
real,MSVD,Je3V7U5Ctj4_558_563.mp4,patch_only,,0.7,0.3,motion_soft,2,4,0.07,0.01,0.7196702002355713,0.640341578327444,0.640341578327444,0.4552414605418139
real,MSVD,Je3V7U5Ctj4_569_576.mp4,patch_only,,0.7,0.3,motion_soft,2,4,0.07,0.01,0.6625441696113075,0.6452296819787986,0.6452296819787986,0.6048292108362779
real,MSVD,Je3V7U5Ctj4_582_587.mp4,patch_only,,0.7,0.3,motion_soft,2,4,0.07,0.01,0.6130742049469965,0.5782685512367491,0.5782685512367491,0.49705535924617195
real,MSVD,Je3V7U5Ctj4_634_639.mp4,patch_only,,0.7,0.3,motion_soft,2,4,0.07,0.01,0.31566548881036516,0.49693757361601887,0.49693757361601887,0.9199057714958775
real,MSVD,Je3V7U5Ctj4_760_765.mp4,patch_only,,0.7,0.3,motion_soft,2,4,0.07,0.01,0.2697290930506478,0.31955241460541806,0.31955241460541806,0.43580683156654887
real,MSVD,Je3V7U5Ctj4_768_773.mp4,patch_only,,0.7,0.3,motion_soft,2,4,0.07,0.01,0.29387514723203767,0.3465253239104829,0.3465253239104829,0.46937573616018846
real,MSVD,Je3V7U5Ctj4_956_961.mp4,patch_only,,0.7,0.3,motion_soft,2,4,0.07,0.01,0.7332155477031802,0.7090106007067137,0.7090106007067137,0.6525323910482921
real,MSVD,Je3V7U5Ctj4_997_1004.mp4,patch_only,,0.7,0.3,motion_soft,2,4,0.07,0.01,0.7950530035335689,0.6415194346289752,0.6415194346289752,0.2832744405182568
real,MSVD,Jfu-WkuCgD0_140_150.mp4,patch_only,,0.7,0.3,motion_soft,2,4,0.07,0.01,0.6207302709069493,0.7210836277974086,0.7210836277974086,0.9552414605418139
real,MSVD,JhCvLmf9yr0_46_50.mp4,patch_only,,0.7,0.3,motion_soft,2,4,0.07,0.01,0.12603062426383982,0.2816843345111897,0.2816843345111897,0.6448763250883393
real,MSVD,Jj4uYHr65H8_28_35.mp4,patch_only,,0.7,0.3,motion_soft,2,4,0.07,0.01,0.15312131919905772,0.11513545347467609,0.11513545347467609,0.026501766784452298
real,MSVD,JktNQQnLblQ_4_9.mp4,patch_only,,0.7,0.3,motion_soft,2,4,0.07,0.01,0.24558303886925795,0.31378091872791514,0.31378091872791514,0.47290930506478207
real,MSVD,JledeVyklPw_1_6.mp4,patch_only,,0.7,0.3,motion_soft,2,4,0.07,0.01,0.6042402826855123,0.5837455830388693,0.5837455830388693,0.535924617196702
real,MSVD,JnNe61UZsdM_42_51.mp4,patch_only,,0.7,0.3,motion_soft,2,4,0.07,0.01,0.5730270906949352,0.4560659599528857,0.4560659599528857,0.18315665488810365
real,MSVD,JnNe61UZsdM_78_88.mp4,patch_only,,0.7,0.3,motion_soft,2,4,0.07,0.01,0.30565371024734983,0.3058303886925795,0.3058303886925795,0.30624263839811544
real,MSVD,JntMAcTlOF0_50_70.mp4,patch_only,,0.7,0.3,motion_soft,2,4,0.07,0.01,0.950530035335689,0.911660777385159,0.911660777385159,0.8209658421672555
real,MSVD,JpjAgSvr42k_0_12.mp4,patch_only,,0.7,0.3,motion_soft,2,4,0.07,0.01,0.42638398115429915,0.39299175500588923,0.39299175500588923,0.31507656065959955
real,MSVD,JsD6uEZsIsU_1_47.mp4,patch_only,,0.7,0.3,motion_soft,2,4,0.07,0.01,0.7785630153121319,0.7840400471142519,0.7840400471142519,0.7968197879858657
real,MSVD,JsD6uEZsIsU_45_58.mp4,patch_only,,0.7,0.3,motion_soft,2,4,0.07,0.01,0.8286219081272085,0.8339222614840989,0.8339222614840989,0.8462897526501767
real,MSVD,JsmHZlUgf1w_0_21.mp4,patch_only,,0.7,0.3,motion_soft,2,4,0.07,0.01,0.10070671378091872,0.17137809187279152,0.17137809187279152,0.33627797408716137
real,MSVD,Jxw16bqzVqE_18_28.mp4,patch_only,,0.7,0.3,motion_soft,2,4,0.07,0.01,0.6749116607773852,0.6381625441696113,0.6381625441696113,0.552414605418139
real,MSVD,K-KVz3eqbnA_1_10.mp4,patch_only,,0.7,0.3,motion_soft,2,4,0.07,0.01,0.5023557126030624,0.5445818610129564,0.5445818610129564,0.6431095406360424
real,MSVD,K-czl524zxk_6_15.mp4,patch_only,,0.7,0.3,motion_soft,2,4,0.07,0.01,0.3003533568904594,0.3003533568904594,0.3003533568904594,0.3003533568904594
real,MSVD,K1ZM0LSLVw8_481_487.mp4,patch_only,,0.7,0.3,motion_soft,2,4,0.07,0.01,0.8845700824499411,0.8941107184923439,0.8941107184923439,0.9163722025912838
real,MSVD,K1ZM0LSLVw8_488_494.mp4,patch_only,,0.7,0.3,motion_soft,2,4,0.07,0.01,0.872791519434629,0.8736749116607774,0.8736749116607774,0.875736160188457
real,MSVD,K2LxyytY3Dw_104_112.mp4,patch_only,,0.7,0.3,motion_soft,2,4,0.07,0.01,0.5294464075382803,0.5889870435806831,0.5889870435806831,0.7279151943462897
real,MSVD,K6xy6C-Hsa0_2_28.mp4,patch_only,,0.7,0.3,motion_soft,2,4,0.07,0.01,0.9328621908127208,0.9515901060070671,0.9515901060070671,0.9952885747938751
real,MSVD,KFt5Zz5Mwlo_12_30.mp4,patch_only,,0.7,0.3,motion_soft,2,4,0.07,0.01,0.46054181389870436,0.48527679623085984,0.48527679623085984,0.5429917550058893
real,MSVD,KIEWo_xJ5nU_0_7.mp4,patch_only,,0.7,0.3,motion_soft,2,4,0.07,0.01,0.2832744405182568,0.289811542991755,0.289811542991755,0.3050647820965842
real,MSVD,KPPCwmU5OHQ_227_238.mp4,patch_only,,0.7,0.3,motion_soft,2,4,0.07,0.01,0.9558303886925795,0.9673144876325088,0.9673144876325088,0.9941107184923439
real,MSVD,KPPCwmU5OHQ_258_266.mp4,patch_only,,0.7,0.3,motion_soft,2,4,0.07,0.01,0.9093050647820966,0.9188457008244995,0.9188457008244995,0.9411071849234394
real,MSVD,KPPCwmU5OHQ_424_430.mp4,patch_only,,0.7,0.3,motion_soft,2,4,0.07,0.01,0.9593639575971732,0.8828621908127209,0.8828621908127209,0.7043580683156655
real,MSVD,KPPCwmU5OHQ_467_472.mp4,patch_only,,0.7,0.3,motion_soft,2,4,0.07,0.01,0.917550058892815,0.8984687868080095,0.8984687868080095,0.8539458186101295
real,MSVD,KPPCwmU5OHQ_480_486.mp4,patch_only,,0.7,0.3,motion_soft,2,4,0.07,0.01,0.9163722025912838,0.9241460541813898,0.9241460541813898,0.9422850412249706
real,MSVD,KPPCwmU5OHQ_56_62.mp4,patch_only,,0.7,0.3,motion_soft,2,4,0.07,0.01,0.4028268551236749,0.4848056537102473,0.4848056537102473,0.6760895170789164
real,MSVD,KUc1cWKXjDc_20_30.mp4,patch_only,,0.7,0.3,motion_soft,2,4,0.07,0.01,0.03415783274440518,0.0868080094228504,0.0868080094228504,0.20965842167255594
real,MSVD,KeSQ5Rv7eH8_73_79.mp4,patch_only,,0.7,0.3,motion_soft,2,4,0.07,0.01,0.8686690223792697,0.8331566548881035,0.8331566548881035,0.7502944640753828
real,MSVD,Kf8oZGHDTt4_4_13.mp4,patch_only,,0.7,0.3,motion_soft,2,4,0.07,0.01,0.24734982332155478,0.31943462897526503,0.31943462897526503,0.4876325088339223
real,MSVD,Kms3EXosNS0_8_17.mp4,patch_only,,0.7,0.3,motion_soft,2,4,0.07,0.01,0.8186101295641932,0.805359246171967,0.805359246171967,0.7744405182567726
real,MSVD,KpmVL4ANieA_0_9.mp4,patch_only,,0.7,0.3,motion_soft,2,4,0.07,0.01,0.4746760895170789,0.5582449941107185,0.5582449941107185,0.7532391048292109
real,MSVD,KqKUXRHHkCc_101_105.mp4,patch_only,,0.7,0.3,motion_soft,2,4,0.07,0.01,0.4823321554770318,0.5459363957597173,0.5459363957597173,0.6943462897526502
real,MSVD,Kqb-mmkEWqU_1_5.mp4,patch_only,,0.7,0.3,motion_soft,2,4,0.07,0.01,0.1696113074204947,0.13197879858657244,0.13197879858657244,0.044169611307420496
real,MSVD,KrBeBabazDU_15_20.mp4,patch_only,,0.7,0.3,motion_soft,2,4,0.07,0.01,0.5206124852767963,0.436866902237927,0.436866902237927,0.2414605418138987
real,MSVD,Kxa0mnDj0bs_113_124.mp4,patch_only,,0.7,0.3,motion_soft,2,4,0.07,0.01,0.5959952885747939,0.5921083627797409,0.5921083627797409,0.5830388692579506
real,MSVD,Kxa0mnDj0bs_15_20.mp4,patch_only,,0.7,0.3,motion_soft,2,4,0.07,0.01,0.45995288574793874,0.42002355712603057,0.42002355712603057,0.32685512367491165
real,MSVD,L6dEUQ6WiHY_136_142.mp4,patch_only,,0.7,0.3,motion_soft,2,4,0.07,0.01,0.6760895170789164,0.62962308598351,0.62962308598351,0.5212014134275619
real,MSVD,L6dEUQ6WiHY_171_186.mp4,patch_only,,0.7,0.3,motion_soft,2,4,0.07,0.01,0.32626619552414604,0.3619552414605418,0.3619552414605418,0.4452296819787986
real,MSVD,L8h2DazQZJY_0_10.mp4,patch_only,,0.7,0.3,motion_soft,2,4,0.07,0.01,0.3321554770318021,0.4402826855123675,0.4402826855123675,0.6925795053003534
real,MSVD,L9wD3kw-8FE_65_73.mp4,patch_only,,0.7,0.3,motion_soft,2,4,0.07,0.01,0.6171967020023557,0.5691401648998822,0.5691401648998822,0.45700824499411075
real,MSVD,LEz0puaKNTk_38_48.mp4,patch_only,,0.7,0.3,motion_soft,2,4,0.07,0.01,0.1955241460541814,0.1423439340400471,0.1423439340400471,0.018256772673733806
real,MSVD,LF51fban_x4_300_325.mp4,patch_only,,0.7,0.3,motion_soft,2,4,0.07,0.01,0.02237926972909305,0.0464075382803298,0.0464075382803298,0.10247349823321555
real,MSVD,LLkehH86ABY_30_36.mp4,patch_only,,0.7,0.3,motion_soft,2,4,0.07,0.01,0.4581861012956419,0.5836277974087161,0.5836277974087161,0.8763250883392226
real,MSVD,LQ-jv8g1YVI_1_6.mp4,patch_only,,0.7,0.3,motion_soft,2,4,0.07,0.01,0.3297997644287397,0.37255594817432275,0.37255594817432275,0.4723203769140165
real,MSVD,LSuVRWPoHr0_0_37.mp4,patch_only,,0.7,0.3,motion_soft,2,4,0.07,0.01,0.9758539458186102,0.9813309776207302,0.9813309776207302,0.9941107184923439
real,MSVD,LYSPQqUvNO0_43_57.mp4,patch_only,,0.7,0.3,motion_soft,2,4,0.07,0.01,0.2767962308598351,0.3204358068315666,0.3204358068315666,0.42226148409893993
real,MSVD,LacBy2NT3YQ_12_17.mp4,patch_only,,0.7,0.3,motion_soft,2,4,0.07,0.01,0.37043580683156657,0.31230859835100117,0.31230859835100117,0.17667844522968199
real,MSVD,Li3umATsU0E_1_5.mp4,patch_only,,0.7,0.3,motion_soft,2,4,0.07,0.01,0.0088339222614841,0.028975265017667843,0.028975265017667843,0.07597173144876325
real,MSVD,LjimLwAhAOQ_5_15.mp4,patch_only,,0.7,0.3,motion_soft,2,4,0.07,0.01,0.46937573616018846,0.5587750294464076,0.5587750294464076,0.7673733804475854
real,MSVD,LqPIBHAmt4E_22_30.mp4,patch_only,,0.7,0.3,motion_soft,2,4,0.07,0.01,0.4452296819787986,0.5639575971731449,0.5639575971731449,0.8409893992932862
real,MSVD,Lr8ds5iY5uk_8_15.mp4,patch_only,,0.7,0.3,motion_soft,2,4,0.07,0.01,0.28857479387514723,0.21755005889281506,0.21755005889281506,0.05182567726737338
real,MSVD,Lt1JijkvSKk_0_10.mp4,patch_only,,0.7,0.3,motion_soft,2,4,0.07,0.01,0.22673733804475854,0.19811542991755005,0.19811542991755005,0.13133097762073026
real,MSVD,LuQ0KiMMhoI_49_64.mp4,patch_only,,0.7,0.3,motion_soft,2,4,0.07,0.01,0.5512367491166078,0.534982332155477,0.534982332155477,0.49705535924617195
real,MSVD,Lw0eGsYxElA_11_14.mp4,patch_only,,0.7,0.3,motion_soft,2,4,0.07,0.01,0.2756183745583039,0.39257950530035335,0.39257950530035335,0.6654888103651354
real,MSVD,LwicaralvS0_90_104.mp4,patch_only,,0.7,0.3,motion_soft,2,4,0.07,0.01,0.3386336866902238,0.42202591283863367,0.42202591283863367,0.6166077738515902
real,MSVD,LwvyrDxM2G0_0_11.mp4,patch_only,,0.7,0.3,motion_soft,2,4,0.07,0.01,0.4905771495877503,0.44729093050647817,0.44729093050647817,0.3462897526501767
real,MSVD,Ly5D0z9gKtc_15_20.mp4,patch_only,,0.7,0.3,motion_soft,2,4,0.07,0.01,0.7885747938751473,0.7921083627797408,0.7921083627797408,0.8003533568904594
real,MSVD,LyYJiKxHZz0_0_10.mp4,patch_only,,0.7,0.3,motion_soft,2,4,0.07,0.01,0.38987043580683156,0.2997644287396937,0.2997644287396937,0.0895170789163722
real,MSVD,Lyp7MiaCXNE_114_120.mp4,patch_only,,0.7,0.3,motion_soft,2,4,0.07,0.01,0.8474676089517079,0.8803297997644286,0.8803297997644286,0.9570082449941107
real,MSVD,M4It3DrhbE0_13_22.mp4,patch_only,,0.7,0.3,motion_soft,2,4,0.07,0.01,0.32567726737338043,0.35977620730270904,0.35977620730270904,0.43934040047114253
real,MSVD,MF88IYF2MHY_25_59.mp4,patch_only,,0.7,0.3,motion_soft,2,4,0.07,0.01,0.375736160188457,0.37626619552414603,0.37626619552414603,0.37750294464075385
real,MSVD,MHWxjWwAbwM_10_25.mp4,patch_only,,0.7,0.3,motion_soft,2,4,0.07,0.01,0.1872791519434629,0.27685512367491166,0.27685512367491166,0.48586572438162545
real,MSVD,MICawzo1MqI_3_13.mp4,patch_only,,0.7,0.3,motion_soft,2,4,0.07,0.01,0.7055359246171967,0.7232037691401649,0.7232037691401649,0.7644287396937574
real,MSVD,MJNStEgDKXU_3_10.mp4,patch_only,,0.7,0.3,motion_soft,2,4,0.07,0.01,0.018256772673733806,0.09440518256772673,0.09440518256772673,0.27208480565371024
real,MSVD,MJoxGpEswOI_9_16.mp4,patch_only,,0.7,0.3,motion_soft,2,4,0.07,0.01,0.7232037691401649,0.7330977620730271,0.7330977620730271,0.7561837455830389
real,MSVD,MMnnqzOoMF0_68_72.mp4,patch_only,,0.7,0.3,motion_soft,2,4,0.07,0.01,0.726148409893993,0.6814487632508834,0.6814487632508834,0.5771495877502945
real,MSVD,MPuKVz3sjBA_1_12.mp4,patch_only,,0.7,0.3,motion_soft,2,4,0.07,0.01,0.4664310954063604,0.546643109540636,0.546643109540636,0.7338044758539458
real,MSVD,MSrJTeKNzdI_32_36.mp4,patch_only,,0.7,0.3,motion_soft,2,4,0.07,0.01,0.47703180212014135,0.4938162544169611,0.4938162544169611,0.532979976442874
real,MSVD,MTjrZthHwJQ_2_11.mp4,patch_only,,0.7,0.3,motion_soft,2,4,0.07,0.01,0.43168433451118965,0.4387514723203769,0.4387514723203769,0.4552414605418139
real,MSVD,MTkGPfMRXtc_5_21.mp4,patch_only,,0.7,0.3,motion_soft,2,4,0.07,0.01,0.5123674911660777,0.5978798586572438,0.5978798586572438,0.7974087161366313
real,MSVD,MW21lp833Vo_143_149.mp4,patch_only,,0.7,0.3,motion_soft,2,4,0.07,0.01,0.38928150765606595,0.3951118963486454,0.3951118963486454,0.408716136631331
real,MSVD,MW21lp833Vo_8_16.mp4,patch_only,,0.7,0.3,motion_soft,2,4,0.07,0.01,0.04181389870435807,0.22432273262661953,0.22432273262661953,0.6501766784452296
real,MSVD,MWvCcwTw7Ac_154_181.mp4,patch_only,,0.7,0.3,motion_soft,2,4,0.07,0.01,0.13898704358068315,0.15859835100117783,0.15859835100117783,0.2043580683156655
real,MSVD,MWvCcwTw7Ac_78_86.mp4,patch_only,,0.7,0.3,motion_soft,2,4,0.07,0.01,0.05418138987043581,0.16177856301531213,0.16177856301531213,0.4128386336866902
real,MSVD,MWzeInQaUk4_12_20.mp4,patch_only,,0.7,0.3,motion_soft,2,4,0.07,0.01,0.2249705535924617,0.35376914016489985,0.35376914016489985,0.6542991755005889
real,MSVD,MY-rGamtAJc_6_22.mp4,patch_only,,0.7,0.3,motion_soft,2,4,0.07,0.01,0.699057714958775,0.6859835100117785,0.6859835100117785,0.6554770318021201
real,MSVD,MoqC84sXu88_47_59.mp4,patch_only,,0.7,0.3,motion_soft,2,4,0.07,0.01,0.4193168433451119,0.4896348645465253,0.4896348645465253,0.6537102473498233
real,MSVD,MqS82kBtUHQ_0_12.mp4,patch_only,,0.7,0.3,motion_soft,2,4,0.07,0.01,0.18315665488810365,0.23527679623085979,0.23527679623085979,0.3568904593639576
real,MSVD,MrMG15y3rWU_5_13.mp4,patch_only,,0.7,0.3,motion_soft,2,4,0.07,0.01,0.03297997644287397,0.12714958775029447,0.12714958775029447,0.3468786808009423
real,MSVD,MrQd1zUVRUM_103_110.mp4,patch_only,,0.7,0.3,motion_soft,2,4,0.07,0.01,0.649587750294464,0.5335100117785629,0.5335100117785629,0.2626619552414605
real,MSVD,Ms3QdGIzltU_10_20.mp4,patch_only,,0.7,0.3,motion_soft,2,4,0.07,0.01,0.23380447585394581,0.24652532391048293,0.24652532391048293,0.2762073027090695
real,MSVD,Ms3QdGIzltU_1_16.mp4,patch_only,,0.7,0.3,motion_soft,2,4,0.07,0.01,0.2779740871613663,0.2924617196702002,0.2924617196702002,0.32626619552414604
real,MSVD,Mutb8BHFvzk_15_20.mp4,patch_only,,0.7,0.3,motion_soft,2,4,0.07,0.01,0.12838633686690223,0.1354534746760895,0.1354534746760895,0.1519434628975265
real,MSVD,MwOEK-KXSPc_1_10.mp4,patch_only,,0.7,0.3,motion_soft,2,4,0.07,0.01,0.02120141342756184,0.05282685512367491,0.05282685512367491,0.12661955241460543
real,MSVD,N2Cm0SLr0ZE_18_29.mp4,patch_only,,0.7,0.3,motion_soft,2,4,0.07,0.01,0.8739693757361602,0.8949941107184922,0.8949941107184922,0.9440518256772674
real,MSVD,N3A7944_UJw_63_70.mp4,patch_only,,0.7,0.3,motion_soft,2,4,0.07,0.01,0.7597173144876325,0.5899293286219081,0.5899293286219081,0.19375736160188456
real,MSVD,N6SglZopfmk_97_111.mp4,patch_only,,0.7,0.3,motion_soft,2,4,0.07,0.01,0.464075382803298,0.5734393404004712,0.5734393404004712,0.8286219081272085
real,MSVD,NKtfKR4GNjU_0_20.mp4,patch_only,,0.7,0.3,motion_soft,2,4,0.07,0.01,0.1784452296819788,0.3065371024734982,0.3065371024734982,0.6054181389870436
real,MSVD,NMlKMfiHSho_1_15.mp4,patch_only,,0.7,0.3,motion_soft,2,4,0.07,0.01,0.31448763250883394,0.37473498233215546,0.37473498233215546,0.5153121319199058
real,MSVD,NNYLo1OeZ-Q_48_54.mp4,patch_only,,0.7,0.3,motion_soft,2,4,0.07,0.01,0.11778563015312132,0.3059481743227326,0.3059481743227326,0.7449941107184923
real,MSVD,NUYu9c9XsgY_7_21.mp4,patch_only,,0.7,0.3,motion_soft,2,4,0.07,0.01,0.13957597173144876,0.153886925795053,0.153886925795053,0.1872791519434629
real,MSVD,NV6pq1W-I4g_7_16.mp4,patch_only,,0.7,0.3,motion_soft,2,4,0.07,0.01,0.5630153121319199,0.6683156654888103,0.6683156654888103,0.9140164899882215
real,MSVD,NVGGgncVq-4_111_117.mp4,patch_only,,0.7,0.3,motion_soft,2,4,0.07,0.01,0.40636042402826855,0.3641342756183745,0.3641342756183745,0.2656065959952886
real,MSVD,NVGGgncVq-4_12_20.mp4,patch_only,,0.7,0.3,motion_soft,2,4,0.07,0.01,0.591283863368669,0.425736160188457,0.425736160188457,0.039458186101295645
real,MSVD,NZWiKMZS_k8_39_48.mp4,patch_only,,0.7,0.3,motion_soft,2,4,0.07,0.01,0.4546525323910483,0.43521790341578326,0.43521790341578326,0.38987043580683156
real,MSVD,NaX51emUDn4_0_20.mp4,patch_only,,0.7,0.3,motion_soft,2,4,0.07,0.01,0.4016489988221437,0.4530624263839812,0.4530624263839812,0.5730270906949352
real,MSVD,NbOlG7THecM_25_34.mp4,patch_only,,0.7,0.3,motion_soft,2,4,0.07,0.01,0.8710247349823321,0.7871024734982331,0.7871024734982331,0.591283863368669
real,MSVD,Nd45qJn61Dw_0_10.mp4,patch_only,,0.7,0.3,motion_soft,2,4,0.07,0.01,0.5612485276796231,0.5637220259128386,0.5637220259128386,0.5694935217903416
real,MSVD,Ne87egvJnWo_0_3.mp4,patch_only,,0.7,0.3,motion_soft,2,4,0.07,0.01,0.5600706713780919,0.44717314487632503,0.44717314487632503,0.18374558303886926
real,MSVD,NjCqtzZ3OtU_62_67.mp4,patch_only,,0.7,0.3,motion_soft,2,4,0.07,0.01,0.9375736160188457,0.9442873969375736,0.9442873969375736,0.9599528857479388
real,MSVD,NjblUomxFQo_100_108.mp4,patch_only,,0.7,0.3,motion_soft,2,4,0.07,0.01,0.4581861012956419,0.5447585394581861,0.5447585394581861,0.7467608951707891
real,MSVD,NoCgvH4xZHo_240_251.mp4,patch_only,,0.7,0.3,motion_soft,2,4,0.07,0.01,0.4829210836277974,0.37797408716136627,0.37797408716136627,0.1330977620730271
real,MSVD,NoCgvH4xZHo_56_63.mp4,patch_only,,0.7,0.3,motion_soft,2,4,0.07,0.01,0.5895170789163722,0.4349234393404004,0.4349234393404004,0.07420494699646643
real,MSVD,NoCgvH4xZHo_68_74.mp4,patch_only,,0.7,0.3,motion_soft,2,4,0.07,0.01,0.3669022379269729,0.3437573616018845,0.3437573616018845,0.28975265017667845
real,MSVD,O06WXS_XZN0_0_6.mp4,patch_only,,0.7,0.3,motion_soft,2,4,0.07,0.01,0.044169611307420496,0.19151943462897528,0.19151943462897528,0.5353356890459364
real,MSVD,O2qiPS2NCeY_2_18.mp4,patch_only,,0.7,0.3,motion_soft,2,4,0.07,0.01,0.012367491166077738,0.03869257950530035,0.03869257950530035,0.10011778563015312
real,MSVD,O9cOSO9L8Zs_1_16.mp4,patch_only,,0.7,0.3,motion_soft,2,4,0.07,0.01,0.49646643109540634,0.5312720848056537,0.5312720848056537,0.6124852767962309
real,MSVD,O9yLRzpPp44_36_55.mp4,patch_only,,0.7,0.3,motion_soft,2,4,0.07,0.01,0.2591283863368669,0.4246760895170789,0.4246760895170789,0.8109540636042403
real,MSVD,OBLIjdMIIt8_54_61.mp4,patch_only,,0.7,0.3,motion_soft,2,4,0.07,0.01,0.14899882214369847,0.11118963486454653,0.11118963486454653,0.022968197879858657
real,MSVD,OCcy9TDRGKo_118_127.mp4,patch_only,,0.7,0.3,motion_soft,2,4,0.07,0.01,0.5318021201413428,0.47915194346289747,0.47915194346289747,0.35630153121319197
real,MSVD,OE6H_M52Sng_89_97.mp4,patch_only,,0.7,0.3,motion_soft,2,4,0.07,0.01,0.5859835100117785,0.5637220259128386,0.5637220259128386,0.5117785630153121
real,MSVD,OIg10Bl7urs_0_10.mp4,patch_only,,0.7,0.3,motion_soft,2,4,0.07,0.01,0.045936395759717315,0.07014134275618375,0.07014134275618375,0.12661955241460543
real,MSVD,OIjsSu_I4So_6_10.mp4,patch_only,,0.7,0.3,motion_soft,2,4,0.07,0.01,0.5677267373380448,0.47249705535924613,0.47249705535924613,0.2502944640753828
real,MSVD,OKBLPpAPp9c_2_17.mp4,patch_only,,0.7,0.3,motion_soft,2,4,0.07,0.01,0.8610129564193169,0.6899882214369847,0.6899882214369847,0.29093050647820967
real,MSVD,OO-5-eVEKPA_25_31.mp4,patch_only,,0.7,0.3,motion_soft,2,4,0.07,0.01,0.555359246171967,0.6055359246171966,0.6055359246171966,0.7226148409893993
real,MSVD,OUII8_aOfNM_26_55.mp4,patch_only,,0.7,0.3,motion_soft,2,4,0.07,0.01,0.9787985865724381,0.9657243816254415,0.9657243816254415,0.9352179034157833
real,MSVD,OUII8_aOfNM_60_69.mp4,patch_only,,0.7,0.3,motion_soft,2,4,0.07,0.01,0.997055359246172,0.9721436984687868,0.9721436984687868,0.9140164899882215
real,MSVD,OVEe1DMsOq0_43_52.mp4,patch_only,,0.7,0.3,motion_soft,2,4,0.07,0.01,0.25618374558303886,0.33303886925795045,0.33303886925795045,0.5123674911660777
real,MSVD,O_NWtDShLeg_21_25.mp4,patch_only,,0.7,0.3,motion_soft,2,4,0.07,0.01,0.12956419316843346,0.09511189634864546,0.09511189634864546,0.014723203769140165
real,MSVD,O_Pst-uryQI_1_14.mp4,patch_only,,0.7,0.3,motion_soft,2,4,0.07,0.01,0.5724381625441696,0.4192579505300353,0.4192579505300353,0.061837455830388695
real,MSVD,OaBmAg6gz30_4_18.mp4,patch_only,,0.7,0.3,motion_soft,2,4,0.07,0.01,0.7396937573616019,0.8001177856301531,0.8001177856301531,0.9411071849234394
real,MSVD,ObBss94n3gI_35_46.mp4,patch_only,,0.7,0.3,motion_soft,2,4,0.07,0.01,0.9717314487632509,0.9174911660777385,0.9174911660777385,0.7909305064782096
real,MSVD,Okg8QYhdtvU_48_53.mp4,patch_only,,0.7,0.3,motion_soft,2,4,0.07,0.01,0.516489988221437,0.6258539458186101,0.6258539458186101,0.8810365135453475
real,MSVD,Okg8QYhdtvU_73_92.mp4,patch_only,,0.7,0.3,motion_soft,2,4,0.07,0.01,0.6719670200235571,0.7184334511189634,0.7184334511189634,0.8268551236749117
real,MSVD,Ow_o78zjo14_42_57.mp4,patch_only,,0.7,0.3,motion_soft,2,4,0.07,0.01,0.08833922261484099,0.15459363957597172,0.15459363957597172,0.30918727915194344
real,MSVD,OxL9z2BzBnk_0_19.mp4,patch_only,,0.7,0.3,motion_soft,2,4,0.07,0.01,0.1684334511189635,0.32903415783274437,0.32903415783274437,0.7037691401648999
real,MSVD,P2WM91LENgk_40_50.mp4,patch_only,,0.7,0.3,motion_soft,2,4,0.07,0.01,0.6678445229681979,0.7171378091872791,0.7171378091872791,0.8321554770318021
real,MSVD,P4IjNV3lZkQ_136_144.mp4,patch_only,,0.7,0.3,motion_soft,2,4,0.07,0.01,0.532979976442874,0.5128386336866901,0.5128386336866901,0.4658421672555948
real,MSVD,P6eo3LULuuc_1_11.mp4,patch_only,,0.7,0.3,motion_soft,2,4,0.07,0.01,0.21613663133097763,0.16737338044758537,0.16737338044758537,0.0535924617196702
real,MSVD,PAN5IVvMlVc_17_23.mp4,patch_only,,0.7,0.3,motion_soft,2,4,0.07,0.01,0.48881036513545345,0.5808598351001177,0.5808598351001177,0.7956419316843345
real,MSVD,PAm82v0AMFc_5_10.mp4,patch_only,,0.7,0.3,motion_soft,2,4,0.07,0.01,0.06949352179034157,0.28062426383981154,0.28062426383981154,0.7732626619552415
real,MSVD,PBHZtoygOYg_450_465.mp4,patch_only,,0.7,0.3,motion_soft,2,4,0.07,0.01,0.43227326266195526,0.5753828032979976,0.5753828032979976,0.9093050647820966
real,MSVD,PCXHuseKwDc_17_20.mp4,patch_only,,0.7,0.3,motion_soft,2,4,0.07,0.01,0.12956419316843346,0.11012956419316842,0.11012956419316842,0.06478209658421673
real,MSVD,PCXHuseKwDc_68_76.mp4,patch_only,,0.7,0.3,motion_soft,2,4,0.07,0.01,0.6007067137809188,0.538339222614841,0.538339222614841,0.3928150765606596
real,MSVD,PD6eQY7yCfw_32_37.mp4,patch_only,,0.7,0.3,motion_soft,2,4,0.07,0.01,0.40518256772673733,0.5111896348645465,0.5111896348645465,0.7585394581861012
real,MSVD,PECk9A-07Pw_1_9.mp4,patch_only,,0.7,0.3,motion_soft,2,4,0.07,0.01,0.5712603062426383,0.4297408716136631,0.4297408716136631,0.09952885747938751
real,MSVD,PHDmVhShE80_20_29.mp4,patch_only,,0.7,0.3,motion_soft,2,4,0.07,0.01,0.09010600706713781,0.21731448763250882,0.21731448763250882,0.5141342756183745
real,MSVD,PHDmVhShE80_36_46.mp4,patch_only,,0.7,0.3,motion_soft,2,4,0.07,0.01,0.8763250883392226,0.8924028268551236,0.8924028268551236,0.9299175500588928
real,MSVD,PHDmVhShE80_82_86.mp4,patch_only,,0.7,0.3,motion_soft,2,4,0.07,0.01,0.8804475853945819,0.852002355712603,0.852002355712603,0.7856301531213192
real,MSVD,PJnJMp2ZpbA_3_15.mp4,patch_only,,0.7,0.3,motion_soft,2,4,0.07,0.01,0.6060070671378092,0.5892226148409894,0.5892226148409894,0.5500588928150766
real,MSVD,POv7JaE3vJ8_40_50.mp4,patch_only,,0.7,0.3,motion_soft,2,4,0.07,0.01,0.3657243816254417,0.4648409893992933,0.4648409893992933,0.696113074204947
real,MSVD,PTxHJMM6hHE_0_15.mp4,patch_only,,0.7,0.3,motion_soft,2,4,0.07,0.01,0.09952885747938751,0.21012956419316842,0.21012956419316842,0.46819787985865724
real,MSVD,PeUHy0A1GF0_105_112.mp4,patch_only,,0.7,0.3,motion_soft,2,4,0.07,0.01,0.287396937573616,0.28315665488810365,0.28315665488810365,0.27326266195524146
real,MSVD,PeUHy0A1GF0_114_121.mp4,patch_only,,0.7,0.3,motion_soft,2,4,0.07,0.01,0.5047114252061249,0.39057714958775025,0.39057714958775025,0.12426383981154299
real,MSVD,PeUHy0A1GF0_28_32.mp4,patch_only,,0.7,0.3,motion_soft,2,4,0.07,0.01,0.9817432273262662,0.9817432273262661,0.9817432273262661,0.9817432273262662
real,MSVD,PeUHy0A1GF0_51_55.mp4,patch_only,,0.7,0.3,motion_soft,2,4,0.07,0.01,0.8521790341578327,0.8426383981154298,0.8426383981154298,0.8203769140164899
real,MSVD,PeUHy0A1GF0_62_66.mp4,patch_only,,0.7,0.3,motion_soft,2,4,0.07,0.01,0.901060070671378,0.8957597173144876,0.8957597173144876,0.8833922261484098
real,MSVD,PeUHy0A1GF0_68_73.mp4,patch_only,,0.7,0.3,motion_soft,2,4,0.07,0.01,0.6849234393404005,0.6677856301531213,0.6677856301531213,0.6277974087161367
real,MSVD,PeUHy0A1GF0_74_77.mp4,patch_only,,0.7,0.3,motion_soft,2,4,0.07,0.01,0.6219081272084805,0.6401060070671377,0.6401060070671377,0.682567726737338
real,MSVD,PeUHy0A1GF0_78_85.mp4,patch_only,,0.7,0.3,motion_soft,2,4,0.07,0.01,0.7720848056537103,0.7657243816254418,0.7657243816254418,0.7508833922261484
real,MSVD,PeUHy0A1GF0_99_103.mp4,patch_only,,0.7,0.3,motion_soft,2,4,0.07,0.01,0.9110718492343934,0.8820965842167255,0.8820965842167255,0.8144876325088339
real,MSVD,Pgm-mOQu2MM_48_62.mp4,patch_only,,0.7,0.3,motion_soft,2,4,0.07,0.01,0.1872791519434629,0.14081272084805652,0.14081272084805652,0.032391048292108364
real,MSVD,PiyoeFC31kE_9_27.mp4,patch_only,,0.7,0.3,motion_soft,2,4,0.07,0.01,0.6666666666666666,0.7076560659599529,0.7076560659599529,0.8032979976442874
real,MSVD,PmrTDZy3f2M_35_39.mp4,patch_only,,0.7,0.3,motion_soft,2,4,0.07,0.01,0.425206124852768,0.4971142520612485,0.4971142520612485,0.6648998822143698
real,MSVD,PqvKNqkGI9o_47_52.mp4,patch_only,,0.7,0.3,motion_soft,2,4,0.07,0.01,0.7526501766784452,0.6118374558303886,0.6118374558303886,0.2832744405182568
real,MSVD,PuQVs2Ch1LY_5_15.mp4,patch_only,,0.7,0.3,motion_soft,2,4,0.07,0.01,0.3115429917550059,0.3822143698468786,0.3822143698468786,0.5471142520612485
real,MSVD,PugziVUikEg_117_140.mp4,patch_only,,0.7,0.3,motion_soft,2,4,0.07,0.01,0.1513545347467609,0.2672555948174323,0.2672555948174323,0.5376914016489989
real,MSVD,Puh1n8DTKw8_2_9.mp4,patch_only,,0.7,0.3,motion_soft,2,4,0.07,0.01,0.9428739693757362,0.9421672555948174,0.9421672555948174,0.9405182567726738
real,MSVD,Q-soOsOLIGQ_0_22.mp4,patch_only,,0.7,0.3,motion_soft,2,4,0.07,0.01,0.28975265017667845,0.3390459363957597,0.3390459363957597,0.4540636042402827
real,MSVD,Q6HuQEIJqcA_9_16.mp4,patch_only,,0.7,0.3,motion_soft,2,4,0.07,0.01,0.21790341578327443,0.25147232037691397,0.25147232037691397,0.3297997644287397
real,MSVD,Q7H9mI9dtMY_20_34.mp4,patch_only,,0.7,0.3,motion_soft,2,4,0.07,0.01,0.552414605418139,0.6460541813898704,0.6460541813898704,0.8645465253239105
real,MSVD,QA_JTtM1hKA_5_15.mp4,patch_only,,0.7,0.3,motion_soft,2,4,0.07,0.01,0.4246171967020024,0.547585394581861,0.547585394581861,0.8345111896348646
real,MSVD,QGJy1K91gP4_90_100.mp4,patch_only,,0.7,0.3,motion_soft,2,4,0.07,0.01,0.803886925795053,0.7607773851590106,0.7607773851590106,0.660188457008245
real,MSVD,QHkvBU8diwU_1_18.mp4,patch_only,,0.7,0.3,motion_soft,2,4,0.07,0.01,0.9234393404004712,0.9061248527679624,0.9061248527679624,0.8657243816254417
real,MSVD,QOmrchUPnBs_10_20.mp4,patch_only,,0.7,0.3,motion_soft,2,4,0.07,0.01,0.3415783274440518,0.4103062426383981,0.4103062426383981,0.5706713780918727
real,MSVD,QT8iCDc7NGU_18_23.mp4,patch_only,,0.7,0.3,motion_soft,2,4,0.07,0.01,0.5806831566548881,0.6405771495877504,0.6405771495877504,0.7803297997644287
real,MSVD,QTAqjSbMkXU_65_75.mp4,patch_only,,0.7,0.3,motion_soft,2,4,0.07,0.01,0.02061248527679623,0.11972909305064783,0.11972909305064783,0.3510011778563015
real,MSVD,QVSt5USMkMg_43_50.mp4,patch_only,,0.7,0.3,motion_soft,2,4,0.07,0.01,0.21024734982332155,0.25512367491166077,0.25512367491166077,0.35983510011778563
real,MSVD,QhRqJp-CgEs_7_14.mp4,patch_only,,0.7,0.3,motion_soft,2,4,0.07,0.01,0.6454652532391049,0.570906949352179,0.570906949352179,0.39693757361601884
real,MSVD,QjI3Y8ZKSqs_30_38.mp4,patch_only,,0.7,0.3,motion_soft,2,4,0.07,0.01,0.817432273262662,0.7921672555948174,0.7921672555948174,0.7332155477031802
real,MSVD,Qjbcibrv3L0_26_32.mp4,patch_only,,0.7,0.3,motion_soft,2,4,0.07,0.01,0.36395759717314485,0.2812720848056537,0.2812720848056537,0.08833922261484099
real,MSVD,QklHhN8pQBE_0_10.mp4,patch_only,,0.7,0.3,motion_soft,2,4,0.07,0.01,0.32273262661955243,0.3783863368669022,0.3783863368669022,0.5082449941107184
real,MSVD,Qp-k0H93iJE_35_39.mp4,patch_only,,0.7,0.3,motion_soft,2,4,0.07,0.01,0.3875147232037691,0.4168433451118963,0.4168433451118963,0.48527679623085984
real,MSVD,QqYWLR47eLI_10_18.mp4,patch_only,,0.7,0.3,motion_soft,2,4,0.07,0.01,0.3928150765606596,0.38239104829210835,0.38239104829210835,0.3580683156654888
real,MSVD,QsC8__3lwO0_50_60.mp4,patch_only,,0.7,0.3,motion_soft,2,4,0.07,0.01,0.8492343934040048,0.7276796230859836,0.7276796230859836,0.44405182567726736
real,MSVD,QsvBYKaCXEc_5_15.mp4,patch_only,,0.7,0.3,motion_soft,2,4,0.07,0.01,0.30859835100117783,0.23351001177856298,0.23351001177856298,0.05830388692579505
real,MSVD,Qtu-PXuvCx4_12_17.mp4,patch_only,,0.7,0.3,motion_soft,2,4,0.07,0.01,0.44405182567726736,0.48910482921083626,0.48910482921083626,0.5942285041224971
real,MSVD,Qwn0Ni9G5ow_64_69.mp4,patch_only,,0.7,0.3,motion_soft,2,4,0.07,0.01,0.12073027090694935,0.08698468786808009,0.08698468786808009,0.008244994110718492
real,MSVD,QzcTlEpAigQ_0_14.mp4,patch_only,,0.7,0.3,motion_soft,2,4,0.07,0.01,0.2420494699646643,0.22667844522968197,0.22667844522968197,0.19081272084805653
real,MSVD,QzulzuWr0Zw_20_45.mp4,patch_only,,0.7,0.3,motion_soft,2,4,0.07,0.01,0.43404004711425204,0.4381036513545347,0.4381036513545347,0.44758539458186103
real,MSVD,R0e8ojL0vcc_8_14.mp4,patch_only,,0.7,0.3,motion_soft,2,4,0.07,0.01,0.025323910482921083,0.06189634864546525,0.06189634864546525,0.14723203769140164
real,MSVD,R1UrFBF_0iU_35_41.mp4,patch_only,,0.7,0.3,motion_soft,2,4,0.07,0.01,0.8021201413427562,0.5962897526501767,0.5962897526501767,0.1160188457008245
real,MSVD,R24RktgUi-s_24_28.mp4,patch_only,,0.7,0.3,motion_soft,2,4,0.07,0.01,0.5288574793875147,0.5523557126030624,0.5523557126030624,0.6071849234393404
real,MSVD,R24RktgUi-s_5_15.mp4,patch_only,,0.7,0.3,motion_soft,2,4,0.07,0.01,0.8162544169611308,0.6365724381625442,0.6365724381625442,0.21731448763250882
real,MSVD,R2DvpPTfl-E_20_25.mp4,patch_only,,0.7,0.3,motion_soft,2,4,0.07,0.01,0.04711425206124853,0.05453474676089517,0.05453474676089517,0.071849234393404
real,MSVD,R3a9r8qFlhQ_0_12.mp4,patch_only,,0.7,0.3,motion_soft,2,4,0.07,0.01,0.31802120141342755,0.41696113074204944,0.41696113074204944,0.6478209658421673
real,MSVD,R8FDJgVW3Vc_0_4.mp4,patch_only,,0.7,0.3,motion_soft,2,4,0.07,0.01,0.48056537102473496,0.5856890459363957,0.5856890459363957,0.8309776207302709
real,MSVD,RJNBxdDQOw4_13_26.mp4,patch_only,,0.7,0.3,motion_soft,2,4,0.07,0.01,0.44051825677267376,0.4590694935217904,0.4590694935217904,0.5023557126030624
real,MSVD,RMznbCn5sQs_0_10.mp4,patch_only,,0.7,0.3,motion_soft,2,4,0.07,0.01,0.5424028268551236,0.5263250883392225,0.5263250883392225,0.48881036513545345
real,MSVD,RWWvWFeE6_Q_2_26.mp4,patch_only,,0.7,0.3,motion_soft,2,4,0.07,0.01,0.01707891637220259,0.02326266195524146,0.02326266195524146,0.03769140164899882
real,MSVD,RX6NSOuCCAE_13_27.mp4,patch_only,,0.7,0.3,motion_soft,2,4,0.07,0.01,0.6837455830388692,0.6236749116607774,0.6236749116607774,0.483510011778563
real,MSVD,RZL9irxnhZ0_34_40.mp4,patch_only,,0.7,0.3,motion_soft,2,4,0.07,0.01,0.09952885747938751,0.11772673733804476,0.11772673733804476,0.160188457008245
real,MSVD,RieF9wrFd8s_1_8.mp4,patch_only,,0.7,0.3,motion_soft,2,4,0.07,0.01,0.33627797408716137,0.29440518256772674,0.29440518256772674,0.1967020023557126
real,MSVD,RjpbFlOHFps_8_25.mp4,patch_only,,0.7,0.3,motion_soft,2,4,0.07,0.01,0.23380447585394581,0.1917550058892815,0.1917550058892815,0.09363957597173145
real,MSVD,Rm-RnxN4oHA_215_225.mp4,patch_only,,0.7,0.3,motion_soft,2,4,0.07,0.01,0.47820965842167257,0.5038280329799765,0.5038280329799765,0.5636042402826855
real,MSVD,RvJH_POzxmc_10_25.mp4,patch_only,,0.7,0.3,motion_soft,2,4,0.07,0.01,0.5759717314487632,0.4666077738515901,0.4666077738515901,0.21142520612485277
real,MSVD,S-Civm_fbK8_20_26.mp4,patch_only,,0.7,0.3,motion_soft,2,4,0.07,0.01,0.8539458186101295,0.8703769140164899,0.8703769140164899,0.908716136631331
real,MSVD,SFFfhAUEoj0_10_16.mp4,patch_only,,0.7,0.3,motion_soft,2,4,0.07,0.01,0.29740871613663133,0.42232037691401647,0.42232037691401647,0.7137809187279152
real,MSVD,SJZFNwfcSOw_3_18.mp4,patch_only,,0.7,0.3,motion_soft,2,4,0.07,0.01,0.8162544169611308,0.6201413427561837,0.6201413427561837,0.1625441696113074
real,MSVD,SKhmFSV-XB0_12_18.mp4,patch_only,,0.7,0.3,motion_soft,2,4,0.07,0.01,0.45700824499411075,0.49623085983510007,0.49623085983510007,0.5877502944640753
real,MSVD,SRzoLVNgHoI_56_66.mp4,patch_only,,0.7,0.3,motion_soft,2,4,0.07,0.01,0.9658421672555948,0.9094817432273261,0.9094817432273261,0.7779740871613663
real,MSVD,SULWQEAErKw_13_26.mp4,patch_only,,0.7,0.3,motion_soft,2,4,0.07,0.01,0.06654888103651355,0.09676089517078916,0.09676089517078916,0.16725559481743227
real,MSVD,SZP3Jpbbwj0_52_59.mp4,patch_only,,0.7,0.3,motion_soft,2,4,0.07,0.01,0.7455830388692579,0.6787985865724382,0.6787985865724382,0.5229681978798587
real,MSVD,SaOqf2d-y30_22_27.mp4,patch_only,,0.7,0.3,motion_soft,2,4,0.07,0.01,0.04063604240282685,0.04169611307420494,0.04169611307420494,0.044169611307420496
real,MSVD,SaYwh6chmiw_15_40.mp4,patch_only,,0.7,0.3,motion_soft,2,4,0.07,0.01,0.15783274440518258,0.139811542991755,0.139811542991755,0.0977620730270907
real,MSVD,ScdUht-pM6s_53_63.mp4,patch_only,,0.7,0.3,motion_soft,2,4,0.07,0.01,0.8250883392226148,0.8519434628975264,0.8519434628975264,0.914605418138987
real,MSVD,Sg5rTYrkpnU_35_48.mp4,patch_only,,0.7,0.3,motion_soft,2,4,0.07,0.01,0.08244994110718493,0.06513545347467609,0.06513545347467609,0.024734982332155476
real,MSVD,Sj6GSmDpNDw_0_12.mp4,patch_only,,0.7,0.3,motion_soft,2,4,0.07,0.01,0.6148409893992933,0.49045936395759715,0.49045936395759715,0.20023557126030625
real,MSVD,Sq7Vt6KC9Yg_17_35.mp4,patch_only,,0.7,0.3,motion_soft,2,4,0.07,0.01,0.26148409893992935,0.307243816254417,0.307243816254417,0.41401648998822144
real,MSVD,SrDE9-cDz48_4_12.mp4,patch_only,,0.7,0.3,motion_soft,2,4,0.07,0.01,0.0624263839811543,0.14935217903415782,0.14935217903415782,0.35217903415783275
real,MSVD,SzEbtbNSg04_111_117.mp4,patch_only,,0.7,0.3,motion_soft,2,4,0.07,0.01,0.9269729093050648,0.9395170789163723,0.9395170789163723,0.9687868080094229
real,MSVD,SzEbtbNSg04_214_224.mp4,patch_only,,0.7,0.3,motion_soft,2,4,0.07,0.01,0.7697290930506479,0.7817432273262661,0.7817432273262661,0.809776207302709
real,MSVD,SzEbtbNSg04_28_48.mp4,patch_only,,0.7,0.3,motion_soft,2,4,0.07,0.01,0.9493521790341578,0.8767373380447585,0.8767373380447585,0.7073027090694936
real,MSVD,SzEbtbNSg04_70_85.mp4,patch_only,,0.7,0.3,motion_soft,2,4,0.07,0.01,0.8839811542991755,0.9127797408716136,0.9127797408716136,0.9799764428739693
real,MSVD,SzEbtbNSg04_71_93.mp4,patch_only,,0.7,0.3,motion_soft,2,4,0.07,0.01,0.9110718492343934,0.9303297997644288,0.9303297997644288,0.9752650176678446
real,MSVD,SzEbtbNSg04_88_93.mp4,patch_only,,0.7,0.3,motion_soft,2,4,0.07,0.01,0.9605418138987044,0.9702591283863369,0.9702591283863369,0.9929328621908127
real,MSVD,T6lPRKRpu9w_32_39.mp4,patch_only,,0.7,0.3,motion_soft,2,4,0.07,0.01,0.38633686690223795,0.37820965842167253,0.37820965842167253,0.35924617196702
real,MSVD,TF6LNmwDr_0_2_10.mp4,patch_only,,0.7,0.3,motion_soft,2,4,0.07,0.01,0.03180212014134275,0.034805653710247346,0.034805653710247346,0.04181389870435807
real,MSVD,TFJ6oR89Vb8_90_107.mp4,patch_only,,0.7,0.3,motion_soft,2,4,0.07,0.01,0.4363957597173145,0.47561837455830386,0.47561837455830386,0.5671378091872792
real,MSVD,TIubRrkku-4_1_10.mp4,patch_only,,0.7,0.3,motion_soft,2,4,0.07,0.01,0.1978798586572438,0.27703180212014133,0.27703180212014133,0.4617196702002356
real,MSVD,TPD5wO_LEPU_2_6.mp4,patch_only,,0.7,0.3,motion_soft,2,4,0.07,0.01,0.2797408716136631,0.45500588928150765,0.45500588928150765,0.8639575971731449
real,MSVD,TPhpsIK7pDc_25_32.mp4,patch_only,,0.7,0.3,motion_soft,2,4,0.07,0.01,0.09010600706713781,0.22031802120141342,0.22031802120141342,0.5241460541813898
real,MSVD,TXabUVUxJqI_22_31.mp4,patch_only,,0.7,0.3,motion_soft,2,4,0.07,0.01,0.7891637220259128,0.6476442873969375,0.6476442873969375,0.31743227326266193
real,MSVD,TZ860P4iTaM_10_24.mp4,patch_only,,0.7,0.3,motion_soft,2,4,0.07,0.01,0.251472320376914,0.3539458186101295,0.3539458186101295,0.5930506478209658
real,MSVD,TZ860P4iTaM_11_20.mp4,patch_only,,0.7,0.3,motion_soft,2,4,0.07,0.01,0.31507656065959955,0.36861012956419315,0.36861012956419315,0.49352179034157834
real,MSVD,TZ860P4iTaM_15_28.mp4,patch_only,,0.7,0.3,motion_soft,2,4,0.07,0.01,0.24440518256772673,0.3306242638398115,0.3306242638398115,0.5318021201413428
real,MSVD,Td29-SApubM_48_57.mp4,patch_only,,0.7,0.3,motion_soft,2,4,0.07,0.01,0.5506478209658422,0.4661955241460542,0.4661955241460542,0.26914016489988224
real,MSVD,TdYN7cePiRI_6_13.mp4,patch_only,,0.7,0.3,motion_soft,2,4,0.07,0.01,0.395170789163722,0.48916372202591285,0.48916372202591285,0.7084805653710248
real,MSVD,Ted3imMggC0_48_58.mp4,patch_only,,0.7,0.3,motion_soft,2,4,0.07,0.01,0.303886925795053,0.3899293286219081,0.3899293286219081,0.5906949352179034
real,MSVD,TgFmoZj3NoM_10_18.mp4,patch_only,,0.7,0.3,motion_soft,2,4,0.07,0.01,0.9852767962308598,0.9766195524146054,0.9766195524146054,0.9564193168433451
real,MSVD,Tied-t1fFsk_15_20.mp4,patch_only,,0.7,0.3,motion_soft,2,4,0.07,0.01,0.8457008244994111,0.8290930506478209,0.8290930506478209,0.790341578327444
real,MSVD,TjLCJKoot4U_43_65.mp4,patch_only,,0.7,0.3,motion_soft,2,4,0.07,0.01,0.425206124852768,0.4158421672555948,0.4158421672555948,0.39399293286219084
real,MSVD,Tm1HjqK0ABg_9_15.mp4,patch_only,,0.7,0.3,motion_soft,2,4,0.07,0.01,0.19964664310954064,0.15,0.15,0.03415783274440518
real,MSVD,TnPOZVHB3x0_45_55.mp4,patch_only,,0.7,0.3,motion_soft,2,4,0.07,0.01,0.6118963486454653,0.6679034157832744,0.6679034157832744,0.7985865724381626
real,MSVD,TsagxA4DKuc_28_41.mp4,patch_only,,0.7,0.3,motion_soft,2,4,0.07,0.01,0.6519434628975265,0.747173144876325,0.747173144876325,0.9693757361601885
real,MSVD,TvBsaMgqh5s_61_68.mp4,patch_only,,0.7,0.3,motion_soft,2,4,0.07,0.01,0.8345111896348646,0.8518256772673733,0.8518256772673733,0.892226148409894
real,MSVD,TwQzFqBqgeA_0_10.mp4,patch_only,,0.7,0.3,motion_soft,2,4,0.07,0.01,0.5677267373380448,0.4808009422850412,0.4808009422850412,0.2779740871613663
real,MSVD,TxzxPyfsSxY_0_10.mp4,patch_only,,0.7,0.3,motion_soft,2,4,0.07,0.01,0.10895170789163722,0.1147820965842167,0.1147820965842167,0.12838633686690223
real,MSVD,UDwvax7K57c_28_35.mp4,patch_only,,0.7,0.3,motion_soft,2,4,0.07,0.01,0.8604240282685512,0.7939929328621909,0.7939929328621909,0.6389870435806831
real,MSVD,UI3Cbj9fbxQ_2_23.mp4,patch_only,,0.7,0.3,motion_soft,2,4,0.07,0.01,0.0076560659599528855,0.005535924617196701,0.005535924617196701,0.0005889281507656066
real,MSVD,UJKythlXAIY_17_21.mp4,patch_only,,0.7,0.3,motion_soft,2,4,0.07,0.01,0.044169611307420496,0.10353356890459363,0.10353356890459363,0.2420494699646643
real,MSVD,UXs3eq68ZjE_194_200.mp4,patch_only,,0.7,0.3,motion_soft,2,4,0.07,0.01,0.36454652532391046,0.34935217903415783,0.34935217903415783,0.3138987043580683
real,MSVD,UXs3eq68ZjE_209_214.mp4,patch_only,,0.7,0.3,motion_soft,2,4,0.07,0.01,0.3875147232037691,0.32037691401648993,0.32037691401648993,0.16372202591283863
real,MSVD,UXs3eq68ZjE_235_240.mp4,patch_only,,0.7,0.3,motion_soft,2,4,0.07,0.01,0.7585394581861012,0.7765606595995288,0.7765606595995288,0.8186101295641932
real,MSVD,UXs3eq68ZjE_246_250.mp4,patch_only,,0.7,0.3,motion_soft,2,4,0.07,0.01,0.6637220259128387,0.6992343934040047,0.6992343934040047,0.7820965842167256
real,MSVD,UXs3eq68ZjE_250_255.mp4,patch_only,,0.7,0.3,motion_soft,2,4,0.07,0.01,0.9511189634864546,0.9611896348645464,0.9611896348645464,0.9846878680800942
real,MSVD,UXs3eq68ZjE_255_260.mp4,patch_only,,0.7,0.3,motion_soft,2,4,0.07,0.01,0.9564193168433451,0.9668433451118964,0.9668433451118964,0.991166077738516
real,MSVD,UXs3eq68ZjE_280_285.mp4,patch_only,,0.7,0.3,motion_soft,2,4,0.07,0.01,0.9546525323910483,0.9657832744405181,0.9657832744405181,0.9917550058892816
real,MSVD,UXs3eq68ZjE_313_318.mp4,patch_only,,0.7,0.3,motion_soft,2,4,0.07,0.01,0.6313309776207303,0.7378680800942286,0.7378680800942286,0.9864546525323911
real,MSVD,UXs3eq68ZjE_320_325.mp4,patch_only,,0.7,0.3,motion_soft,2,4,0.07,0.01,0.9617196702002355,0.9705535924617196,0.9705535924617196,0.991166077738516
real,MSVD,UXs3eq68ZjE_382_387.mp4,patch_only,,0.7,0.3,motion_soft,2,4,0.07,0.01,0.9699646643109541,0.9773851590106006,0.9773851590106006,0.9946996466431095
real,MSVD,UXs3eq68ZjE_498_504.mp4,patch_only,,0.7,0.3,motion_soft,2,4,0.07,0.01,0.9464075382803298,0.9573616018845701,0.9573616018845701,0.9829210836277974
real,MSVD,UXs3eq68ZjE_508_513.mp4,patch_only,,0.7,0.3,motion_soft,2,4,0.07,0.01,0.4799764428739694,0.6303297997644287,0.6303297997644287,0.9811542991755006
real,MSVD,UbmZAe5u5FI_101_110.mp4,patch_only,,0.7,0.3,motion_soft,2,4,0.07,0.01,0.49352179034157834,0.3544758539458186,0.3544758539458186,0.030035335689045935
real,MSVD,UbmZAe5u5FI_111_115.mp4,patch_only,,0.7,0.3,motion_soft,2,4,0.07,0.01,0.24263839811542992,0.1876914016489988,0.1876914016489988,0.059481743227326266
real,MSVD,UbmZAe5u5FI_132_141.mp4,patch_only,,0.7,0.3,motion_soft,2,4,0.07,0.01,0.4163722025912839,0.34269729093050644,0.34269729093050644,0.1707891637220259
real,MSVD,UbmZAe5u5FI_16_23.mp4,patch_only,,0.7,0.3,motion_soft,2,4,0.07,0.01,0.7555948174322733,0.7465842167255594,0.7465842167255594,0.7255594817432274
real,MSVD,UbmZAe5u5FI_26_33.mp4,patch_only,,0.7,0.3,motion_soft,2,4,0.07,0.01,0.5276796230859835,0.5541813898704357,0.5541813898704357,0.6160188457008245
real,MSVD,UbmZAe5u5FI_36_40.mp4,patch_only,,0.7,0.3,motion_soft,2,4,0.07,0.01,0.5906949352179034,0.6580094228504122,0.6580094228504122,0.8150765606595995
real,MSVD,UbmZAe5u5FI_44_55.mp4,patch_only,,0.7,0.3,motion_soft,2,4,0.07,0.01,0.2915194346289753,0.4439929328621908,0.4439929328621908,0.7997644287396938
real,MSVD,UbmZAe5u5FI_60_70.mp4,patch_only,,0.7,0.3,motion_soft,2,4,0.07,0.01,0.9952885747938751,0.9958186101295641,0.9958186101295641,0.997055359246172
real,MSVD,UbmZAe5u5FI_88_98.mp4,patch_only,,0.7,0.3,motion_soft,2,4,0.07,0.01,0.14075382803297998,0.14941107184923438,0.14941107184923438,0.1696113074204947
real,MSVD,Uc63MFVwfrs_355_372.mp4,patch_only,,0.7,0.3,motion_soft,2,4,0.07,0.01,0.9988221436984688,0.999175500588928,0.999175500588928,1.0
real,MSVD,Uc63MFVwfrs_360_372.mp4,patch_only,,0.7,0.3,motion_soft,2,4,0.07,0.01,0.9976442873969376,0.9972909305064781,0.9972909305064781,0.9964664310954063
real,MSVD,Ud3Qy8m6OxQ_52_62.mp4,patch_only,,0.7,0.3,motion_soft,2,4,0.07,0.01,0.43521790341578326,0.5219670200235571,0.5219670200235571,0.7243816254416962
real,MSVD,UdcObAQ5OOM_15_30.mp4,patch_only,,0.7,0.3,motion_soft,2,4,0.07,0.01,0.2043580683156655,0.2197290930506478,0.2197290930506478,0.25559481743227325
real,MSVD,UgUFP5baQ9Y_0_10.mp4,patch_only,,0.7,0.3,motion_soft,2,4,0.07,0.01,0.8945818610129564,0.714193168433451,0.714193168433451,0.29328621908127206
real,MSVD,UgUFP5baQ9Y_0_7.mp4,patch_only,,0.7,0.3,motion_soft,2,4,0.07,0.01,0.8186101295641932,0.6246171967020023,0.6246171967020023,0.17196702002355713
real,MSVD,Ugb_uH72d0I_8_17.mp4,patch_only,,0.7,0.3,motion_soft,2,4,0.07,0.01,0.36866902237926974,0.425206124852768,0.425206124852768,0.5571260306242638
real,MSVD,UnWgz-mVMXU_2_6.mp4,patch_only,,0.7,0.3,motion_soft,2,4,0.07,0.01,0.5053003533568905,0.4606007067137809,0.4606007067137809,0.35630153121319197
real,MSVD,UoPU8F9mus8_258_262.mp4,patch_only,,0.7,0.3,motion_soft,2,4,0.07,0.01,0.4093050647820966,0.49146054181389864,0.49146054181389864,0.6831566548881036
real,MSVD,UqBafx3iRKw_22_29.mp4,patch_only,,0.7,0.3,motion_soft,2,4,0.07,0.01,0.06478209658421673,0.10418138987043579,0.10418138987043579,0.196113074204947
real,MSVD,V--abChiVVc_30_40.mp4,patch_only,,0.7,0.3,motion_soft,2,4,0.07,0.01,0.6731448763250883,0.49964664310954066,0.49964664310954066,0.09481743227326266
real,MSVD,V6Fxclwdfxc_1_11.mp4,patch_only,,0.7,0.3,motion_soft,2,4,0.07,0.01,0.05535924617196702,0.14882214369846877,0.14882214369846877,0.3669022379269729
real,MSVD,V6Fxclwdfxc_56_66.mp4,patch_only,,0.7,0.3,motion_soft,2,4,0.07,0.01,0.04770318021201413,0.13621908127208482,0.13621908127208482,0.34275618374558303
real,MSVD,VF1K_6ZSOAY_23_28.mp4,patch_only,,0.7,0.3,motion_soft,2,4,0.07,0.01,0.08362779740871613,0.2770906949352179,0.2770906949352179,0.7285041224970553
real,MSVD,VF1K_6ZSOAY_60_70.mp4,patch_only,,0.7,0.3,motion_soft,2,4,0.07,0.01,0.28150765606595995,0.24599528857479386,0.24599528857479386,0.16313309776207302
real,MSVD,VLBsAPZ2DDE_34_41.mp4,patch_only,,0.7,0.3,motion_soft,2,4,0.07,0.01,0.5547703180212014,0.5047703180212013,0.5047703180212013,0.38810365135453473
real,MSVD,VU4qLrk5axA_40_58.mp4,patch_only,,0.7,0.3,motion_soft,2,4,0.07,0.01,0.42697290930506476,0.572379269729093,0.572379269729093,0.911660777385159
real,MSVD,VZ6H73nH7xs_27_33.mp4,patch_only,,0.7,0.3,motion_soft,2,4,0.07,0.01,0.12779740871613662,0.09546525323910482,0.09546525323910482,0.020023557126030624
real,MSVD,VahnQw2gTQY_203_210.mp4,patch_only,,0.7,0.3,motion_soft,2,4,0.07,0.01,0.9923439340400471,0.9935806831566548,0.9935806831566548,0.9964664310954063
real,MSVD,VahnQw2gTQY_274_280.mp4,patch_only,,0.7,0.3,motion_soft,2,4,0.07,0.01,0.7190812720848057,0.6789752650176678,0.6789752650176678,0.585394581861013
real,MSVD,VahnQw2gTQY_288_293.mp4,patch_only,,0.7,0.3,motion_soft,2,4,0.07,0.01,0.5347467608951708,0.6460541813898704,0.6460541813898704,0.9057714958775029
real,MSVD,VahnQw2gTQY_298_305.mp4,patch_only,,0.7,0.3,motion_soft,2,4,0.07,0.01,0.944640753828033,0.9087750294464074,0.9087750294464074,0.8250883392226148
real,MSVD,VahnQw2gTQY_315_320.mp4,patch_only,,0.7,0.3,motion_soft,2,4,0.07,0.01,0.9952885747938751,0.990341578327444,0.990341578327444,0.9787985865724381
real,MSVD,VahnQw2gTQY_322_327.mp4,patch_only,,0.7,0.3,motion_soft,2,4,0.07,0.01,0.9858657243816255,0.9800353356890459,0.9800353356890459,0.9664310954063604
real,MSVD,VfqlfprZsaQ_75_85.mp4,patch_only,,0.7,0.3,motion_soft,2,4,0.07,0.01,0.8327444051825678,0.6366313309776207,0.6366313309776207,0.1790341578327444
real,MSVD,Vg1jyL3cr60_163_186.mp4,patch_only,,0.7,0.3,motion_soft,2,4,0.07,0.01,0.19140164899882214,0.3239104829210836,0.3239104829210836,0.633097762073027
real,MSVD,ViM0JjUoqRw_10_20.mp4,patch_only,,0.7,0.3,motion_soft,2,4,0.07,0.01,0.2591283863368669,0.28686690223792694,0.28686690223792694,0.35159010600706714
real,MSVD,ViWQUOGIaSU_9_16.mp4,patch_only,,0.7,0.3,motion_soft,2,4,0.07,0.01,0.08657243816254417,0.24399293286219081,0.24399293286219081,0.6113074204946997
real,MSVD,Vn0Xv0fb1z4_18_30.mp4,patch_only,,0.7,0.3,motion_soft,2,4,0.07,0.01,0.2396937573616019,0.29870435806831563,0.29870435806831563,0.4363957597173145
real,MSVD,VuCFgiWfVF4_0_6.mp4,patch_only,,0.7,0.3,motion_soft,2,4,0.07,0.01,0.5842167255594818,0.5126619552414605,0.5126619552414605,0.3457008244994111
real,MSVD,VxM96IYzw0Q_2_15.mp4,patch_only,,0.7,0.3,motion_soft,2,4,0.07,0.01,0.22909305064782096,0.1836866902237927,0.1836866902237927,0.07773851590106007
real,MSVD,W1052h2rzoA_91_98.mp4,patch_only,,0.7,0.3,motion_soft,2,4,0.07,0.01,0.33510011778563015,0.3052414605418139,0.3052414605418139,0.23557126030624265
real,MSVD,W20Btaww6zc_134_139.mp4,patch_only,,0.7,0.3,motion_soft,2,4,0.07,0.01,0.44817432273262664,0.5345700824499411,0.5345700824499411,0.7361601884570083
real,MSVD,W6_XuNhgtrM_2_5.mp4,patch_only,,0.7,0.3,motion_soft,2,4,0.07,0.01,0.4723203769140165,0.47426383981154296,0.47426383981154296,0.4787985865724382
real,MSVD,W8_63NiTENw_23_30.mp4,patch_only,,0.7,0.3,motion_soft,2,4,0.07,0.01,0.6154299175500589,0.565959952885748,0.565959952885748,0.450530035335689
real,MSVD,W8l_ezoU8Lc_156_162.mp4,patch_only,,0.7,0.3,motion_soft,2,4,0.07,0.01,0.6595995288574794,0.6368080094228504,0.6368080094228504,0.5836277974087162
real,MSVD,W8l_ezoU8Lc_55_70.mp4,patch_only,,0.7,0.3,motion_soft,2,4,0.07,0.01,0.7891637220259128,0.5942873969375735,0.5942873969375735,0.13957597173144876
real,MSVD,W8l_ezoU8Lc_76_86.mp4,patch_only,,0.7,0.3,motion_soft,2,4,0.07,0.01,0.6336866902237926,0.6476442873969375,0.6476442873969375,0.6802120141342756
real,MSVD,WEJfT-oB4v4_20_35.mp4,patch_only,,0.7,0.3,motion_soft,2,4,0.07,0.01,0.05535924617196702,0.13097762073027092,0.13097762073027092,0.30742049469964666
real,MSVD,WFNXwor69-U_33_40.mp4,patch_only,,0.7,0.3,motion_soft,2,4,0.07,0.01,0.1702002355712603,0.15288574793875145,0.15288574793875145,0.11248527679623085
real,MSVD,WPG-BIWOrG4_130_134.mp4,patch_only,,0.7,0.3,motion_soft,2,4,0.07,0.01,0.748527679623086,0.7541813898704358,0.7541813898704358,0.7673733804475854
real,MSVD,WPG-BIWOrG4_608_613.mp4,patch_only,,0.7,0.3,motion_soft,2,4,0.07,0.01,0.947585394581861,0.9348645465253238,0.9348645465253238,0.9051825677267373
real,MSVD,WPG-BIWOrG4_672_677.mp4,patch_only,,0.7,0.3,motion_soft,2,4,0.07,0.01,0.3586572438162544,0.4687279151943463,0.4687279151943463,0.7255594817432274
real,MSVD,WPG-BIWOrG4_683_689.mp4,patch_only,,0.7,0.3,motion_soft,2,4,0.07,0.01,0.5588928150765606,0.5698468786808009,0.5698468786808009,0.5954063604240283
real,MSVD,WPG-BIWOrG4_755_761.mp4,patch_only,,0.7,0.3,motion_soft,2,4,0.07,0.01,0.5712603062426383,0.6703769140164899,0.6703769140164899,0.9016489988221437
real,MSVD,WTf5EgVY5uU_100_104.mp4,patch_only,,0.7,0.3,motion_soft,2,4,0.07,0.01,0.6908127208480566,0.7570671378091873,0.7570671378091873,0.911660777385159
real,MSVD,WTf5EgVY5uU_104_108.mp4,patch_only,,0.7,0.3,motion_soft,2,4,0.07,0.01,0.8209658421672555,0.838457008244994,0.838457008244994,0.8792697290930507
real,MSVD,WTf5EgVY5uU_108_116.mp4,patch_only,,0.7,0.3,motion_soft,2,4,0.07,0.01,0.9611307420494699,0.9485865724381625,0.9485865724381625,0.9193168433451119
real,MSVD,WTf5EgVY5uU_121_135.mp4,patch_only,,0.7,0.3,motion_soft,2,4,0.07,0.01,0.9004711425206124,0.9186690223792697,0.9186690223792697,0.9611307420494699
real,MSVD,WTf5EgVY5uU_124_128.mp4,patch_only,,0.7,0.3,motion_soft,2,4,0.07,0.01,0.8345111896348646,0.8739104829210835,0.8739104829210835,0.9658421672555948
real,MSVD,WTf5EgVY5uU_130_135.mp4,patch_only,,0.7,0.3,motion_soft,2,4,0.07,0.01,0.8981154299175501,0.8776207302709069,0.8776207302709069,0.8297997644287397
real,MSVD,WTf5EgVY5uU_15_19.mp4,patch_only,,0.7,0.3,motion_soft,2,4,0.07,0.01,0.9782096584216725,0.9395170789163722,0.9395170789163722,0.8492343934040048
real,MSVD,WTf5EgVY5uU_16_24.mp4,patch_only,,0.7,0.3,motion_soft,2,4,0.07,0.01,0.9923439340400471,0.9149587750294463,0.9149587750294463,0.7343934040047114
real,MSVD,WTf5EgVY5uU_18_23.mp4,patch_only,,0.7,0.3,motion_soft,2,4,0.07,0.01,0.9893992932862191,0.8881625441696113,0.8881625441696113,0.6519434628975265
real,MSVD,WTf5EgVY5uU_218_236.mp4,patch_only,,0.7,0.3,motion_soft,2,4,0.07,0.01,0.8875147232037691,0.8429917550058893,0.8429917550058893,0.7391048292108363
real,MSVD,WTf5EgVY5uU_32_52.mp4,patch_only,,0.7,0.3,motion_soft,2,4,0.07,0.01,0.9840989399293286,0.9819787985865724,0.9819787985865724,0.9770318021201413
real,MSVD,WTf5EgVY5uU_33_39.mp4,patch_only,,0.7,0.3,motion_soft,2,4,0.07,0.01,0.9935217903415783,0.9438751472320377,0.9438751472320377,0.8280329799764429
real,MSVD,WTf5EgVY5uU_58_76.mp4,patch_only,,0.7,0.3,motion_soft,2,4,0.07,0.01,0.964075382803298,0.9319199057714957,0.9319199057714957,0.8568904593639576
real,MSVD,WTf5EgVY5uU_66_75.mp4,patch_only,,0.7,0.3,motion_soft,2,4,0.07,0.01,0.9658421672555948,0.9366902237926972,0.9366902237926972,0.8686690223792697
real,MSVD,WTf5EgVY5uU_76_83.mp4,patch_only,,0.7,0.3,motion_soft,2,4,0.07,0.01,0.9210836277974087,0.8424617196702002,0.8424617196702002,0.6590106007067138
real,MSVD,WTf5EgVY5uU_98_104.mp4,patch_only,,0.7,0.3,motion_soft,2,4,0.07,0.01,0.7290930506478209,0.7905771495877503,0.7905771495877503,0.934040047114252
real,MSVD,WTx-K045yQM_85_98.mp4,patch_only,,0.7,0.3,motion_soft,2,4,0.07,0.01,0.6160188457008245,0.6757361601884571,0.6757361601884571,0.8150765606595995
real,MSVD,WV9K6MbLjHA_106_116.mp4,patch_only,,0.7,0.3,motion_soft,2,4,0.07,0.01,0.3050647820965842,0.4259128386336867,0.4259128386336867,0.7078916372202592
real,MSVD,WWf0Z6ak3Dg_5_15.mp4,patch_only,,0.7,0.3,motion_soft,2,4,0.07,0.01,0.6743227326266196,0.6942873969375736,0.6942873969375736,0.7408716136631331
real,MSVD,WZTGqvbqOFE_28_34.mp4,patch_only,,0.7,0.3,motion_soft,2,4,0.07,0.01,0.22732626619552415,0.22803297997644287,0.22803297997644287,0.22968197879858657
real,MSVD,W_iR4YVCxUY_8_15.mp4,patch_only,,0.7,0.3,motion_soft,2,4,0.07,0.01,0.004711425206124852,0.022909305064782094,0.022909305064782094,0.06537102473498234
real,MSVD,WeOU0Iba1Xg_1_30.mp4,patch_only,,0.7,0.3,motion_soft,2,4,0.07,0.01,0.1707891637220259,0.23863368669022378,0.23863368669022378,0.39693757361601884
real,MSVD,Wnz3IevSNg0_1_8.mp4,patch_only,,0.7,0.3,motion_soft,2,4,0.07,0.01,0.37750294464075385,0.3112485276796231,0.3112485276796231,0.15665488810365136
real,MSVD,WpB4-eLyiBc_10_20.mp4,patch_only,,0.7,0.3,motion_soft,2,4,0.07,0.01,0.7014134275618374,0.7386925795053003,0.7386925795053003,0.8256772673733804
real,MSVD,WqQonRVs7WA_0_10.mp4,patch_only,,0.7,0.3,motion_soft,2,4,0.07,0.01,0.3032979976442874,0.25753828032979975,0.25753828032979975,0.15076560659599528
real,MSVD,WqwcWk1In_g_46_54.mp4,patch_only,,0.7,0.3,motion_soft,2,4,0.07,0.01,0.03180212014134275,0.07897526501766784,0.07897526501766784,0.18904593639575973
real,MSVD,WrsS6X-FB-I_30_47.mp4,patch_only,,0.7,0.3,motion_soft,2,4,0.07,0.01,0.7538280329799765,0.7405771495877502,0.7405771495877502,0.709658421672556
real,MSVD,Wv3u2q3oGeU_35_45.mp4,patch_only,,0.7,0.3,motion_soft,2,4,0.07,0.01,0.7661955241460542,0.7052414605418139,0.7052414605418139,0.5630153121319199
real,MSVD,WyIqGyj21Dk_0_10.mp4,patch_only,,0.7,0.3,motion_soft,2,4,0.07,0.01,0.09717314487632508,0.09540636042402827,0.09540636042402827,0.09128386336866902
real,MSVD,X0UJaprpxrk_18_26.mp4,patch_only,,0.7,0.3,motion_soft,2,4,0.07,0.01,0.3745583038869258,0.28392226148409894,0.28392226148409894,0.07243816254416961
real,MSVD,X4yzrIc072w_4_20.mp4,patch_only,,0.7,0.3,motion_soft,2,4,0.07,0.01,0.6042402826855123,0.6902826855123674,0.6902826855123674,0.8910482921083628
real,MSVD,X56XkGFe7OY_47_61.mp4,patch_only,,0.7,0.3,motion_soft,2,4,0.07,0.01,0.050647820965842166,0.14605418138987042,0.14605418138987042,0.36866902237926974
real,MSVD,X6uJyuD_Zso_3_17.mp4,patch_only,,0.7,0.3,motion_soft,2,4,0.07,0.01,0.9888103651354535,0.9918138987043581,0.9918138987043581,0.9988221436984688
real,MSVD,X7sQq-Iu1gQ_12_22.mp4,patch_only,,0.7,0.3,motion_soft,2,4,0.07,0.01,0.5482921083627798,0.5255005889281508,0.5255005889281508,0.4723203769140165
real,MSVD,X98fLZHIzWQ_15_20.mp4,patch_only,,0.7,0.3,motion_soft,2,4,0.07,0.01,0.43992932862190814,0.3908127208480565,0.3908127208480565,0.2762073027090695
real,MSVD,XEOH3t5AYY0_22_29.mp4,patch_only,,0.7,0.3,motion_soft,2,4,0.07,0.01,0.3215547703180212,0.41395759717314484,0.41395759717314484,0.6295641931684335
real,MSVD,XNV7hKVu-Xg_40_47.mp4,patch_only,,0.7,0.3,motion_soft,2,4,0.07,0.01,0.5188457008244994,0.480153121319199,0.480153121319199,0.38987043580683156
real,MSVD,XNzXXiE6qR4_0_10.mp4,patch_only,,0.7,0.3,motion_soft,2,4,0.07,0.01,0.11189634864546526,0.08150765606595996,0.08150765606595996,0.01060070671378092
real,MSVD,XOAgUVVwKEA_8_20.mp4,patch_only,,0.7,0.3,motion_soft,2,4,0.07,0.01,0.5612485276796231,0.5275029446407538,0.5275029446407538,0.44876325088339225
real,MSVD,X_NLV2KCnIE_60_70.mp4,patch_only,,0.7,0.3,motion_soft,2,4,0.07,0.01,0.2037691401648999,0.16366313309776206,0.16366313309776206,0.07008244994110718
real,MSVD,XdB0pVjFYoU_1_8.mp4,patch_only,,0.7,0.3,motion_soft,2,4,0.07,0.01,0.15842167255594816,0.21001177856301528,0.21001177856301528,0.3303886925795053
real,MSVD,Xh6rdpJNaf0_0_15.mp4,patch_only,,0.7,0.3,motion_soft,2,4,0.07,0.01,0.09363957597173145,0.2515901060070671,0.2515901060070671,0.6201413427561837
real,MSVD,Xp6rxW4hFFo_32_40.mp4,patch_only,,0.7,0.3,motion_soft,2,4,0.07,0.01,0.14899882214369847,0.2546525323910483,0.2546525323910483,0.5011778563015312
real,MSVD,XtQdAPV2UZs_4_11.mp4,patch_only,,0.7,0.3,motion_soft,2,4,0.07,0.01,0.05005889281507656,0.04069493521790341,0.04069493521790341,0.01884570082449941
real,MSVD,Xvy21KrDv8I_0_10.mp4,patch_only,,0.7,0.3,motion_soft,2,4,0.07,0.01,0.03356890459363958,0.07173144876325088,0.07173144876325088,0.1607773851590106
real,MSVD,Xwrl4htUPjo_22_38.mp4,patch_only,,0.7,0.3,motion_soft,2,4,0.07,0.01,0.48939929328621906,0.6100706713780918,0.6100706713780918,0.8916372202591284
real,MSVD,Xxcv5jvRmcg_39_46.mp4,patch_only,,0.7,0.3,motion_soft,2,4,0.07,0.01,0.038869257950530034,0.08144876325088339,0.08144876325088339,0.18080094228504123
real,MSVD,XzCcRzEa83U_1_8.mp4,patch_only,,0.7,0.3,motion_soft,2,4,0.07,0.01,0.7067137809187279,0.6916961130742049,0.6916961130742049,0.6566548881036514
real,MSVD,XzCcRzEa83U_39_46.mp4,patch_only,,0.7,0.3,motion_soft,2,4,0.07,0.01,0.35276796230859836,0.3767962308598351,0.3767962308598351,0.43286219081272087
real,MSVD,Y4BeJ-64294_20_30.mp4,patch_only,,0.7,0.3,motion_soft,2,4,0.07,0.01,0.34393404004711425,0.43704358068315663,0.43704358068315663,0.6542991755005889
real,MSVD,Y4gaJn0wlDE_0_10.mp4,patch_only,,0.7,0.3,motion_soft,2,4,0.07,0.01,0.14428739693757361,0.16796230859835098,0.16796230859835098,0.2232037691401649
real,MSVD,YAud4eS3DoA_54_65.mp4,patch_only,,0.7,0.3,motion_soft,2,4,0.07,0.01,0.4923439340400471,0.3861601884570082,0.3861601884570082,0.13839811542991756
real,MSVD,YEmS8ZQIhTA_7_20.mp4,patch_only,,0.7,0.3,motion_soft,2,4,0.07,0.01,0.5641931684334511,0.5979387514723205,0.5979387514723205,0.676678445229682
real,MSVD,YJ2aGe7CLBo_25_35.mp4,patch_only,,0.7,0.3,motion_soft,2,4,0.07,0.01,0.46113074204946997,0.49646643109540634,0.49646643109540634,0.5789163722025913
real,MSVD,YRSOc193Pxc_68_73.mp4,patch_only,,0.7,0.3,motion_soft,2,4,0.07,0.01,0.27385159010600707,0.3042402826855124,0.3042402826855124,0.3751472320376914
real,MSVD,YS1mzzhmWWA_9_16.mp4,patch_only,,0.7,0.3,motion_soft,2,4,0.07,0.01,0.8404004711425206,0.8543580683156655,0.8543580683156655,0.8869257950530035
real,MSVD,YXixZrSxefk_17_48.mp4,patch_only,,0.7,0.3,motion_soft,2,4,0.07,0.01,0.9316843345111896,0.9048292108362779,0.9048292108362779,0.8421672555948174
real,MSVD,YXixZrSxefk_49_59.mp4,patch_only,,0.7,0.3,motion_soft,2,4,0.07,0.01,0.7102473498233216,0.7835689045936396,0.7835689045936396,0.9546525323910483
real,MSVD,YXixZrSxefk_6_15.mp4,patch_only,,0.7,0.3,motion_soft,2,4,0.07,0.01,0.9699646643109541,0.9607773851590106,0.9607773851590106,0.9393404004711425
real,MSVD,YZ0-6hdQ0mU_0_3.mp4,patch_only,,0.7,0.3,motion_soft,2,4,0.07,0.01,0.06419316843345112,0.22550058892815075,0.22550058892815075,0.6018845700824499
real,MSVD,Ya-MkA187c8_36_45.mp4,patch_only,,0.7,0.3,motion_soft,2,4,0.07,0.01,0.6878680800942285,0.747055359246172,0.747055359246172,0.8851590106007067
real,MSVD,YersIyzsOpc_15_30.mp4,patch_only,,0.7,0.3,motion_soft,2,4,0.07,0.01,0.790341578327444,0.7883981154299176,0.7883981154299176,0.7838633686690224
real,MSVD,Ylb4pnW-jP4_102_113.mp4,patch_only,,0.7,0.3,motion_soft,2,4,0.07,0.01,0.9098939929328622,0.9298586572438162,0.9298586572438162,0.9764428739693758
real,MSVD,YmXCfQm0_CA_109_120.mp4,patch_only,,0.7,0.3,motion_soft,2,4,0.07,0.01,0.10600706713780919,0.22703180212014132,0.22703180212014132,0.5094228504122497
real,MSVD,YmXCfQm0_CA_140_156.mp4,patch_only,,0.7,0.3,motion_soft,2,4,0.07,0.01,0.5005889281507656,0.4309776207302709,0.4309776207302709,0.26855123674911663
real,MSVD,YmXCfQm0_CA_277_284.mp4,patch_only,,0.7,0.3,motion_soft,2,4,0.07,0.01,0.020023557126030624,0.11030624263839811,0.11030624263839811,0.3209658421672556
real,MSVD,YmXCfQm0_CA_50_57.mp4,patch_only,,0.7,0.3,motion_soft,2,4,0.07,0.01,0.732037691401649,0.6595995288574793,0.6595995288574793,0.4905771495877503
real,MSVD,YmXCfQm0_CA_68_75.mp4,patch_only,,0.7,0.3,motion_soft,2,4,0.07,0.01,0.8386336866902238,0.7400471142520612,0.7400471142520612,0.5100117785630153
real,MSVD,YmXCfQm0_CA_7_16.mp4,patch_only,,0.7,0.3,motion_soft,2,4,0.07,0.01,0.38103651354534745,0.32025912838633686,0.32025912838633686,0.1784452296819788
real,MSVD,YndZ9YulpTo_61_76.mp4,patch_only,,0.7,0.3,motion_soft,2,4,0.07,0.01,0.6425206124852768,0.6236160188457008,0.6236160188457008,0.5795053003533569
real,MSVD,YwmUgVrUJ4I_0_15.mp4,patch_only,,0.7,0.3,motion_soft,2,4,0.07,0.01,0.07479387514723204,0.24546525323910484,0.24546525323910484,0.643698468786808
real,MSVD,Z-An1QQ66f0_13_25.mp4,patch_only,,0.7,0.3,motion_soft,2,4,0.07,0.01,0.38633686690223795,0.34075382803297993,0.34075382803297993,0.23439340400471143
real,MSVD,Z10_CDPQKKs_1_6.mp4,patch_only,,0.7,0.3,motion_soft,2,4,0.07,0.01,0.7202591283863369,0.7331566548881037,0.7331566548881037,0.7632508833922261
real,MSVD,Z19zFlPah-o_6_11.mp4,patch_only,,0.7,0.3,motion_soft,2,4,0.07,0.01,0.10129564193168433,0.07090694935217903,0.07090694935217903,0.0
real,MSVD,Z3XarHZ3HpY_10_17.mp4,patch_only,,0.7,0.3,motion_soft,2,4,0.07,0.01,0.2950530035335689,0.3128975265017668,0.3128975265017668,0.3545347467608952
real,MSVD,Z3m9V8qPXhQ_13_24.mp4,patch_only,,0.7,0.3,motion_soft,2,4,0.07,0.01,0.6537102473498233,0.631625441696113,0.631625441696113,0.5800942285041225
real,MSVD,Z8rTzW9Gb6Y_116_123.mp4,patch_only,,0.7,0.3,motion_soft,2,4,0.07,0.01,0.5159010600706714,0.5151943462897526,0.5151943462897526,0.5135453474676089
real,MSVD,ZDoy9S82ETA_5_15.mp4,patch_only,,0.7,0.3,motion_soft,2,4,0.07,0.01,0.5147232037691402,0.49334511189634866,0.49334511189634866,0.44346289752650175
real,MSVD,ZK4W-2ifl6I_1_28.mp4,patch_only,,0.7,0.3,motion_soft,2,4,0.07,0.01,0.13074204946996468,0.24310954063604243,0.24310954063604243,0.5053003533568905
real,MSVD,ZL7P_XmSnEY_205_209.mp4,patch_only,,0.7,0.3,motion_soft,2,4,0.07,0.01,0.39870435806831567,0.30789163722025914,0.30789163722025914,0.09599528857479388
real,MSVD,ZN2_czSBSD0_240_250.mp4,patch_only,,0.7,0.3,motion_soft,2,4,0.07,0.01,0.1413427561837456,0.21996466431095404,0.21996466431095404,0.4034157832744405
real,MSVD,ZYaxg5NZW_g_21_27.mp4,patch_only,,0.7,0.3,motion_soft,2,4,0.07,0.01,0.07714958775029446,0.06672555948174322,0.06672555948174322,0.04240282685512368
real,MSVD,ZbtpcGi2DWY_161_170.mp4,patch_only,,0.7,0.3,motion_soft,2,4,0.07,0.01,0.27267373380447585,0.22373380447585392,0.22373380447585392,0.10954063604240283
real,MSVD,ZbtpcGi2DWY_56_62.mp4,patch_only,,0.7,0.3,motion_soft,2,4,0.07,0.01,0.10424028268551237,0.10547703180212015,0.10547703180212015,0.10836277974087162
real,MSVD,ZbzDGXEwtGc_6_15.mp4,patch_only,,0.7,0.3,motion_soft,2,4,0.07,0.01,0.008244994110718492,0.013368669022379268,0.013368669022379268,0.025323910482921083
real,MSVD,ZdNP0dXCx2I_78_90.mp4,patch_only,,0.7,0.3,motion_soft,2,4,0.07,0.01,0.3580683156654888,0.27502944640753824,0.27502944640753824,0.0812720848056537
real,MSVD,ZdlG8fjGJlo_78_87.mp4,patch_only,,0.7,0.3,motion_soft,2,4,0.07,0.01,0.5771495877502945,0.5866902237926973,0.5866902237926973,0.6089517078916372
real,MSVD,Zg0p5TXi_Cc_30_46.mp4,patch_only,,0.7,0.3,motion_soft,2,4,0.07,0.01,0.5889281507656066,0.6792108362779741,0.6792108362779741,0.8898704358068316
real,MSVD,ZlX_Gy4HP2E_38_55.mp4,patch_only,,0.7,0.3,motion_soft,2,4,0.07,0.01,0.3498233215547703,0.4295053003533569,0.4295053003533569,0.6154299175500589
real,MSVD,ZnLgsasu82g_71_81.mp4,patch_only,,0.7,0.3,motion_soft,2,4,0.07,0.01,0.3339222614840989,0.24681978798586568,0.24681978798586568,0.043580683156654886
real,MSVD,Zoz0HcCB1vU_0_10.mp4,patch_only,,0.7,0.3,motion_soft,2,4,0.07,0.01,0.21083627797408716,0.27956419316843345,0.27956419316843345,0.43992932862190814
real,MSVD,Zqmx-nXhLAg_0_10.mp4,patch_only,,0.7,0.3,motion_soft,2,4,0.07,0.01,0.2479387514723204,0.23733804475853945,0.23733804475853945,0.212603062426384
real,MSVD,ZvJvNcukZ4w_0_10.mp4,patch_only,,0.7,0.3,motion_soft,2,4,0.07,0.01,0.5777385159010601,0.5574204946996466,0.5574204946996466,0.5100117785630153
real,MSVD,ZxqkAGNyo8A_12_22.mp4,patch_only,,0.7,0.3,motion_soft,2,4,0.07,0.01,0.6996466431095406,0.5754416961130742,0.5754416961130742,0.2856301531213192
real,MSVD,_0nX-El-ySo_83_93.mp4,patch_only,,0.7,0.3,motion_soft,2,4,0.07,0.01,0.5064782096584217,0.4858068315665489,0.4858068315665489,0.4375736160188457
real,MSVD,_1vy2HIN60A_32_40.mp4,patch_only,,0.7,0.3,motion_soft,2,4,0.07,0.01,0.25559481743227325,0.27679623085983507,0.27679623085983507,0.32626619552414604
real,MSVD,_6OTzzK7t9Y_158_170.mp4,patch_only,,0.7,0.3,motion_soft,2,4,0.07,0.01,0.2968197879858657,0.47667844522968195,0.47667844522968195,0.8963486454652533
real,MSVD,_6OTzzK7t9Y_73_78.mp4,patch_only,,0.7,0.3,motion_soft,2,4,0.07,0.01,0.9546525323910483,0.9583627797408716,0.9583627797408716,0.967020023557126
real,MSVD,_9iG5Ge01PM_3_11.mp4,patch_only,,0.7,0.3,motion_soft,2,4,0.07,0.01,0.11189634864546526,0.15659599528857482,0.15659599528857482,0.26089517078916374
real,MSVD,_JVxurtGIhI_32_42.mp4,patch_only,,0.7,0.3,motion_soft,2,4,0.07,0.01,0.8574793875147232,0.7871613663133098,0.7871613663133098,0.6230859835100118
real,MSVD,_JorUS-8Nlg_63_73.mp4,patch_only,,0.7,0.3,motion_soft,2,4,0.07,0.01,0.7974087161366313,0.6518256772673734,0.6518256772673734,0.3121319199057715
real,MSVD,_O9kWD8nuRU_16_23.mp4,patch_only,,0.7,0.3,motion_soft,2,4,0.07,0.01,0.6548881036513545,0.5017078916372202,0.5017078916372202,0.14428739693757361
real,MSVD,_O9kWD8nuRU_37_43.mp4,patch_only,,0.7,0.3,motion_soft,2,4,0.07,0.01,0.39870435806831567,0.4932273262661955,0.4932273262661955,0.7137809187279152
real,MSVD,_O9kWD8nuRU_45_49.mp4,patch_only,,0.7,0.3,motion_soft,2,4,0.07,0.01,0.9994110718492344,0.9842167255594817,0.9842167255594817,0.9487632508833922
real,MSVD,_O9kWD8nuRU_50_56.mp4,patch_only,,0.7,0.3,motion_soft,2,4,0.07,0.01,0.9181389870435807,0.9241460541813897,0.9241460541813897,0.9381625441696113
real,MSVD,_O9kWD8nuRU_70_76.mp4,patch_only,,0.7,0.3,motion_soft,2,4,0.07,0.01,0.9081272084805654,0.76113074204947,0.76113074204947,0.41813898704358066
real,MSVD,_OBlgSz8sSM_15_32.mp4,patch_only,,0.7,0.3,motion_soft,2,4,0.07,0.01,0.4552414605418139,0.5601884570082449,0.5601884570082449,0.8050647820965842
real,MSVD,_QJbjKkfdcs_52_57.mp4,patch_only,,0.7,0.3,motion_soft,2,4,0.07,0.01,0.1348645465253239,0.2963486454652532,0.2963486454652532,0.6731448763250883
real,MSVD,_SNE2MYAotU_41_49.mp4,patch_only,,0.7,0.3,motion_soft,2,4,0.07,0.01,0.3080094228504123,0.33133097762073027,0.33133097762073027,0.38574793875147234
real,MSVD,_WRC7HXBJpU_360_370.mp4,patch_only,,0.7,0.3,motion_soft,2,4,0.07,0.01,0.9069493521790342,0.9270906949352178,0.9270906949352178,0.9740871613663133
real,MSVD,_WRC7HXBJpU_386_391.mp4,patch_only,,0.7,0.3,motion_soft,2,4,0.07,0.01,0.44817432273262664,0.36160188457008247,0.36160188457008247,0.15959952885747938
real,MSVD,_WRC7HXBJpU_395_401.mp4,patch_only,,0.7,0.3,motion_soft,2,4,0.07,0.01,0.9740871613663133,0.9371613663133098,0.9371613663133098,0.8510011778563016
real,MSVD,_WRC7HXBJpU_414_425.mp4,patch_only,,0.7,0.3,motion_soft,2,4,0.07,0.01,0.5830388692579506,0.5243816254416961,0.5243816254416961,0.3875147232037691
real,MSVD,_ZwwKOzpt2I_69_76.mp4,patch_only,,0.7,0.3,motion_soft,2,4,0.07,0.01,0.8362779740871613,0.8467020023557126,0.8467020023557126,0.8710247349823321
real,MSVD,_o1UXSxTjfo_68_80.mp4,patch_only,,0.7,0.3,motion_soft,2,4,0.07,0.01,0.5471142520612485,0.5214958775029446,0.5214958775029446,0.4617196702002356
real,MSVD,_pBeOAMjGm8_1_18.mp4,patch_only,,0.7,0.3,motion_soft,2,4,0.07,0.01,0.9363957597173145,0.9406360424028268,0.9406360424028268,0.950530035335689
real,MSVD,_pj2Nutu5v8_1_8.mp4,patch_only,,0.7,0.3,motion_soft,2,4,0.07,0.01,0.2061248527679623,0.22997644287396934,0.22997644287396934,0.2856301531213192
real,MSVD,_sJ_09Mf1HY_49_72.mp4,patch_only,,0.7,0.3,motion_soft,2,4,0.07,0.01,0.8074204946996466,0.6883392226148409,0.6883392226148409,0.41048292108362777
real,MSVD,_txL575S_OA_13_23.mp4,patch_only,,0.7,0.3,motion_soft,2,4,0.07,0.01,0.41519434628975266,0.41713780918727916,0.41713780918727916,0.4216725559481743
real,MSVD,_yUiusXxfWI_150_165.mp4,patch_only,,0.7,0.3,motion_soft,2,4,0.07,0.01,0.7355712603062426,0.6853945818610129,0.6853945818610129,0.5683156654888104
real,MSVD,a-cek0mvXxE_15_25.mp4,patch_only,,0.7,0.3,motion_soft,2,4,0.07,0.01,0.8227326266195524,0.8160188457008244,0.8160188457008244,0.8003533568904594
real,MSVD,a0g7wtBkS98_34_42.mp4,patch_only,,0.7,0.3,motion_soft,2,4,0.07,0.01,0.4493521790341578,0.3383981154299175,0.3383981154299175,0.07950530035335689
real,MSVD,a1Y73sPHKxw_0_5.mp4,patch_only,,0.7,0.3,motion_soft,2,4,0.07,0.01,0.07597173144876325,0.07014134275618375,0.07014134275618375,0.05653710247349823
real,MSVD,a1i6T160REQ_5_18.mp4,patch_only,,0.7,0.3,motion_soft,2,4,0.07,0.01,0.1513545347467609,0.2404004711425206,0.2404004711425206,0.44817432273262664
real,MSVD,a28s_wyqkyc_68_77.mp4,patch_only,,0.7,0.3,motion_soft,2,4,0.07,0.01,0.2137809187279152,0.26413427561837455,0.26413427561837455,0.38162544169611307
real,MSVD,a8PAY4rvzRM_1_10.mp4,patch_only,,0.7,0.3,motion_soft,2,4,0.07,0.01,0.009422850412249705,0.06808009422850413,0.06808009422850413,0.2049469964664311
real,MSVD,aA05I5QaZnM_66_75.mp4,patch_only,,0.7,0.3,motion_soft,2,4,0.07,0.01,0.7479387514723204,0.7352179034157832,0.7352179034157832,0.7055359246171967
real,MSVD,aDjNl5gs4nM_18_47.mp4,patch_only,,0.7,0.3,motion_soft,2,4,0.07,0.01,0.9829210836277974,0.944758539458186,0.944758539458186,0.8557126030624264
real,MSVD,aGUx0QOKWXw_7_12.mp4,patch_only,,0.7,0.3,motion_soft,2,4,0.07,0.01,0.31095406360424027,0.3450530035335689,0.3450530035335689,0.4246171967020024
real,MSVD,aHiUM8uWxxo_17_25.mp4,patch_only,,0.7,0.3,motion_soft,2,4,0.07,0.01,0.5229681978798587,0.4832155477031802,0.4832155477031802,0.39045936395759717
real,MSVD,aJoDt4DMkFU_118_124.mp4,patch_only,,0.7,0.3,motion_soft,2,4,0.07,0.01,0.04652532391048292,0.21277974087161367,0.21277974087161367,0.6007067137809188
real,MSVD,aK8liAv-28s_72_82.mp4,patch_only,,0.7,0.3,motion_soft,2,4,0.07,0.01,0.37868080094228507,0.267550058892815,0.267550058892815,0.008244994110718492
real,MSVD,aM-RcQj0a7I_37_55.mp4,patch_only,,0.7,0.3,motion_soft,2,4,0.07,0.01,0.9664310954063604,0.9167844522968198,0.9167844522968198,0.800942285041225
real,MSVD,aN0WsBcja_E_0_15.mp4,patch_only,,0.7,0.3,motion_soft,2,4,0.07,0.01,0.05830388692579505,0.22526501766784454,0.22526501766784454,0.6148409893992933
real,MSVD,aQWCKcg0VRU_321_339.mp4,patch_only,,0.7,0.3,motion_soft,2,4,0.07,0.01,0.3916372202591284,0.47608951707891634,0.47608951707891634,0.6731448763250883
real,MSVD,aeA-HN7BMdo_16_33.mp4,patch_only,,0.7,0.3,motion_soft,2,4,0.07,0.01,0.9587750294464076,0.9151354534746761,0.9151354534746761,0.8133097762073027
real,MSVD,aeA-HN7BMdo_34_41.mp4,patch_only,,0.7,0.3,motion_soft,2,4,0.07,0.01,0.4093050647820966,0.5416372202591284,0.5416372202591284,0.850412249705536
real,MSVD,aeA-HN7BMdo_52_58.mp4,patch_only,,0.7,0.3,motion_soft,2,4,0.07,0.01,0.7932862190812721,0.8245583038869257,0.8245583038869257,0.8975265017667845
real,MSVD,akXjIEoecNs_2_12.mp4,patch_only,,0.7,0.3,motion_soft,2,4,0.07,0.01,0.8951707891637221,0.7863368669022379,0.7863368669022379,0.5323910482921084
real,MSVD,ao-9B8IV9_E_108_119.mp4,patch_only,,0.7,0.3,motion_soft,2,4,0.07,0.01,0.43286219081272087,0.45971731448763253,0.45971731448763253,0.5223792697290931
real,MSVD,ao-9B8IV9_E_175_187.mp4,patch_only,,0.7,0.3,motion_soft,2,4,0.07,0.01,0.6354534746760895,0.4941107184923439,0.4941107184923439,0.16431095406360424
real,MSVD,ao-9B8IV9_E_37_44.mp4,patch_only,,0.7,0.3,motion_soft,2,4,0.07,0.01,0.41872791519434627,0.39169611307420493,0.39169611307420493,0.3286219081272085
real,MSVD,ao-9B8IV9_E_77_81.mp4,patch_only,,0.7,0.3,motion_soft,2,4,0.07,0.01,0.4734982332155477,0.4618374558303886,0.4618374558303886,0.43462897526501765
real,MSVD,ao-9B8IV9_E_87_95.mp4,patch_only,,0.7,0.3,motion_soft,2,4,0.07,0.01,0.9299175500588928,0.929740871613663,0.929740871613663,0.9293286219081273
real,MSVD,auFXfsCzAvQ_1_15.mp4,patch_only,,0.7,0.3,motion_soft,2,4,0.07,0.01,0.08362779740871613,0.09210836277974087,0.09210836277974087,0.11189634864546526
real,MSVD,b24_bb57PPk_631_637.mp4,patch_only,,0.7,0.3,motion_soft,2,4,0.07,0.01,0.2061248527679623,0.19464075382803298,0.19464075382803298,0.16784452296819788
real,MSVD,b4FM9OLBGyM_37_49.mp4,patch_only,,0.7,0.3,motion_soft,2,4,0.07,0.01,0.3303886925795053,0.37508833922261486,0.37508833922261486,0.4793875147232038
real,MSVD,b71bI0rH1g8_75_90.mp4,patch_only,,0.7,0.3,motion_soft,2,4,0.07,0.01,0.2508833922261484,0.22968197879858654,0.22968197879858654,0.18021201413427562
real,MSVD,b97TK8XVLHE_40_50.mp4,patch_only,,0.7,0.3,motion_soft,2,4,0.07,0.01,0.21554770318021202,0.29628975265017665,0.29628975265017665,0.48468786808009423
real,MSVD,bDoCQEwghZU_201_211.mp4,patch_only,,0.7,0.3,motion_soft,2,4,0.07,0.01,0.21554770318021202,0.2715547703180212,0.2715547703180212,0.40223792697290933
real,MSVD,bK-i_FAcpoY_86_92.mp4,patch_only,,0.7,0.3,motion_soft,2,4,0.07,0.01,0.14075382803297998,0.1414605418138987,0.1414605418138987,0.1431095406360424
real,MSVD,bL_Kijz9IN4_0_15.mp4,patch_only,,0.7,0.3,motion_soft,2,4,0.07,0.01,0.8510011778563016,0.8534746760895171,0.8534746760895171,0.85924617196702
real,MSVD,bLqmf8x7rLI_2_8.mp4,patch_only,,0.7,0.3,motion_soft,2,4,0.07,0.01,0.196113074204947,0.17279151943462895,0.17279151943462895,0.11837455830388692
real,MSVD,bQJQGoJF7_k_109_115.mp4,patch_only,,0.7,0.3,motion_soft,2,4,0.07,0.01,0.9334511189634864,0.8816843345111895,0.8816843345111895,0.7608951707891637
real,MSVD,bQJQGoJF7_k_120_126.mp4,patch_only,,0.7,0.3,motion_soft,2,4,0.07,0.01,0.8975265017667845,0.8455830388692579,0.8455830388692579,0.7243816254416962
real,MSVD,bQJQGoJF7_k_145_153.mp4,patch_only,,0.7,0.3,motion_soft,2,4,0.07,0.01,0.9240282685512368,0.8865724381625442,0.8865724381625442,0.7991755005889282
real,MSVD,bQJQGoJF7_k_162_169.mp4,patch_only,,0.7,0.3,motion_soft,2,4,0.07,0.01,0.8586572438162544,0.7455830388692579,0.7455830388692579,0.4817432273262662
real,MSVD,bSIjZ75a50s_286_304.mp4,patch_only,,0.7,0.3,motion_soft,2,4,0.07,0.01,0.025323910482921083,0.22744405182567726,0.22744405182567726,0.699057714958775
real,MSVD,bXsKw3TOQXs_30_55.mp4,patch_only,,0.7,0.3,motion_soft,2,4,0.07,0.01,0.9181389870435807,0.9313898704358068,0.9313898704358068,0.9623085983510011
real,MSVD,b_BuSVZwq6M_1_9.mp4,patch_only,,0.7,0.3,motion_soft,2,4,0.07,0.01,0.2226148409893993,0.19699646643109542,0.19699646643109542,0.13722025912838634
real,MSVD,bb6V0Grtub4_174_185.mp4,patch_only,,0.7,0.3,motion_soft,2,4,0.07,0.01,0.5212014134275619,0.6231448763250883,0.6231448763250883,0.8610129564193169
real,MSVD,bmOy6p87TWI_26_35.mp4,patch_only,,0.7,0.3,motion_soft,2,4,0.07,0.01,0.6802120141342756,0.5429328621908127,0.5429328621908127,0.2226148409893993
real,MSVD,bmvD4HlPFxg_20_27.mp4,patch_only,,0.7,0.3,motion_soft,2,4,0.07,0.01,0.9140164899882215,0.6846878680800943,0.6846878680800943,0.14958775029446408
real,MSVD,bnN_o0Hkn3M_73_80.mp4,patch_only,,0.7,0.3,motion_soft,2,4,0.07,0.01,0.5106007067137809,0.5369257950530035,0.5369257950530035,0.5983510011778563
real,MSVD,bqMmyY1ImkI_0_14.mp4,patch_only,,0.7,0.3,motion_soft,2,4,0.07,0.01,0.4575971731448763,0.46607773851590106,0.46607773851590106,0.48586572438162545
real,MSVD,bruzcOyIGeg_4_12.mp4,patch_only,,0.7,0.3,motion_soft,2,4,0.07,0.01,0.40694935217903416,0.424263839811543,0.424263839811543,0.46466431095406363
real,MSVD,btxCxlO1Euc_1_20.mp4,patch_only,,0.7,0.3,motion_soft,2,4,0.07,0.01,0.6236749116607774,0.6111307420494699,0.6111307420494699,0.5818610129564193
real,MSVD,buJ5HDCinrM_150_166.mp4,patch_only,,0.7,0.3,motion_soft,2,4,0.07,0.01,0.22143698468786807,0.34405182567726733,0.34405182567726733,0.6301531213191991
real,MSVD,bxDlC7YV5is_0_12.mp4,patch_only,,0.7,0.3,motion_soft,2,4,0.07,0.01,0.5300353356890459,0.5300353356890459,0.5300353356890459,0.5300353356890459
real,MSVD,bxjFqtfJlMs_18_27.mp4,patch_only,,0.7,0.3,motion_soft,2,4,0.07,0.01,0.36336866902237924,0.5002944640753828,0.5002944640753828,0.8197879858657244
real,MSVD,c2MwqFYVE7A_40_45.mp4,patch_only,,0.7,0.3,motion_soft,2,4,0.07,0.01,0.5400471142520612,0.4280329799764428,0.4280329799764428,0.16666666666666666
real,MSVD,c2a0GcoJAjw_107_129.mp4,patch_only,,0.7,0.3,motion_soft,2,4,0.07,0.01,0.3963486454652532,0.3148998822143698,0.3148998822143698,0.1248527679623086
real,MSVD,c51L6ZxZGjQ_137_154.mp4,patch_only,,0.7,0.3,motion_soft,2,4,0.07,0.01,0.7414605418138988,0.6683156654888103,0.6683156654888103,0.49764428739693756
real,MSVD,c53HKs39i28_26_35.mp4,patch_only,,0.7,0.3,motion_soft,2,4,0.07,0.01,0.5901060070671378,0.7053003533568905,0.7053003533568905,0.9740871613663133
real,MSVD,c76tShLfQb0_74_81.mp4,patch_only,,0.7,0.3,motion_soft,2,4,0.07,0.01,0.8062426383981154,0.6795641931684334,0.6795641931684334,0.3839811542991755
real,MSVD,cCmnN96zIeQ_14_24.mp4,patch_only,,0.7,0.3,motion_soft,2,4,0.07,0.01,0.411660777385159,0.4869257950530035,0.4869257950530035,0.6625441696113075
real,MSVD,cFzSEIGrEfA_0_24.mp4,patch_only,,0.7,0.3,motion_soft,2,4,0.07,0.01,0.061248527679623084,0.08969375736160187,0.08969375736160187,0.15606595995288575
real,MSVD,cM55xNJ_pfU_1_20.mp4,patch_only,,0.7,0.3,motion_soft,2,4,0.07,0.01,0.7326266195524146,0.6928739693757361,0.6928739693757361,0.6001177856301532
real,MSVD,cR2yi-JnGcQ_8_16.mp4,patch_only,,0.7,0.3,motion_soft,2,4,0.07,0.01,0.10777385159010601,0.21236749116607773,0.21236749116607773,0.45641931684334514
real,MSVD,cSDkshD2ME0_11_14.mp4,patch_only,,0.7,0.3,motion_soft,2,4,0.07,0.01,0.24734982332155478,0.2226148409893993,0.2226148409893993,0.16489988221436985
real,MSVD,cSDkshD2ME0_12_15.mp4,patch_only,,0.7,0.3,motion_soft,2,4,0.07,0.01,0.2797408716136631,0.2652532391048292,0.2652532391048292,0.2314487632508834
real,MSVD,cUW_bXll6YM_390_395.mp4,patch_only,,0.7,0.3,motion_soft,2,4,0.07,0.01,0.5683156654888104,0.5305064782096585,0.5305064782096585,0.44228504122497053
real,MSVD,cWOPC2kt_IA_8_16.mp4,patch_only,,0.7,0.3,motion_soft,2,4,0.07,0.01,0.13722025912838634,0.15170789163722026,0.15170789163722026,0.1855123674911661
real,MSVD,c_-eFL7Sfw4_19_35.mp4,patch_only,,0.7,0.3,motion_soft,2,4,0.07,0.01,0.6442873969375736,0.5891637220259128,0.5891637220259128,0.46054181389870436
real,MSVD,c_XV7nPoRg8_2_12.mp4,patch_only,,0.7,0.3,motion_soft,2,4,0.07,0.01,0.0800942285041225,0.29740871613663133,0.29740871613663133,0.8044758539458187
real,MSVD,ceOXCFUmxzA_100_110.mp4,patch_only,,0.7,0.3,motion_soft,2,4,0.07,0.01,0.5276796230859835,0.5564782096584217,0.5564782096584217,0.6236749116607774
real,MSVD,clKtfGBVI1I_15_28.mp4,patch_only,,0.7,0.3,motion_soft,2,4,0.07,0.01,0.2744405182567727,0.3470553592461719,0.3470553592461719,0.516489988221437
real,MSVD,clpgffj3sUw_1_12.mp4,patch_only,,0.7,0.3,motion_soft,2,4,0.07,0.01,0.15959952885747938,0.1827444051825677,0.1827444051825677,0.23674911660777384
real,MSVD,cmQ3SiIaWy4_4_20.mp4,patch_only,,0.7,0.3,motion_soft,2,4,0.07,0.01,0.31036513545347466,0.2610718492343934,0.2610718492343934,0.14605418138987045
real,MSVD,cnsjm3fNEec_4_10.mp4,patch_only,,0.7,0.3,motion_soft,2,4,0.07,0.01,0.37868080094228507,0.4548292108362779,0.4548292108362779,0.6325088339222615
real,MSVD,cs33MNhpRNw_16_21.mp4,patch_only,,0.7,0.3,motion_soft,2,4,0.07,0.01,0.6831566548881036,0.567962308598351,0.567962308598351,0.29917550058892817
real,MSVD,cwkjJrGpoaU_30_41.mp4,patch_only,,0.7,0.3,motion_soft,2,4,0.07,0.01,0.9740871613663133,0.9488221436984687,0.9488221436984687,0.8898704358068316
real,MSVD,d1zdJO3CqVw_1_35.mp4,patch_only,,0.7,0.3,motion_soft,2,4,0.07,0.01,0.5011778563015312,0.6190223792697291,0.6190223792697291,0.8939929328621908
real,MSVD,d4AGWnHJcaY_6_19.mp4,patch_only,,0.7,0.3,motion_soft,2,4,0.07,0.01,0.19905771495877503,0.37414605418138985,0.37414605418138985,0.7826855123674912
real,MSVD,d7Gs0uGFLh0_5_13.mp4,patch_only,,0.7,0.3,motion_soft,2,4,0.07,0.01,0.8109540636042403,0.8093639575971731,0.8093639575971731,0.8056537102473498
real,MSVD,d7eGypGOlOc_13_22.mp4,patch_only,,0.7,0.3,motion_soft,2,4,0.07,0.01,0.8250883392226148,0.659363957597173,0.659363957597173,0.27267373380447585
real,MSVD,dEn5E-TNezw_13_23.mp4,patch_only,,0.7,0.3,motion_soft,2,4,0.07,0.01,0.07832744405182568,0.12832744405182567,0.12832744405182567,0.24499411071849234
real,MSVD,dJ3ba9zwx6c_5_15.mp4,patch_only,,0.7,0.3,motion_soft,2,4,0.07,0.01,0.5223792697290931,0.48775029446407536,0.48775029446407536,0.40694935217903416
real,MSVD,dJCtOz32dnw_40_60.mp4,patch_only,,0.7,0.3,motion_soft,2,4,0.07,0.01,0.19316843345111898,0.29440518256772674,0.29440518256772674,0.5306242638398115
real,MSVD,dJEoDaA6VXc_1_19.mp4,patch_only,,0.7,0.3,motion_soft,2,4,0.07,0.01,0.23027090694935218,0.31666666666666665,0.31666666666666665,0.5182567726737338
real,MSVD,dMH0bHeiRNg_3_14.mp4,patch_only,,0.7,0.3,motion_soft,2,4,0.07,0.01,0.7862190812720848,0.7024734982332156,0.7024734982332156,0.5070671378091873
real,MSVD,dP15zlyra3c_0_10.mp4,patch_only,,0.7,0.3,motion_soft,2,4,0.07,0.01,0.07420494699646643,0.17473498233215548,0.17473498233215548,0.4093050647820966
real,MSVD,dQmaVQZz7EE_1_18.mp4,patch_only,,0.7,0.3,motion_soft,2,4,0.07,0.01,0.8368669022379269,0.8366902237926972,0.8366902237926972,0.8362779740871613
real,MSVD,dZBIdRGKRhM_13_32.mp4,patch_only,,0.7,0.3,motion_soft,2,4,0.07,0.01,0.5100117785630153,0.48351001177856295,0.48351001177856295,0.4216725559481743
real,MSVD,d_BWuttLRFM_42_52.mp4,patch_only,,0.7,0.3,motion_soft,2,4,0.07,0.01,0.6943462897526502,0.684452296819788,0.684452296819788,0.6613663133097762
real,MSVD,dabI5gfaFm4_19_25.mp4,patch_only,,0.7,0.3,motion_soft,2,4,0.07,0.01,0.7685512367491166,0.8296819787985865,0.8296819787985865,0.9723203769140165
real,MSVD,dc4UltkRJsw_53_59.mp4,patch_only,,0.7,0.3,motion_soft,2,4,0.07,0.01,0.21731448763250882,0.21855123674911658,0.21855123674911658,0.22143698468786807
real,MSVD,dfOuTx66bJU_11_14.mp4,patch_only,,0.7,0.3,motion_soft,2,4,0.07,0.01,0.16136631330977622,0.15765606595995288,0.15765606595995288,0.14899882214369847
real,MSVD,dfOuTx66bJU_34_39.mp4,patch_only,,0.7,0.3,motion_soft,2,4,0.07,0.01,0.9040047114252061,0.8419905771495877,0.8419905771495877,0.6972909305064782
real,MSVD,dhxE9CNeVeY_0_12.mp4,patch_only,,0.7,0.3,motion_soft,2,4,0.07,0.01,0.765017667844523,0.7681978798586572,0.7681978798586572,0.7756183745583038
real,MSVD,dmyz_f8Sx14_56_66.mp4,patch_only,,0.7,0.3,motion_soft,2,4,0.07,0.01,0.6142520612485277,0.6578916372202591,0.6578916372202591,0.7597173144876325
real,MSVD,dq7agmFWkq0_5_9.mp4,patch_only,,0.7,0.3,motion_soft,2,4,0.07,0.01,0.6089517078916372,0.6593050647820965,0.6593050647820965,0.7767962308598351
real,MSVD,dtn0PuxgfkM_0_5.mp4,patch_only,,0.7,0.3,motion_soft,2,4,0.07,0.01,0.8286219081272085,0.6422261484098939,0.6422261484098939,0.20730270906949352
real,MSVD,dtwXtwJByYk_5_14.mp4,patch_only,,0.7,0.3,motion_soft,2,4,0.07,0.01,0.6484098939929329,0.6395759717314488,0.6395759717314488,0.6189634864546525
real,MSVD,e-j59PqJjSM_163_173.mp4,patch_only,,0.7,0.3,motion_soft,2,4,0.07,0.01,0.5541813898704359,0.46107184923439337,0.46107184923439337,0.24381625441696114
real,MSVD,e-j59PqJjSM_264_277.mp4,patch_only,,0.7,0.3,motion_soft,2,4,0.07,0.01,0.5035335689045937,0.4268551236749117,0.4268551236749117,0.2479387514723204
real,MSVD,e-j59PqJjSM_405_416.mp4,patch_only,,0.7,0.3,motion_soft,2,4,0.07,0.01,0.8144876325088339,0.7752650176678444,0.7752650176678444,0.6837455830388692
real,MSVD,e-j59PqJjSM_50_98.mp4,patch_only,,0.7,0.3,motion_soft,2,4,0.07,0.01,0.5571260306242638,0.46436984687868077,0.46436984687868077,0.2479387514723204
real,MSVD,e-sf-hyrkTs_20_35.mp4,patch_only,,0.7,0.3,motion_soft,2,4,0.07,0.01,0.29917550058892817,0.43733804475853943,0.43733804475853943,0.7597173144876325
real,MSVD,e3XkmpNcSt4_8_19.mp4,patch_only,,0.7,0.3,motion_soft,2,4,0.07,0.01,0.26030624263839813,0.18698468786808012,0.18698468786808012,0.015901060070671377
real,MSVD,e40bBP0_AbE_64_67.mp4,patch_only,,0.7,0.3,motion_soft,2,4,0.07,0.01,0.5930506478209658,0.5354534746760895,0.5354534746760895,0.4010600706713781
real,MSVD,e4QGnppJ-ys_6_14.mp4,patch_only,,0.7,0.3,motion_soft,2,4,0.07,0.01,0.7379269729093051,0.7722025912838633,0.7722025912838633,0.8521790341578327
real,MSVD,e996zZ0uV_A_152_163.mp4,patch_only,,0.7,0.3,motion_soft,2,4,0.07,0.01,0.3462897526501767,0.35353356890459364,0.35353356890459364,0.37043580683156657
real,MSVD,e996zZ0uV_A_196_204.mp4,patch_only,,0.7,0.3,motion_soft,2,4,0.07,0.01,0.6972909305064782,0.7737926972909305,0.7737926972909305,0.9522968197879859
real,MSVD,e996zZ0uV_A_68_72.mp4,patch_only,,0.7,0.3,motion_soft,2,4,0.07,0.01,0.18197879858657243,0.24346289752650174,0.24346289752650174,0.3869257950530035
real,MSVD,eKtsMfmQ_0s_61_68.mp4,patch_only,,0.7,0.3,motion_soft,2,4,0.07,0.01,0.7367491166077739,0.8037102473498232,0.8037102473498232,0.9599528857479388
real,MSVD,ePujnD4qJO0_62_77.mp4,patch_only,,0.7,0.3,motion_soft,2,4,0.07,0.01,0.558303886925795,0.4107773851590106,0.4107773851590106,0.06654888103651355
real,MSVD,eTnlw7v8ea0_36_50.mp4,patch_only,,0.7,0.3,motion_soft,2,4,0.07,0.01,0.8934040047114252,0.8831566548881037,0.8831566548881037,0.85924617196702
real,MSVD,eVSQiPbepXg_44_49.mp4,patch_only,,0.7,0.3,motion_soft,2,4,0.07,0.01,0.21142520612485277,0.15276796230859835,0.15276796230859835,0.015901060070671377
real,MSVD,eZLxohGP4IE_147_158.mp4,patch_only,,0.7,0.3,motion_soft,2,4,0.07,0.01,0.8545347467608951,0.8545347467608951,0.8545347467608951,0.8545347467608951
real,MSVD,eZLxohGP4IE_15_25.mp4,patch_only,,0.7,0.3,motion_soft,2,4,0.07,0.01,0.6878680800942285,0.517020023557126,0.517020023557126,0.11837455830388692
real,MSVD,eZLxohGP4IE_190_201.mp4,patch_only,,0.7,0.3,motion_soft,2,4,0.07,0.01,0.8633686690223793,0.713545347467609,0.713545347467609,0.36395759717314485
real,MSVD,eb-Zp4pJLKk_2_19.mp4,patch_only,,0.7,0.3,motion_soft,2,4,0.07,0.01,0.7820965842167256,0.8389870435806832,0.8389870435806832,0.9717314487632509
real,MSVD,ecVwxlXc1PQ_0_12.mp4,patch_only,,0.7,0.3,motion_soft,2,4,0.07,0.01,0.2143698468786808,0.18062426383981153,0.18062426383981153,0.10188457008244994
real,MSVD,ecm9gf2Pgkc_1_24.mp4,patch_only,,0.7,0.3,motion_soft,2,4,0.07,0.01,0.26383981154299174,0.2873380447585394,0.2873380447585394,0.3421672555948174
real,MSVD,edqyq4Q-7uU_103_109.mp4,patch_only,,0.7,0.3,motion_soft,2,4,0.07,0.01,0.8722025912838633,0.8624852767962308,0.8624852767962308,0.839811542991755
real,MSVD,eiyuac7hA4A_4_47.mp4,patch_only,,0.7,0.3,motion_soft,2,4,0.07,0.01,0.9752650176678446,0.9710247349823322,0.9710247349823322,0.9611307420494699
real,MSVD,ejgwQqCHN1E_7_12.mp4,patch_only,,0.7,0.3,motion_soft,2,4,0.07,0.01,0.7302709069493521,0.6111896348645465,0.6111896348645465,0.3333333333333333
real,MSVD,elQqQfux7Po_12_22.mp4,patch_only,,0.7,0.3,motion_soft,2,4,0.07,0.01,0.0035335689045936395,0.038869257950530034,0.038869257950530034,0.12131919905771496
real,MSVD,emblM4a76jg_5_15.mp4,patch_only,,0.7,0.3,motion_soft,2,4,0.07,0.01,0.46466431095406363,0.48780918727915196,0.48780918727915196,0.541813898704358
real,MSVD,eoP-SCgYM2w_49_60.mp4,patch_only,,0.7,0.3,motion_soft,2,4,0.07,0.01,0.10070671378091872,0.354946996466431,0.354946996466431,0.9481743227326266
real,MSVD,eroAmLZ85DI_28_35.mp4,patch_only,,0.7,0.3,motion_soft,2,4,0.07,0.01,0.45288574793875147,0.46065959952885743,0.46065959952885743,0.4787985865724382
real,MSVD,eyMYc-37Sk4_0_10.mp4,patch_only,,0.7,0.3,motion_soft,2,4,0.07,0.01,0.5948174322732627,0.537926972909305,0.537926972909305,0.40518256772673733
real,MSVD,eyhzdC936uk_15_27.mp4,patch_only,,0.7,0.3,motion_soft,2,4,0.07,0.01,0.411660777385159,0.44010600706713776,0.44010600706713776,0.5064782096584217
real,MSVD,f-24IxG9ijw_25_40.mp4,patch_only,,0.7,0.3,motion_soft,2,4,0.07,0.01,0.38162544169611307,0.33833922261484095,0.33833922261484095,0.23733804475853945
real,MSVD,f9Won2JpOEU_60_80.mp4,patch_only,,0.7,0.3,motion_soft,2,4,0.07,0.01,0.41578327444051827,0.42903415783274435,0.42903415783274435,0.45995288574793874
real,MSVD,f9_bP219ehQ_63_70.mp4,patch_only,,0.7,0.3,motion_soft,2,4,0.07,0.01,0.19140164899882214,0.2728504122497055,0.2728504122497055,0.4628975265017668
real,MSVD,fBA_lxUiwSg_2_4.mp4,patch_only,,0.7,0.3,motion_soft,2,4,0.07,0.01,0.502944640753828,0.5527679623085984,0.5527679623085984,0.6690223792697291
real,MSVD,fGc6_D0JEIQ_31_46.mp4,patch_only,,0.7,0.3,motion_soft,2,4,0.07,0.01,0.7214369846878681,0.7064193168433451,0.7064193168433451,0.6713780918727915
real,MSVD,fHfpMUDrQCs_17_31.mp4,patch_only,,0.7,0.3,motion_soft,2,4,0.07,0.01,0.8133097762073027,0.674263839811543,0.674263839811543,0.3498233215547703
real,MSVD,fIaLVw_Gc_w_99_109.mp4,patch_only,,0.7,0.3,motion_soft,2,4,0.07,0.01,0.07832744405182568,0.17479387514723205,0.17479387514723205,0.3998822143698469
real,MSVD,fJr2evLANsE_0_10.mp4,patch_only,,0.7,0.3,motion_soft,2,4,0.07,0.01,0.4416961130742049,0.4512367491166077,0.4512367491166077,0.4734982332155477
real,MSVD,fKqBnl8D1Qo_5_44.mp4,patch_only,,0.7,0.3,motion_soft,2,4,0.07,0.01,0.6837455830388692,0.5028268551236749,0.5028268551236749,0.08068315665488811
real,MSVD,fMFvOgb4k6E_35_43.mp4,patch_only,,0.7,0.3,motion_soft,2,4,0.07,0.01,0.5306242638398115,0.44069493521790337,0.44069493521790337,0.2308598351001178
real,MSVD,fMXfphSi6Yw_7_12.mp4,patch_only,,0.7,0.3,motion_soft,2,4,0.07,0.01,0.09187279151943463,0.17862190812720846,0.17862190812720846,0.38103651354534745
real,MSVD,fVWUaH2mCt4_1_7.mp4,patch_only,,0.7,0.3,motion_soft,2,4,0.07,0.01,0.0636042402826855,0.04752650176678445,0.04752650176678445,0.010011778563015312
real,MSVD,fd7Ky1lEPT8_40_50.mp4,patch_only,,0.7,0.3,motion_soft,2,4,0.07,0.01,0.892226148409894,0.8432862190812721,0.8432862190812721,0.7290930506478209
real,MSVD,fgWFxFg7-GU_10_26.mp4,patch_only,,0.7,0.3,motion_soft,2,4,0.07,0.01,0.3945818610129564,0.3574793875147232,0.3574793875147232,0.270906949352179
real,MSVD,ficwZQYmRLE_5_20.mp4,patch_only,,0.7,0.3,motion_soft,2,4,0.07,0.01,0.022968197879858657,0.07826855123674911,0.07826855123674911,0.20730270906949352
real,MSVD,fjDvKHkmxs0_119_126.mp4,patch_only,,0.7,0.3,motion_soft,2,4,0.07,0.01,0.23439340400471143,0.2395170789163722,0.2395170789163722,0.251472320376914
real,MSVD,fjDvKHkmxs0_72_87.mp4,patch_only,,0.7,0.3,motion_soft,2,4,0.07,0.01,0.15312131919905772,0.1354534746760895,0.1354534746760895,0.09422850412249706
real,MSVD,fkONJEgTNJY_25_35.mp4,patch_only,,0.7,0.3,motion_soft,2,4,0.07,0.01,0.022968197879858657,0.10459363957597173,0.10459363957597173,0.2950530035335689
real,MSVD,fnpp8v9NbmY_181_188.mp4,patch_only,,0.7,0.3,motion_soft,2,4,0.07,0.01,0.9687868080094229,0.9673733804475853,0.9673733804475853,0.964075382803298
real,MSVD,fr9H1WLcF1A_141_148.mp4,patch_only,,0.7,0.3,motion_soft,2,4,0.07,0.01,0.4829210836277974,0.5304475853945818,0.5304475853945818,0.6413427561837456
real,MSVD,fr9H1WLcF1A_256_261.mp4,patch_only,,0.7,0.3,motion_soft,2,4,0.07,0.01,0.12367491166077739,0.33180212014134275,0.33180212014134275,0.817432273262662
real,MSVD,fvBs0xpEZhQ_10_30.mp4,patch_only,,0.7,0.3,motion_soft,2,4,0.07,0.01,0.12249705535924617,0.2560659599528857,0.2560659599528857,0.5677267373380448
real,MSVD,fw8qvK67jYY_50_97.mp4,patch_only,,0.7,0.3,motion_soft,2,4,0.07,0.01,0.2067137809187279,0.4125441696113074,0.4125441696113074,0.8928150765606596
real,MSVD,g1Gldu1KS44_8_14.mp4,patch_only,,0.7,0.3,motion_soft,2,4,0.07,0.01,0.22673733804475854,0.21189634864546525,0.21189634864546525,0.1772673733804476
real,MSVD,g2IYQq7IkXc_23_32.mp4,patch_only,,0.7,0.3,motion_soft,2,4,0.07,0.01,0.464075382803298,0.44570082449941106,0.44570082449941106,0.4028268551236749
real,MSVD,g36ho6UrBz0_5_20.mp4,patch_only,,0.7,0.3,motion_soft,2,4,0.07,0.01,0.7078916372202592,0.6881036513545348,0.6881036513545348,0.6419316843345112
real,MSVD,g8LUhxR-6Wg_0_8.mp4,patch_only,,0.7,0.3,motion_soft,2,4,0.07,0.01,0.014134275618374558,0.01360424028268551,0.01360424028268551,0.012367491166077738
real,MSVD,g9aZcaEg7iY_0_9.mp4,patch_only,,0.7,0.3,motion_soft,2,4,0.07,0.01,0.8074204946996466,0.8591872791519435,0.8591872791519435,0.9799764428739693
real,MSVD,gCra4qOrjFw_1_17.mp4,patch_only,,0.7,0.3,motion_soft,2,4,0.07,0.01,0.6525323910482921,0.5444051825677267,0.5444051825677267,0.2921083627797409
real,MSVD,gGDtPJzh_0s_30_45.mp4,patch_only,,0.7,0.3,motion_soft,2,4,0.07,0.01,0.7385159010600707,0.6980565371024734,0.6980565371024734,0.6036513545347467
real,MSVD,gHyXstpe_N8_116_125.mp4,patch_only,,0.7,0.3,motion_soft,2,4,0.07,0.01,0.32685512367491165,0.3438162544169611,0.3438162544169611,0.3833922261484099
real,MSVD,gHyXstpe_N8_140_150.mp4,patch_only,,0.7,0.3,motion_soft,2,4,0.07,0.01,0.7508833922261484,0.5977031802120141,0.5977031802120141,0.24028268551236748
real,MSVD,gHyXstpe_N8_95_100.mp4,patch_only,,0.7,0.3,motion_soft,2,4,0.07,0.01,0.28150765606595995,0.29829210836277975,0.29829210836277975,0.3374558303886926
real,MSVD,gIvetX_oXeI_85_90.mp4,patch_only,,0.7,0.3,motion_soft,2,4,0.07,0.01,0.7449941107184923,0.7944640753828032,0.7944640753828032,0.9098939929328622
real,MSVD,gWRRHV7DLV0_21_31.mp4,patch_only,,0.7,0.3,motion_soft,2,4,0.07,0.01,0.2326266195524146,0.2766195524146054,0.2766195524146054,0.3792697290930506
real,MSVD,gXVaC3gBWbc_22_30.mp4,patch_only,,0.7,0.3,motion_soft,2,4,0.07,0.01,0.8297997644287397,0.7870435806831566,0.7870435806831566,0.6872791519434629
real,MSVD,gbUhorqLCzU_10_23.mp4,patch_only,,0.7,0.3,motion_soft,2,4,0.07,0.01,0.4034157832744405,0.39387514723203765,0.39387514723203765,0.37161366313309774
real,MSVD,gbW9f8xydks_0_10.mp4,patch_only,,0.7,0.3,motion_soft,2,4,0.07,0.01,0.11366313309776208,0.09617196702002356,0.09617196702002356,0.05535924617196702
real,MSVD,gbbRwBZuhzI_26_40.mp4,patch_only,,0.7,0.3,motion_soft,2,4,0.07,0.01,0.31919905771495877,0.4430506478209658,0.4430506478209658,0.732037691401649
real,MSVD,ge7OOILJA6U_20_25.mp4,patch_only,,0.7,0.3,motion_soft,2,4,0.07,0.01,0.9022379269729093,0.8799764428739694,0.8799764428739694,0.8280329799764429
real,MSVD,ggWzbEFC-RE_1_11.mp4,patch_only,,0.7,0.3,motion_soft,2,4,0.07,0.01,0.1425206124852768,0.17962308598351,0.17962308598351,0.2661955241460542
real,MSVD,ggic669elLM_200_215.mp4,patch_only,,0.7,0.3,motion_soft,2,4,0.07,0.01,0.35983510011778563,0.32096584216725554,0.32096584216725554,0.23027090694935218
real,MSVD,ghynaoVNwZc_1_20.mp4,patch_only,,0.7,0.3,motion_soft,2,4,0.07,0.01,0.17373380447585396,0.15323910482921083,0.15323910482921083,0.10541813898704358
real,MSVD,giLxPCgLLqg_9_19.mp4,patch_only,,0.7,0.3,motion_soft,2,4,0.07,0.01,0.49823321554770317,0.41219081272084807,0.41219081272084807,0.21142520612485277
real,MSVD,gjVBEJGHrXk_26_38.mp4,patch_only,,0.7,0.3,motion_soft,2,4,0.07,0.01,0.05418138987043581,0.11531213191990577,0.11531213191990577,0.2579505300353357
real,MSVD,glii-kazad8_21_29.mp4,patch_only,,0.7,0.3,motion_soft,2,4,0.07,0.01,0.26855123674911663,0.20318021201413428,0.20318021201413428,0.050647820965842166
real,MSVD,glrijRGnmc0_211_215.mp4,patch_only,,0.7,0.3,motion_soft,2,4,0.07,0.01,0.6213191990577149,0.6485276796230859,0.6485276796230859,0.7120141342756183
real,MSVD,gnEE6oWoz7U_124_132.mp4,patch_only,,0.7,0.3,motion_soft,2,4,0.07,0.01,0.05771495877502945,0.20665488810365135,0.20665488810365135,0.5541813898704359
real,MSVD,gqSOvUH_njE_151_155.mp4,patch_only,,0.7,0.3,motion_soft,2,4,0.07,0.01,0.1790341578327444,0.24387514723203768,0.24387514723203768,0.395170789163722
real,MSVD,gqxpGOHUH9k_113_119.mp4,patch_only,,0.7,0.3,motion_soft,2,4,0.07,0.01,0.8786808009422851,0.754829210836278,0.754829210836278,0.4658421672555948
real,MSVD,gtixLEvO2Us_0_6.mp4,patch_only,,0.7,0.3,motion_soft,2,4,0.07,0.01,0.4034157832744405,0.3126030624263839,0.3126030624263839,0.10070671378091872
real,MSVD,gvVsgOK1iJw_32_38.mp4,patch_only,,0.7,0.3,motion_soft,2,4,0.07,0.01,0.3327444051825677,0.4424617196702002,0.4424617196702002,0.6984687868080094
real,MSVD,h0JvF9vpqx8_213_223.mp4,patch_only,,0.7,0.3,motion_soft,2,4,0.07,0.01,0.3710247349823322,0.44911660777385165,0.44911660777385165,0.6313309776207303
real,MSVD,h0JvF9vpqx8_36_42.mp4,patch_only,,0.7,0.3,motion_soft,2,4,0.07,0.01,0.5017667844522968,0.44699646643109536,0.44699646643109536,0.31919905771495877
real,MSVD,hEOGZoYSvT4_82_86.mp4,patch_only,,0.7,0.3,motion_soft,2,4,0.07,0.01,0.5665488810365136,0.5040047114252061,0.5040047114252061,0.3580683156654888
real,MSVD,hFERWnoc-nU_0_12.mp4,patch_only,,0.7,0.3,motion_soft,2,4,0.07,0.01,0.39752650176678445,0.29028268551236747,0.29028268551236747,0.04004711425206125
real,MSVD,hJFBXHtxKIc_163_168.mp4,patch_only,,0.7,0.3,motion_soft,2,4,0.07,0.01,0.8680800942285041,0.8698468786808009,0.8698468786808009,0.8739693757361602
real,MSVD,hJFBXHtxKIc_225_230.mp4,patch_only,,0.7,0.3,motion_soft,2,4,0.07,0.01,0.9128386336866903,0.8699057714958776,0.8699057714958776,0.7697290930506479
real,MSVD,hJFBXHtxKIc_286_291.mp4,patch_only,,0.7,0.3,motion_soft,2,4,0.07,0.01,0.8898704358068316,0.8607184923439339,0.8607184923439339,0.7926972909305064
real,MSVD,hJFBXHtxKIc_298_303.mp4,patch_only,,0.7,0.3,motion_soft,2,4,0.07,0.01,0.4840989399293286,0.49646643109540634,0.49646643109540634,0.525323910482921
real,MSVD,hJFBXHtxKIc_310_315.mp4,patch_only,,0.7,0.3,motion_soft,2,4,0.07,0.01,0.7396937573616019,0.7015312131919905,0.7015312131919905,0.6124852767962309
real,MSVD,hJuqBDw_TT4_14_25.mp4,patch_only,,0.7,0.3,motion_soft,2,4,0.07,0.01,0.4134275618374558,0.3291519434628975,0.3291519434628975,0.13250883392226148
real,MSVD,hM3jzlyNIpc_0_10.mp4,patch_only,,0.7,0.3,motion_soft,2,4,0.07,0.01,0.7544169611307421,0.6187279151943462,0.6187279151943462,0.30212014134275617
real,MSVD,hNECyt6Bo0A_5_10.mp4,patch_only,,0.7,0.3,motion_soft,2,4,0.07,0.01,0.931095406360424,0.9383392226148409,0.9383392226148409,0.9552414605418139
real,MSVD,hNOzHvsEmg4_31_36.mp4,patch_only,,0.7,0.3,motion_soft,2,4,0.07,0.01,0.541813898704358,0.4617785630153121,0.4617785630153121,0.2750294464075383
real,MSVD,hNPZmTlY_3Q_0_8.mp4,patch_only,,0.7,0.3,motion_soft,2,4,0.07,0.01,0.624263839811543,0.7055359246171967,0.7055359246171967,0.8951707891637221
real,MSVD,hPyU5KjpWVc_0_35.mp4,patch_only,,0.7,0.3,motion_soft,2,4,0.07,0.01,0.04299175500588928,0.07196702002355712,0.07196702002355712,0.13957597173144876
real,MSVD,hReROJQpSow_24_30.mp4,patch_only,,0.7,0.3,motion_soft,2,4,0.07,0.01,0.32273262661955243,0.27326266195524146,0.27326266195524146,0.15783274440518258
real,MSVD,hSgGBHbJrmE_0_17.mp4,patch_only,,0.7,0.3,motion_soft,2,4,0.07,0.01,0.09246171967020024,0.12938751472320376,0.12938751472320376,0.21554770318021202
real,MSVD,hW8TKz2Aea4_40_50.mp4,patch_only,,0.7,0.3,motion_soft,2,4,0.07,0.01,0.28209658421672557,0.37326266195524144,0.37326266195524144,0.5859835100117785
real,MSVD,hW8TKz2Aea4_5_12.mp4,patch_only,,0.7,0.3,motion_soft,2,4,0.07,0.01,0.11012956419316844,0.24988221436984687,0.24988221436984687,0.5759717314487632
real,MSVD,hWhKdXcqYeU_3_12.mp4,patch_only,,0.7,0.3,motion_soft,2,4,0.07,0.01,0.7791519434628975,0.6330388692579505,0.6330388692579505,0.2921083627797409
real,MSVD,hXn7D6-AAMA_0_9.mp4,patch_only,,0.7,0.3,motion_soft,2,4,0.07,0.01,0.07243816254416961,0.06448763250883392,0.06448763250883392,0.045936395759717315
real,MSVD,haJn6k5zVnE_1_23.mp4,patch_only,,0.7,0.3,motion_soft,2,4,0.07,0.01,0.8368669022379269,0.8423439340400469,0.8423439340400469,0.8551236749116607
real,MSVD,hcCLIzzB1jQ_1_7.mp4,patch_only,,0.7,0.3,motion_soft,2,4,0.07,0.01,0.8680800942285041,0.7659599528857478,0.7659599528857478,0.5276796230859835
real,MSVD,hksxtbcS780_7_14.mp4,patch_only,,0.7,0.3,motion_soft,2,4,0.07,0.01,0.33981154299175503,0.29034157832744406,0.29034157832744406,0.17491166077738515
real,MSVD,ht2oIYBSoI0_9_21.mp4,patch_only,,0.7,0.3,motion_soft,2,4,0.07,0.01,0.5848056537102474,0.5507067137809187,0.5507067137809187,0.4711425206124853
real,MSVD,htWPOGTagec_2_18.mp4,patch_only,,0.7,0.3,motion_soft,2,4,0.07,0.01,0.8050647820965842,0.6471142520612484,0.6471142520612484,0.2785630153121319
real,MSVD,htry5uxX0-Y_45_52.mp4,patch_only,,0.7,0.3,motion_soft,2,4,0.07,0.01,0.45936395759717313,0.5524734982332156,0.5524734982332156,0.7697290930506479
real,MSVD,i2GgBwlwV0c_24_31.mp4,patch_only,,0.7,0.3,motion_soft,2,4,0.07,0.01,0.14782096584216725,0.11919905771495877,0.11919905771495877,0.052414605418138985
real,MSVD,i3cHNObcEh8_0_10.mp4,patch_only,,0.7,0.3,motion_soft,2,4,0.07,0.01,0.2856301531213192,0.3131919905771496,0.3131919905771496,0.37750294464075385
real,MSVD,iCiGjZEV7VI_65_75.mp4,patch_only,,0.7,0.3,motion_soft,2,4,0.07,0.01,0.6484098939929329,0.7151943462897526,0.7151943462897526,0.8710247349823321
real,MSVD,iEW-EkPQywU_61_83.mp4,patch_only,,0.7,0.3,motion_soft,2,4,0.07,0.01,0.9163722025912838,0.8439340400471143,0.8439340400471143,0.6749116607773852
real,MSVD,iLr7ZHAq1ro_7_11.mp4,patch_only,,0.7,0.3,motion_soft,2,4,0.07,0.01,0.011778563015312132,0.04093050647820966,0.04093050647820966,0.10895170789163722
real,MSVD,iUYWdCxvJCI_2_14.mp4,patch_only,,0.7,0.3,motion_soft,2,4,0.07,0.01,0.5812720848056537,0.6185512367491166,0.6185512367491166,0.7055359246171967
real,MSVD,iarsmqA3dck_19_25.mp4,patch_only,,0.7,0.3,motion_soft,2,4,0.07,0.01,0.0800942285041225,0.2873380447585394,0.2873380447585394,0.7709069493521791
real,MSVD,ibSwITK4jjQ_14_24.mp4,patch_only,,0.7,0.3,motion_soft,2,4,0.07,0.01,0.030035335689045935,0.03180212014134275,0.03180212014134275,0.035924617196702
real,MSVD,idRc_KkInds_0_6.mp4,patch_only,,0.7,0.3,motion_soft,2,4,0.07,0.01,0.028857479387514724,0.045288574793875144,0.045288574793875144,0.08362779740871613
real,MSVD,idXJu0BQRvo_2_6.mp4,patch_only,,0.7,0.3,motion_soft,2,4,0.07,0.01,0.4988221436984688,0.3680800942285041,0.3680800942285041,0.06301531213191991
real,MSVD,ifS2nXfCyYo_4_34.mp4,patch_only,,0.7,0.3,motion_soft,2,4,0.07,0.01,0.14958775029446408,0.22838633686690224,0.22838633686690224,0.4122497055359246
real,MSVD,inzk2fTUe1w_1_15.mp4,patch_only,,0.7,0.3,motion_soft,2,4,0.07,0.01,0.06831566548881036,0.2720259128386337,0.2720259128386337,0.7473498233215548
real,MSVD,io2dbV-Qbus_215_247.mp4,patch_only,,0.7,0.3,motion_soft,2,4,0.07,0.01,0.7444051825677267,0.7917550058892815,0.7917550058892815,0.9022379269729093
real,MSVD,itxzpFW1z7E_22_36.mp4,patch_only,,0.7,0.3,motion_soft,2,4,0.07,0.01,0.2332155477031802,0.2192579505300353,0.2192579505300353,0.18669022379269729
real,MSVD,iuqVpMdb1NM_35_43.mp4,patch_only,,0.7,0.3,motion_soft,2,4,0.07,0.01,0.9040047114252061,0.8646054181389871,0.8646054181389871,0.7726737338044759
real,MSVD,iwpnUHFhjWc_84_94.mp4,patch_only,,0.7,0.3,motion_soft,2,4,0.07,0.01,0.5706713780918727,0.4376325088339222,0.4376325088339222,0.127208480565371
real,MSVD,iyAoiWeD53k_120_127.mp4,patch_only,,0.7,0.3,motion_soft,2,4,0.07,0.01,0.9369846878680801,0.9445818610129564,0.9445818610129564,0.9623085983510011
real,MSVD,izU1dDwnuMY_80_92.mp4,patch_only,,0.7,0.3,motion_soft,2,4,0.07,0.01,0.30094228504122494,0.3861012956419317,0.3861012956419317,0.5848056537102474
real,MSVD,j1Z890_Q3so_131_138.mp4,patch_only,,0.7,0.3,motion_soft,2,4,0.07,0.01,0.9605418138987044,0.9617785630153121,0.9617785630153121,0.9646643109540636
real,MSVD,j2Dhf-xFUxU_13_20.mp4,patch_only,,0.7,0.3,motion_soft,2,4,0.07,0.01,0.5865724381625441,0.5886925795053003,0.5886925795053003,0.5936395759717314
real,MSVD,j2Dhf-xFUxU_20_29.mp4,patch_only,,0.7,0.3,motion_soft,2,4,0.07,0.01,0.7120141342756183,0.746643109540636,0.746643109540636,0.8274440518256773
real,MSVD,j2sOMdilDWU_87_97.mp4,patch_only,,0.7,0.3,motion_soft,2,4,0.07,0.01,0.9493521790341578,0.8808009422850411,0.8808009422850411,0.7208480565371025
real,MSVD,j4dMnAPZu70_12_17.mp4,patch_only,,0.7,0.3,motion_soft,2,4,0.07,0.01,0.38869257950530034,0.40106007067137805,0.40106007067137805,0.4299175500588928
real,MSVD,j7xz1nos-xc_10_20.mp4,patch_only,,0.7,0.3,motion_soft,2,4,0.07,0.01,0.3327444051825677,0.46719670200235563,0.46719670200235563,0.7809187279151943
real,MSVD,jCplbayVbtw_10_20.mp4,patch_only,,0.7,0.3,motion_soft,2,4,0.07,0.01,0.15724381625441697,0.1137809187279152,0.1137809187279152,0.012367491166077738
real,MSVD,jDFn-1lXJ98_71_80.mp4,patch_only,,0.7,0.3,motion_soft,2,4,0.07,0.01,0.011778563015312132,0.020965842167255597,0.020965842167255597,0.04240282685512368
real,MSVD,jI58q6rcNLc_8_18.mp4,patch_only,,0.7,0.3,motion_soft,2,4,0.07,0.01,0.7632508833922261,0.7906360424028268,0.7906360424028268,0.8545347467608951
real,MSVD,jLgmCY1fEE8_16_26.mp4,patch_only,,0.7,0.3,motion_soft,2,4,0.07,0.01,0.4558303886925795,0.5644876325088339,0.5644876325088339,0.8180212014134276
real,MSVD,jMO3jGQeqyk_3_6.mp4,patch_only,,0.7,0.3,motion_soft,2,4,0.07,0.01,0.5117785630153121,0.46248527679623086,0.46248527679623086,0.3474676089517079
real,MSVD,jPBxl9gFqNY_110_117.mp4,patch_only,,0.7,0.3,motion_soft,2,4,0.07,0.01,0.7108362779740872,0.6929917550058893,0.6929917550058893,0.6513545347467609
real,MSVD,jTaLGh_MKCM_5_20.mp4,patch_only,,0.7,0.3,motion_soft,2,4,0.07,0.01,0.5323910482921084,0.5330977620730271,0.5330977620730271,0.5347467608951708
real,MSVD,jTnrm338_KY_34_42.mp4,patch_only,,0.7,0.3,motion_soft,2,4,0.07,0.01,0.8315665488810365,0.6375736160188457,0.6375736160188457,0.18492343934040048
real,MSVD,jW77z3-SrO4_56_63.mp4,patch_only,,0.7,0.3,motion_soft,2,4,0.07,0.01,0.9717314487632509,0.8614840989399293,0.8614840989399293,0.6042402826855123
real,MSVD,jZ8X8e7eRVk_24_27.mp4,patch_only,,0.7,0.3,motion_soft,2,4,0.07,0.01,0.08480565371024736,0.181095406360424,0.181095406360424,0.40577149587750294
real,MSVD,jbzaMtPYtl8_48_58.mp4,patch_only,,0.7,0.3,motion_soft,2,4,0.07,0.01,0.3539458186101296,0.3474087161366313,0.3474087161366313,0.3321554770318021
real,MSVD,jcIrD7rNvTM_10_21.mp4,patch_only,,0.7,0.3,motion_soft,2,4,0.07,0.01,0.061837455830388695,0.16961130742049468,0.16961130742049468,0.4210836277974087
real,MSVD,jdAbpLooDgM_10_15.mp4,patch_only,,0.7,0.3,motion_soft,2,4,0.07,0.01,0.5076560659599529,0.4044758539458186,0.4044758539458186,0.16372202591283863
real,MSVD,jjl2ZMdFCsw_130_142.mp4,patch_only,,0.7,0.3,motion_soft,2,4,0.07,0.01,0.7720848056537103,0.6969964664310955,0.6969964664310955,0.5217903415783275
real,MSVD,jjl2ZMdFCsw_17_35.mp4,patch_only,,0.7,0.3,motion_soft,2,4,0.07,0.01,0.8121319199057715,0.7517078916372202,0.7517078916372202,0.610718492343934
real,MSVD,jlahRlo4jlU_30_36.mp4,patch_only,,0.7,0.3,motion_soft,2,4,0.07,0.01,0.8963486454652533,0.754299175500589,0.754299175500589,0.42285041224970554
real,MSVD,jmoT2we_rqo_0_5.mp4,patch_only,,0.7,0.3,motion_soft,2,4,0.07,0.01,0.7067137809187279,0.7160777385159011,0.7160777385159011,0.7379269729093051
real,MSVD,jv-eV6jR3Qw_7_12.mp4,patch_only,,0.7,0.3,motion_soft,2,4,0.07,0.01,0.7467608951707891,0.5458775029446407,0.5458775029446407,0.07714958775029446
real,MSVD,jvxUeT1Nlb8_100_115.mp4,patch_only,,0.7,0.3,motion_soft,2,4,0.07,0.01,0.1166077738515901,0.09876325088339222,0.09876325088339222,0.05712603062426384
real,MSVD,jxdubZzQrio_33_46.mp4,patch_only,,0.7,0.3,motion_soft,2,4,0.07,0.01,0.8904593639575972,0.8734982332155476,0.8734982332155476,0.833922261484099
real,MSVD,k06Ge9ANKM8_5_16.mp4,patch_only,,0.7,0.3,motion_soft,2,4,0.07,0.01,0.2750294464075383,0.3504711425206125,0.3504711425206125,0.5265017667844523
real,MSVD,k5OKBX2e7xA_19_32.mp4,patch_only,,0.7,0.3,motion_soft,2,4,0.07,0.01,0.4175500588928151,0.36542991755005894,0.36542991755005894,0.24381625441696114
real,MSVD,k8l4ETsylVY_9_18.mp4,patch_only,,0.7,0.3,motion_soft,2,4,0.07,0.01,0.582449941107185,0.5391637220259129,0.5391637220259129,0.4381625441696113
real,MSVD,k9Brw_0gncU_14_33.mp4,patch_only,,0.7,0.3,motion_soft,2,4,0.07,0.01,0.6760895170789164,0.7266195524146054,0.7266195524146054,0.8445229681978799
real,MSVD,kBMsuhDvg88_45_64.mp4,patch_only,,0.7,0.3,motion_soft,2,4,0.07,0.01,0.3627797408716137,0.3214369846878681,0.3214369846878681,0.2249705535924617
real,MSVD,kBjUDCyDCuI_20_26.mp4,patch_only,,0.7,0.3,motion_soft,2,4,0.07,0.01,0.49469964664310956,0.49876325088339224,0.49876325088339224,0.5082449941107184
real,MSVD,kEGmZDpZ_RE_248_293.mp4,patch_only,,0.7,0.3,motion_soft,2,4,0.07,0.01,0.9882214369846879,0.9875147232037691,0.9875147232037691,0.9858657243816255
real,MSVD,kEGmZDpZ_RE_295_330.mp4,patch_only,,0.7,0.3,motion_soft,2,4,0.07,0.01,0.8733804475853946,0.8542991755005889,0.8542991755005889,0.809776207302709
real,MSVD,kI6MWZrl8v8_149_161.mp4,patch_only,,0.7,0.3,motion_soft,2,4,0.07,0.01,0.5094228504122497,0.39299175500588923,0.39299175500588923,0.12131919905771496
real,MSVD,kIZanu909lw_67_80.mp4,patch_only,,0.7,0.3,motion_soft,2,4,0.07,0.01,0.9764428739693758,0.9743227326266195,0.9743227326266195,0.9693757361601885
real,MSVD,kKGehSw5ht8_39_45.mp4,patch_only,,0.7,0.3,motion_soft,2,4,0.07,0.01,0.2956419316843345,0.2728504122497055,0.2728504122497055,0.21967020023557127
real,MSVD,kNHivduxQWg_0_14.mp4,patch_only,,0.7,0.3,motion_soft,2,4,0.07,0.01,0.11837455830388692,0.14734982332155477,0.14734982332155477,0.2149587750294464
real,MSVD,kRNHJSc4AXE_220_228.mp4,patch_only,,0.7,0.3,motion_soft,2,4,0.07,0.01,0.7208480565371025,0.6295053003533568,0.6295053003533568,0.4163722025912839
real,MSVD,kSzS_lFtJDk_55_70.mp4,patch_only,,0.7,0.3,motion_soft,2,4,0.07,0.01,0.15606595995288575,0.11578327444051825,0.11578327444051825,0.021790341578327443
real,MSVD,kWLNZzuo3do_145_151.mp4,patch_only,,0.7,0.3,motion_soft,2,4,0.07,0.01,0.643698468786808,0.5265606595995288,0.5265606595995288,0.25323910482921086
real,MSVD,kWLNZzuo3do_147_153.mp4,patch_only,,0.7,0.3,motion_soft,2,4,0.07,0.01,0.809776207302709,0.6080094228504122,0.6080094228504122,0.13722025912838634
real,MSVD,kWLNZzuo3do_152_164.mp4,patch_only,,0.7,0.3,motion_soft,2,4,0.07,0.01,0.823321554770318,0.6353356890459364,0.6353356890459364,0.1967020023557126
real,MSVD,kWLNZzuo3do_154_165.mp4,patch_only,,0.7,0.3,motion_soft,2,4,0.07,0.01,0.6648998822143698,0.5622497055359246,0.5622497055359246,0.32273262661955243
real,MSVD,kWLNZzuo3do_167_181.mp4,patch_only,,0.7,0.3,motion_soft,2,4,0.07,0.01,0.7279151943462897,0.7346289752650176,0.7346289752650176,0.7502944640753828
real,MSVD,kWLNZzuo3do_17_23.mp4,patch_only,,0.7,0.3,motion_soft,2,4,0.07,0.01,0.8987043580683156,0.8658421672555947,0.8658421672555947,0.7891637220259128
real,MSVD,kWLNZzuo3do_192_196.mp4,patch_only,,0.7,0.3,motion_soft,2,4,0.07,0.01,0.9387514723203769,0.9422850412249705,0.9422850412249705,0.950530035335689
real,MSVD,kWLNZzuo3do_206_213.mp4,patch_only,,0.7,0.3,motion_soft,2,4,0.07,0.01,0.7597173144876325,0.6310954063604239,0.6310954063604239,0.3309776207302709
real,MSVD,kWLNZzuo3do_217_222.mp4,patch_only,,0.7,0.3,motion_soft,2,4,0.07,0.01,0.8745583038869258,0.8636042402826853,0.8636042402826853,0.8380447585394581
real,MSVD,kWLNZzuo3do_222_227.mp4,patch_only,,0.7,0.3,motion_soft,2,4,0.07,0.01,0.9405182567726738,0.9004122497055358,0.9004122497055358,0.806831566548881
real,MSVD,kWLNZzuo3do_228_232.mp4,patch_only,,0.7,0.3,motion_soft,2,4,0.07,0.01,0.6872791519434629,0.6604240282685512,0.6604240282685512,0.5977620730270907
real,MSVD,kWLNZzuo3do_24_31.mp4,patch_only,,0.7,0.3,motion_soft,2,4,0.07,0.01,0.7809187279151943,0.7441696113074204,0.7441696113074204,0.6584216725559482
real,MSVD,kWLNZzuo3do_251_260.mp4,patch_only,,0.7,0.3,motion_soft,2,4,0.07,0.01,0.5188457008244994,0.5147820965842167,0.5147820965842167,0.5053003533568905
real,MSVD,kWLNZzuo3do_25_32.mp4,patch_only,,0.7,0.3,motion_soft,2,4,0.07,0.01,0.8380447585394581,0.7997055359246171,0.7997055359246171,0.7102473498233216
real,MSVD,kWLNZzuo3do_262_270.mp4,patch_only,,0.7,0.3,motion_soft,2,4,0.07,0.01,0.6978798586572438,0.7222614840989399,0.7222614840989399,0.7791519434628975
real,MSVD,kWLNZzuo3do_31_37.mp4,patch_only,,0.7,0.3,motion_soft,2,4,0.07,0.01,0.9705535924617197,0.9338044758539457,0.9338044758539457,0.8480565371024735
real,MSVD,kWLNZzuo3do_38_47.mp4,patch_only,,0.7,0.3,motion_soft,2,4,0.07,0.01,0.7432273262661955,0.6926972909305065,0.6926972909305065,0.574793875147232
real,MSVD,kWLNZzuo3do_48_53.mp4,patch_only,,0.7,0.3,motion_soft,2,4,0.07,0.01,0.17608951707891637,0.30188457008244995,0.30188457008244995,0.5954063604240283
real,MSVD,kWLNZzuo3do_56_62.mp4,patch_only,,0.7,0.3,motion_soft,2,4,0.07,0.01,0.8303886925795053,0.734452296819788,0.734452296819788,0.5106007067137809
real,MSVD,kWLNZzuo3do_76_80.mp4,patch_only,,0.7,0.3,motion_soft,2,4,0.07,0.01,0.44051825677267376,0.37497055359246173,0.37497055359246173,0.22202591283863368
real,MSVD,kWLNZzuo3do_86_93.mp4,patch_only,,0.7,0.3,motion_soft,2,4,0.07,0.01,0.7237926972909305,0.6260895170789164,0.6260895170789164,0.39811542991755006
real,MSVD,kk3TIio1-Uw_5_14.mp4,patch_only,,0.7,0.3,motion_soft,2,4,0.07,0.01,0.25265017667844525,0.32102473498233214,0.32102473498233214,0.48056537102473496
real,MSVD,klFyrnrUSck_13_19.mp4,patch_only,,0.7,0.3,motion_soft,2,4,0.07,0.01,0.9976442873969376,0.969552414605418,0.969552414605418,0.9040047114252061
real,MSVD,klFyrnrUSck_25_36.mp4,patch_only,,0.7,0.3,motion_soft,2,4,0.07,0.01,0.9411071849234394,0.944640753828033,0.944640753828033,0.9528857479387515
real,MSVD,klFyrnrUSck_63_73.mp4,patch_only,,0.7,0.3,motion_soft,2,4,0.07,0.01,0.9199057714958775,0.9202591283863368,0.9202591283863368,0.9210836277974087
real,MSVD,klFyrnrUSck_79_85.mp4,patch_only,,0.7,0.3,motion_soft,2,4,0.07,0.01,0.9157832744405182,0.8332744405182566,0.8332744405182566,0.64075382803298
real,MSVD,klFyrnrUSck_87_100.mp4,patch_only,,0.7,0.3,motion_soft,2,4,0.07,0.01,0.7567726737338045,0.7841578327444052,0.7841578327444052,0.8480565371024735
real,MSVD,klteYv1Uv9A_27_33.mp4,patch_only,,0.7,0.3,motion_soft,2,4,0.07,0.01,0.09305064782096584,0.11601884570082449,0.11601884570082449,0.1696113074204947
real,MSVD,kquB3rIgfGk_197_202.mp4,patch_only,,0.7,0.3,motion_soft,2,4,0.07,0.01,0.2915194346289753,0.2644876325088339,0.2644876325088339,0.20141342756183744
real,MSVD,kquB3rIgfGk_525_532.mp4,patch_only,,0.7,0.3,motion_soft,2,4,0.07,0.01,0.38515901060070673,0.43374558303886923,0.43374558303886923,0.5471142520612485
real,MSVD,krAk8WPZRL4_207_212.mp4,patch_only,,0.7,0.3,motion_soft,2,4,0.07,0.01,0.31448763250883394,0.23674911660777384,0.23674911660777384,0.05535924617196702
real,MSVD,kuNQpRTc-hA_126_135.mp4,patch_only,,0.7,0.3,motion_soft,2,4,0.07,0.01,0.2579505300353357,0.4254416961130742,0.4254416961130742,0.8162544169611308
real,MSVD,l5JJ2n2ggiQ_319_327.mp4,patch_only,,0.7,0.3,motion_soft,2,4,0.07,0.01,0.574793875147232,0.4447585394581861,0.4447585394581861,0.1413427561837456
real,MSVD,lAznAeFFldg_6_10.mp4,patch_only,,0.7,0.3,motion_soft,2,4,0.07,0.01,0.6230859835100118,0.567962308598351,0.567962308598351,0.43934040047114253
real,MSVD,lB1UPJ4leqs_0_6.mp4,patch_only,,0.7,0.3,motion_soft,2,4,0.07,0.01,0.9275618374558304,0.9008833922261483,0.9008833922261483,0.8386336866902238
real,MSVD,lB1UPJ4leqs_1_6.mp4,patch_only,,0.7,0.3,motion_soft,2,4,0.07,0.01,0.925206124852768,0.897467608951708,0.897467608951708,0.8327444051825678
real,MSVD,lFdg5CWMTt0_24_28.mp4,patch_only,,0.7,0.3,motion_soft,2,4,0.07,0.01,0.5795053003533569,0.4996466431095406,0.4996466431095406,0.3133097762073027
real,MSVD,lGk1MA6YP-M_36_48.mp4,patch_only,,0.7,0.3,motion_soft,2,4,0.07,0.01,0.23027090694935218,0.27567726737338044,0.27567726737338044,0.38162544169611307
real,MSVD,lKADopH3qFY_0_10.mp4,patch_only,,0.7,0.3,motion_soft,2,4,0.07,0.01,0.13663133097762073,0.2452885747938751,0.2452885747938751,0.4988221436984688
real,MSVD,lKpGc3SCSVw_12_20.mp4,patch_only,,0.7,0.3,motion_soft,2,4,0.07,0.01,0.17255594817432274,0.2504711425206125,0.2504711425206125,0.43227326266195526
real,MSVD,lR8RrUBhCQg_5_15.mp4,patch_only,,0.7,0.3,motion_soft,2,4,0.07,0.01,0.052414605418138985,0.24676089517078914,0.24676089517078914,0.7002355712603062
real,MSVD,lSnWhsmlGec_5_10.mp4,patch_only,,0.7,0.3,motion_soft,2,4,0.07,0.01,0.8863368669022379,0.8206124852767962,0.8206124852767962,0.6672555948174322
real,MSVD,labytsb3gfI_146_154.mp4,patch_only,,0.7,0.3,motion_soft,2,4,0.07,0.01,0.19905771495877503,0.16619552414605418,0.16619552414605418,0.0895170789163722
real,MSVD,lb8J2zCQTlo_3_8.mp4,patch_only,,0.7,0.3,motion_soft,2,4,0.07,0.01,0.9764428739693758,0.960188457008245,0.960188457008245,0.9222614840989399
real,MSVD,lc9bA-hvqHU_1_6.mp4,patch_only,,0.7,0.3,motion_soft,2,4,0.07,0.01,0.29858657243816256,0.23886925795053005,0.23886925795053005,0.09952885747938751
real,MSVD,lcu-DwrnYY8_2_5.mp4,patch_only,,0.7,0.3,motion_soft,2,4,0.07,0.01,0.8180212014134276,0.7522968197879859,0.7522968197879859,0.598939929328622
real,MSVD,lexLAjh8fPA_27_31.mp4,patch_only,,0.7,0.3,motion_soft,2,4,0.07,0.01,0.4305064782096584,0.5462308598351001,0.5462308598351001,0.8162544169611308
real,MSVD,lfGlDg47How_110_115.mp4,patch_only,,0.7,0.3,motion_soft,2,4,0.07,0.01,0.8404004711425206,0.791283863368669,0.791283863368669,0.676678445229682
real,MSVD,lfGlDg47How_361_367.mp4,patch_only,,0.7,0.3,motion_soft,2,4,0.07,0.01,0.5241460541813898,0.5983510011778562,0.5983510011778562,0.7714958775029447
real,MSVD,lfGlDg47How_93_98.mp4,patch_only,,0.7,0.3,motion_soft,2,4,0.07,0.01,0.666077738515901,0.6321554770318021,0.6321554770318021,0.5530035335689046
real,MSVD,ljGcQocjSs4_38_60.mp4,patch_only,,0.7,0.3,motion_soft,2,4,0.07,0.01,0.7608951707891637,0.7967608951707891,0.7967608951707891,0.8804475853945819
real,MSVD,lm0z7eLsbbw_9_23.mp4,patch_only,,0.7,0.3,motion_soft,2,4,0.07,0.01,0.1425206124852768,0.12449941107184924,0.12449941107184924,0.08244994110718493
real,MSVD,lmCrIZeob4w_23_26.mp4,patch_only,,0.7,0.3,motion_soft,2,4,0.07,0.01,0.2785630153121319,0.37008244994110717,0.37008244994110717,0.5836277974087162
real,MSVD,lo4KcsBN--A_0_10.mp4,patch_only,,0.7,0.3,motion_soft,2,4,0.07,0.01,0.270906949352179,0.3184334511189635,0.3184334511189635,0.4293286219081272
real,MSVD,lsanQj2yacs_102_108.mp4,patch_only,,0.7,0.3,motion_soft,2,4,0.07,0.01,0.6048292108362779,0.6454652532391048,0.6454652532391048,0.7402826855123675
real,MSVD,lv8d_qLLqsk_1_20.mp4,patch_only,,0.7,0.3,motion_soft,2,4,0.07,0.01,0.9075382803297998,0.9126619552414604,0.9126619552414604,0.9246171967020024
real,MSVD,lvFYUmDSOvU_34_38.mp4,patch_only,,0.7,0.3,motion_soft,2,4,0.07,0.01,0.27208480565371024,0.32844522968197876,0.32844522968197876,0.45995288574793874
real,MSVD,lw7pTwpx0K0_38_48.mp4,patch_only,,0.7,0.3,motion_soft,2,4,0.07,0.01,0.1784452296819788,0.23674911660777384,0.23674911660777384,0.37279151943462896
real,MSVD,m1NR0uNNs5Y_104_110.mp4,patch_only,,0.7,0.3,motion_soft,2,4,0.07,0.01,0.9499411071849234,0.86849234393404,0.86849234393404,0.6784452296819788
real,MSVD,m1NR0uNNs5Y_123_129.mp4,patch_only,,0.7,0.3,motion_soft,2,4,0.07,0.01,0.8916372202591284,0.7928739693757361,0.7928739693757361,0.5624263839811543
real,MSVD,m1NR0uNNs5Y_160_166.mp4,patch_only,,0.7,0.3,motion_soft,2,4,0.07,0.01,0.7255594817432274,0.6886336866902237,0.6886336866902237,0.6024734982332155
real,MSVD,m1NR0uNNs5Y_192_198.mp4,patch_only,,0.7,0.3,motion_soft,2,4,0.07,0.01,0.9899882214369847,0.990871613663133,0.990871613663133,0.9929328621908127
real,MSVD,m1NR0uNNs5Y_224_230.mp4,patch_only,,0.7,0.3,motion_soft,2,4,0.07,0.01,0.6702002355712603,0.7385747938751472,0.7385747938751472,0.8981154299175501
real,MSVD,m1NR0uNNs5Y_273_280.mp4,patch_only,,0.7,0.3,motion_soft,2,4,0.07,0.01,0.4911660777385159,0.6268551236749116,0.6268551236749116,0.9434628975265018
real,MSVD,m1NR0uNNs5Y_57_64.mp4,patch_only,,0.7,0.3,motion_soft,2,4,0.07,0.01,0.9628975265017667,0.9696113074204946,0.9696113074204946,0.9852767962308598
real,MSVD,m1NR0uNNs5Y_73_78.mp4,patch_only,,0.7,0.3,motion_soft,2,4,0.07,0.01,0.9346289752650176,0.9330388692579504,0.9330388692579504,0.9293286219081273
real,MSVD,m1NR0uNNs5Y_88_94.mp4,patch_only,,0.7,0.3,motion_soft,2,4,0.07,0.01,0.9522968197879859,0.8731448763250883,0.8731448763250883,0.6884570082449941
real,MSVD,m4D72WXFd8s_557_564.mp4,patch_only,,0.7,0.3,motion_soft,2,4,0.07,0.01,0.0005889281507656066,0.054829210836277974,0.054829210836277974,0.18138987043580684
real,MSVD,m7x8uIdg2XU_67_73.mp4,patch_only,,0.7,0.3,motion_soft,2,4,0.07,0.01,0.4216725559481743,0.3395170789163722,0.3395170789163722,0.14782096584216725
real,MSVD,mCrRHP4LFmo_24_40.mp4,patch_only,,0.7,0.3,motion_soft,2,4,0.07,0.01,0.42697290930506476,0.47555948174322726,0.47555948174322726,0.5889281507656066
real,MSVD,mF6ijhSrbBQ_32_40.mp4,patch_only,,0.7,0.3,motion_soft,2,4,0.07,0.01,0.21201413427561838,0.2528268551236749,0.2528268551236749,0.3480565371024735
real,MSVD,mFCf8lLXrUc_25_35.mp4,patch_only,,0.7,0.3,motion_soft,2,4,0.07,0.01,0.7102473498233216,0.5598939929328621,0.5598939929328621,0.20906949352179033
real,MSVD,mFCf8lLXrUc_36_57.mp4,patch_only,,0.7,0.3,motion_soft,2,4,0.07,0.01,0.3957597173144876,0.3745583038869258,0.3745583038869258,0.3250883392226148
real,MSVD,mHv4iJ9Yr1g_10_16.mp4,patch_only,,0.7,0.3,motion_soft,2,4,0.07,0.01,0.2226148409893993,0.2752650176678445,0.2752650176678445,0.39811542991755006
real,MSVD,mJ9eRvxjLc4_0_16.mp4,patch_only,,0.7,0.3,motion_soft,2,4,0.07,0.01,0.09658421672555949,0.12290930506478209,0.12290930506478209,0.18433451118963487
real,MSVD,mOZkcBcWR8o_6_12.mp4,patch_only,,0.7,0.3,motion_soft,2,4,0.07,0.01,0.37161366313309774,0.39793875147232033,0.39793875147232033,0.45936395759717313
real,MSVD,mZVPkPqwzR4_38_45.mp4,patch_only,,0.7,0.3,motion_soft,2,4,0.07,0.01,0.12897526501766785,0.17261484098939928,0.17261484098939928,0.2744405182567727
real,MSVD,me1D1WZ0yNM_120_124.mp4,patch_only,,0.7,0.3,motion_soft,2,4,0.07,0.01,0.9534746760895171,0.944640753828033,0.944640753828033,0.9240282685512368
real,MSVD,mfJjIOfj6D8_3_10.mp4,patch_only,,0.7,0.3,motion_soft,2,4,0.07,0.01,0.18433451118963487,0.23044758539458188,0.23044758539458188,0.3380447585394582
real,MSVD,mmSQTI6gMNQ_120_128.mp4,patch_only,,0.7,0.3,motion_soft,2,4,0.07,0.01,0.6024734982332155,0.47208480565371014,0.47208480565371014,0.16784452296819788
real,MSVD,mmSQTI6gMNQ_15_21.mp4,patch_only,,0.7,0.3,motion_soft,2,4,0.07,0.01,0.797997644287397,0.6706124852767962,0.6706124852767962,0.37338044758539457
real,MSVD,msCidKHOh74_392_399.mp4,patch_only,,0.7,0.3,motion_soft,2,4,0.07,0.01,0.3621908127208481,0.3671378091872792,0.3671378091872792,0.37868080094228507
real,MSVD,msCidKHOh74_410_418.mp4,patch_only,,0.7,0.3,motion_soft,2,4,0.07,0.01,0.32626619552414604,0.3246760895170789,0.3246760895170789,0.3209658421672556
real,MSVD,mtrCf667KDk_134_176.mp4,patch_only,,0.7,0.3,motion_soft,2,4,0.07,0.01,0.8869257950530035,0.8406360424028267,0.8406360424028267,0.7326266195524146
real,MSVD,muI1BFsdbdo_33_45.mp4,patch_only,,0.7,0.3,motion_soft,2,4,0.07,0.01,0.10777385159010601,0.10017667844522968,0.10017667844522968,0.08244994110718493
real,MSVD,mv89psg6zh4_33_46.mp4,patch_only,,0.7,0.3,motion_soft,2,4,0.07,0.01,0.29799764428739695,0.3366902237926973,0.3366902237926973,0.42697290930506476
real,MSVD,n016q1w8Q30_2_11.mp4,patch_only,,0.7,0.3,motion_soft,2,4,0.07,0.01,0.8003533568904594,0.8342756183745583,0.8342756183745583,0.9134275618374559
real,MSVD,n2NLoLNecgI_168_178.mp4,patch_only,,0.7,0.3,motion_soft,2,4,0.07,0.01,0.0706713780918728,0.2579505300353357,0.2579505300353357,0.6949352179034158
real,MSVD,nBFhvrAOFqY_23_29.mp4,patch_only,,0.7,0.3,motion_soft,2,4,0.07,0.01,0.15076560659599528,0.12903415783274438,0.12903415783274438,0.07832744405182568
real,MSVD,nBFhvrAOFqY_89_103.mp4,patch_only,,0.7,0.3,motion_soft,2,4,0.07,0.01,0.21319199057714958,0.3434040047114252,0.3434040047114252,0.6472320376914017
real,MSVD,nCtZFOYAlvQ_44_49.mp4,patch_only,,0.7,0.3,motion_soft,2,4,0.07,0.01,0.7868080094228505,0.789281507656066,0.789281507656066,0.7950530035335689
real,MSVD,nHZsE7T7hwI_13_23.mp4,patch_only,,0.7,0.3,motion_soft,2,4,0.07,0.01,0.8568904593639576,0.8068904593639575,0.8068904593639575,0.690223792697291
real,MSVD,nLvX-erABqY_67_72.mp4,patch_only,,0.7,0.3,motion_soft,2,4,0.07,0.01,0.20259128386336867,0.17714958775029446,0.17714958775029446,0.11778563015312132
real,MSVD,nLz0QuerH1c_8_15.mp4,patch_only,,0.7,0.3,motion_soft,2,4,0.07,0.01,0.2838633686690224,0.2494110718492344,0.2494110718492344,0.1690223792697291
real,MSVD,nMBSDpB3WB8_5_14.mp4,patch_only,,0.7,0.3,motion_soft,2,4,0.07,0.01,0.48645465253239106,0.41702002355712603,0.41702002355712603,0.25500588928150764
real,MSVD,nPj6EcVGoUY_7_15.mp4,patch_only,,0.7,0.3,motion_soft,2,4,0.07,0.01,0.00530035335689046,0.06501766784452297,0.06501766784452297,0.2043580683156655
real,MSVD,nS6oQxX_Qi8_2_12.mp4,patch_only,,0.7,0.3,motion_soft,2,4,0.07,0.01,0.0706713780918728,0.29876325088339223,0.29876325088339223,0.8309776207302709
real,MSVD,nTUONeDqhdk_10_15.mp4,patch_only,,0.7,0.3,motion_soft,2,4,0.07,0.01,0.44287396937573614,0.48085983510011776,0.48085983510011776,0.5694935217903416
real,MSVD,nTasT5h0LEg_12_14.mp4,patch_only,,0.7,0.3,motion_soft,2,4,0.07,0.01,0.5488810365135454,0.46213191990577146,0.46213191990577146,0.2597173144876325
real,MSVD,nULE40HEWpA_5_11.mp4,patch_only,,0.7,0.3,motion_soft,2,4,0.07,0.01,0.26442873969375735,0.2663722025912838,0.2663722025912838,0.270906949352179
real,MSVD,nV3Wv8iHp4U_0_38.mp4,patch_only,,0.7,0.3,motion_soft,2,4,0.07,0.01,0.10365135453474676,0.20047114252061246,0.20047114252061246,0.42638398115429915
real,MSVD,nYwbAb0QvBE_195_210.mp4,patch_only,,0.7,0.3,motion_soft,2,4,0.07,0.01,0.767962308598351,0.79075382803298,0.79075382803298,0.8439340400471143
real,MSVD,nZSFn51l3hc_318_326.mp4,patch_only,,0.7,0.3,motion_soft,2,4,0.07,0.01,0.9823321554770318,0.9524734982332155,0.9524734982332155,0.8828032979976443
real,MSVD,nZSFn51l3hc_480_485.mp4,patch_only,,0.7,0.3,motion_soft,2,4,0.07,0.01,0.7031802120141343,0.7026501766784452,0.7026501766784452,0.7014134275618374
real,MSVD,nZSFn51l3hc_660_666.mp4,patch_only,,0.7,0.3,motion_soft,2,4,0.07,0.01,0.9122497055359247,0.7064193168433451,0.7064193168433451,0.22614840989399293
real,MSVD,n_Z0-giaspE_168_193.mp4,patch_only,,0.7,0.3,motion_soft,2,4,0.07,0.01,0.8704358068315665,0.8965842167255594,0.8965842167255594,0.9575971731448764
real,MSVD,n_Z0-giaspE_379_387.mp4,patch_only,,0.7,0.3,motion_soft,2,4,0.07,0.01,0.5482921083627798,0.6094228504122496,0.6094228504122496,0.7520612485276796
real,MSVD,n_Z0-giaspE_437_447.mp4,patch_only,,0.7,0.3,motion_soft,2,4,0.07,0.01,0.6984687868080094,0.7323910482921083,0.7323910482921083,0.8115429917550059
real,MSVD,n_Z0-giaspE_62_78.mp4,patch_only,,0.7,0.3,motion_soft,2,4,0.07,0.01,0.21908127208480566,0.31537102473498235,0.31537102473498235,0.5400471142520612
real,MSVD,nau1vCzyFQ4_37_54.mp4,patch_only,,0.7,0.3,motion_soft,2,4,0.07,0.01,1.0,0.9961130742049469,0.9961130742049469,0.9870435806831567
real,MSVD,nb12bAaKzvA_0_10.mp4,patch_only,,0.7,0.3,motion_soft,2,4,0.07,0.01,0.3133097762073027,0.2850412249705536,0.2850412249705536,0.21908127208480566
real,MSVD,nc0fVlaTYEs_34_44.mp4,patch_only,,0.7,0.3,motion_soft,2,4,0.07,0.01,0.8527679623085983,0.8780329799764428,0.8780329799764428,0.9369846878680801
real,MSVD,nc8hwLaOyZU_1_19.mp4,patch_only,,0.7,0.3,motion_soft,2,4,0.07,0.01,0.36160188457008247,0.3630153121319199,0.3630153121319199,0.3663133097762073
real,MSVD,ngHDYzhDBk4_24_29.mp4,patch_only,,0.7,0.3,motion_soft,2,4,0.07,0.01,0.048292108362779744,0.15889281507656067,0.15889281507656067,0.4169611307420495
real,MSVD,ngHDYzhDBk4_5_14.mp4,patch_only,,0.7,0.3,motion_soft,2,4,0.07,0.01,0.6590106007067138,0.6971731448763251,0.6971731448763251,0.7862190812720848
real,MSVD,nhm_APPwhWk_6_12.mp4,patch_only,,0.7,0.3,motion_soft,2,4,0.07,0.01,0.6919905771495878,0.6923439340400471,0.6923439340400471,0.693168433451119
real,MSVD,nlU3crMsbWI_19_23.mp4,patch_only,,0.7,0.3,motion_soft,2,4,0.07,0.01,0.5547703180212014,0.49699646643109535,0.49699646643109535,0.3621908127208481
real,MSVD,nohvigNMsbo_199_207.mp4,patch_only,,0.7,0.3,motion_soft,2,4,0.07,0.01,0.5865724381625441,0.4869257950530035,0.4869257950530035,0.254416961130742
real,MSVD,nq4hG6qgyPs_184_195.mp4,patch_only,,0.7,0.3,motion_soft,2,4,0.07,0.01,0.4705535924617197,0.6039458186101295,0.6039458186101295,0.9151943462897526
real,MSVD,nq4hG6qgyPs_240_251.mp4,patch_only,,0.7,0.3,motion_soft,2,4,0.07,0.01,0.9652532391048292,0.9755005889281507,0.9755005889281507,0.9994110718492344
real,MSVD,nq4hG6qgyPs_370_377.mp4,patch_only,,0.7,0.3,motion_soft,2,4,0.07,0.01,0.9729093050647821,0.9686690223792698,0.9686690223792698,0.9587750294464076
real,MSVD,nrZyPuRd5pU_85_92.mp4,patch_only,,0.7,0.3,motion_soft,2,4,0.07,0.01,0.5795053003533569,0.5932862190812721,0.5932862190812721,0.6254416961130742
real,MSVD,nwk4m329bLw_2_10.mp4,patch_only,,0.7,0.3,motion_soft,2,4,0.07,0.01,0.4163722025912839,0.45877502944640747,0.45877502944640747,0.5577149587750294
real,MSVD,o2X6UCaNqKA_27_36.mp4,patch_only,,0.7,0.3,motion_soft,2,4,0.07,0.01,0.8810365135453475,0.8767962308598352,0.8767962308598352,0.866902237926973
real,MSVD,o4OsYxsNGMI_77_82.mp4,patch_only,,0.7,0.3,motion_soft,2,4,0.07,0.01,0.20023557126030625,0.3253239104829211,0.3253239104829211,0.6171967020023557
real,MSVD,o4pL7FObqds_137_147.mp4,patch_only,,0.7,0.3,motion_soft,2,4,0.07,0.01,0.693168433451119,0.7113663133097762,0.7113663133097762,0.7538280329799765
real,MSVD,o4pL7FObqds_243_263.mp4,patch_only,,0.7,0.3,motion_soft,2,4,0.07,0.01,0.14546525323910484,0.16790341578327445,0.16790341578327445,0.22025912838633688
real,MSVD,o4pL7FObqds_72_78.mp4,patch_only,,0.7,0.3,motion_soft,2,4,0.07,0.01,0.36808009422850413,0.35924617196702,0.35924617196702,0.3386336866902238
real,MSVD,oBt257I-pL0_0_10.mp4,patch_only,,0.7,0.3,motion_soft,2,4,0.07,0.01,0.3409893992932862,0.3800353356890459,0.3800353356890459,0.4711425206124853
real,MSVD,oDcd2JbOyzg_38_55.mp4,patch_only,,0.7,0.3,motion_soft,2,4,0.07,0.01,0.9864546525323911,0.9820376914016491,0.9820376914016491,0.9717314487632509
real,MSVD,oDcd2JbOyzg_85_98.mp4,patch_only,,0.7,0.3,motion_soft,2,4,0.07,0.01,0.9687868080094229,0.9629564193168433,0.9629564193168433,0.9493521790341578
real,MSVD,oFUsn1owAbs_158_168.mp4,patch_only,,0.7,0.3,motion_soft,2,4,0.07,0.01,0.3580683156654888,0.3253828032979976,0.3253828032979976,0.24911660777385158
real,MSVD,oG6LLGi_n48_51_55.mp4,patch_only,,0.7,0.3,motion_soft,2,4,0.07,0.01,0.31625441696113077,0.24734982332155478,0.24734982332155478,0.08657243816254417
real,MSVD,oRBgVOiZVsc_16_22.mp4,patch_only,,0.7,0.3,motion_soft,2,4,0.07,0.01,0.8080094228504122,0.8281507656065958,0.8281507656065958,0.8751472320376914
real,MSVD,oSnYUfCGiCA_7_17.mp4,patch_only,,0.7,0.3,motion_soft,2,4,0.07,0.01,0.05005889281507656,0.09352179034157831,0.09352179034157831,0.19493521790341578
real,MSVD,o_mWZWcm2r4_10_15.mp4,patch_only,,0.7,0.3,motion_soft,2,4,0.07,0.01,0.3386336866902238,0.3266195524146054,0.3266195524146054,0.29858657243816256
real,MSVD,o_mWZWcm2r4_47_54.mp4,patch_only,,0.7,0.3,motion_soft,2,4,0.07,0.01,0.1625441696113074,0.15742049469964664,0.15742049469964664,0.14546525323910484
real,MSVD,oeaVXK2GAyc_4_21.mp4,patch_only,,0.7,0.3,motion_soft,2,4,0.07,0.01,0.4452296819787986,0.5037102473498233,0.5037102473498233,0.6401648998822144
real,MSVD,ogcqFaNbah4_475_487.mp4,patch_only,,0.7,0.3,motion_soft,2,4,0.07,0.01,0.773851590106007,0.728268551236749,0.728268551236749,0.6219081272084805
real,MSVD,ok4cM6WTA5E_120_133.mp4,patch_only,,0.7,0.3,motion_soft,2,4,0.07,0.01,0.9628975265017667,0.9150176678445229,0.9150176678445229,0.8032979976442874
real,MSVD,ok4cM6WTA5E_142_150.mp4,patch_only,,0.7,0.3,motion_soft,2,4,0.07,0.01,0.7750294464075382,0.6054181389870434,0.6054181389870434,0.20965842167255594
real,MSVD,ok4cM6WTA5E_178_184.mp4,patch_only,,0.7,0.3,motion_soft,2,4,0.07,0.01,0.25323910482921086,0.3438751472320377,0.3438751472320377,0.555359246171967
real,MSVD,omIPdpxg--4_39_46.mp4,patch_only,,0.7,0.3,motion_soft,2,4,0.07,0.01,0.34452296819787986,0.24240282685512365,0.24240282685512365,0.004122497055359246
real,MSVD,onW5hJXnI5s_10_16.mp4,patch_only,,0.7,0.3,motion_soft,2,4,0.07,0.01,0.20789163722025913,0.23492343934040044,0.23492343934040044,0.29799764428739695
real,MSVD,onW5hJXnI5s_126_133.mp4,patch_only,,0.7,0.3,motion_soft,2,4,0.07,0.01,0.4004711425206125,0.4453474676089517,0.4453474676089517,0.5500588928150766
real,MSVD,onxE6PpEXes_8_25.mp4,patch_only,,0.7,0.3,motion_soft,2,4,0.07,0.01,0.7432273262661955,0.7259128386336866,0.7259128386336866,0.6855123674911661
real,MSVD,otLEUwHao_E_140_151.mp4,patch_only,,0.7,0.3,motion_soft,2,4,0.07,0.01,0.450530035335689,0.43215547703180207,0.43215547703180207,0.38928150765606595
real,MSVD,otvx5OZHTJc_1_22.mp4,patch_only,,0.7,0.3,motion_soft,2,4,0.07,0.01,0.48939929328621906,0.5786219081272084,0.5786219081272084,0.7868080094228505
real,MSVD,p3J3TAdKAYQ_0_10.mp4,patch_only,,0.7,0.3,motion_soft,2,4,0.07,0.01,0.7137809187279152,0.7028268551236749,0.7028268551236749,0.6772673733804476
real,MSVD,p69d3UBdpR8_98_109.mp4,patch_only,,0.7,0.3,motion_soft,2,4,0.07,0.01,0.4876325088339223,0.5943462897526501,0.5943462897526501,0.8433451118963486
real,MSVD,p6T3XrnYtFk_4_13.mp4,patch_only,,0.7,0.3,motion_soft,2,4,0.07,0.01,0.11307420494699646,0.13356890459363957,0.13356890459363957,0.18138987043580684
real,MSVD,p6cg2jWI34M_34_42.mp4,patch_only,,0.7,0.3,motion_soft,2,4,0.07,0.01,0.36101295641931685,0.3233804475853946,0.3233804475853946,0.23557126030624265
real,MSVD,p7IAuvd87hQ_12_19.mp4,patch_only,,0.7,0.3,motion_soft,2,4,0.07,0.01,0.13427561837455831,0.1743816254416961,0.1743816254416961,0.267962308598351
real,MSVD,p9g06ktIkJg_4_11.mp4,patch_only,,0.7,0.3,motion_soft,2,4,0.07,0.01,0.09363957597173145,0.13551236749116607,0.13551236749116607,0.2332155477031802
real,MSVD,pDvzOLRLjPc_0_8.mp4,patch_only,,0.7,0.3,motion_soft,2,4,0.07,0.01,0.5742049469964664,0.5840989399293286,0.5840989399293286,0.6071849234393404
real,MSVD,pFSoWsocv0g_8_17.mp4,patch_only,,0.7,0.3,motion_soft,2,4,0.07,0.01,0.04240282685512368,0.2028268551236749,0.2028268551236749,0.5771495877502945
real,MSVD,pGCRurvXQGM_45_56.mp4,patch_only,,0.7,0.3,motion_soft,2,4,0.07,0.01,0.6095406360424028,0.662190812720848,0.662190812720848,0.7850412249705536
real,MSVD,pGsU4FekJQM_10_18.mp4,patch_only,,0.7,0.3,motion_soft,2,4,0.07,0.01,0.07656065959952886,0.14705535924617197,0.14705535924617197,0.3115429917550059
real,MSVD,pNelR-nHz7g_68_90.mp4,patch_only,,0.7,0.3,motion_soft,2,4,0.07,0.01,0.7243816254416962,0.72226148409894,0.72226148409894,0.7173144876325088
real,MSVD,pQYEZTwSVbQ_12_18.mp4,patch_only,,0.7,0.3,motion_soft,2,4,0.07,0.01,0.7179034157832744,0.671967020023557,0.671967020023557,0.5647820965842167
real,MSVD,pRpeEdMmmQ0_65_70.mp4,patch_only,,0.7,0.3,motion_soft,2,4,0.07,0.01,0.4016489988221437,0.4369846878680801,0.4369846878680801,0.519434628975265
real,MSVD,pUPKsHTDZTo_70_85.mp4,patch_only,,0.7,0.3,motion_soft,2,4,0.07,0.01,0.5365135453474676,0.40683156654888103,0.40683156654888103,0.10424028268551237
real,MSVD,pcjuCotJYj8_50_62.mp4,patch_only,,0.7,0.3,motion_soft,2,4,0.07,0.01,0.6507656065959952,0.5021790341578327,0.5021790341578327,0.15547703180212014
real,MSVD,pfQPRXcihkI_127_138.mp4,patch_only,,0.7,0.3,motion_soft,2,4,0.07,0.01,0.9840989399293286,0.9853356890459364,0.9853356890459364,0.9882214369846879
real,MSVD,pfQPRXcihkI_160_184.mp4,patch_only,,0.7,0.3,motion_soft,2,4,0.07,0.01,0.9587750294464076,0.9642520612485277,0.9642520612485277,0.9770318021201413
real,MSVD,pmEKZ6yVewc_0_10.mp4,patch_only,,0.7,0.3,motion_soft,2,4,0.07,0.01,0.6083627797408716,0.7037691401648998,0.7037691401648998,0.9263839811542992
real,MSVD,po2tcrG6KzM_2_8.mp4,patch_only,,0.7,0.3,motion_soft,2,4,0.07,0.01,0.14664310954063603,0.30035335689045933,0.30035335689045933,0.6590106007067138
real,MSVD,pptYu3YQnxY_160_170.mp4,patch_only,,0.7,0.3,motion_soft,2,4,0.07,0.01,0.5459363957597173,0.6150176678445229,0.6150176678445229,0.7762073027090695
real,MSVD,pqTWUzehCUM_42_47.mp4,patch_only,,0.7,0.3,motion_soft,2,4,0.07,0.01,0.519434628975265,0.6393992932862191,0.6393992932862191,0.9193168433451119
real,MSVD,psXeA8sSYdI_25_30.mp4,patch_only,,0.7,0.3,motion_soft,2,4,0.07,0.01,0.7550058892815077,0.8118963486454653,0.8118963486454653,0.944640753828033
real,MSVD,ptHkvYrH9fY_2_10.mp4,patch_only,,0.7,0.3,motion_soft,2,4,0.07,0.01,0.43580683156654887,0.549057714958775,0.549057714958775,0.8133097762073027
real,MSVD,puineN1UMto_25_29.mp4,patch_only,,0.7,0.3,motion_soft,2,4,0.07,0.01,0.21790341578327443,0.30677267373380446,0.30677267373380446,0.5141342756183745
real,MSVD,pzq5fPfsPZg_145_160.mp4,patch_only,,0.7,0.3,motion_soft,2,4,0.07,0.01,0.6266195524146054,0.7045347467608951,0.7045347467608951,0.8863368669022379
real,MSVD,pzq5fPfsPZg_29_33.mp4,patch_only,,0.7,0.3,motion_soft,2,4,0.07,0.01,0.160188457008245,0.27820965842167256,0.27820965842167256,0.5535924617196702
real,MSVD,pzq5fPfsPZg_51_57.mp4,patch_only,,0.7,0.3,motion_soft,2,4,0.07,0.01,0.8274440518256773,0.8217903415783274,0.8217903415783274,0.8085983510011778
real,MSVD,q-JHcsqJXWY_0_8.mp4,patch_only,,0.7,0.3,motion_soft,2,4,0.07,0.01,0.6401648998822144,0.5516489988221437,0.5516489988221437,0.3451118963486455
real,MSVD,q-a6NEotUX8_5_10.mp4,patch_only,,0.7,0.3,motion_soft,2,4,0.07,0.01,0.8557126030624264,0.6820376914016489,0.6820376914016489,0.2767962308598351
real,MSVD,q3I3R_gqy8M_34_37.mp4,patch_only,,0.7,0.3,motion_soft,2,4,0.07,0.01,0.5400471142520612,0.5502944640753827,0.5502944640753827,0.5742049469964664
real,MSVD,q3I3R_gqy8M_38_42.mp4,patch_only,,0.7,0.3,motion_soft,2,4,0.07,0.01,0.1972909305064782,0.18404004711425204,0.18404004711425204,0.15312131919905772
real,MSVD,q3I3R_gqy8M_73_79.mp4,patch_only,,0.7,0.3,motion_soft,2,4,0.07,0.01,0.3763250883392226,0.32296819787985864,0.32296819787985864,0.19846878680800942
real,MSVD,q5ZRMvjzhXQ_15_29.mp4,patch_only,,0.7,0.3,motion_soft,2,4,0.07,0.01,0.4717314487632509,0.5441696113074205,0.5441696113074205,0.7131919905771495
real,MSVD,q6vz80UkVtw_0_7.mp4,patch_only,,0.7,0.3,motion_soft,2,4,0.07,0.01,0.03651354534746761,0.06760895170789163,0.06760895170789163,0.14016489988221437
real,MSVD,q7pOFn8s4zc_263_273.mp4,patch_only,,0.7,0.3,motion_soft,2,4,0.07,0.01,0.598939929328622,0.4367491166077739,0.4367491166077739,0.05830388692579505
real,MSVD,q7pOFn8s4zc_27_36.mp4,patch_only,,0.7,0.3,motion_soft,2,4,0.07,0.01,0.4623085983510012,0.32714958775029446,0.32714958775029446,0.011778563015312132
real,MSVD,q8t7iSGAKik_11_31.mp4,patch_only,,0.7,0.3,motion_soft,2,4,0.07,0.01,0.941696113074205,0.862720848056537,0.862720848056537,0.6784452296819788
real,MSVD,q8t7iSGAKik_57_74.mp4,patch_only,,0.7,0.3,motion_soft,2,4,0.07,0.01,0.9334511189634864,0.9202002355712603,0.9202002355712603,0.889281507656066
real,MSVD,q9ew_nITQWY_54_62.mp4,patch_only,,0.7,0.3,motion_soft,2,4,0.07,0.01,0.44287396937573614,0.4105418138987043,0.4105418138987043,0.33510011778563015
real,MSVD,qBFSt85-xqk_15_20.mp4,patch_only,,0.7,0.3,motion_soft,2,4,0.07,0.01,0.2667844522968198,0.304416961130742,0.304416961130742,0.392226148409894
real,MSVD,qDjtN7xxNr4_44_51.mp4,patch_only,,0.7,0.3,motion_soft,2,4,0.07,0.01,0.8197879858657244,0.7687279151943462,0.7687279151943462,0.649587750294464
real,MSVD,qIk_Dz5XE5E_104_109.mp4,patch_only,,0.7,0.3,motion_soft,2,4,0.07,0.01,0.6619552414605419,0.525736160188457,0.525736160188457,0.20789163722025913
real,MSVD,qLwgb3F0aPU_298_305.mp4,patch_only,,0.7,0.3,motion_soft,2,4,0.07,0.01,0.7078916372202592,0.6782096584216726,0.6782096584216726,0.6089517078916372
real,MSVD,qNjeEx92rTA_281_299.mp4,patch_only,,0.7,0.3,motion_soft,2,4,0.07,0.01,0.9729093050647821,0.9775029446407538,0.9775029446407538,0.9882214369846879
real,MSVD,qOiN__I1-Zo_2_8.mp4,patch_only,,0.7,0.3,motion_soft,2,4,0.07,0.01,0.04888103651354535,0.11478209658421673,0.11478209658421673,0.26855123674911663
real,MSVD,qPXynwa_2iM_15_25.mp4,patch_only,,0.7,0.3,motion_soft,2,4,0.07,0.01,0.16725559481743227,0.1863368669022379,0.1863368669022379,0.2308598351001178
real,MSVD,qeKX-N1nKiM_0_5.mp4,patch_only,,0.7,0.3,motion_soft,2,4,0.07,0.01,0.1772673733804476,0.14811542991755006,0.14811542991755006,0.0800942285041225
real,MSVD,qeKX-N1nKiM_106_115.mp4,patch_only,,0.7,0.3,motion_soft,2,4,0.07,0.01,0.9458186101295641,0.9475853945818609,0.9475853945818609,0.9517078916372202
real,MSVD,qeKX-N1nKiM_123_130.mp4,patch_only,,0.7,0.3,motion_soft,2,4,0.07,0.01,0.42226148409893993,0.3208480565371024,0.3208480565371024,0.08421672555948174
real,MSVD,qeKX-N1nKiM_133_142.mp4,patch_only,,0.7,0.3,motion_soft,2,4,0.07,0.01,0.8698468786808009,0.8696702002355712,0.8696702002355712,0.8692579505300353
real,MSVD,qeKX-N1nKiM_37_43.mp4,patch_only,,0.7,0.3,motion_soft,2,4,0.07,0.01,0.7838633686690224,0.6391637220259128,0.6391637220259128,0.30153121319199055
real,MSVD,qeKX-N1nKiM_52_59.mp4,patch_only,,0.7,0.3,motion_soft,2,4,0.07,0.01,0.9322732626619552,0.7766195524146053,0.7766195524146053,0.4134275618374558
real,MSVD,qeKX-N1nKiM_68_72.mp4,patch_only,,0.7,0.3,motion_soft,2,4,0.07,0.01,0.7785630153121319,0.7750294464075382,0.7750294464075382,0.7667844522968198
real,MSVD,qeKX-N1nKiM_74_77.mp4,patch_only,,0.7,0.3,motion_soft,2,4,0.07,0.01,0.3828032979976443,0.5237926972909304,0.5237926972909304,0.8527679623085983
real,MSVD,qew09qQgMAg_22_27.mp4,patch_only,,0.7,0.3,motion_soft,2,4,0.07,0.01,0.3910482921083628,0.29811542991755,0.29811542991755,0.0812720848056537
real,MSVD,qhknaG9ifbs_122_127.mp4,patch_only,,0.7,0.3,motion_soft,2,4,0.07,0.01,0.8769140164899882,0.7853945818610129,0.7853945818610129,0.571849234393404
real,MSVD,qqYysi3qotc_148_195.mp4,patch_only,,0.7,0.3,motion_soft,2,4,0.07,0.01,0.7879858657243817,0.7659010600706714,0.7659010600706714,0.7143698468786808
real,MSVD,qvg9eM4Hmzk_1_9.mp4,patch_only,,0.7,0.3,motion_soft,2,4,0.07,0.01,0.08068315665488811,0.05806831566548881,0.05806831566548881,0.00530035335689046
real,MSVD,qvg9eM4Hmzk_4_10.mp4,patch_only,,0.7,0.3,motion_soft,2,4,0.07,0.01,0.07008244994110718,0.05135453474676089,0.05135453474676089,0.0076560659599528855
real,MSVD,qypmR4O1Gwk_0_10.mp4,patch_only,,0.7,0.3,motion_soft,2,4,0.07,0.01,0.014134275618374558,0.17809187279151942,0.17809187279151942,0.5606595995288575
real,MSVD,qzQzooI4BqU_5_15.mp4,patch_only,,0.7,0.3,motion_soft,2,4,0.07,0.01,0.35630153121319197,0.3131919905771495,0.3131919905771495,0.212603062426384
real,MSVD,r0E-0ntoNWo_20_30.mp4,patch_only,,0.7,0.3,motion_soft,2,4,0.07,0.01,0.18021201413427562,0.21855123674911658,0.21855123674911658,0.3080094228504123
real,MSVD,r0rmrbTb7fU_98_109.mp4,patch_only,,0.7,0.3,motion_soft,2,4,0.07,0.01,0.18197879858657243,0.29045936395759714,0.29045936395759714,0.5435806831566549
real,MSVD,r2PM0om2El8_18_25.mp4,patch_only,,0.7,0.3,motion_soft,2,4,0.07,0.01,0.10482921083627797,0.09034157832744404,0.09034157832744404,0.05653710247349823
real,MSVD,r4qv_BNlQNk_93_98.mp4,patch_only,,0.7,0.3,motion_soft,2,4,0.07,0.01,0.18021201413427562,0.16501766784452296,0.16501766784452296,0.12956419316843346
real,MSVD,rKF0ZW34FRk_41_54.mp4,patch_only,,0.7,0.3,motion_soft,2,4,0.07,0.01,0.7915194346289752,0.6703180212014134,0.6703180212014134,0.3875147232037691
real,MSVD,rV5VmhY3-Sw_65_76.mp4,patch_only,,0.7,0.3,motion_soft,2,4,0.07,0.01,0.30624263839811544,0.22779740871613663,0.22779740871613663,0.0447585394581861
real,MSVD,rVFJzN20jhQ_27_32.mp4,patch_only,,0.7,0.3,motion_soft,2,4,0.07,0.01,0.3492343934040047,0.4396937573616018,0.4396937573616018,0.6507656065959952
real,MSVD,ri5AyXzxb4o_201_215.mp4,patch_only,,0.7,0.3,motion_soft,2,4,0.07,0.01,0.9045936395759717,0.8683745583038869,0.8683745583038869,0.7838633686690224
real,MSVD,rl1rVk_xIOs_1_16.mp4,patch_only,,0.7,0.3,motion_soft,2,4,0.07,0.01,0.3833922261484099,0.4565371024734982,0.4565371024734982,0.627208480565371
real,MSVD,rnawC5C8gSI_82_90.mp4,patch_only,,0.7,0.3,motion_soft,2,4,0.07,0.01,0.2049469964664311,0.17720848056537103,0.17720848056537103,0.11248527679623085
real,MSVD,rq2p5ML8-WI_63_69.mp4,patch_only,,0.7,0.3,motion_soft,2,4,0.07,0.01,0.5759717314487632,0.4553003533568904,0.4553003533568904,0.17373380447585396
real,MSVD,ruNrdmjcNTc_0_5.mp4,patch_only,,0.7,0.3,motion_soft,2,4,0.07,0.01,0.10600706713780919,0.10318021201413427,0.10318021201413427,0.09658421672555949
real,MSVD,rw9h_574HxE_13_18.mp4,patch_only,,0.7,0.3,motion_soft,2,4,0.07,0.01,0.7579505300353356,0.743286219081272,0.743286219081272,0.7090694935217904
real,MSVD,rw9h_574HxE_161_166.mp4,patch_only,,0.7,0.3,motion_soft,2,4,0.07,0.01,0.7090694935217904,0.6435217903415783,0.6435217903415783,0.4905771495877503
real,MSVD,rw9h_574HxE_229_236.mp4,patch_only,,0.7,0.3,motion_soft,2,4,0.07,0.01,0.7709069493521791,0.770906949352179,0.770906949352179,0.7709069493521791
real,MSVD,rw9h_574HxE_251_254.mp4,patch_only,,0.7,0.3,motion_soft,2,4,0.07,0.01,0.4734982332155477,0.5586572438162544,0.5586572438162544,0.7573616018845701
real,MSVD,rw9h_574HxE_59_66.mp4,patch_only,,0.7,0.3,motion_soft,2,4,0.07,0.01,0.7114252061248527,0.6713191990577149,0.6713191990577149,0.5777385159010601
real,MSVD,rw9h_574HxE_70_74.mp4,patch_only,,0.7,0.3,motion_soft,2,4,0.07,0.01,0.29328621908127206,0.3494699646643109,0.3494699646643109,0.48056537102473496
real,MSVD,rwHT2SuNOi8_195_201.mp4,patch_only,,0.7,0.3,motion_soft,2,4,0.07,0.01,0.826266195524146,0.8561248527679624,0.8561248527679624,0.9257950530035336
real,MSVD,rwHT2SuNOi8_240_255.mp4,patch_only,,0.7,0.3,motion_soft,2,4,0.07,0.01,0.17667844522968199,0.24222614840989398,0.24222614840989398,0.395170789163722
real,MSVD,ry7AUQtuwdU_4_39.mp4,patch_only,,0.7,0.3,motion_soft,2,4,0.07,0.01,0.6613663133097762,0.6679034157832744,0.6679034157832744,0.6831566548881036
real,MSVD,s-QQWRdF-5Y_19_28.mp4,patch_only,,0.7,0.3,motion_soft,2,4,0.07,0.01,0.10895170789163722,0.13138987043580683,0.13138987043580683,0.18374558303886926
real,MSVD,s-dSFyz_5Ww_31_41.mp4,patch_only,,0.7,0.3,motion_soft,2,4,0.07,0.01,0.6313309776207303,0.6823910482921084,0.6823910482921084,0.8015312131919906
real,MSVD,s0hwEUC5emA_127_132.mp4,patch_only,,0.7,0.3,motion_soft,2,4,0.07,0.01,0.14546525323910484,0.12426383981154299,0.12426383981154299,0.07479387514723204
real,MSVD,s1ZABV7AQdA_38_48.mp4,patch_only,,0.7,0.3,motion_soft,2,4,0.07,0.01,0.5265017667844523,0.47473498233215544,0.47473498233215544,0.3539458186101296
real,MSVD,s20OlIRK340_125_138.mp4,patch_only,,0.7,0.3,motion_soft,2,4,0.07,0.01,0.11484098939929328,0.18215547703180213,0.18215547703180213,0.3392226148409894
real,MSVD,s20OlIRK340_147_174.mp4,patch_only,,0.7,0.3,motion_soft,2,4,0.07,0.01,0.9393404004711425,0.8147820965842167,0.8147820965842167,0.5241460541813898
real,MSVD,s6QwbmWbSmw_18_24.mp4,patch_only,,0.7,0.3,motion_soft,2,4,0.07,0.01,0.038869257950530034,0.03003533568904593,0.03003533568904593,0.009422850412249705
real,MSVD,s7znbqra118_91_97.mp4,patch_only,,0.7,0.3,motion_soft,2,4,0.07,0.01,0.18904593639575973,0.1471731448763251,0.1471731448763251,0.04946996466431095
real,MSVD,s80J2dAUUyI_33_43.mp4,patch_only,,0.7,0.3,motion_soft,2,4,0.07,0.01,0.48468786808009423,0.6007656065959952,0.6007656065959952,0.8716136631330977
real,MSVD,s8utHZYTNTs_35_42.mp4,patch_only,,0.7,0.3,motion_soft,2,4,0.07,0.01,0.6731448763250883,0.5395759717314488,0.5395759717314488,0.22791519434628976
real,MSVD,s9TklvyLFyI_177_191.mp4,patch_only,,0.7,0.3,motion_soft,2,4,0.07,0.01,0.8091872791519434,0.7519434628975264,0.7519434628975264,0.6183745583038869
real,MSVD,sBjr8UJOpsQ_149_169.mp4,patch_only,,0.7,0.3,motion_soft,2,4,0.07,0.01,0.49705535924617195,0.41613663133097756,0.41613663133097756,0.22732626619552415
real,MSVD,sBjr8UJOpsQ_181_195.mp4,patch_only,,0.7,0.3,motion_soft,2,4,0.07,0.01,0.29917550058892817,0.2769140164899882,0.2769140164899882,0.2249705535924617
real,MSVD,sFExO_PW22s_10_18.mp4,patch_only,,0.7,0.3,motion_soft,2,4,0.07,0.01,0.0017667844522968198,0.005300353356890459,0.005300353356890459,0.013545347467608953
real,MSVD,sJC7E06IBXI_49_59.mp4,patch_only,,0.7,0.3,motion_soft,2,4,0.07,0.01,0.25265017667844525,0.2174911660777385,0.2174911660777385,0.1354534746760895
real,MSVD,sJSmRik2c-c_1_7.mp4,patch_only,,0.7,0.3,motion_soft,2,4,0.07,0.01,0.22850412249705537,0.19405182567726736,0.19405182567726736,0.11366313309776208
real,MSVD,sMscRb9TcQE_146_161.mp4,patch_only,,0.7,0.3,motion_soft,2,4,0.07,0.01,0.43286219081272087,0.4786219081272085,0.4786219081272085,0.585394581861013
real,MSVD,sRKQfxxEP4M_117_125.mp4,patch_only,,0.7,0.3,motion_soft,2,4,0.07,0.01,0.7232037691401649,0.6744405182567726,0.6744405182567726,0.5606595995288575
real,MSVD,sTMlQSbAGfE_0_12.mp4,patch_only,,0.7,0.3,motion_soft,2,4,0.07,0.01,0.012956419316843345,0.06613663133097762,0.06613663133097762,0.19022379269729092
real,MSVD,sWqi41wyXcQ_68_79.mp4,patch_only,,0.7,0.3,motion_soft,2,4,0.07,0.01,0.2656065959952886,0.37938751472320376,0.37938751472320376,0.6448763250883393
real,MSVD,sXyjCgR0rAc_0_11.mp4,patch_only,,0.7,0.3,motion_soft,2,4,0.07,0.01,0.9222614840989399,0.8749116607773851,0.8749116607773851,0.7644287396937574
real,MSVD,sb1dX5xAFvk_10_17.mp4,patch_only,,0.7,0.3,motion_soft,2,4,0.07,0.01,0.588339222614841,0.6107773851590106,0.6107773851590106,0.6631330977620731
real,MSVD,seTkGZlEU64_81_110.mp4,patch_only,,0.7,0.3,motion_soft,2,4,0.07,0.01,0.8645465253239105,0.6944051825677267,0.6944051825677267,0.29740871613663133
real,MSVD,shPymuahrsc_5_12.mp4,patch_only,,0.7,0.3,motion_soft,2,4,0.07,0.01,0.3380447585394582,0.3152532391048292,0.3152532391048292,0.2620730270906949
real,MSVD,sm0OYD0NSbQ_51_59.mp4,patch_only,,0.7,0.3,motion_soft,2,4,0.07,0.01,0.30624263839811544,0.37709069493521785,0.37709069493521785,0.5424028268551236
real,MSVD,suj4VNfZz5E_33_50.mp4,patch_only,,0.7,0.3,motion_soft,2,4,0.07,0.01,0.7420494699646644,0.6653710247349823,0.6653710247349823,0.48645465253239106
real,MSVD,sv5YlZspb30_10_20.mp4,patch_only,,0.7,0.3,motion_soft,2,4,0.07,0.01,0.4499411071849234,0.44746760895170784,0.44746760895170784,0.4416961130742049
real,MSVD,swJ0zhVJ8DU_15_21.mp4,patch_only,,0.7,0.3,motion_soft,2,4,0.07,0.01,0.3510011778563015,0.37290930506478204,0.37290930506478204,0.42402826855123676
real,MSVD,swKrHEeOj9c_4_8.mp4,patch_only,,0.7,0.3,motion_soft,2,4,0.07,0.01,0.467020023557126,0.4380447585394582,0.4380447585394582,0.37043580683156657
real,MSVD,t3VPeyYL-fI_35_39.mp4,patch_only,,0.7,0.3,motion_soft,2,4,0.07,0.01,0.8215547703180212,0.7757950530035336,0.7757950530035336,0.6690223792697291
real,MSVD,t4aPGtx7e6k_0_10.mp4,patch_only,,0.7,0.3,motion_soft,2,4,0.07,0.01,0.4469964664310954,0.48286219081272086,0.48286219081272086,0.5665488810365136
real,MSVD,t8Nf1MK7lts_0_10.mp4,patch_only,,0.7,0.3,motion_soft,2,4,0.07,0.01,0.4499411071849234,0.45736160188457003,0.45736160188457003,0.4746760895170789
real,MSVD,tBj4Ny19vfQ_54_59.mp4,patch_only,,0.7,0.3,motion_soft,2,4,0.07,0.01,0.12603062426383982,0.13945818610129565,0.13945818610129565,0.1707891637220259
real,MSVD,tHLiYTS9Iz8_1_16.mp4,patch_only,,0.7,0.3,motion_soft,2,4,0.07,0.01,0.42402826855123676,0.5644876325088339,0.5644876325088339,0.892226148409894
real,MSVD,tIMDKdMnNYM_266_273.mp4,patch_only,,0.7,0.3,motion_soft,2,4,0.07,0.01,0.26030624263839813,0.20147232037691404,0.20147232037691404,0.06419316843345112
real,MSVD,tJHUH9tpqPg_113_118.mp4,patch_only,,0.7,0.3,motion_soft,2,4,0.07,0.01,0.33510011778563015,0.3467608951707891,0.3467608951707891,0.3739693757361602
real,MSVD,tPkZK-PzeQE_10_28.mp4,patch_only,,0.7,0.3,motion_soft,2,4,0.07,0.01,0.7043580683156655,0.67962308598351,0.67962308598351,0.6219081272084805
real,MSVD,tYQ7O6V0Fvk_20_55.mp4,patch_only,,0.7,0.3,motion_soft,2,4,0.07,0.01,0.8775029446407538,0.886866902237927,0.886866902237927,0.908716136631331
real,MSVD,tYh4iDFgmEE_10_14.mp4,patch_only,,0.7,0.3,motion_soft,2,4,0.07,0.01,0.3998822143698469,0.3650765606595995,0.3650765606595995,0.2838633686690224
real,MSVD,tYh4iDFgmEE_50_54.mp4,patch_only,,0.7,0.3,motion_soft,2,4,0.07,0.01,0.5736160188457008,0.583510011778563,0.583510011778563,0.6065959952885748
real,MSVD,tZmDWltBziM_42_47.mp4,patch_only,,0.7,0.3,motion_soft,2,4,0.07,0.01,0.734982332155477,0.7203180212014134,0.7203180212014134,0.6861012956419317
real,MSVD,tZmDWltBziM_70_80.mp4,patch_only,,0.7,0.3,motion_soft,2,4,0.07,0.01,0.018256772673733806,0.03415783274440518,0.03415783274440518,0.0712603062426384
real,MSVD,tmAX2PnRCY0_284_292.mp4,patch_only,,0.7,0.3,motion_soft,2,4,0.07,0.01,0.42285041224970554,0.3569493521790341,0.3569493521790341,0.20318021201413428
real,MSVD,tn-Hoz4KbkE_89_93.mp4,patch_only,,0.7,0.3,motion_soft,2,4,0.07,0.01,0.5217903415783275,0.5742638398115429,0.5742638398115429,0.6967020023557126
real,MSVD,tn1d5DmdMqY_15_28.mp4,patch_only,,0.7,0.3,motion_soft,2,4,0.07,0.01,0.9193168433451119,0.9069493521790342,0.9069493521790342,0.8780918727915195
real,MSVD,toE0QYZzJKE_1_8.mp4,patch_only,,0.7,0.3,motion_soft,2,4,0.07,0.01,0.3568904593639576,0.4924028268551236,0.4924028268551236,0.8085983510011778
real,MSVD,tqxRDVKtkSY_30_45.mp4,patch_only,,0.7,0.3,motion_soft,2,4,0.07,0.01,0.46878680800942285,0.33804475853945815,0.33804475853945815,0.03297997644287397
real,MSVD,tzd3AYTZq0U_0_6.mp4,patch_only,,0.7,0.3,motion_soft,2,4,0.07,0.01,0.08480565371024736,0.13074204946996465,0.13074204946996465,0.23792697290930506
real,MSVD,u4T76jsPin0_0_11.mp4,patch_only,,0.7,0.3,motion_soft,2,4,0.07,0.01,0.6507656065959952,0.632567726737338,0.632567726737338,0.5901060070671378
real,MSVD,u4kMN1jamdM_10_20.mp4,patch_only,,0.7,0.3,motion_soft,2,4,0.07,0.01,0.2502944640753828,0.2540047114252061,0.2540047114252061,0.2626619552414605
real,MSVD,u9E9HpuJQ7U_29_43.mp4,patch_only,,0.7,0.3,motion_soft,2,4,0.07,0.01,0.05889281507656066,0.22550058892815078,0.22550058892815078,0.6142520612485277
real,MSVD,u9prcUCHlqM_503_511.mp4,patch_only,,0.7,0.3,motion_soft,2,4,0.07,0.01,0.4994110718492344,0.5541813898704357,0.5541813898704357,0.6819787985865724
real,MSVD,u9prcUCHlqM_73_80.mp4,patch_only,,0.7,0.3,motion_soft,2,4,0.07,0.01,0.5353356890459364,0.5908127208480565,0.5908127208480565,0.7202591283863369
real,MSVD,uAaWVeaYLdQ_1_12.mp4,patch_only,,0.7,0.3,motion_soft,2,4,0.07,0.01,0.8657243816254417,0.8667844522968198,0.8667844522968198,0.8692579505300353
real,MSVD,uB9zRlV47qA_17_23.mp4,patch_only,,0.7,0.3,motion_soft,2,4,0.07,0.01,0.18374558303886926,0.19346289752650175,0.19346289752650175,0.21613663133097763
real,MSVD,uGDuIyfJXXg_23_33.mp4,patch_only,,0.7,0.3,motion_soft,2,4,0.07,0.01,0.028857479387514724,0.021613663133097764,0.021613663133097764,0.004711425206124852
real,MSVD,uH8ObB_dyOk_159_166.mp4,patch_only,,0.7,0.3,motion_soft,2,4,0.07,0.01,0.6389870435806831,0.5080683156654888,0.5080683156654888,0.20259128386336867
real,MSVD,uJPupV4oLZ0_4_12.mp4,patch_only,,0.7,0.3,motion_soft,2,4,0.07,0.01,0.08657243816254417,0.19063604240282686,0.19063604240282686,0.4334511189634865
real,MSVD,uO7Eysrs8_k_106_114.mp4,patch_only,,0.7,0.3,motion_soft,2,4,0.07,0.01,0.6819787985865724,0.5862190812720848,0.5862190812720848,0.3627797408716137
real,MSVD,uO7Eysrs8_k_80_90.mp4,patch_only,,0.7,0.3,motion_soft,2,4,0.07,0.01,0.4199057714958775,0.2960541813898704,0.2960541813898704,0.007067137809187279
real,MSVD,uVPnDJKt1M0_0_6.mp4,patch_only,,0.7,0.3,motion_soft,2,4,0.07,0.01,0.2921083627797409,0.21366313309776205,0.21366313309776205,0.030624263839811542
real,MSVD,uZEGu-TA2cU_42_58.mp4,patch_only,,0.7,0.3,motion_soft,2,4,0.07,0.01,0.47703180212014135,0.3503533568904593,0.3503533568904593,0.054770318021201414
real,MSVD,u_6tre9_99Q_13_25.mp4,patch_only,,0.7,0.3,motion_soft,2,4,0.07,0.01,0.5571260306242638,0.5159599528857479,0.5159599528857479,0.4199057714958775
real,MSVD,ub-aYLzCF_Q_1_10.mp4,patch_only,,0.7,0.3,motion_soft,2,4,0.07,0.01,0.196113074204947,0.19469964664310951,0.19469964664310951,0.19140164899882214
real,MSVD,ufFT2BWh3BQ_0_8.mp4,patch_only,,0.7,0.3,motion_soft,2,4,0.07,0.01,0.8244994110718492,0.7416372202591284,0.7416372202591284,0.5482921083627798
real,MSVD,uiLr9bdOL0M_23_30.mp4,patch_only,,0.7,0.3,motion_soft,2,4,0.07,0.01,0.0017667844522968198,0.06519434628975264,0.06519434628975264,0.21319199057714958
real,MSVD,ul9Xvjt83eI_111_120.mp4,patch_only,,0.7,0.3,motion_soft,2,4,0.07,0.01,0.6713780918727915,0.619434628975265,0.619434628975265,0.49823321554770317
real,MSVD,ulPvRmNfXK4_96_100.mp4,patch_only,,0.7,0.3,motion_soft,2,4,0.07,0.01,0.532979976442874,0.48580683156654886,0.48580683156654886,0.375736160188457
real,MSVD,umjc1CkO4JA_290_305.mp4,patch_only,,0.7,0.3,motion_soft,2,4,0.07,0.01,0.6978798586572438,0.6749116607773851,0.6749116607773851,0.6213191990577149
real,MSVD,uppFvcVwqqY_5_15.mp4,patch_only,,0.7,0.3,motion_soft,2,4,0.07,0.01,0.16666666666666666,0.23557126030624262,0.23557126030624262,0.3963486454652532
real,MSVD,uqVCk2oDpSE_194_200.mp4,patch_only,,0.7,0.3,motion_soft,2,4,0.07,0.01,0.8627797408716137,0.895288574793875,0.895288574793875,0.9711425206124853
real,MSVD,uxEhH6MPH28_69_85.mp4,patch_only,,0.7,0.3,motion_soft,2,4,0.07,0.01,0.9263839811542992,0.7728504122497055,0.7728504122497055,0.41460541813898705
real,MSVD,uy0HNWto0UY_18_25.mp4,patch_only,,0.7,0.3,motion_soft,2,4,0.07,0.01,0.7167255594817432,0.7170789163722024,0.7170789163722024,0.7179034157832744
real,MSVD,v-9Gx0gJmfo_26_32.mp4,patch_only,,0.7,0.3,motion_soft,2,4,0.07,0.01,0.4623085983510012,0.3605418138987043,0.3605418138987043,0.12308598351001178
real,MSVD,v-9Gx0gJmfo_91_99.mp4,patch_only,,0.7,0.3,motion_soft,2,4,0.07,0.01,0.7767962308598351,0.6137220259128385,0.6137220259128385,0.2332155477031802
real,MSVD,v4_AzQSnmY4_40_55.mp4,patch_only,,0.7,0.3,motion_soft,2,4,0.07,0.01,0.2314487632508834,0.37809187279151946,0.37809187279151946,0.7202591283863369
real,MSVD,v5CeGLEnVFE_0_8.mp4,patch_only,,0.7,0.3,motion_soft,2,4,0.07,0.01,0.5694935217903416,0.48486454652532396,0.48486454652532396,0.287396937573616
real,MSVD,v7iIZXtpIb8_5_15.mp4,patch_only,,0.7,0.3,motion_soft,2,4,0.07,0.01,0.3739693757361602,0.4352767962308598,0.4352767962308598,0.5783274440518257
real,MSVD,vDhEpqfhVI0_0_8.mp4,patch_only,,0.7,0.3,motion_soft,2,4,0.07,0.01,0.5948174322732627,0.5338633686690224,0.5338633686690224,0.3916372202591284
real,MSVD,vMoOpQQy6sI_22_55.mp4,patch_only,,0.7,0.3,motion_soft,2,4,0.07,0.01,0.7267373380447585,0.7929917550058891,0.7929917550058891,0.947585394581861
real,MSVD,vRC9sBNt9vs_10_16.mp4,patch_only,,0.7,0.3,motion_soft,2,4,0.07,0.01,0.16607773851590105,0.12349823321554769,0.12349823321554769,0.024146054181389872
real,MSVD,vZa13vJugGU_0_30.mp4,patch_only,,0.7,0.3,motion_soft,2,4,0.07,0.01,0.37279151943462896,0.4646643109540636,0.4646643109540636,0.6790341578327445
real,MSVD,v_tGw5gwlEw_136_152.mp4,patch_only,,0.7,0.3,motion_soft,2,4,0.07,0.01,0.3663133097762073,0.3385747938751472,0.3385747938751472,0.27385159010600707
real,MSVD,veE0E79dEEc_18_45.mp4,patch_only,,0.7,0.3,motion_soft,2,4,0.07,0.01,0.9846878680800942,0.9861012956419316,0.9861012956419316,0.9893992932862191
real,MSVD,vfktGc_qx-w_2_18.mp4,patch_only,,0.7,0.3,motion_soft,2,4,0.07,0.01,0.22084805653710246,0.2507067137809187,0.2507067137809187,0.32037691401649
real,MSVD,vloe_60s_dk_0_9.mp4,patch_only,,0.7,0.3,motion_soft,2,4,0.07,0.01,0.11955241460541814,0.19517078916372202,0.19517078916372202,0.37161366313309774
real,MSVD,vpR0L3sIvoo_15_49.mp4,patch_only,,0.7,0.3,motion_soft,2,4,0.07,0.01,0.8616018845700825,0.8036513545347467,0.8036513545347467,0.6684334511189635
real,MSVD,vub04F8CWng_32_41.mp4,patch_only,,0.7,0.3,motion_soft,2,4,0.07,0.01,0.1972909305064782,0.21177856301531212,0.21177856301531212,0.24558303886925795
real,MSVD,vulNlhUI6m0_7_27.mp4,patch_only,,0.7,0.3,motion_soft,2,4,0.07,0.01,0.4540636042402827,0.5358657243816254,0.5358657243816254,0.7267373380447585
real,MSVD,vuvpbeQak9Q_23_29.mp4,patch_only,,0.7,0.3,motion_soft,2,4,0.07,0.01,0.23910482921083628,0.17868080094228506,0.17868080094228506,0.03769140164899882
real,MSVD,vz71JKcpeUU_0_10.mp4,patch_only,,0.7,0.3,motion_soft,2,4,0.07,0.01,0.006478209658421673,0.013191990577149587,0.013191990577149587,0.028857479387514724
real,MSVD,w28TljSqtW8_64_75.mp4,patch_only,,0.7,0.3,motion_soft,2,4,0.07,0.01,0.7932862190812721,0.827208480565371,0.827208480565371,0.9063604240282686
real,MSVD,w9mqbwOIkVg_6_12.mp4,patch_only,,0.7,0.3,motion_soft,2,4,0.07,0.01,0.3551236749116608,0.5436395759717314,0.5436395759717314,0.983510011778563
real,MSVD,wFPmKChNrhU_3_11.mp4,patch_only,,0.7,0.3,motion_soft,2,4,0.07,0.01,0.46937573616018846,0.4462308598351001,0.4462308598351001,0.392226148409894
real,MSVD,wLUH7qA_6sA_90_115.mp4,patch_only,,0.7,0.3,motion_soft,2,4,0.07,0.01,0.38515901060070673,0.30565371024734983,0.30565371024734983,0.12014134275618374
real,MSVD,wNv74rvkAw8_30_40.mp4,patch_only,,0.7,0.3,motion_soft,2,4,0.07,0.01,0.7037691401648999,0.6541224970553592,0.6541224970553592,0.5382803297997645
real,MSVD,wON-YuA1GjA_3_63.mp4,patch_only,,0.7,0.3,motion_soft,2,4,0.07,0.01,0.9564193168433451,0.9650765606595996,0.9650765606595996,0.9852767962308598
real,MSVD,wX-Bl25Htag_104_115.mp4,patch_only,,0.7,0.3,motion_soft,2,4,0.07,0.01,0.23792697290930506,0.276266195524146,0.276266195524146,0.3657243816254417
real,MSVD,wjH72cZ0GLM_1_10.mp4,patch_only,,0.7,0.3,motion_soft,2,4,0.07,0.01,0.015901060070671377,0.011837455830388692,0.011837455830388692,0.002355712603062426
real,MSVD,wkgGxsuNVSg_34_41.mp4,patch_only,,0.7,0.3,motion_soft,2,4,0.07,0.01,0.4375736160188457,0.441283863368669,0.441283863368669,0.4499411071849234
real,MSVD,wn9rDTZj-m4_8_18.mp4,patch_only,,0.7,0.3,motion_soft,2,4,0.07,0.01,0.20789163722025913,0.15488810365135453,0.15488810365135453,0.03121319199057715
real,MSVD,wpUT0DNB3qs_9_19.mp4,patch_only,,0.7,0.3,motion_soft,2,4,0.07,0.01,0.3745583038869258,0.35936395759717316,0.35936395759717316,0.32391048292108365
real,MSVD,wsj_dzz33Ko_31_41.mp4,patch_only,,0.7,0.3,motion_soft,2,4,0.07,0.01,0.8739693757361602,0.7253828032979976,0.7253828032979976,0.37868080094228507
real,MSVD,wzfkC2TjdeQ_0_31.mp4,patch_only,,0.7,0.3,motion_soft,2,4,0.07,0.01,0.6755005889281508,0.6634864546525323,0.6634864546525323,0.6354534746760895
real,MSVD,x1i0UOssll8_141_151.mp4,patch_only,,0.7,0.3,motion_soft,2,4,0.07,0.01,0.07479387514723204,0.1544758539458186,0.1544758539458186,0.3404004711425206
real,MSVD,x68Djm_Q0GA_0_10.mp4,patch_only,,0.7,0.3,motion_soft,2,4,0.07,0.01,0.1248527679623086,0.11937573616018844,0.11937573616018844,0.10659599528857479
real,MSVD,x8Ul09tk6zk_0_8.mp4,patch_only,,0.7,0.3,motion_soft,2,4,0.07,0.01,0.823321554770318,0.8468197879858657,0.8468197879858657,0.9016489988221437
real,MSVD,xBW_uR3kGr4_42_55.mp4,patch_only,,0.7,0.3,motion_soft,2,4,0.07,0.01,0.7049469964664311,0.6310954063604239,0.6310954063604239,0.4587750294464075
real,MSVD,xCFCXzDUGjY_5_9.mp4,patch_only,,0.7,0.3,motion_soft,2,4,0.07,0.01,0.6113074204946997,0.5118374558303886,0.5118374558303886,0.2797408716136631
real,MSVD,xEDCfcMZlZY_37_41.mp4,patch_only,,0.7,0.3,motion_soft,2,4,0.07,0.01,0.5070671378091873,0.46342756183745587,0.46342756183745587,0.36160188457008247
real,MSVD,xGdoi3W3Z4o_2_40.mp4,patch_only,,0.7,0.3,motion_soft,2,4,0.07,0.01,0.9540636042402827,0.9611307420494699,0.9611307420494699,0.9776207302709069
real,MSVD,xOQn1z_oWDY_30_39.mp4,patch_only,,0.7,0.3,motion_soft,2,4,0.07,0.01,0.6448763250883393,0.49876325088339224,0.49876325088339224,0.15783274440518258
real,MSVD,xTd_IdIcB4s_2_10.mp4,patch_only,,0.7,0.3,motion_soft,2,4,0.07,0.01,0.508833922261484,0.5275618374558303,0.5275618374558303,0.5712603062426383
real,MSVD,xXlWsBhFvis_6_10.mp4,patch_only,,0.7,0.3,motion_soft,2,4,0.07,0.01,0.6431095406360424,0.7153710247349823,0.7153710247349823,0.8839811542991755
real,MSVD,x_7BrCQdVUs_172_177.mp4,patch_only,,0.7,0.3,motion_soft,2,4,0.07,0.01,0.18433451118963487,0.19405182567726736,0.19405182567726736,0.21672555948174324
real,MSVD,xaPepCVepCg_35_46.mp4,patch_only,,0.7,0.3,motion_soft,2,4,0.07,0.01,0.6319199057714959,0.49517078916372204,0.49517078916372204,0.17608951707891637
real,MSVD,xdhLQCYQ-nQ_50_63.mp4,patch_only,,0.7,0.3,motion_soft,2,4,0.07,0.01,0.7143698468786808,0.65924617196702,0.65924617196702,0.5306242638398115
real,MSVD,xfRIRSWy0y0_10_20.mp4,patch_only,,0.7,0.3,motion_soft,2,4,0.07,0.01,0.41048292108362777,0.38203769140164895,0.38203769140164895,0.31566548881036516
real,MSVD,xgIIcPSh4EU_0_6.mp4,patch_only,,0.7,0.3,motion_soft,2,4,0.07,0.01,0.15488810365135453,0.12255594817432272,0.12255594817432272,0.04711425206124853
real,MSVD,xlPyHMkpaQY_1_7.mp4,patch_only,,0.7,0.3,motion_soft,2,4,0.07,0.01,0.4293286219081272,0.42526501766784447,0.42526501766784447,0.41578327444051827
real,MSVD,xpOYXbMDDBY_1_20.mp4,patch_only,,0.7,0.3,motion_soft,2,4,0.07,0.01,0.5212014134275619,0.49575971731448765,0.49575971731448765,0.4363957597173145
real,MSVD,xtbsD3PUua4_174_185.mp4,patch_only,,0.7,0.3,motion_soft,2,4,0.07,0.01,0.8451118963486455,0.871436984687868,0.871436984687868,0.9328621908127208
real,MSVD,xtbsD3PUua4_84_94.mp4,patch_only,,0.7,0.3,motion_soft,2,4,0.07,0.01,0.9905771495877503,0.992873969375736,0.992873969375736,0.9982332155477032
real,MSVD,xxHx6s_DbUo_121_128.mp4,patch_only,,0.7,0.3,motion_soft,2,4,0.07,0.01,0.3215547703180212,0.25671378091872793,0.25671378091872793,0.10541813898704358
real,MSVD,xxHx6s_DbUo_162_165.mp4,patch_only,,0.7,0.3,motion_soft,2,4,0.07,0.01,0.25559481743227325,0.23722025912838632,0.23722025912838632,0.19434628975265017
real,MSVD,xxHx6s_DbUo_173_177.mp4,patch_only,,0.7,0.3,motion_soft,2,4,0.07,0.01,0.7732626619552415,0.7015312131919906,0.7015312131919906,0.5341578327444052
real,MSVD,xxHx6s_DbUo_182_186.mp4,patch_only,,0.7,0.3,motion_soft,2,4,0.07,0.01,0.7868080094228505,0.7058892815076561,0.7058892815076561,0.5170789163722026
real,MSVD,xxHx6s_DbUo_202_207.mp4,patch_only,,0.7,0.3,motion_soft,2,4,0.07,0.01,0.3457008244994111,0.37909305064782095,0.37909305064782095,0.45700824499411075
real,MSVD,xxHx6s_DbUo_216_222.mp4,patch_only,,0.7,0.3,motion_soft,2,4,0.07,0.01,0.26148409893992935,0.1872791519434629,0.1872791519434629,0.014134275618374558
real,MSVD,xxHx6s_DbUo_240_248.mp4,patch_only,,0.7,0.3,motion_soft,2,4,0.07,0.01,0.5111896348645465,0.5027090694935218,0.5027090694935218,0.4829210836277974
real,MSVD,xxHx6s_DbUo_32_36.mp4,patch_only,,0.7,0.3,motion_soft,2,4,0.07,0.01,0.633097762073027,0.7095995288574792,0.7095995288574792,0.8881036513545347
real,MSVD,xxHx6s_DbUo_41_44.mp4,patch_only,,0.7,0.3,motion_soft,2,4,0.07,0.01,0.27208480565371024,0.37420494699646645,0.37420494699646645,0.6124852767962309
real,MSVD,xxHx6s_DbUo_49_56.mp4,patch_only,,0.7,0.3,motion_soft,2,4,0.07,0.01,0.751472320376914,0.548645465253239,0.548645465253239,0.07538280329799764
real,MSVD,xxHx6s_DbUo_57_61.mp4,patch_only,,0.7,0.3,motion_soft,2,4,0.07,0.01,0.1154299175500589,0.1505889281507656,0.1505889281507656,0.2326266195524146
real,MSVD,xxHx6s_DbUo_82_86.mp4,patch_only,,0.7,0.3,motion_soft,2,4,0.07,0.01,0.7308598351001178,0.5255594817432272,0.5255594817432272,0.04652532391048292
real,MSVD,xxHx6s_DbUo_98_101.mp4,patch_only,,0.7,0.3,motion_soft,2,4,0.07,0.01,0.3197879858657244,0.4710247349823321,0.4710247349823321,0.8239104829210836
real,MSVD,xy9LLUUZ6ic_50_60.mp4,patch_only,,0.7,0.3,motion_soft,2,4,0.07,0.01,0.6289752650176679,0.5959363957597174,0.5959363957597174,0.5188457008244994
real,MSVD,y8SDRc4IOjs_94_99.mp4,patch_only,,0.7,0.3,motion_soft,2,4,0.07,0.01,0.6060070671378092,0.5243816254416961,0.5243816254416961,0.3339222614840989
real,MSVD,yAD_TS5L2d4_4_11.mp4,patch_only,,0.7,0.3,motion_soft,2,4,0.07,0.01,0.04770318021201413,0.12385159010600706,0.12385159010600706,0.30153121319199055
real,MSVD,yBK02O1Oewc_20_35.mp4,patch_only,,0.7,0.3,motion_soft,2,4,0.07,0.01,0.8003533568904594,0.7346289752650177,0.7346289752650177,0.5812720848056537
real,MSVD,yFPHhRat6bc_160_210.mp4,patch_only,,0.7,0.3,motion_soft,2,4,0.07,0.01,0.850412249705536,0.8527090694935218,0.8527090694935218,0.8580683156654888
real,MSVD,yId1rg5-ac0_40_50.mp4,patch_only,,0.7,0.3,motion_soft,2,4,0.07,0.01,0.5971731448763251,0.6653710247349823,0.6653710247349823,0.8244994110718492
real,MSVD,yNy9jTeolUk_8_12.mp4,patch_only,,0.7,0.3,motion_soft,2,4,0.07,0.01,0.37985865724381623,0.33392226148409887,0.33392226148409887,0.22673733804475854
real,MSVD,yOnRm3TP6hM_0_12.mp4,patch_only,,0.7,0.3,motion_soft,2,4,0.07,0.01,0.22025912838633688,0.32255594817432276,0.32255594817432276,0.5612485276796231
real,MSVD,yPNFVj-pISU_105_115.mp4,patch_only,,0.7,0.3,motion_soft,2,4,0.07,0.01,0.5453474676089517,0.5022379269729093,0.5022379269729093,0.4016489988221437
real,MSVD,yREFkmrrYiw_51_57.mp4,patch_only,,0.7,0.3,motion_soft,2,4,0.07,0.01,0.6554770318021201,0.6915194346289752,0.6915194346289752,0.7756183745583038
real,MSVD,yYA7YXIKbg4_9_14.mp4,patch_only,,0.7,0.3,motion_soft,2,4,0.07,0.01,0.03651354534746761,0.08969375736160187,0.08969375736160187,0.2137809187279152
real,MSVD,ybVb3t560oY_0_9.mp4,patch_only,,0.7,0.3,motion_soft,2,4,0.07,0.01,0.33156654888103654,0.37449941107184925,0.37449941107184925,0.4746760895170789
real,MSVD,yd8jh9QYfEs_4_10.mp4,patch_only,,0.7,0.3,motion_soft,2,4,0.07,0.01,0.23674911660777384,0.18568904593639574,0.18568904593639574,0.06654888103651355
real,MSVD,yfMTsYcLt10_0_7.mp4,patch_only,,0.7,0.3,motion_soft,2,4,0.07,0.01,0.908716136631331,0.9258539458186101,0.9258539458186101,0.9658421672555948
real,MSVD,yg4aNiO1JnI_111_114.mp4,patch_only,,0.7,0.3,motion_soft,2,4,0.07,0.01,0.18080094228504123,0.30588928150765604,0.30588928150765604,0.5977620730270907
real,MSVD,ymC2bNi6-Is_9_19.mp4,patch_only,,0.7,0.3,motion_soft,2,4,0.07,0.01,0.4652532391048292,0.5369846878680801,0.5369846878680801,0.7043580683156655
real,MSVD,ysTmUTQ5wZE_17_45.mp4,patch_only,,0.7,0.3,motion_soft,2,4,0.07,0.01,0.5653710247349824,0.5242049469964665,0.5242049469964665,0.428150765606596
real,MSVD,yvfhk1kwKls_103_113.mp4,patch_only,,0.7,0.3,motion_soft,2,4,0.07,0.01,0.5535924617196702,0.4285041224970554,0.4285041224970554,0.13663133097762073
real,MSVD,ywHBKayhyvQ_19_28.mp4,patch_only,,0.7,0.3,motion_soft,2,4,0.07,0.01,0.1431095406360424,0.11236749116607772,0.11236749116607772,0.04063604240282685
real,MSVD,ywMLb2VfHbI_13_20.mp4,patch_only,,0.7,0.3,motion_soft,2,4,0.07,0.01,0.2697290930506478,0.22379269729093046,0.22379269729093046,0.1166077738515901
real,MSVD,yyxtyCaEVqk_250_264.mp4,patch_only,,0.7,0.3,motion_soft,2,4,0.07,0.01,0.9358068315665489,0.9518845700824499,0.9518845700824499,0.9893992932862191
real,MSVD,yyxtyCaEVqk_321_328.mp4,patch_only,,0.7,0.3,motion_soft,2,4,0.07,0.01,0.8133097762073027,0.7611896348645465,0.7611896348645465,0.6395759717314488
real,MSVD,yyxtyCaEVqk_329_360.mp4,patch_only,,0.7,0.3,motion_soft,2,4,0.07,0.01,0.7308598351001178,0.7382803297997643,0.7382803297997643,0.7555948174322733
real,MSVD,z0Si1XxMibg_0_30.mp4,patch_only,,0.7,0.3,motion_soft,2,4,0.07,0.01,0.04181389870435807,0.16248527679623084,0.16248527679623084,0.44405182567726736
real,MSVD,z0zb--BOhDY_16_22.mp4,patch_only,,0.7,0.3,motion_soft,2,4,0.07,0.01,0.6678445229681979,0.6522968197879858,0.6522968197879858,0.6160188457008245
real,MSVD,z2kUc8wp9l8_40_46.mp4,patch_only,,0.7,0.3,motion_soft,2,4,0.07,0.01,0.18845700824499412,0.3038280329799764,0.3038280329799764,0.5730270906949352
real,MSVD,z8dcUzdi2bw_3_16.mp4,patch_only,,0.7,0.3,motion_soft,2,4,0.07,0.01,0.8115429917550059,0.8134864546525323,0.8134864546525323,0.8180212014134276
real,MSVD,zBrC1GmA0Qg_26_33.mp4,patch_only,,0.7,0.3,motion_soft,2,4,0.07,0.01,0.13898704358068315,0.21230859835100116,0.21230859835100116,0.3833922261484099
real,MSVD,zCf8NWJ8kzA_47_52.mp4,patch_only,,0.7,0.3,motion_soft,2,4,0.07,0.01,0.5,0.3657243816254417,0.3657243816254417,0.052414605418138985
real,MSVD,zFIn8DeV5PM_20_33.mp4,patch_only,,0.7,0.3,motion_soft,2,4,0.07,0.01,0.8621908127208481,0.832155477031802,0.832155477031802,0.7620730270906949
real,MSVD,zH4v_DClIoc_3_28.mp4,patch_only,,0.7,0.3,motion_soft,2,4,0.07,0.01,0.3392226148409894,0.27208480565371024,0.27208480565371024,0.1154299175500589
real,MSVD,zHy7pM0U49w_103_109.mp4,patch_only,,0.7,0.3,motion_soft,2,4,0.07,0.01,0.839811542991755,0.7484687868080093,0.7484687868080093,0.5353356890459364
real,MSVD,zHy7pM0U49w_110_116.mp4,patch_only,,0.7,0.3,motion_soft,2,4,0.07,0.01,0.7473498233215548,0.6766784452296819,0.6766784452296819,0.5117785630153121
real,MSVD,zS50h-a8RTg_3_9.mp4,patch_only,,0.7,0.3,motion_soft,2,4,0.07,0.01,0.9352179034157833,0.9014723203769139,0.9014723203769139,0.8227326266195524
real,MSVD,zSPBC8EO6dY_122_126.mp4,patch_only,,0.7,0.3,motion_soft,2,4,0.07,0.01,0.1855123674911661,0.17385159010600706,0.17385159010600706,0.14664310954063603
real,MSVD,zSPBC8EO6dY_132_140.mp4,patch_only,,0.7,0.3,motion_soft,2,4,0.07,0.01,0.7921083627797408,0.6970553592461719,0.6970553592461719,0.4752650176678445
real,MSVD,zSPBC8EO6dY_64_73.mp4,patch_only,,0.7,0.3,motion_soft,2,4,0.07,0.01,0.13722025912838634,0.11637220259128386,0.11637220259128386,0.06772673733804475
real,MSVD,zSPBC8EO6dY_97_110.mp4,patch_only,,0.7,0.3,motion_soft,2,4,0.07,0.01,0.23674911660777384,0.20353356890459362,0.20353356890459362,0.12603062426383982
real,MSVD,zTn-nNj5Bng_61_77.mp4,patch_only,,0.7,0.3,motion_soft,2,4,0.07,0.01,0.20259128386336867,0.27220259128386337,0.27220259128386337,0.43462897526501765
real,MSVD,zTn-nNj5Bng_8_19.mp4,patch_only,,0.7,0.3,motion_soft,2,4,0.07,0.01,0.23498233215547704,0.2692579505300353,0.2692579505300353,0.3492343934040047
real,MSVD,zWVQImPY2Cc_27_44.mp4,patch_only,,0.7,0.3,motion_soft,2,4,0.07,0.01,0.16548881036513546,0.3031213191990577,0.3031213191990577,0.624263839811543
real,MSVD,zYcY4mjLpxU_104_118.mp4,patch_only,,0.7,0.3,motion_soft,2,4,0.07,0.01,0.2673733804475854,0.3429917550058893,0.3429917550058893,0.519434628975265
real,MSVD,zYcY4mjLpxU_45_55.mp4,patch_only,,0.7,0.3,motion_soft,2,4,0.07,0.01,0.6772673733804476,0.5765606595995288,0.5765606595995288,0.3415783274440518
real,MSVD,z_qf7tOnHVg_81_89.mp4,patch_only,,0.7,0.3,motion_soft,2,4,0.07,0.01,0.09717314487632508,0.1107773851590106,0.1107773851590106,0.1425206124852768
real,MSVD,zbAk0gX7kas_16_24.mp4,patch_only,,0.7,0.3,motion_soft,2,4,0.07,0.01,0.07361601884570082,0.11319199057714957,0.11319199057714957,0.2055359246171967
real,MSVD,zfQOH4UGU_I_1_10.mp4,patch_only,,0.7,0.3,motion_soft,2,4,0.07,0.01,0.007067137809187279,0.03462897526501767,0.03462897526501767,0.0989399293286219
real,MSVD,zhLcONtNkew_16_21.mp4,patch_only,,0.7,0.3,motion_soft,2,4,0.07,0.01,0.15429917550058891,0.10836277974087159,0.10836277974087159,0.001177856301531213
real,MSVD,zkTn5Ef1Oig_70_75.mp4,patch_only,,0.7,0.3,motion_soft,2,4,0.07,0.01,0.17491166077738515,0.23303886925795053,0.23303886925795053,0.36866902237926974
real,MSVD,zkTn5Ef1Oig_71_75.mp4,patch_only,,0.7,0.3,motion_soft,2,4,0.07,0.01,0.17491166077738515,0.23303886925795053,0.23303886925795053,0.36866902237926974
real,MSVD,zlS1_zBYluY_15_21.mp4,patch_only,,0.7,0.3,motion_soft,2,4,0.07,0.01,0.7161366313309776,0.7009422850412249,0.7009422850412249,0.6654888103651354
real,MSVD,zpgW7m7_LZw_2_15.mp4,patch_only,,0.7,0.3,motion_soft,2,4,0.07,0.01,0.26383981154299174,0.42249705535924614,0.42249705535924614,0.7926972909305064
real,MSVD,zuYZ5kPatJE_78_116.mp4,patch_only,,0.7,0.3,motion_soft,2,4,0.07,0.01,0.6425206124852768,0.5381036513545348,0.5381036513545348,0.2944640753828033
real,MSVD,zulPFoY64wE_26_33.mp4,patch_only,,0.7,0.3,motion_soft,2,4,0.07,0.01,0.35630153121319197,0.32732626619552413,0.32732626619552413,0.2597173144876325
real,MSVD,zv2RIbUsnSw_159_162.mp4,patch_only,,0.7,0.3,motion_soft,2,4,0.07,0.01,0.875736160188457,0.8817432273262662,0.8817432273262662,0.8957597173144877
real,MSVD,zv2RIbUsnSw_335_341.mp4,patch_only,,0.7,0.3,motion_soft,2,4,0.07,0.01,0.3462897526501767,0.41024734982332156,0.41024734982332156,0.5594817432273262
real,MSVD,zxB4dFJhHR8_1_9.mp4,patch_only,,0.7,0.3,motion_soft,2,4,0.07,0.01,0.29093050647820967,0.37114252061248526,0.37114252061248526,0.558303886925795
real,MSVD,zzit5b_-ukg_5_20.mp4,patch_only,,0.7,0.3,motion_soft,2,4,0.07,0.01,0.5777385159010601,0.4886925795053003,0.4886925795053003,0.28091872791519434
annotated,Sora,-ahmed-_776843120%2Fmd.mp4,patch_only,,0.7,0.3,motion_soft,2,4,0.07,0.01,0.06713780918727916,0.049116607773851594,0.049116607773851594,0.007067137809187279
annotated,Sora,0065464654_4804233%2Fmd.mp4,patch_only,,0.7,0.3,motion_soft,2,4,0.07,0.01,0.1519434628975265,0.20636042402826854,0.20636042402826854,0.3333333333333333
annotated,Sora,050221_138598904%2Fmd.mp4,patch_only,,0.7,0.3,motion_soft,2,4,0.07,0.01,0.004711425206124852,0.004358068315665488,0.004358068315665488,0.0035335689045936395
annotated,Sora,09045_552603156%2Fmd.mp4,patch_only,,0.7,0.3,motion_soft,2,4,0.07,0.01,0.5677267373380448,0.608716136631331,0.608716136631331,0.7043580683156655
annotated,Sora,111111111111_421748285%2Fmd.mp4,patch_only,,0.7,0.3,motion_soft,2,4,0.07,0.01,0.1071849234393404,0.08280329799764428,0.08280329799764428,0.02591283863368669
annotated,Sora,1121231231231231_643574533%2Fmd.mp4,patch_only,,0.7,0.3,motion_soft,2,4,0.07,0.01,0.3510011778563015,0.3649587750294464,0.3649587750294464,0.39752650176678445
annotated,Sora,12345-90086_161537791%2Fmd.mp4,patch_only,,0.7,0.3,motion_soft,2,4,0.07,0.01,0.6425206124852768,0.6110718492343934,0.6110718492343934,0.5376914016489989
annotated,Sora,12348822_520388045%2Fmd.mp4,patch_only,,0.7,0.3,motion_soft,2,4,0.07,0.01,0.1419316843345112,0.154829210836278,0.154829210836278,0.18492343934040048
annotated,Sora,1235311_468903194%2Fmd.mp4,patch_only,,0.7,0.3,motion_soft,2,4,0.07,0.01,0.2620730270906949,0.20023557126030622,0.20023557126030622,0.05594817432273263
annotated,Sora,1554545_990274538%2Fmd.mp4,patch_only,,0.7,0.3,motion_soft,2,4,0.07,0.01,0.13722025912838634,0.30153121319199055,0.30153121319199055,0.6849234393404005
annotated,Sora,1656511_927926754%2Fmd.mp4,patch_only,,0.7,0.3,motion_soft,2,4,0.07,0.01,0.10659599528857479,0.07479387514723203,0.07479387514723203,0.0005889281507656066
annotated,Sora,1tree2_75260605%2Fmd.mp4,patch_only,,0.7,0.3,motion_soft,2,4,0.07,0.01,0.028857479387514724,0.020200235571260307,0.020200235571260307,0.0
annotated,Sora,2111132_923581868%2Fmd.mp4,patch_only,,0.7,0.3,motion_soft,2,4,0.07,0.01,0.21672555948174324,0.2032979976442874,0.2032979976442874,0.17196702002355713
annotated,Sora,22225591_159614590%2Fmd.mp4,patch_only,,0.7,0.3,motion_soft,2,4,0.07,0.01,0.23027090694935218,0.30376914016489986,0.30376914016489986,0.4752650176678445
annotated,Sora,22322777_980901699%2Fmd.mp4,patch_only,,0.7,0.3,motion_soft,2,4,0.07,0.01,0.09952885747938751,0.09140164899882214,0.09140164899882214,0.07243816254416961
annotated,Sora,23234111213123123123_474219769%2Fmd.mp4,patch_only,,0.7,0.3,motion_soft,2,4,0.07,0.01,0.0005889281507656066,0.0005889281507656066,0.0005889281507656066,0.0005889281507656066
annotated,Sora,23446k_310435470%2Fmd.mp4,patch_only,,0.7,0.3,motion_soft,2,4,0.07,0.01,0.01884570082449941,0.05859835100117785,0.05859835100117785,0.1513545347467609
annotated,Sora,247axel_879229487%2Fmd.mp4,patch_only,,0.7,0.3,motion_soft,2,4,0.07,0.01,0.19434628975265017,0.3409893992932862,0.3409893992932862,0.6831566548881036
annotated,Sora,2592108_968226828%2Fmd.mp4,patch_only,,0.7,0.3,motion_soft,2,4,0.07,0.01,0.8050647820965842,0.8351001177856301,0.8351001177856301,0.9051825677267373
annotated,Sora,2kota_345048458%2Fmd.mp4,patch_only,,0.7,0.3,motion_soft,2,4,0.07,0.01,0.35571260306242636,0.28309776207302706,0.28309776207302706,0.11366313309776208
annotated,Sora,2mas_968402667%2Fmd.mp4,patch_only,,0.7,0.3,motion_soft,2,4,0.07,0.01,0.5512367491166078,0.4279151943462897,0.4279151943462897,0.14016489988221437
annotated,Sora,331212222122_15392619%2Fmd.mp4,patch_only,,0.7,0.3,motion_soft,2,4,0.07,0.01,0.24381625441696114,0.18604240282685514,0.18604240282685514,0.05123674911660778
annotated,Sora,35h_783477259%2Fmd.mp4,patch_only,,0.7,0.3,motion_soft,2,4,0.07,0.01,0.3833922261484099,0.3782685512367491,0.3782685512367491,0.3663133097762073
annotated,Sora,360video_921703662%2Fmd.mp4,patch_only,,0.7,0.3,motion_soft,2,4,0.07,0.01,0.04063604240282685,0.08975265017667844,0.08975265017667844,0.2043580683156655
annotated,Sora,3769_109597890%2Fmd.mp4,patch_only,,0.7,0.3,motion_soft,2,4,0.07,0.01,0.06713780918727916,0.13162544169611307,0.13162544169611307,0.28209658421672557
annotated,Sora,3dq_200412742%2Fmd.mp4,patch_only,,0.7,0.3,motion_soft,2,4,0.07,0.01,0.22084805653710246,0.3441696113074205,0.3441696113074205,0.6319199057714959
annotated,Sora,40-_747442607%2Fmd.mp4,patch_only,,0.7,0.3,motion_soft,2,4,0.07,0.01,0.5435806831566549,0.5025912838633686,0.5025912838633686,0.40694935217903416
annotated,Sora,444enki_753218487%2Fmd.mp4,patch_only,,0.7,0.3,motion_soft,2,4,0.07,0.01,0.21142520612485277,0.1502944640753828,0.1502944640753828,0.0076560659599528855
annotated,Sora,454555555555555555555555_393753335%2Fmd.mp4,patch_only,,0.7,0.3,motion_soft,2,4,0.07,0.01,0.04004711425206125,0.07449941107184924,0.07449941107184924,0.15488810365135453
annotated,Sora,54888787787_225275064%2Fmd.mp4,patch_only,,0.7,0.3,motion_soft,2,4,0.07,0.01,0.09599528857479388,0.08133097762073027,0.08133097762073027,0.04711425206124853
annotated,Sora,5ej_26436982%2Fmd.mp4,patch_only,,0.7,0.3,motion_soft,2,4,0.07,0.01,0.15665488810365136,0.15877502944640753,0.15877502944640753,0.16372202591283863
annotated,Sora,624329_926004613%2Fmd.mp4,patch_only,,0.7,0.3,motion_soft,2,4,0.07,0.01,0.03121319199057715,0.03280329799764428,0.03280329799764428,0.03651354534746761
annotated,Sora,7adi1_961703618%2Fmd.mp4,patch_only,,0.7,0.3,motion_soft,2,4,0.07,0.01,0.0636042402826855,0.12897526501766785,0.12897526501766785,0.28150765606595995
annotated,Sora,7negiashish_371783258%2Fmd.mp4,patch_only,,0.7,0.3,motion_soft,2,4,0.07,0.01,0.2620730270906949,0.36631330977620724,0.36631330977620724,0.6095406360424028
annotated,Sora,8---d7652_28389355%2Fmd.mp4,patch_only,,0.7,0.3,motion_soft,2,4,0.07,0.01,0.08186101295641932,0.10712603062426382,0.10712603062426382,0.16607773851590105
annotated,Sora,951963_106836580%2Fmd.mp4,patch_only,,0.7,0.3,motion_soft,2,4,0.07,0.01,0.10836277974087162,0.19564193168433452,0.19564193168433452,0.3992932862190813
annotated,Sora,95trevorthompson_watermarked.mp4,patch_only,,0.7,0.3,motion_soft,2,4,0.07,0.01,0.027090694935217905,0.04299175500588928,0.04299175500588928,0.0800942285041225
annotated,Sora,_dri__121308411%2Fmd.mp4,patch_only,,0.7,0.3,motion_soft,2,4,0.07,0.01,0.04181389870435807,0.06813898704358068,0.06813898704358068,0.12956419316843346
annotated,Sora,_horse_619318200%2Fmd.mp4,patch_only,,0.7,0.3,motion_soft,2,4,0.07,0.01,0.0088339222614841,0.009717314487632508,0.009717314487632508,0.011778563015312132
annotated,Sora,_kx_283277740%2Fmd.mp4,patch_only,,0.7,0.3,motion_soft,2,4,0.07,0.01,0.009422850412249705,0.007656065959952885,0.007656065959952885,0.0035335689045936395
annotated,Sora,aaabnnon_466467197%2Fmd.mp4,patch_only,,0.7,0.3,motion_soft,2,4,0.07,0.01,0.03121319199057715,0.02962308598351001,0.02962308598351001,0.02591283863368669
annotated,Sora,aadeseveruz_88242328%2Fmd.mp4,patch_only,,0.7,0.3,motion_soft,2,4,0.07,0.01,0.08303886925795052,0.06837455830388692,0.06837455830388692,0.03415783274440518
annotated,Sora,aaroneboyce_443104867%2Fmd.mp4,patch_only,,0.7,0.3,motion_soft,2,4,0.07,0.01,0.37161366313309774,0.26648998822143694,0.26648998822143694,0.02120141342756184
annotated,Sora,aarya121212_594284790%2Fmd.mp4,patch_only,,0.7,0.3,motion_soft,2,4,0.07,0.01,0.1154299175500589,0.2878680800942285,0.2878680800942285,0.690223792697291
annotated,Sora,abanuni_29343697%2Fmd.mp4,patch_only,,0.7,0.3,motion_soft,2,4,0.07,0.01,0.3568904593639576,0.26519434628975264,0.26519434628975264,0.05123674911660778
annotated,Sora,abbasi303_277787488%2Fmd.mp4,patch_only,,0.7,0.3,motion_soft,2,4,0.07,0.01,0.054770318021201414,0.06466431095406361,0.06466431095406361,0.08775029446407538
annotated,Sora,abbasshahwan_871443816%2Fmd.mp4,patch_only,,0.7,0.3,motion_soft,2,4,0.07,0.01,0.7597173144876325,0.5883392226148408,0.5883392226148408,0.18845700824499412
annotated,Sora,abcd-x_714432516%2Fmd.mp4,patch_only,,0.7,0.3,motion_soft,2,4,0.07,0.01,0.8969375736160189,0.8605418138987043,0.8605418138987043,0.7756183745583038
annotated,Sora,abcdefghijfdsfsdfsf_302058589%2Fmd.mp4,patch_only,,0.7,0.3,motion_soft,2,4,0.07,0.01,0.15371024734982333,0.22844522968197878,0.22844522968197878,0.4028268551236749
annotated,Sora,abcolp_973369478%2Fmd.mp4,patch_only,,0.7,0.3,motion_soft,2,4,0.07,0.01,0.4305064782096584,0.3467608951707891,0.3467608951707891,0.1513545347467609
annotated,Sora,abddu_393690614%2Fmd.mp4,patch_only,,0.7,0.3,motion_soft,2,4,0.07,0.01,0.3121319199057715,0.21919905771495876,0.21919905771495876,0.002355712603062426
annotated,Sora,abdujaliliy_109159782%2Fmd.mp4,patch_only,,0.7,0.3,motion_soft,2,4,0.07,0.01,0.1419316843345112,0.1212603062426384,0.1212603062426384,0.07302709069493522
annotated,Sora,abdulrahmaruss_974098107%2Fmd.mp4,patch_only,,0.7,0.3,motion_soft,2,4,0.07,0.01,0.026501766784452298,0.16007067137809186,0.16007067137809186,0.4717314487632509
annotated,Sora,abdurrahmaneymenolu_706897355%2Fmd.mp4,patch_only,,0.7,0.3,motion_soft,2,4,0.07,0.01,0.011189634864546525,0.19104829210836277,0.19104829210836277,0.610718492343934
annotated,Sora,abhilashdwarakish_136979546%2Fmd.mp4,patch_only,,0.7,0.3,motion_soft,2,4,0.07,0.01,0.053003533568904596,0.04063604240282685,0.04063604240282685,0.011778563015312132
annotated,Sora,abo1221_434152204%2Fmd.mp4,patch_only,,0.7,0.3,motion_soft,2,4,0.07,0.01,0.5170789163722026,0.5444640753828033,0.5444640753828033,0.6083627797408716
annotated,Sora,abrahamgs_591406678%2Fmd.mp4,patch_only,,0.7,0.3,motion_soft,2,4,0.07,0.01,0.4363957597173145,0.3457597173144876,0.3457597173144876,0.13427561837455831
annotated,Sora,acasssss_358588184%2Fmd.mp4,patch_only,,0.7,0.3,motion_soft,2,4,0.07,0.01,0.29387514723203767,0.3228504122497055,0.3228504122497055,0.39045936395759717
annotated,Sora,accalmie_531835679%2Fmd.mp4,patch_only,,0.7,0.3,motion_soft,2,4,0.07,0.01,0.04063604240282685,0.05689045936395759,0.05689045936395759,0.09481743227326266
annotated,Sora,acfofangel_890043053%2Fmd.mp4,patch_only,,0.7,0.3,motion_soft,2,4,0.07,0.01,0.29917550058892817,0.3618963486454652,0.3618963486454652,0.5082449941107184
annotated,Sora,achigala_611943440%2Fmd.mp4,patch_only,,0.7,0.3,motion_soft,2,4,0.07,0.01,0.35276796230859836,0.2744994110718492,0.2744994110718492,0.09187279151943463
annotated,Sora,adabaharat_376490481%2Fmd.mp4,patch_only,,0.7,0.3,motion_soft,2,4,0.07,0.01,0.22025912838633688,0.2149587750294464,0.2149587750294464,0.20259128386336867
annotated,Sora,adafafffaf5455_136583813%2Fmd.mp4,patch_only,,0.7,0.3,motion_soft,2,4,0.07,0.01,0.06713780918727916,0.05053003533568905,0.05053003533568905,0.011778563015312132
annotated,Sora,adarsh1431a_967753927%2Fmd.mp4,patch_only,,0.7,0.3,motion_soft,2,4,0.07,0.01,0.07714958775029446,0.054181389870435796,0.054181389870435796,0.0005889281507656066
annotated,Sora,adcollective_150185417%2Fmd.mp4,patch_only,,0.7,0.3,motion_soft,2,4,0.07,0.01,0.008244994110718492,0.007891637220259127,0.007891637220259127,0.007067137809187279
annotated,Sora,adil104_297888031%2Fmd.mp4,patch_only,,0.7,0.3,motion_soft,2,4,0.07,0.01,0.14899882214369847,0.10871613663133098,0.10871613663133098,0.014723203769140165
annotated,Sora,aditya992_151486281%2Fmd.mp4,patch_only,,0.7,0.3,motion_soft,2,4,0.07,0.01,0.03297997644287397,0.10047114252061248,0.10047114252061248,0.2579505300353357
annotated,Sora,adityanayak23_431329179%2Fmd.mp4,patch_only,,0.7,0.3,motion_soft,2,4,0.07,0.01,0.27267373380447585,0.2122497055359246,0.2122497055359246,0.0712603062426384
annotated,Sora,adlgcxpm_635548396%2Fmd.mp4,patch_only,,0.7,0.3,motion_soft,2,4,0.07,0.01,0.09010600706713781,0.16784452296819785,0.16784452296819785,0.3492343934040047
annotated,Sora,adosphere01_656411819%2Fmd.mp4,patch_only,,0.7,0.3,motion_soft,2,4,0.07,0.01,0.33156654888103654,0.25206124852767964,0.25206124852767964,0.06654888103651355
annotated,Sora,adryan91_80558088%2Fmd.mp4,patch_only,,0.7,0.3,motion_soft,2,4,0.07,0.01,0.49764428739693756,0.5250294464075382,0.5250294464075382,0.5889281507656066
annotated,Sora,advivedi9_742747348%2Fmd.mp4,patch_only,,0.7,0.3,motion_soft,2,4,0.07,0.01,0.25323910482921086,0.25129564193168435,0.25129564193168435,0.24676089517078917
annotated,Sora,aedtetg_210017708%2Fmd.mp4,patch_only,,0.7,0.3,motion_soft,2,4,0.07,0.01,0.3934040047114252,0.39004711425206123,0.39004711425206123,0.3822143698468787
annotated,Sora,aerobott_375068661%2Fmd.mp4,patch_only,,0.7,0.3,motion_soft,2,4,0.07,0.01,0.18138987043580684,0.13103651354534745,0.13103651354534745,0.013545347467608953
annotated,Sora,afsinsahin_379807705%2Fmd.mp4,patch_only,,0.7,0.3,motion_soft,2,4,0.07,0.01,0.33627797408716137,0.4751472320376914,0.4751472320376914,0.7991755005889282
annotated,Sora,afterburner739_499935257%2Fmd.mp4,patch_only,,0.7,0.3,motion_soft,2,4,0.07,0.01,0.33156654888103654,0.2775029446407538,0.2775029446407538,0.1513545347467609
annotated,Sora,agpdd_759040193%2Fmd.mp4,patch_only,,0.7,0.3,motion_soft,2,4,0.07,0.01,0.07950530035335689,0.058127208480565365,0.058127208480565365,0.008244994110718492
annotated,Sora,ahnsungmin_677028767%2Fmd.mp4,patch_only,,0.7,0.3,motion_soft,2,4,0.07,0.01,0.3138987043580683,0.3794464075382803,0.3794464075382803,0.5323910482921084
annotated,Sora,aidenchoi0929_115923825%2Fmd.mp4,patch_only,,0.7,0.3,motion_soft,2,4,0.07,0.01,0.002944640753828033,0.0024146054181389868,0.0024146054181389868,0.001177856301531213
annotated,Sora,aienjoyer42_97516890%2Fmd.mp4,patch_only,,0.7,0.3,motion_soft,2,4,0.07,0.01,0.21142520612485277,0.1513545347467609,0.1513545347467609,0.011189634864546525
annotated,Sora,aifirst_758361788%2Fmd.mp4,patch_only,,0.7,0.3,motion_soft,2,4,0.07,0.01,0.18610129564193167,0.1995288574793875,0.1995288574793875,0.2308598351001178
annotated,Sora,ailiver9787_847228081%2Fmd.mp4,patch_only,,0.7,0.3,motion_soft,2,4,0.07,0.01,0.08244994110718493,0.09093050647820966,0.09093050647820966,0.11071849234393404
annotated,Sora,aira1918_591101039%2Fmd.mp4,patch_only,,0.7,0.3,motion_soft,2,4,0.07,0.01,0.028268551236749116,0.07420494699646643,0.07420494699646643,0.18138987043580684
annotated,Sora,aix_innovation_lab_655744264%2Fmd.mp4,patch_only,,0.7,0.3,motion_soft,2,4,0.07,0.01,0.04240282685512368,0.03498233215547703,0.03498233215547703,0.0176678445229682
annotated,Sora,ajaykr09_547123938%2Fmd.mp4,patch_only,,0.7,0.3,motion_soft,2,4,0.07,0.01,0.21672555948174324,0.16036513545347467,0.16036513545347467,0.028857479387514724
annotated,Sora,ajilus_483238082%2Fmd.mp4,patch_only,,0.7,0.3,motion_soft,2,4,0.07,0.01,0.06713780918727916,0.13480565371024736,0.13480565371024736,0.2926972909305065
annotated,Sora,ak1990_679900919%2Fmd.mp4,patch_only,,0.7,0.3,motion_soft,2,4,0.07,0.01,0.33510011778563015,0.3294464075382803,0.3294464075382803,0.31625441696113077
annotated,Sora,akash_28072002_824906559%2Fmd.mp4,patch_only,,0.7,0.3,motion_soft,2,4,0.07,0.01,0.15665488810365136,0.19782096584216724,0.19782096584216724,0.29387514723203767
annotated,Sora,akashb_468014520%2Fmd.mp4,patch_only,,0.7,0.3,motion_soft,2,4,0.07,0.01,0.05123674911660778,0.10653710247349824,0.10653710247349824,0.23557126030624265
annotated,Sora,akbarkareorg_452587540%2Fmd.mp4,patch_only,,0.7,0.3,motion_soft,2,4,0.07,0.01,0.21083627797408716,0.1671967020023557,0.1671967020023557,0.06537102473498234
annotated,Sora,akihiro_n_525531899%2Fmd.mp4,patch_only,,0.7,0.3,motion_soft,2,4,0.07,0.01,0.5506478209658422,0.644640753828033,0.644640753828033,0.8639575971731449
annotated,Sora,akira12343_871344059%2Fmd.mp4,patch_only,,0.7,0.3,motion_soft,2,4,0.07,0.01,0.17667844522968199,0.22985865724381627,0.22985865724381627,0.3539458186101296
annotated,Sora,akirakaweade_593876105%2Fmd.mp4,patch_only,,0.7,0.3,motion_soft,2,4,0.07,0.01,0.15783274440518258,0.1389281507656066,0.1389281507656066,0.09481743227326266
annotated,Sora,akkarma_181967214%2Fmd.mp4,patch_only,,0.7,0.3,motion_soft,2,4,0.07,0.01,0.015901060070671377,0.02049469964664311,0.02049469964664311,0.03121319199057715
annotated,Sora,akshit-sarin_764972304%2Fmd.mp4,patch_only,,0.7,0.3,motion_soft,2,4,0.07,0.01,0.37868080094228507,0.3777974087161366,0.3777974087161366,0.375736160188457
annotated,Sora,alan4649_199924089%2Fmd.mp4,patch_only,,0.7,0.3,motion_soft,2,4,0.07,0.01,0.11837455830388692,0.28091872791519434,0.28091872791519434,0.660188457008245
annotated,Sora,alanjack_489722798%2Fmd.mp4,patch_only,,0.7,0.3,motion_soft,2,4,0.07,0.01,0.02237926972909305,0.019199057714958775,0.019199057714958775,0.011778563015312132
annotated,Sora,alankam_988968402%2Fmd.mp4,patch_only,,0.7,0.3,motion_soft,2,4,0.07,0.01,0.22614840989399293,0.16961130742049468,0.16961130742049468,0.03769140164899882
annotated,Sora,alanpaulpanassiti_287632183%2Fmd.mp4,patch_only,,0.7,0.3,motion_soft,2,4,0.07,0.01,0.1784452296819788,0.12968197879858656,0.12968197879858656,0.015901060070671377
annotated,Sora,albrchetti_153064388%2Fmd.mp4,patch_only,,0.7,0.3,motion_soft,2,4,0.07,0.01,0.29387514723203767,0.2111896348645465,0.2111896348645465,0.018256772673733806
annotated,Sora,aleks007_362820217%2Fmd.mp4,patch_only,,0.7,0.3,motion_soft,2,4,0.07,0.01,0.016489988221436984,0.017373380447585393,0.017373380447585393,0.019434628975265017
annotated,Sora,aleks8622_375234076%2Fmd.mp4,patch_only,,0.7,0.3,motion_soft,2,4,0.07,0.01,0.0895170789163722,0.08156654888103651,0.08156654888103651,0.06301531213191991
annotated,Sora,alexa90_19844171%2Fmd.mp4,patch_only,,0.7,0.3,motion_soft,2,4,0.07,0.01,0.3121319199057715,0.3487043580683157,0.3487043580683157,0.43404004711425204
annotated,Sora,alexabrazura_414697163%2Fmd.mp4,patch_only,,0.7,0.3,motion_soft,2,4,0.07,0.01,0.10600706713780919,0.09363957597173145,0.09363957597173145,0.06478209658421673
annotated,Sora,alexkolarov94_780280004%2Fmd.mp4,patch_only,,0.7,0.3,motion_soft,2,4,0.07,0.01,0.008244994110718492,0.006124852767962308,0.006124852767962308,0.001177856301531213
annotated,Sora,alexkuehndirector_506818934%2Fmd.mp4,patch_only,,0.7,0.3,motion_soft,2,4,0.07,0.01,0.10777385159010601,0.09522968197879858,0.09522968197879858,0.06595995288574794
annotated,Sora,alfredo70_760449309%2Fmd.mp4,patch_only,,0.7,0.3,motion_soft,2,4,0.07,0.01,0.00530035335689046,0.028798586572438164,0.028798586572438164,0.08362779740871613
annotated,Sora,alienornc_693341583%2Fmd.mp4,patch_only,,0.7,0.3,motion_soft,2,4,0.07,0.01,0.07832744405182568,0.1889281507656066,0.1889281507656066,0.4469964664310954
annotated,Sora,alivecoaching_362499862%2Fmd.mp4,patch_only,,0.7,0.3,motion_soft,2,4,0.07,0.01,0.06949352179034157,0.14617196702002355,0.14617196702002355,0.3250883392226148
annotated,Sora,alkemm_332661861%2Fmd.mp4,patch_only,,0.7,0.3,motion_soft,2,4,0.07,0.01,0.2791519434628975,0.207773851590106,0.207773851590106,0.04122497055359246
annotated,Sora,allanteste_224958894%2Fmd.mp4,patch_only,,0.7,0.3,motion_soft,2,4,0.07,0.01,0.31036513545347466,0.23421672555948173,0.23421672555948173,0.05653710247349823
annotated,Sora,allesclaerchen_99582902%2Fmd.mp4,patch_only,,0.7,0.3,motion_soft,2,4,0.07,0.01,0.21672555948174324,0.2647820965842167,0.2647820965842167,0.37691401648998824
annotated,Sora,alma0307_733145307%2Fmd.mp4,patch_only,,0.7,0.3,motion_soft,2,4,0.07,0.01,0.13191990577149587,0.12926972909305062,0.12926972909305062,0.12308598351001178
annotated,Sora,alper1992_262589180%2Fmd.mp4,patch_only,,0.7,0.3,motion_soft,2,4,0.07,0.01,0.015901060070671377,0.14134275618374556,0.14134275618374556,0.43404004711425204
annotated,Sora,alpha_bit_911455093%2Fmd.mp4,patch_only,,0.7,0.3,motion_soft,2,4,0.07,0.01,0.7131919905771495,0.6075382803297997,0.6075382803297997,0.36101295641931685
annotated,Sora,alsiess__444041278%2Fmd.mp4,patch_only,,0.7,0.3,motion_soft,2,4,0.07,0.01,0.027090694935217905,0.020906949352179034,0.020906949352179034,0.006478209658421673
annotated,Sora,alwyns_502037549%2Fmd.mp4,patch_only,,0.7,0.3,motion_soft,2,4,0.07,0.01,0.06419316843345112,0.1733804475853946,0.1733804475853946,0.428150765606596
annotated,Sora,alxndraag_499864146%2Fmd.mp4,patch_only,,0.7,0.3,motion_soft,2,4,0.07,0.01,0.6124852767962309,0.48686690223792695,0.48686690223792695,0.19375736160188456
annotated,Sora,amack04_632760166%2Fmd.mp4,patch_only,,0.7,0.3,motion_soft,2,4,0.07,0.01,0.5924617196702002,0.4182567726737338,0.4182567726737338,0.011778563015312132
annotated,Sora,amanadlakha_825403788%2Fmd.mp4,patch_only,,0.7,0.3,motion_soft,2,4,0.07,0.01,0.037102473498233215,0.21325088339222614,0.21325088339222614,0.624263839811543
annotated,Sora,ambika8802_watermarked.mp4,patch_only,,0.7,0.3,motion_soft,2,4,0.07,0.01,0.13604240282685512,0.0969964664310954,0.0969964664310954,0.005889281507656066
annotated,Sora,ambwood_124104980%2Fmd.mp4,patch_only,,0.7,0.3,motion_soft,2,4,0.07,0.01,0.14958775029446408,0.10842167255594817,0.10842167255594817,0.012367491166077738
annotated,Sora,amfereday_424344053%2Fmd.mp4,patch_only,,0.7,0.3,motion_soft,2,4,0.07,0.01,0.07656065959952886,0.17444051825677265,0.17444051825677265,0.4028268551236749
annotated,Sora,amirflg1960_800479732%2Fmd.mp4,patch_only,,0.7,0.3,motion_soft,2,4,0.07,0.01,0.07714958775029446,0.22220259128386333,0.22220259128386333,0.5606595995288575
annotated,Sora,amit898569856_246028372%2Fmd.mp4,patch_only,,0.7,0.3,motion_soft,2,4,0.07,0.01,0.12603062426383982,0.12073027090694935,0.12073027090694935,0.10836277974087162
annotated,Sora,ammyzz_708865578%2Fmd.mp4,patch_only,,0.7,0.3,motion_soft,2,4,0.07,0.01,0.04004711425206125,0.02891637220259128,0.02891637220259128,0.002944640753828033
annotated,Sora,amohns_watermarked.mp4,patch_only,,0.7,0.3,motion_soft,2,4,0.07,0.01,0.26501766784452296,0.2439929328621908,0.2439929328621908,0.19493521790341578
annotated,Sora,amorebody_118598225%2Fmd.mp4,patch_only,,0.7,0.3,motion_soft,2,4,0.07,0.01,0.34393404004711425,0.3096584216725559,0.3096584216725559,0.22968197879858657
annotated,Sora,amorphouslibra_897590446%2Fmd.mp4,patch_only,,0.7,0.3,motion_soft,2,4,0.07,0.01,0.07420494699646643,0.05600706713780919,0.05600706713780919,0.013545347467608953
annotated,Sora,amysung00_717763020%2Fmd.mp4,patch_only,,0.7,0.3,motion_soft,2,4,0.07,0.01,0.28209658421672557,0.2032979976442874,0.2032979976442874,0.019434628975265017
annotated,Sora,anabohuele_920521129%2Fmd.mp4,patch_only,,0.7,0.3,motion_soft,2,4,0.07,0.01,0.38810365135453473,0.4213191990577149,0.4213191990577149,0.4988221436984688
annotated,Sora,anamepopovic_492970037%2Fmd.mp4,patch_only,,0.7,0.3,motion_soft,2,4,0.07,0.01,0.1330977620730271,0.15800942285041225,0.15800942285041225,0.21613663133097763
annotated,Sora,anbjorkstrom_933734398%2Fmd.mp4,patch_only,,0.7,0.3,motion_soft,2,4,0.07,0.01,0.3421672555948174,0.2656654888103651,0.2656654888103651,0.08716136631330977
annotated,Sora,ancade_283672368%2Fmd.mp4,patch_only,,0.7,0.3,motion_soft,2,4,0.07,0.01,0.33451118963486454,0.25147232037691397,0.25147232037691397,0.05771495877502945
annotated,Sora,andes2tokyo_895325730%2Fmd.mp4,patch_only,,0.7,0.3,motion_soft,2,4,0.07,0.01,0.1348645465253239,0.0945818610129564,0.0945818610129564,0.0005889281507656066
annotated,Sora,andrewkorolow_973684774%2Fmd.mp4,patch_only,,0.7,0.3,motion_soft,2,4,0.07,0.01,0.2791519434628975,0.21183745583038868,0.21183745583038868,0.054770318021201414
annotated,Sora,andy2510_13896800%2Fmd.mp4,patch_only,,0.7,0.3,motion_soft,2,4,0.07,0.01,0.36101295641931685,0.48574793875147226,0.48574793875147226,0.7767962308598351
annotated,Sora,angiemarierm_141689241%2Fmd.mp4,patch_only,,0.7,0.3,motion_soft,2,4,0.07,0.01,0.21613663133097763,0.1565959952885748,0.1565959952885748,0.0176678445229682
annotated,Sora,animss01_189765887%2Fmd.mp4,patch_only,,0.7,0.3,motion_soft,2,4,0.07,0.01,0.011189634864546525,0.03680800942285041,0.03680800942285041,0.09658421672555949
annotated,Sora,aninvinciblemind_688429844%2Fmd.mp4,patch_only,,0.7,0.3,motion_soft,2,4,0.07,0.01,0.03121319199057715,0.049941107184923436,0.049941107184923436,0.09363957597173145
annotated,Sora,ankita68_239170629%2Fmd.mp4,patch_only,,0.7,0.3,motion_soft,2,4,0.07,0.01,0.5565371024734982,0.636572438162544,0.636572438162544,0.823321554770318
annotated,Sora,ankitagrawaljsr_791222574%2Fmd.mp4,patch_only,,0.7,0.3,motion_soft,2,4,0.07,0.01,0.28032979976442873,0.21160188457008244,0.21160188457008244,0.05123674911660778
annotated,Sora,annetst_921821427%2Fmd.mp4,patch_only,,0.7,0.3,motion_soft,2,4,0.07,0.01,0.015901060070671377,0.04964664310954063,0.04964664310954063,0.12838633686690223
annotated,Sora,antoinemg_733077046%2Fmd.mp4,patch_only,,0.7,0.3,motion_soft,2,4,0.07,0.01,0.10188457008244994,0.1727326266195524,0.1727326266195524,0.3380447585394582
annotated,Sora,anuj_kothari_264220718%2Fmd.mp4,patch_only,,0.7,0.3,motion_soft,2,4,0.07,0.01,0.07656065959952886,0.11012956419316844,0.11012956419316844,0.18845700824499412
annotated,Sora,anujdxb_242175959%2Fmd.mp4,patch_only,,0.7,0.3,motion_soft,2,4,0.07,0.01,0.0,0.02614840989399293,0.02614840989399293,0.08716136631330977
annotated,Sora,anujtiwary69_19415224%2Fmd.mp4,patch_only,,0.7,0.3,motion_soft,2,4,0.07,0.01,0.15665488810365136,0.15948174322732625,0.15948174322732625,0.16607773851590105
annotated,Sora,anwar1001_368378969%2Fmd.mp4,patch_only,,0.7,0.3,motion_soft,2,4,0.07,0.01,0.01884570082449941,0.016725559481743226,0.016725559481743226,0.011778563015312132
annotated,Sora,aomammm_483165930%2Fmd.mp4,patch_only,,0.7,0.3,motion_soft,2,4,0.07,0.01,0.05123674911660778,0.1088339222614841,0.1088339222614841,0.24322732626619553
annotated,Sora,aphillips8430_842158779%2Fmd.mp4,patch_only,,0.7,0.3,motion_soft,2,4,0.07,0.01,0.06478209658421673,0.04976442873969375,0.04976442873969375,0.014723203769140165
annotated,Sora,apndump_204122224%2Fmd.mp4,patch_only,,0.7,0.3,motion_soft,2,4,0.07,0.01,0.009422850412249705,0.0067726737338044745,0.0067726737338044745,0.0005889281507656066
annotated,Sora,aqmed_555825407%2Fmd.mp4,patch_only,,0.7,0.3,motion_soft,2,4,0.07,0.01,0.591283863368669,0.634040047114252,0.634040047114252,0.7338044758539458
annotated,Sora,aqulley_655469041%2Fmd.mp4,patch_only,,0.7,0.3,motion_soft,2,4,0.07,0.01,0.06713780918727916,0.06254416961130742,0.06254416961130742,0.05182567726737338
annotated,Sora,aralvi84_662898395%2Fmd.mp4,patch_only,,0.7,0.3,motion_soft,2,4,0.07,0.01,0.0812720848056537,0.1371024734982332,0.1371024734982332,0.2673733804475854
annotated,Sora,arbechemindo_530571076%2Fmd.mp4,patch_only,,0.7,0.3,motion_soft,2,4,0.07,0.01,0.0088339222614841,0.010247349823321554,0.010247349823321554,0.013545347467608953
annotated,Sora,arcidalia_981981851%2Fmd.mp4,patch_only,,0.7,0.3,motion_soft,2,4,0.07,0.01,0.011189634864546525,0.013663133097762072,0.013663133097762072,0.019434628975265017
annotated,Sora,arfo75_154788139%2Fmd.mp4,patch_only,,0.7,0.3,motion_soft,2,4,0.07,0.01,0.014134275618374558,0.049999999999999996,0.049999999999999996,0.1336866902237927
annotated,Sora,ariasto_852379771%2Fmd.mp4,patch_only,,0.7,0.3,motion_soft,2,4,0.07,0.01,0.5447585394581861,0.46189634864546525,0.46189634864546525,0.26855123674911663
annotated,Sora,arnav619_734526242%2Fmd.mp4,patch_only,,0.7,0.3,motion_soft,2,4,0.07,0.01,0.24322732626619553,0.2326266195524146,0.2326266195524146,0.20789163722025913
annotated,Sora,art_tra_979742107%2Fmd.mp4,patch_only,,0.7,0.3,motion_soft,2,4,0.07,0.01,0.21024734982332155,0.15141342756183745,0.15141342756183745,0.014134275618374558
annotated,Sora,artemasso_706144935%2Fmd.mp4,patch_only,,0.7,0.3,motion_soft,2,4,0.07,0.01,0.05123674911660778,0.17102473498233214,0.17102473498233214,0.450530035335689
annotated,Sora,arthures369_194530034%2Fmd.mp4,patch_only,,0.7,0.3,motion_soft,2,4,0.07,0.01,0.015901060070671377,0.015547703180212013,0.015547703180212013,0.014723203769140165
annotated,Sora,artimuebles_483781783%2Fmd.mp4,patch_only,,0.7,0.3,motion_soft,2,4,0.07,0.01,0.4628975265017668,0.5593639575971732,0.5593639575971732,0.784452296819788
annotated,Sora,artzet_940092949%2Fmd.mp4,patch_only,,0.7,0.3,motion_soft,2,4,0.07,0.01,0.011189634864546525,0.06666666666666667,0.06666666666666667,0.196113074204947
annotated,Sora,arukamo_935771223%2Fmd.mp4,patch_only,,0.7,0.3,motion_soft,2,4,0.07,0.01,0.2414605418138987,0.16919905771495874,0.16919905771495874,0.0005889281507656066
annotated,Sora,asd123zxc2314_385850007%2Fmd.mp4,patch_only,,0.7,0.3,motion_soft,2,4,0.07,0.01,0.3286219081272085,0.45088339222614837,0.45088339222614837,0.7361601884570083
annotated,Sora,ashes1881_697273547%2Fmd.mp4,patch_only,,0.7,0.3,motion_soft,2,4,0.07,0.01,0.11248527679623085,0.36919905771495876,0.36919905771495876,0.9681978798586572
annotated,Sora,asimjofa321_148452168%2Fmd.mp4,patch_only,,0.7,0.3,motion_soft,2,4,0.07,0.01,0.20082449941107186,0.3347467608951708,0.3347467608951708,0.6472320376914017
annotated,Sora,aspirezonerealestate_707980198%2Fmd.mp4,patch_only,,0.7,0.3,motion_soft,2,4,0.07,0.01,0.5153121319199058,0.5442873969375736,0.5442873969375736,0.6118963486454653
annotated,Sora,astacake_48457029%2Fmd.mp4,patch_only,,0.7,0.3,motion_soft,2,4,0.07,0.01,0.12073027090694935,0.1163133097762073,0.1163133097762073,0.10600706713780919
annotated,Sora,asuragate_952991473%2Fmd.mp4,patch_only,,0.7,0.3,motion_soft,2,4,0.07,0.01,0.3492343934040047,0.4010011778563015,0.4010011778563015,0.5217903415783275
annotated,Sora,at____999_458200743%2Fmd.mp4,patch_only,,0.7,0.3,motion_soft,2,4,0.07,0.01,0.17491166077738515,0.12455830388692579,0.12455830388692579,0.007067137809187279
annotated,Sora,atakivancevsen_96347779%2Fmd.mp4,patch_only,,0.7,0.3,motion_soft,2,4,0.07,0.01,0.4363957597173145,0.5379858657243816,0.5379858657243816,0.7750294464075382
annotated,Sora,atheef_583386805%2Fmd.mp4,patch_only,,0.7,0.3,motion_soft,2,4,0.07,0.01,0.21672555948174324,0.1767962308598351,0.1767962308598351,0.08362779740871613
annotated,Sora,auiyukicute4gmailcom_532002007%2Fmd.mp4,patch_only,,0.7,0.3,motion_soft,2,4,0.07,0.01,0.18610129564193167,0.15818610129564192,0.15818610129564192,0.09305064782096584
annotated,Sora,aurora-sora_487554182%2Fmd.mp4,patch_only,,0.7,0.3,motion_soft,2,4,0.07,0.01,0.03356890459363958,0.029858657243816256,0.029858657243816256,0.02120141342756184
annotated,Sora,aurota_lala_424237240%2Fmd.mp4,patch_only,,0.7,0.3,motion_soft,2,4,0.07,0.01,0.5141342756183745,0.5130742049469964,0.5130742049469964,0.5106007067137809
annotated,Sora,aurus-_270918830%2Fmd.mp4,patch_only,,0.7,0.3,motion_soft,2,4,0.07,0.01,0.5506478209658422,0.4103651354534747,0.4103651354534747,0.08303886925795052
annotated,Sora,austerestore_475177574%2Fmd.mp4,patch_only,,0.7,0.3,motion_soft,2,4,0.07,0.01,0.09540636042402827,0.1273851590106007,0.1273851590106007,0.20200235571260305
annotated,Sora,austin355_586562389%2Fmd.mp4,patch_only,,0.7,0.3,motion_soft,2,4,0.07,0.01,0.07538280329799764,0.05859835100117785,0.05859835100117785,0.019434628975265017
annotated,Sora,autreone_709991703%2Fmd.mp4,patch_only,,0.7,0.3,motion_soft,2,4,0.07,0.01,0.1154299175500589,0.11843345111896349,0.11843345111896349,0.1254416961130742
annotated,Sora,autumnolive_772003448%2Fmd.mp4,patch_only,,0.7,0.3,motion_soft,2,4,0.07,0.01,0.1154299175500589,0.154829210836278,0.154829210836278,0.24676089517078917
annotated,Sora,avamarketing_582895542%2Fmd.mp4,patch_only,,0.7,0.3,motion_soft,2,4,0.07,0.01,0.38928150765606595,0.35235571260306237,0.35235571260306237,0.2661955241460542
annotated,Sora,awxdi_776270500%2Fmd.mp4,patch_only,,0.7,0.3,motion_soft,2,4,0.07,0.01,0.4988221436984688,0.5212603062426383,0.5212603062426383,0.5736160188457008
annotated,Sora,axo09_278259719%2Fmd.mp4,patch_only,,0.7,0.3,motion_soft,2,4,0.07,0.01,0.5918727915194346,0.49416961130742043,0.49416961130742043,0.2661955241460542
annotated,Sora,ayami_jp_318488182%2Fmd.mp4,patch_only,,0.7,0.3,motion_soft,2,4,0.07,0.01,0.16136631330977622,0.13168433451118963,0.13168433451118963,0.0624263839811543
annotated,Sora,ayan12_610035271%2Fmd.mp4,patch_only,,0.7,0.3,motion_soft,2,4,0.07,0.01,0.21554770318021202,0.1549469964664311,0.1549469964664311,0.013545347467608953
annotated,Sora,aymbot_529062337%2Fmd.mp4,patch_only,,0.7,0.3,motion_soft,2,4,0.07,0.01,0.2597173144876325,0.3832155477031802,0.3832155477031802,0.6713780918727915
annotated,Sora,azenmoktan_87349735%2Fmd.mp4,patch_only,,0.7,0.3,motion_soft,2,4,0.07,0.01,0.2756183745583039,0.3231448763250883,0.3231448763250883,0.43404004711425204
annotated,Sora,b_i_a_777331738%2Fmd.mp4,patch_only,,0.7,0.3,motion_soft,2,4,0.07,0.01,0.027090694935217905,0.01967020023557126,0.01967020023557126,0.002355712603062426
annotated,Sora,bababububu_232918578%2Fmd.mp4,patch_only,,0.7,0.3,motion_soft,2,4,0.07,0.01,0.34393404004711425,0.33792697290930507,0.33792697290930507,0.32391048292108365
annotated,Sora,babu12999_504611764%2Fmd.mp4,patch_only,,0.7,0.3,motion_soft,2,4,0.07,0.01,0.16136631330977622,0.128150765606596,0.128150765606596,0.050647820965842166
annotated,Sora,babychamp_128451259%2Fmd.mp4,patch_only,,0.7,0.3,motion_soft,2,4,0.07,0.01,0.5453474676089517,0.6103651354534746,0.6103651354534746,0.7620730270906949
annotated,Sora,babycharmcz_993616866%2Fmd.mp4,patch_only,,0.7,0.3,motion_soft,2,4,0.07,0.01,0.6837455830388692,0.5300353356890459,0.5300353356890459,0.17137809187279152
annotated,Sora,babygaang_398671334%2Fmd.mp4,patch_only,,0.7,0.3,motion_soft,2,4,0.07,0.01,0.15783274440518258,0.24493521790341577,0.24493521790341577,0.44817432273262664
annotated,Sora,badhiin_watermarked.mp4,patch_only,,0.7,0.3,motion_soft,2,4,0.07,0.01,0.0,0.08356890459363957,0.08356890459363957,0.2785630153121319
annotated,Sora,bae1981_475803894%2Fmd.mp4,patch_only,,0.7,0.3,motion_soft,2,4,0.07,0.01,0.11248527679623085,0.0806831566548881,0.0806831566548881,0.006478209658421673
annotated,Sora,bajpaianshuman_835560964%2Fmd.mp4,patch_only,,0.7,0.3,motion_soft,2,4,0.07,0.01,0.01707891637220259,0.019375736160188457,0.019375736160188457,0.024734982332155476
annotated,Sora,bami0776_956498167%2Fmd.mp4,patch_only,,0.7,0.3,motion_soft,2,4,0.07,0.01,0.18256772673733804,0.1311542991755006,0.1311542991755006,0.011189634864546525
annotated,Sora,bananenfaust_522597945%2Fmd.mp4,patch_only,,0.7,0.3,motion_soft,2,4,0.07,0.01,0.004122497055359246,0.004652532391048292,0.004652532391048292,0.005889281507656066
annotated,Sora,banchoet_78940656%2Fmd.mp4,patch_only,,0.7,0.3,motion_soft,2,4,0.07,0.01,0.8215547703180212,0.7558303886925795,0.7558303886925795,0.6024734982332155
annotated,Sora,barbagallo_478897870%2Fmd.mp4,patch_only,,0.7,0.3,motion_soft,2,4,0.07,0.01,0.004122497055359246,0.006419316843345112,0.006419316843345112,0.011778563015312132
annotated,Sora,barizzaofis_795702849%2Fmd.mp4,patch_only,,0.7,0.3,motion_soft,2,4,0.07,0.01,0.23910482921083628,0.17090694935217904,0.17090694935217904,0.011778563015312132
annotated,Sora,barsfunnyaf_908182574%2Fmd.mp4,patch_only,,0.7,0.3,motion_soft,2,4,0.07,0.01,0.016489988221436984,0.015076560659599527,0.015076560659599527,0.011778563015312132
annotated,Sora,batmang_492024172%2Fmd.mp4,patch_only,,0.7,0.3,motion_soft,2,4,0.07,0.01,0.09540636042402827,0.14151943462897526,0.14151943462897526,0.24911660777385158
annotated,Sora,bcabe_771103962%2Fmd.mp4,patch_only,,0.7,0.3,motion_soft,2,4,0.07,0.01,0.6648998822143698,0.521967020023557,0.521967020023557,0.18845700824499412
annotated,Sora,beckytravis_410235854%2Fmd.mp4,patch_only,,0.7,0.3,motion_soft,2,4,0.07,0.01,0.18080094228504123,0.23804475853945817,0.23804475853945817,0.37161366313309774
annotated,Sora,beegee1152_421751003%2Fmd.mp4,patch_only,,0.7,0.3,motion_soft,2,4,0.07,0.01,0.35571260306242636,0.29493521790341576,0.29493521790341576,0.15312131919905772
annotated,Sora,believeinjc_586471273%2Fmd.mp4,patch_only,,0.7,0.3,motion_soft,2,4,0.07,0.01,0.008244994110718492,0.05700824499411072,0.05700824499411072,0.1707891637220259
annotated,Sora,bella_libya_watermarked.mp4,patch_only,,0.7,0.3,motion_soft,2,4,0.07,0.01,0.5441696113074205,0.49293286219081267,0.49293286219081267,0.37338044758539457
annotated,Sora,bem2025s_521143860%2Fmd.mp4,patch_only,,0.7,0.3,motion_soft,2,4,0.07,0.01,0.45288574793875147,0.36648998822143697,0.36648998822143697,0.16489988221436985
annotated,Sora,benbakry_826187566%2Fmd.mp4,patch_only,,0.7,0.3,motion_soft,2,4,0.07,0.01,0.10129564193168433,0.07267373380447585,0.07267373380447585,0.005889281507656066
annotated,Sora,benigogoi_658001820%2Fmd.mp4,patch_only,,0.7,0.3,motion_soft,2,4,0.07,0.01,0.4711425206124853,0.42502944640753826,0.42502944640753826,0.31743227326266193
annotated,Sora,benlatrobe_712706050%2Fmd.mp4,patch_only,,0.7,0.3,motion_soft,2,4,0.07,0.01,0.3539458186101296,0.2772673733804476,0.2772673733804476,0.0983510011778563
annotated,Sora,bergkamp1977_241944285%2Fmd.mp4,patch_only,,0.7,0.3,motion_soft,2,4,0.07,0.01,0.053003533568904596,0.0939929328621908,0.0939929328621908,0.1896348645465253
annotated,Sora,bernardonyqr6_59392084%2Fmd.mp4,patch_only,,0.7,0.3,motion_soft,2,4,0.07,0.01,0.13604240282685512,0.09540636042402827,0.09540636042402827,0.0005889281507656066
annotated,Sora,berne63_850814281%2Fmd.mp4,patch_only,,0.7,0.3,motion_soft,2,4,0.07,0.01,0.5241460541813898,0.41195524146054174,0.41195524146054174,0.1501766784452297
annotated,Sora,beth999_585771189%2Fmd.mp4,patch_only,,0.7,0.3,motion_soft,2,4,0.07,0.01,0.13957597173144876,0.12385159010600706,0.12385159010600706,0.08716136631330977
annotated,Sora,beziiiii_173900815%2Fmd.mp4,patch_only,,0.7,0.3,motion_soft,2,4,0.07,0.01,0.5806831566548881,0.4939340400471143,0.4939340400471143,0.2915194346289753
annotated,Sora,bfrkyr_986901808%2Fmd.mp4,patch_only,,0.7,0.3,motion_soft,2,4,0.07,0.01,0.03769140164899882,0.09157832744405181,0.09157832744405181,0.21731448763250882
annotated,Sora,bgayle777_645011331%2Fmd.mp4,patch_only,,0.7,0.3,motion_soft,2,4,0.07,0.01,0.0005889281507656066,0.0034157832744405184,0.0034157832744405184,0.010011778563015312
annotated,Sora,bgcgroup_690611799%2Fmd.mp4,patch_only,,0.7,0.3,motion_soft,2,4,0.07,0.01,0.17255594817432274,0.1266195524146054,0.1266195524146054,0.019434628975265017
annotated,Sora,bharath2502_847284518%2Fmd.mp4,patch_only,,0.7,0.3,motion_soft,2,4,0.07,0.01,0.15665488810365136,0.20859835100117785,0.20859835100117785,0.3297997644287397
annotated,Sora,bhavik786_690086001%2Fmd.mp4,patch_only,,0.7,0.3,motion_soft,2,4,0.07,0.01,0.016489988221436984,0.018963486454652533,0.018963486454652533,0.024734982332155476
annotated,Sora,bibanus_300660996%2Fmd.mp4,patch_only,,0.7,0.3,motion_soft,2,4,0.07,0.01,0.1525323910482921,0.14511189634864546,0.14511189634864546,0.12779740871613662
annotated,Sora,bigserial_127535823%2Fmd.mp4,patch_only,,0.7,0.3,motion_soft,2,4,0.07,0.01,0.03356890459363958,0.023498233215547705,0.023498233215547705,0.0
annotated,Sora,binbin9175_599101194%2Fmd.mp4,patch_only,,0.7,0.3,motion_soft,2,4,0.07,0.01,0.35630153121319197,0.252944640753828,0.252944640753828,0.011778563015312132
annotated,Sora,biqy_501144162%2Fmd.mp4,patch_only,,0.7,0.3,motion_soft,2,4,0.07,0.01,0.31802120141342755,0.40989399293286216,0.40989399293286216,0.624263839811543
annotated,Sora,bkf0015_469589399%2Fmd.mp4,patch_only,,0.7,0.3,motion_soft,2,4,0.07,0.01,0.2756183745583039,0.3503533568904593,0.3503533568904593,0.5247349823321554
annotated,Sora,bl8ckh8mm3r83_445636073%2Fmd.mp4,patch_only,,0.7,0.3,motion_soft,2,4,0.07,0.01,0.002944640753828033,0.002237926972909305,0.002237926972909305,0.0005889281507656066
annotated,Sora,blacktreklamp_356779907%2Fmd.mp4,patch_only,,0.7,0.3,motion_soft,2,4,0.07,0.01,0.024734982332155476,0.11042402826855122,0.11042402826855122,0.31036513545347466
annotated,Sora,blazicks_318148198%2Fmd.mp4,patch_only,,0.7,0.3,motion_soft,2,4,0.07,0.01,0.002355712603062426,0.005005889281507655,0.005005889281507655,0.011189634864546525
annotated,Sora,blizzad_773522257%2Fmd.mp4,patch_only,,0.7,0.3,motion_soft,2,4,0.07,0.01,0.3121319199057715,0.2775029446407538,0.2775029446407538,0.1967020023557126
annotated,Sora,bloomxd_407394449%2Fmd.mp4,patch_only,,0.7,0.3,motion_soft,2,4,0.07,0.01,0.09305064782096584,0.18280329799764428,0.18280329799764428,0.392226148409894
annotated,Sora,blueryan_529348797%2Fmd.mp4,patch_only,,0.7,0.3,motion_soft,2,4,0.07,0.01,0.10659599528857479,0.0896348645465253,0.0896348645465253,0.05005889281507656
annotated,Sora,bluewagun_41638069%2Fmd.mp4,patch_only,,0.7,0.3,motion_soft,2,4,0.07,0.01,0.04063604240282685,0.10918727915194347,0.10918727915194347,0.26914016489988224
annotated,Sora,bojackhorsemanpbj_113101031%2Fmd.mp4,patch_only,,0.7,0.3,motion_soft,2,4,0.07,0.01,0.1501766784452297,0.12314487632508833,0.12314487632508833,0.06007067137809187
annotated,Sora,bonesmx_768572567%2Fmd.mp4,patch_only,,0.7,0.3,motion_soft,2,4,0.07,0.01,0.02767962308598351,0.034746760895170786,0.034746760895170786,0.05123674911660778
annotated,Sora,bongado_52019138%2Fmd.mp4,patch_only,,0.7,0.3,motion_soft,2,4,0.07,0.01,0.4617196702002356,0.3405182567726737,0.3405182567726737,0.05771495877502945
annotated,Sora,bonjouryentinglai_437714217%2Fmd.mp4,patch_only,,0.7,0.3,motion_soft,2,4,0.07,0.01,0.5394581861012956,0.3928150765606595,0.3928150765606595,0.050647820965842166
annotated,Sora,boostgo_656435623%2Fmd.mp4,patch_only,,0.7,0.3,motion_soft,2,4,0.07,0.01,0.7455830388692579,0.6017667844522968,0.6017667844522968,0.2661955241460542
annotated,Sora,bootgimp_65065717%2Fmd.mp4,patch_only,,0.7,0.3,motion_soft,2,4,0.07,0.01,0.024734982332155476,0.2,0.2,0.6089517078916372
annotated,Sora,boxermann_154367211%2Fmd.mp4,patch_only,,0.7,0.3,motion_soft,2,4,0.07,0.01,0.004711425206124852,0.006654888103651354,0.006654888103651354,0.011189634864546525
annotated,Sora,brabieblue_817914292%2Fmd.mp4,patch_only,,0.7,0.3,motion_soft,2,4,0.07,0.01,0.17667844522968199,0.18197879858657243,0.18197879858657243,0.19434628975265017
annotated,Sora,bradfordbarnett_418232944%2Fmd.mp4,patch_only,,0.7,0.3,motion_soft,2,4,0.07,0.01,0.2773851590106007,0.2614840989399293,0.2614840989399293,0.22438162544169613
annotated,Sora,brandonhuang01_267473516%2Fmd.mp4,patch_only,,0.7,0.3,motion_soft,2,4,0.07,0.01,0.21672555948174324,0.22538280329799765,0.22538280329799765,0.24558303886925795
annotated,Sora,brandonius_942619990%2Fmd.mp4,patch_only,,0.7,0.3,motion_soft,2,4,0.07,0.01,0.053003533568904596,0.09257950530035336,0.09257950530035336,0.18492343934040048
annotated,Sora,bre337_769251236%2Fmd.mp4,patch_only,,0.7,0.3,motion_soft,2,4,0.07,0.01,0.13722025912838634,0.11336866902237927,0.11336866902237927,0.05771495877502945
annotated,Sora,breathesisbykenique_806232855%2Fmd.mp4,patch_only,,0.7,0.3,motion_soft,2,4,0.07,0.01,0.06713780918727916,0.09187279151943464,0.09187279151943464,0.14958775029446408
annotated,Sora,brickwahl_999_509695725%2Fmd.mp4,patch_only,,0.7,0.3,motion_soft,2,4,0.07,0.01,0.1967020023557126,0.17161366313309775,0.17161366313309775,0.11307420494699646
annotated,Sora,brodiedance_706000421%2Fmd.mp4,patch_only,,0.7,0.3,motion_soft,2,4,0.07,0.01,0.08244994110718493,0.19958775029446404,0.19958775029446404,0.47290930506478207
annotated,Sora,bryanarias_749269367%2Fmd.mp4,patch_only,,0.7,0.3,motion_soft,2,4,0.07,0.01,0.160188457008245,0.12944640753828032,0.12944640753828032,0.05771495877502945
annotated,Sora,bstaff413_310949993%2Fmd.mp4,patch_only,,0.7,0.3,motion_soft,2,4,0.07,0.01,0.3869257950530035,0.3035335689045936,0.3035335689045936,0.10895170789163722
annotated,Sora,bthalion_589431267%2Fmd.mp4,patch_only,,0.7,0.3,motion_soft,2,4,0.07,0.01,0.027090694935217905,0.13027090694935217,0.13027090694935217,0.3710247349823322
annotated,Sora,btpriyal_575225816%2Fmd.mp4,patch_only,,0.7,0.3,motion_soft,2,4,0.07,0.01,0.06713780918727916,0.1176678445229682,0.1176678445229682,0.23557126030624265
annotated,Sora,bubarad_295104563%2Fmd.mp4,patch_only,,0.7,0.3,motion_soft,2,4,0.07,0.01,0.002944640753828033,0.01001177856301531,0.01001177856301531,0.026501766784452298
annotated,Sora,bubtuk_148233142%2Fmd.mp4,patch_only,,0.7,0.3,motion_soft,2,4,0.07,0.01,0.2497055359246172,0.4293875147232038,0.4293875147232038,0.8486454652532391
annotated,Sora,bugunda1974_696387245%2Fmd.mp4,patch_only,,0.7,0.3,motion_soft,2,4,0.07,0.01,0.014134275618374558,0.11872791519434629,0.11872791519434629,0.3627797408716137
annotated,Sora,burek_svemirski_861660516%2Fmd.mp4,patch_only,,0.7,0.3,motion_soft,2,4,0.07,0.01,0.020023557126030624,0.014369846878680799,0.014369846878680799,0.001177856301531213
annotated,Sora,buschdogg_875400141%2Fmd.mp4,patch_only,,0.7,0.3,motion_soft,2,4,0.07,0.01,0.6160188457008245,0.6071849234393404,0.6071849234393404,0.5865724381625441
annotated,Sora,bussingjokes_699010719%2Fmd.mp4,patch_only,,0.7,0.3,motion_soft,2,4,0.07,0.01,0.33510011778563015,0.2865135453474676,0.2865135453474676,0.17314487632508835
annotated,Sora,bytebuilders_205000963%2Fmd.mp4,patch_only,,0.7,0.3,motion_soft,2,4,0.07,0.01,0.25500588928150764,0.4025323910482921,0.4025323910482921,0.7467608951707891
annotated,Sora,c18ola_363151624%2Fmd.mp4,patch_only,,0.7,0.3,motion_soft,2,4,0.07,0.01,0.09599528857479388,0.08309776207302709,0.08309776207302709,0.053003533568904596
annotated,Sora,cache13_394202853%2Fmd.mp4,patch_only,,0.7,0.3,motion_soft,2,4,0.07,0.01,0.14899882214369847,0.25323910482921086,0.25323910482921086,0.49646643109540634
annotated,Sora,caesar_08_102119734%2Fmd.mp4,patch_only,,0.7,0.3,motion_soft,2,4,0.07,0.01,0.31448763250883394,0.2351590106007067,0.2351590106007067,0.05005889281507656
annotated,Sora,cainhd2_watermarked.mp4,patch_only,,0.7,0.3,motion_soft,2,4,0.07,0.01,0.01060070671378092,0.14187279151943463,0.14187279151943463,0.44817432273262664
annotated,Sora,callumhall0504_276528656%2Fmd.mp4,patch_only,,0.7,0.3,motion_soft,2,4,0.07,0.01,0.5777385159010601,0.4420494699646643,0.4420494699646643,0.1254416961130742
annotated,Sora,canekbasti_337896899%2Fmd.mp4,patch_only,,0.7,0.3,motion_soft,2,4,0.07,0.01,0.2143698468786808,0.15535924617196703,0.15535924617196703,0.0176678445229682
annotated,Sora,canofsticks_817228831%2Fmd.mp4,patch_only,,0.7,0.3,motion_soft,2,4,0.07,0.01,0.19140164899882214,0.15482921083627796,0.15482921083627796,0.06949352179034157
annotated,Sora,caobin_710564068%2Fmd.mp4,patch_only,,0.7,0.3,motion_soft,2,4,0.07,0.01,0.10482921083627797,0.1083627797408716,0.1083627797408716,0.1166077738515901
annotated,Sora,captainsroute_479705604%2Fmd.mp4,patch_only,,0.7,0.3,motion_soft,2,4,0.07,0.01,0.748527679623086,0.751354534746761,0.751354534746761,0.7579505300353356
annotated,Sora,capybaraboy_870409113%2Fmd.mp4,patch_only,,0.7,0.3,motion_soft,2,4,0.07,0.01,0.06065959952885748,0.09387514723203769,0.09387514723203769,0.17137809187279152
annotated,Sora,caramelaimel_630289840%2Fmd.mp4,patch_only,,0.7,0.3,motion_soft,2,4,0.07,0.01,0.02120141342756184,0.10812720848056537,0.10812720848056537,0.31095406360424027
annotated,Sora,carefree5collective_965803380%2Fmd.mp4,patch_only,,0.7,0.3,motion_soft,2,4,0.07,0.01,0.06301531213191991,0.053828032979976445,0.053828032979976445,0.032391048292108364
annotated,Sora,carlosantonio_430605212%2Fmd.mp4,patch_only,,0.7,0.3,motion_soft,2,4,0.07,0.01,0.3869257950530035,0.2710247349823321,0.2710247349823321,0.0005889281507656066
annotated,Sora,casey2025_371635944%2Fmd.mp4,patch_only,,0.7,0.3,motion_soft,2,4,0.07,0.01,0.011189634864546525,0.00995288574793875,0.00995288574793875,0.007067137809187279
annotated,Sora,casp3rrrr_909638998%2Fmd.mp4,patch_only,,0.7,0.3,motion_soft,2,4,0.07,0.01,0.5806831566548881,0.6750294464075384,0.6750294464075384,0.8951707891637221
annotated,Sora,cat13471718_779057186%2Fmd.mp4,patch_only,,0.7,0.3,motion_soft,2,4,0.07,0.01,0.009422850412249705,0.0564193168433451,0.0564193168433451,0.16607773851590105
annotated,Sora,catieiei_772883956%2Fmd.mp4,patch_only,,0.7,0.3,motion_soft,2,4,0.07,0.01,0.22673733804475854,0.27073027090694934,0.27073027090694934,0.37338044758539457
annotated,Sora,cats1401_606207696%2Fmd.mp4,patch_only,,0.7,0.3,motion_soft,2,4,0.07,0.01,0.06595995288574794,0.0613663133097762,0.0613663133097762,0.050647820965842166
annotated,Sora,cb-teamdks_516914746%2Fmd.mp4,patch_only,,0.7,0.3,motion_soft,2,4,0.07,0.01,0.20965842167255594,0.2195524146054181,0.2195524146054181,0.24263839811542992
annotated,Sora,cb13_518201373%2Fmd.mp4,patch_only,,0.7,0.3,motion_soft,2,4,0.07,0.01,0.14428739693757361,0.10100117785630153,0.10100117785630153,0.0
annotated,Sora,cbd-kluk_667115510%2Fmd.mp4,patch_only,,0.7,0.3,motion_soft,2,4,0.07,0.01,0.19022379269729092,0.1395170789163722,0.1395170789163722,0.02120141342756184
annotated,Sora,cdkljfh3546yrfg_160472766%2Fmd.mp4,patch_only,,0.7,0.3,motion_soft,2,4,0.07,0.01,0.027090694935217905,0.060306242638398115,0.060306242638398115,0.13780918727915195
annotated,Sora,cesar126a_538201963%2Fmd.mp4,patch_only,,0.7,0.3,motion_soft,2,4,0.07,0.01,0.02237926972909305,0.018492343934040045,0.018492343934040045,0.009422850412249705
annotated,Sora,cfuzi_503954378%2Fmd.mp4,patch_only,,0.7,0.3,motion_soft,2,4,0.07,0.01,0.11248527679623085,0.07891637220259128,0.07891637220259128,0.0005889281507656066
annotated,Sora,cgdg_99696766%2Fmd.mp4,patch_only,,0.7,0.3,motion_soft,2,4,0.07,0.01,0.03356890459363958,0.027915194346289755,0.027915194346289755,0.014723203769140165
annotated,Sora,chasexcx_403885798%2Fmd.mp4,patch_only,,0.7,0.3,motion_soft,2,4,0.07,0.01,0.6260306242638398,0.5115429917550058,0.5115429917550058,0.24440518256772673
annotated,Sora,chatgpt3004_457460970%2Fmd.mp4,patch_only,,0.7,0.3,motion_soft,2,4,0.07,0.01,0.127208480565371,0.17367491166077736,0.17367491166077736,0.28209658421672557
annotated,Sora,chatgptplususer0_409682271%2Fmd.mp4,patch_only,,0.7,0.3,motion_soft,2,4,0.07,0.01,0.5547703180212014,0.49805653710247344,0.49805653710247344,0.3657243816254417
annotated,Sora,chaun811_166688670%2Fmd.mp4,patch_only,,0.7,0.3,motion_soft,2,4,0.07,0.01,0.11778563015312132,0.1720259128386337,0.1720259128386337,0.29858657243816256
annotated,Sora,chazn_744158193%2Fmd.mp4,patch_only,,0.7,0.3,motion_soft,2,4,0.07,0.01,0.030624263839811542,0.027620730270906946,0.027620730270906946,0.02061248527679623
annotated,Sora,cheetahvscrocodile_938385704%2Fmd.mp4,patch_only,,0.7,0.3,motion_soft,2,4,0.07,0.01,0.05771495877502945,0.10170789163722026,0.10170789163722026,0.2043580683156655
annotated,Sora,chhm97_756201403%2Fmd.mp4,patch_only,,0.7,0.3,motion_soft,2,4,0.07,0.01,0.09305064782096584,0.07396937573616019,0.07396937573616019,0.02944640753828033
annotated,Sora,chiaras26_322200714%2Fmd.mp4,patch_only,,0.7,0.3,motion_soft,2,4,0.07,0.01,0.06713780918727916,0.2243816254416961,0.2243816254416961,0.591283863368669
annotated,Sora,childrengame_349702204%2Fmd.mp4,patch_only,,0.7,0.3,motion_soft,2,4,0.07,0.01,0.06713780918727916,0.09946996466431096,0.09946996466431096,0.17491166077738515
annotated,Sora,chintubhl4u_743579561%2Fmd.mp4,patch_only,,0.7,0.3,motion_soft,2,4,0.07,0.01,0.0005889281507656066,0.0005889281507656066,0.0005889281507656066,0.0005889281507656066
annotated,Sora,chococereal_515762206%2Fmd.mp4,patch_only,,0.7,0.3,motion_soft,2,4,0.07,0.01,0.2620730270906949,0.20376914016489986,0.20376914016489986,0.06772673733804475
annotated,Sora,chokynana_256090007%2Fmd.mp4,patch_only,,0.7,0.3,motion_soft,2,4,0.07,0.01,0.19199057714958775,0.16866902237926973,0.16866902237926973,0.11425206124852769
annotated,Sora,chomai_5046861%2Fmd.mp4,patch_only,,0.7,0.3,motion_soft,2,4,0.07,0.01,0.15076560659599528,0.25712603062426387,0.25712603062426387,0.5053003533568905
annotated,Sora,choomantraa_38810765%2Fmd.mp4,patch_only,,0.7,0.3,motion_soft,2,4,0.07,0.01,0.13898704358068315,0.1020612485276796,0.1020612485276796,0.015901060070671377
annotated,Sora,chris-is-agile_293885078%2Fmd.mp4,patch_only,,0.7,0.3,motion_soft,2,4,0.07,0.01,0.30859835100117783,0.3926972909305064,0.3926972909305064,0.5889281507656066
annotated,Sora,chriskpictures_966578016%2Fmd.mp4,patch_only,,0.7,0.3,motion_soft,2,4,0.07,0.01,0.1071849234393404,0.08085983510011778,0.08085983510011778,0.019434628975265017
annotated,Sora,chrismas_315229662%2Fmd.mp4,patch_only,,0.7,0.3,motion_soft,2,4,0.07,0.01,0.24440518256772673,0.36489988221436986,0.36489988221436986,0.6460541813898705
annotated,Sora,chrismom_245173793%2Fmd.mp4,patch_only,,0.7,0.3,motion_soft,2,4,0.07,0.01,0.13898704358068315,0.09905771495877501,0.09905771495877501,0.005889281507656066
annotated,Sora,christianebechler_619850547%2Fmd.mp4,patch_only,,0.7,0.3,motion_soft,2,4,0.07,0.01,0.0035335689045936395,0.009540636042402826,0.009540636042402826,0.023557126030624265
annotated,Sora,chs3_378954854%2Fmd.mp4,patch_only,,0.7,0.3,motion_soft,2,4,0.07,0.01,0.5506478209658422,0.6200824499411072,0.6200824499411072,0.7820965842167256
annotated,Sora,cihjrp_271742031%2Fmd.mp4,patch_only,,0.7,0.3,motion_soft,2,4,0.07,0.01,0.17491166077738515,0.12579505300353355,0.12579505300353355,0.011189634864546525
annotated,Sora,cindyaaa20_453641741%2Fmd.mp4,patch_only,,0.7,0.3,motion_soft,2,4,0.07,0.01,0.09599528857479388,0.10765606595995288,0.10765606595995288,0.1348645465253239
annotated,Sora,clozoro_828586341%2Fmd.mp4,patch_only,,0.7,0.3,motion_soft,2,4,0.07,0.01,0.008244994110718492,0.006478209658421672,0.006478209658421672,0.002355712603062426
annotated,Sora,cmorel1107_699879499%2Fmd.mp4,patch_only,,0.7,0.3,motion_soft,2,4,0.07,0.01,0.1348645465253239,0.09970553592461717,0.09970553592461717,0.0176678445229682
annotated,Sora,cnkim_322777371%2Fmd.mp4,patch_only,,0.7,0.3,motion_soft,2,4,0.07,0.01,0.18374558303886926,0.14151943462897526,0.14151943462897526,0.04299175500588928
annotated,Sora,cnugoodai1gmailcom_729543292%2Fmd.mp4,patch_only,,0.7,0.3,motion_soft,2,4,0.07,0.01,0.1872791519434629,0.1353356890459364,0.1353356890459364,0.014134275618374558
annotated,Sora,cobaxter_870868562%2Fmd.mp4,patch_only,,0.7,0.3,motion_soft,2,4,0.07,0.01,0.2037691401648999,0.16136631330977622,0.16136631330977622,0.0624263839811543
annotated,Sora,codumo_844467006%2Fmd.mp4,patch_only,,0.7,0.3,motion_soft,2,4,0.07,0.01,0.0447585394581861,0.060306242638398115,0.060306242638398115,0.09658421672555949
annotated,Sora,coldrock_240284482%2Fmd.mp4,patch_only,,0.7,0.3,motion_soft,2,4,0.07,0.01,0.5200235571260307,0.5355712603062426,0.5355712603062426,0.571849234393404
annotated,Sora,compeador_709661667%2Fmd.mp4,patch_only,,0.7,0.3,motion_soft,2,4,0.07,0.01,0.0,0.005830388692579505,0.005830388692579505,0.019434628975265017
annotated,Sora,comrade_rt_656517612%2Fmd.mp4,patch_only,,0.7,0.3,motion_soft,2,4,0.07,0.01,0.053003533568904596,0.13939929328621908,0.13939929328621908,0.3409893992932862
annotated,Sora,connorcac_562657148%2Fmd.mp4,patch_only,,0.7,0.3,motion_soft,2,4,0.07,0.01,0.0,0.012014134275618375,0.012014134275618375,0.04004711425206125
annotated,Sora,conquestofzabor_465405624%2Fmd.mp4,patch_only,,0.7,0.3,motion_soft,2,4,0.07,0.01,0.2585394581861013,0.2076560659599529,0.2076560659599529,0.08892815076560659
annotated,Sora,consoleout_804775100%2Fmd.mp4,patch_only,,0.7,0.3,motion_soft,2,4,0.07,0.01,0.12367491166077739,0.19858657243816252,0.19858657243816252,0.37338044758539457
annotated,Sora,coolastekatten_324776573%2Fmd.mp4,patch_only,,0.7,0.3,motion_soft,2,4,0.07,0.01,0.06419316843345112,0.10571260306242639,0.10571260306242639,0.20259128386336867
annotated,Sora,coqrouge_309642307%2Fmd.mp4,patch_only,,0.7,0.3,motion_soft,2,4,0.07,0.01,0.5176678445229682,0.5268551236749117,0.5268551236749117,0.5482921083627798
annotated,Sora,corastudio_557670912%2Fmd.mp4,patch_only,,0.7,0.3,motion_soft,2,4,0.07,0.01,0.2479387514723204,0.2230270906949352,0.2230270906949352,0.16489988221436985
annotated,Sora,coretech-video_320299135%2Fmd.mp4,patch_only,,0.7,0.3,motion_soft,2,4,0.07,0.01,0.21908127208480566,0.16660777385159012,0.16660777385159012,0.044169611307420496
annotated,Sora,cosus8662_705151392%2Fmd.mp4,patch_only,,0.7,0.3,motion_soft,2,4,0.07,0.01,0.032391048292108364,0.1350412249705536,0.1350412249705536,0.3745583038869258
annotated,Sora,cottyy_729398960%2Fmd.mp4,patch_only,,0.7,0.3,motion_soft,2,4,0.07,0.01,0.30918727915194344,0.24893992932862188,0.24893992932862188,0.10836277974087162
annotated,Sora,cowuu99_44257172%2Fmd.mp4,patch_only,,0.7,0.3,motion_soft,2,4,0.07,0.01,0.03415783274440518,0.05129564193168433,0.05129564193168433,0.09128386336866902
annotated,Sora,cpnbr_218342187%2Fmd.mp4,patch_only,,0.7,0.3,motion_soft,2,4,0.07,0.01,0.010011778563015312,0.03439340400471142,0.03439340400471142,0.09128386336866902
annotated,Sora,crashhstudio_329054510%2Fmd.mp4,patch_only,,0.7,0.3,motion_soft,2,4,0.07,0.01,0.15488810365135453,0.21919905771495876,0.21919905771495876,0.36925795053003535
annotated,Sora,crazykyo2013_76702406%2Fmd.mp4,patch_only,,0.7,0.3,motion_soft,2,4,0.07,0.01,0.31448763250883394,0.25530035335689044,0.25530035335689044,0.11719670200235571
annotated,Sora,creativai_46115001%2Fmd.mp4,patch_only,,0.7,0.3,motion_soft,2,4,0.07,0.01,0.2332155477031802,0.2653710247349823,0.2653710247349823,0.3404004711425206
annotated,Sora,crimony_37712692%2Fmd.mp4,patch_only,,0.7,0.3,motion_soft,2,4,0.07,0.01,0.037102473498233215,0.14028268551236747,0.14028268551236747,0.38103651354534745
annotated,Sora,crisgonb_682370524%2Fmd.mp4,patch_only,,0.7,0.3,motion_soft,2,4,0.07,0.01,0.09363957597173145,0.1413427561837456,0.1413427561837456,0.25265017667844525
annotated,Sora,crjemara_474014621%2Fmd.mp4,patch_only,,0.7,0.3,motion_soft,2,4,0.07,0.01,0.10777385159010601,0.13215547703180214,0.13215547703180214,0.18904593639575973
annotated,Sora,ctv48930f_231287594%2Fmd.mp4,patch_only,,0.7,0.3,motion_soft,2,4,0.07,0.01,0.19199057714958775,0.30117785630153115,0.30117785630153115,0.5559481743227326
annotated,Sora,cur10uzed_440757292%2Fmd.mp4,patch_only,,0.7,0.3,motion_soft,2,4,0.07,0.01,0.17314487632508835,0.2954063604240283,0.2954063604240283,0.5806831566548881
annotated,Sora,cwbschleser_968737390%2Fmd.mp4,patch_only,,0.7,0.3,motion_soft,2,4,0.07,0.01,0.10659599528857479,0.286454652532391,0.286454652532391,0.7061248527679623
annotated,Sora,d3l3t3r_630157237%2Fmd.mp4,patch_only,,0.7,0.3,motion_soft,2,4,0.07,0.01,0.4040047114252061,0.31690223792697286,0.31690223792697286,0.11366313309776208
annotated,Sora,dadada2_watermarked.mp4,patch_only,,0.7,0.3,motion_soft,2,4,0.07,0.01,0.03415783274440518,0.05023557126030624,0.05023557126030624,0.08775029446407538
annotated,Sora,daegyeom1_665546816%2Fmd.mp4,patch_only,,0.7,0.3,motion_soft,2,4,0.07,0.01,0.3138987043580683,0.2264428739693757,0.2264428739693757,0.02237926972909305
annotated,Sora,dakini_cranini_4526540%2Fmd.mp4,patch_only,,0.7,0.3,motion_soft,2,4,0.07,0.01,0.16136631330977622,0.1163133097762073,0.1163133097762073,0.011189634864546525
annotated,Sora,damianon_885106911%2Fmd.mp4,patch_only,,0.7,0.3,motion_soft,2,4,0.07,0.01,0.1607773851590106,0.13798586572438162,0.13798586572438162,0.08480565371024736
annotated,Sora,dan_9999999_343203364%2Fmd.mp4,patch_only,,0.7,0.3,motion_soft,2,4,0.07,0.01,0.01707891637220259,0.01619552414605418,0.01619552414605418,0.014134275618374558
annotated,Sora,dand7_729543769%2Fmd.mp4,patch_only,,0.7,0.3,motion_soft,2,4,0.07,0.01,0.43462897526501765,0.32597173144876324,0.32597173144876324,0.07243816254416961
annotated,Sora,dangerfieldsmith_695531973%2Fmd.mp4,patch_only,,0.7,0.3,motion_soft,2,4,0.07,0.01,0.002355712603062426,0.027444051825677267,0.027444051825677267,0.08598351001177856
annotated,Sora,danieltayxs_660057025%2Fmd.mp4,patch_only,,0.7,0.3,motion_soft,2,4,0.07,0.01,0.004122497055359246,0.006949352179034158,0.006949352179034158,0.013545347467608953
annotated,Sora,darkbloond_370767910%2Fmd.mp4,patch_only,,0.7,0.3,motion_soft,2,4,0.07,0.01,0.3138987043580683,0.22184923439340398,0.22184923439340398,0.007067137809187279
annotated,Sora,daroking_261771646%2Fmd.mp4,patch_only,,0.7,0.3,motion_soft,2,4,0.07,0.01,0.12131919905771496,0.11177856301531212,0.11177856301531212,0.0895170789163722
annotated,Sora,datbv_202053279%2Fmd.mp4,patch_only,,0.7,0.3,motion_soft,2,4,0.07,0.01,0.3421672555948174,0.24835100117785627,0.24835100117785627,0.02944640753828033
annotated,Sora,dathiccboi_watermarked.mp4,patch_only,,0.7,0.3,motion_soft,2,4,0.07,0.01,0.3710247349823322,0.3097173144876325,0.3097173144876325,0.16666666666666666
annotated,Sora,deacon12_154218517%2Fmd.mp4,patch_only,,0.7,0.3,motion_soft,2,4,0.07,0.01,0.30212014134275617,0.4507067137809187,0.4507067137809187,0.7974087161366313
annotated,Sora,deadlycious_473215800%2Fmd.mp4,patch_only,,0.7,0.3,motion_soft,2,4,0.07,0.01,0.5129564193168433,0.39811542991755,0.39811542991755,0.13015312131919907
annotated,Sora,debabrat_825324580%2Fmd.mp4,patch_only,,0.7,0.3,motion_soft,2,4,0.07,0.01,0.160188457008245,0.11425206124852766,0.11425206124852766,0.007067137809187279
annotated,Sora,deep99_567425258%2Fmd.mp4,patch_only,,0.7,0.3,motion_soft,2,4,0.07,0.01,0.25677267373380447,0.18839811542991752,0.18839811542991752,0.028857479387514724
annotated,Sora,deepak2002_311185574%2Fmd.mp4,patch_only,,0.7,0.3,motion_soft,2,4,0.07,0.01,0.08892815076560659,0.1613663133097762,0.1613663133097762,0.3303886925795053
annotated,Sora,deepk_689250595%2Fmd.mp4,patch_only,,0.7,0.3,motion_soft,2,4,0.07,0.01,0.15665488810365136,0.18032979976442876,0.18032979976442876,0.23557126030624265
annotated,Sora,deguru_460443911%2Fmd.mp4,patch_only,,0.7,0.3,motion_soft,2,4,0.07,0.01,0.36336866902237924,0.3280329799764428,0.3280329799764428,0.24558303886925795
annotated,Sora,denai7_377726539%2Fmd.mp4,patch_only,,0.7,0.3,motion_soft,2,4,0.07,0.01,0.01707891637220259,0.016725559481743226,0.016725559481743226,0.015901060070671377
annotated,Sora,denan99_431707645%2Fmd.mp4,patch_only,,0.7,0.3,motion_soft,2,4,0.07,0.01,0.002355712603062426,0.09316843345111896,0.09316843345111896,0.3050647820965842
annotated,Sora,dendemaster_759866418%2Fmd.mp4,patch_only,,0.7,0.3,motion_soft,2,4,0.07,0.01,0.17255594817432274,0.17909305064782094,0.17909305064782094,0.19434628975265017
annotated,Sora,derd4nny_371604535%2Fmd.mp4,patch_only,,0.7,0.3,motion_soft,2,4,0.07,0.01,0.15665488810365136,0.14322732626619553,0.14322732626619553,0.11189634864546526
annotated,Sora,deremkay_401094524%2Fmd.mp4,patch_only,,0.7,0.3,motion_soft,2,4,0.07,0.01,0.026501766784452298,0.157773851590106,0.157773851590106,0.464075382803298
annotated,Sora,derrts_558635912%2Fmd.mp4,patch_only,,0.7,0.3,motion_soft,2,4,0.07,0.01,0.03121319199057715,0.03669022379269729,0.03669022379269729,0.04946996466431095
annotated,Sora,devinmgomez_779564098%2Fmd.mp4,patch_only,,0.7,0.3,motion_soft,2,4,0.07,0.01,0.011189634864546525,0.011542991755005888,0.011542991755005888,0.012367491166077738
annotated,Sora,devoronan_659323%2Fmd.mp4,patch_only,,0.7,0.3,motion_soft,2,4,0.07,0.01,0.06537102473498234,0.05035335689045937,0.05035335689045937,0.015312131919905771
annotated,Sora,devsu_244499584%2Fmd.mp4,patch_only,,0.7,0.3,motion_soft,2,4,0.07,0.01,0.4175500588928151,0.4597762073027091,0.4597762073027091,0.558303886925795
annotated,Sora,dgamerx_599364467%2Fmd.mp4,patch_only,,0.7,0.3,motion_soft,2,4,0.07,0.01,0.28975265017667845,0.3234982332155477,0.3234982332155477,0.40223792697290933
annotated,Sora,dhavalsabhi1111_175168251%2Fmd.mp4,patch_only,,0.7,0.3,motion_soft,2,4,0.07,0.01,0.2332155477031802,0.16501766784452296,0.16501766784452296,0.005889281507656066
annotated,Sora,dhiraj_96_109508160%2Fmd.mp4,patch_only,,0.7,0.3,motion_soft,2,4,0.07,0.01,0.01060070671378092,0.015017667844522967,0.015017667844522967,0.025323910482921083
annotated,Sora,dhruvkamal_177770023%2Fmd.mp4,patch_only,,0.7,0.3,motion_soft,2,4,0.07,0.01,0.1872791519434629,0.1724381625441696,0.1724381625441696,0.13780918727915195
annotated,Sora,dianazin_31120087%2Fmd.mp4,patch_only,,0.7,0.3,motion_soft,2,4,0.07,0.01,0.011189634864546525,0.19140164899882214,0.19140164899882214,0.6118963486454653
annotated,Sora,digitalwebkrida_530672759%2Fmd.mp4,patch_only,,0.7,0.3,motion_soft,2,4,0.07,0.01,0.14016489988221437,0.17002355712603062,0.17002355712603062,0.2396937573616019
annotated,Sora,digitosdm_257072956%2Fmd.mp4,patch_only,,0.7,0.3,motion_soft,2,4,0.07,0.01,0.4193168433451119,0.33274440518256765,0.33274440518256765,0.13074204946996468
annotated,Sora,dilorc2_928591332%2Fmd.mp4,patch_only,,0.7,0.3,motion_soft,2,4,0.07,0.01,0.04534746760895171,0.07061248527679623,0.07061248527679623,0.12956419316843346
annotated,Sora,dimgouso_917618391%2Fmd.mp4,patch_only,,0.7,0.3,motion_soft,2,4,0.07,0.01,0.39045936395759717,0.4372791519434629,0.4372791519434629,0.5465253239104829
annotated,Sora,dinnguyen_706603630%2Fmd.mp4,patch_only,,0.7,0.3,motion_soft,2,4,0.07,0.01,0.0,0.0033568904593639574,0.0033568904593639574,0.011189634864546525
annotated,Sora,dippitydeep_845152132%2Fmd.mp4,patch_only,,0.7,0.3,motion_soft,2,4,0.07,0.01,0.31802120141342755,0.4196113074204947,0.4196113074204947,0.6566548881036514
annotated,Sora,dirtgamerzz_86749701%2Fmd.mp4,patch_only,,0.7,0.3,motion_soft,2,4,0.07,0.01,0.002944640753828033,0.002237926972909305,0.002237926972909305,0.0005889281507656066
annotated,Sora,divyang10_579399429%2Fmd.mp4,patch_only,,0.7,0.3,motion_soft,2,4,0.07,0.01,0.0,0.0,0.0,0.0
annotated,Sora,djd1968_970149800%2Fmd.mp4,patch_only,,0.7,0.3,motion_soft,2,4,0.07,0.01,0.5064782096584217,0.5234393404004711,0.5234393404004711,0.5630153121319199
annotated,Sora,djunio7_289785062%2Fmd.mp4,patch_only,,0.7,0.3,motion_soft,2,4,0.07,0.01,0.020023557126030624,0.036277974087161366,0.036277974087161366,0.07420494699646643
annotated,Sora,dkfkq_745665830%2Fmd.mp4,patch_only,,0.7,0.3,motion_soft,2,4,0.07,0.01,0.12603062426383982,0.1760306242638398,0.1760306242638398,0.2926972909305065
annotated,Sora,dkfqksid_79186270%2Fmd.mp4,patch_only,,0.7,0.3,motion_soft,2,4,0.07,0.01,0.002355712603062426,0.01702002355712603,0.01702002355712603,0.05123674911660778
annotated,Sora,dkmagu_426680524%2Fmd.mp4,patch_only,,0.7,0.3,motion_soft,2,4,0.07,0.01,0.053003533568904596,0.10848056537102473,0.10848056537102473,0.23792697290930506
annotated,Sora,dkwalter77_808295025%2Fmd.mp4,patch_only,,0.7,0.3,motion_soft,2,4,0.07,0.01,0.03121319199057715,0.022025912838633685,0.022025912838633685,0.0005889281507656066
annotated,Sora,dlw01_397082776%2Fmd.mp4,patch_only,,0.7,0.3,motion_soft,2,4,0.07,0.01,0.0,0.003710247349823321,0.003710247349823321,0.012367491166077738
annotated,Sora,dmrdn_945608709%2Fmd.mp4,patch_only,,0.7,0.3,motion_soft,2,4,0.07,0.01,0.1967020023557126,0.14228504122497054,0.14228504122497054,0.015312131919905771
annotated,Sora,dmv7_792530860%2Fmd.mp4,patch_only,,0.7,0.3,motion_soft,2,4,0.07,0.01,0.008244994110718492,0.008421672555948174,0.008421672555948174,0.0088339222614841
annotated,Sora,dneil_929288206%2Fmd.mp4,patch_only,,0.7,0.3,motion_soft,2,4,0.07,0.01,0.016489988221436984,0.036277974087161366,0.036277974087161366,0.08244994110718493
annotated,Sora,docdirk_900439986%2Fmd.mp4,patch_only,,0.7,0.3,motion_soft,2,4,0.07,0.01,0.10129564193168433,0.16578327444051827,0.16578327444051827,0.31625441696113077
annotated,Sora,docente_emmess_775671215%2Fmd.mp4,patch_only,,0.7,0.3,motion_soft,2,4,0.07,0.01,0.32626619552414604,0.34305064782096584,0.34305064782096584,0.3822143698468787
annotated,Sora,dogpamine_73691395%2Fmd.mp4,patch_only,,0.7,0.3,motion_soft,2,4,0.07,0.01,0.016489988221436984,0.06295641931684334,0.06295641931684334,0.17137809187279152
annotated,Sora,dolcevi_454857053%2Fmd.mp4,patch_only,,0.7,0.3,motion_soft,2,4,0.07,0.01,0.0035335689045936395,0.004240282685512367,0.004240282685512367,0.005889281507656066
annotated,Sora,domey96_139913611%2Fmd.mp4,patch_only,,0.7,0.3,motion_soft,2,4,0.07,0.01,0.2049469964664311,0.22208480565371025,0.22208480565371025,0.2620730270906949
annotated,Sora,don-olsen_996780737%2Fmd.mp4,patch_only,,0.7,0.3,motion_soft,2,4,0.07,0.01,0.6772673733804476,0.54811542991755,0.54811542991755,0.24676089517078917
annotated,Sora,donchepe_507258076%2Fmd.mp4,patch_only,,0.7,0.3,motion_soft,2,4,0.07,0.01,0.1872791519434629,0.4090106007067138,0.4090106007067138,0.9263839811542992
annotated,Sora,dong988_849757725%2Fmd.mp4,patch_only,,0.7,0.3,motion_soft,2,4,0.07,0.01,0.4034157832744405,0.35253239104829204,0.35253239104829204,0.23380447585394581
annotated,Sora,donpapa_236435772%2Fmd.mp4,patch_only,,0.7,0.3,motion_soft,2,4,0.07,0.01,0.13427561837455831,0.13409893992932864,0.13409893992932864,0.1336866902237927
annotated,Sora,dookiecookie_732069723%2Fmd.mp4,patch_only,,0.7,0.3,motion_soft,2,4,0.07,0.01,0.026501766784452298,0.1030035335689046,0.1030035335689046,0.28150765606595995
annotated,Sora,doorinvasion_273464560%2Fmd.mp4,patch_only,,0.7,0.3,motion_soft,2,4,0.07,0.01,0.1071849234393404,0.07608951707891637,0.07608951707891637,0.0035335689045936395
annotated,Sora,doroshev_976250727%2Fmd.mp4,patch_only,,0.7,0.3,motion_soft,2,4,0.07,0.01,0.02120141342756184,0.08551236749116609,0.08551236749116609,0.23557126030624265
annotated,Sora,doubtful_445151992%2Fmd.mp4,patch_only,,0.7,0.3,motion_soft,2,4,0.07,0.01,0.26914016489988224,0.402002355712603,0.402002355712603,0.7120141342756183
annotated,Sora,dow1_648329452%2Fmd.mp4,patch_only,,0.7,0.3,motion_soft,2,4,0.07,0.01,0.29387514723203767,0.38698468786808005,0.38698468786808005,0.6042402826855123
annotated,Sora,downtroddengoat_365669666%2Fmd.mp4,patch_only,,0.7,0.3,motion_soft,2,4,0.07,0.01,0.06419316843345112,0.06631330977620731,0.06631330977620731,0.0712603062426384
annotated,Sora,dragonvision_852957896%2Fmd.mp4,patch_only,,0.7,0.3,motion_soft,2,4,0.07,0.01,0.6254416961130742,0.4413427561837456,0.4413427561837456,0.011778563015312132
annotated,Sora,drcom0_339739458%2Fmd.mp4,patch_only,,0.7,0.3,motion_soft,2,4,0.07,0.01,0.10129564193168433,0.13822143698468786,0.13822143698468786,0.22438162544169613
annotated,Sora,dreamticket_736925287%2Fmd.mp4,patch_only,,0.7,0.3,motion_soft,2,4,0.07,0.01,0.11837455830388692,0.13939929328621908,0.13939929328621908,0.18845700824499412
annotated,Sora,dronex_59193099%2Fmd.mp4,patch_only,,0.7,0.3,motion_soft,2,4,0.07,0.01,0.49705535924617195,0.3555359246171967,0.3555359246171967,0.025323910482921083
annotated,Sora,drrm_879708150%2Fmd.mp4,patch_only,,0.7,0.3,motion_soft,2,4,0.07,0.01,0.009422850412249705,0.036631330977620724,0.036631330977620724,0.10011778563015312
annotated,Sora,drstaroselsky_462431379%2Fmd.mp4,patch_only,,0.7,0.3,motion_soft,2,4,0.07,0.01,0.7249705535924618,0.7520023557126031,0.7520023557126031,0.8150765606595995
annotated,Sora,druidefuzi_239060436%2Fmd.mp4,patch_only,,0.7,0.3,motion_soft,2,4,0.07,0.01,0.14016489988221437,0.1133097762073027,0.1133097762073027,0.050647820965842166
annotated,Sora,dudxs_watermarked.mp4,patch_only,,0.7,0.3,motion_soft,2,4,0.07,0.01,0.009422850412249705,0.05606595995288574,0.05606595995288574,0.16489988221436985
annotated,Sora,durian3nak_191430588%2Fmd.mp4,patch_only,,0.7,0.3,motion_soft,2,4,0.07,0.01,0.19140164899882214,0.15376914016489987,0.15376914016489987,0.06595995288574794
annotated,Sora,dustbee_99203930%2Fmd.mp4,patch_only,,0.7,0.3,motion_soft,2,4,0.07,0.01,0.07420494699646643,0.056360424028268546,0.056360424028268546,0.014723203769140165
annotated,Sora,duvidl_105618591%2Fmd.mp4,patch_only,,0.7,0.3,motion_soft,2,4,0.07,0.01,0.2249705535924617,0.22143698468786804,0.22143698468786804,0.21319199057714958
annotated,Sora,dxlxb_248886845%2Fmd.mp4,patch_only,,0.7,0.3,motion_soft,2,4,0.07,0.01,0.19434628975265017,0.26342756183745586,0.26342756183745586,0.4246171967020024
annotated,Sora,dynahrm_315303480%2Fmd.mp4,patch_only,,0.7,0.3,motion_soft,2,4,0.07,0.01,0.1348645465253239,0.09511189634864545,0.09511189634864545,0.002355712603062426
annotated,Sora,eafunu_566106041%2Fmd.mp4,patch_only,,0.7,0.3,motion_soft,2,4,0.07,0.01,0.5247349823321554,0.4478798586572438,0.4478798586572438,0.26855123674911663
annotated,Sora,eageroij_788279597%2Fmd.mp4,patch_only,,0.7,0.3,motion_soft,2,4,0.07,0.01,0.555359246171967,0.6255005889281506,0.6255005889281506,0.7891637220259128
annotated,Sora,ebabe-86_198708927%2Fmd.mp4,patch_only,,0.7,0.3,motion_soft,2,4,0.07,0.01,0.06065959952885748,0.0594228504122497,0.0594228504122497,0.05653710247349823
annotated,Sora,echovia_220719408%2Fmd.mp4,patch_only,,0.7,0.3,motion_soft,2,4,0.07,0.01,0.10129564193168433,0.2590694935217903,0.2590694935217903,0.627208480565371
annotated,Sora,ecn9633_748655989%2Fmd.mp4,patch_only,,0.7,0.3,motion_soft,2,4,0.07,0.01,0.30094228504122494,0.2329210836277974,0.2329210836277974,0.07420494699646643
annotated,Sora,eddiechau_153115262%2Fmd.mp4,patch_only,,0.7,0.3,motion_soft,2,4,0.07,0.01,0.425206124852768,0.3888103651354534,0.3888103651354534,0.303886925795053
annotated,Sora,edisonaikunal_104911536%2Fmd.mp4,patch_only,,0.7,0.3,motion_soft,2,4,0.07,0.01,0.232037691401649,0.1861012956419317,0.1861012956419317,0.07891637220259129
annotated,Sora,edrfgedsf_172044468%2Fmd.mp4,patch_only,,0.7,0.3,motion_soft,2,4,0.07,0.01,0.15547703180212014,0.16696113074204944,0.16696113074204944,0.19375736160188456
annotated,Sora,edsnxevlla_watermarked.mp4,patch_only,,0.7,0.3,motion_soft,2,4,0.07,0.01,0.013545347467608953,0.05506478209658422,0.05506478209658422,0.1519434628975265
annotated,Sora,edwinho__296508647%2Fmd.mp4,patch_only,,0.7,0.3,motion_soft,2,4,0.07,0.01,0.03415783274440518,0.047585394581861014,0.047585394581861014,0.07891637220259129
annotated,Sora,eea_518469573%2Fmd.mp4,patch_only,,0.7,0.3,motion_soft,2,4,0.07,0.01,0.1071849234393404,0.08244994110718493,0.08244994110718493,0.024734982332155476
annotated,Sora,eekaa_29_767500519%2Fmd.mp4,patch_only,,0.7,0.3,motion_soft,2,4,0.07,0.01,0.2785630153121319,0.19852767962308596,0.19852767962308596,0.011778563015312132
annotated,Sora,effn_844305696%2Fmd.mp4,patch_only,,0.7,0.3,motion_soft,2,4,0.07,0.01,0.06595995288574794,0.06065959952885748,0.06065959952885748,0.048292108362779744
annotated,Sora,ejahshan_520191802%2Fmd.mp4,patch_only,,0.7,0.3,motion_soft,2,4,0.07,0.01,0.45170789163722025,0.31831566548881035,0.31831566548881035,0.007067137809187279
annotated,Sora,ejcheon_632590268%2Fmd.mp4,patch_only,,0.7,0.3,motion_soft,2,4,0.07,0.01,0.10129564193168433,0.12744405182567725,0.12744405182567725,0.18845700824499412
annotated,Sora,ekimsloan_971390084%2Fmd.mp4,patch_only,,0.7,0.3,motion_soft,2,4,0.07,0.01,0.34393404004711425,0.33792697290930507,0.33792697290930507,0.32391048292108365
annotated,Sora,el-_429578756%2Fmd.mp4,patch_only,,0.7,0.3,motion_soft,2,4,0.07,0.01,0.7862190812720848,0.5904593639575972,0.5904593639575972,0.1336866902237927
annotated,Sora,el_greco__247758180%2Fmd.mp4,patch_only,,0.7,0.3,motion_soft,2,4,0.07,0.01,0.2137809187279152,0.39505300353356887,0.39505300353356887,0.8180212014134276
annotated,Sora,elfatal_664268356%2Fmd.mp4,patch_only,,0.7,0.3,motion_soft,2,4,0.07,0.01,0.06713780918727916,0.08197879858657245,0.08197879858657245,0.1166077738515901
annotated,Sora,elimar1998_843811609%2Fmd.mp4,patch_only,,0.7,0.3,motion_soft,2,4,0.07,0.01,0.5412249705535924,0.39299175500588923,0.39299175500588923,0.04711425206124853
annotated,Sora,eljaymesa_626766963%2Fmd.mp4,patch_only,,0.7,0.3,motion_soft,2,4,0.07,0.01,0.29387514723203767,0.2680800942285041,0.2680800942285041,0.20789163722025913
annotated,Sora,ell123456_935419208%2Fmd.mp4,patch_only,,0.7,0.3,motion_soft,2,4,0.07,0.01,0.23380447585394581,0.22850412249705535,0.22850412249705535,0.21613663133097763
annotated,Sora,elliotelliot_77430543%2Fmd.mp4,patch_only,,0.7,0.3,motion_soft,2,4,0.07,0.01,0.10365135453474676,0.23810365135453476,0.23810365135453476,0.5518256772673734
annotated,Sora,elmikafebrina_187372913%2Fmd.mp4,patch_only,,0.7,0.3,motion_soft,2,4,0.07,0.01,0.05653710247349823,0.08498233215547701,0.08498233215547701,0.1513545347467609
annotated,Sora,elmira97_594750276%2Fmd.mp4,patch_only,,0.7,0.3,motion_soft,2,4,0.07,0.01,0.4458186101295642,0.4578327444051825,0.4578327444051825,0.48586572438162545
annotated,Sora,elrike_953310629%2Fmd.mp4,patch_only,,0.7,0.3,motion_soft,2,4,0.07,0.01,0.31861012956419316,0.25200235571260304,0.25200235571260304,0.09658421672555949
annotated,Sora,elt16_822368017%2Fmd.mp4,patch_only,,0.7,0.3,motion_soft,2,4,0.07,0.01,0.07950530035335689,0.07173144876325088,0.07173144876325088,0.0535924617196702
annotated,Sora,enesronaldo_92355579%2Fmd.mp4,patch_only,,0.7,0.3,motion_soft,2,4,0.07,0.01,0.36336866902237924,0.25806831566548877,0.25806831566548877,0.012367491166077738
annotated,Sora,englisheasystudy_728504513%2Fmd.mp4,patch_only,,0.7,0.3,motion_soft,2,4,0.07,0.01,0.5447585394581861,0.5034157832744405,0.5034157832744405,0.40694935217903416
annotated,Sora,erg01_946601838%2Fmd.mp4,patch_only,,0.7,0.3,motion_soft,2,4,0.07,0.01,0.11896348645465253,0.16277974087161365,0.16277974087161365,0.26501766784452296
annotated,Sora,erhaudan_watermarked.mp4,patch_only,,0.7,0.3,motion_soft,2,4,0.07,0.01,0.06772673733804475,0.28203769140164897,0.28203769140164897,0.7820965842167256
annotated,Sora,ericbinek_280719355%2Fmd.mp4,patch_only,,0.7,0.3,motion_soft,2,4,0.07,0.01,0.1348645465253239,0.1583627797408716,0.1583627797408716,0.21319199057714958
annotated,Sora,erichsentax_61247407%2Fmd.mp4,patch_only,,0.7,0.3,motion_soft,2,4,0.07,0.01,0.13957597173144876,0.31166077738515896,0.31166077738515896,0.7131919905771495
annotated,Sora,erickibarra_55706887%2Fmd.mp4,patch_only,,0.7,0.3,motion_soft,2,4,0.07,0.01,0.1419316843345112,0.2396348645465253,0.2396348645465253,0.46760895170789163
annotated,Sora,escheer_817543978%2Fmd.mp4,patch_only,,0.7,0.3,motion_soft,2,4,0.07,0.01,0.18021201413427562,0.14063604240282684,0.14063604240282684,0.048292108362779744
annotated,Sora,essilon_437013608%2Fmd.mp4,patch_only,,0.7,0.3,motion_soft,2,4,0.07,0.01,0.22968197879858657,0.2773851590106007,0.2773851590106007,0.38869257950530034
annotated,Sora,eth1270_932415528%2Fmd.mp4,patch_only,,0.7,0.3,motion_soft,2,4,0.07,0.01,0.0005889281507656066,0.005005889281507656,0.005005889281507656,0.015312131919905771
annotated,Sora,eumpage_977590453%2Fmd.mp4,patch_only,,0.7,0.3,motion_soft,2,4,0.07,0.01,0.06065959952885748,0.07832744405182568,0.07832744405182568,0.11955241460541814
annotated,Sora,eun99_457380646%2Fmd.mp4,patch_only,,0.7,0.3,motion_soft,2,4,0.07,0.01,0.05889281507656066,0.09263839811542993,0.09263839811542993,0.17137809187279152
annotated,Sora,evilinvaders1111_388954648%2Fmd.mp4,patch_only,,0.7,0.3,motion_soft,2,4,0.07,0.01,0.14075382803297998,0.0994110718492344,0.0994110718492344,0.002944640753828033
annotated,Sora,exdono_252662804%2Fmd.mp4,patch_only,,0.7,0.3,motion_soft,2,4,0.07,0.01,0.03121319199057715,0.03669022379269729,0.03669022379269729,0.04946996466431095
annotated,Sora,fafhan_707005490%2Fmd.mp4,patch_only,,0.7,0.3,motion_soft,2,4,0.07,0.01,0.1772673733804476,0.14599528857479388,0.14599528857479388,0.07302709069493522
annotated,Sora,fahris_25057194%2Fmd.mp4,patch_only,,0.7,0.3,motion_soft,2,4,0.07,0.01,0.024146054181389872,0.11866902237926974,0.11866902237926974,0.3392226148409894
annotated,Sora,fan66666_402617482%2Fmd.mp4,patch_only,,0.7,0.3,motion_soft,2,4,0.07,0.01,0.10424028268551237,0.16696113074204946,0.16696113074204946,0.3133097762073027
annotated,Sora,fancy009_312071336%2Fmd.mp4,patch_only,,0.7,0.3,motion_soft,2,4,0.07,0.01,0.15783274440518258,0.11224970553592462,0.11224970553592462,0.005889281507656066
annotated,Sora,fantaran_543574120%2Fmd.mp4,patch_only,,0.7,0.3,motion_soft,2,4,0.07,0.01,0.31507656065959955,0.32850412249705535,0.32850412249705535,0.35983510011778563
annotated,Sora,fantasycat_01_810810314%2Fmd.mp4,patch_only,,0.7,0.3,motion_soft,2,4,0.07,0.01,0.12661955241460543,0.1593050647820966,0.1593050647820966,0.23557126030624265
annotated,Sora,farzanaabbas_768419170%2Fmd.mp4,patch_only,,0.7,0.3,motion_soft,2,4,0.07,0.01,0.3510011778563015,0.27520612485276796,0.27520612485276796,0.0983510011778563
annotated,Sora,fashionnat_360058630%2Fmd.mp4,patch_only,,0.7,0.3,motion_soft,2,4,0.07,0.01,0.12897526501766785,0.12226148409893992,0.12226148409893992,0.10659599528857479
annotated,Sora,fatherratner_5665659%2Fmd.mp4,patch_only,,0.7,0.3,motion_soft,2,4,0.07,0.01,0.08657243816254417,0.07438162544169612,0.07438162544169612,0.045936395759717315
annotated,Sora,fathersunite_782861915%2Fmd.mp4,patch_only,,0.7,0.3,motion_soft,2,4,0.07,0.01,0.23380447585394581,0.317020023557126,0.317020023557126,0.5111896348645465
annotated,Sora,faultiergpt_980305976%2Fmd.mp4,patch_only,,0.7,0.3,motion_soft,2,4,0.07,0.01,0.43168433451118965,0.33080094228504126,0.33080094228504126,0.09540636042402827
annotated,Sora,fccor_910543542%2Fmd.mp4,patch_only,,0.7,0.3,motion_soft,2,4,0.07,0.01,0.1607773851590106,0.18268551236749114,0.18268551236749114,0.23380447585394581
annotated,Sora,fdfererrereer_659180772%2Fmd.mp4,patch_only,,0.7,0.3,motion_soft,2,4,0.07,0.01,0.28209658421672557,0.3082449941107185,0.3082449941107185,0.36925795053003535
annotated,Sora,fdghhhhhhhhhhhg_999425854%2Fmd.mp4,patch_only,,0.7,0.3,motion_soft,2,4,0.07,0.01,0.011189634864546525,0.011366313309776208,0.011366313309776208,0.011778563015312132
annotated,Sora,fdsf4444_250289996%2Fmd.mp4,patch_only,,0.7,0.3,motion_soft,2,4,0.07,0.01,0.10188457008244994,0.16283863368669022,0.16283863368669022,0.3050647820965842
annotated,Sora,fercc22_171870359%2Fmd.mp4,patch_only,,0.7,0.3,motion_soft,2,4,0.07,0.01,0.6089517078916372,0.5061248527679623,0.5061248527679623,0.2661955241460542
annotated,Sora,ferdigan_963134811%2Fmd.mp4,patch_only,,0.7,0.3,motion_soft,2,4,0.07,0.01,0.1425206124852768,0.11301531213191991,0.11301531213191991,0.044169611307420496
annotated,Sora,fff11232_181424113%2Fmd.mp4,patch_only,,0.7,0.3,motion_soft,2,4,0.07,0.01,0.35571260306242636,0.26048292108362775,0.26048292108362775,0.03828032979976443
annotated,Sora,fgfgcv_869756281%2Fmd.mp4,patch_only,,0.7,0.3,motion_soft,2,4,0.07,0.01,0.3710247349823322,0.2598939929328622,0.2598939929328622,0.0005889281507656066
annotated,Sora,figolu69_675850694%2Fmd.mp4,patch_only,,0.7,0.3,motion_soft,2,4,0.07,0.01,0.020023557126030624,0.016489988221436984,0.016489988221436984,0.008244994110718492
annotated,Sora,figuriniste_663293400%2Fmd.mp4,patch_only,,0.7,0.3,motion_soft,2,4,0.07,0.01,0.47703180212014135,0.5289752650176678,0.5289752650176678,0.6501766784452296
annotated,Sora,flash4bes_276602999%2Fmd.mp4,patch_only,,0.7,0.3,motion_soft,2,4,0.07,0.01,0.12367491166077739,0.19664310954063605,0.19664310954063605,0.3669022379269729
annotated,Sora,flepp2025_603653671%2Fmd.mp4,patch_only,,0.7,0.3,motion_soft,2,4,0.07,0.01,0.23792697290930506,0.2559481743227326,0.2559481743227326,0.29799764428739695
annotated,Sora,flexinfo_400707893%2Fmd.mp4,patch_only,,0.7,0.3,motion_soft,2,4,0.07,0.01,0.7767962308598351,0.8222025912838633,0.8222025912838633,0.928150765606596
annotated,Sora,flightsniper_75221103%2Fmd.mp4,patch_only,,0.7,0.3,motion_soft,2,4,0.07,0.01,0.024146054181389872,0.01690223792697291,0.01690223792697291,0.0
annotated,Sora,flip_ayub_26437661%2Fmd.mp4,patch_only,,0.7,0.3,motion_soft,2,4,0.07,0.01,0.4458186101295642,0.32567726737338043,0.32567726737338043,0.04534746760895171
annotated,Sora,focusneo_271191846%2Fmd.mp4,patch_only,,0.7,0.3,motion_soft,2,4,0.07,0.01,0.11307420494699646,0.10812720848056537,0.10812720848056537,0.09658421672555949
annotated,Sora,foodsafety_hyd_18016140%2Fmd.mp4,patch_only,,0.7,0.3,motion_soft,2,4,0.07,0.01,0.2856301531213192,0.299057714958775,0.299057714958775,0.3303886925795053
annotated,Sora,fordy09_751823083%2Fmd.mp4,patch_only,,0.7,0.3,motion_soft,2,4,0.07,0.01,0.002355712603062426,0.003415783274440518,0.003415783274440518,0.005889281507656066
annotated,Sora,formanchristian_181030693%2Fmd.mp4,patch_only,,0.7,0.3,motion_soft,2,4,0.07,0.01,0.7762073027090695,0.6769140164899882,0.6769140164899882,0.4452296819787986
annotated,Sora,fpersada_247716691%2Fmd.mp4,patch_only,,0.7,0.3,motion_soft,2,4,0.07,0.01,0.29387514723203767,0.2230270906949352,0.2230270906949352,0.05771495877502945
annotated,Sora,francesco_1311_265110907%2Fmd.mp4,patch_only,,0.7,0.3,motion_soft,2,4,0.07,0.01,0.4110718492343934,0.49481743227326264,0.49481743227326264,0.690223792697291
annotated,Sora,franciscodelosssantos_174433028%2Fmd.mp4,patch_only,,0.7,0.3,motion_soft,2,4,0.07,0.01,0.1248527679623086,0.08987043580683156,0.08987043580683156,0.008244994110718492
annotated,Sora,frazonline_75275353%2Fmd.mp4,patch_only,,0.7,0.3,motion_soft,2,4,0.07,0.01,0.287396937573616,0.20347467608951708,0.20347467608951708,0.0076560659599528855
annotated,Sora,freakysl_41517390%2Fmd.mp4,patch_only,,0.7,0.3,motion_soft,2,4,0.07,0.01,0.027090694935217905,0.05253239104829211,0.05253239104829211,0.11189634864546526
annotated,Sora,fredofredo72000_198087495%2Fmd.mp4,patch_only,,0.7,0.3,motion_soft,2,4,0.07,0.01,0.39045936395759717,0.27685512367491166,0.27685512367491166,0.011778563015312132
annotated,Sora,fuego_frank_625157043%2Fmd.mp4,patch_only,,0.7,0.3,motion_soft,2,4,0.07,0.01,0.010011778563015312,0.023969375736160186,0.023969375736160186,0.05653710247349823
annotated,Sora,fuki12_514209847%2Fmd.mp4,patch_only,,0.7,0.3,motion_soft,2,4,0.07,0.01,0.2667844522968198,0.21148409893992934,0.21148409893992934,0.08244994110718493
annotated,Sora,fullife_972580013%2Fmd.mp4,patch_only,,0.7,0.3,motion_soft,2,4,0.07,0.01,0.05123674911660778,0.03657243816254417,0.03657243816254417,0.002355712603062426
annotated,Sora,fumiiioooi_723591708%2Fmd.mp4,patch_only,,0.7,0.3,motion_soft,2,4,0.07,0.01,0.3510011778563015,0.3888103651354534,0.3888103651354534,0.47703180212014135
annotated,Sora,funfun92_984322707%2Fmd.mp4,patch_only,,0.7,0.3,motion_soft,2,4,0.07,0.01,0.15488810365135453,0.15912838633686688,0.15912838633686688,0.1690223792697291
annotated,Sora,funnyglm_829411037%2Fmd.mp4,patch_only,,0.7,0.3,motion_soft,2,4,0.07,0.01,0.01707891637220259,0.04870435806831566,0.04870435806831566,0.12249705535924617
annotated,Sora,g4mbitt_251561056%2Fmd.mp4,patch_only,,0.7,0.3,motion_soft,2,4,0.07,0.01,0.1160188457008245,0.08916372202591284,0.08916372202591284,0.026501766784452298
annotated,Sora,gaami_959348673%2Fmd.mp4,patch_only,,0.7,0.3,motion_soft,2,4,0.07,0.01,0.004711425206124852,0.08439340400471142,0.08439340400471142,0.2703180212014134
annotated,Sora,gabrielc_203_695863521%2Fmd.mp4,patch_only,,0.7,0.3,motion_soft,2,4,0.07,0.01,0.0017667844522968198,0.023851590106007067,0.023851590106007067,0.07538280329799764
annotated,Sora,gaga12312343_160416655%2Fmd.mp4,patch_only,,0.7,0.3,motion_soft,2,4,0.07,0.01,0.2997644287396938,0.39676089517078916,0.39676089517078916,0.6230859835100118
annotated,Sora,gaichan_594486512%2Fmd.mp4,patch_only,,0.7,0.3,motion_soft,2,4,0.07,0.01,0.1967020023557126,0.14087161366313308,0.14087161366313308,0.01060070671378092
annotated,Sora,ganchan_9658915%2Fmd.mp4,patch_only,,0.7,0.3,motion_soft,2,4,0.07,0.01,0.48645465253239106,0.46260306242638394,0.46260306242638394,0.40694935217903416
annotated,Sora,gaotoon_149249433%2Fmd.mp4,patch_only,,0.7,0.3,motion_soft,2,4,0.07,0.01,0.4122497055359246,0.29440518256772674,0.29440518256772674,0.019434628975265017
annotated,Sora,gapd6_21287967%2Fmd.mp4,patch_only,,0.7,0.3,motion_soft,2,4,0.07,0.01,0.17491166077738515,0.19328621908127208,0.19328621908127208,0.23616018845700826
annotated,Sora,garotojoao_523972916%2Fmd.mp4,patch_only,,0.7,0.3,motion_soft,2,4,0.07,0.01,0.24499411071849234,0.3246760895170789,0.3246760895170789,0.5106007067137809
annotated,Sora,gasuba-na-_342029579%2Fmd.mp4,patch_only,,0.7,0.3,motion_soft,2,4,0.07,0.01,0.2997644287396938,0.24994110718492346,0.24994110718492346,0.1336866902237927
annotated,Sora,gauravsingh4268_942656298%2Fmd.mp4,patch_only,,0.7,0.3,motion_soft,2,4,0.07,0.01,0.10836277974087162,0.07921083627797408,0.07921083627797408,0.011189634864546525
annotated,Sora,gclapham_544243996%2Fmd.mp4,patch_only,,0.7,0.3,motion_soft,2,4,0.07,0.01,0.11071849234393404,0.1501177856301531,0.1501177856301531,0.2420494699646643
annotated,Sora,ge0rge89_777617921%2Fmd.mp4,patch_only,,0.7,0.3,motion_soft,2,4,0.07,0.01,0.0,0.0,0.0,0.0
annotated,Sora,gelugu_377901294%2Fmd.mp4,patch_only,,0.7,0.3,motion_soft,2,4,0.07,0.01,0.4098939929328622,0.3667844522968198,0.3667844522968198,0.2661955241460542
annotated,Sora,genesissoma_95768650%2Fmd.mp4,patch_only,,0.7,0.3,motion_soft,2,4,0.07,0.01,0.032391048292108364,0.039811542991755,0.039811542991755,0.05712603062426384
annotated,Sora,genvideoki_188217267%2Fmd.mp4,patch_only,,0.7,0.3,motion_soft,2,4,0.07,0.01,0.11366313309776208,0.10571260306242639,0.10571260306242639,0.08716136631330977
annotated,Sora,geoeira_262793738%2Fmd.mp4,patch_only,,0.7,0.3,motion_soft,2,4,0.07,0.01,0.0176678445229682,0.11307420494699646,0.11307420494699646,0.33568904593639576
annotated,Sora,geommakri_171957923%2Fmd.mp4,patch_only,,0.7,0.3,motion_soft,2,4,0.07,0.01,0.09305064782096584,0.07909305064782096,0.07909305064782096,0.04652532391048292
annotated,Sora,geongangmi_731864692%2Fmd.mp4,patch_only,,0.7,0.3,motion_soft,2,4,0.07,0.01,0.01707891637220259,0.024676089517078916,0.024676089517078916,0.04240282685512368
annotated,Sora,georgelivingstona_910043255%2Fmd.mp4,patch_only,,0.7,0.3,motion_soft,2,4,0.07,0.01,0.19199057714958775,0.13810365135453473,0.13810365135453473,0.012367491166077738
annotated,Sora,gerald9_232921283%2Fmd.mp4,patch_only,,0.7,0.3,motion_soft,2,4,0.07,0.01,0.27208480565371024,0.28197879858657243,0.28197879858657243,0.3050647820965842
annotated,Sora,gerardoki_377835783%2Fmd.mp4,patch_only,,0.7,0.3,motion_soft,2,4,0.07,0.01,0.10659599528857479,0.07797408716136629,0.07797408716136629,0.011189634864546525
annotated,Sora,gergelykovacs1983_739310197%2Fmd.mp4,patch_only,,0.7,0.3,motion_soft,2,4,0.07,0.01,0.06713780918727916,0.07173144876325088,0.07173144876325088,0.08244994110718493
annotated,Sora,germannick_86639057%2Fmd.mp4,patch_only,,0.7,0.3,motion_soft,2,4,0.07,0.01,0.10129564193168433,0.07444051825677267,0.07444051825677267,0.011778563015312132
annotated,Sora,gerold61_788300290%2Fmd.mp4,patch_only,,0.7,0.3,motion_soft,2,4,0.07,0.01,0.23733804475853945,0.43433451118963484,0.43433451118963484,0.8939929328621908
annotated,Sora,gertwilvenemagmailcom_455623523%2Fmd.mp4,patch_only,,0.7,0.3,motion_soft,2,4,0.07,0.01,0.36042402826855124,0.33727915194346286,0.33727915194346286,0.2832744405182568
annotated,Sora,getwebbed_271519455%2Fmd.mp4,patch_only,,0.7,0.3,motion_soft,2,4,0.07,0.01,0.02237926972909305,0.017255594817432274,0.017255594817432274,0.00530035335689046
annotated,Sora,gi4ma_714220672%2Fmd.mp4,patch_only,,0.7,0.3,motion_soft,2,4,0.07,0.01,0.690223792697291,0.5312131919905771,0.5312131919905771,0.160188457008245
annotated,Sora,gigi0602_64830481%2Fmd.mp4,patch_only,,0.7,0.3,motion_soft,2,4,0.07,0.01,0.05005889281507656,0.05023557126030624,0.05023557126030624,0.050647820965842166
annotated,Sora,gilmomedia_357265093%2Fmd.mp4,patch_only,,0.7,0.3,motion_soft,2,4,0.07,0.01,0.21554770318021202,0.24540636042402827,0.24540636042402827,0.31507656065959955
annotated,Sora,gilstraussmecom_740624672%2Fmd.mp4,patch_only,,0.7,0.3,motion_soft,2,4,0.07,0.01,0.4193168433451119,0.3012956419316843,0.3012956419316843,0.02591283863368669
annotated,Sora,gimdonghun_320759929%2Fmd.mp4,patch_only,,0.7,0.3,motion_soft,2,4,0.07,0.01,0.6183745583038869,0.46183745583038865,0.46183745583038865,0.09658421672555949
annotated,Sora,gimlet5_643840082%2Fmd.mp4,patch_only,,0.7,0.3,motion_soft,2,4,0.07,0.01,0.053003533568904596,0.07102473498233215,0.07102473498233215,0.11307420494699646
annotated,Sora,gio199999_299397529%2Fmd.mp4,patch_only,,0.7,0.3,motion_soft,2,4,0.07,0.01,0.002355712603062426,0.0016489988221436982,0.0016489988221436982,0.0
annotated,Sora,giri1978_61831221%2Fmd.mp4,patch_only,,0.7,0.3,motion_soft,2,4,0.07,0.01,0.22673733804475854,0.31277974087161364,0.31277974087161364,0.5135453474676089
annotated,Sora,giumafra_731864805%2Fmd.mp4,patch_only,,0.7,0.3,motion_soft,2,4,0.07,0.01,0.26442873969375735,0.18863368669022376,0.18863368669022376,0.011778563015312132
annotated,Sora,glum06_737807537%2Fmd.mp4,patch_only,,0.7,0.3,motion_soft,2,4,0.07,0.01,0.41048292108362777,0.43203769140164894,0.43203769140164894,0.4823321554770318
annotated,Sora,gnah122_539420798%2Fmd.mp4,patch_only,,0.7,0.3,motion_soft,2,4,0.07,0.01,0.232037691401649,0.16967020023557128,0.16967020023557128,0.024146054181389872
annotated,Sora,goalinn_867478110%2Fmd.mp4,patch_only,,0.7,0.3,motion_soft,2,4,0.07,0.01,0.13604240282685512,0.09717314487632508,0.09717314487632508,0.006478209658421673
annotated,Sora,goe396_372727511%2Fmd.mp4,patch_only,,0.7,0.3,motion_soft,2,4,0.07,0.01,0.2037691401648999,0.1505889281507656,0.1505889281507656,0.026501766784452298
annotated,Sora,goipon_326967631%2Fmd.mp4,patch_only,,0.7,0.3,motion_soft,2,4,0.07,0.01,0.002355712603062426,0.08327444051825676,0.08327444051825676,0.27208480565371024
annotated,Sora,gokuygohan_582986112%2Fmd.mp4,patch_only,,0.7,0.3,motion_soft,2,4,0.07,0.01,0.06419316843345112,0.19599528857479387,0.19599528857479387,0.5035335689045937
annotated,Sora,gongdonghui_157837114%2Fmd.mp4,patch_only,,0.7,0.3,motion_soft,2,4,0.07,0.01,0.3080094228504123,0.3507656065959953,0.3507656065959953,0.450530035335689
annotated,Sora,gorain_580903709%2Fmd.mp4,patch_only,,0.7,0.3,motion_soft,2,4,0.07,0.01,0.1978798586572438,0.15035335689045937,0.15035335689045937,0.039458186101295645
annotated,Sora,gotham22143_255625921%2Fmd.mp4,patch_only,,0.7,0.3,motion_soft,2,4,0.07,0.01,0.01707891637220259,0.04870435806831566,0.04870435806831566,0.12249705535924617
annotated,Sora,grandyy_456017468%2Fmd.mp4,patch_only,,0.7,0.3,motion_soft,2,4,0.07,0.01,0.008244994110718492,0.03050647820965842,0.03050647820965842,0.08244994110718493
annotated,Sora,grimreaper_650_210975587%2Fmd.mp4,patch_only,,0.7,0.3,motion_soft,2,4,0.07,0.01,0.05418138987043581,0.04234393404004712,0.04234393404004712,0.014723203769140165
annotated,Sora,grullmash_181079615%2Fmd.mp4,patch_only,,0.7,0.3,motion_soft,2,4,0.07,0.01,0.2697290930506478,0.210718492343934,0.210718492343934,0.07302709069493522
annotated,Sora,grwo_652824664%2Fmd.mp4,patch_only,,0.7,0.3,motion_soft,2,4,0.07,0.01,0.024734982332155476,0.03409893992932862,0.03409893992932862,0.05594817432273263
annotated,Sora,gtsir_592899335%2Fmd.mp4,patch_only,,0.7,0.3,motion_soft,2,4,0.07,0.01,0.18256772673733804,0.19016489988221436,0.19016489988221436,0.20789163722025913
annotated,Sora,gugeron_376915645%2Fmd.mp4,patch_only,,0.7,0.3,motion_soft,2,4,0.07,0.01,0.6154299175500589,0.6560659599528857,0.6560659599528857,0.7508833922261484
annotated,Sora,gurmannnpreet_765593847%2Fmd.mp4,patch_only,,0.7,0.3,motion_soft,2,4,0.07,0.01,0.04534746760895171,0.12962308598351002,0.12962308598351002,0.32626619552414604
annotated,Sora,gutoarruda123_617186063%2Fmd.mp4,patch_only,,0.7,0.3,motion_soft,2,4,0.07,0.01,0.43227326266195526,0.35948174322732623,0.35948174322732623,0.1896348645465253
annotated,Sora,habithai_120013945%2Fmd.mp4,patch_only,,0.7,0.3,motion_soft,2,4,0.07,0.01,0.6154299175500589,0.6246171967020023,0.6246171967020023,0.6460541813898705
annotated,Sora,hackcrack_468307879%2Fmd.mp4,patch_only,,0.7,0.3,motion_soft,2,4,0.07,0.01,0.10129564193168433,0.11048292108362778,0.11048292108362778,0.13191990577149587
annotated,Sora,hain7_567128618%2Fmd.mp4,patch_only,,0.7,0.3,motion_soft,2,4,0.07,0.01,0.35630153121319197,0.45435806831566544,0.45435806831566544,0.6831566548881036
annotated,Sora,halon3_433256855%2Fmd.mp4,patch_only,,0.7,0.3,motion_soft,2,4,0.07,0.01,0.03121319199057715,0.02962308598351001,0.02962308598351001,0.02591283863368669
annotated,Sora,hamnaz_830425429%2Fmd.mp4,patch_only,,0.7,0.3,motion_soft,2,4,0.07,0.01,0.2797408716136631,0.21277974087161364,0.21277974087161364,0.05653710247349823
annotated,Sora,hang41_949506370%2Fmd.mp4,patch_only,,0.7,0.3,motion_soft,2,4,0.07,0.01,0.127208480565371,0.09346289752650176,0.09346289752650176,0.014723203769140165
annotated,Sora,hanjaejin_899894474%2Fmd.mp4,patch_only,,0.7,0.3,motion_soft,2,4,0.07,0.01,0.1330977620730271,0.1005889281507656,0.1005889281507656,0.024734982332155476
annotated,Sora,hardyfan863_851916789%2Fmd.mp4,patch_only,,0.7,0.3,motion_soft,2,4,0.07,0.01,0.23910482921083628,0.17355712603062426,0.17355712603062426,0.02061248527679623
annotated,Sora,hariviswanathan_952791628%2Fmd.mp4,patch_only,,0.7,0.3,motion_soft,2,4,0.07,0.01,0.015312131919905771,0.07502944640753828,0.07502944640753828,0.2143698468786808
annotated,Sora,harunsinger_882862013%2Fmd.mp4,patch_only,,0.7,0.3,motion_soft,2,4,0.07,0.01,0.01884570082449941,0.07661955241460541,0.07661955241460541,0.21142520612485277
annotated,Sora,harusunshine_450175492%2Fmd.mp4,patch_only,,0.7,0.3,motion_soft,2,4,0.07,0.01,0.7014134275618374,0.7720848056537102,0.7720848056537102,0.9369846878680801
annotated,Sora,harvenger_737845649%2Fmd.mp4,patch_only,,0.7,0.3,motion_soft,2,4,0.07,0.01,0.0035335689045936395,0.02685512367491166,0.02685512367491166,0.0812720848056537
annotated,Sora,harvestcovenant_201124291%2Fmd.mp4,patch_only,,0.7,0.3,motion_soft,2,4,0.07,0.01,0.14428739693757361,0.2983510011778563,0.2983510011778563,0.6578327444051826
annotated,Sora,hasdaddy_170180644%2Fmd.mp4,patch_only,,0.7,0.3,motion_soft,2,4,0.07,0.01,0.23910482921083628,0.21878680800942285,0.21878680800942285,0.17137809187279152
annotated,Sora,hass18_741450444%2Fmd.mp4,patch_only,,0.7,0.3,motion_soft,2,4,0.07,0.01,0.1425206124852768,0.1964075382803298,0.1964075382803298,0.3221436984687868
annotated,Sora,hayodele_456014574%2Fmd.mp4,patch_only,,0.7,0.3,motion_soft,2,4,0.07,0.01,0.07832744405182568,0.05500588928150765,0.05500588928150765,0.0005889281507656066
annotated,Sora,hbao_311792413%2Fmd.mp4,patch_only,,0.7,0.3,motion_soft,2,4,0.07,0.01,0.037102473498233215,0.030212014134275617,0.030212014134275617,0.014134275618374558
annotated,Sora,hebingcheng_94020428%2Fmd.mp4,patch_only,,0.7,0.3,motion_soft,2,4,0.07,0.01,0.15488810365135453,0.12414605418138985,0.12414605418138985,0.052414605418138985
annotated,Sora,heinert_544304282%2Fmd.mp4,patch_only,,0.7,0.3,motion_soft,2,4,0.07,0.01,0.002355712603062426,0.027090694935217905,0.027090694935217905,0.08480565371024736
annotated,Sora,helegiel_306124228%2Fmd.mp4,patch_only,,0.7,0.3,motion_soft,2,4,0.07,0.01,0.13604240282685512,0.14858657243816253,0.14858657243816253,0.17785630153121318
annotated,Sora,helen-of-troy_926105390%2Fmd.mp4,patch_only,,0.7,0.3,motion_soft,2,4,0.07,0.01,0.42226148409893993,0.5026501766784452,0.5026501766784452,0.690223792697291
annotated,Sora,heloo66_966200006%2Fmd.mp4,patch_only,,0.7,0.3,motion_soft,2,4,0.07,0.01,0.25677267373380447,0.18309776207302708,0.18309776207302708,0.011189634864546525
annotated,Sora,hemak_723498806%2Fmd.mp4,patch_only,,0.7,0.3,motion_soft,2,4,0.07,0.01,0.10482921083627797,0.3232037691401649,0.3232037691401649,0.8327444051825678
annotated,Sora,henry_hwang_775883289%2Fmd.mp4,patch_only,,0.7,0.3,motion_soft,2,4,0.07,0.01,0.11366313309776208,0.08663133097762073,0.08663133097762073,0.023557126030624265
annotated,Sora,herkenhoffs_978975480%2Fmd.mp4,patch_only,,0.7,0.3,motion_soft,2,4,0.07,0.01,0.45641931684334514,0.3597762073027091,0.3597762073027091,0.13427561837455831
annotated,Sora,hermanossoccer_55879464%2Fmd.mp4,patch_only,,0.7,0.3,motion_soft,2,4,0.07,0.01,0.5636042402826855,0.592226148409894,0.592226148409894,0.6590106007067138
annotated,Sora,heryrason_401581354%2Fmd.mp4,patch_only,,0.7,0.3,motion_soft,2,4,0.07,0.01,0.693168433451119,0.5777974087161366,0.5777974087161366,0.30859835100117783
annotated,Sora,hestcreative_693511783%2Fmd.mp4,patch_only,,0.7,0.3,motion_soft,2,4,0.07,0.01,0.196113074204947,0.17985865724381622,0.17985865724381622,0.1419316843345112
annotated,Sora,het1402_851608003%2Fmd.mp4,patch_only,,0.7,0.3,motion_soft,2,4,0.07,0.01,0.002355712603062426,0.003945818610129563,0.003945818610129563,0.0076560659599528855
annotated,Sora,hibeagle_537720141%2Fmd.mp4,patch_only,,0.7,0.3,motion_soft,2,4,0.07,0.01,0.3138987043580683,0.2573616018845701,0.2573616018845701,0.1254416961130742
annotated,Sora,highbud_88989277%2Fmd.mp4,patch_only,,0.7,0.3,motion_soft,2,4,0.07,0.01,0.13427561837455831,0.21060070671378092,0.21060070671378092,0.38869257950530034
annotated,Sora,hildengpt_485161972%2Fmd.mp4,patch_only,,0.7,0.3,motion_soft,2,4,0.07,0.01,0.24440518256772673,0.17126030624263838,0.17126030624263838,0.0005889281507656066
annotated,Sora,hinarino_786556878%2Fmd.mp4,patch_only,,0.7,0.3,motion_soft,2,4,0.07,0.01,0.06419316843345112,0.04723203769140164,0.04723203769140164,0.0076560659599528855
annotated,Sora,hirobonstudio_234092156%2Fmd.mp4,patch_only,,0.7,0.3,motion_soft,2,4,0.07,0.01,0.22025912838633688,0.271849234393404,0.271849234393404,0.392226148409894
annotated,Sora,hirose0725_388456515%2Fmd.mp4,patch_only,,0.7,0.3,motion_soft,2,4,0.07,0.01,0.4717314487632509,0.4106007067137809,0.4106007067137809,0.267962308598351
annotated,Sora,hisashin1975_466060065%2Fmd.mp4,patch_only,,0.7,0.3,motion_soft,2,4,0.07,0.01,0.4381625441696113,0.5171378091872791,0.5171378091872791,0.7014134275618374
annotated,Sora,hit420_63888530%2Fmd.mp4,patch_only,,0.7,0.3,motion_soft,2,4,0.07,0.01,0.15488810365135453,0.1817432273262662,0.1817432273262662,0.24440518256772673
annotated,Sora,hoevers_137565996%2Fmd.mp4,patch_only,,0.7,0.3,motion_soft,2,4,0.07,0.01,0.015901060070671377,0.025088339222614837,0.025088339222614837,0.04652532391048292
annotated,Sora,holdenb000_511801582%2Fmd.mp4,patch_only,,0.7,0.3,motion_soft,2,4,0.07,0.01,0.6702002355712603,0.5184334511189634,0.5184334511189634,0.16431095406360424
annotated,Sora,holliem_34475579%2Fmd.mp4,patch_only,,0.7,0.3,motion_soft,2,4,0.07,0.01,0.0,0.0,0.0,0.0
annotated,Sora,hollywood26_918417423%2Fmd.mp4,patch_only,,0.7,0.3,motion_soft,2,4,0.07,0.01,0.016489988221436984,0.015076560659599527,0.015076560659599527,0.011778563015312132
annotated,Sora,holmes1685_676282149%2Fmd.mp4,patch_only,,0.7,0.3,motion_soft,2,4,0.07,0.01,0.030624263839811542,0.025147232037691397,0.025147232037691397,0.012367491166077738
annotated,Sora,hongjmd_341764284%2Fmd.mp4,patch_only,,0.7,0.3,motion_soft,2,4,0.07,0.01,0.12956419316843346,0.12073027090694935,0.12073027090694935,0.10011778563015312
annotated,Sora,honorable1_579788276%2Fmd.mp4,patch_only,,0.7,0.3,motion_soft,2,4,0.07,0.01,0.028857479387514724,0.05447585394581861,0.05447585394581861,0.11425206124852769
annotated,Sora,hoosurdady45_479301729%2Fmd.mp4,patch_only,,0.7,0.3,motion_soft,2,4,0.07,0.01,0.005889281507656066,0.026737338044758537,0.026737338044758537,0.07538280329799764
annotated,Sora,hrushiusername__718885808%2Fmd.mp4,patch_only,,0.7,0.3,motion_soft,2,4,0.07,0.01,0.10365135453474676,0.08315665488810366,0.08315665488810366,0.0353356890459364
annotated,Sora,huettche_420044687%2Fmd.mp4,patch_only,,0.7,0.3,motion_soft,2,4,0.07,0.01,0.013545347467608953,0.009658421672555949,0.009658421672555949,0.0005889281507656066
annotated,Sora,hugjklojl_369642332%2Fmd.mp4,patch_only,,0.7,0.3,motion_soft,2,4,0.07,0.01,0.2326266195524146,0.2061248527679623,0.2061248527679623,0.14428739693757361
annotated,Sora,huhuhun_329010096%2Fmd.mp4,patch_only,,0.7,0.3,motion_soft,2,4,0.07,0.01,0.19846878680800942,0.1467020023557126,0.1467020023557126,0.02591283863368669
annotated,Sora,hunchotest_114722156%2Fmd.mp4,patch_only,,0.7,0.3,motion_soft,2,4,0.07,0.01,0.657243816254417,0.6386925795053003,0.6386925795053003,0.5954063604240283
annotated,Sora,husseinalsafi_669032360%2Fmd.mp4,patch_only,,0.7,0.3,motion_soft,2,4,0.07,0.01,0.10777385159010601,0.18869257950530036,0.18869257950530036,0.37750294464075385
annotated,Sora,huydat1_730838639%2Fmd.mp4,patch_only,,0.7,0.3,motion_soft,2,4,0.07,0.01,0.23792697290930506,0.2831566548881036,0.2831566548881036,0.38869257950530034
annotated,Sora,iamabhijith_19213187%2Fmd.mp4,patch_only,,0.7,0.3,motion_soft,2,4,0.07,0.01,0.22379269729093051,0.24994110718492343,0.24994110718492343,0.31095406360424027
annotated,Sora,iamjag_507663808%2Fmd.mp4,patch_only,,0.7,0.3,motion_soft,2,4,0.07,0.01,0.1336866902237927,0.0953474676089517,0.0953474676089517,0.005889281507656066
annotated,Sora,iamkartikeya_908444902%2Fmd.mp4,patch_only,,0.7,0.3,motion_soft,2,4,0.07,0.01,0.2791519434628975,0.30530035335689043,0.30530035335689043,0.3663133097762073
annotated,Sora,ibkdeep_945984265%2Fmd.mp4,patch_only,,0.7,0.3,motion_soft,2,4,0.07,0.01,0.1519434628975265,0.20936395759717313,0.20936395759717313,0.34334511189634864
annotated,Sora,icc1_750454441%2Fmd.mp4,patch_only,,0.7,0.3,motion_soft,2,4,0.07,0.01,0.10659599528857479,0.07938751472320375,0.07938751472320375,0.015901060070671377
annotated,Sora,icecube1415_716866809%2Fmd.mp4,patch_only,,0.7,0.3,motion_soft,2,4,0.07,0.01,0.008244994110718492,0.024676089517078916,0.024676089517078916,0.06301531213191991
annotated,Sora,icjames_478524987%2Fmd.mp4,patch_only,,0.7,0.3,motion_soft,2,4,0.07,0.01,0.5429917550058893,0.4815076560659599,0.4815076560659599,0.3380447585394582
annotated,Sora,ictoken_239589133%2Fmd.mp4,patch_only,,0.7,0.3,motion_soft,2,4,0.07,0.01,0.15547703180212014,0.11325088339222614,0.11325088339222614,0.014723203769140165
annotated,Sora,idayvuelta_405473922%2Fmd.mp4,patch_only,,0.7,0.3,motion_soft,2,4,0.07,0.01,0.21908127208480566,0.35459363957597173,0.35459363957597173,0.6707891637220259
annotated,Sora,idbrg_893262572%2Fmd.mp4,patch_only,,0.7,0.3,motion_soft,2,4,0.07,0.01,0.13250883392226148,0.1381625441696113,0.1381625441696113,0.1513545347467609
annotated,Sora,idealcollagen_816106618%2Fmd.mp4,patch_only,,0.7,0.3,motion_soft,2,4,0.07,0.01,0.08244994110718493,0.061248527679623084,0.061248527679623084,0.011778563015312132
annotated,Sora,idhun_867370191%2Fmd.mp4,patch_only,,0.7,0.3,motion_soft,2,4,0.07,0.01,0.2656065959952886,0.2565959952885748,0.2565959952885748,0.23557126030624265
annotated,Sora,idisonakaman_726288976%2Fmd.mp4,patch_only,,0.7,0.3,motion_soft,2,4,0.07,0.01,0.0989399293286219,0.06996466431095406,0.06996466431095406,0.002355712603062426
annotated,Sora,iegjr_272062666%2Fmd.mp4,patch_only,,0.7,0.3,motion_soft,2,4,0.07,0.01,0.009422850412249705,0.00995288574793875,0.00995288574793875,0.011189634864546525
annotated,Sora,ignastefanini_997678504%2Fmd.mp4,patch_only,,0.7,0.3,motion_soft,2,4,0.07,0.01,0.35159010600706714,0.27597173144876325,0.27597173144876325,0.09952885747938751
annotated,Sora,ihvkjerh56_491647147%2Fmd.mp4,patch_only,,0.7,0.3,motion_soft,2,4,0.07,0.01,0.06419316843345112,0.05765606595995288,0.05765606595995288,0.04240282685512368
annotated,Sora,ilayis_728369313%2Fmd.mp4,patch_only,,0.7,0.3,motion_soft,2,4,0.07,0.01,0.06890459363957598,0.13180212014134274,0.13180212014134274,0.2785630153121319
annotated,Sora,ilhamiekrem_422156761%2Fmd.mp4,patch_only,,0.7,0.3,motion_soft,2,4,0.07,0.01,0.07420494699646643,0.09134275618374557,0.09134275618374557,0.13133097762073026
annotated,Sora,illabo_468610594%2Fmd.mp4,patch_only,,0.7,0.3,motion_soft,2,4,0.07,0.01,0.016489988221436984,0.023910482921083626,0.023910482921083626,0.04122497055359246
annotated,Sora,illilui_685099558%2Fmd.mp4,patch_only,,0.7,0.3,motion_soft,2,4,0.07,0.01,0.15665488810365136,0.22061248527679622,0.22061248527679622,0.36984687868080096
annotated,Sora,ilya444222_607724229%2Fmd.mp4,patch_only,,0.7,0.3,motion_soft,2,4,0.07,0.01,0.24440518256772673,0.18839811542991755,0.18839811542991755,0.05771495877502945
annotated,Sora,imageofsar_414834608%2Fmd.mp4,patch_only,,0.7,0.3,motion_soft,2,4,0.07,0.01,0.03769140164899882,0.03380447585394582,0.03380447585394582,0.024734982332155476
annotated,Sora,imbalcarta_907739575%2Fmd.mp4,patch_only,,0.7,0.3,motion_soft,2,4,0.07,0.01,0.01707891637220259,0.022732626619552415,0.022732626619552415,0.035924617196702
annotated,Sora,imdaniel_329734093%2Fmd.mp4,patch_only,,0.7,0.3,motion_soft,2,4,0.07,0.01,0.002944640753828033,0.004004711425206125,0.004004711425206125,0.006478209658421673
annotated,Sora,imgisthelimit_142190191%2Fmd.mp4,patch_only,,0.7,0.3,motion_soft,2,4,0.07,0.01,0.48939929328621906,0.46236749116607767,0.46236749116607767,0.3992932862190813
annotated,Sora,imperialx_655252363%2Fmd.mp4,patch_only,,0.7,0.3,motion_soft,2,4,0.07,0.01,0.3739693757361602,0.29163722025912836,0.29163722025912836,0.09952885747938751
annotated,Sora,infinitiserve_838517177%2Fmd.mp4,patch_only,,0.7,0.3,motion_soft,2,4,0.07,0.01,0.35217903415783275,0.25995288574793873,0.25995288574793873,0.0447585394581861
annotated,Sora,infoslanakgmailcom_102521982%2Fmd.mp4,patch_only,,0.7,0.3,motion_soft,2,4,0.07,0.01,0.06713780918727916,0.052826855123674916,0.052826855123674916,0.019434628975265017
annotated,Sora,interopia_364231176%2Fmd.mp4,patch_only,,0.7,0.3,motion_soft,2,4,0.07,0.01,0.08244994110718493,0.059481743227326266,0.059481743227326266,0.005889281507656066
annotated,Sora,inximkr_714238610%2Fmd.mp4,patch_only,,0.7,0.3,motion_soft,2,4,0.07,0.01,0.12073027090694935,0.2410482921083628,0.2410482921083628,0.5217903415783275
annotated,Sora,ioannaiva_689278227%2Fmd.mp4,patch_only,,0.7,0.3,motion_soft,2,4,0.07,0.01,0.6283863368669023,0.47008244994110715,0.47008244994110715,0.10070671378091872
annotated,Sora,ioh777_744392517%2Fmd.mp4,patch_only,,0.7,0.3,motion_soft,2,4,0.07,0.01,0.01884570082449941,0.016725559481743226,0.016725559481743226,0.011778563015312132
annotated,Sora,ipman33_824593088%2Fmd.mp4,patch_only,,0.7,0.3,motion_soft,2,4,0.07,0.01,0.32391048292108365,0.2852179034157833,0.2852179034157833,0.19493521790341578
annotated,Sora,iris_77_533310116%2Fmd.mp4,patch_only,,0.7,0.3,motion_soft,2,4,0.07,0.01,0.002944640753828033,0.0038280329799764428,0.0038280329799764428,0.005889281507656066
annotated,Sora,irise2025_60511699%2Fmd.mp4,patch_only,,0.7,0.3,motion_soft,2,4,0.07,0.01,0.2049469964664311,0.1872791519434629,0.1872791519434629,0.14605418138987045
annotated,Sora,irmatorres_137920054%2Fmd.mp4,patch_only,,0.7,0.3,motion_soft,2,4,0.07,0.01,0.10954063604240283,0.08109540636042403,0.08109540636042403,0.014723203769140165
annotated,Sora,isajose_466624048%2Fmd.mp4,patch_only,,0.7,0.3,motion_soft,2,4,0.07,0.01,0.07008244994110718,0.09358068315665488,0.09358068315665488,0.14840989399293286
annotated,Sora,isapeace_290797384%2Fmd.mp4,patch_only,,0.7,0.3,motion_soft,2,4,0.07,0.01,0.001177856301531213,0.008775029446407538,0.008775029446407538,0.026501766784452298
annotated,Sora,ishanmail28_484977411%2Fmd.mp4,patch_only,,0.7,0.3,motion_soft,2,4,0.07,0.01,0.18256772673733804,0.20288574793875147,0.20288574793875147,0.2502944640753828
annotated,Sora,islaniamh_141446391%2Fmd.mp4,patch_only,,0.7,0.3,motion_soft,2,4,0.07,0.01,0.026501766784452298,0.05759717314487633,0.05759717314487633,0.13015312131919907
annotated,Sora,ism_122875593%2Fmd.mp4,patch_only,,0.7,0.3,motion_soft,2,4,0.07,0.01,0.3710247349823322,0.3180212014134276,0.3180212014134276,0.19434628975265017
annotated,Sora,itscarlosrios_248447563%2Fmd.mp4,patch_only,,0.7,0.3,motion_soft,2,4,0.07,0.01,0.10424028268551237,0.07738515901060071,0.07738515901060071,0.014723203769140165
annotated,Sora,itsokbutno_271983187%2Fmd.mp4,patch_only,,0.7,0.3,motion_soft,2,4,0.07,0.01,0.025323910482921083,0.021790341578327443,0.021790341578327443,0.013545347467608953
annotated,Sora,itzbeckz_470277008%2Fmd.mp4,patch_only,,0.7,0.3,motion_soft,2,4,0.07,0.01,0.267962308598351,0.20559481743227326,0.20559481743227326,0.06007067137809187
annotated,Sora,ivanivanivan1_309324009%2Fmd.mp4,patch_only,,0.7,0.3,motion_soft,2,4,0.07,0.01,0.08833922261484099,0.07508833922261483,0.07508833922261483,0.044169611307420496
annotated,Sora,j_lock55_626070219%2Fmd.mp4,patch_only,,0.7,0.3,motion_soft,2,4,0.07,0.01,0.016489988221436984,0.026030624263839813,0.026030624263839813,0.048292108362779744
annotated,Sora,jackadhd_344785515%2Fmd.mp4,patch_only,,0.7,0.3,motion_soft,2,4,0.07,0.01,0.030624263839811542,0.023203769140164896,0.023203769140164896,0.005889281507656066
annotated,Sora,jackhipins_649721170%2Fmd.mp4,patch_only,,0.7,0.3,motion_soft,2,4,0.07,0.01,0.002355712603062426,0.01525323910482921,0.01525323910482921,0.04534746760895171
annotated,Sora,jacksk_701698230%2Fmd.mp4,patch_only,,0.7,0.3,motion_soft,2,4,0.07,0.01,0.03297997644287397,0.03934040047114252,0.03934040047114252,0.05418138987043581
annotated,Sora,jademagnum_watermarked.mp4,patch_only,,0.7,0.3,motion_soft,2,4,0.07,0.01,0.022968197879858657,0.035512367491166076,0.035512367491166076,0.06478209658421673
annotated,Sora,jaimetrevino_430286853%2Fmd.mp4,patch_only,,0.7,0.3,motion_soft,2,4,0.07,0.01,0.0,0.005830388692579505,0.005830388692579505,0.019434628975265017
annotated,Sora,jairgf8_9552676%2Fmd.mp4,patch_only,,0.7,0.3,motion_soft,2,4,0.07,0.01,0.13957597173144876,0.20194346289752652,0.20194346289752652,0.3474676089517079
annotated,Sora,jallday_720591041%2Fmd.mp4,patch_only,,0.7,0.3,motion_soft,2,4,0.07,0.01,0.09481743227326266,0.10400471142520612,0.10400471142520612,0.1254416961130742
annotated,Sora,jam14_414903139%2Fmd.mp4,patch_only,,0.7,0.3,motion_soft,2,4,0.07,0.01,0.04946996466431095,0.037985865724381625,0.037985865724381625,0.011189634864546525
annotated,Sora,janellea_292080081%2Fmd.mp4,patch_only,,0.7,0.3,motion_soft,2,4,0.07,0.01,0.4758539458186101,0.5585394581861012,0.5585394581861012,0.751472320376914
annotated,Sora,janjan20_700688902%2Fmd.mp4,patch_only,,0.7,0.3,motion_soft,2,4,0.07,0.01,0.19846878680800942,0.2062426383981154,0.2062426383981154,0.22438162544169613
annotated,Sora,janzuary_487873408%2Fmd.mp4,patch_only,,0.7,0.3,motion_soft,2,4,0.07,0.01,0.10070671378091872,0.13374558303886924,0.13374558303886924,0.21083627797408716
annotated,Sora,jason564_573757719%2Fmd.mp4,patch_only,,0.7,0.3,motion_soft,2,4,0.07,0.01,0.0989399293286219,0.14982332155477032,0.14982332155477032,0.26855123674911663
annotated,Sora,jason_0112_999326806%2Fmd.mp4,patch_only,,0.7,0.3,motion_soft,2,4,0.07,0.01,0.10836277974087162,0.14122497055359245,0.14122497055359245,0.21790341578327443
annotated,Sora,jasonrink_398413126%2Fmd.mp4,patch_only,,0.7,0.3,motion_soft,2,4,0.07,0.01,0.002944640753828033,0.0267962308598351,0.0267962308598351,0.08244994110718493
annotated,Sora,jauntybadger_159865527%2Fmd.mp4,patch_only,,0.7,0.3,motion_soft,2,4,0.07,0.01,0.45111896348645464,0.49864546525323905,0.49864546525323905,0.6095406360424028
annotated,Sora,jax0817_386768246%2Fmd.mp4,patch_only,,0.7,0.3,motion_soft,2,4,0.07,0.01,0.10070671378091872,0.07773851590106005,0.07773851590106005,0.024146054181389872
annotated,Sora,jaydenliu99_712857750%2Fmd.mp4,patch_only,,0.7,0.3,motion_soft,2,4,0.07,0.01,0.008244994110718492,0.05312131919905772,0.05312131919905772,0.15783274440518258
annotated,Sora,jayvillaver78_804808830%2Fmd.mp4,patch_only,,0.7,0.3,motion_soft,2,4,0.07,0.01,0.027090694935217905,0.07550058892815076,0.07550058892815076,0.18845700824499412
annotated,Sora,jazbean_610517503%2Fmd.mp4,patch_only,,0.7,0.3,motion_soft,2,4,0.07,0.01,0.15488810365135453,0.10842167255594816,0.10842167255594816,0.0
annotated,Sora,jazminedeluna__830573001%2Fmd.mp4,patch_only,,0.7,0.3,motion_soft,2,4,0.07,0.01,0.10129564193168433,0.23839811542991754,0.23839811542991754,0.558303886925795
annotated,Sora,jbkcd_524956592%2Fmd.mp4,patch_only,,0.7,0.3,motion_soft,2,4,0.07,0.01,0.07656065959952886,0.05571260306242638,0.05571260306242638,0.007067137809187279
annotated,Sora,jc2006_156122584%2Fmd.mp4,patch_only,,0.7,0.3,motion_soft,2,4,0.07,0.01,0.08244994110718493,0.12326266195524146,0.12326266195524146,0.21849234393404005
annotated,Sora,jchrispin_668493906%2Fmd.mp4,patch_only,,0.7,0.3,motion_soft,2,4,0.07,0.01,0.467020023557126,0.5498822143698469,0.5498822143698469,0.7432273262661955
annotated,Sora,jct27_610742747%2Fmd.mp4,patch_only,,0.7,0.3,motion_soft,2,4,0.07,0.01,0.009422850412249705,0.011012956419316842,0.011012956419316842,0.014723203769140165
annotated,Sora,jeff1688_watermarked.mp4,patch_only,,0.7,0.3,motion_soft,2,4,0.07,0.01,0.39811542991755006,0.28062426383981154,0.28062426383981154,0.006478209658421673
annotated,Sora,jeffk21_661425512%2Fmd.mp4,patch_only,,0.7,0.3,motion_soft,2,4,0.07,0.01,0.2408716136631331,0.16967020023557125,0.16967020023557125,0.0035335689045936395
annotated,Sora,jeffreyzou_775207158%2Fmd.mp4,patch_only,,0.7,0.3,motion_soft,2,4,0.07,0.01,0.6383981154299175,0.4755005889281507,0.4755005889281507,0.09540636042402827
annotated,Sora,jeonghuijeong_992609226%2Fmd.mp4,patch_only,,0.7,0.3,motion_soft,2,4,0.07,0.01,0.1972909305064782,0.17838633686690222,0.17838633686690222,0.13427561837455831
annotated,Sora,jeroenbas_704163635%2Fmd.mp4,patch_only,,0.7,0.3,motion_soft,2,4,0.07,0.01,0.36866902237926974,0.43333333333333335,0.43333333333333335,0.5842167255594818
annotated,Sora,jesuschavito_811434120%2Fmd.mp4,patch_only,,0.7,0.3,motion_soft,2,4,0.07,0.01,0.5859835100117785,0.5769729093050646,0.5769729093050646,0.5559481743227326
annotated,Sora,jesusfrustrado_296465501%2Fmd.mp4,patch_only,,0.7,0.3,motion_soft,2,4,0.07,0.01,0.04004711425206125,0.07838633686690223,0.07838633686690223,0.16784452296819788
annotated,Sora,jesusinkerala_519686254%2Fmd.mp4,patch_only,,0.7,0.3,motion_soft,2,4,0.07,0.01,0.04770318021201413,0.05035335689045936,0.05035335689045936,0.05653710247349823
annotated,Sora,jesustarrr_301218199%2Fmd.mp4,patch_only,,0.7,0.3,motion_soft,2,4,0.07,0.01,0.06419316843345112,0.05129564193168433,0.05129564193168433,0.02120141342756184
annotated,Sora,jgs1992_706659641%2Fmd.mp4,patch_only,,0.7,0.3,motion_soft,2,4,0.07,0.01,0.22732626619552415,0.23121319199057716,0.23121319199057716,0.24028268551236748
annotated,Sora,jhyjmi7_852417034%2Fmd.mp4,patch_only,,0.7,0.3,motion_soft,2,4,0.07,0.01,0.29093050647820967,0.20577149587750293,0.20577149587750293,0.007067137809187279
annotated,Sora,jiavansh_851258748%2Fmd.mp4,patch_only,,0.7,0.3,motion_soft,2,4,0.07,0.01,0.01884570082449941,0.035806831566548875,0.035806831566548875,0.07538280329799764
annotated,Sora,jihea_639834535%2Fmd.mp4,patch_only,,0.7,0.3,motion_soft,2,4,0.07,0.01,0.23498233215547704,0.2302120141342756,0.2302120141342756,0.21908127208480566
annotated,Sora,jildo420_674536644%2Fmd.mp4,patch_only,,0.7,0.3,motion_soft,2,4,0.07,0.01,0.025323910482921083,0.022143698468786808,0.022143698468786808,0.014723203769140165
annotated,Sora,jimmyscat_182007748%2Fmd.mp4,patch_only,,0.7,0.3,motion_soft,2,4,0.07,0.01,0.13191990577149587,0.12909305064782095,0.12909305064782095,0.12249705535924617
annotated,Sora,jimymukmin_137635841%2Fmd.mp4,patch_only,,0.7,0.3,motion_soft,2,4,0.07,0.01,0.044169611307420496,0.03851590106007067,0.03851590106007067,0.025323910482921083
annotated,Sora,jin48mailru_24640877%2Fmd.mp4,patch_only,,0.7,0.3,motion_soft,2,4,0.07,0.01,0.06713780918727916,0.22985865724381627,0.22985865724381627,0.6095406360424028
annotated,Sora,jindodddd_742210789%2Fmd.mp4,patch_only,,0.7,0.3,motion_soft,2,4,0.07,0.01,0.0005889281507656066,0.002179034157832744,0.002179034157832744,0.005889281507656066
annotated,Sora,jinjinjeong_547063959%2Fmd.mp4,patch_only,,0.7,0.3,motion_soft,2,4,0.07,0.01,0.5394581861012956,0.471436984687868,0.471436984687868,0.3127208480565371
annotated,Sora,jinnorix_511428509%2Fmd.mp4,patch_only,,0.7,0.3,motion_soft,2,4,0.07,0.01,0.17491166077738515,0.17314487632508832,0.17314487632508832,0.1690223792697291
annotated,Sora,jjinsunglee6945_193019935%2Fmd.mp4,patch_only,,0.7,0.3,motion_soft,2,4,0.07,0.01,0.011189634864546525,0.10995288574793874,0.10995288574793874,0.3404004711425206
annotated,Sora,jk0019_135807324%2Fmd.mp4,patch_only,,0.7,0.3,motion_soft,2,4,0.07,0.01,0.13250883392226148,0.1549469964664311,0.1549469964664311,0.20730270906949352
annotated,Sora,jlcjr1991_682835269%2Fmd.mp4,patch_only,,0.7,0.3,motion_soft,2,4,0.07,0.01,0.18610129564193167,0.1338044758539458,0.1338044758539458,0.011778563015312132
annotated,Sora,jmallut_636554510%2Fmd.mp4,patch_only,,0.7,0.3,motion_soft,2,4,0.07,0.01,0.10129564193168433,0.08627797408716137,0.08627797408716137,0.05123674911660778
annotated,Sora,jmth_488817098%2Fmd.mp4,patch_only,,0.7,0.3,motion_soft,2,4,0.07,0.01,0.47644287396937574,0.3487043580683156,0.3487043580683156,0.050647820965842166
annotated,Sora,joansehi_867021446%2Fmd.mp4,patch_only,,0.7,0.3,motion_soft,2,4,0.07,0.01,0.23380447585394581,0.16595995288574794,0.16595995288574794,0.0076560659599528855
annotated,Sora,joaopedro6969_581170393%2Fmd.mp4,patch_only,,0.7,0.3,motion_soft,2,4,0.07,0.01,0.06713780918727916,0.054593639575971735,0.054593639575971735,0.025323910482921083
annotated,Sora,joecool306_471500784%2Fmd.mp4,patch_only,,0.7,0.3,motion_soft,2,4,0.07,0.01,0.016489988221436984,0.036277974087161366,0.036277974087161366,0.08244994110718493
annotated,Sora,joel67_635869244%2Fmd.mp4,patch_only,,0.7,0.3,motion_soft,2,4,0.07,0.01,0.19022379269729092,0.2246760895170789,0.2246760895170789,0.3050647820965842
annotated,Sora,joewillnauer_999425491%2Fmd.mp4,patch_only,,0.7,0.3,motion_soft,2,4,0.07,0.01,0.05889281507656066,0.08663133097762073,0.08663133097762073,0.1513545347467609
annotated,Sora,johndouglas2025_885053332%2Fmd.mp4,patch_only,,0.7,0.3,motion_soft,2,4,0.07,0.01,0.001177856301531213,0.001001177856301531,0.001001177856301531,0.0005889281507656066
annotated,Sora,johntoso_16709113%2Fmd.mp4,patch_only,,0.7,0.3,motion_soft,2,4,0.07,0.01,0.38810365135453473,0.398527679623086,0.398527679623086,0.42285041224970554
annotated,Sora,johnvanderpol_496241161%2Fmd.mp4,patch_only,,0.7,0.3,motion_soft,2,4,0.07,0.01,0.43109540636042404,0.3438162544169611,0.3438162544169611,0.14016489988221437
annotated,Sora,johnwickerson_618482429%2Fmd.mp4,patch_only,,0.7,0.3,motion_soft,2,4,0.07,0.01,0.5700824499411072,0.505241460541814,0.505241460541814,0.3539458186101296
annotated,Sora,jonas9x9_283347008%2Fmd.mp4,patch_only,,0.7,0.3,motion_soft,2,4,0.07,0.01,0.01884570082449941,0.016725559481743226,0.016725559481743226,0.011778563015312132
annotated,Sora,jonejaidee_995969810%2Fmd.mp4,patch_only,,0.7,0.3,motion_soft,2,4,0.07,0.01,0.01060070671378092,0.05441696113074205,0.05441696113074205,0.15665488810365136
annotated,Sora,jonhliao_578945302%2Fmd.mp4,patch_only,,0.7,0.3,motion_soft,2,4,0.07,0.01,0.05830388692579505,0.04240282685512367,0.04240282685512367,0.00530035335689046
annotated,Sora,jonstronglives_867833632%2Fmd.mp4,patch_only,,0.7,0.3,motion_soft,2,4,0.07,0.01,0.5,0.3673144876325088,0.3673144876325088,0.05771495877502945
annotated,Sora,joren111_304812655%2Fmd.mp4,patch_only,,0.7,0.3,motion_soft,2,4,0.07,0.01,0.8674911660777385,0.8397526501766783,0.8397526501766783,0.7750294464075382
annotated,Sora,joseantonio71_614690824%2Fmd.mp4,patch_only,,0.7,0.3,motion_soft,2,4,0.07,0.01,0.4363957597173145,0.4625441696113074,0.4625441696113074,0.5235571260306242
annotated,Sora,josefo28_watermarked.mp4,patch_only,,0.7,0.3,motion_soft,2,4,0.07,0.01,0.02767962308598351,0.05524146054181389,0.05524146054181389,0.11955241460541814
annotated,Sora,joseluisperezmolinero_915724720%2Fmd.mp4,patch_only,,0.7,0.3,motion_soft,2,4,0.07,0.01,0.06713780918727916,0.04717314487632509,0.04717314487632509,0.0005889281507656066
annotated,Sora,josemirmoura_421852191%2Fmd.mp4,patch_only,,0.7,0.3,motion_soft,2,4,0.07,0.01,0.35630153121319197,0.45718492343934036,0.45718492343934036,0.6925795053003534
annotated,Sora,josetorres21_990373300%2Fmd.mp4,patch_only,,0.7,0.3,motion_soft,2,4,0.07,0.01,0.01884570082449941,0.030153121319199054,0.030153121319199054,0.05653710247349823
annotated,Sora,joshbuoni_943173441%2Fmd.mp4,patch_only,,0.7,0.3,motion_soft,2,4,0.07,0.01,0.04888103651354535,0.07025912838633686,0.07025912838633686,0.12014134275618374
annotated,Sora,joshivishal2050_383975949%2Fmd.mp4,patch_only,,0.7,0.3,motion_soft,2,4,0.07,0.01,0.09010600706713781,0.1371024734982332,0.1371024734982332,0.24676089517078917
annotated,Sora,joy1509_887794620%2Fmd.mp4,patch_only,,0.7,0.3,motion_soft,2,4,0.07,0.01,0.37691401648998824,0.293698468786808,0.293698468786808,0.09952885747938751
annotated,Sora,joyfuljourneyparenting_424442081%2Fmd.mp4,patch_only,,0.7,0.3,motion_soft,2,4,0.07,0.01,0.552414605418139,0.6416372202591284,0.6416372202591284,0.8498233215547704
annotated,Sora,jphil16_592195217%2Fmd.mp4,patch_only,,0.7,0.3,motion_soft,2,4,0.07,0.01,0.13957597173144876,0.1234982332155477,0.1234982332155477,0.08598351001177856
annotated,Sora,jr122202_960987041%2Fmd.mp4,patch_only,,0.7,0.3,motion_soft,2,4,0.07,0.01,0.3751472320376914,0.3124263839811543,0.3124263839811543,0.16607773851590105
annotated,Sora,jugaldesai_637915109%2Fmd.mp4,patch_only,,0.7,0.3,motion_soft,2,4,0.07,0.01,0.15959952885747938,0.19157832744405182,0.19157832744405182,0.2661955241460542
annotated,Sora,juice126_679243754%2Fmd.mp4,patch_only,,0.7,0.3,motion_soft,2,4,0.07,0.01,0.37750294464075385,0.4108951707891637,0.4108951707891637,0.48881036513545345
annotated,Sora,juio8998_432147229%2Fmd.mp4,patch_only,,0.7,0.3,motion_soft,2,4,0.07,0.01,0.3710247349823322,0.29469964664310955,0.29469964664310955,0.1166077738515901
annotated,Sora,juju_6_194870880%2Fmd.mp4,patch_only,,0.7,0.3,motion_soft,2,4,0.07,0.01,0.0,0.012014134275618375,0.012014134275618375,0.04004711425206125
annotated,Sora,julana137_905108568%2Fmd.mp4,patch_only,,0.7,0.3,motion_soft,2,4,0.07,0.01,0.020023557126030624,0.04811542991755006,0.04811542991755006,0.11366313309776208
annotated,Sora,juli3n93_126049668%2Fmd.mp4,patch_only,,0.7,0.3,motion_soft,2,4,0.07,0.01,0.1607773851590106,0.15282685512367492,0.15282685512367492,0.13427561837455831
annotated,Sora,julia66_865292154%2Fmd.mp4,patch_only,,0.7,0.3,motion_soft,2,4,0.07,0.01,0.07420494699646643,0.13268551236749118,0.13268551236749118,0.26914016489988224
annotated,Sora,julianna366_840879800%2Fmd.mp4,patch_only,,0.7,0.3,motion_soft,2,4,0.07,0.01,0.0,0.005123674911660777,0.005123674911660777,0.01707891637220259
annotated,Sora,julilll_527536976%2Fmd.mp4,patch_only,,0.7,0.3,motion_soft,2,4,0.07,0.01,0.254416961130742,0.2802120141342756,0.2802120141342756,0.3404004711425206
annotated,Sora,junaidali62_184120014%2Fmd.mp4,patch_only,,0.7,0.3,motion_soft,2,4,0.07,0.01,0.0624263839811543,0.05429917550058892,0.05429917550058892,0.0353356890459364
annotated,Sora,june7777_362269320%2Fmd.mp4,patch_only,,0.7,0.3,motion_soft,2,4,0.07,0.01,0.7726737338044759,0.678680800942285,0.678680800942285,0.45936395759717313
annotated,Sora,juneyjay_925085337%2Fmd.mp4,patch_only,,0.7,0.3,motion_soft,2,4,0.07,0.01,0.002355712603062426,0.039458186101295645,0.039458186101295645,0.12603062426383982
annotated,Sora,junghyang_152370562%2Fmd.mp4,patch_only,,0.7,0.3,motion_soft,2,4,0.07,0.01,0.23498233215547704,0.16925795053003534,0.16925795053003534,0.015901060070671377
annotated,Sora,junjiyang_685124968%2Fmd.mp4,patch_only,,0.7,0.3,motion_soft,2,4,0.07,0.01,0.011189634864546525,0.03292108362779741,0.03292108362779741,0.08362779740871613
annotated,Sora,junsei0421_325886516%2Fmd.mp4,patch_only,,0.7,0.3,motion_soft,2,4,0.07,0.01,0.027090694935217905,0.08327444051825678,0.08327444051825678,0.2143698468786808
annotated,Sora,junz2_156186885%2Fmd.mp4,patch_only,,0.7,0.3,motion_soft,2,4,0.07,0.01,0.1071849234393404,0.07856301531213192,0.07856301531213192,0.011778563015312132
annotated,Sora,juseoklee_402883065%2Fmd.mp4,patch_only,,0.7,0.3,motion_soft,2,4,0.07,0.01,0.585394581861013,0.41595995288574794,0.41595995288574794,0.02061248527679623
annotated,Sora,justinstanelle_17844808%2Fmd.mp4,patch_only,,0.7,0.3,motion_soft,2,4,0.07,0.01,0.06713780918727916,0.09770318021201413,0.09770318021201413,0.1690223792697291
annotated,Sora,jwieyiu_805528075%2Fmd.mp4,patch_only,,0.7,0.3,motion_soft,2,4,0.07,0.01,0.020023557126030624,0.014193168433451118,0.014193168433451118,0.0005889281507656066
annotated,Sora,k0tyaara_281920107%2Fmd.mp4,patch_only,,0.7,0.3,motion_soft,2,4,0.07,0.01,0.17491166077738515,0.1872791519434629,0.1872791519434629,0.21613663133097763
annotated,Sora,k4eeo_3158243%2Fmd.mp4,patch_only,,0.7,0.3,motion_soft,2,4,0.07,0.01,0.039458186101295645,0.028857479387514724,0.028857479387514724,0.004122497055359246
annotated,Sora,k8from2n_663197102%2Fmd.mp4,patch_only,,0.7,0.3,motion_soft,2,4,0.07,0.01,0.3586572438162544,0.30954063604240284,0.30954063604240284,0.19493521790341578
annotated,Sora,k_benas_985917767%2Fmd.mp4,patch_only,,0.7,0.3,motion_soft,2,4,0.07,0.01,0.016489988221436984,0.038928150765606594,0.038928150765606594,0.09128386336866902
annotated,Sora,k_sim_587049355%2Fmd.mp4,patch_only,,0.7,0.3,motion_soft,2,4,0.07,0.01,0.09540636042402827,0.06961130742049469,0.06961130742049469,0.009422850412249705
annotated,Sora,kakehashi_369955668%2Fmd.mp4,patch_only,,0.7,0.3,motion_soft,2,4,0.07,0.01,0.6260306242638398,0.6608362779740872,0.6608362779740872,0.7420494699646644
annotated,Sora,kalantara_india_624342825%2Fmd.mp4,patch_only,,0.7,0.3,motion_soft,2,4,0.07,0.01,0.19199057714958775,0.16107184923439338,0.16107184923439338,0.08892815076560659
annotated,Sora,kamonratsiam_565557352%2Fmd.mp4,patch_only,,0.7,0.3,motion_soft,2,4,0.07,0.01,0.03121319199057715,0.03510011778563015,0.03510011778563015,0.044169611307420496
annotated,Sora,kanon0707_322281649%2Fmd.mp4,patch_only,,0.7,0.3,motion_soft,2,4,0.07,0.01,0.4175500588928151,0.5634864546525324,0.5634864546525324,0.9040047114252061
annotated,Sora,kanpisit212_845190426%2Fmd.mp4,patch_only,,0.7,0.3,motion_soft,2,4,0.07,0.01,0.004711425206124852,0.1608951707891637,0.1608951707891637,0.525323910482921
annotated,Sora,kapten04_583390041%2Fmd.mp4,patch_only,,0.7,0.3,motion_soft,2,4,0.07,0.01,0.10011778563015312,0.241283863368669,0.241283863368669,0.5706713780918727
annotated,Sora,karam900_963851082%2Fmd.mp4,patch_only,,0.7,0.3,motion_soft,2,4,0.07,0.01,0.47644287396937574,0.3932273262661955,0.3932273262661955,0.19905771495877503
annotated,Sora,kawaks_900269071%2Fmd.mp4,patch_only,,0.7,0.3,motion_soft,2,4,0.07,0.01,0.04063604240282685,0.05318021201413427,0.05318021201413427,0.08244994110718493
annotated,Sora,kazuhide28_40941955%2Fmd.mp4,patch_only,,0.7,0.3,motion_soft,2,4,0.07,0.01,0.07656065959952886,0.08627797408716137,0.08627797408716137,0.10895170789163722
annotated,Sora,kazuma3_180419351%2Fmd.mp4,patch_only,,0.7,0.3,motion_soft,2,4,0.07,0.01,0.001177856301531213,0.004888103651354534,0.004888103651354534,0.013545347467608953
annotated,Sora,kbspeter_142702458%2Fmd.mp4,patch_only,,0.7,0.3,motion_soft,2,4,0.07,0.01,0.29917550058892817,0.34723203769140165,0.34723203769140165,0.45936395759717313
annotated,Sora,kddhyan_861313647%2Fmd.mp4,patch_only,,0.7,0.3,motion_soft,2,4,0.07,0.01,0.006478209658421673,0.09570082449941107,0.09570082449941107,0.303886925795053
annotated,Sora,keitokaneko_171984933%2Fmd.mp4,patch_only,,0.7,0.3,motion_soft,2,4,0.07,0.01,0.06419316843345112,0.04776207302709069,0.04776207302709069,0.009422850412249705
annotated,Sora,kellyng_603157992%2Fmd.mp4,patch_only,,0.7,0.3,motion_soft,2,4,0.07,0.01,0.17373380447585396,0.14210836277974087,0.14210836277974087,0.06831566548881036
annotated,Sora,kenshoedge_211016245%2Fmd.mp4,patch_only,,0.7,0.3,motion_soft,2,4,0.07,0.01,0.14605418138987045,0.10965842167255595,0.10965842167255595,0.024734982332155476
annotated,Sora,kerpalmagyar_877341020%2Fmd.mp4,patch_only,,0.7,0.3,motion_soft,2,4,0.07,0.01,0.5806831566548881,0.4434040047114252,0.4434040047114252,0.12308598351001178
annotated,Sora,kevisya_313025365%2Fmd.mp4,patch_only,,0.7,0.3,motion_soft,2,4,0.07,0.01,0.03415783274440518,0.023910482921083626,0.023910482921083626,0.0
annotated,Sora,kfcowgirl_500423045%2Fmd.mp4,patch_only,,0.7,0.3,motion_soft,2,4,0.07,0.01,0.2926972909305065,0.233510011778563,0.233510011778563,0.09540636042402827
annotated,Sora,kfcpizza_814470320%2Fmd.mp4,patch_only,,0.7,0.3,motion_soft,2,4,0.07,0.01,0.15488810365135453,0.2098351001177856,0.2098351001177856,0.3380447585394582
annotated,Sora,kfwkfkfwlfj_764392770%2Fmd.mp4,patch_only,,0.7,0.3,motion_soft,2,4,0.07,0.01,0.015312131919905771,0.04022379269729093,0.04022379269729093,0.0983510011778563
annotated,Sora,khactung_576179112%2Fmd.mp4,patch_only,,0.7,0.3,motion_soft,2,4,0.07,0.01,0.555359246171967,0.45747938751472317,0.45747938751472317,0.22909305064782096
annotated,Sora,khloe2020_978535619%2Fmd.mp4,patch_only,,0.7,0.3,motion_soft,2,4,0.07,0.01,0.02237926972909305,0.019022379269729092,0.019022379269729092,0.011189634864546525
annotated,Sora,kiangsvd_816947996%2Fmd.mp4,patch_only,,0.7,0.3,motion_soft,2,4,0.07,0.01,0.35571260306242636,0.27514723203769137,0.27514723203769137,0.08716136631330977
annotated,Sora,kidzynavi123_689657620%2Fmd.mp4,patch_only,,0.7,0.3,motion_soft,2,4,0.07,0.01,0.04181389870435807,0.08244994110718493,0.08244994110718493,0.1772673733804476
annotated,Sora,kietvt1_224533072%2Fmd.mp4,patch_only,,0.7,0.3,motion_soft,2,4,0.07,0.01,0.5371024734982333,0.40583038869257954,0.40583038869257954,0.09952885747938751
annotated,Sora,kim1171_759736099%2Fmd.mp4,patch_only,,0.7,0.3,motion_soft,2,4,0.07,0.01,0.11837455830388692,0.11872791519434628,0.11872791519434628,0.11955241460541814
annotated,Sora,kimkangmin00_393742378%2Fmd.mp4,patch_only,,0.7,0.3,motion_soft,2,4,0.07,0.01,0.21319199057714958,0.15559481743227324,0.15559481743227324,0.02120141342756184
annotated,Sora,kimkyungseob_599183004%2Fmd.mp4,patch_only,,0.7,0.3,motion_soft,2,4,0.07,0.01,0.09599528857479388,0.07055359246171966,0.07055359246171966,0.011189634864546525
annotated,Sora,kimsungin_515912855%2Fmd.mp4,patch_only,,0.7,0.3,motion_soft,2,4,0.07,0.01,0.061837455830388695,0.13109540636042405,0.13109540636042405,0.2926972909305065
annotated,Sora,kingader_758308579%2Fmd.mp4,patch_only,,0.7,0.3,motion_soft,2,4,0.07,0.01,0.4128386336866902,0.4727326266195524,0.4727326266195524,0.6124852767962309
annotated,Sora,kingpiro38_588526570%2Fmd.mp4,patch_only,,0.7,0.3,motion_soft,2,4,0.07,0.01,0.0,0.03144876325088339,0.03144876325088339,0.10482921083627797
annotated,Sora,kingsseven_940874972%2Fmd.mp4,patch_only,,0.7,0.3,motion_soft,2,4,0.07,0.01,0.15488810365135453,0.19994110718492342,0.19994110718492342,0.3050647820965842
annotated,Sora,kintop_371343820%2Fmd.mp4,patch_only,,0.7,0.3,motion_soft,2,4,0.07,0.01,0.2308598351001178,0.39075382803298,0.39075382803298,0.7638398115429917
annotated,Sora,kirstymind_241225744%2Fmd.mp4,patch_only,,0.7,0.3,motion_soft,2,4,0.07,0.01,0.19905771495877503,0.25647820965842166,0.25647820965842166,0.39045936395759717
annotated,Sora,kishan51_107241124%2Fmd.mp4,patch_only,,0.7,0.3,motion_soft,2,4,0.07,0.01,0.17255594817432274,0.12131919905771495,0.12131919905771495,0.0017667844522968198
annotated,Sora,kitbag_984706617%2Fmd.mp4,patch_only,,0.7,0.3,motion_soft,2,4,0.07,0.01,0.0005889281507656066,0.0014723203769140163,0.0014723203769140163,0.0035335689045936395
annotated,Sora,kitfatcat_193688388%2Fmd.mp4,patch_only,,0.7,0.3,motion_soft,2,4,0.07,0.01,0.5700824499411072,0.39905771495877507,0.39905771495877507,0.0
annotated,Sora,kitsunen_994713703%2Fmd.mp4,patch_only,,0.7,0.3,motion_soft,2,4,0.07,0.01,0.2249705535924617,0.35412249705535925,0.35412249705535925,0.6554770318021201
annotated,Sora,kjell_li_288246915%2Fmd.mp4,patch_only,,0.7,0.3,motion_soft,2,4,0.07,0.01,0.007067137809187279,0.04363957597173145,0.04363957597173145,0.12897526501766785
annotated,Sora,kkeeyou_701029214%2Fmd.mp4,patch_only,,0.7,0.3,motion_soft,2,4,0.07,0.01,0.5506478209658422,0.6504711425206124,0.6504711425206124,0.8833922261484098
annotated,Sora,kksr_479831408%2Fmd.mp4,patch_only,,0.7,0.3,motion_soft,2,4,0.07,0.01,0.26089517078916374,0.18598351001177857,0.18598351001177857,0.011189634864546525
annotated,Sora,klaushaller_382554895%2Fmd.mp4,patch_only,,0.7,0.3,motion_soft,2,4,0.07,0.01,0.06065959952885748,0.04581861012956419,0.04581861012956419,0.011189634864546525
annotated,Sora,knottedus_973961149%2Fmd.mp4,patch_only,,0.7,0.3,motion_soft,2,4,0.07,0.01,0.30683156654888105,0.30594817432273264,0.30594817432273264,0.303886925795053
annotated,Sora,knudback_948467168%2Fmd.mp4,patch_only,,0.7,0.3,motion_soft,2,4,0.07,0.01,0.41048292108362777,0.28804475853945816,0.28804475853945816,0.002355712603062426
annotated,Sora,kodelingua_568175035%2Fmd.mp4,patch_only,,0.7,0.3,motion_soft,2,4,0.07,0.01,0.10129564193168433,0.18486454652532391,0.18486454652532391,0.37985865724381623
annotated,Sora,koguz_watermarked.mp4,patch_only,,0.7,0.3,motion_soft,2,4,0.07,0.01,0.032391048292108364,0.026737338044758537,0.026737338044758537,0.013545347467608953
annotated,Sora,kohei0217_watermarked.mp4,patch_only,,0.7,0.3,motion_soft,2,4,0.07,0.01,0.287396937573616,0.26831566548881036,0.26831566548881036,0.22379269729093051
annotated,Sora,koheisasaki_699330640%2Fmd.mp4,patch_only,,0.7,0.3,motion_soft,2,4,0.07,0.01,0.0005889281507656066,0.03539458186101296,0.03539458186101296,0.1166077738515901
annotated,Sora,kojikabutoz_431321198%2Fmd.mp4,patch_only,,0.7,0.3,motion_soft,2,4,0.07,0.01,0.06065959952885748,0.07302709069493521,0.07302709069493521,0.10188457008244994
annotated,Sora,komalsbt_645136479%2Fmd.mp4,patch_only,,0.7,0.3,motion_soft,2,4,0.07,0.01,0.7078916372202592,0.7133686690223793,0.7133686690223793,0.726148409893993
annotated,Sora,kooksung_205324726%2Fmd.mp4,patch_only,,0.7,0.3,motion_soft,2,4,0.07,0.01,0.10659599528857479,0.10977620730270905,0.10977620730270905,0.11719670200235571
annotated,Sora,koopelstien_463535114%2Fmd.mp4,patch_only,,0.7,0.3,motion_soft,2,4,0.07,0.01,0.6684334511189635,0.6583627797408715,0.6583627797408715,0.6348645465253239
annotated,Sora,koriice_49088538%2Fmd.mp4,patch_only,,0.7,0.3,motion_soft,2,4,0.07,0.01,0.002355712603062426,0.011719670200235573,0.011719670200235573,0.03356890459363958
annotated,Sora,kotaroshimada_425382343%2Fmd.mp4,patch_only,,0.7,0.3,motion_soft,2,4,0.07,0.01,0.17491166077738515,0.12367491166077738,0.12367491166077738,0.004122497055359246
annotated,Sora,kotw305_70290367%2Fmd.mp4,patch_only,,0.7,0.3,motion_soft,2,4,0.07,0.01,0.15488810365135453,0.13174322732626617,0.13174322732626617,0.07773851590106007
annotated,Sora,kreidev_279191945%2Fmd.mp4,patch_only,,0.7,0.3,motion_soft,2,4,0.07,0.01,0.267962308598351,0.2190223792697291,0.2190223792697291,0.10482921083627797
annotated,Sora,krishna799_826229107%2Fmd.mp4,patch_only,,0.7,0.3,motion_soft,2,4,0.07,0.01,0.19199057714958775,0.4038280329799765,0.4038280329799765,0.8981154299175501
annotated,Sora,krishna8686_watermarked.mp4,patch_only,,0.7,0.3,motion_soft,2,4,0.07,0.01,0.19199057714958775,0.20842167255594818,0.20842167255594818,0.24676089517078917
annotated,Sora,krishplace_852795945%2Fmd.mp4,patch_only,,0.7,0.3,motion_soft,2,4,0.07,0.01,0.01884570082449941,0.07997644287396938,0.07997644287396938,0.2226148409893993
annotated,Sora,kristopuz_851159636%2Fmd.mp4,patch_only,,0.7,0.3,motion_soft,2,4,0.07,0.01,0.030624263839811542,0.056595995288574785,0.056595995288574785,0.11719670200235571
annotated,Sora,kruewl_109547898%2Fmd.mp4,patch_only,,0.7,0.3,motion_soft,2,4,0.07,0.01,0.0005889281507656066,0.022143698468786808,0.022143698468786808,0.07243816254416961
annotated,Sora,krumatcha_255949224%2Fmd.mp4,patch_only,,0.7,0.3,motion_soft,2,4,0.07,0.01,0.2791519434628975,0.26607773851590105,0.26607773851590105,0.23557126030624265
annotated,Sora,kruxly_47357269%2Fmd.mp4,patch_only,,0.7,0.3,motion_soft,2,4,0.07,0.01,0.38810365135453473,0.4752061248527679,0.4752061248527679,0.6784452296819788
annotated,Sora,kruyuth_971299712%2Fmd.mp4,patch_only,,0.7,0.3,motion_soft,2,4,0.07,0.01,0.22968197879858657,0.17773851590106005,0.17773851590106005,0.05653710247349823
annotated,Sora,kryco_250868939%2Fmd.mp4,patch_only,,0.7,0.3,motion_soft,2,4,0.07,0.01,0.030035335689045935,0.14823321554770316,0.14823321554770316,0.42402826855123676
annotated,Sora,ksumit21_269077023%2Fmd.mp4,patch_only,,0.7,0.3,motion_soft,2,4,0.07,0.01,0.032391048292108364,0.026207302709069492,0.026207302709069492,0.011778563015312132
annotated,Sora,kubacode_977440674%2Fmd.mp4,patch_only,,0.7,0.3,motion_soft,2,4,0.07,0.01,0.01884570082449941,0.06160188457008245,0.06160188457008245,0.16136631330977622
annotated,Sora,kucchu_745483116%2Fmd.mp4,patch_only,,0.7,0.3,motion_soft,2,4,0.07,0.01,0.12367491166077739,0.14752650176678445,0.14752650176678445,0.20318021201413428
annotated,Sora,kumark9_939199529%2Fmd.mp4,patch_only,,0.7,0.3,motion_soft,2,4,0.07,0.01,0.23851590106007067,0.16837455830388692,0.16837455830388692,0.004711425206124852
annotated,Sora,kunj1600_859953327%2Fmd.mp4,patch_only,,0.7,0.3,motion_soft,2,4,0.07,0.01,0.38162544169611307,0.2708480565371025,0.2708480565371025,0.012367491166077738
annotated,Sora,kupofsoup_361498671%2Fmd.mp4,patch_only,,0.7,0.3,motion_soft,2,4,0.07,0.01,0.18080094228504123,0.13027090694935217,0.13027090694935217,0.012367491166077738
annotated,Sora,kushagrakunwar_935631697%2Fmd.mp4,patch_only,,0.7,0.3,motion_soft,2,4,0.07,0.01,0.20141342756183744,0.14399293286219078,0.14399293286219078,0.010011778563015312
annotated,Sora,kwms573_256898032%2Fmd.mp4,patch_only,,0.7,0.3,motion_soft,2,4,0.07,0.01,0.1707891637220259,0.149057714958775,0.149057714958775,0.0983510011778563
annotated,Sora,kycdoe_16456758%2Fmd.mp4,patch_only,,0.7,0.3,motion_soft,2,4,0.07,0.01,0.03415783274440518,0.06931684334511189,0.06931684334511189,0.1513545347467609
annotated,Sora,kylepedey_324852654%2Fmd.mp4,patch_only,,0.7,0.3,motion_soft,2,4,0.07,0.01,0.004711425206124852,0.02396937573616019,0.02396937573616019,0.06890459363957598
annotated,Sora,kyungasong_209626116%2Fmd.mp4,patch_only,,0.7,0.3,motion_soft,2,4,0.07,0.01,0.18433451118963487,0.21702002355712602,0.21702002355712602,0.29328621908127206
annotated,Sora,laagencia_412931745%2Fmd.mp4,patch_only,,0.7,0.3,motion_soft,2,4,0.07,0.01,0.21908127208480566,0.2146643109540636,0.2146643109540636,0.2043580683156655
annotated,Sora,lado29_286125236%2Fmd.mp4,patch_only,,0.7,0.3,motion_soft,2,4,0.07,0.01,0.1419316843345112,0.10111896348645465,0.10111896348645465,0.005889281507656066
annotated,Sora,ladvision_51306946%2Fmd.mp4,patch_only,,0.7,0.3,motion_soft,2,4,0.07,0.01,0.14075382803297998,0.10647820965842167,0.10647820965842167,0.026501766784452298
annotated,Sora,lagioisingrini_259506507%2Fmd.mp4,patch_only,,0.7,0.3,motion_soft,2,4,0.07,0.01,0.01884570082449941,0.01637220259128386,0.01637220259128386,0.01060070671378092
annotated,Sora,laiwang_537594903%2Fmd.mp4,patch_only,,0.7,0.3,motion_soft,2,4,0.07,0.01,0.19199057714958775,0.18244994110718493,0.18244994110718493,0.160188457008245
annotated,Sora,lakhe_428465144%2Fmd.mp4,patch_only,,0.7,0.3,motion_soft,2,4,0.07,0.01,0.15488810365135453,0.18421672555948174,0.18421672555948174,0.25265017667844525
annotated,Sora,lakotacamp_563858347%2Fmd.mp4,patch_only,,0.7,0.3,motion_soft,2,4,0.07,0.01,0.1525323910482921,0.18150765606595995,0.18150765606595995,0.24911660777385158
annotated,Sora,lance_246_53175348%2Fmd.mp4,patch_only,,0.7,0.3,motion_soft,2,4,0.07,0.01,0.6060070671378092,0.42773851590106005,0.42773851590106005,0.011778563015312132
annotated,Sora,landissimo_763773615%2Fmd.mp4,patch_only,,0.7,0.3,motion_soft,2,4,0.07,0.01,0.05889281507656066,0.09952885747938751,0.09952885747938751,0.19434628975265017
annotated,Sora,lars670_439938794%2Fmd.mp4,patch_only,,0.7,0.3,motion_soft,2,4,0.07,0.01,0.020023557126030624,0.06348645465253239,0.06348645465253239,0.16489988221436985
annotated,Sora,lasimo_40810628%2Fmd.mp4,patch_only,,0.7,0.3,motion_soft,2,4,0.07,0.01,0.0624263839811543,0.04723203769140164,0.04723203769140164,0.011778563015312132
annotated,Sora,laurasimport_269794814%2Fmd.mp4,patch_only,,0.7,0.3,motion_soft,2,4,0.07,0.01,0.03769140164899882,0.03186101295641931,0.03186101295641931,0.018256772673733806
annotated,Sora,lazypandazem_566926496%2Fmd.mp4,patch_only,,0.7,0.3,motion_soft,2,4,0.07,0.01,0.04063604240282685,0.03303886925795053,0.03303886925795053,0.015312131919905771
annotated,Sora,leabridgerton_189604004%2Fmd.mp4,patch_only,,0.7,0.3,motion_soft,2,4,0.07,0.01,0.7756183745583038,0.6245583038869257,0.6245583038869257,0.27208480565371024
annotated,Sora,leejwo_907280466%2Fmd.mp4,patch_only,,0.7,0.3,motion_soft,2,4,0.07,0.01,0.18256772673733804,0.30447585394581855,0.30447585394581855,0.5889281507656066
annotated,Sora,leoleoleo100_951268817%2Fmd.mp4,patch_only,,0.7,0.3,motion_soft,2,4,0.07,0.01,0.015901060070671377,0.04240282685512367,0.04240282685512367,0.10424028268551237
annotated,Sora,leopard1223_107764534%2Fmd.mp4,patch_only,,0.7,0.3,motion_soft,2,4,0.07,0.01,0.0005889281507656066,0.07179034157832744,0.07179034157832744,0.23792697290930506
annotated,Sora,leraaxe_587107646%2Fmd.mp4,patch_only,,0.7,0.3,motion_soft,2,4,0.07,0.01,0.016489988221436984,0.011542991755005888,0.011542991755005888,0.0
annotated,Sora,lesyaleo88_895509488%2Fmd.mp4,patch_only,,0.7,0.3,motion_soft,2,4,0.07,0.01,0.3663133097762073,0.4376914016489988,0.4376914016489988,0.6042402826855123
annotated,Sora,lifestar_857355916%2Fmd.mp4,patch_only,,0.7,0.3,motion_soft,2,4,0.07,0.01,0.030035335689045935,0.03975265017667844,0.03975265017667844,0.0624263839811543
annotated,Sora,liiiisa_533982359%2Fmd.mp4,patch_only,,0.7,0.3,motion_soft,2,4,0.07,0.01,0.7202591283863369,0.6078916372202592,0.6078916372202592,0.3457008244994111
annotated,Sora,limor1501_687703864%2Fmd.mp4,patch_only,,0.7,0.3,motion_soft,2,4,0.07,0.01,0.0,0.00017667844522968197,0.00017667844522968197,0.0005889281507656066
annotated,Sora,lin5989_396163243%2Fmd.mp4,patch_only,,0.7,0.3,motion_soft,2,4,0.07,0.01,0.2697290930506478,0.42131919905771487,0.42131919905771487,0.7750294464075382
annotated,Sora,lindenr_197211305%2Fmd.mp4,patch_only,,0.7,0.3,motion_soft,2,4,0.07,0.01,0.00530035335689046,0.011484098939929329,0.011484098939929329,0.02591283863368669
annotated,Sora,lindirium_339413934%2Fmd.mp4,patch_only,,0.7,0.3,motion_soft,2,4,0.07,0.01,0.011189634864546525,0.04899882214369847,0.04899882214369847,0.13722025912838634
annotated,Sora,lindorin_879827191%2Fmd.mp4,patch_only,,0.7,0.3,motion_soft,2,4,0.07,0.01,0.6560659599528857,0.4686101295641931,0.4686101295641931,0.03121319199057715
annotated,Sora,liornoyman_786096617%2Fmd.mp4,patch_only,,0.7,0.3,motion_soft,2,4,0.07,0.01,0.024734982332155476,0.023674911660777384,0.023674911660777384,0.02120141342756184
annotated,Sora,live0333_736455123%2Fmd.mp4,patch_only,,0.7,0.3,motion_soft,2,4,0.07,0.01,0.024734982332155476,0.017491166077738516,0.017491166077738516,0.0005889281507656066
annotated,Sora,lizzl_105470695%2Fmd.mp4,patch_only,,0.7,0.3,motion_soft,2,4,0.07,0.01,0.22673733804475854,0.20571260306242636,0.20571260306242636,0.15665488810365136
annotated,Sora,lkoq_753996478%2Fmd.mp4,patch_only,,0.7,0.3,motion_soft,2,4,0.07,0.01,0.07538280329799764,0.07467608951707891,0.07467608951707891,0.07302709069493522
annotated,Sora,llllllahaks_297627079%2Fmd.mp4,patch_only,,0.7,0.3,motion_soft,2,4,0.07,0.01,0.002944640753828033,0.04923439340400471,0.04923439340400471,0.15724381625441697
annotated,Sora,lmbloecher_486915395%2Fmd.mp4,patch_only,,0.7,0.3,motion_soft,2,4,0.07,0.01,0.002355712603062426,0.082037691401649,0.082037691401649,0.267962308598351
annotated,Sora,lonelyai_369000600%2Fmd.mp4,patch_only,,0.7,0.3,motion_soft,2,4,0.07,0.01,0.01060070671378092,0.028798586572438164,0.028798586572438164,0.0712603062426384
annotated,Sora,lonnix80_515057748%2Fmd.mp4,patch_only,,0.7,0.3,motion_soft,2,4,0.07,0.01,0.1702002355712603,0.25182567726737337,0.25182567726737337,0.44228504122497053
annotated,Sora,lontongg_830571883%2Fmd.mp4,patch_only,,0.7,0.3,motion_soft,2,4,0.07,0.01,0.1071849234393404,0.2404004711425206,0.2404004711425206,0.5512367491166078
annotated,Sora,looxyt_735295850%2Fmd.mp4,patch_only,,0.7,0.3,motion_soft,2,4,0.07,0.01,0.1248527679623086,0.09199057714958774,0.09199057714958774,0.015312131919905771
annotated,Sora,lord_granola_440596962%2Fmd.mp4,patch_only,,0.7,0.3,motion_soft,2,4,0.07,0.01,0.07714958775029446,0.10577149587750294,0.10577149587750294,0.17255594817432274
annotated,Sora,lordlongshoot_867558861%2Fmd.mp4,patch_only,,0.7,0.3,motion_soft,2,4,0.07,0.01,0.09540636042402827,0.1028268551236749,0.1028268551236749,0.12014134275618374
annotated,Sora,lorenzokking_112795806%2Fmd.mp4,patch_only,,0.7,0.3,motion_soft,2,4,0.07,0.01,0.04004711425206125,0.03156654888103651,0.03156654888103651,0.011778563015312132
annotated,Sora,louismilan_921024380%2Fmd.mp4,patch_only,,0.7,0.3,motion_soft,2,4,0.07,0.01,0.676678445229682,0.5651943462897526,0.5651943462897526,0.3050647820965842
annotated,Sora,lp_dip_847320339%2Fmd.mp4,patch_only,,0.7,0.3,motion_soft,2,4,0.07,0.01,0.2414605418138987,0.23297997644287394,0.23297997644287394,0.21319199057714958
annotated,Sora,lplocked_135948471%2Fmd.mp4,patch_only,,0.7,0.3,motion_soft,2,4,0.07,0.01,0.059481743227326266,0.04605418138987043,0.04605418138987043,0.014723203769140165
annotated,Sora,lsh823823_600837877%2Fmd.mp4,patch_only,,0.7,0.3,motion_soft,2,4,0.07,0.01,0.464075382803298,0.3421672555948174,0.3421672555948174,0.05771495877502945
annotated,Sora,lsmarujo_786565328%2Fmd.mp4,patch_only,,0.7,0.3,motion_soft,2,4,0.07,0.01,0.0088339222614841,0.2560070671378092,0.2560070671378092,0.8327444051825678
annotated,Sora,luaplegin_974286721%2Fmd.mp4,patch_only,,0.7,0.3,motion_soft,2,4,0.07,0.01,0.024734982332155476,0.07968197879858657,0.07968197879858657,0.20789163722025913
annotated,Sora,luc-mt_971895655%2Fmd.mp4,patch_only,,0.7,0.3,motion_soft,2,4,0.07,0.01,0.5506478209658422,0.506301531213192,0.506301531213192,0.4028268551236749
annotated,Sora,luca_marian_628453585%2Fmd.mp4,patch_only,,0.7,0.3,motion_soft,2,4,0.07,0.01,0.19257950530035337,0.1560070671378092,0.1560070671378092,0.0706713780918728
annotated,Sora,lucaicecreamwalker_584585814%2Fmd.mp4,patch_only,,0.7,0.3,motion_soft,2,4,0.07,0.01,0.06772673733804475,0.08680800942285041,0.08680800942285041,0.13133097762073026
annotated,Sora,lucatoz_988454821%2Fmd.mp4,patch_only,,0.7,0.3,motion_soft,2,4,0.07,0.01,0.12956419316843346,0.09299175500588927,0.09299175500588927,0.0076560659599528855
annotated,Sora,lucky41_505428209%2Fmd.mp4,patch_only,,0.7,0.3,motion_soft,2,4,0.07,0.01,0.7620730270906949,0.752002355712603,0.752002355712603,0.7285041224970553
annotated,Sora,lucrmz_915428237%2Fmd.mp4,patch_only,,0.7,0.3,motion_soft,2,4,0.07,0.01,0.007067137809187279,0.08480565371024736,0.08480565371024736,0.2661955241460542
annotated,Sora,ludens7_763074184%2Fmd.mp4,patch_only,,0.7,0.3,motion_soft,2,4,0.07,0.01,0.3286219081272085,0.23286219081272083,0.23286219081272083,0.009422850412249705
annotated,Sora,luisdavila2_416667043%2Fmd.mp4,patch_only,,0.7,0.3,motion_soft,2,4,0.07,0.01,0.3209658421672556,0.2276796230859835,0.2276796230859835,0.010011778563015312
annotated,Sora,luisrepi_472527513%2Fmd.mp4,patch_only,,0.7,0.3,motion_soft,2,4,0.07,0.01,0.30859835100117783,0.26495877502944637,0.26495877502944637,0.16313309776207302
annotated,Sora,lukas9_958959024%2Fmd.mp4,patch_only,,0.7,0.3,motion_soft,2,4,0.07,0.01,0.06949352179034157,0.1357479387514723,0.1357479387514723,0.29034157832744406
annotated,Sora,lukreaner_575344018%2Fmd.mp4,patch_only,,0.7,0.3,motion_soft,2,4,0.07,0.01,0.020023557126030624,0.018433451118963485,0.018433451118963485,0.014723203769140165
annotated,Sora,lulunono_895943612%2Fmd.mp4,patch_only,,0.7,0.3,motion_soft,2,4,0.07,0.01,0.1519434628975265,0.11183745583038869,0.11183745583038869,0.018256772673733806
annotated,Sora,luminai28_790257220%2Fmd.mp4,patch_only,,0.7,0.3,motion_soft,2,4,0.07,0.01,0.020023557126030624,0.01808009422850412,0.01808009422850412,0.013545347467608953
annotated,Sora,luuap_441453556%2Fmd.mp4,patch_only,,0.7,0.3,motion_soft,2,4,0.07,0.01,0.002944640753828033,0.08474676089517079,0.08474676089517079,0.2756183745583039
annotated,Sora,luxurie_471830830%2Fmd.mp4,patch_only,,0.7,0.3,motion_soft,2,4,0.07,0.01,0.04004711425206125,0.05382803297997644,0.05382803297997644,0.08598351001177856
annotated,Sora,lwq666_638158370%2Fmd.mp4,patch_only,,0.7,0.3,motion_soft,2,4,0.07,0.01,0.06301531213191991,0.05683156654888104,0.05683156654888104,0.04240282685512368
annotated,Sora,m0a9s_333173421%2Fmd.mp4,patch_only,,0.7,0.3,motion_soft,2,4,0.07,0.01,0.18610129564193167,0.3134864546525324,0.3134864546525324,0.610718492343934
annotated,Sora,machinedog227_282755331%2Fmd.mp4,patch_only,,0.7,0.3,motion_soft,2,4,0.07,0.01,0.21083627797408716,0.20889281507656066,0.20889281507656066,0.2043580683156655
annotated,Sora,madi7777_253431818%2Fmd.mp4,patch_only,,0.7,0.3,motion_soft,2,4,0.07,0.01,0.4534746760895171,0.4469375736160188,0.4469375736160188,0.43168433451118965
annotated,Sora,madoriens_314305618%2Fmd.mp4,patch_only,,0.7,0.3,motion_soft,2,4,0.07,0.01,0.5777385159010601,0.47455830388692577,0.47455830388692577,0.23380447585394581
annotated,Sora,mafgos_558284776%2Fmd.mp4,patch_only,,0.7,0.3,motion_soft,2,4,0.07,0.01,0.17962308598351,0.3229093050647821,0.3229093050647821,0.657243816254417
annotated,Sora,maharajinsights_660152614%2Fmd.mp4,patch_only,,0.7,0.3,motion_soft,2,4,0.07,0.01,0.14428739693757361,0.3032979976442874,0.3032979976442874,0.6743227326266196
annotated,Sora,mai3_706982590%2Fmd.mp4,patch_only,,0.7,0.3,motion_soft,2,4,0.07,0.01,0.0895170789163722,0.0748527679623086,0.0748527679623086,0.04063604240282685
annotated,Sora,maiko7979_947402348%2Fmd.mp4,patch_only,,0.7,0.3,motion_soft,2,4,0.07,0.01,0.009422850412249705,0.07691401648998822,0.07691401648998822,0.23439340400471143
annotated,Sora,makermindsai_287286313%2Fmd.mp4,patch_only,,0.7,0.3,motion_soft,2,4,0.07,0.01,0.4275618374558304,0.38869257950530034,0.38869257950530034,0.29799764428739695
annotated,Sora,makifuwo_799712489%2Fmd.mp4,patch_only,,0.7,0.3,motion_soft,2,4,0.07,0.01,0.6219081272084805,0.6454063604240282,0.6454063604240282,0.7002355712603062
annotated,Sora,makiken_995509627%2Fmd.mp4,patch_only,,0.7,0.3,motion_soft,2,4,0.07,0.01,0.1784452296819788,0.2763250883392226,0.2763250883392226,0.5047114252061249
annotated,Sora,makoom_942951449%2Fmd.mp4,patch_only,,0.7,0.3,motion_soft,2,4,0.07,0.01,0.0005889281507656066,0.0005889281507656066,0.0005889281507656066,0.0005889281507656066
annotated,Sora,mamasai_51195902%2Fmd.mp4,patch_only,,0.7,0.3,motion_soft,2,4,0.07,0.01,0.05005889281507656,0.04299175500588928,0.04299175500588928,0.026501766784452298
annotated,Sora,mamos13_261946167%2Fmd.mp4,patch_only,,0.7,0.3,motion_soft,2,4,0.07,0.01,0.002944640753828033,0.04746760895170789,0.04746760895170789,0.1513545347467609
annotated,Sora,manankh_115659803%2Fmd.mp4,patch_only,,0.7,0.3,motion_soft,2,4,0.07,0.01,0.020023557126030624,0.0163133097762073,0.0163133097762073,0.0076560659599528855
annotated,Sora,manavfury_964794548%2Fmd.mp4,patch_only,,0.7,0.3,motion_soft,2,4,0.07,0.01,0.0812720848056537,0.059010600706713774,0.059010600706713774,0.007067137809187279
annotated,Sora,manie07_367609493%2Fmd.mp4,patch_only,,0.7,0.3,motion_soft,2,4,0.07,0.01,0.7656065959952886,0.7235571260306242,0.7235571260306242,0.6254416961130742
annotated,Sora,mannxtrem_watermarked.mp4,patch_only,,0.7,0.3,motion_soft,2,4,0.07,0.01,0.7868080094228505,0.5846878680800942,0.5846878680800942,0.11307420494699646
annotated,Sora,manoftomorrow_151979960%2Fmd.mp4,patch_only,,0.7,0.3,motion_soft,2,4,0.07,0.01,0.04711425206124853,0.05188457008244994,0.05188457008244994,0.06301531213191991
annotated,Sora,manpreetrehsi_388381118%2Fmd.mp4,patch_only,,0.7,0.3,motion_soft,2,4,0.07,0.01,0.16725559481743227,0.22520612485276795,0.22520612485276795,0.36042402826855124
annotated,Sora,marcelo122ju_767092408%2Fmd.mp4,patch_only,,0.7,0.3,motion_soft,2,4,0.07,0.01,0.0624263839811543,0.06454652532391048,0.06454652532391048,0.06949352179034157
annotated,Sora,marcosmedeiros_599275797%2Fmd.mp4,patch_only,,0.7,0.3,motion_soft,2,4,0.07,0.01,0.6972909305064782,0.6020612485276796,0.6020612485276796,0.37985865724381623
annotated,Sora,mareki619_881318936%2Fmd.mp4,patch_only,,0.7,0.3,motion_soft,2,4,0.07,0.01,0.7426383981154299,0.5901648998822143,0.5901648998822143,0.23439340400471143
annotated,Sora,maria2_625193172%2Fmd.mp4,patch_only,,0.7,0.3,motion_soft,2,4,0.07,0.01,0.020023557126030624,0.018433451118963485,0.018433451118963485,0.014723203769140165
annotated,Sora,mariekelapachamama_762059817%2Fmd.mp4,patch_only,,0.7,0.3,motion_soft,2,4,0.07,0.01,0.3539458186101296,0.454829210836278,0.454829210836278,0.690223792697291
annotated,Sora,mariosalibaa_25607956%2Fmd.mp4,patch_only,,0.7,0.3,motion_soft,2,4,0.07,0.01,0.2508833922261484,0.21678445229681978,0.21678445229681978,0.13722025912838634
annotated,Sora,marisolpb_44926398%2Fmd.mp4,patch_only,,0.7,0.3,motion_soft,2,4,0.07,0.01,0.5954063604240283,0.6118374558303886,0.6118374558303886,0.6501766784452296
annotated,Sora,maropppp_2546425%2Fmd.mp4,patch_only,,0.7,0.3,motion_soft,2,4,0.07,0.01,0.1419316843345112,0.101472320376914,0.101472320376914,0.007067137809187279
annotated,Sora,marquez0001ita_627948475%2Fmd.mp4,patch_only,,0.7,0.3,motion_soft,2,4,0.07,0.01,0.13957597173144876,0.11731448763250883,0.11731448763250883,0.06537102473498234
annotated,Sora,martagg95_167161911%2Fmd.mp4,patch_only,,0.7,0.3,motion_soft,2,4,0.07,0.01,0.028268551236749116,0.04063604240282685,0.04063604240282685,0.06949352179034157
annotated,Sora,martin1999_324456172%2Fmd.mp4,patch_only,,0.7,0.3,motion_soft,2,4,0.07,0.01,0.14016489988221437,0.10624263839811543,0.10624263839811543,0.027090694935217905
annotated,Sora,martinfaye_210135632%2Fmd.mp4,patch_only,,0.7,0.3,motion_soft,2,4,0.07,0.01,0.598939929328622,0.6192579505300353,0.6192579505300353,0.6666666666666666
annotated,Sora,marum0927_164451429%2Fmd.mp4,patch_only,,0.7,0.3,motion_soft,2,4,0.07,0.01,0.06065959952885748,0.04687868080094228,0.04687868080094228,0.014723203769140165
annotated,Sora,marzej_607057221%2Fmd.mp4,patch_only,,0.7,0.3,motion_soft,2,4,0.07,0.01,0.1330977620730271,0.17302709069493521,0.17302709069493521,0.2661955241460542
annotated,Sora,masocampus_823057074%2Fmd.mp4,patch_only,,0.7,0.3,motion_soft,2,4,0.07,0.01,0.09305064782096584,0.06584216725559482,0.06584216725559482,0.002355712603062426
annotated,Sora,matahari_988929505%2Fmd.mp4,patch_only,,0.7,0.3,motion_soft,2,4,0.07,0.01,0.232037691401649,0.24528857479387517,0.24528857479387517,0.2762073027090695
annotated,Sora,matibirba_24_350280461%2Fmd.mp4,patch_only,,0.7,0.3,motion_soft,2,4,0.07,0.01,0.428150765606596,0.3263839811542992,0.3263839811542992,0.08892815076560659
annotated,Sora,matku1411_788237923%2Fmd.mp4,patch_only,,0.7,0.3,motion_soft,2,4,0.07,0.01,0.020023557126030624,0.01613663133097762,0.01613663133097762,0.007067137809187279
annotated,Sora,matread_257666643%2Fmd.mp4,patch_only,,0.7,0.3,motion_soft,2,4,0.07,0.01,0.032391048292108364,0.023733804475853944,0.023733804475853944,0.0035335689045936395
annotated,Sora,matsnminds_61606403%2Fmd.mp4,patch_only,,0.7,0.3,motion_soft,2,4,0.07,0.01,0.004122497055359246,0.08610129564193167,0.08610129564193167,0.2773851590106007
annotated,Sora,maullin_363338812%2Fmd.mp4,patch_only,,0.7,0.3,motion_soft,2,4,0.07,0.01,0.10659599528857479,0.2868080094228504,0.2868080094228504,0.7073027090694936
annotated,Sora,max222221444444666_301369155%2Fmd.mp4,patch_only,,0.7,0.3,motion_soft,2,4,0.07,0.01,0.02237926972909305,0.2600117785630153,0.2600117785630153,0.8144876325088339
annotated,Sora,maxi1611_603708681%2Fmd.mp4,patch_only,,0.7,0.3,motion_soft,2,4,0.07,0.01,0.11778563015312132,0.19340400471142521,0.19340400471142521,0.36984687868080096
annotated,Sora,maximjakob_410375761%2Fmd.mp4,patch_only,,0.7,0.3,motion_soft,2,4,0.07,0.01,0.2396937573616019,0.21743227326266196,0.21743227326266196,0.16548881036513546
annotated,Sora,maya_ai_386496974%2Fmd.mp4,patch_only,,0.7,0.3,motion_soft,2,4,0.07,0.01,0.4305064782096584,0.4354534746760895,0.4354534746760895,0.4469964664310954
annotated,Sora,mayamayamayamaya_watermarked.mp4,patch_only,,0.7,0.3,motion_soft,2,4,0.07,0.01,0.015901060070671377,0.06289752650176679,0.06289752650176679,0.17255594817432274
annotated,Sora,maylsonhonorato_587255262%2Fmd.mp4,patch_only,,0.7,0.3,motion_soft,2,4,0.07,0.01,0.00530035335689046,0.007420494699646642,0.007420494699646642,0.012367491166077738
annotated,Sora,mblegal_943880865%2Fmd.mp4,patch_only,,0.7,0.3,motion_soft,2,4,0.07,0.01,0.23910482921083628,0.3604829210836278,0.3604829210836278,0.643698468786808
annotated,Sora,mchyke_267318924%2Fmd.mp4,patch_only,,0.7,0.3,motion_soft,2,4,0.07,0.01,0.24499411071849234,0.17591283863368667,0.17591283863368667,0.014723203769140165
annotated,Sora,mcmoshe_69758465%2Fmd.mp4,patch_only,,0.7,0.3,motion_soft,2,4,0.07,0.01,0.15488810365135453,0.10912838633686689,0.10912838633686689,0.002355712603062426
annotated,Sora,mcomlan_287194423%2Fmd.mp4,patch_only,,0.7,0.3,motion_soft,2,4,0.07,0.01,0.08244994110718493,0.09287396937573617,0.09287396937573617,0.11719670200235571
annotated,Sora,med32_795280142%2Fmd.mp4,patch_only,,0.7,0.3,motion_soft,2,4,0.07,0.01,0.2785630153121319,0.199057714958775,0.199057714958775,0.013545347467608953
annotated,Sora,medicaldetective1_908697545%2Fmd.mp4,patch_only,,0.7,0.3,motion_soft,2,4,0.07,0.01,0.5889281507656066,0.5057126030624263,0.5057126030624263,0.3115429917550059
annotated,Sora,medogtunes_385142022%2Fmd.mp4,patch_only,,0.7,0.3,motion_soft,2,4,0.07,0.01,0.18256772673733804,0.18239104829210834,0.18239104829210834,0.18197879858657243
annotated,Sora,mehdee_mh_391433449%2Fmd.mp4,patch_only,,0.7,0.3,motion_soft,2,4,0.07,0.01,0.10482921083627797,0.17338044758539456,0.17338044758539456,0.3333333333333333
annotated,Sora,mei3xxx_273654546%2Fmd.mp4,patch_only,,0.7,0.3,motion_soft,2,4,0.07,0.01,0.009422850412249705,0.044228504122497056,0.044228504122497056,0.1254416961130742
annotated,Sora,meisech_339250796%2Fmd.mp4,patch_only,,0.7,0.3,motion_soft,2,4,0.07,0.01,0.0,0.021908127208480566,0.021908127208480566,0.07302709069493522
annotated,Sora,melissaleal_881460246%2Fmd.mp4,patch_only,,0.7,0.3,motion_soft,2,4,0.07,0.01,0.11778563015312132,0.1328032979976443,0.1328032979976443,0.16784452296819788
annotated,Sora,mema1892_599666759%2Fmd.mp4,patch_only,,0.7,0.3,motion_soft,2,4,0.07,0.01,0.06713780918727916,0.12014134275618375,0.12014134275618375,0.24381625441696114
annotated,Sora,menuts_617367556%2Fmd.mp4,patch_only,,0.7,0.3,motion_soft,2,4,0.07,0.01,0.3586572438162544,0.4872791519434629,0.4872791519434629,0.7873969375736161
annotated,Sora,meotor_983822491%2Fmd.mp4,patch_only,,0.7,0.3,motion_soft,2,4,0.07,0.01,0.026501766784452298,0.06395759717314486,0.06395759717314486,0.1513545347467609
annotated,Sora,meou_893714378%2Fmd.mp4,patch_only,,0.7,0.3,motion_soft,2,4,0.07,0.01,0.5011778563015312,0.38032979976442877,0.38032979976442877,0.0983510011778563
annotated,Sora,meow2122_624463230%2Fmd.mp4,patch_only,,0.7,0.3,motion_soft,2,4,0.07,0.01,0.032391048292108364,0.09299175500588927,0.09299175500588927,0.23439340400471143
annotated,Sora,meow_404_335135671%2Fmd.mp4,patch_only,,0.7,0.3,motion_soft,2,4,0.07,0.01,0.28975265017667845,0.3250883392226148,0.3250883392226148,0.4075382803297998
annotated,Sora,mernz24_145894670%2Fmd.mp4,patch_only,,0.7,0.3,motion_soft,2,4,0.07,0.01,0.04534746760895171,0.056478209658421666,0.056478209658421666,0.08244994110718493
annotated,Sora,meshashee_792723333%2Fmd.mp4,patch_only,,0.7,0.3,motion_soft,2,4,0.07,0.01,0.6024734982332155,0.6353356890459363,0.6353356890459363,0.7120141342756183
annotated,Sora,metatroncube_774432556%2Fmd.mp4,patch_only,,0.7,0.3,motion_soft,2,4,0.07,0.01,0.0800942285041225,0.1262073027090695,0.1262073027090695,0.23380447585394581
annotated,Sora,metaversa_22930850%2Fmd.mp4,patch_only,,0.7,0.3,motion_soft,2,4,0.07,0.01,0.5153121319199058,0.4948174322732626,0.4948174322732626,0.4469964664310954
annotated,Sora,meths22_8155683%2Fmd.mp4,patch_only,,0.7,0.3,motion_soft,2,4,0.07,0.01,0.5170789163722026,0.5153121319199058,0.5153121319199058,0.5111896348645465
annotated,Sora,mffi_194115403%2Fmd.mp4,patch_only,,0.7,0.3,motion_soft,2,4,0.07,0.01,0.3580683156654888,0.27697290930506474,0.27697290930506474,0.08775029446407538
annotated,Sora,mgdtools_143910281%2Fmd.mp4,patch_only,,0.7,0.3,motion_soft,2,4,0.07,0.01,0.16489988221436985,0.18027090694935216,0.18027090694935216,0.21613663133097763
annotated,Sora,mhatipo_212052818%2Fmd.mp4,patch_only,,0.7,0.3,motion_soft,2,4,0.07,0.01,0.06537102473498234,0.1537102473498233,0.1537102473498233,0.35983510011778563
annotated,Sora,michaelcs_550674407%2Fmd.mp4,patch_only,,0.7,0.3,motion_soft,2,4,0.07,0.01,0.8804475853945819,0.6505889281507655,0.6505889281507655,0.11425206124852769
annotated,Sora,michal12345_793659239%2Fmd.mp4,patch_only,,0.7,0.3,motion_soft,2,4,0.07,0.01,0.035924617196702,0.0251472320376914,0.0251472320376914,0.0
annotated,Sora,michealarun_124204376%2Fmd.mp4,patch_only,,0.7,0.3,motion_soft,2,4,0.07,0.01,0.11248527679623085,0.07873969375736159,0.07873969375736159,0.0
annotated,Sora,michelesalvemini_908098194%2Fmd.mp4,patch_only,,0.7,0.3,motion_soft,2,4,0.07,0.01,0.32391048292108365,0.25394581861012955,0.25394581861012955,0.09069493521790342
annotated,Sora,miele123_969486541%2Fmd.mp4,patch_only,,0.7,0.3,motion_soft,2,4,0.07,0.01,0.11837455830388692,0.15795053003533566,0.15795053003533566,0.2502944640753828
annotated,Sora,migueldamasmd_64696416%2Fmd.mp4,patch_only,,0.7,0.3,motion_soft,2,4,0.07,0.01,0.3869257950530035,0.4646643109540636,0.4646643109540636,0.6460541813898705
annotated,Sora,miina-nana_85291939%2Fmd.mp4,patch_only,,0.7,0.3,motion_soft,2,4,0.07,0.01,0.05889281507656066,0.07885747938751472,0.07885747938751472,0.1254416961130742
annotated,Sora,mikealbert99_87574649%2Fmd.mp4,patch_only,,0.7,0.3,motion_soft,2,4,0.07,0.01,0.09128386336866902,0.06919905771495877,0.06919905771495877,0.0176678445229682
annotated,Sora,mikeberlin_751491130%2Fmd.mp4,patch_only,,0.7,0.3,motion_soft,2,4,0.07,0.01,0.002355712603062426,0.0025323910482921083,0.0025323910482921083,0.002944640753828033
annotated,Sora,mikebpolo_714766101%2Fmd.mp4,patch_only,,0.7,0.3,motion_soft,2,4,0.07,0.01,0.02120141342756184,0.015017667844522969,0.015017667844522969,0.0005889281507656066
annotated,Sora,mikonorip_346563989%2Fmd.mp4,patch_only,,0.7,0.3,motion_soft,2,4,0.07,0.01,0.03356890459363958,0.027031802120141345,0.027031802120141345,0.011778563015312132
annotated,Sora,millernew_408643075%2Fmd.mp4,patch_only,,0.7,0.3,motion_soft,2,4,0.07,0.01,0.2620730270906949,0.2650765606595995,0.2650765606595995,0.27208480565371024
annotated,Sora,miltsch_799475534%2Fmd.mp4,patch_only,,0.7,0.3,motion_soft,2,4,0.07,0.01,0.002944640753828033,0.0038280329799764428,0.0038280329799764428,0.005889281507656066
annotated,Sora,min-seokcho_439384052%2Fmd.mp4,patch_only,,0.7,0.3,motion_soft,2,4,0.07,0.01,0.3869257950530035,0.3141342756183745,0.3141342756183745,0.14428739693757361
annotated,Sora,minerbr_865672258%2Fmd.mp4,patch_only,,0.7,0.3,motion_soft,2,4,0.07,0.01,0.2249705535924617,0.1986454652532391,0.1986454652532391,0.13722025912838634
annotated,Sora,minimoments_29906066%2Fmd.mp4,patch_only,,0.7,0.3,motion_soft,2,4,0.07,0.01,0.032391048292108364,0.04228504122497055,0.04228504122497055,0.06537102473498234
annotated,Sora,minn528_266650598%2Fmd.mp4,patch_only,,0.7,0.3,motion_soft,2,4,0.07,0.01,0.002355712603062426,0.15571260306242637,0.15571260306242637,0.5135453474676089
annotated,Sora,minto_56_304280054%2Fmd.mp4,patch_only,,0.7,0.3,motion_soft,2,4,0.07,0.01,0.024734982332155476,0.05088339222614841,0.05088339222614841,0.11189634864546526
annotated,Sora,mirfozil_329285933%2Fmd.mp4,patch_only,,0.7,0.3,motion_soft,2,4,0.07,0.01,0.7614840989399293,0.7719081272084806,0.7719081272084806,0.7962308598351001
annotated,Sora,mirianweber_321307117%2Fmd.mp4,patch_only,,0.7,0.3,motion_soft,2,4,0.07,0.01,0.4740871613663133,0.3680800942285041,0.3680800942285041,0.12073027090694935
annotated,Sora,missicsart_909039448%2Fmd.mp4,patch_only,,0.7,0.3,motion_soft,2,4,0.07,0.01,0.04770318021201413,0.046819787985865724,0.046819787985865724,0.0447585394581861
annotated,Sora,missionary0_517250858%2Fmd.mp4,patch_only,,0.7,0.3,motion_soft,2,4,0.07,0.01,0.016489988221436984,0.09316843345111896,0.09316843345111896,0.27208480565371024
annotated,Sora,mitwok_490143289%2Fmd.mp4,patch_only,,0.7,0.3,motion_soft,2,4,0.07,0.01,0.00530035335689046,0.00812720848056537,0.00812720848056537,0.014723203769140165
annotated,Sora,miya_zzq_768646018%2Fmd.mp4,patch_only,,0.7,0.3,motion_soft,2,4,0.07,0.01,0.015901060070671377,0.05830388692579505,0.05830388692579505,0.15724381625441697
annotated,Sora,mjcjrfl77_713619446%2Fmd.mp4,patch_only,,0.7,0.3,motion_soft,2,4,0.07,0.01,0.006478209658421673,0.04481743227326267,0.04481743227326267,0.13427561837455831
annotated,Sora,mmc2_475991045%2Fmd.mp4,patch_only,,0.7,0.3,motion_soft,2,4,0.07,0.01,0.18610129564193167,0.1380447585394582,0.1380447585394582,0.02591283863368669
annotated,Sora,mmetano_338016144%2Fmd.mp4,patch_only,,0.7,0.3,motion_soft,2,4,0.07,0.01,0.31036513545347466,0.45170789163722025,0.45170789163722025,0.78150765606596
annotated,Sora,mmi0290bgmailcom_100784815%2Fmd.mp4,patch_only,,0.7,0.3,motion_soft,2,4,0.07,0.01,0.11837455830388692,0.08904593639575971,0.08904593639575971,0.02061248527679623
annotated,Sora,mnsmerch_79424590%2Fmd.mp4,patch_only,,0.7,0.3,motion_soft,2,4,0.07,0.01,0.05889281507656066,0.08751472320376913,0.08751472320376913,0.15429917550058891
annotated,Sora,moazzamk_606515066%2Fmd.mp4,patch_only,,0.7,0.3,motion_soft,2,4,0.07,0.01,0.5606595995288575,0.5928150765606596,0.5928150765606596,0.6678445229681979
annotated,Sora,mobeka1_220867295%2Fmd.mp4,patch_only,,0.7,0.3,motion_soft,2,4,0.07,0.01,0.08244994110718493,0.0669022379269729,0.0669022379269729,0.030624263839811542
annotated,Sora,mobilemenders_351687080%2Fmd.mp4,patch_only,,0.7,0.3,motion_soft,2,4,0.07,0.01,0.0,0.0017667844522968198,0.0017667844522968198,0.005889281507656066
annotated,Sora,moha_666_254310782%2Fmd.mp4,patch_only,,0.7,0.3,motion_soft,2,4,0.07,0.01,0.06713780918727916,0.08109540636042403,0.08109540636042403,0.11366313309776208
annotated,Sora,moizdxb_944100187%2Fmd.mp4,patch_only,,0.7,0.3,motion_soft,2,4,0.07,0.01,0.6984687868080094,0.5117196702002355,0.5117196702002355,0.07597173144876325
annotated,Sora,momenttowonder_992482655%2Fmd.mp4,patch_only,,0.7,0.3,motion_soft,2,4,0.07,0.01,0.0983510011778563,0.12414605418138987,0.12414605418138987,0.18433451118963487
annotated,Sora,moni010100_364669447%2Fmd.mp4,patch_only,,0.7,0.3,motion_soft,2,4,0.07,0.01,0.02237926972909305,0.09570082449941106,0.09570082449941106,0.2667844522968198
annotated,Sora,monkeyhumaniscute_691423745%2Fmd.mp4,patch_only,,0.7,0.3,motion_soft,2,4,0.07,0.01,0.2921083627797409,0.21189634864546525,0.21189634864546525,0.024734982332155476
annotated,Sora,mookkie_978014952%2Fmd.mp4,patch_only,,0.7,0.3,motion_soft,2,4,0.07,0.01,0.020023557126030624,0.014193168433451118,0.014193168433451118,0.0005889281507656066
annotated,Sora,moonshot1234_810382082%2Fmd.mp4,patch_only,,0.7,0.3,motion_soft,2,4,0.07,0.01,0.15606595995288575,0.1262073027090695,0.1262073027090695,0.05653710247349823
annotated,Sora,mooseyjd_495427237%2Fmd.mp4,patch_only,,0.7,0.3,motion_soft,2,4,0.07,0.01,0.12956419316843346,0.1405182567726737,0.1405182567726737,0.16607773851590105
annotated,Sora,motiet_806585431%2Fmd.mp4,patch_only,,0.7,0.3,motion_soft,2,4,0.07,0.01,0.467020023557126,0.3512956419316843,0.3512956419316843,0.0812720848056537
annotated,Sora,moz666_620584293%2Fmd.mp4,patch_only,,0.7,0.3,motion_soft,2,4,0.07,0.01,0.0035335689045936395,0.03975265017667844,0.03975265017667844,0.12426383981154299
annotated,Sora,mrcoaching_155245533%2Fmd.mp4,patch_only,,0.7,0.3,motion_soft,2,4,0.07,0.01,0.30683156654888105,0.43881036513545346,0.43881036513545346,0.7467608951707891
annotated,Sora,mrgreensmoke_106680126%2Fmd.mp4,patch_only,,0.7,0.3,motion_soft,2,4,0.07,0.01,0.3992932862190813,0.3335689045936395,0.3335689045936395,0.18021201413427562
annotated,Sora,mrjamiemitchell_88303293%2Fmd.mp4,patch_only,,0.7,0.3,motion_soft,2,4,0.07,0.01,0.21554770318021202,0.15671378091872792,0.15671378091872792,0.019434628975265017
annotated,Sora,mrkumaar_233381987%2Fmd.mp4,patch_only,,0.7,0.3,motion_soft,2,4,0.07,0.01,0.3916372202591284,0.30347467608951706,0.30347467608951706,0.0977620730270907
annotated,Sora,mrmujo_319813296%2Fmd.mp4,patch_only,,0.7,0.3,motion_soft,2,4,0.07,0.01,0.10600706713780919,0.1068904593639576,0.1068904593639576,0.10895170789163722
annotated,Sora,mrosst_watermarked.mp4,patch_only,,0.7,0.3,motion_soft,2,4,0.07,0.01,0.028857479387514724,0.04917550058892815,0.04917550058892815,0.09658421672555949
annotated,Sora,mrysbekov_308992830%2Fmd.mp4,patch_only,,0.7,0.3,motion_soft,2,4,0.07,0.01,0.3539458186101296,0.328150765606596,0.328150765606596,0.267962308598351
annotated,Sora,mtuala_669125922%2Fmd.mp4,patch_only,,0.7,0.3,motion_soft,2,4,0.07,0.01,0.6236749116607774,0.6107773851590106,0.6107773851590106,0.5806831566548881
annotated,Sora,mtwhitmire_308362190%2Fmd.mp4,patch_only,,0.7,0.3,motion_soft,2,4,0.07,0.01,0.012367491166077738,0.025795053003533568,0.025795053003533568,0.05712603062426384
annotated,Sora,munju_594508189%2Fmd.mp4,patch_only,,0.7,0.3,motion_soft,2,4,0.07,0.01,0.3833922261484099,0.4015901060070671,0.4015901060070671,0.44405182567726736
annotated,Sora,murf890_938448865%2Fmd.mp4,patch_only,,0.7,0.3,motion_soft,2,4,0.07,0.01,0.29093050647820967,0.21919905771495876,0.21919905771495876,0.05182567726737338
annotated,Sora,mursii_322390153%2Fmd.mp4,patch_only,,0.7,0.3,motion_soft,2,4,0.07,0.01,0.07420494699646643,0.05565371024734982,0.05565371024734982,0.012367491166077738
annotated,Sora,murukku12345_543572519%2Fmd.mp4,patch_only,,0.7,0.3,motion_soft,2,4,0.07,0.01,0.008244994110718492,0.009305064782096584,0.009305064782096584,0.011778563015312132
annotated,Sora,mydesk-jesper_196804815%2Fmd.mp4,patch_only,,0.7,0.3,motion_soft,2,4,0.07,0.01,0.6484098939929329,0.5943462897526501,0.5943462897526501,0.46819787985865724
annotated,Sora,myffisto_395080599%2Fmd.mp4,patch_only,,0.7,0.3,motion_soft,2,4,0.07,0.01,0.23851590106007067,0.2745583038869258,0.2745583038869258,0.3586572438162544
annotated,Sora,myhorus_147210941%2Fmd.mp4,patch_only,,0.7,0.3,motion_soft,2,4,0.07,0.01,0.044169611307420496,0.19558303886925796,0.19558303886925796,0.5488810365135454
annotated,Sora,mysisterandi_264347686%2Fmd.mp4,patch_only,,0.7,0.3,motion_soft,2,4,0.07,0.01,0.4734982332155477,0.465547703180212,0.465547703180212,0.4469964664310954
annotated,Sora,mysticnomadmuse_458158329%2Fmd.mp4,patch_only,,0.7,0.3,motion_soft,2,4,0.07,0.01,0.38928150765606595,0.29369846878680794,0.29369846878680794,0.0706713780918728
annotated,Sora,mywebistop_675589014%2Fmd.mp4,patch_only,,0.7,0.3,motion_soft,2,4,0.07,0.01,0.1684334511189635,0.12373380447585393,0.12373380447585393,0.019434628975265017
annotated,Sora,mywm_242750446%2Fmd.mp4,patch_only,,0.7,0.3,motion_soft,2,4,0.07,0.01,0.05889281507656066,0.06595995288574794,0.06595995288574794,0.08244994110718493
annotated,Sora,nadaaltaher_584598434%2Fmd.mp4,patch_only,,0.7,0.3,motion_soft,2,4,0.07,0.01,0.18197879858657243,0.2890459363957597,0.2890459363957597,0.5388692579505301
annotated,Sora,nahuel_c_495820071%2Fmd.mp4,patch_only,,0.7,0.3,motion_soft,2,4,0.07,0.01,0.0,0.00017667844522968197,0.00017667844522968197,0.0005889281507656066
annotated,Sora,nakapike_872347434%2Fmd.mp4,patch_only,,0.7,0.3,motion_soft,2,4,0.07,0.01,0.14899882214369847,0.14316843345111896,0.14316843345111896,0.12956419316843346
annotated,Sora,nana0307_655072498%2Fmd.mp4,patch_only,,0.7,0.3,motion_soft,2,4,0.07,0.01,0.01060070671378092,0.07314487632508834,0.07314487632508834,0.21908127208480566
annotated,Sora,nanigaski696_773350383%2Fmd.mp4,patch_only,,0.7,0.3,motion_soft,2,4,0.07,0.01,0.3280329799764429,0.2983510011778563,0.2983510011778563,0.22909305064782096
annotated,Sora,nannytip_516229679%2Fmd.mp4,patch_only,,0.7,0.3,motion_soft,2,4,0.07,0.01,0.7997644287396938,0.7783863368669022,0.7783863368669022,0.7285041224970553
annotated,Sora,naosmee_494256556%2Fmd.mp4,patch_only,,0.7,0.3,motion_soft,2,4,0.07,0.01,0.07656065959952886,0.07196702002355712,0.07196702002355712,0.061248527679623084
annotated,Sora,naseef_ironic_846574969%2Fmd.mp4,patch_only,,0.7,0.3,motion_soft,2,4,0.07,0.01,0.05535924617196702,0.06489988221436983,0.06489988221436983,0.08716136631330977
annotated,Sora,nate24_461546493%2Fmd.mp4,patch_only,,0.7,0.3,motion_soft,2,4,0.07,0.01,0.14546525323910484,0.10535924617196701,0.10535924617196701,0.011778563015312132
annotated,Sora,natielo_817618579%2Fmd.mp4,patch_only,,0.7,0.3,motion_soft,2,4,0.07,0.01,0.2791519434628975,0.35512367491166075,0.35512367491166075,0.5323910482921084
annotated,Sora,natparsons_462842676%2Fmd.mp4,patch_only,,0.7,0.3,motion_soft,2,4,0.07,0.01,0.026501766784452298,0.13551236749116607,0.13551236749116607,0.38987043580683156
annotated,Sora,naturebd_47922430%2Fmd.mp4,patch_only,,0.7,0.3,motion_soft,2,4,0.07,0.01,0.06890459363957598,0.053886925795053,0.053886925795053,0.01884570082449941
annotated,Sora,nazare123_842652393%2Fmd.mp4,patch_only,,0.7,0.3,motion_soft,2,4,0.07,0.01,0.15488810365135453,0.11054181389870435,0.11054181389870435,0.007067137809187279
annotated,Sora,ncs_nltn_738003011%2Fmd.mp4,patch_only,,0.7,0.3,motion_soft,2,4,0.07,0.01,0.09599528857479388,0.06843345111896348,0.06843345111896348,0.004122497055359246
annotated,Sora,nd98_777603026%2Fmd.mp4,patch_only,,0.7,0.3,motion_soft,2,4,0.07,0.01,0.08480565371024736,0.21607773851590106,0.21607773851590106,0.5223792697290931
annotated,Sora,neabada_363605853%2Fmd.mp4,patch_only,,0.7,0.3,motion_soft,2,4,0.07,0.01,0.6684334511189635,0.5901648998822143,0.5901648998822143,0.4075382803297998
annotated,Sora,nebojsha_440771721%2Fmd.mp4,patch_only,,0.7,0.3,motion_soft,2,4,0.07,0.01,0.004122497055359246,0.006419316843345112,0.006419316843345112,0.011778563015312132
annotated,Sora,neilcoetzer_734213131%2Fmd.mp4,patch_only,,0.7,0.3,motion_soft,2,4,0.07,0.01,0.07656065959952886,0.2479387514723204,0.2479387514723204,0.6478209658421673
annotated,Sora,neles_829044731%2Fmd.mp4,patch_only,,0.7,0.3,motion_soft,2,4,0.07,0.01,0.0088339222614841,0.04045936395759717,0.04045936395759717,0.11425206124852769
annotated,Sora,neliepop_789120052%2Fmd.mp4,patch_only,,0.7,0.3,motion_soft,2,4,0.07,0.01,0.10424028268551237,0.11289752650176679,0.11289752650176679,0.1330977620730271
annotated,Sora,nenogt_324502827%2Fmd.mp4,patch_only,,0.7,0.3,motion_soft,2,4,0.07,0.01,0.1425206124852768,0.26301531213191987,0.26301531213191987,0.5441696113074205
annotated,Sora,neo_star_837223296%2Fmd.mp4,patch_only,,0.7,0.3,motion_soft,2,4,0.07,0.01,0.03828032979976443,0.053121319199057715,0.053121319199057715,0.08775029446407538
annotated,Sora,neolithicfarming_261906809%2Fmd.mp4,patch_only,,0.7,0.3,motion_soft,2,4,0.07,0.01,0.03180212014134275,0.022968197879858654,0.022968197879858654,0.002355712603062426
annotated,Sora,neovii_479248543%2Fmd.mp4,patch_only,,0.7,0.3,motion_soft,2,4,0.07,0.01,0.17491166077738515,0.1519434628975265,0.1519434628975265,0.0983510011778563
annotated,Sora,nerimal_257200770%2Fmd.mp4,patch_only,,0.7,0.3,motion_soft,2,4,0.07,0.01,0.519434628975265,0.5492932862190812,0.5492932862190812,0.6189634864546525
annotated,Sora,nerof76_179217329%2Fmd.mp4,patch_only,,0.7,0.3,motion_soft,2,4,0.07,0.01,0.061837455830388695,0.04770318021201414,0.04770318021201414,0.014723203769140165
annotated,Sora,netrunner04_511382613%2Fmd.mp4,patch_only,,0.7,0.3,motion_soft,2,4,0.07,0.01,0.06007067137809187,0.05830388692579505,0.05830388692579505,0.05418138987043581
annotated,Sora,newuser123333_972635580%2Fmd.mp4,patch_only,,0.7,0.3,motion_soft,2,4,0.07,0.01,0.037102473498233215,0.2742049469964664,0.2742049469964664,0.8274440518256773
annotated,Sora,nginoid_480719763%2Fmd.mp4,patch_only,,0.7,0.3,motion_soft,2,4,0.07,0.01,0.04181389870435807,0.0464075382803298,0.0464075382803298,0.05712603062426384
annotated,Sora,nguyenhieuls_243551143%2Fmd.mp4,patch_only,,0.7,0.3,motion_soft,2,4,0.07,0.01,0.4799764428739694,0.5898704358068316,0.5898704358068316,0.8462897526501767
annotated,Sora,nicholtn_170685276%2Fmd.mp4,patch_only,,0.7,0.3,motion_soft,2,4,0.07,0.01,0.06419316843345112,0.045995288574793874,0.045995288574793874,0.0035335689045936395
annotated,Sora,nicksideas_859326529%2Fmd.mp4,patch_only,,0.7,0.3,motion_soft,2,4,0.07,0.01,0.008244994110718492,0.05365135453474676,0.05365135453474676,0.15959952885747938
annotated,Sora,nicl1_826528268%2Fmd.mp4,patch_only,,0.7,0.3,motion_soft,2,4,0.07,0.01,0.0035335689045936395,0.10141342756183745,0.10141342756183745,0.3297997644287397
annotated,Sora,nile_6594_825743924%2Fmd.mp4,patch_only,,0.7,0.3,motion_soft,2,4,0.07,0.01,0.12073027090694935,0.08804475853945817,0.08804475853945817,0.011778563015312132
annotated,Sora,nimbus5000_70627956%2Fmd.mp4,patch_only,,0.7,0.3,motion_soft,2,4,0.07,0.01,0.08362779740871613,0.09440518256772673,0.09440518256772673,0.11955241460541814
annotated,Sora,ninad_92_282551264%2Fmd.mp4,patch_only,,0.7,0.3,motion_soft,2,4,0.07,0.01,0.2037691401648999,0.1809776207302709,0.1809776207302709,0.12779740871613662
annotated,Sora,nishi8ken5_111804900%2Fmd.mp4,patch_only,,0.7,0.3,motion_soft,2,4,0.07,0.01,0.11307420494699646,0.13886925795053,0.13886925795053,0.19905771495877503
annotated,Sora,nitin42563_709455839%2Fmd.mp4,patch_only,,0.7,0.3,motion_soft,2,4,0.07,0.01,0.0706713780918728,0.05017667844522968,0.05017667844522968,0.002355712603062426
annotated,Sora,niurkamilenka_394751153%2Fmd.mp4,patch_only,,0.7,0.3,motion_soft,2,4,0.07,0.01,0.09952885747938751,0.18380447585394583,0.18380447585394583,0.38044758539458184
annotated,Sora,niyasya_588449853%2Fmd.mp4,patch_only,,0.7,0.3,motion_soft,2,4,0.07,0.01,0.06713780918727916,0.09840989399293287,0.09840989399293287,0.17137809187279152
annotated,Sora,niyazaliyev_841612778%2Fmd.mp4,patch_only,,0.7,0.3,motion_soft,2,4,0.07,0.01,0.3027090694935218,0.31030624263839807,0.31030624263839807,0.3280329799764429
annotated,Sora,nk01_515387485%2Fmd.mp4,patch_only,,0.7,0.3,motion_soft,2,4,0.07,0.01,0.07656065959952886,0.0770906949352179,0.0770906949352179,0.07832744405182568
annotated,Sora,noah_boa13_976875120%2Fmd.mp4,patch_only,,0.7,0.3,motion_soft,2,4,0.07,0.01,0.24440518256772673,0.1710836277974087,0.1710836277974087,0.0
annotated,Sora,noahsrv_184343623%2Fmd.mp4,patch_only,,0.7,0.3,motion_soft,2,4,0.07,0.01,0.1154299175500589,0.1585394581861013,0.1585394581861013,0.2591283863368669
annotated,Sora,noboos_493017490%2Fmd.mp4,patch_only,,0.7,0.3,motion_soft,2,4,0.07,0.01,0.23792697290930506,0.20188457008244992,0.20188457008244992,0.11778563015312132
annotated,Sora,nod-1_25260514%2Fmd.mp4,patch_only,,0.7,0.3,motion_soft,2,4,0.07,0.01,0.18374558303886926,0.15618374558303885,0.15618374558303885,0.09187279151943463
annotated,Sora,noesisfield_767641517%2Fmd.mp4,patch_only,,0.7,0.3,motion_soft,2,4,0.07,0.01,0.28916372202591284,0.2059481743227326,0.2059481743227326,0.011778563015312132
annotated,Sora,nohyoungsun_662638387%2Fmd.mp4,patch_only,,0.7,0.3,motion_soft,2,4,0.07,0.01,0.7561837455830389,0.7568904593639576,0.7568904593639576,0.7585394581861012
annotated,Sora,nokonoko__289792548%2Fmd.mp4,patch_only,,0.7,0.3,motion_soft,2,4,0.07,0.01,0.004711425206124852,0.053828032979976445,0.053828032979976445,0.1684334511189635
annotated,Sora,nomad_genie_194060401%2Fmd.mp4,patch_only,,0.7,0.3,motion_soft,2,4,0.07,0.01,0.08833922261484099,0.07190812720848055,0.07190812720848055,0.03356890459363958
annotated,Sora,nonene_217898570%2Fmd.mp4,patch_only,,0.7,0.3,motion_soft,2,4,0.07,0.01,0.10070671378091872,0.0704946996466431,0.0704946996466431,0.0
annotated,Sora,notjenna_513964701%2Fmd.mp4,patch_only,,0.7,0.3,motion_soft,2,4,0.07,0.01,0.07008244994110718,0.052591283863368664,0.052591283863368664,0.011778563015312132
annotated,Sora,npecor_458161621%2Fmd.mp4,patch_only,,0.7,0.3,motion_soft,2,4,0.07,0.01,0.10129564193168433,0.19299175500588928,0.19299175500588928,0.40694935217903416
annotated,Sora,nphoenix22_345629957%2Fmd.mp4,patch_only,,0.7,0.3,motion_soft,2,4,0.07,0.01,0.29093050647820967,0.20541813898704359,0.20541813898704359,0.005889281507656066
annotated,Sora,numnim1125_265368961%2Fmd.mp4,patch_only,,0.7,0.3,motion_soft,2,4,0.07,0.01,0.11248527679623085,0.17255594817432274,0.17255594817432274,0.3127208480565371
annotated,Sora,nyasith_585576726%2Fmd.mp4,patch_only,,0.7,0.3,motion_soft,2,4,0.07,0.01,0.1419316843345112,0.12108362779740871,0.12108362779740871,0.07243816254416961
annotated,Sora,obscura_altair_34654038%2Fmd.mp4,patch_only,,0.7,0.3,motion_soft,2,4,0.07,0.01,0.29387514723203767,0.2546525323910483,0.2546525323910483,0.16313309776207302
annotated,Sora,oclo_715728439%2Fmd.mp4,patch_only,,0.7,0.3,motion_soft,2,4,0.07,0.01,0.25677267373380447,0.19705535924617196,0.19705535924617196,0.05771495877502945
annotated,Sora,octaviusthunder_495498540%2Fmd.mp4,patch_only,,0.7,0.3,motion_soft,2,4,0.07,0.01,0.30683156654888105,0.34499411071849234,0.34499411071849234,0.43404004711425204
annotated,Sora,octopusandme_585210539%2Fmd.mp4,patch_only,,0.7,0.3,motion_soft,2,4,0.07,0.01,0.034746760895170786,0.05382803297997644,0.05382803297997644,0.0983510011778563
annotated,Sora,odyax_813625445%2Fmd.mp4,patch_only,,0.7,0.3,motion_soft,2,4,0.07,0.01,0.13604240282685512,0.12473498233215546,0.12473498233215546,0.0983510011778563
annotated,Sora,ogbadd_66891882%2Fmd.mp4,patch_only,,0.7,0.3,motion_soft,2,4,0.07,0.01,0.0,0.0030035335689045936,0.0030035335689045936,0.010011778563015312
annotated,Sora,ogbigmak_832729197%2Fmd.mp4,patch_only,,0.7,0.3,motion_soft,2,4,0.07,0.01,0.23380447585394581,0.16383981154299174,0.16383981154299174,0.0005889281507656066
annotated,Sora,ogguys_785445373%2Fmd.mp4,patch_only,,0.7,0.3,motion_soft,2,4,0.07,0.01,0.0,0.0063604240282685515,0.0063604240282685515,0.02120141342756184
annotated,Sora,okinand_351793707%2Fmd.mp4,patch_only,,0.7,0.3,motion_soft,2,4,0.07,0.01,0.07008244994110718,0.07926972909305063,0.07926972909305063,0.10070671378091872
annotated,Sora,olastech_199457569%2Fmd.mp4,patch_only,,0.7,0.3,motion_soft,2,4,0.07,0.01,0.24440518256772673,0.4504122497055359,0.4504122497055359,0.931095406360424
annotated,Sora,olga345_405485455%2Fmd.mp4,patch_only,,0.7,0.3,motion_soft,2,4,0.07,0.01,0.01060070671378092,0.019081272084805652,0.019081272084805652,0.038869257950530034
annotated,Sora,olga_rus85_577453942%2Fmd.mp4,patch_only,,0.7,0.3,motion_soft,2,4,0.07,0.01,0.3839811542991755,0.5007656065959953,0.5007656065959953,0.7732626619552415
annotated,Sora,olgamerzlyakova_963491632%2Fmd.mp4,patch_only,,0.7,0.3,motion_soft,2,4,0.07,0.01,0.1419316843345112,0.1447585394581861,0.1447585394581861,0.1513545347467609
annotated,Sora,oliversantos_51554786%2Fmd.mp4,patch_only,,0.7,0.3,motion_soft,2,4,0.07,0.01,0.4988221436984688,0.4929917550058892,0.4929917550058892,0.4793875147232038
annotated,Sora,olivier1223455_563698350%2Fmd.mp4,patch_only,,0.7,0.3,motion_soft,2,4,0.07,0.01,0.9093050647820966,0.756301531213192,0.756301531213192,0.3992932862190813
annotated,Sora,omegavid_440368737%2Fmd.mp4,patch_only,,0.7,0.3,motion_soft,2,4,0.07,0.01,0.4016489988221437,0.32108362779740873,0.32108362779740873,0.1330977620730271
annotated,Sora,onebitewolrd_534629260%2Fmd.mp4,patch_only,,0.7,0.3,motion_soft,2,4,0.07,0.01,0.14016489988221437,0.1555359246171967,0.1555359246171967,0.19140164899882214
annotated,Sora,onewayagencyro_676718388%2Fmd.mp4,patch_only,,0.7,0.3,motion_soft,2,4,0.07,0.01,0.061837455830388695,0.2008833922261484,0.2008833922261484,0.525323910482921
annotated,Sora,onewestside_183696504%2Fmd.mp4,patch_only,,0.7,0.3,motion_soft,2,4,0.07,0.01,0.13722025912838634,0.16937573616018844,0.16937573616018844,0.24440518256772673
annotated,Sora,optimka_778498472%2Fmd.mp4,patch_only,,0.7,0.3,motion_soft,2,4,0.07,0.01,0.12073027090694935,0.17179034157832745,0.17179034157832745,0.29093050647820967
annotated,Sora,organicspree_952205204%2Fmd.mp4,patch_only,,0.7,0.3,motion_soft,2,4,0.07,0.01,0.6808009422850412,0.5594228504122497,0.5594228504122497,0.2762073027090695
annotated,Sora,ormanbeckles_193195260%2Fmd.mp4,patch_only,,0.7,0.3,motion_soft,2,4,0.07,0.01,0.020023557126030624,0.058186101295641925,0.058186101295641925,0.14723203769140164
annotated,Sora,osobear_335488631%2Fmd.mp4,patch_only,,0.7,0.3,motion_soft,2,4,0.07,0.01,0.4040047114252061,0.34305064782096584,0.34305064782096584,0.20082449941107186
annotated,Sora,ourhosting_293106736%2Fmd.mp4,patch_only,,0.7,0.3,motion_soft,2,4,0.07,0.01,0.009422850412249705,0.025500588928150766,0.025500588928150766,0.06301531213191991
annotated,Sora,p_adamovich_811253046%2Fmd.mp4,patch_only,,0.7,0.3,motion_soft,2,4,0.07,0.01,0.030624263839811542,0.05041224970553593,0.05041224970553593,0.09658421672555949
annotated,Sora,pablank_91903847%2Fmd.mp4,patch_only,,0.7,0.3,motion_soft,2,4,0.07,0.01,0.5977620730270907,0.6421083627797408,0.6421083627797408,0.7455830388692579
annotated,Sora,padustudio_432639649%2Fmd.mp4,patch_only,,0.7,0.3,motion_soft,2,4,0.07,0.01,0.29917550058892817,0.22532391048292108,0.22532391048292108,0.053003533568904596
annotated,Sora,paitoonvar_388874422%2Fmd.mp4,patch_only,,0.7,0.3,motion_soft,2,4,0.07,0.01,0.03415783274440518,0.02885747938751472,0.02885747938751472,0.016489988221436984
annotated,Sora,pajab_183422548%2Fmd.mp4,patch_only,,0.7,0.3,motion_soft,2,4,0.07,0.01,0.01884570082449941,0.042697290930506476,0.042697290930506476,0.0983510011778563
annotated,Sora,palagio91_306235273%2Fmd.mp4,patch_only,,0.7,0.3,motion_soft,2,4,0.07,0.01,0.020023557126030624,0.019316843345111894,0.019316843345111894,0.0176678445229682
annotated,Sora,palm23_watermarked.mp4,patch_only,,0.7,0.3,motion_soft,2,4,0.07,0.01,0.2791519434628975,0.19752650176678443,0.19752650176678443,0.007067137809187279
annotated,Sora,palpunuri_423229998%2Fmd.mp4,patch_only,,0.7,0.3,motion_soft,2,4,0.07,0.01,0.048292108362779744,0.07373380447585395,0.07373380447585395,0.1330977620730271
annotated,Sora,panchocordova11_349982004%2Fmd.mp4,patch_only,,0.7,0.3,motion_soft,2,4,0.07,0.01,0.06713780918727916,0.048233215547703184,0.048233215547703184,0.004122497055359246
annotated,Sora,panda_1996_186911185%2Fmd.mp4,patch_only,,0.7,0.3,motion_soft,2,4,0.07,0.01,0.0983510011778563,0.07467608951707891,0.07467608951707891,0.019434628975265017
annotated,Sora,pangmaoaaa_231904363%2Fmd.mp4,patch_only,,0.7,0.3,motion_soft,2,4,0.07,0.01,0.03356890459363958,0.1957597173144876,0.1957597173144876,0.5742049469964664
annotated,Sora,papbk_413387427%2Fmd.mp4,patch_only,,0.7,0.3,motion_soft,2,4,0.07,0.01,0.1784452296819788,0.12508833922261484,0.12508833922261484,0.0005889281507656066
annotated,Sora,parapleum_636701244%2Fmd.mp4,patch_only,,0.7,0.3,motion_soft,2,4,0.07,0.01,0.05005889281507656,0.0447585394581861,0.0447585394581861,0.032391048292108364
annotated,Sora,parcival00_337074473%2Fmd.mp4,patch_only,,0.7,0.3,motion_soft,2,4,0.07,0.01,0.007067137809187279,0.00901060070671378,0.00901060070671378,0.013545347467608953
annotated,Sora,paritak_809877107%2Fmd.mp4,patch_only,,0.7,0.3,motion_soft,2,4,0.07,0.01,0.5070671378091873,0.43780918727915197,0.43780918727915197,0.2762073027090695
annotated,Sora,paulfifita_820510104%2Fmd.mp4,patch_only,,0.7,0.3,motion_soft,2,4,0.07,0.01,0.21672555948174324,0.23174322732626618,0.23174322732626618,0.2667844522968198
annotated,Sora,paulkim73_860718930%2Fmd.mp4,patch_only,,0.7,0.3,motion_soft,2,4,0.07,0.01,0.3510011778563015,0.24746760895170788,0.24746760895170788,0.005889281507656066
annotated,Sora,pavan011_19474876%2Fmd.mp4,patch_only,,0.7,0.3,motion_soft,2,4,0.07,0.01,0.17491166077738515,0.16378091872791517,0.16378091872791517,0.13780918727915195
annotated,Sora,pavlik1986_61800800%2Fmd.mp4,patch_only,,0.7,0.3,motion_soft,2,4,0.07,0.01,0.06595995288574794,0.0624263839811543,0.0624263839811543,0.05418138987043581
annotated,Sora,pavpav_982548855%2Fmd.mp4,patch_only,,0.7,0.3,motion_soft,2,4,0.07,0.01,0.048292108362779744,0.12868080094228504,0.12868080094228504,0.31625441696113077
annotated,Sora,pawelciolka_679542558%2Fmd.mp4,patch_only,,0.7,0.3,motion_soft,2,4,0.07,0.01,0.2573616018845701,0.34004711425206124,0.34004711425206124,0.532979976442874
annotated,Sora,pawtheru_46555770%2Fmd.mp4,patch_only,,0.7,0.3,motion_soft,2,4,0.07,0.01,0.11719670200235571,0.30129564193168434,0.30129564193168434,0.7308598351001178
annotated,Sora,payranci_273774668%2Fmd.mp4,patch_only,,0.7,0.3,motion_soft,2,4,0.07,0.01,0.04004711425206125,0.07538280329799765,0.07538280329799765,0.15783274440518258
annotated,Sora,paytonmckenzie_818006895%2Fmd.mp4,patch_only,,0.7,0.3,motion_soft,2,4,0.07,0.01,0.5594817432273262,0.5147820965842167,0.5147820965842167,0.41048292108362777
annotated,Sora,peanutsm78_744882768%2Fmd.mp4,patch_only,,0.7,0.3,motion_soft,2,4,0.07,0.01,0.34334511189634864,0.26666666666666666,0.26666666666666666,0.08775029446407538
annotated,Sora,pedronamslaw_195126954%2Fmd.mp4,patch_only,,0.7,0.3,motion_soft,2,4,0.07,0.01,0.024734982332155476,0.03904593639575972,0.03904593639575972,0.07243816254416961
annotated,Sora,pegasusu_575831929%2Fmd.mp4,patch_only,,0.7,0.3,motion_soft,2,4,0.07,0.01,0.212603062426384,0.22868080094228505,0.22868080094228505,0.2661955241460542
annotated,Sora,peiris16_201582618%2Fmd.mp4,patch_only,,0.7,0.3,motion_soft,2,4,0.07,0.01,0.10836277974087162,0.08716136631330977,0.08716136631330977,0.03769140164899882
annotated,Sora,penggaoyun_327200878%2Fmd.mp4,patch_only,,0.7,0.3,motion_soft,2,4,0.07,0.01,0.3586572438162544,0.4075971731448763,0.4075971731448763,0.5217903415783275
annotated,Sora,performace_135351053%2Fmd.mp4,patch_only,,0.7,0.3,motion_soft,2,4,0.07,0.01,0.4216725559481743,0.3600117785630153,0.3600117785630153,0.21613663133097763
annotated,Sora,petfunnelsvideo_425839869%2Fmd.mp4,patch_only,,0.7,0.3,motion_soft,2,4,0.07,0.01,0.002355712603062426,0.027444051825677267,0.027444051825677267,0.08598351001177856
annotated,Sora,petges_158153756%2Fmd.mp4,patch_only,,0.7,0.3,motion_soft,2,4,0.07,0.01,0.01884570082449941,0.07555948174322732,0.07555948174322732,0.20789163722025913
annotated,Sora,pgraz_370921770%2Fmd.mp4,patch_only,,0.7,0.3,motion_soft,2,4,0.07,0.01,0.5147232037691402,0.3682567726737338,0.3682567726737338,0.026501766784452298
annotated,Sora,philipp77777_69930550%2Fmd.mp4,patch_only,,0.7,0.3,motion_soft,2,4,0.07,0.01,0.04534746760895171,0.061248527679623084,0.061248527679623084,0.0983510011778563
annotated,Sora,philpo_949204222%2Fmd.mp4,patch_only,,0.7,0.3,motion_soft,2,4,0.07,0.01,0.01707891637220259,0.1382803297997644,0.1382803297997644,0.4210836277974087
annotated,Sora,philtremble_969109406%2Fmd.mp4,patch_only,,0.7,0.3,motion_soft,2,4,0.07,0.01,0.3751472320376914,0.2733804475853946,0.2733804475853946,0.035924617196702
annotated,Sora,photoncounter_912573839%2Fmd.mp4,patch_only,,0.7,0.3,motion_soft,2,4,0.07,0.01,0.18021201413427562,0.1734982332155477,0.1734982332155477,0.15783274440518258
annotated,Sora,phox146_166597033%2Fmd.mp4,patch_only,,0.7,0.3,motion_soft,2,4,0.07,0.01,0.37809187279151946,0.2687279151943463,0.2687279151943463,0.013545347467608953
annotated,Sora,phpdgs_989549820%2Fmd.mp4,patch_only,,0.7,0.3,motion_soft,2,4,0.07,0.01,0.6666666666666666,0.6327444051825677,0.6327444051825677,0.5535924617196702
annotated,Sora,pikachuhi_115790213%2Fmd.mp4,patch_only,,0.7,0.3,motion_soft,2,4,0.07,0.01,0.03415783274440518,0.031684334511189634,0.031684334511189634,0.02591283863368669
annotated,Sora,pimpawawaan_168271044%2Fmd.mp4,patch_only,,0.7,0.3,motion_soft,2,4,0.07,0.01,0.10836277974087162,0.07938751472320377,0.07938751472320377,0.011778563015312132
annotated,Sora,pingucat_41826729%2Fmd.mp4,patch_only,,0.7,0.3,motion_soft,2,4,0.07,0.01,0.04770318021201413,0.038692579505300355,0.038692579505300355,0.0176678445229682
annotated,Sora,pippogames_547823636%2Fmd.mp4,patch_only,,0.7,0.3,motion_soft,2,4,0.07,0.01,0.2597173144876325,0.23180212014134274,0.23180212014134274,0.16666666666666666
annotated,Sora,pit2523_584545686%2Fmd.mp4,patch_only,,0.7,0.3,motion_soft,2,4,0.07,0.01,0.10836277974087162,0.09316843345111897,0.09316843345111897,0.05771495877502945
annotated,Sora,pitbullboy_95829927%2Fmd.mp4,patch_only,,0.7,0.3,motion_soft,2,4,0.07,0.01,0.02237926972909305,0.015665488810365134,0.015665488810365134,0.0
annotated,Sora,pitchweed67_693646011%2Fmd.mp4,patch_only,,0.7,0.3,motion_soft,2,4,0.07,0.01,0.4458186101295642,0.4449352179034157,0.4449352179034157,0.44287396937573614
annotated,Sora,plaidrico_350280688%2Fmd.mp4,patch_only,,0.7,0.3,motion_soft,2,4,0.07,0.01,0.9034157832744405,0.7364546525323911,0.7364546525323911,0.3468786808009423
annotated,Sora,planetskool_tau_61597213%2Fmd.mp4,patch_only,,0.7,0.3,motion_soft,2,4,0.07,0.01,0.15783274440518258,0.13733804475853945,0.13733804475853945,0.0895170789163722
annotated,Sora,plexicat_902559357%2Fmd.mp4,patch_only,,0.7,0.3,motion_soft,2,4,0.07,0.01,0.2791519434628975,0.24646643109540634,0.24646643109540634,0.1702002355712603
annotated,Sora,pnj123456_285847600%2Fmd.mp4,patch_only,,0.7,0.3,motion_soft,2,4,0.07,0.01,0.07656065959952886,0.06507656065959953,0.06507656065959953,0.03828032979976443
annotated,Sora,ponsuke_623442231%2Fmd.mp4,patch_only,,0.7,0.3,motion_soft,2,4,0.07,0.01,0.6336866902237926,0.6460541813898704,0.6460541813898704,0.6749116607773852
annotated,Sora,poormedguy_520398330%2Fmd.mp4,patch_only,,0.7,0.3,motion_soft,2,4,0.07,0.01,0.024734982332155476,0.059540636042402825,0.059540636042402825,0.14075382803297998
annotated,Sora,positives2025_49936734%2Fmd.mp4,patch_only,,0.7,0.3,motion_soft,2,4,0.07,0.01,0.19905771495877503,0.30948174322732624,0.30948174322732624,0.5671378091872792
annotated,Sora,pp7ukk_579479389%2Fmd.mp4,patch_only,,0.7,0.3,motion_soft,2,4,0.07,0.01,0.43227326266195526,0.48545347467608946,0.48545347467608946,0.6095406360424028
annotated,Sora,pradeepmnn_803785334%2Fmd.mp4,patch_only,,0.7,0.3,motion_soft,2,4,0.07,0.01,0.6266195524146054,0.6292697290930507,0.6292697290930507,0.6354534746760895
annotated,Sora,prakap27_978809837%2Fmd.mp4,patch_only,,0.7,0.3,motion_soft,2,4,0.07,0.01,0.008244994110718492,0.11354534746760896,0.11354534746760896,0.35924617196702
annotated,Sora,prakashash18_640783800%2Fmd.mp4,patch_only,,0.7,0.3,motion_soft,2,4,0.07,0.01,0.0,0.010954063604240283,0.010954063604240283,0.03651354534746761
annotated,Sora,pranshuiykyk_915385991%2Fmd.mp4,patch_only,,0.7,0.3,motion_soft,2,4,0.07,0.01,0.20906949352179033,0.17444051825677265,0.17444051825677265,0.09363957597173145
annotated,Sora,prapasabee_748286842%2Fmd.mp4,patch_only,,0.7,0.3,motion_soft,2,4,0.07,0.01,0.030035335689045935,0.0784452296819788,0.0784452296819788,0.19140164899882214
annotated,Sora,prefer__915094796%2Fmd.mp4,patch_only,,0.7,0.3,motion_soft,2,4,0.07,0.01,0.46054181389870436,0.3502944640753828,0.3502944640753828,0.09305064782096584
annotated,Sora,prelit_884743497%2Fmd.mp4,patch_only,,0.7,0.3,motion_soft,2,4,0.07,0.01,0.01707891637220259,0.012131919905771496,0.012131919905771496,0.0005889281507656066
annotated,Sora,pri-07_184643810%2Fmd.mp4,patch_only,,0.7,0.3,motion_soft,2,4,0.07,0.01,0.1071849234393404,0.07732626619552414,0.07732626619552414,0.0076560659599528855
annotated,Sora,pricewon_386607539%2Fmd.mp4,patch_only,,0.7,0.3,motion_soft,2,4,0.07,0.01,0.23792697290930506,0.17432273262661954,0.17432273262661954,0.02591283863368669
annotated,Sora,pride777_147144265%2Fmd.mp4,patch_only,,0.7,0.3,motion_soft,2,4,0.07,0.01,0.10836277974087162,0.08221436984687869,0.08221436984687869,0.02120141342756184
annotated,Sora,primals_637446586%2Fmd.mp4,patch_only,,0.7,0.3,motion_soft,2,4,0.07,0.01,0.002355712603062426,0.08574793875147231,0.08574793875147231,0.28032979976442873
annotated,Sora,prince8169827997_905030388%2Fmd.mp4,patch_only,,0.7,0.3,motion_soft,2,4,0.07,0.01,0.5647820965842167,0.5616018845700824,0.5616018845700824,0.5541813898704359
annotated,Sora,prithvi111_607006720%2Fmd.mp4,patch_only,,0.7,0.3,motion_soft,2,4,0.07,0.01,0.2626619552414605,0.187396937573616,0.187396937573616,0.011778563015312132
annotated,Sora,projec11_41028672%2Fmd.mp4,patch_only,,0.7,0.3,motion_soft,2,4,0.07,0.01,0.31861012956419316,0.22514723203769138,0.22514723203769138,0.007067137809187279
annotated,Sora,przemko3333_624397816%2Fmd.mp4,patch_only,,0.7,0.3,motion_soft,2,4,0.07,0.01,0.030035335689045935,0.07455830388692579,0.07455830388692579,0.1784452296819788
annotated,Sora,psk86_575761025%2Fmd.mp4,patch_only,,0.7,0.3,motion_soft,2,4,0.07,0.01,0.007067137809187279,0.015901060070671377,0.015901060070671377,0.03651354534746761
annotated,Sora,psw555_325597008%2Fmd.mp4,patch_only,,0.7,0.3,motion_soft,2,4,0.07,0.01,0.2049469964664311,0.14363957597173144,0.14363957597173144,0.0005889281507656066
annotated,Sora,pumoco_468817883%2Fmd.mp4,patch_only,,0.7,0.3,motion_soft,2,4,0.07,0.01,0.24322732626619553,0.17820965842167255,0.17820965842167255,0.026501766784452298
annotated,Sora,puzzleadir_902980592%2Fmd.mp4,patch_only,,0.7,0.3,motion_soft,2,4,0.07,0.01,0.15488810365135453,0.25011778563015313,0.25011778563015313,0.4723203769140165
annotated,Sora,pvwalter_835388213%2Fmd.mp4,patch_only,,0.7,0.3,motion_soft,2,4,0.07,0.01,0.05005889281507656,0.25677267373380447,0.25677267373380447,0.7391048292108363
annotated,Sora,pyontam_104778189%2Fmd.mp4,patch_only,,0.7,0.3,motion_soft,2,4,0.07,0.01,0.053003533568904596,0.04187279151943463,0.04187279151943463,0.015901060070671377
annotated,Sora,q_come_889831924%2Fmd.mp4,patch_only,,0.7,0.3,motion_soft,2,4,0.07,0.01,0.12956419316843346,0.17232037691401647,0.17232037691401647,0.27208480565371024
annotated,Sora,qdh94_956385933%2Fmd.mp4,patch_only,,0.7,0.3,motion_soft,2,4,0.07,0.01,0.11248527679623085,0.08333333333333331,0.08333333333333331,0.015312131919905771
annotated,Sora,qosains_210565480%2Fmd.mp4,patch_only,,0.7,0.3,motion_soft,2,4,0.07,0.01,0.05535924617196702,0.04528857479387514,0.04528857479387514,0.021790341578327443
annotated,Sora,quackel_601306478%2Fmd.mp4,patch_only,,0.7,0.3,motion_soft,2,4,0.07,0.01,0.10659599528857479,0.1311542991755006,0.1311542991755006,0.18845700824499412
annotated,Sora,qualityboost_620548651%2Fmd.mp4,patch_only,,0.7,0.3,motion_soft,2,4,0.07,0.01,0.09717314487632508,0.07579505300353356,0.07579505300353356,0.02591283863368669
annotated,Sora,quantum_barbie_817473721%2Fmd.mp4,patch_only,,0.7,0.3,motion_soft,2,4,0.07,0.01,0.38810365135453473,0.3706124852767962,0.3706124852767962,0.3297997644287397
annotated,Sora,quiethustle_387177629%2Fmd.mp4,patch_only,,0.7,0.3,motion_soft,2,4,0.07,0.01,0.4734982332155477,0.48816254416961125,0.48816254416961125,0.5223792697290931
annotated,Sora,qwertyuiopasdfghjklzxcv_368757367%2Fmd.mp4,patch_only,,0.7,0.3,motion_soft,2,4,0.07,0.01,0.17667844522968199,0.2362190812720848,0.2362190812720848,0.3751472320376914
annotated,Sora,r1vnsmq_984298832%2Fmd.mp4,patch_only,,0.7,0.3,motion_soft,2,4,0.07,0.01,0.6401648998822144,0.4661366313309776,0.4661366313309776,0.06007067137809187
annotated,Sora,r41nm4k3r_558614839%2Fmd.mp4,patch_only,,0.7,0.3,motion_soft,2,4,0.07,0.01,0.18080094228504123,0.22196702002355712,0.22196702002355712,0.31802120141342755
annotated,Sora,rabbitcenter01_777662173%2Fmd.mp4,patch_only,,0.7,0.3,motion_soft,2,4,0.07,0.01,0.2620730270906949,0.19140164899882212,0.19140164899882212,0.026501766784452298
annotated,Sora,raccoonrich_422789751%2Fmd.mp4,patch_only,,0.7,0.3,motion_soft,2,4,0.07,0.01,0.06713780918727916,0.10406360424028269,0.10406360424028269,0.19022379269729092
annotated,Sora,racota_61345332%2Fmd.mp4,patch_only,,0.7,0.3,motion_soft,2,4,0.07,0.01,0.13015312131919907,0.18598351001177857,0.18598351001177857,0.31625441696113077
annotated,Sora,rafaellopes89_389822326%2Fmd.mp4,patch_only,,0.7,0.3,motion_soft,2,4,0.07,0.01,0.11837455830388692,0.11024734982332154,0.11024734982332154,0.09128386336866902
annotated,Sora,rahulharsha_587511658%2Fmd.mp4,patch_only,,0.7,0.3,motion_soft,2,4,0.07,0.01,0.024734982332155476,0.0431095406360424,0.0431095406360424,0.08598351001177856
annotated,Sora,rainbow_123_130849515%2Fmd.mp4,patch_only,,0.7,0.3,motion_soft,2,4,0.07,0.01,0.5147232037691402,0.3624263839811543,0.3624263839811543,0.007067137809187279
annotated,Sora,raj_shivali_536167176%2Fmd.mp4,patch_only,,0.7,0.3,motion_soft,2,4,0.07,0.01,0.037102473498233215,0.08727915194346289,0.08727915194346289,0.2043580683156655
annotated,Sora,rajeshsound_855135209%2Fmd.mp4,patch_only,,0.7,0.3,motion_soft,2,4,0.07,0.01,0.07008244994110718,0.06619552414605417,0.06619552414605417,0.05712603062426384
annotated,Sora,rakovalexander_69876888%2Fmd.mp4,patch_only,,0.7,0.3,motion_soft,2,4,0.07,0.01,0.10011778563015312,0.13262661955241462,0.13262661955241462,0.20848056537102475
annotated,Sora,rambo77710_890334584%2Fmd.mp4,patch_only,,0.7,0.3,motion_soft,2,4,0.07,0.01,0.020023557126030624,0.09140164899882214,0.09140164899882214,0.2579505300353357
annotated,Sora,ramsesramos_809539441%2Fmd.mp4,patch_only,,0.7,0.3,motion_soft,2,4,0.07,0.01,0.030624263839811542,0.06136631330977621,0.06136631330977621,0.1330977620730271
annotated,Sora,ran511_942116636%2Fmd.mp4,patch_only,,0.7,0.3,motion_soft,2,4,0.07,0.01,0.030624263839811542,0.09316843345111896,0.09316843345111896,0.23910482921083628
annotated,Sora,rana2025_watermarked.mp4,patch_only,,0.7,0.3,motion_soft,2,4,0.07,0.01,0.48468786808009423,0.39228504122497054,0.39228504122497054,0.17667844522968199
annotated,Sora,randa0523_554849011%2Fmd.mp4,patch_only,,0.7,0.3,motion_soft,2,4,0.07,0.01,0.13133097762073026,0.1055359246171967,0.1055359246171967,0.04534746760895171
annotated,Sora,raqibyousuf_172895658%2Fmd.mp4,patch_only,,0.7,0.3,motion_soft,2,4,0.07,0.01,0.44876325088339225,0.40053003533568904,0.40053003533568904,0.2879858657243816
annotated,Sora,rasmusbangpederson_767248086%2Fmd.mp4,patch_only,,0.7,0.3,motion_soft,2,4,0.07,0.01,0.20141342756183744,0.1869257950530035,0.1869257950530035,0.15312131919905772
annotated,Sora,raviiranjan_471925764%2Fmd.mp4,patch_only,,0.7,0.3,motion_soft,2,4,0.07,0.01,0.054770318021201414,0.038692579505300355,0.038692579505300355,0.001177856301531213
annotated,Sora,rawdi2_888439048%2Fmd.mp4,patch_only,,0.7,0.3,motion_soft,2,4,0.07,0.01,0.0989399293286219,0.29328621908127206,0.29328621908127206,0.7467608951707891
annotated,Sora,rbrown907_162120050%2Fmd.mp4,patch_only,,0.7,0.3,motion_soft,2,4,0.07,0.01,0.008244994110718492,0.020259128386336867,0.020259128386336867,0.048292108362779744
annotated,Sora,rcs1975_61260299%2Fmd.mp4,patch_only,,0.7,0.3,motion_soft,2,4,0.07,0.01,0.061837455830388695,0.04628975265017668,0.04628975265017668,0.010011778563015312
annotated,Sora,realmoff_321433236%2Fmd.mp4,patch_only,,0.7,0.3,motion_soft,2,4,0.07,0.01,0.3845700824499411,0.2767962308598351,0.2767962308598351,0.025323910482921083
annotated,Sora,reamoore_850641240%2Fmd.mp4,patch_only,,0.7,0.3,motion_soft,2,4,0.07,0.01,0.49528857479387517,0.35783274440518253,0.35783274440518253,0.037102473498233215
annotated,Sora,reborn-xiaoyu_835990987%2Fmd.mp4,patch_only,,0.7,0.3,motion_soft,2,4,0.07,0.01,0.25677267373380447,0.25306242638398113,0.25306242638398113,0.24440518256772673
annotated,Sora,redfalx216_606895751%2Fmd.mp4,patch_only,,0.7,0.3,motion_soft,2,4,0.07,0.01,0.1348645465253239,0.09917550058892813,0.09917550058892813,0.015901060070671377
annotated,Sora,reece654_234676358%2Fmd.mp4,patch_only,,0.7,0.3,motion_soft,2,4,0.07,0.01,0.2944640753828033,0.2255594817432273,0.2255594817432273,0.06478209658421673
annotated,Sora,reeech_86643871%2Fmd.mp4,patch_only,,0.7,0.3,motion_soft,2,4,0.07,0.01,0.15076560659599528,0.10571260306242637,0.10571260306242637,0.0005889281507656066
annotated,Sora,reenabhatt_529843516%2Fmd.mp4,patch_only,,0.7,0.3,motion_soft,2,4,0.07,0.01,0.5671378091872792,0.6835689045936396,0.6835689045936396,0.9552414605418139
annotated,Sora,reklamacia21030_77982294%2Fmd.mp4,patch_only,,0.7,0.3,motion_soft,2,4,0.07,0.01,0.41872791519434627,0.5309187279151943,0.5309187279151943,0.7926972909305064
annotated,Sora,reliableflooring_943346318%2Fmd.mp4,patch_only,,0.7,0.3,motion_soft,2,4,0.07,0.01,0.4216725559481743,0.4856301531213192,0.4856301531213192,0.6348645465253239
annotated,Sora,remajat_146614754%2Fmd.mp4,patch_only,,0.7,0.3,motion_soft,2,4,0.07,0.01,0.27208480565371024,0.2468197879858657,0.2468197879858657,0.1878680800942285
annotated,Sora,rene_star_657081390%2Fmd.mp4,patch_only,,0.7,0.3,motion_soft,2,4,0.07,0.01,0.0,0.0035335689045936395,0.0035335689045936395,0.011778563015312132
annotated,Sora,rennradix_512194887%2Fmd.mp4,patch_only,,0.7,0.3,motion_soft,2,4,0.07,0.01,0.0176678445229682,0.012367491166077738,0.012367491166077738,0.0
annotated,Sora,resukief_702175385%2Fmd.mp4,patch_only,,0.7,0.3,motion_soft,2,4,0.07,0.01,0.160188457008245,0.1207891637220259,0.1207891637220259,0.028857479387514724
annotated,Sora,revatiaccounting_297487665%2Fmd.mp4,patch_only,,0.7,0.3,motion_soft,2,4,0.07,0.01,0.002944640753828033,0.0041813898704358065,0.0041813898704358065,0.007067137809187279
annotated,Sora,revopsfuel_185376271%2Fmd.mp4,patch_only,,0.7,0.3,motion_soft,2,4,0.07,0.01,0.08244994110718493,0.10029446407538281,0.10029446407538281,0.1419316843345112
annotated,Sora,rgolden1_951562461%2Fmd.mp4,patch_only,,0.7,0.3,motion_soft,2,4,0.07,0.01,0.08244994110718493,0.20347467608951708,0.20347467608951708,0.48586572438162545
annotated,Sora,rgs72_828992331%2Fmd.mp4,patch_only,,0.7,0.3,motion_soft,2,4,0.07,0.01,0.19199057714958775,0.14764428739693758,0.14764428739693758,0.044169611307420496
annotated,Sora,rh1ng0_954745746%2Fmd.mp4,patch_only,,0.7,0.3,motion_soft,2,4,0.07,0.01,0.7767962308598351,0.825736160188457,0.825736160188457,0.9399293286219081
annotated,Sora,riandiok_656364797%2Fmd.mp4,patch_only,,0.7,0.3,motion_soft,2,4,0.07,0.01,0.1872791519434629,0.2554770318021201,0.2554770318021201,0.41460541813898705
annotated,Sora,ribosonik_588784532%2Fmd.mp4,patch_only,,0.7,0.3,motion_soft,2,4,0.07,0.01,0.2785630153121319,0.3089517078916372,0.3089517078916372,0.37985865724381623
annotated,Sora,ricchierich_156556691%2Fmd.mp4,patch_only,,0.7,0.3,motion_soft,2,4,0.07,0.01,0.25500588928150764,0.2297408716136631,0.2297408716136631,0.1707891637220259
annotated,Sora,rich727_394449732%2Fmd.mp4,patch_only,,0.7,0.3,motion_soft,2,4,0.07,0.01,0.19199057714958775,0.16831566548881036,0.16831566548881036,0.11307420494699646
annotated,Sora,richnanugi_456370434%2Fmd.mp4,patch_only,,0.7,0.3,motion_soft,2,4,0.07,0.01,0.43168433451118965,0.4323910482921084,0.4323910482921084,0.43404004711425204
annotated,Sora,rick_rpm_839911052%2Fmd.mp4,patch_only,,0.7,0.3,motion_soft,2,4,0.07,0.01,0.3121319199057715,0.22520612485276795,0.22520612485276795,0.02237926972909305
annotated,Sora,rigcki_509250386%2Fmd.mp4,patch_only,,0.7,0.3,motion_soft,2,4,0.07,0.01,0.26914016489988224,0.3113663133097762,0.3113663133097762,0.4098939929328622
annotated,Sora,rigidi_279466436%2Fmd.mp4,patch_only,,0.7,0.3,motion_soft,2,4,0.07,0.01,0.024734982332155476,0.06537102473498232,0.06537102473498232,0.160188457008245
annotated,Sora,rileyyyyyy_543219247%2Fmd.mp4,patch_only,,0.7,0.3,motion_soft,2,4,0.07,0.01,0.053003533568904596,0.13197879858657244,0.13197879858657244,0.31625441696113077
annotated,Sora,ringingz_761255479%2Fmd.mp4,patch_only,,0.7,0.3,motion_soft,2,4,0.07,0.01,0.1419316843345112,0.21207302709069492,0.21207302709069492,0.375736160188457
annotated,Sora,ripon330_988203252%2Fmd.mp4,patch_only,,0.7,0.3,motion_soft,2,4,0.07,0.01,0.0035335689045936395,0.053003533568904596,0.053003533568904596,0.1684334511189635
annotated,Sora,riri106_241092945%2Fmd.mp4,patch_only,,0.7,0.3,motion_soft,2,4,0.07,0.01,0.44287396937573614,0.3128386336866902,0.3128386336866902,0.009422850412249705
annotated,Sora,ritzdeo_246346291%2Fmd.mp4,patch_only,,0.7,0.3,motion_soft,2,4,0.07,0.01,0.35571260306242636,0.2952885747938751,0.2952885747938751,0.15429917550058891
annotated,Sora,rktmn2_292303902%2Fmd.mp4,patch_only,,0.7,0.3,motion_soft,2,4,0.07,0.01,0.04888103651354535,0.08598351001177856,0.08598351001177856,0.17255594817432274
annotated,Sora,rl83_517146405%2Fmd.mp4,patch_only,,0.7,0.3,motion_soft,2,4,0.07,0.01,0.04122497055359246,0.030624263839811542,0.030624263839811542,0.005889281507656066
annotated,Sora,rmaldon240_290062757%2Fmd.mp4,patch_only,,0.7,0.3,motion_soft,2,4,0.07,0.01,0.17491166077738515,0.2507067137809187,0.2507067137809187,0.4275618374558304
annotated,Sora,rmazzei_232208083%2Fmd.mp4,patch_only,,0.7,0.3,motion_soft,2,4,0.07,0.01,0.10659599528857479,0.13592461719670199,0.13592461719670199,0.2043580683156655
annotated,Sora,rmee_395792812%2Fmd.mp4,patch_only,,0.7,0.3,motion_soft,2,4,0.07,0.01,0.0005889281507656066,0.002179034157832744,0.002179034157832744,0.005889281507656066
annotated,Sora,rnnuihunvi_329805799%2Fmd.mp4,patch_only,,0.7,0.3,motion_soft,2,4,0.07,0.01,0.12131919905771496,0.0875736160188457,0.0875736160188457,0.0088339222614841
annotated,Sora,roavfd2025_322043276%2Fmd.mp4,patch_only,,0.7,0.3,motion_soft,2,4,0.07,0.01,0.19140164899882214,0.22762073027090693,0.22762073027090693,0.3121319199057715
annotated,Sora,robertap_58540752%2Fmd.mp4,patch_only,,0.7,0.3,motion_soft,2,4,0.07,0.01,0.15488810365135453,0.13474676089517076,0.13474676089517076,0.08775029446407538
annotated,Sora,robmelendez_382563902%2Fmd.mp4,patch_only,,0.7,0.3,motion_soft,2,4,0.07,0.01,0.07714958775029446,0.07202591283863367,0.07202591283863367,0.06007067137809187
annotated,Sora,robmilliken_793829388%2Fmd.mp4,patch_only,,0.7,0.3,motion_soft,2,4,0.07,0.01,0.1519434628975265,0.1185512367491166,0.1185512367491166,0.04063604240282685
annotated,Sora,rocco123_283921628%2Fmd.mp4,patch_only,,0.7,0.3,motion_soft,2,4,0.07,0.01,0.5906949352179034,0.45924617196702,0.45924617196702,0.1525323910482921
annotated,Sora,rockisaac_900516865%2Fmd.mp4,patch_only,,0.7,0.3,motion_soft,2,4,0.07,0.01,0.039458186101295645,0.14228504122497054,0.14228504122497054,0.3822143698468787
annotated,Sora,rockylehning_914823287%2Fmd.mp4,patch_only,,0.7,0.3,motion_soft,2,4,0.07,0.01,0.12897526501766785,0.11501766784452296,0.11501766784452296,0.08244994110718493
annotated,Sora,roger-daangn_41967829%2Fmd.mp4,patch_only,,0.7,0.3,motion_soft,2,4,0.07,0.01,0.10777385159010601,0.13197879858657244,0.13197879858657244,0.18845700824499412
annotated,Sora,rohaid_985001207%2Fmd.mp4,patch_only,,0.7,0.3,motion_soft,2,4,0.07,0.01,0.16489988221436985,0.332037691401649,0.332037691401649,0.7220259128386337
annotated,Sora,rohchee_843199166%2Fmd.mp4,patch_only,,0.7,0.3,motion_soft,2,4,0.07,0.01,0.425206124852768,0.5161955241460541,0.5161955241460541,0.7285041224970553
annotated,Sora,rohittchakma_992157010%2Fmd.mp4,patch_only,,0.7,0.3,motion_soft,2,4,0.07,0.01,0.0812720848056537,0.09452296819787985,0.09452296819787985,0.1254416961130742
annotated,Sora,rolfwidmer_837292448%2Fmd.mp4,patch_only,,0.7,0.3,motion_soft,2,4,0.07,0.01,0.16784452296819788,0.2807420494699646,0.2807420494699646,0.5441696113074205
annotated,Sora,ronron0319_846026845%2Fmd.mp4,patch_only,,0.7,0.3,motion_soft,2,4,0.07,0.01,0.6065959952885748,0.6334511189634864,0.6334511189634864,0.696113074204947
annotated,Sora,roshancreativeart_858945850%2Fmd.mp4,patch_only,,0.7,0.3,motion_soft,2,4,0.07,0.01,0.024734982332155476,0.03445229681978798,0.03445229681978798,0.05712603062426384
annotated,Sora,roxannerobin_900426055%2Fmd.mp4,patch_only,,0.7,0.3,motion_soft,2,4,0.07,0.01,0.4988221436984688,0.37320376914016484,0.37320376914016484,0.0800942285041225
annotated,Sora,rpihge2qr0qr23_713148595%2Fmd.mp4,patch_only,,0.7,0.3,motion_soft,2,4,0.07,0.01,0.024146054181389872,0.06831566548881036,0.06831566548881036,0.17137809187279152
annotated,Sora,rr-tr_974410548%2Fmd.mp4,patch_only,,0.7,0.3,motion_soft,2,4,0.07,0.01,0.039458186101295645,0.04440518256772674,0.04440518256772674,0.05594817432273263
annotated,Sora,rrawlife_966069111%2Fmd.mp4,patch_only,,0.7,0.3,motion_soft,2,4,0.07,0.01,0.18669022379269729,0.13103651354534745,0.13103651354534745,0.001177856301531213
annotated,Sora,rtdk_250862270%2Fmd.mp4,patch_only,,0.7,0.3,motion_soft,2,4,0.07,0.01,0.16607773851590105,0.20247349823321553,0.20247349823321553,0.287396937573616
annotated,Sora,ruaj-grupojuvenil_183499502%2Fmd.mp4,patch_only,,0.7,0.3,motion_soft,2,4,0.07,0.01,0.6283863368669023,0.5729093050647821,0.5729093050647821,0.44346289752650175
annotated,Sora,rubi333_335638299%2Fmd.mp4,patch_only,,0.7,0.3,motion_soft,2,4,0.07,0.01,0.2703180212014134,0.20724381625441693,0.20724381625441693,0.06007067137809187
annotated,Sora,rudra95_212593840%2Fmd.mp4,patch_only,,0.7,0.3,motion_soft,2,4,0.07,0.01,0.7273262661955241,0.5285630153121319,0.5285630153121319,0.06478209658421673
annotated,Sora,ruedeesu_1830818%2Fmd.mp4,patch_only,,0.7,0.3,motion_soft,2,4,0.07,0.01,0.15488810365135453,0.1462308598351001,0.1462308598351001,0.12603062426383982
annotated,Sora,rus941_watermarked.mp4,patch_only,,0.7,0.3,motion_soft,2,4,0.07,0.01,0.43404004711425204,0.4861601884570082,0.4861601884570082,0.607773851590106
annotated,Sora,ruslan_8_905536589%2Fmd.mp4,patch_only,,0.7,0.3,motion_soft,2,4,0.07,0.01,0.29917550058892817,0.3182567726737338,0.3182567726737338,0.3627797408716137
annotated,Sora,rvanti_894398860%2Fmd.mp4,patch_only,,0.7,0.3,motion_soft,2,4,0.07,0.01,0.28032979976442873,0.3564782096584217,0.3564782096584217,0.5341578327444052
annotated,Sora,ryan2006_659914083%2Fmd.mp4,patch_only,,0.7,0.3,motion_soft,2,4,0.07,0.01,0.14840989399293286,0.13657243816254416,0.13657243816254416,0.10895170789163722
annotated,Sora,ryanbeardy_828673299%2Fmd.mp4,patch_only,,0.7,0.3,motion_soft,2,4,0.07,0.01,0.20965842167255594,0.15347467608951704,0.15347467608951704,0.02237926972909305
annotated,Sora,ryanwardhana_699542916%2Fmd.mp4,patch_only,,0.7,0.3,motion_soft,2,4,0.07,0.01,0.8833922261484098,0.7190812720848057,0.7190812720848057,0.33568904593639576
annotated,Sora,ryomabou_798514238%2Fmd.mp4,patch_only,,0.7,0.3,motion_soft,2,4,0.07,0.01,0.008244994110718492,0.009305064782096584,0.009305064782096584,0.011778563015312132
annotated,Sora,s_taro_211427599%2Fmd.mp4,patch_only,,0.7,0.3,motion_soft,2,4,0.07,0.01,0.024734982332155476,0.053356890459363954,0.053356890459363954,0.12014134275618374
annotated,Sora,sachinwork_898764946%2Fmd.mp4,patch_only,,0.7,0.3,motion_soft,2,4,0.07,0.01,0.013545347467608953,0.1384570082449941,0.1384570082449941,0.4299175500588928
annotated,Sora,sadaeva1993_685929900%2Fmd.mp4,patch_only,,0.7,0.3,motion_soft,2,4,0.07,0.01,0.0,0.045406360424028264,0.045406360424028264,0.1513545347467609
annotated,Sora,safety_james_961418616%2Fmd.mp4,patch_only,,0.7,0.3,motion_soft,2,4,0.07,0.01,0.2944640753828033,0.42467608951707886,0.42467608951707886,0.7285041224970553
annotated,Sora,sagaofidun_748498981%2Fmd.mp4,patch_only,,0.7,0.3,motion_soft,2,4,0.07,0.01,0.1425206124852768,0.15806831566548882,0.15806831566548882,0.19434628975265017
annotated,Sora,sagarcia8_453490180%2Fmd.mp4,patch_only,,0.7,0.3,motion_soft,2,4,0.07,0.01,0.024734982332155476,0.0342756183745583,0.0342756183745583,0.05653710247349823
annotated,Sora,sagorkoiry_771106854%2Fmd.mp4,patch_only,,0.7,0.3,motion_soft,2,4,0.07,0.01,0.2956419316843345,0.21984687868080094,0.21984687868080094,0.04299175500588928
annotated,Sora,sakaya5_515406421%2Fmd.mp4,patch_only,,0.7,0.3,motion_soft,2,4,0.07,0.01,0.07302709069493522,0.05341578327444051,0.05341578327444051,0.0076560659599528855
annotated,Sora,salamehmo_634585565%2Fmd.mp4,patch_only,,0.7,0.3,motion_soft,2,4,0.07,0.01,0.11366313309776208,0.08168433451118964,0.08168433451118964,0.007067137809187279
annotated,Sora,salamndar73_744561926%2Fmd.mp4,patch_only,,0.7,0.3,motion_soft,2,4,0.07,0.01,0.29093050647820967,0.20577149587750293,0.20577149587750293,0.007067137809187279
annotated,Sora,salma9999_854316504%2Fmd.mp4,patch_only,,0.7,0.3,motion_soft,2,4,0.07,0.01,0.591283863368669,0.6264428739693757,0.6264428739693757,0.7084805653710248
annotated,Sora,samoskydev_438789419%2Fmd.mp4,patch_only,,0.7,0.3,motion_soft,2,4,0.07,0.01,0.35630153121319197,0.25965842167255593,0.25965842167255593,0.03415783274440518
annotated,Sora,sampsonation_421507235%2Fmd.mp4,patch_only,,0.7,0.3,motion_soft,2,4,0.07,0.01,0.07538280329799764,0.057361601884570075,0.057361601884570075,0.015312131919905771
annotated,Sora,sandeep1010_401303462%2Fmd.mp4,patch_only,,0.7,0.3,motion_soft,2,4,0.07,0.01,0.7049469964664311,0.5855123674911661,0.5855123674911661,0.30683156654888105
annotated,Sora,sandy07_485720382%2Fmd.mp4,patch_only,,0.7,0.3,motion_soft,2,4,0.07,0.01,0.4199057714958775,0.3195524146054181,0.3195524146054181,0.08539458186101295
annotated,Sora,sangge555_652114665%2Fmd.mp4,patch_only,,0.7,0.3,motion_soft,2,4,0.07,0.01,0.4098939929328622,0.34752650176678446,0.34752650176678446,0.20200235571260305
annotated,Sora,sanjeewaw_586509317%2Fmd.mp4,patch_only,,0.7,0.3,motion_soft,2,4,0.07,0.01,0.09717314487632508,0.2803886925795053,0.2803886925795053,0.7078916372202592
annotated,Sora,sank005_570995814%2Fmd.mp4,patch_only,,0.7,0.3,motion_soft,2,4,0.07,0.01,0.11837455830388692,0.24045936395759715,0.24045936395759715,0.525323910482921
annotated,Sora,sanraj1990_527510432%2Fmd.mp4,patch_only,,0.7,0.3,motion_soft,2,4,0.07,0.01,0.2332155477031802,0.2477031802120141,0.2477031802120141,0.28150765606595995
annotated,Sora,santinelx_733555658%2Fmd.mp4,patch_only,,0.7,0.3,motion_soft,2,4,0.07,0.01,0.07538280329799764,0.07467608951707891,0.07467608951707891,0.07302709069493522
annotated,Sora,saoden_309648290%2Fmd.mp4,patch_only,,0.7,0.3,motion_soft,2,4,0.07,0.01,0.14605418138987045,0.1347467608951708,0.1347467608951708,0.10836277974087162
annotated,Sora,sar909090_watermarked.mp4,patch_only,,0.7,0.3,motion_soft,2,4,0.07,0.01,0.8138987043580683,0.7699057714958775,0.7699057714958775,0.6672555948174322
annotated,Sora,sara_creations_355797203%2Fmd.mp4,patch_only,,0.7,0.3,motion_soft,2,4,0.07,0.01,0.37220259128386335,0.2810365135453475,0.2810365135453475,0.06831566548881036
annotated,Sora,sarahdanita_136895856%2Fmd.mp4,patch_only,,0.7,0.3,motion_soft,2,4,0.07,0.01,0.23498233215547704,0.2876325088339222,0.2876325088339222,0.41048292108362777
annotated,Sora,sarahrendon_605938824%2Fmd.mp4,patch_only,,0.7,0.3,motion_soft,2,4,0.07,0.01,0.020023557126030624,0.018786808009422847,0.018786808009422847,0.015901060070671377
annotated,Sora,sarastasi_5259093%2Fmd.mp4,patch_only,,0.7,0.3,motion_soft,2,4,0.07,0.01,0.011189634864546525,0.010129564193168433,0.010129564193168433,0.0076560659599528855
annotated,Sora,saravanaraj480_378792994%2Fmd.mp4,patch_only,,0.7,0.3,motion_soft,2,4,0.07,0.01,0.22673733804475854,0.20677267373380448,0.20677267373380448,0.160188457008245
annotated,Sora,sarmadleo_410597866%2Fmd.mp4,patch_only,,0.7,0.3,motion_soft,2,4,0.07,0.01,0.3822143698468787,0.4027090694935218,0.4027090694935218,0.450530035335689
annotated,Sora,sartoryu_877312502%2Fmd.mp4,patch_only,,0.7,0.3,motion_soft,2,4,0.07,0.01,0.15076560659599528,0.10906949352179032,0.10906949352179032,0.011778563015312132
annotated,Sora,sary6_280574055%2Fmd.mp4,patch_only,,0.7,0.3,motion_soft,2,4,0.07,0.01,0.006478209658421673,0.010541813898704358,0.010541813898704358,0.020023557126030624
annotated,Sora,sasame_639589917%2Fmd.mp4,patch_only,,0.7,0.3,motion_soft,2,4,0.07,0.01,0.19434628975265017,0.17332155477031802,0.17332155477031802,0.12426383981154299
annotated,Sora,sasikkumar_456646770%2Fmd.mp4,patch_only,,0.7,0.3,motion_soft,2,4,0.07,0.01,0.23851590106007067,0.28286219081272085,0.28286219081272085,0.38633686690223795
annotated,Sora,sasu0101_928802584%2Fmd.mp4,patch_only,,0.7,0.3,motion_soft,2,4,0.07,0.01,0.36160188457008247,0.28916372202591284,0.28916372202591284,0.12014134275618374
annotated,Sora,satoshiclub_690716138%2Fmd.mp4,patch_only,,0.7,0.3,motion_soft,2,4,0.07,0.01,0.15488810365135453,0.11177856301531211,0.11177856301531211,0.011189634864546525
annotated,Sora,satyam1006_488961650%2Fmd.mp4,patch_only,,0.7,0.3,motion_soft,2,4,0.07,0.01,0.015901060070671377,0.0469964664310954,0.0469964664310954,0.11955241460541814
annotated,Sora,saurabhasalkar_117425777%2Fmd.mp4,patch_only,,0.7,0.3,motion_soft,2,4,0.07,0.01,0.46466431095406363,0.3374558303886926,0.3374558303886926,0.04063604240282685
annotated,Sora,sav_b4uvaz_520694241%2Fmd.mp4,patch_only,,0.7,0.3,motion_soft,2,4,0.07,0.01,0.36866902237926974,0.26442873969375735,0.26442873969375735,0.02120141342756184
annotated,Sora,savadude_178879763%2Fmd.mp4,patch_only,,0.7,0.3,motion_soft,2,4,0.07,0.01,0.15076560659599528,0.22267373380447583,0.22267373380447583,0.39045936395759717
annotated,Sora,sawaran_311452947%2Fmd.mp4,patch_only,,0.7,0.3,motion_soft,2,4,0.07,0.01,0.06713780918727916,0.05830388692579506,0.05830388692579506,0.03769140164899882
annotated,Sora,scam2342_756030755%2Fmd.mp4,patch_only,,0.7,0.3,motion_soft,2,4,0.07,0.01,0.01884570082449941,0.01531213191990577,0.01531213191990577,0.007067137809187279
annotated,Sora,scfisb_75279822%2Fmd.mp4,patch_only,,0.7,0.3,motion_soft,2,4,0.07,0.01,0.2767962308598351,0.24428739693757362,0.24428739693757362,0.1684334511189635
annotated,Sora,schiller2011_629203786%2Fmd.mp4,patch_only,,0.7,0.3,motion_soft,2,4,0.07,0.01,0.19493521790341578,0.3338044758539458,0.3338044758539458,0.6578327444051826
annotated,Sora,schmumacher_240573872%2Fmd.mp4,patch_only,,0.7,0.3,motion_soft,2,4,0.07,0.01,0.4623085983510012,0.5222025912838634,0.5222025912838634,0.6619552414605419
annotated,Sora,scorpion_mall_shamscafe_25539151%2Fmd.mp4,patch_only,,0.7,0.3,motion_soft,2,4,0.07,0.01,0.032391048292108364,0.027267373380447584,0.027267373380447584,0.015312131919905771
annotated,Sora,scottie4_41286205%2Fmd.mp4,patch_only,,0.7,0.3,motion_soft,2,4,0.07,0.01,0.0812720848056537,0.15689045936395757,0.15689045936395757,0.3333333333333333
annotated,Sora,sdgt36_802988873%2Fmd.mp4,patch_only,,0.7,0.3,motion_soft,2,4,0.07,0.01,0.008244994110718492,0.012131919905771496,0.012131919905771496,0.02120141342756184
annotated,Sora,sebastianvjb476_749048940%2Fmd.mp4,patch_only,,0.7,0.3,motion_soft,2,4,0.07,0.01,0.5100117785630153,0.42432273262661946,0.42432273262661946,0.22438162544169613
annotated,Sora,sebastuqui_759921729%2Fmd.mp4,patch_only,,0.7,0.3,motion_soft,2,4,0.07,0.01,0.1154299175500589,0.09458186101295642,0.09458186101295642,0.045936395759717315
annotated,Sora,sefiret_613740761%2Fmd.mp4,patch_only,,0.7,0.3,motion_soft,2,4,0.07,0.01,0.0088339222614841,0.012014134275618375,0.012014134275618375,0.019434628975265017
annotated,Sora,sentryspade_240145038%2Fmd.mp4,patch_only,,0.7,0.3,motion_soft,2,4,0.07,0.01,0.16431095406360424,0.1567137809187279,0.1567137809187279,0.13898704358068315
annotated,Sora,seopsam_198347268%2Fmd.mp4,patch_only,,0.7,0.3,motion_soft,2,4,0.07,0.01,0.32391048292108365,0.4078327444051826,0.4078327444051826,0.6036513545347467
annotated,Sora,serch___97101344%2Fmd.mp4,patch_only,,0.7,0.3,motion_soft,2,4,0.07,0.01,0.31919905771495877,0.28386336866902234,0.28386336866902234,0.20141342756183744
annotated,Sora,seth7777_425459973%2Fmd.mp4,patch_only,,0.7,0.3,motion_soft,2,4,0.07,0.01,0.06595995288574794,0.046878680800942284,0.046878680800942284,0.002355712603062426
annotated,Sora,sexikhepri_984408016%2Fmd.mp4,patch_only,,0.7,0.3,motion_soft,2,4,0.07,0.01,0.20318021201413428,0.22862190812720845,0.22862190812720845,0.2879858657243816
annotated,Sora,sgcgmdavid_70226623%2Fmd.mp4,patch_only,,0.7,0.3,motion_soft,2,4,0.07,0.01,0.2414605418138987,0.19199057714958773,0.19199057714958773,0.07656065959952886
annotated,Sora,sgnicos_watermarked.mp4,patch_only,,0.7,0.3,motion_soft,2,4,0.07,0.01,0.016489988221436984,0.01967020023557126,0.01967020023557126,0.027090694935217905
annotated,Sora,shade2690_899611330%2Fmd.mp4,patch_only,,0.7,0.3,motion_soft,2,4,0.07,0.01,0.14016489988221437,0.14387514723203768,0.14387514723203768,0.1525323910482921
annotated,Sora,shadowassaian12_458138354%2Fmd.mp4,patch_only,,0.7,0.3,motion_soft,2,4,0.07,0.01,0.10129564193168433,0.10818610129564193,0.10818610129564193,0.12426383981154299
annotated,Sora,shahadatclub_396292123%2Fmd.mp4,patch_only,,0.7,0.3,motion_soft,2,4,0.07,0.01,0.24322732626619553,0.21513545347467608,0.21513545347467608,0.14958775029446408
annotated,Sora,shaheen089_665465442%2Fmd.mp4,patch_only,,0.7,0.3,motion_soft,2,4,0.07,0.01,0.42697290930506476,0.41195524146054174,0.41195524146054174,0.37691401648998824
annotated,Sora,shahmanish_978894050%2Fmd.mp4,patch_only,,0.7,0.3,motion_soft,2,4,0.07,0.01,0.3050647820965842,0.22025912838633685,0.22025912838633685,0.02237926972909305
annotated,Sora,shameemanjum_16051423%2Fmd.mp4,patch_only,,0.7,0.3,motion_soft,2,4,0.07,0.01,0.16313309776207302,0.14829210836277973,0.14829210836277973,0.11366313309776208
annotated,Sora,shang0_860401353%2Fmd.mp4,patch_only,,0.7,0.3,motion_soft,2,4,0.07,0.01,0.7408716136631331,0.748645465253239,0.748645465253239,0.7667844522968198
annotated,Sora,shanky12345_302806710%2Fmd.mp4,patch_only,,0.7,0.3,motion_soft,2,4,0.07,0.01,0.039458186101295645,0.058009422850412246,0.058009422850412246,0.10129564193168433
annotated,Sora,shannengabrielle_236633393%2Fmd.mp4,patch_only,,0.7,0.3,motion_soft,2,4,0.07,0.01,0.6160188457008245,0.4464075382803298,0.4464075382803298,0.050647820965842166
annotated,Sora,sharecare_619979359%2Fmd.mp4,patch_only,,0.7,0.3,motion_soft,2,4,0.07,0.01,0.0989399293286219,0.08021201413427562,0.08021201413427562,0.03651354534746761
annotated,Sora,sharinggann_490970802%2Fmd.mp4,patch_only,,0.7,0.3,motion_soft,2,4,0.07,0.01,0.23851590106007067,0.1823321554770318,0.1823321554770318,0.05123674911660778
annotated,Sora,shashank008_884272458%2Fmd.mp4,patch_only,,0.7,0.3,motion_soft,2,4,0.07,0.01,0.10895170789163722,0.08457008244994109,0.08457008244994109,0.02767962308598351
annotated,Sora,shawnmak99_46853377%2Fmd.mp4,patch_only,,0.7,0.3,motion_soft,2,4,0.07,0.01,0.1707891637220259,0.14428739693757361,0.14428739693757361,0.08244994110718493
annotated,Sora,shazzaok_949423796%2Fmd.mp4,patch_only,,0.7,0.3,motion_soft,2,4,0.07,0.01,0.13604240282685512,0.09876325088339222,0.09876325088339222,0.011778563015312132
annotated,Sora,sheexhal_506442326%2Fmd.mp4,patch_only,,0.7,0.3,motion_soft,2,4,0.07,0.01,0.24263839811542992,0.22037691401648996,0.22037691401648996,0.1684334511189635
annotated,Sora,shi_naoking55_458136360%2Fmd.mp4,patch_only,,0.7,0.3,motion_soft,2,4,0.07,0.01,0.0,0.007420494699646642,0.007420494699646642,0.024734982332155476
annotated,Sora,shibbolethcoin_432030948%2Fmd.mp4,patch_only,,0.7,0.3,motion_soft,2,4,0.07,0.01,0.5612485276796231,0.3930506478209658,0.3930506478209658,0.0005889281507656066
annotated,Sora,shijith_905472982%2Fmd.mp4,patch_only,,0.7,0.3,motion_soft,2,4,0.07,0.01,0.0176678445229682,0.015724381625441694,0.015724381625441694,0.011189634864546525
annotated,Sora,shima-san_18238221%2Fmd.mp4,patch_only,,0.7,0.3,motion_soft,2,4,0.07,0.01,0.3280329799764429,0.23368669022379268,0.23368669022379268,0.013545347467608953
annotated,Sora,shinebrite_624640796%2Fmd.mp4,patch_only,,0.7,0.3,motion_soft,2,4,0.07,0.01,0.15488810365135453,0.10930506478209658,0.10930506478209658,0.002944640753828033
annotated,Sora,shinji0116_781021860%2Fmd.mp4,patch_only,,0.7,0.3,motion_soft,2,4,0.07,0.01,0.5023557126030624,0.4050058892815076,0.4050058892815076,0.17785630153121318
annotated,Sora,ship_15_342614611%2Fmd.mp4,patch_only,,0.7,0.3,motion_soft,2,4,0.07,0.01,0.43227326266195526,0.5149587750294464,0.5149587750294464,0.7078916372202592
annotated,Sora,shopbytoniamockup_316609902%2Fmd.mp4,patch_only,,0.7,0.3,motion_soft,2,4,0.07,0.01,0.061837455830388695,0.05106007067137809,0.05106007067137809,0.02591283863368669
annotated,Sora,shrb6_183122074%2Fmd.mp4,patch_only,,0.7,0.3,motion_soft,2,4,0.07,0.01,0.464075382803298,0.4391637220259128,0.4391637220259128,0.38103651354534745
annotated,Sora,shubhamkumar001007_260483807%2Fmd.mp4,patch_only,,0.7,0.3,motion_soft,2,4,0.07,0.01,0.36042402826855124,0.28480565371024735,0.28480565371024735,0.10836277974087162
annotated,Sora,shubhashish7001_897617246%2Fmd.mp4,patch_only,,0.7,0.3,motion_soft,2,4,0.07,0.01,0.006478209658421673,0.0248527679623086,0.0248527679623086,0.06772673733804475
annotated,Sora,shubzz_512334383%2Fmd.mp4,patch_only,,0.7,0.3,motion_soft,2,4,0.07,0.01,0.07656065959952886,0.06313309776207303,0.06313309776207303,0.03180212014134275
annotated,Sora,silufonie_205350125%2Fmd.mp4,patch_only,,0.7,0.3,motion_soft,2,4,0.07,0.01,0.03180212014134275,0.030035335689045935,0.030035335689045935,0.02591283863368669
annotated,Sora,silvian_watermarked.mp4,patch_only,,0.7,0.3,motion_soft,2,4,0.07,0.01,0.22791519434628976,0.16713780918727913,0.16713780918727913,0.025323910482921083
annotated,Sora,silvinuni69_4791515%2Fmd.mp4,patch_only,,0.7,0.3,motion_soft,2,4,0.07,0.01,0.22614840989399293,0.1606007067137809,0.1606007067137809,0.0076560659599528855
annotated,Sora,sim91_647204790%2Fmd.mp4,patch_only,,0.7,0.3,motion_soft,2,4,0.07,0.01,0.5535924617196702,0.42762073027090697,0.42762073027090697,0.1336866902237927
annotated,Sora,simarba_283636147%2Fmd.mp4,patch_only,,0.7,0.3,motion_soft,2,4,0.07,0.01,0.06772673733804475,0.05535924617196702,0.05535924617196702,0.026501766784452298
annotated,Sora,simatic95_970615650%2Fmd.mp4,patch_only,,0.7,0.3,motion_soft,2,4,0.07,0.01,0.061248527679623084,0.08280329799764428,0.08280329799764428,0.1330977620730271
annotated,Sora,simbeing_265290202%2Fmd.mp4,patch_only,,0.7,0.3,motion_soft,2,4,0.07,0.01,0.06065959952885748,0.08080094228504121,0.08080094228504121,0.12779740871613662
annotated,Sora,sinan324_515746543%2Fmd.mp4,patch_only,,0.7,0.3,motion_soft,2,4,0.07,0.01,0.24499411071849234,0.17396937573616017,0.17396937573616017,0.008244994110718492
annotated,Sora,sir_crypto_141038241%2Fmd.mp4,patch_only,,0.7,0.3,motion_soft,2,4,0.07,0.01,0.3209658421672556,0.3393404004711425,0.3393404004711425,0.3822143698468787
annotated,Sora,sirini_446231221%2Fmd.mp4,patch_only,,0.7,0.3,motion_soft,2,4,0.07,0.01,0.17373380447585396,0.12285041224970554,0.12285041224970554,0.004122497055359246
annotated,Sora,sis2002_628469285%2Fmd.mp4,patch_only,,0.7,0.3,motion_soft,2,4,0.07,0.01,0.03121319199057715,0.023085983510011777,0.023085983510011777,0.004122497055359246
annotated,Sora,siva007_446834797%2Fmd.mp4,patch_only,,0.7,0.3,motion_soft,2,4,0.07,0.01,0.0005889281507656066,0.1484687868080094,0.1484687868080094,0.49352179034157834
annotated,Sora,sj_2216_922899371%2Fmd.mp4,patch_only,,0.7,0.3,motion_soft,2,4,0.07,0.01,0.464075382803298,0.4550647820965842,0.4550647820965842,0.43404004711425204
annotated,Sora,sjel3007_841730312%2Fmd.mp4,patch_only,,0.7,0.3,motion_soft,2,4,0.07,0.01,0.1967020023557126,0.14246171967020024,0.14246171967020024,0.015901060070671377
annotated,Sora,skbhow_727884749%2Fmd.mp4,patch_only,,0.7,0.3,motion_soft,2,4,0.07,0.01,0.10659599528857479,0.12355712603062424,0.12355712603062424,0.16313309776207302
annotated,Sora,skyfromtheblue_854567402%2Fmd.mp4,patch_only,,0.7,0.3,motion_soft,2,4,0.07,0.01,0.0088339222614841,0.009540636042402826,0.009540636042402826,0.011189634864546525
annotated,Sora,slashchan_531061108%2Fmd.mp4,patch_only,,0.7,0.3,motion_soft,2,4,0.07,0.01,0.002355712603062426,0.009776207302709068,0.009776207302709068,0.027090694935217905
annotated,Sora,slava_y_695501094%2Fmd.mp4,patch_only,,0.7,0.3,motion_soft,2,4,0.07,0.01,0.054770318021201414,0.051590106007067135,0.051590106007067135,0.044169611307420496
annotated,Sora,slimtheshadee_95696637%2Fmd.mp4,patch_only,,0.7,0.3,motion_soft,2,4,0.07,0.01,0.24558303886925795,0.3789752650176679,0.3789752650176679,0.690223792697291
annotated,Sora,slimxoxshady_716127548%2Fmd.mp4,patch_only,,0.7,0.3,motion_soft,2,4,0.07,0.01,0.005889281507656066,0.008892815076560659,0.008892815076560659,0.015901060070671377
annotated,Sora,sly123-_528949405%2Fmd.mp4,patch_only,,0.7,0.3,motion_soft,2,4,0.07,0.01,0.2944640753828033,0.25153121319199057,0.25153121319199057,0.1513545347467609
annotated,Sora,sm1689_391989685%2Fmd.mp4,patch_only,,0.7,0.3,motion_soft,2,4,0.07,0.01,0.591283863368669,0.45665488810365135,0.45665488810365135,0.1425206124852768
annotated,Sora,smilescdc_539453069%2Fmd.mp4,patch_only,,0.7,0.3,motion_soft,2,4,0.07,0.01,0.43462897526501765,0.3533568904593639,0.3533568904593639,0.16372202591283863
annotated,Sora,smlzecnp_869155346%2Fmd.mp4,patch_only,,0.7,0.3,motion_soft,2,4,0.07,0.01,0.04946996466431095,0.0392226148409894,0.0392226148409894,0.015312131919905771
annotated,Sora,snomura_492490399%2Fmd.mp4,patch_only,,0.7,0.3,motion_soft,2,4,0.07,0.01,0.05889281507656066,0.04334511189634865,0.04334511189634865,0.007067137809187279
annotated,Sora,sobeih91_151906067%2Fmd.mp4,patch_only,,0.7,0.3,motion_soft,2,4,0.07,0.01,0.22025912838633688,0.1826266195524146,0.1826266195524146,0.09481743227326266
annotated,Sora,sockrobot_927555109%2Fmd.mp4,patch_only,,0.7,0.3,motion_soft,2,4,0.07,0.01,0.43404004711425204,0.3536513545347467,0.3536513545347467,0.16607773851590105
annotated,Sora,sodiqjons_831648738%2Fmd.mp4,patch_only,,0.7,0.3,motion_soft,2,4,0.07,0.01,0.5070671378091873,0.6047703180212014,0.6047703180212014,0.8327444051825678
annotated,Sora,sokon_704734720%2Fmd.mp4,patch_only,,0.7,0.3,motion_soft,2,4,0.07,0.01,0.10777385159010601,0.08780918727915195,0.08780918727915195,0.04122497055359246
annotated,Sora,solar2025_588665014%2Fmd.mp4,patch_only,,0.7,0.3,motion_soft,2,4,0.07,0.01,0.26089517078916374,0.2100117785630153,0.2100117785630153,0.09128386336866902
annotated,Sora,solcollecta_348363187%2Fmd.mp4,patch_only,,0.7,0.3,motion_soft,2,4,0.07,0.01,0.15488810365135453,0.13404004711425205,0.13404004711425205,0.08539458186101295
annotated,Sora,sollee11_114819764%2Fmd.mp4,patch_only,,0.7,0.3,motion_soft,2,4,0.07,0.01,0.15076560659599528,0.23256772673733803,0.23256772673733803,0.42343934040047115
annotated,Sora,somya14_584793583%2Fmd.mp4,patch_only,,0.7,0.3,motion_soft,2,4,0.07,0.01,0.07302709069493522,0.05447585394581861,0.05447585394581861,0.011189634864546525
annotated,Sora,sonofyakub_885154928%2Fmd.mp4,patch_only,,0.7,0.3,motion_soft,2,4,0.07,0.01,0.10129564193168433,0.07903415783274441,0.07903415783274441,0.027090694935217905
annotated,Sora,soothsister_712377718%2Fmd.mp4,patch_only,,0.7,0.3,motion_soft,2,4,0.07,0.01,0.28916372202591284,0.2423439340400471,0.2423439340400471,0.1330977620730271
annotated,Sora,soracoconem_300191621%2Fmd.mp4,patch_only,,0.7,0.3,motion_soft,2,4,0.07,0.01,0.12603062426383982,0.355359246171967,0.355359246171967,0.8904593639575972
annotated,Sora,sorajiei_576214078%2Fmd.mp4,patch_only,,0.7,0.3,motion_soft,2,4,0.07,0.01,0.833922261484099,0.804416961130742,0.804416961130742,0.7355712603062426
annotated,Sora,sorasleep_710765456%2Fmd.mp4,patch_only,,0.7,0.3,motion_soft,2,4,0.07,0.01,0.0,0.0,0.0,0.0
annotated,Sora,sorustudio_876908138%2Fmd.mp4,patch_only,,0.7,0.3,motion_soft,2,4,0.07,0.01,0.06890459363957598,0.05459363957597173,0.05459363957597173,0.02120141342756184
annotated,Sora,sosuke_873263122%2Fmd.mp4,patch_only,,0.7,0.3,motion_soft,2,4,0.07,0.01,0.22673733804475854,0.1604829210836278,0.1604829210836278,0.005889281507656066
annotated,Sora,sourxu_499939788%2Fmd.mp4,patch_only,,0.7,0.3,motion_soft,2,4,0.07,0.01,0.574793875147232,0.6622497055359247,0.6622497055359247,0.8663133097762074
annotated,Sora,sozo_40_92215312%2Fmd.mp4,patch_only,,0.7,0.3,motion_soft,2,4,0.07,0.01,0.6884570082449941,0.5501177856301531,0.5501177856301531,0.22732626619552415
annotated,Sora,spgg1_525553644%2Fmd.mp4,patch_only,,0.7,0.3,motion_soft,2,4,0.07,0.01,0.027090694935217905,0.019140164899882215,0.019140164899882215,0.0005889281507656066
annotated,Sora,spiralcyc_417249819%2Fmd.mp4,patch_only,,0.7,0.3,motion_soft,2,4,0.07,0.01,0.4988221436984688,0.5025323910482921,0.5025323910482921,0.5111896348645465
annotated,Sora,spoopysploinky_543382572%2Fmd.mp4,patch_only,,0.7,0.3,motion_soft,2,4,0.07,0.01,0.6537102473498233,0.46095406360424024,0.46095406360424024,0.011189634864546525
annotated,Sora,sprnodes_126503992%2Fmd.mp4,patch_only,,0.7,0.3,motion_soft,2,4,0.07,0.01,0.15488810365135453,0.11301531213191988,0.11301531213191988,0.015312131919905771
annotated,Sora,sprnvaa_930032274%2Fmd.mp4,patch_only,,0.7,0.3,motion_soft,2,4,0.07,0.01,0.10424028268551237,0.07473498233215548,0.07473498233215548,0.005889281507656066
annotated,Sora,spunkyvt_67395528%2Fmd.mp4,patch_only,,0.7,0.3,motion_soft,2,4,0.07,0.01,0.2656065959952886,0.339811542991755,0.339811542991755,0.5129564193168433
annotated,Sora,sreeni3688_670173990%2Fmd.mp4,patch_only,,0.7,0.3,motion_soft,2,4,0.07,0.01,0.19140164899882214,0.19723203769140163,0.19723203769140163,0.21083627797408716
annotated,Sora,sreenit_533089289%2Fmd.mp4,patch_only,,0.7,0.3,motion_soft,2,4,0.07,0.01,0.0005889281507656066,0.003945818610129564,0.003945818610129564,0.011778563015312132
annotated,Sora,srichard_120064522%2Fmd.mp4,patch_only,,0.7,0.3,motion_soft,2,4,0.07,0.01,0.10895170789163722,0.08404004711425204,0.08404004711425204,0.02591283863368669
annotated,Sora,srynyaie_142224866%2Fmd.mp4,patch_only,,0.7,0.3,motion_soft,2,4,0.07,0.01,0.01060070671378092,0.024558303886925793,0.024558303886925793,0.05712603062426384
annotated,Sora,ssmoney_233809%2Fmd.mp4,patch_only,,0.7,0.3,motion_soft,2,4,0.07,0.01,0.039458186101295645,0.1191401648998822,0.1191401648998822,0.3050647820965842
annotated,Sora,ssoorraassoorraa_14251048%2Fmd.mp4,patch_only,,0.7,0.3,motion_soft,2,4,0.07,0.01,0.43109540636042404,0.5443462897526501,0.5443462897526501,0.8085983510011778
annotated,Sora,sss233_950579572%2Fmd.mp4,patch_only,,0.7,0.3,motion_soft,2,4,0.07,0.01,0.14840989399293286,0.10795053003533568,0.10795053003533568,0.013545347467608953
annotated,Sora,standleye_813498197%2Fmd.mp4,patch_only,,0.7,0.3,motion_soft,2,4,0.07,0.01,0.41460541813898705,0.29199057714958776,0.29199057714958776,0.005889281507656066
annotated,Sora,stanpaulaco_540330199%2Fmd.mp4,patch_only,,0.7,0.3,motion_soft,2,4,0.07,0.01,0.160188457008245,0.16902237926972907,0.16902237926972907,0.1896348645465253
annotated,Sora,starkic_257124890%2Fmd.mp4,patch_only,,0.7,0.3,motion_soft,2,4,0.07,0.01,0.2332155477031802,0.16501766784452296,0.16501766784452296,0.005889281507656066
annotated,Sora,stdc123_357135238%2Fmd.mp4,patch_only,,0.7,0.3,motion_soft,2,4,0.07,0.01,0.2850412249705536,0.29970553592461724,0.29970553592461724,0.3339222614840989
annotated,Sora,steeltoesandal_65961712%2Fmd.mp4,patch_only,,0.7,0.3,motion_soft,2,4,0.07,0.01,0.28975265017667845,0.2653710247349823,0.2653710247349823,0.20848056537102475
annotated,Sora,stefarmakis_815007314%2Fmd.mp4,patch_only,,0.7,0.3,motion_soft,2,4,0.07,0.01,0.05123674911660778,0.040282685512367494,0.040282685512367494,0.014723203769140165
annotated,Sora,stephenwonde_616714423%2Fmd.mp4,patch_only,,0.7,0.3,motion_soft,2,4,0.07,0.01,0.0005889281507656066,0.002179034157832744,0.002179034157832744,0.005889281507656066
annotated,Sora,sterco_223831622%2Fmd.mp4,patch_only,,0.7,0.3,motion_soft,2,4,0.07,0.01,0.07420494699646643,0.0939929328621908,0.0939929328621908,0.14016489988221437
annotated,Sora,steven871_202168671%2Fmd.mp4,patch_only,,0.7,0.3,motion_soft,2,4,0.07,0.01,0.2597173144876325,0.20318021201413428,0.20318021201413428,0.0712603062426384
annotated,Sora,stevo527_411288110%2Fmd.mp4,patch_only,,0.7,0.3,motion_soft,2,4,0.07,0.01,0.12073027090694935,0.12355712603062426,0.12355712603062426,0.13015312131919907
annotated,Sora,stiegen_287752442%2Fmd.mp4,patch_only,,0.7,0.3,motion_soft,2,4,0.07,0.01,0.5606595995288575,0.4986454652532391,0.4986454652532391,0.3539458186101296
annotated,Sora,stieniebooboo_915289173%2Fmd.mp4,patch_only,,0.7,0.3,motion_soft,2,4,0.07,0.01,0.33510011778563015,0.3930506478209658,0.3930506478209658,0.5282685512367491
annotated,Sora,stolar9595_691371516%2Fmd.mp4,patch_only,,0.7,0.3,motion_soft,2,4,0.07,0.01,0.013545347467608953,0.028563015312131918,0.028563015312131918,0.0636042402826855
annotated,Sora,strategists_741336358%2Fmd.mp4,patch_only,,0.7,0.3,motion_soft,2,4,0.07,0.01,0.47290930506478207,0.5084216725559481,0.5084216725559481,0.591283863368669
annotated,Sora,straysonar_33381340%2Fmd.mp4,patch_only,,0.7,0.3,motion_soft,2,4,0.07,0.01,0.054770318021201414,0.03939929328621908,0.03939929328621908,0.0035335689045936395
annotated,Sora,streeterberry_432117245%2Fmd.mp4,patch_only,,0.7,0.3,motion_soft,2,4,0.07,0.01,0.024734982332155476,0.05759717314487633,0.05759717314487633,0.13427561837455831
annotated,Sora,studioak_13403100%2Fmd.mp4,patch_only,,0.7,0.3,motion_soft,2,4,0.07,0.01,0.46466431095406363,0.4501766784452297,0.4501766784452297,0.4163722025912839
annotated,Sora,sudo-grue_730388358%2Fmd.mp4,patch_only,,0.7,0.3,motion_soft,2,4,0.07,0.01,0.01707891637220259,0.04499411071849234,0.04499411071849234,0.11012956419316844
annotated,Sora,suessmaus_946277291%2Fmd.mp4,patch_only,,0.7,0.3,motion_soft,2,4,0.07,0.01,0.030624263839811542,0.02885747938751472,0.02885747938751472,0.024734982332155476
annotated,Sora,sumar_344160108%2Fmd.mp4,patch_only,,0.7,0.3,motion_soft,2,4,0.07,0.01,0.035924617196702,0.02691401648998822,0.02691401648998822,0.005889281507656066
annotated,Sora,sunjove_275229925%2Fmd.mp4,patch_only,,0.7,0.3,motion_soft,2,4,0.07,0.01,0.09010600706713781,0.07809187279151943,0.07809187279151943,0.05005889281507656
annotated,Sora,supadupahooman_347181512%2Fmd.mp4,patch_only,,0.7,0.3,motion_soft,2,4,0.07,0.01,0.4458186101295642,0.3179034157832744,0.3179034157832744,0.019434628975265017
annotated,Sora,suphaporn_siam_276138548%2Fmd.mp4,patch_only,,0.7,0.3,motion_soft,2,4,0.07,0.01,0.05418138987043581,0.04128386336866902,0.04128386336866902,0.011189634864546525
annotated,Sora,suremate_30928557%2Fmd.mp4,patch_only,,0.7,0.3,motion_soft,2,4,0.07,0.01,0.0,0.00017667844522968197,0.00017667844522968197,0.0005889281507656066
annotated,Sora,svald99_149149823%2Fmd.mp4,patch_only,,0.7,0.3,motion_soft,2,4,0.07,0.01,0.11837455830388692,0.08286219081272084,0.08286219081272084,0.0
annotated,Sora,svendj94_74639852%2Fmd.mp4,patch_only,,0.7,0.3,motion_soft,2,4,0.07,0.01,0.053003533568904596,0.04840989399293286,0.04840989399293286,0.03769140164899882
annotated,Sora,swan85_656704619%2Fmd.mp4,patch_only,,0.7,0.3,motion_soft,2,4,0.07,0.01,0.35276796230859836,0.306301531213192,0.306301531213192,0.1978798586572438
annotated,Sora,swapticxaos_872995086%2Fmd.mp4,patch_only,,0.7,0.3,motion_soft,2,4,0.07,0.01,0.13133097762073026,0.10730270906949352,0.10730270906949352,0.05123674911660778
annotated,Sora,swerx_778242585%2Fmd.mp4,patch_only,,0.7,0.3,motion_soft,2,4,0.07,0.01,0.04181389870435807,0.045347467608951704,0.045347467608951704,0.0535924617196702
annotated,Sora,syimah_137437642%2Fmd.mp4,patch_only,,0.7,0.3,motion_soft,2,4,0.07,0.01,0.030624263839811542,0.06401648998822143,0.06401648998822143,0.1419316843345112
annotated,Sora,synclexia_940562669%2Fmd.mp4,patch_only,,0.7,0.3,motion_soft,2,4,0.07,0.01,0.13604240282685512,0.09876325088339222,0.09876325088339222,0.011778563015312132
annotated,Sora,systm-flo_830988505%2Fmd.mp4,patch_only,,0.7,0.3,motion_soft,2,4,0.07,0.01,0.10424028268551237,0.07420494699646643,0.07420494699646643,0.004122497055359246
annotated,Sora,szaraherbata_609459192%2Fmd.mp4,patch_only,,0.7,0.3,motion_soft,2,4,0.07,0.01,0.03180212014134275,0.08321554770318021,0.08321554770318021,0.20318021201413428
annotated,Sora,t404_633970560%2Fmd.mp4,patch_only,,0.7,0.3,motion_soft,2,4,0.07,0.01,0.09952885747938751,0.08663133097762073,0.08663133097762073,0.05653710247349823
annotated,Sora,taceye_793248227%2Fmd.mp4,patch_only,,0.7,0.3,motion_soft,2,4,0.07,0.01,0.7190812720848057,0.5406360424028268,0.5406360424028268,0.12426383981154299
annotated,Sora,tailoredshorts_412367036%2Fmd.mp4,patch_only,,0.7,0.3,motion_soft,2,4,0.07,0.01,0.6395759717314488,0.515017667844523,0.515017667844523,0.22438162544169613
annotated,Sora,taimurshahid1_748675286%2Fmd.mp4,patch_only,,0.7,0.3,motion_soft,2,4,0.07,0.01,0.46760895170789163,0.4863368669022379,0.4863368669022379,0.5300353356890459
annotated,Sora,taisantana_236442284%2Fmd.mp4,patch_only,,0.7,0.3,motion_soft,2,4,0.07,0.01,0.20318021201413428,0.19469964664310951,0.19469964664310951,0.17491166077738515
annotated,Sora,taituzz_698505027%2Fmd.mp4,patch_only,,0.7,0.3,motion_soft,2,4,0.07,0.01,0.6283863368669023,0.6638987043580683,0.6638987043580683,0.7467608951707891
annotated,Sora,tangkwanew_596541273%2Fmd.mp4,patch_only,,0.7,0.3,motion_soft,2,4,0.07,0.01,0.11307420494699646,0.1840989399293286,0.1840989399293286,0.3498233215547703
annotated,Sora,tarek88_5208892%2Fmd.mp4,patch_only,,0.7,0.3,motion_soft,2,4,0.07,0.01,0.06713780918727916,0.08462897526501767,0.08462897526501767,0.1254416961130742
annotated,Sora,tas_world_957371217%2Fmd.mp4,patch_only,,0.7,0.3,motion_soft,2,4,0.07,0.01,0.43227326266195526,0.360718492343934,0.360718492343934,0.19375736160188456
annotated,Sora,tasmiachow_849531954%2Fmd.mp4,patch_only,,0.7,0.3,motion_soft,2,4,0.07,0.01,0.0,0.07809187279151944,0.07809187279151944,0.26030624263839813
annotated,Sora,tataukee_154433806%2Fmd.mp4,patch_only,,0.7,0.3,motion_soft,2,4,0.07,0.01,0.464075382803298,0.3831566548881037,0.3831566548881037,0.19434628975265017
annotated,Sora,tatianka46_524197815%2Fmd.mp4,patch_only,,0.7,0.3,motion_soft,2,4,0.07,0.01,0.09305064782096584,0.1925206124852768,0.1925206124852768,0.4246171967020024
annotated,Sora,tattleturtle_952944948%2Fmd.mp4,patch_only,,0.7,0.3,motion_soft,2,4,0.07,0.01,0.004122497055359246,0.003062426383981154,0.003062426383981154,0.0005889281507656066
annotated,Sora,taypootie_198800888%2Fmd.mp4,patch_only,,0.7,0.3,motion_soft,2,4,0.07,0.01,0.01707891637220259,0.08845700824499411,0.08845700824499411,0.25500588928150764
annotated,Sora,tcaruso88_222528530%2Fmd.mp4,patch_only,,0.7,0.3,motion_soft,2,4,0.07,0.01,0.5282685512367491,0.4042402826855124,0.4042402826855124,0.11484098939929328
annotated,Sora,tcptcptcp_450777526%2Fmd.mp4,patch_only,,0.7,0.3,motion_soft,2,4,0.07,0.01,0.34393404004711425,0.3688457008244994,0.3688457008244994,0.42697290930506476
annotated,Sora,tdf_diamond_984612382%2Fmd.mp4,patch_only,,0.7,0.3,motion_soft,2,4,0.07,0.01,0.19316843345111898,0.13892815076560658,0.13892815076560658,0.012367491166077738
annotated,Sora,tdog615_585363059%2Fmd.mp4,patch_only,,0.7,0.3,motion_soft,2,4,0.07,0.01,0.15488810365135453,0.12343934040047112,0.12343934040047112,0.05005889281507656
annotated,Sora,teamsoft_8363880%2Fmd.mp4,patch_only,,0.7,0.3,motion_soft,2,4,0.07,0.01,0.10777385159010601,0.13657243816254416,0.13657243816254416,0.2037691401648999
annotated,Sora,tech_team_testing_99063823%2Fmd.mp4,patch_only,,0.7,0.3,motion_soft,2,4,0.07,0.01,0.2049469964664311,0.14416961130742048,0.14416961130742048,0.002355712603062426
annotated,Sora,techwithvee_990740138%2Fmd.mp4,patch_only,,0.7,0.3,motion_soft,2,4,0.07,0.01,0.4988221436984688,0.43751472320376905,0.43751472320376905,0.2944640753828033
annotated,Sora,tejaw_414178971%2Fmd.mp4,patch_only,,0.7,0.3,motion_soft,2,4,0.07,0.01,0.3510011778563015,0.3686690223792697,0.3686690223792697,0.4098939929328622
annotated,Sora,telepathboy_794782414%2Fmd.mp4,patch_only,,0.7,0.3,motion_soft,2,4,0.07,0.01,0.19257950530035337,0.15830388692579506,0.15830388692579506,0.07832744405182568
annotated,Sora,tenaiai_586325615%2Fmd.mp4,patch_only,,0.7,0.3,motion_soft,2,4,0.07,0.01,0.5371024734982333,0.5075971731448763,0.5075971731448763,0.4387514723203769
annotated,Sora,teni_336618633%2Fmd.mp4,patch_only,,0.7,0.3,motion_soft,2,4,0.07,0.01,0.4216725559481743,0.39835100117785627,0.39835100117785627,0.34393404004711425
annotated,Sora,terab_202148866%2Fmd.mp4,patch_only,,0.7,0.3,motion_soft,2,4,0.07,0.01,0.35630153121319197,0.275736160188457,0.275736160188457,0.08775029446407538
annotated,Sora,terenabelitz_349448505%2Fmd.mp4,patch_only,,0.7,0.3,motion_soft,2,4,0.07,0.01,0.13133097762073026,0.16472320376914015,0.16472320376914015,0.24263839811542992
annotated,Sora,terminated_loop_736385569%2Fmd.mp4,patch_only,,0.7,0.3,motion_soft,2,4,0.07,0.01,0.06713780918727916,0.08462897526501767,0.08462897526501767,0.1254416961130742
annotated,Sora,terranben_922019999%2Fmd.mp4,patch_only,,0.7,0.3,motion_soft,2,4,0.07,0.01,0.2314487632508834,0.17650176678445229,0.17650176678445229,0.048292108362779744
annotated,Sora,teru-1025_987976562%2Fmd.mp4,patch_only,,0.7,0.3,motion_soft,2,4,0.07,0.01,0.39752650176678445,0.40848056537102473,0.40848056537102473,0.43404004711425204
annotated,Sora,tessa369_928255460%2Fmd.mp4,patch_only,,0.7,0.3,motion_soft,2,4,0.07,0.01,0.002944640753828033,0.004004711425206125,0.004004711425206125,0.006478209658421673
annotated,Sora,test12333334444_617487203%2Fmd.mp4,patch_only,,0.7,0.3,motion_soft,2,4,0.07,0.01,0.1501766784452297,0.16095406360424028,0.16095406360424028,0.18610129564193167
annotated,Sora,test213d_252636775%2Fmd.mp4,patch_only,,0.7,0.3,motion_soft,2,4,0.07,0.01,0.10247349823321555,0.2648409893992933,0.2648409893992933,0.643698468786808
annotated,Sora,test_video_coffee_392115691%2Fmd.mp4,patch_only,,0.7,0.3,motion_soft,2,4,0.07,0.01,0.05182567726737338,0.06419316843345112,0.06419316843345112,0.09305064782096584
annotated,Sora,testi1980_134183384%2Fmd.mp4,patch_only,,0.7,0.3,motion_soft,2,4,0.07,0.01,0.0,0.0012367491166077737,0.0012367491166077737,0.004122497055359246
annotated,Sora,teto50_539958856%2Fmd.mp4,patch_only,,0.7,0.3,motion_soft,2,4,0.07,0.01,0.015901060070671377,0.014664310954063602,0.014664310954063602,0.011778563015312132
annotated,Sora,thall0120hew_948480688%2Fmd.mp4,patch_only,,0.7,0.3,motion_soft,2,4,0.07,0.01,0.11719670200235571,0.09740871613663132,0.09740871613663132,0.05123674911660778
annotated,Sora,thandonova_515713558%2Fmd.mp4,patch_only,,0.7,0.3,motion_soft,2,4,0.07,0.01,0.5677267373380448,0.6009422850412249,0.6009422850412249,0.6784452296819788
annotated,Sora,thanhphat101319_493781711%2Fmd.mp4,patch_only,,0.7,0.3,motion_soft,2,4,0.07,0.01,0.018256772673733806,0.061189634864546524,0.061189634864546524,0.16136631330977622
annotated,Sora,thebenhallman_750307606%2Fmd.mp4,patch_only,,0.7,0.3,motion_soft,2,4,0.07,0.01,0.5147232037691402,0.41702002355712603,0.41702002355712603,0.18904593639575973
annotated,Sora,theboord_15165532%2Fmd.mp4,patch_only,,0.7,0.3,motion_soft,2,4,0.07,0.01,0.035924617196702,0.03133097762073027,0.03133097762073027,0.02061248527679623
annotated,Sora,thecreativeminds_41816516%2Fmd.mp4,patch_only,,0.7,0.3,motion_soft,2,4,0.07,0.01,0.026501766784452298,0.030918727915194344,0.030918727915194344,0.04122497055359246
annotated,Sora,thedogzombie_543818446%2Fmd.mp4,patch_only,,0.7,0.3,motion_soft,2,4,0.07,0.01,0.30683156654888105,0.2513545347467609,0.2513545347467609,0.12190812720848057
annotated,Sora,thedurris_73917953%2Fmd.mp4,patch_only,,0.7,0.3,motion_soft,2,4,0.07,0.01,0.0035335689045936395,0.060600706713780914,0.060600706713780914,0.19375736160188456
annotated,Sora,thefoxx02_931858481%2Fmd.mp4,patch_only,,0.7,0.3,motion_soft,2,4,0.07,0.01,0.06419316843345112,0.048468786808009416,0.048468786808009416,0.011778563015312132
annotated,Sora,thehoopers_77654339%2Fmd.mp4,patch_only,,0.7,0.3,motion_soft,2,4,0.07,0.01,0.2785630153121319,0.35170789163722027,0.35170789163722027,0.5223792697290931
annotated,Sora,thekaveman12_32873031%2Fmd.mp4,patch_only,,0.7,0.3,motion_soft,2,4,0.07,0.01,0.7691401648998822,0.7482921083627797,0.7482921083627797,0.6996466431095406
annotated,Sora,themarketingarchitect_897690736%2Fmd.mp4,patch_only,,0.7,0.3,motion_soft,2,4,0.07,0.01,0.03828032979976443,0.043757361601884565,0.043757361601884565,0.05653710247349823
annotated,Sora,theoak_432674519%2Fmd.mp4,patch_only,,0.7,0.3,motion_soft,2,4,0.07,0.01,0.15783274440518258,0.11419316843345112,0.11419316843345112,0.012367491166077738
annotated,Sora,theperegrineco_260137071%2Fmd.mp4,patch_only,,0.7,0.3,motion_soft,2,4,0.07,0.01,0.04534746760895171,0.034040047114252056,0.034040047114252056,0.0076560659599528855
annotated,Sora,therealdennis18_621864003%2Fmd.mp4,patch_only,,0.7,0.3,motion_soft,2,4,0.07,0.01,0.20965842167255594,0.241283863368669,0.241283863368669,0.31507656065959955
annotated,Sora,thesocialclub_158973203%2Fmd.mp4,patch_only,,0.7,0.3,motion_soft,2,4,0.07,0.01,0.19199057714958775,0.13792697290930506,0.13792697290930506,0.011778563015312132
annotated,Sora,thesorrow_478375153%2Fmd.mp4,patch_only,,0.7,0.3,motion_soft,2,4,0.07,0.01,0.35571260306242636,0.26931684334511186,0.26931684334511186,0.06772673733804475
annotated,Sora,thevisionaryhive_574655076%2Fmd.mp4,patch_only,,0.7,0.3,motion_soft,2,4,0.07,0.01,0.03415783274440518,0.03415783274440518,0.03415783274440518,0.03415783274440518
annotated,Sora,thevpanda_889765771%2Fmd.mp4,patch_only,,0.7,0.3,motion_soft,2,4,0.07,0.01,0.4204946996466431,0.47296819787985867,0.47296819787985867,0.5954063604240283
annotated,Sora,thuykienteuong9638_512372216%2Fmd.mp4,patch_only,,0.7,0.3,motion_soft,2,4,0.07,0.01,0.23851590106007067,0.17031802120141343,0.17031802120141343,0.011189634864546525
annotated,Sora,tiagnio_924786425%2Fmd.mp4,patch_only,,0.7,0.3,motion_soft,2,4,0.07,0.01,0.015312131919905771,0.05753828032979976,0.05753828032979976,0.15606595995288575
annotated,Sora,tiekai68_964308626%2Fmd.mp4,patch_only,,0.7,0.3,motion_soft,2,4,0.07,0.01,0.2826855123674912,0.27208480565371024,0.27208480565371024,0.24734982332155478
annotated,Sora,till_zmn_353744639%2Fmd.mp4,patch_only,,0.7,0.3,motion_soft,2,4,0.07,0.01,0.18374558303886926,0.33568904593639576,0.33568904593639576,0.690223792697291
annotated,Sora,timoeppler_481008146%2Fmd.mp4,patch_only,,0.7,0.3,motion_soft,2,4,0.07,0.01,0.4204946996466431,0.2996466431095406,0.2996466431095406,0.0176678445229682
annotated,Sora,timothyyy90_776447853%2Fmd.mp4,patch_only,,0.7,0.3,motion_soft,2,4,0.07,0.01,0.030624263839811542,0.022143698468786804,0.022143698468786804,0.002355712603062426
annotated,Sora,timptu_146037786%2Fmd.mp4,patch_only,,0.7,0.3,motion_soft,2,4,0.07,0.01,0.0,0.03763250883392226,0.03763250883392226,0.1254416961130742
annotated,Sora,timxneu_935696439%2Fmd.mp4,patch_only,,0.7,0.3,motion_soft,2,4,0.07,0.01,0.23498233215547704,0.2659010600706714,0.2659010600706714,0.3380447585394582
annotated,Sora,tintedpink_188524247%2Fmd.mp4,patch_only,,0.7,0.3,motion_soft,2,4,0.07,0.01,0.34393404004711425,0.2469375736160188,0.2469375736160188,0.02061248527679623
annotated,Sora,tishaaaa_246495579%2Fmd.mp4,patch_only,,0.7,0.3,motion_soft,2,4,0.07,0.01,0.5818610129564193,0.44899882214369846,0.44899882214369846,0.13898704358068315
annotated,Sora,tkc_1_2614652%2Fmd.mp4,patch_only,,0.7,0.3,motion_soft,2,4,0.07,0.01,0.011189634864546525,0.03415783274440518,0.03415783274440518,0.08775029446407538
annotated,Sora,tkdnjf_868758132%2Fmd.mp4,patch_only,,0.7,0.3,motion_soft,2,4,0.07,0.01,0.011189634864546525,0.04793875147232038,0.04793875147232038,0.1336866902237927
annotated,Sora,tkno_985303264%2Fmd.mp4,patch_only,,0.7,0.3,motion_soft,2,4,0.07,0.01,0.10659599528857479,0.16896348645465253,0.16896348645465253,0.31448763250883394
annotated,Sora,tldon_458613245%2Fmd.mp4,patch_only,,0.7,0.3,motion_soft,2,4,0.07,0.01,0.8686690223792697,0.850647820965842,0.850647820965842,0.8085983510011778
annotated,Sora,tlsotrk_650884571%2Fmd.mp4,patch_only,,0.7,0.3,motion_soft,2,4,0.07,0.01,0.10188457008244994,0.09322732626619552,0.09322732626619552,0.07302709069493522
annotated,Sora,tmcxtl_292103937%2Fmd.mp4,patch_only,,0.7,0.3,motion_soft,2,4,0.07,0.01,0.002355712603062426,0.13945818610129562,0.13945818610129562,0.45936395759717313
annotated,Sora,tmoo1_716603937%2Fmd.mp4,patch_only,,0.7,0.3,motion_soft,2,4,0.07,0.01,0.071849234393404,0.05471142520612485,0.05471142520612485,0.014723203769140165
annotated,Sora,tobicreates_672757366%2Fmd.mp4,patch_only,,0.7,0.3,motion_soft,2,4,0.07,0.01,0.037102473498233215,0.07915194346289753,0.07915194346289753,0.1772673733804476
annotated,Sora,togepi98_60012120%2Fmd.mp4,patch_only,,0.7,0.3,motion_soft,2,4,0.07,0.01,0.024734982332155476,0.020848056537102474,0.020848056537102474,0.011778563015312132
annotated,Sora,tokimonstah_52490513%2Fmd.mp4,patch_only,,0.7,0.3,motion_soft,2,4,0.07,0.01,0.02120141342756184,0.019257950530035338,0.019257950530035338,0.014723203769140165
annotated,Sora,tolini_201661495%2Fmd.mp4,patch_only,,0.7,0.3,motion_soft,2,4,0.07,0.01,0.07714958775029446,0.30047114252061247,0.30047114252061247,0.8215547703180212
annotated,Sora,tomaszmaz_759381009%2Fmd.mp4,patch_only,,0.7,0.3,motion_soft,2,4,0.07,0.01,0.012367491166077738,0.07243816254416961,0.07243816254416961,0.212603062426384
annotated,Sora,tomerb232_315132197%2Fmd.mp4,patch_only,,0.7,0.3,motion_soft,2,4,0.07,0.01,0.14605418138987045,0.17626619552414605,0.17626619552414605,0.24676089517078917
annotated,Sora,tommy805surfer_948916724%2Fmd.mp4,patch_only,,0.7,0.3,motion_soft,2,4,0.07,0.01,0.030624263839811542,0.022143698468786804,0.022143698468786804,0.002355712603062426
annotated,Sora,tommyfilhigar_580331369%2Fmd.mp4,patch_only,,0.7,0.3,motion_soft,2,4,0.07,0.01,0.22732626619552415,0.16266195524146054,0.16266195524146054,0.011778563015312132
annotated,Sora,tommym_358791467%2Fmd.mp4,patch_only,,0.7,0.3,motion_soft,2,4,0.07,0.01,0.14016489988221437,0.12603062426383982,0.12603062426383982,0.09305064782096584
annotated,Sora,tomokry_852220006%2Fmd.mp4,patch_only,,0.7,0.3,motion_soft,2,4,0.07,0.01,0.016489988221436984,0.017726737338044758,0.017726737338044758,0.02061248527679623
annotated,Sora,tonfegar_717254807%2Fmd.mp4,patch_only,,0.7,0.3,motion_soft,2,4,0.07,0.01,0.15488810365135453,0.14057714958775028,0.14057714958775028,0.1071849234393404
annotated,Sora,tonifong_950176845%2Fmd.mp4,patch_only,,0.7,0.3,motion_soft,2,4,0.07,0.01,0.18374558303886926,0.1321554770318021,0.1321554770318021,0.011778563015312132
annotated,Sora,tonspattapong_979686879%2Fmd.mp4,patch_only,,0.7,0.3,motion_soft,2,4,0.07,0.01,0.04063604240282685,0.03180212014134275,0.03180212014134275,0.011189634864546525
annotated,Sora,tonydebree_302936372%2Fmd.mp4,patch_only,,0.7,0.3,motion_soft,2,4,0.07,0.01,0.0088339222614841,0.050706713780918726,0.050706713780918726,0.14840989399293286
annotated,Sora,tonytran90_964327560%2Fmd.mp4,patch_only,,0.7,0.3,motion_soft,2,4,0.07,0.01,0.028857479387514724,0.02426383981154299,0.02426383981154299,0.013545347467608953
annotated,Sora,tonytrex_849229028%2Fmd.mp4,patch_only,,0.7,0.3,motion_soft,2,4,0.07,0.01,0.15665488810365136,0.1130153121319199,0.1130153121319199,0.011189634864546525
annotated,Sora,topvogue_922099355%2Fmd.mp4,patch_only,,0.7,0.3,motion_soft,2,4,0.07,0.01,0.36101295641931685,0.3267373380447585,0.3267373380447585,0.24676089517078917
annotated,Sora,torndivine_767710854%2Fmd.mp4,patch_only,,0.7,0.3,motion_soft,2,4,0.07,0.01,0.4628975265017668,0.3558303886925795,0.3558303886925795,0.10600706713780919
annotated,Sora,totoloz_893194172%2Fmd.mp4,patch_only,,0.7,0.3,motion_soft,2,4,0.07,0.01,0.127208480565371,0.10989399293286217,0.10989399293286217,0.06949352179034157
annotated,Sora,toyopower_673872941%2Fmd.mp4,patch_only,,0.7,0.3,motion_soft,2,4,0.07,0.01,0.2797408716136631,0.197585394581861,0.197585394581861,0.005889281507656066
annotated,Sora,tr0902_734524451%2Fmd.mp4,patch_only,,0.7,0.3,motion_soft,2,4,0.07,0.01,0.08244994110718493,0.06319199057714958,0.06319199057714958,0.018256772673733806
annotated,Sora,tranhao94_370494437%2Fmd.mp4,patch_only,,0.7,0.3,motion_soft,2,4,0.07,0.01,0.06713780918727916,0.12703180212014134,0.12703180212014134,0.2667844522968198
annotated,Sora,transaurieng_896334244%2Fmd.mp4,patch_only,,0.7,0.3,motion_soft,2,4,0.07,0.01,0.04770318021201413,0.17773851590106005,0.17773851590106005,0.48115429917550057
annotated,Sora,trappk_989745698%2Fmd.mp4,patch_only,,0.7,0.3,motion_soft,2,4,0.07,0.01,0.42343934040047115,0.34446407538280327,0.34446407538280327,0.160188457008245
annotated,Sora,travelingtiger_watermarked.mp4,patch_only,,0.7,0.3,motion_soft,2,4,0.07,0.01,0.21024734982332155,0.19346289752650175,0.19346289752650175,0.15429917550058891
annotated,Sora,trecording_547987669%2Fmd.mp4,patch_only,,0.7,0.3,motion_soft,2,4,0.07,0.01,0.21613663133097763,0.2161366313309776,0.2161366313309776,0.21613663133097763
annotated,Sora,treppenhaus_155830746%2Fmd.mp4,patch_only,,0.7,0.3,motion_soft,2,4,0.07,0.01,0.2479387514723204,0.1869846878680801,0.1869846878680801,0.0447585394581861
annotated,Sora,tribalterrace_579954080%2Fmd.mp4,patch_only,,0.7,0.3,motion_soft,2,4,0.07,0.01,0.31507656065959955,0.2267373380447585,0.2267373380447585,0.02061248527679623
annotated,Sora,trigaar_412792440%2Fmd.mp4,patch_only,,0.7,0.3,motion_soft,2,4,0.07,0.01,0.7296819787985865,0.617137809187279,0.617137809187279,0.3545347467608952
annotated,Sora,tteokbokki_1_537988682%2Fmd.mp4,patch_only,,0.7,0.3,motion_soft,2,4,0.07,0.01,0.2585394581861013,0.2542991755005889,0.2542991755005889,0.24440518256772673
annotated,Sora,tuklex_508111382%2Fmd.mp4,patch_only,,0.7,0.3,motion_soft,2,4,0.07,0.01,0.07243816254416961,0.2146643109540636,0.2146643109540636,0.5465253239104829
annotated,Sora,twd-2025_615319696%2Fmd.mp4,patch_only,,0.7,0.3,motion_soft,2,4,0.07,0.01,0.09305064782096584,0.07308598351001178,0.07308598351001178,0.026501766784452298
annotated,Sora,twokates_watermarked.mp4,patch_only,,0.7,0.3,motion_soft,2,4,0.07,0.01,0.015901060070671377,0.02402826855123675,0.02402826855123675,0.04299175500588928
annotated,Sora,ubecat_42393128%2Fmd.mp4,patch_only,,0.7,0.3,motion_soft,2,4,0.07,0.01,0.002944640753828033,0.038810365135453474,0.038810365135453474,0.12249705535924617
annotated,Sora,udaanmarketing_614455430%2Fmd.mp4,patch_only,,0.7,0.3,motion_soft,2,4,0.07,0.01,0.2826855123674912,0.28533568904593637,0.28533568904593637,0.2915194346289753
annotated,Sora,umair8021_821163362%2Fmd.mp4,patch_only,,0.7,0.3,motion_soft,2,4,0.07,0.01,0.011189634864546525,0.02073027090694935,0.02073027090694935,0.04299175500588928
annotated,Sora,umi90_722913797%2Fmd.mp4,patch_only,,0.7,0.3,motion_soft,2,4,0.07,0.01,0.5318021201413428,0.4033568904593639,0.4033568904593639,0.10365135453474676
annotated,Sora,ummisarohh_940586903%2Fmd.mp4,patch_only,,0.7,0.3,motion_soft,2,4,0.07,0.01,0.07479387514723204,0.10412249705535925,0.10412249705535925,0.17255594817432274
annotated,Sora,unclear_868780854%2Fmd.mp4,patch_only,,0.7,0.3,motion_soft,2,4,0.07,0.01,0.038869257950530034,0.04010600706713781,0.04010600706713781,0.04299175500588928
annotated,Sora,uncrncrw_848662885%2Fmd.mp4,patch_only,,0.7,0.3,motion_soft,2,4,0.07,0.01,0.0989399293286219,0.12455830388692579,0.12455830388692579,0.18433451118963487
annotated,Sora,unisellogi_226892660%2Fmd.mp4,patch_only,,0.7,0.3,motion_soft,2,4,0.07,0.01,0.03356890459363958,0.08392226148409893,0.08392226148409893,0.20141342756183744
annotated,Sora,uppikhati_963738174%2Fmd.mp4,patch_only,,0.7,0.3,motion_soft,2,4,0.07,0.01,0.21967020023557127,0.20111896348645464,0.20111896348645464,0.15783274440518258
annotated,Sora,ur0214_106232589%2Fmd.mp4,patch_only,,0.7,0.3,motion_soft,2,4,0.07,0.01,0.03415783274440518,0.10182567726737338,0.10182567726737338,0.2597173144876325
annotated,Sora,usagi4837_938412356%2Fmd.mp4,patch_only,,0.7,0.3,motion_soft,2,4,0.07,0.01,0.01060070671378092,0.007420494699646643,0.007420494699646643,0.0
annotated,Sora,user_23456789_187557025%2Fmd.mp4,patch_only,,0.7,0.3,motion_soft,2,4,0.07,0.01,0.12367491166077739,0.15936395759717314,0.15936395759717314,0.24263839811542992
annotated,Sora,uvperfect_471918799%2Fmd.mp4,patch_only,,0.7,0.3,motion_soft,2,4,0.07,0.01,0.2850412249705536,0.20323910482921084,0.20323910482921084,0.012367491166077738
annotated,Sora,va19ntina_44981178%2Fmd.mp4,patch_only,,0.7,0.3,motion_soft,2,4,0.07,0.01,0.16725559481743227,0.24287396937573613,0.24287396937573613,0.4193168433451119
annotated,Sora,valeken_503756409%2Fmd.mp4,patch_only,,0.7,0.3,motion_soft,2,4,0.07,0.01,0.015901060070671377,0.01519434628975265,0.01519434628975265,0.013545347467608953
annotated,Sora,vangoghai_498784408%2Fmd.mp4,patch_only,,0.7,0.3,motion_soft,2,4,0.07,0.01,0.14016489988221437,0.1534157832744405,0.1534157832744405,0.18433451118963487
annotated,Sora,variamanti_806564388%2Fmd.mp4,patch_only,,0.7,0.3,motion_soft,2,4,0.07,0.01,0.14546525323910484,0.11719670200235571,0.11719670200235571,0.05123674911660778
annotated,Sora,varnas_620727771%2Fmd.mp4,patch_only,,0.7,0.3,motion_soft,2,4,0.07,0.01,0.03356890459363958,0.05777385159010601,0.05777385159010601,0.11425206124852769
annotated,Sora,varshaspring_794614549%2Fmd.mp4,patch_only,,0.7,0.3,motion_soft,2,4,0.07,0.01,0.1696113074204947,0.1450530035335689,0.1450530035335689,0.08775029446407538
annotated,Sora,vasiliy_wd_120940423%2Fmd.mp4,patch_only,,0.7,0.3,motion_soft,2,4,0.07,0.01,0.3580683156654888,0.38297997644287396,0.38297997644287396,0.44110718492343937
annotated,Sora,vavacar_489005127%2Fmd.mp4,patch_only,,0.7,0.3,motion_soft,2,4,0.07,0.01,0.07950530035335689,0.10424028268551236,0.10424028268551236,0.16195524146054183
annotated,Sora,vbvvvv_212826510%2Fmd.mp4,patch_only,,0.7,0.3,motion_soft,2,4,0.07,0.01,0.23027090694935218,0.21825677267373378,0.21825677267373378,0.19022379269729092
annotated,Sora,vedantsharma19_198317416%2Fmd.mp4,patch_only,,0.7,0.3,motion_soft,2,4,0.07,0.01,0.19905771495877503,0.14711425206124853,0.14711425206124853,0.02591283863368669
annotated,Sora,vedio123_927219171%2Fmd.mp4,patch_only,,0.7,0.3,motion_soft,2,4,0.07,0.01,0.41048292108362777,0.5060659599528857,0.5060659599528857,0.7290930506478209
annotated,Sora,vepaula_854714730%2Fmd.mp4,patch_only,,0.7,0.3,motion_soft,2,4,0.07,0.01,0.2826855123674912,0.26272084805653706,0.26272084805653706,0.21613663133097763
annotated,Sora,veritasconnect_253488213%2Fmd.mp4,patch_only,,0.7,0.3,motion_soft,2,4,0.07,0.01,0.011189634864546525,0.011896348645465252,0.011896348645465252,0.013545347467608953
annotated,Sora,veuos_17191780%2Fmd.mp4,patch_only,,0.7,0.3,motion_soft,2,4,0.07,0.01,0.2043580683156655,0.16354534746760893,0.16354534746760893,0.06831566548881036
annotated,Sora,vibe2code_893368339%2Fmd.mp4,patch_only,,0.7,0.3,motion_soft,2,4,0.07,0.01,0.3539458186101296,0.2816843345111896,0.2816843345111896,0.11307420494699646
annotated,Sora,victorurrutia30_13744187%2Fmd.mp4,patch_only,,0.7,0.3,motion_soft,2,4,0.07,0.01,0.13250883392226148,0.1146643109540636,0.1146643109540636,0.07302709069493522
annotated,Sora,vikashola_747590870%2Fmd.mp4,patch_only,,0.7,0.3,motion_soft,2,4,0.07,0.01,0.7709069493521791,0.7373380447585395,0.7373380447585395,0.6590106007067138
annotated,Sora,viki-workspace_59811293%2Fmd.mp4,patch_only,,0.7,0.3,motion_soft,2,4,0.07,0.01,0.025323910482921083,0.05200235571260306,0.05200235571260306,0.11425206124852769
annotated,Sora,villads_665047215%2Fmd.mp4,patch_only,,0.7,0.3,motion_soft,2,4,0.07,0.01,0.7567726737338045,0.7788574793875147,0.7788574793875147,0.8303886925795053
annotated,Sora,vincent_max_258925092%2Fmd.mp4,patch_only,,0.7,0.3,motion_soft,2,4,0.07,0.01,0.002355712603062426,0.030094228504122494,0.030094228504122494,0.09481743227326266
annotated,Sora,vineetmanohar_954531103%2Fmd.mp4,patch_only,,0.7,0.3,motion_soft,2,4,0.07,0.01,0.06065959952885748,0.093698468786808,0.093698468786808,0.1707891637220259
annotated,Sora,vinita_218792682%2Fmd.mp4,patch_only,,0.7,0.3,motion_soft,2,4,0.07,0.01,0.08833922261484099,0.07402826855123674,0.07402826855123674,0.04063604240282685
annotated,Sora,vishald632_357366566%2Fmd.mp4,patch_only,,0.7,0.3,motion_soft,2,4,0.07,0.01,0.07008244994110718,0.13757361601884568,0.13757361601884568,0.2950530035335689
annotated,Sora,vision-ai_956728279%2Fmd.mp4,patch_only,,0.7,0.3,motion_soft,2,4,0.07,0.01,0.36336866902237924,0.3969375736160188,0.3969375736160188,0.4752650176678445
annotated,Sora,visomero_462787254%2Fmd.mp4,patch_only,,0.7,0.3,motion_soft,2,4,0.07,0.01,0.2067137809187279,0.14540636042402824,0.14540636042402824,0.002355712603062426
annotated,Sora,vivekov30_556726412%2Fmd.mp4,patch_only,,0.7,0.3,motion_soft,2,4,0.07,0.01,0.13898704358068315,0.10029446407538278,0.10029446407538278,0.010011778563015312
annotated,Sora,vladibern_967909294%2Fmd.mp4,patch_only,,0.7,0.3,motion_soft,2,4,0.07,0.01,0.17491166077738515,0.17173144876325086,0.17173144876325086,0.16431095406360424
annotated,Sora,vladiszombie_779262883%2Fmd.mp4,patch_only,,0.7,0.3,motion_soft,2,4,0.07,0.01,0.012367491166077738,0.021908127208480566,0.021908127208480566,0.044169611307420496
annotated,Sora,vlwhk_193024930%2Fmd.mp4,patch_only,,0.7,0.3,motion_soft,2,4,0.07,0.01,0.16372202591283863,0.19499411071849232,0.19499411071849232,0.267962308598351
annotated,Sora,vnco_841677268%2Fmd.mp4,patch_only,,0.7,0.3,motion_soft,2,4,0.07,0.01,0.032391048292108364,0.022673733804475852,0.022673733804475852,0.0
annotated,Sora,vnffilms_314494998%2Fmd.mp4,patch_only,,0.7,0.3,motion_soft,2,4,0.07,0.01,0.20965842167255594,0.15100117785630152,0.15100117785630152,0.014134275618374558
annotated,Sora,voice789_242587007%2Fmd.mp4,patch_only,,0.7,0.3,motion_soft,2,4,0.07,0.01,0.30212014134275617,0.26872791519434625,0.26872791519434625,0.19081272084805653
annotated,Sora,volodymyr272427_259246614%2Fmd.mp4,patch_only,,0.7,0.3,motion_soft,2,4,0.07,0.01,0.009422850412249705,0.007479387514723203,0.007479387514723203,0.002944640753828033
annotated,Sora,vparadiso_479037887%2Fmd.mp4,patch_only,,0.7,0.3,motion_soft,2,4,0.07,0.01,0.01884570082449941,0.015842167255594817,0.015842167255594817,0.0088339222614841
annotated,Sora,vshorts_352096494%2Fmd.mp4,patch_only,,0.7,0.3,motion_soft,2,4,0.07,0.01,0.10070671378091872,0.14222614840989398,0.14222614840989398,0.23910482921083628
annotated,Sora,vuanh_855128600%2Fmd.mp4,patch_only,,0.7,0.3,motion_soft,2,4,0.07,0.01,0.009422850412249705,0.00730270906949352,0.00730270906949352,0.002355712603062426
annotated,Sora,vyz77_975929935%2Fmd.mp4,patch_only,,0.7,0.3,motion_soft,2,4,0.07,0.01,0.020023557126030624,0.05429917550058893,0.05429917550058893,0.13427561837455831
annotated,Sora,waha33_628890709%2Fmd.mp4,patch_only,,0.7,0.3,motion_soft,2,4,0.07,0.01,0.4711425206124853,0.49534746760895176,0.49534746760895176,0.5518256772673734
annotated,Sora,wahid9999_832699884%2Fmd.mp4,patch_only,,0.7,0.3,motion_soft,2,4,0.07,0.01,0.027090694935217905,0.022497055359246173,0.022497055359246173,0.011778563015312132
annotated,Sora,wakey_wakey_99058203%2Fmd.mp4,patch_only,,0.7,0.3,motion_soft,2,4,0.07,0.01,0.1872791519434629,0.1507067137809187,0.1507067137809187,0.06537102473498234
annotated,Sora,wako1_745417924%2Fmd.mp4,patch_only,,0.7,0.3,motion_soft,2,4,0.07,0.01,0.012956419316843345,0.015783274440518257,0.015783274440518257,0.02237926972909305
annotated,Sora,wanasiri_888227928%2Fmd.mp4,patch_only,,0.7,0.3,motion_soft,2,4,0.07,0.01,0.5918727915194346,0.620494699646643,0.620494699646643,0.6872791519434629
annotated,Sora,watchmov_742587971%2Fmd.mp4,patch_only,,0.7,0.3,motion_soft,2,4,0.07,0.01,0.1972909305064782,0.19446407538280328,0.19446407538280328,0.1878680800942285
annotated,Sora,wattica_31242578%2Fmd.mp4,patch_only,,0.7,0.3,motion_soft,2,4,0.07,0.01,0.17962308598351,0.15188457008244993,0.15188457008244993,0.08716136631330977
annotated,Sora,wduke_941743104%2Fmd.mp4,patch_only,,0.7,0.3,motion_soft,2,4,0.07,0.01,0.38810365135453473,0.310188457008245,0.310188457008245,0.12838633686690223
annotated,Sora,weasly__57120977%2Fmd.mp4,patch_only,,0.7,0.3,motion_soft,2,4,0.07,0.01,0.015901060070671377,0.02561837455830389,0.02561837455830389,0.048292108362779744
annotated,Sora,webtoolsbd01_436893530%2Fmd.mp4,patch_only,,0.7,0.3,motion_soft,2,4,0.07,0.01,0.22791519434628976,0.1597173144876325,0.1597173144876325,0.0005889281507656066
annotated,Sora,webvozdux_888400111%2Fmd.mp4,patch_only,,0.7,0.3,motion_soft,2,4,0.07,0.01,0.10070671378091872,0.08745583038869256,0.08745583038869256,0.05653710247349823
annotated,Sora,weel1969_527320315%2Fmd.mp4,patch_only,,0.7,0.3,motion_soft,2,4,0.07,0.01,0.016489988221436984,0.05323910482921083,0.05323910482921083,0.13898704358068315
annotated,Sora,whichway-movement_453724778%2Fmd.mp4,patch_only,,0.7,0.3,motion_soft,2,4,0.07,0.01,0.21908127208480566,0.1892226148409894,0.1892226148409894,0.11955241460541814
annotated,Sora,whtjdtmf_649936839%2Fmd.mp4,patch_only,,0.7,0.3,motion_soft,2,4,0.07,0.01,0.0,0.022261484098939927,0.022261484098939927,0.07420494699646643
annotated,Sora,wil2206_16489005%2Fmd.mp4,patch_only,,0.7,0.3,motion_soft,2,4,0.07,0.01,0.06419316843345112,0.048468786808009416,0.048468786808009416,0.011778563015312132
annotated,Sora,william-fisico_867927626%2Fmd.mp4,patch_only,,0.7,0.3,motion_soft,2,4,0.07,0.01,0.06537102473498234,0.06307420494699648,0.06307420494699648,0.05771495877502945
annotated,Sora,williamct_740384223%2Fmd.mp4,patch_only,,0.7,0.3,motion_soft,2,4,0.07,0.01,0.6996466431095406,0.6318021201413427,0.6318021201413427,0.4734982332155477
annotated,Sora,williekopter_493139908%2Fmd.mp4,patch_only,,0.7,0.3,motion_soft,2,4,0.07,0.01,0.4905771495877503,0.34446407538280327,0.34446407538280327,0.0035335689045936395
annotated,Sora,willowevermore_688165580%2Fmd.mp4,patch_only,,0.7,0.3,motion_soft,2,4,0.07,0.01,0.3321554770318021,0.3340989399293286,0.3340989399293286,0.3386336866902238
annotated,Sora,wilnmind_843677742%2Fmd.mp4,patch_only,,0.7,0.3,motion_soft,2,4,0.07,0.01,0.039458186101295645,0.04387514723203769,0.04387514723203769,0.05418138987043581
annotated,Sora,wirgule_56530458%2Fmd.mp4,patch_only,,0.7,0.3,motion_soft,2,4,0.07,0.01,0.04946996466431095,0.1353356890459364,0.1353356890459364,0.33568904593639576
annotated,Sora,withangellight_24418276%2Fmd.mp4,patch_only,,0.7,0.3,motion_soft,2,4,0.07,0.01,0.07420494699646643,0.08957597173144877,0.08957597173144877,0.1254416961130742
annotated,Sora,wizkidz_777521185%2Fmd.mp4,patch_only,,0.7,0.3,motion_soft,2,4,0.07,0.01,0.29387514723203767,0.4555359246171967,0.4555359246171967,0.8327444051825678
annotated,Sora,wmkaiser_699144980%2Fmd.mp4,patch_only,,0.7,0.3,motion_soft,2,4,0.07,0.01,0.3138987043580683,0.37149587750294466,0.37149587750294466,0.5058892815076561
annotated,Sora,womanghibli_176403004%2Fmd.mp4,patch_only,,0.7,0.3,motion_soft,2,4,0.07,0.01,0.05889281507656066,0.0643698468786808,0.0643698468786808,0.07714958775029446
annotated,Sora,woongkim18_759064344%2Fmd.mp4,patch_only,,0.7,0.3,motion_soft,2,4,0.07,0.01,0.1972909305064782,0.1861601884570082,0.1861601884570082,0.160188457008245
annotated,Sora,wpking_992356202%2Fmd.mp4,patch_only,,0.7,0.3,motion_soft,2,4,0.07,0.01,0.001177856301531213,0.001001177856301531,0.001001177856301531,0.0005889281507656066
annotated,Sora,wubfur_981964017%2Fmd.mp4,patch_only,,0.7,0.3,motion_soft,2,4,0.07,0.01,0.10659599528857479,0.2150765606595995,0.2150765606595995,0.46819787985865724
annotated,Sora,wulingxiaoshanhai_661629808%2Fmd.mp4,patch_only,,0.7,0.3,motion_soft,2,4,0.07,0.01,0.1154299175500589,0.082037691401649,0.082037691401649,0.004122497055359246
annotated,Sora,x-tiberious_611747883%2Fmd.mp4,patch_only,,0.7,0.3,motion_soft,2,4,0.07,0.01,0.08833922261484099,0.06201413427561837,0.06201413427561837,0.0005889281507656066
annotated,Sora,xaver123_585840804%2Fmd.mp4,patch_only,,0.7,0.3,motion_soft,2,4,0.07,0.01,0.43109540636042404,0.5348056537102474,0.5348056537102474,0.7767962308598351
annotated,Sora,xbikergirl_566283729%2Fmd.mp4,patch_only,,0.7,0.3,motion_soft,2,4,0.07,0.01,0.028857479387514724,0.02143698468786808,0.02143698468786808,0.004122497055359246
annotated,Sora,xcccccccc_527269711%2Fmd.mp4,patch_only,,0.7,0.3,motion_soft,2,4,0.07,0.01,0.06772673733804475,0.08433451118963486,0.08433451118963486,0.12308598351001178
annotated,Sora,xhale2007_967555050%2Fmd.mp4,patch_only,,0.7,0.3,motion_soft,2,4,0.07,0.01,0.22084805653710246,0.1597173144876325,0.1597173144876325,0.01707891637220259
annotated,Sora,xmrcharlyx_876657286%2Fmd.mp4,patch_only,,0.7,0.3,motion_soft,2,4,0.07,0.01,0.2067137809187279,0.16678445229681976,0.16678445229681976,0.07361601884570082
annotated,Sora,xomri_554292521%2Fmd.mp4,patch_only,,0.7,0.3,motion_soft,2,4,0.07,0.01,0.15547703180212014,0.1224381625441696,0.1224381625441696,0.04534746760895171
annotated,Sora,xplore45_watermarked.mp4,patch_only,,0.7,0.3,motion_soft,2,4,0.07,0.01,0.4093050647820966,0.48156654888103645,0.48156654888103645,0.6501766784452296
annotated,Sora,xpventures_743616111%2Fmd.mp4,patch_only,,0.7,0.3,motion_soft,2,4,0.07,0.01,0.001177856301531213,0.006124852767962308,0.006124852767962308,0.0176678445229682
annotated,Sora,xswd134_846433190%2Fmd.mp4,patch_only,,0.7,0.3,motion_soft,2,4,0.07,0.01,0.6260306242638398,0.5707302709069493,0.5707302709069493,0.4416961130742049
annotated,Sora,xterrax_165041907%2Fmd.mp4,patch_only,,0.7,0.3,motion_soft,2,4,0.07,0.01,0.04004711425206125,0.049941107184923436,0.049941107184923436,0.07302709069493522
annotated,Sora,xxpawstarxx_329540766%2Fmd.mp4,patch_only,,0.7,0.3,motion_soft,2,4,0.07,0.01,0.10895170789163722,0.10930506478209656,0.10930506478209656,0.11012956419316844
annotated,Sora,xxxxapple_622763465%2Fmd.mp4,patch_only,,0.7,0.3,motion_soft,2,4,0.07,0.01,0.23616018845700826,0.3089517078916372,0.3089517078916372,0.4787985865724382
annotated,Sora,y_alkhattab_193783046%2Fmd.mp4,patch_only,,0.7,0.3,motion_soft,2,4,0.07,0.01,0.020023557126030624,0.015076560659599527,0.015076560659599527,0.0035335689045936395
annotated,Sora,yachtboi_583335394%2Fmd.mp4,patch_only,,0.7,0.3,motion_soft,2,4,0.07,0.01,0.027090694935217905,0.04051825677267373,0.04051825677267373,0.071849234393404
annotated,Sora,yah2x_860313492%2Fmd.mp4,patch_only,,0.7,0.3,motion_soft,2,4,0.07,0.01,0.1419316843345112,0.17974087161366314,0.17974087161366314,0.267962308598351
annotated,Sora,yana913_716832141%2Fmd.mp4,patch_only,,0.7,0.3,motion_soft,2,4,0.07,0.01,0.10306242638398115,0.18627797408716135,0.18627797408716135,0.38044758539458184
annotated,Sora,yanghyunjung34_912735327%2Fmd.mp4,patch_only,,0.7,0.3,motion_soft,2,4,0.07,0.01,0.07656065959952886,0.06808009422850413,0.06808009422850413,0.048292108362779744
annotated,Sora,yao628_222666687%2Fmd.mp4,patch_only,,0.7,0.3,motion_soft,2,4,0.07,0.01,0.19257950530035337,0.2434628975265018,0.2434628975265018,0.3621908127208481
annotated,Sora,yarreg_533722187%2Fmd.mp4,patch_only,,0.7,0.3,motion_soft,2,4,0.07,0.01,0.03121319199057715,0.03987043580683156,0.03987043580683156,0.06007067137809187
annotated,Sora,yasgf701177_900651029%2Fmd.mp4,patch_only,,0.7,0.3,motion_soft,2,4,0.07,0.01,0.4081272084805654,0.47402826855123675,0.47402826855123675,0.6277974087161367
annotated,Sora,yaswanth169_133723391%2Fmd.mp4,patch_only,,0.7,0.3,motion_soft,2,4,0.07,0.01,0.23380447585394581,0.19546525323910482,0.19546525323910482,0.10600706713780919
annotated,Sora,ydkim74_533139774%2Fmd.mp4,patch_only,,0.7,0.3,motion_soft,2,4,0.07,0.01,0.024734982332155476,0.07597173144876325,0.07597173144876325,0.1955241460541814
annotated,Sora,yesucannot_583990936%2Fmd.mp4,patch_only,,0.7,0.3,motion_soft,2,4,0.07,0.01,0.11189634864546526,0.09175500588928151,0.09175500588928151,0.0447585394581861
annotated,Sora,yi_kyky_690599949%2Fmd.mp4,patch_only,,0.7,0.3,motion_soft,2,4,0.07,0.01,0.002944640753828033,0.006478209658421673,0.006478209658421673,0.014723203769140165
annotated,Sora,yo012345_407820205%2Fmd.mp4,patch_only,,0.7,0.3,motion_soft,2,4,0.07,0.01,0.14840989399293286,0.15441696113074205,0.15441696113074205,0.1684334511189635
annotated,Sora,yogseedlive_657826812%2Fmd.mp4,patch_only,,0.7,0.3,motion_soft,2,4,0.07,0.01,0.07008244994110718,0.11566548881036512,0.11566548881036512,0.22202591283863368
annotated,Sora,yomiafo_882881376%2Fmd.mp4,patch_only,,0.7,0.3,motion_soft,2,4,0.07,0.01,0.03769140164899882,0.041224970553592456,0.041224970553592456,0.04946996466431095
annotated,Sora,yomosaku_246245996%2Fmd.mp4,patch_only,,0.7,0.3,motion_soft,2,4,0.07,0.01,0.16607773851590105,0.12155477031802119,0.12155477031802119,0.0176678445229682
annotated,Sora,yongsu_110458989%2Fmd.mp4,patch_only,,0.7,0.3,motion_soft,2,4,0.07,0.01,0.4363957597173145,0.5600706713780919,0.5600706713780919,0.8486454652532391
annotated,Sora,yosikage_931245787%2Fmd.mp4,patch_only,,0.7,0.3,motion_soft,2,4,0.07,0.01,0.10129564193168433,0.25129564193168435,0.25129564193168435,0.6012956419316844
annotated,Sora,youjin-lucy_796078320%2Fmd.mp4,patch_only,,0.7,0.3,motion_soft,2,4,0.07,0.01,0.025323910482921083,0.06648998822143698,0.06648998822143698,0.1625441696113074
annotated,Sora,youngmin86_641858169%2Fmd.mp4,patch_only,,0.7,0.3,motion_soft,2,4,0.07,0.01,0.2249705535924617,0.19334511189634862,0.19334511189634862,0.11955241460541814
annotated,Sora,yoursilentretreat_870272971%2Fmd.mp4,patch_only,,0.7,0.3,motion_soft,2,4,0.07,0.01,0.6248527679623086,0.5895170789163722,0.5895170789163722,0.5070671378091873
annotated,Sora,yoyo222_213633613%2Fmd.mp4,patch_only,,0.7,0.3,motion_soft,2,4,0.07,0.01,0.054770318021201414,0.04240282685512368,0.04240282685512368,0.013545347467608953
annotated,Sora,ypw1_515937135%2Fmd.mp4,patch_only,,0.7,0.3,motion_soft,2,4,0.07,0.01,0.11248527679623085,0.15983510011778562,0.15983510011778562,0.2703180212014134
annotated,Sora,yty-8181_309033177%2Fmd.mp4,patch_only,,0.7,0.3,motion_soft,2,4,0.07,0.01,0.4917550058892815,0.5839811542991755,0.5839811542991755,0.7991755005889282
annotated,Sora,yu1_417384004%2Fmd.mp4,patch_only,,0.7,0.3,motion_soft,2,4,0.07,0.01,0.6578327444051826,0.54811542991755,0.54811542991755,0.2921083627797409
annotated,Sora,yudyhandri_295217095%2Fmd.mp4,patch_only,,0.7,0.3,motion_soft,2,4,0.07,0.01,0.05889281507656066,0.04899882214369847,0.04899882214369847,0.02591283863368669
annotated,Sora,yun9699_823054130%2Fmd.mp4,patch_only,,0.7,0.3,motion_soft,2,4,0.07,0.01,0.1330977620730271,0.20959952885747937,0.20959952885747937,0.38810365135453473
annotated,Sora,yungabalos_412224148%2Fmd.mp4,patch_only,,0.7,0.3,motion_soft,2,4,0.07,0.01,0.27208480565371024,0.21519434628975265,0.21519434628975265,0.08244994110718493
annotated,Sora,yuven2_575154334%2Fmd.mp4,patch_only,,0.7,0.3,motion_soft,2,4,0.07,0.01,0.0,0.03321554770318021,0.03321554770318021,0.11071849234393404
annotated,Sora,yux000_904075727%2Fmd.mp4,patch_only,,0.7,0.3,motion_soft,2,4,0.07,0.01,0.4758539458186101,0.36436984687868074,0.36436984687868074,0.10424028268551237
annotated,Sora,yvesun_587589701%2Fmd.mp4,patch_only,,0.7,0.3,motion_soft,2,4,0.07,0.01,0.3833922261484099,0.3287985865724381,0.3287985865724381,0.20141342756183744
annotated,Sora,yzyma_536969425%2Fmd.mp4,patch_only,,0.7,0.3,motion_soft,2,4,0.07,0.01,0.15665488810365136,0.11690223792697291,0.11690223792697291,0.024146054181389872
annotated,Sora,z3r0av3ng3r_775305982%2Fmd.mp4,patch_only,,0.7,0.3,motion_soft,2,4,0.07,0.01,0.2921083627797409,0.23892815076560658,0.23892815076560658,0.11484098939929328
annotated,Sora,zackjoyce_135844721%2Fmd.mp4,patch_only,,0.7,0.3,motion_soft,2,4,0.07,0.01,0.08244994110718493,0.0767962308598351,0.0767962308598351,0.0636042402826855
annotated,Sora,zahrahmtg_451827584%2Fmd.mp4,patch_only,,0.7,0.3,motion_soft,2,4,0.07,0.01,0.49823321554770317,0.4623674911660777,0.4623674911660777,0.37868080094228507
annotated,Sora,zakikirkham_338839601%2Fmd.mp4,patch_only,,0.7,0.3,motion_soft,2,4,0.07,0.01,0.1154299175500589,0.10977620730270907,0.10977620730270907,0.09658421672555949
annotated,Sora,zakparker_258886671%2Fmd.mp4,patch_only,,0.7,0.3,motion_soft,2,4,0.07,0.01,0.22732626619552415,0.2160188457008245,0.2160188457008245,0.1896348645465253
annotated,Sora,zapps_276353021%2Fmd.mp4,patch_only,,0.7,0.3,motion_soft,2,4,0.07,0.01,0.0,0.12402826855123675,0.12402826855123675,0.4134275618374558
annotated,Sora,zarrinacc_480126720%2Fmd.mp4,patch_only,,0.7,0.3,motion_soft,2,4,0.07,0.01,0.1071849234393404,0.1013545347467609,0.1013545347467609,0.08775029446407538
annotated,Sora,zeidinio_833880637%2Fmd.mp4,patch_only,,0.7,0.3,motion_soft,2,4,0.07,0.01,0.5606595995288575,0.6585394581861013,0.6585394581861013,0.8869257950530035
annotated,Sora,zeitakuzanmai_531778762%2Fmd.mp4,patch_only,,0.7,0.3,motion_soft,2,4,0.07,0.01,0.5636042402826855,0.48886925795053005,0.48886925795053005,0.31448763250883394
annotated,Sora,zeljkonovakov_286730206%2Fmd.mp4,patch_only,,0.7,0.3,motion_soft,2,4,0.07,0.01,0.49764428739693756,0.38315665488810363,0.38315665488810363,0.1160188457008245
annotated,Sora,zenbizman_932123730%2Fmd.mp4,patch_only,,0.7,0.3,motion_soft,2,4,0.07,0.01,0.11778563015312132,0.09393404004711425,0.09393404004711425,0.03828032979976443
annotated,Sora,zengcheng9991_311013347%2Fmd.mp4,patch_only,,0.7,0.3,motion_soft,2,4,0.07,0.01,0.028268551236749116,0.06007067137809187,0.06007067137809187,0.13427561837455831
annotated,Sora,zensyne_616926385%2Fmd.mp4,patch_only,,0.7,0.3,motion_soft,2,4,0.07,0.01,0.2791519434628975,0.3167844522968198,0.3167844522968198,0.4045936395759717
annotated,Sora,zenta7_206782906%2Fmd.mp4,patch_only,,0.7,0.3,motion_soft,2,4,0.07,0.01,0.06065959952885748,0.043698468786808005,0.043698468786808005,0.004122497055359246
annotated,Sora,zhangmazi_521183481%2Fmd.mp4,patch_only,,0.7,0.3,motion_soft,2,4,0.07,0.01,0.31036513545347466,0.22096584216725557,0.22096584216725557,0.012367491166077738
annotated,Sora,zinaf_296355357%2Fmd.mp4,patch_only,,0.7,0.3,motion_soft,2,4,0.07,0.01,0.10482921083627797,0.09511189634864545,0.09511189634864545,0.07243816254416961
annotated,Sora,zizi2022_531401163%2Fmd.mp4,patch_only,,0.7,0.3,motion_soft,2,4,0.07,0.01,0.10365135453474676,0.2167255594817432,0.2167255594817432,0.48056537102473496
annotated,Sora,zjj44_212758573%2Fmd.mp4,patch_only,,0.7,0.3,motion_soft,2,4,0.07,0.01,0.024734982332155476,0.023674911660777384,0.023674911660777384,0.02120141342756184
annotated,Sora,zlimvos_329113158%2Fmd.mp4,patch_only,,0.7,0.3,motion_soft,2,4,0.07,0.01,0.027090694935217905,0.022850412249705535,0.022850412249705535,0.012956419316843345
annotated,Sora,zmktwzrd_514747293%2Fmd.mp4,patch_only,,0.7,0.3,motion_soft,2,4,0.07,0.01,0.054770318021201414,0.13992932862190813,0.13992932862190813,0.3386336866902238
annotated,Sora,znexo_624641358%2Fmd.mp4,patch_only,,0.7,0.3,motion_soft,2,4,0.07,0.01,0.2838633686690224,0.21354534746760895,0.21354534746760895,0.04946996466431095
annotated,Sora,zommboom_927190698%2Fmd.mp4,patch_only,,0.7,0.3,motion_soft,2,4,0.07,0.01,0.5800942285041225,0.4095995288574794,0.4095995288574794,0.011778563015312132
annotated,Sora,zuumbe_92059801%2Fmd.mp4,patch_only,,0.7,0.3,motion_soft,2,4,0.07,0.01,0.10836277974087162,0.0779740871613663,0.0779740871613663,0.007067137809187279
annotated,Sora,zwh362_976804832%2Fmd.mp4,patch_only,,0.7,0.3,motion_soft,2,4,0.07,0.01,0.025323910482921083,0.11383981154299175,0.11383981154299175,0.32037691401649
annotated,Sora,zyzky_300626524%2Fmd.mp4,patch_only,,0.7,0.3,motion_soft,2,4,0.07,0.01,0.11719670200235571,0.2062426383981154,0.2062426383981154,0.41401648998822144
annotated,Sora,zzalshoping_811438888%2Fmd.mp4,patch_only,,0.7,0.3,motion_soft,2,4,0.07,0.01,0.06890459363957598,0.05053003533568904,0.05053003533568904,0.0076560659599528855
annotated,Sora,zzazan_572350397%2Fmd.mp4,patch_only,,0.7,0.3,motion_soft,2,4,0.07,0.01,0.23733804475853945,0.19104829210836277,0.19104829210836277,0.08303886925795052
annotated,VEO3,0057fd09-280b-5730-94f1-401e647a3741.mp4,patch_only,,0.7,0.3,motion_soft,2,4,0.07,0.01,0.4128386336866902,0.29234393404004705,0.29234393404004705,0.011189634864546525
annotated,VEO3,01d6550e-fd46-5397-870f-b01e343a02a3.mp4,patch_only,,0.7,0.3,motion_soft,2,4,0.07,0.01,0.6525323910482921,0.5979387514723203,0.5979387514723203,0.4705535924617197
annotated,VEO3,0276f8d6-63d7-5456-bf10-de09f802717d.mp4,patch_only,,0.7,0.3,motion_soft,2,4,0.07,0.01,0.027090694935217905,0.05023557126030624,0.05023557126030624,0.10424028268551237
annotated,VEO3,038f0651-ea10-5c32-9e60-fa29ff27a98a.mp4,patch_only,,0.7,0.3,motion_soft,2,4,0.07,0.01,0.11896348645465253,0.08574793875147231,0.08574793875147231,0.008244994110718492
annotated,VEO3,0392039f-deb3-5dc4-bac8-69e68c78ca9c.mp4,patch_only,,0.7,0.3,motion_soft,2,4,0.07,0.01,0.009422850412249705,0.012426383981154298,0.012426383981154298,0.019434628975265017
annotated,VEO3,03a35d65-523a-5872-8e75-293edde7238f.mp4,patch_only,,0.7,0.3,motion_soft,2,4,0.07,0.01,0.032391048292108364,0.12885747938751474,0.12885747938751474,0.3539458186101296
annotated,VEO3,03aaf46b-5642-5e3b-8f36-1742bfbf9953.mp4,patch_only,,0.7,0.3,motion_soft,2,4,0.07,0.01,0.06595995288574794,0.16277974087161365,0.16277974087161365,0.38869257950530034
annotated,VEO3,03c6137f-d644-52c5-a5bc-be152c0ff9da.mp4,patch_only,,0.7,0.3,motion_soft,2,4,0.07,0.01,0.45641931684334514,0.33839811542991755,0.33839811542991755,0.06301531213191991
annotated,VEO3,03ddb7eb-fdfc-5277-a0cb-21a53836bbb1.mp4,patch_only,,0.7,0.3,motion_soft,2,4,0.07,0.01,0.4911660777385159,0.3932862190812721,0.3932862190812721,0.16489988221436985
annotated,VEO3,03e635b4-b93e-5db6-bf8c-bfeeb02ef377.mp4,patch_only,,0.7,0.3,motion_soft,2,4,0.07,0.01,0.10424028268551237,0.11501766784452297,0.11501766784452297,0.14016489988221437
annotated,VEO3,0443601f-0330-575d-bb93-802156580834.mp4,patch_only,,0.7,0.3,motion_soft,2,4,0.07,0.01,0.06065959952885748,0.08733804475853946,0.08733804475853946,0.14958775029446408
annotated,VEO3,045d2a9c-0684-562a-a26d-d8b9352b5046.mp4,patch_only,,0.7,0.3,motion_soft,2,4,0.07,0.01,0.048292108362779744,0.1338044758539458,0.1338044758539458,0.3333333333333333
annotated,VEO3,0461c10a-6141-5723-b800-f038dc110dff.mp4,patch_only,,0.7,0.3,motion_soft,2,4,0.07,0.01,0.024146054181389872,0.07008244994110718,0.07008244994110718,0.1772673733804476
annotated,VEO3,0481eac5-3c02-57ff-95f0-724b0d83b855.mp4,patch_only,,0.7,0.3,motion_soft,2,4,0.07,0.01,0.0176678445229682,0.14681978798586573,0.14681978798586573,0.44817432273262664
annotated,VEO3,04aa1f21-b50e-54c0-9369-3508a1182d6d.mp4,patch_only,,0.7,0.3,motion_soft,2,4,0.07,0.01,0.09599528857479388,0.09334511189634864,0.09334511189634864,0.08716136631330977
annotated,VEO3,04c270e9-3fee-547c-944c-3a01841126d1.mp4,patch_only,,0.7,0.3,motion_soft,2,4,0.07,0.01,0.31625441696113077,0.23621908127208482,0.23621908127208482,0.04946996466431095
annotated,VEO3,0506008b-8432-55c2-b8ed-41e49937f87b.mp4,patch_only,,0.7,0.3,motion_soft,2,4,0.07,0.01,0.450530035335689,0.4856890459363957,0.4856890459363957,0.5677267373380448
annotated,VEO3,05445092-4c0d-5de1-b464-f4f11ba52193.mp4,patch_only,,0.7,0.3,motion_soft,2,4,0.07,0.01,0.1330977620730271,0.22762073027090696,0.22762073027090696,0.44817432273262664
annotated,VEO3,054f065e-27a5-53cc-a4d7-88be732c80aa.mp4,patch_only,,0.7,0.3,motion_soft,2,4,0.07,0.01,0.00530035335689046,0.006007067137809187,0.006007067137809187,0.0076560659599528855
annotated,VEO3,0569c6cc-984b-5e80-acd8-267c5765cdec.mp4,patch_only,,0.7,0.3,motion_soft,2,4,0.07,0.01,0.05889281507656066,0.1154299175500589,0.1154299175500589,0.24734982332155478
annotated,VEO3,057e8e50-5c1d-5c0a-910d-066bdaf5f378.mp4,patch_only,,0.7,0.3,motion_soft,2,4,0.07,0.01,0.04711425206124853,0.1130153121319199,0.1130153121319199,0.2667844522968198
annotated,VEO3,058d6f43-1a85-5456-b52e-59a0716b1d3f.mp4,patch_only,,0.7,0.3,motion_soft,2,4,0.07,0.01,0.024734982332155476,0.019434628975265017,0.019434628975265017,0.007067137809187279
annotated,VEO3,05a82758-36e6-5e24-81d4-e1ef6c2e6cec.mp4,patch_only,,0.7,0.3,motion_soft,2,4,0.07,0.01,0.5865724381625441,0.4286219081272084,0.4286219081272084,0.06007067137809187
annotated,VEO3,05ce81c0-323b-53cf-8dd2-90183af200f8.mp4,patch_only,,0.7,0.3,motion_soft,2,4,0.07,0.01,0.02944640753828033,0.024322732626619555,0.024322732626619555,0.012367491166077738
annotated,VEO3,05de2bf7-50b7-5b65-90f9-e2cd3a6c592a.mp4,patch_only,,0.7,0.3,motion_soft,2,4,0.07,0.01,0.4204946996466431,0.5618374558303887,0.5618374558303887,0.8916372202591284
annotated,VEO3,05feb8ba-bd35-5846-b0b0-d07d54dffdf6.mp4,patch_only,,0.7,0.3,motion_soft,2,4,0.07,0.01,0.34393404004711425,0.4483510011778563,0.4483510011778563,0.6919905771495878
annotated,VEO3,0619fb93-a7c7-5e8c-9473-a25795614218.mp4,patch_only,,0.7,0.3,motion_soft,2,4,0.07,0.01,0.10129564193168433,0.12143698468786808,0.12143698468786808,0.1684334511189635
annotated,VEO3,063d099c-54ed-5d60-a04d-c412e5cd07dd.mp4,patch_only,,0.7,0.3,motion_soft,2,4,0.07,0.01,0.2703180212014134,0.43021201413427557,0.43021201413427557,0.8032979976442874
annotated,VEO3,064c5c17-f52e-5276-85b3-2eb2fd000d0d.mp4,patch_only,,0.7,0.3,motion_soft,2,4,0.07,0.01,0.15488810365135453,0.23050647820965842,0.23050647820965842,0.40694935217903416
annotated,VEO3,0660584e-b7db-5e2b-b6cc-d8617b1c706c.mp4,patch_only,,0.7,0.3,motion_soft,2,4,0.07,0.01,0.49411071849234395,0.3737926972909305,0.3737926972909305,0.09305064782096584
annotated,VEO3,06afef5f-bff2-5aa5-9102-eadac8cf45a3.mp4,patch_only,,0.7,0.3,motion_soft,2,4,0.07,0.01,0.22084805653710246,0.28180212014134276,0.28180212014134276,0.42402826855123676
annotated,VEO3,06b806a2-f209-565a-a280-220e519e5bd7.mp4,patch_only,,0.7,0.3,motion_soft,2,4,0.07,0.01,0.09128386336866902,0.2510011778563015,0.2510011778563015,0.6236749116607774
annotated,VEO3,0709f838-c35d-5ade-bd8f-9dace06dda41.mp4,patch_only,,0.7,0.3,motion_soft,2,4,0.07,0.01,0.15783274440518258,0.13557126030624264,0.13557126030624264,0.08362779740871613
annotated,VEO3,071b919e-bf0f-5dd7-9946-6913eb6648a3.mp4,patch_only,,0.7,0.3,motion_soft,2,4,0.07,0.01,0.4876325088339223,0.5918727915194346,0.5918727915194346,0.8351001177856302
annotated,VEO3,076570aa-2652-540a-8b92-7c95def3bc8d.mp4,patch_only,,0.7,0.3,motion_soft,2,4,0.07,0.01,0.10188457008244994,0.09764428739693758,0.09764428739693758,0.08775029446407538
annotated,VEO3,07a3dd5c-120b-592a-a068-67017366e0a1.mp4,patch_only,,0.7,0.3,motion_soft,2,4,0.07,0.01,0.30918727915194344,0.26696113074204947,0.26696113074204947,0.1684334511189635
annotated,VEO3,07b43495-842c-5191-b9be-b294c7b7b8b6.mp4,patch_only,,0.7,0.3,motion_soft,2,4,0.07,0.01,0.01884570082449941,0.05206124852767962,0.05206124852767962,0.12956419316843346
annotated,VEO3,07dae49d-4e83-5dae-9b2f-83b8cdb108fa.mp4,patch_only,,0.7,0.3,motion_soft,2,4,0.07,0.01,0.34393404004711425,0.33616018845700824,0.33616018845700824,0.31802120141342755
annotated,VEO3,07e82ce6-0179-5223-8b44-3974064a927b.mp4,patch_only,,0.7,0.3,motion_soft,2,4,0.07,0.01,0.12956419316843346,0.1311542991755006,0.1311542991755006,0.1348645465253239
annotated,VEO3,07ed025c-89d2-5397-80ca-3710a25f4dbe.mp4,patch_only,,0.7,0.3,motion_soft,2,4,0.07,0.01,0.7797408716136631,0.7378680800942284,0.7378680800942284,0.6401648998822144
annotated,VEO3,07f08da9-ab21-5f04-bc97-afedfa95d7e8.mp4,patch_only,,0.7,0.3,motion_soft,2,4,0.07,0.01,0.1972909305064782,0.19782096584216724,0.19782096584216724,0.19905771495877503
annotated,VEO3,081ef0d9-ce88-58f3-b038-188f38c20db8.mp4,patch_only,,0.7,0.3,motion_soft,2,4,0.07,0.01,0.0176678445229682,0.04770318021201413,0.04770318021201413,0.11778563015312132
annotated,VEO3,0824813a-5d4e-5cd3-9f88-bf7ac0fec256.mp4,patch_only,,0.7,0.3,motion_soft,2,4,0.07,0.01,0.6472320376914017,0.7315076560659599,0.7315076560659599,0.928150765606596
annotated,VEO3,0838abb0-fb8d-501b-86a0-5c93704b6fb7.mp4,patch_only,,0.7,0.3,motion_soft,2,4,0.07,0.01,0.4128386336866902,0.3153121319199057,0.3153121319199057,0.08775029446407538
annotated,VEO3,083f7e75-57e6-5778-8185-867115730a62.mp4,patch_only,,0.7,0.3,motion_soft,2,4,0.07,0.01,0.15783274440518258,0.31083627797408714,0.31083627797408714,0.6678445229681979
annotated,VEO3,0862a018-0a85-5875-986b-2b2d9abf3948.mp4,patch_only,,0.7,0.3,motion_soft,2,4,0.07,0.01,0.7603062426383981,0.8126030624263839,0.8126030624263839,0.9346289752650176
annotated,VEO3,086d463a-3abf-505f-99ae-cf2596aba806.mp4,patch_only,,0.7,0.3,motion_soft,2,4,0.07,0.01,0.004122497055359246,0.02868080094228504,0.02868080094228504,0.08598351001177856
annotated,VEO3,08885891-c376-57e2-bf26-e465cf4c6687.mp4,patch_only,,0.7,0.3,motion_soft,2,4,0.07,0.01,0.18669022379269729,0.20471142520612484,0.20471142520612484,0.24676089517078917
annotated,VEO3,08b79c30-d014-550c-9470-f9330173bbd9.mp4,patch_only,,0.7,0.3,motion_soft,2,4,0.07,0.01,0.15901060070671377,0.21519434628975265,0.21519434628975265,0.3462897526501767
annotated,VEO3,08b91069-653d-5c28-954a-6226b9bb1f22.mp4,patch_only,,0.7,0.3,motion_soft,2,4,0.07,0.01,0.06713780918727916,0.21024734982332155,0.21024734982332155,0.5441696113074205
annotated,VEO3,08e64edc-e1df-5426-8788-137fdd41dbbb.mp4,patch_only,,0.7,0.3,motion_soft,2,4,0.07,0.01,0.02944640753828033,0.10170789163722024,0.10170789163722024,0.2703180212014134
annotated,VEO3,08f809ba-545b-5856-bf56-0151f69299bb.mp4,patch_only,,0.7,0.3,motion_soft,2,4,0.07,0.01,0.054770318021201414,0.10618374558303886,0.10618374558303886,0.22614840989399293
annotated,VEO3,09696ca8-05ef-5495-baf6-29bc40c91688.mp4,patch_only,,0.7,0.3,motion_soft,2,4,0.07,0.01,0.004711425206124852,0.052414605418138985,0.052414605418138985,0.16372202591283863
annotated,VEO3,09804bce-1107-5e1d-96d5-65f9ff9a8c8c.mp4,patch_only,,0.7,0.3,motion_soft,2,4,0.07,0.01,0.05830388692579505,0.05441696113074204,0.05441696113074204,0.04534746760895171
annotated,VEO3,09943d71-fb55-5314-8ab5-20e4e3627cc8.mp4,patch_only,,0.7,0.3,motion_soft,2,4,0.07,0.01,0.009422850412249705,0.1368080094228504,0.1368080094228504,0.43404004711425204
annotated,VEO3,09b35bc2-afee-5ca7-bf6e-d70c588fb535.mp4,patch_only,,0.7,0.3,motion_soft,2,4,0.07,0.01,0.02767962308598351,0.023085983510011773,0.023085983510011773,0.012367491166077738
annotated,VEO3,09b78e19-9785-5191-bb24-f79d0bc30ce3.mp4,patch_only,,0.7,0.3,motion_soft,2,4,0.07,0.01,0.06595995288574794,0.20783274440518257,0.20783274440518257,0.5388692579505301
annotated,VEO3,09da7540-49f2-564f-aedc-e4bd7a2b6a14.mp4,patch_only,,0.7,0.3,motion_soft,2,4,0.07,0.01,0.02591283863368669,0.03032979976442874,0.03032979976442874,0.04063604240282685
annotated,VEO3,09e56f63-f5bf-5fcb-bad5-7ee9c90d3b10.mp4,patch_only,,0.7,0.3,motion_soft,2,4,0.07,0.01,0.1425206124852768,0.18015312131919908,0.18015312131919908,0.267962308598351
annotated,VEO3,09ec4e3f-3a93-5fd0-9392-5ffdbe141a1b.mp4,patch_only,,0.7,0.3,motion_soft,2,4,0.07,0.01,0.39811542991755006,0.3585394581861013,0.3585394581861013,0.2661955241460542
annotated,VEO3,0a0d6ce7-9fbd-59db-9423-7b1fc00757c4.mp4,patch_only,,0.7,0.3,motion_soft,2,4,0.07,0.01,0.05005889281507656,0.08186101295641932,0.08186101295641932,0.15606595995288575
annotated,VEO3,0a103afe-ea91-53f1-8549-ce39cd6ad707.mp4,patch_only,,0.7,0.3,motion_soft,2,4,0.07,0.01,0.2332155477031802,0.21996466431095404,0.21996466431095404,0.18904593639575973
annotated,VEO3,0a4a24bb-d254-506e-a8ae-9780dd8651bd.mp4,patch_only,,0.7,0.3,motion_soft,2,4,0.07,0.01,0.5800942285041225,0.6567726737338044,0.6567726737338044,0.8356890459363958
annotated,VEO3,0a4a37b7-a82b-5171-846a-8fef99af0d31.mp4,patch_only,,0.7,0.3,motion_soft,2,4,0.07,0.01,0.37691401648998824,0.3329210836277974,0.3329210836277974,0.23027090694935218
annotated,VEO3,0a730a21-bf37-55b7-b81b-2f5a3002d2b9.mp4,patch_only,,0.7,0.3,motion_soft,2,4,0.07,0.01,0.04063604240282685,0.040459363957597166,0.040459363957597166,0.04004711425206125
annotated,VEO3,0a78b5e8-ff82-5abf-a339-24f327ee1983.mp4,patch_only,,0.7,0.3,motion_soft,2,4,0.07,0.01,0.07950530035335689,0.1243816254416961,0.1243816254416961,0.22909305064782096
annotated,VEO3,0a8288f6-f1b2-5673-bafa-6916a3e65b19.mp4,patch_only,,0.7,0.3,motion_soft,2,4,0.07,0.01,0.06713780918727916,0.04876325088339223,0.04876325088339223,0.005889281507656066
annotated,VEO3,0a87009b-5425-5c06-b2eb-594ca413db0f.mp4,patch_only,,0.7,0.3,motion_soft,2,4,0.07,0.01,0.17491166077738515,0.323321554770318,0.323321554770318,0.6696113074204947
annotated,VEO3,0a8d11b6-5c87-58d9-8818-cd92a19fece7.mp4,patch_only,,0.7,0.3,motion_soft,2,4,0.07,0.01,0.016489988221436984,0.04652532391048292,0.04652532391048292,0.1166077738515901
annotated,VEO3,0a9ccb80-0568-5040-acd3-0daa27fd212d.mp4,patch_only,,0.7,0.3,motion_soft,2,4,0.07,0.01,0.6531213191990577,0.6792697290930506,0.6792697290930506,0.7402826855123675
annotated,VEO3,0aa6b17f-75cc-5615-b39c-91354fdcedb5.mp4,patch_only,,0.7,0.3,motion_soft,2,4,0.07,0.01,0.24911660777385158,0.2796819787985866,0.2796819787985866,0.3510011778563015
annotated,VEO3,0abdaa64-9a6c-5363-ae86-099c5652d681.mp4,patch_only,,0.7,0.3,motion_soft,2,4,0.07,0.01,0.06419316843345112,0.1249705535924617,0.1249705535924617,0.2667844522968198
annotated,VEO3,0ac08be3-b921-53d3-98d6-42719f41d620.mp4,patch_only,,0.7,0.3,motion_soft,2,4,0.07,0.01,0.0,0.09434628975265018,0.09434628975265018,0.31448763250883394
annotated,VEO3,0acb6d3c-77bd-5487-b627-64be42879c08.mp4,patch_only,,0.7,0.3,motion_soft,2,4,0.07,0.01,0.10011778563015312,0.11071849234393404,0.11071849234393404,0.1354534746760895
annotated,VEO3,0ada0094-d630-52ef-b5ea-ccd61dfcc665.mp4,patch_only,,0.7,0.3,motion_soft,2,4,0.07,0.01,0.35571260306242636,0.34387514723203766,0.34387514723203766,0.31625441696113077
annotated,VEO3,0ae647fe-a7df-5eb7-a228-9ea57d42bb31.mp4,patch_only,,0.7,0.3,motion_soft,2,4,0.07,0.01,0.31919905771495877,0.22343934040047111,0.22343934040047111,0.0
annotated,VEO3,0ae86548-0eb6-5981-8fe8-fe9001619759.mp4,patch_only,,0.7,0.3,motion_soft,2,4,0.07,0.01,0.19434628975265017,0.2575971731448763,0.2575971731448763,0.40518256772673733
annotated,VEO3,0af547e0-0ebc-56c3-8141-b7ab180d1cf9.mp4,patch_only,,0.7,0.3,motion_soft,2,4,0.07,0.01,0.10600706713780919,0.13939929328621908,0.13939929328621908,0.21731448763250882
annotated,VEO3,0b054760-84c6-5df3-8bd2-7d2f7239ea8c.mp4,patch_only,,0.7,0.3,motion_soft,2,4,0.07,0.01,0.11248527679623085,0.08315665488810364,0.08315665488810364,0.014723203769140165
annotated,VEO3,0b3971b2-f2df-5b9c-a00a-e971fabed464.mp4,patch_only,,0.7,0.3,motion_soft,2,4,0.07,0.01,0.026501766784452298,0.058657243816254416,0.058657243816254416,0.1336866902237927
annotated,VEO3,0b6e8c66-90e8-5314-86a5-a3fac80d8295.mp4,patch_only,,0.7,0.3,motion_soft,2,4,0.07,0.01,0.004711425206124852,0.009658421672555949,0.009658421672555949,0.02120141342756184
annotated,VEO3,0b75de1b-95e3-5e3d-8b26-5de0077c9b5d.mp4,patch_only,,0.7,0.3,motion_soft,2,4,0.07,0.01,0.011189634864546525,0.1993521790341578,0.1993521790341578,0.6383981154299175
annotated,VEO3,0b79be1a-2148-52fc-96cd-8f5257a646f3.mp4,patch_only,,0.7,0.3,motion_soft,2,4,0.07,0.01,0.0447585394581861,0.03910482921083627,0.03910482921083627,0.02591283863368669
annotated,VEO3,0b8ef91d-209b-500a-9c16-af4f3401e052.mp4,patch_only,,0.7,0.3,motion_soft,2,4,0.07,0.01,0.03180212014134275,0.07190812720848057,0.07190812720848057,0.16548881036513546
annotated,VEO3,0b969909-ac24-50dd-9fa2-9ddba0cc02b2.mp4,patch_only,,0.7,0.3,motion_soft,2,4,0.07,0.01,0.45288574793875147,0.5355712603062426,0.5355712603062426,0.7285041224970553
annotated,VEO3,0bc77ee1-1fe5-5fff-9137-642bec099886.mp4,patch_only,,0.7,0.3,motion_soft,2,4,0.07,0.01,0.01707891637220259,0.015135453474676088,0.015135453474676088,0.01060070671378092
annotated,VEO3,0c2858fe-2501-5ade-8c8a-894fcc5b2da4.mp4,patch_only,,0.7,0.3,motion_soft,2,4,0.07,0.01,0.004711425206124852,0.0034746760895170785,0.0034746760895170785,0.0005889281507656066
annotated,VEO3,0c2ce9e3-cefe-507b-8a36-f44c6c61ceef.mp4,patch_only,,0.7,0.3,motion_soft,2,4,0.07,0.01,0.5842167255594818,0.700117785630153,0.700117785630153,0.9705535924617197
annotated,VEO3,0c305bc2-4c1f-5608-b465-e088844b6367.mp4,patch_only,,0.7,0.3,motion_soft,2,4,0.07,0.01,0.574793875147232,0.6145465253239104,0.6145465253239104,0.7073027090694936
annotated,VEO3,0c3a23a5-02af-5a0f-b94b-817ec9f7cf8f.mp4,patch_only,,0.7,0.3,motion_soft,2,4,0.07,0.01,0.015901060070671377,0.03975265017667844,0.03975265017667844,0.09540636042402827
annotated,VEO3,0c5646f9-f731-5330-9018-d2f9e6101f9a.mp4,patch_only,,0.7,0.3,motion_soft,2,4,0.07,0.01,0.1855123674911661,0.24929328621908126,0.24929328621908126,0.39811542991755006
annotated,VEO3,0c683108-64b1-5222-acfb-cc2b9fbe361f.mp4,patch_only,,0.7,0.3,motion_soft,2,4,0.07,0.01,0.05123674911660778,0.03939929328621908,0.03939929328621908,0.011778563015312132
annotated,VEO3,0c88628b-9f7c-58cf-912e-d581d81710ca.mp4,patch_only,,0.7,0.3,motion_soft,2,4,0.07,0.01,0.10306242638398115,0.16648998822143699,0.16648998822143699,0.31448763250883394
annotated,VEO3,0ca496c6-b8f1-552b-8ef2-2a8d501bdaeb.mp4,patch_only,,0.7,0.3,motion_soft,2,4,0.07,0.01,0.13427561837455831,0.12985865724381626,0.12985865724381626,0.11955241460541814
annotated,VEO3,0cace83b-1eee-5207-84fe-ba2e16adb69c.mp4,patch_only,,0.7,0.3,motion_soft,2,4,0.07,0.01,0.08362779740871613,0.22885747938751472,0.22885747938751472,0.5677267373380448
annotated,VEO3,0d05ea1e-9c35-5c1d-b22e-93e0f5724c82.mp4,patch_only,,0.7,0.3,motion_soft,2,4,0.07,0.01,0.2420494699646643,0.3653710247349823,0.3653710247349823,0.6531213191990577
annotated,VEO3,0d1b6a10-f63e-56e4-af4f-7c56db0f4716.mp4,patch_only,,0.7,0.3,motion_soft,2,4,0.07,0.01,0.13133097762073026,0.11277974087161366,0.11277974087161366,0.06949352179034157
annotated,VEO3,0d229f74-3ef2-51fc-954f-4c31b34aff40.mp4,patch_only,,0.7,0.3,motion_soft,2,4,0.07,0.01,0.267962308598351,0.3865135453474676,0.3865135453474676,0.6631330977620731
annotated,VEO3,0d3502ba-6df0-56fb-878c-b0a09c36780a.mp4,patch_only,,0.7,0.3,motion_soft,2,4,0.07,0.01,0.004711425206124852,0.03032979976442874,0.03032979976442874,0.09010600706713781
annotated,VEO3,0da4df83-0ab2-507e-8f99-58612b7bd4c4.mp4,patch_only,,0.7,0.3,motion_soft,2,4,0.07,0.01,0.13957597173144876,0.2757950530035336,0.2757950530035336,0.5936395759717314
annotated,VEO3,0dd9d244-c8f0-54d4-a482-d6c59763ff03.mp4,patch_only,,0.7,0.3,motion_soft,2,4,0.07,0.01,0.002944640753828033,0.005771495877502944,0.005771495877502944,0.012367491166077738
annotated,VEO3,0e71bec9-faea-5db2-8bda-e31ce8aaddfb.mp4,patch_only,,0.7,0.3,motion_soft,2,4,0.07,0.01,0.17373380447585396,0.1604829210836278,0.1604829210836278,0.12956419316843346
annotated,VEO3,0ea46ba0-3996-5c63-ae23-72d53bc8597b.mp4,patch_only,,0.7,0.3,motion_soft,2,4,0.07,0.01,0.06478209658421673,0.04976442873969375,0.04976442873969375,0.014723203769140165
annotated,VEO3,0eb295d5-7d2a-5012-9f13-ea7d80e50fe3.mp4,patch_only,,0.7,0.3,motion_soft,2,4,0.07,0.01,0.6166077738515902,0.46996466431095407,0.46996466431095407,0.12779740871613662
annotated,VEO3,0ec7f4dc-f367-5f5c-91dc-94111899e6a3.mp4,patch_only,,0.7,0.3,motion_soft,2,4,0.07,0.01,0.30094228504122494,0.2124263839811543,0.2124263839811543,0.005889281507656066
annotated,VEO3,0ee1fbb9-42de-538e-85a2-fef8c07154bf.mp4,patch_only,,0.7,0.3,motion_soft,2,4,0.07,0.01,0.15076560659599528,0.12073027090694934,0.12073027090694934,0.050647820965842166
annotated,VEO3,0ef7fc85-e6ce-5c68-8c51-6f6d837fefed.mp4,patch_only,,0.7,0.3,motion_soft,2,4,0.07,0.01,0.22732626619552415,0.21036513545347468,0.21036513545347468,0.1707891637220259
annotated,VEO3,0efaba26-2a7d-58e0-8a10-fb14886af0ae.mp4,patch_only,,0.7,0.3,motion_soft,2,4,0.07,0.01,0.002944640753828033,0.02061248527679623,0.02061248527679623,0.061837455830388695
annotated,VEO3,0efcf491-fe56-5d25-a3dc-6e4ace531d31.mp4,patch_only,,0.7,0.3,motion_soft,2,4,0.07,0.01,0.19905771495877503,0.2540047114252061,0.2540047114252061,0.3822143698468787
annotated,VEO3,0f327730-d7ab-5c1b-88ea-0f3bc89a8caf.mp4,patch_only,,0.7,0.3,motion_soft,2,4,0.07,0.01,0.11071849234393404,0.24517078916372198,0.24517078916372198,0.5588928150765606
annotated,VEO3,0f863dba-ad6f-5eff-b845-fbd8db590c40.mp4,patch_only,,0.7,0.3,motion_soft,2,4,0.07,0.01,0.127208480565371,0.0911660777385159,0.0911660777385159,0.007067137809187279
annotated,VEO3,0f8b8495-3ddb-529f-a4b4-2e5bba248844.mp4,patch_only,,0.7,0.3,motion_soft,2,4,0.07,0.01,0.12367491166077739,0.19858657243816252,0.19858657243816252,0.37338044758539457
annotated,VEO3,0fc44cae-8bab-57a3-8b79-909bfca3ecb9.mp4,patch_only,,0.7,0.3,motion_soft,2,4,0.07,0.01,0.07008244994110718,0.09199057714958775,0.09199057714958775,0.1431095406360424
annotated,VEO3,10401d9e-dc09-59e1-8718-663187214bcc.mp4,patch_only,,0.7,0.3,motion_soft,2,4,0.07,0.01,0.027090694935217905,0.031684334511189634,0.031684334511189634,0.04240282685512368
annotated,VEO3,108b799b-d90d-5881-b185-6437b4a4f7e0.mp4,patch_only,,0.7,0.3,motion_soft,2,4,0.07,0.01,0.16607773851590105,0.1902826855123675,0.1902826855123675,0.24676089517078917
annotated,VEO3,10a3fe7b-9ad7-5dd7-ab08-48ad0d2e462e.mp4,patch_only,,0.7,0.3,motion_soft,2,4,0.07,0.01,0.254416961130742,0.40300353356890456,0.40300353356890456,0.7497055359246172
annotated,VEO3,10aa96ab-8bce-544d-b2db-fd31abd4544d.mp4,patch_only,,0.7,0.3,motion_soft,2,4,0.07,0.01,0.10129564193168433,0.17267373380447587,0.17267373380447587,0.3392226148409894
annotated,VEO3,10b736bd-fb20-5a8d-8a9c-4400aeea77e8.mp4,patch_only,,0.7,0.3,motion_soft,2,4,0.07,0.01,0.00530035335689046,0.007067137809187279,0.007067137809187279,0.011189634864546525
annotated,VEO3,10e29fad-0551-5ef0-9b5d-3b34a05c0195.mp4,patch_only,,0.7,0.3,motion_soft,2,4,0.07,0.01,0.03769140164899882,0.1958186101295642,0.1958186101295642,0.5647820965842167
annotated,VEO3,10f1efff-658e-5d11-8351-664dca17a8e8.mp4,patch_only,,0.7,0.3,motion_soft,2,4,0.07,0.01,0.23910482921083628,0.22073027090694936,0.22073027090694936,0.17785630153121318
annotated,VEO3,111b4483-2f04-5ef1-be28-49bfb14d40ae.mp4,patch_only,,0.7,0.3,motion_soft,2,4,0.07,0.01,0.01060070671378092,0.044169611307420496,0.044169611307420496,0.12249705535924617
annotated,VEO3,11671691-bb36-5686-b2b0-8f4fbe4723e4.mp4,patch_only,,0.7,0.3,motion_soft,2,4,0.07,0.01,0.002944640753828033,0.015312131919905773,0.015312131919905773,0.044169611307420496
annotated,VEO3,119150ca-c4cd-5a84-853e-1ac26fe0982b.mp4,patch_only,,0.7,0.3,motion_soft,2,4,0.07,0.01,0.9387514723203769,0.8958186101295641,0.8958186101295641,0.7956419316843345
annotated,VEO3,11bbceb3-dc08-5b30-8be5-e4b96255ec93.mp4,patch_only,,0.7,0.3,motion_soft,2,4,0.07,0.01,0.8975265017667845,0.884982332155477,0.884982332155477,0.8557126030624264
annotated,VEO3,11d13b8e-f9ac-5905-a0ba-5784ed7c4c12.mp4,patch_only,,0.7,0.3,motion_soft,2,4,0.07,0.01,0.03415783274440518,0.023910482921083626,0.023910482921083626,0.0
annotated,VEO3,12324aec-6c46-5770-a7ca-85965769ab67.mp4,patch_only,,0.7,0.3,motion_soft,2,4,0.07,0.01,0.016489988221436984,0.19652532391048294,0.19652532391048294,0.6166077738515902
annotated,VEO3,12651a0d-4453-5b90-b8d6-c341ca659017.mp4,patch_only,,0.7,0.3,motion_soft,2,4,0.07,0.01,0.10365135453474676,0.10188457008244994,0.10188457008244994,0.0977620730270907
annotated,VEO3,12b0a1b5-15f1-5ff4-b215-d42d4fdea039.mp4,patch_only,,0.7,0.3,motion_soft,2,4,0.07,0.01,0.17491166077738515,0.3549469964664311,0.3549469964664311,0.7750294464075382
annotated,VEO3,12bd0b6e-f3e4-5727-bfd9-3a24866189b2.mp4,patch_only,,0.7,0.3,motion_soft,2,4,0.07,0.01,0.06890459363957598,0.09540636042402827,0.09540636042402827,0.15724381625441697
annotated,VEO3,12ca00bd-c60e-5945-beb2-e76f4ca25c58.mp4,patch_only,,0.7,0.3,motion_soft,2,4,0.07,0.01,0.06772673733804475,0.16207302709069493,0.16207302709069493,0.3822143698468787
annotated,VEO3,1313d243-5fdc-5aa1-8fd3-eb407547c5f4.mp4,patch_only,,0.7,0.3,motion_soft,2,4,0.07,0.01,0.02120141342756184,0.06289752650176679,0.06289752650176679,0.160188457008245
annotated,VEO3,1349b4e1-69ac-5154-9393-bd00790919a8.mp4,patch_only,,0.7,0.3,motion_soft,2,4,0.07,0.01,0.07538280329799764,0.1540047114252061,0.1540047114252061,0.3374558303886926
annotated,VEO3,1375e3cb-33aa-59a1-99c7-63cb9f8b5de4.mp4,patch_only,,0.7,0.3,motion_soft,2,4,0.07,0.01,0.001177856301531213,0.03297997644287397,0.03297997644287397,0.1071849234393404
annotated,VEO3,138037d3-f3f6-59d6-8ec3-e8ba67ad2a2d.mp4,patch_only,,0.7,0.3,motion_soft,2,4,0.07,0.01,0.002355712603062426,0.005182567726737338,0.005182567726737338,0.011778563015312132
annotated,VEO3,1387aeb6-f062-50ac-82e7-8bd034af1c7a.mp4,patch_only,,0.7,0.3,motion_soft,2,4,0.07,0.01,0.0447585394581861,0.07302709069493521,0.07302709069493521,0.13898704358068315
annotated,VEO3,13907fcc-2fee-5e7c-a75f-bad2e74114d9.mp4,patch_only,,0.7,0.3,motion_soft,2,4,0.07,0.01,0.43992932862190814,0.4853356890459364,0.4853356890459364,0.591283863368669
annotated,VEO3,1395a33b-8814-514c-94ea-23096918fe71.mp4,patch_only,,0.7,0.3,motion_soft,2,4,0.07,0.01,0.5482921083627798,0.5977620730270906,0.5977620730270906,0.7131919905771495
annotated,VEO3,13c35074-9b2a-5841-8ca9-9f4b6fec4a7d.mp4,patch_only,,0.7,0.3,motion_soft,2,4,0.07,0.01,0.011189634864546525,0.14935217903415782,0.14935217903415782,0.4717314487632509
annotated,VEO3,13d0b973-9331-5d21-8c2f-d2f3eade7dda.mp4,patch_only,,0.7,0.3,motion_soft,2,4,0.07,0.01,0.160188457008245,0.2706124852767962,0.2706124852767962,0.5282685512367491
annotated,VEO3,1410154d-8ce5-55d2-9c82-dee3ee5550d0.mp4,patch_only,,0.7,0.3,motion_soft,2,4,0.07,0.01,0.36160188457008247,0.3001177856301531,0.3001177856301531,0.15665488810365136
annotated,VEO3,142678eb-9f93-5839-998f-57e5e52861ef.mp4,patch_only,,0.7,0.3,motion_soft,2,4,0.07,0.01,0.18610129564193167,0.2175500588928151,0.2175500588928151,0.29093050647820967
annotated,VEO3,14368ad9-0bc7-56c0-bdc5-1c4515c08ab2.mp4,patch_only,,0.7,0.3,motion_soft,2,4,0.07,0.01,0.011189634864546525,0.03415783274440518,0.03415783274440518,0.08775029446407538
annotated,VEO3,1444bdff-8a99-54f8-b7d7-00544fada33f.mp4,patch_only,,0.7,0.3,motion_soft,2,4,0.07,0.01,0.31507656065959955,0.34087161366313307,0.34087161366313307,0.4010600706713781
annotated,VEO3,145b33a1-cc73-5c85-8daa-a00b6357ce12.mp4,patch_only,,0.7,0.3,motion_soft,2,4,0.07,0.01,0.015901060070671377,0.07597173144876325,0.07597173144876325,0.21613663133097763
annotated,VEO3,148d46df-7b81-54fb-969b-c0e5c3c13a64.mp4,patch_only,,0.7,0.3,motion_soft,2,4,0.07,0.01,0.4175500588928151,0.4338044758539458,0.4338044758539458,0.4717314487632509
annotated,VEO3,14a890f8-e9ed-5474-a6c9-c5c54074e564.mp4,patch_only,,0.7,0.3,motion_soft,2,4,0.07,0.01,0.19199057714958775,0.38068315665488806,0.38068315665488806,0.8209658421672555
annotated,VEO3,14b9312d-3af8-5cbc-aea3-839763db43e4.mp4,patch_only,,0.7,0.3,motion_soft,2,4,0.07,0.01,0.13250883392226148,0.196113074204947,0.196113074204947,0.34452296819787986
annotated,VEO3,1514706a-f8c6-5482-b085-b78097bbf31c.mp4,patch_only,,0.7,0.3,motion_soft,2,4,0.07,0.01,0.016489988221436984,0.014899882214369846,0.014899882214369846,0.011189634864546525
annotated,VEO3,154bbacf-1421-5b2e-abf4-fad22ca3f69c.mp4,patch_only,,0.7,0.3,motion_soft,2,4,0.07,0.01,0.17491166077738515,0.18056537102473497,0.18056537102473497,0.19375736160188456
annotated,VEO3,158ae1f8-e22f-507b-9015-5b29cd650c07.mp4,patch_only,,0.7,0.3,motion_soft,2,4,0.07,0.01,0.127208480565371,0.0892226148409894,0.0892226148409894,0.0005889281507656066
annotated,VEO3,159c03d0-d1bb-5940-be67-4a7d0897d805.mp4,patch_only,,0.7,0.3,motion_soft,2,4,0.07,0.01,0.016489988221436984,0.04723203769140164,0.04723203769140164,0.11896348645465253
annotated,VEO3,15e3ee4c-7c48-5b5d-bcb3-fafc0c0c4beb.mp4,patch_only,,0.7,0.3,motion_soft,2,4,0.07,0.01,0.0005889281507656066,0.02232037691401649,0.02232037691401649,0.07302709069493522
annotated,VEO3,15fc510b-ae8b-50e0-b488-fffb64621382.mp4,patch_only,,0.7,0.3,motion_soft,2,4,0.07,0.01,0.21142520612485277,0.29870435806831563,0.29870435806831563,0.5023557126030624
annotated,VEO3,16299e21-a09b-5dda-8014-79fae6b5a036.mp4,patch_only,,0.7,0.3,motion_soft,2,4,0.07,0.01,0.061837455830388695,0.04328621908127209,0.04328621908127209,0.0
annotated,VEO3,162f5e1c-23c6-5fdd-8a57-7b07ec031a02.mp4,patch_only,,0.7,0.3,motion_soft,2,4,0.07,0.01,0.014134275618374558,0.01625441696113074,0.01625441696113074,0.02120141342756184
annotated,VEO3,16ca7c6d-c24d-5a5d-b318-885daee57e01.mp4,patch_only,,0.7,0.3,motion_soft,2,4,0.07,0.01,0.054770318021201414,0.053886925795053005,0.053886925795053005,0.05182567726737338
annotated,VEO3,16dbc2da-9446-5b7f-aa60-3873e9573513.mp4,patch_only,,0.7,0.3,motion_soft,2,4,0.07,0.01,0.44876325088339225,0.4863957597173144,0.4863957597173144,0.5742049469964664
annotated,VEO3,1708bcf4-1d25-5c55-8f2a-f70facb050e3.mp4,patch_only,,0.7,0.3,motion_soft,2,4,0.07,0.01,0.11189634864546526,0.09528857479387515,0.09528857479387515,0.05653710247349823
annotated,VEO3,170c1df4-88a8-5c8e-81c9-c7357dcab3e3.mp4,patch_only,,0.7,0.3,motion_soft,2,4,0.07,0.01,0.0,0.004063604240282685,0.004063604240282685,0.013545347467608953
annotated,VEO3,170f2aa7-9ad2-5939-ad1d-5ecf8de55817.mp4,patch_only,,0.7,0.3,motion_soft,2,4,0.07,0.01,0.4740871613663133,0.5095995288574794,0.5095995288574794,0.5924617196702002
annotated,VEO3,172a5298-22e4-5117-bd13-bb7010318212.mp4,patch_only,,0.7,0.3,motion_soft,2,4,0.07,0.01,0.0035335689045936395,0.11342756183745584,0.11342756183745584,0.36984687868080096
annotated,VEO3,1760bc1e-2f14-5a2d-8d26-7dbc4c67c8d4.mp4,patch_only,,0.7,0.3,motion_soft,2,4,0.07,0.01,0.009422850412249705,0.158716136631331,0.158716136631331,0.5070671378091873
annotated,VEO3,178b7008-1b9f-5942-81ea-9311816774fc.mp4,patch_only,,0.7,0.3,motion_soft,2,4,0.07,0.01,0.012956419316843345,0.06348645465253239,0.06348645465253239,0.18138987043580684
annotated,VEO3,17a96458-8ebe-52f1-9dbf-f35b826e2fba.mp4,patch_only,,0.7,0.3,motion_soft,2,4,0.07,0.01,0.07891637220259129,0.06442873969375736,0.06442873969375736,0.030624263839811542
annotated,VEO3,17b37b0a-9b0c-5186-8266-ea47dc879db3.mp4,patch_only,,0.7,0.3,motion_soft,2,4,0.07,0.01,0.2785630153121319,0.3098351001177856,0.3098351001177856,0.3828032979976443
annotated,VEO3,17c3993c-2f21-54eb-a1ce-91936ce08d38.mp4,patch_only,,0.7,0.3,motion_soft,2,4,0.07,0.01,0.5270906949352179,0.4422850412249705,0.4422850412249705,0.24440518256772673
annotated,VEO3,17efc270-fa87-5549-bbef-422eadf12dab.mp4,patch_only,,0.7,0.3,motion_soft,2,4,0.07,0.01,0.009422850412249705,0.05288574793875146,0.05288574793875146,0.15429917550058891
annotated,VEO3,184f71e1-3b39-520b-be7b-ee30d84c6fa2.mp4,patch_only,,0.7,0.3,motion_soft,2,4,0.07,0.01,0.015312131919905771,0.02803297997644287,0.02803297997644287,0.05771495877502945
annotated,VEO3,1854eeca-b9ba-5b5c-90ac-b77764c4b47d.mp4,patch_only,,0.7,0.3,motion_soft,2,4,0.07,0.01,0.508833922261484,0.45088339222614837,0.45088339222614837,0.31566548881036516
annotated,VEO3,18622d2b-1f77-56c9-b98b-125859bda161.mp4,patch_only,,0.7,0.3,motion_soft,2,4,0.07,0.01,0.030624263839811542,0.036631330977620724,0.036631330977620724,0.050647820965842166
annotated,VEO3,1863bab7-bc1f-5fc9-a44d-720bbed73918.mp4,patch_only,,0.7,0.3,motion_soft,2,4,0.07,0.01,0.01060070671378092,0.11819787985865725,0.11819787985865725,0.36925795053003535
annotated,VEO3,1887056e-d07b-581e-9474-5bbfa3fe3a0a.mp4,patch_only,,0.7,0.3,motion_soft,2,4,0.07,0.01,0.05123674911660778,0.06166077738515901,0.06166077738515901,0.08598351001177856
annotated,VEO3,188fb7a0-f570-540d-b0ee-09d5dde88711.mp4,patch_only,,0.7,0.3,motion_soft,2,4,0.07,0.01,0.0,0.02950530035335689,0.02950530035335689,0.0983510011778563
annotated,VEO3,18911823-de11-5592-bb8b-333ebbe0f156.mp4,patch_only,,0.7,0.3,motion_soft,2,4,0.07,0.01,0.015901060070671377,0.052473498233215544,0.052473498233215544,0.13780918727915195
annotated,VEO3,18b3d8b9-78c3-5e15-9b90-a88e4327bcc8.mp4,patch_only,,0.7,0.3,motion_soft,2,4,0.07,0.01,0.29387514723203767,0.22073027090694933,0.22073027090694933,0.05005889281507656
annotated,VEO3,18bb90d4-f327-558b-8001-2281434cd09a.mp4,patch_only,,0.7,0.3,motion_soft,2,4,0.07,0.01,0.06713780918727916,0.16130742049469965,0.16130742049469965,0.38103651354534745
annotated,VEO3,18df61e0-01d1-5959-8cf4-6d0470dc372d.mp4,patch_only,,0.7,0.3,motion_soft,2,4,0.07,0.01,0.5836277974087162,0.5806242638398116,0.5806242638398116,0.5736160188457008
annotated,VEO3,18ee2bc4-628d-5041-a484-df32165021db.mp4,patch_only,,0.7,0.3,motion_soft,2,4,0.07,0.01,0.7750294464075382,0.8084216725559481,0.8084216725559481,0.8863368669022379
annotated,VEO3,18fd3870-6c77-5b35-b27b-8eb60c4ef372.mp4,patch_only,,0.7,0.3,motion_soft,2,4,0.07,0.01,0.19257950530035337,0.15000000000000002,0.15000000000000002,0.050647820965842166
annotated,VEO3,190fcd5d-5722-58b4-89fd-a3e298ab976a.mp4,patch_only,,0.7,0.3,motion_soft,2,4,0.07,0.01,0.5471142520612485,0.46919905771495873,0.46919905771495873,0.287396937573616
annotated,VEO3,191550ac-f739-5b03-8fc8-e36b69b943ee.mp4,patch_only,,0.7,0.3,motion_soft,2,4,0.07,0.01,0.160188457008245,0.17608951707891635,0.17608951707891635,0.21319199057714958
annotated,VEO3,19429419-1ba5-523c-81f2-e74442a8ef97.mp4,patch_only,,0.7,0.3,motion_soft,2,4,0.07,0.01,0.11071849234393404,0.07997644287396936,0.07997644287396936,0.008244994110718492
annotated,VEO3,194c86b3-f44f-540b-bca9-1fe938dc73d4.mp4,patch_only,,0.7,0.3,motion_soft,2,4,0.07,0.01,0.1690223792697291,0.1190223792697291,0.1190223792697291,0.002355712603062426
annotated,VEO3,19600605-cd4e-5629-b530-6d3040e80470.mp4,patch_only,,0.7,0.3,motion_soft,2,4,0.07,0.01,0.15312131919905772,0.32467608951707894,0.32467608951707894,0.7249705535924618
annotated,VEO3,19784c28-e560-58b1-94ad-e7d507750d12.mp4,patch_only,,0.7,0.3,motion_soft,2,4,0.07,0.01,0.07950530035335689,0.0685512367491166,0.0685512367491166,0.04299175500588928
annotated,VEO3,19a4b9a8-ac04-530c-861e-50d0ca8f7121.mp4,patch_only,,0.7,0.3,motion_soft,2,4,0.07,0.01,0.04063604240282685,0.2607773851590106,0.2607773851590106,0.7744405182567726
annotated,VEO3,19a7501b-fea5-54eb-bb1e-f0551ba05e4a.mp4,patch_only,,0.7,0.3,motion_soft,2,4,0.07,0.01,0.024734982332155476,0.08038869257950529,0.08038869257950529,0.21024734982332155
annotated,VEO3,19cc429b-7fe9-5848-b602-105807f99b15.mp4,patch_only,,0.7,0.3,motion_soft,2,4,0.07,0.01,0.028857479387514724,0.060306242638398115,0.060306242638398115,0.1336866902237927
annotated,VEO3,19e118c8-0876-53f2-8609-79b02aea4c11.mp4,patch_only,,0.7,0.3,motion_soft,2,4,0.07,0.01,0.8386336866902238,0.8757361601884568,0.8757361601884568,0.9623085983510011
annotated,VEO3,19ee6b95-9b2c-5ae2-a292-c6680b26f6db.mp4,patch_only,,0.7,0.3,motion_soft,2,4,0.07,0.01,0.2585394581861013,0.25288574793875146,0.25288574793875146,0.2396937573616019
annotated,VEO3,1a145301-8fae-5001-98c6-f8288102e692.mp4,patch_only,,0.7,0.3,motion_soft,2,4,0.07,0.01,0.04181389870435807,0.10506478209658422,0.10506478209658422,0.25265017667844525
annotated,VEO3,1a66cc11-76e4-5a87-90bf-babc2221b7a0.mp4,patch_only,,0.7,0.3,motion_soft,2,4,0.07,0.01,0.08716136631330977,0.09016489988221436,0.09016489988221436,0.09717314487632508
annotated,VEO3,1a7b141c-196e-50e6-830d-d67434d311a7.mp4,patch_only,,0.7,0.3,motion_soft,2,4,0.07,0.01,0.04770318021201413,0.06696113074204947,0.06696113074204947,0.11189634864546526
annotated,VEO3,1a9360dc-ca9f-5d0d-9514-68e25bb0ac9e.mp4,patch_only,,0.7,0.3,motion_soft,2,4,0.07,0.01,0.29858657243816256,0.47014134275618374,0.47014134275618374,0.8704358068315665
annotated,VEO3,1acebd71-ffb5-5f17-9a16-4c08714d1773.mp4,patch_only,,0.7,0.3,motion_soft,2,4,0.07,0.01,0.009422850412249705,0.009422850412249705,0.009422850412249705,0.009422850412249705
annotated,VEO3,1ae2cdc5-9c47-5c89-9d4c-a201cfe3cf8f.mp4,patch_only,,0.7,0.3,motion_soft,2,4,0.07,0.01,0.2956419316843345,0.39546525323910486,0.39546525323910486,0.6283863368669023
annotated,VEO3,1b13add9-fd20-5ebb-8bd8-919498925a7c.mp4,patch_only,,0.7,0.3,motion_soft,2,4,0.07,0.01,0.14487632508833923,0.3745583038869258,0.3745583038869258,0.9104829210836278
annotated,VEO3,1b1ea1f8-2c1a-5ed3-81e9-33dc2715a673.mp4,patch_only,,0.7,0.3,motion_soft,2,4,0.07,0.01,0.011189634864546525,0.021260306242638395,0.021260306242638395,0.0447585394581861
annotated,VEO3,1b3ee629-6103-5201-9ef6-db50fed021ce.mp4,patch_only,,0.7,0.3,motion_soft,2,4,0.07,0.01,0.01707891637220259,0.16707891637220257,0.16707891637220257,0.5170789163722026
annotated,VEO3,1b73b0ba-4ad7-5e4e-b7cd-3de1043f928f.mp4,patch_only,,0.7,0.3,motion_soft,2,4,0.07,0.01,0.020023557126030624,0.20235571260306243,0.20235571260306243,0.6277974087161367
annotated,VEO3,1b85ebae-43d2-5743-b709-19038c9e04d8.mp4,patch_only,,0.7,0.3,motion_soft,2,4,0.07,0.01,0.3945818610129564,0.5095995288574793,0.5095995288574793,0.7779740871613663
annotated,VEO3,1bba4650-8ca6-5592-a1af-dd750de5da88.mp4,patch_only,,0.7,0.3,motion_soft,2,4,0.07,0.01,0.024734982332155476,0.09664310954063604,0.09664310954063604,0.26442873969375735
annotated,VEO3,1bfc9106-be49-5b07-bc7e-4f84c66183fa.mp4,patch_only,,0.7,0.3,motion_soft,2,4,0.07,0.01,0.020023557126030624,0.12037691401648998,0.12037691401648998,0.3545347467608952
annotated,VEO3,1c9ce55c-3c17-59e2-a424-d45f410eaa90.mp4,patch_only,,0.7,0.3,motion_soft,2,4,0.07,0.01,0.10954063604240283,0.08003533568904593,0.08003533568904593,0.011189634864546525
annotated,VEO3,1cd2abae-1ba5-5ae8-af27-c86fc53d1704.mp4,patch_only,,0.7,0.3,motion_soft,2,4,0.07,0.01,0.020023557126030624,0.06772673733804475,0.06772673733804475,0.1790341578327444
annotated,VEO3,1cdbe665-2949-5705-b796-e26a25efe41d.mp4,patch_only,,0.7,0.3,motion_soft,2,4,0.07,0.01,0.002944640753828033,0.07114252061248527,0.07114252061248527,0.23027090694935218
annotated,VEO3,1ce206f5-a24e-5cf3-94fb-8e2e3a754710.mp4,patch_only,,0.7,0.3,motion_soft,2,4,0.07,0.01,0.03415783274440518,0.2224970553592462,0.2224970553592462,0.6619552414605419
annotated,VEO3,1d2afb03-8ff2-57e0-9480-4dbc0ad0564f.mp4,patch_only,,0.7,0.3,motion_soft,2,4,0.07,0.01,0.016489988221436984,0.15023557126030623,0.15023557126030623,0.4623085983510012
annotated,VEO3,1d66f81d-ab75-544c-9bec-841b89f77c4a.mp4,patch_only,,0.7,0.3,motion_soft,2,4,0.07,0.01,0.6460541813898705,0.6354534746760896,0.6354534746760896,0.610718492343934
annotated,VEO3,1d763557-e82a-58e1-863e-2b682410c0a4.mp4,patch_only,,0.7,0.3,motion_soft,2,4,0.07,0.01,0.053003533568904596,0.037809187279151946,0.037809187279151946,0.002355712603062426
annotated,VEO3,1d98c8c8-9a95-56de-af16-be0cd4ebe8a4.mp4,patch_only,,0.7,0.3,motion_soft,2,4,0.07,0.01,0.024734982332155476,0.10388692579505299,0.10388692579505299,0.28857479387514723
annotated,VEO3,1dbcd68b-54ad-509a-b03b-52b4fa1dc493.mp4,patch_only,,0.7,0.3,motion_soft,2,4,0.07,0.01,0.21554770318021202,0.23798586572438163,0.23798586572438163,0.29034157832744406
annotated,VEO3,1ddb0482-8319-50da-8562-0156cc52c0b6.mp4,patch_only,,0.7,0.3,motion_soft,2,4,0.07,0.01,0.4552414605418139,0.4564782096584216,0.4564782096584216,0.45936395759717313
annotated,VEO3,1df83b82-90f8-5a2e-ab5c-62583d49622f.mp4,patch_only,,0.7,0.3,motion_soft,2,4,0.07,0.01,0.0989399293286219,0.09717314487632508,0.09717314487632508,0.09305064782096584
annotated,VEO3,1e07fa25-dfdc-5b10-9c75-acedbee759e2.mp4,patch_only,,0.7,0.3,motion_soft,2,4,0.07,0.01,0.29093050647820967,0.23792697290930506,0.23792697290930506,0.11425206124852769
annotated,VEO3,1e41762e-b832-5108-96b7-443724f6d837.mp4,patch_only,,0.7,0.3,motion_soft,2,4,0.07,0.01,0.1419316843345112,0.13928150765606595,0.13928150765606595,0.1330977620730271
annotated,VEO3,1e846d51-ce66-5d4e-8aa0-f2a1a4b16b6f.mp4,patch_only,,0.7,0.3,motion_soft,2,4,0.07,0.01,0.0,0.015017667844522967,0.015017667844522967,0.05005889281507656
annotated,VEO3,1e862667-5ad2-5155-8126-ef98e88870af.mp4,patch_only,,0.7,0.3,motion_soft,2,4,0.07,0.01,0.11071849234393404,0.0942873969375736,0.0942873969375736,0.05594817432273263
annotated,VEO3,1e942335-58fd-57fc-b20e-522147238c38.mp4,patch_only,,0.7,0.3,motion_soft,2,4,0.07,0.01,0.10365135453474676,0.07732626619552414,0.07732626619552414,0.015901060070671377
annotated,VEO3,1eaf31a1-0687-5cd7-a24b-134f35cab651.mp4,patch_only,,0.7,0.3,motion_soft,2,4,0.07,0.01,0.028857479387514724,0.2523557126030624,0.2523557126030624,0.773851590106007
annotated,VEO3,1eb27339-46b1-5ac9-b55b-05d140fa4453.mp4,patch_only,,0.7,0.3,motion_soft,2,4,0.07,0.01,0.06595995288574794,0.0613663133097762,0.0613663133097762,0.050647820965842166
annotated,VEO3,1eed4aa1-e112-5f0e-ad7f-c45563f521d8.mp4,patch_only,,0.7,0.3,motion_soft,2,4,0.07,0.01,0.020023557126030624,0.04034157832744405,0.04034157832744405,0.08775029446407538
annotated,VEO3,1f0f6bd6-4761-5872-a272-fcc09828ad24.mp4,patch_only,,0.7,0.3,motion_soft,2,4,0.07,0.01,0.002355712603062426,0.08186101295641932,0.08186101295641932,0.2673733804475854
annotated,VEO3,1fae7321-ff43-50ec-901d-8ef058fb9a1f.mp4,patch_only,,0.7,0.3,motion_soft,2,4,0.07,0.01,0.29387514723203767,0.22567726737338042,0.22567726737338042,0.06654888103651355
annotated,VEO3,1fcc2da2-ca76-5d02-b6c9-22045fa82d5b.mp4,patch_only,,0.7,0.3,motion_soft,2,4,0.07,0.01,0.26501766784452296,0.18745583038869257,0.18745583038869257,0.006478209658421673
annotated,VEO3,1fd6bd34-e306-5e4f-91f4-cc74f9eff860.mp4,patch_only,,0.7,0.3,motion_soft,2,4,0.07,0.01,0.0989399293286219,0.0823321554770318,0.0823321554770318,0.043580683156654886
annotated,VEO3,1ff502bf-2b04-5fd3-8294-c760ad28bddb.mp4,patch_only,,0.7,0.3,motion_soft,2,4,0.07,0.01,0.10129564193168433,0.1534157832744405,0.1534157832744405,0.2750294464075383
annotated,VEO3,1ff76cc7-43f0-5f76-ab4c-5d3855729f5a.mp4,patch_only,,0.7,0.3,motion_soft,2,4,0.07,0.01,0.17373380447585396,0.23521790341578327,0.23521790341578327,0.37868080094228507
annotated,VEO3,1ff9328a-a71d-56c6-9144-58bb3e0c156d.mp4,patch_only,,0.7,0.3,motion_soft,2,4,0.07,0.01,0.17667844522968199,0.2575971731448763,0.2575971731448763,0.4464075382803298
annotated,VEO3,202454a1-454e-55bf-bf2b-7c744efb0664.mp4,patch_only,,0.7,0.3,motion_soft,2,4,0.07,0.01,0.6266195524146054,0.706831566548881,0.706831566548881,0.8939929328621908
annotated,VEO3,20294a46-a54a-50a7-ba17-35c2c926bb06.mp4,patch_only,,0.7,0.3,motion_soft,2,4,0.07,0.01,0.06890459363957598,0.28162544169611303,0.28162544169611303,0.7779740871613663
annotated,VEO3,20396336-e250-56ac-99b4-55ac56889788.mp4,patch_only,,0.7,0.3,motion_soft,2,4,0.07,0.01,0.002944640753828033,0.15877502944640753,0.15877502944640753,0.5223792697290931
annotated,VEO3,20744538-7e18-51c2-a386-501b6c282e05.mp4,patch_only,,0.7,0.3,motion_soft,2,4,0.07,0.01,0.0,0.13674911660777386,0.13674911660777386,0.4558303886925795
annotated,VEO3,208ccd09-fe86-5dce-9c3b-324d54628aa7.mp4,patch_only,,0.7,0.3,motion_soft,2,4,0.07,0.01,0.11189634864546526,0.128150765606596,0.128150765606596,0.16607773851590105
annotated,VEO3,208f1fba-8b9f-5497-9213-04049611664f.mp4,patch_only,,0.7,0.3,motion_soft,2,4,0.07,0.01,0.02120141342756184,0.16660777385159012,0.16660777385159012,0.5058892815076561
annotated,VEO3,20bf3037-b828-52c2-8b66-d41f4155ba68.mp4,patch_only,,0.7,0.3,motion_soft,2,4,0.07,0.01,0.10600706713780919,0.12014134275618374,0.12014134275618374,0.15312131919905772
annotated,VEO3,20dc44d0-5625-56e5-966a-3988436bb57f.mp4,patch_only,,0.7,0.3,motion_soft,2,4,0.07,0.01,0.04888103651354535,0.1158421672555948,0.1158421672555948,0.27208480565371024
annotated,VEO3,20de79af-7213-54bc-970f-e20241cc1a1f.mp4,patch_only,,0.7,0.3,motion_soft,2,4,0.07,0.01,0.15488810365135453,0.11601884570082449,0.11601884570082449,0.025323910482921083
annotated,VEO3,20eaec5a-f511-598f-93ee-8d652aa717c2.mp4,patch_only,,0.7,0.3,motion_soft,2,4,0.07,0.01,0.0035335689045936395,0.05229681978798586,0.05229681978798586,0.16607773851590105
annotated,VEO3,210c9e20-d1c8-5bf3-8e00-ff4152016b16.mp4,patch_only,,0.7,0.3,motion_soft,2,4,0.07,0.01,0.016489988221436984,0.043698468786808005,0.043698468786808005,0.1071849234393404
annotated,VEO3,21233c76-17ac-595c-84ae-ec09fbebe28d.mp4,patch_only,,0.7,0.3,motion_soft,2,4,0.07,0.01,0.30094228504122494,0.4361012956419317,0.4361012956419317,0.751472320376914
annotated,VEO3,21255a61-c0b6-5957-b77c-ae39c4313a1b.mp4,patch_only,,0.7,0.3,motion_soft,2,4,0.07,0.01,0.06890459363957598,0.11696113074204947,0.11696113074204947,0.22909305064782096
annotated,VEO3,2137016c-798b-5a63-997c-c584b5b6b550.mp4,patch_only,,0.7,0.3,motion_soft,2,4,0.07,0.01,0.12367491166077739,0.09187279151943463,0.09187279151943463,0.0176678445229682
annotated,VEO3,2187765a-94c5-5104-8111-c7b745965121.mp4,patch_only,,0.7,0.3,motion_soft,2,4,0.07,0.01,0.002944640753828033,0.002944640753828033,0.002944640753828033,0.002944640753828033
annotated,VEO3,21941e6c-2aa4-5634-8a9a-b13836dcffaf.mp4,patch_only,,0.7,0.3,motion_soft,2,4,0.07,0.01,0.444640753828033,0.5704358068315665,0.5704358068315665,0.8639575971731449
annotated,VEO3,21dea980-b278-5d65-a5e0-5db402992980.mp4,patch_only,,0.7,0.3,motion_soft,2,4,0.07,0.01,0.2785630153121319,0.20524146054181389,0.20524146054181389,0.03415783274440518
annotated,VEO3,21e74d52-cafc-5c06-8d97-1e8b5cb0461d.mp4,patch_only,,0.7,0.3,motion_soft,2,4,0.07,0.01,0.5147232037691402,0.5343345111896348,0.5343345111896348,0.5800942285041225
annotated,VEO3,21f3c409-2099-522f-a1b4-d2550d1c3c7e.mp4,patch_only,,0.7,0.3,motion_soft,2,4,0.07,0.01,0.007067137809187279,0.031625441696113074,0.031625441696113074,0.08892815076560659
annotated,VEO3,22029115-e298-5500-8866-826c85cbd0d2.mp4,patch_only,,0.7,0.3,motion_soft,2,4,0.07,0.01,0.028268551236749116,0.054063604240282684,0.054063604240282684,0.11425206124852769
annotated,VEO3,22240d59-7c64-5010-83cb-e8044ca3d41c.mp4,patch_only,,0.7,0.3,motion_soft,2,4,0.07,0.01,0.3309776207302709,0.37179034157832747,0.37179034157832747,0.467020023557126
annotated,VEO3,222ae23b-e278-555b-96d9-9fe1da196a43.mp4,patch_only,,0.7,0.3,motion_soft,2,4,0.07,0.01,0.2714958775029446,0.3467608951707891,0.3467608951707891,0.5223792697290931
annotated,VEO3,222dc6af-16cc-5cd2-b096-67c3aba665c6.mp4,patch_only,,0.7,0.3,motion_soft,2,4,0.07,0.01,0.2697290930506478,0.21690223792697286,0.21690223792697286,0.09363957597173145
annotated,VEO3,222f8f99-a66e-5678-a39c-ef4b8e8f774f.mp4,patch_only,,0.7,0.3,motion_soft,2,4,0.07,0.01,0.011189634864546525,0.04793875147232038,0.04793875147232038,0.1336866902237927
annotated,VEO3,2268c1f7-e568-5794-bccb-09a3aa58ab36.mp4,patch_only,,0.7,0.3,motion_soft,2,4,0.07,0.01,0.0005889281507656066,0.039811542991755,0.039811542991755,0.13133097762073026
annotated,VEO3,226a982a-267e-5578-8375-b71dea1a085f.mp4,patch_only,,0.7,0.3,motion_soft,2,4,0.07,0.01,0.0706713780918728,0.2862190812720848,0.2862190812720848,0.7891637220259128
annotated,VEO3,22c04a96-5b44-53ae-8ba2-d6958d5e3d62.mp4,patch_only,,0.7,0.3,motion_soft,2,4,0.07,0.01,0.43227326266195526,0.40665488810365136,0.40665488810365136,0.3468786808009423
annotated,VEO3,230a3d65-060d-5ef2-8fef-a9e66c697cb6.mp4,patch_only,,0.7,0.3,motion_soft,2,4,0.07,0.01,0.24381625441696114,0.24081272084805655,0.24081272084805655,0.23380447585394581
annotated,VEO3,231aa475-5915-5565-9732-229a2e3f55af.mp4,patch_only,,0.7,0.3,motion_soft,2,4,0.07,0.01,0.29917550058892817,0.2417550058892815,0.2417550058892815,0.10777385159010601
annotated,VEO3,2324f8b0-eb27-58d5-8f0e-6c9cd074472d.mp4,patch_only,,0.7,0.3,motion_soft,2,4,0.07,0.01,0.4740871613663133,0.6115429917550058,0.6115429917550058,0.9322732626619552
annotated,VEO3,233121f3-2721-5df0-a39f-b15dd21197bb.mp4,patch_only,,0.7,0.3,motion_soft,2,4,0.07,0.01,0.19199057714958775,0.41283863368669027,0.41283863368669027,0.928150765606596
annotated,VEO3,233179ab-a7b8-5f67-b0b1-bf19967b7818.mp4,patch_only,,0.7,0.3,motion_soft,2,4,0.07,0.01,0.7220259128386337,0.7669022379269729,0.7669022379269729,0.8716136631330977
annotated,VEO3,2338aaf6-6009-5a54-8920-084d5f69c604.mp4,patch_only,,0.7,0.3,motion_soft,2,4,0.07,0.01,0.1872791519434629,0.4074204946996466,0.4074204946996466,0.9210836277974087
annotated,VEO3,2377c88e-6c68-52bd-af17-aa98946d0a14.mp4,patch_only,,0.7,0.3,motion_soft,2,4,0.07,0.01,0.24440518256772673,0.4042991755005889,0.4042991755005889,0.7773851590106007
annotated,VEO3,239405b2-d5bd-568b-ba02-375d9dffde65.mp4,patch_only,,0.7,0.3,motion_soft,2,4,0.07,0.01,0.18256772673733804,0.13716136631330977,0.13716136631330977,0.03121319199057715
annotated,VEO3,23c959eb-968e-5450-8eba-c5586d8d6faa.mp4,patch_only,,0.7,0.3,motion_soft,2,4,0.07,0.01,0.10129564193168433,0.10500588928150766,0.10500588928150766,0.11366313309776208
annotated,VEO3,23d116d1-3ea0-5940-a683-7a26ee5ef0cf.mp4,patch_only,,0.7,0.3,motion_soft,2,4,0.07,0.01,0.020023557126030624,0.018433451118963485,0.018433451118963485,0.014723203769140165
annotated,VEO3,240a40de-8e9b-5b87-b7e9-991428b8d2cd.mp4,patch_only,,0.7,0.3,motion_soft,2,4,0.07,0.01,0.032391048292108364,0.12444051825677267,0.12444051825677267,0.3392226148409894
annotated,VEO3,241cb5f1-ed26-5b42-b694-d96ca41680fb.mp4,patch_only,,0.7,0.3,motion_soft,2,4,0.07,0.01,0.14958775029446408,0.1091283863368669,0.1091283863368669,0.014723203769140165
annotated,VEO3,24307146-4fb6-5563-b86d-ee3ba291e873.mp4,patch_only,,0.7,0.3,motion_soft,2,4,0.07,0.01,0.12073027090694935,0.08521790341578327,0.08521790341578327,0.002355712603062426
annotated,VEO3,244b52db-ae20-5e3d-8d84-45bf460377ad.mp4,patch_only,,0.7,0.3,motion_soft,2,4,0.07,0.01,0.016489988221436984,0.01684334511189635,0.01684334511189635,0.0176678445229682
annotated,VEO3,24701c52-d5af-5125-a0ad-1af952cbe292.mp4,patch_only,,0.7,0.3,motion_soft,2,4,0.07,0.01,0.24322732626619553,0.17626619552414605,0.17626619552414605,0.020023557126030624
annotated,VEO3,24766c51-3796-5713-93f1-dc69140db459.mp4,patch_only,,0.7,0.3,motion_soft,2,4,0.07,0.01,0.002944640753828033,0.01001177856301531,0.01001177856301531,0.026501766784452298
annotated,VEO3,24aeb937-9a59-54ef-8d2d-5134646daad8.mp4,patch_only,,0.7,0.3,motion_soft,2,4,0.07,0.01,0.2620730270906949,0.1954652532391048,0.1954652532391048,0.04004711425206125
annotated,VEO3,24ccdea3-ed88-5225-a3d2-79ad5a1b493b.mp4,patch_only,,0.7,0.3,motion_soft,2,4,0.07,0.01,0.12367491166077739,0.15141342756183745,0.15141342756183745,0.21613663133097763
annotated,VEO3,24d377da-1ca5-5f48-8edc-d16c24b8a059.mp4,patch_only,,0.7,0.3,motion_soft,2,4,0.07,0.01,0.008244994110718492,0.010718492343934039,0.010718492343934039,0.016489988221436984
annotated,VEO3,24fb0fae-2f00-52fd-b1c3-e0faf9be0a14.mp4,patch_only,,0.7,0.3,motion_soft,2,4,0.07,0.01,0.002355712603062426,0.007479387514723203,0.007479387514723203,0.019434628975265017
annotated,VEO3,24fe7912-15f5-5103-99be-c87b6a8feca9.mp4,patch_only,,0.7,0.3,motion_soft,2,4,0.07,0.01,0.541813898704358,0.6400471142520612,0.6400471142520612,0.8692579505300353
annotated,VEO3,250763d7-b30d-566d-84f4-50ada98f63a3.mp4,patch_only,,0.7,0.3,motion_soft,2,4,0.07,0.01,0.20965842167255594,0.22697290930506475,0.22697290930506475,0.2673733804475854
annotated,VEO3,254d84a9-a129-5df4-8f68-3108426bc012.mp4,patch_only,,0.7,0.3,motion_soft,2,4,0.07,0.01,0.33627797408716137,0.38680800942285043,0.38680800942285043,0.5047114252061249
annotated,VEO3,257b051d-d65e-50b7-ba0f-0e327cc1a5f8.mp4,patch_only,,0.7,0.3,motion_soft,2,4,0.07,0.01,0.2791519434628975,0.35053003533568905,0.35053003533568905,0.5170789163722026
annotated,VEO3,2592b761-04f3-52ea-a63e-593057db4634.mp4,patch_only,,0.7,0.3,motion_soft,2,4,0.07,0.01,0.18610129564193167,0.23327444051825674,0.23327444051825674,0.34334511189634864
annotated,VEO3,25aa7f04-df84-5862-9d2e-76cae8b4ed18.mp4,patch_only,,0.7,0.3,motion_soft,2,4,0.07,0.01,0.037102473498233215,0.1489399293286219,0.1489399293286219,0.4098939929328622
annotated,VEO3,25fff55e-9cfe-5cf9-9b36-4d8e04acb9b3.mp4,patch_only,,0.7,0.3,motion_soft,2,4,0.07,0.01,0.015312131919905771,0.09817432273262662,0.09817432273262662,0.2915194346289753
annotated,VEO3,2634e08e-d778-5cc1-9af3-b23dbda50fc9.mp4,patch_only,,0.7,0.3,motion_soft,2,4,0.07,0.01,0.054770318021201414,0.07508833922261485,0.07508833922261485,0.12249705535924617
annotated,VEO3,265861ab-8cb3-51f5-b2ef-b7a849910278.mp4,patch_only,,0.7,0.3,motion_soft,2,4,0.07,0.01,0.10482921083627797,0.21595995288574793,0.21595995288574793,0.4752650176678445
annotated,VEO3,26687827-7e78-500d-b141-28c79e84b94d.mp4,patch_only,,0.7,0.3,motion_soft,2,4,0.07,0.01,0.2838633686690224,0.36089517078916367,0.36089517078916367,0.5406360424028268
annotated,VEO3,2670719d-42ae-5b0d-a09f-1387ec85a01f.mp4,patch_only,,0.7,0.3,motion_soft,2,4,0.07,0.01,0.10600706713780919,0.23197879858657242,0.23197879858657242,0.5259128386336867
annotated,VEO3,267841ab-d2a2-5e99-a71f-d4b2503b16a5.mp4,patch_only,,0.7,0.3,motion_soft,2,4,0.07,0.01,0.5789163722025913,0.6220259128386336,0.6220259128386336,0.7226148409893993
annotated,VEO3,2688deda-8262-5a91-97b2-97ab65ae37f5.mp4,patch_only,,0.7,0.3,motion_soft,2,4,0.07,0.01,0.026501766784452298,0.0215547703180212,0.0215547703180212,0.010011778563015312
annotated,VEO3,2691fc34-9997-5afe-9fa7-abab71784da8.mp4,patch_only,,0.7,0.3,motion_soft,2,4,0.07,0.01,0.050647820965842166,0.09923439340400471,0.09923439340400471,0.212603062426384
annotated,VEO3,26974515-dce1-57d7-a5ac-07d4a67d279b.mp4,patch_only,,0.7,0.3,motion_soft,2,4,0.07,0.01,0.44876325088339225,0.3174911660777385,0.3174911660777385,0.011189634864546525
annotated,VEO3,26b07569-dcfb-55a7-bd93-e7ab3c3e288a.mp4,patch_only,,0.7,0.3,motion_soft,2,4,0.07,0.01,0.027090694935217905,0.026383981154299175,0.026383981154299175,0.024734982332155476
annotated,VEO3,26cfb384-7a6f-5ad9-a646-460cd2d5e07c.mp4,patch_only,,0.7,0.3,motion_soft,2,4,0.07,0.01,0.030624263839811542,0.027620730270906946,0.027620730270906946,0.02061248527679623
annotated,VEO3,26ed4b35-98c9-583f-88ea-27073e91e9a3.mp4,patch_only,,0.7,0.3,motion_soft,2,4,0.07,0.01,0.09187279151943463,0.12667844522968197,0.12667844522968197,0.20789163722025913
annotated,VEO3,27452935-d984-56c1-b91e-b678ebb9ea39.mp4,patch_only,,0.7,0.3,motion_soft,2,4,0.07,0.01,0.4458186101295642,0.4311542991755005,0.4311542991755005,0.39693757361601884
annotated,VEO3,27543631-bfb5-5c18-b9d8-90eed80d5319.mp4,patch_only,,0.7,0.3,motion_soft,2,4,0.07,0.01,0.10424028268551237,0.2049469964664311,0.2049469964664311,0.43992932862190814
annotated,VEO3,275ce5ad-eb5b-55e9-98e6-baf1a2636abd.mp4,patch_only,,0.7,0.3,motion_soft,2,4,0.07,0.01,0.24440518256772673,0.17461719670200235,0.17461719670200235,0.011778563015312132
annotated,VEO3,2764038d-009c-537a-b51a-bf9718b4ae6f.mp4,patch_only,,0.7,0.3,motion_soft,2,4,0.07,0.01,0.0017667844522968198,0.07597173144876325,0.07597173144876325,0.24911660777385158
annotated,VEO3,27644df7-c8fa-5a5d-9c17-8cd67fd11332.mp4,patch_only,,0.7,0.3,motion_soft,2,4,0.07,0.01,0.01707891637220259,0.03386336866902238,0.03386336866902238,0.07302709069493522
annotated,VEO3,278218ac-2ec2-5403-aaee-7154395abea8.mp4,patch_only,,0.7,0.3,motion_soft,2,4,0.07,0.01,0.05771495877502945,0.05983510011778563,0.05983510011778563,0.06478209658421673
annotated,VEO3,278dbb47-3ce5-5214-b95e-2d2425611129.mp4,patch_only,,0.7,0.3,motion_soft,2,4,0.07,0.01,0.06713780918727916,0.2030035335689046,0.2030035335689046,0.5200235571260307
annotated,VEO3,27997893-377c-5cb4-937a-83bfb6fa543b.mp4,patch_only,,0.7,0.3,motion_soft,2,4,0.07,0.01,0.7285041224970553,0.7779740871613663,0.7779740871613663,0.8934040047114252
annotated,VEO3,279aa96b-39d8-5af1-ba86-72df56d9a48f.mp4,patch_only,,0.7,0.3,motion_soft,2,4,0.07,0.01,0.3197879858657244,0.31219081272084803,0.31219081272084803,0.2944640753828033
annotated,VEO3,27a7bfa0-ea7e-5c4a-afc2-bcfb64fa00d4.mp4,patch_only,,0.7,0.3,motion_soft,2,4,0.07,0.01,0.011189634864546525,0.042638398115429924,0.042638398115429924,0.1160188457008245
annotated,VEO3,27abf194-2082-51bd-90e4-8cd19ebb0607.mp4,patch_only,,0.7,0.3,motion_soft,2,4,0.07,0.01,0.23792697290930506,0.3197290930506478,0.3197290930506478,0.5106007067137809
annotated,VEO3,27be9fa1-8239-5d4e-99b5-1827f4197800.mp4,patch_only,,0.7,0.3,motion_soft,2,4,0.07,0.01,0.43227326266195526,0.5898704358068315,0.5898704358068315,0.9575971731448764
annotated,VEO3,27cf03fa-d3d9-5ea2-a1a5-92a60f548ce0.mp4,patch_only,,0.7,0.3,motion_soft,2,4,0.07,0.01,0.22673733804475854,0.37002355712603063,0.37002355712603063,0.7043580683156655
annotated,VEO3,27f109e8-5aed-5db5-b799-f0c3473150ce.mp4,patch_only,,0.7,0.3,motion_soft,2,4,0.07,0.01,0.35335689045936397,0.2876325088339222,0.2876325088339222,0.13427561837455831
annotated,VEO3,27f3fabd-b8eb-54d6-bdfd-0f65b217ec4b.mp4,patch_only,,0.7,0.3,motion_soft,2,4,0.07,0.01,0.4929328621908127,0.39452296819787985,0.39452296819787985,0.16489988221436985
annotated,VEO3,2803b7b5-b897-5130-aed2-6de171b0998f.mp4,patch_only,,0.7,0.3,motion_soft,2,4,0.07,0.01,0.05712603062426384,0.2044758539458186,0.2044758539458186,0.5482921083627798
annotated,VEO3,281981e7-f310-5cf7-a905-0b2c0c905d8b.mp4,patch_only,,0.7,0.3,motion_soft,2,4,0.07,0.01,0.013545347467608953,0.12449941107184924,0.12449941107184924,0.3833922261484099
annotated,VEO3,281b91fd-b232-5700-97b7-0354163c11dd.mp4,patch_only,,0.7,0.3,motion_soft,2,4,0.07,0.01,0.002355712603062426,0.0251472320376914,0.0251472320376914,0.07832744405182568
annotated,VEO3,2893c925-3212-57b8-9982-43c8a4612f8a.mp4,patch_only,,0.7,0.3,motion_soft,2,4,0.07,0.01,0.3934040047114252,0.5437573616018845,0.5437573616018845,0.8945818610129564
annotated,VEO3,28946aaf-a287-5d70-ad93-130c2948a70e.mp4,patch_only,,0.7,0.3,motion_soft,2,4,0.07,0.01,0.053003533568904596,0.1303886925795053,0.1303886925795053,0.31095406360424027
annotated,VEO3,2896dc69-f2e6-56d0-aac2-347f1df3a04d.mp4,patch_only,,0.7,0.3,motion_soft,2,4,0.07,0.01,0.08244994110718493,0.061071849234393405,0.061071849234393405,0.011189634864546525
annotated,VEO3,28ae8ee4-fa65-5f4a-8135-a2a96bfaeb80.mp4,patch_only,,0.7,0.3,motion_soft,2,4,0.07,0.01,0.41872791519434627,0.32296819787985864,0.32296819787985864,0.09952885747938751
annotated,VEO3,28c3f0f4-d16c-5772-a591-6647a79aae85.mp4,patch_only,,0.7,0.3,motion_soft,2,4,0.07,0.01,0.23498233215547704,0.18250883392226147,0.18250883392226147,0.06007067137809187
annotated,VEO3,28cd0d65-b9b6-5cb9-bab9-04af14599b31.mp4,patch_only,,0.7,0.3,motion_soft,2,4,0.07,0.01,0.5836277974087162,0.6730270906949353,0.6730270906949353,0.8816254416961131
annotated,VEO3,28dc58db-ee31-580d-b784-d4cb0c05af7b.mp4,patch_only,,0.7,0.3,motion_soft,2,4,0.07,0.01,0.011189634864546525,0.00800942285041225,0.00800942285041225,0.0005889281507656066
annotated,VEO3,290ba2c5-2645-557b-9943-0628efbf5b26.mp4,patch_only,,0.7,0.3,motion_soft,2,4,0.07,0.01,0.0,0.003710247349823321,0.003710247349823321,0.012367491166077738
annotated,VEO3,29133eee-59e9-5af3-8a58-571446cdb485.mp4,patch_only,,0.7,0.3,motion_soft,2,4,0.07,0.01,0.17667844522968199,0.1528268551236749,0.1528268551236749,0.09717314487632508
annotated,VEO3,29263740-48c1-58cb-bc4f-c4476f896a12.mp4,patch_only,,0.7,0.3,motion_soft,2,4,0.07,0.01,0.4128386336866902,0.2930506478209658,0.2930506478209658,0.013545347467608953
annotated,VEO3,29281fa3-064e-50a2-b086-8d7ca669e051.mp4,patch_only,,0.7,0.3,motion_soft,2,4,0.07,0.01,0.18256772673733804,0.12850412249705534,0.12850412249705534,0.002355712603062426
annotated,VEO3,29282f90-f8ff-5b30-898c-65e3cab837dc.mp4,patch_only,,0.7,0.3,motion_soft,2,4,0.07,0.01,0.4016489988221437,0.5419316843345112,0.5419316843345112,0.8692579505300353
annotated,VEO3,296f632f-09df-5540-9ca2-6cc268bc1af4.mp4,patch_only,,0.7,0.3,motion_soft,2,4,0.07,0.01,0.009422850412249705,0.03680800942285041,0.03680800942285041,0.10070671378091872
annotated,VEO3,298c0c72-4e5a-5bd2-ba70-27edafcec43e.mp4,patch_only,,0.7,0.3,motion_soft,2,4,0.07,0.01,0.016489988221436984,0.02055359246171967,0.02055359246171967,0.030035335689045935
annotated,VEO3,29968f04-3e8f-5dd1-a7f5-3fad6a0c20a8.mp4,patch_only,,0.7,0.3,motion_soft,2,4,0.07,0.01,0.49411071849234395,0.5025912838633687,0.5025912838633687,0.5223792697290931
annotated,VEO3,299a97c8-8c0c-5a58-a52a-18c137fe0fd3.mp4,patch_only,,0.7,0.3,motion_soft,2,4,0.07,0.01,0.01060070671378092,0.03215547703180212,0.03215547703180212,0.08244994110718493
annotated,VEO3,29a000cc-c1a8-555b-919f-adb0fd3dc9e3.mp4,patch_only,,0.7,0.3,motion_soft,2,4,0.07,0.01,0.002944640753828033,0.038633686690223795,0.038633686690223795,0.12190812720848057
annotated,VEO3,2a1cd811-4c31-5a8c-93d1-4d1005afb3ec.mp4,patch_only,,0.7,0.3,motion_soft,2,4,0.07,0.01,0.07420494699646643,0.05212014134275618,0.05212014134275618,0.0005889281507656066
annotated,VEO3,2abb5777-f955-543c-830b-7a9e104c1bf9.mp4,patch_only,,0.7,0.3,motion_soft,2,4,0.07,0.01,0.0,0.01713780918727915,0.01713780918727915,0.05712603062426384
annotated,VEO3,2abd8708-098b-55b4-9cf5-65a12db59013.mp4,patch_only,,0.7,0.3,motion_soft,2,4,0.07,0.01,0.002944640753828033,0.06601884570082449,0.06601884570082449,0.21319199057714958
annotated,VEO3,2ac1915d-bb87-503a-b2f9-7b316d5a2017.mp4,patch_only,,0.7,0.3,motion_soft,2,4,0.07,0.01,0.37868080094228507,0.4769140164899882,0.4769140164899882,0.7061248527679623
annotated,VEO3,2acd8dc2-66e9-5fe5-ad9c-1145a6cf6fdc.mp4,patch_only,,0.7,0.3,motion_soft,2,4,0.07,0.01,0.3845700824499411,0.4287396937573616,0.4287396937573616,0.5318021201413428
annotated,VEO3,2ad36656-31e4-5940-802a-ae0c57eb9d15.mp4,patch_only,,0.7,0.3,motion_soft,2,4,0.07,0.01,0.002355712603062426,0.12055359246171966,0.12055359246171966,0.3963486454652532
annotated,VEO3,2ae18341-cbc8-5e51-bee0-fb8beb4f6408.mp4,patch_only,,0.7,0.3,motion_soft,2,4,0.07,0.01,0.1607773851590106,0.3568904593639576,0.3568904593639576,0.8144876325088339
annotated,VEO3,2ae68ca7-6022-589a-9e02-792f3c2a86ce.mp4,patch_only,,0.7,0.3,motion_soft,2,4,0.07,0.01,0.015312131919905771,0.07909305064782098,0.07909305064782098,0.22791519434628976
annotated,VEO3,2b0c315d-8b2a-52ac-8fbb-2d422db5e5fc.mp4,patch_only,,0.7,0.3,motion_soft,2,4,0.07,0.01,0.2326266195524146,0.17979976442873968,0.17979976442873968,0.05653710247349823
annotated,VEO3,2b0e1305-25c6-5034-bf48-c1781cb5cc7b.mp4,patch_only,,0.7,0.3,motion_soft,2,4,0.07,0.01,0.016489988221436984,0.059599528857479385,0.059599528857479385,0.160188457008245
annotated,VEO3,2b2bede8-d0e6-53f4-ae1e-42c05600bada.mp4,patch_only,,0.7,0.3,motion_soft,2,4,0.07,0.01,0.07008244994110718,0.2043580683156655,0.2043580683156655,0.5176678445229682
annotated,VEO3,2b3ec858-fc48-529c-8783-fdce7e760eb5.mp4,patch_only,,0.7,0.3,motion_soft,2,4,0.07,0.01,0.0035335689045936395,0.005830388692579505,0.005830388692579505,0.011189634864546525
annotated,VEO3,2b7fc33b-c6f6-5444-9a0b-e175149dba66.mp4,patch_only,,0.7,0.3,motion_soft,2,4,0.07,0.01,0.29858657243816256,0.21378091872791521,0.21378091872791521,0.015901060070671377
annotated,VEO3,2b80a552-6d73-5471-b150-fbcf85dd2083.mp4,patch_only,,0.7,0.3,motion_soft,2,4,0.07,0.01,0.5412249705535924,0.6113663133097762,0.6113663133097762,0.7750294464075382
annotated,VEO3,2b9e4abd-524c-5cbd-ab64-55e2b9fe63d8.mp4,patch_only,,0.7,0.3,motion_soft,2,4,0.07,0.01,0.03769140164899882,0.04723203769140164,0.04723203769140164,0.06949352179034157
annotated,VEO3,2bc23ae4-7a7a-5421-a8a4-58c1f9116421.mp4,patch_only,,0.7,0.3,motion_soft,2,4,0.07,0.01,0.20906949352179033,0.2640164899882214,0.2640164899882214,0.392226148409894
annotated,VEO3,2bf44529-8f13-5098-a529-aaabb3855dd6.mp4,patch_only,,0.7,0.3,motion_soft,2,4,0.07,0.01,0.16607773851590105,0.12402826855123673,0.12402826855123673,0.02591283863368669
annotated,VEO3,2d3e053c-cf5f-592d-93b0-9ee2198116d8.mp4,patch_only,,0.7,0.3,motion_soft,2,4,0.07,0.01,0.004711425206124852,0.004004711425206124,0.004004711425206124,0.002355712603062426
annotated,VEO3,2d4be926-cf91-5f72-9ffc-1e78e5bfecf0.mp4,patch_only,,0.7,0.3,motion_soft,2,4,0.07,0.01,0.05005889281507656,0.06949352179034157,0.06949352179034157,0.11484098939929328
annotated,VEO3,2d4ea9cd-a7d8-530f-bc44-9483f4177b4d.mp4,patch_only,,0.7,0.3,motion_soft,2,4,0.07,0.01,0.037102473498233215,0.02773851590106007,0.02773851590106007,0.005889281507656066
annotated,VEO3,2d546c47-9bea-5000-b5e8-9eee7a102385.mp4,patch_only,,0.7,0.3,motion_soft,2,4,0.07,0.01,0.29917550058892817,0.3608362779740871,0.3608362779740871,0.5047114252061249
annotated,VEO3,2d59dd0f-4543-5432-81ec-bfe1fa10a018.mp4,patch_only,,0.7,0.3,motion_soft,2,4,0.07,0.01,0.2597173144876325,0.3874558303886926,0.3874558303886926,0.6855123674911661
annotated,VEO3,2d94aea2-531d-5e68-b589-17ad844c2376.mp4,patch_only,,0.7,0.3,motion_soft,2,4,0.07,0.01,0.004711425206124852,0.029976442873969375,0.029976442873969375,0.08892815076560659
annotated,VEO3,2db835e8-3ab4-5d8c-a0a5-79e8e840c109.mp4,patch_only,,0.7,0.3,motion_soft,2,4,0.07,0.01,0.5906949352179034,0.612603062426384,0.612603062426384,0.6637220259128387
annotated,VEO3,2dc620b3-f401-5176-b89e-0024f50214c9.mp4,patch_only,,0.7,0.3,motion_soft,2,4,0.07,0.01,0.0,0.03833922261484098,0.03833922261484098,0.12779740871613662
annotated,VEO3,2dc7de6e-f25d-59df-8a61-b64d62eec1b8.mp4,patch_only,,0.7,0.3,motion_soft,2,4,0.07,0.01,0.22084805653710246,0.18091872791519434,0.18091872791519434,0.08775029446407538
annotated,VEO3,2dcbb394-4739-5ca4-be46-2c134f1a2790.mp4,patch_only,,0.7,0.3,motion_soft,2,4,0.07,0.01,0.13898704358068315,0.1303297997644287,0.1303297997644287,0.11012956419316844
annotated,VEO3,2dd5ac14-0e5e-52cb-8c8f-ae4a81f86be6.mp4,patch_only,,0.7,0.3,motion_soft,2,4,0.07,0.01,0.4552414605418139,0.5423439340400471,0.5423439340400471,0.7455830388692579
annotated,VEO3,2e092618-feb9-54da-84bf-c813b713bc36.mp4,patch_only,,0.7,0.3,motion_soft,2,4,0.07,0.01,0.40694935217903416,0.517020023557126,0.517020023557126,0.773851590106007
annotated,VEO3,2e32e3a6-1dba-5465-931b-1f86a4d6b54e.mp4,patch_only,,0.7,0.3,motion_soft,2,4,0.07,0.01,0.3934040047114252,0.2824499411071849,0.2824499411071849,0.023557126030624265
annotated,VEO3,2e3b1cac-23f9-5f1b-a0b7-79ce19682ede.mp4,patch_only,,0.7,0.3,motion_soft,2,4,0.07,0.01,0.008244994110718492,0.06548881036513544,0.06548881036513544,0.19905771495877503
annotated,VEO3,2e3dd479-5547-52f3-89c5-1cc7548a2667.mp4,patch_only,,0.7,0.3,motion_soft,2,4,0.07,0.01,0.030624263839811542,0.04228504122497055,0.04228504122497055,0.06949352179034157
annotated,VEO3,2e82b74e-858c-583c-8dd6-a3be0a442f07.mp4,patch_only,,0.7,0.3,motion_soft,2,4,0.07,0.01,0.008244994110718492,0.053828032979976445,0.053828032979976445,0.160188457008245
annotated,VEO3,2e8c3bc7-7baa-557f-a1c2-ae2f65c4b446.mp4,patch_only,,0.7,0.3,motion_soft,2,4,0.07,0.01,0.7656065959952886,0.6820376914016489,0.6820376914016489,0.4870435806831567
annotated,VEO3,2e9537c0-05a3-5e81-a5b0-811c8b97c6a0.mp4,patch_only,,0.7,0.3,motion_soft,2,4,0.07,0.01,0.3221436984687868,0.2671967020023557,0.2671967020023557,0.13898704358068315
annotated,VEO3,2eabc558-fef1-59cd-b933-818029058ebf.mp4,patch_only,,0.7,0.3,motion_soft,2,4,0.07,0.01,0.020023557126030624,0.09899882214369846,0.09899882214369846,0.2832744405182568
annotated,VEO3,2ec48443-271e-58a7-a110-d26c5e3affec.mp4,patch_only,,0.7,0.3,motion_soft,2,4,0.07,0.01,0.7638398115429917,0.6523557126030624,0.6523557126030624,0.392226148409894
annotated,VEO3,2eca8773-bde5-5c3e-80b2-14622f34d23e.mp4,patch_only,,0.7,0.3,motion_soft,2,4,0.07,0.01,0.44817432273262664,0.541813898704358,0.541813898704358,0.7603062426383981
annotated,VEO3,2f62414f-11cf-5f16-823a-5fe6cc420492.mp4,patch_only,,0.7,0.3,motion_soft,2,4,0.07,0.01,0.6967020023557126,0.7590694935217903,0.7590694935217903,0.9045936395759717
annotated,VEO3,2f64a2d6-6771-5563-b3d8-a204dac9be6c.mp4,patch_only,,0.7,0.3,motion_soft,2,4,0.07,0.01,0.0,0.06431095406360424,0.06431095406360424,0.2143698468786808
annotated,VEO3,2f6e8ca1-84ff-5020-88cb-e115b80cc661.mp4,patch_only,,0.7,0.3,motion_soft,2,4,0.07,0.01,0.17550058892815076,0.13433451118963485,0.13433451118963485,0.03828032979976443
annotated,VEO3,2fa6ac0c-0dd6-52f8-824f-7eba736f062a.mp4,patch_only,,0.7,0.3,motion_soft,2,4,0.07,0.01,0.015901060070671377,0.09575971731448764,0.09575971731448764,0.28209658421672557
annotated,VEO3,2faf42af-9488-580b-83b3-a8d1b020b23d.mp4,patch_only,,0.7,0.3,motion_soft,2,4,0.07,0.01,0.160188457008245,0.2059481743227326,0.2059481743227326,0.3127208480565371
annotated,VEO3,2ffbf069-7057-57d2-aac8-cd2493f9e549.mp4,patch_only,,0.7,0.3,motion_soft,2,4,0.07,0.01,0.18433451118963487,0.3419316843345112,0.3419316843345112,0.709658421672556
annotated,VEO3,30166aeb-d812-5d88-8187-6914dd18664f.mp4,patch_only,,0.7,0.3,motion_soft,2,4,0.07,0.01,0.4988221436984688,0.49263839811542987,0.49263839811542987,0.47820965842167257
annotated,VEO3,30839fab-443c-5abc-ad13-95c0277a5978.mp4,patch_only,,0.7,0.3,motion_soft,2,4,0.07,0.01,0.0035335689045936395,0.06890459363957596,0.06890459363957596,0.22143698468786807
annotated,VEO3,30904bc3-a47e-5d60-8001-ac02e217830f.mp4,patch_only,,0.7,0.3,motion_soft,2,4,0.07,0.01,0.44051825677267376,0.536454652532391,0.536454652532391,0.7603062426383981
annotated,VEO3,30916364-cf46-5995-968e-6c4878b67e52.mp4,patch_only,,0.7,0.3,motion_soft,2,4,0.07,0.01,0.04004711425206125,0.2161955241460542,0.2161955241460542,0.627208480565371
annotated,VEO3,3096cf20-cd88-5b4d-bea6-61746776ff67.mp4,patch_only,,0.7,0.3,motion_soft,2,4,0.07,0.01,0.6619552414605419,0.6297997644287396,0.6297997644287396,0.5547703180212014
annotated,VEO3,309f6373-34f7-5316-842d-f235b38cc475.mp4,patch_only,,0.7,0.3,motion_soft,2,4,0.07,0.01,0.0,0.013250883392226149,0.013250883392226149,0.044169611307420496
annotated,VEO3,310c026f-b275-5151-8ccc-ecb4310cdfac.mp4,patch_only,,0.7,0.3,motion_soft,2,4,0.07,0.01,0.24440518256772673,0.18627797408716135,0.18627797408716135,0.050647820965842166
annotated,VEO3,31447147-a3c3-5957-974c-536146657116.mp4,patch_only,,0.7,0.3,motion_soft,2,4,0.07,0.01,0.14428739693757361,0.1031213191990577,0.1031213191990577,0.007067137809187279
annotated,VEO3,319213d0-12dc-50ff-b926-fa4f9ed610c6.mp4,patch_only,,0.7,0.3,motion_soft,2,4,0.07,0.01,0.0,0.08003533568904593,0.08003533568904593,0.2667844522968198
annotated,VEO3,3199f3e0-902a-5d87-99bd-ef7be60af6c0.mp4,patch_only,,0.7,0.3,motion_soft,2,4,0.07,0.01,0.0,0.012014134275618375,0.012014134275618375,0.04004711425206125
annotated,VEO3,31dc3556-ea23-5f40-8cbd-e630921a1939.mp4,patch_only,,0.7,0.3,motion_soft,2,4,0.07,0.01,0.0,0.06236749116607774,0.06236749116607774,0.20789163722025913
annotated,VEO3,31e2d34e-ebbc-5775-b4e3-5f4602b156d9.mp4,patch_only,,0.7,0.3,motion_soft,2,4,0.07,0.01,0.14016489988221437,0.10217903415783273,0.10217903415783273,0.013545347467608953
annotated,VEO3,31f40288-a373-5e7b-b4b3-3120331a549c.mp4,patch_only,,0.7,0.3,motion_soft,2,4,0.07,0.01,0.035924617196702,0.058716136631330976,0.058716136631330976,0.11189634864546526
annotated,VEO3,3267d3cf-bd21-54cc-8975-5c6dd4c5aad8.mp4,patch_only,,0.7,0.3,motion_soft,2,4,0.07,0.01,0.37750294464075385,0.33297997644287397,0.33297997644287397,0.22909305064782096
annotated,VEO3,3276ae42-4d4f-5319-94ec-b1ec381729cd.mp4,patch_only,,0.7,0.3,motion_soft,2,4,0.07,0.01,0.0,0.028975265017667846,0.028975265017667846,0.09658421672555949
annotated,VEO3,327ac06b-6561-5516-805f-1d094301a942.mp4,patch_only,,0.7,0.3,motion_soft,2,4,0.07,0.01,0.5070671378091873,0.3950530035335689,0.3950530035335689,0.1336866902237927
annotated,VEO3,32c34f36-65d5-5296-bb2e-b2a2029c9431.mp4,patch_only,,0.7,0.3,motion_soft,2,4,0.07,0.01,0.024734982332155476,0.0234982332155477,0.0234982332155477,0.02061248527679623
annotated,VEO3,33553aa0-0ded-581c-be64-a52001213cb1.mp4,patch_only,,0.7,0.3,motion_soft,2,4,0.07,0.01,0.08480565371024736,0.07985865724381626,0.07985865724381626,0.06831566548881036
annotated,VEO3,335e687c-ddf5-55f9-8e91-1cf80322aeac.mp4,patch_only,,0.7,0.3,motion_soft,2,4,0.07,0.01,0.025323910482921083,0.16401648998822144,0.16401648998822144,0.4876325088339223
annotated,VEO3,337a8cbd-e5b4-588a-8de6-c323896d12b4.mp4,patch_only,,0.7,0.3,motion_soft,2,4,0.07,0.01,0.10836277974087162,0.11083627797408716,0.11083627797408716,0.1166077738515901
annotated,VEO3,339cf2f7-6310-5984-b134-48f5690e5554.mp4,patch_only,,0.7,0.3,motion_soft,2,4,0.07,0.01,0.06713780918727916,0.0881625441696113,0.0881625441696113,0.13722025912838634
annotated,VEO3,33a128d4-afcf-55f5-ab5a-58674c923412.mp4,patch_only,,0.7,0.3,motion_soft,2,4,0.07,0.01,0.44346289752650175,0.5068904593639576,0.5068904593639576,0.6548881036513545
annotated,VEO3,33f65f0f-da58-5603-8d82-cb298b08064d.mp4,patch_only,,0.7,0.3,motion_soft,2,4,0.07,0.01,0.10600706713780919,0.11819787985865723,0.11819787985865723,0.14664310954063603
annotated,VEO3,341d2a27-7f69-5f90-97ce-079df1d31d10.mp4,patch_only,,0.7,0.3,motion_soft,2,4,0.07,0.01,0.0005889281507656066,0.035571260306242636,0.035571260306242636,0.11719670200235571
annotated,VEO3,34420b89-8c35-560b-b4ca-8c3fd7c5e9fd.mp4,patch_only,,0.7,0.3,motion_soft,2,4,0.07,0.01,0.19493521790341578,0.1426383981154299,0.1426383981154299,0.02061248527679623
annotated,VEO3,34976313-a42b-54c1-a63c-ef597dd00afa.mp4,patch_only,,0.7,0.3,motion_soft,2,4,0.07,0.01,0.2944640753828033,0.27485276796230856,0.27485276796230856,0.22909305064782096
annotated,VEO3,349adbe2-4eaf-5191-905a-dd164b629714.mp4,patch_only,,0.7,0.3,motion_soft,2,4,0.07,0.01,0.07302709069493522,0.16578327444051824,0.16578327444051824,0.3822143698468787
annotated,VEO3,34cc20ca-155a-500f-93cf-c312e643255c.mp4,patch_only,,0.7,0.3,motion_soft,2,4,0.07,0.01,0.2408716136631331,0.17656065959952885,0.17656065959952885,0.026501766784452298
annotated,VEO3,34cfa861-b728-53cb-a082-7d3108cfd894.mp4,patch_only,,0.7,0.3,motion_soft,2,4,0.07,0.01,0.002355712603062426,0.04705535924617196,0.04705535924617196,0.1513545347467609
annotated,VEO3,358aa30f-48c7-5f18-8f33-23610df9fc3f.mp4,patch_only,,0.7,0.3,motion_soft,2,4,0.07,0.01,0.006478209658421673,0.032449941107184924,0.032449941107184924,0.09305064782096584
annotated,VEO3,35b398c7-c1db-5293-a0e6-93574e29f1c6.mp4,patch_only,,0.7,0.3,motion_soft,2,4,0.07,0.01,0.2067137809187279,0.3522968197879859,0.3522968197879859,0.6919905771495878
annotated,VEO3,35f103ff-0af7-575f-b08c-98ad67a75e67.mp4,patch_only,,0.7,0.3,motion_soft,2,4,0.07,0.01,0.3998822143698469,0.3687868080094228,0.3687868080094228,0.2962308598351001
annotated,VEO3,35f79e50-a91d-5edf-ad0b-509a4f95243f.mp4,patch_only,,0.7,0.3,motion_soft,2,4,0.07,0.01,0.30094228504122494,0.44864546525323906,0.44864546525323906,0.7932862190812721
annotated,VEO3,3665cc33-db98-55db-966d-af26e24d1acc.mp4,patch_only,,0.7,0.3,motion_soft,2,4,0.07,0.01,0.01707891637220259,0.07220259128386337,0.07220259128386337,0.20082449941107186
annotated,VEO3,3666bb35-a156-5baf-9c8f-ceaa573e47af.mp4,patch_only,,0.7,0.3,motion_soft,2,4,0.07,0.01,0.002944640753828033,0.014782096584216725,0.014782096584216725,0.04240282685512368
annotated,VEO3,366edb75-ec5b-5b34-81cd-73cf8ac53641.mp4,patch_only,,0.7,0.3,motion_soft,2,4,0.07,0.01,0.001177856301531213,0.09004711425206124,0.09004711425206124,0.29740871613663133
annotated,VEO3,36bc5059-8b4f-514e-9249-cffd6c281f4a.mp4,patch_only,,0.7,0.3,motion_soft,2,4,0.07,0.01,0.05005889281507656,0.044581861012956414,0.044581861012956414,0.03180212014134275
annotated,VEO3,36dbb225-f842-5eef-adb7-aad108a0c5c4.mp4,patch_only,,0.7,0.3,motion_soft,2,4,0.07,0.01,0.3916372202591284,0.43121319199057717,0.43121319199057717,0.5235571260306242
annotated,VEO3,36ee4e28-8b72-5b1c-a46d-a51942985529.mp4,patch_only,,0.7,0.3,motion_soft,2,4,0.07,0.01,0.0,0.011484098939929329,0.011484098939929329,0.03828032979976443
annotated,VEO3,36f0ceb2-e27b-50ae-8d4d-827a1d8cff33.mp4,patch_only,,0.7,0.3,motion_soft,2,4,0.07,0.01,0.5070671378091873,0.37756183745583044,0.37756183745583044,0.07538280329799764
annotated,VEO3,370df03c-94f4-5b33-85f0-7ef0dfd75291.mp4,patch_only,,0.7,0.3,motion_soft,2,4,0.07,0.01,0.10129564193168433,0.08627797408716137,0.08627797408716137,0.05123674911660778
annotated,VEO3,374cc2c0-8de8-5a30-bb35-7e21ca327071.mp4,patch_only,,0.7,0.3,motion_soft,2,4,0.07,0.01,0.8763250883392226,0.9037102473498233,0.9037102473498233,0.9676089517078916
annotated,VEO3,37521597-2ead-5546-b18c-ef3bdbe72bea.mp4,patch_only,,0.7,0.3,motion_soft,2,4,0.07,0.01,0.30094228504122494,0.29210836277974084,0.29210836277974084,0.2714958775029446
annotated,VEO3,37c6ad3d-adfe-5fa8-b80c-901040b755b2.mp4,patch_only,,0.7,0.3,motion_soft,2,4,0.07,0.01,0.009422850412249705,0.04087161366313309,0.04087161366313309,0.11425206124852769
annotated,VEO3,37f9715a-87f9-50d0-85ca-d3d1f03451ba.mp4,patch_only,,0.7,0.3,motion_soft,2,4,0.07,0.01,0.11071849234393404,0.18386336866902236,0.18386336866902236,0.3545347467608952
annotated,VEO3,38736f34-47c5-522d-97a1-7aef6eed627a.mp4,patch_only,,0.7,0.3,motion_soft,2,4,0.07,0.01,0.04063604240282685,0.03197879858657243,0.03197879858657243,0.011778563015312132
annotated,VEO3,38bff19a-60e1-5b88-9a8f-1b308a2cb5df.mp4,patch_only,,0.7,0.3,motion_soft,2,4,0.07,0.01,0.016489988221436984,0.0928150765606596,0.0928150765606596,0.270906949352179
annotated,VEO3,38c68429-8f72-54b3-b219-2626714b8975.mp4,patch_only,,0.7,0.3,motion_soft,2,4,0.07,0.01,0.06065959952885748,0.11719670200235571,0.11719670200235571,0.24911660777385158
annotated,VEO3,38cc2f33-4926-5886-a03d-32f950d3a467.mp4,patch_only,,0.7,0.3,motion_soft,2,4,0.07,0.01,0.038869257950530034,0.027385159010600704,0.027385159010600704,0.0005889281507656066
annotated,VEO3,39b19ed9-ad50-5f89-8b25-eda684181a8b.mp4,patch_only,,0.7,0.3,motion_soft,2,4,0.07,0.01,0.09010600706713781,0.0666077738515901,0.0666077738515901,0.011778563015312132
annotated,VEO3,39bb1147-8876-5038-94a4-cdb5b8406962.mp4,patch_only,,0.7,0.3,motion_soft,2,4,0.07,0.01,0.464075382803298,0.41107184923439344,0.41107184923439344,0.287396937573616
annotated,VEO3,39c729bc-a692-5c8d-b322-a1e5a4789677.mp4,patch_only,,0.7,0.3,motion_soft,2,4,0.07,0.01,0.18374558303886926,0.14081272084805652,0.14081272084805652,0.04063604240282685
annotated,VEO3,39d555de-8f70-5ae5-8612-0f85ea4aea56.mp4,patch_only,,0.7,0.3,motion_soft,2,4,0.07,0.01,0.43462897526501765,0.5501766784452297,0.5501766784452297,0.8197879858657244
annotated,VEO3,3a05a2c7-03d1-50e0-9321-c6001ef55aab.mp4,patch_only,,0.7,0.3,motion_soft,2,4,0.07,0.01,0.2585394581861013,0.262603062426384,0.262603062426384,0.27208480565371024
annotated,VEO3,3a36d8d0-3ff9-5124-b1c6-9ec717e4b972.mp4,patch_only,,0.7,0.3,motion_soft,2,4,0.07,0.01,0.3845700824499411,0.36071849234393405,0.36071849234393405,0.3050647820965842
annotated,VEO3,3a76b2c8-2d0e-58b8-84f5-b1340168bc39.mp4,patch_only,,0.7,0.3,motion_soft,2,4,0.07,0.01,0.009422850412249705,0.06419316843345112,0.06419316843345112,0.19199057714958775
annotated,VEO3,3aac3b40-7b3e-5646-bff1-1aa8e457bfbb.mp4,patch_only,,0.7,0.3,motion_soft,2,4,0.07,0.01,0.09422850412249706,0.24740871613663132,0.24740871613663132,0.6048292108362779
annotated,VEO3,3b7b5a33-0d48-552d-9b14-2d65f5f17559.mp4,patch_only,,0.7,0.3,motion_soft,2,4,0.07,0.01,0.01884570082449941,0.07449941107184924,0.07449941107184924,0.2043580683156655
annotated,VEO3,3bac398c-03e0-5480-8bdc-efff2b4fc313.mp4,patch_only,,0.7,0.3,motion_soft,2,4,0.07,0.01,0.022968197879858657,0.07667844522968198,0.07667844522968198,0.20200235571260305
annotated,VEO3,3bc18726-25cb-58d1-b490-49a09e5a8ff5.mp4,patch_only,,0.7,0.3,motion_soft,2,4,0.07,0.01,0.13133097762073026,0.15129564193168432,0.15129564193168432,0.1978798586572438
annotated,VEO3,3bc4ef6a-b0cb-5f6b-a256-63670f345f3c.mp4,patch_only,,0.7,0.3,motion_soft,2,4,0.07,0.01,0.04770318021201413,0.04151943462897526,0.04151943462897526,0.027090694935217905
annotated,VEO3,3bc5a2fc-a02e-5b98-be63-71e6528db5bc.mp4,patch_only,,0.7,0.3,motion_soft,2,4,0.07,0.01,0.2579505300353357,0.26413427561837455,0.26413427561837455,0.2785630153121319
annotated,VEO3,3c1f5970-10ca-5eec-81b2-3ee1e80236f6.mp4,patch_only,,0.7,0.3,motion_soft,2,4,0.07,0.01,0.5217903415783275,0.3760306242638398,0.3760306242638398,0.035924617196702
annotated,VEO3,3c4d0c22-b71d-5c69-8ca3-b74294c34b54.mp4,patch_only,,0.7,0.3,motion_soft,2,4,0.07,0.01,0.3280329799764429,0.4259128386336867,0.4259128386336867,0.6542991755005889
annotated,VEO3,3c863a77-e3c9-55ae-8614-f6af7237253b.mp4,patch_only,,0.7,0.3,motion_soft,2,4,0.07,0.01,0.009422850412249705,0.012249705535924617,0.012249705535924617,0.01884570082449941
annotated,VEO3,3ca97429-36a3-527b-bd5e-66c32d209191.mp4,patch_only,,0.7,0.3,motion_soft,2,4,0.07,0.01,0.4363957597173145,0.5482332155477031,0.5482332155477031,0.8091872791519434
annotated,VEO3,3cd221c7-07a7-56c3-9dc0-55ba574a8bcf.mp4,patch_only,,0.7,0.3,motion_soft,2,4,0.07,0.01,0.015312131919905771,0.11372202591283863,0.11372202591283863,0.34334511189634864
annotated,VEO3,3cf0ac4d-d596-556d-aa1f-e1f826f75749.mp4,patch_only,,0.7,0.3,motion_soft,2,4,0.07,0.01,0.18433451118963487,0.13645465253239106,0.13645465253239106,0.024734982332155476
annotated,VEO3,3d09d436-f82d-5354-bcac-e2c3d798f511.mp4,patch_only,,0.7,0.3,motion_soft,2,4,0.07,0.01,0.0088339222614841,0.10053003533568905,0.10053003533568905,0.31448763250883394
annotated,VEO3,3d171507-b9ca-52f3-90bf-57804c10d1d0.mp4,patch_only,,0.7,0.3,motion_soft,2,4,0.07,0.01,0.0005889281507656066,0.059776207302709064,0.059776207302709064,0.1978798586572438
annotated,VEO3,3d1af3d0-c854-5d23-ba67-1f0c5dc3aeba.mp4,patch_only,,0.7,0.3,motion_soft,2,4,0.07,0.01,0.15488810365135453,0.21513545347467605,0.21513545347467605,0.35571260306242636
annotated,VEO3,3d57c2cc-b4d1-5441-982e-0c9b6199d17e.mp4,patch_only,,0.7,0.3,motion_soft,2,4,0.07,0.01,0.05889281507656066,0.08910482921083628,0.08910482921083628,0.15959952885747938
annotated,VEO3,3dcbf69c-94e7-5803-b8cc-c2a13ddfa2db.mp4,patch_only,,0.7,0.3,motion_soft,2,4,0.07,0.01,0.9163722025912838,0.8637220259128386,0.8637220259128386,0.7408716136631331
annotated,VEO3,3e163358-3eec-55b7-88de-16233ad4df85.mp4,patch_only,,0.7,0.3,motion_soft,2,4,0.07,0.01,0.32391048292108365,0.28539458186101296,0.28539458186101296,0.1955241460541814
annotated,VEO3,3e393a96-4f66-5318-8dd6-e4e64061e7a5.mp4,patch_only,,0.7,0.3,motion_soft,2,4,0.07,0.01,0.016489988221436984,0.023557126030624265,0.023557126030624265,0.04004711425206125
annotated,VEO3,3e87afd4-ac33-54c2-924c-60ca82cb38a4.mp4,patch_only,,0.7,0.3,motion_soft,2,4,0.07,0.01,0.2791519434628975,0.3104240282685512,0.3104240282685512,0.3833922261484099
annotated,VEO3,3e897f1e-3142-5c2c-a956-275a9a3e0908.mp4,patch_only,,0.7,0.3,motion_soft,2,4,0.07,0.01,0.0,0.04893992932862191,0.04893992932862191,0.16313309776207302
annotated,VEO3,3eb3f616-db44-59c3-a9b5-585a52737d39.mp4,patch_only,,0.7,0.3,motion_soft,2,4,0.07,0.01,0.1784452296819788,0.17031802120141343,0.17031802120141343,0.1513545347467609
annotated,VEO3,3eb480a5-26c1-557d-8c43-5bacd87ab96c.mp4,patch_only,,0.7,0.3,motion_soft,2,4,0.07,0.01,0.5347467608951708,0.5222025912838634,0.5222025912838634,0.4929328621908127
annotated,VEO3,3ed23989-fd4b-5d23-bbbe-8d965bd2c689.mp4,patch_only,,0.7,0.3,motion_soft,2,4,0.07,0.01,0.06831566548881036,0.2904004711425206,0.2904004711425206,0.8085983510011778
annotated,VEO3,3efddc3d-9ed0-5a83-9916-fb3168447bed.mp4,patch_only,,0.7,0.3,motion_soft,2,4,0.07,0.01,0.4305064782096584,0.44181389870435805,0.44181389870435805,0.46819787985865724
annotated,VEO3,3f24f16d-b7f3-5da7-9ba5-a02b7304e599.mp4,patch_only,,0.7,0.3,motion_soft,2,4,0.07,0.01,0.07950530035335689,0.12773851590106006,0.12773851590106006,0.24028268551236748
annotated,VEO3,3f56ad96-17ab-59b7-bf17-3f6103b5dbff.mp4,patch_only,,0.7,0.3,motion_soft,2,4,0.07,0.01,0.0,0.09664310954063604,0.09664310954063604,0.3221436984687868
annotated,VEO3,3f659109-e913-5941-b0b3-e049006cf1c8.mp4,patch_only,,0.7,0.3,motion_soft,2,4,0.07,0.01,0.005889281507656066,0.006949352179034158,0.006949352179034158,0.009422850412249705
annotated,VEO3,3f68a033-b97e-5536-b800-37bd65bea289.mp4,patch_only,,0.7,0.3,motion_soft,2,4,0.07,0.01,0.2620730270906949,0.4159599528857479,0.4159599528857479,0.7750294464075382
annotated,VEO3,3f9f7d1a-995c-5d45-bfc3-d652e1e5f92e.mp4,patch_only,,0.7,0.3,motion_soft,2,4,0.07,0.01,0.23380447585394581,0.23044758539458185,0.23044758539458185,0.2226148409893993
annotated,VEO3,3fb5404b-0f8f-570b-9428-f651d798ce40.mp4,patch_only,,0.7,0.3,motion_soft,2,4,0.07,0.01,0.030624263839811542,0.08080094228504121,0.08080094228504121,0.1978798586572438
annotated,VEO3,3fc4f71c-97eb-58f5-b30e-24b4930922fa.mp4,patch_only,,0.7,0.3,motion_soft,2,4,0.07,0.01,0.03415783274440518,0.02603062426383981,0.02603062426383981,0.007067137809187279
annotated,VEO3,3fce3a34-d041-5a0f-9c58-4efcfce0ce29.mp4,patch_only,,0.7,0.3,motion_soft,2,4,0.07,0.01,0.5371024734982333,0.557243816254417,0.557243816254417,0.6042402826855123
annotated,VEO3,400ca3c8-b7d2-561f-90e1-fc4665149368.mp4,patch_only,,0.7,0.3,motion_soft,2,4,0.07,0.01,0.49411071849234395,0.5688457008244994,0.5688457008244994,0.7432273262661955
annotated,VEO3,402e8fa2-4219-53d5-9600-61fc49e37463.mp4,patch_only,,0.7,0.3,motion_soft,2,4,0.07,0.01,0.02767962308598351,0.03386336866902238,0.03386336866902238,0.048292108362779744
annotated,VEO3,40405e03-4897-51f5-89bf-0067a2d5f356.mp4,patch_only,,0.7,0.3,motion_soft,2,4,0.07,0.01,0.04181389870435807,0.037220259128386335,0.037220259128386335,0.026501766784452298
annotated,VEO3,404c8384-65b1-5757-9639-7ee8faeff372.mp4,patch_only,,0.7,0.3,motion_soft,2,4,0.07,0.01,0.032391048292108364,0.02797408716136631,0.02797408716136631,0.0176678445229682
annotated,VEO3,405daae0-87ee-52f8-a0bb-0dde8af61425.mp4,patch_only,,0.7,0.3,motion_soft,2,4,0.07,0.01,0.18374558303886926,0.16625441696113075,0.16625441696113075,0.1254416961130742
annotated,VEO3,40899610-6eb2-52ff-beaa-a7e7dbc5cbbb.mp4,patch_only,,0.7,0.3,motion_soft,2,4,0.07,0.01,0.6378091872791519,0.5567137809187278,0.5567137809187278,0.3674911660777385
annotated,VEO3,4091e18e-d785-51b3-9431-9d6624a0f4a5.mp4,patch_only,,0.7,0.3,motion_soft,2,4,0.07,0.01,0.015901060070671377,0.07667844522968198,0.07667844522968198,0.21849234393404005
annotated,VEO3,40e7163c-b5f9-5bcc-8a5e-f77a9ba1459e.mp4,patch_only,,0.7,0.3,motion_soft,2,4,0.07,0.01,0.053003533568904596,0.13091872791519435,0.13091872791519435,0.3127208480565371
annotated,VEO3,40ed0071-93e3-5fda-9095-326ce0b4dfc7.mp4,patch_only,,0.7,0.3,motion_soft,2,4,0.07,0.01,0.7114252061248527,0.5202591283863368,0.5202591283863368,0.07420494699646643
annotated,VEO3,41739376-f027-528e-b854-26edaa2f154e.mp4,patch_only,,0.7,0.3,motion_soft,2,4,0.07,0.01,0.2838633686690224,0.23863368669022378,0.23863368669022378,0.1330977620730271
annotated,VEO3,41adc91f-c7b0-5a68-894b-fb0d72a756a5.mp4,patch_only,,0.7,0.3,motion_soft,2,4,0.07,0.01,0.2585394581861013,0.2104829210836278,0.2104829210836278,0.0983510011778563
annotated,VEO3,41bd18db-945a-55a1-9d59-c6c710ca0f83.mp4,patch_only,,0.7,0.3,motion_soft,2,4,0.07,0.01,0.0035335689045936395,0.002826855123674911,0.002826855123674911,0.001177856301531213
annotated,VEO3,420094d0-4bc3-5c1f-8c90-008487fffa4d.mp4,patch_only,,0.7,0.3,motion_soft,2,4,0.07,0.01,0.07420494699646643,0.16060070671378093,0.16060070671378093,0.3621908127208481
annotated,VEO3,4236f0df-05c7-505d-aa65-35b93b8e4b31.mp4,patch_only,,0.7,0.3,motion_soft,2,4,0.07,0.01,0.25677267373380447,0.40270906949352175,0.40270906949352175,0.7432273262661955
annotated,VEO3,424a133e-dc09-5cd3-a743-1ad11f15557f.mp4,patch_only,,0.7,0.3,motion_soft,2,4,0.07,0.01,0.008244994110718492,0.019375736160188457,0.019375736160188457,0.04534746760895171
annotated,VEO3,42699ded-7cd9-51b7-a2e7-9c7edfdf4810.mp4,patch_only,,0.7,0.3,motion_soft,2,4,0.07,0.01,0.607773851590106,0.4567137809187279,0.4567137809187279,0.10424028268551237
annotated,VEO3,426f91ce-8482-5f8f-8bdf-0ab3e845704d.mp4,patch_only,,0.7,0.3,motion_soft,2,4,0.07,0.01,0.05889281507656066,0.1055359246171967,0.1055359246171967,0.2143698468786808
annotated,VEO3,4276d7ce-f3a4-54af-9ca6-c34e444ed2c8.mp4,patch_only,,0.7,0.3,motion_soft,2,4,0.07,0.01,0.030624263839811542,0.02355712603062426,0.02355712603062426,0.007067137809187279
annotated,VEO3,4283e250-ca0a-5541-8fe3-f838205f37c4.mp4,patch_only,,0.7,0.3,motion_soft,2,4,0.07,0.01,0.16666666666666666,0.22974087161366313,0.22974087161366313,0.37691401648998824
annotated,VEO3,42a6716c-dec4-595d-a3ad-b21a5c740d18.mp4,patch_only,,0.7,0.3,motion_soft,2,4,0.07,0.01,0.21083627797408716,0.1498822143698469,0.1498822143698469,0.0076560659599528855
annotated,VEO3,42cde357-e97e-57c4-aa84-1153cb038c6d.mp4,patch_only,,0.7,0.3,motion_soft,2,4,0.07,0.01,0.5282685512367491,0.5215547703180212,0.5215547703180212,0.5058892815076561
annotated,VEO3,42cfb21b-4c0a-5bcd-ace5-23e112f6c730.mp4,patch_only,,0.7,0.3,motion_soft,2,4,0.07,0.01,0.02237926972909305,0.017785630153121318,0.017785630153121318,0.007067137809187279
annotated,VEO3,42e9000a-5737-5ae5-b6d2-0281bfc4b767.mp4,patch_only,,0.7,0.3,motion_soft,2,4,0.07,0.01,0.5011778563015312,0.5451707891637221,0.5451707891637221,0.6478209658421673
annotated,VEO3,4324653e-6b3d-567c-992b-cf038987a9c2.mp4,patch_only,,0.7,0.3,motion_soft,2,4,0.07,0.01,0.004711425206124852,0.04782096584216725,0.04782096584216725,0.14840989399293286
annotated,VEO3,4328d703-a14a-580b-a1a5-fe4260f0b66e.mp4,patch_only,,0.7,0.3,motion_soft,2,4,0.07,0.01,0.4381625441696113,0.46766784452296817,0.46766784452296817,0.5365135453474676
annotated,VEO3,43ea87df-5bb9-53b9-bb3d-aeeef9f076c5.mp4,patch_only,,0.7,0.3,motion_soft,2,4,0.07,0.01,0.037102473498233215,0.059540636042402825,0.059540636042402825,0.11189634864546526
annotated,VEO3,43f9afd9-a2eb-567a-8202-c6b85f6f971f.mp4,patch_only,,0.7,0.3,motion_soft,2,4,0.07,0.01,0.016489988221436984,0.15147232037691402,0.15147232037691402,0.4664310954063604
annotated,VEO3,444c0c4a-0e66-5941-bd84-d28c474240e8.mp4,patch_only,,0.7,0.3,motion_soft,2,4,0.07,0.01,0.002355712603062426,0.01967020023557126,0.01967020023557126,0.06007067137809187
annotated,VEO3,44593172-f6a7-5b4f-a2f6-bdf04a2f59cb.mp4,patch_only,,0.7,0.3,motion_soft,2,4,0.07,0.01,0.016489988221436984,0.10500588928150766,0.10500588928150766,0.3115429917550059
annotated,VEO3,445b4882-ac71-5508-a011-06d0b8ffd8dd.mp4,patch_only,,0.7,0.3,motion_soft,2,4,0.07,0.01,0.0812720848056537,0.2114840989399293,0.2114840989399293,0.5153121319199058
annotated,VEO3,446c7b76-db57-5616-a5da-8a84701fbcf8.mp4,patch_only,,0.7,0.3,motion_soft,2,4,0.07,0.01,0.17255594817432274,0.2863368669022379,0.2863368669022379,0.5518256772673734
annotated,VEO3,446d9e8f-ae5e-5b3e-8f3e-7d0cb7859506.mp4,patch_only,,0.7,0.3,motion_soft,2,4,0.07,0.01,0.01884570082449941,0.015135453474676087,0.015135453474676087,0.006478209658421673
annotated,VEO3,446e962a-cce0-5690-9c7c-b640ee580e13.mp4,patch_only,,0.7,0.3,motion_soft,2,4,0.07,0.01,0.006478209658421673,0.012838633686690222,0.012838633686690222,0.02767962308598351
annotated,VEO3,449ae50c-d948-5fc0-8b36-679f9457a50c.mp4,patch_only,,0.7,0.3,motion_soft,2,4,0.07,0.01,0.0005889281507656066,0.08044758539458186,0.08044758539458186,0.2667844522968198
annotated,VEO3,44ac798f-76db-5bbd-bed6-8693f6774b30.mp4,patch_only,,0.7,0.3,motion_soft,2,4,0.07,0.01,0.23792697290930506,0.2548881036513545,0.2548881036513545,0.2944640753828033
annotated,VEO3,44ad6e33-2b9c-5d52-9f24-4810384abf89.mp4,patch_only,,0.7,0.3,motion_soft,2,4,0.07,0.01,0.03415783274440518,0.12073027090694935,0.12073027090694935,0.32273262661955243
annotated,VEO3,44e326bf-9060-5de8-864c-4289cbb63067.mp4,patch_only,,0.7,0.3,motion_soft,2,4,0.07,0.01,0.020023557126030624,0.031154299175500586,0.031154299175500586,0.05712603062426384
annotated,VEO3,44e9bc02-502f-5581-b1cf-a6f8d1a7caa5.mp4,patch_only,,0.7,0.3,motion_soft,2,4,0.07,0.01,0.0088339222614841,0.04558303886925795,0.04558303886925795,0.13133097762073026
annotated,VEO3,451527ee-26e7-5da2-a4a9-d2a9c624431f.mp4,patch_only,,0.7,0.3,motion_soft,2,4,0.07,0.01,0.020023557126030624,0.13733804475853945,0.13733804475853945,0.4110718492343934
annotated,VEO3,45378602-e916-5d06-88bf-8f11b7a978a6.mp4,patch_only,,0.7,0.3,motion_soft,2,4,0.07,0.01,0.1419316843345112,0.11454652532391048,0.11454652532391048,0.050647820965842166
annotated,VEO3,4544bf4b-5773-5944-8549-6272cf1784c1.mp4,patch_only,,0.7,0.3,motion_soft,2,4,0.07,0.01,0.45229681978798586,0.3789752650176678,0.3789752650176678,0.20789163722025913
annotated,VEO3,45451c1e-85cf-57fe-afe4-52fffc36f8bc.mp4,patch_only,,0.7,0.3,motion_soft,2,4,0.07,0.01,0.015901060070671377,0.11183745583038869,0.11183745583038869,0.33568904593639576
annotated,VEO3,4550f6ca-2058-5c8d-8a2c-84fc1d6ccf9e.mp4,patch_only,,0.7,0.3,motion_soft,2,4,0.07,0.01,0.2585394581861013,0.27921083627797405,0.27921083627797405,0.32744405182567726
annotated,VEO3,4576e489-3b7c-5228-aca7-5726bfd534b7.mp4,patch_only,,0.7,0.3,motion_soft,2,4,0.07,0.01,0.0812720848056537,0.08604240282685512,0.08604240282685512,0.09717314487632508
annotated,VEO3,457c920e-afa0-5f45-bd50-399594d29ebe.mp4,patch_only,,0.7,0.3,motion_soft,2,4,0.07,0.01,0.3586572438162544,0.3946996466431095,0.3946996466431095,0.4787985865724382
annotated,VEO3,45b81871-9445-58c6-9a94-16312576c378.mp4,patch_only,,0.7,0.3,motion_soft,2,4,0.07,0.01,0.07538280329799764,0.25347467608951707,0.25347467608951707,0.6690223792697291
annotated,VEO3,461b2ba8-48fe-5477-ad13-c1ce3e57eb59.mp4,patch_only,,0.7,0.3,motion_soft,2,4,0.07,0.01,0.03356890459363958,0.025971731448763254,0.025971731448763254,0.008244994110718492
annotated,VEO3,463f241e-f62d-5602-b481-24fdc4420e1f.mp4,patch_only,,0.7,0.3,motion_soft,2,4,0.07,0.01,0.6996466431095406,0.7242049469964664,0.7242049469964664,0.78150765606596
annotated,VEO3,467b5fdb-0be4-59e0-b7f6-4921beb60f2d.mp4,patch_only,,0.7,0.3,motion_soft,2,4,0.07,0.01,0.03415783274440518,0.032037691401649,0.032037691401649,0.027090694935217905
annotated,VEO3,469332fc-383e-5570-9d14-b7c88c0e0107.mp4,patch_only,,0.7,0.3,motion_soft,2,4,0.07,0.01,0.0,0.026678445229681977,0.026678445229681977,0.08892815076560659
annotated,VEO3,46fb802c-91ce-5d77-a6a9-d2d89a890ac0.mp4,patch_only,,0.7,0.3,motion_soft,2,4,0.07,0.01,0.020023557126030624,0.10606595995288576,0.10606595995288576,0.30683156654888105
annotated,VEO3,4704dade-8725-5bd2-9c81-0f073d5bd539.mp4,patch_only,,0.7,0.3,motion_soft,2,4,0.07,0.01,0.11366313309776208,0.0878680800942285,0.0878680800942285,0.02767962308598351
annotated,VEO3,478e8c11-ea2c-5227-8383-d890ffe5d6a4.mp4,patch_only,,0.7,0.3,motion_soft,2,4,0.07,0.01,0.04063604240282685,0.18409893992932863,0.18409893992932863,0.5188457008244994
annotated,VEO3,47945887-841d-5b63-b38e-cd5ab3714ce3.mp4,patch_only,,0.7,0.3,motion_soft,2,4,0.07,0.01,0.0,0.08162544169611306,0.08162544169611306,0.27208480565371024
annotated,VEO3,47a89d29-e8b3-5169-bb5b-b8be2cd4bdb1.mp4,patch_only,,0.7,0.3,motion_soft,2,4,0.07,0.01,0.06713780918727916,0.09293286219081273,0.09293286219081273,0.15312131919905772
annotated,VEO3,47b28840-e631-5f98-ac5e-fda90e9c16d6.mp4,patch_only,,0.7,0.3,motion_soft,2,4,0.07,0.01,0.26501766784452296,0.43215547703180207,0.43215547703180207,0.8221436984687868
annotated,VEO3,47cdd8cb-c4f6-58ee-8b52-d21803fea04d.mp4,patch_only,,0.7,0.3,motion_soft,2,4,0.07,0.01,0.143698468786808,0.22744405182567728,0.22744405182567728,0.42285041224970554
annotated,VEO3,481275f0-26c5-5970-b0c9-ed104654c2eb.mp4,patch_only,,0.7,0.3,motion_soft,2,4,0.07,0.01,0.1872791519434629,0.13392226148409894,0.13392226148409894,0.009422850412249705
annotated,VEO3,48151f5a-dc1d-51b0-a669-e8d266192e9c.mp4,patch_only,,0.7,0.3,motion_soft,2,4,0.07,0.01,0.5247349823321554,0.5107773851590105,0.5107773851590105,0.47820965842167257
annotated,VEO3,485037e7-b7c8-5293-8279-911175068cfe.mp4,patch_only,,0.7,0.3,motion_soft,2,4,0.07,0.01,0.015312131919905771,0.17237926972909307,0.17237926972909307,0.5388692579505301
annotated,VEO3,485ed724-de14-53f3-986b-b4c6502753fa.mp4,patch_only,,0.7,0.3,motion_soft,2,4,0.07,0.01,0.4081272084805654,0.30759717314487633,0.30759717314487633,0.07302709069493522
annotated,VEO3,48747a00-9fb7-5eed-bcfb-ddd650147f70.mp4,patch_only,,0.7,0.3,motion_soft,2,4,0.07,0.01,0.5064782096584217,0.4508244994110719,0.4508244994110719,0.3209658421672556
annotated,VEO3,487e027e-3979-53ef-9c31-d1fd65a25472.mp4,patch_only,,0.7,0.3,motion_soft,2,4,0.07,0.01,0.025323910482921083,0.22391048292108362,0.22391048292108362,0.6872791519434629
annotated,VEO3,488c8f21-f2c6-56c4-9c6a-3fe4143c8497.mp4,patch_only,,0.7,0.3,motion_soft,2,4,0.07,0.01,0.43404004711425204,0.40047114252061244,0.40047114252061244,0.3221436984687868
annotated,VEO3,48bb3dd0-3be0-522a-bb04-cec30e48c327.mp4,patch_only,,0.7,0.3,motion_soft,2,4,0.07,0.01,0.04946996466431095,0.051590106007067135,0.051590106007067135,0.05653710247349823
annotated,VEO3,4939f019-3235-5188-883a-b5e33c0c8802.mp4,patch_only,,0.7,0.3,motion_soft,2,4,0.07,0.01,0.0,0.013957597173144876,0.013957597173144876,0.04652532391048292
annotated,VEO3,49777ee1-f029-51cf-b281-4c74f9481e74.mp4,patch_only,,0.7,0.3,motion_soft,2,4,0.07,0.01,0.395170789163722,0.4137220259128386,0.4137220259128386,0.45700824499411075
annotated,VEO3,49adcc49-96b2-5dd0-bf5c-f56d6794bb1e.mp4,patch_only,,0.7,0.3,motion_soft,2,4,0.07,0.01,0.10482921083627797,0.1740871613663133,0.1740871613663133,0.33568904593639576
annotated,VEO3,49b162ed-7652-5f3d-8f80-dc0eb50e60e1.mp4,patch_only,,0.7,0.3,motion_soft,2,4,0.07,0.01,0.05535924617196702,0.22037691401648996,0.22037691401648996,0.6054181389870436
annotated,VEO3,49c047e5-1100-5c6e-b6fd-83ac6b305488.mp4,patch_only,,0.7,0.3,motion_soft,2,4,0.07,0.01,0.22025912838633688,0.3886336866902238,0.3886336866902238,0.78150765606596
annotated,VEO3,49f869df-76fb-5622-9133-119e9ca1f1eb.mp4,patch_only,,0.7,0.3,motion_soft,2,4,0.07,0.01,0.2414605418138987,0.35100117785630147,0.35100117785630147,0.6065959952885748
annotated,VEO3,4a33301f-6c24-56d5-a994-5d337d699efe.mp4,patch_only,,0.7,0.3,motion_soft,2,4,0.07,0.01,0.20200235571260305,0.22126030624263837,0.22126030624263837,0.2661955241460542
annotated,VEO3,4a61eb28-fd6e-5c65-892d-8877359dddff.mp4,patch_only,,0.7,0.3,motion_soft,2,4,0.07,0.01,0.002355712603062426,0.01878680800942285,0.01878680800942285,0.05712603062426384
annotated,VEO3,4a710454-220c-5623-8878-5c3ceb4e9459.mp4,patch_only,,0.7,0.3,motion_soft,2,4,0.07,0.01,0.5836277974087162,0.5166666666666667,0.5166666666666667,0.36042402826855124
annotated,VEO3,4a7dc4d3-f87c-5944-b048-009743e3251c.mp4,patch_only,,0.7,0.3,motion_soft,2,4,0.07,0.01,0.3934040047114252,0.4803297997644287,0.4803297997644287,0.6831566548881036
annotated,VEO3,4ab10afe-8bca-50f9-babe-4a1e71738469.mp4,patch_only,,0.7,0.3,motion_soft,2,4,0.07,0.01,0.3845700824499411,0.4881036513545347,0.4881036513545347,0.7296819787985865
annotated,VEO3,4aeba744-3e93-55e0-9726-81f671448960.mp4,patch_only,,0.7,0.3,motion_soft,2,4,0.07,0.01,0.030035335689045935,0.06890459363957596,0.06890459363957596,0.15959952885747938
annotated,VEO3,4b0443a0-f4f6-5139-b7f5-8bc11659abaf.mp4,patch_only,,0.7,0.3,motion_soft,2,4,0.07,0.01,0.5465253239104829,0.6507656065959952,0.6507656065959952,0.8939929328621908
annotated,VEO3,4b3fba49-c069-5cf9-bf85-7f303dbb912e.mp4,patch_only,,0.7,0.3,motion_soft,2,4,0.07,0.01,0.020023557126030624,0.019846878680800942,0.019846878680800942,0.019434628975265017
annotated,VEO3,4b4e2890-ec9a-52c8-8222-38eb835b77e2.mp4,patch_only,,0.7,0.3,motion_soft,2,4,0.07,0.01,0.800942285041225,0.8590694935217903,0.8590694935217903,0.9946996466431095
annotated,VEO3,4b5a659f-7210-528c-9354-fc977eb9696f.mp4,patch_only,,0.7,0.3,motion_soft,2,4,0.07,0.01,0.015901060070671377,0.03851590106007067,0.03851590106007067,0.09128386336866902
annotated,VEO3,4bb7249d-ebd1-5844-9a94-02884d9ddaaa.mp4,patch_only,,0.7,0.3,motion_soft,2,4,0.07,0.01,0.3845700824499411,0.35294464075382803,0.35294464075382803,0.2791519434628975
annotated,VEO3,4bf46bd8-dd24-5719-9255-fafbee97fc5a.mp4,patch_only,,0.7,0.3,motion_soft,2,4,0.07,0.01,0.1978798586572438,0.19575971731448763,0.19575971731448763,0.19081272084805653
annotated,VEO3,4bfbf5c7-31a0-5baa-8a29-a5864c94444a.mp4,patch_only,,0.7,0.3,motion_soft,2,4,0.07,0.01,0.19257950530035337,0.3602473498233215,0.3602473498233215,0.751472320376914
annotated,VEO3,4bfc2adf-67d4-50bd-8c9d-9e6868769cd4.mp4,patch_only,,0.7,0.3,motion_soft,2,4,0.07,0.01,0.08480565371024736,0.12173144876325089,0.12173144876325089,0.20789163722025913
annotated,VEO3,4c020cab-91ce-58f7-ae94-204581287680.mp4,patch_only,,0.7,0.3,motion_soft,2,4,0.07,0.01,0.3663133097762073,0.2573027090694935,0.2573027090694935,0.002944640753828033
annotated,VEO3,4c07000c-10cd-554a-964b-11da7d8ee0ed.mp4,patch_only,,0.7,0.3,motion_soft,2,4,0.07,0.01,0.3833922261484099,0.3390459363957597,0.3390459363957597,0.23557126030624265
annotated,VEO3,4c19864d-df06-537f-b20f-745bd68ccb8f.mp4,patch_only,,0.7,0.3,motion_soft,2,4,0.07,0.01,0.04063604240282685,0.19169611307420492,0.19169611307420492,0.5441696113074205
annotated,VEO3,4c1ea58b-bd7c-524d-9bd6-a8be0a085843.mp4,patch_only,,0.7,0.3,motion_soft,2,4,0.07,0.01,0.4823321554770318,0.4648409893992932,0.4648409893992932,0.42402826855123676
annotated,VEO3,4c1fc779-9825-514c-98ff-b8aba2aadcd3.mp4,patch_only,,0.7,0.3,motion_soft,2,4,0.07,0.01,0.020023557126030624,0.022143698468786804,0.022143698468786804,0.027090694935217905
annotated,VEO3,4c5835f5-f7de-5eb5-82c5-5d3cc8580d09.mp4,patch_only,,0.7,0.3,motion_soft,2,4,0.07,0.01,0.3822143698468787,0.4668433451118963,0.4668433451118963,0.6643109540636042
annotated,VEO3,4c8f81f7-ce40-5d2c-bf13-4bacbe2b55c7.mp4,patch_only,,0.7,0.3,motion_soft,2,4,0.07,0.01,0.15312131919905772,0.12909305064782095,0.12909305064782095,0.07302709069493522
annotated,VEO3,4cbc4bc9-a2f6-5d9d-8f78-73a8a17fd380.mp4,patch_only,,0.7,0.3,motion_soft,2,4,0.07,0.01,0.01884570082449941,0.030153121319199054,0.030153121319199054,0.05653710247349823
annotated,VEO3,4cd6dcc7-74a7-5f8f-8587-a7720d97c083.mp4,patch_only,,0.7,0.3,motion_soft,2,4,0.07,0.01,0.34393404004711425,0.41919905771495874,0.41919905771495874,0.5948174322732627
annotated,VEO3,4ce4a351-50ab-5b92-9d39-1e456bf8cff8.mp4,patch_only,,0.7,0.3,motion_soft,2,4,0.07,0.01,0.28209658421672557,0.3001177856301531,0.3001177856301531,0.3421672555948174
annotated,VEO3,4cedf684-621d-5de7-a775-2e4bf344ca32.mp4,patch_only,,0.7,0.3,motion_soft,2,4,0.07,0.01,0.34393404004711425,0.2686690223792697,0.2686690223792697,0.09305064782096584
annotated,VEO3,4d5f3f55-9123-584f-8271-77a613c740d7.mp4,patch_only,,0.7,0.3,motion_soft,2,4,0.07,0.01,0.039458186101295645,0.031507656065959955,0.031507656065959955,0.012956419316843345
annotated,VEO3,4d911fd8-ed2d-5406-ad41-58e56a3a3c1d.mp4,patch_only,,0.7,0.3,motion_soft,2,4,0.07,0.01,0.06713780918727916,0.06431095406360424,0.06431095406360424,0.05771495877502945
annotated,VEO3,4da29a9b-d482-5148-95ab-b596b654d424.mp4,patch_only,,0.7,0.3,motion_soft,2,4,0.07,0.01,0.32391048292108365,0.4769140164899882,0.4769140164899882,0.833922261484099
annotated,VEO3,4dc4e7c8-f6a2-567d-929f-9f40a138cac3.mp4,patch_only,,0.7,0.3,motion_soft,2,4,0.07,0.01,0.1330977620730271,0.15217903415783274,0.15217903415783274,0.1967020023557126
annotated,VEO3,4df3b1ea-897b-5b57-94fc-254f5f123f71.mp4,patch_only,,0.7,0.3,motion_soft,2,4,0.07,0.01,0.6861012956419317,0.5756772673733804,0.5756772673733804,0.31802120141342755
annotated,VEO3,4e7c08f2-116e-5cfa-b8dd-99588348cbe8.mp4,patch_only,,0.7,0.3,motion_soft,2,4,0.07,0.01,0.008244994110718492,0.022025912838633685,0.022025912838633685,0.05418138987043581
annotated,VEO3,4e8e8c0d-0d81-54b9-a62a-6581476b7f87.mp4,patch_only,,0.7,0.3,motion_soft,2,4,0.07,0.01,0.37043580683156657,0.38969375736160183,0.38969375736160183,0.43462897526501765
annotated,VEO3,4ea281cb-1f0a-57fa-8578-a93168f6980a.mp4,patch_only,,0.7,0.3,motion_soft,2,4,0.07,0.01,0.127208480565371,0.09522968197879858,0.09522968197879858,0.02061248527679623
annotated,VEO3,4ea406aa-cc86-5211-8586-8d6866732f82.mp4,patch_only,,0.7,0.3,motion_soft,2,4,0.07,0.01,0.011189634864546525,0.0800942285041225,0.0800942285041225,0.2408716136631331
annotated,VEO3,4ef1a00e-f8ac-5fdd-8e02-eb343f36fa8b.mp4,patch_only,,0.7,0.3,motion_soft,2,4,0.07,0.01,0.13898704358068315,0.17202591283863367,0.17202591283863367,0.24911660777385158
annotated,VEO3,4f23f72b-ec6a-5893-ad15-86b02c46d122.mp4,patch_only,,0.7,0.3,motion_soft,2,4,0.07,0.01,0.160188457008245,0.18297997644287395,0.18297997644287395,0.23616018845700826
annotated,VEO3,4f60e815-e1fd-56fa-b58f-9d99cbc36177.mp4,patch_only,,0.7,0.3,motion_soft,2,4,0.07,0.01,0.016489988221436984,0.02868080094228504,0.02868080094228504,0.05712603062426384
annotated,VEO3,4fa17d71-ac3c-5ef3-a482-ee4dda6f0a4b.mp4,patch_only,,0.7,0.3,motion_soft,2,4,0.07,0.01,0.24440518256772673,0.297585394581861,0.297585394581861,0.4216725559481743
annotated,VEO3,4fbb8308-622a-5381-be9b-10f4773af642.mp4,patch_only,,0.7,0.3,motion_soft,2,4,0.07,0.01,0.06713780918727916,0.16307420494699645,0.16307420494699645,0.3869257950530035
annotated,VEO3,4fbc8557-bf46-5423-a8df-67118f0a8e65.mp4,patch_only,,0.7,0.3,motion_soft,2,4,0.07,0.01,0.10895170789163722,0.16460541813898702,0.16460541813898702,0.2944640753828033
annotated,VEO3,5005d594-0dfd-55c9-b0a7-1b042de1df9b.mp4,patch_only,,0.7,0.3,motion_soft,2,4,0.07,0.01,0.254416961130742,0.19858657243816252,0.19858657243816252,0.06831566548881036
annotated,VEO3,50092289-7041-5caf-ae9c-d8e2a437d0c0.mp4,patch_only,,0.7,0.3,motion_soft,2,4,0.07,0.01,0.11189634864546526,0.1095995288574794,0.1095995288574794,0.10424028268551237
annotated,VEO3,50282c03-f7f3-5b20-8241-f7df14b3256b.mp4,patch_only,,0.7,0.3,motion_soft,2,4,0.07,0.01,0.10129564193168433,0.2541224970553593,0.2541224970553593,0.610718492343934
annotated,VEO3,50736bc4-57d9-5f4b-8465-7e55cecc177e.mp4,patch_only,,0.7,0.3,motion_soft,2,4,0.07,0.01,0.23733804475853945,0.31578327444051824,0.31578327444051824,0.4988221436984688
annotated,VEO3,507681a6-ac36-51fa-bf52-ab47731d1ae3.mp4,patch_only,,0.7,0.3,motion_soft,2,4,0.07,0.01,0.2585394581861013,0.31595995288574796,0.31595995288574796,0.4499411071849234
annotated,VEO3,509b51a3-c581-5e7f-8ebd-140b8443dba7.mp4,patch_only,,0.7,0.3,motion_soft,2,4,0.07,0.01,0.19905771495877503,0.1737926972909305,0.1737926972909305,0.11484098939929328
annotated,VEO3,50bf587a-fe49-5102-b04f-7f1e0f345d97.mp4,patch_only,,0.7,0.3,motion_soft,2,4,0.07,0.01,0.25677267373380447,0.39723203769140164,0.39723203769140164,0.7249705535924618
annotated,VEO3,50cceba7-56e8-5162-ba62-cfa5afd3ef89.mp4,patch_only,,0.7,0.3,motion_soft,2,4,0.07,0.01,0.4275618374558304,0.37438162544169606,0.37438162544169606,0.2502944640753828
annotated,VEO3,50f78d07-2490-5659-92b8-ca0ba19588ee.mp4,patch_only,,0.7,0.3,motion_soft,2,4,0.07,0.01,0.007067137809187279,0.023851590106007067,0.023851590106007067,0.06301531213191991
annotated,VEO3,517edd76-7cbf-5f80-a237-36f29491b920.mp4,patch_only,,0.7,0.3,motion_soft,2,4,0.07,0.01,0.6342756183745583,0.6819787985865724,0.6819787985865724,0.7932862190812721
annotated,VEO3,519eba75-dd4d-58f3-9fbf-1385bb7e79d7.mp4,patch_only,,0.7,0.3,motion_soft,2,4,0.07,0.01,0.039458186101295645,0.07762073027090695,0.07762073027090695,0.16666666666666666
annotated,VEO3,51c984b7-6770-598a-9d6e-a6ffcc11a85c.mp4,patch_only,,0.7,0.3,motion_soft,2,4,0.07,0.01,0.22968197879858657,0.22102473498233213,0.22102473498233213,0.20082449941107186
annotated,VEO3,51d57cd2-61e5-595c-88e5-d10e97c986fa.mp4,patch_only,,0.7,0.3,motion_soft,2,4,0.07,0.01,0.11366313309776208,0.17585394581861014,0.17585394581861014,0.3209658421672556
annotated,VEO3,52030b87-9cd9-5f26-a505-222fd6d06aec.mp4,patch_only,,0.7,0.3,motion_soft,2,4,0.07,0.01,0.013545347467608953,0.011778563015312132,0.011778563015312132,0.0076560659599528855
annotated,VEO3,52571911-0e32-5da4-8b44-4648c93526c9.mp4,patch_only,,0.7,0.3,motion_soft,2,4,0.07,0.01,0.29093050647820967,0.22043580683156655,0.22043580683156655,0.05594817432273263
annotated,VEO3,52643749-66e1-5c70-bb21-feef7f5ddee2.mp4,patch_only,,0.7,0.3,motion_soft,2,4,0.07,0.01,0.08068315665488811,0.09040047114252062,0.09040047114252062,0.11307420494699646
annotated,VEO3,52797fb0-9d9d-5f29-9fc1-529eb68cfbb2.mp4,patch_only,,0.7,0.3,motion_soft,2,4,0.07,0.01,0.002944640753828033,0.09658421672555949,0.09658421672555949,0.31507656065959955
annotated,VEO3,530e7e2f-8b68-5c97-a0ab-7f3142c19451.mp4,patch_only,,0.7,0.3,motion_soft,2,4,0.07,0.01,0.11837455830388692,0.1319787985865724,0.1319787985865724,0.16372202591283863
annotated,VEO3,5320a00f-188c-5e7b-bc12-e25b067b2605.mp4,patch_only,,0.7,0.3,motion_soft,2,4,0.07,0.01,0.18374558303886926,0.2007067137809187,0.2007067137809187,0.24028268551236748
annotated,VEO3,5355a4af-81c4-5f72-805f-c8816df1b3b8.mp4,patch_only,,0.7,0.3,motion_soft,2,4,0.07,0.01,0.015312131919905771,0.025912838633686687,0.025912838633686687,0.050647820965842166
annotated,VEO3,53571747-6a36-546e-84c4-4ba67a4ca339.mp4,patch_only,,0.7,0.3,motion_soft,2,4,0.07,0.01,0.232037691401649,0.3857479387514723,0.3857479387514723,0.7444051825677267
annotated,VEO3,535e414e-7fab-5418-887d-27318d669898.mp4,patch_only,,0.7,0.3,motion_soft,2,4,0.07,0.01,0.01707891637220259,0.10312131919905772,0.10312131919905772,0.303886925795053
annotated,VEO3,5379dfbf-e0ba-577c-b65b-7a71f9ff8909.mp4,patch_only,,0.7,0.3,motion_soft,2,4,0.07,0.01,0.0895170789163722,0.06566548881036513,0.06566548881036513,0.010011778563015312
annotated,VEO3,537fda92-6d8a-59f0-8b2a-d1682a1098de.mp4,patch_only,,0.7,0.3,motion_soft,2,4,0.07,0.01,0.1972909305064782,0.19693757361601882,0.19693757361601882,0.196113074204947
annotated,VEO3,53a90a86-4dd3-5404-bd4a-9d487771b61c.mp4,patch_only,,0.7,0.3,motion_soft,2,4,0.07,0.01,0.0,0.009540636042402826,0.009540636042402826,0.03180212014134275
annotated,VEO3,53c22f6f-3364-5f92-90f4-b5b1e9a6a70d.mp4,patch_only,,0.7,0.3,motion_soft,2,4,0.07,0.01,0.004122497055359246,0.06101295641931684,0.06101295641931684,0.19375736160188456
annotated,VEO3,53c3690f-f399-52b3-80ce-8e68879b12bf.mp4,patch_only,,0.7,0.3,motion_soft,2,4,0.07,0.01,0.3138987043580683,0.3891637220259128,0.3891637220259128,0.5647820965842167
annotated,VEO3,53fe5742-03a2-5929-9820-a5c25df99bff.mp4,patch_only,,0.7,0.3,motion_soft,2,4,0.07,0.01,0.10836277974087162,0.10341578327444052,0.10341578327444052,0.09187279151943463
annotated,VEO3,5409399e-e6fb-5a8b-8f4a-d35a3bcdb120.mp4,patch_only,,0.7,0.3,motion_soft,2,4,0.07,0.01,0.09010600706713781,0.06519434628975265,0.06519434628975265,0.007067137809187279
annotated,VEO3,540ebbea-ae6d-5224-aaac-5360cfb79878.mp4,patch_only,,0.7,0.3,motion_soft,2,4,0.07,0.01,0.2585394581861013,0.20041224970553592,0.20041224970553592,0.06478209658421673
annotated,VEO3,54611d01-ba13-5ee9-96d4-0d43480bb7cb.mp4,patch_only,,0.7,0.3,motion_soft,2,4,0.07,0.01,0.2414605418138987,0.2464075382803298,0.2464075382803298,0.2579505300353357
annotated,VEO3,546a19d0-6497-5b29-bc96-6db3be084656.mp4,patch_only,,0.7,0.3,motion_soft,2,4,0.07,0.01,0.039458186101295645,0.03115429917550059,0.03115429917550059,0.011778563015312132
annotated,VEO3,546f147c-a5cb-587d-9ebd-6b493b0f9273.mp4,patch_only,,0.7,0.3,motion_soft,2,4,0.07,0.01,0.31507656065959955,0.29528857479387516,0.29528857479387516,0.24911660777385158
annotated,VEO3,547f4190-6e70-5cf5-9ffa-e594a24f087a.mp4,patch_only,,0.7,0.3,motion_soft,2,4,0.07,0.01,0.2049469964664311,0.22579505300353359,0.22579505300353359,0.2744405182567727
annotated,VEO3,548d2522-11d5-5613-a8dc-7f5f0bddcd94.mp4,patch_only,,0.7,0.3,motion_soft,2,4,0.07,0.01,0.36866902237926974,0.2886336866902238,0.2886336866902238,0.10188457008244994
annotated,VEO3,54b20285-3d80-5c38-9fb5-89447a4a5643.mp4,patch_only,,0.7,0.3,motion_soft,2,4,0.07,0.01,0.8686690223792697,0.6114252061248526,0.6114252061248526,0.011189634864546525
annotated,VEO3,54d436dc-9802-5f50-ab3c-d11dda574bb9.mp4,patch_only,,0.7,0.3,motion_soft,2,4,0.07,0.01,0.3992932862190813,0.5028268551236749,0.5028268551236749,0.7444051825677267
annotated,VEO3,54e60a7f-6a35-575b-a6cf-aa9f50e92ab7.mp4,patch_only,,0.7,0.3,motion_soft,2,4,0.07,0.01,0.10836277974087162,0.2702002355712603,0.2702002355712603,0.6478209658421673
annotated,VEO3,55070523-baae-5b5e-85b1-0b2d2f44bad1.mp4,patch_only,,0.7,0.3,motion_soft,2,4,0.07,0.01,0.03356890459363958,0.1302120141342756,0.1302120141342756,0.35571260306242636
annotated,VEO3,552089fd-dc50-5689-9f8d-b2a16ccd5247.mp4,patch_only,,0.7,0.3,motion_soft,2,4,0.07,0.01,0.011189634864546525,0.09246171967020024,0.09246171967020024,0.28209658421672557
annotated,VEO3,55401ff6-b4a6-5f61-a920-12a1040eddde.mp4,patch_only,,0.7,0.3,motion_soft,2,4,0.07,0.01,0.34393404004711425,0.3423439340400471,0.3423439340400471,0.3386336866902238
annotated,VEO3,5559efcf-99b6-5b31-a7ce-ce2e38e22be3.mp4,patch_only,,0.7,0.3,motion_soft,2,4,0.07,0.01,0.3586572438162544,0.30406360424028267,0.30406360424028267,0.17667844522968199
annotated,VEO3,5580b411-97a9-5ce3-8d4b-9ba613f48a06.mp4,patch_only,,0.7,0.3,motion_soft,2,4,0.07,0.01,0.0,0.0017667844522968198,0.0017667844522968198,0.005889281507656066
annotated,VEO3,55b24194-1b32-50ea-9982-af8ff2e11fc3.mp4,patch_only,,0.7,0.3,motion_soft,2,4,0.07,0.01,0.34393404004711425,0.3319199057714959,0.3319199057714959,0.303886925795053
annotated,VEO3,561562f2-6c67-5a36-ba94-edcf435f6c23.mp4,patch_only,,0.7,0.3,motion_soft,2,4,0.07,0.01,0.3480565371024735,0.32950530035335684,0.32950530035335684,0.2862190812720848
annotated,VEO3,5640c4d9-4273-541e-bfae-5c533bac9a03.mp4,patch_only,,0.7,0.3,motion_soft,2,4,0.07,0.01,0.0035335689045936395,0.10371024734982333,0.10371024734982333,0.3374558303886926
annotated,VEO3,5658d0b0-03cd-5698-8461-6f037160f659.mp4,patch_only,,0.7,0.3,motion_soft,2,4,0.07,0.01,0.039458186101295645,0.12832744405182567,0.12832744405182567,0.33568904593639576
annotated,VEO3,567a1c8f-18f7-5003-b29a-cac387d96afb.mp4,patch_only,,0.7,0.3,motion_soft,2,4,0.07,0.01,0.011189634864546525,0.07921083627797408,0.07921083627797408,0.23792697290930506
annotated,VEO3,567fbb97-4ee5-5f45-bb67-a92e4282c7bb.mp4,patch_only,,0.7,0.3,motion_soft,2,4,0.07,0.01,0.3621908127208481,0.29593639575971736,0.29593639575971736,0.1413427561837456
annotated,VEO3,56c678da-8bf6-551d-a51c-cf1e31bddde7.mp4,patch_only,,0.7,0.3,motion_soft,2,4,0.07,0.01,0.09010600706713781,0.2853356890459364,0.2853356890459364,0.7408716136631331
annotated,VEO3,56ef9462-2434-5199-b2c0-b967637b41da.mp4,patch_only,,0.7,0.3,motion_soft,2,4,0.07,0.01,0.20318021201413428,0.16183745583038867,0.16183745583038867,0.06537102473498234
annotated,VEO3,5700fddd-9654-50d1-9153-ee00350f766a.mp4,patch_only,,0.7,0.3,motion_soft,2,4,0.07,0.01,0.06419316843345112,0.07850412249705535,0.07850412249705535,0.11189634864546526
annotated,VEO3,571233d5-4e2f-5dbe-864a-68bae739de9e.mp4,patch_only,,0.7,0.3,motion_soft,2,4,0.07,0.01,0.3580683156654888,0.3522379269729093,0.3522379269729093,0.3386336866902238
annotated,VEO3,5743006e-f41e-54ff-963d-d7feead17c77.mp4,patch_only,,0.7,0.3,motion_soft,2,4,0.07,0.01,0.0035335689045936395,0.03515901060070671,0.03515901060070671,0.10895170789163722
annotated,VEO3,574d919f-03ab-5bfc-b5e1-6e2316e0af8d.mp4,patch_only,,0.7,0.3,motion_soft,2,4,0.07,0.01,0.1154299175500589,0.08256772673733805,0.08256772673733805,0.005889281507656066
annotated,VEO3,574ef1b4-5ef4-5653-a860-e7f1e1b94d99.mp4,patch_only,,0.7,0.3,motion_soft,2,4,0.07,0.01,0.3586572438162544,0.48816254416961125,0.48816254416961125,0.790341578327444
annotated,VEO3,5755d60e-9692-5c93-b287-f84284024b5a.mp4,patch_only,,0.7,0.3,motion_soft,2,4,0.07,0.01,0.10777385159010601,0.12438162544169612,0.12438162544169612,0.16313309776207302
annotated,VEO3,57871893-c474-51d9-b2b6-79409aa7d591.mp4,patch_only,,0.7,0.3,motion_soft,2,4,0.07,0.01,0.0,0.031625441696113074,0.031625441696113074,0.10541813898704358
annotated,VEO3,578ad54f-edc7-538f-aff5-787b733aede0.mp4,patch_only,,0.7,0.3,motion_soft,2,4,0.07,0.01,0.1525323910482921,0.18663133097762075,0.18663133097762075,0.2661955241460542
annotated,VEO3,579329b4-2dc2-5c57-9ee9-100ca55a67f6.mp4,patch_only,,0.7,0.3,motion_soft,2,4,0.07,0.01,0.008244994110718492,0.018138987043580683,0.018138987043580683,0.04122497055359246
annotated,VEO3,58013a00-cd0f-57eb-9059-22ebf0f8fa88.mp4,patch_only,,0.7,0.3,motion_soft,2,4,0.07,0.01,0.6142520612485277,0.5020612485276796,0.5020612485276796,0.24028268551236748
annotated,VEO3,58286315-635a-59ad-abc0-77087ad73b42.mp4,patch_only,,0.7,0.3,motion_soft,2,4,0.07,0.01,0.06419316843345112,0.05023557126030624,0.05023557126030624,0.0176678445229682
annotated,VEO3,584f30c7-1a20-5058-91b8-b15b9f34b862.mp4,patch_only,,0.7,0.3,motion_soft,2,4,0.07,0.01,0.011189634864546525,0.010306242638398114,0.010306242638398114,0.008244994110718492
annotated,VEO3,58896bf9-d699-5305-b971-4f2cbd3e946a.mp4,patch_only,,0.7,0.3,motion_soft,2,4,0.07,0.01,0.009422850412249705,0.03292108362779741,0.03292108362779741,0.08775029446407538
annotated,VEO3,590b1466-09cd-5667-a3fa-a180cf97d73d.mp4,patch_only,,0.7,0.3,motion_soft,2,4,0.07,0.01,0.020023557126030624,0.015783274440518254,0.015783274440518254,0.005889281507656066
annotated,VEO3,59214058-bf8c-5e12-b418-1224c711513e.mp4,patch_only,,0.7,0.3,motion_soft,2,4,0.07,0.01,0.0088339222614841,0.2644876325088339,0.2644876325088339,0.8610129564193169
annotated,VEO3,595d8b6c-e6df-52b6-8941-8b4f422b908b.mp4,patch_only,,0.7,0.3,motion_soft,2,4,0.07,0.01,0.08362779740871613,0.09617196702002355,0.09617196702002355,0.1254416961130742
annotated,VEO3,59b72843-9723-50b9-87f8-06595aae7957.mp4,patch_only,,0.7,0.3,motion_soft,2,4,0.07,0.01,0.0,0.060600706713780914,0.060600706713780914,0.20200235571260305
annotated,VEO3,59bf7fc6-2019-50ac-bcf6-2a70f7e0fcac.mp4,patch_only,,0.7,0.3,motion_soft,2,4,0.07,0.01,0.061837455830388695,0.05865724381625442,0.05865724381625442,0.05123674911660778
annotated,VEO3,59f1ae8c-15f2-58d5-8761-ea18af234456.mp4,patch_only,,0.7,0.3,motion_soft,2,4,0.07,0.01,0.2573616018845701,0.2888103651354535,0.2888103651354535,0.3621908127208481
annotated,VEO3,5a98ec19-feaf-54d6-996d-124f7edfc4fa.mp4,patch_only,,0.7,0.3,motion_soft,2,4,0.07,0.01,0.5512367491166078,0.5284452296819788,0.5284452296819788,0.4752650176678445
annotated,VEO3,5a9dbd83-8c2f-500f-b49b-e9bb3fca99ff.mp4,patch_only,,0.7,0.3,motion_soft,2,4,0.07,0.01,0.08244994110718493,0.20594817432273263,0.20594817432273263,0.49411071849234395
annotated,VEO3,5a9f4ade-9114-5fad-b031-9ccb8223afca.mp4,patch_only,,0.7,0.3,motion_soft,2,4,0.07,0.01,0.01060070671378092,0.013604240282685512,0.013604240282685512,0.02061248527679623
annotated,VEO3,5aa1fd3e-b35f-5f79-9a27-9202f261af11.mp4,patch_only,,0.7,0.3,motion_soft,2,4,0.07,0.01,0.039458186101295645,0.03521790341578328,0.03521790341578328,0.025323910482921083
annotated,VEO3,5ae06d37-5278-576f-a9f7-d100dc928b49.mp4,patch_only,,0.7,0.3,motion_soft,2,4,0.07,0.01,0.09246171967020024,0.18822143698468785,0.18822143698468785,0.411660777385159
annotated,VEO3,5b07e886-c17c-58d0-a918-f6cbb626597e.mp4,patch_only,,0.7,0.3,motion_soft,2,4,0.07,0.01,0.02944640753828033,0.045170789163722025,0.045170789163722025,0.08186101295641932
annotated,VEO3,5b44e71d-08a1-562c-be16-b7028647ed49.mp4,patch_only,,0.7,0.3,motion_soft,2,4,0.07,0.01,0.0035335689045936395,0.0342756183745583,0.0342756183745583,0.10600706713780919
annotated,VEO3,5b4c1f72-c3cf-542a-a13a-f395cb77eadb.mp4,patch_only,,0.7,0.3,motion_soft,2,4,0.07,0.01,0.12190812720848057,0.10035335689045936,0.10035335689045936,0.05005889281507656
annotated,VEO3,5b57553b-3d00-5863-8f78-bde68943efd6.mp4,patch_only,,0.7,0.3,motion_soft,2,4,0.07,0.01,0.014134275618374558,0.1088339222614841,0.1088339222614841,0.3297997644287397
annotated,VEO3,5b6d0aa8-a8ae-5581-8967-56a194bb3fcd.mp4,patch_only,,0.7,0.3,motion_soft,2,4,0.07,0.01,0.030035335689045935,0.024558303886925793,0.024558303886925793,0.011778563015312132
annotated,VEO3,5b937430-bde7-577a-8aba-7f781c251192.mp4,patch_only,,0.7,0.3,motion_soft,2,4,0.07,0.01,0.4299175500588928,0.5182567726737338,0.5182567726737338,0.7243816254416962
annotated,VEO3,5bcdc7fd-0d88-55ed-80df-0e83da78461c.mp4,patch_only,,0.7,0.3,motion_soft,2,4,0.07,0.01,0.2620730270906949,0.23804475853945817,0.23804475853945817,0.18197879858657243
annotated,VEO3,5c145218-8e28-5517-a017-385f9bdb70f0.mp4,patch_only,,0.7,0.3,motion_soft,2,4,0.07,0.01,0.1872791519434629,0.2109540636042403,0.2109540636042403,0.2661955241460542
annotated,VEO3,5c3fc976-6362-5ff6-875d-f8095a4a9f4f.mp4,patch_only,,0.7,0.3,motion_soft,2,4,0.07,0.01,0.44876325088339225,0.33286219081272084,0.33286219081272084,0.0624263839811543
annotated,VEO3,5c65f11e-83e0-5e65-bc26-89ef3a8f304e.mp4,patch_only,,0.7,0.3,motion_soft,2,4,0.07,0.01,0.5506478209658422,0.5400471142520613,0.5400471142520613,0.5153121319199058
annotated,VEO3,5c7817d0-baec-544a-97c9-31220339e245.mp4,patch_only,,0.7,0.3,motion_soft,2,4,0.07,0.01,0.015901060070671377,0.19929328621908127,0.19929328621908127,0.627208480565371
annotated,VEO3,5c8fd9cb-a1cb-5550-bf42-e9648ada362b.mp4,patch_only,,0.7,0.3,motion_soft,2,4,0.07,0.01,0.05123674911660778,0.04010600706713781,0.04010600706713781,0.014134275618374558
annotated,VEO3,5c947648-afb5-5d0d-8aae-e58ca8bb93bd.mp4,patch_only,,0.7,0.3,motion_soft,2,4,0.07,0.01,0.21967020023557127,0.16861012956419316,0.16861012956419316,0.04946996466431095
annotated,VEO3,5cbcddb9-9e3c-563f-8303-b3db2e9c681b.mp4,patch_only,,0.7,0.3,motion_soft,2,4,0.07,0.01,0.3333333333333333,0.31107184923439335,0.31107184923439335,0.2591283863368669
annotated,VEO3,5cf2eb2a-15ad-52de-9584-666d8f3b84c5.mp4,patch_only,,0.7,0.3,motion_soft,2,4,0.07,0.01,0.032391048292108364,0.052532391048292104,0.052532391048292104,0.09952885747938751
annotated,VEO3,5d1dd7f8-3c10-59b6-9757-b52748afbe5d.mp4,patch_only,,0.7,0.3,motion_soft,2,4,0.07,0.01,0.34452296819787986,0.39045936395759717,0.39045936395759717,0.49764428739693756
annotated,VEO3,5d4f84fd-f803-5d70-b7ed-c66896ad88e8.mp4,patch_only,,0.7,0.3,motion_soft,2,4,0.07,0.01,0.06419316843345112,0.04564193168433451,0.04564193168433451,0.002355712603062426
annotated,VEO3,5d65d868-7398-57e5-a2e1-96a8c8196aff.mp4,patch_only,,0.7,0.3,motion_soft,2,4,0.07,0.01,0.14075382803297998,0.19517078916372202,0.19517078916372202,0.3221436984687868
annotated,VEO3,5d7825db-a18a-5bf2-bde8-2466e47aebe9.mp4,patch_only,,0.7,0.3,motion_soft,2,4,0.07,0.01,0.127208480565371,0.1902826855123675,0.1902826855123675,0.3374558303886926
annotated,VEO3,5da5295e-e824-5b9b-85af-8ac85b3ebc76.mp4,patch_only,,0.7,0.3,motion_soft,2,4,0.07,0.01,0.1419316843345112,0.14917550058892814,0.14917550058892814,0.16607773851590105
annotated,VEO3,5da55bb1-559c-5e1f-8454-c020d7370121.mp4,patch_only,,0.7,0.3,motion_soft,2,4,0.07,0.01,0.19022379269729092,0.13775029446407536,0.13775029446407536,0.015312131919905771
annotated,VEO3,5db318dc-8ca5-551f-9f1c-b92ff479734b.mp4,patch_only,,0.7,0.3,motion_soft,2,4,0.07,0.01,0.8044758539458187,0.7617196702002356,0.7617196702002356,0.6619552414605419
annotated,VEO3,5dcef81d-414e-5fb8-b463-1694ece8c666.mp4,patch_only,,0.7,0.3,motion_soft,2,4,0.07,0.01,0.10836277974087162,0.12285041224970553,0.12285041224970553,0.15665488810365136
annotated,VEO3,5dfb0bba-457e-5ee0-a0c2-50690ddaf338.mp4,patch_only,,0.7,0.3,motion_soft,2,4,0.07,0.01,0.002355712603062426,0.0751472320376914,0.0751472320376914,0.24499411071849234
annotated,VEO3,5e0fe542-4591-544e-8a04-44753120c761.mp4,patch_only,,0.7,0.3,motion_soft,2,4,0.07,0.01,0.270906949352179,0.25535924617196704,0.25535924617196704,0.21908127208480566
annotated,VEO3,5e12ef39-e422-5506-b5ca-59b3fb949757.mp4,patch_only,,0.7,0.3,motion_soft,2,4,0.07,0.01,0.022968197879858657,0.01802120141342756,0.01802120141342756,0.006478209658421673
annotated,VEO3,5e194a1a-e64e-594c-9c7c-e74850651157.mp4,patch_only,,0.7,0.3,motion_soft,2,4,0.07,0.01,0.09952885747938751,0.2562426383981154,0.2562426383981154,0.6219081272084805
annotated,VEO3,5e1da3bc-1630-538c-a286-87194d533fc9.mp4,patch_only,,0.7,0.3,motion_soft,2,4,0.07,0.01,0.13427561837455831,0.1556537102473498,0.1556537102473498,0.2055359246171967
annotated,VEO3,5e3774ec-0ff9-5684-b876-0adee3f22338.mp4,patch_only,,0.7,0.3,motion_soft,2,4,0.07,0.01,0.01060070671378092,0.10812720848056537,0.10812720848056537,0.33568904593639576
annotated,VEO3,5e5c95aa-a384-5dc0-8efc-e84741ede1d6.mp4,patch_only,,0.7,0.3,motion_soft,2,4,0.07,0.01,0.13250883392226148,0.09381625441696112,0.09381625441696112,0.0035335689045936395
annotated,VEO3,5e95a9c0-dc4c-58da-8df8-fa7d41b8693a.mp4,patch_only,,0.7,0.3,motion_soft,2,4,0.07,0.01,0.01884570082449941,0.11160188457008244,0.11160188457008244,0.3280329799764429
annotated,VEO3,5edb37b0-1e65-5b27-bf65-4ae93d8c44f5.mp4,patch_only,,0.7,0.3,motion_soft,2,4,0.07,0.01,0.19493521790341578,0.3385747938751472,0.3385747938751472,0.673733804475854
annotated,VEO3,5f43488f-f552-532c-8b1b-7f4085bbfdb8.mp4,patch_only,,0.7,0.3,motion_soft,2,4,0.07,0.01,0.06713780918727916,0.1176678445229682,0.1176678445229682,0.23557126030624265
annotated,VEO3,5f848d05-17f5-59c0-b24b-3bdc7e8043ba.mp4,patch_only,,0.7,0.3,motion_soft,2,4,0.07,0.01,0.10777385159010601,0.07561837455830389,0.07561837455830389,0.0005889281507656066
annotated,VEO3,5f8d582c-78bc-5349-bf98-70b0ef1b6a32.mp4,patch_only,,0.7,0.3,motion_soft,2,4,0.07,0.01,0.16313309776207302,0.14617196702002355,0.14617196702002355,0.10659599528857479
annotated,VEO3,5fcf23f7-7c22-5b3a-88f4-b881644c5d66.mp4,patch_only,,0.7,0.3,motion_soft,2,4,0.07,0.01,0.16607773851590105,0.1724381625441696,0.1724381625441696,0.1872791519434629
annotated,VEO3,5fd96296-8930-58d6-97c2-249665f5df8d.mp4,patch_only,,0.7,0.3,motion_soft,2,4,0.07,0.01,0.15547703180212014,0.24505300353356887,0.24505300353356887,0.4540636042402827
annotated,VEO3,5ff2d5d8-220a-5127-8c15-80b3d5bc1986.mp4,patch_only,,0.7,0.3,motion_soft,2,4,0.07,0.01,0.10424028268551237,0.103886925795053,0.103886925795053,0.10306242638398115
annotated,VEO3,5ff6717b-045f-5bb7-970f-a1dc863af9ec.mp4,patch_only,,0.7,0.3,motion_soft,2,4,0.07,0.01,0.07420494699646643,0.10247349823321555,0.10247349823321555,0.1684334511189635
annotated,VEO3,60134d08-8952-53bc-a2ce-e00146c039dd.mp4,patch_only,,0.7,0.3,motion_soft,2,4,0.07,0.01,0.30094228504122494,0.4429917550058893,0.4429917550058893,0.7744405182567726
annotated,VEO3,603c7aa4-900e-5c7d-8220-ab2b7e12d6e9.mp4,patch_only,,0.7,0.3,motion_soft,2,4,0.07,0.01,0.1519434628975265,0.31095406360424027,0.31095406360424027,0.6819787985865724
annotated,VEO3,605fd2bf-15fa-5b22-acdc-3283782adb96.mp4,patch_only,,0.7,0.3,motion_soft,2,4,0.07,0.01,0.002355712603062426,0.006065959952885748,0.006065959952885748,0.014723203769140165
annotated,VEO3,6069f7af-7126-53ea-a51d-93ad57868f0b.mp4,patch_only,,0.7,0.3,motion_soft,2,4,0.07,0.01,0.01060070671378092,0.1842756183745583,0.1842756183745583,0.5895170789163722
annotated,VEO3,60a04a84-80ed-500e-8475-95bfb7d2064f.mp4,patch_only,,0.7,0.3,motion_soft,2,4,0.07,0.01,0.28032979976442873,0.26336866902237926,0.26336866902237926,0.22379269729093051
annotated,VEO3,60a4d4e7-d951-5065-9c86-5f091b9da8bb.mp4,patch_only,,0.7,0.3,motion_soft,2,4,0.07,0.01,0.2497055359246172,0.17850412249705533,0.17850412249705533,0.012367491166077738
annotated,VEO3,60a8a5c8-3e33-524b-83d3-55c777e1fdcd.mp4,patch_only,,0.7,0.3,motion_soft,2,4,0.07,0.01,0.0035335689045936395,0.02420494699646643,0.02420494699646643,0.07243816254416961
annotated,VEO3,60c7de5d-485d-56bb-9ad8-ddca59813a35.mp4,patch_only,,0.7,0.3,motion_soft,2,4,0.07,0.01,0.030624263839811542,0.029210836277974085,0.029210836277974085,0.02591283863368669
annotated,VEO3,6128e228-d939-578c-b747-6c5a9b16057b.mp4,patch_only,,0.7,0.3,motion_soft,2,4,0.07,0.01,0.23733804475853945,0.17850412249705536,0.17850412249705536,0.04122497055359246
annotated,VEO3,6154eb3f-2bbf-5608-a9c7-b5cce4cd52fb.mp4,patch_only,,0.7,0.3,motion_soft,2,4,0.07,0.01,0.0,0.11713780918727915,0.11713780918727915,0.39045936395759717
annotated,VEO3,61756e93-4158-5659-a097-a22e911690fd.mp4,patch_only,,0.7,0.3,motion_soft,2,4,0.07,0.01,0.12014134275618374,0.1498233215547703,0.1498233215547703,0.21908127208480566
annotated,VEO3,61e966aa-ce2d-5ae0-a83f-c1668fae9406.mp4,patch_only,,0.7,0.3,motion_soft,2,4,0.07,0.01,0.09599528857479388,0.27620730270906946,0.27620730270906946,0.6967020023557126
annotated,VEO3,61fb31bf-d5cb-5776-b10c-b71446d841f2.mp4,patch_only,,0.7,0.3,motion_soft,2,4,0.07,0.01,0.09422850412249706,0.12832744405182567,0.12832744405182567,0.20789163722025913
annotated,VEO3,61fb361d-19f9-5a8a-b8db-049635a54898.mp4,patch_only,,0.7,0.3,motion_soft,2,4,0.07,0.01,0.001177856301531213,0.10612485276796231,0.10612485276796231,0.3510011778563015
annotated,VEO3,6215a0c9-7618-531d-9482-292cf9b5ffd9.mp4,patch_only,,0.7,0.3,motion_soft,2,4,0.07,0.01,0.07420494699646643,0.17420494699646644,0.17420494699646644,0.4075382803297998
annotated,VEO3,623adfe5-dec1-5939-8f7e-d63d8d0eee6d.mp4,patch_only,,0.7,0.3,motion_soft,2,4,0.07,0.01,0.024146054181389872,0.03828032979976443,0.03828032979976443,0.0712603062426384
annotated,VEO3,62989ac1-ab1e-503b-8032-19ff81f1148c.mp4,patch_only,,0.7,0.3,motion_soft,2,4,0.07,0.01,0.04004711425206125,0.03598351001177856,0.03598351001177856,0.026501766784452298
annotated,VEO3,62d7b3cc-0cf4-54fe-8893-efcd55184c41.mp4,patch_only,,0.7,0.3,motion_soft,2,4,0.07,0.01,0.5530035335689046,0.4206713780918728,0.4206713780918728,0.11189634864546526
annotated,VEO3,63052f65-b89f-5e67-83ef-62d1d6b3ccb1.mp4,patch_only,,0.7,0.3,motion_soft,2,4,0.07,0.01,0.32332155477031804,0.29823321554770316,0.29823321554770316,0.2396937573616019
annotated,VEO3,6330285d-2c8d-5703-b9d1-850989b33449.mp4,patch_only,,0.7,0.3,motion_soft,2,4,0.07,0.01,0.5200235571260307,0.5675500588928151,0.5675500588928151,0.6784452296819788
annotated,VEO3,635e38dc-e430-506f-889e-32ac4f34db1b.mp4,patch_only,,0.7,0.3,motion_soft,2,4,0.07,0.01,0.016489988221436984,0.10306242638398115,0.10306242638398115,0.3050647820965842
annotated,VEO3,63c41352-558a-5856-b366-ef1d3d049df0.mp4,patch_only,,0.7,0.3,motion_soft,2,4,0.07,0.01,0.49411071849234395,0.3495877502944641,0.3495877502944641,0.012367491166077738
annotated,VEO3,64035572-5a6d-5a7d-bff6-5c4012aa9774.mp4,patch_only,,0.7,0.3,motion_soft,2,4,0.07,0.01,0.0005889281507656066,0.018080094228504123,0.018080094228504123,0.05889281507656066
annotated,VEO3,640c42b7-9ea8-5dcf-90fd-6846e93ea36c.mp4,patch_only,,0.7,0.3,motion_soft,2,4,0.07,0.01,0.13074204946996468,0.09169611307420496,0.09169611307420496,0.0005889281507656066
annotated,VEO3,64476b14-9982-599e-8799-6e157b337fbb.mp4,patch_only,,0.7,0.3,motion_soft,2,4,0.07,0.01,0.03121319199057715,0.022025912838633685,0.022025912838633685,0.0005889281507656066
annotated,VEO3,644b70d2-1799-59ef-9412-c3f673d1d68e.mp4,patch_only,,0.7,0.3,motion_soft,2,4,0.07,0.01,0.06419316843345112,0.1456419316843345,0.1456419316843345,0.33568904593639576
annotated,VEO3,644c8b7d-810c-539b-a4cd-47bec681fc9b.mp4,patch_only,,0.7,0.3,motion_soft,2,4,0.07,0.01,0.002944640753828033,0.04322732626619553,0.04322732626619553,0.13722025912838634
annotated,VEO3,645650f2-a7b1-58e5-bc65-fd6342c5b664.mp4,patch_only,,0.7,0.3,motion_soft,2,4,0.07,0.01,0.11248527679623085,0.21919905771495876,0.21919905771495876,0.46819787985865724
annotated,VEO3,6457dc67-6d47-5982-9267-57c730974383.mp4,patch_only,,0.7,0.3,motion_soft,2,4,0.07,0.01,0.42226148409893993,0.35300353356890457,0.35300353356890457,0.19140164899882214
annotated,VEO3,64589d31-eca7-535e-8a6a-0994e93305a3.mp4,patch_only,,0.7,0.3,motion_soft,2,4,0.07,0.01,0.05889281507656066,0.19263839811542993,0.19263839811542993,0.5047114252061249
annotated,VEO3,64674769-72a5-5e52-8a8c-9d9841ba72a2.mp4,patch_only,,0.7,0.3,motion_soft,2,4,0.07,0.01,0.18197879858657243,0.2791519434628975,0.2791519434628975,0.5058892815076561
annotated,VEO3,646c73fc-e815-5ac0-859d-62664d5b1ca1.mp4,patch_only,,0.7,0.3,motion_soft,2,4,0.07,0.01,0.044169611307420496,0.06519434628975265,0.06519434628975265,0.11425206124852769
annotated,VEO3,6476ded8-b534-56ff-b2d7-3e6c93ad8782.mp4,patch_only,,0.7,0.3,motion_soft,2,4,0.07,0.01,0.037102473498233215,0.18268551236749117,0.18268551236749117,0.5223792697290931
annotated,VEO3,64893952-9e90-5cac-9db0-92cb62a76668.mp4,patch_only,,0.7,0.3,motion_soft,2,4,0.07,0.01,0.14075382803297998,0.202414605418139,0.202414605418139,0.3462897526501767
annotated,VEO3,64a6d8c5-40be-5ddc-91ec-f295a48b8b80.mp4,patch_only,,0.7,0.3,motion_soft,2,4,0.07,0.01,0.0989399293286219,0.06943462897526502,0.06943462897526502,0.0005889281507656066
annotated,VEO3,64c7f11a-9830-5662-9c54-a7319faab623.mp4,patch_only,,0.7,0.3,motion_soft,2,4,0.07,0.01,0.020023557126030624,0.23203769140164898,0.23203769140164898,0.7267373380447585
annotated,VEO3,64f04a54-09c0-5e83-a70b-bf9eb978a2e3.mp4,patch_only,,0.7,0.3,motion_soft,2,4,0.07,0.01,0.01707891637220259,0.03510011778563015,0.03510011778563015,0.07714958775029446
annotated,VEO3,64f8b463-c0c0-5f91-8779-624329b608ff.mp4,patch_only,,0.7,0.3,motion_soft,2,4,0.07,0.01,0.009422850412249705,0.07002355712603063,0.07002355712603063,0.21142520612485277
annotated,VEO3,65003a6e-02b0-5e40-b3de-3649f1cfc266.mp4,patch_only,,0.7,0.3,motion_soft,2,4,0.07,0.01,0.5323910482921084,0.5277974087161366,0.5277974087161366,0.5170789163722026
annotated,VEO3,6528d8f8-73ed-5b8f-9af8-24bb51d49c95.mp4,patch_only,,0.7,0.3,motion_soft,2,4,0.07,0.01,0.35630153121319197,0.4930506478209658,0.4930506478209658,0.8121319199057715
annotated,VEO3,6558fa62-1641-532c-a29a-bd7430f5d8e2.mp4,patch_only,,0.7,0.3,motion_soft,2,4,0.07,0.01,0.1525323910482921,0.1329210836277974,0.1329210836277974,0.08716136631330977
annotated,VEO3,655a0c74-717b-5968-8974-021769b97ce9.mp4,patch_only,,0.7,0.3,motion_soft,2,4,0.07,0.01,0.025323910482921083,0.13044758539458184,0.13044758539458184,0.375736160188457
annotated,VEO3,656527b5-2400-5b67-913d-106d09e3e72f.mp4,patch_only,,0.7,0.3,motion_soft,2,4,0.07,0.01,0.002944640753828033,0.015312131919905773,0.015312131919905773,0.044169611307420496
annotated,VEO3,656a47f9-6e96-5639-93ae-4f50542d7ee4.mp4,patch_only,,0.7,0.3,motion_soft,2,4,0.07,0.01,0.08244994110718493,0.05983510011778563,0.05983510011778563,0.007067137809187279
annotated,VEO3,65b15d66-b1bd-5fe5-861a-ff587921360e.mp4,patch_only,,0.7,0.3,motion_soft,2,4,0.07,0.01,0.008244994110718492,0.0972909305064782,0.0972909305064782,0.3050647820965842
annotated,VEO3,66017840-3922-5de3-babb-f985d76021c1.mp4,patch_only,,0.7,0.3,motion_soft,2,4,0.07,0.01,0.22791519434628976,0.1674911660777385,0.1674911660777385,0.026501766784452298
annotated,VEO3,660dc7a3-6360-5977-9d5d-1d80de5cef03.mp4,patch_only,,0.7,0.3,motion_soft,2,4,0.07,0.01,0.160188457008245,0.19481743227326265,0.19481743227326265,0.2756183745583039
annotated,VEO3,66557a7c-536f-57aa-b44b-3db4eb534583.mp4,patch_only,,0.7,0.3,motion_soft,2,4,0.07,0.01,0.0,0.007950530035335688,0.007950530035335688,0.026501766784452298
annotated,VEO3,669c7f99-8426-5d48-b385-5d3a6b862f40.mp4,patch_only,,0.7,0.3,motion_soft,2,4,0.07,0.01,0.0035335689045936395,0.008657243816254417,0.008657243816254417,0.02061248527679623
annotated,VEO3,66d3490f-b069-5c64-b7f8-b51b32ca6be7.mp4,patch_only,,0.7,0.3,motion_soft,2,4,0.07,0.01,0.6254416961130742,0.6413427561837456,0.6413427561837456,0.6784452296819788
annotated,VEO3,66d4d651-4178-5c94-bbb4-4569f0e9a0b9.mp4,patch_only,,0.7,0.3,motion_soft,2,4,0.07,0.01,0.07538280329799764,0.1267962308598351,0.1267962308598351,0.24676089517078917
annotated,VEO3,66ee3080-67e4-52c2-b0ac-9e049080aa30.mp4,patch_only,,0.7,0.3,motion_soft,2,4,0.07,0.01,0.0,0.025795053003533568,0.025795053003533568,0.08598351001177856
annotated,VEO3,674a82f1-53c9-5590-9f94-e69f0035b405.mp4,patch_only,,0.7,0.3,motion_soft,2,4,0.07,0.01,0.07714958775029446,0.19676089517078915,0.19676089517078915,0.4758539458186101
annotated,VEO3,67838b38-196f-59e5-8804-6313b4c81ded.mp4,patch_only,,0.7,0.3,motion_soft,2,4,0.07,0.01,0.5335689045936396,0.5342756183745583,0.5342756183745583,0.535924617196702
annotated,VEO3,67c29b86-869a-538f-ac08-3a5be561a0b0.mp4,patch_only,,0.7,0.3,motion_soft,2,4,0.07,0.01,0.0,0.03268551236749116,0.03268551236749116,0.10895170789163722
annotated,VEO3,680f3356-2f4c-5b02-8b18-3b013e8b9122.mp4,patch_only,,0.7,0.3,motion_soft,2,4,0.07,0.01,0.06713780918727916,0.25618374558303886,0.25618374558303886,0.6972909305064782
annotated,VEO3,68286fa0-1a2a-5575-80de-07bc88017d06.mp4,patch_only,,0.7,0.3,motion_soft,2,4,0.07,0.01,0.5217903415783275,0.5629564193168434,0.5629564193168434,0.6590106007067138
annotated,VEO3,6851fad9-381d-5265-98ab-b6a0ba0335f2.mp4,patch_only,,0.7,0.3,motion_soft,2,4,0.07,0.01,0.04534746760895171,0.03987043580683156,0.03987043580683156,0.027090694935217905
annotated,VEO3,68585d06-23a6-54e0-a6f8-e17f16bc7d6e.mp4,patch_only,,0.7,0.3,motion_soft,2,4,0.07,0.01,0.0088339222614841,0.025795053003533568,0.025795053003533568,0.06537102473498234
annotated,VEO3,686024ed-1b8c-5621-a84f-1ab2ffc54bd5.mp4,patch_only,,0.7,0.3,motion_soft,2,4,0.07,0.01,0.10070671378091872,0.07844522968197878,0.07844522968197878,0.026501766784452298
annotated,VEO3,68689631-e95d-5903-9fbe-c831e387ca3d.mp4,patch_only,,0.7,0.3,motion_soft,2,4,0.07,0.01,0.27208480565371024,0.4125441696113074,0.4125441696113074,0.7402826855123675
annotated,VEO3,6869a784-0bf3-53e7-86ab-d21045165db2.mp4,patch_only,,0.7,0.3,motion_soft,2,4,0.07,0.01,0.30683156654888105,0.310188457008245,0.310188457008245,0.31802120141342755
annotated,VEO3,686d84bd-5ead-5063-bf1e-03cfdac8003c.mp4,patch_only,,0.7,0.3,motion_soft,2,4,0.07,0.01,0.13722025912838634,0.09905771495877502,0.09905771495877502,0.010011778563015312
annotated,VEO3,68715925-ac5d-5d96-83d7-0e51791b1c5b.mp4,patch_only,,0.7,0.3,motion_soft,2,4,0.07,0.01,0.04240282685512368,0.08303886925795052,0.08303886925795052,0.17785630153121318
annotated,VEO3,68b7b405-811e-5291-9b33-7103d898c04b.mp4,patch_only,,0.7,0.3,motion_soft,2,4,0.07,0.01,0.004122497055359246,0.02232037691401649,0.02232037691401649,0.06478209658421673
annotated,VEO3,69060ada-9896-5907-a63c-dd4ba1b610d3.mp4,patch_only,,0.7,0.3,motion_soft,2,4,0.07,0.01,0.2620730270906949,0.19670200235571259,0.19670200235571259,0.044169611307420496
annotated,VEO3,690b682c-f18e-5d38-87e9-1f30e8649d34.mp4,patch_only,,0.7,0.3,motion_soft,2,4,0.07,0.01,0.039458186101295645,0.2076560659599529,0.2076560659599529,0.6001177856301532
annotated,VEO3,694081bc-a620-5619-9aa4-2cac6038c264.mp4,patch_only,,0.7,0.3,motion_soft,2,4,0.07,0.01,0.09422850412249706,0.21719670200235572,0.21719670200235572,0.5041224970553593
annotated,VEO3,6a03a3b7-7ba0-5c8e-85af-8f313467f9b8.mp4,patch_only,,0.7,0.3,motion_soft,2,4,0.07,0.01,0.015901060070671377,0.04787985865724381,0.04787985865724381,0.12249705535924617
annotated,VEO3,6a707ba3-7e0e-57f5-8b9e-bee70e4dfc60.mp4,patch_only,,0.7,0.3,motion_soft,2,4,0.07,0.01,0.001177856301531213,0.07149587750294464,0.07149587750294464,0.23557126030624265
annotated,VEO3,6a715f74-f9fe-5391-aa45-682c5eaf59be.mp4,patch_only,,0.7,0.3,motion_soft,2,4,0.07,0.01,0.4734982332155477,0.5844522968197879,0.5844522968197879,0.8433451118963486
annotated,VEO3,6a983cdb-f5df-5495-9a5d-3c9ce4f1322d.mp4,patch_only,,0.7,0.3,motion_soft,2,4,0.07,0.01,0.0005889281507656066,0.03309776207302709,0.03309776207302709,0.10895170789163722
annotated,VEO3,6a9e6404-b0b0-5d9d-8717-8602db531680.mp4,patch_only,,0.7,0.3,motion_soft,2,4,0.07,0.01,0.7131919905771495,0.7926972909305063,0.7926972909305063,0.9782096584216725
annotated,VEO3,6ae868e1-8199-5fb0-9a96-83c5f08d1694.mp4,patch_only,,0.7,0.3,motion_soft,2,4,0.07,0.01,0.8303886925795053,0.730035335689046,0.730035335689046,0.4958775029446408
annotated,VEO3,6b0b8a9a-67b4-55b6-a443-b025decb64e6.mp4,patch_only,,0.7,0.3,motion_soft,2,4,0.07,0.01,0.5206124852767963,0.5905771495877503,0.5905771495877503,0.7538280329799765
annotated,VEO3,6b3b1d76-ba64-51da-b4d8-c9903e38d72d.mp4,patch_only,,0.7,0.3,motion_soft,2,4,0.07,0.01,0.19140164899882214,0.17426383981154298,0.17426383981154298,0.13427561837455831
annotated,VEO3,6b68fa13-2a50-5fc9-bf38-a0da8b52f817.mp4,patch_only,,0.7,0.3,motion_soft,2,4,0.07,0.01,0.26089517078916374,0.2453474676089517,0.2453474676089517,0.20906949352179033
annotated,VEO3,6bd2a6bd-d74a-593e-a84e-82658bc96ca8.mp4,patch_only,,0.7,0.3,motion_soft,2,4,0.07,0.01,0.03356890459363958,0.028091872791519437,0.028091872791519437,0.015312131919905771
annotated,VEO3,6be2bc2a-d01a-55d6-982b-22db983f22c3.mp4,patch_only,,0.7,0.3,motion_soft,2,4,0.07,0.01,0.03356890459363958,0.026855123674911663,0.026855123674911663,0.011189634864546525
annotated,VEO3,6c5978c1-c23d-50ff-981e-7cb7d54b7a0b.mp4,patch_only,,0.7,0.3,motion_soft,2,4,0.07,0.01,0.07538280329799764,0.07909305064782096,0.07909305064782096,0.08775029446407538
annotated,VEO3,6c8440d7-7089-5f5f-ab74-71c629d6c9ef.mp4,patch_only,,0.7,0.3,motion_soft,2,4,0.07,0.01,0.08480565371024736,0.06342756183745583,0.06342756183745583,0.013545347467608953
annotated,VEO3,6cb41b52-3c5b-510d-b7ba-30173ee5c4f0.mp4,patch_only,,0.7,0.3,motion_soft,2,4,0.07,0.01,0.3934040047114252,0.2914605418138987,0.2914605418138987,0.0535924617196702
annotated,VEO3,6cff6ed2-ef62-5726-9ae0-e1342299da13.mp4,patch_only,,0.7,0.3,motion_soft,2,4,0.07,0.01,0.04946996466431095,0.034805653710247346,0.034805653710247346,0.0005889281507656066
annotated,VEO3,6d0bca62-159a-5402-bdf7-9f16784295d4.mp4,patch_only,,0.7,0.3,motion_soft,2,4,0.07,0.01,0.00530035335689046,0.033215547703180213,0.033215547703180213,0.0983510011778563
annotated,VEO3,6d1eeb70-0d9f-5c3b-a23b-df2e969b82e5.mp4,patch_only,,0.7,0.3,motion_soft,2,4,0.07,0.01,0.04946996466431095,0.04257950530035336,0.04257950530035336,0.026501766784452298
annotated,VEO3,6d387e92-de9c-5415-88c7-1bbb2bb81b09.mp4,patch_only,,0.7,0.3,motion_soft,2,4,0.07,0.01,0.3845700824499411,0.4925206124852768,0.4925206124852768,0.7444051825677267
annotated,VEO3,6d95cb42-3210-5197-ad78-d25fbaf03226.mp4,patch_only,,0.7,0.3,motion_soft,2,4,0.07,0.01,0.49411071849234395,0.49994110718492346,0.49994110718492346,0.5135453474676089
annotated,VEO3,6da89bfb-a519-544a-a3dd-7b7ce31e3b4c.mp4,patch_only,,0.7,0.3,motion_soft,2,4,0.07,0.01,0.06713780918727916,0.06254416961130742,0.06254416961130742,0.05182567726737338
annotated,VEO3,6daf0e96-715e-5b21-b4c7-fae8bff60d94.mp4,patch_only,,0.7,0.3,motion_soft,2,4,0.07,0.01,0.030624263839811542,0.11401648998822142,0.11401648998822142,0.30859835100117783
annotated,VEO3,6dbe2ab3-ca54-508e-864f-136c7ccdf1de.mp4,patch_only,,0.7,0.3,motion_soft,2,4,0.07,0.01,0.0624263839811543,0.04723203769140164,0.04723203769140164,0.011778563015312132
annotated,VEO3,6dc1ac73-6f77-59ac-a7ef-f80bbcf123fc.mp4,patch_only,,0.7,0.3,motion_soft,2,4,0.07,0.01,0.07656065959952886,0.08892815076560659,0.08892815076560659,0.11778563015312132
annotated,VEO3,6e141b1b-eb2b-583b-9979-a261ae6a3ef9.mp4,patch_only,,0.7,0.3,motion_soft,2,4,0.07,0.01,0.3209658421672556,0.2810365135453474,0.2810365135453474,0.1878680800942285
annotated,VEO3,6e1ee022-3c45-5fd6-977b-e9f984b4fe84.mp4,patch_only,,0.7,0.3,motion_soft,2,4,0.07,0.01,0.2620730270906949,0.3489988221436985,0.3489988221436985,0.5518256772673734
annotated,VEO3,6e228395-f606-5d0f-bcd7-3860e029b4d3.mp4,patch_only,,0.7,0.3,motion_soft,2,4,0.07,0.01,0.002355712603062426,0.05253239104829211,0.05253239104829211,0.1696113074204947
annotated,VEO3,6e2aa7c0-c573-59ed-9061-54b5ba114f1d.mp4,patch_only,,0.7,0.3,motion_soft,2,4,0.07,0.01,0.16784452296819788,0.165547703180212,0.165547703180212,0.160188457008245
annotated,VEO3,6e67a5d3-675c-53e0-ad92-186d207a2892.mp4,patch_only,,0.7,0.3,motion_soft,2,4,0.07,0.01,0.032391048292108364,0.07073027090694935,0.07073027090694935,0.160188457008245
annotated,VEO3,6ea5bedb-ce54-521a-b4bb-8e6c657bfc3c.mp4,patch_only,,0.7,0.3,motion_soft,2,4,0.07,0.01,0.037102473498233215,0.13215547703180214,0.13215547703180214,0.3539458186101296
annotated,VEO3,6eba20f8-8436-5997-af48-f61154d57936.mp4,patch_only,,0.7,0.3,motion_soft,2,4,0.07,0.01,0.4711425206124853,0.3962308598351001,0.3962308598351001,0.22143698468786807
annotated,VEO3,6ebd5001-4d7d-52b1-b2bd-17c89691a401.mp4,patch_only,,0.7,0.3,motion_soft,2,4,0.07,0.01,0.5129564193168433,0.3991755005889281,0.3991755005889281,0.1336866902237927
annotated,VEO3,6ed3fbb6-bcc2-5337-8e8d-768d9fc51c01.mp4,patch_only,,0.7,0.3,motion_soft,2,4,0.07,0.01,0.45288574793875147,0.5444051825677267,0.5444051825677267,0.7579505300353356
annotated,VEO3,6ede0686-eeb6-59f0-86c6-0083dbcc599c.mp4,patch_only,,0.7,0.3,motion_soft,2,4,0.07,0.01,0.2791519434628975,0.22120141342756183,0.22120141342756183,0.08598351001177856
annotated,VEO3,6f21e358-d8c0-5019-86b5-ea9a063109b0.mp4,patch_only,,0.7,0.3,motion_soft,2,4,0.07,0.01,0.143698468786808,0.15094228504122498,0.15094228504122498,0.16784452296819788
annotated,VEO3,6f44b123-ff5a-5c1a-8571-c5852024b79b.mp4,patch_only,,0.7,0.3,motion_soft,2,4,0.07,0.01,0.5859835100117785,0.46389870435806824,0.46389870435806824,0.1790341578327444
annotated,VEO3,6f51f17b-203d-59e3-b6c1-c9bb8b239028.mp4,patch_only,,0.7,0.3,motion_soft,2,4,0.07,0.01,0.027090694935217905,0.24140164899882216,0.24140164899882216,0.7414605418138988
annotated,VEO3,6f6520d9-2823-5b8b-8d1b-0606f37be969.mp4,patch_only,,0.7,0.3,motion_soft,2,4,0.07,0.01,0.03415783274440518,0.21808009422850413,0.21808009422850413,0.6472320376914017
annotated,VEO3,6f89431e-2dac-5c85-8354-501f54c66438.mp4,patch_only,,0.7,0.3,motion_soft,2,4,0.07,0.01,0.0,0.00017667844522968197,0.00017667844522968197,0.0005889281507656066
annotated,VEO3,6fb853c5-5795-5f8a-9333-556e245f1aed.mp4,patch_only,,0.7,0.3,motion_soft,2,4,0.07,0.01,0.0005889281507656066,0.0005889281507656066,0.0005889281507656066,0.0005889281507656066
annotated,VEO3,6fcfd9c5-a694-544a-b8cc-1974fb603665.mp4,patch_only,,0.7,0.3,motion_soft,2,4,0.07,0.01,0.07656065959952886,0.15571260306242637,0.15571260306242637,0.3404004711425206
annotated,VEO3,7031af50-a483-57a1-bf81-1acfe50b91ce.mp4,patch_only,,0.7,0.3,motion_soft,2,4,0.07,0.01,0.06065959952885748,0.16878680800942283,0.16878680800942283,0.4210836277974087
annotated,VEO3,703a93db-65b4-5010-b570-7e053a8c5de5.mp4,patch_only,,0.7,0.3,motion_soft,2,4,0.07,0.01,0.8716136631330977,0.8749705535924617,0.8749705535924617,0.8828032979976443
annotated,VEO3,704e01d3-fc85-5887-83ce-662df24c6053.mp4,patch_only,,0.7,0.3,motion_soft,2,4,0.07,0.01,0.3580683156654888,0.34605418138987043,0.34605418138987043,0.31802120141342755
annotated,VEO3,7055967c-4f93-5424-a292-353e943b6b35.mp4,patch_only,,0.7,0.3,motion_soft,2,4,0.07,0.01,0.1978798586572438,0.1537102473498233,0.1537102473498233,0.050647820965842166
annotated,VEO3,7096f3e3-db59-5660-b7cc-6ebb5b9a47b9.mp4,patch_only,,0.7,0.3,motion_soft,2,4,0.07,0.01,0.2049469964664311,0.3648409893992933,0.3648409893992933,0.7379269729093051
annotated,VEO3,70c08067-50b4-5a05-ab40-039fb8e066ed.mp4,patch_only,,0.7,0.3,motion_soft,2,4,0.07,0.01,0.009422850412249705,0.018963486454652533,0.018963486454652533,0.04122497055359246
annotated,VEO3,70c7c49c-06f9-5484-b3af-0c5e7102b840.mp4,patch_only,,0.7,0.3,motion_soft,2,4,0.07,0.01,0.34393404004711425,0.28580683156654885,0.28580683156654885,0.1501766784452297
annotated,VEO3,70e89108-ec94-5021-8f30-d383448eeba5.mp4,patch_only,,0.7,0.3,motion_soft,2,4,0.07,0.01,0.002355712603062426,0.23415783274440516,0.23415783274440516,0.7750294464075382
annotated,VEO3,70e97c9a-20fe-5050-aa8c-402f9a16befa.mp4,patch_only,,0.7,0.3,motion_soft,2,4,0.07,0.01,0.0,0.007773851590106007,0.007773851590106007,0.02591283863368669
annotated,VEO3,70f8e731-5186-5245-abdc-9f4708a06713.mp4,patch_only,,0.7,0.3,motion_soft,2,4,0.07,0.01,0.6042402826855123,0.6416961130742049,0.6416961130742049,0.7290930506478209
annotated,VEO3,7138b91b-6a26-5a71-841e-e213023b03b9.mp4,patch_only,,0.7,0.3,motion_soft,2,4,0.07,0.01,0.49411071849234395,0.4287396937573616,0.4287396937573616,0.2762073027090695
annotated,VEO3,7144c559-686c-57a4-a2b3-1f108f99a1ce.mp4,patch_only,,0.7,0.3,motion_soft,2,4,0.07,0.01,0.020023557126030624,0.08892815076560659,0.08892815076560659,0.2497055359246172
annotated,VEO3,719d75e3-1b23-52cd-bb07-e52f5afe080a.mp4,patch_only,,0.7,0.3,motion_soft,2,4,0.07,0.01,0.3957597173144876,0.3284452296819788,0.3284452296819788,0.17137809187279152
annotated,VEO3,71ae6a07-6e81-5e61-9b0a-60af41e0358b.mp4,patch_only,,0.7,0.3,motion_soft,2,4,0.07,0.01,0.5023557126030624,0.5530624263839812,0.5530624263839812,0.6713780918727915
annotated,VEO3,71b519ca-6596-5a0d-aa93-3857c91bfacf.mp4,patch_only,,0.7,0.3,motion_soft,2,4,0.07,0.01,0.0,0.07014134275618374,0.07014134275618374,0.23380447585394581
annotated,VEO3,71c1e188-f3a8-5e38-a8b0-b04d56fa6640.mp4,patch_only,,0.7,0.3,motion_soft,2,4,0.07,0.01,0.22555948174322732,0.28032979976442873,0.28032979976442873,0.4081272084805654
annotated,VEO3,71c1f033-fb87-52e0-8dc7-57774ee6bdcb.mp4,patch_only,,0.7,0.3,motion_soft,2,4,0.07,0.01,0.03121319199057715,0.09252061248527679,0.09252061248527679,0.23557126030624265
annotated,VEO3,71c9389b-c85f-5711-9ea9-79c8fc53e058.mp4,patch_only,,0.7,0.3,motion_soft,2,4,0.07,0.01,0.0,0.011130742049469964,0.011130742049469964,0.037102473498233215
annotated,VEO3,7230face-7c20-5a2b-a234-0d6c4ad5c9e8.mp4,patch_only,,0.7,0.3,motion_soft,2,4,0.07,0.01,0.1425206124852768,0.3116018845700824,0.3116018845700824,0.7061248527679623
annotated,VEO3,72b082be-3d32-5c7a-a0d6-6f635e848db3.mp4,patch_only,,0.7,0.3,motion_soft,2,4,0.07,0.01,0.011189634864546525,0.03292108362779741,0.03292108362779741,0.08362779740871613
annotated,VEO3,72b4d127-9fea-56a4-bb82-8df1159898cc.mp4,patch_only,,0.7,0.3,motion_soft,2,4,0.07,0.01,0.07656065959952886,0.06631330977620731,0.06631330977620731,0.04240282685512368
annotated,VEO3,72c315aa-97fb-5d49-b973-db51d28ee486.mp4,patch_only,,0.7,0.3,motion_soft,2,4,0.07,0.01,0.015312131919905771,0.03209658421672556,0.03209658421672556,0.0712603062426384
annotated,VEO3,72c9fcf5-4c34-5e2b-a8ad-8ac6c2dfbf6b.mp4,patch_only,,0.7,0.3,motion_soft,2,4,0.07,0.01,0.7726737338044759,0.5809776207302709,0.5809776207302709,0.1336866902237927
annotated,VEO3,72da15a0-e2d3-56dc-8d44-e557914b7381.mp4,patch_only,,0.7,0.3,motion_soft,2,4,0.07,0.01,0.5547703180212014,0.5024734982332155,0.5024734982332155,0.38044758539458184
annotated,VEO3,731e8ece-9e9d-5b4c-a127-58e535328fc2.mp4,patch_only,,0.7,0.3,motion_soft,2,4,0.07,0.01,0.08480565371024736,0.13003533568904593,0.13003533568904593,0.23557126030624265
annotated,VEO3,73358aa4-9216-58f2-8bf1-03760f336b42.mp4,patch_only,,0.7,0.3,motion_soft,2,4,0.07,0.01,0.11071849234393404,0.08103651354534745,0.08103651354534745,0.011778563015312132
annotated,VEO3,7346638c-15fc-55f6-b6db-7a263e6cc043.mp4,patch_only,,0.7,0.3,motion_soft,2,4,0.07,0.01,0.01707891637220259,0.014075382803297997,0.014075382803297997,0.007067137809187279
annotated,VEO3,7364b36b-0218-5351-b148-6f97641f5f27.mp4,patch_only,,0.7,0.3,motion_soft,2,4,0.07,0.01,0.13604240282685512,0.1432862190812721,0.1432862190812721,0.160188457008245
annotated,VEO3,73a1f86f-ccf8-55f9-a4df-399f35407f0c.mp4,patch_only,,0.7,0.3,motion_soft,2,4,0.07,0.01,0.23792697290930506,0.20718492343934036,0.20718492343934036,0.1354534746760895
annotated,VEO3,73e5dfe6-052c-522c-b1fc-30bbbee9793d.mp4,patch_only,,0.7,0.3,motion_soft,2,4,0.07,0.01,0.0005889281507656066,0.0035924617196702,0.0035924617196702,0.01060070671378092
annotated,VEO3,744aaa6a-38db-5de6-bb0e-be2455e72359.mp4,patch_only,,0.7,0.3,motion_soft,2,4,0.07,0.01,0.015901060070671377,0.0607773851590106,0.0607773851590106,0.16548881036513546
annotated,VEO3,74bb3761-ef8b-5875-9c51-1c730b2c3cef.mp4,patch_only,,0.7,0.3,motion_soft,2,4,0.07,0.01,0.5877502944640753,0.644640753828033,0.644640753828033,0.7773851590106007
annotated,VEO3,74cb0447-1b76-57b8-8a4a-883e8d5dbb8b.mp4,patch_only,,0.7,0.3,motion_soft,2,4,0.07,0.01,0.2049469964664311,0.14752650176678445,0.14752650176678445,0.013545347467608953
annotated,VEO3,750e5c41-13c2-59f9-9fb6-049bdbe1d74d.mp4,patch_only,,0.7,0.3,motion_soft,2,4,0.07,0.01,0.0,0.0038869257950530033,0.0038869257950530033,0.012956419316843345
annotated,VEO3,75260b47-1039-5326-afda-904ec6f1e49f.mp4,patch_only,,0.7,0.3,motion_soft,2,4,0.07,0.01,0.31861012956419316,0.41083627797408717,0.41083627797408717,0.6260306242638398
annotated,VEO3,75282ca5-120a-5824-9811-0678c7ea6694.mp4,patch_only,,0.7,0.3,motion_soft,2,4,0.07,0.01,0.3309776207302709,0.27762073027090695,0.27762073027090695,0.15312131919905772
annotated,VEO3,752c39af-bc04-5257-912f-493417c471b5.mp4,patch_only,,0.7,0.3,motion_soft,2,4,0.07,0.01,0.01707891637220259,0.10559481743227327,0.10559481743227327,0.3121319199057715
annotated,VEO3,7541eaf1-9cc8-522d-954e-d95955334c3c.mp4,patch_only,,0.7,0.3,motion_soft,2,4,0.07,0.01,0.6171967020023557,0.4866313309776207,0.4866313309776207,0.18197879858657243
annotated,VEO3,754c24ad-36c8-5eee-b1ad-eb0e0b4911dd.mp4,patch_only,,0.7,0.3,motion_soft,2,4,0.07,0.01,0.02237926972909305,0.06054181389870436,0.06054181389870436,0.14958775029446408
annotated,VEO3,755442d0-337d-54b6-bf30-59fb4331fa85.mp4,patch_only,,0.7,0.3,motion_soft,2,4,0.07,0.01,0.2479387514723204,0.19546525323910482,0.19546525323910482,0.07302709069493522
annotated,VEO3,756ddd2b-9b0f-535a-8a32-d424301fe6b6.mp4,patch_only,,0.7,0.3,motion_soft,2,4,0.07,0.01,0.2408716136631331,0.41083627797408717,0.41083627797408717,0.8074204946996466
annotated,VEO3,7570a014-178f-5921-8509-9f60e310b193.mp4,patch_only,,0.7,0.3,motion_soft,2,4,0.07,0.01,0.30742049469964666,0.37968197879858656,0.37968197879858656,0.5482921083627798
annotated,VEO3,757777f2-d776-555b-905b-a963fe5906f4.mp4,patch_only,,0.7,0.3,motion_soft,2,4,0.07,0.01,0.6648998822143698,0.5717903415783273,0.5717903415783273,0.3545347467608952
annotated,VEO3,758fec1a-8da7-5358-a4d5-476ff977017b.mp4,patch_only,,0.7,0.3,motion_soft,2,4,0.07,0.01,0.03415783274440518,0.23557126030624265,0.23557126030624265,0.7055359246171967
annotated,VEO3,759f38e8-cbb8-5b86-8ed9-36c48b36c3be.mp4,patch_only,,0.7,0.3,motion_soft,2,4,0.07,0.01,0.1419316843345112,0.11454652532391048,0.11454652532391048,0.050647820965842166
annotated,VEO3,75bce02e-61eb-5d54-939e-18ba156b5ab2.mp4,patch_only,,0.7,0.3,motion_soft,2,4,0.07,0.01,0.030624263839811542,0.07285041224970554,0.07285041224970554,0.17137809187279152
annotated,VEO3,75e83cd2-fc1d-545e-9008-c6628c7da07c.mp4,patch_only,,0.7,0.3,motion_soft,2,4,0.07,0.01,0.09305064782096584,0.07255594817432273,0.07255594817432273,0.024734982332155476
annotated,VEO3,75f41f8a-5832-5053-ae4f-f8f32f3c2eb5.mp4,patch_only,,0.7,0.3,motion_soft,2,4,0.07,0.01,0.6354534746760895,0.5275029446407538,0.5275029446407538,0.2756183745583039
annotated,VEO3,76108a70-3200-589a-9770-5e41431cc6ba.mp4,patch_only,,0.7,0.3,motion_soft,2,4,0.07,0.01,0.6513545347467609,0.7105418138987043,0.7105418138987043,0.8486454652532391
annotated,VEO3,761ab321-303d-5dcb-ad2c-432aaded7206.mp4,patch_only,,0.7,0.3,motion_soft,2,4,0.07,0.01,0.030035335689045935,0.050176678445229675,0.050176678445229675,0.09717314487632508
annotated,VEO3,762ec1fa-b98e-5e7f-ab80-c357a5d68288.mp4,patch_only,,0.7,0.3,motion_soft,2,4,0.07,0.01,0.4299175500588928,0.4594228504122497,0.4594228504122497,0.5282685512367491
annotated,VEO3,762f7e48-878b-5960-a59b-d3e20e131367.mp4,patch_only,,0.7,0.3,motion_soft,2,4,0.07,0.01,0.07714958775029446,0.1227326266195524,0.1227326266195524,0.22909305064782096
annotated,VEO3,767ac1fb-fb28-5dc2-af12-b4ee6751de10.mp4,patch_only,,0.7,0.3,motion_soft,2,4,0.07,0.01,0.19081272084805653,0.13586572438162545,0.13586572438162545,0.0076560659599528855
annotated,VEO3,76af3190-1032-51ba-92ff-df9fc35757d9.mp4,patch_only,,0.7,0.3,motion_soft,2,4,0.07,0.01,0.6678445229681979,0.5938162544169611,0.5938162544169611,0.4210836277974087
annotated,VEO3,76d821de-62f1-5c6d-9536-256bf634f3c9.mp4,patch_only,,0.7,0.3,motion_soft,2,4,0.07,0.01,0.1071849234393404,0.1925206124852768,0.1925206124852768,0.3916372202591284
annotated,VEO3,773d7a3f-a76c-5c8e-a904-617c4ea3e520.mp4,patch_only,,0.7,0.3,motion_soft,2,4,0.07,0.01,0.5700824499411072,0.4241460541813899,0.4241460541813899,0.08362779740871613
annotated,VEO3,77711399-2722-5788-aafc-5b15d23ab533.mp4,patch_only,,0.7,0.3,motion_soft,2,4,0.07,0.01,0.037102473498233215,0.08639575971731447,0.08639575971731447,0.20141342756183744
annotated,VEO3,7785b6bf-9a6c-571c-80ac-0b6dd49d9706.mp4,patch_only,,0.7,0.3,motion_soft,2,4,0.07,0.01,0.10600706713780919,0.13975265017667843,0.13975265017667843,0.21849234393404005
annotated,VEO3,778cdeee-8f2f-5b86-839d-372842e06dea.mp4,patch_only,,0.7,0.3,motion_soft,2,4,0.07,0.01,0.6707891637220259,0.7138987043580682,0.7138987043580682,0.8144876325088339
annotated,VEO3,7799188f-884c-59c4-b503-f7f78f9c326f.mp4,patch_only,,0.7,0.3,motion_soft,2,4,0.07,0.01,0.020023557126030624,0.04970553592461719,0.04970553592461719,0.11896348645465253
annotated,VEO3,77b50266-9139-5c7a-b14e-f1e3683121cb.mp4,patch_only,,0.7,0.3,motion_soft,2,4,0.07,0.01,0.09540636042402827,0.22544169611307419,0.22544169611307419,0.5288574793875147
annotated,VEO3,77f4cd04-33a3-507c-ba6b-7f70b2938cec.mp4,patch_only,,0.7,0.3,motion_soft,2,4,0.07,0.01,0.3928150765606596,0.5156065959952886,0.5156065959952886,0.8021201413427562
annotated,VEO3,77f7bfcb-9da8-5ab8-97ad-99612b5a5b9a.mp4,patch_only,,0.7,0.3,motion_soft,2,4,0.07,0.01,0.06419316843345112,0.0710836277974087,0.0710836277974087,0.08716136631330977
annotated,VEO3,785d6b79-40bf-5e19-b7a3-b4c8bc141149.mp4,patch_only,,0.7,0.3,motion_soft,2,4,0.07,0.01,0.0,0.07137809187279151,0.07137809187279151,0.23792697290930506
annotated,VEO3,78673e41-1a19-58f3-b9a0-f544076d3c08.mp4,patch_only,,0.7,0.3,motion_soft,2,4,0.07,0.01,0.4534746760895171,0.3797997644287397,0.3797997644287397,0.20789163722025913
annotated,VEO3,789e6afe-eb83-59fe-a460-3203e18ced7c.mp4,patch_only,,0.7,0.3,motion_soft,2,4,0.07,0.01,0.16136631330977622,0.24581861012956419,0.24581861012956419,0.44287396937573614
annotated,VEO3,78f1cdf4-26b4-5009-a290-169c73df6769.mp4,patch_only,,0.7,0.3,motion_soft,2,4,0.07,0.01,0.0,0.02791519434628975,0.02791519434628975,0.09305064782096584
annotated,VEO3,78fb3604-e34b-5fed-8040-d2c35560fd09.mp4,patch_only,,0.7,0.3,motion_soft,2,4,0.07,0.01,0.4711425206124853,0.35029446407538284,0.35029446407538284,0.06831566548881036
annotated,VEO3,792403f2-061a-5e71-aa63-bdc408e28b72.mp4,patch_only,,0.7,0.3,motion_soft,2,4,0.07,0.01,0.16195524146054183,0.1160188457008245,0.1160188457008245,0.0088339222614841
annotated,VEO3,7996805e-1dee-5db1-a815-9858b3e77ff8.mp4,patch_only,,0.7,0.3,motion_soft,2,4,0.07,0.01,0.2585394581861013,0.19793875147232037,0.19793875147232037,0.05653710247349823
annotated,VEO3,799d862b-c6f1-516c-8e24-f3338d241b74.mp4,patch_only,,0.7,0.3,motion_soft,2,4,0.07,0.01,0.1348645465253239,0.22391048292108362,0.22391048292108362,0.43168433451118965
annotated,VEO3,79eb0fd1-de3a-506d-b155-529de0b509f3.mp4,patch_only,,0.7,0.3,motion_soft,2,4,0.07,0.01,0.009422850412249705,0.026207302709069492,0.026207302709069492,0.06537102473498234
annotated,VEO3,7a172971-d06c-513e-b580-30c2956b27af.mp4,patch_only,,0.7,0.3,motion_soft,2,4,0.07,0.01,0.2055359246171967,0.18415783274440517,0.18415783274440517,0.13427561837455831
annotated,VEO3,7a7daf10-af66-5d6d-8142-b83ce8360e4c.mp4,patch_only,,0.7,0.3,motion_soft,2,4,0.07,0.01,0.034746760895170786,0.06160188457008244,0.06160188457008244,0.12426383981154299
annotated,VEO3,7a834007-f163-58b2-80c9-e8851dfa2925.mp4,patch_only,,0.7,0.3,motion_soft,2,4,0.07,0.01,0.1071849234393404,0.09693757361601885,0.09693757361601885,0.07302709069493522
annotated,VEO3,7aae4511-78e8-5071-84f3-9d3f02bc8a74.mp4,patch_only,,0.7,0.3,motion_soft,2,4,0.07,0.01,0.39752650176678445,0.4075971731448763,0.4075971731448763,0.43109540636042404
annotated,VEO3,7ad36116-9a1e-54ed-b2fc-f70e317d0556.mp4,patch_only,,0.7,0.3,motion_soft,2,4,0.07,0.01,0.08833922261484099,0.2899293286219081,0.2899293286219081,0.7603062426383981
annotated,VEO3,7aeb18dd-a0fc-512a-9110-35e9feacf4d5.mp4,patch_only,,0.7,0.3,motion_soft,2,4,0.07,0.01,0.008244994110718492,0.04163722025912839,0.04163722025912839,0.11955241460541814
annotated,VEO3,7af145df-47a9-57d1-bbf9-5a9de052c9db.mp4,patch_only,,0.7,0.3,motion_soft,2,4,0.07,0.01,0.0005889281507656066,0.035571260306242636,0.035571260306242636,0.11719670200235571
annotated,VEO3,7b88d6a5-e35f-5c3a-87d1-f403874c3187.mp4,patch_only,,0.7,0.3,motion_soft,2,4,0.07,0.01,0.6289752650176679,0.5203180212014135,0.5203180212014135,0.2667844522968198
annotated,VEO3,7bcb0a0d-8c90-5f67-8bc4-8f5ad4d55054.mp4,patch_only,,0.7,0.3,motion_soft,2,4,0.07,0.01,0.6560659599528857,0.6034157832744405,0.6034157832744405,0.48056537102473496
annotated,VEO3,7be45b86-ec35-5d20-8043-8a827f8128ec.mp4,patch_only,,0.7,0.3,motion_soft,2,4,0.07,0.01,0.002355712603062426,0.13221436984687868,0.13221436984687868,0.43521790341578326
annotated,VEO3,7bede200-626c-5048-b12b-726f2bf7f956.mp4,patch_only,,0.7,0.3,motion_soft,2,4,0.07,0.01,0.5159010600706714,0.44699646643109536,0.44699646643109536,0.2862190812720848
annotated,VEO3,7bf68760-6934-5622-93f7-20f9592c3c00.mp4,patch_only,,0.7,0.3,motion_soft,2,4,0.07,0.01,0.23498233215547704,0.2362190812720848,0.2362190812720848,0.23910482921083628
annotated,VEO3,7c1b10ff-a086-55b5-a4ba-56335bc2eba7.mp4,patch_only,,0.7,0.3,motion_soft,2,4,0.07,0.01,0.3710247349823322,0.284452296819788,0.284452296819788,0.08244994110718493
annotated,VEO3,7c2bdffd-9317-5399-8725-0cd739d2a561.mp4,patch_only,,0.7,0.3,motion_soft,2,4,0.07,0.01,0.36454652532391046,0.42143698468786805,0.42143698468786805,0.5541813898704359
annotated,VEO3,7c3c8736-3aaf-5185-b680-68a6dc27287f.mp4,patch_only,,0.7,0.3,motion_soft,2,4,0.07,0.01,0.03415783274440518,0.10376914016489988,0.10376914016489988,0.2661955241460542
annotated,VEO3,7c3fce54-983a-557d-94e9-777712fc8d38.mp4,patch_only,,0.7,0.3,motion_soft,2,4,0.07,0.01,0.2037691401648999,0.30889281507656063,0.30889281507656063,0.5541813898704359
annotated,VEO3,7c41398b-8e96-5368-ae4b-12b3fc0040c9.mp4,patch_only,,0.7,0.3,motion_soft,2,4,0.07,0.01,0.4876325088339223,0.39045936395759717,0.39045936395759717,0.16372202591283863
annotated,VEO3,7c9c6e52-5925-5a05-85f4-a28fe9199224.mp4,patch_only,,0.7,0.3,motion_soft,2,4,0.07,0.01,0.022968197879858657,0.0411660777385159,0.0411660777385159,0.08362779740871613
annotated,VEO3,7d0a887f-4519-520a-b903-e0a1b5cbc7e4.mp4,patch_only,,0.7,0.3,motion_soft,2,4,0.07,0.01,0.14428739693757361,0.18085983510011777,0.18085983510011777,0.2661955241460542
annotated,VEO3,7d14f188-7f5e-5fee-a00a-e80a1941f346.mp4,patch_only,,0.7,0.3,motion_soft,2,4,0.07,0.01,0.07950530035335689,0.055830388692579495,0.055830388692579495,0.0005889281507656066
annotated,VEO3,7d1d6eee-44df-53a6-be3d-23e4a8147e0e.mp4,patch_only,,0.7,0.3,motion_soft,2,4,0.07,0.01,0.0353356890459364,0.026501766784452294,0.026501766784452294,0.005889281507656066
annotated,VEO3,7d25a5db-cf77-58f9-b4c8-ce7d120dd1d7.mp4,patch_only,,0.7,0.3,motion_soft,2,4,0.07,0.01,0.06713780918727916,0.06148409893992933,0.06148409893992933,0.048292108362779744
annotated,VEO3,7d4d4527-8ffa-581a-9b24-371109374f7d.mp4,patch_only,,0.7,0.3,motion_soft,2,4,0.07,0.01,0.31625441696113077,0.22932862190812722,0.22932862190812722,0.026501766784452298
annotated,VEO3,7d737a59-90c5-5e72-8a4b-9ca05f52b505.mp4,patch_only,,0.7,0.3,motion_soft,2,4,0.07,0.01,0.01884570082449941,0.1707891637220259,0.1707891637220259,0.525323910482921
annotated,VEO3,7dabaa26-d8fc-5d55-87a0-3f32e1c928fa.mp4,patch_only,,0.7,0.3,motion_soft,2,4,0.07,0.01,0.37750294464075385,0.5246760895170789,0.5246760895170789,0.8680800942285041
annotated,VEO3,7dba9eb5-d1ac-58f5-83ff-0f02b530d5ae.mp4,patch_only,,0.7,0.3,motion_soft,2,4,0.07,0.01,0.5159010600706714,0.47208480565371025,0.47208480565371025,0.36984687868080096
annotated,VEO3,7df0eb21-d437-5571-8196-2a206ff10e03.mp4,patch_only,,0.7,0.3,motion_soft,2,4,0.07,0.01,0.05005889281507656,0.20694935217903415,0.20694935217903415,0.5730270906949352
annotated,VEO3,7e46013a-2d87-5d09-adeb-81102d846211.mp4,patch_only,,0.7,0.3,motion_soft,2,4,0.07,0.01,0.002355712603062426,0.04793875147232037,0.04793875147232037,0.15429917550058891
annotated,VEO3,7eb6c5e7-306b-5972-a6b7-4448747d5753.mp4,patch_only,,0.7,0.3,motion_soft,2,4,0.07,0.01,0.015901060070671377,0.025971731448763247,0.025971731448763247,0.04946996466431095
annotated,VEO3,7ecca0ff-2d4b-561f-a0f8-f58235c5daf0.mp4,patch_only,,0.7,0.3,motion_soft,2,4,0.07,0.01,0.03356890459363958,0.029858657243816256,0.029858657243816256,0.02120141342756184
annotated,VEO3,7ed621f7-d862-5d23-9896-7a39273179e6.mp4,patch_only,,0.7,0.3,motion_soft,2,4,0.07,0.01,0.006478209658421673,0.04852767962308598,0.04852767962308598,0.14664310954063603
annotated,VEO3,7eda6ff7-a073-5c92-830b-9fba292a80d6.mp4,patch_only,,0.7,0.3,motion_soft,2,4,0.07,0.01,0.10777385159010601,0.3627208480565371,0.3627208480565371,0.9575971731448764
annotated,VEO3,7eec30bb-41b6-537d-8a86-076e36ce4ab8.mp4,patch_only,,0.7,0.3,motion_soft,2,4,0.07,0.01,0.5376914016489989,0.43663133097762075,0.43663133097762075,0.20082449941107186
annotated,VEO3,7ef3eb3f-e598-5ad3-9c8c-3db0d11a9387.mp4,patch_only,,0.7,0.3,motion_soft,2,4,0.07,0.01,0.22614840989399293,0.16183745583038867,0.16183745583038867,0.011778563015312132
annotated,VEO3,7f23bea7-42f5-5315-9c36-690ee2d445dc.mp4,patch_only,,0.7,0.3,motion_soft,2,4,0.07,0.01,0.05123674911660778,0.060247349823321555,0.060247349823321555,0.0812720848056537
annotated,VEO3,7f8ba2ee-6d96-56c9-8602-c0acf3e677d1.mp4,patch_only,,0.7,0.3,motion_soft,2,4,0.07,0.01,0.3621908127208481,0.30159010600706715,0.30159010600706715,0.160188457008245
annotated,VEO3,7fea4b36-b8eb-5951-9231-e4ba26d2a627.mp4,patch_only,,0.7,0.3,motion_soft,2,4,0.07,0.01,0.1978798586572438,0.14434628975265018,0.14434628975265018,0.019434628975265017
annotated,VEO3,8015f2ca-3c34-5ccb-9552-cce4238a5576.mp4,patch_only,,0.7,0.3,motion_soft,2,4,0.07,0.01,0.12603062426383982,0.23362779740871614,0.23362779740871614,0.48468786808009423
annotated,VEO3,8029c394-7caf-541e-8905-2e547fedff17.mp4,patch_only,,0.7,0.3,motion_soft,2,4,0.07,0.01,0.009422850412249705,0.014016489988221435,0.014016489988221435,0.024734982332155476
annotated,VEO3,808d269b-0a59-5105-9373-89962226f940.mp4,patch_only,,0.7,0.3,motion_soft,2,4,0.07,0.01,0.11778563015312132,0.0845700824499411,0.0845700824499411,0.007067137809187279
annotated,VEO3,808f8b15-c780-5b22-ad5a-9d00c086549e.mp4,patch_only,,0.7,0.3,motion_soft,2,4,0.07,0.01,0.11837455830388692,0.08303886925795052,0.08303886925795052,0.0005889281507656066
annotated,VEO3,8091b8b2-929f-5f14-b090-cc276dbc9712.mp4,patch_only,,0.7,0.3,motion_soft,2,4,0.07,0.01,0.0005889281507656066,0.024970553592461718,0.024970553592461718,0.08186101295641932
annotated,VEO3,80d078ed-eb59-5d26-8a0a-2306f17a957c.mp4,patch_only,,0.7,0.3,motion_soft,2,4,0.07,0.01,0.2997644287396938,0.25895170789163724,0.25895170789163724,0.16372202591283863
annotated,VEO3,80fdf2c2-5116-5e6c-999b-256fea6f1990.mp4,patch_only,,0.7,0.3,motion_soft,2,4,0.07,0.01,0.10482921083627797,0.20518256772673732,0.20518256772673732,0.43934040047114253
annotated,VEO3,81132079-66d0-59bd-8954-cbb82a484247.mp4,patch_only,,0.7,0.3,motion_soft,2,4,0.07,0.01,0.13957597173144876,0.11307420494699646,0.11307420494699646,0.05123674911660778
annotated,VEO3,81b3fc59-dc38-56b2-9ac2-e2f2d69cd241.mp4,patch_only,,0.7,0.3,motion_soft,2,4,0.07,0.01,0.2791519434628975,0.41325088339222615,0.41325088339222615,0.726148409893993
annotated,VEO3,81e8a4c8-bae8-5fde-8466-bd2d223a76f5.mp4,patch_only,,0.7,0.3,motion_soft,2,4,0.07,0.01,0.7809187279151943,0.7706713780918727,0.7706713780918727,0.7467608951707891
annotated,VEO3,8218868d-282a-5fa5-9c76-c0f271d57134.mp4,patch_only,,0.7,0.3,motion_soft,2,4,0.07,0.01,0.3138987043580683,0.43704358068315663,0.43704358068315663,0.7243816254416962
annotated,VEO3,8245058c-3c33-510d-af28-1ec70ef874d4.mp4,patch_only,,0.7,0.3,motion_soft,2,4,0.07,0.01,0.0,0.02950530035335689,0.02950530035335689,0.0983510011778563
annotated,VEO3,82945089-ab56-5ed1-b2ac-7b08e71b642d.mp4,patch_only,,0.7,0.3,motion_soft,2,4,0.07,0.01,0.0,0.01519434628975265,0.01519434628975265,0.050647820965842166
annotated,VEO3,82b5c340-0a28-51e3-b559-d2d09c6f9ffb.mp4,patch_only,,0.7,0.3,motion_soft,2,4,0.07,0.01,0.15488810365135453,0.23969375736160187,0.23969375736160187,0.4375736160188457
annotated,VEO3,836cbd1a-18a9-55cd-af3c-40818c80476e.mp4,patch_only,,0.7,0.3,motion_soft,2,4,0.07,0.01,0.23792697290930506,0.3197290930506478,0.3197290930506478,0.5106007067137809
annotated,VEO3,84237ec0-ec5b-5a26-90dd-7fc50fd4eb38.mp4,patch_only,,0.7,0.3,motion_soft,2,4,0.07,0.01,0.574793875147232,0.5702002355712603,0.5702002355712603,0.5594817432273262
annotated,VEO3,8432c778-4abc-5371-8bf5-27fdda8c7567.mp4,patch_only,,0.7,0.3,motion_soft,2,4,0.07,0.01,0.3197879858657244,0.2823321554770318,0.2823321554770318,0.19493521790341578
annotated,VEO3,849abf38-a1e6-5ba3-ac62-25fc937cc4ad.mp4,patch_only,,0.7,0.3,motion_soft,2,4,0.07,0.01,0.6089517078916372,0.4722025912838633,0.4722025912838633,0.15312131919905772
annotated,VEO3,84ecfd10-2ec1-5259-b44a-2cf1786bb321.mp4,patch_only,,0.7,0.3,motion_soft,2,4,0.07,0.01,0.07302709069493522,0.11048292108362778,0.11048292108362778,0.1978798586572438
annotated,VEO3,84f461b1-4c4f-55e2-a9f9-f454064faeb7.mp4,patch_only,,0.7,0.3,motion_soft,2,4,0.07,0.01,0.027090694935217905,0.06401648998822143,0.06401648998822143,0.1501766784452297
annotated,VEO3,850027ed-2fc0-53a6-a2ec-82b824734d78.mp4,patch_only,,0.7,0.3,motion_soft,2,4,0.07,0.01,0.0,0.03763250883392226,0.03763250883392226,0.1254416961130742
annotated,VEO3,8569f2bd-89d1-5107-a66f-4e78fa108695.mp4,patch_only,,0.7,0.3,motion_soft,2,4,0.07,0.01,0.011189634864546525,0.08362779740871615,0.08362779740871615,0.25265017667844525
annotated,VEO3,85849df4-b0b5-5521-aa78-2823aa0ed647.mp4,patch_only,,0.7,0.3,motion_soft,2,4,0.07,0.01,0.039458186101295645,0.13256772673733805,0.13256772673733805,0.3498233215547703
annotated,VEO3,85998309-6498-543e-8452-71beb734ff3b.mp4,patch_only,,0.7,0.3,motion_soft,2,4,0.07,0.01,0.1972909305064782,0.22255594817432273,0.22255594817432273,0.28150765606595995
annotated,VEO3,85bcc65d-966a-5f37-803b-82ac0759b65b.mp4,patch_only,,0.7,0.3,motion_soft,2,4,0.07,0.01,0.07538280329799764,0.06089517078916371,0.06089517078916371,0.027090694935217905
annotated,VEO3,85ce5012-4d85-595c-af7f-340d1cc3afaa.mp4,patch_only,,0.7,0.3,motion_soft,2,4,0.07,0.01,0.38810365135453473,0.36124852767962307,0.36124852767962307,0.29858657243816256
annotated,VEO3,85d2ce41-04b5-5183-8bff-23dd1fd6ab23.mp4,patch_only,,0.7,0.3,motion_soft,2,4,0.07,0.01,0.28975265017667845,0.20459363957597174,0.20459363957597174,0.005889281507656066
annotated,VEO3,85e58840-83b2-5422-bfe7-c3c9efbbb0be.mp4,patch_only,,0.7,0.3,motion_soft,2,4,0.07,0.01,0.10424028268551237,0.10282685512367491,0.10282685512367491,0.09952885747938751
annotated,VEO3,85e9232e-a0b7-5cae-9b8a-501d56eb8e1e.mp4,patch_only,,0.7,0.3,motion_soft,2,4,0.07,0.01,0.05123674911660778,0.053180212014134275,0.053180212014134275,0.05771495877502945
annotated,VEO3,85f34290-fe1a-5ec7-892f-c2887bf50a39.mp4,patch_only,,0.7,0.3,motion_soft,2,4,0.07,0.01,0.2856301531213192,0.22502944640753825,0.22502944640753825,0.08362779740871613
annotated,VEO3,85f7d5d4-621a-5c6b-a9d3-89663f6b9d6f.mp4,patch_only,,0.7,0.3,motion_soft,2,4,0.07,0.01,0.1978798586572438,0.15459363957597172,0.15459363957597172,0.0535924617196702
annotated,VEO3,8621a121-5460-5d88-9275-405a3c36f27f.mp4,patch_only,,0.7,0.3,motion_soft,2,4,0.07,0.01,0.22025912838633688,0.18315665488810365,0.18315665488810365,0.09658421672555949
annotated,VEO3,86344334-97ae-5493-afc4-65be75e10b08.mp4,patch_only,,0.7,0.3,motion_soft,2,4,0.07,0.01,0.06065959952885748,0.11454652532391046,0.11454652532391046,0.24028268551236748
annotated,VEO3,8650c442-57ee-5e1a-8be6-9a608dfa29aa.mp4,patch_only,,0.7,0.3,motion_soft,2,4,0.07,0.01,0.43227326266195526,0.5375736160188457,0.5375736160188457,0.7832744405182568
annotated,VEO3,8694ffa4-6616-56e2-a187-c4d66a630771.mp4,patch_only,,0.7,0.3,motion_soft,2,4,0.07,0.01,0.21083627797408716,0.25094228504122496,0.25094228504122496,0.34452296819787986
annotated,VEO3,86b3695e-60b7-5367-b6f9-0799c82b40ec.mp4,patch_only,,0.7,0.3,motion_soft,2,4,0.07,0.01,0.004711425206124852,0.01442873969375736,0.01442873969375736,0.037102473498233215
annotated,VEO3,86ccef41-28ed-5fe8-896b-639e7792dcf0.mp4,patch_only,,0.7,0.3,motion_soft,2,4,0.07,0.01,0.2656065959952886,0.2868080094228504,0.2868080094228504,0.33627797408716137
annotated,VEO3,86e17aa2-40d1-548b-bb1a-5ae1c2092454.mp4,patch_only,,0.7,0.3,motion_soft,2,4,0.07,0.01,0.05771495877502945,0.18510011778563012,0.18510011778563012,0.4823321554770318
annotated,VEO3,86e67530-91f2-58fe-b82e-5fe5ecfdb17d.mp4,patch_only,,0.7,0.3,motion_soft,2,4,0.07,0.01,0.11719670200235571,0.20606595995288574,0.20606595995288574,0.4134275618374558
annotated,VEO3,8704a9ea-35a1-5d6a-a5ff-3f4b5a9c6332.mp4,patch_only,,0.7,0.3,motion_soft,2,4,0.07,0.01,0.07538280329799764,0.0561248527679623,0.0561248527679623,0.011189634864546525
annotated,VEO3,87121d93-77bb-5d1b-9a60-decc0094c3dd.mp4,patch_only,,0.7,0.3,motion_soft,2,4,0.07,0.01,0.36160188457008247,0.32644287396937577,0.32644287396937577,0.24440518256772673
annotated,VEO3,875e95f8-eb60-5ee2-95bb-2a46bcc6e4d4.mp4,patch_only,,0.7,0.3,motion_soft,2,4,0.07,0.01,0.06419316843345112,0.08027090694935218,0.08027090694935218,0.11778563015312132
annotated,VEO3,8770060f-97dc-56a5-80e7-00c30da28d43.mp4,patch_only,,0.7,0.3,motion_soft,2,4,0.07,0.01,0.04181389870435807,0.07608951707891637,0.07608951707891637,0.15606595995288575
annotated,VEO3,879710ea-d2c6-5d37-b3c9-2bc8daf31c4a.mp4,patch_only,,0.7,0.3,motion_soft,2,4,0.07,0.01,0.014134275618374558,0.020141342756183744,0.020141342756183744,0.03415783274440518
annotated,VEO3,87a43cf3-2c4e-5972-8cd2-cd0006fe16e5.mp4,patch_only,,0.7,0.3,motion_soft,2,4,0.07,0.01,0.015901060070671377,0.024734982332155476,0.024734982332155476,0.04534746760895171
annotated,VEO3,881a7b82-cad8-5226-888b-e8a68aad6cac.mp4,patch_only,,0.7,0.3,motion_soft,2,4,0.07,0.01,0.04711425206124853,0.2237926972909305,0.2237926972909305,0.6360424028268551
annotated,VEO3,883c1d78-198e-5ce1-bf8d-a68f15f516a5.mp4,patch_only,,0.7,0.3,motion_soft,2,4,0.07,0.01,0.20023557126030625,0.2712603062426384,0.2712603062426384,0.4369846878680801
annotated,VEO3,88542a90-eeca-531b-8589-a97eec198264.mp4,patch_only,,0.7,0.3,motion_soft,2,4,0.07,0.01,0.3586572438162544,0.3098939929328622,0.3098939929328622,0.196113074204947
annotated,VEO3,88a632e4-e3d0-50be-91e1-e0160f97fe42.mp4,patch_only,,0.7,0.3,motion_soft,2,4,0.07,0.01,0.011189634864546525,0.15889281507656064,0.15889281507656064,0.5035335689045937
annotated,VEO3,88e2ac6a-4e59-56e3-b36c-0860943487f2.mp4,patch_only,,0.7,0.3,motion_soft,2,4,0.07,0.01,0.06713780918727916,0.0568904593639576,0.0568904593639576,0.03297997644287397
annotated,VEO3,88ec45b2-706c-5531-b896-7428b15b4b3c.mp4,patch_only,,0.7,0.3,motion_soft,2,4,0.07,0.01,0.0,0.02084805653710247,0.02084805653710247,0.06949352179034157
annotated,VEO3,8916bce1-4926-5f2c-9183-e78a495b50cc.mp4,patch_only,,0.7,0.3,motion_soft,2,4,0.07,0.01,0.19140164899882214,0.3025323910482921,0.3025323910482921,0.5618374558303887
annotated,VEO3,893b4647-9c9a-5f74-8174-65c921901fc1.mp4,patch_only,,0.7,0.3,motion_soft,2,4,0.07,0.01,0.2791519434628975,0.25636042402826853,0.25636042402826853,0.20318021201413428
annotated,VEO3,893d6731-f648-5e4a-b9f3-e168d95fa8fc.mp4,patch_only,,0.7,0.3,motion_soft,2,4,0.07,0.01,0.21554770318021202,0.15865724381625443,0.15865724381625443,0.02591283863368669
annotated,VEO3,89535ec9-ce52-57d6-9dd0-af90c7abb282.mp4,patch_only,,0.7,0.3,motion_soft,2,4,0.07,0.01,0.8975265017667845,0.727208480565371,0.727208480565371,0.3297997644287397
annotated,VEO3,8973ea39-d69b-528b-9ed5-65ccbb8877b1.mp4,patch_only,,0.7,0.3,motion_soft,2,4,0.07,0.01,0.13722025912838634,0.16177856301531213,0.16177856301531213,0.21908127208480566
annotated,VEO3,897c9ec6-ad1b-54d9-a3ea-201ea3a4c84a.mp4,patch_only,,0.7,0.3,motion_soft,2,4,0.07,0.01,0.26442873969375735,0.19464075382803295,0.19464075382803295,0.03180212014134275
annotated,VEO3,89b55d33-b936-5fef-8439-979e3a7e7bd8.mp4,patch_only,,0.7,0.3,motion_soft,2,4,0.07,0.01,0.24322732626619553,0.1875736160188457,0.1875736160188457,0.05771495877502945
annotated,VEO3,8a56f1ee-9493-51a3-b1cb-34e0b9703422.mp4,patch_only,,0.7,0.3,motion_soft,2,4,0.07,0.01,0.008244994110718492,0.10647820965842167,0.10647820965842167,0.33568904593639576
annotated,VEO3,8a5aab98-09e3-5ce6-a221-183965c6acf2.mp4,patch_only,,0.7,0.3,motion_soft,2,4,0.07,0.01,0.19199057714958775,0.37308598351001176,0.37308598351001176,0.7956419316843345
annotated,VEO3,8ac54588-c9be-5e43-9514-b7e09c2e3cf3.mp4,patch_only,,0.7,0.3,motion_soft,2,4,0.07,0.01,0.03415783274440518,0.18062426383981156,0.18062426383981156,0.5223792697290931
annotated,VEO3,8b34ec67-71c3-5f00-a34e-1374254ff458.mp4,patch_only,,0.7,0.3,motion_soft,2,4,0.07,0.01,0.037102473498233215,0.04328621908127209,0.04328621908127209,0.05771495877502945
annotated,VEO3,8b43d882-8288-55a9-98b4-1d9eac646bec.mp4,patch_only,,0.7,0.3,motion_soft,2,4,0.07,0.01,0.2697290930506478,0.19552414605418134,0.19552414605418134,0.02237926972909305
annotated,VEO3,8b7b0e2c-bfa1-542f-a7c8-caf7496a6b2c.mp4,patch_only,,0.7,0.3,motion_soft,2,4,0.07,0.01,0.15488810365135453,0.20665488810365135,0.20665488810365135,0.32744405182567726
annotated,VEO3,8c3f43bf-fe3f-5a2b-857b-ed9db04ca250.mp4,patch_only,,0.7,0.3,motion_soft,2,4,0.07,0.01,0.15783274440518258,0.12585394581861012,0.12585394581861012,0.05123674911660778
annotated,VEO3,8c4b315f-c982-5a24-a87d-440ca3b20ec9.mp4,patch_only,,0.7,0.3,motion_soft,2,4,0.07,0.01,0.3945818610129564,0.5221436984687868,0.5221436984687868,0.8197879858657244
annotated,VEO3,8c66733b-5a44-5de9-84c9-0d67ebea7f7f.mp4,patch_only,,0.7,0.3,motion_soft,2,4,0.07,0.01,0.01884570082449941,0.12096584216725559,0.12096584216725559,0.35924617196702
annotated,VEO3,8cc2d4f0-9221-52a1-8903-8e22dcf09652.mp4,patch_only,,0.7,0.3,motion_soft,2,4,0.07,0.01,0.7620730270906949,0.7573027090694935,0.7573027090694935,0.7461719670200235
annotated,VEO3,8d43b779-9405-54de-ac5a-e68788a11e13.mp4,patch_only,,0.7,0.3,motion_soft,2,4,0.07,0.01,0.23910482921083628,0.2712603062426384,0.2712603062426384,0.3462897526501767
annotated,VEO3,8d5979ca-aceb-5de6-baa0-3934b8bd23fa.mp4,patch_only,,0.7,0.3,motion_soft,2,4,0.07,0.01,0.2579505300353357,0.27455830388692576,0.27455830388692576,0.3133097762073027
annotated,VEO3,8d618606-9336-5290-ac83-bafd83895dc7.mp4,patch_only,,0.7,0.3,motion_soft,2,4,0.07,0.01,0.06301531213191991,0.048174322732626625,0.048174322732626625,0.013545347467608953
annotated,VEO3,8df36dbe-02fb-5442-ad9b-f9dd58ae4e54.mp4,patch_only,,0.7,0.3,motion_soft,2,4,0.07,0.01,0.0,0.03462897526501767,0.03462897526501767,0.1154299175500589
annotated,VEO3,8df4dc93-eb8e-5dc5-8d3a-00b60fa714a5.mp4,patch_only,,0.7,0.3,motion_soft,2,4,0.07,0.01,0.15488810365135453,0.37096584216725553,0.37096584216725553,0.8751472320376914
annotated,VEO3,8e4e53d6-3dbd-5776-a27f-5bfc2eab413b.mp4,patch_only,,0.7,0.3,motion_soft,2,4,0.07,0.01,0.19316843345111898,0.19246171967020023,0.19246171967020023,0.19081272084805653
annotated,VEO3,8e8fa62d-f771-5da6-ba12-15796a904a81.mp4,patch_only,,0.7,0.3,motion_soft,2,4,0.07,0.01,0.25559481743227325,0.3755594817432273,0.3755594817432273,0.6554770318021201
annotated,VEO3,8ef08b82-e9ca-5ee0-90d9-48fd2a549612.mp4,patch_only,,0.7,0.3,motion_soft,2,4,0.07,0.01,0.14546525323910484,0.21277974087161367,0.21277974087161367,0.36984687868080096
annotated,VEO3,8ef55a69-4984-5227-8a90-927ad894ef08.mp4,patch_only,,0.7,0.3,motion_soft,2,4,0.07,0.01,0.0,0.01519434628975265,0.01519434628975265,0.050647820965842166
annotated,VEO3,8ef61961-2087-58a7-8ba1-be82dacb2777.mp4,patch_only,,0.7,0.3,motion_soft,2,4,0.07,0.01,0.14016489988221437,0.10182567726737338,0.10182567726737338,0.012367491166077738
annotated,VEO3,8f05544c-671b-5e41-8bb7-3e122d26b6b3.mp4,patch_only,,0.7,0.3,motion_soft,2,4,0.07,0.01,0.4134275618374558,0.43462897526501765,0.43462897526501765,0.4840989399293286
annotated,VEO3,8f4dd0fb-f274-57c0-9aa0-5d4b0bb543b5.mp4,patch_only,,0.7,0.3,motion_soft,2,4,0.07,0.01,0.2326266195524146,0.2345700824499411,0.2345700824499411,0.23910482921083628
annotated,VEO3,8f5511af-9c99-59ba-8859-37a87175e171.mp4,patch_only,,0.7,0.3,motion_soft,2,4,0.07,0.01,0.039458186101295645,0.032037691401649,0.032037691401649,0.014723203769140165
annotated,VEO3,8f802059-44b2-5016-85cc-f7dfcf007cee.mp4,patch_only,,0.7,0.3,motion_soft,2,4,0.07,0.01,0.0088339222614841,0.008303886925795052,0.008303886925795052,0.007067137809187279
annotated,VEO3,901e3cb8-9a3d-5679-a2ee-0898fde0e705.mp4,patch_only,,0.7,0.3,motion_soft,2,4,0.07,0.01,0.16431095406360424,0.14134275618374556,0.14134275618374556,0.08775029446407538
annotated,VEO3,90447966-4d43-549b-a74b-ef5848b1155a.mp4,patch_only,,0.7,0.3,motion_soft,2,4,0.07,0.01,0.09069493521790342,0.27762073027090695,0.27762073027090695,0.7137809187279152
annotated,VEO3,907d3bc5-f4b1-50ee-9c46-e21c4858e0ef.mp4,patch_only,,0.7,0.3,motion_soft,2,4,0.07,0.01,0.4581861012956419,0.3523557126030624,0.3523557126030624,0.10541813898704358
annotated,VEO3,90a39778-6392-554f-81d6-c879631659ec.mp4,patch_only,,0.7,0.3,motion_soft,2,4,0.07,0.01,0.08716136631330977,0.29493521790341576,0.29493521790341576,0.7797408716136631
annotated,VEO3,90fb86d0-2e22-5838-907e-01d305ad5b18.mp4,patch_only,,0.7,0.3,motion_soft,2,4,0.07,0.01,0.01884570082449941,0.0690223792697291,0.0690223792697291,0.18610129564193167
annotated,VEO3,910aa21a-7bad-583d-9c59-68cf7f90163f.mp4,patch_only,,0.7,0.3,motion_soft,2,4,0.07,0.01,0.07538280329799764,0.16460541813898705,0.16460541813898705,0.37279151943462896
annotated,VEO3,91405696-7398-5f51-bf27-3096bcaeab5e.mp4,patch_only,,0.7,0.3,motion_soft,2,4,0.07,0.01,0.05653710247349823,0.043109540636042394,0.043109540636042394,0.011778563015312132
annotated,VEO3,9152a875-0934-5287-8470-6c03982a2894.mp4,patch_only,,0.7,0.3,motion_soft,2,4,0.07,0.01,0.35217903415783275,0.3474087161366313,0.3474087161366313,0.33627797408716137
annotated,VEO3,9160b239-9b50-518e-b9e8-b7cc632c9f0f.mp4,patch_only,,0.7,0.3,motion_soft,2,4,0.07,0.01,0.43109540636042404,0.3685512367491166,0.3685512367491166,0.2226148409893993
annotated,VEO3,91960b12-3faf-5daf-8c08-1a3e25b8a90e.mp4,patch_only,,0.7,0.3,motion_soft,2,4,0.07,0.01,0.04711425206124853,0.13686690223792697,0.13686690223792697,0.3462897526501767
annotated,VEO3,91e446d7-0521-5d1c-b2ec-1794b136eaa5.mp4,patch_only,,0.7,0.3,motion_soft,2,4,0.07,0.01,0.14899882214369847,0.29210836277974084,0.29210836277974084,0.6260306242638398
annotated,VEO3,92150492-a70f-5e7d-86d8-22875be7a254.mp4,patch_only,,0.7,0.3,motion_soft,2,4,0.07,0.01,0.16136631330977622,0.18309776207302708,0.18309776207302708,0.23380447585394581
annotated,VEO3,92899231-0814-5604-9de5-5c91e1b9575b.mp4,patch_only,,0.7,0.3,motion_soft,2,4,0.07,0.01,0.22614840989399293,0.22084805653710243,0.22084805653710243,0.20848056537102475
annotated,VEO3,92ab7508-e022-50fe-8d3f-621e4bd0d3e5.mp4,patch_only,,0.7,0.3,motion_soft,2,4,0.07,0.01,0.2703180212014134,0.2181978798586572,0.2181978798586572,0.09658421672555949
annotated,VEO3,92c0df54-568f-56c0-afb3-2787a0d6e070.mp4,patch_only,,0.7,0.3,motion_soft,2,4,0.07,0.01,0.10129564193168433,0.08610129564193168,0.08610129564193168,0.050647820965842166
annotated,VEO3,92e3af71-5966-505c-94a5-a5d347c14431.mp4,patch_only,,0.7,0.3,motion_soft,2,4,0.07,0.01,0.287396937573616,0.40824499411071846,0.40824499411071846,0.690223792697291
annotated,VEO3,9315c808-f5e8-5e44-809e-fb38d64e2dbb.mp4,patch_only,,0.7,0.3,motion_soft,2,4,0.07,0.01,0.10600706713780919,0.18992932862190814,0.18992932862190814,0.38574793875147234
annotated,VEO3,9339b3c8-d12a-5f75-aefa-b96444a3c1c8.mp4,patch_only,,0.7,0.3,motion_soft,2,4,0.07,0.01,0.02767962308598351,0.256301531213192,0.256301531213192,0.7897526501766784
annotated,VEO3,93d8b5c0-6571-5fec-8147-f08bac45f9de.mp4,patch_only,,0.7,0.3,motion_soft,2,4,0.07,0.01,0.42402826855123676,0.3630742049469965,0.3630742049469965,0.22084805653710246
annotated,VEO3,93ff94f2-4f10-52c6-8bbf-e0b9894aaefc.mp4,patch_only,,0.7,0.3,motion_soft,2,4,0.07,0.01,0.4034157832744405,0.49952885747938747,0.49952885747938747,0.7237926972909305
annotated,VEO3,940330ec-c31c-57b8-a9f0-9d7ce2183963.mp4,patch_only,,0.7,0.3,motion_soft,2,4,0.07,0.01,0.002355712603062426,0.01702002355712603,0.01702002355712603,0.05123674911660778
annotated,VEO3,942bc138-c17e-5698-9dc1-ed0f1bcae27c.mp4,patch_only,,0.7,0.3,motion_soft,2,4,0.07,0.01,0.1071849234393404,0.29888103651354536,0.29888103651354536,0.7461719670200235
annotated,VEO3,9474801b-19fa-5b06-b0d7-ac5f86f3498a.mp4,patch_only,,0.7,0.3,motion_soft,2,4,0.07,0.01,0.10129564193168433,0.07726737338044759,0.07726737338044759,0.02120141342756184
annotated,VEO3,948af37e-4637-58f3-8a73-cb3c5b625a22.mp4,patch_only,,0.7,0.3,motion_soft,2,4,0.07,0.01,0.1330977620730271,0.1456419316843345,0.1456419316843345,0.17491166077738515
annotated,VEO3,94ba9651-b9b0-5de5-b9d9-539b02fe183c.mp4,patch_only,,0.7,0.3,motion_soft,2,4,0.07,0.01,0.15488810365135453,0.16531213191990574,0.16531213191990574,0.1896348645465253
annotated,VEO3,950a7eb4-56cb-54de-979c-b9ee25bf7a72.mp4,patch_only,,0.7,0.3,motion_soft,2,4,0.07,0.01,0.0005889281507656066,0.011366313309776208,0.011366313309776208,0.03651354534746761
annotated,VEO3,954355ae-eaeb-5661-bd5c-274f66d23755.mp4,patch_only,,0.7,0.3,motion_soft,2,4,0.07,0.01,0.01707891637220259,0.23103651354534743,0.23103651354534743,0.7302709069493521
annotated,VEO3,954a5205-7286-5279-a257-6781e22beff1.mp4,patch_only,,0.7,0.3,motion_soft,2,4,0.07,0.01,0.09599528857479388,0.07055359246171966,0.07055359246171966,0.011189634864546525
annotated,VEO3,955cf74b-354d-5db2-b3d2-e34d5e1a843f.mp4,patch_only,,0.7,0.3,motion_soft,2,4,0.07,0.01,0.10659599528857479,0.15465253239104826,0.15465253239104826,0.2667844522968198
annotated,VEO3,958e7951-b505-569b-a7f6-d7849b2e9dcb.mp4,patch_only,,0.7,0.3,motion_soft,2,4,0.07,0.01,0.011778563015312132,0.07008244994110718,0.07008244994110718,0.2061248527679623
annotated,VEO3,95eafc14-1a4b-5887-bfce-534d398a0cf4.mp4,patch_only,,0.7,0.3,motion_soft,2,4,0.07,0.01,0.10954063604240283,0.0803886925795053,0.0803886925795053,0.012367491166077738
annotated,VEO3,95f58430-6d7e-542a-93be-63179387748d.mp4,patch_only,,0.7,0.3,motion_soft,2,4,0.07,0.01,0.08068315665488811,0.10188457008244994,0.10188457008244994,0.1513545347467609
annotated,VEO3,95f60029-f7e5-5a9a-9290-b62ed0671261.mp4,patch_only,,0.7,0.3,motion_soft,2,4,0.07,0.01,0.002944640753828033,0.06442873969375736,0.06442873969375736,0.20789163722025913
annotated,VEO3,9615f1f7-de02-57b7-806b-9f60c608d62b.mp4,patch_only,,0.7,0.3,motion_soft,2,4,0.07,0.01,0.5830388692579506,0.4466431095406361,0.4466431095406361,0.12838633686690223
annotated,VEO3,964f783a-cd95-59bf-8a26-a4585516c9c3.mp4,patch_only,,0.7,0.3,motion_soft,2,4,0.07,0.01,0.11248527679623085,0.2741460541813898,0.2741460541813898,0.6513545347467609
annotated,VEO3,96591946-4cb9-5213-bb18-81a32d7b0992.mp4,patch_only,,0.7,0.3,motion_soft,2,4,0.07,0.01,0.20259128386336867,0.17432273262661954,0.17432273262661954,0.10836277974087162
annotated,VEO3,966fe6af-b107-5aa9-8f06-c8e0bcc9e968.mp4,patch_only,,0.7,0.3,motion_soft,2,4,0.07,0.01,0.008244994110718492,0.1670789163722026,0.1670789163722026,0.5376914016489989
annotated,VEO3,9674039e-23f7-5740-8069-377c6f2e5e5e.mp4,patch_only,,0.7,0.3,motion_soft,2,4,0.07,0.01,0.06713780918727916,0.05053003533568905,0.05053003533568905,0.011778563015312132
annotated,VEO3,968e8763-6b46-5e42-ad0d-066a1461ab31.mp4,patch_only,,0.7,0.3,motion_soft,2,4,0.07,0.01,0.19846878680800942,0.14016489988221434,0.14016489988221434,0.004122497055359246
annotated,VEO3,96ae36e6-1d4a-551d-b8cd-bb543e426b57.mp4,patch_only,,0.7,0.3,motion_soft,2,4,0.07,0.01,0.037102473498233215,0.030565371024734982,0.030565371024734982,0.015312131919905771
annotated,VEO3,96d8455b-0a5c-585e-9418-ef9f8b29b01b.mp4,patch_only,,0.7,0.3,motion_soft,2,4,0.07,0.01,0.24322732626619553,0.3269729093050648,0.3269729093050648,0.5223792697290931
annotated,VEO3,96ecfef5-2f15-5dd3-86b0-f63c12eb2290.mp4,patch_only,,0.7,0.3,motion_soft,2,4,0.07,0.01,0.03121319199057715,0.18969375736160188,0.18969375736160188,0.5594817432273262
annotated,VEO3,970925f3-be84-5e5c-9b8f-d246c24f3296.mp4,patch_only,,0.7,0.3,motion_soft,2,4,0.07,0.01,0.5936395759717314,0.6455830388692579,0.6455830388692579,0.7667844522968198
annotated,VEO3,977935ea-ba1c-5aae-98a9-5f3acbbfb84a.mp4,patch_only,,0.7,0.3,motion_soft,2,4,0.07,0.01,0.2997644287396938,0.3911071849234393,0.3911071849234393,0.6042402826855123
annotated,VEO3,98045b8e-e8b9-531b-9a23-5764a153dd72.mp4,patch_only,,0.7,0.3,motion_soft,2,4,0.07,0.01,0.001177856301531213,0.0036513545347467606,0.0036513545347467606,0.009422850412249705
annotated,VEO3,9814830a-9d24-5174-9a39-1d7e6f8257a2.mp4,patch_only,,0.7,0.3,motion_soft,2,4,0.07,0.01,0.07538280329799764,0.05524146054181389,0.05524146054181389,0.008244994110718492
annotated,VEO3,983a1d3d-14a7-5dbe-8f6a-0c9f5c4e7f61.mp4,patch_only,,0.7,0.3,motion_soft,2,4,0.07,0.01,0.24499411071849234,0.3785630153121319,0.3785630153121319,0.690223792697291
annotated,VEO3,9856c102-fb12-5ae1-8208-7490d0763008.mp4,patch_only,,0.7,0.3,motion_soft,2,4,0.07,0.01,0.002355712603062426,0.04175500588928151,0.04175500588928151,0.1336866902237927
annotated,VEO3,989027f4-e079-591a-9626-3bc7a51b8958.mp4,patch_only,,0.7,0.3,motion_soft,2,4,0.07,0.01,0.03356890459363958,0.04328621908127209,0.04328621908127209,0.06595995288574794
annotated,VEO3,989385a2-0304-553b-b7d1-ce28cd424ed4.mp4,patch_only,,0.7,0.3,motion_soft,2,4,0.07,0.01,0.43227326266195526,0.5326266195524145,0.5326266195524145,0.7667844522968198
annotated,VEO3,98942c10-8e96-5b92-a8ea-48b618fdf1b0.mp4,patch_only,,0.7,0.3,motion_soft,2,4,0.07,0.01,0.37868080094228507,0.313133097762073,0.313133097762073,0.160188457008245
annotated,VEO3,98bfa0a4-94a9-5eec-a0f5-b052c7be91c3.mp4,patch_only,,0.7,0.3,motion_soft,2,4,0.07,0.01,0.009422850412249705,0.012956419316843343,0.012956419316843343,0.02120141342756184
annotated,VEO3,98fec69c-576c-5970-af8f-804cdf930e60.mp4,patch_only,,0.7,0.3,motion_soft,2,4,0.07,0.01,0.08186101295641932,0.085924617196702,0.085924617196702,0.09540636042402827
annotated,VEO3,991fb8d3-382b-5e67-bdab-34fba1021aa6.mp4,patch_only,,0.7,0.3,motion_soft,2,4,0.07,0.01,0.07008244994110718,0.09181389870435808,0.09181389870435808,0.1425206124852768
annotated,VEO3,992974fb-f983-59aa-81d8-019bfbe50d63.mp4,patch_only,,0.7,0.3,motion_soft,2,4,0.07,0.01,0.25677267373380447,0.4355712603062426,0.4355712603062426,0.8527679623085983
annotated,VEO3,9979e36a-51ef-55de-9ab4-30999f33d3c0.mp4,patch_only,,0.7,0.3,motion_soft,2,4,0.07,0.01,0.7332155477031802,0.5839222614840989,0.5839222614840989,0.23557126030624265
annotated,VEO3,99989574-0b2a-580b-ac78-90bc67a930df.mp4,patch_only,,0.7,0.3,motion_soft,2,4,0.07,0.01,0.011189634864546525,0.03451118963486455,0.03451118963486455,0.08892815076560659
annotated,VEO3,999bece8-36c6-5750-b4ea-9e86be9718e8.mp4,patch_only,,0.7,0.3,motion_soft,2,4,0.07,0.01,0.05123674911660778,0.13745583038869258,0.13745583038869258,0.3386336866902238
annotated,VEO3,9a2254b8-92d9-5eec-bb1d-654b1a15114a.mp4,patch_only,,0.7,0.3,motion_soft,2,4,0.07,0.01,0.008244994110718492,0.043404004711425206,0.043404004711425206,0.1254416961130742
annotated,VEO3,9a31c224-f120-5ba3-a5bf-243a89dc344e.mp4,patch_only,,0.7,0.3,motion_soft,2,4,0.07,0.01,0.08657243816254417,0.07791519434628975,0.07791519434628975,0.05771495877502945
annotated,VEO3,9a7e6293-4cc4-58c1-af1b-f7e66e20e640.mp4,patch_only,,0.7,0.3,motion_soft,2,4,0.07,0.01,0.13250883392226148,0.28639575971731446,0.28639575971731446,0.6454652532391049
annotated,VEO3,9a86f43a-c6fb-599e-8837-5bf6854dfc89.mp4,patch_only,,0.7,0.3,motion_soft,2,4,0.07,0.01,0.33510011778563015,0.26442873969375735,0.26442873969375735,0.09952885747938751
annotated,VEO3,9aa6222c-7cfe-5ef9-972a-d16cdc28b8a8.mp4,patch_only,,0.7,0.3,motion_soft,2,4,0.07,0.01,0.0,0.18780918727915194,0.18780918727915194,0.6260306242638398
annotated,VEO3,9aa9756c-4a12-54e5-a3db-173881a209d9.mp4,patch_only,,0.7,0.3,motion_soft,2,4,0.07,0.01,0.015901060070671377,0.03056537102473498,0.03056537102473498,0.06478209658421673
annotated,VEO3,9ab08aad-36b1-56b3-b4e2-dc8a5f0c77bd.mp4,patch_only,,0.7,0.3,motion_soft,2,4,0.07,0.01,0.020023557126030624,0.06578327444051826,0.06578327444051826,0.17255594817432274
annotated,VEO3,9acc226c-f517-58b9-8013-a5487d4e3266.mp4,patch_only,,0.7,0.3,motion_soft,2,4,0.07,0.01,0.09010600706713781,0.18568904593639574,0.18568904593639574,0.408716136631331
annotated,VEO3,9ae6d061-3de5-5195-939f-7fd1e98b4d87.mp4,patch_only,,0.7,0.3,motion_soft,2,4,0.07,0.01,0.18610129564193167,0.1380447585394582,0.1380447585394582,0.02591283863368669
annotated,VEO3,9b1ddd8a-4321-5206-a3da-0039fbc543e0.mp4,patch_only,,0.7,0.3,motion_soft,2,4,0.07,0.01,0.6342756183745583,0.592226148409894,0.592226148409894,0.49411071849234395
annotated,VEO3,9b452ca6-54ef-5f7d-a185-fd2cc935bf66.mp4,patch_only,,0.7,0.3,motion_soft,2,4,0.07,0.01,0.7432273262661955,0.6962308598351,0.6962308598351,0.5865724381625441
annotated,VEO3,9b6c25cd-7e62-5fd2-9523-9c69179592e3.mp4,patch_only,,0.7,0.3,motion_soft,2,4,0.07,0.01,0.13604240282685512,0.3316254416961131,0.3316254416961131,0.7879858657243817
annotated,VEO3,9b7ccbdb-36e0-5fa5-817a-1d56869bc05f.mp4,patch_only,,0.7,0.3,motion_soft,2,4,0.07,0.01,0.1872791519434629,0.16908127208480564,0.16908127208480564,0.12661955241460543
annotated,VEO3,9bb71c9b-a59c-594b-b15b-65580d3333cc.mp4,patch_only,,0.7,0.3,motion_soft,2,4,0.07,0.01,0.2143698468786808,0.2857479387514723,0.2857479387514723,0.45229681978798586
annotated,VEO3,9bd26ed4-270c-55f7-8dea-1b07e0a856d0.mp4,patch_only,,0.7,0.3,motion_soft,2,4,0.07,0.01,0.11071849234393404,0.11142520612485275,0.11142520612485275,0.11307420494699646
annotated,VEO3,9c285046-f0df-59fd-b36c-698f4e64f8c7.mp4,patch_only,,0.7,0.3,motion_soft,2,4,0.07,0.01,0.16607773851590105,0.2664310954063604,0.2664310954063604,0.5005889281507656
annotated,VEO3,9c4517d4-c856-5bd8-b322-7ab4941e0988.mp4,patch_only,,0.7,0.3,motion_soft,2,4,0.07,0.01,0.35276796230859836,0.42432273262661957,0.42432273262661957,0.591283863368669
annotated,VEO3,9c47537a-68d4-51a9-bbe4-9ee4e4abe8ae.mp4,patch_only,,0.7,0.3,motion_soft,2,4,0.07,0.01,0.02237926972909305,0.02149587750294464,0.02149587750294464,0.019434628975265017
annotated,VEO3,9c80fa3b-5faf-5ad6-957c-5dd6fcdfd4df.mp4,patch_only,,0.7,0.3,motion_soft,2,4,0.07,0.01,0.0005889281507656066,0.008362779740871613,0.008362779740871613,0.026501766784452298
annotated,VEO3,9ccdedcf-8ff7-5b45-a935-f544c93fd4e9.mp4,patch_only,,0.7,0.3,motion_soft,2,4,0.07,0.01,0.027090694935217905,0.020200235571260307,0.020200235571260307,0.004122497055359246
annotated,VEO3,9cea8744-e5fe-54cf-b613-cbf1fe7d3308.mp4,patch_only,,0.7,0.3,motion_soft,2,4,0.07,0.01,0.5830388692579506,0.5007067137809187,0.5007067137809187,0.30859835100117783
annotated,VEO3,9d270977-05bf-57f0-992f-daa8f572e378.mp4,patch_only,,0.7,0.3,motion_soft,2,4,0.07,0.01,0.009422850412249705,0.045995288574793874,0.045995288574793874,0.13133097762073026
annotated,VEO3,9d48d736-2327-5512-8c54-c04c533da965.mp4,patch_only,,0.7,0.3,motion_soft,2,4,0.07,0.01,0.17255594817432274,0.1944640753828033,0.1944640753828033,0.24558303886925795
annotated,VEO3,9d63d182-95c7-51d8-8e49-afcc21d2938f.mp4,patch_only,,0.7,0.3,motion_soft,2,4,0.07,0.01,0.035924617196702,0.04157832744405182,0.04157832744405182,0.054770318021201414
annotated,VEO3,9d6e3be9-deb0-549f-b406-860226691154.mp4,patch_only,,0.7,0.3,motion_soft,2,4,0.07,0.01,0.08244994110718493,0.06266195524146054,0.06266195524146054,0.016489988221436984
annotated,VEO3,9da71205-144b-5804-8781-ee1924e8baa4.mp4,patch_only,,0.7,0.3,motion_soft,2,4,0.07,0.01,0.06713780918727916,0.07314487632508834,0.07314487632508834,0.08716136631330977
annotated,VEO3,9dbe6831-8d34-5b1c-8674-3abe07b1ba92.mp4,patch_only,,0.7,0.3,motion_soft,2,4,0.07,0.01,0.12367491166077739,0.09982332155477032,0.09982332155477032,0.044169611307420496
annotated,VEO3,9dbfe707-b94b-5b49-8c1d-1c8d0abec059.mp4,patch_only,,0.7,0.3,motion_soft,2,4,0.07,0.01,0.39752650176678445,0.33533568904593636,0.33533568904593636,0.19022379269729092
annotated,VEO3,9dc6d86f-407a-52a1-b11b-669b9a85f44b.mp4,patch_only,,0.7,0.3,motion_soft,2,4,0.07,0.01,0.2414605418138987,0.39888103651354534,0.39888103651354534,0.7661955241460542
annotated,VEO3,9e312f89-ef7e-5756-89ad-f97bfd6a88cd.mp4,patch_only,,0.7,0.3,motion_soft,2,4,0.07,0.01,0.06595995288574794,0.14723203769140164,0.14723203769140164,0.336866902237927
annotated,VEO3,9e5b5fd2-1a1a-5ee0-acab-8d3dfd0b778c.mp4,patch_only,,0.7,0.3,motion_soft,2,4,0.07,0.01,0.015901060070671377,0.046113074204946994,0.046113074204946994,0.1166077738515901
annotated,VEO3,9e6bbf1f-5919-5b54-ae7d-7c7edef9010f.mp4,patch_only,,0.7,0.3,motion_soft,2,4,0.07,0.01,0.11189634864546526,0.08345111896348646,0.08345111896348646,0.01707891637220259
annotated,VEO3,9e7935fe-a786-5049-8715-2b7da80bdace.mp4,patch_only,,0.7,0.3,motion_soft,2,4,0.07,0.01,0.4829210836277974,0.43186101295641927,0.43186101295641927,0.3127208480565371
annotated,VEO3,9eaa5845-cb35-56c9-be47-22770aa5c011.mp4,patch_only,,0.7,0.3,motion_soft,2,4,0.07,0.01,0.011189634864546525,0.00800942285041225,0.00800942285041225,0.0005889281507656066
annotated,VEO3,9f38099e-8f27-5d15-bcd6-442d747e8b6b.mp4,patch_only,,0.7,0.3,motion_soft,2,4,0.07,0.01,0.5482921083627798,0.6385747938751472,0.6385747938751472,0.8492343934040048
annotated,VEO3,9f5a0c01-d770-560b-8d4d-2f5f23bd8fef.mp4,patch_only,,0.7,0.3,motion_soft,2,4,0.07,0.01,0.20259128386336867,0.21054181389870436,0.21054181389870436,0.22909305064782096
annotated,VEO3,9f79f7d2-060d-5f51-af6a-69c8480cbcf8.mp4,patch_only,,0.7,0.3,motion_soft,2,4,0.07,0.01,0.30918727915194344,0.2941696113074205,0.2941696113074205,0.2591283863368669
annotated,VEO3,9f9872ee-371e-5b88-a527-42090244c7f5.mp4,patch_only,,0.7,0.3,motion_soft,2,4,0.07,0.01,0.030624263839811542,0.03839811542991754,0.03839811542991754,0.05653710247349823
annotated,VEO3,9fa6a9ed-c940-5882-95a3-68f3c6ad1ac9.mp4,patch_only,,0.7,0.3,motion_soft,2,4,0.07,0.01,0.03356890459363958,0.21378091872791516,0.21378091872791516,0.6342756183745583
annotated,VEO3,9faf4455-2675-51ac-9d55-18a1327589d2.mp4,patch_only,,0.7,0.3,motion_soft,2,4,0.07,0.01,0.303886925795053,0.36342756183745584,0.36342756183745584,0.5023557126030624
annotated,VEO3,a0036040-905e-5adb-baa0-d3005f60c06f.mp4,patch_only,,0.7,0.3,motion_soft,2,4,0.07,0.01,0.05594817432273263,0.2492343934040047,0.2492343934040047,0.7002355712603062
annotated,VEO3,a010aa6f-5a53-5a01-9869-42ca2a7bb6e8.mp4,patch_only,,0.7,0.3,motion_soft,2,4,0.07,0.01,0.7314487632508834,0.777208480565371,0.777208480565371,0.8839811542991755
annotated,VEO3,a0afeb72-a8ef-5380-874f-c262aa82ab78.mp4,patch_only,,0.7,0.3,motion_soft,2,4,0.07,0.01,0.04946996466431095,0.05742049469964664,0.05742049469964664,0.07597173144876325
annotated,VEO3,a0b26247-8e06-5584-8caa-c0b1e4cea005.mp4,patch_only,,0.7,0.3,motion_soft,2,4,0.07,0.01,0.05005889281507656,0.03839811542991755,0.03839811542991755,0.011189634864546525
annotated,VEO3,a0b3f759-77b8-5d02-aaaf-cb9df09cac5a.mp4,patch_only,,0.7,0.3,motion_soft,2,4,0.07,0.01,0.027090694935217905,0.0908716136631331,0.0908716136631331,0.2396937573616019
annotated,VEO3,a0d7de15-06fa-5dbb-8095-22030d30170d.mp4,patch_only,,0.7,0.3,motion_soft,2,4,0.07,0.01,0.06772673733804475,0.06454652532391048,0.06454652532391048,0.05712603062426384
annotated,VEO3,a1137e8a-e6dc-53aa-88eb-8526024c0113.mp4,patch_only,,0.7,0.3,motion_soft,2,4,0.07,0.01,0.011189634864546525,0.015783274440518254,0.015783274440518254,0.026501766784452298
annotated,VEO3,a118647e-946b-5194-af9e-0f66554cc0ee.mp4,patch_only,,0.7,0.3,motion_soft,2,4,0.07,0.01,0.42638398115429915,0.39882214369846875,0.39882214369846875,0.33451118963486454
annotated,VEO3,a11b48f4-e9c2-5a2d-8dd0-502ff3d9f686.mp4,patch_only,,0.7,0.3,motion_soft,2,4,0.07,0.01,0.6142520612485277,0.6250294464075382,0.6250294464075382,0.6501766784452296
annotated,VEO3,a16203fc-d04e-5cd5-9e4d-9baf6c0cce6a.mp4,patch_only,,0.7,0.3,motion_soft,2,4,0.07,0.01,0.8462897526501767,0.8287985865724382,0.8287985865724382,0.7879858657243817
annotated,VEO3,a166fa32-5de8-5fed-a7ed-da307115d4d0.mp4,patch_only,,0.7,0.3,motion_soft,2,4,0.07,0.01,0.009422850412249705,0.044228504122497056,0.044228504122497056,0.1254416961130742
annotated,VEO3,a19f1b58-5550-54e3-b22b-fba65b82a273.mp4,patch_only,,0.7,0.3,motion_soft,2,4,0.07,0.01,0.31802120141342755,0.46484098939929325,0.46484098939929325,0.8074204946996466
annotated,VEO3,a1b2c619-c55e-55da-971f-57b981e74ce4.mp4,patch_only,,0.7,0.3,motion_soft,2,4,0.07,0.01,0.09422850412249706,0.11719670200235571,0.11719670200235571,0.1707891637220259
annotated,VEO3,a1ba1019-b3fe-5806-b501-b05b0b3e7c33.mp4,patch_only,,0.7,0.3,motion_soft,2,4,0.07,0.01,0.01707891637220259,0.06478209658421673,0.06478209658421673,0.17608951707891637
annotated,VEO3,a1cd01de-6551-5c1f-971b-df8e5a21881e.mp4,patch_only,,0.7,0.3,motion_soft,2,4,0.07,0.01,0.6731448763250883,0.6782685512367491,0.6782685512367491,0.690223792697291
annotated,VEO3,a204008f-4554-5394-940e-f41f86ca46e9.mp4,patch_only,,0.7,0.3,motion_soft,2,4,0.07,0.01,0.053003533568904596,0.3192579505300353,0.3192579505300353,0.9405182567726738
annotated,VEO3,a21f1f7c-2097-5d4e-8511-c2d97b82e07e.mp4,patch_only,,0.7,0.3,motion_soft,2,4,0.07,0.01,0.07302709069493522,0.11896348645465252,0.11896348645465252,0.22614840989399293
annotated,VEO3,a22b5087-2825-5019-89c9-57ab9212cac2.mp4,patch_only,,0.7,0.3,motion_soft,2,4,0.07,0.01,0.030035335689045935,0.026678445229681977,0.026678445229681977,0.01884570082449941
annotated,VEO3,a22f1968-a3df-5774-a930-9083d63d134b.mp4,patch_only,,0.7,0.3,motion_soft,2,4,0.07,0.01,0.03180212014134275,0.07190812720848057,0.07190812720848057,0.16548881036513546
annotated,VEO3,a23982ee-4ee7-594c-af66-ed98090c8d12.mp4,patch_only,,0.7,0.3,motion_soft,2,4,0.07,0.01,0.03415783274440518,0.07921083627797408,0.07921083627797408,0.18433451118963487
annotated,VEO3,a24cd0d5-aa80-560b-84e7-9155d8c3fb6b.mp4,patch_only,,0.7,0.3,motion_soft,2,4,0.07,0.01,0.1519434628975265,0.22349823321554768,0.22349823321554768,0.39045936395759717
annotated,VEO3,a2546d60-2aaf-55c7-9ae5-f59f4f087413.mp4,patch_only,,0.7,0.3,motion_soft,2,4,0.07,0.01,0.03121319199057715,0.11972909305064781,0.11972909305064781,0.32626619552414604
annotated,VEO3,a276672c-4920-5d10-a444-c3e59df1b318.mp4,patch_only,,0.7,0.3,motion_soft,2,4,0.07,0.01,0.06301531213191991,0.09799764428739693,0.09799764428739693,0.17962308598351
annotated,VEO3,a2b5f02a-bf8e-5246-862c-817d3eac8292.mp4,patch_only,,0.7,0.3,motion_soft,2,4,0.07,0.01,0.11366313309776208,0.08309776207302709,0.08309776207302709,0.011778563015312132
annotated,VEO3,a30f47b6-4edc-51e6-a2b8-360270731097.mp4,patch_only,,0.7,0.3,motion_soft,2,4,0.07,0.01,0.5836277974087162,0.6702002355712603,0.6702002355712603,0.8722025912838633
annotated,VEO3,a33319a2-d4a4-5cf0-8d9a-71627132dba9.mp4,patch_only,,0.7,0.3,motion_soft,2,4,0.07,0.01,0.20023557126030625,0.1429917550058893,0.1429917550058893,0.009422850412249705
annotated,VEO3,a3ae29cc-f02c-56ec-ad8a-7b4026618076.mp4,patch_only,,0.7,0.3,motion_soft,2,4,0.07,0.01,0.09599528857479388,0.18963486454652534,0.18963486454652534,0.4081272084805654
annotated,VEO3,a3be7e14-8b2a-5431-8ef0-b10f7365ea26.mp4,patch_only,,0.7,0.3,motion_soft,2,4,0.07,0.01,0.5636042402826855,0.4164310954063604,0.4164310954063604,0.07302709069493522
annotated,VEO3,a3f8b27a-51cf-58bd-94d8-b99b96ccec2e.mp4,patch_only,,0.7,0.3,motion_soft,2,4,0.07,0.01,0.1684334511189635,0.11808009422850411,0.11808009422850411,0.0005889281507656066
annotated,VEO3,a43795ce-2bf9-560b-9dfe-519a67607077.mp4,patch_only,,0.7,0.3,motion_soft,2,4,0.07,0.01,0.05123674911660778,0.05777385159010601,0.05777385159010601,0.07302709069493522
annotated,VEO3,a44675ac-750d-51ec-b04e-734a3ec905dc.mp4,patch_only,,0.7,0.3,motion_soft,2,4,0.07,0.01,0.08244994110718493,0.2239693757361602,0.2239693757361602,0.5541813898704359
annotated,VEO3,a48afe64-405a-504e-86fc-b2f5552ccdf7.mp4,patch_only,,0.7,0.3,motion_soft,2,4,0.07,0.01,0.01707891637220259,0.17290930506478208,0.17290930506478208,0.5365135453474676
annotated,VEO3,a495d8a8-1c6b-5036-ac33-02a65e16d1aa.mp4,patch_only,,0.7,0.3,motion_soft,2,4,0.07,0.01,0.08244994110718493,0.057891637220259126,0.057891637220259126,0.0005889281507656066
annotated,VEO3,a4aa9480-ed3f-5828-bc50-720f29f02a33.mp4,patch_only,,0.7,0.3,motion_soft,2,4,0.07,0.01,0.1978798586572438,0.15812720848056536,0.15812720848056536,0.06537102473498234
annotated,VEO3,a4bd3c7d-606e-530d-86e7-1eecb434cc40.mp4,patch_only,,0.7,0.3,motion_soft,2,4,0.07,0.01,0.10954063604240283,0.15459363957597172,0.15459363957597172,0.2597173144876325
annotated,VEO3,a5059a87-ebac-5e71-b47c-471c2de64f05.mp4,patch_only,,0.7,0.3,motion_soft,2,4,0.07,0.01,0.32332155477031804,0.3939929328621908,0.3939929328621908,0.5588928150765606
annotated,VEO3,a50cb89c-0b00-52ad-a611-4c826e7fcd58.mp4,patch_only,,0.7,0.3,motion_soft,2,4,0.07,0.01,0.03121319199057715,0.026442873969375735,0.026442873969375735,0.015312131919905771
annotated,VEO3,a50e44bf-2cf3-534e-b964-f824b1319607.mp4,patch_only,,0.7,0.3,motion_soft,2,4,0.07,0.01,0.028857479387514724,0.10023557126030624,0.10023557126030624,0.2667844522968198
annotated,VEO3,a523bcb0-2a2d-55d9-9c4f-2e2dd002ea8a.mp4,patch_only,,0.7,0.3,motion_soft,2,4,0.07,0.01,0.15665488810365136,0.23032979976442874,0.23032979976442874,0.40223792697290933
annotated,VEO3,a55e7547-bec2-54eb-8e18-6824c2990c99.mp4,patch_only,,0.7,0.3,motion_soft,2,4,0.07,0.01,0.0,0.05035335689045936,0.05035335689045936,0.16784452296819788
annotated,VEO3,a5615e4b-b5d7-5de6-9b8b-1bdbfa2c7274.mp4,patch_only,,0.7,0.3,motion_soft,2,4,0.07,0.01,0.3050647820965842,0.2794464075382803,0.2794464075382803,0.21967020023557127
annotated,VEO3,a57540e5-fd1b-5635-a11e-6261b7a2d6d8.mp4,patch_only,,0.7,0.3,motion_soft,2,4,0.07,0.01,0.01884570082449941,0.025912838633686687,0.025912838633686687,0.04240282685512368
annotated,VEO3,a575c0aa-ae05-582c-8c35-76e2aafd9401.mp4,patch_only,,0.7,0.3,motion_soft,2,4,0.07,0.01,0.6254416961130742,0.4644876325088339,0.4644876325088339,0.08892815076560659
annotated,VEO3,a58bf588-3901-545a-b762-e9a0f2dc3b88.mp4,patch_only,,0.7,0.3,motion_soft,2,4,0.07,0.01,0.19905771495877503,0.23085983510011776,0.23085983510011776,0.3050647820965842
annotated,VEO3,a5abb48e-d796-50f6-9363-db8e9564f6b6.mp4,patch_only,,0.7,0.3,motion_soft,2,4,0.07,0.01,0.13957597173144876,0.1588339222614841,0.1588339222614841,0.2037691401648999
annotated,VEO3,a5abbed0-e27b-595b-8bae-2b532cb58835.mp4,patch_only,,0.7,0.3,motion_soft,2,4,0.07,0.01,0.0088339222614841,0.016431095406360424,0.016431095406360424,0.03415783274440518
annotated,VEO3,a5c3313c-53aa-5b30-8af9-74261e58de18.mp4,patch_only,,0.7,0.3,motion_soft,2,4,0.07,0.01,0.2997644287396938,0.44375736160188456,0.44375736160188456,0.7797408716136631
annotated,VEO3,a5d9dc33-d7ff-5f3f-a815-f0292702cca6.mp4,patch_only,,0.7,0.3,motion_soft,2,4,0.07,0.01,0.25559481743227325,0.21160188457008244,0.21160188457008244,0.10895170789163722
annotated,VEO3,a60fa59a-c08a-504f-9dc6-0f93d1642551.mp4,patch_only,,0.7,0.3,motion_soft,2,4,0.07,0.01,0.5235571260306242,0.40783274440518247,0.40783274440518247,0.13780918727915195
annotated,VEO3,a612000f-9db8-50eb-b2d5-4e68b12aa3f6.mp4,patch_only,,0.7,0.3,motion_soft,2,4,0.07,0.01,0.8433451118963486,0.808186101295642,0.808186101295642,0.726148409893993
annotated,VEO3,a6dc6e6a-a387-52cd-91a6-db3a1b3e5c34.mp4,patch_only,,0.7,0.3,motion_soft,2,4,0.07,0.01,0.07656065959952886,0.06472320376914016,0.06472320376914016,0.037102473498233215
annotated,VEO3,a72082f0-b8cb-5a4e-9329-d89b3640e567.mp4,patch_only,,0.7,0.3,motion_soft,2,4,0.07,0.01,0.5376914016489989,0.41702002355712603,0.41702002355712603,0.1354534746760895
annotated,VEO3,a73b132a-f3e4-5151-bc68-c868d7c4fb1a.mp4,patch_only,,0.7,0.3,motion_soft,2,4,0.07,0.01,0.08244994110718493,0.12838633686690223,0.12838633686690223,0.23557126030624265
annotated,VEO3,a77f44b1-320f-5f74-998a-43aed0ab3039.mp4,patch_only,,0.7,0.3,motion_soft,2,4,0.07,0.01,0.4734982332155477,0.5814487632508833,0.5814487632508833,0.8333333333333334
annotated,VEO3,a859f007-4035-50d3-9e5c-393df0a3822e.mp4,patch_only,,0.7,0.3,motion_soft,2,4,0.07,0.01,0.14075382803297998,0.11036513545347468,0.11036513545347468,0.039458186101295645
annotated,VEO3,a86d54cf-84aa-52e7-9c36-5ba0a8601744.mp4,patch_only,,0.7,0.3,motion_soft,2,4,0.07,0.01,0.464075382803298,0.47449941107184923,0.47449941107184923,0.4988221436984688
annotated,VEO3,a897b8e1-3bb0-587b-b44e-a6672fbd1b48.mp4,patch_only,,0.7,0.3,motion_soft,2,4,0.07,0.01,0.28032979976442873,0.22944640753828033,0.22944640753828033,0.11071849234393404
annotated,VEO3,a912bd5f-ee2c-58b4-a368-5a6e8eb72bed.mp4,patch_only,,0.7,0.3,motion_soft,2,4,0.07,0.01,0.34393404004711425,0.356831566548881,0.356831566548881,0.3869257950530035
annotated,VEO3,a9298590-c64a-580a-ba9d-e85ab8ff4e84.mp4,patch_only,,0.7,0.3,motion_soft,2,4,0.07,0.01,0.15488810365135453,0.20965842167255594,0.20965842167255594,0.3374558303886926
annotated,VEO3,a92f5049-e812-57bc-9840-98533aeec781.mp4,patch_only,,0.7,0.3,motion_soft,2,4,0.07,0.01,0.07243816254416961,0.0726148409893993,0.0726148409893993,0.07302709069493522
annotated,VEO3,a9305e13-ca9a-55a4-8d03-b99c9915c3ad.mp4,patch_only,,0.7,0.3,motion_soft,2,4,0.07,0.01,0.0,0.05176678445229682,0.05176678445229682,0.17255594817432274
annotated,VEO3,a97a9d19-eafb-5cb1-8999-92fd3cda062b.mp4,patch_only,,0.7,0.3,motion_soft,2,4,0.07,0.01,0.10424028268551237,0.08992932862190813,0.08992932862190813,0.05653710247349823
annotated,VEO3,a9bcc2cc-99f4-516c-9171-db8ef8318b2d.mp4,patch_only,,0.7,0.3,motion_soft,2,4,0.07,0.01,0.11778563015312132,0.3041813898704358,0.3041813898704358,0.7391048292108363
annotated,VEO3,a9f9b914-84df-5dc0-abde-943bbd11b70c.mp4,patch_only,,0.7,0.3,motion_soft,2,4,0.07,0.01,0.33627797408716137,0.46843345111896345,0.46843345111896345,0.7767962308598351
annotated,VEO3,aa04cc82-1fbb-5d38-995d-48542fa9acc1.mp4,patch_only,,0.7,0.3,motion_soft,2,4,0.07,0.01,0.16666666666666666,0.15023557126030623,0.15023557126030623,0.11189634864546526
annotated,VEO3,aa22fa54-4a81-5fd0-8d9d-3422f19e91b8.mp4,patch_only,,0.7,0.3,motion_soft,2,4,0.07,0.01,0.1607773851590106,0.11872791519434629,0.11872791519434629,0.02061248527679623
annotated,VEO3,aa310eff-938e-50c7-beee-54b238a862d1.mp4,patch_only,,0.7,0.3,motion_soft,2,4,0.07,0.01,0.013545347467608953,0.08280329799764428,0.08280329799764428,0.24440518256772673
annotated,VEO3,aa45d0b0-fd5f-5a8d-9daf-31943ae6840e.mp4,patch_only,,0.7,0.3,motion_soft,2,4,0.07,0.01,0.02120141342756184,0.019434628975265017,0.019434628975265017,0.015312131919905771
annotated,VEO3,aa70220f-2f26-5c69-834b-7f66b55f21f5.mp4,patch_only,,0.7,0.3,motion_soft,2,4,0.07,0.01,0.0088339222614841,0.023144876325088336,0.023144876325088336,0.05653710247349823
annotated,VEO3,aa8c50fc-4d12-5cee-995e-d37ddf89056e.mp4,patch_only,,0.7,0.3,motion_soft,2,4,0.07,0.01,0.02767962308598351,0.07644287396937573,0.07644287396937573,0.19022379269729092
annotated,VEO3,aa8f795c-ce3e-540a-9fb7-54bfb0be63bf.mp4,patch_only,,0.7,0.3,motion_soft,2,4,0.07,0.01,0.2826855123674912,0.36643109540636043,0.36643109540636043,0.5618374558303887
annotated,VEO3,aaaeb805-9bef-51e1-ba54-7df6e67296a9.mp4,patch_only,,0.7,0.3,motion_soft,2,4,0.07,0.01,0.06419316843345112,0.2477620730270907,0.2477620730270907,0.6760895170789164
annotated,VEO3,aadd85d8-3bc0-514a-a31a-c00f6e671dc0.mp4,patch_only,,0.7,0.3,motion_soft,2,4,0.07,0.01,0.15488810365135453,0.15418138987043578,0.15418138987043578,0.1525323910482921
annotated,VEO3,aae97686-c9af-5934-aeb2-92f325fd10a6.mp4,patch_only,,0.7,0.3,motion_soft,2,4,0.07,0.01,0.11307420494699646,0.08374558303886924,0.08374558303886924,0.015312131919905771
annotated,VEO3,ab088b94-ae86-542c-9f30-122dccfd904e.mp4,patch_only,,0.7,0.3,motion_soft,2,4,0.07,0.01,0.016489988221436984,0.07832744405182568,0.07832744405182568,0.2226148409893993
annotated,VEO3,aba18701-9129-5ebe-ace7-80c3bc6c489c.mp4,patch_only,,0.7,0.3,motion_soft,2,4,0.07,0.01,0.061837455830388695,0.06519434628975265,0.06519434628975265,0.07302709069493522
annotated,VEO3,ac126b8e-10dd-58e1-890f-2164995da842.mp4,patch_only,,0.7,0.3,motion_soft,2,4,0.07,0.01,0.04004711425206125,0.14888103651354534,0.14888103651354534,0.4028268551236749
annotated,VEO3,ac13171b-36d6-573a-b5aa-f89027a71cf7.mp4,patch_only,,0.7,0.3,motion_soft,2,4,0.07,0.01,0.1872791519434629,0.3897526501766785,0.3897526501766785,0.8621908127208481
annotated,VEO3,ac25518d-7bd8-58ca-bdfb-11f3b50528bf.mp4,patch_only,,0.7,0.3,motion_soft,2,4,0.07,0.01,0.03121319199057715,0.05435806831566549,0.05435806831566549,0.10836277974087162
annotated,VEO3,ac71f67c-63d0-57dc-abc9-85e71042d60f.mp4,patch_only,,0.7,0.3,motion_soft,2,4,0.07,0.01,0.008244994110718492,0.01001177856301531,0.01001177856301531,0.014134275618374558
annotated,VEO3,ac7600da-7487-5cfe-949a-4a93b4c32878.mp4,patch_only,,0.7,0.3,motion_soft,2,4,0.07,0.01,0.18256772673733804,0.31472320376914015,0.31472320376914015,0.6230859835100118
annotated,VEO3,ac8f122c-f155-57f8-8510-7bd27cdc8e7f.mp4,patch_only,,0.7,0.3,motion_soft,2,4,0.07,0.01,0.011189634864546525,0.025853945818610127,0.025853945818610127,0.06007067137809187
annotated,VEO3,ac9884ba-9848-5a18-9e61-24634efcc2fd.mp4,patch_only,,0.7,0.3,motion_soft,2,4,0.07,0.01,0.03180212014134275,0.07667844522968198,0.07667844522968198,0.18138987043580684
annotated,VEO3,aca6599a-6a73-57ea-a5eb-d003471d9211.mp4,patch_only,,0.7,0.3,motion_soft,2,4,0.07,0.01,0.06419316843345112,0.06366313309776207,0.06366313309776207,0.0624263839811543
annotated,VEO3,acd07bc4-75ea-555b-bd29-06e87aad0fd2.mp4,patch_only,,0.7,0.3,motion_soft,2,4,0.07,0.01,0.3209658421672556,0.23015312131919904,0.23015312131919904,0.018256772673733806
annotated,VEO3,ace960d7-42c3-5bc6-9fe0-3e846ec4762a.mp4,patch_only,,0.7,0.3,motion_soft,2,4,0.07,0.01,0.11896348645465253,0.08733804475853944,0.08733804475853944,0.013545347467608953
annotated,VEO3,acebeceb-aec2-589f-9ef6-67eb473eb95e.mp4,patch_only,,0.7,0.3,motion_soft,2,4,0.07,0.01,0.2585394581861013,0.23910482921083626,0.23910482921083626,0.19375736160188456
annotated,VEO3,ad106c8d-87fa-53fe-9e23-51fce9246054.mp4,patch_only,,0.7,0.3,motion_soft,2,4,0.07,0.01,0.13191990577149587,0.1421672555948174,0.1421672555948174,0.16607773851590105
annotated,VEO3,ad4bc94b-a890-552b-8883-d07fd4008b30.mp4,patch_only,,0.7,0.3,motion_soft,2,4,0.07,0.01,0.3504122497055359,0.29069493521790335,0.29069493521790335,0.1513545347467609
annotated,VEO3,ad5d7e26-a135-5000-9b17-a33b88a73e72.mp4,patch_only,,0.7,0.3,motion_soft,2,4,0.07,0.01,0.2049469964664311,0.1902826855123675,0.1902826855123675,0.15606595995288575
annotated,VEO3,ad6a38a8-33a5-5c8c-854c-f7a511628e33.mp4,patch_only,,0.7,0.3,motion_soft,2,4,0.07,0.01,0.19140164899882214,0.1366313309776207,0.1366313309776207,0.0088339222614841
annotated,VEO3,ae22d239-86bf-545a-8e54-4e11f0ae5f3c.mp4,patch_only,,0.7,0.3,motion_soft,2,4,0.07,0.01,0.27267373380447585,0.20182567726737335,0.20182567726737335,0.03651354534746761
annotated,VEO3,ae3d1b25-0b3f-5cb8-9237-ee890b38d886.mp4,patch_only,,0.7,0.3,motion_soft,2,4,0.07,0.01,0.08833922261484099,0.14363957597173144,0.14363957597173144,0.27267373380447585
annotated,VEO3,ae477084-fd88-5eec-8139-9b34e29bd455.mp4,patch_only,,0.7,0.3,motion_soft,2,4,0.07,0.01,0.27267373380447585,0.25465253239104824,0.25465253239104824,0.212603062426384
annotated,VEO3,ae49a421-4b8d-553e-a82b-4a3fc071ee15.mp4,patch_only,,0.7,0.3,motion_soft,2,4,0.07,0.01,0.8156654888103652,0.8402237926972909,0.8402237926972909,0.8975265017667845
annotated,VEO3,ae4c98e0-2316-5885-8bbf-9f6bdad39175.mp4,patch_only,,0.7,0.3,motion_soft,2,4,0.07,0.01,0.002944640753828033,0.03828032979976443,0.03828032979976443,0.12073027090694935
annotated,VEO3,ae699b38-0f61-518c-8d8a-42f833bb7c2e.mp4,patch_only,,0.7,0.3,motion_soft,2,4,0.07,0.01,0.06890459363957598,0.05300353356890459,0.05300353356890459,0.015901060070671377
annotated,VEO3,ae844764-4db7-54e7-8ebc-6c49c73e2e6e.mp4,patch_only,,0.7,0.3,motion_soft,2,4,0.07,0.01,0.2697290930506478,0.26354534746760894,0.26354534746760894,0.24911660777385158
annotated,VEO3,ae8b0679-3fae-596e-b804-24c150461ac2.mp4,patch_only,,0.7,0.3,motion_soft,2,4,0.07,0.01,0.2956419316843345,0.31313309776207304,0.31313309776207304,0.3539458186101296
annotated,VEO3,ae9d1f78-ab07-59b6-825a-d6dc2bb823c9.mp4,patch_only,,0.7,0.3,motion_soft,2,4,0.07,0.01,0.19846878680800942,0.428680800942285,0.428680800942285,0.9658421672555948
annotated,VEO3,aeba0689-bdea-560e-b1fa-67a470ea66f0.mp4,patch_only,,0.7,0.3,motion_soft,2,4,0.07,0.01,0.22614840989399293,0.20406360424028266,0.20406360424028266,0.1525323910482921
annotated,VEO3,aec9f9c5-536b-54d0-9d99-0d3ea8df8492.mp4,patch_only,,0.7,0.3,motion_soft,2,4,0.07,0.01,0.035924617196702,0.030977620730270904,0.030977620730270904,0.019434628975265017
annotated,VEO3,aeea311b-92b8-575b-a8ec-5b72fa828adc.mp4,patch_only,,0.7,0.3,motion_soft,2,4,0.07,0.01,0.07008244994110718,0.23563015312131919,0.23563015312131919,0.6219081272084805
annotated,VEO3,af4de8ed-8742-592b-bb9e-9cc3e011a6b2.mp4,patch_only,,0.7,0.3,motion_soft,2,4,0.07,0.01,0.0035335689045936395,0.1137809187279152,0.1137809187279152,0.3710247349823322
annotated,VEO3,af9620f4-6ca9-5843-ad51-c7b535f58faf.mp4,patch_only,,0.7,0.3,motion_soft,2,4,0.07,0.01,0.1690223792697291,0.16955241460541814,0.16955241460541814,0.1707891637220259
annotated,VEO3,afd94f82-6eac-5816-abe9-3f88344f750f.mp4,patch_only,,0.7,0.3,motion_soft,2,4,0.07,0.01,0.31448763250883394,0.2978798586572438,0.2978798586572438,0.2591283863368669
annotated,VEO3,b01d383e-254e-567b-affd-a37e5bb35627.mp4,patch_only,,0.7,0.3,motion_soft,2,4,0.07,0.01,0.09069493521790342,0.2624263839811543,0.2624263839811543,0.6631330977620731
annotated,VEO3,b0407a7f-81bb-56ab-ad37-0f9da2249622.mp4,patch_only,,0.7,0.3,motion_soft,2,4,0.07,0.01,0.43462897526501765,0.3681978798586572,0.3681978798586572,0.21319199057714958
annotated,VEO3,b041cb4f-8c3a-5e33-8c21-52022cd386b3.mp4,patch_only,,0.7,0.3,motion_soft,2,4,0.07,0.01,0.054770318021201414,0.10901060070671378,0.10901060070671378,0.23557126030624265
annotated,VEO3,b0667db1-6eeb-56b5-b04d-3fbc3baab070.mp4,patch_only,,0.7,0.3,motion_soft,2,4,0.07,0.01,0.016489988221436984,0.02426383981154299,0.02426383981154299,0.04240282685512368
annotated,VEO3,b08868e9-d3d4-5ac1-8c4b-21a8b20b15ad.mp4,patch_only,,0.7,0.3,motion_soft,2,4,0.07,0.01,0.36336866902237924,0.46089517078916364,0.46089517078916364,0.6884570082449941
annotated,VEO3,b0b092af-0c73-5c41-87fd-3c3404877dd0.mp4,patch_only,,0.7,0.3,motion_soft,2,4,0.07,0.01,0.03356890459363958,0.11130742049469966,0.11130742049469966,0.2926972909305065
annotated,VEO3,b0bc6d0d-69e7-503d-8400-b06114f71b29.mp4,patch_only,,0.7,0.3,motion_soft,2,4,0.07,0.01,0.12014134275618374,0.17703180212014133,0.17703180212014133,0.30977620730270905
annotated,VEO3,b0c5395d-9c1b-582b-b5f6-5b7893468e66.mp4,patch_only,,0.7,0.3,motion_soft,2,4,0.07,0.01,0.03356890459363958,0.10618374558303886,0.10618374558303886,0.2756183745583039
annotated,VEO3,b16d8187-26f3-5f45-951c-0adf93009fb9.mp4,patch_only,,0.7,0.3,motion_soft,2,4,0.07,0.01,0.4905771495877503,0.40153121319199053,0.40153121319199053,0.19375736160188456
annotated,VEO3,b1a4eed3-2a02-5c66-b278-f2780345d6ea.mp4,patch_only,,0.7,0.3,motion_soft,2,4,0.07,0.01,0.18433451118963487,0.13062426383981154,0.13062426383981154,0.00530035335689046
annotated,VEO3,b1aca858-ec62-5956-9917-045a9e2ba1fd.mp4,patch_only,,0.7,0.3,motion_soft,2,4,0.07,0.01,0.0812720848056537,0.11307420494699646,0.11307420494699646,0.1872791519434629
annotated,VEO3,b1b3d908-5c2d-546d-828d-b87ae5178a08.mp4,patch_only,,0.7,0.3,motion_soft,2,4,0.07,0.01,0.01060070671378092,0.012897526501766784,0.012897526501766784,0.018256772673733806
annotated,VEO3,b1e11868-2349-52d3-b39e-61138896f66a.mp4,patch_only,,0.7,0.3,motion_soft,2,4,0.07,0.01,0.01707891637220259,0.12167255594817432,0.12167255594817432,0.3657243816254417
annotated,VEO3,b216ba4d-45b7-5357-9db5-4bd7db866980.mp4,patch_only,,0.7,0.3,motion_soft,2,4,0.07,0.01,0.7237926972909305,0.6889870435806831,0.6889870435806831,0.607773851590106
annotated,VEO3,b2499ed5-b598-572a-8d60-6199395e1561.mp4,patch_only,,0.7,0.3,motion_soft,2,4,0.07,0.01,0.01884570082449941,0.30294464075382804,0.30294464075382804,0.9658421672555948
annotated,VEO3,b25417ba-52e3-56e5-a63a-21b605491f17.mp4,patch_only,,0.7,0.3,motion_soft,2,4,0.07,0.01,0.7779740871613663,0.7944051825677267,0.7944051825677267,0.8327444051825678
annotated,VEO3,b28a965d-121b-5554-98ef-aa6b00afd81e.mp4,patch_only,,0.7,0.3,motion_soft,2,4,0.07,0.01,0.015901060070671377,0.012190812720848055,0.012190812720848055,0.0035335689045936395
annotated,VEO3,b2d1c3f5-f601-5a43-9e9b-0b52e63102bf.mp4,patch_only,,0.7,0.3,motion_soft,2,4,0.07,0.01,0.12073027090694935,0.25323910482921086,0.25323910482921086,0.5624263839811543
annotated,VEO3,b2f7ac1f-d982-5e02-b87e-bfa55ce29295.mp4,patch_only,,0.7,0.3,motion_soft,2,4,0.07,0.01,0.3763250883392226,0.3646643109540636,0.3646643109540636,0.3374558303886926
annotated,VEO3,b2fc2d4b-d20a-5ce6-a8a8-53a0d1e3f4af.mp4,patch_only,,0.7,0.3,motion_soft,2,4,0.07,0.01,0.34275618374558303,0.4969964664310954,0.4969964664310954,0.8568904593639576
annotated,VEO3,b2ffb288-f04f-5fc2-bdf6-e319c7f9e4e4.mp4,patch_only,,0.7,0.3,motion_soft,2,4,0.07,0.01,0.08833922261484099,0.096113074204947,0.096113074204947,0.11425206124852769
annotated,VEO3,b316ee3c-480f-5d8c-bfbe-74a34e4aa795.mp4,patch_only,,0.7,0.3,motion_soft,2,4,0.07,0.01,0.05889281507656066,0.06472320376914016,0.06472320376914016,0.07832744405182568
annotated,VEO3,b3b1e730-202f-59d8-a3ef-89f328bd736f.mp4,patch_only,,0.7,0.3,motion_soft,2,4,0.07,0.01,0.027090694935217905,0.15836277974087162,0.15836277974087162,0.46466431095406363
annotated,VEO3,b3df4cd8-d2b3-5e94-b429-2431be7e9e7d.mp4,patch_only,,0.7,0.3,motion_soft,2,4,0.07,0.01,0.13604240282685512,0.18674911660777382,0.18674911660777382,0.3050647820965842
annotated,VEO3,b3e2a107-6aa5-5e18-a469-1f4b1c461f1c.mp4,patch_only,,0.7,0.3,motion_soft,2,4,0.07,0.01,0.08303886925795052,0.06431095406360424,0.06431095406360424,0.02061248527679623
annotated,VEO3,b42b2b05-0947-5746-b29e-da3efbe783bf.mp4,patch_only,,0.7,0.3,motion_soft,2,4,0.07,0.01,0.3934040047114252,0.4697290930506478,0.4697290930506478,0.6478209658421673
annotated,VEO3,b44954ca-a9d0-504d-b13a-bf3a10a70796.mp4,patch_only,,0.7,0.3,motion_soft,2,4,0.07,0.01,0.12897526501766785,0.23074204946996466,0.23074204946996466,0.46819787985865724
annotated,VEO3,b4d38d50-fc36-5a28-876e-3f85b5c133ac.mp4,patch_only,,0.7,0.3,motion_soft,2,4,0.07,0.01,0.425206124852768,0.3303297997644287,0.3303297997644287,0.10895170789163722
annotated,VEO3,b4f00b8c-47b0-5efa-8be9-875cb53aa69e.mp4,patch_only,,0.7,0.3,motion_soft,2,4,0.07,0.01,0.4652532391048292,0.5827444051825676,0.5827444051825676,0.8568904593639576
annotated,VEO3,b508fe39-8e21-580d-acf0-1b3b84f187de.mp4,patch_only,,0.7,0.3,motion_soft,2,4,0.07,0.01,0.08244994110718493,0.05842167255594818,0.05842167255594818,0.002355712603062426
annotated,VEO3,b511aee8-0733-5c84-ae67-94f803160c2a.mp4,patch_only,,0.7,0.3,motion_soft,2,4,0.07,0.01,0.02120141342756184,0.10017667844522969,0.10017667844522969,0.284452296819788
annotated,VEO3,b5201fd0-8500-530f-82e2-4e151d6ebb24.mp4,patch_only,,0.7,0.3,motion_soft,2,4,0.07,0.01,0.18610129564193167,0.26277974087161365,0.26277974087161365,0.4416961130742049
annotated,VEO3,b56dc799-ef9f-5c32-81a6-5205afe6832b.mp4,patch_only,,0.7,0.3,motion_soft,2,4,0.07,0.01,0.002944640753828033,0.02149587750294464,0.02149587750294464,0.06478209658421673
annotated,VEO3,b5a9e82d-857b-566f-9651-0d646491fd7b.mp4,patch_only,,0.7,0.3,motion_soft,2,4,0.07,0.01,0.0005889281507656066,0.03468786808009423,0.03468786808009423,0.11425206124852769
annotated,VEO3,b5fd9f94-7471-5894-952a-f3aa87080cc5.mp4,patch_only,,0.7,0.3,motion_soft,2,4,0.07,0.01,0.6525323910482921,0.6629564193168433,0.6629564193168433,0.6872791519434629
annotated,VEO3,b68d2ce1-61c3-5020-a833-ea0ac0668e68.mp4,patch_only,,0.7,0.3,motion_soft,2,4,0.07,0.01,0.5141342756183745,0.40636042402826855,0.40636042402826855,0.15488810365135453
annotated,VEO3,b6983a80-9e92-5125-b285-aa2d9ecc6270.mp4,patch_only,,0.7,0.3,motion_soft,2,4,0.07,0.01,0.32332155477031804,0.2526501766784452,0.2526501766784452,0.08775029446407538
annotated,VEO3,b6a6bb75-195b-593b-bb65-f7ca2bbcc0ad.mp4,patch_only,,0.7,0.3,motion_soft,2,4,0.07,0.01,0.502944640753828,0.60188457008245,0.60188457008245,0.8327444051825678
annotated,VEO3,b6deb83a-c607-5a82-ba8d-f21e37cc3df2.mp4,patch_only,,0.7,0.3,motion_soft,2,4,0.07,0.01,0.07773851590106007,0.06448763250883391,0.06448763250883391,0.03356890459363958
annotated,VEO3,b709787f-6757-5e55-b9ac-611c162f4653.mp4,patch_only,,0.7,0.3,motion_soft,2,4,0.07,0.01,0.04004711425206125,0.14075382803297998,0.14075382803297998,0.375736160188457
annotated,VEO3,b711fd9e-c235-5fe2-8963-dcaa7e5498a6.mp4,patch_only,,0.7,0.3,motion_soft,2,4,0.07,0.01,0.039458186101295645,0.13062426383981154,0.13062426383981154,0.34334511189634864
annotated,VEO3,b75a1e5d-237d-5fb7-ad42-2ccd3e66d2b8.mp4,patch_only,,0.7,0.3,motion_soft,2,4,0.07,0.01,0.032391048292108364,0.04405182567726737,0.04405182567726737,0.0712603062426384
annotated,VEO3,b7e75b14-14c7-5955-a644-7ef5351abaa5.mp4,patch_only,,0.7,0.3,motion_soft,2,4,0.07,0.01,0.13604240282685512,0.27650176678445226,0.27650176678445226,0.6042402826855123
annotated,VEO3,b814c741-1b90-56b2-adf0-b515257a0b85.mp4,patch_only,,0.7,0.3,motion_soft,2,4,0.07,0.01,0.6189634864546525,0.6755005889281507,0.6755005889281507,0.8074204946996466
annotated,VEO3,b833e9a8-0f66-5b22-bd62-9646a81ee174.mp4,patch_only,,0.7,0.3,motion_soft,2,4,0.07,0.01,0.425206124852768,0.32785630153121315,0.32785630153121315,0.10070671378091872
annotated,VEO3,b84b47c5-4008-51bb-8757-c1d3d155d655.mp4,patch_only,,0.7,0.3,motion_soft,2,4,0.07,0.01,0.06065959952885748,0.08009422850412248,0.08009422850412248,0.1254416961130742
annotated,VEO3,b85ef696-4e0c-5233-b209-9e62d6b23b5d.mp4,patch_only,,0.7,0.3,motion_soft,2,4,0.07,0.01,0.4305064782096584,0.43404004711425204,0.43404004711425204,0.44228504122497053
annotated,VEO3,b86a2895-12b2-50ef-8b86-5df67f86e259.mp4,patch_only,,0.7,0.3,motion_soft,2,4,0.07,0.01,0.8639575971731449,0.7743816254416961,0.7743816254416961,0.5653710247349824
annotated,VEO3,b8801dce-4800-5467-a538-7bfa6aed2ef9.mp4,patch_only,,0.7,0.3,motion_soft,2,4,0.07,0.01,0.25677267373380447,0.25977620730270906,0.25977620730270906,0.2667844522968198
annotated,VEO3,b8dc5804-32b5-5f5f-a80d-01499aa20cf6.mp4,patch_only,,0.7,0.3,motion_soft,2,4,0.07,0.01,0.6625441696113075,0.5830388692579506,0.5830388692579506,0.39752650176678445
annotated,VEO3,b8ddc414-bc73-58b9-a227-ea8e1c8a948d.mp4,patch_only,,0.7,0.3,motion_soft,2,4,0.07,0.01,0.0005889281507656066,0.15712603062426383,0.15712603062426383,0.5223792697290931
annotated,VEO3,b90509db-41e5-57aa-86ca-9095353fcabd.mp4,patch_only,,0.7,0.3,motion_soft,2,4,0.07,0.01,0.0088339222614841,0.1010600706713781,0.1010600706713781,0.31625441696113077
annotated,VEO3,b90f78f7-b300-5633-9d6c-17b1477dfefa.mp4,patch_only,,0.7,0.3,motion_soft,2,4,0.07,0.01,0.002944640753828033,0.09234393404004711,0.09234393404004711,0.30094228504122494
annotated,VEO3,b9238263-5bf2-5d51-a778-303c7b7b7327.mp4,patch_only,,0.7,0.3,motion_soft,2,4,0.07,0.01,0.020023557126030624,0.031154299175500586,0.031154299175500586,0.05712603062426384
annotated,VEO3,b956a084-d9a7-5a0c-a724-6234b1e306c1.mp4,patch_only,,0.7,0.3,motion_soft,2,4,0.07,0.01,0.014134275618374558,0.020141342756183744,0.020141342756183744,0.03415783274440518
annotated,VEO3,b9f486fb-013e-54cb-9292-58a9f9658e14.mp4,patch_only,,0.7,0.3,motion_soft,2,4,0.07,0.01,0.06301531213191991,0.16760895170789164,0.16760895170789164,0.411660777385159
annotated,VEO3,ba2c8cea-6ed0-5576-ab45-ee0068d60c05.mp4,patch_only,,0.7,0.3,motion_soft,2,4,0.07,0.01,0.26383981154299174,0.20094228504122497,0.20094228504122497,0.05418138987043581
annotated,VEO3,ba375f8d-7792-594f-8f7d-439ee7cb554d.mp4,patch_only,,0.7,0.3,motion_soft,2,4,0.07,0.01,0.4175500588928151,0.5080094228504123,0.5080094228504123,0.7190812720848057
annotated,VEO3,ba3b41d4-65d5-5bb0-aecb-e06d5fcca58d.mp4,patch_only,,0.7,0.3,motion_soft,2,4,0.07,0.01,0.5064782096584217,0.5411071849234393,0.5411071849234393,0.6219081272084805
annotated,VEO3,ba3e5174-c246-5e09-8b82-29cb01c9c6d9.mp4,patch_only,,0.7,0.3,motion_soft,2,4,0.07,0.01,0.05123674911660778,0.08303886925795054,0.08303886925795054,0.15724381625441697
annotated,VEO3,ba3fb367-c680-5fdc-8b79-4e006c37c0f7.mp4,patch_only,,0.7,0.3,motion_soft,2,4,0.07,0.01,0.06537102473498234,0.08109540636042403,0.08109540636042403,0.11778563015312132
annotated,VEO3,ba518ffd-8b7f-5c76-af30-b92ab4fc1e2b.mp4,patch_only,,0.7,0.3,motion_soft,2,4,0.07,0.01,0.006478209658421673,0.0845700824499411,0.0845700824499411,0.2667844522968198
annotated,VEO3,baa4328e-3976-597b-9ea1-4c4d006c276c.mp4,patch_only,,0.7,0.3,motion_soft,2,4,0.07,0.01,0.22614840989399293,0.3643109540636042,0.3643109540636042,0.6866902237926973
annotated,VEO3,bace4934-8d55-5b7d-9ff9-51f2583572cd.mp4,patch_only,,0.7,0.3,motion_soft,2,4,0.07,0.01,0.024734982332155476,0.04752650176678445,0.04752650176678445,0.10070671378091872
annotated,VEO3,bad8a82d-838c-5c3f-98b2-862736d3e115.mp4,patch_only,,0.7,0.3,motion_soft,2,4,0.07,0.01,0.5035335689045937,0.5710247349823321,0.5710247349823321,0.7285041224970553
annotated,VEO3,bad8d7de-ddf6-56f4-8cca-0a760ce6f353.mp4,patch_only,,0.7,0.3,motion_soft,2,4,0.07,0.01,0.4081272084805654,0.4065371024734982,0.4065371024734982,0.4028268551236749
annotated,VEO3,baf9ff64-0b15-5364-9611-ba6043fcfe92.mp4,patch_only,,0.7,0.3,motion_soft,2,4,0.07,0.01,0.03121319199057715,0.2161955241460542,0.2161955241460542,0.6478209658421673
annotated,VEO3,bb014f75-5f93-58e0-bb6d-a5524a12c0e2.mp4,patch_only,,0.7,0.3,motion_soft,2,4,0.07,0.01,0.8297997644287397,0.8193757361601883,0.8193757361601883,0.7950530035335689
annotated,VEO3,bb15b55f-1792-5016-99e0-572557dbfd84.mp4,patch_only,,0.7,0.3,motion_soft,2,4,0.07,0.01,0.020023557126030624,0.029210836277974085,0.029210836277974085,0.050647820965842166
annotated,VEO3,bb5e66cc-f1f4-57af-8fc3-44cd8e714cff.mp4,patch_only,,0.7,0.3,motion_soft,2,4,0.07,0.01,0.2502944640753828,0.26142520612485276,0.26142520612485276,0.287396937573616
annotated,VEO3,bb6cf5d1-fc1e-561f-b910-c3d0a378b3be.mp4,patch_only,,0.7,0.3,motion_soft,2,4,0.07,0.01,0.002944640753828033,0.03227326266195524,0.03227326266195524,0.10070671378091872
annotated,VEO3,bbc9bf22-3dab-5020-8122-1e826a470a2b.mp4,patch_only,,0.7,0.3,motion_soft,2,4,0.07,0.01,0.29093050647820967,0.4278563015312132,0.4278563015312132,0.7473498233215548
annotated,VEO3,bbccf391-e18c-59d4-b4de-a1d77b6e022d.mp4,patch_only,,0.7,0.3,motion_soft,2,4,0.07,0.01,0.657243816254417,0.6302120141342755,0.6302120141342755,0.5671378091872792
annotated,VEO3,bbdb093f-9136-5dc1-bf74-d72506fc4dbc.mp4,patch_only,,0.7,0.3,motion_soft,2,4,0.07,0.01,0.15783274440518258,0.22461719670200236,0.22461719670200236,0.38044758539458184
annotated,VEO3,bbf172ab-2856-5013-b8a3-e55f6f826ddd.mp4,patch_only,,0.7,0.3,motion_soft,2,4,0.07,0.01,0.04004711425206125,0.1623085983510012,0.1623085983510012,0.44758539458186103
annotated,VEO3,bc072530-2ade-59aa-8f31-550cd6745059.mp4,patch_only,,0.7,0.3,motion_soft,2,4,0.07,0.01,0.2049469964664311,0.3263250883392226,0.3263250883392226,0.6095406360424028
annotated,VEO3,bc622d4c-31f0-5b9e-b184-5f09b3d9b30d.mp4,patch_only,,0.7,0.3,motion_soft,2,4,0.07,0.01,0.24440518256772673,0.23751472320376912,0.23751472320376912,0.22143698468786807
annotated,VEO3,bcd1432a-af5f-5a06-ba55-926ac036c44d.mp4,patch_only,,0.7,0.3,motion_soft,2,4,0.07,0.01,0.44051825677267376,0.508716136631331,0.508716136631331,0.6678445229681979
annotated,VEO3,bcf65aa1-fa3e-5b6e-84cd-bb048bccee27.mp4,patch_only,,0.7,0.3,motion_soft,2,4,0.07,0.01,0.01707891637220259,0.017255594817432274,0.017255594817432274,0.0176678445229682
annotated,VEO3,bd0555ae-77d9-50dd-a61d-38cc3a90d683.mp4,patch_only,,0.7,0.3,motion_soft,2,4,0.07,0.01,0.008244994110718492,0.011071849234393404,0.011071849234393404,0.0176678445229682
annotated,VEO3,bd317297-12c4-5588-80ee-77c6bc7193e9.mp4,patch_only,,0.7,0.3,motion_soft,2,4,0.07,0.01,0.9358068315665489,0.8446407538280329,0.8446407538280329,0.6319199057714959
annotated,VEO3,bd390256-8144-5453-84ac-38cdc4b8cf89.mp4,patch_only,,0.7,0.3,motion_soft,2,4,0.07,0.01,0.15488810365135453,0.13368669022379268,0.13368669022379268,0.08421672555948174
annotated,VEO3,bd4a6c83-9b5c-5b9c-80fb-8207dc2313c7.mp4,patch_only,,0.7,0.3,motion_soft,2,4,0.07,0.01,0.8951707891637221,0.7398704358068315,0.7398704358068315,0.37750294464075385
annotated,VEO3,bd7205ae-a8d3-5175-8125-09eab089c051.mp4,patch_only,,0.7,0.3,motion_soft,2,4,0.07,0.01,0.01707891637220259,0.015488810365135452,0.015488810365135452,0.011778563015312132
annotated,VEO3,bd7e1ebf-6c71-559b-bbaa-5c501e3036a9.mp4,patch_only,,0.7,0.3,motion_soft,2,4,0.07,0.01,0.143698468786808,0.10412249705535924,0.10412249705535924,0.011778563015312132
annotated,VEO3,bd9b6073-204e-5e63-8cce-dd7f10e386d1.mp4,patch_only,,0.7,0.3,motion_soft,2,4,0.07,0.01,0.35571260306242636,0.4732037691401648,0.4732037691401648,0.7473498233215548
annotated,VEO3,bda332e2-1691-5d49-88df-009b9dc686b9.mp4,patch_only,,0.7,0.3,motion_soft,2,4,0.07,0.01,0.09540636042402827,0.08409893992932863,0.08409893992932863,0.05771495877502945
annotated,VEO3,be47f1b2-b519-5394-9cc7-65b0607d7f20.mp4,patch_only,,0.7,0.3,motion_soft,2,4,0.07,0.01,0.1513545347467609,0.2667255594817432,0.2667255594817432,0.535924617196702
annotated,VEO3,be492a4a-f34f-5bee-ac5e-0b9bde3dd48f.mp4,patch_only,,0.7,0.3,motion_soft,2,4,0.07,0.01,0.8215547703180212,0.830035335689046,0.830035335689046,0.8498233215547704
annotated,VEO3,be686302-8254-57fd-aa55-339abc1cc665.mp4,patch_only,,0.7,0.3,motion_soft,2,4,0.07,0.01,0.12190812720848057,0.20742049469964663,0.20742049469964663,0.40694935217903416
annotated,VEO3,be6f49cf-1bbf-5661-9483-09f93d16673d.mp4,patch_only,,0.7,0.3,motion_soft,2,4,0.07,0.01,0.18610129564193167,0.3652532391048292,0.3652532391048292,0.7832744405182568
annotated,VEO3,be91d6e8-ff64-5c5e-ba9a-30513a6e44a0.mp4,patch_only,,0.7,0.3,motion_soft,2,4,0.07,0.01,0.05594817432273263,0.07414605418138986,0.07414605418138986,0.1166077738515901
annotated,VEO3,be9ac2a5-ee3f-5cce-954c-a7632a24be94.mp4,patch_only,,0.7,0.3,motion_soft,2,4,0.07,0.01,0.18197879858657243,0.12756183745583036,0.12756183745583036,0.0005889281507656066
annotated,VEO3,bea581a9-ecc3-5df3-8bae-45a02bcabde4.mp4,patch_only,,0.7,0.3,motion_soft,2,4,0.07,0.01,0.8633686690223793,0.6861601884570083,0.6861601884570083,0.27267373380447585
annotated,VEO3,beaacfaf-2910-5c45-9721-3148cd88143a.mp4,patch_only,,0.7,0.3,motion_soft,2,4,0.07,0.01,0.04004711425206125,0.035806831566548875,0.035806831566548875,0.02591283863368669
annotated,VEO3,beb1e2f2-4ccf-5e7b-8038-4fee449a1ae0.mp4,patch_only,,0.7,0.3,motion_soft,2,4,0.07,0.01,0.10482921083627797,0.08839811542991753,0.08839811542991753,0.05005889281507656
annotated,VEO3,bed3080d-3514-59e7-8ff7-16846f4d9061.mp4,patch_only,,0.7,0.3,motion_soft,2,4,0.07,0.01,0.01884570082449941,0.035453474676089516,0.035453474676089516,0.07420494699646643
annotated,VEO3,bf820554-7804-5909-9174-5144e7075a1f.mp4,patch_only,,0.7,0.3,motion_soft,2,4,0.07,0.01,0.030035335689045935,0.042932862190812715,0.042932862190812715,0.07302709069493522
annotated,VEO3,bf9d419d-2b7e-5199-ac24-d695d2ba2331.mp4,patch_only,,0.7,0.3,motion_soft,2,4,0.07,0.01,0.30212014134275617,0.22579505300353356,0.22579505300353356,0.04770318021201413
annotated,VEO3,bf9daf9f-bafb-5a8c-8492-6e206a70a059.mp4,patch_only,,0.7,0.3,motion_soft,2,4,0.07,0.01,0.3586572438162544,0.2613074204946996,0.2613074204946996,0.03415783274440518
annotated,VEO3,c014dd27-987c-5a85-91a1-8042464e919d.mp4,patch_only,,0.7,0.3,motion_soft,2,4,0.07,0.01,0.2049469964664311,0.15618374558303888,0.15618374558303888,0.04240282685512368
annotated,VEO3,c01ed467-08dd-5917-8c80-e596edb1190f.mp4,patch_only,,0.7,0.3,motion_soft,2,4,0.07,0.01,0.15488810365135453,0.2522379269729093,0.2522379269729093,0.4793875147232038
annotated,VEO3,c0307eaf-d933-533d-a177-5a94c3367bdd.mp4,patch_only,,0.7,0.3,motion_soft,2,4,0.07,0.01,0.16195524146054183,0.25453474676089516,0.25453474676089516,0.4705535924617197
annotated,VEO3,c049422f-06e9-53a4-ae16-2fd508b4d9a9.mp4,patch_only,,0.7,0.3,motion_soft,2,4,0.07,0.01,0.03356890459363958,0.03975265017667845,0.03975265017667845,0.05418138987043581
annotated,VEO3,c050cd49-eb51-5871-84e4-279e10c7d051.mp4,patch_only,,0.7,0.3,motion_soft,2,4,0.07,0.01,0.02120141342756184,0.05212014134275618,0.05212014134275618,0.12426383981154299
annotated,VEO3,c0fd6491-3ee1-5f3d-bd36-c18a43e7018e.mp4,patch_only,,0.7,0.3,motion_soft,2,4,0.07,0.01,0.015312131919905771,0.06248527679623086,0.06248527679623086,0.17255594817432274
annotated,VEO3,c1108e40-a88a-5639-81ad-742b06013e41.mp4,patch_only,,0.7,0.3,motion_soft,2,4,0.07,0.01,0.002944640753828033,0.0055948174322732625,0.0055948174322732625,0.011778563015312132
annotated,VEO3,c14ae23b-d3de-581d-bc88-9e3c4930fee0.mp4,patch_only,,0.7,0.3,motion_soft,2,4,0.07,0.01,0.001177856301531213,0.02131919905771496,0.02131919905771496,0.06831566548881036
annotated,VEO3,c1f3235a-2b62-563d-981c-42ebc8c497a0.mp4,patch_only,,0.7,0.3,motion_soft,2,4,0.07,0.01,0.009422850412249705,0.00995288574793875,0.00995288574793875,0.011189634864546525
annotated,VEO3,c20ae580-82ce-5aa4-b2cf-52678ad091e4.mp4,patch_only,,0.7,0.3,motion_soft,2,4,0.07,0.01,0.05123674911660778,0.084452296819788,0.084452296819788,0.16195524146054183
annotated,VEO3,c2555f53-752e-596c-8c39-a32f35fc8a7b.mp4,patch_only,,0.7,0.3,motion_soft,2,4,0.07,0.01,0.05830388692579505,0.057773851590106,0.057773851590106,0.05653710247349823
annotated,VEO3,c280618b-960e-57c4-afca-6ad272194d33.mp4,patch_only,,0.7,0.3,motion_soft,2,4,0.07,0.01,0.035924617196702,0.10500588928150766,0.10500588928150766,0.2661955241460542
annotated,VEO3,c2b33539-07bb-5e16-8866-16d34b0bb2bc.mp4,patch_only,,0.7,0.3,motion_soft,2,4,0.07,0.01,0.809776207302709,0.8166666666666667,0.8166666666666667,0.8327444051825678
annotated,VEO3,c2b36710-3596-5805-a059-2d7047a2b57c.mp4,patch_only,,0.7,0.3,motion_soft,2,4,0.07,0.01,0.09128386336866902,0.125736160188457,0.125736160188457,0.2061248527679623
annotated,VEO3,c2d843eb-472d-5d1c-a426-1000826bb678.mp4,patch_only,,0.7,0.3,motion_soft,2,4,0.07,0.01,0.09599528857479388,0.20942285041224967,0.20942285041224967,0.4740871613663133
annotated,VEO3,c342ec45-d1ee-5a3e-a846-f98a52aca35c.mp4,patch_only,,0.7,0.3,motion_soft,2,4,0.07,0.01,0.03121319199057715,0.13598351001177855,0.13598351001177855,0.38044758539458184
annotated,VEO3,c3431100-2bc6-5637-bacc-7f52c60d13bd.mp4,patch_only,,0.7,0.3,motion_soft,2,4,0.07,0.01,0.1425206124852768,0.15471142520612485,0.15471142520612485,0.18315665488810365
annotated,VEO3,c35db58a-99ec-5947-9054-f18ed35ffc7c.mp4,patch_only,,0.7,0.3,motion_soft,2,4,0.07,0.01,0.18904593639575973,0.1648409893992933,0.1648409893992933,0.10836277974087162
annotated,VEO3,c38c87b4-432a-519f-b3fd-e041ead623fa.mp4,patch_only,,0.7,0.3,motion_soft,2,4,0.07,0.01,0.15076560659599528,0.2933451118963486,0.2933451118963486,0.6260306242638398
annotated,VEO3,c3a117fc-0e77-5948-89e6-c6f837178790.mp4,patch_only,,0.7,0.3,motion_soft,2,4,0.07,0.01,0.030624263839811542,0.05500588928150765,0.05500588928150765,0.11189634864546526
annotated,VEO3,c3a627a0-ed47-5829-b6d8-72bb25531ea6.mp4,patch_only,,0.7,0.3,motion_soft,2,4,0.07,0.01,0.21554770318021202,0.18515901060070672,0.18515901060070672,0.11425206124852769
annotated,VEO3,c3dfc1af-42ad-5896-869b-c8129b6327e5.mp4,patch_only,,0.7,0.3,motion_soft,2,4,0.07,0.01,0.09246171967020024,0.15200235571260307,0.15200235571260307,0.29093050647820967
annotated,VEO3,c4552955-b319-5488-9f4a-06d598f9c758.mp4,patch_only,,0.7,0.3,motion_soft,2,4,0.07,0.01,0.025323910482921083,0.03292108362779741,0.03292108362779741,0.050647820965842166
annotated,VEO3,c465e76e-e3ee-5ae4-98ca-370a608b8e11.mp4,patch_only,,0.7,0.3,motion_soft,2,4,0.07,0.01,0.1071849234393404,0.14570082449941107,0.14570082449941107,0.23557126030624265
annotated,VEO3,c475bfea-7ad5-5c64-b6a6-2cf11dfc99c1.mp4,patch_only,,0.7,0.3,motion_soft,2,4,0.07,0.01,0.008244994110718492,0.25559481743227325,0.25559481743227325,0.8327444051825678
annotated,VEO3,c4cc19cc-064a-5332-8614-1750102de2dc.mp4,patch_only,,0.7,0.3,motion_soft,2,4,0.07,0.01,0.22555948174322732,0.2895170789163722,0.2895170789163722,0.4387514723203769
annotated,VEO3,c4f74763-8337-58cf-9810-d66672db4199.mp4,patch_only,,0.7,0.3,motion_soft,2,4,0.07,0.01,0.49411071849234395,0.49269729093050646,0.49269729093050646,0.48939929328621906
annotated,VEO3,c5d6a9e4-9d9d-5487-99da-cf47b0582a66.mp4,patch_only,,0.7,0.3,motion_soft,2,4,0.07,0.01,0.016489988221436984,0.06489988221436985,0.06489988221436985,0.17785630153121318
annotated,VEO3,c5f4043b-cc51-503d-8db5-0e3a50f7d6ff.mp4,patch_only,,0.7,0.3,motion_soft,2,4,0.07,0.01,0.011189634864546525,0.09458186101295642,0.09458186101295642,0.28916372202591284
annotated,VEO3,c61a800c-9378-5907-af31-fa3a49f670fd.mp4,patch_only,,0.7,0.3,motion_soft,2,4,0.07,0.01,0.24440518256772673,0.3954652532391048,0.3954652532391048,0.7479387514723204
annotated,VEO3,c6288766-7ff7-5643-a261-1f2fcc560552.mp4,patch_only,,0.7,0.3,motion_soft,2,4,0.07,0.01,0.024734982332155476,0.18180212014134275,0.18180212014134275,0.5482921083627798
annotated,VEO3,c6606ba2-6da1-5c4f-92e6-7e6a43397570.mp4,patch_only,,0.7,0.3,motion_soft,2,4,0.07,0.01,0.8003533568904594,0.7418727915194346,0.7418727915194346,0.6054181389870436
annotated,VEO3,c668bfb5-56b0-5bcd-a542-49e6901506b2.mp4,patch_only,,0.7,0.3,motion_soft,2,4,0.07,0.01,0.0989399293286219,0.08144876325088339,0.08144876325088339,0.04063604240282685
annotated,VEO3,c683f58a-7f2d-5a6e-abfb-bfc254c2c36a.mp4,patch_only,,0.7,0.3,motion_soft,2,4,0.07,0.01,0.30742049469964666,0.2185512367491166,0.2185512367491166,0.011189634864546525
annotated,VEO3,c6d97244-aa6a-5fd5-ad4f-4eb5568460a9.mp4,patch_only,,0.7,0.3,motion_soft,2,4,0.07,0.01,0.10424028268551237,0.0862190812720848,0.0862190812720848,0.044169611307420496
annotated,VEO3,c72d546f-19c2-5971-bef9-bf598ffa9bd2.mp4,patch_only,,0.7,0.3,motion_soft,2,4,0.07,0.01,0.001177856301531213,0.017785630153121318,0.017785630153121318,0.05653710247349823
annotated,VEO3,c77d4c5d-f1eb-5a13-92cc-d0ca166510d7.mp4,patch_only,,0.7,0.3,motion_soft,2,4,0.07,0.01,0.127208480565371,0.10600706713780918,0.10600706713780918,0.05653710247349823
annotated,VEO3,c79f4894-0814-5285-b911-5c17aff3e6ea.mp4,patch_only,,0.7,0.3,motion_soft,2,4,0.07,0.01,0.011189634864546525,0.024793875147232036,0.024793875147232036,0.05653710247349823
annotated,VEO3,c7bf625b-8f3d-52a2-b3b2-58d278ea7378.mp4,patch_only,,0.7,0.3,motion_soft,2,4,0.07,0.01,0.07832744405182568,0.05659599528857479,0.05659599528857479,0.005889281507656066
annotated,VEO3,c7ccd128-2ae7-51f8-8f1f-5fc8f3f793be.mp4,patch_only,,0.7,0.3,motion_soft,2,4,0.07,0.01,0.13133097762073026,0.18875147232037692,0.18875147232037692,0.32273262661955243
annotated,VEO3,c80fa1d2-1196-564f-bdba-d17bd7e1a1a5.mp4,patch_only,,0.7,0.3,motion_soft,2,4,0.07,0.01,0.01707891637220259,0.026442873969375738,0.026442873969375738,0.048292108362779744
annotated,VEO3,c82b1e34-263d-5d2d-8589-1d16b2ee1a84.mp4,patch_only,,0.7,0.3,motion_soft,2,4,0.07,0.01,0.40223792697290933,0.3778563015312132,0.3778563015312132,0.3209658421672556
annotated,VEO3,c84d5864-4ba8-5945-b45f-4bbfb638ed85.mp4,patch_only,,0.7,0.3,motion_soft,2,4,0.07,0.01,0.06419316843345112,0.049352179034157825,0.049352179034157825,0.014723203769140165
annotated,VEO3,c84eeee2-a423-5829-898a-9a0e8dd1af9d.mp4,patch_only,,0.7,0.3,motion_soft,2,4,0.07,0.01,0.702002355712603,0.5853945818610129,0.5853945818610129,0.3133097762073027
annotated,VEO3,c8523b56-613e-52ed-9966-c588257922bd.mp4,patch_only,,0.7,0.3,motion_soft,2,4,0.07,0.01,0.48881036513545345,0.6066548881036513,0.6066548881036513,0.8816254416961131
annotated,VEO3,c857cfa2-7531-5abe-a8db-8205a69ad563.mp4,patch_only,,0.7,0.3,motion_soft,2,4,0.07,0.01,0.008244994110718492,0.010188457008244993,0.010188457008244993,0.014723203769140165
annotated,VEO3,c86e59c9-80a0-51d3-bb28-274881794652.mp4,patch_only,,0.7,0.3,motion_soft,2,4,0.07,0.01,0.23733804475853945,0.34882214369846876,0.34882214369846876,0.6089517078916372
annotated,VEO3,c88c4cfa-d1b1-5e1b-ab84-a17bc3ddf706.mp4,patch_only,,0.7,0.3,motion_soft,2,4,0.07,0.01,0.8639575971731449,0.7998233215547703,0.7998233215547703,0.6501766784452296
annotated,VEO3,c8959ffd-dbad-533c-bc14-d2c1168cf0c6.mp4,patch_only,,0.7,0.3,motion_soft,2,4,0.07,0.01,0.0035335689045936395,0.11395759717314487,0.11395759717314487,0.37161366313309774
annotated,VEO3,c8e0316d-4dd6-50ae-97f1-ba91e41ba5db.mp4,patch_only,,0.7,0.3,motion_soft,2,4,0.07,0.01,0.005889281507656066,0.09334511189634864,0.09334511189634864,0.29740871613663133
annotated,VEO3,c8f5fb15-59a3-5c8a-8cab-7385d9c69fd4.mp4,patch_only,,0.7,0.3,motion_soft,2,4,0.07,0.01,0.10600706713780919,0.23886925795053005,0.23886925795053005,0.5488810365135454
annotated,VEO3,c9001644-a6fa-5ea3-9076-12d92f7d3d4b.mp4,patch_only,,0.7,0.3,motion_soft,2,4,0.07,0.01,0.01707891637220259,0.03297997644287397,0.03297997644287397,0.07008244994110718
annotated,VEO3,c9282906-a1f1-5214-8027-08abc380cbf9.mp4,patch_only,,0.7,0.3,motion_soft,2,4,0.07,0.01,0.7868080094228505,0.5730270906949352,0.5730270906949352,0.07420494699646643
annotated,VEO3,c9629026-546a-5fd2-ae39-c635de512422.mp4,patch_only,,0.7,0.3,motion_soft,2,4,0.07,0.01,0.08244994110718493,0.15895170789163723,0.15895170789163723,0.3374558303886926
annotated,VEO3,c964aa48-d342-5b8d-92e0-6fa6c94747fb.mp4,patch_only,,0.7,0.3,motion_soft,2,4,0.07,0.01,0.32391048292108365,0.2537691401648999,0.2537691401648999,0.09010600706713781
annotated,VEO3,c96cb13d-d84b-5816-ab6d-d765f868f4d5.mp4,patch_only,,0.7,0.3,motion_soft,2,4,0.07,0.01,0.4128386336866902,0.5193757361601884,0.5193757361601884,0.767962308598351
annotated,VEO3,c97258d1-d5ed-58a1-a149-9e26da9eae06.mp4,patch_only,,0.7,0.3,motion_soft,2,4,0.07,0.01,0.07008244994110718,0.06266195524146054,0.06266195524146054,0.04534746760895171
annotated,VEO3,c979f43a-b72d-5185-b48b-2b46ed21f337.mp4,patch_only,,0.7,0.3,motion_soft,2,4,0.07,0.01,0.43404004711425204,0.5169022379269729,0.5169022379269729,0.7102473498233216
annotated,VEO3,c98c84d6-7b10-5743-b5d3-47a21cf600d5.mp4,patch_only,,0.7,0.3,motion_soft,2,4,0.07,0.01,0.21083627797408716,0.23080094228504122,0.23080094228504122,0.2773851590106007
annotated,VEO3,c9904f93-a6d4-5e1b-9c31-7fa985446cd4.mp4,patch_only,,0.7,0.3,motion_soft,2,4,0.07,0.01,0.01884570082449941,0.055594817432273264,0.055594817432273264,0.1413427561837456
annotated,VEO3,c9a13a13-f519-5f5e-b1dd-68f26a785619.mp4,patch_only,,0.7,0.3,motion_soft,2,4,0.07,0.01,0.1607773851590106,0.12773851590106006,0.12773851590106006,0.050647820965842166
annotated,VEO3,c9bca719-69c6-50e3-91a8-9f130f6251d1.mp4,patch_only,,0.7,0.3,motion_soft,2,4,0.07,0.01,0.34393404004711425,0.33563015312131916,0.33563015312131916,0.31625441696113077
annotated,VEO3,c9cc2d49-606f-559a-8c23-36b4ba829f96.mp4,patch_only,,0.7,0.3,motion_soft,2,4,0.07,0.01,0.2785630153121319,0.38315665488810363,0.38315665488810363,0.627208480565371
annotated,VEO3,ca23d729-9927-58a7-80cb-b2af3ad3d6ea.mp4,patch_only,,0.7,0.3,motion_soft,2,4,0.07,0.01,0.2597173144876325,0.1853356890459364,0.1853356890459364,0.011778563015312132
annotated,VEO3,ca4c7f23-edba-52d9-bee6-3886eba08dc6.mp4,patch_only,,0.7,0.3,motion_soft,2,4,0.07,0.01,0.01060070671378092,0.013780918727915195,0.013780918727915195,0.02120141342756184
annotated,VEO3,ca6a4d6a-d0b8-5dc5-b2ee-65eb0d1e94ec.mp4,patch_only,,0.7,0.3,motion_soft,2,4,0.07,0.01,0.35276796230859836,0.421319199057715,0.421319199057715,0.5812720848056537
annotated,VEO3,ca7ac330-a403-539f-8ff6-c5eeccb8b129.mp4,patch_only,,0.7,0.3,motion_soft,2,4,0.07,0.01,0.2856301531213192,0.360188457008245,0.360188457008245,0.5341578327444052
annotated,VEO3,ca7e18a0-6a93-511b-b343-3c770ecc7821.mp4,patch_only,,0.7,0.3,motion_soft,2,4,0.07,0.01,0.04711425206124853,0.15365135453474676,0.15365135453474676,0.40223792697290933
annotated,VEO3,ca941eee-9288-55b7-937f-e4aeb629ead6.mp4,patch_only,,0.7,0.3,motion_soft,2,4,0.07,0.01,0.1425206124852768,0.26213191990577145,0.26213191990577145,0.5412249705535924
annotated,VEO3,caf1dcf3-e1f5-5273-8162-dfe966bd0983.mp4,patch_only,,0.7,0.3,motion_soft,2,4,0.07,0.01,0.16666666666666666,0.13716136631330977,0.13716136631330977,0.06831566548881036
annotated,VEO3,cb6900c2-e5a4-5b27-b9bd-a5a6757ea01e.mp4,patch_only,,0.7,0.3,motion_soft,2,4,0.07,0.01,0.19140164899882214,0.31666666666666665,0.31666666666666665,0.6089517078916372
annotated,VEO3,cbeac52a-0010-52cb-812f-4e49e2039b05.mp4,patch_only,,0.7,0.3,motion_soft,2,4,0.07,0.01,0.039458186101295645,0.044581861012956414,0.044581861012956414,0.05653710247349823
annotated,VEO3,cc04e8a6-277b-5db1-ba9f-a0cb85b8fc0f.mp4,patch_only,,0.7,0.3,motion_soft,2,4,0.07,0.01,0.06419316843345112,0.09458186101295642,0.09458186101295642,0.16548881036513546
annotated,VEO3,cc11cc32-250e-560e-aa01-1fa5073c68a9.mp4,patch_only,,0.7,0.3,motion_soft,2,4,0.07,0.01,0.011189634864546525,0.03769140164899882,0.03769140164899882,0.09952885747938751
annotated,VEO3,cc7d860f-63cd-5c97-9c70-209bf93069f8.mp4,patch_only,,0.7,0.3,motion_soft,2,4,0.07,0.01,0.007067137809187279,0.00901060070671378,0.00901060070671378,0.013545347467608953
annotated,VEO3,ccd48577-5a99-5e1b-b5ff-9b5bc666a266.mp4,patch_only,,0.7,0.3,motion_soft,2,4,0.07,0.01,0.17491166077738515,0.14434628975265018,0.14434628975265018,0.07302709069493522
annotated,VEO3,ccfa3bb2-75d4-5164-b1a2-7317c491a9bf.mp4,patch_only,,0.7,0.3,motion_soft,2,4,0.07,0.01,0.07714958775029446,0.09941107184923438,0.09941107184923438,0.1513545347467609
annotated,VEO3,ccfe1edf-853d-5521-81fc-4fa171e220c5.mp4,patch_only,,0.7,0.3,motion_soft,2,4,0.07,0.01,0.28032979976442873,0.3128386336866902,0.3128386336866902,0.38869257950530034
annotated,VEO3,cdcc11a3-4827-585a-af1e-f37e2ecd0ae7.mp4,patch_only,,0.7,0.3,motion_soft,2,4,0.07,0.01,0.020023557126030624,0.05906949352179034,0.05906949352179034,0.1501766784452297
annotated,VEO3,cde50201-0c50-5f37-b399-1a0d5e5a2366.mp4,patch_only,,0.7,0.3,motion_soft,2,4,0.07,0.01,0.428150765606596,0.5677267373380448,0.5677267373380448,0.8934040047114252
annotated,VEO3,ce009457-f37f-5bee-8e14-5d032bad800a.mp4,patch_only,,0.7,0.3,motion_soft,2,4,0.07,0.01,0.10600706713780919,0.19946996466431097,0.19946996466431097,0.4175500588928151
annotated,VEO3,ce0bf3fa-0661-50ea-a3ea-ab43281941bf.mp4,patch_only,,0.7,0.3,motion_soft,2,4,0.07,0.01,0.13427561837455831,0.20017667844522968,0.20017667844522968,0.3539458186101296
annotated,VEO3,ce4419de-3c30-5c61-b129-eb574ef9c5fc.mp4,patch_only,,0.7,0.3,motion_soft,2,4,0.07,0.01,0.23851590106007067,0.4012367491166078,0.4012367491166078,0.7809187279151943
annotated,VEO3,ced6675e-b43d-564e-9ad5-23f18ff4a6dc.mp4,patch_only,,0.7,0.3,motion_soft,2,4,0.07,0.01,0.20023557126030625,0.21542991755005889,0.21542991755005889,0.2508833922261484
annotated,VEO3,cf270be1-25f8-541b-b0f0-847840b80b67.mp4,patch_only,,0.7,0.3,motion_soft,2,4,0.07,0.01,0.8439340400471143,0.7047114252061248,0.7047114252061248,0.37985865724381623
annotated,VEO3,cf27647f-3d15-5b04-80b1-9b55708aaf05.mp4,patch_only,,0.7,0.3,motion_soft,2,4,0.07,0.01,0.002944640753828033,0.03527679623085983,0.03527679623085983,0.11071849234393404
annotated,VEO3,cf868be4-e2a6-5736-9add-627d4aa36864.mp4,patch_only,,0.7,0.3,motion_soft,2,4,0.07,0.01,0.3845700824499411,0.5071849234393404,0.5071849234393404,0.7932862190812721
annotated,VEO3,cf8b0471-5e0a-5bc2-a2ac-3feacf7e81ed.mp4,patch_only,,0.7,0.3,motion_soft,2,4,0.07,0.01,0.3627797408716137,0.41383981154299176,0.41383981154299176,0.532979976442874
annotated,VEO3,cfa86c21-ca24-5836-8954-002b38d0c43a.mp4,patch_only,,0.7,0.3,motion_soft,2,4,0.07,0.01,0.13722025912838634,0.14693757361601884,0.14693757361601884,0.1696113074204947
annotated,VEO3,cfacfbac-856b-58ac-8840-073b43df5ab9.mp4,patch_only,,0.7,0.3,motion_soft,2,4,0.07,0.01,0.6124852767962309,0.6386336866902238,0.6386336866902238,0.6996466431095406
annotated,VEO3,cfc22a5d-8386-5c0b-8e73-7f91869a532d.mp4,patch_only,,0.7,0.3,motion_soft,2,4,0.07,0.01,0.07950530035335689,0.0881625441696113,0.0881625441696113,0.10836277974087162
annotated,VEO3,cfd24afb-0b5e-59f1-aad8-15b4169958af.mp4,patch_only,,0.7,0.3,motion_soft,2,4,0.07,0.01,0.02120141342756184,0.03180212014134275,0.03180212014134275,0.05653710247349823
annotated,VEO3,cfdadf11-d554-5e50-8df2-d527c358faa2.mp4,patch_only,,0.7,0.3,motion_soft,2,4,0.07,0.01,0.10011778563015312,0.26142520612485276,0.26142520612485276,0.6378091872791519
annotated,VEO3,cff9d615-163f-52c3-a46b-d9c7364f3bc4.mp4,patch_only,,0.7,0.3,motion_soft,2,4,0.07,0.01,0.0035335689045936395,0.07438162544169612,0.07438162544169612,0.2396937573616019
annotated,VEO3,d009391c-1efe-5b7d-8b80-3f5549cbdf41.mp4,patch_only,,0.7,0.3,motion_soft,2,4,0.07,0.01,0.21024734982332155,0.18922261484098937,0.18922261484098937,0.14016489988221437
annotated,VEO3,d0143d98-62ba-5cd6-bcc3-5d6772bdab57.mp4,patch_only,,0.7,0.3,motion_soft,2,4,0.07,0.01,0.15488810365135453,0.15683156654888103,0.15683156654888103,0.16136631330977622
annotated,VEO3,d07b5399-798d-549a-9e0b-d20fb1246675.mp4,patch_only,,0.7,0.3,motion_soft,2,4,0.07,0.01,0.270906949352179,0.2758539458186101,0.2758539458186101,0.287396937573616
annotated,VEO3,d0db79f5-bba5-52ab-9ab4-24bb1384d510.mp4,patch_only,,0.7,0.3,motion_soft,2,4,0.07,0.01,0.001177856301531213,0.014428739693757362,0.014428739693757362,0.04534746760895171
annotated,VEO3,d10453e7-3349-5f72-91f6-8f93fc975877.mp4,patch_only,,0.7,0.3,motion_soft,2,4,0.07,0.01,0.09540636042402827,0.07261484098939928,0.07261484098939928,0.019434628975265017
annotated,VEO3,d10c7146-6d60-58ab-b606-28b6c2c79e1f.mp4,patch_only,,0.7,0.3,motion_soft,2,4,0.07,0.01,0.10895170789163722,0.23297997644287397,0.23297997644287397,0.5223792697290931
annotated,VEO3,d11cadb7-e210-5ce5-936b-92c3e49cfe4b.mp4,patch_only,,0.7,0.3,motion_soft,2,4,0.07,0.01,0.519434628975265,0.4342756183745583,0.4342756183745583,0.23557126030624265
annotated,VEO3,d128ec5a-48c1-533b-a51c-8167f95bdff9.mp4,patch_only,,0.7,0.3,motion_soft,2,4,0.07,0.01,0.12367491166077739,0.09187279151943463,0.09187279151943463,0.0176678445229682
annotated,VEO3,d166a011-c0b2-5d84-ac72-56a67ede6fa0.mp4,patch_only,,0.7,0.3,motion_soft,2,4,0.07,0.01,0.12603062426383982,0.10147232037691402,0.10147232037691402,0.044169611307420496
annotated,VEO3,d1a7cf09-faf3-5b77-a097-87f2d6b2962c.mp4,patch_only,,0.7,0.3,motion_soft,2,4,0.07,0.01,0.07714958775029446,0.08121319199057714,0.08121319199057714,0.09069493521790342
annotated,VEO3,d1a993f9-80ed-5826-84c8-5e08d2614e59.mp4,patch_only,,0.7,0.3,motion_soft,2,4,0.07,0.01,0.06595995288574794,0.15500588928150766,0.15500588928150766,0.3627797408716137
annotated,VEO3,d1bf3c7c-880e-5bc8-b88c-073fd83b7bc2.mp4,patch_only,,0.7,0.3,motion_soft,2,4,0.07,0.01,0.0,0.040282685512367494,0.040282685512367494,0.13427561837455831
annotated,VEO3,d2061189-10cd-5eb1-9e2d-ee1e31883e55.mp4,patch_only,,0.7,0.3,motion_soft,2,4,0.07,0.01,0.0,0.07597173144876325,0.07597173144876325,0.25323910482921086
annotated,VEO3,d20b9fa7-b2c0-5d46-82ef-4f00c59c2b65.mp4,patch_only,,0.7,0.3,motion_soft,2,4,0.07,0.01,0.048292108362779744,0.04175500588928151,0.04175500588928151,0.026501766784452298
annotated,VEO3,d29ca2f1-ed5c-55b9-ac09-ac936b1b9bc8.mp4,patch_only,,0.7,0.3,motion_soft,2,4,0.07,0.01,0.020023557126030624,0.01914016489988221,0.01914016489988221,0.01707891637220259
annotated,VEO3,d2a03aa3-4c99-5a24-b66f-e4fddd73aab8.mp4,patch_only,,0.7,0.3,motion_soft,2,4,0.07,0.01,0.3121319199057715,0.2833333333333333,0.2833333333333333,0.21613663133097763
annotated,VEO3,d2a2be09-8d47-56b2-8f47-d601a39de764.mp4,patch_only,,0.7,0.3,motion_soft,2,4,0.07,0.01,0.2332155477031802,0.23392226148409892,0.23392226148409892,0.23557126030624265
annotated,VEO3,d2a5d660-9961-5d37-bc9a-67a03711b5d4.mp4,patch_only,,0.7,0.3,motion_soft,2,4,0.07,0.01,0.31625441696113077,0.2372791519434629,0.2372791519434629,0.053003533568904596
annotated,VEO3,d2c434df-82e5-5d3e-bd29-ee35b86f8af2.mp4,patch_only,,0.7,0.3,motion_soft,2,4,0.07,0.01,0.03415783274440518,0.15270906949352178,0.15270906949352178,0.4293286219081272
annotated,VEO3,d2d20913-4ac0-5aa3-ba67-833d01709d41.mp4,patch_only,,0.7,0.3,motion_soft,2,4,0.07,0.01,0.3209658421672556,0.4598351001177856,0.4598351001177856,0.7838633686690224
annotated,VEO3,d2d5aff6-19b1-592e-81ef-c653e0da2859.mp4,patch_only,,0.7,0.3,motion_soft,2,4,0.07,0.01,0.464075382803298,0.3532979976442874,0.3532979976442874,0.09481743227326266
annotated,VEO3,d309dfd1-1d0b-5e8a-859a-a2a9d60b3e2c.mp4,patch_only,,0.7,0.3,motion_soft,2,4,0.07,0.01,0.44051825677267376,0.38168433451118966,0.38168433451118966,0.24440518256772673
annotated,VEO3,d33effb9-80c0-516b-8788-f3c15d7854fc.mp4,patch_only,,0.7,0.3,motion_soft,2,4,0.07,0.01,0.10954063604240283,0.13003533568904593,0.13003533568904593,0.17785630153121318
annotated,VEO3,d34ea148-d5be-5d5b-94cf-822770181d59.mp4,patch_only,,0.7,0.3,motion_soft,2,4,0.07,0.01,0.5011778563015312,0.3727326266195524,0.3727326266195524,0.07302709069493522
annotated,VEO3,d3919cc8-86b2-5a15-8cac-6a9ab18f1c91.mp4,patch_only,,0.7,0.3,motion_soft,2,4,0.07,0.01,0.2956419316843345,0.24723203769140165,0.24723203769140165,0.13427561837455831
annotated,VEO3,d3b3145d-d46d-5a32-821d-25ccb93f04b1.mp4,patch_only,,0.7,0.3,motion_soft,2,4,0.07,0.01,0.002355712603062426,0.07744405182567728,0.07744405182567728,0.25265017667844525
annotated,VEO3,d412a3cf-cc40-5031-95fe-c67063ef5137.mp4,patch_only,,0.7,0.3,motion_soft,2,4,0.07,0.01,0.0,0.0696113074204947,0.0696113074204947,0.232037691401649
annotated,VEO3,d4354d4a-882e-5a77-827d-2a2ecac89f75.mp4,patch_only,,0.7,0.3,motion_soft,2,4,0.07,0.01,0.005889281507656066,0.005359246171967019,0.005359246171967019,0.004122497055359246
annotated,VEO3,d45636ad-fcca-59aa-bd37-86f2bd93179f.mp4,patch_only,,0.7,0.3,motion_soft,2,4,0.07,0.01,0.016489988221436984,0.026737338044758537,0.026737338044758537,0.050647820965842166
annotated,VEO3,d4a57583-c998-511d-b1b5-d6b789ca4cc2.mp4,patch_only,,0.7,0.3,motion_soft,2,4,0.07,0.01,0.1419316843345112,0.10288574793875147,0.10288574793875147,0.011778563015312132
annotated,VEO3,d4ac9634-17f3-5990-95d3-fc6dc7f230cc.mp4,patch_only,,0.7,0.3,motion_soft,2,4,0.07,0.01,0.4870435806831567,0.6087750294464076,0.6087750294464076,0.8928150765606596
annotated,VEO3,d4fb4833-3d1c-5965-8cd8-6c1d5521c89a.mp4,patch_only,,0.7,0.3,motion_soft,2,4,0.07,0.01,0.06713780918727916,0.11590106007067137,0.11590106007067137,0.22968197879858657
annotated,VEO3,d512f8e5-07e0-5891-8324-7a1ce8ddc50f.mp4,patch_only,,0.7,0.3,motion_soft,2,4,0.07,0.01,0.30742049469964666,0.357773851590106,0.357773851590106,0.4752650176678445
annotated,VEO3,d514a0a5-8fc8-5e8c-92b6-af1e87db3704.mp4,patch_only,,0.7,0.3,motion_soft,2,4,0.07,0.01,0.24676089517078917,0.33174322732626615,0.33174322732626615,0.5300353356890459
annotated,VEO3,d5e45073-c4e6-5614-90b6-162e5011ffed.mp4,patch_only,,0.7,0.3,motion_soft,2,4,0.07,0.01,0.4193168433451119,0.47037691401648996,0.47037691401648996,0.5895170789163722
annotated,VEO3,d5e644d6-2e86-566f-8e67-dc4c992c0b24.mp4,patch_only,,0.7,0.3,motion_soft,2,4,0.07,0.01,0.07597173144876325,0.05494699646643109,0.05494699646643109,0.005889281507656066
annotated,VEO3,d6775032-1f01-5bba-b112-f098a7a6bc36.mp4,patch_only,,0.7,0.3,motion_soft,2,4,0.07,0.01,0.002355712603062426,0.023557126030624265,0.023557126030624265,0.07302709069493522
annotated,VEO3,d685c57b-5eff-5666-9094-5c60d4e4b845.mp4,patch_only,,0.7,0.3,motion_soft,2,4,0.07,0.01,0.07008244994110718,0.15859835100117783,0.15859835100117783,0.3651354534746761
annotated,VEO3,d6a76a02-e351-5cc4-ab74-61a024c10e12.mp4,patch_only,,0.7,0.3,motion_soft,2,4,0.07,0.01,0.08244994110718493,0.08563015312131919,0.08563015312131919,0.09305064782096584
annotated,VEO3,d6c1cdc1-642a-57ed-aff0-49d66eb6aece.mp4,patch_only,,0.7,0.3,motion_soft,2,4,0.07,0.01,0.07656065959952886,0.05376914016489988,0.05376914016489988,0.0005889281507656066
annotated,VEO3,d6e5b267-d092-5314-a1f4-3737479ef952.mp4,patch_only,,0.7,0.3,motion_soft,2,4,0.07,0.01,0.14605418138987045,0.10577149587750294,0.10577149587750294,0.011778563015312132
annotated,VEO3,d70b9966-d876-5c6f-a0a1-0a1693e86765.mp4,patch_only,,0.7,0.3,motion_soft,2,4,0.07,0.01,0.01884570082449941,0.028563015312131918,0.028563015312131918,0.05123674911660778
annotated,VEO3,d7d3f8ae-3e9e-5f01-9a7b-132ce2b3729f.mp4,patch_only,,0.7,0.3,motion_soft,2,4,0.07,0.01,0.11366313309776208,0.11401648998822143,0.11401648998822143,0.11484098939929328
annotated,VEO3,d7fcdc35-fc62-5096-8bc4-9ae5716459bf.mp4,patch_only,,0.7,0.3,motion_soft,2,4,0.07,0.01,0.01060070671378092,0.0342756183745583,0.0342756183745583,0.0895170789163722
annotated,VEO3,d8079a50-1a58-50ea-b95e-47075fcf5820.mp4,patch_only,,0.7,0.3,motion_soft,2,4,0.07,0.01,0.08068315665488811,0.12926972909305065,0.12926972909305065,0.24263839811542992
annotated,VEO3,d826878c-8db8-5c60-a530-698613889ed5.mp4,patch_only,,0.7,0.3,motion_soft,2,4,0.07,0.01,0.24322732626619553,0.21071849234393403,0.21071849234393403,0.1348645465253239
annotated,VEO3,d85e4c1b-94c6-51ab-a548-2068295818c9.mp4,patch_only,,0.7,0.3,motion_soft,2,4,0.07,0.01,0.011189634864546525,0.10889281507656066,0.10889281507656066,0.336866902237927
annotated,VEO3,d88611f4-c702-5f87-8483-4677a3733daf.mp4,patch_only,,0.7,0.3,motion_soft,2,4,0.07,0.01,0.015901060070671377,0.06095406360424027,0.06095406360424027,0.16607773851590105
annotated,VEO3,d88ceb0d-8e1d-50fa-9907-0fe322af26ae.mp4,patch_only,,0.7,0.3,motion_soft,2,4,0.07,0.01,0.10424028268551237,0.11978798586572438,0.11978798586572438,0.15606595995288575
annotated,VEO3,d88d73af-a78d-5bac-999b-a8d7cee0528c.mp4,patch_only,,0.7,0.3,motion_soft,2,4,0.07,0.01,0.4587750294464075,0.5405771495877503,0.5405771495877503,0.7314487632508834
annotated,VEO3,d96f7407-f898-54ec-993c-5d650fa75aad.mp4,patch_only,,0.7,0.3,motion_soft,2,4,0.07,0.01,0.5535924617196702,0.589281507656066,0.589281507656066,0.6725559481743227
annotated,VEO3,d9cee8a4-98d1-5d11-810f-d1351a4783f8.mp4,patch_only,,0.7,0.3,motion_soft,2,4,0.07,0.01,0.07714958775029446,0.07979976442873968,0.07979976442873968,0.08598351001177856
annotated,VEO3,d9d724bf-98d1-5708-b35c-28d1e9b259ec.mp4,patch_only,,0.7,0.3,motion_soft,2,4,0.07,0.01,0.14664310954063603,0.13056537102473498,0.13056537102473498,0.09305064782096584
annotated,VEO3,d9e0d600-d818-5933-9405-18cab7bd9b60.mp4,patch_only,,0.7,0.3,motion_soft,2,4,0.07,0.01,0.06419316843345112,0.08380447585394582,0.08380447585394582,0.12956419316843346
annotated,VEO3,da113a44-79ef-552d-97d1-2bfa75998584.mp4,patch_only,,0.7,0.3,motion_soft,2,4,0.07,0.01,0.009422850412249705,0.07991755005889281,0.07991755005889281,0.24440518256772673
annotated,VEO3,da24bd02-94bb-54c7-b391-257238df5de3.mp4,patch_only,,0.7,0.3,motion_soft,2,4,0.07,0.01,0.002355712603062426,0.0025323910482921083,0.0025323910482921083,0.002944640753828033
annotated,VEO3,da2bae0d-7a19-5b7a-852d-26fc83a5fa44.mp4,patch_only,,0.7,0.3,motion_soft,2,4,0.07,0.01,0.5565371024734982,0.4434628975265017,0.4434628975265017,0.17962308598351
annotated,VEO3,da4c69c7-b4b4-5d48-9dcc-5752f7476834.mp4,patch_only,,0.7,0.3,motion_soft,2,4,0.07,0.01,0.05123674911660778,0.04416961130742049,0.04416961130742049,0.02767962308598351
annotated,VEO3,da557469-e9f4-5df4-b69f-333777e52186.mp4,patch_only,,0.7,0.3,motion_soft,2,4,0.07,0.01,0.33510011778563015,0.24093050647820966,0.24093050647820966,0.02120141342756184
annotated,VEO3,da563d77-0eff-53b9-8bc4-378f0c1c9291.mp4,patch_only,,0.7,0.3,motion_soft,2,4,0.07,0.01,0.2997644287396938,0.22926972909305066,0.22926972909305066,0.06478209658421673
annotated,VEO3,da717228-57ef-5fc1-90d2-0938ab8fceb7.mp4,patch_only,,0.7,0.3,motion_soft,2,4,0.07,0.01,0.2479387514723204,0.2862779740871614,0.2862779740871614,0.375736160188457
annotated,VEO3,da735388-71a5-5a54-bfcc-6787070ecf42.mp4,patch_only,,0.7,0.3,motion_soft,2,4,0.07,0.01,0.2791519434628975,0.4457597173144876,0.4457597173144876,0.8345111896348646
annotated,VEO3,db1e9aa9-d361-59f1-80ed-3f2efbae0b69.mp4,patch_only,,0.7,0.3,motion_soft,2,4,0.07,0.01,0.0,0.026325088339222615,0.026325088339222615,0.08775029446407538
annotated,VEO3,db33af0f-e352-5b65-a3d5-1062f5249081.mp4,patch_only,,0.7,0.3,motion_soft,2,4,0.07,0.01,0.7603062426383981,0.8069493521790341,0.8069493521790341,0.9157832744405182
annotated,VEO3,db8bcc7b-c502-563c-8c8b-688778278279.mp4,patch_only,,0.7,0.3,motion_soft,2,4,0.07,0.01,0.011189634864546525,0.24564193168433449,0.24564193168433449,0.7926972909305064
annotated,VEO3,db9291bf-36cb-5920-9353-c4a64c873f07.mp4,patch_only,,0.7,0.3,motion_soft,2,4,0.07,0.01,0.020023557126030624,0.015606595995288573,0.015606595995288573,0.00530035335689046
annotated,VEO3,dbba9df4-670a-5389-81a1-92ccfc4a5011.mp4,patch_only,,0.7,0.3,motion_soft,2,4,0.07,0.01,0.004711425206124852,0.007891637220259127,0.007891637220259127,0.015312131919905771
annotated,VEO3,dbbeae71-3633-5915-a845-dbcae8c8fe19.mp4,patch_only,,0.7,0.3,motion_soft,2,4,0.07,0.01,0.10188457008244994,0.09093050647820966,0.09093050647820966,0.06537102473498234
annotated,VEO3,dc57d40f-a303-5465-a182-8d8a8168bb44.mp4,patch_only,,0.7,0.3,motion_soft,2,4,0.07,0.01,0.015901060070671377,0.045229681978798585,0.045229681978798585,0.11366313309776208
annotated,VEO3,dc756947-dfde-53fa-bf04-cb8ad63a2bd3.mp4,patch_only,,0.7,0.3,motion_soft,2,4,0.07,0.01,0.0624263839811543,0.18998822143698468,0.18998822143698468,0.4876325088339223
annotated,VEO3,dc7aa6ed-5312-599a-95e3-9fd401e635ea.mp4,patch_only,,0.7,0.3,motion_soft,2,4,0.07,0.01,0.10188457008244994,0.07573616018845701,0.07573616018845701,0.014723203769140165
annotated,VEO3,dc8b9e5b-cc61-55ee-8a48-b8d1dc1c8431.mp4,patch_only,,0.7,0.3,motion_soft,2,4,0.07,0.01,0.18492343934040048,0.3199057714958775,0.3199057714958775,0.6348645465253239
annotated,VEO3,dd3a8300-8545-5cc6-9c80-216b30234dc8.mp4,patch_only,,0.7,0.3,motion_soft,2,4,0.07,0.01,0.06713780918727916,0.05636042402826855,0.05636042402826855,0.03121319199057715
annotated,VEO3,dd5a8096-1204-5431-b8a2-5d399824b034.mp4,patch_only,,0.7,0.3,motion_soft,2,4,0.07,0.01,0.0,0.015017667844522967,0.015017667844522967,0.05005889281507656
annotated,VEO3,dd75e96d-0ec5-5fde-8de5-271a12cf7222.mp4,patch_only,,0.7,0.3,motion_soft,2,4,0.07,0.01,0.054770318021201414,0.04858657243816254,0.04858657243816254,0.03415783274440518
annotated,VEO3,dd843bb6-892f-506e-b1cb-2cbf6b2569de.mp4,patch_only,,0.7,0.3,motion_soft,2,4,0.07,0.01,0.032391048292108364,0.21719670200235572,0.21719670200235572,0.6484098939929329
annotated,VEO3,dddcd557-a839-5b66-a974-fc9c02a95047.mp4,patch_only,,0.7,0.3,motion_soft,2,4,0.07,0.01,0.5135453474676089,0.4536513545347467,0.4536513545347467,0.3138987043580683
annotated,VEO3,ddf7993c-cd71-5161-8e6a-30436884bc8e.mp4,patch_only,,0.7,0.3,motion_soft,2,4,0.07,0.01,0.1154299175500589,0.08415783274440518,0.08415783274440518,0.011189634864546525
annotated,VEO3,de0d2e35-60a3-5ad0-833f-7e762db427d2.mp4,patch_only,,0.7,0.3,motion_soft,2,4,0.07,0.01,0.28032979976442873,0.45312131919905774,0.45312131919905774,0.856301531213192
annotated,VEO3,de26cfd2-64a0-517b-9752-48e32b3df990.mp4,patch_only,,0.7,0.3,motion_soft,2,4,0.07,0.01,0.0005889281507656066,0.002179034157832744,0.002179034157832744,0.005889281507656066
annotated,VEO3,de89aa28-6d81-5fa5-a85e-74acb2b33dfa.mp4,patch_only,,0.7,0.3,motion_soft,2,4,0.07,0.01,0.03121319199057715,0.05948174322732626,0.05948174322732626,0.1254416961130742
annotated,VEO3,df1bc071-a9ba-53eb-854a-f63b9b3527dc.mp4,patch_only,,0.7,0.3,motion_soft,2,4,0.07,0.01,0.07656065959952886,0.05376914016489988,0.05376914016489988,0.0005889281507656066
annotated,VEO3,df362b4b-4f6d-58d7-a802-539dada5f4c7.mp4,patch_only,,0.7,0.3,motion_soft,2,4,0.07,0.01,0.11837455830388692,0.15706713780918727,0.15706713780918727,0.24734982332155478
annotated,VEO3,dfd3ba08-10ae-5d61-94d2-91294038dd5d.mp4,patch_only,,0.7,0.3,motion_soft,2,4,0.07,0.01,0.08421672555948174,0.11195524146054181,0.11195524146054181,0.17667844522968199
annotated,VEO3,e00e2742-1ab3-52c5-aa4b-0b3d6f9714d9.mp4,patch_only,,0.7,0.3,motion_soft,2,4,0.07,0.01,0.1784452296819788,0.3086572438162544,0.3086572438162544,0.6124852767962309
annotated,VEO3,e0377ab4-bdc6-51ef-9e06-5dbbd7676332.mp4,patch_only,,0.7,0.3,motion_soft,2,4,0.07,0.01,0.2773851590106007,0.4127208480565371,0.4127208480565371,0.7285041224970553
annotated,VEO3,e05fd473-dcb7-5cf2-ac80-bd6a85b55e68.mp4,patch_only,,0.7,0.3,motion_soft,2,4,0.07,0.01,0.34393404004711425,0.34358068315665485,0.34358068315665485,0.34275618374558303
annotated,VEO3,e0fde86e-db5b-5f9e-8100-0fc881435a7e.mp4,patch_only,,0.7,0.3,motion_soft,2,4,0.07,0.01,0.002355712603062426,0.24705535924617197,0.24705535924617197,0.8180212014134276
annotated,VEO3,e1413a0e-c618-54cd-ab9a-26c16001ea5d.mp4,patch_only,,0.7,0.3,motion_soft,2,4,0.07,0.01,0.25323910482921086,0.2912249705535925,0.2912249705535925,0.37985865724381623
annotated,VEO3,e16b39f0-979d-5950-a8db-696a26133bc3.mp4,patch_only,,0.7,0.3,motion_soft,2,4,0.07,0.01,0.0,0.00017667844522968197,0.00017667844522968197,0.0005889281507656066
annotated,VEO3,e1709a58-ea57-5215-9092-64f13d1e8a9e.mp4,patch_only,,0.7,0.3,motion_soft,2,4,0.07,0.01,0.02591283863368669,0.0199057714958775,0.0199057714958775,0.005889281507656066
annotated,VEO3,e17a0d98-a6ea-5b75-ac21-7ee2041ea675.mp4,patch_only,,0.7,0.3,motion_soft,2,4,0.07,0.01,0.23498233215547704,0.22031802120141342,0.22031802120141342,0.18610129564193167
annotated,VEO3,e199eb7f-f310-5973-92a9-cd1dadba4b5f.mp4,patch_only,,0.7,0.3,motion_soft,2,4,0.07,0.01,0.15488810365135453,0.191283863368669,0.191283863368669,0.2762073027090695
annotated,VEO3,e19a77d4-af92-5735-ba0b-9423fc82ae97.mp4,patch_only,,0.7,0.3,motion_soft,2,4,0.07,0.01,0.11719670200235571,0.16277974087161368,0.16277974087161368,0.26914016489988224
annotated,VEO3,e1b22ab9-6c30-5760-9547-07aaf9aad544.mp4,patch_only,,0.7,0.3,motion_soft,2,4,0.07,0.01,0.0005889281507656066,0.012779740871613663,0.012779740871613663,0.04122497055359246
annotated,VEO3,e1baa2a7-83be-5b00-bff8-32ea736817f4.mp4,patch_only,,0.7,0.3,motion_soft,2,4,0.07,0.01,0.0005889281507656066,0.07373380447585394,0.07373380447585394,0.24440518256772673
annotated,VEO3,e1c54e3f-a44f-50c4-bf02-5e79dfd273d1.mp4,patch_only,,0.7,0.3,motion_soft,2,4,0.07,0.01,0.05771495877502945,0.14623085983510012,0.14623085983510012,0.35276796230859836
annotated,VEO3,e1f2994d-942b-5673-bc50-296a81902d0f.mp4,patch_only,,0.7,0.3,motion_soft,2,4,0.07,0.01,0.4093050647820966,0.5690223792697291,0.5690223792697291,0.941696113074205
annotated,VEO3,e1fc1e5c-2c43-5910-97c4-6e8c04aa8a6c.mp4,patch_only,,0.7,0.3,motion_soft,2,4,0.07,0.01,0.25677267373380447,0.18751472320376913,0.18751472320376913,0.02591283863368669
annotated,VEO3,e235b522-08e9-533b-9bd4-ffcd1619d346.mp4,patch_only,,0.7,0.3,motion_soft,2,4,0.07,0.01,0.06419316843345112,0.18150765606595995,0.18150765606595995,0.4552414605418139
annotated,VEO3,e237197d-f25a-5d4a-a654-7f95f219d6de.mp4,patch_only,,0.7,0.3,motion_soft,2,4,0.07,0.01,0.5058892815076561,0.42885747938751473,0.42885747938751473,0.24911660777385158
annotated,VEO3,e25fabe8-8271-5677-a16f-b7a940f38f38.mp4,patch_only,,0.7,0.3,motion_soft,2,4,0.07,0.01,0.19022379269729092,0.27184923439340397,0.27184923439340397,0.4623085983510012
annotated,VEO3,e26e3368-0b5a-5ff4-a9ff-8e2ec8862f04.mp4,patch_only,,0.7,0.3,motion_soft,2,4,0.07,0.01,0.027090694935217905,0.04405182567726737,0.04405182567726737,0.08362779740871613
annotated,VEO3,e26ea6f9-766e-5a03-a50b-8bb0931f0463.mp4,patch_only,,0.7,0.3,motion_soft,2,4,0.07,0.01,0.14016489988221437,0.15853945818610127,0.15853945818610127,0.20141342756183744
annotated,VEO3,e27e2b6d-11d3-551f-b5f6-ef51e55823ce.mp4,patch_only,,0.7,0.3,motion_soft,2,4,0.07,0.01,0.2049469964664311,0.1459363957597173,0.1459363957597173,0.008244994110718492
annotated,VEO3,e2d6b0ad-e339-5ab8-abf1-3af88321280d.mp4,patch_only,,0.7,0.3,motion_soft,2,4,0.07,0.01,0.3539458186101296,0.39723203769140164,0.39723203769140164,0.49823321554770317
annotated,VEO3,e303c5b0-cc29-5c8b-9537-930313559ca1.mp4,patch_only,,0.7,0.3,motion_soft,2,4,0.07,0.01,0.015901060070671377,0.01537102473498233,0.01537102473498233,0.014134275618374558
annotated,VEO3,e30d3634-fe02-522f-8496-3e68c6281795.mp4,patch_only,,0.7,0.3,motion_soft,2,4,0.07,0.01,0.2143698468786808,0.28539458186101296,0.28539458186101296,0.45111896348645464
annotated,VEO3,e332950a-b2d7-56bc-aaf8-82df776b4306.mp4,patch_only,,0.7,0.3,motion_soft,2,4,0.07,0.01,0.053003533568904596,0.037809187279151946,0.037809187279151946,0.002355712603062426
annotated,VEO3,e33b9e6c-9247-5caa-adca-888a94d47e53.mp4,patch_only,,0.7,0.3,motion_soft,2,4,0.07,0.01,0.3751472320376914,0.5018256772673734,0.5018256772673734,0.7974087161366313
annotated,VEO3,e345b7d7-a7b9-5f8a-a60e-d58cec8943bc.mp4,patch_only,,0.7,0.3,motion_soft,2,4,0.07,0.01,0.39045936395759717,0.446643109540636,0.446643109540636,0.5777385159010601
annotated,VEO3,e41b6992-1234-5497-a14d-ba348568ef80.mp4,patch_only,,0.7,0.3,motion_soft,2,4,0.07,0.01,0.28209658421672557,0.40895170789163726,0.40895170789163726,0.7049469964664311
annotated,VEO3,e4338ec7-9ad6-5b92-af6d-0a92bf5ef165.mp4,patch_only,,0.7,0.3,motion_soft,2,4,0.07,0.01,0.5800942285041225,0.5401648998822144,0.5401648998822144,0.4469964664310954
annotated,VEO3,e4583e10-237e-5a54-beed-834e86d7958a.mp4,patch_only,,0.7,0.3,motion_soft,2,4,0.07,0.01,0.06419316843345112,0.048468786808009416,0.048468786808009416,0.011778563015312132
annotated,VEO3,e46e4672-df34-52a1-b29e-96442bfff23f.mp4,patch_only,,0.7,0.3,motion_soft,2,4,0.07,0.01,0.1330977620730271,0.16790341578327445,0.16790341578327445,0.24911660777385158
annotated,VEO3,e474ba9a-7cdb-5ab0-b3b5-f45b18544303.mp4,patch_only,,0.7,0.3,motion_soft,2,4,0.07,0.01,0.1967020023557126,0.2744405182567727,0.2744405182567727,0.4558303886925795
annotated,VEO3,e48efb30-ddee-5a8b-9549-ec5846271a64.mp4,patch_only,,0.7,0.3,motion_soft,2,4,0.07,0.01,0.0,0.027385159010600704,0.027385159010600704,0.09128386336866902
annotated,VEO3,e497f988-2c60-563e-b087-c187386850f0.mp4,patch_only,,0.7,0.3,motion_soft,2,4,0.07,0.01,0.0035335689045936395,0.044522968197879854,0.044522968197879854,0.14016489988221437
annotated,VEO3,e4ab380a-b47f-53fc-a03d-f53b9b3528e4.mp4,patch_only,,0.7,0.3,motion_soft,2,4,0.07,0.01,0.039458186101295645,0.03044758539458186,0.03044758539458186,0.009422850412249705
annotated,VEO3,e4d268ec-188b-5396-812b-a3ff4560b70e.mp4,patch_only,,0.7,0.3,motion_soft,2,4,0.07,0.01,0.36336866902237924,0.4889870435806831,0.4889870435806831,0.7820965842167256
annotated,VEO3,e4dfe081-ce50-51b5-8ed0-73a735a22149.mp4,patch_only,,0.7,0.3,motion_soft,2,4,0.07,0.01,0.1967020023557126,0.2590694935217903,0.2590694935217903,0.4045936395759717
annotated,VEO3,e583e894-1f80-52e6-a4f2-66f33d984252.mp4,patch_only,,0.7,0.3,motion_soft,2,4,0.07,0.01,0.0,0.03321554770318021,0.03321554770318021,0.11071849234393404
annotated,VEO3,e59a0885-0769-5b01-8b22-8596be88c1d6.mp4,patch_only,,0.7,0.3,motion_soft,2,4,0.07,0.01,0.20023557126030625,0.32744405182567726,0.32744405182567726,0.624263839811543
annotated,VEO3,e5b5cda4-00d6-5fbb-9131-01f30285f7d4.mp4,patch_only,,0.7,0.3,motion_soft,2,4,0.07,0.01,0.5200235571260307,0.593698468786808,0.593698468786808,0.7656065959952886
annotated,VEO3,e6066312-2210-5152-afe2-03115249af70.mp4,patch_only,,0.7,0.3,motion_soft,2,4,0.07,0.01,0.06713780918727916,0.10671378091872791,0.10671378091872791,0.19905771495877503
annotated,VEO3,e624431c-1d68-5bc2-99c6-21462b71c060.mp4,patch_only,,0.7,0.3,motion_soft,2,4,0.07,0.01,0.1425206124852768,0.20612485276796233,0.20612485276796233,0.3545347467608952
annotated,VEO3,e66e6d7e-fc90-5f98-b665-85070d699da0.mp4,patch_only,,0.7,0.3,motion_soft,2,4,0.07,0.01,0.09187279151943463,0.1019434628975265,0.1019434628975265,0.1254416961130742
annotated,VEO3,e67ab33e-c736-5f15-afab-b80ef8e5349b.mp4,patch_only,,0.7,0.3,motion_soft,2,4,0.07,0.01,0.15488810365135453,0.14075382803297998,0.14075382803297998,0.10777385159010601
annotated,VEO3,e6e1cf9b-46f4-529e-a054-8b5c86f18279.mp4,patch_only,,0.7,0.3,motion_soft,2,4,0.07,0.01,0.008244994110718492,0.055418138987043584,0.055418138987043584,0.16548881036513546
annotated,VEO3,e6e38a40-b08c-5a02-9f60-85919451e596.mp4,patch_only,,0.7,0.3,motion_soft,2,4,0.07,0.01,0.007067137809187279,0.008480565371024734,0.008480565371024734,0.011778563015312132
annotated,VEO3,e75adb13-2fd2-515e-b3bd-2b5d52da8ea5.mp4,patch_only,,0.7,0.3,motion_soft,2,4,0.07,0.01,0.1519434628975265,0.10759717314487632,0.10759717314487632,0.004122497055359246
annotated,VEO3,e7a7bace-29fc-511d-a898-0e5414800d0a.mp4,patch_only,,0.7,0.3,motion_soft,2,4,0.07,0.01,0.18610129564193167,0.13822143698468786,0.13822143698468786,0.026501766784452298
annotated,VEO3,e82a1c59-5578-5473-a361-ca87927f1dec.mp4,patch_only,,0.7,0.3,motion_soft,2,4,0.07,0.01,0.004122497055359246,0.09069493521790342,0.09069493521790342,0.2926972909305065
annotated,VEO3,e833a7a5-500d-5e73-be08-302691373396.mp4,patch_only,,0.7,0.3,motion_soft,2,4,0.07,0.01,0.011189634864546525,0.04175500588928151,0.04175500588928151,0.11307420494699646
annotated,VEO3,e837ff6e-5568-5889-8da4-7ba63e89caf1.mp4,patch_only,,0.7,0.3,motion_soft,2,4,0.07,0.01,0.160188457008245,0.11513545347467607,0.11513545347467607,0.010011778563015312
annotated,VEO3,e87a0b1f-454d-5aa7-a6ce-cbaa9bd1e30a.mp4,patch_only,,0.7,0.3,motion_soft,2,4,0.07,0.01,0.3468786808009423,0.3569493521790341,0.3569493521790341,0.38044758539458184
annotated,VEO3,e8c172c6-af33-5ce2-ab70-b0d7232ae30c.mp4,patch_only,,0.7,0.3,motion_soft,2,4,0.07,0.01,0.0,0.12402826855123675,0.12402826855123675,0.4134275618374558
annotated,VEO3,e8de7340-45fe-5a72-a789-e186d41ef6e7.mp4,patch_only,,0.7,0.3,motion_soft,2,4,0.07,0.01,0.02120141342756184,0.04328621908127208,0.04328621908127208,0.09481743227326266
annotated,VEO3,e8f53cab-7743-57fb-ae27-b2e9e5216417.mp4,patch_only,,0.7,0.3,motion_soft,2,4,0.07,0.01,0.015901060070671377,0.01996466431095406,0.01996466431095406,0.02944640753828033
annotated,VEO3,e9269ae1-67d7-5636-8ab3-3f9032a1d0dc.mp4,patch_only,,0.7,0.3,motion_soft,2,4,0.07,0.01,0.016489988221436984,0.013839811542991754,0.013839811542991754,0.0076560659599528855
annotated,VEO3,e95e1115-7561-5972-a4a0-f2ae42021106.mp4,patch_only,,0.7,0.3,motion_soft,2,4,0.07,0.01,0.05830388692579505,0.09028268551236748,0.09028268551236748,0.16489988221436985
annotated,VEO3,e961729a-a8ce-5058-9dfd-857d2900b880.mp4,patch_only,,0.7,0.3,motion_soft,2,4,0.07,0.01,0.10659599528857479,0.0926383981154299,0.0926383981154299,0.06007067137809187
annotated,VEO3,e97c4f28-e952-597b-8383-a551f630f4d8.mp4,patch_only,,0.7,0.3,motion_soft,2,4,0.07,0.01,0.10129564193168433,0.08239104829210836,0.08239104829210836,0.03828032979976443
annotated,VEO3,e985e4b0-43e2-5ce9-ad38-c3bf469decda.mp4,patch_only,,0.7,0.3,motion_soft,2,4,0.07,0.01,0.19257950530035337,0.21749116607773852,0.21749116607773852,0.2756183745583039
annotated,VEO3,e99908ea-c061-5dad-85f4-370877cb7371.mp4,patch_only,,0.7,0.3,motion_soft,2,4,0.07,0.01,0.0005889281507656066,0.014723203769140164,0.014723203769140164,0.04770318021201413
annotated,VEO3,e9bbbc61-a240-5903-935b-372e1bb4598f.mp4,patch_only,,0.7,0.3,motion_soft,2,4,0.07,0.01,0.6967020023557126,0.5106595995288574,0.5106595995288574,0.07656065959952886
annotated,VEO3,e9cd5a10-67b0-5db3-a4c3-65db0d9e7b20.mp4,patch_only,,0.7,0.3,motion_soft,2,4,0.07,0.01,0.009422850412249705,0.18733804475853943,0.18733804475853943,0.6024734982332155
annotated,VEO3,ea16ef30-8e8c-5f1e-bd34-a1a7043ada3a.mp4,patch_only,,0.7,0.3,motion_soft,2,4,0.07,0.01,0.008244994110718492,0.09199057714958775,0.09199057714958775,0.287396937573616
annotated,VEO3,ea73f4d3-e464-5878-aa2d-489dba6ea449.mp4,patch_only,,0.7,0.3,motion_soft,2,4,0.07,0.01,0.22614840989399293,0.27968197879858653,0.27968197879858653,0.4045936395759717
annotated,VEO3,eab40a94-3396-5d50-821b-900ec2db4842.mp4,patch_only,,0.7,0.3,motion_soft,2,4,0.07,0.01,0.25677267373380447,0.42285041224970554,0.42285041224970554,0.8103651354534747
annotated,VEO3,eac1c12d-1dc3-5e91-82d7-554f2a146d4a.mp4,patch_only,,0.7,0.3,motion_soft,2,4,0.07,0.01,0.05889281507656066,0.07850412249705535,0.07850412249705535,0.12426383981154299
annotated,VEO3,eaf8fb27-c97e-5a4c-8100-97e53dd46d2f.mp4,patch_only,,0.7,0.3,motion_soft,2,4,0.07,0.01,0.07714958775029446,0.23439340400471143,0.23439340400471143,0.6012956419316844
annotated,VEO3,eafcc5db-c0f2-57ce-8885-134d774e65a0.mp4,patch_only,,0.7,0.3,motion_soft,2,4,0.07,0.01,0.7703180212014135,0.6796819787985866,0.6796819787985866,0.46819787985865724
annotated,VEO3,eb2695e5-6c9e-5358-bfca-f4e8856b3cb5.mp4,patch_only,,0.7,0.3,motion_soft,2,4,0.07,0.01,0.027090694935217905,0.20094228504122497,0.20094228504122497,0.6065959952885748
annotated,VEO3,eb5dbcb2-e978-5c8c-90ce-47c313169b0b.mp4,patch_only,,0.7,0.3,motion_soft,2,4,0.07,0.01,0.2232037691401649,0.21896348645465252,0.21896348645465252,0.20906949352179033
annotated,VEO3,eba8bcbc-4055-5d6e-b1e4-624a0df21910.mp4,patch_only,,0.7,0.3,motion_soft,2,4,0.07,0.01,0.01884570082449941,0.15753828032979975,0.15753828032979975,0.48115429917550057
annotated,VEO3,ebb7f24d-15b9-5067-8003-953ca3da6027.mp4,patch_only,,0.7,0.3,motion_soft,2,4,0.07,0.01,0.5612485276796231,0.5895170789163722,0.5895170789163722,0.6554770318021201
annotated,VEO3,ebbafa8d-8b53-536b-b77c-71ee0b056654.mp4,patch_only,,0.7,0.3,motion_soft,2,4,0.07,0.01,0.015901060070671377,0.012897526501766784,0.012897526501766784,0.005889281507656066
annotated,VEO3,ebe265d4-28a5-5990-9dc1-3d5b320564b2.mp4,patch_only,,0.7,0.3,motion_soft,2,4,0.07,0.01,0.42402826855123676,0.3185512367491166,0.3185512367491166,0.07243816254416961
annotated,VEO3,ebf11089-4ba9-55d6-878a-9db7e4656509.mp4,patch_only,,0.7,0.3,motion_soft,2,4,0.07,0.01,0.09128386336866902,0.18792697290930505,0.18792697290930505,0.4134275618374558
annotated,VEO3,ec0717be-6be0-5358-b7cf-cd1dd9f7abeb.mp4,patch_only,,0.7,0.3,motion_soft,2,4,0.07,0.01,0.020023557126030624,0.13239104829210835,0.13239104829210835,0.3945818610129564
annotated,VEO3,ec183e10-ca18-5399-974f-25ed46a94cd8.mp4,patch_only,,0.7,0.3,motion_soft,2,4,0.07,0.01,0.0,0.0033568904593639574,0.0033568904593639574,0.011189634864546525
annotated,VEO3,ec1981ce-c739-5eae-8b87-308464bd265c.mp4,patch_only,,0.7,0.3,motion_soft,2,4,0.07,0.01,0.07538280329799764,0.08015312131919905,0.08015312131919905,0.09128386336866902
annotated,VEO3,ec4b484d-10a9-5780-830b-66c725cef2f9.mp4,patch_only,,0.7,0.3,motion_soft,2,4,0.07,0.01,0.30683156654888105,0.3161955241460542,0.3161955241460542,0.3380447585394582
annotated,VEO3,ec616364-8ccf-5b37-a842-700dd04cc284.mp4,patch_only,,0.7,0.3,motion_soft,2,4,0.07,0.01,0.3663133097762073,0.4429917550058892,0.4429917550058892,0.6219081272084805
annotated,VEO3,ec8b6a9a-564c-5cbb-9983-db49a15626e5.mp4,patch_only,,0.7,0.3,motion_soft,2,4,0.07,0.01,0.7661955241460542,0.714075382803298,0.714075382803298,0.5924617196702002
annotated,VEO3,ec8e4f82-164a-5d99-96f5-14370c1df365.mp4,patch_only,,0.7,0.3,motion_soft,2,4,0.07,0.01,0.4363957597173145,0.4459363957597173,0.4459363957597173,0.46819787985865724
annotated,VEO3,ecc18148-6e55-5791-8c67-778c766011df.mp4,patch_only,,0.7,0.3,motion_soft,2,4,0.07,0.01,0.14546525323910484,0.18362779740871613,0.18362779740871613,0.27267373380447585
annotated,VEO3,ed07cb94-87f0-53ac-af92-6b625deaea72.mp4,patch_only,,0.7,0.3,motion_soft,2,4,0.07,0.01,0.15547703180212014,0.31501766784452295,0.31501766784452295,0.6872791519434629
annotated,VEO3,ed134f0b-2938-503a-a132-662374c93412.mp4,patch_only,,0.7,0.3,motion_soft,2,4,0.07,0.01,0.10424028268551237,0.10141342756183745,0.10141342756183745,0.09481743227326266
annotated,VEO3,ed1dd0b0-310f-5749-a233-d922e9c37cfc.mp4,patch_only,,0.7,0.3,motion_soft,2,4,0.07,0.01,0.18610129564193167,0.22055359246171966,0.22055359246171966,0.30094228504122494
annotated,VEO3,ed5f6840-87ef-5cfa-9cf7-d94c522fa63c.mp4,patch_only,,0.7,0.3,motion_soft,2,4,0.07,0.01,0.3586572438162544,0.45388692579505296,0.45388692579505296,0.6760895170789164
annotated,VEO3,ed5f6d7b-933f-5c42-b35e-4a57f703ab34.mp4,patch_only,,0.7,0.3,motion_soft,2,4,0.07,0.01,0.008244994110718492,0.07750294464075383,0.07750294464075383,0.23910482921083628
annotated,VEO3,ed8eb8ff-68c8-5b8a-a114-c3bfac5954be.mp4,patch_only,,0.7,0.3,motion_soft,2,4,0.07,0.01,0.31625441696113077,0.22314487632508836,0.22314487632508836,0.005889281507656066
annotated,VEO3,ede56029-414e-5e0b-a4c2-c9fd2bd949dc.mp4,patch_only,,0.7,0.3,motion_soft,2,4,0.07,0.01,0.37868080094228507,0.494228504122497,0.494228504122497,0.7638398115429917
annotated,VEO3,ee1cfb84-88a2-593a-9353-c6477d0e6813.mp4,patch_only,,0.7,0.3,motion_soft,2,4,0.07,0.01,0.02237926972909305,0.22326266195524147,0.22326266195524147,0.6919905771495878
annotated,VEO3,ee1ef62c-8146-5a55-87f4-d54cf1025e36.mp4,patch_only,,0.7,0.3,motion_soft,2,4,0.07,0.01,0.016489988221436984,0.03115429917550059,0.03115429917550059,0.06537102473498234
annotated,VEO3,ee290569-5c90-562d-94fd-92fcf2320b8a.mp4,patch_only,,0.7,0.3,motion_soft,2,4,0.07,0.01,0.06713780918727916,0.19946996466431094,0.19946996466431094,0.5082449941107184
annotated,VEO3,ee5c3787-1db3-5b6a-bebf-35cc7df9244b.mp4,patch_only,,0.7,0.3,motion_soft,2,4,0.07,0.01,0.37220259128386335,0.5121319199057714,0.5121319199057714,0.8386336866902238
annotated,VEO3,ee812eb7-124e-53f9-bd70-7eafe68faecb.mp4,patch_only,,0.7,0.3,motion_soft,2,4,0.07,0.01,0.08421672555948174,0.08898704358068316,0.08898704358068316,0.10011778563015312
annotated,VEO3,ee836ba7-1ee0-53f0-8840-7452e911b63c.mp4,patch_only,,0.7,0.3,motion_soft,2,4,0.07,0.01,0.04004711425206125,0.04393404004711425,0.04393404004711425,0.053003533568904596
annotated,VEO3,eee90f3c-b3fe-5c6a-b448-d2cb9caf1b50.mp4,patch_only,,0.7,0.3,motion_soft,2,4,0.07,0.01,0.002944640753828033,0.13616018845700822,0.13616018845700822,0.4469964664310954
annotated,VEO3,ef01236e-230b-5759-b79e-9ec0b7e3b3b4.mp4,patch_only,,0.7,0.3,motion_soft,2,4,0.07,0.01,0.004122497055359246,0.004652532391048292,0.004652532391048292,0.005889281507656066
annotated,VEO3,ef0bed58-1823-5a67-b738-677f2360c299.mp4,patch_only,,0.7,0.3,motion_soft,2,4,0.07,0.01,0.19434628975265017,0.19575971731448763,0.19575971731448763,0.19905771495877503
annotated,VEO3,ef5affa0-abd3-5ddc-adab-8fb6d51d5a8a.mp4,patch_only,,0.7,0.3,motion_soft,2,4,0.07,0.01,0.048292108362779744,0.20394581861012956,0.20394581861012956,0.5671378091872792
annotated,VEO3,ef6fe6a9-d0c7-5033-9635-cb3c0f1ffc9b.mp4,patch_only,,0.7,0.3,motion_soft,2,4,0.07,0.01,0.9093050647820966,0.9149587750294464,0.9149587750294464,0.928150765606596
annotated,VEO3,ef737d8a-2e29-5b1d-b0cd-df4a35fef8c8.mp4,patch_only,,0.7,0.3,motion_soft,2,4,0.07,0.01,0.002944640753828033,0.03280329799764429,0.03280329799764429,0.10247349823321555
annotated,VEO3,efdb2305-e96e-57a3-b23d-646e7cd99398.mp4,patch_only,,0.7,0.3,motion_soft,2,4,0.07,0.01,0.007067137809187279,0.007773851590106006,0.007773851590106006,0.009422850412249705
annotated,VEO3,efed3e55-63c8-5b62-89c8-b5b80ca74615.mp4,patch_only,,0.7,0.3,motion_soft,2,4,0.07,0.01,0.3138987043580683,0.49534746760895165,0.49534746760895165,0.9187279151943463
annotated,VEO3,f0003dc9-6869-5a94-a068-498ed3d4fffa.mp4,patch_only,,0.7,0.3,motion_soft,2,4,0.07,0.01,0.03415783274440518,0.026737338044758537,0.026737338044758537,0.009422850412249705
annotated,VEO3,f01c274a-050d-576b-8c9d-5a98a65d2d02.mp4,patch_only,,0.7,0.3,motion_soft,2,4,0.07,0.01,0.0,0.051413427561837456,0.051413427561837456,0.17137809187279152
annotated,VEO3,f02b7155-2ffe-5ccb-8e37-3be904c3a338.mp4,patch_only,,0.7,0.3,motion_soft,2,4,0.07,0.01,0.20082449941107186,0.22361601884570084,0.22361601884570084,0.2767962308598351
annotated,VEO3,f04357ee-0600-5015-b907-300fddf8b325.mp4,patch_only,,0.7,0.3,motion_soft,2,4,0.07,0.01,0.31507656065959955,0.4638398115429917,0.4638398115429917,0.8109540636042403
annotated,VEO3,f08986dc-24bd-5d74-9702-226dad4b7697.mp4,patch_only,,0.7,0.3,motion_soft,2,4,0.07,0.01,0.015312131919905771,0.014075382803297997,0.014075382803297997,0.011189634864546525
annotated,VEO3,f0ada1cc-c963-59fd-a114-5345398f42ef.mp4,patch_only,,0.7,0.3,motion_soft,2,4,0.07,0.01,0.10600706713780919,0.10088339222614841,0.10088339222614841,0.08892815076560659
annotated,VEO3,f0c494b0-5c30-5d67-aee2-0dd0f0ff3624.mp4,patch_only,,0.7,0.3,motion_soft,2,4,0.07,0.01,0.17491166077738515,0.14328621908127206,0.14328621908127206,0.06949352179034157
annotated,VEO3,f0ff0482-4476-58ef-9b1a-f42d44db12d7.mp4,patch_only,,0.7,0.3,motion_soft,2,4,0.07,0.01,0.36042402826855124,0.4648409893992933,0.4648409893992933,0.7084805653710248
annotated,VEO3,f0ff61f0-401b-5e15-954d-4064672a7425.mp4,patch_only,,0.7,0.3,motion_soft,2,4,0.07,0.01,0.04004711425206125,0.14375736160188457,0.14375736160188457,0.38574793875147234
annotated,VEO3,f100d0c6-79da-5221-8721-1981983d5df5.mp4,patch_only,,0.7,0.3,motion_soft,2,4,0.07,0.01,0.1525323910482921,0.1641931684334511,0.1641931684334511,0.19140164899882214
annotated,VEO3,f1014fea-f0f3-52dc-aa82-eecc44aafc7d.mp4,patch_only,,0.7,0.3,motion_soft,2,4,0.07,0.01,0.2620730270906949,0.26154299175500584,0.26154299175500584,0.26030624263839813
annotated,VEO3,f10344ce-617e-5aea-b004-194645232d6e.mp4,patch_only,,0.7,0.3,motion_soft,2,4,0.07,0.01,0.005889281507656066,0.007479387514723204,0.007479387514723204,0.011189634864546525
annotated,VEO3,f108cd04-dbf1-5673-9732-c552aa12d58b.mp4,patch_only,,0.7,0.3,motion_soft,2,4,0.07,0.01,0.0,0.05353356890459363,0.05353356890459363,0.1784452296819788
annotated,VEO3,f139787d-0b72-523f-8eb1-02c7073f4163.mp4,patch_only,,0.7,0.3,motion_soft,2,4,0.07,0.01,0.12956419316843346,0.19846878680800942,0.19846878680800942,0.35924617196702
annotated,VEO3,f145f99f-5775-5488-bdbc-126188430e53.mp4,patch_only,,0.7,0.3,motion_soft,2,4,0.07,0.01,0.01884570082449941,0.05948174322732626,0.05948174322732626,0.15429917550058891
annotated,VEO3,f176cfdd-23ea-5f74-988e-12a7536b1bff.mp4,patch_only,,0.7,0.3,motion_soft,2,4,0.07,0.01,0.6395759717314488,0.530565371024735,0.530565371024735,0.2762073027090695
annotated,VEO3,f17a8243-6dd3-5b66-9b8f-fca7d2f4df62.mp4,patch_only,,0.7,0.3,motion_soft,2,4,0.07,0.01,0.0989399293286219,0.13056537102473498,0.13056537102473498,0.2043580683156655
annotated,VEO3,f19bbd7e-9a8c-5779-a1a2-08699d5aa249.mp4,patch_only,,0.7,0.3,motion_soft,2,4,0.07,0.01,0.16313309776207302,0.14334511189634863,0.14334511189634863,0.09717314487632508
annotated,VEO3,f2058eb1-b104-5ddd-8882-0ee16ac46502.mp4,patch_only,,0.7,0.3,motion_soft,2,4,0.07,0.01,0.709658421672556,0.5287396937573616,0.5287396937573616,0.10659599528857479
annotated,VEO3,f24496c1-24cf-5de5-961d-f04d1dd0cc96.mp4,patch_only,,0.7,0.3,motion_soft,2,4,0.07,0.01,0.30212014134275617,0.4340989399293286,0.4340989399293286,0.7420494699646644
annotated,VEO3,f28b4fa5-816f-54ef-a22e-8a13135834e5.mp4,patch_only,,0.7,0.3,motion_soft,2,4,0.07,0.01,0.09540636042402827,0.07455830388692579,0.07455830388692579,0.02591283863368669
annotated,VEO3,f29a0b3c-c635-5f43-b20d-a8f0c6827e22.mp4,patch_only,,0.7,0.3,motion_soft,2,4,0.07,0.01,0.020023557126030624,0.08875147232037692,0.08875147232037692,0.24911660777385158
annotated,VEO3,f2c01f03-8d6c-583b-ad26-75b3bf41b70f.mp4,patch_only,,0.7,0.3,motion_soft,2,4,0.07,0.01,0.1784452296819788,0.1284452296819788,0.1284452296819788,0.011778563015312132
annotated,VEO3,f2e2a0cf-22b5-5663-b7fb-8a04e4ad9f9b.mp4,patch_only,,0.7,0.3,motion_soft,2,4,0.07,0.01,0.0,0.013957597173144876,0.013957597173144876,0.04652532391048292
annotated,VEO3,f2eb08cd-0d18-52ae-8600-e6dfd357d4e4.mp4,patch_only,,0.7,0.3,motion_soft,2,4,0.07,0.01,0.15488810365135453,0.20471142520612484,0.20471142520612484,0.3209658421672556
annotated,VEO3,f31cef66-65fd-518e-a7ab-e739652484ed.mp4,patch_only,,0.7,0.3,motion_soft,2,4,0.07,0.01,0.4458186101295642,0.4795641931684334,0.4795641931684334,0.558303886925795
annotated,VEO3,f33e4df5-12d5-596b-86c2-bc5fc6470f42.mp4,patch_only,,0.7,0.3,motion_soft,2,4,0.07,0.01,0.004711425206124852,0.004004711425206124,0.004004711425206124,0.002355712603062426
annotated,VEO3,f35d7f32-6af4-586c-85a7-36e491a6bac0.mp4,patch_only,,0.7,0.3,motion_soft,2,4,0.07,0.01,0.05771495877502945,0.2354534746760895,0.2354534746760895,0.6501766784452296
annotated,VEO3,f368950a-6c92-5ce4-9afa-21ffd641537a.mp4,patch_only,,0.7,0.3,motion_soft,2,4,0.07,0.01,0.2838633686690224,0.3638987043580683,0.3638987043580683,0.5506478209658422
annotated,VEO3,f3751bc5-ecb9-535d-9561-fc04336f921d.mp4,patch_only,,0.7,0.3,motion_soft,2,4,0.07,0.01,0.28975265017667845,0.3187279151943463,0.3187279151943463,0.38633686690223795
annotated,VEO3,f376f47f-5053-5e36-bfb0-add9b8b8aeca.mp4,patch_only,,0.7,0.3,motion_soft,2,4,0.07,0.01,0.20023557126030625,0.22461719670200236,0.22461719670200236,0.28150765606595995
annotated,VEO3,f3c03e50-ef9f-5961-8b63-6d29b44b8702.mp4,patch_only,,0.7,0.3,motion_soft,2,4,0.07,0.01,0.014723203769140165,0.025323910482921083,0.025323910482921083,0.05005889281507656
annotated,VEO3,f3d42b62-bd5a-5724-9448-0c884bc1dee8.mp4,patch_only,,0.7,0.3,motion_soft,2,4,0.07,0.01,0.6531213191990577,0.5085983510011778,0.5085983510011778,0.17137809187279152
annotated,VEO3,f3e53d50-edcd-5018-9989-ce9ffb3266a5.mp4,patch_only,,0.7,0.3,motion_soft,2,4,0.07,0.01,0.0035335689045936395,0.0971731448763251,0.0971731448763251,0.31566548881036516
annotated,VEO3,f3ec11c4-331b-51d6-82dd-ccf8eee0a51e.mp4,patch_only,,0.7,0.3,motion_soft,2,4,0.07,0.01,0.10011778563015312,0.2121319199057715,0.2121319199057715,0.4734982332155477
annotated,VEO3,f3fb4832-870d-556b-b074-849207f1ade1.mp4,patch_only,,0.7,0.3,motion_soft,2,4,0.07,0.01,0.04711425206124853,0.16972909305064782,0.16972909305064782,0.4558303886925795
annotated,VEO3,f410d488-cdbd-56e6-aa51-8fba37f6b56b.mp4,patch_only,,0.7,0.3,motion_soft,2,4,0.07,0.01,0.008244994110718492,0.09216725559481743,0.09216725559481743,0.2879858657243816
annotated,VEO3,f443840a-e15b-5df1-8ec7-2d24b9f62f55.mp4,patch_only,,0.7,0.3,motion_soft,2,4,0.07,0.01,0.06713780918727916,0.12173144876325089,0.12173144876325089,0.24911660777385158
annotated,VEO3,f4508edc-2be9-54c9-9c7b-78631ef074a4.mp4,patch_only,,0.7,0.3,motion_soft,2,4,0.07,0.01,0.05123674911660778,0.08568904593639576,0.08568904593639576,0.16607773851590105
annotated,VEO3,f476b783-d74c-5144-99b2-bc3fee862da7.mp4,patch_only,,0.7,0.3,motion_soft,2,4,0.07,0.01,0.10129564193168433,0.2143698468786808,0.2143698468786808,0.47820965842167257
annotated,VEO3,f48a4475-226b-54ef-adfc-0a5dc0dfc9d8.mp4,patch_only,,0.7,0.3,motion_soft,2,4,0.07,0.01,0.030624263839811542,0.025147232037691397,0.025147232037691397,0.012367491166077738
annotated,VEO3,f4a1a330-17ff-56bc-8020-c9995b2cfa41.mp4,patch_only,,0.7,0.3,motion_soft,2,4,0.07,0.01,0.06890459363957598,0.12862190812720847,0.12862190812720847,0.267962308598351
annotated,VEO3,f4a266c3-a049-5f07-9f27-a5eeb94c22e0.mp4,patch_only,,0.7,0.3,motion_soft,2,4,0.07,0.01,0.006478209658421673,0.004711425206124852,0.004711425206124852,0.0005889281507656066
annotated,VEO3,f4e8d486-5a9c-5519-bb48-aa621b5b7e2b.mp4,patch_only,,0.7,0.3,motion_soft,2,4,0.07,0.01,0.030035335689045935,0.18957597173144874,0.18957597173144874,0.5618374558303887
annotated,VEO3,f53e4161-f486-57c3-b4a9-06e9d060f4d2.mp4,patch_only,,0.7,0.3,motion_soft,2,4,0.07,0.01,0.0176678445229682,0.1989399293286219,0.1989399293286219,0.6219081272084805
annotated,VEO3,f587e1b2-b98f-5b99-beeb-d4669b1ad0f4.mp4,patch_only,,0.7,0.3,motion_soft,2,4,0.07,0.01,0.06772673733804475,0.051825677267373374,0.051825677267373374,0.014723203769140165
annotated,VEO3,f5ee352b-4937-520e-85e3-dccdf78cc9be.mp4,patch_only,,0.7,0.3,motion_soft,2,4,0.07,0.01,0.5547703180212014,0.481625441696113,0.481625441696113,0.31095406360424027
annotated,VEO3,f5f328e5-8e4f-5b5c-8dc5-477d5afc5768.mp4,patch_only,,0.7,0.3,motion_soft,2,4,0.07,0.01,0.015312131919905771,0.011601884570082448,0.011601884570082448,0.002944640753828033
annotated,VEO3,f600f7c8-27fe-51d3-a17f-0e30490875c8.mp4,patch_only,,0.7,0.3,motion_soft,2,4,0.07,0.01,0.027090694935217905,0.03504122497055359,0.03504122497055359,0.0535924617196702
annotated,VEO3,f64bd1fd-ad3e-57db-9509-52de95d5cdbc.mp4,patch_only,,0.7,0.3,motion_soft,2,4,0.07,0.01,0.13604240282685512,0.09752650176678444,0.09752650176678444,0.0076560659599528855
annotated,VEO3,f681bc68-e583-5062-b2f5-122c873dac96.mp4,patch_only,,0.7,0.3,motion_soft,2,4,0.07,0.01,0.002355712603062426,0.007479387514723203,0.007479387514723203,0.019434628975265017
annotated,VEO3,f699aa8d-9f7b-5f36-9866-2e91f115b43d.mp4,patch_only,,0.7,0.3,motion_soft,2,4,0.07,0.01,0.0,0.07773851590106007,0.07773851590106007,0.2591283863368669
annotated,VEO3,f6df5f87-080a-50c7-84e5-d7d154e2e2f3.mp4,patch_only,,0.7,0.3,motion_soft,2,4,0.07,0.01,0.0005889281507656066,0.00818610129564193,0.00818610129564193,0.02591283863368669
annotated,VEO3,f6ee5893-2e96-5432-8727-4d7be5279b5e.mp4,patch_only,,0.7,0.3,motion_soft,2,4,0.07,0.01,0.0,0.007420494699646642,0.007420494699646642,0.024734982332155476
annotated,VEO3,f71f059d-4585-58a3-9617-00701e228151.mp4,patch_only,,0.7,0.3,motion_soft,2,4,0.07,0.01,0.10836277974087162,0.0779740871613663,0.0779740871613663,0.007067137809187279
annotated,VEO3,f760ad5f-7a1b-5de5-8a21-044d43a53c2c.mp4,patch_only,,0.7,0.3,motion_soft,2,4,0.07,0.01,0.15371024734982333,0.18462897526501765,0.18462897526501765,0.25677267373380447
annotated,VEO3,f778ec9c-8011-5be0-ade3-6e2fc4bef339.mp4,patch_only,,0.7,0.3,motion_soft,2,4,0.07,0.01,0.29328621908127206,0.2556537102473498,0.2556537102473498,0.16784452296819788
annotated,VEO3,f7865e8b-5321-5f81-856b-6106f2108bed.mp4,patch_only,,0.7,0.3,motion_soft,2,4,0.07,0.01,0.23380447585394581,0.3353945818610129,0.3353945818610129,0.5724381625441696
annotated,VEO3,f7897b8d-8a18-5031-b35f-79056fb4727d.mp4,patch_only,,0.7,0.3,motion_soft,2,4,0.07,0.01,0.10777385159010601,0.29840989399293283,0.29840989399293283,0.7432273262661955
annotated,VEO3,f78a5926-62ca-5156-9327-e361a6111ddd.mp4,patch_only,,0.7,0.3,motion_soft,2,4,0.07,0.01,0.06007067137809187,0.04399293286219081,0.04399293286219081,0.006478209658421673
annotated,VEO3,f7f00b31-984d-5846-9e91-812db87aa24c.mp4,patch_only,,0.7,0.3,motion_soft,2,4,0.07,0.01,0.6613663133097762,0.6878680800942285,0.6878680800942285,0.7497055359246172
annotated,VEO3,f7f79f6c-29cb-5cd7-8cb7-9830411b6477.mp4,patch_only,,0.7,0.3,motion_soft,2,4,0.07,0.01,0.02944640753828033,0.060895170789163726,0.060895170789163726,0.13427561837455831
annotated,VEO3,f8298f40-5ca5-59eb-b58c-07495addd6a6.mp4,patch_only,,0.7,0.3,motion_soft,2,4,0.07,0.01,0.06419316843345112,0.22408716136631332,0.22408716136631332,0.5971731448763251
annotated,VEO3,f82b3fe9-1df4-5dcd-bcc0-d1529e632d6c.mp4,patch_only,,0.7,0.3,motion_soft,2,4,0.07,0.01,0.2656065959952886,0.212603062426384,0.212603062426384,0.08892815076560659
annotated,VEO3,f88c9ea9-39d2-560a-8dc3-8dbb934fcc1d.mp4,patch_only,,0.7,0.3,motion_soft,2,4,0.07,0.01,0.037102473498233215,0.1392226148409894,0.1392226148409894,0.37750294464075385
annotated,VEO3,f88d1f54-4c7f-575e-9a3b-769b58edf248.mp4,patch_only,,0.7,0.3,motion_soft,2,4,0.07,0.01,0.43227326266195526,0.4605418138987043,0.4605418138987043,0.5265017667844523
annotated,VEO3,f8e1ba6a-47c3-5274-9124-55cbbbf2c352.mp4,patch_only,,0.7,0.3,motion_soft,2,4,0.07,0.01,0.17608951707891637,0.2799764428739694,0.2799764428739694,0.5223792697290931
annotated,VEO3,f91f8c0d-a98b-50f3-9283-5d7cae6af9b9.mp4,patch_only,,0.7,0.3,motion_soft,2,4,0.07,0.01,0.03356890459363958,0.030918727915194347,0.030918727915194347,0.024734982332155476
annotated,VEO3,f94ee7c1-a44a-5e6f-aca4-376bc007010e.mp4,patch_only,,0.7,0.3,motion_soft,2,4,0.07,0.01,0.03121319199057715,0.06866902237926972,0.06866902237926972,0.15606595995288575
annotated,VEO3,f952e959-62ab-5dfa-9123-a877557406c0.mp4,patch_only,,0.7,0.3,motion_soft,2,4,0.07,0.01,0.4534746760895171,0.5177856301531213,0.5177856301531213,0.6678445229681979
annotated,VEO3,f9bbb03b-da8f-5a27-9187-eb85b7cf531d.mp4,patch_only,,0.7,0.3,motion_soft,2,4,0.07,0.01,0.15665488810365136,0.22131919905771497,0.22131919905771497,0.37220259128386335
annotated,VEO3,f9dc06ae-5e7a-55fd-8f9e-d46f6196f645.mp4,patch_only,,0.7,0.3,motion_soft,2,4,0.07,0.01,0.15783274440518258,0.1919316843345112,0.1919316843345112,0.2714958775029446
annotated,VEO3,f9efd521-b56b-52b3-8bfd-5e9eb18cc064.mp4,patch_only,,0.7,0.3,motion_soft,2,4,0.07,0.01,0.15488810365135453,0.2354534746760895,0.2354534746760895,0.42343934040047115
annotated,VEO3,f9fa3d0a-213e-5ffa-9778-800ea05de82e.mp4,patch_only,,0.7,0.3,motion_soft,2,4,0.07,0.01,0.03121319199057715,0.023969375736160186,0.023969375736160186,0.007067137809187279
annotated,VEO3,f9ff9baa-d06d-5814-8f13-c8b52cc2f2b2.mp4,patch_only,,0.7,0.3,motion_soft,2,4,0.07,0.01,0.004711425206124852,0.006124852767962308,0.006124852767962308,0.009422850412249705
annotated,VEO3,fa4e24dc-3361-5927-bf9b-7e0b7012845a.mp4,patch_only,,0.7,0.3,motion_soft,2,4,0.07,0.01,0.15901060070671377,0.26201413427561837,0.26201413427561837,0.5023557126030624
annotated,VEO3,fa502ddf-fb24-5ba9-b581-204321e56018.mp4,patch_only,,0.7,0.3,motion_soft,2,4,0.07,0.01,0.0005889281507656066,0.03221436984687868,0.03221436984687868,0.10600706713780919
annotated,VEO3,fabf4959-3620-5e46-8a6e-72ea7b891127.mp4,patch_only,,0.7,0.3,motion_soft,2,4,0.07,0.01,0.0,0.07473498233215548,0.07473498233215548,0.24911660777385158
annotated,VEO3,fadca9b4-142f-51dd-a887-2b516e0732db.mp4,patch_only,,0.7,0.3,motion_soft,2,4,0.07,0.01,0.002944640753828033,0.1131919905771496,0.1131919905771496,0.37043580683156657
annotated,VEO3,faecb8a5-3c1a-580a-ad7f-f0a993494735.mp4,patch_only,,0.7,0.3,motion_soft,2,4,0.07,0.01,0.5047114252061249,0.4356301531213192,0.4356301531213192,0.2744405182567727
annotated,VEO3,faf1902f-319f-5651-8a42-33bf63e48ef7.mp4,patch_only,,0.7,0.3,motion_soft,2,4,0.07,0.01,0.016489988221436984,0.03044758539458186,0.03044758539458186,0.06301531213191991
annotated,VEO3,fb0a53c7-b316-51f2-9434-44c34b6e83c2.mp4,patch_only,,0.7,0.3,motion_soft,2,4,0.07,0.01,0.11955241460541814,0.13404004711425205,0.13404004711425205,0.16784452296819788
annotated,VEO3,fb319a14-ba1c-59e8-94ba-33d88dec49fe.mp4,patch_only,,0.7,0.3,motion_soft,2,4,0.07,0.01,0.016489988221436984,0.15323910482921085,0.15323910482921085,0.4723203769140165
annotated,VEO3,fb7eee10-73d4-51b5-95ac-cd2efe5e2d65.mp4,patch_only,,0.7,0.3,motion_soft,2,4,0.07,0.01,0.0,0.021908127208480566,0.021908127208480566,0.07302709069493522
annotated,VEO3,fb812dd4-c857-5b1f-b6c3-573d1599abc5.mp4,patch_only,,0.7,0.3,motion_soft,2,4,0.07,0.01,0.009422850412249705,0.0723203769140165,0.0723203769140165,0.21908127208480566
annotated,VEO3,fb9e47b8-3b1b-524a-a446-addd252fcf34.mp4,patch_only,,0.7,0.3,motion_soft,2,4,0.07,0.01,0.15665488810365136,0.164075382803298,0.164075382803298,0.18138987043580684
annotated,VEO3,fba07b9b-b267-55fc-8951-cda16c600dce.mp4,patch_only,,0.7,0.3,motion_soft,2,4,0.07,0.01,0.3121319199057715,0.36160188457008247,0.36160188457008247,0.47703180212014135
annotated,VEO3,fbab427b-29d3-547b-ba61-399256af3402.mp4,patch_only,,0.7,0.3,motion_soft,2,4,0.07,0.01,0.15312131919905772,0.12167255594817432,0.12167255594817432,0.048292108362779744
annotated,VEO3,fbbaeba0-7f9f-5329-866d-f0cd39d91fe0.mp4,patch_only,,0.7,0.3,motion_soft,2,4,0.07,0.01,0.05005889281507656,0.1777974087161366,0.1777974087161366,0.4758539458186101
annotated,VEO3,fbc23ca0-c1d7-580e-9c56-2e9859946e23.mp4,patch_only,,0.7,0.3,motion_soft,2,4,0.07,0.01,0.0,0.0480565371024735,0.0480565371024735,0.160188457008245
annotated,VEO3,fbc678a1-9fe9-5786-94bb-29b77803e52e.mp4,patch_only,,0.7,0.3,motion_soft,2,4,0.07,0.01,0.0,0.03215547703180212,0.03215547703180212,0.1071849234393404
annotated,VEO3,fbfd4af1-589c-55b9-805f-392d4681819d.mp4,patch_only,,0.7,0.3,motion_soft,2,4,0.07,0.01,0.001177856301531213,0.058598351001177856,0.058598351001177856,0.19257950530035337
annotated,VEO3,fc0f048f-3553-5304-8db1-d32ae6d4a4dd.mp4,patch_only,,0.7,0.3,motion_soft,2,4,0.07,0.01,0.06301531213191991,0.121849234393404,0.121849234393404,0.2591283863368669
annotated,VEO3,fc11c0d2-6af4-565e-a872-198644afe52b.mp4,patch_only,,0.7,0.3,motion_soft,2,4,0.07,0.01,0.3138987043580683,0.24499411071849234,0.24499411071849234,0.08421672555948174
annotated,VEO3,fc2d150f-28de-556a-a8c4-11a013e21251.mp4,patch_only,,0.7,0.3,motion_soft,2,4,0.07,0.01,0.06713780918727916,0.05123674911660778,0.05123674911660778,0.014134275618374558
annotated,VEO3,fc3bdb75-ef71-5dcc-a9c9-20372e8df6a3.mp4,patch_only,,0.7,0.3,motion_soft,2,4,0.07,0.01,0.04770318021201413,0.06784452296819787,0.06784452296819787,0.11484098939929328
annotated,VEO3,fc45d55d-a9dd-5004-baea-2286705c594e.mp4,patch_only,,0.7,0.3,motion_soft,2,4,0.07,0.01,0.2332155477031802,0.29028268551236747,0.29028268551236747,0.42343934040047115
annotated,VEO3,fc51c51e-4ace-5502-8dfb-1f9415a8c1b6.mp4,patch_only,,0.7,0.3,motion_soft,2,4,0.07,0.01,0.1160188457008245,0.18492343934040048,0.18492343934040048,0.3457008244994111
annotated,VEO3,fc6bace2-912e-54b4-814d-584b6c5836a2.mp4,patch_only,,0.7,0.3,motion_soft,2,4,0.07,0.01,0.16136631330977622,0.28451118963486455,0.28451118963486455,0.571849234393404
annotated,VEO3,fc8b4d70-b7ba-5f36-a497-253cc277eadc.mp4,patch_only,,0.7,0.3,motion_soft,2,4,0.07,0.01,0.011189634864546525,0.024617196702002356,0.024617196702002356,0.05594817432273263
annotated,VEO3,fcc3b957-1002-59a5-a553-84bca8b96618.mp4,patch_only,,0.7,0.3,motion_soft,2,4,0.07,0.01,0.05889281507656066,0.13274440518256772,0.13274440518256772,0.3050647820965842
annotated,VEO3,fcd3b99e-9724-51bc-99fa-b29092329509.mp4,patch_only,,0.7,0.3,motion_soft,2,4,0.07,0.01,0.31507656065959955,0.49157832744405183,0.49157832744405183,0.9034157832744405
annotated,VEO3,fcf0c025-8ecd-54dc-aff9-61395fae92a7.mp4,patch_only,,0.7,0.3,motion_soft,2,4,0.07,0.01,0.3197879858657244,0.3522968197879859,0.3522968197879859,0.428150765606596
annotated,VEO3,fd1e2e43-cbb4-5f1a-9a9e-ef08af650929.mp4,patch_only,,0.7,0.3,motion_soft,2,4,0.07,0.01,0.011189634864546525,0.04369846878680801,0.04369846878680801,0.11955241460541814
annotated,VEO3,fd666228-62d5-5f75-9385-52aa80adcbf6.mp4,patch_only,,0.7,0.3,motion_soft,2,4,0.07,0.01,0.4740871613663133,0.45076560659599524,0.45076560659599524,0.3963486454652532
annotated,VEO3,fd827a1a-4e19-55b0-835d-a24dc1d1bbe1.mp4,patch_only,,0.7,0.3,motion_soft,2,4,0.07,0.01,0.0,0.02950530035335689,0.02950530035335689,0.0983510011778563
annotated,VEO3,fda31953-ae64-5c34-8232-b7705d7edf30.mp4,patch_only,,0.7,0.3,motion_soft,2,4,0.07,0.01,0.85924617196702,0.6671967020023557,0.6671967020023557,0.21908127208480566
annotated,VEO3,fdaab1c3-93bc-5a0b-a813-a7ae2d5a28c1.mp4,patch_only,,0.7,0.3,motion_soft,2,4,0.07,0.01,0.0,0.03692579505300353,0.03692579505300353,0.12308598351001178
annotated,VEO3,fdbc6a3a-d4d8-5aac-a5d0-eeadf6563cbc.mp4,patch_only,,0.7,0.3,motion_soft,2,4,0.07,0.01,0.4988221436984688,0.5836277974087161,0.5836277974087161,0.78150765606596
annotated,VEO3,fdbec7af-5137-5dd0-aa6e-d00799c5e0a5.mp4,patch_only,,0.7,0.3,motion_soft,2,4,0.07,0.01,0.14605418138987045,0.26690223792697293,0.26690223792697293,0.5488810365135454
annotated,VEO3,fdec245a-ceae-5260-a3cc-f0b40f4f465c.mp4,patch_only,,0.7,0.3,motion_soft,2,4,0.07,0.01,0.001177856301531213,0.002591283863368669,0.002591283863368669,0.005889281507656066
annotated,VEO3,fe00572c-9cee-5f66-a0d7-6c6cdc46860a.mp4,patch_only,,0.7,0.3,motion_soft,2,4,0.07,0.01,0.13898704358068315,0.09941107184923437,0.09941107184923437,0.007067137809187279
annotated,VEO3,fe1afd36-6b12-5e13-a6cc-87bb7e8151dd.mp4,patch_only,,0.7,0.3,motion_soft,2,4,0.07,0.01,0.1419316843345112,0.10041224970553592,0.10041224970553592,0.0035335689045936395
annotated,VEO3,fe1d13ba-8b79-5822-b20a-a42a73782b83.mp4,patch_only,,0.7,0.3,motion_soft,2,4,0.07,0.01,0.19140164899882214,0.29104829210836275,0.29104829210836275,0.5235571260306242
annotated,VEO3,fe34780c-d4c9-5b37-bb61-02c32dd7acb3.mp4,patch_only,,0.7,0.3,motion_soft,2,4,0.07,0.01,0.0035335689045936395,0.003356890459363957,0.003356890459363957,0.002944640753828033
annotated,VEO3,fe790a42-597e-5b02-83c8-f568c5bfa4c2.mp4,patch_only,,0.7,0.3,motion_soft,2,4,0.07,0.01,0.7797408716136631,0.7479387514723204,0.7479387514723204,0.673733804475854
annotated,VEO3,fea19b95-c229-569a-a5c5-d32296dcc2e1.mp4,patch_only,,0.7,0.3,motion_soft,2,4,0.07,0.01,0.07008244994110718,0.14782096584216725,0.14782096584216725,0.3292108362779741
annotated,VEO3,feaea8a3-24e5-589d-a80d-16b162f8a0bb.mp4,patch_only,,0.7,0.3,motion_soft,2,4,0.07,0.01,0.037102473498233215,0.027208480565371024,0.027208480565371024,0.004122497055359246
annotated,VEO3,feb29ba1-8740-5ad2-abec-aa8d9bc7a058.mp4,patch_only,,0.7,0.3,motion_soft,2,4,0.07,0.01,0.002944640753828033,0.05259128386336867,0.05259128386336867,0.1684334511189635
annotated,VEO3,fef02662-9b76-5883-b3e8-d8a95489325a.mp4,patch_only,,0.7,0.3,motion_soft,2,4,0.07,0.01,0.07714958775029446,0.11283863368669021,0.11283863368669021,0.196113074204947
annotated,VEO3,ff2a8c67-1890-5c00-91f6-f3e2dda13d1a.mp4,patch_only,,0.7,0.3,motion_soft,2,4,0.07,0.01,0.555359246171967,0.44193168433451113,0.44193168433451113,0.1772673733804476
annotated,VEO3,ff3890e2-375d-5496-b41c-dadf1c115826.mp4,patch_only,,0.7,0.3,motion_soft,2,4,0.07,0.01,0.14840989399293286,0.1549469964664311,0.1549469964664311,0.1702002355712603
annotated,VEO3,ff42aaf5-993b-5422-8341-fc7c8cb1516a.mp4,patch_only,,0.7,0.3,motion_soft,2,4,0.07,0.01,0.011189634864546525,0.013663133097762072,0.013663133097762072,0.019434628975265017
annotated,VEO3,ff6b7851-6e93-522e-8079-421efd339b8e.mp4,patch_only,,0.7,0.3,motion_soft,2,4,0.07,0.01,0.27267373380447585,0.2610129564193168,0.2610129564193168,0.23380447585394581
annotated,VEO3,ff8c5c3f-7d70-533d-ad2a-462ebf5bbc7f.mp4,patch_only,,0.7,0.3,motion_soft,2,4,0.07,0.01,0.5005889281507656,0.5802709069493521,0.5802709069493521,0.7661955241460542
annotated,VEO3,ffc243dc-d078-54dc-89f8-6ec8298636bb.mp4,patch_only,,0.7,0.3,motion_soft,2,4,0.07,0.01,0.8268551236749117,0.7395759717314487,0.7395759717314487,0.535924617196702
annotated,VEO3,fff4b048-c30b-5947-8530-2ce52c41863f.mp4,patch_only,,0.7,0.3,motion_soft,2,4,0.07,0.01,0.06301531213191991,0.1170789163722026,0.1170789163722026,0.24322732626619553
