subset,source_model,filename,final_score
real,MSR-VTT,video0.mp4,0.29728337650105957
real,MSR-VTT,video1.mp4,0.2762096774193548
real,MSR-VTT,video10.mp4,0.7893660230751118
real,MSR-VTT,video100.mp4,0.0041352719566753
real,MSR-VTT,video1000.mp4,0.16546974334824582
real,MSR-VTT,video1001.mp4,0.26453967506475157
real,MSR-VTT,video1002.mp4,0.5074022839651519
real,MSR-VTT,video1003.mp4,0.0605574523192842
real,MSR-VTT,video1004.mp4,0.28074228867435835
real,MSR-VTT,video1005.mp4,0.21899281846008947
real,MSR-VTT,video1006.mp4,0.12997409936425713
real,MSR-VTT,video1007.mp4,0.2206704732752531
real,MSR-VTT,video1008.mp4,0.44672710148340006
real,MSR-VTT,video1009.mp4,0.11327113256416294
real,MSR-VTT,video101.mp4,0.31107252178008005
real,MSR-VTT,video1010.mp4,0.48397398163409466
real,MSR-VTT,video1011.mp4,0.06035142453496586
real,MSR-VTT,video1012.mp4,0.35994525547445255
real,MSR-VTT,video1013.mp4,0.19228278785024724
real,MSR-VTT,video1014.mp4,0.012729573816811867
real,MSR-VTT,video1015.mp4,0.4956439839886979
real,MSR-VTT,video1016.mp4,0.16888391805980693
real,MSR-VTT,video1017.mp4,0.2967094419590299
real,MSR-VTT,video1018.mp4,0.05097716034848128
real,MSR-VTT,video1019.mp4,0.5402342830233106
real,MSR-VTT,video102.mp4,0.06900459147633624
real,MSR-VTT,video1020.mp4,0.8990758182246291
real,MSR-VTT,video1021.mp4,0.02247174476100777
real,MSR-VTT,video1022.mp4,0.08767953849776314
real,MSR-VTT,video1023.mp4,0.024237697198022132
real,MSR-VTT,video1024.mp4,0.5722716034848128
real,MSR-VTT,video1025.mp4,0.4852101483400047
real,MSR-VTT,video1026.mp4,0.3655080056510478
real,MSR-VTT,video1027.mp4,0.012435248410642806
real,MSR-VTT,video1028.mp4,0.005665764068754415
real,MSR-VTT,video1029.mp4,0.1478102189781022
real,MSR-VTT,video103.mp4,0.34464033435366137
real,MSR-VTT,video1030.mp4,0.19084059336001885
real,MSR-VTT,video1031.mp4,0.016644101718860372
real,MSR-VTT,video1032.mp4,0.0039586767129738635
real,MSR-VTT,video1033.mp4,0.20267247468801508
real,MSR-VTT,video1034.mp4,0.1279138215210737
real,MSR-VTT,video1035.mp4,0.24046385684012245
real,MSR-VTT,video1036.mp4,0.2005680480339063
real,MSR-VTT,video1037.mp4,0.2889539675064752
real,MSR-VTT,video1038.mp4,0.1361549328938074
real,MSR-VTT,video1039.mp4,0.8013744996468095
real,MSR-VTT,video104.mp4,0.1901342123852131
real,MSR-VTT,video1040.mp4,0.2718683776783612
real,MSR-VTT,video1041.mp4,0.20521838945137744
real,MSR-VTT,video1042.mp4,0.06934306569343066
real,MSR-VTT,video1043.mp4,0.07527372262773722
real,MSR-VTT,video1044.mp4,0.025120673416529314
real,MSR-VTT,video1045.mp4,0.639421944902284
real,MSR-VTT,video1046.mp4,0.2775341417471156
real,MSR-VTT,video1047.mp4,0.3295120084765717
real,MSR-VTT,video1048.mp4,0.20176006592889098
real,MSR-VTT,video1049.mp4,0.6341093713209325
real,MSR-VTT,video105.mp4,0.14121732987991525
real,MSR-VTT,video1050.mp4,0.1082970331999058
real,MSR-VTT,video1051.mp4,0.1601571697668943
real,MSR-VTT,video1052.mp4,0.053199317165057686
real,MSR-VTT,video1053.mp4,0.3771927242759595
real,MSR-VTT,video1055.mp4,0.13294678596656462
real,MSR-VTT,video1056.mp4,0.2151077230986579
real,MSR-VTT,video1057.mp4,0.8444195902990346
real,MSR-VTT,video1058.mp4,0.17147398163409466
real,MSR-VTT,video1059.mp4,0.11494878737932658
real,MSR-VTT,video106.mp4,0.6051477513538969
real,MSR-VTT,video1060.mp4,0.017953849776312692
real,MSR-VTT,video1061.mp4,0.08210207205085944
real,MSR-VTT,video1062.mp4,0.23194313633152813
real,MSR-VTT,video1063.mp4,0.7184924652696021
real,MSR-VTT,video1064.mp4,0.13845067106192607
real,MSR-VTT,video1065.mp4,0.2356222039086414
real,MSR-VTT,video1066.mp4,0.014878149281846009
real,MSR-VTT,video1067.mp4,0.7323699081704733
real,MSR-VTT,video1068.mp4,0.04884330115375559
real,MSR-VTT,video1069.mp4,0.4616788321167883
real,MSR-VTT,video107.mp4,0.01926359783376501
real,MSR-VTT,video1070.mp4,0.09453732046150223
real,MSR-VTT,video1071.mp4,0.4909347774899929
real,MSR-VTT,video1072.mp4,0.13072462914998823
real,MSR-VTT,video1073.mp4,0.27818165764068753
real,MSR-VTT,video1074.mp4,0.5720802919708029
real,MSR-VTT,video1075.mp4,0.2303537791382152
real,MSR-VTT,video1076.mp4,0.48925712267482935
real,MSR-VTT,video1077.mp4,0.17301919001648222
real,MSR-VTT,video1078.mp4,0.05726100777019072
real,MSR-VTT,video1079.mp4,0.38828879208853306
real,MSR-VTT,video108.mp4,0.08966623498940429
real,MSR-VTT,video1080.mp4,0.11057805509771604
real,MSR-VTT,video1081.mp4,0.213032728985166
real,MSR-VTT,video1082.mp4,0.21325347303979278
real,MSR-VTT,video1083.mp4,0.10142453496585825
real,MSR-VTT,video1084.mp4,0.21543148104544385
real,MSR-VTT,video1085.mp4,0.538232870261361
real,MSR-VTT,video1086.mp4,0.0037232163880386157
real,MSR-VTT,video1087.mp4,0.07690722863197552
real,MSR-VTT,video1088.mp4,0.4097156816576407
real,MSR-VTT,video1089.mp4,0.6044560866493995
real,MSR-VTT,video109.mp4,0.07620084765716978
real,MSR-VTT,video1090.mp4,0.08322050859430186
real,MSR-VTT,video1091.mp4,0.17076760065928892
real,MSR-VTT,video1092.mp4,0.4924799858723805
real,MSR-VTT,video1093.mp4,0.4524517306333883
real,MSR-VTT,video1094.mp4,0.0432658347068519
real,MSR-VTT,video1095.mp4,0.20688132799623266
real,MSR-VTT,video1096.mp4,0.24431951966093712
real,MSR-VTT,video1097.mp4,0.18807393454202967
real,MSR-VTT,video1098.mp4,0.8019042853779138
real,MSR-VTT,video1099.mp4,0.012170355545090654
real,MSR-VTT,video11.mp4,0.03677595950082411
real,MSR-VTT,video110.mp4,0.3411967271014834
real,MSR-VTT,video1100.mp4,0.033803272898516604
real,MSR-VTT,video1101.mp4,0.08199905815870026
real,MSR-VTT,video1102.mp4,0.4064339533788557
real,MSR-VTT,video1103.mp4,0.07567106192606546
real,MSR-VTT,video1104.mp4,0.2354308923946315
real,MSR-VTT,video1105.mp4,0.11365375559218271
real,MSR-VTT,video1106.mp4,0.22331940193077465
real,MSR-VTT,video1107.mp4,0.22716034848128092
real,MSR-VTT,video1108.mp4,0.16654403108076288
real,MSR-VTT,video1109.mp4,0.013951024252413468
real,MSR-VTT,video111.mp4,0.058246997880857077
real,MSR-VTT,video1110.mp4,0.47348128090416763
real,MSR-VTT,video1111.mp4,0.39446962561808335
real,MSR-VTT,video1112.mp4,0.6938574287732517
real,MSR-VTT,video1113.mp4,0.4067577113256416
real,MSR-VTT,video1114.mp4,0.11174064045208382
real,MSR-VTT,video1115.mp4,0.1187014363079821
real,MSR-VTT,video1116.mp4,0.7920149517306334
real,MSR-VTT,video1117.mp4,0.13940722863197552
real,MSR-VTT,video1118.mp4,0.1568607252178008
real,MSR-VTT,video1119.mp4,0.02718095125971274
real,MSR-VTT,video112.mp4,0.533361784789263
real,MSR-VTT,video1120.mp4,0.23924240640452082
real,MSR-VTT,video1121.mp4,0.30599540852366375
real,MSR-VTT,video1122.mp4,0.3930127148575465
real,MSR-VTT,video1123.mp4,0.7327378149281847
real,MSR-VTT,video1124.mp4,0.018660230751118438
real,MSR-VTT,video1125.mp4,0.8005209559689193
real,MSR-VTT,video1126.mp4,0.2123410642806687
real,MSR-VTT,video1127.mp4,0.3196962561808335
real,MSR-VTT,video1128.mp4,0.16454261831881328
real,MSR-VTT,video1129.mp4,0.527710736990817
real,MSR-VTT,video113.mp4,0.0032964445490934777
real,MSR-VTT,video1130.mp4,0.07676006592889098
real,MSR-VTT,video1131.mp4,0.7515304921120791
real,MSR-VTT,video1132.mp4,0.5376736519896397
real,MSR-VTT,video1133.mp4,0.09737756063103367
real,MSR-VTT,video1134.mp4,0.09509653873322345
real,MSR-VTT,video1135.mp4,0.5317871438662586
real,MSR-VTT,video1136.mp4,0.015981869554979985
real,MSR-VTT,video1137.mp4,0.049343654344242996
real,MSR-VTT,video1138.mp4,0.10542736048975748
real,MSR-VTT,video1139.mp4,0.34934954085236636
real,MSR-VTT,video114.mp4,0.24929361902519426
real,MSR-VTT,video1140.mp4,0.4828555450906522
real,MSR-VTT,video1141.mp4,0.1412320461502237
real,MSR-VTT,video1142.mp4,0.15368201083117494
real,MSR-VTT,video1143.mp4,0.17388744996468097
real,MSR-VTT,video1144.mp4,0.5343330586296209
real,MSR-VTT,video1145.mp4,0.24136154932893808
real,MSR-VTT,video1146.mp4,0.039895808806216154
real,MSR-VTT,video1147.mp4,0.11752413468330587
real,MSR-VTT,video1148.mp4,0.07889392512361668
real,MSR-VTT,video1149.mp4,0.13013597833765012
real,MSR-VTT,video115.mp4,0.13923063338827407
real,MSR-VTT,video1150.mp4,0.5962002590063574
real,MSR-VTT,video1151.mp4,0.10719331292677184
real,MSR-VTT,video1152.mp4,0.13633152813750882
real,MSR-VTT,video1153.mp4,0.3529403108076289
real,MSR-VTT,video1154.mp4,0.006798916882505298
real,MSR-VTT,video1155.mp4,0.024546738874499645
real,MSR-VTT,video1156.mp4,0.662909112314575
real,MSR-VTT,video1157.mp4,0.14006946079585592
real,MSR-VTT,video1158.mp4,0.31101365669884623
real,MSR-VTT,video1159.mp4,0.04104367789027549
real,MSR-VTT,video116.mp4,0.10764951730633388
real,MSR-VTT,video1160.mp4,0.06536967271014833
real,MSR-VTT,video1161.mp4,0.262538262302802
real,MSR-VTT,video1162.mp4,0.43465975983046856
real,MSR-VTT,video1163.mp4,0.4814280668707323
real,MSR-VTT,video1164.mp4,0.3301742406404521
real,MSR-VTT,video1165.mp4,0.14011360960678126
real,MSR-VTT,video1166.mp4,0.1703408288203438
real,MSR-VTT,video1167.mp4,0.3297327525311985
real,MSR-VTT,video1168.mp4,0.0015893571933129267
real,MSR-VTT,video1169.mp4,0.19643277607723097
real,MSR-VTT,video117.mp4,0.6029550270779374
real,MSR-VTT,video1170.mp4,0.09090240169531434
real,MSR-VTT,video1171.mp4,0.13850953614315986
real,MSR-VTT,video1172.mp4,0.22636566988462445
real,MSR-VTT,video1173.mp4,0.18348245820579234
real,MSR-VTT,video1174.mp4,0.15759653873322346
real,MSR-VTT,video1175.mp4,0.011537555921827172
real,MSR-VTT,video1176.mp4,0.4574552625382623
real,MSR-VTT,video1177.mp4,0.44394572639510244
real,MSR-VTT,video1178.mp4,0.13795031787143866
real,MSR-VTT,video1179.mp4,0.14479338356486932
real,MSR-VTT,video118.mp4,0.1334324228867436
real,MSR-VTT,video1180.mp4,0.3130150694607958
real,MSR-VTT,video1181.mp4,0.2936484577348717
real,MSR-VTT,video1182.mp4,0.19144396044266543
real,MSR-VTT,video1183.mp4,0.18953084530256653
real,MSR-VTT,video1184.mp4,0.4644454909347775
real,MSR-VTT,video1185.mp4,0.33035083588415354
real,MSR-VTT,video1186.mp4,0.1319166470449729
real,MSR-VTT,video1187.mp4,0.04320696962561808
real,MSR-VTT,video1188.mp4,0.27512067341652935
real,MSR-VTT,video1189.mp4,0.5963915705203673
real,MSR-VTT,video119.mp4,0.3908788556628208
real,MSR-VTT,video1190.mp4,0.04744525547445255
real,MSR-VTT,video1191.mp4,0.0490934777489993
real,MSR-VTT,video1192.mp4,0.6746085472097951
real,MSR-VTT,video1193.mp4,0.3069225335530963
real,MSR-VTT,video1194.mp4,0.054509065222510006
real,MSR-VTT,video1195.mp4,0.012317518248175181
real,MSR-VTT,video1196.mp4,0.16070167176830705
real,MSR-VTT,video1197.mp4,0.3795620437956204
real,MSR-VTT,video1198.mp4,0.00841770661643513
real,MSR-VTT,video1199.mp4,0.5720802919708029
real,MSR-VTT,video12.mp4,0.27673946315045916
real,MSR-VTT,video120.mp4,0.07805509771603485
real,MSR-VTT,video1200.mp4,0.09402225100070638
real,MSR-VTT,video1201.mp4,0.10120379091123145
real,MSR-VTT,video1202.mp4,0.8546915469743348
real,MSR-VTT,video1203.mp4,0.5694166470449729
real,MSR-VTT,video1204.mp4,0.37791382152107367
real,MSR-VTT,video1205.mp4,0.2855986578761479
real,MSR-VTT,video1206.mp4,0.27784318342359315
real,MSR-VTT,video1207.mp4,0.5133623734400754
real,MSR-VTT,video1208.mp4,0.018527784318342358
real,MSR-VTT,video1209.mp4,0.04389863433011537
real,MSR-VTT,video121.mp4,0.1926065457970332
real,MSR-VTT,video1210.mp4,0.47398163409465505
real,MSR-VTT,video1211.mp4,0.4366758888627266
real,MSR-VTT,video1212.mp4,0.1944902283965152
real,MSR-VTT,video1213.mp4,0.014937014363079822
real,MSR-VTT,video1214.mp4,0.426521662349894
real,MSR-VTT,video1215.mp4,0.4905080056510478
real,MSR-VTT,video1216.mp4,0.40352013185778196
real,MSR-VTT,video1217.mp4,0.11858370614551449
real,MSR-VTT,video1218.mp4,0.32600953614315986
real,MSR-VTT,video1219.mp4,0.07446432776077232
real,MSR-VTT,video122.mp4,0.01426006592889098
real,MSR-VTT,video1220.mp4,0.11340357899693902
real,MSR-VTT,video1221.mp4,0.02965328467153285
real,MSR-VTT,video1222.mp4,0.03661408052743113
real,MSR-VTT,video1223.mp4,0.6382004944666824
real,MSR-VTT,video1224.mp4,0.06254414881092535
real,MSR-VTT,video1225.mp4,0.021515187190958324
real,MSR-VTT,video1226.mp4,0.1376265599246527
real,MSR-VTT,video1227.mp4,0.8221980221332705
real,MSR-VTT,video1228.mp4,0.15647810218978103
real,MSR-VTT,video1229.mp4,0.45248116317400516
real,MSR-VTT,video123.mp4,0.5395131857781963
real,MSR-VTT,video1230.mp4,0.0018248175182481753
real,MSR-VTT,video1231.mp4,0.03702613609606781
real,MSR-VTT,video1232.mp4,0.5552595950082411
real,MSR-VTT,video1233.mp4,0.04788674358370615
real,MSR-VTT,video1234.mp4,0.2918236402166235
real,MSR-VTT,video1235.mp4,0.048504826936661166
real,MSR-VTT,video1236.mp4,0.10450023546032494
real,MSR-VTT,video1237.mp4,0.0057099128796797745
real,MSR-VTT,video1238.mp4,0.7143866258535436
real,MSR-VTT,video1239.mp4,0.03409759830468566
real,MSR-VTT,video124.mp4,0.4757917353425948
real,MSR-VTT,video1240.mp4,0.4611343301153755
real,MSR-VTT,video1241.mp4,0.06794502001412762
real,MSR-VTT,video1242.mp4,0.1142865552154462
real,MSR-VTT,video1243.mp4,0.5102278078643749
real,MSR-VTT,video1244.mp4,0.2475570991287968
real,MSR-VTT,video1245.mp4,0.13303508358841534
real,MSR-VTT,video1246.mp4,0.22711619967035554
real,MSR-VTT,video1247.mp4,0.5748175182481752
real,MSR-VTT,video1248.mp4,0.39507299270072993
real,MSR-VTT,video1249.mp4,0.43480692253355313
real,MSR-VTT,video125.mp4,0.06575229573816813
real,MSR-VTT,video1250.mp4,0.30060925359076995
real,MSR-VTT,video1251.mp4,0.667456439839887
real,MSR-VTT,video1252.mp4,0.12052625382623028
real,MSR-VTT,video1253.mp4,0.3114551448080998
real,MSR-VTT,video1254.mp4,0.0486225570991288
real,MSR-VTT,video1255.mp4,0.3381063103367083
real,MSR-VTT,video1256.mp4,0.22842594772780786
real,MSR-VTT,video1257.mp4,0.13719978808570754
real,MSR-VTT,video1258.mp4,0.13774429008712033
real,MSR-VTT,video1259.mp4,0.5930804097009654
real,MSR-VTT,video126.mp4,0.1761979044031081
real,MSR-VTT,video1260.mp4,0.37725158935719333
real,MSR-VTT,video1261.mp4,0.028137508829762188
real,MSR-VTT,video1262.mp4,0.06276489286555216
real,MSR-VTT,video1263.mp4,0.01080174240640452
real,MSR-VTT,video1264.mp4,0.3742494702142689
real,MSR-VTT,video1265.mp4,0.2027313397692489
real,MSR-VTT,video1266.mp4,0.47986814221803625
real,MSR-VTT,video1267.mp4,0.05590711090181305
real,MSR-VTT,video1268.mp4,0.3377531198493054
real,MSR-VTT,video1269.mp4,0.1729897574758653
real,MSR-VTT,video127.mp4,0.2848922769013421
real,MSR-VTT,video1270.mp4,0.22406993171650577
real,MSR-VTT,video1271.mp4,0.18610195432069696
real,MSR-VTT,video1272.mp4,0.6683688485990111
real,MSR-VTT,video1273.mp4,0.12923828584883448
real,MSR-VTT,video1274.mp4,0.2879826936661173
real,MSR-VTT,video1275.mp4,0.018895691076053683
real,MSR-VTT,video1276.mp4,0.08251412761949611
real,MSR-VTT,video1277.mp4,0.20674888156345655
real,MSR-VTT,video1278.mp4,0.6828938073934542
real,MSR-VTT,video1279.mp4,0.06431010124793973
real,MSR-VTT,video128.mp4,0.2975629856369202
real,MSR-VTT,video1280.mp4,0.21516658817989168
real,MSR-VTT,video1281.mp4,0.18151047798445963
real,MSR-VTT,video1282.mp4,0.34241817753708503
real,MSR-VTT,video1283.mp4,0.029741582293383563
real,MSR-VTT,video1284.mp4,0.029300094184129974
real,MSR-VTT,video1285.mp4,0.027754885801742405
real,MSR-VTT,video1286.mp4,0.2751942547680716
real,MSR-VTT,video1287.mp4,0.455821756534024
real,MSR-VTT,video1288.mp4,0.3006386861313869
real,MSR-VTT,video1289.mp4,0.0821756534024017
real,MSR-VTT,video129.mp4,0.05743760301389216
real,MSR-VTT,video1290.mp4,0.041676477513538965
real,MSR-VTT,video1291.mp4,0.35399988226983753
real,MSR-VTT,video1292.mp4,0.835854720979515
real,MSR-VTT,video1293.mp4,0.07022604191193783
real,MSR-VTT,video1294.mp4,0.5999823404756299
real,MSR-VTT,video1295.mp4,0.24476100777019072
real,MSR-VTT,video1296.mp4,0.1281639981163174
real,MSR-VTT,video1297.mp4,0.4429155874735107
real,MSR-VTT,video1298.mp4,0.4201053684954085
real,MSR-VTT,video1299.mp4,0.9492435837061455
real,MSR-VTT,video13.mp4,0.2240846479868142
real,MSR-VTT,video130.mp4,0.037276312691311514
real,MSR-VTT,video1300.mp4,0.1361549328938074
real,MSR-VTT,video1301.mp4,0.048284082882034375
real,MSR-VTT,video1302.mp4,0.02097068518954556
real,MSR-VTT,video1303.mp4,0.13674358370614553
real,MSR-VTT,video1304.mp4,0.0286967271014834
real,MSR-VTT,video1305.mp4,0.0756269131151401
real,MSR-VTT,video1306.mp4,0.039483753237579466
real,MSR-VTT,video1307.mp4,0.3323669649164116
real,MSR-VTT,video1308.mp4,0.05299328938073934
real,MSR-VTT,video1309.mp4,0.03286143159877561
real,MSR-VTT,video131.mp4,0.004988815634565576
real,MSR-VTT,video1310.mp4,0.023369437249823405
real,MSR-VTT,video1311.mp4,0.5206322109724512
real,MSR-VTT,video1312.mp4,0.3264215917117966
real,MSR-VTT,video1313.mp4,0.24096421003060986
real,MSR-VTT,video1314.mp4,0.05686366847186249
real,MSR-VTT,video1315.mp4,0.2346803626089004
real,MSR-VTT,video1316.mp4,0.057128561337414646
real,MSR-VTT,video1317.mp4,0.21251765952437013
real,MSR-VTT,video1318.mp4,0.15743465975983048
real,MSR-VTT,video1319.mp4,0.11450729927007298
real,MSR-VTT,video132.mp4,0.24688015069460795
real,MSR-VTT,video1320.mp4,0.1658523663762656
real,MSR-VTT,video1321.mp4,0.09965858252884388
real,MSR-VTT,video1322.mp4,0.2310748763833294
real,MSR-VTT,video1323.mp4,0.23053037438191665
real,MSR-VTT,video1324.mp4,0.23216388038615493
real,MSR-VTT,video1325.mp4,0.2953261125500353
real,MSR-VTT,video1326.mp4,0.6075612196844831
real,MSR-VTT,video1327.mp4,0.10931245585118908
real,MSR-VTT,video1328.mp4,0.021382740758182247
real,MSR-VTT,video1329.mp4,0.32291911937838474
real,MSR-VTT,video133.mp4,0.29222097951495174
real,MSR-VTT,video1330.mp4,0.1943577819637391
real,MSR-VTT,video1331.mp4,0.0515658111608194
real,MSR-VTT,video1332.mp4,0.5602042618318813
real,MSR-VTT,video1333.mp4,0.0846185542736049
real,MSR-VTT,video1334.mp4,0.34231516364492587
real,MSR-VTT,video1335.mp4,0.22374617376971978
real,MSR-VTT,video1336.mp4,0.08923946315045915
real,MSR-VTT,video1337.mp4,0.14813397692488817
real,MSR-VTT,video1338.mp4,0.33879797504120557
real,MSR-VTT,video1339.mp4,0.12335177772545326
real,MSR-VTT,video134.mp4,0.5750971273840357
real,MSR-VTT,video1340.mp4,0.4165440310807629
real,MSR-VTT,video1341.mp4,0.25048563692017894
real,MSR-VTT,video1342.mp4,0.1622468801506946
real,MSR-VTT,video1343.mp4,0.24710089474923475
real,MSR-VTT,video1344.mp4,0.13628737932658347
real,MSR-VTT,video1345.mp4,0.05539204144101719
real,MSR-VTT,video1346.mp4,0.02776960207205086
real,MSR-VTT,video1347.mp4,0.4508476571697669
real,MSR-VTT,video1348.mp4,0.12822286319755122
real,MSR-VTT,video1349.mp4,0.38156345655757007
real,MSR-VTT,video135.mp4,0.7992553567223923
real,MSR-VTT,video1350.mp4,0.2960913586060749
real,MSR-VTT,video1351.mp4,0.0929773958088062
real,MSR-VTT,video1352.mp4,0.06244113491876619
real,MSR-VTT,video1353.mp4,0.07758417706616436
real,MSR-VTT,video1354.mp4,0.1760948905109489
real,MSR-VTT,video1355.mp4,0.15362314574994113
real,MSR-VTT,video1356.mp4,0.08732634801036025
real,MSR-VTT,video1357.mp4,0.11388921591711797
real,MSR-VTT,video1358.mp4,0.025959500824111137
real,MSR-VTT,video1359.mp4,0.07621556392747822
real,MSR-VTT,video136.mp4,0.7681598775606311
real,MSR-VTT,video1360.mp4,0.15580115375559217
real,MSR-VTT,video1361.mp4,0.06363315281375088
real,MSR-VTT,video1362.mp4,0.09957028490699316
real,MSR-VTT,video1363.mp4,0.14969390157758417
real,MSR-VTT,video1364.mp4,0.09397810218978102
real,MSR-VTT,video1365.mp4,0.3552801977866729
real,MSR-VTT,video1366.mp4,0.52520897103838
real,MSR-VTT,video1367.mp4,0.48591652931481044
real,MSR-VTT,video1368.mp4,0.13416823640216624
real,MSR-VTT,video1369.mp4,0.05213974570284907
real,MSR-VTT,video137.mp4,0.20761714151165528
real,MSR-VTT,video1370.mp4,0.08832705439133506
real,MSR-VTT,video1371.mp4,0.04938780315516836
real,MSR-VTT,video1372.mp4,0.14956145514480812
real,MSR-VTT,video1373.mp4,0.3145602778431834
real,MSR-VTT,video1374.mp4,0.37681010124793973
real,MSR-VTT,video1375.mp4,0.012273369437249822
real,MSR-VTT,video1376.mp4,0.15652225100070638
real,MSR-VTT,video1377.mp4,0.11434542029668002
real,MSR-VTT,video1378.mp4,0.1055450906522251
real,MSR-VTT,video1379.mp4,0.270985401459854
real,MSR-VTT,video138.mp4,0.12286614080527432
real,MSR-VTT,video1380.mp4,0.19212090887685426
real,MSR-VTT,video1381.mp4,0.4015040028255239
real,MSR-VTT,video1382.mp4,0.11097539439604426
real,MSR-VTT,video1383.mp4,0.1426300918295267
real,MSR-VTT,video1384.mp4,0.13727336943724983
real,MSR-VTT,video1385.mp4,0.0197050859430186
real,MSR-VTT,video1386.mp4,0.3267747821991994
real,MSR-VTT,video1387.mp4,0.7721479868142218
real,MSR-VTT,video1388.mp4,0.07837885566282082
real,MSR-VTT,video1389.mp4,0.6251765952437014
real,MSR-VTT,video139.mp4,0.4733341182010831
real,MSR-VTT,video1390.mp4,0.04189722156816576
real,MSR-VTT,video1391.mp4,0.3111461031316223
real,MSR-VTT,video1392.mp4,0.2617877325170709
real,MSR-VTT,video1393.mp4,0.11656757711325642
real,MSR-VTT,video1394.mp4,0.3512185071815399
real,MSR-VTT,video1395.mp4,0.37900282552389924
real,MSR-VTT,video1396.mp4,0.16951671768307042
real,MSR-VTT,video1397.mp4,0.437985636920179
real,MSR-VTT,video1398.mp4,0.38200494466682366
real,MSR-VTT,video1399.mp4,0.3337061455144808
real,MSR-VTT,video14.mp4,0.40971568165764066
real,MSR-VTT,video140.mp4,0.11028372969154698
real,MSR-VTT,video1400.mp4,0.2756798916882505
real,MSR-VTT,video1401.mp4,0.3543972215681658
real,MSR-VTT,video1402.mp4,0.04141158464798682
real,MSR-VTT,video1403.mp4,0.05400871203202261
real,MSR-VTT,video1404.mp4,0.8057452319284201
real,MSR-VTT,video1405.mp4,0.08895985401459855
real,MSR-VTT,video1406.mp4,0.24662997409936427
real,MSR-VTT,video1407.mp4,0.4865493289380739
real,MSR-VTT,video1408.mp4,0.14913468330586296
real,MSR-VTT,video1409.mp4,0.2943401224393689
real,MSR-VTT,video141.mp4,0.3755886508123381
real,MSR-VTT,video1410.mp4,0.5988933364728044
real,MSR-VTT,video1411.mp4,0.44282728985166
real,MSR-VTT,video1412.mp4,0.07212444078172828
real,MSR-VTT,video1413.mp4,0.18257004944666824
real,MSR-VTT,video1414.mp4,0.38359430186013654
real,MSR-VTT,video1415.mp4,0.04800447374617377
real,MSR-VTT,video1416.mp4,0.03131622321638804
real,MSR-VTT,video1417.mp4,0.4881386861313869
real,MSR-VTT,video1418.mp4,0.1520337885566282
real,MSR-VTT,video1419.mp4,0.18748528372969156
real,MSR-VTT,video142.mp4,0.016599952907935013
real,MSR-VTT,video1420.mp4,0.2635389686837768
real,MSR-VTT,video1421.mp4,0.1546385684012244
real,MSR-VTT,video1422.mp4,0.016438073934542028
real,MSR-VTT,video1423.mp4,0.015687544148810927
real,MSR-VTT,video1424.mp4,0.3692753708500118
real,MSR-VTT,video1425.mp4,0.020602778431834237
real,MSR-VTT,video1426.mp4,0.14942900871203202
real,MSR-VTT,video1427.mp4,0.5685042382858488
real,MSR-VTT,video1428.mp4,0.49848422415822935
real,MSR-VTT,video1429.mp4,0.08866552860842948
real,MSR-VTT,video143.mp4,0.3092477042618319
real,MSR-VTT,video1430.mp4,0.22328996939015777
real,MSR-VTT,video1431.mp4,0.18048033906286792
real,MSR-VTT,video1432.mp4,0.3294384271250294
real,MSR-VTT,video1433.mp4,0.20774958794443138
real,MSR-VTT,video1434.mp4,0.7780492112079115
real,MSR-VTT,video1435.mp4,0.23263480103602543
real,MSR-VTT,video1436.mp4,0.13756769484341888
real,MSR-VTT,video1437.mp4,0.48228161054862256
real,MSR-VTT,video1438.mp4,0.40871497527666584
real,MSR-VTT,video1439.mp4,0.7942076760065928
real,MSR-VTT,video144.mp4,0.7035995997174476
real,MSR-VTT,video1440.mp4,0.4327024958794443
real,MSR-VTT,video1441.mp4,0.20125971273840357
real,MSR-VTT,video1442.mp4,0.03871850718153991
real,MSR-VTT,video1443.mp4,0.1557717212149753
real,MSR-VTT,video1444.mp4,0.5461943724982341
real,MSR-VTT,video1445.mp4,0.05258123381210266
real,MSR-VTT,video1446.mp4,0.21487226277372262
real,MSR-VTT,video1447.mp4,0.06319166470449729
real,MSR-VTT,video1448.mp4,0.24003708500117732
real,MSR-VTT,video1449.mp4,0.6586266776548151
real,MSR-VTT,video145.mp4,0.21482811396279727
real,MSR-VTT,video1450.mp4,0.2142541794207676
real,MSR-VTT,video1451.mp4,0.31644396044266543
real,MSR-VTT,video1452.mp4,0.2800359076995526
real,MSR-VTT,video1453.mp4,0.44359253590769954
real,MSR-VTT,video1454.mp4,0.17878796797739582
real,MSR-VTT,video1455.mp4,0.042162114433717916
real,MSR-VTT,video1456.mp4,0.3873910995997174
real,MSR-VTT,video1457.mp4,0.1983311749470214
real,MSR-VTT,video1458.mp4,0.13519837532375795
real,MSR-VTT,video1459.mp4,0.0907258064516129
real,MSR-VTT,video146.mp4,0.28795326112550035
real,MSR-VTT,video1460.mp4,0.3112196844831646
real,MSR-VTT,video1461.mp4,0.06211737697198022
real,MSR-VTT,video1462.mp4,0.16845714622086178
real,MSR-VTT,video1463.mp4,0.014171768307040264
real,MSR-VTT,video1464.mp4,0.03209618554273605
real,MSR-VTT,video1465.mp4,0.4341594066399812
real,MSR-VTT,video1466.mp4,0.008667883211678832
real,MSR-VTT,video1467.mp4,0.07531787143866259
real,MSR-VTT,video1468.mp4,0.4977778431834236
real,MSR-VTT,video1469.mp4,0.34544972922062633
real,MSR-VTT,video147.mp4,0.5484901106663527
real,MSR-VTT,video1470.mp4,0.0751265599246527
real,MSR-VTT,video1471.mp4,0.6254414881092536
real,MSR-VTT,video1472.mp4,0.014098186955497997
real,MSR-VTT,video1473.mp4,0.15563927478219922
real,MSR-VTT,video1474.mp4,0.24960266070167175
real,MSR-VTT,video1475.mp4,0.05873263480103602
real,MSR-VTT,video1476.mp4,0.13012126206734165
real,MSR-VTT,video1477.mp4,0.010713444784553803
real,MSR-VTT,video1478.mp4,0.029756298563692017
real,MSR-VTT,video1479.mp4,0.7219802213327053
real,MSR-VTT,video148.mp4,0.1145661643513068
real,MSR-VTT,video1480.mp4,0.8619025194254768
real,MSR-VTT,video1481.mp4,0.0958029197080292
real,MSR-VTT,video1482.mp4,0.021191429244172357
real,MSR-VTT,video1483.mp4,0.7862756063103367
real,MSR-VTT,video1484.mp4,0.09725983046856604
real,MSR-VTT,video1485.mp4,0.43958971038380035
real,MSR-VTT,video1486.mp4,0.18527784318342358
real,MSR-VTT,video1487.mp4,0.3358694372498234
real,MSR-VTT,video1488.mp4,0.15138627266305626
real,MSR-VTT,video1489.mp4,0.5155698139863433
real,MSR-VTT,video149.mp4,0.2509565575700494
real,MSR-VTT,video1490.mp4,0.3765452083823876
real,MSR-VTT,video1491.mp4,0.1449258299976454
real,MSR-VTT,video1492.mp4,0.013583117494702143
real,MSR-VTT,video1493.mp4,0.149914645632211
real,MSR-VTT,video1494.mp4,0.10533906286790676
real,MSR-VTT,video1495.mp4,0.03918942783141041
real,MSR-VTT,video1496.mp4,0.21335648693195197
real,MSR-VTT,video1497.mp4,0.008859194725688722
real,MSR-VTT,video1498.mp4,0.2089563221097245
real,MSR-VTT,video1499.mp4,0.07705439133506004
real,MSR-VTT,video15.mp4,0.03921886037202731
real,MSR-VTT,video150.mp4,0.12448493053920415
real,MSR-VTT,video1500.mp4,0.4632976218507181
real,MSR-VTT,video1501.mp4,0.03923357664233577
real,MSR-VTT,video1502.mp4,0.14570579232399342
real,MSR-VTT,video1503.mp4,0.29308923946315046
real,MSR-VTT,video1504.mp4,0.048534259477278074
real,MSR-VTT,video1505.mp4,0.1428508358841535
real,MSR-VTT,video1506.mp4,0.5059306569343065
real,MSR-VTT,video1507.mp4,0.25734341888391804
real,MSR-VTT,video1508.mp4,0.12268954556157288
real,MSR-VTT,video1509.mp4,0.27985931245585116
real,MSR-VTT,video151.mp4,0.12266011302095597
real,MSR-VTT,video1510.mp4,0.06506063103367082
real,MSR-VTT,video1511.mp4,0.6118142218036261
real,MSR-VTT,video1512.mp4,0.7862903225806451
real,MSR-VTT,video1513.mp4,0.07175653402401695
real,MSR-VTT,video1514.mp4,0.5404255945373204
real,MSR-VTT,video1515.mp4,0.11447786672945608
real,MSR-VTT,video1516.mp4,0.39638274075818225
real,MSR-VTT,video1517.mp4,0.09592064987049681
real,MSR-VTT,video1518.mp4,0.2729868142218036
real,MSR-VTT,video1519.mp4,0.16669119378384742
real,MSR-VTT,video152.mp4,0.13789145279020484
real,MSR-VTT,video1520.mp4,0.6532699552625383
real,MSR-VTT,video1521.mp4,0.13045973628443608
real,MSR-VTT,video1522.mp4,0.26983753237579466
real,MSR-VTT,video1523.mp4,0.03673181068989875
real,MSR-VTT,video1524.mp4,0.06840122439368966
real,MSR-VTT,video1525.mp4,0.0074464327760772305
real,MSR-VTT,video1526.mp4,0.29604720979514954
real,MSR-VTT,video1527.mp4,0.3049505533317636
real,MSR-VTT,video1528.mp4,0.2297209795149517
real,MSR-VTT,video1529.mp4,0.5512567694843419
real,MSR-VTT,video153.mp4,0.3792530021191429
real,MSR-VTT,video1530.mp4,0.07533258770897104
real,MSR-VTT,video1531.mp4,0.08043913350600423
real,MSR-VTT,video1532.mp4,0.019572639510242525
real,MSR-VTT,video1533.mp4,0.04250058865081234
real,MSR-VTT,video1534.mp4,0.12685425005886508
real,MSR-VTT,video1535.mp4,0.026636449258299975
real,MSR-VTT,video1536.mp4,0.2083676712973864
real,MSR-VTT,video1537.mp4,0.4955556863668472
real,MSR-VTT,video1538.mp4,0.37040852366376265
real,MSR-VTT,video1539.mp4,0.32992406404520835
real,MSR-VTT,video154.mp4,0.022118554273604898
real,MSR-VTT,video1540.mp4,0.2826701200847657
real,MSR-VTT,video1541.mp4,0.2744731575229574
real,MSR-VTT,video1542.mp4,0.5616023075111843
real,MSR-VTT,video1543.mp4,0.2140923004473746
real,MSR-VTT,video1544.mp4,0.4405462679538498
real,MSR-VTT,video1545.mp4,0.3475541558747351
real,MSR-VTT,video1546.mp4,0.2644366611725924
real,MSR-VTT,video1547.mp4,0.1302978573110431
real,MSR-VTT,video1548.mp4,0.20183364728043324
real,MSR-VTT,video1549.mp4,0.4214445490934777
real,MSR-VTT,video155.mp4,0.6473540145985401
real,MSR-VTT,video1550.mp4,0.03910113020955969
real,MSR-VTT,video1551.mp4,0.2825523899222981
real,MSR-VTT,video1552.mp4,0.6168030374381916
real,MSR-VTT,video1553.mp4,0.11207911466917825
real,MSR-VTT,video1554.mp4,0.13322639510242523
real,MSR-VTT,video1555.mp4,0.36509595008241114
real,MSR-VTT,video1556.mp4,0.6825847657169768
real,MSR-VTT,video1557.mp4,0.07745173063338828
real,MSR-VTT,video1558.mp4,0.5516099599717448
real,MSR-VTT,video1559.mp4,0.4100541558747351
real,MSR-VTT,video156.mp4,0.022898516599952908
real,MSR-VTT,video1560.mp4,0.10121850718153991
real,MSR-VTT,video1561.mp4,0.3462444078172828
real,MSR-VTT,video1562.mp4,0.4867700729927007
real,MSR-VTT,video1563.mp4,0.15184247704261833
real,MSR-VTT,video1564.mp4,0.4285377913821521
real,MSR-VTT,video1565.mp4,0.06629679773958087
real,MSR-VTT,video1566.mp4,0.09103484812809043
real,MSR-VTT,video1567.mp4,0.03420061219684483
real,MSR-VTT,video1568.mp4,0.04179420767600659
real,MSR-VTT,video1569.mp4,0.0505945373204615
real,MSR-VTT,video157.mp4,0.6825406169060513
real,MSR-VTT,video1570.mp4,0.18196668236402166
real,MSR-VTT,video1571.mp4,0.056275017659524376
real,MSR-VTT,video1572.mp4,0.5099334824582058
real,MSR-VTT,video1573.mp4,0.3568106898987521
real,MSR-VTT,video1574.mp4,0.3662438191664704
real,MSR-VTT,video1575.mp4,0.3061720037673652
real,MSR-VTT,video1576.mp4,0.12129149988226984
real,MSR-VTT,video1577.mp4,0.3271574052272192
real,MSR-VTT,video1578.mp4,0.2494702142688957
real,MSR-VTT,video1579.mp4,0.07025547445255474
real,MSR-VTT,video158.mp4,0.2452319284200612
real,MSR-VTT,video1580.mp4,0.4770426183188132
real,MSR-VTT,video1581.mp4,0.530241935483871
real,MSR-VTT,video1582.mp4,0.5053567223922769
real,MSR-VTT,video1583.mp4,0.42908229338356485
real,MSR-VTT,video1584.mp4,0.05742288674358371
real,MSR-VTT,video1585.mp4,0.3945137744290087
real,MSR-VTT,video1586.mp4,0.37859076995526253
real,MSR-VTT,video1587.mp4,0.2790646338591947
real,MSR-VTT,video1588.mp4,0.40962738403578997
real,MSR-VTT,video1589.mp4,0.5481369201789499
real,MSR-VTT,video159.mp4,0.1405403814457264
real,MSR-VTT,video1590.mp4,0.009668589592653638
real,MSR-VTT,video1591.mp4,0.4059336001883682
real,MSR-VTT,video1592.mp4,0.1880297857311043
real,MSR-VTT,video1593.mp4,0.6123440075347304
real,MSR-VTT,video1594.mp4,0.05787909112314575
real,MSR-VTT,video1595.mp4,0.09558217565340241
real,MSR-VTT,video1596.mp4,0.34274193548387094
real,MSR-VTT,video1597.mp4,0.07266894278314104
real,MSR-VTT,video1598.mp4,0.16847186249117024
real,MSR-VTT,video1599.mp4,0.06912232163880387
real,MSR-VTT,video16.mp4,0.036319755121262065
real,MSR-VTT,video160.mp4,0.06411878973392983
real,MSR-VTT,video1600.mp4,0.21365081233812103
real,MSR-VTT,video1601.mp4,0.44017836119613846
real,MSR-VTT,video1602.mp4,0.07728985165999529
real,MSR-VTT,video1603.mp4,0.08735578055097716
real,MSR-VTT,video1604.mp4,0.1326524605603956
real,MSR-VTT,video1605.mp4,0.3144278314104073
real,MSR-VTT,video1606.mp4,0.06906345655757005
real,MSR-VTT,video1607.mp4,0.30244878737932657
real,MSR-VTT,video1608.mp4,0.5721244407817283
real,MSR-VTT,video1609.mp4,0.10391158464798682
real,MSR-VTT,video161.mp4,0.5147751353896868
real,MSR-VTT,video1610.mp4,0.24507004944666824
real,MSR-VTT,video1611.mp4,0.11796562279255945
real,MSR-VTT,video1612.mp4,0.0073581351542265135
real,MSR-VTT,video1613.mp4,0.1542559453732046
real,MSR-VTT,video1614.mp4,0.2075582764304215
real,MSR-VTT,video1615.mp4,0.4057570049446668
real,MSR-VTT,video1616.mp4,0.4450788792088533
real,MSR-VTT,video1617.mp4,0.7322227454673887
real,MSR-VTT,video1618.mp4,0.29310395573345893
real,MSR-VTT,video1619.mp4,0.20055333176359785
real,MSR-VTT,video162.mp4,0.1826730633388274
real,MSR-VTT,video1620.mp4,0.1877796091358606
real,MSR-VTT,video1621.mp4,0.25459147633623735
real,MSR-VTT,video1622.mp4,0.18788262302801978
real,MSR-VTT,video1623.mp4,0.24412820814692726
real,MSR-VTT,video1624.mp4,0.26115493289380737
real,MSR-VTT,video1625.mp4,0.2566076053684954
real,MSR-VTT,video1626.mp4,0.37165940663998115
real,MSR-VTT,video1627.mp4,0.5741405698139863
real,MSR-VTT,video1628.mp4,0.2613462444078173
real,MSR-VTT,video1629.mp4,0.23403284671532845
real,MSR-VTT,video163.mp4,0.24710089474923475
real,MSR-VTT,video1630.mp4,0.4905815870025901
real,MSR-VTT,video1631.mp4,0.15173946315045916
real,MSR-VTT,video1632.mp4,0.08610489757475866
real,MSR-VTT,video1633.mp4,0.3228749705674594
real,MSR-VTT,video1634.mp4,0.2383741464563221
real,MSR-VTT,video1635.mp4,0.4353808570755828
real,MSR-VTT,video1636.mp4,0.019190016482222745
real,MSR-VTT,video1637.mp4,0.25353190487402877
real,MSR-VTT,video1638.mp4,0.1327701907228632
real,MSR-VTT,video1639.mp4,0.0481516364492583
real,MSR-VTT,video164.mp4,0.3592683070402637
real,MSR-VTT,video1640.mp4,0.2656875441488109
real,MSR-VTT,video1641.mp4,0.027740169531433954
real,MSR-VTT,video1642.mp4,0.4369702142688957
real,MSR-VTT,video1643.mp4,0.1021603484812809
real,MSR-VTT,video1644.mp4,0.6130651047798445
real,MSR-VTT,video1645.mp4,0.43457146220861786
real,MSR-VTT,video1646.mp4,0.33551624676242053
real,MSR-VTT,video1647.mp4,0.2222156816576407
real,MSR-VTT,video1649.mp4,0.20070049446668237
real,MSR-VTT,video165.mp4,0.028520131857781964
real,MSR-VTT,video1650.mp4,0.018601365669884625
real,MSR-VTT,video1651.mp4,0.19794855191900165
real,MSR-VTT,video1652.mp4,0.15537438191664704
real,MSR-VTT,video1653.mp4,0.5130533317635979
real,MSR-VTT,video1654.mp4,0.19453437720744055
real,MSR-VTT,video1655.mp4,0.06195549799858724
real,MSR-VTT,video1656.mp4,0.1378473039792795
real,MSR-VTT,video1657.mp4,0.41561690605133034
real,MSR-VTT,video1658.mp4,0.1465593360018837
real,MSR-VTT,video1659.mp4,0.7185513303508358
real,MSR-VTT,video166.mp4,0.6064427831410407
real,MSR-VTT,video1660.mp4,0.1451760065928891
real,MSR-VTT,video1661.mp4,0.045120084765716974
real,MSR-VTT,video1662.mp4,0.3206086649399576
real,MSR-VTT,video1663.mp4,0.3211237344007535
real,MSR-VTT,video1664.mp4,0.030668707322816107
real,MSR-VTT,video1665.mp4,0.20471803626089005
real,MSR-VTT,video1666.mp4,0.06738580174240641
real,MSR-VTT,video1667.mp4,0.6512096774193549
real,MSR-VTT,video1668.mp4,0.35205733458912175
real,MSR-VTT,video1669.mp4,0.3776489286555216
real,MSR-VTT,video167.mp4,0.050035319048740284
real,MSR-VTT,video1670.mp4,0.5083735578055097
real,MSR-VTT,video1671.mp4,0.21204673887449965
real,MSR-VTT,video1672.mp4,0.48067753708500116
real,MSR-VTT,video1673.mp4,0.27763715563927477
real,MSR-VTT,video1674.mp4,0.55184542029668
real,MSR-VTT,video1675.mp4,0.042132681893101015
real,MSR-VTT,video1676.mp4,0.09567047327525313
real,MSR-VTT,video1677.mp4,0.2881004238285849
real,MSR-VTT,video1678.mp4,0.19967035554509066
real,MSR-VTT,video1679.mp4,0.4300388509536143
real,MSR-VTT,video168.mp4,0.3799152342830233
real,MSR-VTT,video1680.mp4,0.152416411584648
real,MSR-VTT,video1681.mp4,0.2557982105015305
real,MSR-VTT,video1682.mp4,0.1905757004944667
real,MSR-VTT,video1683.mp4,0.8639039321874264
real,MSR-VTT,video1684.mp4,0.31731222039086415
real,MSR-VTT,video1685.mp4,0.5861784789263009
real,MSR-VTT,video1686.mp4,0.6001736519896398
real,MSR-VTT,video1687.mp4,0.26439251236166705
real,MSR-VTT,video1688.mp4,0.013818577819637391
real,MSR-VTT,video1689.mp4,0.03144866964916412
real,MSR-VTT,video169.mp4,0.39845773487167413
real,MSR-VTT,video1690.mp4,0.34914351306804803
real,MSR-VTT,video1691.mp4,0.0583352955027078
real,MSR-VTT,video1692.mp4,0.004768071579938781
real,MSR-VTT,video1693.mp4,0.150694607958559
real,MSR-VTT,video1694.mp4,0.01318577819637391
real,MSR-VTT,video1695.mp4,0.10294031080762892
real,MSR-VTT,video1696.mp4,0.48250235460324936
real,MSR-VTT,video1697.mp4,0.22869084059336
real,MSR-VTT,video1698.mp4,0.9247998587238051
real,MSR-VTT,video1699.mp4,0.02183894513774429
real,MSR-VTT,video17.mp4,0.02188309394866965
real,MSR-VTT,video170.mp4,0.2117818460089475
real,MSR-VTT,video1700.mp4,0.08654638568401224
real,MSR-VTT,video1701.mp4,0.10217506475158936
real,MSR-VTT,video1702.mp4,0.04734224158229339
real,MSR-VTT,video1703.mp4,0.12782552389922297
real,MSR-VTT,video1704.mp4,0.011640569813986344
real,MSR-VTT,video1705.mp4,0.1471479868142218
real,MSR-VTT,video1706.mp4,0.10497115611019542
real,MSR-VTT,video1707.mp4,0.43299682128561334
real,MSR-VTT,video1708.mp4,0.4821491641158465
real,MSR-VTT,video1709.mp4,0.06039557334589121
real,MSR-VTT,video171.mp4,0.132829055804097
real,MSR-VTT,video1710.mp4,0.43981045443842715
real,MSR-VTT,video1711.mp4,0.044428420061219685
real,MSR-VTT,video1712.mp4,0.008241111372733693
real,MSR-VTT,video1713.mp4,0.016953143395337884
real,MSR-VTT,video1714.mp4,0.22174476100777019
real,MSR-VTT,video1715.mp4,0.28080115375559217
real,MSR-VTT,video1716.mp4,0.22334883447139156
real,MSR-VTT,video1717.mp4,0.1458382387567695
real,MSR-VTT,video1718.mp4,0.07527372262773722
real,MSR-VTT,video1719.mp4,0.6961678832116789
real,MSR-VTT,video172.mp4,0.4004002825523899
real,MSR-VTT,video1720.mp4,0.04644454909347775
real,MSR-VTT,video1721.mp4,0.35907699552625383
real,MSR-VTT,video1722.mp4,0.40881798916882506
real,MSR-VTT,video1723.mp4,0.07708382387567694
real,MSR-VTT,video1724.mp4,0.05946844831645868
real,MSR-VTT,video1725.mp4,0.21126677654815162
real,MSR-VTT,video1726.mp4,0.040940663998116314
real,MSR-VTT,video1727.mp4,0.02008770897103838
real,MSR-VTT,video1728.mp4,0.023649046385684012
real,MSR-VTT,video1729.mp4,0.07263951024252413
real,MSR-VTT,video173.mp4,0.07839357193312926
real,MSR-VTT,video1730.mp4,0.04559100541558748
real,MSR-VTT,video1731.mp4,0.19098775606310336
real,MSR-VTT,video1732.mp4,0.26755651047798445
real,MSR-VTT,video1733.mp4,0.23694666823640217
real,MSR-VTT,video1734.mp4,0.12953261125500354
real,MSR-VTT,video1735.mp4,0.27401695314339536
real,MSR-VTT,video1736.mp4,0.22078820343772076
real,MSR-VTT,video1737.mp4,0.015143042147398164
real,MSR-VTT,video1738.mp4,0.40978926300918295
real,MSR-VTT,video1739.mp4,0.36680303743819165
real,MSR-VTT,video174.mp4,0.01674711561101954
real,MSR-VTT,video1740.mp4,0.4787497056745938
real,MSR-VTT,video1741.mp4,0.27147103838003295
real,MSR-VTT,video1742.mp4,0.03767365198963975
real,MSR-VTT,video1743.mp4,0.3393866258535437
real,MSR-VTT,video1744.mp4,0.5535083588415353
real,MSR-VTT,video1745.mp4,0.009212385213091593
real,MSR-VTT,video1746.mp4,0.045797033199905815
real,MSR-VTT,video1747.mp4,0.2036143159877561
real,MSR-VTT,video1748.mp4,0.2634948198728514
real,MSR-VTT,video1749.mp4,0.1788174005180127
real,MSR-VTT,video175.mp4,0.4541293854485519
real,MSR-VTT,video1750.mp4,0.05779079350129503
real,MSR-VTT,video1751.mp4,0.14310101247939722
real,MSR-VTT,video1752.mp4,0.945785260183659
real,MSR-VTT,video1753.mp4,0.005283141040734636
real,MSR-VTT,video1754.mp4,0.1481192606545797
real,MSR-VTT,video1755.mp4,0.12800211914292442
real,MSR-VTT,video1756.mp4,0.22031728278785023
real,MSR-VTT,video1757.mp4,0.1425123616670591
real,MSR-VTT,video1758.mp4,0.17830233105721685
real,MSR-VTT,video1759.mp4,0.009609724511419827
real,MSR-VTT,video176.mp4,0.13527195667530023
real,MSR-VTT,video1760.mp4,0.09584706851895455
real,MSR-VTT,video1761.mp4,0.30634859901106665
real,MSR-VTT,video1762.mp4,0.03687897339298328
real,MSR-VTT,video1763.mp4,0.03181657640687544
real,MSR-VTT,video1764.mp4,0.6123440075347304
real,MSR-VTT,video1765.mp4,0.004120555686366847
real,MSR-VTT,video1766.mp4,0.4417530021191429
real,MSR-VTT,video1767.mp4,0.11993760301389217
real,MSR-VTT,video1768.mp4,0.5597333411820109
real,MSR-VTT,video1769.mp4,0.8132063809748058
real,MSR-VTT,video177.mp4,0.11410995997174476
real,MSR-VTT,video1770.mp4,0.1255886508123381
real,MSR-VTT,video1771.mp4,0.03876265599246527
real,MSR-VTT,video1772.mp4,0.6498852130915941
real,MSR-VTT,video1773.mp4,0.24058158700259008
real,MSR-VTT,video1774.mp4,0.3597392276901342
real,MSR-VTT,video1775.mp4,0.3180921827172122
real,MSR-VTT,video1776.mp4,0.016747115611019544
real,MSR-VTT,video1777.mp4,0.03496585825288439
real,MSR-VTT,video1778.mp4,0.4535701671768307
real,MSR-VTT,video1779.mp4,0.00928596656463386
real,MSR-VTT,video178.mp4,0.09124087591240876
real,MSR-VTT,video1780.mp4,0.34636213797975046
real,MSR-VTT,video1781.mp4,0.34154991758888625
real,MSR-VTT,video1782.mp4,0.16048092771368025
real,MSR-VTT,video1783.mp4,0.15630150694607958
real,MSR-VTT,video1784.mp4,0.2506475158935719
real,MSR-VTT,video1785.mp4,0.04669472568872145
real,MSR-VTT,video1786.mp4,0.09049034612667765
real,MSR-VTT,video1787.mp4,0.22278961619967036
real,MSR-VTT,video1788.mp4,0.6276783611961385
real,MSR-VTT,video1789.mp4,0.08667883211678831
real,MSR-VTT,video179.mp4,0.17733105721685896
real,MSR-VTT,video1790.mp4,0.8443754414881093
real,MSR-VTT,video1791.mp4,0.1565811160819402
real,MSR-VTT,video1792.mp4,0.288850953614316
real,MSR-VTT,video1793.mp4,0.07943842712502944
real,MSR-VTT,video1794.mp4,0.07630386154932894
real,MSR-VTT,video1795.mp4,0.22536496350364965
real,MSR-VTT,video1796.mp4,0.10216034848128092
real,MSR-VTT,video1797.mp4,0.014583823875676949
real,MSR-VTT,video1798.mp4,0.30443548387096775
real,MSR-VTT,video1799.mp4,0.009212385213091593
real,MSR-VTT,video18.mp4,0.07408170473275254
real,MSR-VTT,video180.mp4,0.018483635507417
real,MSR-VTT,video1800.mp4,0.8791499882269838
real,MSR-VTT,video1801.mp4,0.32709854014598544
real,MSR-VTT,video1802.mp4,0.06547268660230751
real,MSR-VTT,video1803.mp4,0.269425476807158
real,MSR-VTT,video1804.mp4,0.38138686131386856
real,MSR-VTT,video1805.mp4,0.3855074170002355
real,MSR-VTT,video1806.mp4,0.19822816105486227
real,MSR-VTT,video1807.mp4,0.06706204379562043
real,MSR-VTT,video1808.mp4,0.2307069696256181
real,MSR-VTT,video1809.mp4,0.011213797975041205
real,MSR-VTT,video181.mp4,0.028946903696727103
real,MSR-VTT,video1810.mp4,0.14654461973157523
real,MSR-VTT,video1811.mp4,0.027401695314339534
real,MSR-VTT,video1812.mp4,0.042868495408523666
real,MSR-VTT,video1813.mp4,0.038453614315987754
real,MSR-VTT,video1814.mp4,0.3823875676948434
real,MSR-VTT,video1815.mp4,0.7034524370143631
real,MSR-VTT,video1816.mp4,0.11294737461737697
real,MSR-VTT,video1817.mp4,0.009418412997409935
real,MSR-VTT,video1818.mp4,0.09686249117023782
real,MSR-VTT,video1819.mp4,0.08816517541794208
real,MSR-VTT,video182.mp4,0.008491287967977396
real,MSR-VTT,video1820.mp4,0.5850894749234754
real,MSR-VTT,video1821.mp4,0.4706116081940193
real,MSR-VTT,video1822.mp4,0.062190958323522484
real,MSR-VTT,video1823.mp4,0.17388744996468095
real,MSR-VTT,video1824.mp4,0.3068195196609371
real,MSR-VTT,video1825.mp4,0.6051624676242053
real,MSR-VTT,video1826.mp4,0.5571579938780316
real,MSR-VTT,video1827.mp4,0.3899811631740052
real,MSR-VTT,video1828.mp4,0.012288085707558277
real,MSR-VTT,video1829.mp4,0.4219743348245821
real,MSR-VTT,video183.mp4,0.20308453025665174
real,MSR-VTT,video1830.mp4,0.24321579938780316
real,MSR-VTT,video1831.mp4,0.619216505768778
real,MSR-VTT,video1832.mp4,0.1687073228161055
real,MSR-VTT,video1833.mp4,0.3473922769013421
real,MSR-VTT,video1834.mp4,0.042323993407110905
real,MSR-VTT,video1835.mp4,0.14052566517541795
real,MSR-VTT,video1836.mp4,0.5330968919237109
real,MSR-VTT,video1837.mp4,0.3005651047798446
real,MSR-VTT,video1838.mp4,0.23847716034848127
real,MSR-VTT,video1839.mp4,0.18440958323522488
real,MSR-VTT,video184.mp4,0.08982811396279727
real,MSR-VTT,video1840.mp4,0.3505268424770426
real,MSR-VTT,video1841.mp4,0.11393336472804332
real,MSR-VTT,video1842.mp4,0.15309336001883683
real,MSR-VTT,video1843.mp4,0.02753414174711561
real,MSR-VTT,video1844.mp4,0.3270102425241347
real,MSR-VTT,video1845.mp4,0.08227866729456088
real,MSR-VTT,video1846.mp4,0.01749764539675065
real,MSR-VTT,video1847.mp4,0.13842123852130914
real,MSR-VTT,video1848.mp4,0.11858370614551447
real,MSR-VTT,video1849.mp4,0.060057099128796795
real,MSR-VTT,video185.mp4,0.41783906286790673
real,MSR-VTT,video1850.mp4,0.17201848363550742
real,MSR-VTT,video1851.mp4,0.0525370850011773
real,MSR-VTT,video1852.mp4,0.3278049211207911
real,MSR-VTT,video1853.mp4,0.4265363786202025
real,MSR-VTT,video1854.mp4,0.4366611725924182
real,MSR-VTT,video1855.mp4,0.03255238992229809
real,MSR-VTT,video1856.mp4,0.02719566753002119
real,MSR-VTT,video1857.mp4,0.7029668000941842
real,MSR-VTT,video1858.mp4,0.09998234047562986
real,MSR-VTT,video1859.mp4,0.024988226983753237
real,MSR-VTT,video186.mp4,0.08641393925123617
real,MSR-VTT,video1860.mp4,0.6755503885095362
real,MSR-VTT,video1861.mp4,0.3624175888862727
real,MSR-VTT,video1862.mp4,0.5440016482222745
real,MSR-VTT,video1863.mp4,0.03637862020249588
real,MSR-VTT,video1864.mp4,0.28193430656934304
real,MSR-VTT,video1865.mp4,0.06277960913586061
real,MSR-VTT,video1866.mp4,0.10379385448551919
real,MSR-VTT,video1867.mp4,0.2707646574052272
real,MSR-VTT,video1868.mp4,0.2849658582528844
real,MSR-VTT,video1869.mp4,0.7737373440075348
real,MSR-VTT,video187.mp4,0.05718742641864846
real,MSR-VTT,video1870.mp4,0.007255121262067342
real,MSR-VTT,video1871.mp4,0.09021073699081704
real,MSR-VTT,video1872.mp4,0.2751206734165293
real,MSR-VTT,video1873.mp4,0.2266011302095597
real,MSR-VTT,video1874.mp4,0.030124205321403343
real,MSR-VTT,video1875.mp4,0.314839886979044
real,MSR-VTT,video1876.mp4,0.012655992465269602
real,MSR-VTT,video1877.mp4,0.7023634330115376
real,MSR-VTT,video1878.mp4,0.18162820814692726
real,MSR-VTT,video1879.mp4,0.050962444078172825
real,MSR-VTT,video188.mp4,0.07968860372027314
real,MSR-VTT,video1880.mp4,0.3954703319990582
real,MSR-VTT,video1881.mp4,0.3195638097480574
real,MSR-VTT,video1882.mp4,0.3277313397692489
real,MSR-VTT,video1883.mp4,0.24334824582057923
real,MSR-VTT,video1884.mp4,0.18761773016246763
real,MSR-VTT,video1885.mp4,0.11006298563692019
real,MSR-VTT,video1886.mp4,0.11958441252648928
real,MSR-VTT,video1887.mp4,0.26542265128325876
real,MSR-VTT,video1888.mp4,0.04073463621379797
real,MSR-VTT,video1889.mp4,0.4016658817989169
real,MSR-VTT,video189.mp4,0.3020367318106899
real,MSR-VTT,video1890.mp4,0.6057805509771603
real,MSR-VTT,video1891.mp4,0.4928626089004003
real,MSR-VTT,video1892.mp4,0.06373616670591005
real,MSR-VTT,video1893.mp4,0.03789439604426654
real,MSR-VTT,video1894.mp4,0.05823228161054862
real,MSR-VTT,video1895.mp4,0.41392453496585824
real,MSR-VTT,video1896.mp4,0.1594949376030139
real,MSR-VTT,video1897.mp4,0.1575523899222981
real,MSR-VTT,video1898.mp4,0.2827731339769249
real,MSR-VTT,video1899.mp4,0.3938809748057452
real,MSR-VTT,video19.mp4,0.4341741229102896
real,MSR-VTT,video190.mp4,0.22977984459618553
real,MSR-VTT,video1900.mp4,0.18021544619731575
real,MSR-VTT,video1901.mp4,0.2342388744996468
real,MSR-VTT,video1902.mp4,0.06801860136566988
real,MSR-VTT,video1903.mp4,0.013435954791617612
real,MSR-VTT,video1904.mp4,0.01789498469507888
real,MSR-VTT,video1905.mp4,0.2678949846950789
real,MSR-VTT,video1906.mp4,0.30437661878973393
real,MSR-VTT,video1907.mp4,0.3101306804803391
real,MSR-VTT,video1908.mp4,0.06267659524370144
real,MSR-VTT,video1909.mp4,0.4250206027784318
real,MSR-VTT,video191.mp4,0.657581822462915
real,MSR-VTT,video1910.mp4,0.08597245114198257
real,MSR-VTT,video1911.mp4,0.223687308688486
real,MSR-VTT,video1912.mp4,0.09656816576406876
real,MSR-VTT,video1913.mp4,0.427169178243466
real,MSR-VTT,video1914.mp4,0.12976807157993878
real,MSR-VTT,video1915.mp4,0.39836943724982343
real,MSR-VTT,video1916.mp4,0.4121732987991523
real,MSR-VTT,video1917.mp4,0.0934188839180598
real,MSR-VTT,video1918.mp4,0.8663468330586297
real,MSR-VTT,video1919.mp4,0.1395691076053685
real,MSR-VTT,video192.mp4,0.7377413468330586
real,MSR-VTT,video1920.mp4,0.037320461502236876
real,MSR-VTT,video1921.mp4,0.12560336708264658
real,MSR-VTT,video1922.mp4,0.0338032728985166
real,MSR-VTT,video1923.mp4,0.0722421709441959
real,MSR-VTT,video1924.mp4,0.08672298092771369
real,MSR-VTT,video1925.mp4,0.11777431127854956
real,MSR-VTT,video1926.mp4,0.06794502001412762
real,MSR-VTT,video1927.mp4,0.06292677183894514
real,MSR-VTT,video1928.mp4,0.22328996939015777
real,MSR-VTT,video1929.mp4,0.21085472097951494
real,MSR-VTT,video193.mp4,0.056098422415822934
real,MSR-VTT,video1930.mp4,0.20702849069931717
real,MSR-VTT,video1931.mp4,0.19466682364021662
real,MSR-VTT,video1932.mp4,0.030138921591711797
real,MSR-VTT,video1933.mp4,0.13375618083352955
real,MSR-VTT,video1934.mp4,0.13062161525782906
real,MSR-VTT,video1935.mp4,0.49938191664704495
real,MSR-VTT,video1936.mp4,0.4603102189781022
real,MSR-VTT,video1937.mp4,0.03991052507652461
real,MSR-VTT,video1938.mp4,0.5618966329173534
real,MSR-VTT,video1939.mp4,0.17225394396044266
real,MSR-VTT,video194.mp4,0.1897221568165764
real,MSR-VTT,video1940.mp4,0.22966211443371792
real,MSR-VTT,video1941.mp4,0.02203025665175418
real,MSR-VTT,video1942.mp4,0.14068754414881093
real,MSR-VTT,video1943.mp4,0.9526283258770898
real,MSR-VTT,video1944.mp4,0.03618730868848599
real,MSR-VTT,video1945.mp4,0.47689545561572877
real,MSR-VTT,video1946.mp4,0.8901283258770897
real,MSR-VTT,video1947.mp4,0.031860725217800805
real,MSR-VTT,video1948.mp4,0.9314221803626089
real,MSR-VTT,video1949.mp4,0.02734283023310572
real,MSR-VTT,video195.mp4,0.01846891923710855
real,MSR-VTT,video1950.mp4,0.06828349423122204
real,MSR-VTT,video1951.mp4,0.01765952437014363
real,MSR-VTT,video1952.mp4,0.006784200612196845
real,MSR-VTT,video1953.mp4,0.19534377207440545
real,MSR-VTT,video1954.mp4,0.16026018365905345
real,MSR-VTT,video1955.mp4,0.349467271014834
real,MSR-VTT,video1956.mp4,0.2313839180598069
real,MSR-VTT,video1957.mp4,0.147089121732988
real,MSR-VTT,video1958.mp4,0.07678949846950789
real,MSR-VTT,video1959.mp4,0.2752531198493054
real,MSR-VTT,video196.mp4,0.2519866964916412
real,MSR-VTT,video1960.mp4,0.020838238756769482
real,MSR-VTT,video1961.mp4,0.09728926300918296
real,MSR-VTT,video1962.mp4,0.16115787614786908
real,MSR-VTT,video1963.mp4,0.04876971980221333
real,MSR-VTT,video1964.mp4,0.22849952907935012
real,MSR-VTT,video1965.mp4,0.05194843418883918
real,MSR-VTT,video1966.mp4,0.2607134447845538
real,MSR-VTT,video1967.mp4,0.2673946315045915
real,MSR-VTT,video1968.mp4,0.8062308688485991
real,MSR-VTT,video1969.mp4,0.05318460089474923
real,MSR-VTT,video197.mp4,0.010080645161290324
real,MSR-VTT,video1970.mp4,0.36324170002354605
real,MSR-VTT,video1971.mp4,0.08569284200612197
real,MSR-VTT,video1972.mp4,0.03580468566046621
real,MSR-VTT,video1973.mp4,0.24080233105721685
real,MSR-VTT,video1974.mp4,0.5953761478690841
real,MSR-VTT,video1976.mp4,0.06018954556157287
real,MSR-VTT,video1977.mp4,0.037982693666117257
real,MSR-VTT,video1978.mp4,0.3077172121497528
real,MSR-VTT,video1979.mp4,0.023030963032728988
real,MSR-VTT,video198.mp4,0.29456086649399577
real,MSR-VTT,video1980.mp4,0.06185248410642807
real,MSR-VTT,video1981.mp4,0.16276194961149046
real,MSR-VTT,video1982.mp4,0.25203084530256653
real,MSR-VTT,video1983.mp4,0.03395043560160113
real,MSR-VTT,video1984.mp4,0.05364080527431128
real,MSR-VTT,video1985.mp4,0.19109076995526253
real,MSR-VTT,video1986.mp4,0.7112079114669179
real,MSR-VTT,video1987.mp4,0.5812190958323522
real,MSR-VTT,video1988.mp4,0.2881887214504356
real,MSR-VTT,video1989.mp4,0.03180186013656699
real,MSR-VTT,video199.mp4,0.21454850482693666
real,MSR-VTT,video1990.mp4,0.2565487402872616
real,MSR-VTT,video1991.mp4,0.3754414881092536
real,MSR-VTT,video1992.mp4,0.46662349894042854
real,MSR-VTT,video1993.mp4,0.04183835648693195
real,MSR-VTT,video1994.mp4,0.8534259477278079
real,MSR-VTT,video1995.mp4,0.011640569813986344
real,MSR-VTT,video1996.mp4,0.18991346833058628
real,MSR-VTT,video1997.mp4,0.5057393454202966
real,MSR-VTT,video1998.mp4,0.10813515422651283
real,MSR-VTT,video1999.mp4,0.07472922062632446
real,MSR-VTT,video2.mp4,0.09550859430186015
real,MSR-VTT,video20.mp4,0.2664086413939251
real,MSR-VTT,video200.mp4,0.04578231692959737
real,MSR-VTT,video2000.mp4,0.0037232163880386157
real,MSR-VTT,video2001.mp4,0.5199258299976454
real,MSR-VTT,video2002.mp4,0.01989639745702849
real,MSR-VTT,video2003.mp4,0.24299505533317636
real,MSR-VTT,video2004.mp4,0.05047680715799387
real,MSR-VTT,video2005.mp4,0.33244054626795383
real,MSR-VTT,video2006.mp4,0.4209736284436073
real,MSR-VTT,video2007.mp4,0.13407993878031552
real,MSR-VTT,video2008.mp4,0.3463915705203673
real,MSR-VTT,video2009.mp4,0.11569931716505769
real,MSR-VTT,video201.mp4,0.41697080291970806
real,MSR-VTT,video2010.mp4,0.0821756534024017
real,MSR-VTT,video2011.mp4,0.021868377678361195
real,MSR-VTT,video2012.mp4,0.21962561808335296
real,MSR-VTT,video2013.mp4,0.11824523192842007
real,MSR-VTT,video2014.mp4,0.5064162938544855
real,MSR-VTT,video2015.mp4,0.9061690605133035
real,MSR-VTT,video2016.mp4,0.028946903696727103
real,MSR-VTT,video2017.mp4,0.492789027548858
real,MSR-VTT,video2018.mp4,0.21036908405933602
real,MSR-VTT,video2019.mp4,0.2684100541558747
real,MSR-VTT,video202.mp4,0.7655403814457264
real,MSR-VTT,video2020.mp4,0.4707734871674123
real,MSR-VTT,video2021.mp4,0.04479632681893101
real,MSR-VTT,video2022.mp4,0.2075141276194961
real,MSR-VTT,video2023.mp4,0.3025076524605604
real,MSR-VTT,video2024.mp4,0.18246703555450908
real,MSR-VTT,video2025.mp4,0.09914351306804803
real,MSR-VTT,video2026.mp4,0.29021956675300215
real,MSR-VTT,video2027.mp4,0.2616405698139863
real,MSR-VTT,video2028.mp4,0.3792530021191429
real,MSR-VTT,video2029.mp4,0.13849481987285142
real,MSR-VTT,video203.mp4,0.3345302566517542
real,MSR-VTT,video2030.mp4,0.5560542736048976
real,MSR-VTT,video2031.mp4,0.1426300918295267
real,MSR-VTT,video2032.mp4,0.04556157287497057
real,MSR-VTT,video2033.mp4,0.014995879444313633
real,MSR-VTT,video2034.mp4,0.34406639981163173
real,MSR-VTT,video2035.mp4,0.0503443607252178
real,MSR-VTT,video2036.mp4,0.029918177537085
real,MSR-VTT,video2037.mp4,0.20976571697668944
real,MSR-VTT,video2038.mp4,0.04785731104308924
real,MSR-VTT,video2039.mp4,0.15909759830468567
real,MSR-VTT,video204.mp4,0.16342418177537085
real,MSR-VTT,video2040.mp4,0.21379797504120557
real,MSR-VTT,video2041.mp4,0.36711207911466914
real,MSR-VTT,video2042.mp4,0.016261478690840596
real,MSR-VTT,video2043.mp4,0.6226748292912644
real,MSR-VTT,video2044.mp4,0.3585766423357664
real,MSR-VTT,video2045.mp4,0.21949317165057688
real,MSR-VTT,video2046.mp4,0.028196373910995998
real,MSR-VTT,video2047.mp4,0.6978013892159172
real,MSR-VTT,video2048.mp4,0.8513215210736991
real,MSR-VTT,video2049.mp4,0.3589298328231693
real,MSR-VTT,video205.mp4,0.4265069460795856
real,MSR-VTT,video2050.mp4,0.11175535672239229
real,MSR-VTT,video2051.mp4,0.004076406875441488
real,MSR-VTT,video2052.mp4,0.12221862491170238
real,MSR-VTT,video2053.mp4,0.0882829055804097
real,MSR-VTT,video2054.mp4,0.27441429244172355
real,MSR-VTT,video2055.mp4,0.05409700965387332
real,MSR-VTT,video2056.mp4,0.03144866964916412
real,MSR-VTT,video2057.mp4,0.039321874264186485
real,MSR-VTT,video2058.mp4,0.12029079350129504
real,MSR-VTT,video2059.mp4,0.22705733458912175
real,MSR-VTT,video206.mp4,0.1458382387567695
real,MSR-VTT,video2060.mp4,0.5542588886272664
real,MSR-VTT,video2061.mp4,0.061249117023781496
real,MSR-VTT,video2062.mp4,0.18080409700965389
real,MSR-VTT,video2063.mp4,0.007681893101012479
real,MSR-VTT,video2064.mp4,0.23036849540852367
real,MSR-VTT,video2065.mp4,0.30312573581351543
real,MSR-VTT,video2066.mp4,0.04004297150930068
real,MSR-VTT,video2067.mp4,0.2601836590534495
real,MSR-VTT,video2068.mp4,0.7605957146220862
real,MSR-VTT,video2069.mp4,0.16279138215210737
real,MSR-VTT,video207.mp4,0.03168412997409936
real,MSR-VTT,video2070.mp4,0.7692930303743819
real,MSR-VTT,video2071.mp4,0.024841064280668707
real,MSR-VTT,video2072.mp4,0.007593595479161761
real,MSR-VTT,video2073.mp4,0.06679715093006827
real,MSR-VTT,video2074.mp4,0.08722333411820109
real,MSR-VTT,video2075.mp4,0.047739580880621614
real,MSR-VTT,video2076.mp4,0.3875971273840358
real,MSR-VTT,video2077.mp4,0.5929185307275724
real,MSR-VTT,video2078.mp4,0.017173887449964682
real,MSR-VTT,video2079.mp4,0.07059394866964916
real,MSR-VTT,video208.mp4,0.027607723098657874
real,MSR-VTT,video2080.mp4,0.6995231928420061
real,MSR-VTT,video2081.mp4,0.8027136802448787
real,MSR-VTT,video2082.mp4,0.02884388980456793
real,MSR-VTT,video2083.mp4,0.4734076995526254
real,MSR-VTT,video2084.mp4,0.7702201554038145
real,MSR-VTT,video2085.mp4,0.1308276430421474
real,MSR-VTT,video2086.mp4,0.2332087355780551
real,MSR-VTT,video2087.mp4,0.048063338827407584
real,MSR-VTT,video2088.mp4,0.37776665881798915
real,MSR-VTT,video2089.mp4,0.4583676712973864
real,MSR-VTT,video209.mp4,0.534789263009183
real,MSR-VTT,video2090.mp4,0.1638803861549329
real,MSR-VTT,video2091.mp4,0.10769366611725924
real,MSR-VTT,video2092.mp4,0.12829644454909347
real,MSR-VTT,video2093.mp4,0.002707793736755357
real,MSR-VTT,video2094.mp4,0.4878296444549094
real,MSR-VTT,video2095.mp4,0.08962208617847893
real,MSR-VTT,video2096.mp4,0.5400429715093007
real,MSR-VTT,video2097.mp4,0.052345773487167416
real,MSR-VTT,video2098.mp4,0.10355839416058393
real,MSR-VTT,video2099.mp4,0.11385978337650106
real,MSR-VTT,video21.mp4,0.26858664939957616
real,MSR-VTT,video210.mp4,0.020117141511655286
real,MSR-VTT,video2100.mp4,0.3104691546974335
real,MSR-VTT,video2101.mp4,0.43673475394396044
real,MSR-VTT,video2102.mp4,0.2064545561572875
real,MSR-VTT,video2103.mp4,0.2377119142924417
real,MSR-VTT,video2104.mp4,0.7142100306098422
real,MSR-VTT,video2105.mp4,0.7136360960678125
real,MSR-VTT,video2106.mp4,0.03321462208617848
real,MSR-VTT,video2107.mp4,0.18636684718624913
real,MSR-VTT,video2108.mp4,0.32586237344007535
real,MSR-VTT,video2109.mp4,0.10926830704026372
real,MSR-VTT,video211.mp4,0.03406816576406876
real,MSR-VTT,video2110.mp4,0.3383417706616435
real,MSR-VTT,video2111.mp4,0.28654049917588886
real,MSR-VTT,video2112.mp4,0.32305156581116085
real,MSR-VTT,video2113.mp4,0.043177537085001175
real,MSR-VTT,video2114.mp4,0.33413291735342593
real,MSR-VTT,video2115.mp4,0.27721038380032964
real,MSR-VTT,video2116.mp4,0.09901106663527195
real,MSR-VTT,video2117.mp4,0.060631033670826465
real,MSR-VTT,video2118.mp4,0.021368024487873793
real,MSR-VTT,video2119.mp4,0.04740110666352719
real,MSR-VTT,video212.mp4,0.7152696020720508
real,MSR-VTT,video2120.mp4,0.7411555215446197
real,MSR-VTT,video2121.mp4,0.7458941605839416
real,MSR-VTT,video2122.mp4,0.28102189781021897
real,MSR-VTT,video2123.mp4,0.39360136566988463
real,MSR-VTT,video2124.mp4,0.15265187190958324
real,MSR-VTT,video2125.mp4,0.3306893101012479
real,MSR-VTT,video2126.mp4,0.013906875441488109
real,MSR-VTT,video2127.mp4,0.1354632681893101
real,MSR-VTT,video2128.mp4,0.617950906522251
real,MSR-VTT,video2129.mp4,0.3798563692017895
real,MSR-VTT,video213.mp4,0.1641894278314104
real,MSR-VTT,video2130.mp4,0.04757770190722863
real,MSR-VTT,video2131.mp4,0.10750235460324935
real,MSR-VTT,video2132.mp4,0.2686307982105015
real,MSR-VTT,video2133.mp4,0.4713915705203673
real,MSR-VTT,video2134.mp4,0.16078996939015777
real,MSR-VTT,video2135.mp4,0.07887920885330821
real,MSR-VTT,video2136.mp4,0.10121850718153991
real,MSR-VTT,video2137.mp4,0.12011419825759359
real,MSR-VTT,video2138.mp4,0.6316076053684954
real,MSR-VTT,video2139.mp4,0.08616376265599246
real,MSR-VTT,video214.mp4,0.6682216858959265
real,MSR-VTT,video2140.mp4,0.030536260890040027
real,MSR-VTT,video2141.mp4,0.04494348952201554
real,MSR-VTT,video2142.mp4,0.2855545090652225
real,MSR-VTT,video2143.mp4,0.35374970567459385
real,MSR-VTT,video2144.mp4,0.20348186955498
real,MSR-VTT,video2145.mp4,0.43202554744525545
real,MSR-VTT,video2146.mp4,0.06619378384742171
real,MSR-VTT,video2147.mp4,0.09465505062396987
real,MSR-VTT,video2148.mp4,0.23481280904167648
real,MSR-VTT,video2149.mp4,0.19678596656463387
real,MSR-VTT,video215.mp4,0.3036996703555451
real,MSR-VTT,video2150.mp4,0.003384742170944196
real,MSR-VTT,video2151.mp4,0.06909288909818695
real,MSR-VTT,video2152.mp4,0.023913939251236166
real,MSR-VTT,video2153.mp4,0.32394925829997645
real,MSR-VTT,video2154.mp4,0.21469566753002117
real,MSR-VTT,video2155.mp4,0.2790793501295032
real,MSR-VTT,video2156.mp4,0.6328879208853309
real,MSR-VTT,video2157.mp4,0.23544560866493996
real,MSR-VTT,video2158.mp4,0.03633447139157052
real,MSR-VTT,video2159.mp4,0.35988639039321874
real,MSR-VTT,video216.mp4,0.286805392041441
real,MSR-VTT,video2160.mp4,0.7922504120555687
real,MSR-VTT,video2161.mp4,0.29935837061455145
real,MSR-VTT,video2162.mp4,0.007034377207440546
real,MSR-VTT,video2163.mp4,0.06781257358135154
real,MSR-VTT,video2164.mp4,0.01793913350600424
real,MSR-VTT,video2165.mp4,0.010904756298563693
real,MSR-VTT,video2166.mp4,0.09185895926536378
real,MSR-VTT,video2167.mp4,0.29235342594772784
real,MSR-VTT,video2168.mp4,0.15431481045443843
real,MSR-VTT,video2169.mp4,0.021176712973863906
real,MSR-VTT,video217.mp4,0.08832705439133506
real,MSR-VTT,video2170.mp4,0.1834530256651754
real,MSR-VTT,video2171.mp4,0.346641747115611
real,MSR-VTT,video2172.mp4,0.16436602307511183
real,MSR-VTT,video2173.mp4,0.2693666117259242
real,MSR-VTT,video2174.mp4,0.14471980221332706
real,MSR-VTT,video2175.mp4,0.7561955497998587
real,MSR-VTT,video2176.mp4,0.3352513538968684
real,MSR-VTT,video2177.mp4,0.044134094655050624
real,MSR-VTT,video2178.mp4,0.09056392747821992
real,MSR-VTT,video2179.mp4,0.03521603484812809
real,MSR-VTT,video218.mp4,0.21728573110430893
real,MSR-VTT,video2180.mp4,0.09854014598540145
real,MSR-VTT,video2181.mp4,0.18836825994819872
real,MSR-VTT,video2182.mp4,0.5298887449964681
real,MSR-VTT,video2183.mp4,0.07861431598775606
real,MSR-VTT,video2184.mp4,0.48805038850953614
real,MSR-VTT,video2185.mp4,0.1444549093477749
real,MSR-VTT,video2186.mp4,0.47455556863668474
real,MSR-VTT,video2187.mp4,0.14393983988697906
real,MSR-VTT,video2188.mp4,0.20002354603249353
real,MSR-VTT,video2189.mp4,0.2712355780550977
real,MSR-VTT,video219.mp4,0.43701436307982106
real,MSR-VTT,video2190.mp4,0.07311043089239463
real,MSR-VTT,video2191.mp4,0.16277666588179893
real,MSR-VTT,video2192.mp4,0.5867082646574052
real,MSR-VTT,video2193.mp4,0.015437367553567224
real,MSR-VTT,video2194.mp4,0.04913762655992465
real,MSR-VTT,video2195.mp4,0.08182246291499883
real,MSR-VTT,video2196.mp4,0.05706969625618083
real,MSR-VTT,video2197.mp4,0.03961619967035555
real,MSR-VTT,video2198.mp4,0.5273722627737226
real,MSR-VTT,video2199.mp4,0.596185542736049
real,MSR-VTT,video22.mp4,0.6202760772309865
real,MSR-VTT,video220.mp4,0.5348334118201084
real,MSR-VTT,video2200.mp4,0.1388480103602543
real,MSR-VTT,video2201.mp4,0.012243936896632918
real,MSR-VTT,video2202.mp4,0.8148987520602778
real,MSR-VTT,video2203.mp4,0.03930715799387803
real,MSR-VTT,video2204.mp4,0.2347097951495173
real,MSR-VTT,video2205.mp4,0.06011596421003061
real,MSR-VTT,video2206.mp4,0.1606869554979986
real,MSR-VTT,video2207.mp4,0.38845067106192605
real,MSR-VTT,video2208.mp4,0.2501324464327761
real,MSR-VTT,video2209.mp4,0.09383093948669649
real,MSR-VTT,video221.mp4,0.671061926065458
real,MSR-VTT,video2210.mp4,0.009197668942783142
real,MSR-VTT,video2211.mp4,0.2455115375559218
real,MSR-VTT,video2212.mp4,0.47411408052743115
real,MSR-VTT,video2213.mp4,0.4542323993407111
real,MSR-VTT,video2214.mp4,0.011552272192135626
real,MSR-VTT,video2215.mp4,0.3415499175888863
real,MSR-VTT,video2216.mp4,0.2890864139392513
real,MSR-VTT,video2217.mp4,0.10514775135389687
real,MSR-VTT,video2218.mp4,0.4863727336943725
real,MSR-VTT,video2219.mp4,0.6606428066870732
real,MSR-VTT,video222.mp4,0.13506592889098187
real,MSR-VTT,video2220.mp4,0.2244084059336002
real,MSR-VTT,video2221.mp4,0.406154344242995
real,MSR-VTT,video2222.mp4,0.03445078879208854
real,MSR-VTT,video2223.mp4,0.3771485754650341
real,MSR-VTT,video2224.mp4,0.08692900871203202
real,MSR-VTT,video2225.mp4,0.008991641158464798
real,MSR-VTT,video2226.mp4,0.007887920885330822
real,MSR-VTT,video2227.mp4,0.585854720979515
real,MSR-VTT,video2228.mp4,0.012685425005886507
real,MSR-VTT,video2229.mp4,0.2599334824582058
real,MSR-VTT,video223.mp4,0.1129326583470685
real,MSR-VTT,video2230.mp4,0.6814516129032258
real,MSR-VTT,video2231.mp4,0.020352601836590534
real,MSR-VTT,video2232.mp4,0.4959088768542501
real,MSR-VTT,video2233.mp4,0.2801977866729456
real,MSR-VTT,video2234.mp4,0.12263068048033907
real,MSR-VTT,video2235.mp4,0.2116493995761714
real,MSR-VTT,video2236.mp4,0.2695726395102425
real,MSR-VTT,video2237.mp4,0.06432481751824817
real,MSR-VTT,video2238.mp4,0.8564280668707323
real,MSR-VTT,video2239.mp4,0.557010831174947
real,MSR-VTT,video224.mp4,0.12495585118907465
real,MSR-VTT,video2240.mp4,0.34848128090416763
real,MSR-VTT,video2241.mp4,0.04192665410878267
real,MSR-VTT,video2242.mp4,0.48005945373204617
real,MSR-VTT,video2243.mp4,0.04981457499411349
real,MSR-VTT,video2244.mp4,0.25304626795384977
real,MSR-VTT,video2245.mp4,0.72479102896162
real,MSR-VTT,video2246.mp4,0.03222863197551212
real,MSR-VTT,video2247.mp4,0.2362402872615964
real,MSR-VTT,video2248.mp4,0.10388215210736991
real,MSR-VTT,video2249.mp4,0.5888568401224394
real,MSR-VTT,video225.mp4,0.08011537555921827
real,MSR-VTT,video2250.mp4,0.2169472568872145
real,MSR-VTT,video2251.mp4,0.20507122674829292
real,MSR-VTT,video2252.mp4,0.007313986343301154
real,MSR-VTT,video2253.mp4,0.5005150694607958
real,MSR-VTT,video2254.mp4,0.03618730868848599
real,MSR-VTT,video2255.mp4,0.4194284200612197
real,MSR-VTT,video2256.mp4,0.1978013892159171
real,MSR-VTT,video2257.mp4,0.056716505768777965
real,MSR-VTT,video2258.mp4,0.23175182481751824
real,MSR-VTT,video2259.mp4,0.07862903225806452
real,MSR-VTT,video226.mp4,0.6840269602072051
real,MSR-VTT,video2260.mp4,0.3495408523663763
real,MSR-VTT,video2261.mp4,0.3571050153049211
real,MSR-VTT,video2262.mp4,0.3928802684247704
real,MSR-VTT,video2263.mp4,0.04341299740993643
real,MSR-VTT,video2264.mp4,0.012008476571697669
real,MSR-VTT,video2265.mp4,0.016202613609606783
real,MSR-VTT,video2266.mp4,0.7093683776783613
real,MSR-VTT,video2267.mp4,0.031787143866258534
real,MSR-VTT,video2268.mp4,0.018807393454202966
real,MSR-VTT,video2269.mp4,0.6153608429479632
real,MSR-VTT,video227.mp4,0.6359194725688722
real,MSR-VTT,video2270.mp4,0.05503885095361431
real,MSR-VTT,video2271.mp4,0.5119348952201555
real,MSR-VTT,video2272.mp4,0.3649046385684012
real,MSR-VTT,video2273.mp4,0.006489875206027784
real,MSR-VTT,video2274.mp4,0.2577260419119378
real,MSR-VTT,video2275.mp4,0.08732634801036025
real,MSR-VTT,video2276.mp4,0.020028843889804568
real,MSR-VTT,video2277.mp4,0.3930127148575465
real,MSR-VTT,video2278.mp4,0.49870496821285615
real,MSR-VTT,video2279.mp4,0.36179950553331763
real,MSR-VTT,video228.mp4,0.01255297857311043
real,MSR-VTT,video2280.mp4,0.257372851424535
real,MSR-VTT,video2281.mp4,0.13215210736990818
real,MSR-VTT,video2282.mp4,0.15095950082411114
real,MSR-VTT,video2283.mp4,0.04089651518719096
real,MSR-VTT,video2284.mp4,0.08623734400753473
real,MSR-VTT,video2285.mp4,0.0498734400753473
real,MSR-VTT,video2286.mp4,0.01882210972451142
real,MSR-VTT,video2287.mp4,0.40000294325406166
real,MSR-VTT,video2288.mp4,0.09187367553567224
real,MSR-VTT,video2289.mp4,0.02559159406639981
real,MSR-VTT,video229.mp4,0.03512773722627737
real,MSR-VTT,video2290.mp4,0.1342712502943254
real,MSR-VTT,video2291.mp4,0.32830527431127854
real,MSR-VTT,video2292.mp4,0.21463680244878738
real,MSR-VTT,video2293.mp4,0.24181775370850012
real,MSR-VTT,video2294.mp4,0.7185954791617613
real,MSR-VTT,video2295.mp4,0.47745467388745
real,MSR-VTT,video2296.mp4,0.603396515187191
real,MSR-VTT,video2297.mp4,0.14778078643748527
real,MSR-VTT,video2298.mp4,0.19656522251000708
real,MSR-VTT,video2299.mp4,0.1201436307982105
real,MSR-VTT,video23.mp4,0.15471214975276665
real,MSR-VTT,video230.mp4,0.41786849540852367
real,MSR-VTT,video2300.mp4,0.22568872145043561
real,MSR-VTT,video2301.mp4,0.236063692017895
real,MSR-VTT,video2302.mp4,0.710987167412291
real,MSR-VTT,video2303.mp4,0.0948022133270544
real,MSR-VTT,video2304.mp4,0.4488315281375088
real,MSR-VTT,video2305.mp4,0.8196079585589828
real,MSR-VTT,video2306.mp4,0.020440899458441252
real,MSR-VTT,video2307.mp4,0.0036643513068048035
real,MSR-VTT,video2308.mp4,0.18405639274782198
real,MSR-VTT,video2309.mp4,0.12327819637391099
real,MSR-VTT,video231.mp4,0.5210001177301624
real,MSR-VTT,video2310.mp4,0.5086678832116789
real,MSR-VTT,video2311.mp4,0.3796061926065458
real,MSR-VTT,video2312.mp4,0.17780197786672947
real,MSR-VTT,video2313.mp4,0.18929538497763126
real,MSR-VTT,video2314.mp4,0.2636272663056275
real,MSR-VTT,video2315.mp4,0.056260301389215915
real,MSR-VTT,video2316.mp4,0.40895043560160116
real,MSR-VTT,video2317.mp4,0.22427595950082413
real,MSR-VTT,video2318.mp4,0.5537585354367789
real,MSR-VTT,video2319.mp4,0.046532846715328466
real,MSR-VTT,video232.mp4,0.02038203437720744
real,MSR-VTT,video2320.mp4,0.3759565575700494
real,MSR-VTT,video2321.mp4,0.008402990346126678
real,MSR-VTT,video2322.mp4,0.82029962326348
real,MSR-VTT,video2323.mp4,0.25364963503649635
real,MSR-VTT,video2324.mp4,0.7817282787850247
real,MSR-VTT,video2325.mp4,0.36327113256416294
real,MSR-VTT,video2326.mp4,0.21838945137744292
real,MSR-VTT,video2327.mp4,0.0060042382858488345
real,MSR-VTT,video2328.mp4,0.004076406875441488
real,MSR-VTT,video2329.mp4,0.5692400518012715
real,MSR-VTT,video233.mp4,0.008770897103838004
real,MSR-VTT,video2330.mp4,0.34374264186484577
real,MSR-VTT,video2331.mp4,0.10195432069696256
real,MSR-VTT,video2332.mp4,0.3312632446432776
real,MSR-VTT,video2333.mp4,0.11861313868613138
real,MSR-VTT,video2334.mp4,0.13332940899458443
real,MSR-VTT,video2335.mp4,0.4695961855427361
real,MSR-VTT,video2336.mp4,0.34876089004002825
real,MSR-VTT,video2337.mp4,0.2757093242288674
real,MSR-VTT,video2338.mp4,0.03059512597127384
real,MSR-VTT,video2339.mp4,0.15706675300211914
real,MSR-VTT,video234.mp4,0.3635213091594066
real,MSR-VTT,video2340.mp4,0.02285436778902755
real,MSR-VTT,video2341.mp4,0.14626501059571462
real,MSR-VTT,video2342.mp4,0.6141541087826701
real,MSR-VTT,video2343.mp4,0.29700376736519896
real,MSR-VTT,video2344.mp4,0.05846774193548387
real,MSR-VTT,video2345.mp4,0.44718330586296207
real,MSR-VTT,video2346.mp4,0.4683011537555922
real,MSR-VTT,video2347.mp4,0.2712061455144808
real,MSR-VTT,video2348.mp4,0.03542206263244643
real,MSR-VTT,video2349.mp4,0.20199552625382625
real,MSR-VTT,video235.mp4,0.2777843183423593
real,MSR-VTT,video2350.mp4,0.041882505297857316
real,MSR-VTT,video2351.mp4,0.08227866729456088
real,MSR-VTT,video2352.mp4,0.6653372969154697
real,MSR-VTT,video2353.mp4,0.30614257122674826
real,MSR-VTT,video2354.mp4,0.9746438662585355
real,MSR-VTT,video2355.mp4,0.033803272898516604
real,MSR-VTT,video2356.mp4,0.9149105250765246
real,MSR-VTT,video2357.mp4,0.03939545561572875
real,MSR-VTT,video2358.mp4,0.1266923710854721
real,MSR-VTT,video2359.mp4,0.374838121026607
real,MSR-VTT,video236.mp4,0.06451612903225806
real,MSR-VTT,video2360.mp4,0.5780403814457263
real,MSR-VTT,video2361.mp4,0.5458264657405227
real,MSR-VTT,video2362.mp4,0.22183305862962088
real,MSR-VTT,video2363.mp4,0.034568518954556156
real,MSR-VTT,video2364.mp4,0.8662438191664704
real,MSR-VTT,video2365.mp4,0.06432481751824817
real,MSR-VTT,video2366.mp4,0.13817106192606546
real,MSR-VTT,video2367.mp4,0.11193195196609372
real,MSR-VTT,video2368.mp4,0.22533553096303272
real,MSR-VTT,video2369.mp4,0.19889039321874263
real,MSR-VTT,video237.mp4,0.23350306098422413
real,MSR-VTT,video2370.mp4,0.09898163409465506
real,MSR-VTT,video2371.mp4,0.4785583941605839
real,MSR-VTT,video2372.mp4,0.2385360254297151
real,MSR-VTT,video2373.mp4,0.06370673416529316
real,MSR-VTT,video2374.mp4,0.5000441488109254
real,MSR-VTT,video2375.mp4,0.11993760301389216
real,MSR-VTT,video2376.mp4,0.10249882269837532
real,MSR-VTT,video2377.mp4,0.13272604191193785
real,MSR-VTT,video2378.mp4,0.06825406169060513
real,MSR-VTT,video2379.mp4,0.48139863433011537
real,MSR-VTT,video238.mp4,0.014716270308453025
real,MSR-VTT,video2380.mp4,0.16329173534259478
real,MSR-VTT,video2381.mp4,0.2509124087591241
real,MSR-VTT,video2382.mp4,0.21856604662114434
real,MSR-VTT,video2383.mp4,0.13777372262773724
real,MSR-VTT,video2384.mp4,0.3376059571462209
real,MSR-VTT,video2385.mp4,0.08255827643042146
real,MSR-VTT,video2386.mp4,0.40790558040970093
real,MSR-VTT,video2387.mp4,0.017777254532611253
real,MSR-VTT,video2388.mp4,0.11730339062867907
real,MSR-VTT,video2389.mp4,0.22351071344478457
real,MSR-VTT,video239.mp4,0.13419766894278315
real,MSR-VTT,video2390.mp4,0.23540145985401462
real,MSR-VTT,video2391.mp4,0.6258682599481987
real,MSR-VTT,video2392.mp4,0.3159730397927949
real,MSR-VTT,video2393.mp4,0.24005180127148576
real,MSR-VTT,video2394.mp4,0.23157522957381682
real,MSR-VTT,video2395.mp4,0.04846067812573582
real,MSR-VTT,video2396.mp4,0.25643101012479397
real,MSR-VTT,video2397.mp4,0.066885448551919
real,MSR-VTT,video2398.mp4,0.03861549328938074
real,MSR-VTT,video2399.mp4,0.11369790440310808
real,MSR-VTT,video24.mp4,0.04089651518719096
real,MSR-VTT,video240.mp4,0.21803626089004002
real,MSR-VTT,video2400.mp4,0.15282846715328466
real,MSR-VTT,video2401.mp4,0.22705733458912175
real,MSR-VTT,video2402.mp4,0.43573404756298567
real,MSR-VTT,video2403.mp4,0.1502825523899223
real,MSR-VTT,video2404.mp4,0.04320696962561808
real,MSR-VTT,video2405.mp4,0.2395661643513068
real,MSR-VTT,video2406.mp4,0.04635625147162703
real,MSR-VTT,video2407.mp4,0.07858488344713915
real,MSR-VTT,video2408.mp4,0.5980839416058394
real,MSR-VTT,video2409.mp4,0.040322580645161296
real,MSR-VTT,video241.mp4,0.05783494231222039
real,MSR-VTT,video2410.mp4,0.04026371556392748
real,MSR-VTT,video2411.mp4,0.15035613374146456
real,MSR-VTT,video2412.mp4,0.2570785260183659
real,MSR-VTT,video2413.mp4,0.30231634094655047
real,MSR-VTT,video2414.mp4,0.1657199199434895
real,MSR-VTT,video2415.mp4,0.03578996939015776
real,MSR-VTT,video2416.mp4,0.16627913821521076
real,MSR-VTT,video2417.mp4,0.27731339769248886
real,MSR-VTT,video2418.mp4,0.006342712502943254
real,MSR-VTT,video2419.mp4,0.04400164822227455
real,MSR-VTT,video242.mp4,0.06678243465975983
real,MSR-VTT,video2420.mp4,0.4070961855427361
real,MSR-VTT,video2421.mp4,0.1385389686837768
real,MSR-VTT,video2422.mp4,0.14585295502707796
real,MSR-VTT,video2423.mp4,0.37676595243701433
real,MSR-VTT,video2424.mp4,0.428405344949376
real,MSR-VTT,video2425.mp4,0.16988462444078173
real,MSR-VTT,video2426.mp4,0.14342477042618318
real,MSR-VTT,video2427.mp4,0.07252178008005651
real,MSR-VTT,video2428.mp4,0.17658052743112784
real,MSR-VTT,video2429.mp4,0.3464357193312927
real,MSR-VTT,video243.mp4,0.01955792323993407
real,MSR-VTT,video2430.mp4,0.3156051330350836
real,MSR-VTT,video2431.mp4,0.11724452554744524
real,MSR-VTT,video2432.mp4,0.19122321638803863
real,MSR-VTT,video2433.mp4,0.10386743583706146
real,MSR-VTT,video2434.mp4,0.08453025665175418
real,MSR-VTT,video2435.mp4,0.10607487638332941
real,MSR-VTT,video2436.mp4,0.02013185778196374
real,MSR-VTT,video2437.mp4,0.4115257829055804
real,MSR-VTT,video2438.mp4,0.012773722627737226
real,MSR-VTT,video2439.mp4,0.709132917353426
real,MSR-VTT,video244.mp4,0.12140923004473747
real,MSR-VTT,video2440.mp4,0.1768159877560631
real,MSR-VTT,video2441.mp4,0.13999587944431363
real,MSR-VTT,video2442.mp4,0.22228926300918295
real,MSR-VTT,video2443.mp4,0.18187838474217094
real,MSR-VTT,video2444.mp4,0.17989168825052979
real,MSR-VTT,video2445.mp4,0.5592918530727573
real,MSR-VTT,video2446.mp4,0.20552743112785496
real,MSR-VTT,video2447.mp4,0.43180480339062866
real,MSR-VTT,video2448.mp4,0.4392659524370144
real,MSR-VTT,video2449.mp4,0.4817665410878267
real,MSR-VTT,video245.mp4,0.2283817989168825
real,MSR-VTT,video2450.mp4,0.3980456793030374
real,MSR-VTT,video2451.mp4,0.12681010124793973
real,MSR-VTT,video2452.mp4,0.36038674358370615
real,MSR-VTT,video2453.mp4,0.21662349894042854
real,MSR-VTT,video2454.mp4,0.1497821991994349
real,MSR-VTT,video2455.mp4,0.27591535201318573
real,MSR-VTT,video2456.mp4,0.03331763597833765
real,MSR-VTT,video2457.mp4,0.3382829055804097
real,MSR-VTT,video2458.mp4,0.11755356722392277
real,MSR-VTT,video2459.mp4,0.00671061926065458
real,MSR-VTT,video246.mp4,0.6558158700259007
real,MSR-VTT,video2460.mp4,0.08032140334353662
real,MSR-VTT,video2461.mp4,0.23488639039321874
real,MSR-VTT,video2462.mp4,0.4486255003531905
real,MSR-VTT,video2463.mp4,0.0690781728278785
real,MSR-VTT,video2464.mp4,0.07311043089239463
real,MSR-VTT,video2465.mp4,0.01517247468801507
real,MSR-VTT,video2466.mp4,0.44965563927478225
real,MSR-VTT,video2467.mp4,0.6319902283965152
real,MSR-VTT,video2468.mp4,0.2585207205085943
real,MSR-VTT,video2469.mp4,0.30222804332469977
real,MSR-VTT,video247.mp4,0.2580792323993407
real,MSR-VTT,video2470.mp4,0.14676536378620203
real,MSR-VTT,video2471.mp4,0.026857193312926773
real,MSR-VTT,video2472.mp4,0.4417530021191429
real,MSR-VTT,video2473.mp4,0.1013803861549329
real,MSR-VTT,video2474.mp4,0.20928008005651047
real,MSR-VTT,video2475.mp4,0.2347097951495173
real,MSR-VTT,video2476.mp4,0.5147309865787615
real,MSR-VTT,video2477.mp4,0.09709795149517306
real,MSR-VTT,video2478.mp4,0.012626559924652697
real,MSR-VTT,video2479.mp4,0.6391864845773487
real,MSR-VTT,video248.mp4,0.11509595008241111
real,MSR-VTT,video2480.mp4,0.052022015540381446
real,MSR-VTT,video2481.mp4,0.42363727336943724
real,MSR-VTT,video2482.mp4,0.37945902990346125
real,MSR-VTT,video2483.mp4,0.10358782670120084
real,MSR-VTT,video2484.mp4,0.16856016011302094
real,MSR-VTT,video2485.mp4,0.04619437249823405
real,MSR-VTT,video2486.mp4,0.41457205085943016
real,MSR-VTT,video2487.mp4,0.06039557334589122
real,MSR-VTT,video2488.mp4,0.40385860607487634
real,MSR-VTT,video2489.mp4,0.22395220155403814
real,MSR-VTT,video249.mp4,0.16193783847421708
real,MSR-VTT,video2490.mp4,0.5834412526489287
real,MSR-VTT,video2491.mp4,0.42200376736519896
real,MSR-VTT,video2492.mp4,0.5204114669178244
real,MSR-VTT,video2493.mp4,0.6030286084294796
real,MSR-VTT,video2494.mp4,0.03584883447139157
real,MSR-VTT,video2495.mp4,0.3869643277607723
real,MSR-VTT,video2496.mp4,0.35972451141982575
real,MSR-VTT,video2497.mp4,0.24321579938780316
real,MSR-VTT,video2498.mp4,0.06847480574523193
real,MSR-VTT,video2499.mp4,0.04082293383564869
real,MSR-VTT,video25.mp4,0.025150105957146222
real,MSR-VTT,video2500.mp4,0.19512302801977865
real,MSR-VTT,video2501.mp4,0.3517924417235696
real,MSR-VTT,video2502.mp4,0.12601542265128324
real,MSR-VTT,video2503.mp4,0.30965975983046856
real,MSR-VTT,video2504.mp4,0.35872380503885093
real,MSR-VTT,video2505.mp4,0.47901459854014594
real,MSR-VTT,video2506.mp4,0.23164881092535908
real,MSR-VTT,video2507.mp4,0.09157935012950319
real,MSR-VTT,video2508.mp4,0.4689192371085472
real,MSR-VTT,video2509.mp4,0.1492229809277137
real,MSR-VTT,video251.mp4,0.17319578526018364
real,MSR-VTT,video2510.mp4,0.1295767600659289
real,MSR-VTT,video2511.mp4,0.569872851424535
real,MSR-VTT,video2512.mp4,0.20591005415587474
real,MSR-VTT,video2513.mp4,0.7272192135625147
real,MSR-VTT,video2514.mp4,0.06567871438662586
real,MSR-VTT,video2515.mp4,0.11399222980927715
real,MSR-VTT,video2516.mp4,0.06295620437956205
real,MSR-VTT,video2517.mp4,0.010477984459618554
real,MSR-VTT,video2518.mp4,0.5125235460324935
real,MSR-VTT,video2519.mp4,0.17924417235695783
real,MSR-VTT,video252.mp4,0.6485460324935248
real,MSR-VTT,video2520.mp4,0.09817223922769014
real,MSR-VTT,video2521.mp4,0.3675388509536143
real,MSR-VTT,video2522.mp4,0.4823257593595479
real,MSR-VTT,video2523.mp4,0.008697315752295738
real,MSR-VTT,video2524.mp4,0.08297033199905815
real,MSR-VTT,video2525.mp4,0.4479632681893101
real,MSR-VTT,video2526.mp4,0.06704732752531198
real,MSR-VTT,video2527.mp4,0.19142924417235696
real,MSR-VTT,video2528.mp4,0.189545561572875
real,MSR-VTT,video2529.mp4,0.011243230515658112
real,MSR-VTT,video253.mp4,0.30113903932187425
real,MSR-VTT,video2530.mp4,0.06974040499175889
real,MSR-VTT,video2531.mp4,0.038277019072286325
real,MSR-VTT,video2532.mp4,0.5963179891688251
real,MSR-VTT,video2533.mp4,0.23335589828113965
real,MSR-VTT,video2534.mp4,0.39446962561808335
real,MSR-VTT,video2535.mp4,0.5351866023075111
real,MSR-VTT,video2536.mp4,0.012847303979279492
real,MSR-VTT,video2537.mp4,0.31160230751118434
real,MSR-VTT,video2538.mp4,0.24150871203202262
real,MSR-VTT,video2539.mp4,0.5966564633859195
real,MSR-VTT,video254.mp4,0.12267482929126441
real,MSR-VTT,video2540.mp4,0.5257681893101013
real,MSR-VTT,video2541.mp4,0.26636449258299977
real,MSR-VTT,video2542.mp4,0.3445814692724276
real,MSR-VTT,video2543.mp4,0.041323287026136094
real,MSR-VTT,video2544.mp4,0.6826289145279021
real,MSR-VTT,video2545.mp4,0.15057687779609136
real,MSR-VTT,video2546.mp4,0.8547356957852602
real,MSR-VTT,video2547.mp4,0.2010389686837768
real,MSR-VTT,video2548.mp4,0.09589121732987992
real,MSR-VTT,video2549.mp4,0.12842889098186955
real,MSR-VTT,video255.mp4,0.27242759595008237
real,MSR-VTT,video2550.mp4,0.17816988462444078
real,MSR-VTT,video2551.mp4,0.7517953849776313
real,MSR-VTT,video2552.mp4,0.2511920178949847
real,MSR-VTT,video2553.mp4,0.18738226983753237
real,MSR-VTT,video2554.mp4,0.3864198257593595
real,MSR-VTT,video2555.mp4,0.18998704968212854
real,MSR-VTT,video2556.mp4,0.12667765481516363
real,MSR-VTT,video2557.mp4,0.3790764068754415
real,MSR-VTT,video2558.mp4,0.031949022839651516
real,MSR-VTT,video2559.mp4,0.22533553096303272
real,MSR-VTT,video256.mp4,0.03807099128796798
real,MSR-VTT,video2560.mp4,0.4973510713444784
real,MSR-VTT,video2561.mp4,0.22367259241817755
real,MSR-VTT,video2562.mp4,0.22362844360725218
real,MSR-VTT,video2563.mp4,0.03474511419825759
real,MSR-VTT,video2564.mp4,0.7122969154697434
real,MSR-VTT,video2565.mp4,0.23372380503885096
real,MSR-VTT,video2566.mp4,0.07500882976218506
real,MSR-VTT,video2567.mp4,0.3109547916176124
real,MSR-VTT,video2568.mp4,0.1439251236166706
real,MSR-VTT,video2569.mp4,0.05082999764539675
real,MSR-VTT,video257.mp4,0.28993995761714153
real,MSR-VTT,video2570.mp4,0.11750941841299742
real,MSR-VTT,video2571.mp4,0.45396750647515893
real,MSR-VTT,video2572.mp4,0.19278314104073463
real,MSR-VTT,video2573.mp4,0.11917235695785261
real,MSR-VTT,video2574.mp4,0.07411113727336943
real,MSR-VTT,video2575.mp4,0.1062073228161055
real,MSR-VTT,video2576.mp4,0.30817341652931485
real,MSR-VTT,video2577.mp4,0.7210383800329645
real,MSR-VTT,video2578.mp4,0.10450023546032494
real,MSR-VTT,video2579.mp4,0.040057687779609136
real,MSR-VTT,video258.mp4,0.6727690134212385
real,MSR-VTT,video2580.mp4,0.16402754885801743
real,MSR-VTT,video2581.mp4,0.30493583706145516
real,MSR-VTT,video2582.mp4,0.0697992700729927
real,MSR-VTT,video2583.mp4,0.05143336472804332
real,MSR-VTT,video2584.mp4,0.22508535436778904
real,MSR-VTT,video2585.mp4,0.06924005180127149
real,MSR-VTT,video2586.mp4,0.0851189074640923
real,MSR-VTT,video2587.mp4,0.531934306569343
real,MSR-VTT,video2588.mp4,0.043810336708264654
real,MSR-VTT,video2589.mp4,0.052183894513774434
real,MSR-VTT,video259.mp4,0.27704850482693666
real,MSR-VTT,video2590.mp4,0.12476453967506476
real,MSR-VTT,video2591.mp4,0.13090122439368967
real,MSR-VTT,video2592.mp4,0.4862108547209795
real,MSR-VTT,video2593.mp4,0.1940781728278785
real,MSR-VTT,video2594.mp4,0.7794914056981399
real,MSR-VTT,video2595.mp4,0.30818813279962326
real,MSR-VTT,video2596.mp4,0.04731280904167648
real,MSR-VTT,video2597.mp4,0.24059630327289852
real,MSR-VTT,video2598.mp4,0.15042971509300682
real,MSR-VTT,video2599.mp4,0.008535436778902755
real,MSR-VTT,video26.mp4,0.05973334118201083
real,MSR-VTT,video260.mp4,0.24689486696491642
real,MSR-VTT,video2600.mp4,0.34302154461973156
real,MSR-VTT,video2601.mp4,0.38881857781963736
real,MSR-VTT,video2602.mp4,0.23437132093242288
real,MSR-VTT,video2603.mp4,0.1539174711561102
real,MSR-VTT,video2604.mp4,0.282096185542736
real,MSR-VTT,video2605.mp4,0.3562809041676478
real,MSR-VTT,video2606.mp4,0.2866876618789734
real,MSR-VTT,video2607.mp4,0.011920178949846951
real,MSR-VTT,video2608.mp4,0.596347421709442
real,MSR-VTT,video2609.mp4,0.2791970802919708
real,MSR-VTT,video261.mp4,0.3215505062396986
real,MSR-VTT,video2610.mp4,0.2018189310101248
real,MSR-VTT,video2611.mp4,0.8060542736048976
real,MSR-VTT,video2612.mp4,0.017688956910760535
real,MSR-VTT,video2613.mp4,0.22095008241111375
real,MSR-VTT,video2614.mp4,0.2949876383329409
real,MSR-VTT,video2615.mp4,0.4933923946315046
real,MSR-VTT,video2616.mp4,0.0257829055804097
real,MSR-VTT,video2617.mp4,0.03734989404285378
real,MSR-VTT,video2618.mp4,0.01692371085472098
real,MSR-VTT,video2619.mp4,0.32118259948198724
real,MSR-VTT,video262.mp4,0.03695255474452555
real,MSR-VTT,video2620.mp4,0.7048799152342831
real,MSR-VTT,video2621.mp4,0.020058276430421476
real,MSR-VTT,video2622.mp4,0.7877766658817988
real,MSR-VTT,video2623.mp4,0.046532846715328466
real,MSR-VTT,video2624.mp4,0.4490375559218272
real,MSR-VTT,video2625.mp4,0.2617141511655286
real,MSR-VTT,video2626.mp4,0.39492582999764536
real,MSR-VTT,video2627.mp4,0.12763421238521308
real,MSR-VTT,video2628.mp4,0.1344331292677184
real,MSR-VTT,video2629.mp4,0.15360842947963269
real,MSR-VTT,video263.mp4,0.16773604897574756
real,MSR-VTT,video2630.mp4,0.29305980692253353
real,MSR-VTT,video2631.mp4,0.16872203908641395
real,MSR-VTT,video2632.mp4,0.23194313633152813
real,MSR-VTT,video2633.mp4,0.27294266541087825
real,MSR-VTT,video2634.mp4,0.5110372027313398
real,MSR-VTT,video2635.mp4,0.015981869554979985
real,MSR-VTT,video2636.mp4,0.31269131151400986
real,MSR-VTT,video2637.mp4,0.15777313397692488
real,MSR-VTT,video2638.mp4,0.17073816811867198
real,MSR-VTT,video2639.mp4,0.14265952437014362
real,MSR-VTT,video264.mp4,0.5798210501530492
real,MSR-VTT,video2640.mp4,0.1621880150694608
real,MSR-VTT,video2641.mp4,0.04703319990581587
real,MSR-VTT,video2642.mp4,0.06192606545797033
real,MSR-VTT,video2643.mp4,0.0551712973863904
real,MSR-VTT,video2644.mp4,0.8716741229102896
real,MSR-VTT,video2645.mp4,0.5321991994348952
real,MSR-VTT,video2646.mp4,0.044678596656463385
real,MSR-VTT,video2647.mp4,0.20635154226512833
real,MSR-VTT,video2648.mp4,0.046562279255945374
real,MSR-VTT,video2649.mp4,0.21978749705674594
real,MSR-VTT,video265.mp4,0.07814339533788557
real,MSR-VTT,video2650.mp4,0.09149105250765246
real,MSR-VTT,video2651.mp4,0.029682717212149753
real,MSR-VTT,video2652.mp4,0.06083706145514481
real,MSR-VTT,video2653.mp4,0.042618318813279966
real,MSR-VTT,video2654.mp4,0.15350541558747352
real,MSR-VTT,video2655.mp4,0.3372380503885095
real,MSR-VTT,video2656.mp4,0.10289616199670357
real,MSR-VTT,video2657.mp4,0.05283141040734636
real,MSR-VTT,video2658.mp4,0.8051271485754651
real,MSR-VTT,video2659.mp4,0.2752825523899223
real,MSR-VTT,video266.mp4,0.16727984459618553
real,MSR-VTT,video2660.mp4,0.12339592653637863
real,MSR-VTT,video2661.mp4,0.2188309394866965
real,MSR-VTT,video2662.mp4,0.460530963032729
real,MSR-VTT,video2663.mp4,0.47679244172356955
real,MSR-VTT,video2664.mp4,0.45677831410407344
real,MSR-VTT,video2665.mp4,0.2567106192606546
real,MSR-VTT,video2666.mp4,0.5151283258770897
real,MSR-VTT,video2667.mp4,0.07400812338121027
real,MSR-VTT,video2668.mp4,0.01580527431127855
real,MSR-VTT,video2669.mp4,0.5723157522957382
real,MSR-VTT,video267.mp4,0.1232487638332941
real,MSR-VTT,video2670.mp4,0.3730721685895927
real,MSR-VTT,video2671.mp4,0.1318577819637391
real,MSR-VTT,video2672.mp4,0.19172356957852602
real,MSR-VTT,video2673.mp4,0.1818931010124794
real,MSR-VTT,video2674.mp4,0.015864139392512362
real,MSR-VTT,video2675.mp4,0.019528490699317162
real,MSR-VTT,video2676.mp4,0.010198375323757947
real,MSR-VTT,video2677.mp4,0.17505003531904872
real,MSR-VTT,video2678.mp4,0.8906139627972687
real,MSR-VTT,video2679.mp4,0.4856663527195668
real,MSR-VTT,video268.mp4,0.0165410878267012
real,MSR-VTT,video2680.mp4,0.9245938309394868
real,MSR-VTT,video2681.mp4,0.08890098893336473
real,MSR-VTT,video2682.mp4,0.03467153284671533
real,MSR-VTT,video2683.mp4,0.08111608194019307
real,MSR-VTT,video2684.mp4,0.09893748528372968
real,MSR-VTT,video2685.mp4,0.06214680951259713
real,MSR-VTT,video2686.mp4,0.7191546974334825
real,MSR-VTT,video2687.mp4,0.2129002825523899
real,MSR-VTT,video2688.mp4,0.40572757240404994
real,MSR-VTT,video2689.mp4,0.0571432776077231
real,MSR-VTT,video269.mp4,0.04778372969154697
real,MSR-VTT,video2690.mp4,0.21646161996703556
real,MSR-VTT,video2691.mp4,0.3407552389922298
real,MSR-VTT,video2692.mp4,0.2598451848363551
real,MSR-VTT,video2693.mp4,0.32834942312220394
real,MSR-VTT,video2694.mp4,0.7948846244407817
real,MSR-VTT,video2695.mp4,0.48880091829526723
real,MSR-VTT,video2696.mp4,0.07696609371320932
real,MSR-VTT,video2697.mp4,0.3001383329408995
real,MSR-VTT,video2698.mp4,0.3292471156110195
real,MSR-VTT,video2699.mp4,0.2547680715799388
real,MSR-VTT,video27.mp4,0.6264716270308452
real,MSR-VTT,video270.mp4,0.026047798445961855
real,MSR-VTT,video2700.mp4,0.04622380503885096
real,MSR-VTT,video2701.mp4,0.022251000706380974
real,MSR-VTT,video2702.mp4,0.4484047562985637
real,MSR-VTT,video2703.mp4,0.30918883918059803
real,MSR-VTT,video2704.mp4,0.3710854720979515
real,MSR-VTT,video2705.mp4,0.2825229573816812
real,MSR-VTT,video2706.mp4,0.09895220155403814
real,MSR-VTT,video2707.mp4,0.09674476100777019
real,MSR-VTT,video2708.mp4,0.24203849776312691
real,MSR-VTT,video2709.mp4,0.038630209559689196
real,MSR-VTT,video271.mp4,0.019381327996232635
real,MSR-VTT,video2710.mp4,0.2987844360725218
real,MSR-VTT,video2711.mp4,0.45835295502707796
real,MSR-VTT,video2712.mp4,0.14778078643748527
real,MSR-VTT,video2713.mp4,0.08207263951024253
real,MSR-VTT,video2714.mp4,0.13678773251707088
real,MSR-VTT,video2715.mp4,0.30662820814692726
real,MSR-VTT,video2716.mp4,0.46890452083823875
real,MSR-VTT,video2717.mp4,0.03709971744761008
real,MSR-VTT,video2718.mp4,0.41972274546738875
real,MSR-VTT,video2719.mp4,0.007313986343301154
real,MSR-VTT,video272.mp4,0.2655256651754179
real,MSR-VTT,video2720.mp4,0.028578996939015777
real,MSR-VTT,video2721.mp4,0.22012597127384037
real,MSR-VTT,video2722.mp4,0.072212738403579
real,MSR-VTT,video2723.mp4,0.01293560160113021
real,MSR-VTT,video2724.mp4,0.42045855898281137
real,MSR-VTT,video2725.mp4,0.17727219213562515
real,MSR-VTT,video2726.mp4,0.474305392041441
real,MSR-VTT,video2727.mp4,0.15917117965622793
real,MSR-VTT,video2728.mp4,0.6818489522015541
real,MSR-VTT,video2729.mp4,0.29985872380503886
real,MSR-VTT,video273.mp4,0.045164233576642336
real,MSR-VTT,video2730.mp4,0.02395808806216153
real,MSR-VTT,video2731.mp4,0.06738580174240641
real,MSR-VTT,video2732.mp4,0.12077643042147398
real,MSR-VTT,video2733.mp4,0.3431687073228161
real,MSR-VTT,video2734.mp4,0.9665352013185778
real,MSR-VTT,video2735.mp4,0.7164321874264187
real,MSR-VTT,video2736.mp4,0.15421179656227926
real,MSR-VTT,video2737.mp4,0.017674240640452085
real,MSR-VTT,video2738.mp4,0.274752766658818
real,MSR-VTT,video2739.mp4,0.008491287967977396
real,MSR-VTT,video274.mp4,0.023501883682599485
real,MSR-VTT,video2740.mp4,0.5302272192135625
real,MSR-VTT,video2741.mp4,0.03976336237344008
real,MSR-VTT,video2742.mp4,0.5794825759359548
real,MSR-VTT,video2743.mp4,0.48981634094655047
real,MSR-VTT,video2744.mp4,0.5748322345184836
real,MSR-VTT,video2745.mp4,0.35773781492818457
real,MSR-VTT,video2746.mp4,0.23802095596891923
real,MSR-VTT,video2747.mp4,0.7867906757711325
real,MSR-VTT,video2748.mp4,0.5780698139863434
real,MSR-VTT,video2749.mp4,0.34180009418413
real,MSR-VTT,video275.mp4,0.39910525076524606
real,MSR-VTT,video2750.mp4,0.29142630091829524
real,MSR-VTT,video2751.mp4,0.04272133270543914
real,MSR-VTT,video2752.mp4,0.5840299034612668
real,MSR-VTT,video2753.mp4,0.5920502707793737
real,MSR-VTT,video2754.mp4,0.45985401459854014
real,MSR-VTT,video2755.mp4,0.6569490228396515
real,MSR-VTT,video2756.mp4,0.023340004709206497
real,MSR-VTT,video2757.mp4,0.06526665881798917
real,MSR-VTT,video2758.mp4,0.010919472568872143
real,MSR-VTT,video2759.mp4,0.00398810925359077
real,MSR-VTT,video276.mp4,0.06664998822698376
real,MSR-VTT,video2760.mp4,0.17424064045208382
real,MSR-VTT,video2761.mp4,0.46830115375559217
real,MSR-VTT,video2762.mp4,0.19437249823404756
real,MSR-VTT,video2763.mp4,0.0303890981869555
real,MSR-VTT,video2764.mp4,0.32581822462915
real,MSR-VTT,video2765.mp4,0.13054803390628678
real,MSR-VTT,video2766.mp4,0.20359959971744762
real,MSR-VTT,video2767.mp4,0.24783670826465742
real,MSR-VTT,video2768.mp4,0.14391040734636215
real,MSR-VTT,video2769.mp4,0.025724040499175888
real,MSR-VTT,video277.mp4,0.2827584177066164
real,MSR-VTT,video2770.mp4,0.3658170473275253
real,MSR-VTT,video2771.mp4,0.6817312220390864
real,MSR-VTT,video2772.mp4,0.1541676477513539
real,MSR-VTT,video2773.mp4,0.5293000941841299
real,MSR-VTT,video2774.mp4,0.298887449964681
real,MSR-VTT,video2775.mp4,0.31651754179420766
real,MSR-VTT,video2776.mp4,0.5727130915940664
real,MSR-VTT,video2777.mp4,0.08804744525547445
real,MSR-VTT,video2778.mp4,0.00540087120320226
real,MSR-VTT,video2779.mp4,0.1289145279020485
real,MSR-VTT,video278.mp4,0.08629620908876855
real,MSR-VTT,video2780.mp4,0.010963621379797504
real,MSR-VTT,video2781.mp4,0.76883682599482
real,MSR-VTT,video2782.mp4,0.34465505062396984
real,MSR-VTT,video2783.mp4,0.15050329644454907
real,MSR-VTT,video2784.mp4,0.13852425241346833
real,MSR-VTT,video2785.mp4,0.30614257122674826
real,MSR-VTT,video2786.mp4,0.018483635507417
real,MSR-VTT,video2787.mp4,0.5858400047092065
real,MSR-VTT,video2788.mp4,0.041176124323051566
real,MSR-VTT,video2789.mp4,0.8820638097480575
real,MSR-VTT,video279.mp4,0.3819313633152814
real,MSR-VTT,video2790.mp4,0.1492524134683306
real,MSR-VTT,video2791.mp4,0.13497763126913115
real,MSR-VTT,video2792.mp4,0.1572727807864375
real,MSR-VTT,video2793.mp4,0.611387449964681
real,MSR-VTT,video2794.mp4,0.3021250294325406
real,MSR-VTT,video2795.mp4,0.07665705203673182
real,MSR-VTT,video2796.mp4,0.06429538497763126
real,MSR-VTT,video2797.mp4,0.062132093242288675
real,MSR-VTT,video2798.mp4,0.03378855662820815
real,MSR-VTT,video2799.mp4,0.43171650576877796
real,MSR-VTT,video28.mp4,0.07771662349894043
real,MSR-VTT,video280.mp4,0.005592182717212149
real,MSR-VTT,video2800.mp4,0.15584530256651755
real,MSR-VTT,video2801.mp4,0.10177772545326112
real,MSR-VTT,video2802.mp4,0.29467859665646334
real,MSR-VTT,video2803.mp4,0.17266599952907935
real,MSR-VTT,video2804.mp4,0.26969036967271015
real,MSR-VTT,video2805.mp4,0.05443548387096774
real,MSR-VTT,video2806.mp4,0.058114551448080996
real,MSR-VTT,video2807.mp4,0.03493642571226748
real,MSR-VTT,video2808.mp4,0.012626559924652695
real,MSR-VTT,video2809.mp4,0.21743289380739345
real,MSR-VTT,video281.mp4,0.24351012479397222
real,MSR-VTT,video2810.mp4,0.16067223922769014
real,MSR-VTT,video2811.mp4,0.4068312926771839
real,MSR-VTT,video2812.mp4,0.1432923239934071
real,MSR-VTT,video2813.mp4,0.3031404520838239
real,MSR-VTT,video2814.mp4,0.06298563692017894
real,MSR-VTT,video2815.mp4,0.07337532375794678
real,MSR-VTT,video2816.mp4,0.026680598069225334
real,MSR-VTT,video2817.mp4,0.21719743348245818
real,MSR-VTT,video2818.mp4,0.20777902048504826
real,MSR-VTT,video2819.mp4,0.10332293383564868
real,MSR-VTT,video282.mp4,0.017291617612432305
real,MSR-VTT,video2820.mp4,0.019528490699317162
real,MSR-VTT,video2821.mp4,0.016997292206263247
real,MSR-VTT,video2822.mp4,0.9932305156581116
real,MSR-VTT,video2823.mp4,0.06885742877325171
real,MSR-VTT,video2824.mp4,0.15602189781021897
real,MSR-VTT,video2825.mp4,0.01683541323287026
real,MSR-VTT,video2826.mp4,0.3560748763833294
real,MSR-VTT,video2827.mp4,0.19466682364021662
real,MSR-VTT,video2828.mp4,0.021662349894042855
real,MSR-VTT,video2829.mp4,0.224305392041441
real,MSR-VTT,video283.mp4,0.08535436778902755
real,MSR-VTT,video2830.mp4,0.3404903461266776
real,MSR-VTT,video2831.mp4,0.4365434424299506
real,MSR-VTT,video2832.mp4,0.020646927242759596
real,MSR-VTT,video2833.mp4,0.21382740758182245
real,MSR-VTT,video2834.mp4,0.1833647280433247
real,MSR-VTT,video2835.mp4,0.5018542500588651
real,MSR-VTT,video2836.mp4,0.04977042618318813
real,MSR-VTT,video2837.mp4,0.026592300447374616
real,MSR-VTT,video2838.mp4,0.40388803861549327
real,MSR-VTT,video2839.mp4,0.2192282787850247
real,MSR-VTT,video284.mp4,0.006357428773251707
real,MSR-VTT,video2840.mp4,0.13767070873557805
real,MSR-VTT,video2841.mp4,0.16354191193783846
real,MSR-VTT,video2842.mp4,0.005077113256416294
real,MSR-VTT,video2843.mp4,0.1138450671061926
real,MSR-VTT,video2844.mp4,0.03534848128090417
real,MSR-VTT,video2845.mp4,0.344139981163174
real,MSR-VTT,video2846.mp4,0.21752119142924414
real,MSR-VTT,video2847.mp4,0.6532699552625383
real,MSR-VTT,video2848.mp4,0.027681304450200138
real,MSR-VTT,video2849.mp4,0.036834824582057925
real,MSR-VTT,video285.mp4,0.30799682128561334
real,MSR-VTT,video2850.mp4,0.3930568636684718
real,MSR-VTT,video2851.mp4,0.6409965858252884
real,MSR-VTT,video2852.mp4,0.22286319755121262
real,MSR-VTT,video2853.mp4,0.3402254532611255
real,MSR-VTT,video2854.mp4,0.2453643748528373
real,MSR-VTT,video2855.mp4,0.07241876618789733
real,MSR-VTT,video2856.mp4,0.2754738639039322
real,MSR-VTT,video2857.mp4,0.038718507181539914
real,MSR-VTT,video2858.mp4,0.06061631740051801
real,MSR-VTT,video2859.mp4,0.6097392276901342
real,MSR-VTT,video286.mp4,0.026739463150459147
real,MSR-VTT,video2860.mp4,0.7902637155639274
real,MSR-VTT,video2861.mp4,0.8053773251707087
real,MSR-VTT,video2862.mp4,0.27072050859430186
real,MSR-VTT,video2863.mp4,0.5895337885566282
real,MSR-VTT,video2864.mp4,0.22795502707793736
real,MSR-VTT,video2865.mp4,0.36605250765246056
real,MSR-VTT,video2866.mp4,0.18672003767365197
real,MSR-VTT,video2867.mp4,0.002884388980456793
real,MSR-VTT,video2868.mp4,0.2645396750647516
real,MSR-VTT,video2869.mp4,0.24677713680244878
real,MSR-VTT,video287.mp4,0.09419884624440782
real,MSR-VTT,video2870.mp4,0.0858105721685896
real,MSR-VTT,video2871.mp4,0.09848128090416765
real,MSR-VTT,video2872.mp4,0.028063927478219917
real,MSR-VTT,video2873.mp4,0.291352719566753
real,MSR-VTT,video2874.mp4,0.02996232634801036
real,MSR-VTT,video2875.mp4,0.961929008712032
real,MSR-VTT,video2876.mp4,0.4070078879208853
real,MSR-VTT,video2877.mp4,0.22789616199670357
real,MSR-VTT,video2878.mp4,0.0755680480339063
real,MSR-VTT,video2879.mp4,0.07122674829291264
real,MSR-VTT,video288.mp4,0.07945314339533789
real,MSR-VTT,video2880.mp4,0.1378767365198964
real,MSR-VTT,video2881.mp4,0.14626501059571462
real,MSR-VTT,video2882.mp4,0.4664174711561102
real,MSR-VTT,video2883.mp4,0.028034494937603016
real,MSR-VTT,video2884.mp4,0.3454938780315517
real,MSR-VTT,video2885.mp4,0.03773251707087356
real,MSR-VTT,video2886.mp4,0.06943136331528138
real,MSR-VTT,video2887.mp4,0.012185071815399105
real,MSR-VTT,video2888.mp4,0.3483194019307747
real,MSR-VTT,video2889.mp4,0.13980456793030374
real,MSR-VTT,video289.mp4,0.04578231692959736
real,MSR-VTT,video2890.mp4,0.11750941841299742
real,MSR-VTT,video2891.mp4,0.3002560631033671
real,MSR-VTT,video2892.mp4,0.07634801036025429
real,MSR-VTT,video2893.mp4,0.32444961149046386
real,MSR-VTT,video2894.mp4,0.05823228161054862
real,MSR-VTT,video2895.mp4,0.1588621379797504
real,MSR-VTT,video2896.mp4,0.02203025665175418
real,MSR-VTT,video2897.mp4,0.030286084294796324
real,MSR-VTT,video2898.mp4,0.18954556157287497
real,MSR-VTT,video2899.mp4,0.604632681893101
real,MSR-VTT,video29.mp4,0.15895043560160113
real,MSR-VTT,video290.mp4,0.16461619967035554
real,MSR-VTT,video2900.mp4,0.3509977631269131
real,MSR-VTT,video2901.mp4,0.11621438662585354
real,MSR-VTT,video2902.mp4,0.3197404049917589
real,MSR-VTT,video2903.mp4,0.5558629620908877
real,MSR-VTT,video2904.mp4,0.017688956910760535
real,MSR-VTT,video2905.mp4,0.13193136331528135
real,MSR-VTT,video2906.mp4,0.09450788792088533
real,MSR-VTT,video2907.mp4,0.12011419825759359
real,MSR-VTT,video2908.mp4,0.6683099835177773
real,MSR-VTT,video2909.mp4,0.26424534965858254
real,MSR-VTT,video291.mp4,0.14851659995290795
real,MSR-VTT,video2910.mp4,0.053037438191664704
real,MSR-VTT,video2911.mp4,0.01122851424534966
real,MSR-VTT,video2912.mp4,0.11592006121968448
real,MSR-VTT,video2913.mp4,0.1106516364492583
real,MSR-VTT,video2914.mp4,0.16126089004002825
real,MSR-VTT,video2915.mp4,0.05711384506710619
real,MSR-VTT,video2916.mp4,0.2745614551448081
real,MSR-VTT,video2917.mp4,0.18271721214975278
real,MSR-VTT,video2918.mp4,0.08934247704261833
real,MSR-VTT,video2919.mp4,0.19375441488109252
real,MSR-VTT,video292.mp4,0.228072757240405
real,MSR-VTT,video2920.mp4,0.3152372262773723
real,MSR-VTT,video2921.mp4,0.6435425005886508
real,MSR-VTT,video2922.mp4,0.12937073228161056
real,MSR-VTT,video2923.mp4,0.44379856369201787
real,MSR-VTT,video2924.mp4,0.07062338121026607
real,MSR-VTT,video2925.mp4,0.34803979279491404
real,MSR-VTT,video2926.mp4,0.8703643748528374
real,MSR-VTT,video2927.mp4,0.23372380503885093
real,MSR-VTT,video2928.mp4,0.3936749470214269
real,MSR-VTT,video2929.mp4,0.16959029903461267
real,MSR-VTT,video293.mp4,0.1359636213797975
real,MSR-VTT,video2930.mp4,0.10545679303037439
real,MSR-VTT,video2931.mp4,0.24757181539910525
real,MSR-VTT,video2932.mp4,0.1473098657876148
real,MSR-VTT,video2933.mp4,0.05892394631504591
real,MSR-VTT,video2934.mp4,0.37068813279962326
real,MSR-VTT,video2935.mp4,0.18435071815399107
real,MSR-VTT,video2936.mp4,0.08666411584647987
real,MSR-VTT,video2937.mp4,0.35558923946315046
real,MSR-VTT,video2938.mp4,0.04114669178243466
real,MSR-VTT,video2939.mp4,0.10588356486931952
real,MSR-VTT,video294.mp4,0.2341211443371792
real,MSR-VTT,video2940.mp4,0.310778196373911
real,MSR-VTT,video2941.mp4,0.4806481045443842
real,MSR-VTT,video2942.mp4,0.1582734871674123
real,MSR-VTT,video2943.mp4,0.03141923710854721
real,MSR-VTT,video2944.mp4,0.19816929597362842
real,MSR-VTT,video2945.mp4,0.03885095361431599
real,MSR-VTT,video2946.mp4,0.0955821756534024
real,MSR-VTT,video2947.mp4,0.09924652696020721
real,MSR-VTT,video2948.mp4,0.12545620437956204
real,MSR-VTT,video2949.mp4,0.041352719566753
real,MSR-VTT,video295.mp4,0.14164410171886038
real,MSR-VTT,video2950.mp4,0.2937661878973393
real,MSR-VTT,video2951.mp4,0.12826701200847657
real,MSR-VTT,video2952.mp4,0.32028490699317164
real,MSR-VTT,video2953.mp4,0.05493583706145515
real,MSR-VTT,video2954.mp4,0.22774899929361903
real,MSR-VTT,video2955.mp4,0.8904815163644926
real,MSR-VTT,video2956.mp4,0.14388097480574524
real,MSR-VTT,video2957.mp4,0.24922003767365197
real,MSR-VTT,video2958.mp4,0.39255651047798445
real,MSR-VTT,video2959.mp4,0.2348128090416765
real,MSR-VTT,video296.mp4,0.12925300211914292
real,MSR-VTT,video2960.mp4,0.03796797739580881
real,MSR-VTT,video2961.mp4,0.09127030845302567
real,MSR-VTT,video2962.mp4,0.14710383800329646
real,MSR-VTT,video2963.mp4,0.5000441488109254
real,MSR-VTT,video2964.mp4,0.03977807864374853
real,MSR-VTT,video2965.mp4,0.182790793501295
real,MSR-VTT,video2966.mp4,0.1979044031080763
real,MSR-VTT,video2967.mp4,0.2805068283494231
real,MSR-VTT,video2968.mp4,0.46557864374852836
real,MSR-VTT,video2969.mp4,0.11717094419590299
real,MSR-VTT,video297.mp4,0.047680715799387804
real,MSR-VTT,video2970.mp4,0.36901047798445963
real,MSR-VTT,video2971.mp4,0.06898987520602778
real,MSR-VTT,video2972.mp4,0.18714680951259713
real,MSR-VTT,video2973.mp4,0.025797621850718152
real,MSR-VTT,video2974.mp4,0.15714033435366143
real,MSR-VTT,video2975.mp4,0.15812632446432776
real,MSR-VTT,video2976.mp4,0.4703908641393925
real,MSR-VTT,video2977.mp4,0.0464592653637862
real,MSR-VTT,video2978.mp4,0.014583823875676949
real,MSR-VTT,video2979.mp4,0.24748351777725452
real,MSR-VTT,video298.mp4,0.07914410171886038
real,MSR-VTT,video2980.mp4,0.09076995526253825
real,MSR-VTT,video2981.mp4,0.34812809041676473
real,MSR-VTT,video2982.mp4,0.034215328467153285
real,MSR-VTT,video2983.mp4,0.18601365669884626
real,MSR-VTT,video2984.mp4,0.027740169531433954
real,MSR-VTT,video2985.mp4,0.22324582057923242
real,MSR-VTT,video2986.mp4,0.5267688956910761
real,MSR-VTT,video2987.mp4,0.1386861313868613
real,MSR-VTT,video2988.mp4,0.2607134447845538
real,MSR-VTT,video2989.mp4,0.5137449964680951
real,MSR-VTT,video299.mp4,0.03378855662820815
real,MSR-VTT,video2990.mp4,0.14602955027077938
real,MSR-VTT,video2991.mp4,0.11257946785966565
real,MSR-VTT,video2992.mp4,0.42796385684012245
real,MSR-VTT,video2993.mp4,0.5333912173298799
real,MSR-VTT,video2994.mp4,0.17999470214268895
real,MSR-VTT,video2995.mp4,0.6969331292677183
real,MSR-VTT,video2996.mp4,0.42072345184836357
real,MSR-VTT,video2997.mp4,0.05965975983046856
real,MSR-VTT,video2998.mp4,0.27718095125971276
real,MSR-VTT,video2999.mp4,0.31612020249587947
real,MSR-VTT,video3.mp4,0.025768189310101247
real,MSR-VTT,video30.mp4,0.1830115375559218
real,MSR-VTT,video300.mp4,0.2706469272427596
real,MSR-VTT,video3000.mp4,0.08707617141511656
real,MSR-VTT,video3001.mp4,0.8530138921591712
real,MSR-VTT,video3002.mp4,0.15107723098657877
real,MSR-VTT,video3003.mp4,0.11646456322109724
real,MSR-VTT,video3004.mp4,0.2949140569813986
real,MSR-VTT,video3005.mp4,0.1356840122439369
real,MSR-VTT,video3006.mp4,0.06912232163880386
real,MSR-VTT,video3007.mp4,0.5227219213562515
real,MSR-VTT,video3008.mp4,0.13918648457734872
real,MSR-VTT,video3009.mp4,0.7366229102896162
real,MSR-VTT,video301.mp4,0.11624381916647046
real,MSR-VTT,video3010.mp4,0.3291146691782435
real,MSR-VTT,video3011.mp4,0.0052537085001177295
real,MSR-VTT,video3012.mp4,0.09355133035083589
real,MSR-VTT,video3013.mp4,0.42112079114669176
real,MSR-VTT,video3014.mp4,0.5644278314104074
real,MSR-VTT,video3015.mp4,0.07980633388274076
real,MSR-VTT,video3016.mp4,0.39155580409700963
real,MSR-VTT,video3017.mp4,0.25697551212620673
real,MSR-VTT,video3018.mp4,0.17683070402637155
real,MSR-VTT,video3019.mp4,0.28350894749234756
real,MSR-VTT,video302.mp4,0.5354662114433717
real,MSR-VTT,video3020.mp4,0.057157993878031554
real,MSR-VTT,video3021.mp4,0.0821756534024017
real,MSR-VTT,video3022.mp4,0.4255062396986108
real,MSR-VTT,video3024.mp4,0.10885625147162703
real,MSR-VTT,video3025.mp4,0.09756887214504356
real,MSR-VTT,video3026.mp4,0.099467271014834
real,MSR-VTT,video3027.mp4,0.05992465269602072
real,MSR-VTT,video3028.mp4,0.11372733694372497
real,MSR-VTT,video3029.mp4,0.014112903225806451
real,MSR-VTT,video303.mp4,0.003473039792794914
real,MSR-VTT,video3030.mp4,0.300579821050153
real,MSR-VTT,video3031.mp4,0.46138450671061926
real,MSR-VTT,video3032.mp4,0.21247351071344478
real,MSR-VTT,video3033.mp4,0.12145337885566282
real,MSR-VTT,video3034.mp4,0.056510477984459614
real,MSR-VTT,video3035.mp4,0.1658523663762656
real,MSR-VTT,video3036.mp4,0.12333706145514481
real,MSR-VTT,video3037.mp4,0.05780550977160349
real,MSR-VTT,video3038.mp4,0.06804803390628679
real,MSR-VTT,video3039.mp4,0.2277784318342359
real,MSR-VTT,video304.mp4,0.2947080291970803
real,MSR-VTT,video3040.mp4,0.055656934306569344
real,MSR-VTT,video3041.mp4,0.7022309865787615
real,MSR-VTT,video3042.mp4,0.008800329644454909
real,MSR-VTT,video3043.mp4,0.245938309394867
real,MSR-VTT,video3044.mp4,0.0588650812338121
real,MSR-VTT,video3045.mp4,0.09914351306804803
real,MSR-VTT,video3046.mp4,0.09634742170944197
real,MSR-VTT,video3047.mp4,0.049593830939486695
real,MSR-VTT,video3048.mp4,0.012435248410642806
real,MSR-VTT,video3049.mp4,0.790278431834236
real,MSR-VTT,video305.mp4,0.04925535672239227
real,MSR-VTT,video3050.mp4,0.19797798445961856
real,MSR-VTT,video3051.mp4,0.47714563221097245
real,MSR-VTT,video3052.mp4,0.18520426183188132
real,MSR-VTT,video3053.mp4,0.056642924417235695
real,MSR-VTT,video3054.mp4,0.1559924652696021
real,MSR-VTT,video3055.mp4,0.26174358370614553
real,MSR-VTT,video3056.mp4,0.05127148575465034
real,MSR-VTT,video3057.mp4,0.35104191193783846
real,MSR-VTT,video3058.mp4,0.22691017188603718
real,MSR-VTT,video3059.mp4,0.5739934071109019
real,MSR-VTT,video306.mp4,0.03393571933129268
real,MSR-VTT,video3060.mp4,0.1410995997174476
real,MSR-VTT,video3061.mp4,0.32871732987991525
real,MSR-VTT,video3062.mp4,0.01877796091358606
real,MSR-VTT,video3063.mp4,0.06074876383329409
real,MSR-VTT,video3064.mp4,0.7286025429715093
real,MSR-VTT,video3065.mp4,0.2337679538497763
real,MSR-VTT,video3066.mp4,0.061808335295502705
real,MSR-VTT,video3067.mp4,0.4257122674829291
real,MSR-VTT,video3068.mp4,0.004017541794207676
real,MSR-VTT,video3069.mp4,0.10513303508358841
real,MSR-VTT,video307.mp4,0.3202407581822463
real,MSR-VTT,video3070.mp4,0.04575288438898045
real,MSR-VTT,video3072.mp4,0.29620908876854246
real,MSR-VTT,video3073.mp4,0.01951377442900871
real,MSR-VTT,video3074.mp4,0.4781021897810219
real,MSR-VTT,video3075.mp4,0.6501795384977631
real,MSR-VTT,video3076.mp4,0.010316105486225571
real,MSR-VTT,video3077.mp4,0.016644101718860372
real,MSR-VTT,video3078.mp4,0.04201495173063339
real,MSR-VTT,video3079.mp4,0.19659465505062396
real,MSR-VTT,video308.mp4,0.03977807864374853
real,MSR-VTT,video3080.mp4,0.24302448787379327
real,MSR-VTT,video3081.mp4,0.048887449964680946
real,MSR-VTT,video3082.mp4,0.5045914763362374
real,MSR-VTT,video3083.mp4,0.8196521073699081
real,MSR-VTT,video3084.mp4,0.4263450671061926
real,MSR-VTT,video3085.mp4,0.005135978337650106
real,MSR-VTT,video3086.mp4,0.38056275017659524
real,MSR-VTT,video3087.mp4,0.48376795384977633
real,MSR-VTT,video3088.mp4,0.09693607252178008
real,MSR-VTT,video3089.mp4,0.17113550741700023
real,MSR-VTT,video309.mp4,0.023987520602778433
real,MSR-VTT,video3090.mp4,0.2700141276194961
real,MSR-VTT,video3091.mp4,0.5748322345184836
real,MSR-VTT,video3092.mp4,0.35457381681186717
real,MSR-VTT,video3093.mp4,0.23144278314104072
real,MSR-VTT,video3094.mp4,0.15881798916882506
real,MSR-VTT,video3095.mp4,0.2671003060984224
real,MSR-VTT,video3096.mp4,0.16385095361431598
real,MSR-VTT,video3097.mp4,0.8993848599011067
real,MSR-VTT,video3098.mp4,0.08135154226512833
real,MSR-VTT,video3099.mp4,0.15540381445726395
real,MSR-VTT,video31.mp4,0.18151047798445963
real,MSR-VTT,video310.mp4,0.09895220155403815
real,MSR-VTT,video3100.mp4,0.39123204615022367
real,MSR-VTT,video3101.mp4,0.3226836590534495
real,MSR-VTT,video3102.mp4,0.03433305862962091
real,MSR-VTT,video3103.mp4,0.5111255003531905
real,MSR-VTT,video3104.mp4,0.22966211443371792
real,MSR-VTT,video3105.mp4,0.05652519425476807
real,MSR-VTT,video3106.mp4,0.13465387332234519
real,MSR-VTT,video3107.mp4,0.01283258770897104
real,MSR-VTT,video3108.mp4,0.44900812338121027
real,MSR-VTT,video3109.mp4,0.22365787614786908
real,MSR-VTT,video311.mp4,0.01810101247939722
real,MSR-VTT,video3110.mp4,0.6137420532140334
real,MSR-VTT,video3111.mp4,0.43184895220155406
real,MSR-VTT,video3112.mp4,0.5868554273604898
real,MSR-VTT,video3113.mp4,0.5019278314104073
real,MSR-VTT,video3114.mp4,0.40771426889569107
real,MSR-VTT,video3115.mp4,0.6562279255945374
real,MSR-VTT,video3116.mp4,0.13914233576642335
real,MSR-VTT,video3117.mp4,0.05898281139627973
real,MSR-VTT,video3118.mp4,0.29191193783847424
real,MSR-VTT,video3119.mp4,0.05130091829526724
real,MSR-VTT,video312.mp4,0.04205910054155875
real,MSR-VTT,video3120.mp4,0.5852955027077937
real,MSR-VTT,video3121.mp4,0.01687956204379562
real,MSR-VTT,video3122.mp4,0.3321756534024017
real,MSR-VTT,video3123.mp4,0.24680656934306572
real,MSR-VTT,video3124.mp4,0.13034200612196845
real,MSR-VTT,video3125.mp4,0.4494348952201554
real,MSR-VTT,video3126.mp4,0.14469036967271015
real,MSR-VTT,video3127.mp4,0.1566105486225571
real,MSR-VTT,video3128.mp4,0.06392747821991994
real,MSR-VTT,video3129.mp4,0.5428832116788321
real,MSR-VTT,video313.mp4,0.19148810925359078
real,MSR-VTT,video3130.mp4,0.11649399576171415
real,MSR-VTT,video3131.mp4,0.2375647515893572
real,MSR-VTT,video3132.mp4,0.46956675300211914
real,MSR-VTT,video3133.mp4,0.8016688250529785
real,MSR-VTT,video3134.mp4,0.045252531198493054
real,MSR-VTT,video3135.mp4,0.02909406639981163
real,MSR-VTT,video3136.mp4,0.07130032964445492
real,MSR-VTT,video3137.mp4,0.04575288438898046
real,MSR-VTT,video3138.mp4,0.521441605839416
real,MSR-VTT,video3139.mp4,0.8849187661878973
real,MSR-VTT,video314.mp4,0.291514598540146
real,MSR-VTT,video3140.mp4,0.2406551683541323
real,MSR-VTT,video3141.mp4,0.47992700729927007
real,MSR-VTT,video3142.mp4,0.02238344713915705
real,MSR-VTT,video3143.mp4,0.5139804567930304
real,MSR-VTT,video3144.mp4,0.0683865081233812
real,MSR-VTT,video3145.mp4,0.30776136096067813
real,MSR-VTT,video3146.mp4,0.1670443842712503
real,MSR-VTT,video3147.mp4,0.4662114433717919
real,MSR-VTT,video3148.mp4,0.6068401224393689
real,MSR-VTT,video3149.mp4,0.04613550741700024
real,MSR-VTT,video315.mp4,0.5516688250529785
real,MSR-VTT,video3150.mp4,0.6814663291735343
real,MSR-VTT,video3151.mp4,0.21575523899222981
real,MSR-VTT,video3152.mp4,0.004738639039321875
real,MSR-VTT,video3153.mp4,0.17811101954320696
real,MSR-VTT,video3154.mp4,0.1663821521073699
real,MSR-VTT,video3155.mp4,0.19756592889098185
real,MSR-VTT,video3156.mp4,0.16750058865081235
real,MSR-VTT,video3157.mp4,0.5840740522721921
real,MSR-VTT,video3158.mp4,0.19544678596656465
real,MSR-VTT,video3159.mp4,0.13400635742877326
real,MSR-VTT,video316.mp4,0.1832322816105486
real,MSR-VTT,video3160.mp4,0.22262773722627738
real,MSR-VTT,video3161.mp4,0.3373852130915941
real,MSR-VTT,video3162.mp4,0.36619967035554507
real,MSR-VTT,video3163.mp4,0.2695579232399341
real,MSR-VTT,video3164.mp4,0.64364551448081
real,MSR-VTT,video3165.mp4,0.2734724511419826
real,MSR-VTT,video3166.mp4,0.32275724040499176
real,MSR-VTT,video3167.mp4,0.26081645867671294
real,MSR-VTT,video3168.mp4,0.1999058158700259
real,MSR-VTT,video3169.mp4,0.4136302095596892
real,MSR-VTT,video317.mp4,0.219301860136567
real,MSR-VTT,video3170.mp4,0.40191605839416056
real,MSR-VTT,video3171.mp4,0.38082764304214745
real,MSR-VTT,video3172.mp4,0.22354014598540148
real,MSR-VTT,video3173.mp4,0.01808629620908877
real,MSR-VTT,video3174.mp4,0.4627236873086885
real,MSR-VTT,video3175.mp4,0.07982105015304922
real,MSR-VTT,video3176.mp4,0.06601718860372027
real,MSR-VTT,video3177.mp4,0.6277813750882976
real,MSR-VTT,video3178.mp4,0.5104779844596186
real,MSR-VTT,video3179.mp4,0.33167530021191427
real,MSR-VTT,video318.mp4,0.5612491170237814
real,MSR-VTT,video3180.mp4,0.20476218507181543
real,MSR-VTT,video3181.mp4,0.07137391099599717
real,MSR-VTT,video3182.mp4,0.5086973157522957
real,MSR-VTT,video3183.mp4,0.12307216858959266
real,MSR-VTT,video3184.mp4,0.024590887685425007
real,MSR-VTT,video3185.mp4,0.14688309394866966
real,MSR-VTT,video3186.mp4,0.45721980221332703
real,MSR-VTT,video3187.mp4,0.23562220390864141
real,MSR-VTT,video3188.mp4,0.30222804332469977
real,MSR-VTT,video3189.mp4,0.1901342123852131
real,MSR-VTT,video319.mp4,0.4947757240404992
real,MSR-VTT,video3190.mp4,0.011714151165528609
real,MSR-VTT,video3191.mp4,0.005047680715799387
real,MSR-VTT,video3192.mp4,0.49929361902519426
real,MSR-VTT,video3193.mp4,0.30221332705439136
real,MSR-VTT,video3194.mp4,0.2022898516599953
real,MSR-VTT,video3195.mp4,0.3632122674829291
real,MSR-VTT,video3196.mp4,0.023428302331057218
real,MSR-VTT,video3197.mp4,0.6269866964916411
real,MSR-VTT,video3198.mp4,0.34016658817989165
real,MSR-VTT,video3199.mp4,0.07213915705203673
real,MSR-VTT,video32.mp4,0.3397398163409466
real,MSR-VTT,video320.mp4,0.43193724982340476
real,MSR-VTT,video3200.mp4,0.11586119613845068
real,MSR-VTT,video3201.mp4,0.4322610077701907
real,MSR-VTT,video3202.mp4,0.23557805509771604
real,MSR-VTT,video3203.mp4,0.19072286319755122
real,MSR-VTT,video3204.mp4,0.01139039321874264
real,MSR-VTT,video3205.mp4,0.02890275488580174
real,MSR-VTT,video3206.mp4,0.6011154932893807
real,MSR-VTT,video3207.mp4,0.16727984459618556
real,MSR-VTT,video3208.mp4,0.30141864845773486
real,MSR-VTT,video3209.mp4,0.042132681893101015
real,MSR-VTT,video321.mp4,0.5368642571226748
real,MSR-VTT,video3210.mp4,0.0736843654344243
real,MSR-VTT,video3211.mp4,0.150694607958559
real,MSR-VTT,video3212.mp4,0.4227101483400047
real,MSR-VTT,video3213.mp4,0.2605809983517777
real,MSR-VTT,video3214.mp4,0.019616788321167884
real,MSR-VTT,video3215.mp4,0.10904756298563692
real,MSR-VTT,video3216.mp4,0.7806539910525077
real,MSR-VTT,video3217.mp4,0.6710177772545326
real,MSR-VTT,video3218.mp4,0.423401813044502
real,MSR-VTT,video3219.mp4,0.02743112785495644
real,MSR-VTT,video322.mp4,0.5819990581587002
real,MSR-VTT,video3220.mp4,0.23777077937367552
real,MSR-VTT,video3221.mp4,0.056098422415822934
real,MSR-VTT,video3222.mp4,0.20092123852130916
real,MSR-VTT,video3223.mp4,0.11131386861313869
real,MSR-VTT,video3224.mp4,0.02887332234518484
real,MSR-VTT,video3225.mp4,0.03761478690840593
real,MSR-VTT,video3226.mp4,0.25462090887685424
real,MSR-VTT,video3227.mp4,0.8598716741229102
real,MSR-VTT,video3228.mp4,0.7288968683776784
real,MSR-VTT,video3229.mp4,0.17547680715799385
real,MSR-VTT,video323.mp4,0.2955468566046621
real,MSR-VTT,video3230.mp4,0.12188015069460796
real,MSR-VTT,video3231.mp4,0.10792912644219449
real,MSR-VTT,video3232.mp4,0.12767836119613846
real,MSR-VTT,video3233.mp4,0.5240463856840122
real,MSR-VTT,video3234.mp4,0.07795208382387567
real,MSR-VTT,video3235.mp4,0.3637420532140334
real,MSR-VTT,video3236.mp4,0.32749587944431363
real,MSR-VTT,video3237.mp4,0.2009065222510007
real,MSR-VTT,video3238.mp4,0.7430833529550271
real,MSR-VTT,video3239.mp4,0.32344890510948904
real,MSR-VTT,video324.mp4,0.2739875206027784
real,MSR-VTT,video3240.mp4,0.109180009418413
real,MSR-VTT,video3241.mp4,0.036452201554038145
real,MSR-VTT,video3242.mp4,0.26858664939957616
real,MSR-VTT,video3243.mp4,0.34180009418412993
real,MSR-VTT,video3244.mp4,0.011728867435837061
real,MSR-VTT,video3245.mp4,0.3477601836590535
real,MSR-VTT,video3246.mp4,0.18152519425476807
real,MSR-VTT,video3247.mp4,0.06841594066399811
real,MSR-VTT,video3248.mp4,0.1869996468095126
real,MSR-VTT,video3249.mp4,0.7094125264892865
real,MSR-VTT,video325.mp4,0.36436013656698846
real,MSR-VTT,video3250.mp4,0.03171356251471627
real,MSR-VTT,video3251.mp4,0.2565487402872616
real,MSR-VTT,video3252.mp4,0.6209677419354839
real,MSR-VTT,video3253.mp4,0.028873322345184835
real,MSR-VTT,video3254.mp4,0.024399576171415117
real,MSR-VTT,video3255.mp4,0.029064633859194725
real,MSR-VTT,video3256.mp4,0.6244849305392042
real,MSR-VTT,video3257.mp4,0.02378149281846009
real,MSR-VTT,video3258.mp4,0.09327172121497529
real,MSR-VTT,video3259.mp4,0.28629032258064513
real,MSR-VTT,video326.mp4,0.5326701200847658
real,MSR-VTT,video3260.mp4,0.4687867906757711
real,MSR-VTT,video3261.mp4,0.0564221803626089
real,MSR-VTT,video3262.mp4,0.3933364728043325
real,MSR-VTT,video3263.mp4,0.4172798445961855
real,MSR-VTT,video3264.mp4,0.1429538497763127
real,MSR-VTT,video3265.mp4,0.2322668942783141
real,MSR-VTT,video3266.mp4,0.06395691076053685
real,MSR-VTT,video3267.mp4,0.67028196373911
real,MSR-VTT,video3268.mp4,0.7361225570991288
real,MSR-VTT,video3269.mp4,0.7379032258064516
real,MSR-VTT,video327.mp4,0.1862491170237815
real,MSR-VTT,video3270.mp4,0.06539910525076524
real,MSR-VTT,video3271.mp4,0.08770897103838003
real,MSR-VTT,video3272.mp4,0.0746850718153991
real,MSR-VTT,video3273.mp4,0.3448022133270544
real,MSR-VTT,video3274.mp4,0.04372203908641394
real,MSR-VTT,video3275.mp4,0.09405168354132329
real,MSR-VTT,video3276.mp4,0.055274311278549565
real,MSR-VTT,video3277.mp4,0.5304626795384977
real,MSR-VTT,video3278.mp4,0.028682010831174946
real,MSR-VTT,video3279.mp4,0.008476571697668942
real,MSR-VTT,video328.mp4,0.486387449964681
real,MSR-VTT,video3280.mp4,0.4911113727336944
real,MSR-VTT,video3281.mp4,0.021765363786202023
real,MSR-VTT,video3282.mp4,0.14850188368259948
real,MSR-VTT,video3283.mp4,0.40565399105250766
real,MSR-VTT,video3284.mp4,0.5383064516129032
real,MSR-VTT,video3285.mp4,0.15450612196844832
real,MSR-VTT,video3286.mp4,0.3491876618789734
real,MSR-VTT,video3287.mp4,0.17020838238756772
real,MSR-VTT,video3288.mp4,0.4055804097009654
real,MSR-VTT,video3289.mp4,0.3723657876147869
real,MSR-VTT,video329.mp4,0.0620290793501295
real,MSR-VTT,video3290.mp4,0.5811013656698847
real,MSR-VTT,video3291.mp4,0.12246880150694608
real,MSR-VTT,video3292.mp4,0.2825229573816812
real,MSR-VTT,video3293.mp4,0.0980545090652225
real,MSR-VTT,video3294.mp4,0.11253531904874028
real,MSR-VTT,video3295.mp4,0.6221156110195432
real,MSR-VTT,video3296.mp4,0.6206439839886979
real,MSR-VTT,video3297.mp4,0.6411143159877561
real,MSR-VTT,video3298.mp4,0.6875882976218507
real,MSR-VTT,video3299.mp4,0.5188515422651283
real,MSR-VTT,video33.mp4,0.4893601365669884
real,MSR-VTT,video330.mp4,0.9605162467624205
real,MSR-VTT,video3300.mp4,0.01453967506475159
real,MSR-VTT,video3301.mp4,0.04697433482458206
real,MSR-VTT,video3302.mp4,0.41735342594772784
real,MSR-VTT,video3303.mp4,0.06367730162467625
real,MSR-VTT,video3304.mp4,0.13413880386154933
real,MSR-VTT,video3305.mp4,0.014083470685189546
real,MSR-VTT,video3306.mp4,0.2047916176124323
real,MSR-VTT,video3307.mp4,0.5532581822462915
real,MSR-VTT,video3308.mp4,0.5241788321167883
real,MSR-VTT,video3309.mp4,0.11587591240875914
real,MSR-VTT,video331.mp4,0.045546856604662116
real,MSR-VTT,video3310.mp4,0.23899222980927715
real,MSR-VTT,video3311.mp4,0.29566458676712976
real,MSR-VTT,video3312.mp4,0.09138803861549329
real,MSR-VTT,video3313.mp4,0.019881681186720037
real,MSR-VTT,video3314.mp4,0.0330527431127855
real,MSR-VTT,video3315.mp4,0.15143042147398164
real,MSR-VTT,video3316.mp4,0.14551448080998353
real,MSR-VTT,video3317.mp4,0.19054626795384977
real,MSR-VTT,video3318.mp4,0.05899752766658818
real,MSR-VTT,video3319.mp4,0.07884977631269131
real,MSR-VTT,video332.mp4,0.04813692017894985
real,MSR-VTT,video3320.mp4,0.10928302331057217
real,MSR-VTT,video3321.mp4,0.2856428066870732
real,MSR-VTT,video3322.mp4,0.3928066870732282
real,MSR-VTT,video3323.mp4,0.015437367553567224
real,MSR-VTT,video3324.mp4,0.06669413703790911
real,MSR-VTT,video3325.mp4,0.029800447374617376
real,MSR-VTT,video3326.mp4,0.4690222510007064
real,MSR-VTT,video3327.mp4,0.1407611255003532
real,MSR-VTT,video3328.mp4,0.08361784789263009
real,MSR-VTT,video3329.mp4,0.29744525547445255
real,MSR-VTT,video333.mp4,0.1578614315987756
real,MSR-VTT,video3330.mp4,0.05280197786672945
real,MSR-VTT,video3331.mp4,0.45860313162232164
real,MSR-VTT,video3332.mp4,0.2523840357899694
real,MSR-VTT,video3333.mp4,0.7123263480103603
real,MSR-VTT,video3334.mp4,0.018307040263715563
real,MSR-VTT,video3335.mp4,0.321109018130445
real,MSR-VTT,video3336.mp4,0.04478161054862256
real,MSR-VTT,video3337.mp4,0.1473098657876148
real,MSR-VTT,video3338.mp4,0.3832116788321168
real,MSR-VTT,video3339.mp4,0.5950376736519896
real,MSR-VTT,video334.mp4,0.027975629856369203
real,MSR-VTT,video3340.mp4,0.45461502236873086
real,MSR-VTT,video3341.mp4,0.028137508829762188
real,MSR-VTT,video3342.mp4,0.007225688721450435
real,MSR-VTT,video3343.mp4,0.26540793501295035
real,MSR-VTT,video3344.mp4,0.20602778431834234
real,MSR-VTT,video3345.mp4,0.14211502236873086
real,MSR-VTT,video3346.mp4,0.2231280904167648
real,MSR-VTT,video3347.mp4,0.20629267718389452
real,MSR-VTT,video3348.mp4,0.06750353190487403
real,MSR-VTT,video3349.mp4,0.02241287967977396
real,MSR-VTT,video335.mp4,0.30835001177301624
real,MSR-VTT,video3350.mp4,0.3383417706616435
real,MSR-VTT,video3351.mp4,0.33445667530021195
real,MSR-VTT,video3352.mp4,0.492494702142689
real,MSR-VTT,video3353.mp4,0.05328761478690841
real,MSR-VTT,video3354.mp4,0.3459353661408053
real,MSR-VTT,video3355.mp4,0.16776548151636447
real,MSR-VTT,video3356.mp4,0.41832469978808573
real,MSR-VTT,video3357.mp4,0.12781080762891453
real,MSR-VTT,video3358.mp4,0.3166647044972922
real,MSR-VTT,video3359.mp4,0.21896338591947256
real,MSR-VTT,video336.mp4,0.21793324699788086
real,MSR-VTT,video3360.mp4,0.5001177301624676
real,MSR-VTT,video3361.mp4,0.4338062161525783
real,MSR-VTT,video3362.mp4,0.09924652696020721
real,MSR-VTT,video3363.mp4,0.029535554509065223
real,MSR-VTT,video3364.mp4,0.5380268424770426
real,MSR-VTT,video3365.mp4,0.1815251942547681
real,MSR-VTT,video3366.mp4,0.12726630562750177
real,MSR-VTT,video3367.mp4,0.06556098422415822
real,MSR-VTT,video3368.mp4,0.40229868142218034
real,MSR-VTT,video3369.mp4,0.01799799858723805
real,MSR-VTT,video337.mp4,0.14629444313633153
real,MSR-VTT,video3370.mp4,0.2074258299976454
real,MSR-VTT,video3371.mp4,0.6666176124323051
real,MSR-VTT,video3372.mp4,0.12676595243701436
real,MSR-VTT,video3373.mp4,0.07347833765010595
real,MSR-VTT,video3374.mp4,0.6755945373204615
real,MSR-VTT,video3375.mp4,0.05670178949846951
real,MSR-VTT,video3376.mp4,0.15070932422886746
real,MSR-VTT,video3377.mp4,0.623116317400518
real,MSR-VTT,video3378.mp4,0.2060425005886508
real,MSR-VTT,video3379.mp4,0.03074228867435837
real,MSR-VTT,video338.mp4,0.19129679773958086
real,MSR-VTT,video3380.mp4,0.43819166470449733
real,MSR-VTT,video3381.mp4,0.7475865316694137
real,MSR-VTT,video3382.mp4,0.10079173534259477
real,MSR-VTT,video3383.mp4,0.8229779844596186
real,MSR-VTT,video3384.mp4,0.5992465269602072
real,MSR-VTT,video3385.mp4,0.011537555921827172
real,MSR-VTT,video3386.mp4,0.029844596185542735
real,MSR-VTT,video3387.mp4,0.9369554979985872
real,MSR-VTT,video3388.mp4,0.7478955733458912
real,MSR-VTT,video3389.mp4,0.07571521073699082
real,MSR-VTT,video339.mp4,0.11736225570991288
real,MSR-VTT,video3390.mp4,0.6088415352013186
real,MSR-VTT,video3391.mp4,0.008373557805509772
real,MSR-VTT,video3392.mp4,0.038556628208146926
real,MSR-VTT,video3393.mp4,0.136272663056275
real,MSR-VTT,video3394.mp4,0.14791323287026137
real,MSR-VTT,video3395.mp4,0.14535260183659054
real,MSR-VTT,video3396.mp4,0.3040234283023311
real,MSR-VTT,video3397.mp4,0.48762361667059095
real,MSR-VTT,video3398.mp4,0.1277225100070638
real,MSR-VTT,video3399.mp4,0.21727101483400046
real,MSR-VTT,video34.mp4,0.0316105486225571
real,MSR-VTT,video340.mp4,0.13586060748763834
real,MSR-VTT,video3400.mp4,0.07540616906051331
real,MSR-VTT,video3401.mp4,0.1571109018130445
real,MSR-VTT,video3402.mp4,0.12444078172827878
real,MSR-VTT,video3403.mp4,0.1101512832587709
real,MSR-VTT,video3404.mp4,0.6626736519896397
real,MSR-VTT,video3405.mp4,0.6337120320226042
real,MSR-VTT,video3406.mp4,0.30923298799152343
real,MSR-VTT,video3407.mp4,0.23445961855427358
real,MSR-VTT,video3408.mp4,0.18983988697904403
real,MSR-VTT,video3409.mp4,0.0785701671768307
real,MSR-VTT,video341.mp4,0.5290499175888863
real,MSR-VTT,video3410.mp4,0.6046768307040264
real,MSR-VTT,video3411.mp4,0.2954438427125029
real,MSR-VTT,video3412.mp4,0.28948375323757947
real,MSR-VTT,video3413.mp4,0.39033435366140806
real,MSR-VTT,video3414.mp4,0.06907817282787851
real,MSR-VTT,video3415.mp4,0.27044089945844124
real,MSR-VTT,video3416.mp4,0.238727336943725
real,MSR-VTT,video3417.mp4,0.008756180833529551
real,MSR-VTT,video3418.mp4,0.41914881092535905
real,MSR-VTT,video3419.mp4,0.26939604426654107
real,MSR-VTT,video342.mp4,0.026136096067812576
real,MSR-VTT,video3420.mp4,0.3272309865787615
real,MSR-VTT,video3421.mp4,0.020337885566282084
real,MSR-VTT,video3422.mp4,0.07144749234753944
real,MSR-VTT,video3423.mp4,0.6648958088062161
real,MSR-VTT,video3424.mp4,0.11355074170002355
real,MSR-VTT,video3425.mp4,0.32387567694843417
real,MSR-VTT,video3426.mp4,0.10570696962561808
real,MSR-VTT,video3427.mp4,0.23269366611725925
real,MSR-VTT,video3428.mp4,0.5528608429479633
real,MSR-VTT,video3429.mp4,0.05417059100541559
real,MSR-VTT,video343.mp4,0.32465563927478225
real,MSR-VTT,video3430.mp4,0.4698905109489051
real,MSR-VTT,video3431.mp4,0.3342212149752767
real,MSR-VTT,video3432.mp4,0.03761478690840594
real,MSR-VTT,video3433.mp4,0.5742730162467624
real,MSR-VTT,video3434.mp4,0.18682305156581114
real,MSR-VTT,video3435.mp4,0.08488344713915705
real,MSR-VTT,video3436.mp4,0.18551330350835885
real,MSR-VTT,video3437.mp4,0.13172533553096305
real,MSR-VTT,video3438.mp4,0.6706645867671297
real,MSR-VTT,video3439.mp4,0.44098775606310336
real,MSR-VTT,video344.mp4,0.01590828820343772
real,MSR-VTT,video3440.mp4,0.06085177772545326
real,MSR-VTT,video3441.mp4,0.2447021426889569
real,MSR-VTT,video3442.mp4,0.048254650341417474
real,MSR-VTT,video3443.mp4,0.04319225335530963
real,MSR-VTT,video3444.mp4,0.43636684718624913
real,MSR-VTT,video3445.mp4,0.26005121262067343
real,MSR-VTT,video3446.mp4,0.3127796091358606
real,MSR-VTT,video3447.mp4,0.2072050859430186
real,MSR-VTT,video3448.mp4,0.13797975041205557
real,MSR-VTT,video3449.mp4,0.5538174005180128
real,MSR-VTT,video345.mp4,0.20445314339533788
real,MSR-VTT,video3450.mp4,0.18488050388509536
real,MSR-VTT,video3451.mp4,0.10447080291970803
real,MSR-VTT,video3452.mp4,0.29882858488344716
real,MSR-VTT,video3453.mp4,0.24275959500824112
real,MSR-VTT,video3454.mp4,0.46229691546974333
real,MSR-VTT,video3455.mp4,0.6974187661878973
real,MSR-VTT,video3456.mp4,0.12202731339769249
real,MSR-VTT,video3457.mp4,0.264716270308453
real,MSR-VTT,video3458.mp4,0.38650812338121027
real,MSR-VTT,video3459.mp4,0.3755297857311043
real,MSR-VTT,video346.mp4,0.17522663056275017
real,MSR-VTT,video3460.mp4,0.06912232163880386
real,MSR-VTT,video3461.mp4,0.1853661408052743
real,MSR-VTT,video3462.mp4,0.23340004709206497
real,MSR-VTT,video3463.mp4,0.28100718153991056
real,MSR-VTT,video3464.mp4,0.4715093006828349
real,MSR-VTT,video3465.mp4,0.2364610313162232
real,MSR-VTT,video3466.mp4,0.5947433482458206
real,MSR-VTT,video3467.mp4,0.5191458676712974
real,MSR-VTT,video3468.mp4,0.06058688485990111
real,MSR-VTT,video3469.mp4,0.2958411820108312
real,MSR-VTT,video347.mp4,0.22692488815634565
real,MSR-VTT,video3470.mp4,0.12601542265128327
real,MSR-VTT,video3471.mp4,0.7104573816811868
real,MSR-VTT,video3472.mp4,0.09522898516599952
real,MSR-VTT,video3473.mp4,0.2946050153049211
real,MSR-VTT,video3474.mp4,0.4641511655286084
real,MSR-VTT,video3475.mp4,0.37735460324935244
real,MSR-VTT,video3476.mp4,0.07711325641629385
real,MSR-VTT,video3477.mp4,0.20458558982811395
real,MSR-VTT,video3478.mp4,0.05783494231222039
real,MSR-VTT,video3479.mp4,0.1591123145749941
real,MSR-VTT,video348.mp4,0.7840828820343773
real,MSR-VTT,video3480.mp4,0.0702407581822463
real,MSR-VTT,video3481.mp4,0.33483929832823167
real,MSR-VTT,video3482.mp4,0.253767365198964
real,MSR-VTT,video3483.mp4,0.4354397221568166
real,MSR-VTT,video3484.mp4,0.164469036967271
real,MSR-VTT,video3485.mp4,0.0411025429715093
real,MSR-VTT,video3486.mp4,0.05409700965387332
real,MSR-VTT,video3487.mp4,0.07696609371320932
real,MSR-VTT,video3488.mp4,0.06336825994819872
real,MSR-VTT,video3489.mp4,0.08027725453261125
real,MSR-VTT,video349.mp4,0.23749117023781494
real,MSR-VTT,video3490.mp4,0.5758918059806922
real,MSR-VTT,video3491.mp4,0.01278843889804568
real,MSR-VTT,video3492.mp4,0.11569931716505769
real,MSR-VTT,video3493.mp4,0.10511831881327996
real,MSR-VTT,video3494.mp4,0.06235283729691547
real,MSR-VTT,video3495.mp4,0.42655109489051096
real,MSR-VTT,video3496.mp4,0.0656639981163174
real,MSR-VTT,video3497.mp4,0.01935189545561573
real,MSR-VTT,video3498.mp4,0.15290204850482694
real,MSR-VTT,video3499.mp4,0.7424358370614552
real,MSR-VTT,video35.mp4,0.31410407346362135
real,MSR-VTT,video350.mp4,0.028255238992229807
real,MSR-VTT,video3500.mp4,0.09815752295738167
real,MSR-VTT,video3501.mp4,0.0573934542029668
real,MSR-VTT,video3502.mp4,0.09842241582293385
real,MSR-VTT,video3503.mp4,0.2759153520131858
real,MSR-VTT,video3504.mp4,0.4107016717683071
real,MSR-VTT,video3505.mp4,0.03857134447845538
real,MSR-VTT,video3506.mp4,0.45047975041205557
real,MSR-VTT,video3507.mp4,0.1418501295031787
real,MSR-VTT,video3508.mp4,0.17574170002354603
real,MSR-VTT,video3509.mp4,0.012023192842006123
real,MSR-VTT,video351.mp4,0.30402342830233103
real,MSR-VTT,video3510.mp4,0.20698434188839182
real,MSR-VTT,video3511.mp4,0.28431834235931247
real,MSR-VTT,video3512.mp4,0.23073640216623498
real,MSR-VTT,video3513.mp4,0.10726689427831411
real,MSR-VTT,video3514.mp4,0.12296915469743347
real,MSR-VTT,video3515.mp4,0.48253178714386624
real,MSR-VTT,video3516.mp4,0.1889716270308453
real,MSR-VTT,video3517.mp4,0.8623587238050389
real,MSR-VTT,video3518.mp4,0.04622380503885096
real,MSR-VTT,video3519.mp4,0.32319872851424536
real,MSR-VTT,video352.mp4,0.3280403814457264
real,MSR-VTT,video3520.mp4,0.5792912644219449
real,MSR-VTT,video3521.mp4,0.24465799387803155
real,MSR-VTT,video3522.mp4,0.07506769484341888
real,MSR-VTT,video3523.mp4,0.00913880386154933
real,MSR-VTT,video3524.mp4,0.06740051801271485
real,MSR-VTT,video3525.mp4,0.40094478455380267
real,MSR-VTT,video3526.mp4,0.37819343065693434
real,MSR-VTT,video3527.mp4,0.019866964916411583
real,MSR-VTT,video3528.mp4,0.37179185307275725
real,MSR-VTT,video3529.mp4,0.20202495879444313
real,MSR-VTT,video353.mp4,0.7853043324699788
real,MSR-VTT,video3530.mp4,0.47576230280197784
real,MSR-VTT,video3531.mp4,0.2715887685425006
real,MSR-VTT,video3532.mp4,0.16805980692253356
real,MSR-VTT,video3533.mp4,0.24627678361196137
real,MSR-VTT,video3534.mp4,0.12104132328702613
real,MSR-VTT,video3535.mp4,0.06579644454909347
real,MSR-VTT,video3536.mp4,0.5642659524370144
real,MSR-VTT,video3537.mp4,0.09375735813515422
real,MSR-VTT,video3538.mp4,0.4165293148104544
real,MSR-VTT,video3539.mp4,0.13589004002825525
real,MSR-VTT,video354.mp4,0.7013185778196374
real,MSR-VTT,video3540.mp4,0.21700612196844832
real,MSR-VTT,video3541.mp4,0.31298563692017894
real,MSR-VTT,video3542.mp4,0.1613639039321874
real,MSR-VTT,video3543.mp4,0.0527578290558041
real,MSR-VTT,video3544.mp4,0.13209324228867436
real,MSR-VTT,video3545.mp4,0.16791264421944901
real,MSR-VTT,video3546.mp4,0.19906698846244408
real,MSR-VTT,video3547.mp4,0.16889863433011537
real,MSR-VTT,video3548.mp4,0.10110077701907229
real,MSR-VTT,video3549.mp4,0.9420620437956204
real,MSR-VTT,video355.mp4,0.041308570755827646
real,MSR-VTT,video3550.mp4,0.23996350364963503
real,MSR-VTT,video3551.mp4,0.04356016011302096
real,MSR-VTT,video3552.mp4,0.22601247939722158
real,MSR-VTT,video3553.mp4,0.16039263009182952
real,MSR-VTT,video3554.mp4,0.6011302095596892
real,MSR-VTT,video3555.mp4,0.24729220626324466
real,MSR-VTT,video3556.mp4,0.02203025665175418
real,MSR-VTT,video3557.mp4,0.17253355309630328
real,MSR-VTT,video3558.mp4,0.19919943489522013
real,MSR-VTT,video3559.mp4,0.22770485048269368
real,MSR-VTT,video356.mp4,0.20617494702142689
real,MSR-VTT,video3560.mp4,0.15641923710854722
real,MSR-VTT,video3561.mp4,0.025061808335295505
real,MSR-VTT,video3562.mp4,0.02213327054391335
real,MSR-VTT,video3563.mp4,0.5423828584883447
real,MSR-VTT,video3564.mp4,0.3705115375559218
real,MSR-VTT,video3565.mp4,0.011316811867200377
real,MSR-VTT,video3566.mp4,0.08236696491641159
real,MSR-VTT,video3567.mp4,0.15870025900635742
real,MSR-VTT,video3568.mp4,0.24640923004473747
real,MSR-VTT,video3569.mp4,0.7364904638568401
real,MSR-VTT,video357.mp4,0.3066134918766188
real,MSR-VTT,video3570.mp4,0.42088533082175655
real,MSR-VTT,video3571.mp4,0.6571550506239698
real,MSR-VTT,video3572.mp4,0.7391541087826701
real,MSR-VTT,video3573.mp4,0.07553861549328938
real,MSR-VTT,video3574.mp4,0.06135213091594066
real,MSR-VTT,video3575.mp4,0.42797857311043086
real,MSR-VTT,video3576.mp4,0.355574523192842
real,MSR-VTT,video3577.mp4,0.03690840593360019
real,MSR-VTT,video3578.mp4,0.3730280197786673
real,MSR-VTT,video3579.mp4,0.4108635507417
real,MSR-VTT,video358.mp4,0.02052919708029197
real,MSR-VTT,video3580.mp4,0.38653755592182715
real,MSR-VTT,video3581.mp4,0.19126736519896398
real,MSR-VTT,video3582.mp4,0.29310395573345893
real,MSR-VTT,video3583.mp4,0.07793736755356723
real,MSR-VTT,video3584.mp4,0.6772721921356252
real,MSR-VTT,video3585.mp4,0.025709324228867434
real,MSR-VTT,video3586.mp4,0.2337973863903932
real,MSR-VTT,video3587.mp4,0.23231104308923944
real,MSR-VTT,video3588.mp4,0.3426094890510949
real,MSR-VTT,video3589.mp4,0.1286349187661879
real,MSR-VTT,video359.mp4,0.7336355074170002
real,MSR-VTT,video3590.mp4,0.3804155874735107
real,MSR-VTT,video3591.mp4,0.03885095361431599
real,MSR-VTT,video3592.mp4,0.6595538026842478
real,MSR-VTT,video3593.mp4,0.015481516364492584
real,MSR-VTT,video3594.mp4,0.5026047798445962
real,MSR-VTT,video3595.mp4,0.006578172827878502
real,MSR-VTT,video3596.mp4,0.024002236873086884
real,MSR-VTT,video3597.mp4,0.4316134918766188
real,MSR-VTT,video3598.mp4,0.5568636684718625
real,MSR-VTT,video3599.mp4,0.06706204379562043
real,MSR-VTT,video36.mp4,0.2546356251471627
real,MSR-VTT,video360.mp4,0.3234047562985637
real,MSR-VTT,video3600.mp4,0.22589474923475394
real,MSR-VTT,video3601.mp4,0.2609930539204144
real,MSR-VTT,video3602.mp4,0.6897221568165763
real,MSR-VTT,video3603.mp4,0.09633270543913351
real,MSR-VTT,video3604.mp4,0.13394749234753944
real,MSR-VTT,video3605.mp4,0.12912055568636685
real,MSR-VTT,video3606.mp4,0.33173416529314814
real,MSR-VTT,video3607.mp4,0.17950906522251
real,MSR-VTT,video3608.mp4,0.023089828113962797
real,MSR-VTT,video3609.mp4,0.011331528137508831
real,MSR-VTT,video361.mp4,0.5975247233341182
real,MSR-VTT,video3610.mp4,0.07469978808570757
real,MSR-VTT,video3611.mp4,0.3501883682599482
real,MSR-VTT,video3612.mp4,0.2669531433953379
real,MSR-VTT,video3613.mp4,0.3659789263009183
real,MSR-VTT,video3614.mp4,0.0050035319048740284
real,MSR-VTT,video3615.mp4,0.15734636213797976
real,MSR-VTT,video3616.mp4,0.34918766187897343
real,MSR-VTT,video3617.mp4,0.05343477748999293
real,MSR-VTT,video3618.mp4,0.11927537085001177
real,MSR-VTT,video3619.mp4,0.7660701671768306
real,MSR-VTT,video362.mp4,0.01609959971744761
real,MSR-VTT,video3620.mp4,0.5064162938544855
real,MSR-VTT,video3621.mp4,0.11378620202495879
real,MSR-VTT,video3622.mp4,0.010213091594066399
real,MSR-VTT,video3623.mp4,0.2720744054626795
real,MSR-VTT,video3624.mp4,0.5725806451612903
real,MSR-VTT,video3625.mp4,0.3246409230044737
real,MSR-VTT,video3626.mp4,0.21887508829762184
real,MSR-VTT,video3627.mp4,0.08863609606781257
real,MSR-VTT,video3628.mp4,0.3213444784553803
real,MSR-VTT,video3629.mp4,0.25225158935719333
real,MSR-VTT,video363.mp4,0.15366729456086647
real,MSR-VTT,video3630.mp4,0.14046680009418414
real,MSR-VTT,video3631.mp4,0.05022663056275018
real,MSR-VTT,video3632.mp4,0.24533494231222036
real,MSR-VTT,video3633.mp4,0.35941546974334826
real,MSR-VTT,video3634.mp4,0.10426477513538969
real,MSR-VTT,video3635.mp4,0.2935895926536378
real,MSR-VTT,video3636.mp4,0.5434718624911703
real,MSR-VTT,video3637.mp4,0.07103543677890276
real,MSR-VTT,video3638.mp4,0.1018807393454203
real,MSR-VTT,video3639.mp4,0.11416882505297858
real,MSR-VTT,video364.mp4,0.12033494231222039
real,MSR-VTT,video3640.mp4,0.28271426889569107
real,MSR-VTT,video3641.mp4,0.06581116081940193
real,MSR-VTT,video3642.mp4,0.3249646809512597
real,MSR-VTT,video3643.mp4,0.18282022604191195
real,MSR-VTT,video3644.mp4,0.0471803626089004
real,MSR-VTT,video3645.mp4,0.1818636684718625
real,MSR-VTT,video3646.mp4,0.4273457734871674
real,MSR-VTT,video3647.mp4,0.016908994584412525
real,MSR-VTT,video3648.mp4,0.5800565104779845
real,MSR-VTT,video3649.mp4,0.022692488815634567
real,MSR-VTT,video365.mp4,0.13611078408288205
real,MSR-VTT,video3650.mp4,0.02641570520367318
real,MSR-VTT,video3651.mp4,0.01652637155639275
real,MSR-VTT,video3652.mp4,0.0787614786908406
real,MSR-VTT,video3653.mp4,0.2604485519190016
real,MSR-VTT,video3654.mp4,0.07715740522721921
real,MSR-VTT,video3655.mp4,0.33282316929597366
real,MSR-VTT,video3656.mp4,0.2601542265128326
real,MSR-VTT,video3657.mp4,0.25282552389922297
real,MSR-VTT,video3658.mp4,0.02466446903696727
real,MSR-VTT,video3659.mp4,0.6985519190016483
real,MSR-VTT,video366.mp4,0.4562190958323522
real,MSR-VTT,video3660.mp4,0.22511478690840592
real,MSR-VTT,video3661.mp4,0.40512420532140336
real,MSR-VTT,video3662.mp4,0.3209618554273605
real,MSR-VTT,video3663.mp4,0.17198905109489052
real,MSR-VTT,video3664.mp4,0.22639510242524136
real,MSR-VTT,video3665.mp4,0.12953261125500354
real,MSR-VTT,video3666.mp4,0.2047916176124323
real,MSR-VTT,video3667.mp4,0.17179773958088063
real,MSR-VTT,video3668.mp4,0.06049858723805039
real,MSR-VTT,video3669.mp4,0.48688780315516833
real,MSR-VTT,video367.mp4,0.30615728749705673
real,MSR-VTT,video3670.mp4,0.2636272663056275
real,MSR-VTT,video3671.mp4,0.030124205321403343
real,MSR-VTT,video3672.mp4,0.052213327054391336
real,MSR-VTT,video3673.mp4,0.2980927713680245
real,MSR-VTT,video3674.mp4,0.38341770661643515
real,MSR-VTT,video3675.mp4,0.4459029903461267
real,MSR-VTT,video3676.mp4,0.16730927713680244
real,MSR-VTT,video3677.mp4,0.68217271014834
real,MSR-VTT,video3678.mp4,0.5121409230044738
real,MSR-VTT,video3679.mp4,0.059777489992936195
real,MSR-VTT,video368.mp4,0.3535731104308924
real,MSR-VTT,video3680.mp4,0.044840475629856366
real,MSR-VTT,video3681.mp4,0.41892806687073225
real,MSR-VTT,video3682.mp4,0.5123616670591006
real,MSR-VTT,video3683.mp4,0.2745320226041912
real,MSR-VTT,video3684.mp4,0.2055421473981634
real,MSR-VTT,video3685.mp4,0.38253473039792796
real,MSR-VTT,video3686.mp4,0.4032993878031551
real,MSR-VTT,video3687.mp4,0.18181951966093715
real,MSR-VTT,video3688.mp4,0.22708676712973863
real,MSR-VTT,video3689.mp4,0.229014598540146
real,MSR-VTT,video369.mp4,0.2257181539910525
real,MSR-VTT,video3690.mp4,0.11094596185542736
real,MSR-VTT,video3691.mp4,0.16109901106663527
real,MSR-VTT,video3692.mp4,0.2949140569813986
real,MSR-VTT,video3693.mp4,0.5525665175417942
real,MSR-VTT,video3694.mp4,0.2061307982105015
real,MSR-VTT,video3695.mp4,0.47302507652460557
real,MSR-VTT,video3696.mp4,0.3021250294325406
real,MSR-VTT,video3697.mp4,0.06556098422415822
real,MSR-VTT,video3698.mp4,0.2798445961855427
real,MSR-VTT,video3699.mp4,0.017674240640452085
real,MSR-VTT,video37.mp4,0.4499793972215682
real,MSR-VTT,video370.mp4,0.6906345655757005
real,MSR-VTT,video3700.mp4,0.1685748763833294
real,MSR-VTT,video3701.mp4,0.34846656463385917
real,MSR-VTT,video3702.mp4,0.190001765952437
real,MSR-VTT,video3703.mp4,0.4471538733223452
real,MSR-VTT,video3704.mp4,0.10742877325170709
real,MSR-VTT,video3705.mp4,0.24746880150694608
real,MSR-VTT,video3706.mp4,0.15313750882976218
real,MSR-VTT,video3707.mp4,0.697992700729927
real,MSR-VTT,video3708.mp4,0.09830468566046621
real,MSR-VTT,video3709.mp4,0.11463974570284907
real,MSR-VTT,video371.mp4,0.9719066399811632
real,MSR-VTT,video3710.mp4,0.5063721450435602
real,MSR-VTT,video3711.mp4,0.06230868848599011
real,MSR-VTT,video3712.mp4,0.31486931951966096
real,MSR-VTT,video3713.mp4,0.015746409230044736
real,MSR-VTT,video3714.mp4,0.5909171179656227
real,MSR-VTT,video3715.mp4,0.35885625147162703
real,MSR-VTT,video3716.mp4,0.45710207205085945
real,MSR-VTT,video3717.mp4,0.6206587002590064
real,MSR-VTT,video3718.mp4,0.619805156581116
real,MSR-VTT,video3719.mp4,0.20208382387567694
real,MSR-VTT,video372.mp4,0.06423651989639745
real,MSR-VTT,video3720.mp4,0.3503355309630327
real,MSR-VTT,video3721.mp4,0.6915322580645161
real,MSR-VTT,video3722.mp4,0.05690781728278785
real,MSR-VTT,video3723.mp4,0.042868495408523666
real,MSR-VTT,video3724.mp4,0.2901018365905345
real,MSR-VTT,video3725.mp4,0.12024664469036968
real,MSR-VTT,video3726.mp4,0.14001059571462207
real,MSR-VTT,video3727.mp4,0.5757446432776077
real,MSR-VTT,video3728.mp4,0.0311396279726866
real,MSR-VTT,video3729.mp4,0.03474511419825759
real,MSR-VTT,video373.mp4,0.020823522486461032
real,MSR-VTT,video3730.mp4,0.019852248646103132
real,MSR-VTT,video3731.mp4,0.05174240640452084
real,MSR-VTT,video3732.mp4,0.3212414645632211
real,MSR-VTT,video3733.mp4,0.25142747821991995
real,MSR-VTT,video3734.mp4,0.44268012714857546
real,MSR-VTT,video3735.mp4,0.3270691076053685
real,MSR-VTT,video3736.mp4,0.3103808570755828
real,MSR-VTT,video3737.mp4,0.04707734871674123
real,MSR-VTT,video3738.mp4,0.04566458676712974
real,MSR-VTT,video3739.mp4,0.05917412291028962
real,MSR-VTT,video374.mp4,0.18339416058394162
real,MSR-VTT,video3740.mp4,0.2592712502943254
real,MSR-VTT,video3741.mp4,0.39963503649635035
real,MSR-VTT,video3742.mp4,0.7988433011537556
real,MSR-VTT,video3743.mp4,0.7993142218036261
real,MSR-VTT,video3744.mp4,0.07290440310807629
real,MSR-VTT,video3745.mp4,0.04641511655286085
real,MSR-VTT,video3746.mp4,0.04651813044502001
real,MSR-VTT,video3747.mp4,0.23941900164822227
real,MSR-VTT,video3748.mp4,0.1041028961619967
real,MSR-VTT,video3749.mp4,0.09617082646574052
real,MSR-VTT,video375.mp4,0.22014068754414884
real,MSR-VTT,video3750.mp4,0.18925123616670592
real,MSR-VTT,video3751.mp4,0.32408170473275255
real,MSR-VTT,video3752.mp4,0.04931422180362609
real,MSR-VTT,video3753.mp4,0.6571256180833529
real,MSR-VTT,video3754.mp4,0.21357723098657877
real,MSR-VTT,video3755.mp4,0.30874735107134443
real,MSR-VTT,video3756.mp4,0.43510124793972216
real,MSR-VTT,video3757.mp4,0.2934571462208618
real,MSR-VTT,video3758.mp4,0.4628561337414646
real,MSR-VTT,video3759.mp4,0.05765834706851895
real,MSR-VTT,video376.mp4,0.11481634094655051
real,MSR-VTT,video3760.mp4,0.23428302331057219
real,MSR-VTT,video3761.mp4,0.018174593830939487
real,MSR-VTT,video3762.mp4,0.45757299270072993
real,MSR-VTT,video3763.mp4,0.07437603013892159
real,MSR-VTT,video3764.mp4,0.3259065222510007
real,MSR-VTT,video3765.mp4,0.69529962326348
real,MSR-VTT,video3766.mp4,0.18495408523663764
real,MSR-VTT,video3767.mp4,0.12292500588650812
real,MSR-VTT,video3768.mp4,0.3256121968448316
real,MSR-VTT,video3769.mp4,0.2404197080291971
real,MSR-VTT,video377.mp4,0.14720685189545563
real,MSR-VTT,video3770.mp4,0.03200788792088533
real,MSR-VTT,video3771.mp4,0.753443607252178
real,MSR-VTT,video3772.mp4,0.3381210266070167
real,MSR-VTT,video3773.mp4,0.19481398634330116
real,MSR-VTT,video3774.mp4,0.02587120320226042
real,MSR-VTT,video3775.mp4,0.15490346126677657
real,MSR-VTT,video3776.mp4,0.0039586767129738635
real,MSR-VTT,video3777.mp4,0.01464268895691076
real,MSR-VTT,video3778.mp4,0.10042382858488344
real,MSR-VTT,video3779.mp4,0.09312455851189075
real,MSR-VTT,video378.mp4,0.19928773251707088
real,MSR-VTT,video3780.mp4,0.03397986814221804
real,MSR-VTT,video3781.mp4,0.47992700729927007
real,MSR-VTT,video3782.mp4,0.1597745467388745
real,MSR-VTT,video3783.mp4,0.39669178243465975
real,MSR-VTT,video3784.mp4,0.13583117494702143
real,MSR-VTT,video3785.mp4,0.37298387096774194
real,MSR-VTT,video3786.mp4,0.26768895691076056
real,MSR-VTT,video3787.mp4,0.255945373204615
real,MSR-VTT,video3788.mp4,0.7828614315987756
real,MSR-VTT,video3789.mp4,0.2505739345420297
real,MSR-VTT,video379.mp4,0.11224099364257123
real,MSR-VTT,video3790.mp4,0.27314869319519663
real,MSR-VTT,video3791.mp4,0.006607605368495409
real,MSR-VTT,video3792.mp4,0.12277784318342361
real,MSR-VTT,video3793.mp4,0.02130915940663998
real,MSR-VTT,video3794.mp4,0.26328879208853306
real,MSR-VTT,video3795.mp4,0.0588356486931952
real,MSR-VTT,video3796.mp4,0.6413644925829998
real,MSR-VTT,video3797.mp4,0.12435248410642806
real,MSR-VTT,video3798.mp4,0.4723039792794914
real,MSR-VTT,video3799.mp4,0.01639392512361667
real,MSR-VTT,video38.mp4,0.07846715328467153
real,MSR-VTT,video380.mp4,0.07334589121732989
real,MSR-VTT,video3800.mp4,0.38681716505768776
real,MSR-VTT,video3801.mp4,0.10969507887920885
real,MSR-VTT,video3802.mp4,0.6671915469743348
real,MSR-VTT,video3803.mp4,0.12391099599717448
real,MSR-VTT,video3804.mp4,0.08638450671061926
real,MSR-VTT,video3805.mp4,0.3868171650576878
real,MSR-VTT,video3806.mp4,0.06435425005886508
real,MSR-VTT,video3807.mp4,0.7558865081233812
real,MSR-VTT,video3808.mp4,0.268321756534024
real,MSR-VTT,video3809.mp4,0.0082705439133506
real,MSR-VTT,video381.mp4,0.5293589592653638
real,MSR-VTT,video3810.mp4,0.0965240169531434
real,MSR-VTT,video3811.mp4,0.2779167647751354
real,MSR-VTT,video3812.mp4,0.728528961619967
real,MSR-VTT,video3813.mp4,0.5135831174947021
real,MSR-VTT,video3814.mp4,0.07701024252413469
real,MSR-VTT,video3815.mp4,0.0155698139863433
real,MSR-VTT,video3816.mp4,0.09035789969390158
real,MSR-VTT,video3817.mp4,0.029712149752766658
real,MSR-VTT,video3818.mp4,0.5978043324699788
real,MSR-VTT,video3819.mp4,0.12354308923946315
real,MSR-VTT,video382.mp4,0.5003679067577114
real,MSR-VTT,video3820.mp4,0.6778314104073464
real,MSR-VTT,video3821.mp4,0.48354720979514954
real,MSR-VTT,video3822.mp4,0.10138038615493289
real,MSR-VTT,video3823.mp4,0.3895396750647516
real,MSR-VTT,video3824.mp4,0.1247498234047563
real,MSR-VTT,video3825.mp4,0.10092418177537085
real,MSR-VTT,video3826.mp4,0.3542206263244643
real,MSR-VTT,video3827.mp4,0.2784024016953143
real,MSR-VTT,video3828.mp4,0.15207793736755357
real,MSR-VTT,video3829.mp4,0.10657522957381682
real,MSR-VTT,video383.mp4,0.1429538497763127
real,MSR-VTT,video3830.mp4,0.03442135625147162
real,MSR-VTT,video3831.mp4,0.10395573345891218
real,MSR-VTT,video3832.mp4,0.42643336472804333
real,MSR-VTT,video3833.mp4,0.05515658111608194
real,MSR-VTT,video3834.mp4,0.018836825994819874
real,MSR-VTT,video3835.mp4,0.8714680951259712
real,MSR-VTT,video3836.mp4,0.5700641629385449
real,MSR-VTT,video3837.mp4,0.2842741935483871
real,MSR-VTT,video3838.mp4,0.49368672003767367
real,MSR-VTT,video3839.mp4,0.8214474923475394
real,MSR-VTT,video384.mp4,0.07515599246526959
real,MSR-VTT,video3840.mp4,0.058717918530727574
real,MSR-VTT,video3841.mp4,0.23515128325877088
real,MSR-VTT,video3842.mp4,0.18449788085707558
real,MSR-VTT,video3843.mp4,0.6179656227925594
real,MSR-VTT,video3844.mp4,0.15054744525547445
real,MSR-VTT,video3845.mp4,0.09337473510713445
real,MSR-VTT,video3846.mp4,0.0858400047092065
real,MSR-VTT,video3847.mp4,0.0450170708735578
real,MSR-VTT,video3848.mp4,0.09534671532846715
real,MSR-VTT,video3849.mp4,0.3669207676006593
real,MSR-VTT,video385.mp4,0.07667176830704026
real,MSR-VTT,video3850.mp4,0.49821933129267715
real,MSR-VTT,video3851.mp4,0.1302242759595008
real,MSR-VTT,video3852.mp4,0.0025164822227454675
real,MSR-VTT,video3853.mp4,0.19348952201554037
real,MSR-VTT,video3854.mp4,0.044237108547209796
real,MSR-VTT,video3855.mp4,0.3455527431127855
real,MSR-VTT,video3856.mp4,0.44719802213327053
real,MSR-VTT,video3857.mp4,0.10948905109489052
real,MSR-VTT,video3858.mp4,0.06982870261360961
real,MSR-VTT,video3859.mp4,0.1660731104308924
real,MSR-VTT,video386.mp4,0.07480280197786673
real,MSR-VTT,video3860.mp4,0.08358841535201318
real,MSR-VTT,video3861.mp4,0.47074405462679536
real,MSR-VTT,video3862.mp4,0.3416676477513539
real,MSR-VTT,video3863.mp4,0.05655462679538498
real,MSR-VTT,video3864.mp4,0.18804450200141276
real,MSR-VTT,video3865.mp4,0.1546680009418413
real,MSR-VTT,video3866.mp4,0.14626501059571462
real,MSR-VTT,video3867.mp4,0.19906698846244406
real,MSR-VTT,video3868.mp4,0.6104750412055568
real,MSR-VTT,video3869.mp4,0.30087414645632216
real,MSR-VTT,video387.mp4,0.3619761007770191
real,MSR-VTT,video3870.mp4,0.1235283729691547
real,MSR-VTT,video3871.mp4,0.2870408523663762
real,MSR-VTT,video3872.mp4,0.2256592889098187
real,MSR-VTT,video3873.mp4,0.2834353661408053
real,MSR-VTT,video3874.mp4,0.40235754650341415
real,MSR-VTT,video3875.mp4,0.009992347539439604
real,MSR-VTT,video3876.mp4,0.08728219919943489
real,MSR-VTT,video3877.mp4,0.3607987991523428
real,MSR-VTT,video3878.mp4,0.22262773722627738
real,MSR-VTT,video3879.mp4,0.14124676242053216
real,MSR-VTT,video388.mp4,0.04975570991287968
real,MSR-VTT,video3880.mp4,0.06385389686837767
real,MSR-VTT,video3881.mp4,0.17522663056275017
real,MSR-VTT,video3882.mp4,0.14205615728749704
real,MSR-VTT,video3883.mp4,0.20024429008712033
real,MSR-VTT,video3884.mp4,0.12085001177301626
real,MSR-VTT,video3885.mp4,0.013023899222980927
real,MSR-VTT,video3886.mp4,0.10988639039321874
real,MSR-VTT,video3887.mp4,0.07639215917117965
real,MSR-VTT,video3888.mp4,0.11244702142688957
real,MSR-VTT,video3889.mp4,0.2892188603720273
real,MSR-VTT,video389.mp4,0.53196373910996
real,MSR-VTT,video3890.mp4,0.43312926771838944
real,MSR-VTT,video3891.mp4,0.030521544619731573
real,MSR-VTT,video3892.mp4,0.019690369672710147
real,MSR-VTT,video3893.mp4,0.18571933129267718
real,MSR-VTT,video3894.mp4,0.5894013421238522
real,MSR-VTT,video3895.mp4,0.16301212620673416
real,MSR-VTT,video3896.mp4,0.21933129267718388
real,MSR-VTT,video3897.mp4,0.8029344242995056
real,MSR-VTT,video3898.mp4,0.5657081469272428
real,MSR-VTT,video3899.mp4,0.24552625382623028
real,MSR-VTT,video39.mp4,0.4214445490934778
real,MSR-VTT,video390.mp4,0.1432923239934071
real,MSR-VTT,video3900.mp4,0.4727601836590535
real,MSR-VTT,video3901.mp4,0.45689604426654107
real,MSR-VTT,video3902.mp4,0.31734165293148103
real,MSR-VTT,video3903.mp4,0.48147221568165766
real,MSR-VTT,video3904.mp4,0.5746114904638568
real,MSR-VTT,video3905.mp4,0.30912997409936427
real,MSR-VTT,video3906.mp4,0.2512803155168354
real,MSR-VTT,video3907.mp4,0.19250353190487401
real,MSR-VTT,video3908.mp4,0.15862667765481517
real,MSR-VTT,video3909.mp4,0.1009388980456793
real,MSR-VTT,video391.mp4,0.0059012243936896625
real,MSR-VTT,video3910.mp4,0.13750882976218506
real,MSR-VTT,video3911.mp4,0.4181628208146927
real,MSR-VTT,video3912.mp4,0.010051212620673418
real,MSR-VTT,video3913.mp4,0.5668265834706852
real,MSR-VTT,video3914.mp4,0.1335207205085943
real,MSR-VTT,video3915.mp4,0.3332057923239934
real,MSR-VTT,video3916.mp4,0.6165381445726394
real,MSR-VTT,video3917.mp4,0.17902342830233106
real,MSR-VTT,video3918.mp4,0.08357369908170473
real,MSR-VTT,video3919.mp4,0.8069372498234048
real,MSR-VTT,video392.mp4,0.15166588179891688
real,MSR-VTT,video3920.mp4,0.13664056981398634
real,MSR-VTT,video3921.mp4,0.40819990581587007
real,MSR-VTT,video3922.mp4,0.4898752060277843
real,MSR-VTT,video3923.mp4,0.20510065928890983
real,MSR-VTT,video3924.mp4,0.3136184365434424
real,MSR-VTT,video3925.mp4,0.015510948905109487
real,MSR-VTT,video3926.mp4,0.2740758182246292
real,MSR-VTT,video3927.mp4,0.02150047092064987
real,MSR-VTT,video3928.mp4,0.7871438662585355
real,MSR-VTT,video3929.mp4,0.01761537555921827
real,MSR-VTT,video393.mp4,0.045797033199905815
real,MSR-VTT,video3930.mp4,0.40065045914763364
real,MSR-VTT,video3931.mp4,0.11630268424770426
real,MSR-VTT,video3932.mp4,0.4185895926536379
real,MSR-VTT,video3933.mp4,0.0070049446668236405
real,MSR-VTT,video3934.mp4,0.05724629149988227
real,MSR-VTT,video3935.mp4,0.1133741464563221
real,MSR-VTT,video3936.mp4,0.6626883682599483
real,MSR-VTT,video3937.mp4,0.10333765010595715
real,MSR-VTT,video3938.mp4,0.008888627266305626
real,MSR-VTT,video3939.mp4,0.18729397221568167
real,MSR-VTT,video394.mp4,0.024796915469743348
real,MSR-VTT,video3940.mp4,0.00656345655757005
real,MSR-VTT,video3941.mp4,0.13115140098893335
real,MSR-VTT,video3942.mp4,0.7493966329173534
real,MSR-VTT,video3943.mp4,0.5284906993171651
real,MSR-VTT,video3944.mp4,0.03695255474452555
real,MSR-VTT,video3945.mp4,0.3639480809983518
real,MSR-VTT,video3946.mp4,0.347745467388745
real,MSR-VTT,video3947.mp4,0.0782316929597363
real,MSR-VTT,video3948.mp4,0.011405109489051095
real,MSR-VTT,video3949.mp4,0.011463974570284906
real,MSR-VTT,video395.mp4,0.3931157287497057
real,MSR-VTT,video3950.mp4,0.057054979985872376
real,MSR-VTT,video3951.mp4,0.6787585354367789
real,MSR-VTT,video3952.mp4,0.12973863903932187
real,MSR-VTT,video3953.mp4,0.10583941605839416
real,MSR-VTT,video3954.mp4,0.12229220626324463
real,MSR-VTT,video3955.mp4,0.06330939486696491
real,MSR-VTT,video3956.mp4,0.040057687779609136
real,MSR-VTT,video3957.mp4,0.06869554979985873
real,MSR-VTT,video3958.mp4,0.18390923004473747
real,MSR-VTT,video3959.mp4,0.07156522251000706
real,MSR-VTT,video396.mp4,0.11596421003060983
real,MSR-VTT,video3960.mp4,0.3097480574523193
real,MSR-VTT,video3961.mp4,0.36815693430656937
real,MSR-VTT,video3962.mp4,0.2964298328231693
real,MSR-VTT,video3963.mp4,0.06554626795384977
real,MSR-VTT,video3964.mp4,0.36494878737932657
real,MSR-VTT,video3965.mp4,0.4930097716034848
real,MSR-VTT,video3966.mp4,0.3266864845773487
real,MSR-VTT,video3967.mp4,0.006607605368495409
real,MSR-VTT,video3968.mp4,0.18448316458676714
real,MSR-VTT,video3969.mp4,0.16730927713680244
real,MSR-VTT,video397.mp4,0.1361843654344243
real,MSR-VTT,video3970.mp4,0.07341947256887214
real,MSR-VTT,video3971.mp4,0.026621732987991524
real,MSR-VTT,video3972.mp4,0.29347186249117024
real,MSR-VTT,video3973.mp4,0.17175359076995528
real,MSR-VTT,video3974.mp4,0.13407993878031552
real,MSR-VTT,video3975.mp4,0.15543324699788086
real,MSR-VTT,video3976.mp4,0.38319696256180835
real,MSR-VTT,video3977.mp4,0.6096803626089005
real,MSR-VTT,video3978.mp4,0.1943577819637391
real,MSR-VTT,video3979.mp4,0.020588062161525783
real,MSR-VTT,video398.mp4,0.09035789969390158
real,MSR-VTT,video3980.mp4,0.09684777489992935
real,MSR-VTT,video3981.mp4,0.1729308923946315
real,MSR-VTT,video3982.mp4,0.04470802919708029
real,MSR-VTT,video3983.mp4,0.0902548858017424
real,MSR-VTT,video3984.mp4,0.48631386861313863
real,MSR-VTT,video3985.mp4,0.03690840593360019
real,MSR-VTT,video3986.mp4,0.2152548858017424
real,MSR-VTT,video3987.mp4,0.06815104779844595
real,MSR-VTT,video3988.mp4,0.02291323287026136
real,MSR-VTT,video3989.mp4,0.40684600894749234
real,MSR-VTT,video399.mp4,0.4522604191193784
real,MSR-VTT,video3990.mp4,0.059645043560160114
real,MSR-VTT,video3991.mp4,0.025282552389922296
real,MSR-VTT,video3992.mp4,0.6983753237579468
real,MSR-VTT,video3993.mp4,0.15497704261831882
real,MSR-VTT,video3994.mp4,0.07789321874264186
real,MSR-VTT,video3995.mp4,0.1476777725453261
real,MSR-VTT,video3996.mp4,0.010198375323757947
real,MSR-VTT,video3997.mp4,0.24660054155874736
real,MSR-VTT,video3998.mp4,0.16498410642806688
real,MSR-VTT,video3999.mp4,0.23629915234283022
real,MSR-VTT,video4.mp4,0.5814545561572875
real,MSR-VTT,video40.mp4,0.1729603249352484
real,MSR-VTT,video400.mp4,0.13797975041205557
real,MSR-VTT,video4000.mp4,0.03395043560160113
real,MSR-VTT,video4001.mp4,0.12146809512597126
real,MSR-VTT,video4002.mp4,0.14252707793736755
real,MSR-VTT,video4003.mp4,0.5200141276194961
real,MSR-VTT,video4004.mp4,0.026827760772309864
real,MSR-VTT,video4005.mp4,0.5025900635742877
real,MSR-VTT,video4006.mp4,0.27887332234518486
real,MSR-VTT,video4007.mp4,0.022986814221803625
real,MSR-VTT,video4008.mp4,0.7198757946785966
real,MSR-VTT,video4009.mp4,0.5527725453261125
real,MSR-VTT,video401.mp4,0.1815104779844596
real,MSR-VTT,video4010.mp4,0.06011596421003061
real,MSR-VTT,video4011.mp4,0.44716858959265365
real,MSR-VTT,video4012.mp4,0.1525341417471156
real,MSR-VTT,video4013.mp4,0.27925594537320464
real,MSR-VTT,video4014.mp4,0.008123381210266071
real,MSR-VTT,video4015.mp4,0.02130915940663998
real,MSR-VTT,video4016.mp4,0.151312691311514
real,MSR-VTT,video4017.mp4,0.407419943489522
real,MSR-VTT,video4018.mp4,0.008432422886743583
real,MSR-VTT,video4019.mp4,0.38012126206734165
real,MSR-VTT,video402.mp4,0.015069460795855898
real,MSR-VTT,video4020.mp4,0.055583352955027074
real,MSR-VTT,video4021.mp4,0.23422415822933837
real,MSR-VTT,video4022.mp4,0.07090299034612668
real,MSR-VTT,video4023.mp4,0.21884565575700493
real,MSR-VTT,video4024.mp4,0.08251412761949611
real,MSR-VTT,video4025.mp4,0.08504532611255003
real,MSR-VTT,video4026.mp4,0.2571373910995997
real,MSR-VTT,video4027.mp4,0.08881269131151401
real,MSR-VTT,video4028.mp4,0.13097480574523193
real,MSR-VTT,video4029.mp4,0.08142512361667059
real,MSR-VTT,video403.mp4,0.21063397692488817
real,MSR-VTT,video4030.mp4,0.04875500353190487
real,MSR-VTT,video4031.mp4,0.1459559689192371
real,MSR-VTT,video4032.mp4,0.0057540616906051325
real,MSR-VTT,video4033.mp4,0.1969625618083353
real,MSR-VTT,video4034.mp4,0.33504532611255
real,MSR-VTT,video4035.mp4,0.059777489992936195
real,MSR-VTT,video4036.mp4,0.15465328467153283
real,MSR-VTT,video4037.mp4,0.06422180362608901
real,MSR-VTT,video4038.mp4,0.27890275488580174
real,MSR-VTT,video4039.mp4,0.166352719566753
real,MSR-VTT,video404.mp4,0.17706616435130682
real,MSR-VTT,video4040.mp4,0.7288085707558276
real,MSR-VTT,video4041.mp4,0.15842064987049684
real,MSR-VTT,video4042.mp4,0.019337179185307276
real,MSR-VTT,video4043.mp4,0.30879149988226984
real,MSR-VTT,video4044.mp4,0.10186602307511183
real,MSR-VTT,video4045.mp4,0.05596597598304686
real,MSR-VTT,video4046.mp4,0.1308865081233812
real,MSR-VTT,video4047.mp4,0.22296621144337178
real,MSR-VTT,video4048.mp4,0.03627560631033671
real,MSR-VTT,video4049.mp4,0.04425182481751825
real,MSR-VTT,video405.mp4,0.2176683541323287
real,MSR-VTT,video4050.mp4,0.01799799858723805
real,MSR-VTT,video4051.mp4,0.2595802919708029
real,MSR-VTT,video4052.mp4,0.3937190958323522
real,MSR-VTT,video4053.mp4,0.6587885566282081
real,MSR-VTT,video4054.mp4,0.1836737697198022
real,MSR-VTT,video4055.mp4,0.0997468801506946
real,MSR-VTT,video4056.mp4,0.27581233812102657
real,MSR-VTT,video4057.mp4,0.48849187661878973
real,MSR-VTT,video4058.mp4,0.5488727336943725
real,MSR-VTT,video4059.mp4,0.3678478926300918
real,MSR-VTT,video406.mp4,0.059394866964916415
real,MSR-VTT,video4060.mp4,0.35670767600659287
real,MSR-VTT,video4061.mp4,0.1271338591947257
real,MSR-VTT,video4062.mp4,0.03807099128796798
real,MSR-VTT,video4063.mp4,0.3904668000941841
real,MSR-VTT,video4064.mp4,0.5637214504356016
real,MSR-VTT,video4065.mp4,0.4597951495173063
real,MSR-VTT,video4066.mp4,0.881107252178008
real,MSR-VTT,video4067.mp4,0.5549211207911466
real,MSR-VTT,video4068.mp4,0.10691370379091124
real,MSR-VTT,video4069.mp4,0.3957793736755357
real,MSR-VTT,video407.mp4,0.538689074640923
real,MSR-VTT,video4070.mp4,0.1684424299505533
real,MSR-VTT,video4071.mp4,0.013406522251000707
real,MSR-VTT,video4072.mp4,0.4586767129738639
real,MSR-VTT,video4073.mp4,0.44290087120320226
real,MSR-VTT,video4074.mp4,0.11512538262302802
real,MSR-VTT,video4075.mp4,0.4066546974334825
real,MSR-VTT,video4076.mp4,0.11771544619731575
real,MSR-VTT,video4077.mp4,0.06245585118907464
real,MSR-VTT,video4078.mp4,0.8442282787850247
real,MSR-VTT,video4079.mp4,0.1683246997880857
real,MSR-VTT,video408.mp4,0.061911349187661883
real,MSR-VTT,video4080.mp4,0.2888215210736991
real,MSR-VTT,video4081.mp4,0.3003149281846009
real,MSR-VTT,video4082.mp4,0.27520897103838005
real,MSR-VTT,video4083.mp4,0.5750676948434189
real,MSR-VTT,video4084.mp4,0.11400694607958559
real,MSR-VTT,video4085.mp4,0.8023604897574759
real,MSR-VTT,video4086.mp4,0.017821403343536615
real,MSR-VTT,video4087.mp4,0.1432923239934071
real,MSR-VTT,video4088.mp4,0.015599246526960207
real,MSR-VTT,video4089.mp4,0.052654815163644925
real,MSR-VTT,video409.mp4,0.02398752060277843
real,MSR-VTT,video4090.mp4,0.49386331528137506
real,MSR-VTT,video4091.mp4,0.11390393218742642
real,MSR-VTT,video4092.mp4,0.07210972451141982
real,MSR-VTT,video4093.mp4,0.010669295973628444
real,MSR-VTT,video4094.mp4,0.005283141040734636
real,MSR-VTT,video4095.mp4,0.5741847186249117
real,MSR-VTT,video4096.mp4,0.01274429008712032
real,MSR-VTT,video4097.mp4,0.11178478926300918
real,MSR-VTT,video4098.mp4,0.1386861313868613
real,MSR-VTT,video4099.mp4,0.07596538733223451
real,MSR-VTT,video41.mp4,0.324714504356016
real,MSR-VTT,video410.mp4,0.10045326112550036
real,MSR-VTT,video4100.mp4,0.906154344242995
real,MSR-VTT,video4101.mp4,0.5488727336943725
real,MSR-VTT,video4102.mp4,0.39904638568401224
real,MSR-VTT,video4103.mp4,0.3462002590063574
real,MSR-VTT,video4104.mp4,0.03015363786202025
real,MSR-VTT,video4105.mp4,0.3927478219919944
real,MSR-VTT,video4106.mp4,0.520205439133506
real,MSR-VTT,video4107.mp4,0.1703408288203438
real,MSR-VTT,video4108.mp4,0.15867082646574054
real,MSR-VTT,video4109.mp4,0.19306275017659524
real,MSR-VTT,video411.mp4,0.08887155639274782
real,MSR-VTT,video4110.mp4,0.11280021191429244
real,MSR-VTT,video4111.mp4,0.031507534730397926
real,MSR-VTT,video4112.mp4,0.2112814928184601
real,MSR-VTT,video4113.mp4,0.031227925594537322
real,MSR-VTT,video4114.mp4,0.5308453025665175
real,MSR-VTT,video4115.mp4,0.1662938544855192
real,MSR-VTT,video4116.mp4,0.05286084294796327
real,MSR-VTT,video4117.mp4,0.10601601130209559
real,MSR-VTT,video4118.mp4,0.25769660937132094
real,MSR-VTT,video4119.mp4,0.10245467388744996
real,MSR-VTT,video412.mp4,0.07930598069225336
real,MSR-VTT,video4120.mp4,0.1863079821050153
real,MSR-VTT,video4121.mp4,0.42560925359076995
real,MSR-VTT,video4122.mp4,0.2888803861549329
real,MSR-VTT,video4123.mp4,0.24118495408523666
real,MSR-VTT,video4124.mp4,0.311720037673652
real,MSR-VTT,video4125.mp4,0.1473098657876148
real,MSR-VTT,video4126.mp4,0.20455615728749704
real,MSR-VTT,video4127.mp4,0.01916058394160584
real,MSR-VTT,video4128.mp4,0.008859194725688722
real,MSR-VTT,video4129.mp4,0.9117906757711325
real,MSR-VTT,video413.mp4,0.30405286084294797
real,MSR-VTT,video4130.mp4,0.051286202024958795
real,MSR-VTT,video4131.mp4,0.893807393454203
real,MSR-VTT,video4132.mp4,0.7689545561572875
real,MSR-VTT,video4133.mp4,0.6395543913350601
real,MSR-VTT,video4134.mp4,0.6156404520838239
real,MSR-VTT,video4135.mp4,0.05481810689898752
real,MSR-VTT,video4136.mp4,0.609959971744761
real,MSR-VTT,video4137.mp4,0.7094566753002118
real,MSR-VTT,video4138.mp4,0.02840240169531434
real,MSR-VTT,video4139.mp4,0.8352955027077937
real,MSR-VTT,video414.mp4,0.18049505533317634
real,MSR-VTT,video4140.mp4,0.19036967271014835
real,MSR-VTT,video4141.mp4,0.2108400047092065
real,MSR-VTT,video4142.mp4,0.5340681657640688
real,MSR-VTT,video4143.mp4,0.2060130680480339
real,MSR-VTT,video4144.mp4,0.7502501765952437
real,MSR-VTT,video4145.mp4,0.028049211207911467
real,MSR-VTT,video4146.mp4,0.5119348952201555
real,MSR-VTT,video4147.mp4,0.26636449258299977
real,MSR-VTT,video4148.mp4,0.13731751824817517
real,MSR-VTT,video4149.mp4,0.04578231692959736
real,MSR-VTT,video415.mp4,0.10157169766894279
real,MSR-VTT,video4150.mp4,0.11962856133741465
real,MSR-VTT,video4151.mp4,0.23194313633152813
real,MSR-VTT,video4152.mp4,0.0965828820343772
real,MSR-VTT,video4153.mp4,0.2317076760065929
real,MSR-VTT,video4154.mp4,0.2634065222510007
real,MSR-VTT,video4155.mp4,0.4417677183894514
real,MSR-VTT,video4156.mp4,0.26217035554509066
real,MSR-VTT,video4157.mp4,0.3890393218742642
real,MSR-VTT,video4158.mp4,0.2907787850247233
real,MSR-VTT,video4159.mp4,0.08501589357193312
real,MSR-VTT,video416.mp4,0.09683305862962091
real,MSR-VTT,video4160.mp4,0.009021073699081705
real,MSR-VTT,video4161.mp4,0.15154815163644925
real,MSR-VTT,video4162.mp4,0.44290087120320226
real,MSR-VTT,video4163.mp4,0.4253737932658347
real,MSR-VTT,video4164.mp4,0.1992730162467624
real,MSR-VTT,video4165.mp4,0.07737814928184601
real,MSR-VTT,video4166.mp4,0.28773251707087355
real,MSR-VTT,video4167.mp4,0.08548681422180363
real,MSR-VTT,video4168.mp4,0.10372027313397693
real,MSR-VTT,video4169.mp4,0.49114080527431125
real,MSR-VTT,video417.mp4,0.12392571226748293
real,MSR-VTT,video4170.mp4,0.13503649635036497
real,MSR-VTT,video4171.mp4,0.49033141040734635
real,MSR-VTT,video4172.mp4,0.11191723569578525
real,MSR-VTT,video4173.mp4,0.5017070873557805
real,MSR-VTT,video4174.mp4,0.12507358135154228
real,MSR-VTT,video4175.mp4,0.36496350364963503
real,MSR-VTT,video4176.mp4,0.6893542500588651
real,MSR-VTT,video4177.mp4,0.31837179185307274
real,MSR-VTT,video4178.mp4,0.3832999764539675
real,MSR-VTT,video4179.mp4,0.027696020720508596
real,MSR-VTT,video418.mp4,0.718816223216388
real,MSR-VTT,video4180.mp4,0.34892276901342123
real,MSR-VTT,video4181.mp4,0.28767365198963973
real,MSR-VTT,video4182.mp4,0.19150282552389922
real,MSR-VTT,video4183.mp4,0.5823669649164116
real,MSR-VTT,video4184.mp4,0.042677183894513776
real,MSR-VTT,video4185.mp4,0.28970449729220626
real,MSR-VTT,video4186.mp4,0.0180127148575465
real,MSR-VTT,video4187.mp4,0.643321756534024
real,MSR-VTT,video4188.mp4,0.3060395573345891
real,MSR-VTT,video4189.mp4,0.3564574994113492
real,MSR-VTT,video419.mp4,0.04581174947021427
real,MSR-VTT,video4190.mp4,0.024237697198022132
real,MSR-VTT,video4191.mp4,0.302787261596421
real,MSR-VTT,video4192.mp4,0.08017424064045209
real,MSR-VTT,video4193.mp4,0.3391658817989169
real,MSR-VTT,video4194.mp4,0.34929067577113254
real,MSR-VTT,video4195.mp4,0.015319637391099601
real,MSR-VTT,video4196.mp4,0.35566282081469275
real,MSR-VTT,video4197.mp4,0.028564280668707323
real,MSR-VTT,video4198.mp4,0.15374087591240876
real,MSR-VTT,video4199.mp4,0.46228219919943486
real,MSR-VTT,video42.mp4,0.01551094890510949
real,MSR-VTT,video420.mp4,0.21643218742641865
real,MSR-VTT,video4200.mp4,0.35398516599952906
real,MSR-VTT,video4201.mp4,0.20646927242759594
real,MSR-VTT,video4202.mp4,0.07028490699317165
real,MSR-VTT,video4203.mp4,0.017659524370143634
real,MSR-VTT,video4204.mp4,0.35304332469978805
real,MSR-VTT,video4205.mp4,0.16502825523899223
real,MSR-VTT,video4206.mp4,0.012552978573110432
real,MSR-VTT,video4207.mp4,0.706601718860372
real,MSR-VTT,video4208.mp4,0.16084883447139156
real,MSR-VTT,video4209.mp4,0.24777784318342358
real,MSR-VTT,video421.mp4,0.017350482693666118
real,MSR-VTT,video4210.mp4,0.08164586767129739
real,MSR-VTT,video4211.mp4,0.2110313162232164
real,MSR-VTT,video4212.mp4,0.5766570520367318
real,MSR-VTT,video4213.mp4,0.45969213562514716
real,MSR-VTT,video4214.mp4,0.17441723569578527
real,MSR-VTT,video4215.mp4,0.18546915469743347
real,MSR-VTT,video4216.mp4,0.10976866023075112
real,MSR-VTT,video4217.mp4,0.8667294560866494
real,MSR-VTT,video4218.mp4,0.2378737932658347
real,MSR-VTT,video4219.mp4,0.5228249352484107
real,MSR-VTT,video422.mp4,0.7255857075582763
real,MSR-VTT,video4220.mp4,0.2118701436307982
real,MSR-VTT,video4221.mp4,0.12135036496350365
real,MSR-VTT,video4222.mp4,0.11761243230515658
real,MSR-VTT,video4223.mp4,0.22760183659053448
real,MSR-VTT,video4224.mp4,0.2336502236873087
real,MSR-VTT,video4225.mp4,0.0756269131151401
real,MSR-VTT,video4226.mp4,0.579747468801507
real,MSR-VTT,video4227.mp4,0.5202643042147398
real,MSR-VTT,video4228.mp4,0.07414056981398634
real,MSR-VTT,video4229.mp4,0.2604485519190017
real,MSR-VTT,video423.mp4,0.16939898752060278
real,MSR-VTT,video4230.mp4,0.533847421709442
real,MSR-VTT,video4231.mp4,0.0069460795855898275
real,MSR-VTT,video4232.mp4,0.01926359783376501
real,MSR-VTT,video4233.mp4,0.7787408759124088
real,MSR-VTT,video4234.mp4,0.5403667294560867
real,MSR-VTT,video4235.mp4,0.10753178714386626
real,MSR-VTT,video4236.mp4,0.2649664469036967
real,MSR-VTT,video4237.mp4,0.311396279726866
real,MSR-VTT,video4238.mp4,0.07202142688956911
real,MSR-VTT,video4239.mp4,0.26003649635036497
real,MSR-VTT,video424.mp4,0.06766541087826701
real,MSR-VTT,video4240.mp4,0.17562396986107842
real,MSR-VTT,video4241.mp4,0.24323051565811163
real,MSR-VTT,video4242.mp4,0.08904815163644926
real,MSR-VTT,video4243.mp4,0.07971803626089004
real,MSR-VTT,video4244.mp4,0.24106722392276903
real,MSR-VTT,video4245.mp4,0.14043736755356723
real,MSR-VTT,video4246.mp4,0.14438132799623266
real,MSR-VTT,video4247.mp4,0.041293854485519185
real,MSR-VTT,video4248.mp4,0.13749411349187662
real,MSR-VTT,video4249.mp4,0.25684306569343063
real,MSR-VTT,video425.mp4,0.2491906051330351
real,MSR-VTT,video4250.mp4,0.01225865316694137
real,MSR-VTT,video4251.mp4,0.12929715093006827
real,MSR-VTT,video4252.mp4,0.2801977866729456
real,MSR-VTT,video4253.mp4,0.04631210266070167
real,MSR-VTT,video4254.mp4,0.22670414410171885
real,MSR-VTT,video4255.mp4,0.19428420061219684
real,MSR-VTT,video4256.mp4,0.5261655286084295
real,MSR-VTT,video4257.mp4,0.2642747821991994
real,MSR-VTT,video4258.mp4,0.27397280433246995
real,MSR-VTT,video4259.mp4,0.9068312926771839
real,MSR-VTT,video426.mp4,0.184998234047563
real,MSR-VTT,video4260.mp4,0.018101012479397223
real,MSR-VTT,video4261.mp4,0.01327407581822463
real,MSR-VTT,video4262.mp4,0.08728219919943489
real,MSR-VTT,video4263.mp4,0.3606810689898752
real,MSR-VTT,video4264.mp4,0.6178331763597834
real,MSR-VTT,video4265.mp4,0.5699905815870026
real,MSR-VTT,video4266.mp4,0.5541705910054155
real,MSR-VTT,video4267.mp4,0.3871703555450906
real,MSR-VTT,video4268.mp4,0.10573640216623499
real,MSR-VTT,video4269.mp4,0.5964062867906759
real,MSR-VTT,video427.mp4,0.22667471156110197
real,MSR-VTT,video4270.mp4,0.5216623498940429
real,MSR-VTT,video4271.mp4,0.02373734400753473
real,MSR-VTT,video4272.mp4,0.03827701907228632
real,MSR-VTT,video4273.mp4,0.3531904874028726
real,MSR-VTT,video4274.mp4,0.41067223922769014
real,MSR-VTT,video4275.mp4,0.10205733458912174
real,MSR-VTT,video4276.mp4,0.23340004709206497
real,MSR-VTT,video4277.mp4,0.03905698139863433
real,MSR-VTT,video4278.mp4,0.76864551448081
real,MSR-VTT,video4279.mp4,0.013509536143159879
real,MSR-VTT,video428.mp4,0.6831881327996232
real,MSR-VTT,video4280.mp4,0.1661614080527431
real,MSR-VTT,video4281.mp4,0.09402225100070638
real,MSR-VTT,video4282.mp4,0.5404697433482458
real,MSR-VTT,video4283.mp4,0.050138332940899456
real,MSR-VTT,video4284.mp4,0.06208794443136331
real,MSR-VTT,video4285.mp4,0.01050741700023546
real,MSR-VTT,video4286.mp4,0.15534494937603016
real,MSR-VTT,video4287.mp4,0.4675653402401695
real,MSR-VTT,video4288.mp4,0.026283258770897103
real,MSR-VTT,video4289.mp4,0.017585943018601367
real,MSR-VTT,video429.mp4,0.08470685189545561
real,MSR-VTT,video4290.mp4,0.6306804803390629
real,MSR-VTT,video4291.mp4,0.018498351777725453
real,MSR-VTT,video4292.mp4,0.1910319048740287
real,MSR-VTT,video4293.mp4,0.17596244407817282
real,MSR-VTT,video4294.mp4,0.6681775370850012
real,MSR-VTT,video4295.mp4,0.2844949376030139
real,MSR-VTT,video4296.mp4,0.1384359547916176
real,MSR-VTT,video4297.mp4,0.33152813750882976
real,MSR-VTT,video4298.mp4,0.04869613845067106
real,MSR-VTT,video4299.mp4,0.19175300211914292
real,MSR-VTT,video43.mp4,0.7349452554744526
real,MSR-VTT,video430.mp4,0.4080527431127855
real,MSR-VTT,video4300.mp4,0.11511066635271958
real,MSR-VTT,video4301.mp4,0.15967153284671531
real,MSR-VTT,video4302.mp4,0.953319990581587
real,MSR-VTT,video4303.mp4,0.0742435837061455
real,MSR-VTT,video4304.mp4,0.038129856369201784
real,MSR-VTT,video4305.mp4,0.19972922062632448
real,MSR-VTT,video4306.mp4,0.5625441488109253
real,MSR-VTT,video4307.mp4,0.1353013892159171
real,MSR-VTT,video4308.mp4,0.04285377913821521
real,MSR-VTT,video4309.mp4,0.27838768542500586
real,MSR-VTT,video431.mp4,0.09312455851189075
real,MSR-VTT,video4310.mp4,0.25812338121026607
real,MSR-VTT,video4311.mp4,0.5089622086178479
real,MSR-VTT,video4312.mp4,0.02013185778196374
real,MSR-VTT,video4313.mp4,0.09066694137037909
real,MSR-VTT,video4314.mp4,0.5733900400282552
real,MSR-VTT,video4315.mp4,0.2823022133270544
real,MSR-VTT,video4316.mp4,0.582705439133506
real,MSR-VTT,video4317.mp4,0.22311337414645632
real,MSR-VTT,video4318.mp4,0.4986019543206969
real,MSR-VTT,video4319.mp4,0.24776312691311514
real,MSR-VTT,video432.mp4,0.025606310336708262
real,MSR-VTT,video4320.mp4,0.8561337414645632
real,MSR-VTT,video4321.mp4,0.5862373440075347
real,MSR-VTT,video4322.mp4,0.17003178714386627
real,MSR-VTT,video4323.mp4,0.10957734871674123
real,MSR-VTT,video4324.mp4,0.27036731810689896
real,MSR-VTT,video4325.mp4,0.11823051565811162
real,MSR-VTT,video4326.mp4,0.14461678832116787
real,MSR-VTT,video4327.mp4,0.8581498704968213
real,MSR-VTT,video4328.mp4,0.028829173534259477
real,MSR-VTT,video4329.mp4,0.61434542029668
real,MSR-VTT,video433.mp4,0.19262126206734165
real,MSR-VTT,video4330.mp4,0.20533611961384507
real,MSR-VTT,video4331.mp4,0.28281728278785023
real,MSR-VTT,video4332.mp4,0.010183659053449493
real,MSR-VTT,video4333.mp4,0.5540381445726394
real,MSR-VTT,video4334.mp4,0.1443666117259242
real,MSR-VTT,video4335.mp4,0.2713974570284907
real,MSR-VTT,video4336.mp4,0.0625
real,MSR-VTT,video4337.mp4,0.13848010360254298
real,MSR-VTT,video4338.mp4,0.13770014127619495
real,MSR-VTT,video4339.mp4,0.07625971273840357
real,MSR-VTT,video434.mp4,0.031110195432069696
real,MSR-VTT,video4340.mp4,0.3526901342123852
real,MSR-VTT,video4341.mp4,0.1254120555686367
real,MSR-VTT,video4342.mp4,0.3882299270072993
real,MSR-VTT,video4343.mp4,0.050933011537555924
real,MSR-VTT,video4344.mp4,0.06826877796091359
real,MSR-VTT,video4345.mp4,0.012552978573110432
real,MSR-VTT,video4346.mp4,0.512832587708971
real,MSR-VTT,video4347.mp4,0.10367612432305157
real,MSR-VTT,video4348.mp4,0.07575935954791617
real,MSR-VTT,video4349.mp4,0.13553684954085235
real,MSR-VTT,video435.mp4,0.10311690605133035
real,MSR-VTT,video4350.mp4,0.05340534494937603
real,MSR-VTT,video4351.mp4,0.4237550035319049
real,MSR-VTT,video4352.mp4,0.26565811160819397
real,MSR-VTT,video4353.mp4,0.24489345420296682
real,MSR-VTT,video4354.mp4,0.5678861549328938
real,MSR-VTT,video4355.mp4,0.12458794443136331
real,MSR-VTT,video4356.mp4,0.3767512361667059
real,MSR-VTT,video4357.mp4,0.040572757240404995
real,MSR-VTT,video4358.mp4,0.38056275017659524
real,MSR-VTT,video4359.mp4,0.05821756534024017
real,MSR-VTT,video436.mp4,0.4947904403108076
real,MSR-VTT,video4360.mp4,0.06684129974099363
real,MSR-VTT,video4361.mp4,0.19226807157993878
real,MSR-VTT,video4362.mp4,0.016261478690840592
real,MSR-VTT,video4363.mp4,0.2992406404520838
real,MSR-VTT,video4364.mp4,0.03680539204144102
real,MSR-VTT,video4365.mp4,0.24951436307982106
real,MSR-VTT,video4366.mp4,0.33940134212385215
real,MSR-VTT,video4367.mp4,0.14601483400047094
real,MSR-VTT,video4368.mp4,0.20729338356486932
real,MSR-VTT,video4369.mp4,0.13655227219213562
real,MSR-VTT,video437.mp4,0.634845184836355
real,MSR-VTT,video4370.mp4,0.010374970567459382
real,MSR-VTT,video4371.mp4,0.18636684718624913
real,MSR-VTT,video4372.mp4,0.42780197786672947
real,MSR-VTT,video4373.mp4,0.3436984930539204
real,MSR-VTT,video4374.mp4,0.04977042618318813
real,MSR-VTT,video4375.mp4,0.021029550270779372
real,MSR-VTT,video4376.mp4,0.029358959265363787
real,MSR-VTT,video4377.mp4,0.241390981869555
real,MSR-VTT,video4378.mp4,0.07982105015304922
real,MSR-VTT,video4379.mp4,0.19098775606310336
real,MSR-VTT,video438.mp4,0.04264775135389687
real,MSR-VTT,video4380.mp4,0.10698728514245351
real,MSR-VTT,video4381.mp4,0.3680686366847187
real,MSR-VTT,video4382.mp4,0.07040263715563927
real,MSR-VTT,video4383.mp4,0.12925300211914292
real,MSR-VTT,video4384.mp4,0.07648045679303038
real,MSR-VTT,video4385.mp4,0.42750765246056044
real,MSR-VTT,video4386.mp4,0.004341299740993642
real,MSR-VTT,video4387.mp4,0.007873204615022368
real,MSR-VTT,video4388.mp4,0.1389068754414881
real,MSR-VTT,video4389.mp4,0.020249587944431362
real,MSR-VTT,video439.mp4,0.2646868377678361
real,MSR-VTT,video4390.mp4,0.06467800800565104
real,MSR-VTT,video4391.mp4,0.03417117965622793
real,MSR-VTT,video4392.mp4,0.22808747351071343
real,MSR-VTT,video4393.mp4,0.3623881563456558
real,MSR-VTT,video4394.mp4,0.1940193077466447
real,MSR-VTT,video4395.mp4,0.19579997645396752
real,MSR-VTT,video4396.mp4,0.0019425476807157995
real,MSR-VTT,video4397.mp4,0.12367553567223924
real,MSR-VTT,video4398.mp4,0.3675241346833059
real,MSR-VTT,video4399.mp4,0.00972745467388745
real,MSR-VTT,video44.mp4,0.10405874735107135
real,MSR-VTT,video440.mp4,0.25984518483635505
real,MSR-VTT,video4400.mp4,0.3548239934071109
real,MSR-VTT,video4401.mp4,0.043854485519190016
real,MSR-VTT,video4402.mp4,0.18648457734871676
real,MSR-VTT,video4403.mp4,0.1979632681893101
real,MSR-VTT,video4404.mp4,0.4272133270543913
real,MSR-VTT,video4405.mp4,0.03206675300211914
real,MSR-VTT,video4406.mp4,0.46058982811396276
real,MSR-VTT,video4407.mp4,0.6895602778431834
real,MSR-VTT,video4408.mp4,0.24193548387096772
real,MSR-VTT,video4409.mp4,0.09589121732987993
real,MSR-VTT,video441.mp4,0.24112608900400284
real,MSR-VTT,video4410.mp4,0.34496409230044733
real,MSR-VTT,video4411.mp4,0.3361784789263009
real,MSR-VTT,video4412.mp4,0.3478484812809042
real,MSR-VTT,video4413.mp4,0.053199317165057686
real,MSR-VTT,video4414.mp4,0.2068666117259242
real,MSR-VTT,video4415.mp4,0.34751000706380974
real,MSR-VTT,video4416.mp4,0.04918177537085001
real,MSR-VTT,video4417.mp4,0.26498116317400516
real,MSR-VTT,video4418.mp4,0.09781904874028727
real,MSR-VTT,video4419.mp4,0.043309983517777255
real,MSR-VTT,video442.mp4,0.8387685425005886
real,MSR-VTT,video4420.mp4,0.20040616906051328
real,MSR-VTT,video4421.mp4,0.16070167176830705
real,MSR-VTT,video4422.mp4,0.4709353661408053
real,MSR-VTT,video4423.mp4,0.1556098422415823
real,MSR-VTT,video4424.mp4,0.36168177537085
real,MSR-VTT,video4425.mp4,0.19607958558982813
real,MSR-VTT,video4426.mp4,0.3438015069460796
real,MSR-VTT,video4427.mp4,0.8346038380032965
real,MSR-VTT,video4428.mp4,0.28293501295031787
real,MSR-VTT,video4429.mp4,0.6745496821285614
real,MSR-VTT,video443.mp4,0.520852955027078
real,MSR-VTT,video4430.mp4,0.20199552625382625
real,MSR-VTT,video4431.mp4,0.30796738874499646
real,MSR-VTT,video4432.mp4,0.46765363786202024
real,MSR-VTT,video4433.mp4,0.004429597362844361
real,MSR-VTT,video4434.mp4,0.2550182481751825
real,MSR-VTT,video4435.mp4,0.5389245349658582
real,MSR-VTT,video4436.mp4,0.16473392983282317
real,MSR-VTT,video4437.mp4,0.3028461266776548
real,MSR-VTT,video4438.mp4,0.3346627030845303
real,MSR-VTT,video4439.mp4,0.6756681186720037
real,MSR-VTT,video444.mp4,0.469139981163174
real,MSR-VTT,video4440.mp4,0.5507711325641629
real,MSR-VTT,video4441.mp4,0.15001765952437016
real,MSR-VTT,video4442.mp4,0.17861137273369437
real,MSR-VTT,video4443.mp4,0.12242465269602072
real,MSR-VTT,video4444.mp4,0.5291529314810455
real,MSR-VTT,video4445.mp4,0.32394925829997645
real,MSR-VTT,video4446.mp4,0.3680539204144102
real,MSR-VTT,video4447.mp4,0.3497468801506946
real,MSR-VTT,video4448.mp4,0.019616788321167884
real,MSR-VTT,video4449.mp4,0.018910407346362137
real,MSR-VTT,video445.mp4,0.011302095596891923
real,MSR-VTT,video4450.mp4,0.13440369672710148
real,MSR-VTT,video4451.mp4,0.0668265834706852
real,MSR-VTT,video4452.mp4,0.5027372262773723
real,MSR-VTT,video4453.mp4,0.03425947727807864
real,MSR-VTT,video4454.mp4,0.03317047327525312
real,MSR-VTT,video4455.mp4,0.7282787850247233
real,MSR-VTT,video4456.mp4,0.4678155168354132
real,MSR-VTT,video4457.mp4,0.026533435366140806
real,MSR-VTT,video4458.mp4,0.05230162467624205
real,MSR-VTT,video4459.mp4,0.17507946785966563
real,MSR-VTT,video446.mp4,0.7527813750882977
real,MSR-VTT,video4460.mp4,0.14221803626089005
real,MSR-VTT,video4461.mp4,0.7425241346833058
real,MSR-VTT,video4462.mp4,0.20465917117965624
real,MSR-VTT,video4463.mp4,0.2563574287732517
real,MSR-VTT,video4464.mp4,0.2708971038380033
real,MSR-VTT,video4465.mp4,0.2906610548622557
real,MSR-VTT,video4466.mp4,0.25531257358135157
real,MSR-VTT,video4467.mp4,0.31017482929126444
real,MSR-VTT,video4468.mp4,0.48757946785966566
real,MSR-VTT,video4469.mp4,0.2802566517541794
real,MSR-VTT,video447.mp4,0.27492936190251943
real,MSR-VTT,video4470.mp4,0.057761360960678125
real,MSR-VTT,video4471.mp4,0.18017129738639037
real,MSR-VTT,video4472.mp4,0.39277725453261125
real,MSR-VTT,video4473.mp4,0.35751707087355783
real,MSR-VTT,video4474.mp4,0.24823404756298562
real,MSR-VTT,video4475.mp4,0.07021132564162938
real,MSR-VTT,video4476.mp4,0.6668825052978573
real,MSR-VTT,video4477.mp4,0.0812043795620438
real,MSR-VTT,video4478.mp4,0.10944490228396515
real,MSR-VTT,video4479.mp4,0.4001206734165293
real,MSR-VTT,video448.mp4,0.03973392983282317
real,MSR-VTT,video4480.mp4,0.7164469036967271
real,MSR-VTT,video4481.mp4,0.2737814928184601
real,MSR-VTT,video4482.mp4,0.40381445726395104
real,MSR-VTT,video4483.mp4,0.20362903225806453
real,MSR-VTT,video4484.mp4,0.10719331292677184
real,MSR-VTT,video4485.mp4,0.04444313633152813
real,MSR-VTT,video4486.mp4,0.14788380032964446
real,MSR-VTT,video4487.mp4,0.5797033199905817
real,MSR-VTT,video4488.mp4,0.1721214975276666
real,MSR-VTT,video4489.mp4,0.028225806451612902
real,MSR-VTT,video449.mp4,0.03302331057216859
real,MSR-VTT,video4490.mp4,0.45374676242053213
real,MSR-VTT,video4491.mp4,0.014260065928890982
real,MSR-VTT,video4492.mp4,0.568607252178008
real,MSR-VTT,video4493.mp4,0.0630297857311043
real,MSR-VTT,video4494.mp4,0.2589916411584648
real,MSR-VTT,video4495.mp4,0.9174417235695785
real,MSR-VTT,video4496.mp4,0.14014304214739814
real,MSR-VTT,video4497.mp4,0.34596479868142216
real,MSR-VTT,video4498.mp4,0.7243936896632917
real,MSR-VTT,video4499.mp4,0.27719566753002123
real,MSR-VTT,video45.mp4,0.6858223451848363
real,MSR-VTT,video450.mp4,0.5596597598304686
real,MSR-VTT,video4500.mp4,0.04230927713680245
real,MSR-VTT,video4501.mp4,0.17887626559924652
real,MSR-VTT,video4502.mp4,0.2522957381681187
real,MSR-VTT,video4503.mp4,0.09945255474452554
real,MSR-VTT,video4504.mp4,0.26946962561808335
real,MSR-VTT,video4505.mp4,0.20333470685189545
real,MSR-VTT,video4506.mp4,0.8055686366847186
real,MSR-VTT,video4507.mp4,0.010419119378384743
real,MSR-VTT,video4508.mp4,0.03143395337885566
real,MSR-VTT,video4509.mp4,0.13821521073699083
real,MSR-VTT,video451.mp4,0.39363079821050156
real,MSR-VTT,video4510.mp4,0.17073816811867198
real,MSR-VTT,video4511.mp4,0.07533258770897104
real,MSR-VTT,video4512.mp4,0.029344242995055336
real,MSR-VTT,video4513.mp4,0.20991287967977396
real,MSR-VTT,video4514.mp4,0.11048975747586533
real,MSR-VTT,video4515.mp4,0.1192017894984695
real,MSR-VTT,video4516.mp4,0.11715622792559453
real,MSR-VTT,video4517.mp4,0.34315399105250766
real,MSR-VTT,video4518.mp4,0.2701612903225806
real,MSR-VTT,video4519.mp4,0.07818754414881093
real,MSR-VTT,video452.mp4,0.5837355780550977
real,MSR-VTT,video4520.mp4,0.05486225570991288
real,MSR-VTT,video4521.mp4,0.5945814692724276
real,MSR-VTT,video4522.mp4,0.2843624911702378
real,MSR-VTT,video4523.mp4,0.7100894749234754
real,MSR-VTT,video4524.mp4,0.3224629149988227
real,MSR-VTT,video4525.mp4,0.18226100777019072
real,MSR-VTT,video4526.mp4,0.19755121262067343
real,MSR-VTT,video4527.mp4,0.39419001648222274
real,MSR-VTT,video4528.mp4,0.5578643748528374
real,MSR-VTT,video4529.mp4,0.19167942076760067
real,MSR-VTT,video453.mp4,0.2656433953378856
real,MSR-VTT,video4530.mp4,0.013141629385448552
real,MSR-VTT,video4531.mp4,0.011890746409230045
real,MSR-VTT,video4532.mp4,0.009109371320932423
real,MSR-VTT,video4533.mp4,0.17159171179656227
real,MSR-VTT,video4534.mp4,0.22106781257358135
real,MSR-VTT,video4535.mp4,0.2325465034141747
real,MSR-VTT,video4536.mp4,0.29801919001648225
real,MSR-VTT,video4537.mp4,0.0627501765952437
real,MSR-VTT,video4538.mp4,0.1601866023075112
real,MSR-VTT,video4539.mp4,0.4268895691076054
real,MSR-VTT,video454.mp4,0.25725512126206734
real,MSR-VTT,video4540.mp4,0.6608046856604662
real,MSR-VTT,video4541.mp4,0.04408994584412527
real,MSR-VTT,video4542.mp4,0.2704261831881328
real,MSR-VTT,video4543.mp4,0.6681333882740759
real,MSR-VTT,video4544.mp4,0.26777725453261125
real,MSR-VTT,video4545.mp4,0.5383064516129032
real,MSR-VTT,video4546.mp4,0.2460854720979515
real,MSR-VTT,video4547.mp4,0.38410937132093237
real,MSR-VTT,video4548.mp4,0.10439722156816578
real,MSR-VTT,video4549.mp4,0.5197345184836355
real,MSR-VTT,video455.mp4,0.0362756063103367
real,MSR-VTT,video4550.mp4,0.15784671532846717
real,MSR-VTT,video4551.mp4,0.6889716270308452
real,MSR-VTT,video4552.mp4,0.37276312691311514
real,MSR-VTT,video4553.mp4,0.08776783611961383
real,MSR-VTT,video4554.mp4,0.3111755356722392
real,MSR-VTT,video4555.mp4,0.05915940663998116
real,MSR-VTT,video4556.mp4,0.09696550506239698
real,MSR-VTT,video4557.mp4,0.3297916176124323
real,MSR-VTT,video4558.mp4,0.7254974099364258
real,MSR-VTT,video4559.mp4,0.7011272663056276
real,MSR-VTT,video456.mp4,0.13231398634330116
real,MSR-VTT,video4560.mp4,0.17393159877560632
real,MSR-VTT,video4561.mp4,0.21977278078643747
real,MSR-VTT,video4562.mp4,0.23316458676712973
real,MSR-VTT,video4563.mp4,0.2922651283258771
real,MSR-VTT,video4564.mp4,0.4036378620202496
real,MSR-VTT,video4565.mp4,0.4164557334589122
real,MSR-VTT,video4566.mp4,0.10851777725453261
real,MSR-VTT,video4567.mp4,0.5562750176595244
real,MSR-VTT,video4568.mp4,0.05241935483870968
real,MSR-VTT,video4569.mp4,0.041941370379091125
real,MSR-VTT,video457.mp4,0.09068165764068754
real,MSR-VTT,video4570.mp4,0.48391511655286085
real,MSR-VTT,video4571.mp4,0.028019778667294562
real,MSR-VTT,video4572.mp4,0.0680774664469037
real,MSR-VTT,video4573.mp4,0.23264951730633388
real,MSR-VTT,video4574.mp4,0.20196609371320934
real,MSR-VTT,video4575.mp4,0.21978749705674594
real,MSR-VTT,video4576.mp4,0.21602013185778196
real,MSR-VTT,video4577.mp4,0.17842006121968448
real,MSR-VTT,video4578.mp4,0.06404520838238757
real,MSR-VTT,video4579.mp4,0.23242877325170708
real,MSR-VTT,video458.mp4,0.13658170473275252
real,MSR-VTT,video4580.mp4,0.06773899222980928
real,MSR-VTT,video4581.mp4,0.2952966800094184
real,MSR-VTT,video4582.mp4,0.29810748763833295
real,MSR-VTT,video4583.mp4,0.1453967506475159
real,MSR-VTT,video4584.mp4,0.01770367318106899
real,MSR-VTT,video4585.mp4,0.20926536378620203
real,MSR-VTT,video4586.mp4,0.34153520131857784
real,MSR-VTT,video4587.mp4,0.642865552154462
real,MSR-VTT,video4588.mp4,0.7119437249823404
real,MSR-VTT,video4589.mp4,0.06629679773958089
real,MSR-VTT,video459.mp4,0.04846067812573582
real,MSR-VTT,video4590.mp4,0.08194019307746644
real,MSR-VTT,video4591.mp4,0.037379326583470686
real,MSR-VTT,video4592.mp4,0.23141335060042384
real,MSR-VTT,video4593.mp4,0.049402519425476805
real,MSR-VTT,video4594.mp4,0.1239698610784083
real,MSR-VTT,video4595.mp4,0.019543206969625616
real,MSR-VTT,video4596.mp4,0.4366758888627266
real,MSR-VTT,video4597.mp4,0.16594066399811633
real,MSR-VTT,video4598.mp4,0.24370143630798213
real,MSR-VTT,video4599.mp4,0.41149635036496346
real,MSR-VTT,video46.mp4,0.22530609842241583
real,MSR-VTT,video460.mp4,0.01352425241346833
real,MSR-VTT,video4600.mp4,0.05895337885566282
real,MSR-VTT,video4601.mp4,0.14411643513068048
real,MSR-VTT,video4602.mp4,0.21317989168825052
real,MSR-VTT,video4603.mp4,0.049122910289616205
real,MSR-VTT,video4604.mp4,0.5102278078643748
real,MSR-VTT,video4605.mp4,0.21019248881563457
real,MSR-VTT,video4606.mp4,0.02868201083117495
real,MSR-VTT,video4607.mp4,0.6101954320696963
real,MSR-VTT,video4608.mp4,0.04048445961855427
real,MSR-VTT,video4609.mp4,0.96803626089004
real,MSR-VTT,video461.mp4,0.0296680009418413
real,MSR-VTT,video4610.mp4,0.45580704026371555
real,MSR-VTT,video4611.mp4,0.14227690134212384
real,MSR-VTT,video4612.mp4,0.4015923004473746
real,MSR-VTT,video4613.mp4,0.14258594301860136
real,MSR-VTT,video4614.mp4,0.11073993407110902
real,MSR-VTT,video4615.mp4,0.21204673887449965
real,MSR-VTT,video4616.mp4,0.23702024958794443
real,MSR-VTT,video4617.mp4,0.5303743819166471
real,MSR-VTT,video4618.mp4,0.32003473039792796
real,MSR-VTT,video4619.mp4,0.024487873793265835
real,MSR-VTT,video462.mp4,0.056039557334589124
real,MSR-VTT,video4620.mp4,0.43075994819872854
real,MSR-VTT,video4621.mp4,0.07858488344713915
real,MSR-VTT,video4622.mp4,0.34359547916176125
real,MSR-VTT,video4623.mp4,0.40219566753002123
real,MSR-VTT,video4624.mp4,0.3902902048504827
real,MSR-VTT,video4625.mp4,0.0036937838474217096
real,MSR-VTT,video4626.mp4,0.07979161761243231
real,MSR-VTT,video4627.mp4,0.1203938073934542
real,MSR-VTT,video4628.mp4,0.25142747821991995
real,MSR-VTT,video4629.mp4,0.007181539910525076
real,MSR-VTT,video463.mp4,0.1726512832587709
real,MSR-VTT,video4630.mp4,0.11677360489757475
real,MSR-VTT,video4631.mp4,0.4866229102896162
real,MSR-VTT,video4632.mp4,0.3456410407346362
real,MSR-VTT,video4633.mp4,0.07156522251000706
real,MSR-VTT,video4634.mp4,0.030698139863433012
real,MSR-VTT,video4635.mp4,0.05780550977160349
real,MSR-VTT,video4636.mp4,0.0019572639510242523
real,MSR-VTT,video4637.mp4,0.0311396279726866
real,MSR-VTT,video4638.mp4,0.7220979514951731
real,MSR-VTT,video4639.mp4,0.1700170708735578
real,MSR-VTT,video464.mp4,0.3379297150930068
real,MSR-VTT,video4640.mp4,0.11154932893807394
real,MSR-VTT,video4641.mp4,0.10082116788321169
real,MSR-VTT,video4642.mp4,0.16232046150223686
real,MSR-VTT,video4643.mp4,0.1043530727572404
real,MSR-VTT,video4644.mp4,0.043692606545797034
real,MSR-VTT,video4645.mp4,0.2643483635507417
real,MSR-VTT,video4646.mp4,0.061587591240875914
real,MSR-VTT,video4647.mp4,0.07790793501295032
real,MSR-VTT,video4648.mp4,0.3562661878973393
real,MSR-VTT,video4649.mp4,0.3656404520838239
real,MSR-VTT,video465.mp4,0.41229102896161995
real,MSR-VTT,video4650.mp4,0.00734341888391806
real,MSR-VTT,video4651.mp4,0.1578025665175418
real,MSR-VTT,video4652.mp4,0.6060160113020956
real,MSR-VTT,video4653.mp4,0.02587120320226042
real,MSR-VTT,video4654.mp4,0.03286143159877561
real,MSR-VTT,video4655.mp4,0.07330174240640451
real,MSR-VTT,video4656.mp4,0.10480927713680245
real,MSR-VTT,video4657.mp4,0.08516305627501766
real,MSR-VTT,video4658.mp4,0.26331822462915
real,MSR-VTT,video4659.mp4,0.015775841770661644
real,MSR-VTT,video466.mp4,0.20607193312926772
real,MSR-VTT,video4660.mp4,0.10544207676006592
real,MSR-VTT,video4661.mp4,0.25907993878031554
real,MSR-VTT,video4662.mp4,0.28867435837061456
real,MSR-VTT,video4663.mp4,0.23385625147162703
real,MSR-VTT,video4664.mp4,0.11166705910054156
real,MSR-VTT,video4665.mp4,0.10269013421238521
real,MSR-VTT,video4666.mp4,0.061204968212856134
real,MSR-VTT,video4667.mp4,0.3206675300211914
real,MSR-VTT,video4668.mp4,0.2232752531198493
real,MSR-VTT,video4669.mp4,0.41410113020955974
real,MSR-VTT,video467.mp4,0.39859018130445023
real,MSR-VTT,video4670.mp4,0.11521368024487874
real,MSR-VTT,video4671.mp4,0.37273369437249826
real,MSR-VTT,video4672.mp4,0.05499470214268896
real,MSR-VTT,video4673.mp4,0.7650694607958559
real,MSR-VTT,video4674.mp4,0.23936013656698846
real,MSR-VTT,video4675.mp4,0.0262538262302802
real,MSR-VTT,video4676.mp4,0.022530609842241582
real,MSR-VTT,video4677.mp4,0.3889657405227219
real,MSR-VTT,video4678.mp4,0.10454438427125029
real,MSR-VTT,video4679.mp4,0.055627501765952436
real,MSR-VTT,video468.mp4,0.3517924417235696
real,MSR-VTT,video4680.mp4,0.15649281846008947
real,MSR-VTT,video4681.mp4,0.7100894749234754
real,MSR-VTT,video4682.mp4,0.022677772545326113
real,MSR-VTT,video4683.mp4,0.41493995761714153
real,MSR-VTT,video4684.mp4,0.3882299270072993
real,MSR-VTT,video4685.mp4,0.033096891923710854
real,MSR-VTT,video4686.mp4,0.2217741935483871
real,MSR-VTT,video4687.mp4,0.2800359076995526
real,MSR-VTT,video4688.mp4,0.7193901577584176
real,MSR-VTT,video4689.mp4,0.612623616670591
real,MSR-VTT,video469.mp4,0.2378443607252178
real,MSR-VTT,video4690.mp4,0.039675064751589356
real,MSR-VTT,video4691.mp4,0.15229868142218037
real,MSR-VTT,video4692.mp4,0.5423828584883447
real,MSR-VTT,video4693.mp4,0.28536319755121264
real,MSR-VTT,video4694.mp4,0.5824111137273369
real,MSR-VTT,video4695.mp4,0.11359489051094891
real,MSR-VTT,video4696.mp4,0.3188721450435602
real,MSR-VTT,video4697.mp4,0.6687073228161056
real,MSR-VTT,video4698.mp4,0.01521662349894043
real,MSR-VTT,video4699.mp4,0.7072933835648694
real,MSR-VTT,video47.mp4,0.49671827172121497
real,MSR-VTT,video470.mp4,0.2531639981163174
real,MSR-VTT,video4700.mp4,0.3618142218036261
real,MSR-VTT,video4701.mp4,0.29509065222510006
real,MSR-VTT,video4702.mp4,0.07648045679303038
real,MSR-VTT,video4703.mp4,0.25429715093006827
real,MSR-VTT,video4704.mp4,0.12811984930539205
real,MSR-VTT,video4705.mp4,0.03739404285377913
real,MSR-VTT,video4706.mp4,0.5009124087591241
real,MSR-VTT,video4707.mp4,0.022942665410878266
real,MSR-VTT,video4708.mp4,0.19113491876618788
real,MSR-VTT,video4709.mp4,0.08480986578761479
real,MSR-VTT,video471.mp4,0.011096067812573582
real,MSR-VTT,video4710.mp4,0.3572374617376972
real,MSR-VTT,video4711.mp4,0.24966152578290557
real,MSR-VTT,video4712.mp4,0.11016599952907935
real,MSR-VTT,video4713.mp4,0.1984636213797975
real,MSR-VTT,video4714.mp4,0.34540558040970093
real,MSR-VTT,video4715.mp4,0.33607546503414176
real,MSR-VTT,video4716.mp4,0.8027725453261125
real,MSR-VTT,video4717.mp4,0.3819460795855898
real,MSR-VTT,video4718.mp4,0.3015216623498941
real,MSR-VTT,video4719.mp4,0.3418148104544384
real,MSR-VTT,video472.mp4,0.12327819637391099
real,MSR-VTT,video4720.mp4,0.07912938544855191
real,MSR-VTT,video4721.mp4,0.4285230751118437
real,MSR-VTT,video4722.mp4,0.02868201083117495
real,MSR-VTT,video4723.mp4,0.19710972451141984
real,MSR-VTT,video4724.mp4,0.06448669649164115
real,MSR-VTT,video4725.mp4,0.605280197786673
real,MSR-VTT,video4726.mp4,0.019660937132093242
real,MSR-VTT,video4727.mp4,0.23151636449258298
real,MSR-VTT,video4728.mp4,0.3428596656463386
real,MSR-VTT,video4729.mp4,0.3386213797975041
real,MSR-VTT,video473.mp4,0.0052537085001177295
real,MSR-VTT,video4730.mp4,0.025650459147633625
real,MSR-VTT,video4731.mp4,0.27595950082411114
real,MSR-VTT,video4732.mp4,0.12917942076760067
real,MSR-VTT,video4733.mp4,0.16317400518012715
real,MSR-VTT,video4734.mp4,0.06578172827878502
real,MSR-VTT,video4735.mp4,0.014995879444313635
real,MSR-VTT,video4736.mp4,0.311396279726866
real,MSR-VTT,video4737.mp4,0.10667824346597599
real,MSR-VTT,video4738.mp4,0.33013009182952674
real,MSR-VTT,video4739.mp4,0.26056628208146926
real,MSR-VTT,video474.mp4,0.03094831645867671
real,MSR-VTT,video4740.mp4,0.6050447374617377
real,MSR-VTT,video4741.mp4,0.11555215446197314
real,MSR-VTT,video4742.mp4,0.013597833765010595
real,MSR-VTT,video4743.mp4,0.11737697198022133
real,MSR-VTT,video4744.mp4,0.6378473039792795
real,MSR-VTT,video4745.mp4,0.503929244172357
real,MSR-VTT,video4746.mp4,0.35569225335530963
real,MSR-VTT,video4747.mp4,0.083647280433247
real,MSR-VTT,video4748.mp4,0.2923239934071109
real,MSR-VTT,video4749.mp4,0.021677066164351305
real,MSR-VTT,video475.mp4,0.4331439839886979
real,MSR-VTT,video4750.mp4,0.24281846008947494
real,MSR-VTT,video4751.mp4,0.6617170944195903
real,MSR-VTT,video4752.mp4,0.053008005651047796
real,MSR-VTT,video4753.mp4,0.03480397927949141
real,MSR-VTT,video4754.mp4,0.14987049682128561
real,MSR-VTT,video4755.mp4,0.009859901106663526
real,MSR-VTT,video4756.mp4,0.21443077466446903
real,MSR-VTT,video4757.mp4,0.32356663527195667
real,MSR-VTT,video4758.mp4,0.005371438662585355
real,MSR-VTT,video4759.mp4,0.4552478219919943
real,MSR-VTT,video476.mp4,0.03845361431598776
real,MSR-VTT,video4760.mp4,0.07571521073699082
real,MSR-VTT,video4761.mp4,0.26137567694843417
real,MSR-VTT,video4762.mp4,0.5092712502943254
real,MSR-VTT,video4763.mp4,0.009742170944195902
real,MSR-VTT,video4764.mp4,0.2599629149988227
real,MSR-VTT,video4765.mp4,0.012773722627737226
real,MSR-VTT,video4766.mp4,0.6412614786908406
real,MSR-VTT,video4767.mp4,0.29108782670120087
real,MSR-VTT,video4768.mp4,0.3245967741935484
real,MSR-VTT,video4769.mp4,0.2037026136096068
real,MSR-VTT,video477.mp4,0.18168707322816108
real,MSR-VTT,video4770.mp4,0.40706675300211914
real,MSR-VTT,video4771.mp4,0.35788497763126914
real,MSR-VTT,video4772.mp4,0.379061690605133
real,MSR-VTT,video4773.mp4,0.020720508594301863
real,MSR-VTT,video4774.mp4,0.17977395808806215
real,MSR-VTT,video4775.mp4,0.07208029197080291
real,MSR-VTT,video4776.mp4,0.4219301860136567
real,MSR-VTT,video4777.mp4,0.20077407581822465
real,MSR-VTT,video4778.mp4,0.2701760065928891
real,MSR-VTT,video4779.mp4,0.12379326583470686
real,MSR-VTT,video478.mp4,0.37364610313162233
real,MSR-VTT,video4780.mp4,0.12442606545797033
real,MSR-VTT,video4781.mp4,0.26399517306333886
real,MSR-VTT,video4782.mp4,0.027313397692488816
real,MSR-VTT,video4783.mp4,0.5357458205792325
real,MSR-VTT,video4784.mp4,0.02960913586060749
real,MSR-VTT,video4785.mp4,0.27110313162232164
real,MSR-VTT,video4786.mp4,0.7293530727572404
real,MSR-VTT,video4787.mp4,0.2846862491170238
real,MSR-VTT,video4788.mp4,0.2271897810218978
real,MSR-VTT,video4789.mp4,0.41080468566046624
real,MSR-VTT,video479.mp4,0.030580409700965386
real,MSR-VTT,video4790.mp4,0.1615257829055804
real,MSR-VTT,video4791.mp4,0.5776724746880151
real,MSR-VTT,video4792.mp4,0.3064221803626089
real,MSR-VTT,video4793.mp4,0.227130915940664
real,MSR-VTT,video4794.mp4,0.1199228867435837
real,MSR-VTT,video4795.mp4,0.03206675300211914
real,MSR-VTT,video4796.mp4,0.2982105015304921
real,MSR-VTT,video4797.mp4,0.1262803155168354
real,MSR-VTT,video4798.mp4,0.10691370379091122
real,MSR-VTT,video4799.mp4,0.1573905109489051
real,MSR-VTT,video48.mp4,0.0992465269602072
real,MSR-VTT,video480.mp4,0.17638921591711798
real,MSR-VTT,video4800.mp4,0.29354544384271253
real,MSR-VTT,video4801.mp4,0.08139569107605368
real,MSR-VTT,video4802.mp4,0.0354956439839887
real,MSR-VTT,video4803.mp4,0.6711649399576172
real,MSR-VTT,video4804.mp4,0.054729809277136804
real,MSR-VTT,video4805.mp4,0.5216623498940429
real,MSR-VTT,video4806.mp4,0.15346126677654814
real,MSR-VTT,video4807.mp4,0.1870585118907464
real,MSR-VTT,video4808.mp4,0.5203967506475159
real,MSR-VTT,video4809.mp4,0.10960678125735814
real,MSR-VTT,video481.mp4,0.17610960678125737
real,MSR-VTT,video4810.mp4,0.23213444784553805
real,MSR-VTT,video4811.mp4,0.12327819637391099
real,MSR-VTT,video4812.mp4,0.22424652696020722
real,MSR-VTT,video4813.mp4,0.09365434424299506
real,MSR-VTT,video4814.mp4,0.1589945844125265
real,MSR-VTT,video4815.mp4,0.03097774899929362
real,MSR-VTT,video4816.mp4,0.11792147398163409
real,MSR-VTT,video4817.mp4,0.008255827643042148
real,MSR-VTT,video4818.mp4,0.01186131386861314
real,MSR-VTT,video4819.mp4,0.04797504120555686
real,MSR-VTT,video482.mp4,0.5067989168825053
real,MSR-VTT,video4820.mp4,0.2385065928890982
real,MSR-VTT,video4821.mp4,0.010978337650105956
real,MSR-VTT,video4822.mp4,0.041808923946315045
real,MSR-VTT,video4823.mp4,0.1671915469743348
real,MSR-VTT,video4824.mp4,0.09833411820108312
real,MSR-VTT,video4825.mp4,0.09693607252178009
real,MSR-VTT,video4826.mp4,0.12856133741464565
real,MSR-VTT,video4827.mp4,0.4699052272192136
real,MSR-VTT,video4828.mp4,0.10803214033435365
real,MSR-VTT,video4829.mp4,0.3503502472333412
real,MSR-VTT,video483.mp4,0.4654903461266776
real,MSR-VTT,video4830.mp4,0.1739610313162232
real,MSR-VTT,video4831.mp4,0.4293324699788086
real,MSR-VTT,video4832.mp4,0.11681775370850012
real,MSR-VTT,video4833.mp4,0.8025518012714857
real,MSR-VTT,video4834.mp4,0.014892865552154461
real,MSR-VTT,video4835.mp4,0.09015187190958324
real,MSR-VTT,video4836.mp4,0.036319755121262065
real,MSR-VTT,video4837.mp4,0.39741287967977396
real,MSR-VTT,video4838.mp4,0.15185719331292677
real,MSR-VTT,video4839.mp4,0.029682717212149753
real,MSR-VTT,video484.mp4,0.12407287497056746
real,MSR-VTT,video4840.mp4,0.3263185778196374
real,MSR-VTT,video4841.mp4,0.1176712973863904
real,MSR-VTT,video4842.mp4,0.04479632681893101
real,MSR-VTT,video4843.mp4,0.2943106898987521
real,MSR-VTT,video4844.mp4,0.13833294089945847
real,MSR-VTT,video4845.mp4,0.15496232634801035
real,MSR-VTT,video4846.mp4,0.23447433482458205
real,MSR-VTT,video4847.mp4,0.0060042382858488345
real,MSR-VTT,video4848.mp4,0.17238639039321874
real,MSR-VTT,video4849.mp4,0.21719743348245818
real,MSR-VTT,video485.mp4,0.41566105486225574
real,MSR-VTT,video4850.mp4,0.11359489051094891
real,MSR-VTT,video4851.mp4,0.032493524841064284
real,MSR-VTT,video4852.mp4,0.29214739816340946
real,MSR-VTT,video4853.mp4,0.09645043560160113
real,MSR-VTT,video4854.mp4,0.1506210266070167
real,MSR-VTT,video4855.mp4,0.3637862020249588
real,MSR-VTT,video4856.mp4,0.2540469743348246
real,MSR-VTT,video4857.mp4,0.041455733458912174
real,MSR-VTT,video4858.mp4,0.11864257122674829
real,MSR-VTT,video4859.mp4,0.028063927478219917
real,MSR-VTT,video486.mp4,0.5411614080527432
real,MSR-VTT,video4860.mp4,0.2756651754179421
real,MSR-VTT,video4861.mp4,0.3246409230044738
real,MSR-VTT,video4862.mp4,0.017350482693666118
real,MSR-VTT,video4863.mp4,0.03929244172356958
real,MSR-VTT,video4864.mp4,0.008388274075818224
real,MSR-VTT,video4865.mp4,0.10110077701907229
real,MSR-VTT,video4866.mp4,0.6263097480574523
real,MSR-VTT,video4867.mp4,0.21166411584647987
real,MSR-VTT,video4868.mp4,0.42223922769013417
real,MSR-VTT,video4869.mp4,0.05525959500824111
real,MSR-VTT,video487.mp4,0.2833470685189545
real,MSR-VTT,video4870.mp4,0.13491876618789733
real,MSR-VTT,video4871.mp4,0.18798563692017894
real,MSR-VTT,video4872.mp4,0.32313986343301154
real,MSR-VTT,video4873.mp4,0.011199081704732753
real,MSR-VTT,video4874.mp4,0.29383976924888155
real,MSR-VTT,video4875.mp4,0.8140452083823876
real,MSR-VTT,video4876.mp4,0.6177743112785495
real,MSR-VTT,video4877.mp4,0.48288497763126914
real,MSR-VTT,video4878.mp4,0.09637685425005886
real,MSR-VTT,video4879.mp4,0.3327643042147398
real,MSR-VTT,video488.mp4,0.1794796326818931
real,MSR-VTT,video4880.mp4,0.10221921356251472
real,MSR-VTT,video4881.mp4,0.04407522957381681
real,MSR-VTT,video4882.mp4,0.0075494466682364016
real,MSR-VTT,video4883.mp4,0.056584059336001885
real,MSR-VTT,video4884.mp4,0.40825877089710383
real,MSR-VTT,video4885.mp4,0.11546385684012245
real,MSR-VTT,video4886.mp4,0.01196432776077231
real,MSR-VTT,video4887.mp4,0.2385948905109489
real,MSR-VTT,video4888.mp4,0.07546503414174711
real,MSR-VTT,video4889.mp4,0.3330144808099835
real,MSR-VTT,video489.mp4,0.09228573110430892
real,MSR-VTT,video4890.mp4,0.5233694372498234
real,MSR-VTT,video4891.mp4,0.006136684718624912
real,MSR-VTT,video4892.mp4,0.10130680480339063
real,MSR-VTT,video4893.mp4,0.10348481280904168
real,MSR-VTT,video4894.mp4,0.18870673416529316
real,MSR-VTT,video4895.mp4,0.5702407581822463
real,MSR-VTT,video4896.mp4,0.7498234047562986
real,MSR-VTT,video4897.mp4,0.526960207205086
real,MSR-VTT,video4898.mp4,0.006681186720037674
real,MSR-VTT,video4899.mp4,0.38178420061219687
real,MSR-VTT,video49.mp4,0.13212267482929127
real,MSR-VTT,video490.mp4,0.4281404520838239
real,MSR-VTT,video4900.mp4,0.007902637155639275
real,MSR-VTT,video4901.mp4,0.09380150694607958
real,MSR-VTT,video4902.mp4,0.2950612196844832
real,MSR-VTT,video4903.mp4,0.3246556392747822
real,MSR-VTT,video4904.mp4,0.30812926771838944
real,MSR-VTT,video4905.mp4,0.09330115375559218
real,MSR-VTT,video4906.mp4,0.10614845773487167
real,MSR-VTT,video4907.mp4,0.3125294325406169
real,MSR-VTT,video4908.mp4,0.1604662114433718
real,MSR-VTT,video4909.mp4,0.19678596656463387
real,MSR-VTT,video491.mp4,0.5347451141982575
real,MSR-VTT,video4910.mp4,0.28758535436778904
real,MSR-VTT,video4911.mp4,0.1799799858723805
real,MSR-VTT,video4912.mp4,0.25825582764304217
real,MSR-VTT,video4913.mp4,0.12604485519190017
real,MSR-VTT,video4914.mp4,0.050226630562750174
real,MSR-VTT,video4915.mp4,0.33563397692488817
real,MSR-VTT,video4916.mp4,0.029977042618318815
real,MSR-VTT,video4917.mp4,0.22111196138450673
real,MSR-VTT,video4918.mp4,0.363565457970332
real,MSR-VTT,video4919.mp4,0.30203673181068985
real,MSR-VTT,video492.mp4,0.12545620437956204
real,MSR-VTT,video4920.mp4,0.18785319048740287
real,MSR-VTT,video4921.mp4,0.18608723805038851
real,MSR-VTT,video4922.mp4,0.451921944902284
real,MSR-VTT,video4923.mp4,0.30559806922533556
real,MSR-VTT,video4924.mp4,0.7182128561337415
real,MSR-VTT,video4925.mp4,0.10881210266070168
real,MSR-VTT,video4926.mp4,0.27897633623734397
real,MSR-VTT,video4927.mp4,0.018321756534024018
real,MSR-VTT,video4928.mp4,0.03998410642806687
real,MSR-VTT,video4929.mp4,0.04794560866493995
real,MSR-VTT,video493.mp4,0.017571226748292913
real,MSR-VTT,video4930.mp4,0.5565546267953849
real,MSR-VTT,video4931.mp4,0.1405403814457264
real,MSR-VTT,video4932.mp4,0.3839033435366141
real,MSR-VTT,video4933.mp4,0.45925064751589356
real,MSR-VTT,video4934.mp4,0.12102660701671769
real,MSR-VTT,video4935.mp4,0.06795973628443608
real,MSR-VTT,video4936.mp4,0.04208853308217565
real,MSR-VTT,video4937.mp4,0.13047445255474452
real,MSR-VTT,video4938.mp4,0.34318342359312454
real,MSR-VTT,video4939.mp4,0.13534553802684246
real,MSR-VTT,video494.mp4,0.41773604897574756
real,MSR-VTT,video4940.mp4,0.640525665175418
real,MSR-VTT,video4941.mp4,0.20889745702849072
real,MSR-VTT,video4942.mp4,0.251721803626089
real,MSR-VTT,video4943.mp4,0.10411761243230516
real,MSR-VTT,video4944.mp4,0.12642747821991995
real,MSR-VTT,video4945.mp4,0.4755562750176595
real,MSR-VTT,video4946.mp4,0.02938839180598069
real,MSR-VTT,video4947.mp4,0.41767718389451375
real,MSR-VTT,video4948.mp4,0.14722156816576407
real,MSR-VTT,video4949.mp4,0.088032728985166
real,MSR-VTT,video495.mp4,0.6940193077466447
real,MSR-VTT,video4950.mp4,0.05873263480103603
real,MSR-VTT,video4951.mp4,0.18873616670591004
real,MSR-VTT,video4952.mp4,0.19481398634330116
real,MSR-VTT,video4953.mp4,0.45439427831410406
real,MSR-VTT,video4954.mp4,0.926874852837297
real,MSR-VTT,video4955.mp4,0.31947551212620673
real,MSR-VTT,video4956.mp4,0.13121026607016717
real,MSR-VTT,video4957.mp4,0.2598010360254297
real,MSR-VTT,video4958.mp4,0.1671768307040264
real,MSR-VTT,video4959.mp4,0.15213680244878738
real,MSR-VTT,video496.mp4,0.046856604662114436
real,MSR-VTT,video4960.mp4,0.1540352013185778
real,MSR-VTT,video4961.mp4,0.3641982575935955
real,MSR-VTT,video4962.mp4,0.47944137037909107
real,MSR-VTT,video4963.mp4,0.5174240640452084
real,MSR-VTT,video4964.mp4,0.16486637626559925
real,MSR-VTT,video4965.mp4,0.8802831410407347
real,MSR-VTT,video4966.mp4,0.4375882976218507
real,MSR-VTT,video4967.mp4,0.2623616670591006
real,MSR-VTT,video4968.mp4,0.1309600894749235
real,MSR-VTT,video4969.mp4,0.8343978102189782
real,MSR-VTT,video497.mp4,0.19223863903932187
real,MSR-VTT,video4970.mp4,0.21546091358606076
real,MSR-VTT,video4971.mp4,0.8847421709441959
real,MSR-VTT,video4972.mp4,0.5931539910525077
real,MSR-VTT,video4973.mp4,0.43184895220155406
real,MSR-VTT,video4974.mp4,0.5625
real,MSR-VTT,video4975.mp4,0.17110607487638332
real,MSR-VTT,video4976.mp4,0.09714210030609842
real,MSR-VTT,video4977.mp4,0.08510419119378385
real,MSR-VTT,video4978.mp4,0.24779255945373205
real,MSR-VTT,video4979.mp4,0.12099717447610078
real,MSR-VTT,video498.mp4,0.6342271014834
real,MSR-VTT,video4980.mp4,0.34004885801742407
real,MSR-VTT,video4981.mp4,0.04725394396044266
real,MSR-VTT,video4982.mp4,0.03684954085236638
real,MSR-VTT,video4983.mp4,0.1008506004238286
real,MSR-VTT,video4984.mp4,0.08887155639274782
real,MSR-VTT,video4985.mp4,0.7237608900400283
real,MSR-VTT,video4986.mp4,0.13811219684483164
real,MSR-VTT,video4987.mp4,0.1964033435366141
real,MSR-VTT,video4988.mp4,0.0666647044972922
real,MSR-VTT,video4989.mp4,0.011566988462444078
real,MSR-VTT,video499.mp4,0.31567871438662587
real,MSR-VTT,video4990.mp4,0.3282022604191194
real,MSR-VTT,video4991.mp4,0.4251824817518248
real,MSR-VTT,video4992.mp4,0.08826818931010125
real,MSR-VTT,video4993.mp4,0.19747763126913115
real,MSR-VTT,video4994.mp4,0.16101071344478457
real,MSR-VTT,video4995.mp4,0.6485313162232164
real,MSR-VTT,video4996.mp4,0.5588356486931952
real,MSR-VTT,video4997.mp4,0.03835060042382859
real,MSR-VTT,video4998.mp4,0.017232752531198492
real,MSR-VTT,video4999.mp4,0.2002884388980457
real,MSR-VTT,video5.mp4,0.2294855191900165
real,MSR-VTT,video50.mp4,0.5967741935483871
real,MSR-VTT,video500.mp4,0.03097774899929362
real,MSR-VTT,video5000.mp4,0.1739463150459148
real,MSR-VTT,video5001.mp4,0.34127030845302564
real,MSR-VTT,video5002.mp4,0.19844890510948904
real,MSR-VTT,video5003.mp4,0.46956675300211914
real,MSR-VTT,video5004.mp4,0.5973039792794914
real,MSR-VTT,video5005.mp4,0.13487461737697198
real,MSR-VTT,video5006.mp4,0.04208853308217565
real,MSR-VTT,video5007.mp4,0.28898340004709205
real,MSR-VTT,video5008.mp4,0.11459559689192371
real,MSR-VTT,video501.mp4,0.03854191193783847
real,MSR-VTT,video5010.mp4,0.5953172827878502
real,MSR-VTT,video5011.mp4,0.7116493995761715
real,MSR-VTT,video5012.mp4,0.10814987049682129
real,MSR-VTT,video5013.mp4,0.2626707087355781
real,MSR-VTT,video5014.mp4,0.04300094184129974
real,MSR-VTT,video5015.mp4,0.6997880857075582
real,MSR-VTT,video5016.mp4,0.10398516599952909
real,MSR-VTT,video5017.mp4,0.03455380268424771
real,MSR-VTT,video5018.mp4,0.08495702849069932
real,MSR-VTT,video5019.mp4,0.7460266070167176
real,MSR-VTT,video502.mp4,0.013936307982105016
real,MSR-VTT,video5020.mp4,0.5448551919001648
real,MSR-VTT,video5021.mp4,0.10801742406404521
real,MSR-VTT,video5022.mp4,0.8634918766187898
real,MSR-VTT,video5023.mp4,0.15712561808335296
real,MSR-VTT,video5024.mp4,0.4056245585118907
real,MSR-VTT,video5025.mp4,0.012420532140334353
real,MSR-VTT,video5026.mp4,0.07118259948198728
real,MSR-VTT,video5027.mp4,0.24596774193548387
real,MSR-VTT,video5028.mp4,0.12351365669884623
real,MSR-VTT,video5029.mp4,0.01264127619496115
real,MSR-VTT,video503.mp4,0.3238462444078173
real,MSR-VTT,video5030.mp4,0.12856133741464562
real,MSR-VTT,video5031.mp4,0.7028932187426419
real,MSR-VTT,video5032.mp4,0.03131622321638804
real,MSR-VTT,video5033.mp4,0.6642335766423357
real,MSR-VTT,video5034.mp4,0.05050623969861079
real,MSR-VTT,video5035.mp4,0.4034024016953143
real,MSR-VTT,video5036.mp4,0.20202495879444313
real,MSR-VTT,video5037.mp4,0.021235578055097716
real,MSR-VTT,video5038.mp4,0.013009182952672475
real,MSR-VTT,video5039.mp4,0.1933276430421474
real,MSR-VTT,video504.mp4,0.11714151165528608
real,MSR-VTT,video5040.mp4,0.31879856369201787
real,MSR-VTT,video5041.mp4,0.1852778431834236
real,MSR-VTT,video5042.mp4,0.09789263009182952
real,MSR-VTT,video5043.mp4,0.7707793736755357
real,MSR-VTT,video5044.mp4,0.3592977395808806
real,MSR-VTT,video5045.mp4,0.3699081704732753
real,MSR-VTT,video5046.mp4,0.10678125735813515
real,MSR-VTT,video5047.mp4,0.19899340711090183
real,MSR-VTT,video5048.mp4,0.14357193312926772
real,MSR-VTT,video5049.mp4,0.4025194254768072
real,MSR-VTT,video505.mp4,0.24031669413703788
real,MSR-VTT,video5050.mp4,0.6675300211914292
real,MSR-VTT,video5051.mp4,0.12847303979279492
real,MSR-VTT,video5052.mp4,0.3600188368259948
real,MSR-VTT,video5053.mp4,0.09041676477513538
real,MSR-VTT,video5054.mp4,0.07893807393454202
real,MSR-VTT,video5055.mp4,0.18985460324935247
real,MSR-VTT,video5056.mp4,0.5047975041205557
real,MSR-VTT,video5057.mp4,0.2311631740051801
real,MSR-VTT,video5058.mp4,0.8659789263009183
real,MSR-VTT,video5059.mp4,0.05283141040734636
real,MSR-VTT,video506.mp4,0.017968566046621143
real,MSR-VTT,video5060.mp4,0.017012008476571697
real,MSR-VTT,video5061.mp4,0.3880386154932894
real,MSR-VTT,video5062.mp4,0.005003531904874029
real,MSR-VTT,video5063.mp4,0.16034848128090415
real,MSR-VTT,video5064.mp4,0.0945814692724276
real,MSR-VTT,video5065.mp4,0.1593772074405463
real,MSR-VTT,video5066.mp4,0.10644278314104073
real,MSR-VTT,video5067.mp4,0.04999117023781493
real,MSR-VTT,video5068.mp4,0.14064339533788556
real,MSR-VTT,video5069.mp4,0.8796061926065458
real,MSR-VTT,video507.mp4,0.12432305156581117
real,MSR-VTT,video5070.mp4,0.30025606310336705
real,MSR-VTT,video5071.mp4,0.00884447845538027
real,MSR-VTT,video5072.mp4,0.013921591711796563
real,MSR-VTT,video5073.mp4,0.05804097009653873
real,MSR-VTT,video5074.mp4,0.24424593830939487
real,MSR-VTT,video5075.mp4,0.052978573110430895
real,MSR-VTT,video5076.mp4,0.33005651047798445
real,MSR-VTT,video5077.mp4,0.05231634094655051
real,MSR-VTT,video5078.mp4,0.34715681657640685
real,MSR-VTT,video5079.mp4,0.46543148104544385
real,MSR-VTT,video508.mp4,0.09452260419119378
real,MSR-VTT,video5080.mp4,0.01770367318106899
real,MSR-VTT,video5081.mp4,0.44343065693430656
real,MSR-VTT,video5082.mp4,0.10591299740993643
real,MSR-VTT,video5083.mp4,0.06762126206734165
real,MSR-VTT,video5084.mp4,0.21762420532140334
real,MSR-VTT,video5085.mp4,0.13415352013185777
real,MSR-VTT,video5086.mp4,0.19606486931951966
real,MSR-VTT,video5087.mp4,0.557496468095126
real,MSR-VTT,video5088.mp4,0.07141805980692253
real,MSR-VTT,video5089.mp4,0.010978337650105958
real,MSR-VTT,video509.mp4,0.1980957146220862
real,MSR-VTT,video5090.mp4,0.34522898516599954
real,MSR-VTT,video5091.mp4,0.6821138450671063
real,MSR-VTT,video5092.mp4,0.2660407346362138
real,MSR-VTT,video5093.mp4,0.5385860607487638
real,MSR-VTT,video5094.mp4,0.028343536614080525
real,MSR-VTT,video5095.mp4,0.4939368966329174
real,MSR-VTT,video5096.mp4,0.27332528843889803
real,MSR-VTT,video5097.mp4,0.06282375794678596
real,MSR-VTT,video5098.mp4,0.4257564162938545
real,MSR-VTT,video5099.mp4,0.4487579467859666
real,MSR-VTT,video51.mp4,0.08598716741229102
real,MSR-VTT,video510.mp4,0.06330939486696492
real,MSR-VTT,video5100.mp4,0.4060660466211443
real,MSR-VTT,video5101.mp4,0.05983635507417
real,MSR-VTT,video5102.mp4,0.18439486696491642
real,MSR-VTT,video5103.mp4,0.14976748292912645
real,MSR-VTT,video5104.mp4,0.2528549564398399
real,MSR-VTT,video5105.mp4,0.37972392276901346
real,MSR-VTT,video5106.mp4,0.3697610077701907
real,MSR-VTT,video5107.mp4,0.3613138686131387
real,MSR-VTT,video5108.mp4,0.11921650576877796
real,MSR-VTT,video5109.mp4,0.015702260419119377
real,MSR-VTT,video511.mp4,0.562176242053214
real,MSR-VTT,video5110.mp4,0.5787614786908406
real,MSR-VTT,video5111.mp4,0.2614786908405934
real,MSR-VTT,video5112.mp4,0.0895043560160113
real,MSR-VTT,video5113.mp4,0.08982811396279727
real,MSR-VTT,video5114.mp4,0.16959029903461265
real,MSR-VTT,video5115.mp4,0.033038026842477045
real,MSR-VTT,video5116.mp4,0.3312632446432776
real,MSR-VTT,video5117.mp4,0.49711561101954327
real,MSR-VTT,video5118.mp4,0.6114315987756063
real,MSR-VTT,video5119.mp4,0.30914469036967274
real,MSR-VTT,video512.mp4,0.8982369908170473
real,MSR-VTT,video5120.mp4,0.03692312220390864
real,MSR-VTT,video5121.mp4,0.05656934306569343
real,MSR-VTT,video5122.mp4,0.2396544619731575
real,MSR-VTT,video5123.mp4,0.4082146220861785
real,MSR-VTT,video5124.mp4,0.011007770190722865
real,MSR-VTT,video5125.mp4,0.36825994819872854
real,MSR-VTT,video5126.mp4,0.12145337885566282
real,MSR-VTT,video5127.mp4,0.23048622557099127
real,MSR-VTT,video5128.mp4,0.004223569578526019
real,MSR-VTT,video5129.mp4,0.4950259006357429
real,MSR-VTT,video513.mp4,0.30818813279962326
real,MSR-VTT,video5130.mp4,0.06784200612196845
real,MSR-VTT,video5131.mp4,0.10004120555686366
real,MSR-VTT,video5132.mp4,0.3306745938309395
real,MSR-VTT,video5133.mp4,0.10046797739580882
real,MSR-VTT,video5134.mp4,0.40352013185778196
real,MSR-VTT,video5135.mp4,0.44100247233341183
real,MSR-VTT,video5136.mp4,0.12327819637391099
real,MSR-VTT,video5137.mp4,0.16108429479632683
real,MSR-VTT,video5138.mp4,0.6787143866258536
real,MSR-VTT,video5139.mp4,0.8216535201318578
real,MSR-VTT,video514.mp4,0.12012891452790206
real,MSR-VTT,video5140.mp4,0.2986519896397457
real,MSR-VTT,video5141.mp4,0.08826818931010125
real,MSR-VTT,video5142.mp4,0.031213209324228868
real,MSR-VTT,video5143.mp4,0.3687603013892159
real,MSR-VTT,video5144.mp4,0.24776312691311514
real,MSR-VTT,video5145.mp4,0.31182305156581114
real,MSR-VTT,video5146.mp4,0.34118201083117494
real,MSR-VTT,video5147.mp4,0.04454615022368731
real,MSR-VTT,video5148.mp4,0.26955792323993405
real,MSR-VTT,video5149.mp4,0.08812102660701672
real,MSR-VTT,video515.mp4,0.26659995290793503
real,MSR-VTT,video5150.mp4,0.05108017424064046
real,MSR-VTT,video5151.mp4,0.0279461973157523
real,MSR-VTT,video5152.mp4,0.5734930539204144
real,MSR-VTT,video5153.mp4,0.8149429008712032
real,MSR-VTT,video5154.mp4,0.2782552389922298
real,MSR-VTT,video5155.mp4,0.29317753708500116
real,MSR-VTT,video5156.mp4,0.47699846950788793
real,MSR-VTT,video5157.mp4,0.03792382858488345
real,MSR-VTT,video5158.mp4,0.4317606545797033
real,MSR-VTT,video5159.mp4,0.4308188132799623
real,MSR-VTT,video516.mp4,0.6319460795855898
real,MSR-VTT,video5160.mp4,0.8081881327996232
real,MSR-VTT,video5161.mp4,0.19034024016953144
real,MSR-VTT,video5162.mp4,0.04669472568872145
real,MSR-VTT,video5163.mp4,0.0296680009418413
real,MSR-VTT,video5164.mp4,0.3420061219684483
real,MSR-VTT,video5165.mp4,0.019440193077466448
real,MSR-VTT,video5166.mp4,0.23771191429244173
real,MSR-VTT,video5167.mp4,0.04197080291970803
real,MSR-VTT,video5168.mp4,0.05311101954320697
real,MSR-VTT,video5169.mp4,0.40218095125971276
real,MSR-VTT,video517.mp4,0.6941959029903462
real,MSR-VTT,video5170.mp4,0.04878443607252178
real,MSR-VTT,video5171.mp4,0.1441458676712974
real,MSR-VTT,video5172.mp4,0.016320343772074405
real,MSR-VTT,video5173.mp4,0.11072521780080057
real,MSR-VTT,video5174.mp4,0.022604191193783846
real,MSR-VTT,video5175.mp4,0.5550829997645397
real,MSR-VTT,video5176.mp4,0.5705056510477984
real,MSR-VTT,video5177.mp4,0.11770072992700731
real,MSR-VTT,video5178.mp4,0.5855751118436543
real,MSR-VTT,video5179.mp4,0.20027372262773724
real,MSR-VTT,video518.mp4,0.090696373910996
real,MSR-VTT,video5180.mp4,0.12127678361196138
real,MSR-VTT,video5181.mp4,0.5483870967741935
real,MSR-VTT,video5182.mp4,0.250779962326348
real,MSR-VTT,video5183.mp4,0.20515952437014362
real,MSR-VTT,video5184.mp4,0.43386508123381207
real,MSR-VTT,video5185.mp4,0.4310395573345891
real,MSR-VTT,video5186.mp4,0.6295178949846951
real,MSR-VTT,video5187.mp4,0.6107840828820343
real,MSR-VTT,video5188.mp4,0.22292206263244643
real,MSR-VTT,video5189.mp4,0.07041735342594772
real,MSR-VTT,video519.mp4,0.6115051801271486
real,MSR-VTT,video5190.mp4,0.5971715328467153
real,MSR-VTT,video5191.mp4,0.19669766894278315
real,MSR-VTT,video5192.mp4,0.3334559689192371
real,MSR-VTT,video5193.mp4,0.20780845302566517
real,MSR-VTT,video5194.mp4,0.05333176359783376
real,MSR-VTT,video5195.mp4,0.4698316458676713
real,MSR-VTT,video5196.mp4,0.03553979279491406
real,MSR-VTT,video5197.mp4,0.2872763126913115
real,MSR-VTT,video5198.mp4,0.09277136802448788
real,MSR-VTT,video5199.mp4,0.2559748057452319
real,MSR-VTT,video52.mp4,0.0974952907935013
real,MSR-VTT,video520.mp4,0.42943548387096775
real,MSR-VTT,video5200.mp4,0.2671886037202731
real,MSR-VTT,video5201.mp4,0.24529079350129504
real,MSR-VTT,video5202.mp4,0.14907581822462915
real,MSR-VTT,video5203.mp4,0.5663262302801977
real,MSR-VTT,video5204.mp4,0.2804185307275724
real,MSR-VTT,video5205.mp4,0.7704556157287497
real,MSR-VTT,video5206.mp4,0.18929538497763126
real,MSR-VTT,video5207.mp4,0.06573757946785966
real,MSR-VTT,video5208.mp4,0.21912526489286555
real,MSR-VTT,video5209.mp4,0.020072992700729927
real,MSR-VTT,video521.mp4,0.032272780786437485
real,MSR-VTT,video5210.mp4,0.41087826701200847
real,MSR-VTT,video5211.mp4,0.01152283965151872
real,MSR-VTT,video5212.mp4,0.2092800800565105
real,MSR-VTT,video5213.mp4,0.14239463150459147
real,MSR-VTT,video5214.mp4,0.6611137273369437
real,MSR-VTT,video5215.mp4,0.32836413939251236
real,MSR-VTT,video5216.mp4,0.030330233105721686
real,MSR-VTT,video5217.mp4,0.0037673651989639746
real,MSR-VTT,video5218.mp4,0.3272604191193784
real,MSR-VTT,video5219.mp4,0.4424446668236402
real,MSR-VTT,video522.mp4,0.524723334118201
real,MSR-VTT,video5220.mp4,0.7010242524134683
real,MSR-VTT,video5221.mp4,0.7622292206263244
real,MSR-VTT,video5222.mp4,0.10769366611725925
real,MSR-VTT,video5223.mp4,0.07759889333647281
real,MSR-VTT,video5224.mp4,0.12473510713444785
real,MSR-VTT,video5225.mp4,0.6427331057216858
real,MSR-VTT,video5226.mp4,0.35875323757946787
real,MSR-VTT,video5227.mp4,0.2619348952201554
real,MSR-VTT,video5228.mp4,0.015834706851895454
real,MSR-VTT,video5229.mp4,0.5473569578526019
real,MSR-VTT,video523.mp4,0.34104956439839884
real,MSR-VTT,video5230.mp4,0.45779373675535673
real,MSR-VTT,video5231.mp4,0.24421650576877796
real,MSR-VTT,video5232.mp4,0.6095331999058159
real,MSR-VTT,video5233.mp4,0.46596126677654814
real,MSR-VTT,video5234.mp4,0.0915057687779609
real,MSR-VTT,video5235.mp4,0.06266187897339298
real,MSR-VTT,video5236.mp4,0.8614021662349894
real,MSR-VTT,video5237.mp4,0.2882181539910525
real,MSR-VTT,video5238.mp4,0.5490346126677654
real,MSR-VTT,video5239.mp4,0.012067341652931482
real,MSR-VTT,video524.mp4,0.6540646338591947
real,MSR-VTT,video5240.mp4,0.5053420061219684
real,MSR-VTT,video5241.mp4,0.16626442194490226
real,MSR-VTT,video5242.mp4,0.7498675535672239
real,MSR-VTT,video5243.mp4,0.051477513538968685
real,MSR-VTT,video5244.mp4,0.08444195902990347
real,MSR-VTT,video5245.mp4,0.08766482222745467
real,MSR-VTT,video5246.mp4,0.18101012479397222
real,MSR-VTT,video5247.mp4,0.0250618083352955
real,MSR-VTT,video5248.mp4,0.18636684718624913
real,MSR-VTT,video5249.mp4,0.1261920178949847
real,MSR-VTT,video525.mp4,0.2380651047798446
real,MSR-VTT,video5250.mp4,0.17425535672239229
real,MSR-VTT,video5251.mp4,0.3714386625853544
real,MSR-VTT,video5252.mp4,0.4355133035083589
real,MSR-VTT,video5253.mp4,0.0941105486225571
real,MSR-VTT,video5254.mp4,0.227292794914057
real,MSR-VTT,video5255.mp4,0.4687867906757711
real,MSR-VTT,video5256.mp4,0.05237520602778432
real,MSR-VTT,video5257.mp4,0.3065987756063103
real,MSR-VTT,video5258.mp4,0.23322345184836354
real,MSR-VTT,video5259.mp4,0.32695137744290087
real,MSR-VTT,video526.mp4,0.12027607723098659
real,MSR-VTT,video5260.mp4,0.05606898987520603
real,MSR-VTT,video5261.mp4,0.14346891923710853
real,MSR-VTT,video5262.mp4,0.17680127148575464
real,MSR-VTT,video5263.mp4,0.05113903932187427
real,MSR-VTT,video5264.mp4,0.5812043795620438
real,MSR-VTT,video5265.mp4,0.013583117494702143
real,MSR-VTT,video5266.mp4,0.008299976453967507
real,MSR-VTT,video5267.mp4,0.10937132093242288
real,MSR-VTT,video5268.mp4,0.2705880621615258
real,MSR-VTT,video5269.mp4,0.5402931481045443
real,MSR-VTT,video527.mp4,0.45474746880150696
real,MSR-VTT,video5270.mp4,0.2110901813044502
real,MSR-VTT,video5271.mp4,0.3182982105015305
real,MSR-VTT,video5272.mp4,0.0053567223922769015
real,MSR-VTT,video5273.mp4,0.14866376265599246
real,MSR-VTT,video5274.mp4,0.4286260890040028
real,MSR-VTT,video5275.mp4,0.00622498234047563
real,MSR-VTT,video5276.mp4,0.13410937132093242
real,MSR-VTT,video5277.mp4,0.47122969154697436
real,MSR-VTT,video5278.mp4,0.21777136802448788
real,MSR-VTT,video5279.mp4,0.4911555215446197
real,MSR-VTT,video528.mp4,0.02510595714622086
real,MSR-VTT,video5280.mp4,0.11065163644925831
real,MSR-VTT,video5281.mp4,0.03509830468566047
real,MSR-VTT,video5282.mp4,0.048961031316223216
real,MSR-VTT,video5283.mp4,0.44725688721450435
real,MSR-VTT,video5284.mp4,0.5689751589357194
real,MSR-VTT,video5285.mp4,0.04876971980221333
real,MSR-VTT,video5286.mp4,0.24352484106428066
real,MSR-VTT,video5287.mp4,0.11577289851659996
real,MSR-VTT,video5288.mp4,0.06885742877325171
real,MSR-VTT,video5289.mp4,0.17094419590299034
real,MSR-VTT,video529.mp4,0.3331616435130681
real,MSR-VTT,video5290.mp4,0.2281316223216388
real,MSR-VTT,video5291.mp4,0.2045120084765717
real,MSR-VTT,video5292.mp4,0.3282464092300447
real,MSR-VTT,video5293.mp4,0.01177301624676242
real,MSR-VTT,video5294.mp4,0.04214739816340947
real,MSR-VTT,video5295.mp4,0.06004238285848834
real,MSR-VTT,video5296.mp4,0.5580262538262303
real,MSR-VTT,video5297.mp4,0.24811631740051804
real,MSR-VTT,video5298.mp4,0.10828231692959736
real,MSR-VTT,video5299.mp4,0.17271014834000473
real,MSR-VTT,video53.mp4,0.28720273133976926
real,MSR-VTT,video530.mp4,0.3205056510477985
real,MSR-VTT,video5300.mp4,0.4330851189074641
real,MSR-VTT,video5301.mp4,0.20392335766423358
real,MSR-VTT,video5302.mp4,0.007505297857311043
real,MSR-VTT,video5303.mp4,0.5304921120791146
real,MSR-VTT,video5304.mp4,0.04640040028255239
real,MSR-VTT,video5305.mp4,0.5177183894513775
real,MSR-VTT,video5306.mp4,0.4081410407346362
real,MSR-VTT,video5307.mp4,0.28006534024016955
real,MSR-VTT,video5308.mp4,0.6474864610313162
real,MSR-VTT,video5309.mp4,0.011405109489051095
real,MSR-VTT,video531.mp4,0.1082087355780551
real,MSR-VTT,video5310.mp4,0.3761184365434424
real,MSR-VTT,video5311.mp4,0.15605133035083588
real,MSR-VTT,video5312.mp4,0.7414498469507889
real,MSR-VTT,video5313.mp4,0.499058158700259
real,MSR-VTT,video5314.mp4,0.3577083823875677
real,MSR-VTT,video5315.mp4,0.11110784082882035
real,MSR-VTT,video5316.mp4,0.3284082882034377
real,MSR-VTT,video5317.mp4,0.20002354603249353
real,MSR-VTT,video5318.mp4,0.4019454909347775
real,MSR-VTT,video5319.mp4,0.04454615022368731
real,MSR-VTT,video532.mp4,0.5335530963032729
real,MSR-VTT,video5320.mp4,0.0961119613845067
real,MSR-VTT,video5321.mp4,0.6617318106898987
real,MSR-VTT,video5322.mp4,0.9143218742641865
real,MSR-VTT,video5323.mp4,0.11399222980927715
real,MSR-VTT,video5324.mp4,0.31295620437956206
real,MSR-VTT,video5325.mp4,0.19447551212620673
real,MSR-VTT,video5326.mp4,0.7875117730162468
real,MSR-VTT,video5327.mp4,0.0423239934071109
real,MSR-VTT,video5328.mp4,0.07718683776783612
real,MSR-VTT,video5329.mp4,0.002398752060277843
real,MSR-VTT,video533.mp4,0.6359047562985637
real,MSR-VTT,video5330.mp4,0.12673651989639745
real,MSR-VTT,video5331.mp4,0.4736284436072522
real,MSR-VTT,video5332.mp4,0.011375676948434188
real,MSR-VTT,video5333.mp4,0.0741847186249117
real,MSR-VTT,video5334.mp4,0.03390628679067577
real,MSR-VTT,video5335.mp4,0.003929244172356958
real,MSR-VTT,video5336.mp4,0.09268307040263715
real,MSR-VTT,video5337.mp4,0.01905757004944667
real,MSR-VTT,video5338.mp4,0.6676771838945138
real,MSR-VTT,video5339.mp4,0.004812220390864139
real,MSR-VTT,video534.mp4,0.19822816105486224
real,MSR-VTT,video5340.mp4,0.18354132328702613
real,MSR-VTT,video5341.mp4,0.6901930774664469
real,MSR-VTT,video5342.mp4,0.10641335060042383
real,MSR-VTT,video5343.mp4,0.11596421003060985
real,MSR-VTT,video5344.mp4,0.42610960678125737
real,MSR-VTT,video5345.mp4,0.04020485048269366
real,MSR-VTT,video5346.mp4,0.27122086178478927
real,MSR-VTT,video5347.mp4,0.2183894513774429
real,MSR-VTT,video5348.mp4,0.037820814692724275
real,MSR-VTT,video5349.mp4,0.801874852837297
real,MSR-VTT,video535.mp4,0.1495320226041912
real,MSR-VTT,video5350.mp4,0.0294178243465976
real,MSR-VTT,video5351.mp4,0.04881386861313869
real,MSR-VTT,video5352.mp4,0.23535731104308924
real,MSR-VTT,video5353.mp4,0.17222451141982575
real,MSR-VTT,video5354.mp4,0.3507917353425948
real,MSR-VTT,video5355.mp4,0.2807570049446668
real,MSR-VTT,video5356.mp4,0.1157287497056746
real,MSR-VTT,video5357.mp4,0.1969036967271015
real,MSR-VTT,video5358.mp4,0.08344125264892865
real,MSR-VTT,video5359.mp4,0.04351601130209559
real,MSR-VTT,video536.mp4,0.12979750412055568
real,MSR-VTT,video5360.mp4,0.04270661643513068
real,MSR-VTT,video5361.mp4,0.4673004473746174
real,MSR-VTT,video5362.mp4,0.2916028961619967
real,MSR-VTT,video5363.mp4,0.1113433011537556
real,MSR-VTT,video5364.mp4,0.23113374146456322
real,MSR-VTT,video5365.mp4,0.5371438662585355
real,MSR-VTT,video5366.mp4,0.1727395808806216
real,MSR-VTT,video5367.mp4,0.6333735578055097
real,MSR-VTT,video5368.mp4,0.25204556157287494
real,MSR-VTT,video5369.mp4,0.09004885801742407
real,MSR-VTT,video537.mp4,0.48235519190016485
real,MSR-VTT,video5370.mp4,0.5583647280433247
real,MSR-VTT,video5371.mp4,0.647839651518719
real,MSR-VTT,video5372.mp4,0.009065222510007064
real,MSR-VTT,video5373.mp4,0.5924328938073935
real,MSR-VTT,video5374.mp4,0.15041499882269838
real,MSR-VTT,video5375.mp4,0.08164586767129739
real,MSR-VTT,video5376.mp4,0.2285436778902755
real,MSR-VTT,video5377.mp4,0.5402637155639275
real,MSR-VTT,video5378.mp4,0.24274487873793266
real,MSR-VTT,video5379.mp4,0.038586060748763834
real,MSR-VTT,video538.mp4,0.09773075111843654
real,MSR-VTT,video5380.mp4,0.04728337650105957
real,MSR-VTT,video5381.mp4,0.4653137508829762
real,MSR-VTT,video5382.mp4,0.5962738403578998
real,MSR-VTT,video5383.mp4,0.08844478455380268
real,MSR-VTT,video5384.mp4,0.23906581116081937
real,MSR-VTT,video5385.mp4,0.31164645632210974
real,MSR-VTT,video5386.mp4,0.0651930774664469
real,MSR-VTT,video5387.mp4,0.8278637862020249
real,MSR-VTT,video5388.mp4,0.14452849069931717
real,MSR-VTT,video5389.mp4,0.019337179185307276
real,MSR-VTT,video539.mp4,0.02679832823169296
real,MSR-VTT,video5390.mp4,0.5572904403108077
real,MSR-VTT,video5391.mp4,0.20922121497527665
real,MSR-VTT,video5392.mp4,0.15377030845302567
real,MSR-VTT,video5393.mp4,0.16483694372498234
real,MSR-VTT,video5394.mp4,0.44126736519896403
real,MSR-VTT,video5395.mp4,0.2742229809277137
real,MSR-VTT,video5396.mp4,0.014775135389686837
real,MSR-VTT,video5398.mp4,0.32759889333647285
real,MSR-VTT,video5399.mp4,0.11088709677419356
real,MSR-VTT,video54.mp4,0.007387567694843419
real,MSR-VTT,video540.mp4,0.027386979044031083
real,MSR-VTT,video5400.mp4,0.12266011302095596
real,MSR-VTT,video5401.mp4,0.35888568401224397
real,MSR-VTT,video5402.mp4,0.12442606545797033
real,MSR-VTT,video5403.mp4,0.28840946550506236
real,MSR-VTT,video5404.mp4,0.1187014363079821
real,MSR-VTT,video5405.mp4,0.22820520367318106
real,MSR-VTT,video5406.mp4,0.2724275959500824
real,MSR-VTT,video5407.mp4,0.06847480574523193
real,MSR-VTT,video5408.mp4,0.05568636684718625
real,MSR-VTT,video5409.mp4,0.337738403578997
real,MSR-VTT,video541.mp4,0.33133682599481984
real,MSR-VTT,video5410.mp4,0.18938368259948202
real,MSR-VTT,video5411.mp4,0.6462502943254061
real,MSR-VTT,video5412.mp4,0.39036378620202494
real,MSR-VTT,video5413.mp4,0.13711149046385684
real,MSR-VTT,video5414.mp4,0.2776077230986579
real,MSR-VTT,video5415.mp4,0.01905757004944667
real,MSR-VTT,video5416.mp4,0.15687544148810925
real,MSR-VTT,video5417.mp4,0.6154638568401224
real,MSR-VTT,video5418.mp4,0.1532846715328467
real,MSR-VTT,video5419.mp4,0.0710207205085943
real,MSR-VTT,video542.mp4,0.022515893571933128
real,MSR-VTT,video5420.mp4,0.031536967271014835
real,MSR-VTT,video5421.mp4,0.10083588415352013
real,MSR-VTT,video5422.mp4,0.12454379562043795
real,MSR-VTT,video5423.mp4,0.09631798916882506
real,MSR-VTT,video5424.mp4,0.7020396750647515
real,MSR-VTT,video5425.mp4,0.045487991523428306
real,MSR-VTT,video5426.mp4,0.31445726395102425
real,MSR-VTT,video5427.mp4,0.004915234283023311
real,MSR-VTT,video5428.mp4,0.4542912644219449
real,MSR-VTT,video5429.mp4,0.10308747351071344
real,MSR-VTT,video543.mp4,0.288689074640923
real,MSR-VTT,video5430.mp4,0.36596421003060986
real,MSR-VTT,video5431.mp4,0.4032993878031552
real,MSR-VTT,video5432.mp4,0.8017129738639039
real,MSR-VTT,video5433.mp4,0.2888215210736991
real,MSR-VTT,video5434.mp4,0.21943430656934307
real,MSR-VTT,video5435.mp4,0.43385036496350365
real,MSR-VTT,video5436.mp4,0.06654697433482458
real,MSR-VTT,video5437.mp4,0.1311366847186249
real,MSR-VTT,video5438.mp4,0.03287614786908406
real,MSR-VTT,video5439.mp4,0.2261596421003061
real,MSR-VTT,video544.mp4,0.07165352013185779
real,MSR-VTT,video5440.mp4,0.09378679067577113
real,MSR-VTT,video5441.mp4,0.1730633388274076
real,MSR-VTT,video5442.mp4,0.5578349423122204
real,MSR-VTT,video5443.mp4,0.09043148104544385
real,MSR-VTT,video5444.mp4,0.05880621615257829
real,MSR-VTT,video5445.mp4,0.3412850247233341
real,MSR-VTT,video5446.mp4,0.28992524134683306
real,MSR-VTT,video5447.mp4,0.17605074170002355
real,MSR-VTT,video5448.mp4,0.05555392041441017
real,MSR-VTT,video5449.mp4,0.652225100070638
real,MSR-VTT,video545.mp4,0.027651871909583237
real,MSR-VTT,video5450.mp4,0.07711325641629385
real,MSR-VTT,video5451.mp4,0.013818577819637391
real,MSR-VTT,video5452.mp4,0.5814839886979044
real,MSR-VTT,video5453.mp4,0.7149311278549564
real,MSR-VTT,video5454.mp4,0.15964210030609843
real,MSR-VTT,video5455.mp4,0.31216152578290557
real,MSR-VTT,video5456.mp4,0.36981987285142454
real,MSR-VTT,video5457.mp4,0.01633506004238286
real,MSR-VTT,video5458.mp4,0.2784171179656228
real,MSR-VTT,video5459.mp4,0.3467153284671533
real,MSR-VTT,video546.mp4,0.09375735813515422
real,MSR-VTT,video5460.mp4,0.7236137273369437
real,MSR-VTT,video5461.mp4,0.14554391335060043
real,MSR-VTT,video5462.mp4,0.23638744996468095
real,MSR-VTT,video5463.mp4,0.3083794443136332
real,MSR-VTT,video5464.mp4,0.13431539910525075
real,MSR-VTT,video5465.mp4,0.14508770897103837
real,MSR-VTT,video5466.mp4,0.015260772309865788
real,MSR-VTT,video5467.mp4,0.14976748292912645
real,MSR-VTT,video5468.mp4,0.2912202731339769
real,MSR-VTT,video5469.mp4,0.03399458441252649
real,MSR-VTT,video547.mp4,0.06261773016246762
real,MSR-VTT,video5470.mp4,0.3542500588650812
real,MSR-VTT,video5471.mp4,0.021559336001883683
real,MSR-VTT,video5472.mp4,0.0035760536849540852
real,MSR-VTT,video5473.mp4,0.3993995761714151
real,MSR-VTT,video5474.mp4,0.23030963032728985
real,MSR-VTT,video5475.mp4,0.23275253119849304
real,MSR-VTT,video5476.mp4,0.5335825288438898
real,MSR-VTT,video5477.mp4,0.34831940193077465
real,MSR-VTT,video5478.mp4,0.19054626795384977
real,MSR-VTT,video5479.mp4,0.18398281139627973
real,MSR-VTT,video548.mp4,0.10233694372498234
real,MSR-VTT,video5480.mp4,0.03949846950788792
real,MSR-VTT,video5481.mp4,0.16800094184129974
real,MSR-VTT,video5482.mp4,0.3777372262773723
real,MSR-VTT,video5483.mp4,0.2814192371085472
real,MSR-VTT,video5484.mp4,0.03811514009889334
real,MSR-VTT,video5485.mp4,0.048225217800800566
real,MSR-VTT,video5486.mp4,0.032493524841064284
real,MSR-VTT,video5487.mp4,0.018012714857546505
real,MSR-VTT,video5488.mp4,0.19983223451848364
real,MSR-VTT,video5489.mp4,0.03637862020249588
real,MSR-VTT,video549.mp4,0.12978278785024724
real,MSR-VTT,video5490.mp4,0.014068754414881092
real,MSR-VTT,video5491.mp4,0.4260065928890982
real,MSR-VTT,video5492.mp4,0.04657699552625383
real,MSR-VTT,video5493.mp4,0.14004002825523898
real,MSR-VTT,video5494.mp4,0.58133682599482
real,MSR-VTT,video5495.mp4,0.5018836825994819
real,MSR-VTT,video5496.mp4,0.0753473039792795
real,MSR-VTT,video5497.mp4,0.6620997174476101
real,MSR-VTT,video5498.mp4,0.19487285142453498
real,MSR-VTT,video5499.mp4,0.019955262538262304
real,MSR-VTT,video55.mp4,0.2969301860136567
real,MSR-VTT,video550.mp4,0.20588062161525783
real,MSR-VTT,video5500.mp4,0.43680833529550267
real,MSR-VTT,video5501.mp4,0.1442930303743819
real,MSR-VTT,video5502.mp4,0.024532022604191194
real,MSR-VTT,video5503.mp4,0.04133800329644455
real,MSR-VTT,video5504.mp4,0.5556716505768778
real,MSR-VTT,video5505.mp4,0.2468065693430657
real,MSR-VTT,video5506.mp4,0.036511066635271955
real,MSR-VTT,video5507.mp4,0.06511949611490464
real,MSR-VTT,video5508.mp4,0.030227219213562515
real,MSR-VTT,video5509.mp4,0.1921356251471627
real,MSR-VTT,video551.mp4,0.010625147162703085
real,MSR-VTT,video5510.mp4,0.2468654344242995
real,MSR-VTT,video5511.mp4,0.3304538497763127
real,MSR-VTT,video5512.mp4,0.06520779373675537
real,MSR-VTT,video5513.mp4,0.3072757240404992
real,MSR-VTT,video5514.mp4,0.15914174711561102
real,MSR-VTT,video5515.mp4,0.5693283494231223
real,MSR-VTT,video5516.mp4,0.3508800329644455
real,MSR-VTT,video5517.mp4,0.1410407346362138
real,MSR-VTT,video5518.mp4,0.10123322345184836
real,MSR-VTT,video5519.mp4,0.43591064280668707
real,MSR-VTT,video552.mp4,0.557496468095126
real,MSR-VTT,video5520.mp4,0.06834235931245586
real,MSR-VTT,video5521.mp4,0.02909406639981163
real,MSR-VTT,video5522.mp4,0.033229338356486934
real,MSR-VTT,video5523.mp4,0.17702201554038144
real,MSR-VTT,video5524.mp4,0.16661761243230516
real,MSR-VTT,video5525.mp4,0.1089592653637862
real,MSR-VTT,video5526.mp4,0.30252236873086885
real,MSR-VTT,video5527.mp4,0.2179479632681893
real,MSR-VTT,video5528.mp4,0.026695314339533788
real,MSR-VTT,video5529.mp4,0.38430068283494234
real,MSR-VTT,video553.mp4,0.2419796326818931
real,MSR-VTT,video5530.mp4,0.43989875206027784
real,MSR-VTT,video5531.mp4,0.5133918059806922
real,MSR-VTT,video5532.mp4,0.06195549799858724
real,MSR-VTT,video5533.mp4,0.16451318577819637
real,MSR-VTT,video5534.mp4,0.06915175417942077
real,MSR-VTT,video5535.mp4,0.020058276430421476
real,MSR-VTT,video5536.mp4,0.31320638097480574
real,MSR-VTT,video5537.mp4,0.05555392041441017
real,MSR-VTT,video5538.mp4,0.23126618789733933
real,MSR-VTT,video5539.mp4,0.35714916411584646
real,MSR-VTT,video554.mp4,0.6788321167883211
real,MSR-VTT,video5540.mp4,0.02376677654815164
real,MSR-VTT,video5541.mp4,0.07275724040499176
real,MSR-VTT,video5542.mp4,0.6464121732987991
real,MSR-VTT,video5543.mp4,0.6649546738874499
real,MSR-VTT,video5544.mp4,0.29027843183423596
real,MSR-VTT,video5545.mp4,0.5094036967271015
real,MSR-VTT,video5546.mp4,0.70081822462915
real,MSR-VTT,video5547.mp4,0.007887920885330822
real,MSR-VTT,video5548.mp4,0.17627148575465035
real,MSR-VTT,video5549.mp4,0.6342859665646339
real,MSR-VTT,video555.mp4,0.016011302095596893
real,MSR-VTT,video5550.mp4,0.12828172827878503
real,MSR-VTT,video5551.mp4,0.2447021426889569
real,MSR-VTT,video5552.mp4,0.24607075582764304
real,MSR-VTT,video5553.mp4,0.040322580645161296
real,MSR-VTT,video5554.mp4,0.7336502236873086
real,MSR-VTT,video5555.mp4,0.03252295738168119
real,MSR-VTT,video5556.mp4,0.06991700023546032
real,MSR-VTT,video5557.mp4,0.05159524370143631
real,MSR-VTT,video5558.mp4,0.7635095361431599
real,MSR-VTT,video5559.mp4,0.08691429244172356
real,MSR-VTT,video556.mp4,0.03078643748528373
real,MSR-VTT,video5560.mp4,0.04952024958794443
real,MSR-VTT,video5561.mp4,0.7312073228161055
real,MSR-VTT,video5562.mp4,0.3400930068283494
real,MSR-VTT,video5563.mp4,0.23729985872380505
real,MSR-VTT,video5564.mp4,0.5387037909112314
real,MSR-VTT,video5565.mp4,0.7057334589121733
real,MSR-VTT,video5566.mp4,0.5322874970567459
real,MSR-VTT,video5567.mp4,0.10744348952201553
real,MSR-VTT,video5568.mp4,0.06197021426889569
real,MSR-VTT,video5569.mp4,0.010816458676712973
real,MSR-VTT,video557.mp4,0.18945726395102425
real,MSR-VTT,video5570.mp4,0.19952319284200615
real,MSR-VTT,video5571.mp4,0.015834706851895454
real,MSR-VTT,video5572.mp4,0.8740728749705675
real,MSR-VTT,video5573.mp4,0.5578349423122204
real,MSR-VTT,video5574.mp4,0.007564162938544856
real,MSR-VTT,video5575.mp4,0.9214445490934777
real,MSR-VTT,video5576.mp4,0.06573757946785967
real,MSR-VTT,video5577.mp4,0.06585530963032729
real,MSR-VTT,video5578.mp4,0.03749705674593831
real,MSR-VTT,video5579.mp4,0.140819990581587
real,MSR-VTT,video558.mp4,0.2065575700494467
real,MSR-VTT,video5580.mp4,0.37273369437249826
real,MSR-VTT,video5581.mp4,0.4390304921120791
real,MSR-VTT,video5582.mp4,0.189221803626089
real,MSR-VTT,video5583.mp4,0.024443724982340476
real,MSR-VTT,video5584.mp4,0.3740287261596421
real,MSR-VTT,video5585.mp4,0.14254179420767601
real,MSR-VTT,video5586.mp4,0.48384153520131856
real,MSR-VTT,video5587.mp4,0.20092123852130916
real,MSR-VTT,video5588.mp4,0.18009771603484814
real,MSR-VTT,video5589.mp4,0.3199317165057688
real,MSR-VTT,video559.mp4,0.08529550270779374
real,MSR-VTT,video5590.mp4,0.02704850482693666
real,MSR-VTT,video5591.mp4,0.06129326583470685
real,MSR-VTT,video5592.mp4,0.12037909112314575
real,MSR-VTT,video5593.mp4,0.2827731339769249
real,MSR-VTT,video5594.mp4,0.121556392747822
real,MSR-VTT,video5595.mp4,0.22817577113256415
real,MSR-VTT,video5597.mp4,0.39829585589828115
real,MSR-VTT,video5598.mp4,0.4481840122439369
real,MSR-VTT,video5599.mp4,0.012391099599717448
real,MSR-VTT,video56.mp4,0.01780668707322816
real,MSR-VTT,video560.mp4,0.01973451848363551
real,MSR-VTT,video5600.mp4,0.7094125264892865
real,MSR-VTT,video5601.mp4,0.2606840122439369
real,MSR-VTT,video5602.mp4,0.26773310572168585
real,MSR-VTT,video5603.mp4,0.09861372733694372
real,MSR-VTT,video5604.mp4,0.21618201083117494
real,MSR-VTT,video5605.mp4,0.34306569343065696
real,MSR-VTT,video5606.mp4,0.4816340946550506
real,MSR-VTT,video5607.mp4,0.11478690840593361
real,MSR-VTT,video5608.mp4,0.38525724040499176
real,MSR-VTT,video5609.mp4,0.21335648693195197
real,MSR-VTT,video561.mp4,0.0831469272427596
real,MSR-VTT,video5610.mp4,0.1673828584883447
real,MSR-VTT,video5611.mp4,0.08728219919943489
real,MSR-VTT,video5612.mp4,0.6199523192842006
real,MSR-VTT,video5613.mp4,0.25709324228867436
real,MSR-VTT,video5614.mp4,0.14389569107605368
real,MSR-VTT,video5615.mp4,0.2884241817753709
real,MSR-VTT,video5616.mp4,0.5137155639274782
real,MSR-VTT,video5617.mp4,0.053140452083823876
real,MSR-VTT,video5618.mp4,0.056039557334589124
real,MSR-VTT,video5619.mp4,0.08451554038144572
real,MSR-VTT,video562.mp4,0.21850718153991053
real,MSR-VTT,video5620.mp4,0.3874352484106428
real,MSR-VTT,video5621.mp4,0.31703261125500354
real,MSR-VTT,video5622.mp4,0.2808894513774429
real,MSR-VTT,video5623.mp4,0.13883329408994585
real,MSR-VTT,video5624.mp4,0.024046385684012246
real,MSR-VTT,video5625.mp4,0.0850600423828585
real,MSR-VTT,video5626.mp4,0.08845950082411114
real,MSR-VTT,video5627.mp4,0.569387214504356
real,MSR-VTT,video5628.mp4,0.011890746409230046
real,MSR-VTT,video5629.mp4,0.40091535201318573
real,MSR-VTT,video563.mp4,0.5288291735342595
real,MSR-VTT,video5630.mp4,0.007799623263480104
real,MSR-VTT,video5631.mp4,0.15391747115611018
real,MSR-VTT,video5632.mp4,0.027637155639274782
real,MSR-VTT,video5633.mp4,0.17808158700259008
real,MSR-VTT,video5634.mp4,0.10427949140569814
real,MSR-VTT,video5635.mp4,0.26511360960678126
real,MSR-VTT,video5636.mp4,0.3928214033435366
real,MSR-VTT,video5637.mp4,0.1270308453025665
real,MSR-VTT,video5638.mp4,0.09839298328231694
real,MSR-VTT,video5639.mp4,0.021765363786202026
real,MSR-VTT,video564.mp4,0.9432099128796798
real,MSR-VTT,video5640.mp4,0.25688721450435603
real,MSR-VTT,video5641.mp4,0.8729544384271251
real,MSR-VTT,video5642.mp4,0.34059336001883683
real,MSR-VTT,video5643.mp4,0.368274664469037
real,MSR-VTT,video5644.mp4,0.6071933129267719
real,MSR-VTT,video5645.mp4,0.4570726395102426
real,MSR-VTT,video5646.mp4,0.4693754414881093
real,MSR-VTT,video5647.mp4,0.18549858723805038
real,MSR-VTT,video5648.mp4,0.016997292206263247
real,MSR-VTT,video5649.mp4,0.14544089945844124
real,MSR-VTT,video565.mp4,0.4721862491170238
real,MSR-VTT,video5650.mp4,0.10444137037909113
real,MSR-VTT,video5651.mp4,0.11144631504591476
real,MSR-VTT,video5652.mp4,0.7237461737697198
real,MSR-VTT,video5653.mp4,0.2721038380032964
real,MSR-VTT,video5654.mp4,0.08242582999764539
real,MSR-VTT,video5655.mp4,0.3038762655992465
real,MSR-VTT,video5656.mp4,0.08688485990110667
real,MSR-VTT,video5657.mp4,0.1400105957146221
real,MSR-VTT,video5658.mp4,0.08863609606781257
real,MSR-VTT,video5659.mp4,0.25687249823404756
real,MSR-VTT,video566.mp4,0.3858753237579468
real,MSR-VTT,video5660.mp4,0.16573463621379797
real,MSR-VTT,video5661.mp4,0.022501177301624674
real,MSR-VTT,video5662.mp4,0.051786555215446194
real,MSR-VTT,video5663.mp4,0.2981810689898752
real,MSR-VTT,video5664.mp4,0.2771662349894043
real,MSR-VTT,video5665.mp4,0.09021073699081705
real,MSR-VTT,video5666.mp4,0.16106957852601836
real,MSR-VTT,video5667.mp4,0.5420296680009418
real,MSR-VTT,video5668.mp4,0.20424711561101955
real,MSR-VTT,video5669.mp4,0.08717918530727573
real,MSR-VTT,video567.mp4,0.00865316694137038
real,MSR-VTT,video5670.mp4,0.10854720979514952
real,MSR-VTT,video5671.mp4,0.5704762185071816
real,MSR-VTT,video5672.mp4,0.35597186249117024
real,MSR-VTT,video5673.mp4,0.7516923710854722
real,MSR-VTT,video5674.mp4,0.21135507417000235
real,MSR-VTT,video5675.mp4,0.21637332234518483
real,MSR-VTT,video5676.mp4,0.6847627737226277
real,MSR-VTT,video5677.mp4,0.17905286084294797
real,MSR-VTT,video5678.mp4,0.10389686837767836
real,MSR-VTT,video5679.mp4,0.23537202731339768
real,MSR-VTT,video568.mp4,0.42477042618318817
real,MSR-VTT,video5680.mp4,0.19961149046385684
real,MSR-VTT,video5681.mp4,0.9180892394631505
real,MSR-VTT,video5682.mp4,0.10972451141982577
real,MSR-VTT,video5683.mp4,0.0656345655757005
real,MSR-VTT,video5684.mp4,0.10027666588179893
real,MSR-VTT,video5685.mp4,0.38653755592182715
real,MSR-VTT,video5686.mp4,0.16892806687073228
real,MSR-VTT,video5687.mp4,0.28670237814928184
real,MSR-VTT,video5688.mp4,0.8958971038380033
real,MSR-VTT,video5689.mp4,0.5640304921120791
real,MSR-VTT,video569.mp4,0.556392747821992
real,MSR-VTT,video5690.mp4,0.25569519660937134
real,MSR-VTT,video5692.mp4,0.3432717212149753
real,MSR-VTT,video5693.mp4,0.1485607487638333
real,MSR-VTT,video5694.mp4,0.4830174240640452
real,MSR-VTT,video5695.mp4,0.009035789969390157
real,MSR-VTT,video5696.mp4,0.01818931010124794
real,MSR-VTT,video5697.mp4,0.1376854250058865
real,MSR-VTT,video5698.mp4,0.31951966093713213
real,MSR-VTT,video5699.mp4,0.27990346126677657
real,MSR-VTT,video57.mp4,0.33124852837296914
real,MSR-VTT,video570.mp4,0.42107664233576647
real,MSR-VTT,video5700.mp4,0.13125441488109255
real,MSR-VTT,video5701.mp4,0.019469625618083353
real,MSR-VTT,video5702.mp4,0.14554391335060043
real,MSR-VTT,video5703.mp4,0.34689192371085475
real,MSR-VTT,video5704.mp4,0.2773722627737226
real,MSR-VTT,video5705.mp4,0.3801359783376501
real,MSR-VTT,video5706.mp4,0.20514480809983518
real,MSR-VTT,video5707.mp4,0.0666647044972922
real,MSR-VTT,video5708.mp4,0.14466093713209324
real,MSR-VTT,video5709.mp4,0.062249823404756294
real,MSR-VTT,video571.mp4,0.12426418648457735
real,MSR-VTT,video5710.mp4,0.6349629149988227
real,MSR-VTT,video5711.mp4,0.2806245585118908
real,MSR-VTT,video5712.mp4,0.5663850953614316
real,MSR-VTT,video5713.mp4,0.3028166941370379
real,MSR-VTT,video5714.mp4,0.030860018836825993
real,MSR-VTT,video5715.mp4,0.01637920885330822
real,MSR-VTT,video5716.mp4,0.7334294796326819
real,MSR-VTT,video5717.mp4,0.10092418177537084
real,MSR-VTT,video5718.mp4,0.5973628443607253
real,MSR-VTT,video5719.mp4,0.7028490699317165
real,MSR-VTT,video572.mp4,0.1769042853779138
real,MSR-VTT,video5720.mp4,0.6254562043795621
real,MSR-VTT,video5721.mp4,0.4003119849305392
real,MSR-VTT,video5722.mp4,0.06453084530256652
real,MSR-VTT,video5723.mp4,0.3658906286790676
real,MSR-VTT,video5724.mp4,0.09753943960442665
real,MSR-VTT,video5725.mp4,0.025856486931951965
real,MSR-VTT,video5726.mp4,0.3086149046385684
real,MSR-VTT,video5727.mp4,0.3035377913821521
real,MSR-VTT,video5728.mp4,0.007049093477748999
real,MSR-VTT,video5729.mp4,0.061204968212856134
real,MSR-VTT,video573.mp4,0.0335530963032729
real,MSR-VTT,video5730.mp4,0.10742877325170708
real,MSR-VTT,video5731.mp4,0.48384153520131856
real,MSR-VTT,video5732.mp4,0.4154403108076289
real,MSR-VTT,video5733.mp4,0.40082705439133504
real,MSR-VTT,video5734.mp4,0.4300682834942312
real,MSR-VTT,video5735.mp4,0.03636390393218743
real,MSR-VTT,video5736.mp4,0.16758888627266305
real,MSR-VTT,video5737.mp4,0.014716270308453027
real,MSR-VTT,video5738.mp4,0.07575935954791618
real,MSR-VTT,video5739.mp4,0.17608017424064043
real,MSR-VTT,video574.mp4,0.24318636684718625
real,MSR-VTT,video5740.mp4,0.01892512361667059
real,MSR-VTT,video5741.mp4,0.7457028490699317
real,MSR-VTT,video5742.mp4,0.39826642335766427
real,MSR-VTT,video5743.mp4,0.10951848363550741
real,MSR-VTT,video5744.mp4,0.09268307040263717
real,MSR-VTT,video5745.mp4,0.24205321403343538
real,MSR-VTT,video5746.mp4,0.27668059806922535
real,MSR-VTT,video5747.mp4,0.13722922062632445
real,MSR-VTT,video5748.mp4,0.11029844596185542
real,MSR-VTT,video5749.mp4,0.5272398163409465
real,MSR-VTT,video575.mp4,0.2407876147869084
real,MSR-VTT,video5750.mp4,0.052654815163644925
real,MSR-VTT,video5751.mp4,0.30634859901106665
real,MSR-VTT,video5752.mp4,0.04094066399811632
real,MSR-VTT,video5753.mp4,0.49018424770426183
real,MSR-VTT,video5754.mp4,0.08714975276665882
real,MSR-VTT,video5755.mp4,0.07892335766423357
real,MSR-VTT,video5756.mp4,0.07553861549328938
real,MSR-VTT,video5757.mp4,0.022044972922062634
real,MSR-VTT,video5758.mp4,0.5881210266070167
real,MSR-VTT,video5759.mp4,0.24838121026607018
real,MSR-VTT,video576.mp4,0.05437661878973393
real,MSR-VTT,video5760.mp4,0.5742877325170709
real,MSR-VTT,video5761.mp4,0.04528196373910996
real,MSR-VTT,video5762.mp4,0.07508241111372733
real,MSR-VTT,video5763.mp4,0.5862667765481517
real,MSR-VTT,video5764.mp4,0.01696785966564634
real,MSR-VTT,video5765.mp4,0.0038115140098893335
real,MSR-VTT,video5766.mp4,0.23519543206969626
real,MSR-VTT,video5767.mp4,0.5002501765952437
real,MSR-VTT,video5768.mp4,0.5375264892865552
real,MSR-VTT,video5769.mp4,0.7989315987756063
real,MSR-VTT,video577.mp4,0.01687956204379562
real,MSR-VTT,video5770.mp4,0.19142924417235696
real,MSR-VTT,video5771.mp4,0.3997969154697434
real,MSR-VTT,video5772.mp4,0.7767688956910761
real,MSR-VTT,video5773.mp4,0.17132681893101012
real,MSR-VTT,video5774.mp4,0.0031639981163174005
real,MSR-VTT,video5775.mp4,0.004562043795620438
real,MSR-VTT,video5776.mp4,0.30215446197315754
real,MSR-VTT,video5777.mp4,0.5828820343772074
real,MSR-VTT,video5778.mp4,0.23579879915234284
real,MSR-VTT,video5779.mp4,0.33822404049917587
real,MSR-VTT,video578.mp4,0.484341888391806
real,MSR-VTT,video5780.mp4,0.044104662114433715
real,MSR-VTT,video5781.mp4,0.8423887449964681
real,MSR-VTT,video5782.mp4,0.32696609371320934
real,MSR-VTT,video5783.mp4,0.11097539439604427
real,MSR-VTT,video5784.mp4,0.349305392041441
real,MSR-VTT,video5785.mp4,0.06819519660937132
real,MSR-VTT,video5786.mp4,0.2178302331057217
real,MSR-VTT,video5787.mp4,0.15584530256651755
real,MSR-VTT,video5788.mp4,0.0077996232634801035
real,MSR-VTT,video5789.mp4,0.5741994348952202
real,MSR-VTT,video579.mp4,0.23622557099128796
real,MSR-VTT,video5790.mp4,0.34859901106663527
real,MSR-VTT,video5791.mp4,0.04728337650105957
real,MSR-VTT,video5792.mp4,0.2715593360018837
real,MSR-VTT,video5793.mp4,0.10932717212149753
real,MSR-VTT,video5794.mp4,0.1162879679773958
real,MSR-VTT,video5795.mp4,0.0822050859430186
real,MSR-VTT,video5796.mp4,0.2752531198493054
real,MSR-VTT,video5797.mp4,0.25353190487402877
real,MSR-VTT,video5798.mp4,0.5860901813044501
real,MSR-VTT,video5799.mp4,0.4963062161525783
real,MSR-VTT,video58.mp4,0.21972863197551212
real,MSR-VTT,video580.mp4,0.012052625382623028
real,MSR-VTT,video5800.mp4,0.1943577819637391
real,MSR-VTT,video5801.mp4,0.44253296444549095
real,MSR-VTT,video5802.mp4,0.3513068048033906
real,MSR-VTT,video5803.mp4,0.23351777725453263
real,MSR-VTT,video5804.mp4,0.05724629149988227
real,MSR-VTT,video5805.mp4,0.010330821756534023
real,MSR-VTT,video5806.mp4,0.23054509065222512
real,MSR-VTT,video5807.mp4,0.3780315516835413
real,MSR-VTT,video5808.mp4,0.6593477748999294
real,MSR-VTT,video5809.mp4,0.3446844831645868
real,MSR-VTT,video581.mp4,0.0758770897103838
real,MSR-VTT,video5810.mp4,0.05150694607958559
real,MSR-VTT,video5811.mp4,0.14995879444313634
real,MSR-VTT,video5812.mp4,0.5119348952201553
real,MSR-VTT,video5813.mp4,0.4164851659995291
real,MSR-VTT,video5814.mp4,0.3292323993407111
real,MSR-VTT,video5815.mp4,0.29325111843654345
real,MSR-VTT,video5816.mp4,0.1468978102189781
real,MSR-VTT,video5817.mp4,0.21706498704968213
real,MSR-VTT,video5818.mp4,0.5361578761478691
real,MSR-VTT,video5819.mp4,0.05159524370143631
real,MSR-VTT,video582.mp4,0.42765481516364495
real,MSR-VTT,video5820.mp4,0.19187073228161056
real,MSR-VTT,video5821.mp4,0.6322551212620673
real,MSR-VTT,video5822.mp4,0.28002119142924414
real,MSR-VTT,video5823.mp4,0.4164115846479868
real,MSR-VTT,video5824.mp4,0.14600011773016247
real,MSR-VTT,video5825.mp4,0.3377384035789969
real,MSR-VTT,video5826.mp4,0.01396574052272192
real,MSR-VTT,video5827.mp4,0.13848010360254298
real,MSR-VTT,video5828.mp4,0.008211678832116787
real,MSR-VTT,video5829.mp4,0.10781139627972686
real,MSR-VTT,video583.mp4,0.25490051801271485
real,MSR-VTT,video5830.mp4,0.10960678125735814
real,MSR-VTT,video5831.mp4,0.037158582528843895
real,MSR-VTT,video5832.mp4,0.1867494702142689
real,MSR-VTT,video5833.mp4,0.12146809512597127
real,MSR-VTT,video5834.mp4,0.09765716976689429
real,MSR-VTT,video5835.mp4,0.06557570049446668
real,MSR-VTT,video5836.mp4,0.6632623028019778
real,MSR-VTT,video5837.mp4,0.044811043089239465
real,MSR-VTT,video5838.mp4,0.3778108076289145
real,MSR-VTT,video5839.mp4,0.02158876854250059
real,MSR-VTT,video584.mp4,0.4034759830468566
real,MSR-VTT,video5840.mp4,0.14357193312926772
real,MSR-VTT,video5841.mp4,0.2557540616906051
real,MSR-VTT,video5842.mp4,0.1540793501295032
real,MSR-VTT,video5843.mp4,0.18087767836119614
real,MSR-VTT,video5844.mp4,0.14630915940663997
real,MSR-VTT,video5845.mp4,0.32414056981398637
real,MSR-VTT,video5846.mp4,0.015143042147398162
real,MSR-VTT,video5847.mp4,0.3382093242288674
real,MSR-VTT,video5848.mp4,0.13821521073699083
real,MSR-VTT,video5849.mp4,0.10065928890981869
real,MSR-VTT,video585.mp4,0.3562661878973393
real,MSR-VTT,video5850.mp4,0.036260890040028255
real,MSR-VTT,video5851.mp4,0.1257210972451142
real,MSR-VTT,video5852.mp4,0.013656698846244408
real,MSR-VTT,video5853.mp4,0.38952495879444315
real,MSR-VTT,video5854.mp4,0.016099599717447607
real,MSR-VTT,video5855.mp4,0.12155639274782198
real,MSR-VTT,video5856.mp4,0.9111137273369437
real,MSR-VTT,video5857.mp4,0.4887862020249588
real,MSR-VTT,video5859.mp4,0.7999028726159643
real,MSR-VTT,video586.mp4,0.04550270779373676
real,MSR-VTT,video5860.mp4,0.07834942312220392
real,MSR-VTT,video5861.mp4,0.07705439133506004
real,MSR-VTT,video5862.mp4,0.14018719095832352
real,MSR-VTT,video5863.mp4,0.47457028490699316
real,MSR-VTT,video5864.mp4,0.06364786908405934
real,MSR-VTT,video5865.mp4,0.15696373910995998
real,MSR-VTT,video5866.mp4,0.028078643748528375
real,MSR-VTT,video5867.mp4,0.03498057452319284
real,MSR-VTT,video5868.mp4,0.34280080056510476
real,MSR-VTT,video5869.mp4,0.24763068048033907
real,MSR-VTT,video587.mp4,0.14471980221332703
real,MSR-VTT,video5870.mp4,0.13519837532375795
real,MSR-VTT,video5871.mp4,0.05418530727572404
real,MSR-VTT,video5872.mp4,0.14976748292912645
real,MSR-VTT,video5873.mp4,0.011905462679538497
real,MSR-VTT,video5874.mp4,0.35049740993642575
real,MSR-VTT,video5875.mp4,0.006239698610784083
real,MSR-VTT,video5876.mp4,0.30228690840593364
real,MSR-VTT,video5877.mp4,0.2775930068283494
real,MSR-VTT,video5878.mp4,0.12884094655050624
real,MSR-VTT,video5879.mp4,0.6371850718153991
real,MSR-VTT,video588.mp4,0.03876265599246527
real,MSR-VTT,video5880.mp4,0.08454497292206263
real,MSR-VTT,video5881.mp4,0.3395190722863197
real,MSR-VTT,video5882.mp4,0.24501118436543443
real,MSR-VTT,video5883.mp4,0.551389215917118
real,MSR-VTT,video5884.mp4,0.27138274075818225
real,MSR-VTT,video5885.mp4,0.2617877325170709
real,MSR-VTT,video5886.mp4,0.16808923946315044
real,MSR-VTT,video5887.mp4,0.6246909583235225
real,MSR-VTT,video5888.mp4,0.12526489286555215
real,MSR-VTT,video5889.mp4,0.40359371320932425
real,MSR-VTT,video589.mp4,0.10307275724040499
real,MSR-VTT,video5890.mp4,0.1361255003531905
real,MSR-VTT,video5891.mp4,0.22941193783847422
real,MSR-VTT,video5892.mp4,0.4039469036967271
real,MSR-VTT,video5893.mp4,0.007225688721450436
real,MSR-VTT,video5894.mp4,0.03892453496585825
real,MSR-VTT,video5895.mp4,0.19585884153520133
real,MSR-VTT,video5896.mp4,0.06216152578290558
real,MSR-VTT,video5897.mp4,0.14149693901577584
real,MSR-VTT,video5898.mp4,0.5965387332234519
real,MSR-VTT,video5899.mp4,0.5985107134447845
real,MSR-VTT,video59.mp4,0.4594861078408288
real,MSR-VTT,video590.mp4,0.16520485048269368
real,MSR-VTT,video5900.mp4,0.08940134212385213
real,MSR-VTT,video5901.mp4,0.3266570520367318
real,MSR-VTT,video5902.mp4,0.1491493995761714
real,MSR-VTT,video5903.mp4,0.05943901577584178
real,MSR-VTT,video5904.mp4,0.8571933129267718
real,MSR-VTT,video5905.mp4,0.3445520367318107
real,MSR-VTT,video5906.mp4,0.022442312220390864
real,MSR-VTT,video5907.mp4,0.0018689663291735343
real,MSR-VTT,video5908.mp4,0.152254532611255
real,MSR-VTT,video5909.mp4,0.40845008241111375
real,MSR-VTT,video591.mp4,0.04869613845067106
real,MSR-VTT,video5910.mp4,0.097583588415352
real,MSR-VTT,video5911.mp4,0.012008476571697669
real,MSR-VTT,video5912.mp4,0.021382740758182243
real,MSR-VTT,video5913.mp4,0.06650282552389922
real,MSR-VTT,video5914.mp4,0.1194225335530963
real,MSR-VTT,video5915.mp4,0.11196138450671062
real,MSR-VTT,video5916.mp4,0.2734724511419826
real,MSR-VTT,video5917.mp4,0.2840828820343772
real,MSR-VTT,video5918.mp4,0.06884271250294326
real,MSR-VTT,video5919.mp4,0.006063103367082647
real,MSR-VTT,video592.mp4,0.22605662820814693
real,MSR-VTT,video5920.mp4,0.6250147162703085
real,MSR-VTT,video5921.mp4,0.40004709206498706
real,MSR-VTT,video5922.mp4,0.051036025429715096
real,MSR-VTT,video5923.mp4,0.41131975512126207
real,MSR-VTT,video5924.mp4,0.10985695785260184
real,MSR-VTT,video5925.mp4,0.007932069696256181
real,MSR-VTT,video5926.mp4,0.6337561808335296
real,MSR-VTT,video5927.mp4,0.17949434895220157
real,MSR-VTT,video5928.mp4,0.32444961149046386
real,MSR-VTT,video5929.mp4,0.30505356722392274
real,MSR-VTT,video593.mp4,0.12105603955733459
real,MSR-VTT,video5930.mp4,0.6949611490463856
real,MSR-VTT,video5931.mp4,0.050388509536143156
real,MSR-VTT,video5932.mp4,0.04878443607252178
real,MSR-VTT,video5933.mp4,0.06564928184600895
real,MSR-VTT,video5934.mp4,0.2096479868142218
real,MSR-VTT,video5935.mp4,0.08249941134918767
real,MSR-VTT,video5936.mp4,0.1754326583470685
real,MSR-VTT,video5937.mp4,0.06918118672003767
real,MSR-VTT,video5938.mp4,0.10891511655286085
real,MSR-VTT,video5939.mp4,0.27978573110430893
real,MSR-VTT,video594.mp4,0.5036202024958795
real,MSR-VTT,video5940.mp4,0.07328702613609607
real,MSR-VTT,video5941.mp4,0.5106251471627031
real,MSR-VTT,video5942.mp4,0.01771838945137744
real,MSR-VTT,video5943.mp4,0.5483576642335766
real,MSR-VTT,video5944.mp4,0.20901518719095832
real,MSR-VTT,video5945.mp4,0.2118995761714151
real,MSR-VTT,video5946.mp4,0.001707087355780551
real,MSR-VTT,video5947.mp4,0.13197551212620673
real,MSR-VTT,video5948.mp4,0.09673004473746175
real,MSR-VTT,video5949.mp4,0.2608017424064045
real,MSR-VTT,video595.mp4,0.37526489286555215
real,MSR-VTT,video5950.mp4,0.15269602072050859
real,MSR-VTT,video5951.mp4,0.15427066164351305
real,MSR-VTT,video5952.mp4,0.017394631504591477
real,MSR-VTT,video5953.mp4,0.023472451141982577
real,MSR-VTT,video5954.mp4,0.4281846008947492
real,MSR-VTT,video5955.mp4,0.0326112550035319
real,MSR-VTT,video5956.mp4,0.28845361431598776
real,MSR-VTT,video5957.mp4,0.4093772074405463
real,MSR-VTT,video5958.mp4,0.48083941605839414
real,MSR-VTT,video5959.mp4,0.2993730868848599
real,MSR-VTT,video596.mp4,0.015187190958323523
real,MSR-VTT,video5960.mp4,0.04144101718860372
real,MSR-VTT,video5961.mp4,0.02766658817989169
real,MSR-VTT,video5962.mp4,0.08136625853543678
real,MSR-VTT,video5963.mp4,0.17369613845067106
real,MSR-VTT,video5964.mp4,0.1359341888391806
real,MSR-VTT,video5965.mp4,0.21032493524841064
real,MSR-VTT,video5966.mp4,0.3016099599717448
real,MSR-VTT,video5967.mp4,0.1516511655286084
real,MSR-VTT,video5968.mp4,0.09509653873322345
real,MSR-VTT,video5969.mp4,0.31644396044266543
real,MSR-VTT,video597.mp4,0.03754120555686367
real,MSR-VTT,video5970.mp4,0.1515040028255239
real,MSR-VTT,video5971.mp4,0.19599128796797738
real,MSR-VTT,video5972.mp4,0.3024782199199435
real,MSR-VTT,video5973.mp4,0.12395514480809984
real,MSR-VTT,video5974.mp4,0.3957499411349188
real,MSR-VTT,video5975.mp4,0.3574140569813986
real,MSR-VTT,video5976.mp4,0.08560454438427126
real,MSR-VTT,video5977.mp4,0.3447286319755121
real,MSR-VTT,video5978.mp4,0.3166205556863668
real,MSR-VTT,video5979.mp4,0.9144248881563457
real,MSR-VTT,video598.mp4,0.010890040028255239
real,MSR-VTT,video5980.mp4,0.24115552154461972
real,MSR-VTT,video5981.mp4,0.06010124793972216
real,MSR-VTT,video5982.mp4,0.2449228867435837
real,MSR-VTT,video5983.mp4,0.17618318813279962
real,MSR-VTT,video5984.mp4,0.08792971509300683
real,MSR-VTT,video5985.mp4,0.05266953143395338
real,MSR-VTT,video5986.mp4,0.035407346362137986
real,MSR-VTT,video5987.mp4,0.2614198257593595
real,MSR-VTT,video5988.mp4,0.10654579703319991
real,MSR-VTT,video5989.mp4,0.1180097716034848
real,MSR-VTT,video599.mp4,0.9057128561337415
real,MSR-VTT,video5990.mp4,0.28262597127384037
real,MSR-VTT,video5991.mp4,0.2370938309394867
real,MSR-VTT,video5993.mp4,0.4691105486225571
real,MSR-VTT,video5994.mp4,0.4106133741464563
real,MSR-VTT,video5995.mp4,0.09205027077937368
real,MSR-VTT,video5996.mp4,0.11252060277843183
real,MSR-VTT,video5997.mp4,0.7190811160819401
real,MSR-VTT,video5998.mp4,0.10030609842241582
real,MSR-VTT,video5999.mp4,0.2321785966564634
real,MSR-VTT,video6.mp4,0.07397869084059336
real,MSR-VTT,video60.mp4,0.025311984930539204
real,MSR-VTT,video600.mp4,0.6008211678832116
real,MSR-VTT,video6000.mp4,0.35639863433011537
real,MSR-VTT,video6001.mp4,0.04226512832587709
real,MSR-VTT,video6002.mp4,0.49099364257122674
real,MSR-VTT,video6003.mp4,0.24351012479397222
real,MSR-VTT,video6004.mp4,0.08744407817282787
real,MSR-VTT,video6005.mp4,0.04147044972922063
real,MSR-VTT,video6006.mp4,0.5462532375794679
real,MSR-VTT,video6007.mp4,0.15653696727101485
real,MSR-VTT,video6008.mp4,0.2161967271014834
real,MSR-VTT,video6009.mp4,0.1704585589828114
real,MSR-VTT,video601.mp4,0.05659877560631033
real,MSR-VTT,video6010.mp4,0.12199788085707558
real,MSR-VTT,video6011.mp4,0.2122380503885095
real,MSR-VTT,video6012.mp4,0.2733400047092065
real,MSR-VTT,video6013.mp4,0.12682481751824817
real,MSR-VTT,video6014.mp4,0.48392983282316926
real,MSR-VTT,video6015.mp4,0.2840828820343772
real,MSR-VTT,video6016.mp4,0.7571373910995998
real,MSR-VTT,video6017.mp4,0.13725865316694136
real,MSR-VTT,video6018.mp4,0.4289351306804804
real,MSR-VTT,video6019.mp4,0.682790793501295
real,MSR-VTT,video602.mp4,0.08126324464327761
real,MSR-VTT,video6020.mp4,0.06116081940193077
real,MSR-VTT,video6021.mp4,0.014598540145985401
real,MSR-VTT,video6022.mp4,0.14152637155639275
real,MSR-VTT,video6023.mp4,0.014524958794443137
real,MSR-VTT,video6024.mp4,0.07575935954791618
real,MSR-VTT,video6025.mp4,0.24037555921827172
real,MSR-VTT,video6026.mp4,0.10120379091123147
real,MSR-VTT,video6027.mp4,0.02523840357899694
real,MSR-VTT,video6028.mp4,0.6235136566988462
real,MSR-VTT,video6029.mp4,0.7315310807628914
real,MSR-VTT,video603.mp4,0.27881445726395104
real,MSR-VTT,video6030.mp4,0.06794502001412762
real,MSR-VTT,video6031.mp4,0.0491229102896162
real,MSR-VTT,video6032.mp4,0.19978808570755827
real,MSR-VTT,video6033.mp4,0.09040204850482694
real,MSR-VTT,video6034.mp4,0.22879385448551917
real,MSR-VTT,video6035.mp4,0.015393218742641865
real,MSR-VTT,video6036.mp4,0.1681333882740758
real,MSR-VTT,video6037.mp4,0.5539056981398635
real,MSR-VTT,video6038.mp4,0.027887332234518485
real,MSR-VTT,video6039.mp4,0.40171003060984223
real,MSR-VTT,video604.mp4,0.2858635507417
real,MSR-VTT,video6040.mp4,0.09147633623734401
real,MSR-VTT,video6041.mp4,0.20404108782670122
real,MSR-VTT,video6042.mp4,0.02144160583941606
real,MSR-VTT,video6043.mp4,0.05842359312455851
real,MSR-VTT,video6044.mp4,0.21512243936896636
real,MSR-VTT,video6045.mp4,0.18476277372262773
real,MSR-VTT,video6046.mp4,0.043368848599011064
real,MSR-VTT,video6047.mp4,0.31768012714857546
real,MSR-VTT,video6048.mp4,0.3923063338827407
real,MSR-VTT,video6049.mp4,0.23741758888627265
real,MSR-VTT,video605.mp4,0.01677654815163645
real,MSR-VTT,video6050.mp4,0.034274193548387094
real,MSR-VTT,video6051.mp4,0.20560101247939722
real,MSR-VTT,video6052.mp4,0.0654432540616906
real,MSR-VTT,video6053.mp4,0.21051624676242053
real,MSR-VTT,video6054.mp4,0.11758299976453968
real,MSR-VTT,video6055.mp4,0.39782493524841067
real,MSR-VTT,video6056.mp4,0.0398810925359077
real,MSR-VTT,video6057.mp4,0.01774782199199435
real,MSR-VTT,video6058.mp4,0.1901047798445962
real,MSR-VTT,video6059.mp4,0.30574523192842007
real,MSR-VTT,video606.mp4,0.4558953378855663
real,MSR-VTT,video6060.mp4,0.5672386390393218
real,MSR-VTT,video6061.mp4,0.4613403578996939
real,MSR-VTT,video6062.mp4,0.09973216388038617
real,MSR-VTT,video6063.mp4,0.13578702613609606
real,MSR-VTT,video6064.mp4,0.17897927949140569
real,MSR-VTT,video6065.mp4,0.17580056510477984
real,MSR-VTT,video6066.mp4,0.1290469743348246
real,MSR-VTT,video6067.mp4,0.15212208617847892
real,MSR-VTT,video6068.mp4,0.468360018836826
real,MSR-VTT,video6069.mp4,0.18489522015540383
real,MSR-VTT,video607.mp4,0.013112196844831647
real,MSR-VTT,video6070.mp4,0.11986402166234988
real,MSR-VTT,video6071.mp4,0.5888421238521309
real,MSR-VTT,video6072.mp4,0.7651724746880151
real,MSR-VTT,video6073.mp4,0.17713974570284907
real,MSR-VTT,video6074.mp4,0.4720979514951731
real,MSR-VTT,video6075.mp4,0.8470832352248646
real,MSR-VTT,video6076.mp4,0.34040204850482697
real,MSR-VTT,video6077.mp4,0.24561455144808098
real,MSR-VTT,video6078.mp4,0.672298092771368
real,MSR-VTT,video6079.mp4,0.5332587708971038
real,MSR-VTT,video608.mp4,0.09322757240404991
real,MSR-VTT,video6080.mp4,0.46802154461973156
real,MSR-VTT,video6081.mp4,0.5516099599717448
real,MSR-VTT,video6082.mp4,0.18465975983046856
real,MSR-VTT,video6083.mp4,0.16936955497998588
real,MSR-VTT,video6084.mp4,0.6197462914998823
real,MSR-VTT,video6085.mp4,0.5639863433011537
real,MSR-VTT,video6086.mp4,0.07093242288674359
real,MSR-VTT,video6087.mp4,0.14232105015304922
real,MSR-VTT,video6088.mp4,0.21735931245585116
real,MSR-VTT,video6089.mp4,0.016629385448551918
real,MSR-VTT,video609.mp4,0.10561867200376737
real,MSR-VTT,video6090.mp4,0.09310984224158228
real,MSR-VTT,video6091.mp4,0.0517865552154462
real,MSR-VTT,video6092.mp4,0.7782110901813044
real,MSR-VTT,video6093.mp4,0.20994231222039084
real,MSR-VTT,video6094.mp4,0.4232987991523428
real,MSR-VTT,video6095.mp4,0.4393395337885566
real,MSR-VTT,video6096.mp4,0.18483635507417
real,MSR-VTT,video6097.mp4,0.024384859901106663
real,MSR-VTT,video6098.mp4,0.34477278078643747
real,MSR-VTT,video6099.mp4,0.49325994819872854
real,MSR-VTT,video61.mp4,0.17983282316929597
real,MSR-VTT,video610.mp4,0.3667883211678832
real,MSR-VTT,video6100.mp4,0.4153814457263951
real,MSR-VTT,video6101.mp4,0.10186602307511183
real,MSR-VTT,video6102.mp4,0.3670532140334354
real,MSR-VTT,video6103.mp4,0.5354956439839887
real,MSR-VTT,video6104.mp4,0.06873969861078408
real,MSR-VTT,video6105.mp4,0.0024723334118201086
real,MSR-VTT,video6106.mp4,0.10455910054155874
real,MSR-VTT,video6107.mp4,0.04466388038615493
real,MSR-VTT,video6108.mp4,0.07920296680009418
real,MSR-VTT,video6109.mp4,0.24813103367082645
real,MSR-VTT,video611.mp4,0.11695020014127619
real,MSR-VTT,video6110.mp4,0.03225806451612903
real,MSR-VTT,video6111.mp4,0.16195255474452555
real,MSR-VTT,video6112.mp4,0.2108988697904403
real,MSR-VTT,video6113.mp4,0.5496968448316458
real,MSR-VTT,video6114.mp4,0.1449846950788792
real,MSR-VTT,video6115.mp4,0.073934542029668
real,MSR-VTT,video6116.mp4,0.242170944195903
real,MSR-VTT,video6117.mp4,0.5056510477984459
real,MSR-VTT,video6118.mp4,0.41089298328231694
real,MSR-VTT,video6119.mp4,0.7132387567694843
real,MSR-VTT,video612.mp4,0.8525576877796092
real,MSR-VTT,video6120.mp4,0.05737873793265835
real,MSR-VTT,video6121.mp4,0.25916823640216624
real,MSR-VTT,video6122.mp4,0.04149988226983753
real,MSR-VTT,video6123.mp4,0.3342947963268189
real,MSR-VTT,video6124.mp4,0.13106310336708266
real,MSR-VTT,video6125.mp4,0.01512832587708971
real,MSR-VTT,video6126.mp4,0.12121791853072757
real,MSR-VTT,video6127.mp4,0.6458088062161526
real,MSR-VTT,video6128.mp4,0.10217506475158936
real,MSR-VTT,video6129.mp4,0.04513480103602543
real,MSR-VTT,video613.mp4,0.03999882269837532
real,MSR-VTT,video6130.mp4,0.24122910289616198
real,MSR-VTT,video6131.mp4,0.32595067106192605
real,MSR-VTT,video6132.mp4,0.17014951730633388
real,MSR-VTT,video6133.mp4,0.020352601836590538
real,MSR-VTT,video6134.mp4,0.2842889098186956
real,MSR-VTT,video6135.mp4,0.6543883918059807
real,MSR-VTT,video6136.mp4,0.3806657640687544
real,MSR-VTT,video6137.mp4,0.03144866964916412
real,MSR-VTT,video6138.mp4,0.09675947727807865
real,MSR-VTT,video6139.mp4,0.49087591240875916
real,MSR-VTT,video614.mp4,0.6206881327996232
real,MSR-VTT,video6140.mp4,0.20898575465034142
real,MSR-VTT,video6141.mp4,0.2563868613138686
real,MSR-VTT,video6142.mp4,0.1092094419590299
real,MSR-VTT,video6143.mp4,0.3247292206263245
real,MSR-VTT,video6144.mp4,0.672783729691547
real,MSR-VTT,video6145.mp4,0.8600041205556863
real,MSR-VTT,video6146.mp4,0.05400871203202261
real,MSR-VTT,video6147.mp4,0.40493289380739345
real,MSR-VTT,video6148.mp4,0.018115728749705677
real,MSR-VTT,video6149.mp4,0.014907581822462915
real,MSR-VTT,video615.mp4,0.01930774664469037
real,MSR-VTT,video6150.mp4,0.5894749234753944
real,MSR-VTT,video6151.mp4,0.06422180362608901
real,MSR-VTT,video6152.mp4,0.8032140334353661
real,MSR-VTT,video6153.mp4,0.2291028961619967
real,MSR-VTT,video6154.mp4,0.045635154226512833
real,MSR-VTT,video6155.mp4,0.12965034141747117
real,MSR-VTT,video6156.mp4,0.3413733223451848
real,MSR-VTT,video6157.mp4,0.02816694137037909
real,MSR-VTT,video6158.mp4,0.2118701436307982
real,MSR-VTT,video6159.mp4,0.48781492818460087
real,MSR-VTT,video616.mp4,0.49818989875206027
real,MSR-VTT,video6160.mp4,0.1615846479868142
real,MSR-VTT,video6161.mp4,0.005533317635978338
real,MSR-VTT,video6162.mp4,0.2790646338591947
real,MSR-VTT,video6163.mp4,0.3543972215681658
real,MSR-VTT,video6164.mp4,0.7182570049446668
real,MSR-VTT,video6165.mp4,0.21100188368259948
real,MSR-VTT,video6166.mp4,0.06756239698610784
real,MSR-VTT,video6167.mp4,0.02319284200612197
real,MSR-VTT,video6168.mp4,0.0979956439839887
real,MSR-VTT,video6169.mp4,0.30605427360489756
real,MSR-VTT,video617.mp4,0.09611196138450671
real,MSR-VTT,video6170.mp4,0.2213327054391335
real,MSR-VTT,video6171.mp4,0.5649281846008948
real,MSR-VTT,video6172.mp4,0.34765716976689426
real,MSR-VTT,video6173.mp4,0.028961619967035553
real,MSR-VTT,video6174.mp4,0.9435631033670826
real,MSR-VTT,video6175.mp4,0.6243672003767365
real,MSR-VTT,video6176.mp4,0.6181275017659524
real,MSR-VTT,video6177.mp4,0.5014421944902284
real,MSR-VTT,video6178.mp4,0.41292382858488347
real,MSR-VTT,video6179.mp4,0.013568401224393688
real,MSR-VTT,video618.mp4,0.05209559689192371
real,MSR-VTT,video6180.mp4,0.3114845773487167
real,MSR-VTT,video6181.mp4,0.033008594301860136
real,MSR-VTT,video6182.mp4,0.02447315752295738
real,MSR-VTT,video6183.mp4,0.0384094655050624
real,MSR-VTT,video6184.mp4,0.284141747115611
real,MSR-VTT,video6185.mp4,0.3228013892159171
real,MSR-VTT,video6186.mp4,0.31254414881092535
real,MSR-VTT,video6187.mp4,0.5436190251942548
real,MSR-VTT,video6188.mp4,0.4671091358606075
real,MSR-VTT,video6189.mp4,0.4778961619967036
real,MSR-VTT,video619.mp4,0.0867524134683306
real,MSR-VTT,video6190.mp4,0.07508241111372733
real,MSR-VTT,video6191.mp4,0.5846038380032964
real,MSR-VTT,video6192.mp4,0.5833823875676949
real,MSR-VTT,video6193.mp4,0.08573699081704733
real,MSR-VTT,video6194.mp4,0.18988403578996937
real,MSR-VTT,video6195.mp4,0.11784789263009184
real,MSR-VTT,video6196.mp4,0.6026607016717682
real,MSR-VTT,video6197.mp4,0.4150282552389922
real,MSR-VTT,video6198.mp4,0.07166823640216623
real,MSR-VTT,video6199.mp4,0.2030109489051095
real,MSR-VTT,video62.mp4,0.522707205085943
real,MSR-VTT,video620.mp4,0.06086649399576172
real,MSR-VTT,video6200.mp4,0.21340063574287735
real,MSR-VTT,video6201.mp4,0.2793883918059807
real,MSR-VTT,video6202.mp4,0.4385154226512833
real,MSR-VTT,video6203.mp4,0.3354426654108783
real,MSR-VTT,video6204.mp4,0.49786614080527436
real,MSR-VTT,video6205.mp4,0.18682305156581117
real,MSR-VTT,video6206.mp4,0.48757946785966566
real,MSR-VTT,video6207.mp4,0.45374676242053213
real,MSR-VTT,video6208.mp4,0.2088680244878738
real,MSR-VTT,video6209.mp4,0.24507004944666824
real,MSR-VTT,video621.mp4,0.3047592418177537
real,MSR-VTT,video6210.mp4,0.560940075347304
real,MSR-VTT,video6211.mp4,0.5933894513774429
real,MSR-VTT,video6212.mp4,0.2852013185778196
real,MSR-VTT,video6213.mp4,0.06029255945373205
real,MSR-VTT,video6214.mp4,0.2249676242053214
real,MSR-VTT,video6215.mp4,0.11773016246762422
real,MSR-VTT,video6216.mp4,0.8493789733929833
real,MSR-VTT,video6217.mp4,0.08976924888156346
real,MSR-VTT,video6218.mp4,0.9710089474923476
real,MSR-VTT,video6219.mp4,0.06004238285848834
real,MSR-VTT,video622.mp4,0.0914469036967271
real,MSR-VTT,video6220.mp4,0.6803184600894749
real,MSR-VTT,video6221.mp4,0.016408641393925123
real,MSR-VTT,video6222.mp4,0.38931893101012477
real,MSR-VTT,video6223.mp4,0.1420120084765717
real,MSR-VTT,video6224.mp4,0.09007829055804097
real,MSR-VTT,video6225.mp4,0.5934483164586768
real,MSR-VTT,video6226.mp4,0.39419001648222274
real,MSR-VTT,video6227.mp4,0.12199788085707558
real,MSR-VTT,video6228.mp4,0.2968124558511891
real,MSR-VTT,video6229.mp4,0.1218360018836826
real,MSR-VTT,video623.mp4,0.24174417235695786
real,MSR-VTT,video6230.mp4,0.0226189074640923
real,MSR-VTT,video6231.mp4,0.2972686602307511
real,MSR-VTT,video6232.mp4,0.38992229809277135
real,MSR-VTT,video6233.mp4,0.38100423828584884
real,MSR-VTT,video6234.mp4,0.06204379562043795
real,MSR-VTT,video6235.mp4,0.04076406875441488
real,MSR-VTT,video6236.mp4,0.025120673416529314
real,MSR-VTT,video6237.mp4,0.017041441017188602
real,MSR-VTT,video6238.mp4,0.31326524605603956
real,MSR-VTT,video6239.mp4,0.005371438662585354
real,MSR-VTT,video624.mp4,0.3148251707087356
real,MSR-VTT,video6240.mp4,0.4024605603955733
real,MSR-VTT,video6241.mp4,0.7365934777489993
real,MSR-VTT,video6242.mp4,0.26674711561101955
real,MSR-VTT,video6243.mp4,0.48569578526018364
real,MSR-VTT,video6244.mp4,0.03374440781728279
real,MSR-VTT,video6245.mp4,0.13753826230280197
real,MSR-VTT,video6246.mp4,0.057157993878031554
real,MSR-VTT,video6247.mp4,0.5697256887214505
real,MSR-VTT,video6248.mp4,0.40636037202731334
real,MSR-VTT,video6249.mp4,0.48569578526018364
real,MSR-VTT,video625.mp4,0.05830586296209089
real,MSR-VTT,video6250.mp4,0.08451554038144572
real,MSR-VTT,video6251.mp4,0.05331704732752531
real,MSR-VTT,video6252.mp4,0.5342006121968448
real,MSR-VTT,video6253.mp4,0.0688868613138686
real,MSR-VTT,video6254.mp4,0.08567812573581352
real,MSR-VTT,video6255.mp4,0.20102425241346833
real,MSR-VTT,video6256.mp4,0.09514068754414881
real,MSR-VTT,video6257.mp4,0.022515893571933128
real,MSR-VTT,video6258.mp4,0.05771721214975277
real,MSR-VTT,video6259.mp4,0.5776430421473981
real,MSR-VTT,video626.mp4,0.9404579703319991
real,MSR-VTT,video6260.mp4,0.1661025429715093
real,MSR-VTT,video6261.mp4,0.15387332234518483
real,MSR-VTT,video6262.mp4,0.7723687308688485
real,MSR-VTT,video6263.mp4,0.4559100541558747
real,MSR-VTT,video6264.mp4,0.02091182010831175
real,MSR-VTT,video6265.mp4,0.7170944195902991
real,MSR-VTT,video6266.mp4,0.8483929832823169
real,MSR-VTT,video6267.mp4,0.015613962797268661
real,MSR-VTT,video6268.mp4,0.01761537555921827
real,MSR-VTT,video6269.mp4,0.11880445020014127
real,MSR-VTT,video627.mp4,0.7899105250765246
real,MSR-VTT,video6270.mp4,0.031566399811631736
real,MSR-VTT,video6271.mp4,0.07159465505062397
real,MSR-VTT,video6272.mp4,0.12575052978573112
real,MSR-VTT,video6273.mp4,0.13159288909818695
real,MSR-VTT,video6274.mp4,0.24568813279962326
real,MSR-VTT,video6275.mp4,0.42369613845067106
real,MSR-VTT,video6276.mp4,0.09099069931716505
real,MSR-VTT,video6277.mp4,0.36047504120555685
real,MSR-VTT,video6278.mp4,0.1697374617376972
real,MSR-VTT,video6279.mp4,0.03796797739580881
real,MSR-VTT,video628.mp4,0.1794796326818931
real,MSR-VTT,video6280.mp4,0.051639392512361666
real,MSR-VTT,video6281.mp4,0.22557099128796798
real,MSR-VTT,video6282.mp4,0.03929244172356958
real,MSR-VTT,video6283.mp4,0.13889215917117967
real,MSR-VTT,video6284.mp4,0.1418206969625618
real,MSR-VTT,video6285.mp4,0.08051271485754649
real,MSR-VTT,video6286.mp4,0.09450788792088533
real,MSR-VTT,video6287.mp4,0.5246939015775842
real,MSR-VTT,video6288.mp4,0.6175682834942312
real,MSR-VTT,video6289.mp4,0.060601601130209556
real,MSR-VTT,video629.mp4,0.12070284906993173
real,MSR-VTT,video6290.mp4,0.29472274546738875
real,MSR-VTT,video6291.mp4,0.07444961149046386
real,MSR-VTT,video6292.mp4,0.09259477278078643
real,MSR-VTT,video6293.mp4,0.03218448316458677
real,MSR-VTT,video6294.mp4,0.06872498234047564
real,MSR-VTT,video6295.mp4,0.7904697433482458
real,MSR-VTT,video6296.mp4,0.1817312220390864
real,MSR-VTT,video6297.mp4,0.2945314339533789
real,MSR-VTT,video6298.mp4,0.01055156581116082
real,MSR-VTT,video6299.mp4,0.22570343772074403
real,MSR-VTT,video63.mp4,0.2562544148810925
real,MSR-VTT,video630.mp4,0.4978808570755827
real,MSR-VTT,video6300.mp4,0.3049799858723805
real,MSR-VTT,video6301.mp4,0.018571933129267717
real,MSR-VTT,video6302.mp4,0.030492112079114668
real,MSR-VTT,video6303.mp4,0.42708088062161526
real,MSR-VTT,video6304.mp4,0.05531846008947492
real,MSR-VTT,video6305.mp4,0.04278019778667294
real,MSR-VTT,video6306.mp4,0.36840711090181305
real,MSR-VTT,video6307.mp4,0.4274782199199435
real,MSR-VTT,video6308.mp4,0.3500412055568637
real,MSR-VTT,video6309.mp4,0.024222980927713682
real,MSR-VTT,video631.mp4,0.013141629385448552
real,MSR-VTT,video6310.mp4,0.22814633859194727
real,MSR-VTT,video6311.mp4,0.01044855191900165
real,MSR-VTT,video6312.mp4,0.07094713915705203
real,MSR-VTT,video6313.mp4,0.8624323051565812
real,MSR-VTT,video6314.mp4,0.6401283258770898
real,MSR-VTT,video6315.mp4,0.009330115375559217
real,MSR-VTT,video6316.mp4,0.3953084530256652
real,MSR-VTT,video6317.mp4,0.051036025429715096
real,MSR-VTT,video6318.mp4,0.39014304214739814
real,MSR-VTT,video6319.mp4,0.6208794443136332
real,MSR-VTT,video632.mp4,0.6043089239463151
real,MSR-VTT,video6320.mp4,0.10367612432305157
real,MSR-VTT,video6321.mp4,0.2462767836119614
real,MSR-VTT,video6322.mp4,0.6587738403578998
real,MSR-VTT,video6323.mp4,0.15769955262538263
real,MSR-VTT,video6324.mp4,0.392541794207676
real,MSR-VTT,video6325.mp4,0.010978337650105956
real,MSR-VTT,video6326.mp4,0.004900518012714858
real,MSR-VTT,video6327.mp4,0.22062632446432778
real,MSR-VTT,video6328.mp4,0.1051036025429715
real,MSR-VTT,video6329.mp4,0.31695902990346125
real,MSR-VTT,video633.mp4,0.07093242288674358
real,MSR-VTT,video6330.mp4,0.24715975983046856
real,MSR-VTT,video6331.mp4,0.05550977160348482
real,MSR-VTT,video6332.mp4,0.5485931245585118
real,MSR-VTT,video6333.mp4,0.1580527431127855
real,MSR-VTT,video6334.mp4,0.4881239698610784
real,MSR-VTT,video6335.mp4,0.7428773251707088
real,MSR-VTT,video6336.mp4,0.19172356957852604
real,MSR-VTT,video6337.mp4,0.0958323522486461
real,MSR-VTT,video6338.mp4,0.3270691076053685
real,MSR-VTT,video6339.mp4,0.00715210736990817
real,MSR-VTT,video634.mp4,0.23679950553331763
real,MSR-VTT,video6340.mp4,0.4495084765716977
real,MSR-VTT,video6341.mp4,0.4072139157052037
real,MSR-VTT,video6342.mp4,0.30224275959500824
real,MSR-VTT,video6343.mp4,0.010433835648693195
real,MSR-VTT,video6344.mp4,0.3245820579232399
real,MSR-VTT,video6345.mp4,0.24605603955733457
real,MSR-VTT,video6346.mp4,0.3362226277372263
real,MSR-VTT,video6347.mp4,0.5746556392747821
real,MSR-VTT,video6348.mp4,0.10576583470685189
real,MSR-VTT,video6349.mp4,0.17830233105721685
real,MSR-VTT,video635.mp4,0.5703879208853309
real,MSR-VTT,video6350.mp4,0.21949317165057688
real,MSR-VTT,video6351.mp4,0.23834471391570522
real,MSR-VTT,video6352.mp4,0.6351836590534495
real,MSR-VTT,video6353.mp4,0.47367259241817755
real,MSR-VTT,video6354.mp4,0.061396279726866024
real,MSR-VTT,video6355.mp4,0.25762302801977865
real,MSR-VTT,video6356.mp4,0.009595008241111373
real,MSR-VTT,video6357.mp4,0.14966446903696726
real,MSR-VTT,video6358.mp4,0.06551683541323287
real,MSR-VTT,video6359.mp4,0.4217977395808806
real,MSR-VTT,video636.mp4,0.6040734636213798
real,MSR-VTT,video6360.mp4,0.08302919708029198
real,MSR-VTT,video6361.mp4,0.14885507417000235
real,MSR-VTT,video6362.mp4,0.06994643277607723
real,MSR-VTT,video6363.mp4,0.05637803155168354
real,MSR-VTT,video6364.mp4,0.2892924417235696
real,MSR-VTT,video6365.mp4,0.5458558982811397
real,MSR-VTT,video6366.mp4,0.3055686366847186
real,MSR-VTT,video6367.mp4,0.37666293854485516
real,MSR-VTT,video6368.mp4,0.15689015775841772
real,MSR-VTT,video6369.mp4,0.37473510713444785
real,MSR-VTT,video637.mp4,0.2610372027313398
real,MSR-VTT,video6370.mp4,0.4151165528608429
real,MSR-VTT,video6371.mp4,0.440943607252178
real,MSR-VTT,video6372.mp4,0.23625500353190487
real,MSR-VTT,video6373.mp4,0.5424417235695785
real,MSR-VTT,video6374.mp4,0.22823463621379797
real,MSR-VTT,video6375.mp4,0.0780698139863433
real,MSR-VTT,video6376.mp4,0.13231398634330116
real,MSR-VTT,video6377.mp4,0.016070167176830706
real,MSR-VTT,video6378.mp4,0.0663850953614316
real,MSR-VTT,video6379.mp4,0.11855427360489758
real,MSR-VTT,video638.mp4,0.21004532611255003
real,MSR-VTT,video6380.mp4,0.0608076289145279
real,MSR-VTT,video6381.mp4,0.03302331057216859
real,MSR-VTT,video6382.mp4,0.030462679538497763
real,MSR-VTT,video6383.mp4,0.2182717212149753
real,MSR-VTT,video6384.mp4,0.09614139392512361
real,MSR-VTT,video6385.mp4,0.21728573110430893
real,MSR-VTT,video6386.mp4,0.3993995761714151
real,MSR-VTT,video6387.mp4,0.6023810925359077
real,MSR-VTT,video6388.mp4,0.3694519660937132
real,MSR-VTT,video6389.mp4,0.11569931716505769
real,MSR-VTT,video639.mp4,0.4252560631033671
real,MSR-VTT,video6390.mp4,0.05949788085707558
real,MSR-VTT,video6391.mp4,0.5172916176124324
real,MSR-VTT,video6392.mp4,0.12413174005180128
real,MSR-VTT,video6393.mp4,0.5209118201083117
real,MSR-VTT,video6394.mp4,0.5272692488815635
real,MSR-VTT,video6395.mp4,0.03468624911702378
real,MSR-VTT,video6396.mp4,0.15817047327525313
real,MSR-VTT,video6397.mp4,0.0048563692017894984
real,MSR-VTT,video6398.mp4,0.20415881798916882
real,MSR-VTT,video6399.mp4,0.5700200141276195
real,MSR-VTT,video64.mp4,0.399590887685425
real,MSR-VTT,video640.mp4,0.7869819872851425
real,MSR-VTT,video6400.mp4,0.20535083588415354
real,MSR-VTT,video6401.mp4,0.010507417000235459
real,MSR-VTT,video6402.mp4,0.10617789027548857
real,MSR-VTT,video6403.mp4,0.13334412526489287
real,MSR-VTT,video6404.mp4,0.03461266776548151
real,MSR-VTT,video6405.mp4,0.33687014363079826
real,MSR-VTT,video6406.mp4,0.07472922062632446
real,MSR-VTT,video6407.mp4,0.0760978337650106
real,MSR-VTT,video6408.mp4,0.026297975041205558
real,MSR-VTT,video6409.mp4,0.2877619496114905
real,MSR-VTT,video641.mp4,0.4126147869084059
real,MSR-VTT,video6410.mp4,0.04977042618318813
real,MSR-VTT,video6411.mp4,0.37420532140334356
real,MSR-VTT,video6412.mp4,0.026489286555215447
real,MSR-VTT,video6413.mp4,0.2871880150694608
real,MSR-VTT,video6414.mp4,0.28786496350364965
real,MSR-VTT,video6415.mp4,0.04208853308217566
real,MSR-VTT,video6416.mp4,0.07545031787143866
real,MSR-VTT,video6417.mp4,0.5484606781257358
real,MSR-VTT,video6418.mp4,0.15637508829762187
real,MSR-VTT,video6419.mp4,0.035495643983988696
real,MSR-VTT,video642.mp4,0.3028608429479633
real,MSR-VTT,video6420.mp4,0.09387508829762185
real,MSR-VTT,video6421.mp4,0.2466446903696727
real,MSR-VTT,video6422.mp4,0.01633506004238286
real,MSR-VTT,video6423.mp4,0.2001559924652696
real,MSR-VTT,video6424.mp4,0.8869790440310807
real,MSR-VTT,video6425.mp4,0.16212914998822697
real,MSR-VTT,video6426.mp4,0.09700965387332235
real,MSR-VTT,video6427.mp4,0.3176065457970332
real,MSR-VTT,video6428.mp4,0.453158111608194
real,MSR-VTT,video6429.mp4,0.20173063338827407
real,MSR-VTT,video643.mp4,0.575332587708971
real,MSR-VTT,video6430.mp4,0.5
real,MSR-VTT,video6431.mp4,0.003811514009889334
real,MSR-VTT,video6432.mp4,0.10029138215210738
real,MSR-VTT,video6433.mp4,0.014215917117965623
real,MSR-VTT,video6434.mp4,0.047930892394631504
real,MSR-VTT,video6435.mp4,0.017791970802919707
real,MSR-VTT,video6436.mp4,0.2834059336001884
real,MSR-VTT,video6437.mp4,0.018880974805745233
real,MSR-VTT,video6438.mp4,0.29966741229102895
real,MSR-VTT,video6439.mp4,0.2652607723098658
real,MSR-VTT,video644.mp4,0.5279020485048269
real,MSR-VTT,video6440.mp4,0.08987226277372262
real,MSR-VTT,video6441.mp4,0.041647044972922063
real,MSR-VTT,video6442.mp4,0.1685748763833294
real,MSR-VTT,video6443.mp4,0.06045443842712503
real,MSR-VTT,video6444.mp4,0.12604485519190017
real,MSR-VTT,video6445.mp4,0.04810748763833294
real,MSR-VTT,video6446.mp4,0.24349540852366375
real,MSR-VTT,video6447.mp4,0.09026960207205087
real,MSR-VTT,video6448.mp4,0.35369084059336003
real,MSR-VTT,video6449.mp4,0.15129797504120557
real,MSR-VTT,video645.mp4,0.5105662820814693
real,MSR-VTT,video6450.mp4,0.36815693430656937
real,MSR-VTT,video6451.mp4,0.3719831645867671
real,MSR-VTT,video6452.mp4,0.5564074640923005
real,MSR-VTT,video6453.mp4,0.41289439604426653
real,MSR-VTT,video6454.mp4,0.458323522486461
real,MSR-VTT,video6455.mp4,0.10483870967741936
real,MSR-VTT,video6456.mp4,0.32996821285613376
real,MSR-VTT,video6457.mp4,0.23757946785966563
real,MSR-VTT,video6458.mp4,0.15727278078643747
real,MSR-VTT,video6459.mp4,0.18707322816105487
real,MSR-VTT,video646.mp4,0.4698316458676713
real,MSR-VTT,video6460.mp4,0.015290204850482693
real,MSR-VTT,video6461.mp4,0.4930392041441017
real,MSR-VTT,video6462.mp4,0.05851189074640923
real,MSR-VTT,video6463.mp4,0.015967153284671534
real,MSR-VTT,video6464.mp4,0.0778196373910996
real,MSR-VTT,video6465.mp4,0.0286967271014834
real,MSR-VTT,video6466.mp4,0.18140746409230044
real,MSR-VTT,video6467.mp4,0.2179773958088062
real,MSR-VTT,video6468.mp4,0.367789027548858
real,MSR-VTT,video6469.mp4,0.07880562750176595
real,MSR-VTT,video647.mp4,0.500161878973393
real,MSR-VTT,video6470.mp4,0.05857075582764304
real,MSR-VTT,video6471.mp4,0.44092889098186955
real,MSR-VTT,video6472.mp4,0.6169943489522015
real,MSR-VTT,video6473.mp4,0.28901283258770893
real,MSR-VTT,video6474.mp4,0.08269072286319755
real,MSR-VTT,video6475.mp4,0.09384565575700494
real,MSR-VTT,video6476.mp4,0.5913291735342595
real,MSR-VTT,video6477.mp4,0.15889157052036731
real,MSR-VTT,video6478.mp4,0.09581763597833765
real,MSR-VTT,video6479.mp4,0.3373410642806687
real,MSR-VTT,video648.mp4,0.5404697433482458
real,MSR-VTT,video6480.mp4,0.09987932658347068
real,MSR-VTT,video6481.mp4,0.11571403343536614
real,MSR-VTT,video6482.mp4,0.909465505062397
real,MSR-VTT,video6483.mp4,0.13821521073699083
real,MSR-VTT,video6484.mp4,0.4084353661408053
real,MSR-VTT,video6485.mp4,0.0822050859430186
real,MSR-VTT,video6486.mp4,0.009962914998822698
real,MSR-VTT,video6487.mp4,0.6328879208853309
real,MSR-VTT,video6488.mp4,0.0014274782199199434
real,MSR-VTT,video6489.mp4,0.6942842006121969
real,MSR-VTT,video649.mp4,0.14264480809983518
real,MSR-VTT,video6490.mp4,0.10764951730633388
real,MSR-VTT,video6491.mp4,0.2530021191429244
real,MSR-VTT,video6492.mp4,0.026871909583235227
real,MSR-VTT,video6493.mp4,0.31197021426889565
real,MSR-VTT,video6494.mp4,0.7815958323522487
real,MSR-VTT,video6495.mp4,0.32174181775370847
real,MSR-VTT,video6496.mp4,0.19397515893571934
real,MSR-VTT,video6497.mp4,0.24814574994113492
real,MSR-VTT,video6498.mp4,0.06391276194961149
real,MSR-VTT,video6499.mp4,0.23184012243936897
real,MSR-VTT,video65.mp4,0.09571462208617848
real,MSR-VTT,video650.mp4,0.037953261125500355
real,MSR-VTT,video6500.mp4,0.03608429479632682
real,MSR-VTT,video6501.mp4,0.059232987991523434
real,MSR-VTT,video6502.mp4,0.025503296444549094
real,MSR-VTT,video6503.mp4,0.2895131857781964
real,MSR-VTT,video6504.mp4,0.5098451848363551
real,MSR-VTT,video6505.mp4,0.12435248410642806
real,MSR-VTT,video6506.mp4,0.2604338356486932
real,MSR-VTT,video6507.mp4,0.0837061455144808
real,MSR-VTT,video6508.mp4,0.03556922533553096
real,MSR-VTT,video6509.mp4,0.07545031787143866
real,MSR-VTT,video651.mp4,0.024002236873086884
real,MSR-VTT,video6510.mp4,0.7750618083352956
real,MSR-VTT,video6511.mp4,0.05982163880386155
real,MSR-VTT,video6512.mp4,0.36022486461031317
real,MSR-VTT,video6513.mp4,0.6465593360018838
real,MSR-VTT,video6514.mp4,0.18186366847186247
real,MSR-VTT,video6515.mp4,0.39928184600894745
real,MSR-VTT,video6516.mp4,0.026312691311514008
real,MSR-VTT,video6517.mp4,0.3246262067341653
real,MSR-VTT,video6518.mp4,0.2472480574523193
real,MSR-VTT,video6519.mp4,0.010507417000235459
real,MSR-VTT,video652.mp4,0.3757063809748058
real,MSR-VTT,video6520.mp4,0.5496085472097951
real,MSR-VTT,video6521.mp4,0.19621203202260418
real,MSR-VTT,video6522.mp4,0.6736225570991288
real,MSR-VTT,video6523.mp4,0.1072668942783141
real,MSR-VTT,video6524.mp4,0.10997468801506946
real,MSR-VTT,video6525.mp4,0.2105898281139628
real,MSR-VTT,video6526.mp4,0.090696373910996
real,MSR-VTT,video6527.mp4,0.6898546032493524
real,MSR-VTT,video6528.mp4,0.23936013656698846
real,MSR-VTT,video6529.mp4,0.07531787143866259
real,MSR-VTT,video653.mp4,0.10719331292677184
real,MSR-VTT,video6530.mp4,0.006195549799858723
real,MSR-VTT,video6531.mp4,0.2054538497763127
real,MSR-VTT,video6532.mp4,0.4934512597127384
real,MSR-VTT,video6533.mp4,0.3516599952907935
real,MSR-VTT,video6534.mp4,0.016129032258064516
real,MSR-VTT,video6535.mp4,0.09936425712267483
real,MSR-VTT,video6536.mp4,0.1947992700729927
real,MSR-VTT,video6537.mp4,0.1890010595714622
real,MSR-VTT,video6538.mp4,0.16782434659759832
real,MSR-VTT,video6539.mp4,0.21195844125264893
real,MSR-VTT,video654.mp4,0.047106781257358135
real,MSR-VTT,video6540.mp4,0.16959029903461265
real,MSR-VTT,video6541.mp4,0.7598010360254297
real,MSR-VTT,video6542.mp4,0.5163939251236167
real,MSR-VTT,video6543.mp4,0.6690016482222745
real,MSR-VTT,video6544.mp4,0.113565457970332
real,MSR-VTT,video6545.mp4,0.3765304921120791
real,MSR-VTT,video6546.mp4,0.05662820814692725
real,MSR-VTT,video6547.mp4,0.11662644219449023
real,MSR-VTT,video6548.mp4,0.0782905580409701
real,MSR-VTT,video6549.mp4,0.2968713209324229
real,MSR-VTT,video655.mp4,0.3391511655286084
real,MSR-VTT,video6550.mp4,0.25866788321167883
real,MSR-VTT,video6551.mp4,0.07477336943724983
real,MSR-VTT,video6552.mp4,0.30592182717212146
real,MSR-VTT,video6553.mp4,0.37326348010360255
real,MSR-VTT,video6554.mp4,0.28913056275017657
real,MSR-VTT,video6555.mp4,0.6031169060513304
real,MSR-VTT,video6556.mp4,0.2131210266070167
real,MSR-VTT,video6557.mp4,0.5632358135154227
real,MSR-VTT,video6559.mp4,0.6794060513303508
real,MSR-VTT,video656.mp4,0.3192694843418884
real,MSR-VTT,video6560.mp4,0.5700788792088534
real,MSR-VTT,video6561.mp4,0.31893101012479397
real,MSR-VTT,video6562.mp4,0.19237108547209797
real,MSR-VTT,video6563.mp4,0.40683129267718393
real,MSR-VTT,video6564.mp4,0.22586531669413704
real,MSR-VTT,video6565.mp4,0.08319107605368495
real,MSR-VTT,video6566.mp4,0.3742494702142689
real,MSR-VTT,video6567.mp4,0.45882387567694843
real,MSR-VTT,video6568.mp4,0.3535878267012008
real,MSR-VTT,video6569.mp4,0.10819401930774665
real,MSR-VTT,video657.mp4,0.5195726395102425
real,MSR-VTT,video6570.mp4,0.12586825994819872
real,MSR-VTT,video6571.mp4,0.5580409700965387
real,MSR-VTT,video6572.mp4,0.010007063809748057
real,MSR-VTT,video6573.mp4,0.06305921827172122
real,MSR-VTT,video6574.mp4,0.27671003060984223
real,MSR-VTT,video6576.mp4,0.19983223451848364
real,MSR-VTT,video6577.mp4,0.16610254297150928
real,MSR-VTT,video6578.mp4,0.2044825759359548
real,MSR-VTT,video6579.mp4,0.16223216388038614
real,MSR-VTT,video658.mp4,0.4409583235224865
real,MSR-VTT,video6580.mp4,0.02853484812809042
real,MSR-VTT,video6581.mp4,0.7304567930303744
real,MSR-VTT,video6582.mp4,0.32275724040499176
real,MSR-VTT,video6583.mp4,0.4291264421944902
real,MSR-VTT,video6584.mp4,0.048990463856840125
real,MSR-VTT,video6585.mp4,0.7489698610784083
real,MSR-VTT,video6586.mp4,0.19878737932658347
real,MSR-VTT,video6587.mp4,0.5448846244407817
real,MSR-VTT,video6588.mp4,0.219301860136567
real,MSR-VTT,video6589.mp4,0.008638450671061927
real,MSR-VTT,video659.mp4,0.057570049446668235
real,MSR-VTT,video6590.mp4,0.18833882740758184
real,MSR-VTT,video6591.mp4,0.395205439133506
real,MSR-VTT,video6592.mp4,0.2569166470449729
real,MSR-VTT,video6593.mp4,0.1294884624440782
real,MSR-VTT,video6594.mp4,0.3073493053920414
real,MSR-VTT,video6595.mp4,0.03604014598540146
real,MSR-VTT,video6596.mp4,0.08962208617847892
real,MSR-VTT,video6597.mp4,0.822698375323758
real,MSR-VTT,video6598.mp4,0.6667794914056981
real,MSR-VTT,video6599.mp4,0.1575229573816812
real,MSR-VTT,video66.mp4,0.18810336708264658
real,MSR-VTT,video660.mp4,0.08926889569107604
real,MSR-VTT,video6600.mp4,0.1506210266070167
real,MSR-VTT,video6601.mp4,0.08024782199199434
real,MSR-VTT,video6602.mp4,0.6114315987756063
real,MSR-VTT,video6603.mp4,0.1997880857075583
real,MSR-VTT,video6604.mp4,0.03927772545326113
real,MSR-VTT,video6605.mp4,0.08425064751589358
real,MSR-VTT,video6606.mp4,0.3436396279726866
real,MSR-VTT,video6607.mp4,0.6829085236637626
real,MSR-VTT,video6608.mp4,0.4331439839886979
real,MSR-VTT,video6609.mp4,0.20645455615728747
real,MSR-VTT,video661.mp4,0.44547621850718155
real,MSR-VTT,video6610.mp4,0.17983282316929597
real,MSR-VTT,video6611.mp4,0.29775429715093005
real,MSR-VTT,video6612.mp4,0.02899105250765246
real,MSR-VTT,video6613.mp4,0.1576406875441488
real,MSR-VTT,video6614.mp4,0.19416647044972923
real,MSR-VTT,video6615.mp4,0.738403578996939
real,MSR-VTT,video6616.mp4,0.19766894278314104
real,MSR-VTT,video6617.mp4,0.4293324699788086
real,MSR-VTT,video6618.mp4,0.0912261596421003
real,MSR-VTT,video6619.mp4,0.6414969390157759
real,MSR-VTT,video662.mp4,0.022221568165764066
real,MSR-VTT,video6620.mp4,0.05755533317635979
real,MSR-VTT,video6621.mp4,0.7243053920414411
real,MSR-VTT,video6622.mp4,0.03281728278785025
real,MSR-VTT,video6623.mp4,0.4711708264657405
real,MSR-VTT,video6624.mp4,0.05774664469036967
real,MSR-VTT,video6625.mp4,0.37018777960913585
real,MSR-VTT,video6626.mp4,0.07884977631269131
real,MSR-VTT,video6627.mp4,0.1546385684012244
real,MSR-VTT,video6628.mp4,0.17287202731339768
real,MSR-VTT,video6629.mp4,0.45686661172592413
real,MSR-VTT,video663.mp4,0.014554391335060042
real,MSR-VTT,video6630.mp4,0.56925476807158
real,MSR-VTT,video6631.mp4,0.6667794914056981
real,MSR-VTT,video6632.mp4,0.25585707558276427
real,MSR-VTT,video6633.mp4,0.23117789027548857
real,MSR-VTT,video6634.mp4,0.29825465034141746
real,MSR-VTT,video6635.mp4,0.08794443136331528
real,MSR-VTT,video6636.mp4,0.38048916882505296
real,MSR-VTT,video6637.mp4,0.16797150930068283
real,MSR-VTT,video6638.mp4,0.7875853543677891
real,MSR-VTT,video6639.mp4,0.14697139157052036
real,MSR-VTT,video664.mp4,0.010831174947021427
real,MSR-VTT,video6640.mp4,0.03711443371791853
real,MSR-VTT,video6641.mp4,0.037438191664704495
real,MSR-VTT,video6642.mp4,0.3083352955027078
real,MSR-VTT,video6643.mp4,0.0953319990581587
real,MSR-VTT,video6644.mp4,0.17880268424770426
real,MSR-VTT,video6645.mp4,0.32999764539675064
real,MSR-VTT,video6646.mp4,0.07421415116552861
real,MSR-VTT,video6647.mp4,0.015040028255238992
real,MSR-VTT,video6648.mp4,0.15634565575700496
real,MSR-VTT,video6649.mp4,0.3664792794914057
real,MSR-VTT,video665.mp4,0.5063868613138687
real,MSR-VTT,video6650.mp4,0.09790734636213798
real,MSR-VTT,video6651.mp4,0.08492759595008241
real,MSR-VTT,video6652.mp4,0.2475570991287968
real,MSR-VTT,video6653.mp4,0.3294825759359548
real,MSR-VTT,video6654.mp4,0.18982517070873556
real,MSR-VTT,video6655.mp4,0.38159288909818695
real,MSR-VTT,video6656.mp4,0.23543089239463152
real,MSR-VTT,video6657.mp4,0.044134094655050624
real,MSR-VTT,video6658.mp4,0.1504738639039322
real,MSR-VTT,video6659.mp4,0.04641511655286085
real,MSR-VTT,video666.mp4,0.14324817518248176
real,MSR-VTT,video6660.mp4,0.03792382858488345
real,MSR-VTT,video6661.mp4,0.5766570520367318
real,MSR-VTT,video6662.mp4,0.10014421944902284
real,MSR-VTT,video6663.mp4,0.01712973863903932
real,MSR-VTT,video6664.mp4,0.13594890510948904
real,MSR-VTT,video6665.mp4,0.3881710619260655
real,MSR-VTT,video6666.mp4,0.13019484341888393
real,MSR-VTT,video6667.mp4,0.3074817518248175
real,MSR-VTT,video6668.mp4,0.5115228396515188
real,MSR-VTT,video6669.mp4,0.3831675300211914
real,MSR-VTT,video667.mp4,0.15357899693901578
real,MSR-VTT,video6670.mp4,0.12731045443842712
real,MSR-VTT,video6671.mp4,0.2824493760301389
real,MSR-VTT,video6672.mp4,0.7406404520838239
real,MSR-VTT,video6673.mp4,0.22708676712973863
real,MSR-VTT,video6674.mp4,0.29488462444078173
real,MSR-VTT,video6675.mp4,0.4330556863668472
real,MSR-VTT,video6676.mp4,0.23968389451377442
real,MSR-VTT,video6677.mp4,0.09820167176830705
real,MSR-VTT,video6678.mp4,0.031404520838238754
real,MSR-VTT,video6679.mp4,0.01158170473275253
real,MSR-VTT,video668.mp4,0.09380150694607958
real,MSR-VTT,video6680.mp4,0.020308453025665175
real,MSR-VTT,video6681.mp4,0.012185071815399105
real,MSR-VTT,video6682.mp4,0.014907581822462917
real,MSR-VTT,video6683.mp4,0.3310572168589593
real,MSR-VTT,video6684.mp4,0.3595773487167412
real,MSR-VTT,video6685.mp4,0.08258770897103837
real,MSR-VTT,video6686.mp4,0.12645691076053686
real,MSR-VTT,video6687.mp4,0.09156463385919472
real,MSR-VTT,video6688.mp4,0.11951083117494703
real,MSR-VTT,video6689.mp4,0.011993760301389215
real,MSR-VTT,video669.mp4,0.24011066635271955
real,MSR-VTT,video6690.mp4,0.10316105486225571
real,MSR-VTT,video6691.mp4,0.2787997409936426
real,MSR-VTT,video6692.mp4,0.2278520131857782
real,MSR-VTT,video6693.mp4,0.5929479632681893
real,MSR-VTT,video6694.mp4,0.4069931716505769
real,MSR-VTT,video6695.mp4,0.1974629149988227
real,MSR-VTT,video6696.mp4,0.6521368024487874
real,MSR-VTT,video6697.mp4,0.12881151400988933
real,MSR-VTT,video6698.mp4,0.12469095832352249
real,MSR-VTT,video6699.mp4,0.3490110666352719
real,MSR-VTT,video67.mp4,0.14964975276665882
real,MSR-VTT,video670.mp4,0.081925476807158
real,MSR-VTT,video6700.mp4,0.09219743348245821
real,MSR-VTT,video6701.mp4,0.2736343301153755
real,MSR-VTT,video6702.mp4,0.10336708264657404
real,MSR-VTT,video6703.mp4,0.12422003767365199
real,MSR-VTT,video6704.mp4,0.4850482693666117
real,MSR-VTT,video6705.mp4,0.21136979044031082
real,MSR-VTT,video6706.mp4,0.3641099599717448
real,MSR-VTT,video6707.mp4,0.012405815870025901
real,MSR-VTT,video6708.mp4,0.44900812338121027
real,MSR-VTT,video6709.mp4,0.7287055568636684
real,MSR-VTT,video671.mp4,0.33754709206498706
real,MSR-VTT,video6710.mp4,0.15593360018836827
real,MSR-VTT,video6711.mp4,0.42200376736519896
real,MSR-VTT,video6712.mp4,0.2983135154226513
real,MSR-VTT,video6713.mp4,0.42028196373911
real,MSR-VTT,video6714.mp4,0.06525194254768071
real,MSR-VTT,video6715.mp4,0.4710678125735814
real,MSR-VTT,video6716.mp4,0.05720214268895691
real,MSR-VTT,video6717.mp4,0.16223216388038614
real,MSR-VTT,video6718.mp4,0.12339592653637861
real,MSR-VTT,video6719.mp4,0.17059100541558747
real,MSR-VTT,video672.mp4,0.40051801271485754
real,MSR-VTT,video6720.mp4,0.32834942312220394
real,MSR-VTT,video6721.mp4,0.21722686602307512
real,MSR-VTT,video6722.mp4,0.05184542029668001
real,MSR-VTT,video6723.mp4,0.030624558511890748
real,MSR-VTT,video6724.mp4,0.028829173534259477
real,MSR-VTT,video6725.mp4,0.3535731104308924
real,MSR-VTT,video6726.mp4,0.04170591005415587
real,MSR-VTT,video6727.mp4,0.31431010124793973
real,MSR-VTT,video6728.mp4,0.11449258299976454
real,MSR-VTT,video6729.mp4,0.007814339533788557
real,MSR-VTT,video673.mp4,0.0469301860136567
real,MSR-VTT,video6730.mp4,0.051418648457734875
real,MSR-VTT,video6731.mp4,0.21559336001883683
real,MSR-VTT,video6732.mp4,0.20408523663762657
real,MSR-VTT,video6733.mp4,0.11556687073228161
real,MSR-VTT,video6734.mp4,0.23033906286790673
real,MSR-VTT,video6735.mp4,0.2923239934071109
real,MSR-VTT,video6736.mp4,0.025370850011773013
real,MSR-VTT,video6737.mp4,0.15800859430186015
real,MSR-VTT,video6738.mp4,0.02996232634801036
real,MSR-VTT,video6739.mp4,0.3426683541323287
real,MSR-VTT,video674.mp4,0.6348893336472805
real,MSR-VTT,video6740.mp4,0.15637508829762184
real,MSR-VTT,video6741.mp4,0.08261714151165528
real,MSR-VTT,video6742.mp4,0.025311984930539204
real,MSR-VTT,video6743.mp4,0.1578319990581587
real,MSR-VTT,video6744.mp4,0.12932658347068518
real,MSR-VTT,video6745.mp4,0.4502884388980457
real,MSR-VTT,video6746.mp4,0.13761184365434426
real,MSR-VTT,video6747.mp4,0.0022221568165764066
real,MSR-VTT,video6748.mp4,0.4455203673181069
real,MSR-VTT,video6749.mp4,0.35076230280197784
real,MSR-VTT,video675.mp4,0.19672710148340006
real,MSR-VTT,video6750.mp4,0.23388568401224394
real,MSR-VTT,video6751.mp4,0.04491405698139864
real,MSR-VTT,video6752.mp4,0.23360607487638335
real,MSR-VTT,video6753.mp4,0.009698022133270544
real,MSR-VTT,video6754.mp4,0.1138450671061926
real,MSR-VTT,video6755.mp4,0.20099481987285142
real,MSR-VTT,video6756.mp4,0.151474570284907
real,MSR-VTT,video6757.mp4,0.5295797033199906
real,MSR-VTT,video6758.mp4,0.6494878737932659
real,MSR-VTT,video6759.mp4,0.5426771838945137
real,MSR-VTT,video676.mp4,0.31235283729691543
real,MSR-VTT,video6760.mp4,0.03102189781021898
real,MSR-VTT,video6761.mp4,0.22015540381445725
real,MSR-VTT,video6762.mp4,0.3462444078172828
real,MSR-VTT,video6763.mp4,0.3438603720273134
real,MSR-VTT,video6764.mp4,0.022354014598540146
real,MSR-VTT,video6765.mp4,0.3224629149988227
real,MSR-VTT,video6766.mp4,0.9210913586060749
real,MSR-VTT,video6767.mp4,0.43343830939486694
real,MSR-VTT,video6768.mp4,0.26624676242053213
real,MSR-VTT,video6769.mp4,0.8205056510477984
real,MSR-VTT,video677.mp4,0.17303390628679066
real,MSR-VTT,video6770.mp4,0.061749470214268895
real,MSR-VTT,video6771.mp4,0.7617141511655287
real,MSR-VTT,video6772.mp4,0.046120791146691785
real,MSR-VTT,video6773.mp4,0.862594184129974
real,MSR-VTT,video6774.mp4,0.4010477984459619
real,MSR-VTT,video6775.mp4,0.07915881798916882
real,MSR-VTT,video6776.mp4,0.0843978102189781
real,MSR-VTT,video6777.mp4,0.3203584883447139
real,MSR-VTT,video6778.mp4,0.006622321638803861
real,MSR-VTT,video6779.mp4,0.3997086178478926
real,MSR-VTT,video678.mp4,0.018410054155874735
real,MSR-VTT,video6780.mp4,0.18986931951966093
real,MSR-VTT,video6781.mp4,0.0038115140098893335
real,MSR-VTT,video6782.mp4,0.08639922298092771
real,MSR-VTT,video6783.mp4,0.012140923004473746
real,MSR-VTT,video6784.mp4,0.32746644690369675
real,MSR-VTT,video6785.mp4,0.31414822227454675
real,MSR-VTT,video6786.mp4,0.5242965622792559
real,MSR-VTT,video6787.mp4,0.4318783847421709
real,MSR-VTT,video6788.mp4,0.49540852366376265
real,MSR-VTT,video6789.mp4,0.016438073934542028
real,MSR-VTT,video679.mp4,0.30421473981634095
real,MSR-VTT,video6790.mp4,0.2834795149517307
real,MSR-VTT,video6791.mp4,0.4115257829055804
real,MSR-VTT,video6792.mp4,0.11496350364963503
real,MSR-VTT,video6793.mp4,0.6336973157522957
real,MSR-VTT,video6794.mp4,0.7288232870261361
real,MSR-VTT,video6795.mp4,0.2784759830468566
real,MSR-VTT,video6796.mp4,0.19309218271721212
real,MSR-VTT,video6797.mp4,0.26883682599481984
real,MSR-VTT,video6798.mp4,0.10841476336237345
real,MSR-VTT,video6799.mp4,0.3634330115375559
real,MSR-VTT,video68.mp4,0.10872380503885096
real,MSR-VTT,video680.mp4,0.2870555686366847
real,MSR-VTT,video6800.mp4,0.01426006592889098
real,MSR-VTT,video6801.mp4,0.09399281846008947
real,MSR-VTT,video6802.mp4,0.4425476807157994
real,MSR-VTT,video6803.mp4,0.1719007534730398
real,MSR-VTT,video6804.mp4,0.01805686366847186
real,MSR-VTT,video6805.mp4,0.6525194254768072
real,MSR-VTT,video6806.mp4,0.03946903696727101
real,MSR-VTT,video6807.mp4,0.16283553096303272
real,MSR-VTT,video6808.mp4,0.4318342359312456
real,MSR-VTT,video6809.mp4,0.18804450200141276
real,MSR-VTT,video681.mp4,0.4012832587708971
real,MSR-VTT,video6810.mp4,0.47977984459618556
real,MSR-VTT,video6811.mp4,0.36106369201789495
real,MSR-VTT,video6812.mp4,0.022677772545326113
real,MSR-VTT,video6813.mp4,0.16548445961855426
real,MSR-VTT,video6814.mp4,0.45527725453261125
real,MSR-VTT,video6815.mp4,0.033700259006357425
real,MSR-VTT,video6816.mp4,0.3574287732517071
real,MSR-VTT,video6817.mp4,0.06145514480809983
real,MSR-VTT,video6818.mp4,0.30459736284436073
real,MSR-VTT,video6819.mp4,0.04158817989168825
real,MSR-VTT,video682.mp4,0.2205821756534024
real,MSR-VTT,video6820.mp4,0.724172945608665
real,MSR-VTT,video6821.mp4,0.08177831410407346
real,MSR-VTT,video6822.mp4,0.1825553331763598
real,MSR-VTT,video6823.mp4,0.17216564633859194
real,MSR-VTT,video6824.mp4,0.1216152578290558
real,MSR-VTT,video6825.mp4,0.16466034848128092
real,MSR-VTT,video6826.mp4,0.2840828820343772
real,MSR-VTT,video6827.mp4,0.05652519425476807
real,MSR-VTT,video6828.mp4,0.09222686602307512
real,MSR-VTT,video6829.mp4,0.39726571697668944
real,MSR-VTT,video683.mp4,0.06208794443136332
real,MSR-VTT,video6830.mp4,0.47713091594066404
real,MSR-VTT,video6831.mp4,0.18888332940899458
real,MSR-VTT,video6832.mp4,0.41367435837061456
real,MSR-VTT,video6833.mp4,0.6639834000470921
real,MSR-VTT,video6834.mp4,0.2942371085472098
real,MSR-VTT,video6835.mp4,0.04874028726159642
real,MSR-VTT,video6836.mp4,0.2546209088768543
real,MSR-VTT,video6837.mp4,0.02353131622321639
real,MSR-VTT,video6838.mp4,0.3138097480574523
real,MSR-VTT,video6839.mp4,0.005386154932893807
real,MSR-VTT,video684.mp4,0.6926801271485754
real,MSR-VTT,video6840.mp4,0.1882210972451142
real,MSR-VTT,video6841.mp4,0.13792088533082175
real,MSR-VTT,video6842.mp4,0.2108105721685896
real,MSR-VTT,video6843.mp4,0.07714268895691076
real,MSR-VTT,video6844.mp4,0.37492641864845777
real,MSR-VTT,video6845.mp4,0.9753060984224158
real,MSR-VTT,video6846.mp4,0.5017953849776312
real,MSR-VTT,video6847.mp4,0.006813633152813751
real,MSR-VTT,video6848.mp4,0.08269072286319755
real,MSR-VTT,video6849.mp4,0.028755592182717213
real,MSR-VTT,video685.mp4,0.11097539439604427
real,MSR-VTT,video6850.mp4,0.4899046385684013
real,MSR-VTT,video6851.mp4,0.04478161054862256
real,MSR-VTT,video6852.mp4,0.18535142453496586
real,MSR-VTT,video6853.mp4,0.04301565811160819
real,MSR-VTT,video6854.mp4,0.16511655286084295
real,MSR-VTT,video6855.mp4,0.1595243701436308
real,MSR-VTT,video6856.mp4,0.012773722627737228
real,MSR-VTT,video6857.mp4,0.32673063338827407
real,MSR-VTT,video6858.mp4,0.025208971038380032
real,MSR-VTT,video6859.mp4,0.2502796091358606
real,MSR-VTT,video686.mp4,0.08676712973863904
real,MSR-VTT,video6860.mp4,0.4051830704026371
real,MSR-VTT,video6861.mp4,0.28559865787614785
real,MSR-VTT,video6862.mp4,0.30577466446903695
real,MSR-VTT,video6863.mp4,0.05213974570284907
real,MSR-VTT,video6864.mp4,0.10369084059336002
real,MSR-VTT,video6865.mp4,0.12673651989639745
real,MSR-VTT,video6866.mp4,0.5046503414174712
real,MSR-VTT,video6867.mp4,0.10011478690840593
real,MSR-VTT,video6868.mp4,0.06138156345655757
real,MSR-VTT,video6869.mp4,0.057790793501295026
real,MSR-VTT,video687.mp4,0.3547651283258771
real,MSR-VTT,video6870.mp4,0.650532728985166
real,MSR-VTT,video6871.mp4,0.006916647044972922
real,MSR-VTT,video6872.mp4,0.04578231692959736
real,MSR-VTT,video6873.mp4,0.07472922062632446
real,MSR-VTT,video6874.mp4,0.04785731104308924
real,MSR-VTT,video6875.mp4,0.3001824817518248
real,MSR-VTT,video6876.mp4,0.33563397692488817
real,MSR-VTT,video6877.mp4,0.079261831881328
real,MSR-VTT,video6878.mp4,0.03518660230751118
real,MSR-VTT,video6879.mp4,0.007740758182246291
real,MSR-VTT,video688.mp4,0.2086767129738639
real,MSR-VTT,video6880.mp4,0.24679185307275725
real,MSR-VTT,video6881.mp4,0.06768012714857546
real,MSR-VTT,video6882.mp4,0.5171297386390393
real,MSR-VTT,video6883.mp4,0.04459029903461267
real,MSR-VTT,video6884.mp4,0.11369790440310808
real,MSR-VTT,video6885.mp4,0.12120320226041911
real,MSR-VTT,video6886.mp4,0.11706793030374381
real,MSR-VTT,video6887.mp4,0.1280168354132329
real,MSR-VTT,video6888.mp4,0.19828702613609606
real,MSR-VTT,video6889.mp4,0.7273810925359077
real,MSR-VTT,video689.mp4,0.048916882505297854
real,MSR-VTT,video6890.mp4,0.3117641864845774
real,MSR-VTT,video6891.mp4,0.498896279726866
real,MSR-VTT,video6892.mp4,0.09593536614080528
real,MSR-VTT,video6893.mp4,0.28890981869554977
real,MSR-VTT,video6894.mp4,0.025856486931951965
real,MSR-VTT,video6895.mp4,0.2507358135154226
real,MSR-VTT,video6896.mp4,0.16523428302331056
real,MSR-VTT,video6897.mp4,0.15609547916176125
real,MSR-VTT,video6898.mp4,0.0010742877325170708
real,MSR-VTT,video6899.mp4,0.058202849069931714
real,MSR-VTT,video69.mp4,0.31731222039086415
real,MSR-VTT,video690.mp4,0.1286349187661879
real,MSR-VTT,video6900.mp4,0.060189545561572876
real,MSR-VTT,video6901.mp4,0.7205085943018601
real,MSR-VTT,video6902.mp4,0.64364551448081
real,MSR-VTT,video6903.mp4,0.49870496821285615
real,MSR-VTT,video6904.mp4,0.016026018365905344
real,MSR-VTT,video6905.mp4,0.2328408288203438
real,MSR-VTT,video6906.mp4,0.24593830939486697
real,MSR-VTT,video6907.mp4,0.11956969625618083
real,MSR-VTT,video6908.mp4,0.1740640452083824
real,MSR-VTT,video6909.mp4,0.2827584177066164
real,MSR-VTT,video691.mp4,0.2916617612432305
real,MSR-VTT,video6910.mp4,0.012405815870025901
real,MSR-VTT,video6911.mp4,0.37348422415822935
real,MSR-VTT,video6912.mp4,0.0729632681893101
real,MSR-VTT,video6913.mp4,0.11048975747586531
real,MSR-VTT,video6914.mp4,0.07701024252413469
real,MSR-VTT,video6915.mp4,0.1442047327525312
real,MSR-VTT,video6916.mp4,0.4193695549799859
real,MSR-VTT,video6917.mp4,0.6917677183894514
real,MSR-VTT,video6918.mp4,0.09110842947963269
real,MSR-VTT,video6919.mp4,0.25925653402401694
real,MSR-VTT,video692.mp4,0.4120408523663763
real,MSR-VTT,video6920.mp4,0.2818312926771839
real,MSR-VTT,video6921.mp4,0.11777431127854956
real,MSR-VTT,video6922.mp4,0.24231810689898753
real,MSR-VTT,video6923.mp4,0.20761714151165528
real,MSR-VTT,video6924.mp4,0.1529756298563692
real,MSR-VTT,video6925.mp4,0.5259006357428774
real,MSR-VTT,video6926.mp4,0.4465505062396986
real,MSR-VTT,video6927.mp4,0.13444784553802683
real,MSR-VTT,video6928.mp4,0.11371262067341653
real,MSR-VTT,video6929.mp4,0.24214151165528608
real,MSR-VTT,video693.mp4,0.23510713444784553
real,MSR-VTT,video6930.mp4,0.0699905815870026
real,MSR-VTT,video6931.mp4,0.11221156110195432
real,MSR-VTT,video6932.mp4,0.3354868142218036
real,MSR-VTT,video6933.mp4,0.8493201083117494
real,MSR-VTT,video6934.mp4,0.05793795620437956
real,MSR-VTT,video6935.mp4,0.16198198728514246
real,MSR-VTT,video6936.mp4,0.5076230280197787
real,MSR-VTT,video6937.mp4,0.16058394160583941
real,MSR-VTT,video6938.mp4,0.008167530021191428
real,MSR-VTT,video6939.mp4,0.20948610784082883
real,MSR-VTT,video694.mp4,0.02504709206498705
real,MSR-VTT,video6940.mp4,0.32539145279020487
real,MSR-VTT,video6941.mp4,0.27610666352719565
real,MSR-VTT,video6942.mp4,0.04280963032728985
real,MSR-VTT,video6943.mp4,0.5132887920885332
real,MSR-VTT,video6944.mp4,0.06999058158700258
real,MSR-VTT,video6945.mp4,0.11752413468330586
real,MSR-VTT,video6946.mp4,0.8412408759124088
real,MSR-VTT,video6947.mp4,0.5943165764068754
real,MSR-VTT,video6948.mp4,0.024208264657405228
real,MSR-VTT,video6949.mp4,0.16595538026842477
real,MSR-VTT,video695.mp4,0.3311896632917354
real,MSR-VTT,video6950.mp4,0.6231163174005181
real,MSR-VTT,video6951.mp4,0.10307275724040499
real,MSR-VTT,video6952.mp4,0.14597068518954556
real,MSR-VTT,video6953.mp4,0.03040381445726395
real,MSR-VTT,video6954.mp4,0.2606840122439369
real,MSR-VTT,video6955.mp4,0.03521603484812809
real,MSR-VTT,video6956.mp4,0.1084883447139157
real,MSR-VTT,video6957.mp4,0.6091064280668708
real,MSR-VTT,video6958.mp4,0.028623145749941133
real,MSR-VTT,video6959.mp4,0.5847657169766894
real,MSR-VTT,video696.mp4,0.014524958794443136
real,MSR-VTT,video6960.mp4,0.02734283023310572
real,MSR-VTT,video6961.mp4,0.2924711561101954
real,MSR-VTT,video6962.mp4,0.20969213562514716
real,MSR-VTT,video6963.mp4,0.32358135154226514
real,MSR-VTT,video6964.mp4,0.3126471627030845
real,MSR-VTT,video6965.mp4,0.10158641393925123
real,MSR-VTT,video6966.mp4,0.5339945844125265
real,MSR-VTT,video6967.mp4,0.6525635742877325
real,MSR-VTT,video6968.mp4,0.8335001177301624
real,MSR-VTT,video6969.mp4,0.3301300918295267
real,MSR-VTT,video697.mp4,0.025032375794678596
real,MSR-VTT,video6970.mp4,0.18779432540616908
real,MSR-VTT,video6971.mp4,0.010522133270543913
real,MSR-VTT,video6972.mp4,0.11680303743819166
real,MSR-VTT,video6973.mp4,0.3314987049682129
real,MSR-VTT,video6974.mp4,0.36583176359783376
real,MSR-VTT,video6975.mp4,0.6312985636920179
real,MSR-VTT,video6976.mp4,0.5456498704968212
real,MSR-VTT,video6977.mp4,0.021750647515893572
real,MSR-VTT,video6978.mp4,0.11459559689192371
real,MSR-VTT,video6979.mp4,0.40465328467153283
real,MSR-VTT,video698.mp4,0.06323581351542265
real,MSR-VTT,video6980.mp4,0.011699434895220157
real,MSR-VTT,video6981.mp4,0.011199081704732753
real,MSR-VTT,video6982.mp4,0.11313868613138686
real,MSR-VTT,video6983.mp4,0.42009065222510006
real,MSR-VTT,video6984.mp4,0.02100011773016247
real,MSR-VTT,video6985.mp4,0.12064398398869791
real,MSR-VTT,video6986.mp4,0.11931951966093714
real,MSR-VTT,video6987.mp4,0.08897457028490699
real,MSR-VTT,video6988.mp4,0.12798740287261598
real,MSR-VTT,video6989.mp4,0.3716888391805981
real,MSR-VTT,video699.mp4,0.5338915705203673
real,MSR-VTT,video6990.mp4,0.3132210972451142
real,MSR-VTT,video6991.mp4,0.21999352484106427
real,MSR-VTT,video6992.mp4,0.2729868142218036
real,MSR-VTT,video6993.mp4,0.0649429008712032
real,MSR-VTT,video6994.mp4,0.34700965387332233
real,MSR-VTT,video6995.mp4,0.018395337885566285
real,MSR-VTT,video6996.mp4,0.7419649164115847
real,MSR-VTT,video6997.mp4,0.7743848599011067
real,MSR-VTT,video6998.mp4,0.7587856133741464
real,MSR-VTT,video6999.mp4,0.17900871203202262
real,MSR-VTT,video7.mp4,0.0615287261596421
real,MSR-VTT,video70.mp4,0.1371556392747822
real,MSR-VTT,video700.mp4,0.10280786437485284
real,MSR-VTT,video7000.mp4,0.30958617847892633
real,MSR-VTT,video7001.mp4,0.39529373675535673
real,MSR-VTT,video7002.mp4,0.5341270308453026
real,MSR-VTT,video7003.mp4,0.41956086649399577
real,MSR-VTT,video7004.mp4,0.27548858017424066
real,MSR-VTT,video7005.mp4,0.09466976689427832
real,MSR-VTT,video7006.mp4,0.21571109018130447
real,MSR-VTT,video7007.mp4,0.13899517306333883
real,MSR-VTT,video7008.mp4,0.02743112785495644
real,MSR-VTT,video7009.mp4,0.4159553802684247
real,MSR-VTT,video701.mp4,0.04619437249823405
real,MSR-VTT,video7010.mp4,0.007843772074405463
real,MSR-VTT,video7011.mp4,0.04453143395337886
real,MSR-VTT,video7012.mp4,0.21690310807628915
real,MSR-VTT,video7013.mp4,0.21538733223451847
real,MSR-VTT,video7014.mp4,0.19266541087826702
real,MSR-VTT,video7015.mp4,0.4300388509536143
real,MSR-VTT,video7016.mp4,0.6575965387332234
real,MSR-VTT,video7017.mp4,0.08429479632681892
real,MSR-VTT,video7018.mp4,0.3062455851189074
real,MSR-VTT,video7019.mp4,0.1352425241346833
real,MSR-VTT,video702.mp4,0.03634918766187897
real,MSR-VTT,video7020.mp4,0.35656051330350835
real,MSR-VTT,video7021.mp4,0.058335295502707794
real,MSR-VTT,video7022.mp4,0.20823522486461032
real,MSR-VTT,video7023.mp4,0.3755739345420297
real,MSR-VTT,video7024.mp4,0.11415410878267011
real,MSR-VTT,video7025.mp4,0.013465387332234518
real,MSR-VTT,video7026.mp4,0.07434659759830468
real,MSR-VTT,video7027.mp4,0.04195608664939958
real,MSR-VTT,video7028.mp4,0.17931775370850012
real,MSR-VTT,video7029.mp4,0.013789145279020486
real,MSR-VTT,video703.mp4,0.503443607252178
real,MSR-VTT,video7030.mp4,0.8902460560395573
real,MSR-VTT,video7031.mp4,0.49649752766658817
real,MSR-VTT,video7032.mp4,0.32422886743583706
real,MSR-VTT,video7033.mp4,0.8638892159171179
real,MSR-VTT,video7034.mp4,0.15048858017424063
real,MSR-VTT,video7035.mp4,0.02294266541087827
real,MSR-VTT,video7036.mp4,0.014466093713209324
real,MSR-VTT,video7037.mp4,0.5717123852130916
real,MSR-VTT,video7038.mp4,0.33394160583941607
real,MSR-VTT,video7039.mp4,0.49590887685425006
real,MSR-VTT,video704.mp4,0.10274899929361903
real,MSR-VTT,video7040.mp4,0.3967359312455851
real,MSR-VTT,video7041.mp4,0.633770897103838
real,MSR-VTT,video7042.mp4,0.015246056039557334
real,MSR-VTT,video7043.mp4,0.023060395573345892
real,MSR-VTT,video7044.mp4,0.12623616670591006
real,MSR-VTT,video7045.mp4,0.5593801506946079
real,MSR-VTT,video7046.mp4,0.09378679067577113
real,MSR-VTT,video7047.mp4,0.5440899458441253
real,MSR-VTT,video7048.mp4,0.09786319755121262
real,MSR-VTT,video7049.mp4,0.17360784082882033
real,MSR-VTT,video705.mp4,0.4862550035319049
real,MSR-VTT,video7050.mp4,0.3091888391805981
real,MSR-VTT,video7051.mp4,0.04077878502472333
real,MSR-VTT,video7052.mp4,0.4103043324699788
real,MSR-VTT,video7053.mp4,0.08500117730162468
real,MSR-VTT,video7054.mp4,0.2051742406404521
real,MSR-VTT,video7055.mp4,0.24677713680244878
real,MSR-VTT,video7056.mp4,0.5355250765246056
real,MSR-VTT,video7057.mp4,0.4790293148104544
real,MSR-VTT,video7058.mp4,0.11756828349423122
real,MSR-VTT,video7059.mp4,0.06937249823404756
real,MSR-VTT,video706.mp4,0.058246997880857077
real,MSR-VTT,video7060.mp4,0.4265658111608194
real,MSR-VTT,video7061.mp4,0.16599952907935012
real,MSR-VTT,video7062.mp4,0.2794472568872145
real,MSR-VTT,video7063.mp4,0.8005062396986108
real,MSR-VTT,video7064.mp4,0.20979514951730632
real,MSR-VTT,video7065.mp4,0.21203202260419118
real,MSR-VTT,video7066.mp4,0.07213915705203673
real,MSR-VTT,video7067.mp4,0.46370967741935487
real,MSR-VTT,video7068.mp4,0.1257505297857311
real,MSR-VTT,video7069.mp4,0.35102719566753005
real,MSR-VTT,video707.mp4,0.8318224629149988
real,MSR-VTT,video7070.mp4,0.6048387096774194
real,MSR-VTT,video7071.mp4,0.048931598775606315
real,MSR-VTT,video7072.mp4,0.44556451612903225
real,MSR-VTT,video7073.mp4,0.06007181539910525
real,MSR-VTT,video7074.mp4,0.48640216623498944
real,MSR-VTT,video7075.mp4,0.183894513774429
real,MSR-VTT,video7076.mp4,0.9207381681186719
real,MSR-VTT,video7077.mp4,0.3864786908405934
real,MSR-VTT,video7078.mp4,0.5770249587944432
real,MSR-VTT,video7079.mp4,0.19616788321167883
real,MSR-VTT,video708.mp4,0.5189987049682129
real,MSR-VTT,video7080.mp4,0.6278402401695314
real,MSR-VTT,video7081.mp4,0.011449258299976454
real,MSR-VTT,video7082.mp4,0.3786496350364964
real,MSR-VTT,video7083.mp4,0.4719507887920885
real,MSR-VTT,video7084.mp4,0.37626559924652697
real,MSR-VTT,video7085.mp4,0.09318342359312455
real,MSR-VTT,video7086.mp4,0.2407581822462915
real,MSR-VTT,video7087.mp4,0.005548033906286791
real,MSR-VTT,video7088.mp4,0.17013480103602543
real,MSR-VTT,video7089.mp4,0.09524370143630798
real,MSR-VTT,video709.mp4,0.11416882505297857
real,MSR-VTT,video7090.mp4,0.44775724040499176
real,MSR-VTT,video7091.mp4,0.058246997880857077
real,MSR-VTT,video7092.mp4,0.32409642100306096
real,MSR-VTT,video7093.mp4,0.03815928890981869
real,MSR-VTT,video7094.mp4,0.11599364257122674
real,MSR-VTT,video7095.mp4,0.6633064516129032
real,MSR-VTT,video7096.mp4,0.0673563692017895
real,MSR-VTT,video7097.mp4,0.1305186013656699
real,MSR-VTT,video7098.mp4,0.2119731575229574
real,MSR-VTT,video7099.mp4,0.09294796326818931
real,MSR-VTT,video71.mp4,0.04676830704026372
real,MSR-VTT,video7100.mp4,0.06327996232634801
real,MSR-VTT,video7101.mp4,0.02391393925123617
real,MSR-VTT,video7102.mp4,0.7332676006592889
real,MSR-VTT,video7103.mp4,0.01080174240640452
real,MSR-VTT,video7104.mp4,0.3916293854485519
real,MSR-VTT,video7105.mp4,0.3742641864845774
real,MSR-VTT,video7106.mp4,0.07409642100306098
real,MSR-VTT,video7107.mp4,0.48419472568872146
real,MSR-VTT,video7108.mp4,0.41883976924888155
real,MSR-VTT,video7109.mp4,0.08882740758182245
real,MSR-VTT,video711.mp4,0.02748999293619025
real,MSR-VTT,video7110.mp4,0.3619025194254768
real,MSR-VTT,video7111.mp4,0.01348010360254297
real,MSR-VTT,video7112.mp4,0.487623616670591
real,MSR-VTT,video7113.mp4,0.13802389922298092
real,MSR-VTT,video7114.mp4,0.09237402872615964
real,MSR-VTT,video7115.mp4,0.02251589357193313
real,MSR-VTT,video7116.mp4,0.1830115375559218
real,MSR-VTT,video7117.mp4,0.631401577584177
real,MSR-VTT,video7118.mp4,0.2672327525311985
real,MSR-VTT,video7119.mp4,0.1936808335295503
real,MSR-VTT,video712.mp4,0.022118554273604898
real,MSR-VTT,video7120.mp4,0.0530080056510478
real,MSR-VTT,video7121.mp4,0.279756298563692
real,MSR-VTT,video7122.mp4,0.8240669884624441
real,MSR-VTT,video7123.mp4,0.0715210736990817
real,MSR-VTT,video7124.mp4,0.07436131386861314
real,MSR-VTT,video7125.mp4,0.27629797504120557
real,MSR-VTT,video7126.mp4,0.40088591947256885
real,MSR-VTT,video7127.mp4,0.11078408288203438
real,MSR-VTT,video7128.mp4,0.15608076289145278
real,MSR-VTT,video7129.mp4,0.20970685189545563
real,MSR-VTT,video713.mp4,0.40007652460560394
real,MSR-VTT,video7130.mp4,0.03183129267718389
real,MSR-VTT,video7131.mp4,0.40213680244878736
real,MSR-VTT,video7132.mp4,0.06269131151400989
real,MSR-VTT,video7133.mp4,0.11796562279255945
real,MSR-VTT,video7134.mp4,0.2490287261596421
real,MSR-VTT,video7135.mp4,0.2968860372027313
real,MSR-VTT,video7136.mp4,0.04127913821521073
real,MSR-VTT,video7137.mp4,0.4491994348952202
real,MSR-VTT,video7138.mp4,0.04230927713680245
real,MSR-VTT,video7139.mp4,0.16109901106663527
real,MSR-VTT,video714.mp4,0.15945078879208854
real,MSR-VTT,video7140.mp4,0.3779138215210737
real,MSR-VTT,video7141.mp4,0.04606192606545797
real,MSR-VTT,video7142.mp4,0.13084235931245586
real,MSR-VTT,video7143.mp4,0.030963032728985165
real,MSR-VTT,video7144.mp4,0.31024841064280667
real,MSR-VTT,video7145.mp4,0.053523075111843656
real,MSR-VTT,video7146.mp4,0.6185837061455144
real,MSR-VTT,video7147.mp4,0.6877207440546268
real,MSR-VTT,video7148.mp4,0.39895808806216154
real,MSR-VTT,video7149.mp4,0.6807157993878031
real,MSR-VTT,video715.mp4,0.010242524134683306
real,MSR-VTT,video7150.mp4,0.013759712738403578
real,MSR-VTT,video7151.mp4,0.6000559218271722
real,MSR-VTT,video7152.mp4,0.03458323522486461
real,MSR-VTT,video7153.mp4,0.41249705674593834
real,MSR-VTT,video7154.mp4,0.05269896397457029
real,MSR-VTT,video7155.mp4,0.45757299270072993
real,MSR-VTT,video7156.mp4,0.26306804803390627
real,MSR-VTT,video7157.mp4,0.07902637155639275
real,MSR-VTT,video7158.mp4,0.0753473039792795
real,MSR-VTT,video7159.mp4,0.06825406169060513
real,MSR-VTT,video716.mp4,0.2949876383329409
real,MSR-VTT,video7160.mp4,0.03509830468566046
real,MSR-VTT,video7161.mp4,0.7646426889569107
real,MSR-VTT,video7162.mp4,0.31026312691311514
real,MSR-VTT,video7163.mp4,0.18513068048033907
real,MSR-VTT,video7164.mp4,0.1033229338356487
real,MSR-VTT,video7165.mp4,0.16167294560866494
real,MSR-VTT,video7166.mp4,0.008888627266305628
real,MSR-VTT,video7167.mp4,0.5581881327996232
real,MSR-VTT,video7168.mp4,0.39917883211678834
real,MSR-VTT,video7169.mp4,0.5635890040028255
real,MSR-VTT,video717.mp4,0.2590652225100071
real,MSR-VTT,video7170.mp4,0.8442429950553332
real,MSR-VTT,video7171.mp4,0.20513009182952674
real,MSR-VTT,video7172.mp4,0.030138921591711797
real,MSR-VTT,video7173.mp4,0.4709059336001884
real,MSR-VTT,video7174.mp4,0.23974275959500824
real,MSR-VTT,video7175.mp4,0.5984518483635508
real,MSR-VTT,video7176.mp4,0.18290852366376265
real,MSR-VTT,video7177.mp4,0.39510242524134687
real,MSR-VTT,video7178.mp4,0.115449140569814
real,MSR-VTT,video7179.mp4,0.09347774899929362
real,MSR-VTT,video718.mp4,0.2179185307275724
real,MSR-VTT,video7180.mp4,0.010477984459618554
real,MSR-VTT,video7181.mp4,0.07751059571462209
real,MSR-VTT,video7182.mp4,0.37887037909112314
real,MSR-VTT,video7183.mp4,0.8418148104544384
real,MSR-VTT,video7184.mp4,0.40743465975983045
real,MSR-VTT,video7185.mp4,0.017497645396750645
real,MSR-VTT,video7186.mp4,0.4406639981163174
real,MSR-VTT,video7187.mp4,0.20593948669649165
real,MSR-VTT,video7188.mp4,0.19306275017659524
real,MSR-VTT,video7189.mp4,0.4128796797739581
real,MSR-VTT,video719.mp4,0.30113903932187425
real,MSR-VTT,video7190.mp4,0.3607252178008005
real,MSR-VTT,video7191.mp4,0.5857222745467389
real,MSR-VTT,video7192.mp4,0.04854897574758653
real,MSR-VTT,video7193.mp4,0.01721803626089004
real,MSR-VTT,video7194.mp4,0.10973922769013421
real,MSR-VTT,video7195.mp4,0.5073875676948434
real,MSR-VTT,video7196.mp4,0.19550565104779846
real,MSR-VTT,video7197.mp4,0.3054214739816341
real,MSR-VTT,video7198.mp4,0.5693724982340476
real,MSR-VTT,video7199.mp4,0.015054744525547446
real,MSR-VTT,video72.mp4,0.306554626795385
real,MSR-VTT,video720.mp4,0.13116611725924182
real,MSR-VTT,video7200.mp4,0.518483635507417
real,MSR-VTT,video7201.mp4,0.3199611490463857
real,MSR-VTT,video7202.mp4,0.8095567459383094
real,MSR-VTT,video7203.mp4,0.02529726866023075
real,MSR-VTT,video7204.mp4,0.2657022604191194
real,MSR-VTT,video7205.mp4,0.41823640216623503
real,MSR-VTT,video7206.mp4,0.10976866023075112
real,MSR-VTT,video7207.mp4,0.35117435837061456
real,MSR-VTT,video7208.mp4,0.5387773722627738
real,MSR-VTT,video7209.mp4,0.16546974334824582
real,MSR-VTT,video721.mp4,0.4877413468330586
real,MSR-VTT,video7210.mp4,0.624381916647045
real,MSR-VTT,video7211.mp4,0.049534965858252886
real,MSR-VTT,video7212.mp4,0.054082293383564864
real,MSR-VTT,video7213.mp4,0.09686249117023782
real,MSR-VTT,video7214.mp4,0.07171238521309159
real,MSR-VTT,video7215.mp4,0.24655639274782198
real,MSR-VTT,video7216.mp4,0.5494319519660937
real,MSR-VTT,video7217.mp4,0.3546473981634095
real,MSR-VTT,video7218.mp4,0.0060042382858488345
real,MSR-VTT,video7219.mp4,0.03654049917588886
real,MSR-VTT,video722.mp4,0.09296267953849777
real,MSR-VTT,video7220.mp4,0.07689251236166705
real,MSR-VTT,video7221.mp4,0.10020308453025666
real,MSR-VTT,video7222.mp4,0.05478867435837061
real,MSR-VTT,video7223.mp4,0.06561984930539204
real,MSR-VTT,video7224.mp4,0.21270897103838005
real,MSR-VTT,video7225.mp4,0.2505886508123381
real,MSR-VTT,video7226.mp4,0.03359724511419826
real,MSR-VTT,video7227.mp4,0.7378296444549093
real,MSR-VTT,video7228.mp4,0.4585442665410878
real,MSR-VTT,video7229.mp4,0.2897486461031316
real,MSR-VTT,video723.mp4,0.5200729927007299
real,MSR-VTT,video7230.mp4,0.4405904167647751
real,MSR-VTT,video7231.mp4,0.27776960207205087
real,MSR-VTT,video7232.mp4,0.4080233105721686
real,MSR-VTT,video7233.mp4,0.1778755592182717
real,MSR-VTT,video7234.mp4,0.20954497292206264
real,MSR-VTT,video7235.mp4,0.002354603249352484
real,MSR-VTT,video7236.mp4,0.10988639039321875
real,MSR-VTT,video7237.mp4,0.3662879679773958
real,MSR-VTT,video7238.mp4,0.1656610548622557
real,MSR-VTT,video7239.mp4,0.004429597362844361
real,MSR-VTT,video724.mp4,0.3205497998587238
real,MSR-VTT,video7240.mp4,0.03523075111843654
real,MSR-VTT,video7241.mp4,0.010787026136096068
real,MSR-VTT,video7242.mp4,0.13059218271721215
real,MSR-VTT,video7243.mp4,0.21033965151871908
real,MSR-VTT,video7244.mp4,0.03764421944902284
real,MSR-VTT,video7245.mp4,0.01783611961384507
real,MSR-VTT,video7246.mp4,0.12614786908405934
real,MSR-VTT,video7247.mp4,0.24224452554744524
real,MSR-VTT,video7248.mp4,0.4613550741700024
real,MSR-VTT,video7249.mp4,0.13068048033906288
real,MSR-VTT,video725.mp4,0.6600983046856604
real,MSR-VTT,video7250.mp4,0.2827731339769249
real,MSR-VTT,video7251.mp4,0.018101012479397223
real,MSR-VTT,video7252.mp4,0.07708382387567694
real,MSR-VTT,video7253.mp4,0.38472745467388747
real,MSR-VTT,video7254.mp4,0.018174593830939487
real,MSR-VTT,video7255.mp4,0.057349305392041444
real,MSR-VTT,video7256.mp4,0.06919590299034613
real,MSR-VTT,video7257.mp4,0.5552301624676241
real,MSR-VTT,video7258.mp4,0.4414586767129739
real,MSR-VTT,video7259.mp4,0.2557099128796798
real,MSR-VTT,video726.mp4,0.3587090887685425
real,MSR-VTT,video7260.mp4,0.7126206734165292
real,MSR-VTT,video7261.mp4,0.6307099128796798
real,MSR-VTT,video7262.mp4,0.741199670355545
real,MSR-VTT,video7263.mp4,0.18917765481516363
real,MSR-VTT,video7264.mp4,0.16536672945608666
real,MSR-VTT,video7265.mp4,0.39101130209559687
real,MSR-VTT,video7266.mp4,0.39616199670355545
real,MSR-VTT,video7267.mp4,0.1485313162232164
real,MSR-VTT,video7268.mp4,0.05187485283729691
real,MSR-VTT,video7269.mp4,0.0797621850718154
real,MSR-VTT,video727.mp4,0.06292677183894514
real,MSR-VTT,video7270.mp4,0.014554391335060042
real,MSR-VTT,video7271.mp4,0.20011184365434426
real,MSR-VTT,video7272.mp4,0.0792912644219449
real,MSR-VTT,video7273.mp4,0.07402283965151872
real,MSR-VTT,video7274.mp4,0.019999411349187663
real,MSR-VTT,video7275.mp4,0.009168236402166236
real,MSR-VTT,video7276.mp4,0.41374793972215684
real,MSR-VTT,video7277.mp4,0.13431539910525075
real,MSR-VTT,video7278.mp4,0.33204320696962564
real,MSR-VTT,video7279.mp4,0.006121968448316459
real,MSR-VTT,video728.mp4,0.23055980692253358
real,MSR-VTT,video7280.mp4,0.06575229573816813
real,MSR-VTT,video7281.mp4,0.0627501765952437
real,MSR-VTT,video7282.mp4,0.3501295031787144
real,MSR-VTT,video7283.mp4,0.1834530256651754
real,MSR-VTT,video7284.mp4,0.060130680480339066
real,MSR-VTT,video7285.mp4,0.12736931951966093
real,MSR-VTT,video7286.mp4,0.5269160583941606
real,MSR-VTT,video7287.mp4,0.39594125264892865
real,MSR-VTT,video7288.mp4,0.47527666588179895
real,MSR-VTT,video7289.mp4,0.6171856604662115
real,MSR-VTT,video729.mp4,0.4571609371320932
real,MSR-VTT,video7290.mp4,0.6027931481045443
real,MSR-VTT,video7291.mp4,0.12336649399576172
real,MSR-VTT,video7292.mp4,0.09705380268424771
real,MSR-VTT,video7293.mp4,0.040558040970096534
real,MSR-VTT,video7294.mp4,0.011949611490463856
real,MSR-VTT,video7295.mp4,0.08613433011537557
real,MSR-VTT,video7296.mp4,0.1878679067577113
real,MSR-VTT,video7297.mp4,0.055274311278549565
real,MSR-VTT,video7298.mp4,0.22476159642100307
real,MSR-VTT,video7299.mp4,0.23319401930774666
real,MSR-VTT,video73.mp4,0.2580203673181069
real,MSR-VTT,video730.mp4,0.16883976924888155
real,MSR-VTT,video7300.mp4,0.3442724275959501
real,MSR-VTT,video7301.mp4,0.07455262538262303
real,MSR-VTT,video7302.mp4,0.3153843889804568
real,MSR-VTT,video7303.mp4,0.3383859194725689
real,MSR-VTT,video7304.mp4,0.03556922533553096
real,MSR-VTT,video7305.mp4,0.032714268895691075
real,MSR-VTT,video7306.mp4,0.6515187190958324
real,MSR-VTT,video7307.mp4,0.2528843889804568
real,MSR-VTT,video7308.mp4,0.012082057923239934
real,MSR-VTT,video7309.mp4,0.8780462679538498
real,MSR-VTT,video731.mp4,0.845729338356487
real,MSR-VTT,video7310.mp4,0.3180774664469037
real,MSR-VTT,video7311.mp4,0.32845243701436305
real,MSR-VTT,video7312.mp4,0.7566811867200377
real,MSR-VTT,video7313.mp4,0.22517365198963973
real,MSR-VTT,video7314.mp4,0.004694490228396515
real,MSR-VTT,video7315.mp4,0.3370025900635743
real,MSR-VTT,video7316.mp4,0.08476571697668944
real,MSR-VTT,video7317.mp4,0.19410760536849542
real,MSR-VTT,video7318.mp4,0.10998940428537791
real,MSR-VTT,video7319.mp4,0.04389863433011537
real,MSR-VTT,video732.mp4,0.1131534024016953
real,MSR-VTT,video7320.mp4,0.024811631740051802
real,MSR-VTT,video7321.mp4,0.1959912879679774
real,MSR-VTT,video7322.mp4,0.08795914763362372
real,MSR-VTT,video7323.mp4,0.31578172827878503
real,MSR-VTT,video7324.mp4,0.006239698610784083
real,MSR-VTT,video7325.mp4,0.014819284200612197
real,MSR-VTT,video7326.mp4,0.48151636449258295
real,MSR-VTT,video7327.mp4,0.00476807157993878
real,MSR-VTT,video7328.mp4,0.056642924417235695
real,MSR-VTT,video7329.mp4,0.07833470685189545
real,MSR-VTT,video733.mp4,0.15715505062396987
real,MSR-VTT,video7330.mp4,0.02835825288438898
real,MSR-VTT,video7331.mp4,0.0827643042147398
real,MSR-VTT,video7332.mp4,0.6004238285848835
real,MSR-VTT,video7333.mp4,0.0047092064987049684
real,MSR-VTT,video7334.mp4,0.25999234753943956
real,MSR-VTT,video7335.mp4,0.36328584883447135
real,MSR-VTT,video7336.mp4,0.04999117023781492
real,MSR-VTT,video7337.mp4,0.23559277136802448
real,MSR-VTT,video7338.mp4,0.05091829526724747
real,MSR-VTT,video7339.mp4,0.0345243701436308
real,MSR-VTT,video734.mp4,0.7933246997880856
real,MSR-VTT,video7340.mp4,0.02470861784789263
real,MSR-VTT,video7341.mp4,0.23613727336943724
real,MSR-VTT,video7342.mp4,0.050123616670591
real,MSR-VTT,video7343.mp4,0.47087650105957146
real,MSR-VTT,video7344.mp4,0.7020985401459854
real,MSR-VTT,video7345.mp4,0.4026371556392748
real,MSR-VTT,video7346.mp4,0.6513568401224393
real,MSR-VTT,video7347.mp4,0.13296150223687309
real,MSR-VTT,video7348.mp4,0.8384889333647281
real,MSR-VTT,video7349.mp4,0.19783082175653402
real,MSR-VTT,video735.mp4,0.502987402872616
real,MSR-VTT,video7350.mp4,0.05437661878973393
real,MSR-VTT,video7351.mp4,0.3109989404285378
real,MSR-VTT,video7352.mp4,0.2035113020955969
real,MSR-VTT,video7353.mp4,0.06931363315281375
real,MSR-VTT,video7354.mp4,0.18807393454202967
real,MSR-VTT,video7355.mp4,0.14516129032258063
real,MSR-VTT,video7356.mp4,0.3146632917353426
real,MSR-VTT,video7357.mp4,0.18280550977160348
real,MSR-VTT,video7358.mp4,0.14363079821050154
real,MSR-VTT,video7359.mp4,0.9881386861313868
real,MSR-VTT,video736.mp4,0.827378149281846
real,MSR-VTT,video7360.mp4,0.12049682128561337
real,MSR-VTT,video7361.mp4,0.05237520602778432
real,MSR-VTT,video7362.mp4,0.23760890040028254
real,MSR-VTT,video7363.mp4,0.5200877089710384
real,MSR-VTT,video7364.mp4,0.03848304685660466
real,MSR-VTT,video7365.mp4,0.08694372498234047
real,MSR-VTT,video7366.mp4,0.02222156816576407
real,MSR-VTT,video7367.mp4,0.6073257593595479
real,MSR-VTT,video7368.mp4,0.028534848128090415
real,MSR-VTT,video7369.mp4,0.3700700494466682
real,MSR-VTT,video737.mp4,0.20701377442900873
real,MSR-VTT,video7370.mp4,0.23244348952201555
real,MSR-VTT,video7371.mp4,0.9478896868377679
real,MSR-VTT,video7372.mp4,0.09355133035083588
real,MSR-VTT,video7373.mp4,0.014127619496114904
real,MSR-VTT,video7374.mp4,0.019719802213327055
real,MSR-VTT,video7375.mp4,0.3689663291735342
real,MSR-VTT,video7376.mp4,0.1266629385448552
real,MSR-VTT,video7377.mp4,0.11646456322109724
real,MSR-VTT,video7378.mp4,0.09661231457499411
real,MSR-VTT,video7379.mp4,0.4143807393454203
real,MSR-VTT,video738.mp4,0.03749705674593831
real,MSR-VTT,video7380.mp4,0.10127737226277372
real,MSR-VTT,video7381.mp4,0.25856486931951966
real,MSR-VTT,video7382.mp4,0.1898546032493525
real,MSR-VTT,video7383.mp4,0.18861843654344243
real,MSR-VTT,video7384.mp4,0.01133152813750883
real,MSR-VTT,video7385.mp4,0.024620320226041912
real,MSR-VTT,video7386.mp4,0.09751000706380974
real,MSR-VTT,video7387.mp4,0.002663644925829998
real,MSR-VTT,video7388.mp4,0.4613697904403108
real,MSR-VTT,video7389.mp4,0.3639627972686602
real,MSR-VTT,video739.mp4,0.07689251236166705
real,MSR-VTT,video7390.mp4,0.07592123852130916
real,MSR-VTT,video7391.mp4,0.05050623969861079
real,MSR-VTT,video7392.mp4,0.2373440075347304
real,MSR-VTT,video7393.mp4,0.10010007063809748
real,MSR-VTT,video7394.mp4,0.21175241346833057
real,MSR-VTT,video7395.mp4,0.23685837061455145
real,MSR-VTT,video7396.mp4,0.05238992229809277
real,MSR-VTT,video7397.mp4,0.5027225100070638
real,MSR-VTT,video7398.mp4,0.38490404991758886
real,MSR-VTT,video7399.mp4,0.5941252648928655
real,MSR-VTT,video74.mp4,0.11509595008241112
real,MSR-VTT,video740.mp4,0.11899576171415117
real,MSR-VTT,video7400.mp4,0.08319107605368495
real,MSR-VTT,video7401.mp4,0.34611196138450673
real,MSR-VTT,video7402.mp4,0.348849187661879
real,MSR-VTT,video7403.mp4,0.3857723098657876
real,MSR-VTT,video7404.mp4,0.6492376971980222
real,MSR-VTT,video7405.mp4,0.4901548151636449
real,MSR-VTT,video7406.mp4,0.04909347774899929
real,MSR-VTT,video7407.mp4,0.08263185778196375
real,MSR-VTT,video7408.mp4,0.005739345420296679
real,MSR-VTT,video7409.mp4,0.5241199670355545
real,MSR-VTT,video741.mp4,0.028240522721921357
real,MSR-VTT,video7410.mp4,0.04750412055568637
real,MSR-VTT,video7411.mp4,0.29528196373911
real,MSR-VTT,video7412.mp4,0.26078702613609606
real,MSR-VTT,video7413.mp4,0.09692135625147164
real,MSR-VTT,video7414.mp4,0.5420738168118672
real,MSR-VTT,video7415.mp4,0.1976542265128326
real,MSR-VTT,video7416.mp4,0.4745702849069932
real,MSR-VTT,video7417.mp4,0.34219743348245824
real,MSR-VTT,video7418.mp4,0.4223275253119849
real,MSR-VTT,video7419.mp4,0.3413586060748764
real,MSR-VTT,video742.mp4,0.050579821050153045
real,MSR-VTT,video7420.mp4,0.02257475865316694
real,MSR-VTT,video7421.mp4,0.5381004238285849
real,MSR-VTT,video7422.mp4,0.34543501295031787
real,MSR-VTT,video7423.mp4,0.15118024487873793
real,MSR-VTT,video7424.mp4,0.07378737932658347
real,MSR-VTT,video7425.mp4,0.044560866493995765
real,MSR-VTT,video7426.mp4,0.030845302566517543
real,MSR-VTT,video7427.mp4,0.02743112785495644
real,MSR-VTT,video7428.mp4,0.8542794914056981
real,MSR-VTT,video7429.mp4,0.6146103131622321
real,MSR-VTT,video743.mp4,0.2528549564398399
real,MSR-VTT,video7430.mp4,0.19187073228161056
real,MSR-VTT,video7431.mp4,0.060689898752060274
real,MSR-VTT,video7432.mp4,0.0052095596891923715
real,MSR-VTT,video7433.mp4,0.11876030138921592
real,MSR-VTT,video7434.mp4,0.31045443842712506
real,MSR-VTT,video7435.mp4,0.4813250529785731
real,MSR-VTT,video7436.mp4,0.1544178243465976
real,MSR-VTT,video7437.mp4,0.02472333411820108
real,MSR-VTT,video7438.mp4,0.1825553331763598
real,MSR-VTT,video7439.mp4,0.3978396515187191
real,MSR-VTT,video744.mp4,0.28745290793501294
real,MSR-VTT,video7440.mp4,0.8989875206027784
real,MSR-VTT,video7441.mp4,0.10935660466211443
real,MSR-VTT,video7442.mp4,0.2898516599952908
real,MSR-VTT,video7443.mp4,0.06620850011773016
real,MSR-VTT,video7444.mp4,0.06426595243701436
real,MSR-VTT,video7445.mp4,0.06595832352248646
real,MSR-VTT,video7446.mp4,0.23735872380503886
real,MSR-VTT,video7447.mp4,0.062132093242288675
real,MSR-VTT,video7448.mp4,0.01818931010124794
real,MSR-VTT,video7449.mp4,0.13756769484341888
real,MSR-VTT,video745.mp4,0.18273192842006122
real,MSR-VTT,video7450.mp4,0.6389510242524135
real,MSR-VTT,video7451.mp4,0.012685425005886508
real,MSR-VTT,video7452.mp4,0.07862903225806453
real,MSR-VTT,video7453.mp4,0.5185866493995761
real,MSR-VTT,video7454.mp4,0.022398163409465505
real,MSR-VTT,video7455.mp4,0.4502148575465034
real,MSR-VTT,video7456.mp4,0.2532964445490935
real,MSR-VTT,video7457.mp4,0.10416176124323051
real,MSR-VTT,video7458.mp4,0.8051565811160819
real,MSR-VTT,video7459.mp4,0.09856957852601836
real,MSR-VTT,video746.mp4,0.1866170237814928
real,MSR-VTT,video7460.mp4,0.08707617141511655
real,MSR-VTT,video7461.mp4,0.09865787614786908
real,MSR-VTT,video7462.mp4,0.1909730397927949
real,MSR-VTT,video7463.mp4,0.009153520131857783
real,MSR-VTT,video7464.mp4,0.11800977160348482
real,MSR-VTT,video7465.mp4,0.09469919943489521
real,MSR-VTT,video7466.mp4,0.07830527431127855
real,MSR-VTT,video7467.mp4,0.12439663291735342
real,MSR-VTT,video7468.mp4,0.0977748999293619
real,MSR-VTT,video7469.mp4,0.2630238992229809
real,MSR-VTT,video747.mp4,0.05911525782905581
real,MSR-VTT,video7470.mp4,0.03923357664233577
real,MSR-VTT,video7471.mp4,0.27963856840122436
real,MSR-VTT,video7472.mp4,0.2684100541558747
real,MSR-VTT,video7473.mp4,0.19553508358841534
real,MSR-VTT,video7474.mp4,0.11073993407110902
real,MSR-VTT,video7475.mp4,0.1069578526018366
real,MSR-VTT,video7476.mp4,0.41124617376971984
real,MSR-VTT,video7477.mp4,0.09767188603720273
real,MSR-VTT,video7478.mp4,0.4023281139627973
real,MSR-VTT,video7479.mp4,0.1961531669413704
real,MSR-VTT,video748.mp4,0.07137391099599717
real,MSR-VTT,video7480.mp4,0.07312514716270307
real,MSR-VTT,video7481.mp4,0.05256651754179421
real,MSR-VTT,video7482.mp4,0.34789263009182947
real,MSR-VTT,video7483.mp4,0.0805127148575465
real,MSR-VTT,video7484.mp4,0.2913674358370615
real,MSR-VTT,video7485.mp4,0.48066282081469275
real,MSR-VTT,video7486.mp4,0.0539792794914057
real,MSR-VTT,video7487.mp4,0.5193813279962326
real,MSR-VTT,video7488.mp4,0.4057717212149753
real,MSR-VTT,video7489.mp4,0.41966388038615493
real,MSR-VTT,video749.mp4,0.12589769248881563
real,MSR-VTT,video7490.mp4,0.5524193548387096
real,MSR-VTT,video7491.mp4,0.229794560866494
real,MSR-VTT,video7492.mp4,0.027607723098657874
real,MSR-VTT,video7493.mp4,0.11665587473510713
real,MSR-VTT,video7494.mp4,0.010860607487638334
real,MSR-VTT,video7495.mp4,0.11792147398163408
real,MSR-VTT,video7496.mp4,0.04762185071815399
real,MSR-VTT,video7497.mp4,0.19120850011773016
real,MSR-VTT,video7498.mp4,0.15602189781021897
real,MSR-VTT,video7499.mp4,0.42072345184836357
real,MSR-VTT,video75.mp4,0.6413497763126913
real,MSR-VTT,video750.mp4,0.19528490699317164
real,MSR-VTT,video7500.mp4,0.07327230986578762
real,MSR-VTT,video7501.mp4,0.15775841770661644
real,MSR-VTT,video7502.mp4,0.05280197786672946
real,MSR-VTT,video7503.mp4,0.007313986343301154
real,MSR-VTT,video7504.mp4,0.5434865787614787
real,MSR-VTT,video7505.mp4,0.2204202966800094
real,MSR-VTT,video7506.mp4,0.02835825288438898
real,MSR-VTT,video7507.mp4,0.26352425241346833
real,MSR-VTT,video7508.mp4,0.09568518954556157
real,MSR-VTT,video7509.mp4,0.3427566517541794
real,MSR-VTT,video751.mp4,0.02204497292206263
real,MSR-VTT,video7510.mp4,0.05896809512597127
real,MSR-VTT,video7511.mp4,0.32543560160113016
real,MSR-VTT,video7512.mp4,0.5773634330115376
real,MSR-VTT,video7513.mp4,0.21410701671768306
real,MSR-VTT,video7514.mp4,0.12266011302095597
real,MSR-VTT,video7515.mp4,0.47726336237344
real,MSR-VTT,video7516.mp4,0.028961619967035553
real,MSR-VTT,video7517.mp4,0.05829114669178243
real,MSR-VTT,video7518.mp4,0.023560748763833295
real,MSR-VTT,video7519.mp4,0.04459029903461267
real,MSR-VTT,video752.mp4,0.11514009889333647
real,MSR-VTT,video7520.mp4,0.3723510713444784
real,MSR-VTT,video7521.mp4,0.2781375088297622
real,MSR-VTT,video7522.mp4,0.2539733929832823
real,MSR-VTT,video7523.mp4,0.007078526018365906
real,MSR-VTT,video7524.mp4,0.2648045679303037
real,MSR-VTT,video7525.mp4,0.1931657640687544
real,MSR-VTT,video7526.mp4,0.1390098893336473
real,MSR-VTT,video7527.mp4,0.17680127148575467
real,MSR-VTT,video7528.mp4,0.2521338591947257
real,MSR-VTT,video7529.mp4,0.006063103367082646
real,MSR-VTT,video753.mp4,0.05674593830939487
real,MSR-VTT,video7530.mp4,0.10884153520131856
real,MSR-VTT,video7531.mp4,0.22830821756534025
real,MSR-VTT,video7532.mp4,0.07818754414881093
real,MSR-VTT,video7533.mp4,0.25953614315987755
real,MSR-VTT,video7534.mp4,0.2625676948434189
real,MSR-VTT,video7535.mp4,0.28015363786202024
real,MSR-VTT,video7536.mp4,0.15587473510713445
real,MSR-VTT,video7537.mp4,0.7815663998116318
real,MSR-VTT,video7538.mp4,0.45180421473981636
real,MSR-VTT,video7539.mp4,0.15715505062396987
real,MSR-VTT,video754.mp4,0.26808629620908875
real,MSR-VTT,video7540.mp4,0.16339474923475394
real,MSR-VTT,video7541.mp4,0.7528843889804568
real,MSR-VTT,video7542.mp4,0.2951053684954085
real,MSR-VTT,video7543.mp4,0.046665293148104546
real,MSR-VTT,video7544.mp4,0.1197021426889569
real,MSR-VTT,video7545.mp4,0.1344331292677184
real,MSR-VTT,video7546.mp4,0.19918471862491172
real,MSR-VTT,video7547.mp4,0.7073375323757947
real,MSR-VTT,video7548.mp4,0.05512714857546503
real,MSR-VTT,video7549.mp4,0.4038438898045679
real,MSR-VTT,video755.mp4,0.05443548387096774
real,MSR-VTT,video7550.mp4,0.253605486225571
real,MSR-VTT,video7551.mp4,0.21837473510713445
real,MSR-VTT,video7552.mp4,0.01692371085472098
real,MSR-VTT,video7553.mp4,0.1561396279726866
real,MSR-VTT,video7554.mp4,0.26091947256887216
real,MSR-VTT,video7555.mp4,0.22418766187897338
real,MSR-VTT,video7556.mp4,0.1570226041911938
real,MSR-VTT,video7557.mp4,0.2871585825288439
real,MSR-VTT,video7558.mp4,0.6638362373440075
real,MSR-VTT,video7559.mp4,0.2722951495173063
real,MSR-VTT,video756.mp4,0.353234636213798
real,MSR-VTT,video7560.mp4,0.3334559689192371
real,MSR-VTT,video7561.mp4,0.163850953614316
real,MSR-VTT,video7562.mp4,0.007431716505768778
real,MSR-VTT,video7563.mp4,0.3178567223922769
real,MSR-VTT,video7564.mp4,0.055656934306569344
real,MSR-VTT,video7565.mp4,0.23824170002354605
real,MSR-VTT,video7566.mp4,0.8034936425712267
real,MSR-VTT,video7567.mp4,0.23749117023781494
real,MSR-VTT,video7568.mp4,0.041499882269837536
real,MSR-VTT,video7569.mp4,0.13312338121026607
real,MSR-VTT,video757.mp4,0.5519337179185307
real,MSR-VTT,video7570.mp4,0.2402283965151872
real,MSR-VTT,video7571.mp4,0.4417088533082176
real,MSR-VTT,video7572.mp4,0.1810984224158229
real,MSR-VTT,video7573.mp4,0.4817371085472098
real,MSR-VTT,video7574.mp4,0.02641570520367318
real,MSR-VTT,video7575.mp4,0.5093742641864846
real,MSR-VTT,video7576.mp4,0.18217271014834002
real,MSR-VTT,video7577.mp4,0.2391688250529786
real,MSR-VTT,video7578.mp4,0.24000765246056038
real,MSR-VTT,video7579.mp4,0.0814545561572875
real,MSR-VTT,video758.mp4,0.335987167412291
real,MSR-VTT,video7580.mp4,0.2986225570991288
real,MSR-VTT,video7581.mp4,0.006431010124793972
real,MSR-VTT,video7582.mp4,0.18468919237108547
real,MSR-VTT,video7583.mp4,0.18429185307275722
real,MSR-VTT,video7584.mp4,0.3673622557099129
real,MSR-VTT,video7585.mp4,0.46696197315752297
real,MSR-VTT,video7586.mp4,0.11974629149988228
real,MSR-VTT,video7587.mp4,0.5045326112550036
real,MSR-VTT,video7588.mp4,0.9108046856604661
real,MSR-VTT,video7589.mp4,0.21007475865316694
real,MSR-VTT,video759.mp4,0.03573110430892394
real,MSR-VTT,video7590.mp4,0.06376559924652696
real,MSR-VTT,video7591.mp4,0.034597951495173064
real,MSR-VTT,video7592.mp4,0.3682893807393454
real,MSR-VTT,video7593.mp4,0.8723805038850954
real,MSR-VTT,video7594.mp4,0.15622792559453733
real,MSR-VTT,video7595.mp4,0.4518483635507417
real,MSR-VTT,video7596.mp4,0.44320991287967976
real,MSR-VTT,video7597.mp4,0.19151754179420769
real,MSR-VTT,video7598.mp4,0.524752766658818
real,MSR-VTT,video7599.mp4,0.3887008476571697
real,MSR-VTT,video76.mp4,0.10704615022368731
real,MSR-VTT,video760.mp4,0.042294560866493996
real,MSR-VTT,video7600.mp4,0.06759182952672475
real,MSR-VTT,video7601.mp4,0.1969331292677184
real,MSR-VTT,video7602.mp4,0.24499646809512599
real,MSR-VTT,video7603.mp4,0.23111902519425476
real,MSR-VTT,video7604.mp4,0.8258770897103838
real,MSR-VTT,video7605.mp4,0.06460442665410879
real,MSR-VTT,video7606.mp4,0.2508682599481987
real,MSR-VTT,video7607.mp4,0.16470449729220626
real,MSR-VTT,video7608.mp4,0.03910113020955969
real,MSR-VTT,video7609.mp4,0.45248116317400516
real,MSR-VTT,video761.mp4,0.7974452554744526
real,MSR-VTT,video7610.mp4,0.02485578055097716
real,MSR-VTT,video7611.mp4,0.08837120320226043
real,MSR-VTT,video7612.mp4,0.7115758182246291
real,MSR-VTT,video7613.mp4,0.23816811867200377
real,MSR-VTT,video7614.mp4,0.17680127148575464
real,MSR-VTT,video7615.mp4,0.18218742641864846
real,MSR-VTT,video7616.mp4,0.05940958323522486
real,MSR-VTT,video7617.mp4,0.3098952201554038
real,MSR-VTT,video7618.mp4,0.2605074170002355
real,MSR-VTT,video7619.mp4,0.19612373440075348
real,MSR-VTT,video762.mp4,0.34346303272898515
real,MSR-VTT,video7620.mp4,0.18221685895926534
real,MSR-VTT,video7621.mp4,0.25950671061926067
real,MSR-VTT,video7622.mp4,0.6362726630562751
real,MSR-VTT,video7623.mp4,0.08722333411820109
real,MSR-VTT,video7624.mp4,0.28359724511419826
real,MSR-VTT,video7625.mp4,0.3050682834942312
real,MSR-VTT,video7626.mp4,0.45402637155639275
real,MSR-VTT,video7627.mp4,0.6588768542500589
real,MSR-VTT,video7628.mp4,0.6487520602778432
real,MSR-VTT,video7629.mp4,0.3210207205085943
real,MSR-VTT,video763.mp4,0.7660260183659053
real,MSR-VTT,video7630.mp4,0.19219449022839652
real,MSR-VTT,video7631.mp4,0.19666823640216624
real,MSR-VTT,video7632.mp4,0.0036349187661878974
real,MSR-VTT,video7633.mp4,0.2228337650105957
real,MSR-VTT,video7634.mp4,0.15669884624440783
real,MSR-VTT,video7635.mp4,0.4810895926536378
real,MSR-VTT,video7636.mp4,0.038144572639510245
real,MSR-VTT,video7637.mp4,0.08501589357193313
real,MSR-VTT,video7638.mp4,0.6308570755827643
real,MSR-VTT,video7639.mp4,0.1807010831174947
real,MSR-VTT,video764.mp4,0.1245585118907464
real,MSR-VTT,video7640.mp4,0.007740758182246291
real,MSR-VTT,video7641.mp4,0.30686366847186247
real,MSR-VTT,video7642.mp4,0.0768483635507417
real,MSR-VTT,video7643.mp4,0.29080821756534025
real,MSR-VTT,video7644.mp4,0.2288821521073699
real,MSR-VTT,video7645.mp4,0.1668236402166235
real,MSR-VTT,video7646.mp4,0.15668412997409936
real,MSR-VTT,video7647.mp4,0.5173504826936661
real,MSR-VTT,video7648.mp4,0.47602719566753005
real,MSR-VTT,video7649.mp4,0.4016364492583
real,MSR-VTT,video765.mp4,0.053420061219684484
real,MSR-VTT,video7650.mp4,0.01702672474688015
real,MSR-VTT,video7651.mp4,0.2410819401930775
real,MSR-VTT,video7652.mp4,0.9834147633623734
real,MSR-VTT,video7653.mp4,0.6037055568636684
real,MSR-VTT,video7654.mp4,0.6589504356016012
real,MSR-VTT,video7655.mp4,0.5931687073228161
real,MSR-VTT,video7656.mp4,0.6293118672003768
real,MSR-VTT,video7657.mp4,0.1266923710854721
real,MSR-VTT,video7658.mp4,0.721185542736049
real,MSR-VTT,video7659.mp4,0.04242700729927007
real,MSR-VTT,video766.mp4,0.10583941605839417
real,MSR-VTT,video7660.mp4,0.09756887214504356
real,MSR-VTT,video7661.mp4,0.048799152342830235
real,MSR-VTT,video7662.mp4,0.10060042382858489
real,MSR-VTT,video7663.mp4,0.5288586060748763
real,MSR-VTT,video7664.mp4,0.08856251471627032
real,MSR-VTT,video7665.mp4,0.5700200141276195
real,MSR-VTT,video7666.mp4,0.3342947963268189
real,MSR-VTT,video7667.mp4,0.5782169766894278
real,MSR-VTT,video7668.mp4,0.07542088533082175
real,MSR-VTT,video7669.mp4,0.0605868848599011
real,MSR-VTT,video767.mp4,0.0026636449258299975
real,MSR-VTT,video7670.mp4,0.25687249823404756
real,MSR-VTT,video7671.mp4,0.04788674358370615
real,MSR-VTT,video7672.mp4,0.036157876147869084
real,MSR-VTT,video7673.mp4,0.23510713444784553
real,MSR-VTT,video7674.mp4,0.016541087826701203
real,MSR-VTT,video7675.mp4,0.04884330115375559
real,MSR-VTT,video7676.mp4,0.06582587708971038
real,MSR-VTT,video7677.mp4,0.037467624205321404
real,MSR-VTT,video7678.mp4,0.050653402401695316
real,MSR-VTT,video7679.mp4,0.31260301389215917
real,MSR-VTT,video768.mp4,0.38694961149046386
real,MSR-VTT,video7680.mp4,0.24630621615257828
real,MSR-VTT,video7681.mp4,0.4335118907464092
real,MSR-VTT,video7682.mp4,0.0532581822462915
real,MSR-VTT,video7683.mp4,0.022942665410878266
real,MSR-VTT,video7684.mp4,0.2330615728749706
real,MSR-VTT,video7685.mp4,0.40307864374852836
real,MSR-VTT,video7686.mp4,0.3922327525311985
real,MSR-VTT,video7687.mp4,0.41405698139863434
real,MSR-VTT,video7688.mp4,0.8773546032493524
real,MSR-VTT,video7689.mp4,0.11268248175182483
real,MSR-VTT,video769.mp4,0.6436307982105015
real,MSR-VTT,video7690.mp4,0.006416293854485519
real,MSR-VTT,video7691.mp4,0.531801860136567
real,MSR-VTT,video7692.mp4,0.04738639039321874
real,MSR-VTT,video7693.mp4,0.2039969390157758
real,MSR-VTT,video7694.mp4,0.16969331292677187
real,MSR-VTT,video7695.mp4,0.7163586060748763
real,MSR-VTT,video7696.mp4,0.03640805274311279
real,MSR-VTT,video7697.mp4,0.04969684483164587
real,MSR-VTT,video7698.mp4,0.19209147633623735
real,MSR-VTT,video7699.mp4,0.4650930068283494
real,MSR-VTT,video77.mp4,0.05768777960913586
real,MSR-VTT,video770.mp4,0.6245290793501295
real,MSR-VTT,video7700.mp4,0.08545738168118672
real,MSR-VTT,video7701.mp4,0.054567930303743815
real,MSR-VTT,video7702.mp4,0.057128561337414646
real,MSR-VTT,video7703.mp4,0.3802389922298093
real,MSR-VTT,video7704.mp4,0.10251353896868377
real,MSR-VTT,video7705.mp4,0.145205439133506
real,MSR-VTT,video7706.mp4,0.02335472097951495
real,MSR-VTT,video7707.mp4,0.05935071815399105
real,MSR-VTT,video7708.mp4,0.06690016482222745
real,MSR-VTT,video7709.mp4,0.621556392747822
real,MSR-VTT,video771.mp4,0.5655168354132328
real,MSR-VTT,video7710.mp4,0.13926006592889098
real,MSR-VTT,video7711.mp4,0.2650694607958559
real,MSR-VTT,video7712.mp4,0.057511184365434426
real,MSR-VTT,video7713.mp4,0.35433835648693196
real,MSR-VTT,video7714.mp4,0.26764480809983515
real,MSR-VTT,video7715.mp4,0.4135713444784554
real,MSR-VTT,video7716.mp4,0.038335884153520135
real,MSR-VTT,video7717.mp4,0.25710795855898283
real,MSR-VTT,video7718.mp4,0.05269896397457029
real,MSR-VTT,video7719.mp4,0.011979044031080762
real,MSR-VTT,video772.mp4,0.0851189074640923
real,MSR-VTT,video7720.mp4,0.05711384506710619
real,MSR-VTT,video7721.mp4,0.10686955497998588
real,MSR-VTT,video7722.mp4,0.340534494937603
real,MSR-VTT,video7723.mp4,0.009918766187897339
real,MSR-VTT,video7724.mp4,0.13942194490228396
real,MSR-VTT,video7725.mp4,0.57029962326348
real,MSR-VTT,video7726.mp4,0.2907935012950318
real,MSR-VTT,video7727.mp4,0.0364963503649635
real,MSR-VTT,video7728.mp4,0.09253590769955262
real,MSR-VTT,video7729.mp4,0.018115728749705674
real,MSR-VTT,video773.mp4,0.10919472568872145
real,MSR-VTT,video7730.mp4,0.24910230751118437
real,MSR-VTT,video7731.mp4,0.13747939722156816
real,MSR-VTT,video7732.mp4,0.3778549564398399
real,MSR-VTT,video7733.mp4,0.2672327525311985
real,MSR-VTT,video7734.mp4,0.4977484106428067
real,MSR-VTT,video7735.mp4,0.17868495408523666
real,MSR-VTT,video7736.mp4,0.22457028490699316
real,MSR-VTT,video7737.mp4,0.33067459383093945
real,MSR-VTT,video7738.mp4,0.34645043560160116
real,MSR-VTT,video7739.mp4,0.15958323522486462
real,MSR-VTT,video774.mp4,0.1411290322580645
real,MSR-VTT,video7740.mp4,0.465078290558041
real,MSR-VTT,video7741.mp4,0.08717918530727573
real,MSR-VTT,video7742.mp4,0.006401577584177066
real,MSR-VTT,video7743.mp4,0.0277254532611255
real,MSR-VTT,video7744.mp4,0.2965328467153285
real,MSR-VTT,video7745.mp4,0.8082322816105486
real,MSR-VTT,video7746.mp4,0.2555480339062868
real,MSR-VTT,video7747.mp4,0.14969390157758417
real,MSR-VTT,video7748.mp4,0.21213503649635035
real,MSR-VTT,video7749.mp4,0.2380651047798446
real,MSR-VTT,video775.mp4,0.043339416058394156
real,MSR-VTT,video7750.mp4,0.15138627266305626
real,MSR-VTT,video7751.mp4,0.5996585825288439
real,MSR-VTT,video7752.mp4,0.016393925123616673
real,MSR-VTT,video7753.mp4,0.0855603955733459
real,MSR-VTT,video7754.mp4,0.26386272663056276
real,MSR-VTT,video7755.mp4,0.15343183423593124
real,MSR-VTT,video7756.mp4,0.5152166234989405
real,MSR-VTT,video7757.mp4,0.17510890040028254
real,MSR-VTT,video7758.mp4,0.3896426889569108
real,MSR-VTT,video7759.mp4,0.05418530727572404
real,MSR-VTT,video776.mp4,0.10558923946315045
real,MSR-VTT,video7760.mp4,0.02101483400047092
real,MSR-VTT,video7761.mp4,0.027902048504826936
real,MSR-VTT,video7762.mp4,0.29227984459618556
real,MSR-VTT,video7763.mp4,0.4825759359547916
real,MSR-VTT,video7764.mp4,0.026283258770897107
real,MSR-VTT,video7765.mp4,0.044457852601836594
real,MSR-VTT,video7766.mp4,0.06592889098186955
real,MSR-VTT,video7767.mp4,0.09906993171650577
real,MSR-VTT,video7768.mp4,0.01643807393454203
real,MSR-VTT,video7769.mp4,0.06806275017659524
real,MSR-VTT,video777.mp4,0.24520249587944432
real,MSR-VTT,video7770.mp4,0.7914998822698376
real,MSR-VTT,video7771.mp4,0.1294443136331528
real,MSR-VTT,video7772.mp4,0.6930333176359783
real,MSR-VTT,video7773.mp4,0.16757417000235458
real,MSR-VTT,video7774.mp4,0.5362314574994114
real,MSR-VTT,video7775.mp4,0.12223334118201085
real,MSR-VTT,video7776.mp4,0.41264421944902285
real,MSR-VTT,video7777.mp4,0.3481133741464563
real,MSR-VTT,video7778.mp4,0.04991758888627266
real,MSR-VTT,video7779.mp4,0.05605427360489758
real,MSR-VTT,video778.mp4,0.10017365198963973
real,MSR-VTT,video7780.mp4,0.28484812809041676
real,MSR-VTT,video7781.mp4,0.05655462679538498
real,MSR-VTT,video7782.mp4,0.35257240404991763
real,MSR-VTT,video7783.mp4,0.29785731104308927
real,MSR-VTT,video7784.mp4,0.19766894278314104
real,MSR-VTT,video7785.mp4,0.1186720037673652
real,MSR-VTT,video7786.mp4,0.14804567930303744
real,MSR-VTT,video7787.mp4,0.4096126677654815
real,MSR-VTT,video7788.mp4,0.2895426183188133
real,MSR-VTT,video7789.mp4,0.5816605839416058
real,MSR-VTT,video779.mp4,0.7396986107840828
real,MSR-VTT,video7790.mp4,0.10600129503178714
real,MSR-VTT,video7791.mp4,0.36597892630091833
real,MSR-VTT,video7792.mp4,0.07109430186013656
real,MSR-VTT,video7793.mp4,0.4164557334589122
real,MSR-VTT,video7794.mp4,0.07472922062632446
real,MSR-VTT,video7795.mp4,0.5114492582999765
real,MSR-VTT,video7796.mp4,0.36456616435130684
real,MSR-VTT,video7797.mp4,0.22309865787614785
real,MSR-VTT,video7798.mp4,0.05845302566517542
real,MSR-VTT,video7799.mp4,0.6791117259241817
real,MSR-VTT,video78.mp4,0.32834942312220394
real,MSR-VTT,video780.mp4,0.27696020720508596
real,MSR-VTT,video7800.mp4,0.10666352719566752
real,MSR-VTT,video7801.mp4,0.8709530256651754
real,MSR-VTT,video7802.mp4,0.034347774899929365
real,MSR-VTT,video7803.mp4,0.1487814928184601
real,MSR-VTT,video7804.mp4,0.18399752766658817
real,MSR-VTT,video7805.mp4,0.31819519660937134
real,MSR-VTT,video7806.mp4,0.35508888627266305
real,MSR-VTT,video7807.mp4,0.024988226983753237
real,MSR-VTT,video7808.mp4,0.019101718860372027
real,MSR-VTT,video7809.mp4,0.18567518248175183
real,MSR-VTT,video781.mp4,0.037217447610077704
real,MSR-VTT,video7810.mp4,0.10486814221803625
real,MSR-VTT,video7811.mp4,0.2824493760301389
real,MSR-VTT,video7812.mp4,0.13815634565575702
real,MSR-VTT,video7813.mp4,0.22362844360725218
real,MSR-VTT,video7814.mp4,0.020646927242759596
real,MSR-VTT,video7815.mp4,0.009962914998822698
real,MSR-VTT,video7816.mp4,0.25339945844125267
real,MSR-VTT,video7817.mp4,0.14335118907464092
real,MSR-VTT,video7818.mp4,0.8691429244172357
real,MSR-VTT,video7819.mp4,0.37804626795384977
real,MSR-VTT,video782.mp4,0.016173181068989875
real,MSR-VTT,video7820.mp4,0.3316458676712974
real,MSR-VTT,video7821.mp4,0.07871732987991524
real,MSR-VTT,video7822.mp4,0.2971950788792089
real,MSR-VTT,video7823.mp4,0.28078643748528376
real,MSR-VTT,video7824.mp4,0.2385948905109489
real,MSR-VTT,video7825.mp4,0.5928302331057217
real,MSR-VTT,video7826.mp4,0.39388097480574524
real,MSR-VTT,video7827.mp4,0.17535907699552628
real,MSR-VTT,video7828.mp4,0.26911643513068045
real,MSR-VTT,video7829.mp4,0.5457528843889805
real,MSR-VTT,video783.mp4,0.22501177301624675
real,MSR-VTT,video7830.mp4,0.1487226277372263
real,MSR-VTT,video7831.mp4,0.008402990346126678
real,MSR-VTT,video7832.mp4,0.2785789969390158
real,MSR-VTT,video7833.mp4,0.1631592889098187
real,MSR-VTT,video7834.mp4,0.01649693901577584
real,MSR-VTT,video7835.mp4,0.010831174947021427
real,MSR-VTT,video7836.mp4,0.8817253355309631
real,MSR-VTT,video7837.mp4,0.08672298092771369
real,MSR-VTT,video7838.mp4,0.13920120084765716
real,MSR-VTT,video7839.mp4,0.61168177537085
real,MSR-VTT,video784.mp4,0.05630445020014128
real,MSR-VTT,video7840.mp4,0.5586443371791854
real,MSR-VTT,video7841.mp4,0.042544737461737696
real,MSR-VTT,video7842.mp4,0.14632387567694843
real,MSR-VTT,video7843.mp4,0.4550859430186014
real,MSR-VTT,video7844.mp4,0.047165646338591945
real,MSR-VTT,video7845.mp4,0.1961825994819873
real,MSR-VTT,video7846.mp4,0.2347539439604427
real,MSR-VTT,video7847.mp4,0.3265540381445726
real,MSR-VTT,video7848.mp4,0.1096803626089004
real,MSR-VTT,video7849.mp4,0.29082293383564867
real,MSR-VTT,video785.mp4,0.4232105015304921
real,MSR-VTT,video7850.mp4,0.4300241346833059
real,MSR-VTT,video7851.mp4,0.4750412055568637
real,MSR-VTT,video7852.mp4,0.2896897810218978
real,MSR-VTT,video7853.mp4,0.08729691546974334
real,MSR-VTT,video7854.mp4,0.2761360960678126
real,MSR-VTT,video7855.mp4,0.02690134212385213
real,MSR-VTT,video7856.mp4,0.15110666352719565
real,MSR-VTT,video7857.mp4,0.239507299270073
real,MSR-VTT,video7858.mp4,0.4936425712267483
real,MSR-VTT,video7859.mp4,0.13247586531669414
real,MSR-VTT,video786.mp4,0.06478102189781022
real,MSR-VTT,video7860.mp4,0.018115728749705674
real,MSR-VTT,video7861.mp4,0.8368259948198729
real,MSR-VTT,video7862.mp4,0.1325494466682364
real,MSR-VTT,video7863.mp4,0.2354603249352484
real,MSR-VTT,video7864.mp4,0.14732458205792323
real,MSR-VTT,video7865.mp4,0.032302213327054394
real,MSR-VTT,video7866.mp4,0.006578172827878503
real,MSR-VTT,video7867.mp4,0.14894337179185307
real,MSR-VTT,video7868.mp4,0.1230574523192842
real,MSR-VTT,video7869.mp4,0.24926418648457735
real,MSR-VTT,video787.mp4,0.3756033670826466
real,MSR-VTT,video7870.mp4,0.007034377207440546
real,MSR-VTT,video7871.mp4,0.16471921356251473
real,MSR-VTT,video7872.mp4,0.07940899458441253
real,MSR-VTT,video7873.mp4,0.5052095596891923
real,MSR-VTT,video7874.mp4,0.38422710148340006
real,MSR-VTT,video7875.mp4,0.275532728985166
real,MSR-VTT,video7876.mp4,0.4244025194254768
real,MSR-VTT,video7877.mp4,0.10653108076289144
real,MSR-VTT,video7878.mp4,0.2187279255945373
real,MSR-VTT,video7879.mp4,0.15883270543913353
real,MSR-VTT,video788.mp4,0.0977160348481281
real,MSR-VTT,video7880.mp4,0.12517659524370145
real,MSR-VTT,video7881.mp4,0.24689486696491642
real,MSR-VTT,video7882.mp4,0.3083058629620909
real,MSR-VTT,video7883.mp4,0.24396632917353428
real,MSR-VTT,video7884.mp4,0.32673063338827407
real,MSR-VTT,video7885.mp4,0.24156757711325644
real,MSR-VTT,video7886.mp4,0.1301948434188839
real,MSR-VTT,video7887.mp4,0.3817694843418884
real,MSR-VTT,video7888.mp4,0.17428478926300917
real,MSR-VTT,video7889.mp4,0.44347480574523196
real,MSR-VTT,video789.mp4,0.011993760301389215
real,MSR-VTT,video7890.mp4,0.02495879444313633
real,MSR-VTT,video7891.mp4,0.1607163880386155
real,MSR-VTT,video7892.mp4,0.2852160348481281
real,MSR-VTT,video7893.mp4,0.11255003531904875
real,MSR-VTT,video7894.mp4,0.17580056510477984
real,MSR-VTT,video7895.mp4,0.20202495879444313
real,MSR-VTT,video7896.mp4,0.25203084530256653
real,MSR-VTT,video7897.mp4,0.7598746173769719
real,MSR-VTT,video7898.mp4,0.07028490699317165
real,MSR-VTT,video7899.mp4,0.3386360960678126
real,MSR-VTT,video79.mp4,0.07617141511655287
real,MSR-VTT,video790.mp4,0.23934542029668
real,MSR-VTT,video7900.mp4,0.25668118672003765
real,MSR-VTT,video7901.mp4,0.11631740051801272
real,MSR-VTT,video7902.mp4,0.20702849069931717
real,MSR-VTT,video7903.mp4,0.23362079114669176
real,MSR-VTT,video7904.mp4,0.05774664469036967
real,MSR-VTT,video7905.mp4,0.3584294796326819
real,MSR-VTT,video7906.mp4,0.19206204379562042
real,MSR-VTT,video7907.mp4,0.2300447374617377
real,MSR-VTT,video7908.mp4,0.12617730162467625
real,MSR-VTT,video7909.mp4,0.885330821756534
real,MSR-VTT,video791.mp4,0.30163939251236166
real,MSR-VTT,video7910.mp4,0.06968153991052507
real,MSR-VTT,video7911.mp4,0.019808099835177773
real,MSR-VTT,video7912.mp4,0.014760419119378386
real,MSR-VTT,video7913.mp4,0.011346244407817284
real,MSR-VTT,video7914.mp4,0.02698963974570285
real,MSR-VTT,video7915.mp4,0.4985283729691547
real,MSR-VTT,video7916.mp4,0.2013774429008712
real,MSR-VTT,video7917.mp4,0.03209618554273605
real,MSR-VTT,video7918.mp4,0.13328526018365905
real,MSR-VTT,video7919.mp4,0.015393218742641865
real,MSR-VTT,video792.mp4,0.36533141040734635
real,MSR-VTT,video7920.mp4,0.16489580880621613
real,MSR-VTT,video7921.mp4,0.21941959029903463
real,MSR-VTT,video7922.mp4,0.04537026136096068
real,MSR-VTT,video7923.mp4,0.23966917824346595
real,MSR-VTT,video7924.mp4,0.5028696727101483
real,MSR-VTT,video7925.mp4,0.208485401459854
real,MSR-VTT,video7926.mp4,0.13397692488815635
real,MSR-VTT,video7927.mp4,0.08710560395573345
real,MSR-VTT,video7928.mp4,0.6399958794443137
real,MSR-VTT,video7929.mp4,0.13770014127619495
real,MSR-VTT,video793.mp4,0.21307687779609136
real,MSR-VTT,video7930.mp4,0.5022221568165764
real,MSR-VTT,video7931.mp4,0.24526136096067813
real,MSR-VTT,video7932.mp4,0.2330174240640452
real,MSR-VTT,video7933.mp4,0.048225217800800566
real,MSR-VTT,video7934.mp4,0.34574405462679536
real,MSR-VTT,video7935.mp4,0.41184954085236636
real,MSR-VTT,video7936.mp4,0.12492641864845773
real,MSR-VTT,video7937.mp4,0.09786319755121262
real,MSR-VTT,video7938.mp4,0.015113609606781257
real,MSR-VTT,video7939.mp4,0.6525341417471155
real,MSR-VTT,video794.mp4,0.10953319990581586
real,MSR-VTT,video7940.mp4,0.28465681657640685
real,MSR-VTT,video7941.mp4,0.18043619025194255
real,MSR-VTT,video7942.mp4,0.055392041441017184
real,MSR-VTT,video7943.mp4,0.1441458676712974
real,MSR-VTT,video7944.mp4,0.15500647515893573
real,MSR-VTT,video7945.mp4,0.03486284436072522
real,MSR-VTT,video7946.mp4,0.3785466211443372
real,MSR-VTT,video7947.mp4,0.16708853308217564
real,MSR-VTT,video7948.mp4,0.625
real,MSR-VTT,video7949.mp4,0.10132152107369909
real,MSR-VTT,video795.mp4,0.7762979750412056
real,MSR-VTT,video7950.mp4,0.1280168354132329
real,MSR-VTT,video7951.mp4,0.6490169531433954
real,MSR-VTT,video7952.mp4,0.22610077701907227
real,MSR-VTT,video7953.mp4,0.049564398398869794
real,MSR-VTT,video7954.mp4,0.4376324464327761
real,MSR-VTT,video7955.mp4,0.5678125735813515
real,MSR-VTT,video7956.mp4,0.06251471627030845
real,MSR-VTT,video7957.mp4,0.7055862962090889
real,MSR-VTT,video7958.mp4,0.018880974805745233
real,MSR-VTT,video7959.mp4,0.1567724275959501
real,MSR-VTT,video796.mp4,0.035392630091829524
real,MSR-VTT,video7960.mp4,0.7099864610313162
real,MSR-VTT,video7961.mp4,0.2551359783376501
real,MSR-VTT,video7962.mp4,0.05324346597598305
real,MSR-VTT,video7963.mp4,0.3282316929597363
real,MSR-VTT,video7964.mp4,0.07514127619496115
real,MSR-VTT,video7965.mp4,0.18326171415116552
real,MSR-VTT,video7966.mp4,0.23961031316223216
real,MSR-VTT,video7967.mp4,0.08576642335766424
real,MSR-VTT,video7968.mp4,0.34302154461973156
real,MSR-VTT,video7969.mp4,0.48871262067341653
real,MSR-VTT,video797.mp4,0.05162467624205321
real,MSR-VTT,video7970.mp4,0.5311101954320697
real,MSR-VTT,video7971.mp4,0.8820785260183659
real,MSR-VTT,video7972.mp4,0.0182334589121733
real,MSR-VTT,video7973.mp4,0.08169001648222274
real,MSR-VTT,video7974.mp4,0.03930715799387803
real,MSR-VTT,video7975.mp4,0.28339121732987993
real,MSR-VTT,video7976.mp4,0.5971862491170238
real,MSR-VTT,video7977.mp4,0.46828643748528376
real,MSR-VTT,video7978.mp4,0.3749558511890746
real,MSR-VTT,video7979.mp4,0.325656345655757
real,MSR-VTT,video798.mp4,0.052846126677654814
real,MSR-VTT,video7980.mp4,0.5862373440075348
real,MSR-VTT,video7981.mp4,0.0990552154461973
real,MSR-VTT,video7982.mp4,0.1534465505062397
real,MSR-VTT,video7983.mp4,0.04675359076995526
real,MSR-VTT,video7984.mp4,0.7147692488815635
real,MSR-VTT,video7985.mp4,0.27331057216858956
real,MSR-VTT,video7986.mp4,0.0060778196373911
real,MSR-VTT,video7987.mp4,0.4000618083352955
real,MSR-VTT,video7988.mp4,0.508932776077231
real,MSR-VTT,video7989.mp4,0.5036202024958795
real,MSR-VTT,video799.mp4,0.3560012950317871
real,MSR-VTT,video7990.mp4,0.2957676006592889
real,MSR-VTT,video7991.mp4,0.04407522957381681
real,MSR-VTT,video7992.mp4,0.5832352248646103
real,MSR-VTT,video7993.mp4,0.05503885095361431
real,MSR-VTT,video7994.mp4,0.04701848363550742
real,MSR-VTT,video7995.mp4,0.15964210030609843
real,MSR-VTT,video7996.mp4,0.4347186249117024
real,MSR-VTT,video7997.mp4,0.08622262773722628
real,MSR-VTT,video7998.mp4,0.041558747351071346
real,MSR-VTT,video7999.mp4,0.2646574052272192
real,MSR-VTT,video8.mp4,0.36465446197315754
real,MSR-VTT,video80.mp4,0.012641276194961148
real,MSR-VTT,video800.mp4,0.0427949140569814
real,MSR-VTT,video8000.mp4,0.3015952437014363
real,MSR-VTT,video8001.mp4,0.07127089710383801
real,MSR-VTT,video8002.mp4,0.8663321167883211
real,MSR-VTT,video8003.mp4,0.37723687308688486
real,MSR-VTT,video8004.mp4,0.04333941605839416
real,MSR-VTT,video8005.mp4,0.12030550977160348
real,MSR-VTT,video8006.mp4,0.0822345184836355
real,MSR-VTT,video8007.mp4,0.13287320461502236
real,MSR-VTT,video8008.mp4,0.017453496585825286
real,MSR-VTT,video8009.mp4,0.22006710619260655
real,MSR-VTT,video801.mp4,0.16065752295738167
real,MSR-VTT,video8010.mp4,0.1567282787850247
real,MSR-VTT,video8011.mp4,0.20776430421473982
real,MSR-VTT,video8012.mp4,0.519263597833765
real,MSR-VTT,video8013.mp4,0.0953319990581587
real,MSR-VTT,video8014.mp4,0.474761596421003
real,MSR-VTT,video8015.mp4,0.06314751589357194
real,MSR-VTT,video8016.mp4,0.1955203673181069
real,MSR-VTT,video8017.mp4,0.6023958088062162
real,MSR-VTT,video8018.mp4,0.07723098657876148
real,MSR-VTT,video8019.mp4,0.017527077937367554
real,MSR-VTT,video802.mp4,0.00841770661643513
real,MSR-VTT,video8020.mp4,0.3565752295738168
real,MSR-VTT,video8021.mp4,0.674667412291029
real,MSR-VTT,video8022.mp4,0.21677066164351308
real,MSR-VTT,video8023.mp4,0.8028166941370378
real,MSR-VTT,video8024.mp4,0.2541205556863668
real,MSR-VTT,video8025.mp4,0.0978043324699788
real,MSR-VTT,video8026.mp4,0.053390628679067575
real,MSR-VTT,video8027.mp4,0.16017188603720275
real,MSR-VTT,video8028.mp4,0.1371556392747822
real,MSR-VTT,video8029.mp4,0.8451554038144573
real,MSR-VTT,video803.mp4,0.33895985401459855
real,MSR-VTT,video8030.mp4,0.1063250529785731
real,MSR-VTT,video8031.mp4,0.09037261596421003
real,MSR-VTT,video8032.mp4,0.06823934542029668
real,MSR-VTT,video8033.mp4,0.04960854720979515
real,MSR-VTT,video8034.mp4,0.15067989168825052
real,MSR-VTT,video8035.mp4,0.09618554273604898
real,MSR-VTT,video8036.mp4,0.007461149046385685
real,MSR-VTT,video8037.mp4,0.263156345655757
real,MSR-VTT,video8038.mp4,0.15749352484106427
real,MSR-VTT,video8039.mp4,0.09124087591240876
real,MSR-VTT,video804.mp4,0.04747468801506946
real,MSR-VTT,video8040.mp4,0.018939839886979046
real,MSR-VTT,video8041.mp4,0.054229456086649405
real,MSR-VTT,video8042.mp4,0.3431098422415823
real,MSR-VTT,video8043.mp4,0.11480162467624205
real,MSR-VTT,video8044.mp4,0.33264657405227216
real,MSR-VTT,video8045.mp4,0.019219449022839653
real,MSR-VTT,video8046.mp4,0.2720744054626796
real,MSR-VTT,video8047.mp4,0.37107075582764304
real,MSR-VTT,video8048.mp4,0.6617318106898988
real,MSR-VTT,video8049.mp4,0.1745496821285613
real,MSR-VTT,video805.mp4,0.03843889804567931
real,MSR-VTT,video8050.mp4,0.37550035319048736
real,MSR-VTT,video8051.mp4,0.45713150459147633
real,MSR-VTT,video8052.mp4,0.3890687544148811
real,MSR-VTT,video8053.mp4,0.008770897103838004
real,MSR-VTT,video8054.mp4,0.07871732987991523
real,MSR-VTT,video8055.mp4,0.04238285848834471
real,MSR-VTT,video8056.mp4,0.11275606310336708
real,MSR-VTT,video8057.mp4,0.7177125029432541
real,MSR-VTT,video8058.mp4,0.702834353661408
real,MSR-VTT,video8059.mp4,0.05406757711325642
real,MSR-VTT,video806.mp4,0.18258476571697668
real,MSR-VTT,video8060.mp4,0.47184777489992935
real,MSR-VTT,video8061.mp4,0.009565575700494466
real,MSR-VTT,video8062.mp4,0.5221774193548387
real,MSR-VTT,video8063.mp4,0.035245467388745
real,MSR-VTT,video8064.mp4,0.4821785966564634
real,MSR-VTT,video8065.mp4,0.07958558982811395
real,MSR-VTT,video8066.mp4,0.08382387567694843
real,MSR-VTT,video8067.mp4,0.5175123616670592
real,MSR-VTT,video8068.mp4,0.4597804332469979
real,MSR-VTT,video8069.mp4,0.07436131386861314
real,MSR-VTT,video807.mp4,0.15811160819401932
real,MSR-VTT,video8070.mp4,0.09416941370379091
real,MSR-VTT,video8071.mp4,0.03720273133976925
real,MSR-VTT,video8072.mp4,0.2690722863197551
real,MSR-VTT,video8073.mp4,0.0724334824582058
real,MSR-VTT,video8074.mp4,0.2624499646809513
real,MSR-VTT,video8075.mp4,0.3866258535436779
real,MSR-VTT,video8076.mp4,0.030374381916647045
real,MSR-VTT,video8077.mp4,0.008535436778902755
real,MSR-VTT,video8078.mp4,0.6301065457970332
real,MSR-VTT,video8079.mp4,0.48350306098422413
real,MSR-VTT,video808.mp4,0.16677949140569814
real,MSR-VTT,video8080.mp4,0.048961031316223216
real,MSR-VTT,video8081.mp4,0.11628796797739581
real,MSR-VTT,video8082.mp4,0.017953849776312692
real,MSR-VTT,video8083.mp4,0.00618083352955027
real,MSR-VTT,video8084.mp4,0.486225570991288
real,MSR-VTT,video8085.mp4,0.49373086884859896
real,MSR-VTT,video8086.mp4,0.19178243465975983
real,MSR-VTT,video8087.mp4,0.24570284906993173
real,MSR-VTT,video8088.mp4,0.4875500353190487
real,MSR-VTT,video8089.mp4,0.18957499411349188
real,MSR-VTT,video809.mp4,0.0923887449964681
real,MSR-VTT,video8090.mp4,0.36592006121968446
real,MSR-VTT,video8091.mp4,0.24648281139627973
real,MSR-VTT,video8092.mp4,0.13491876618789733
real,MSR-VTT,video8093.mp4,0.025944784553802686
real,MSR-VTT,video8094.mp4,0.023075111843654343
real,MSR-VTT,video8095.mp4,0.1746821285613374
real,MSR-VTT,video8096.mp4,0.7068813279962326
real,MSR-VTT,video8097.mp4,0.07721627030845303
real,MSR-VTT,video8098.mp4,0.2805804097009654
real,MSR-VTT,video8099.mp4,0.16295326112550035
real,MSR-VTT,video81.mp4,0.2735018836825995
real,MSR-VTT,video810.mp4,0.09124087591240876
real,MSR-VTT,video8100.mp4,0.3211237344007535
real,MSR-VTT,video8101.mp4,0.34477278078643747
real,MSR-VTT,video8102.mp4,0.2306775370850012
real,MSR-VTT,video8103.mp4,0.05901224393689663
real,MSR-VTT,video8104.mp4,0.3053037438191665
real,MSR-VTT,video8105.mp4,0.2012891452790205
real,MSR-VTT,video8106.mp4,0.46244407817282784
real,MSR-VTT,video8107.mp4,0.2796091358606075
real,MSR-VTT,video8108.mp4,0.08973981634094655
real,MSR-VTT,video8109.mp4,0.09908464798681423
real,MSR-VTT,video811.mp4,0.14302743112785496
real,MSR-VTT,video8110.mp4,0.07673063338827407
real,MSR-VTT,video8111.mp4,0.32209500824111137
real,MSR-VTT,video8112.mp4,0.16838356486931952
real,MSR-VTT,video8113.mp4,0.13090122439368967
real,MSR-VTT,video8114.mp4,0.31004238285848834
real,MSR-VTT,video8115.mp4,0.393939839886979
real,MSR-VTT,video8116.mp4,0.10450023546032494
real,MSR-VTT,video8117.mp4,0.12345479161761243
real,MSR-VTT,video8118.mp4,0.1055450906522251
real,MSR-VTT,video8119.mp4,0.14832528843889803
real,MSR-VTT,video812.mp4,0.054626795384977625
real,MSR-VTT,video8120.mp4,0.09795149517306334
real,MSR-VTT,video8121.mp4,0.3077172121497528
real,MSR-VTT,video8122.mp4,0.11119613845067106
real,MSR-VTT,video8123.mp4,0.018115728749705677
real,MSR-VTT,video8124.mp4,0.2776960207205086
real,MSR-VTT,video8125.mp4,0.2290440310807629
real,MSR-VTT,video8126.mp4,0.08480986578761479
real,MSR-VTT,video8127.mp4,0.4116140805274311
real,MSR-VTT,video8128.mp4,0.02091182010831175
real,MSR-VTT,video8129.mp4,0.2140334353661408
real,MSR-VTT,video813.mp4,0.34138803861549327
real,MSR-VTT,video8130.mp4,0.49980868848599014
real,MSR-VTT,video8131.mp4,0.7398310572168589
real,MSR-VTT,video8132.mp4,0.24766011302095597
real,MSR-VTT,video8133.mp4,0.36358017424064043
real,MSR-VTT,video8134.mp4,0.015628679067577114
real,MSR-VTT,video8135.mp4,0.5148045679303037
real,MSR-VTT,video8136.mp4,0.19660937132093242
real,MSR-VTT,video8137.mp4,0.39594125264892865
real,MSR-VTT,video8138.mp4,0.028534848128090415
real,MSR-VTT,video8139.mp4,0.2259977631269131
real,MSR-VTT,video814.mp4,0.40346126677654814
real,MSR-VTT,video8140.mp4,0.04909347774899929
real,MSR-VTT,video8141.mp4,0.21693254061690603
real,MSR-VTT,video8142.mp4,0.4909200612196845
real,MSR-VTT,video8143.mp4,0.6878384742170944
real,MSR-VTT,video8144.mp4,0.3296297386390393
real,MSR-VTT,video8145.mp4,0.0070049446668236405
real,MSR-VTT,video8146.mp4,0.06029255945373205
real,MSR-VTT,video8147.mp4,0.006990228396515187
real,MSR-VTT,video8148.mp4,0.447050859430186
real,MSR-VTT,video8149.mp4,0.2300447374617377
real,MSR-VTT,video815.mp4,0.020117141511655286
real,MSR-VTT,video8150.mp4,0.2746791853072757
real,MSR-VTT,video8151.mp4,0.2621850718153991
real,MSR-VTT,video8152.mp4,0.006121968448316458
real,MSR-VTT,video8153.mp4,0.6162438191664704
real,MSR-VTT,video8154.mp4,0.6823640216623499
real,MSR-VTT,video8155.mp4,0.2707646574052272
real,MSR-VTT,video8156.mp4,0.5887243936896633
real,MSR-VTT,video8157.mp4,0.19535848834471392
real,MSR-VTT,video8158.mp4,0.5571432776077231
real,MSR-VTT,video8159.mp4,0.15430009418413
real,MSR-VTT,video816.mp4,0.35959206498704965
real,MSR-VTT,video8160.mp4,0.866199670355545
real,MSR-VTT,video8161.mp4,0.23860960678125737
real,MSR-VTT,video8162.mp4,0.14271838945137744
real,MSR-VTT,video8163.mp4,0.13300565104779846
real,MSR-VTT,video8164.mp4,0.0398810925359077
real,MSR-VTT,video8165.mp4,0.5261802448787379
real,MSR-VTT,video8166.mp4,0.22568872145043561
real,MSR-VTT,video8167.mp4,0.36787732517070876
real,MSR-VTT,video8168.mp4,0.6009388980456793
real,MSR-VTT,video8169.mp4,0.6432334589121733
real,MSR-VTT,video817.mp4,0.2354308923946315
real,MSR-VTT,video8170.mp4,0.4049328938073935
real,MSR-VTT,video8171.mp4,0.7280874735107135
real,MSR-VTT,video8172.mp4,0.20426183188132802
real,MSR-VTT,video8173.mp4,0.0036790675771132563
real,MSR-VTT,video8174.mp4,0.09568518954556157
real,MSR-VTT,video8175.mp4,0.1530050623969861
real,MSR-VTT,video8176.mp4,0.4193254061690605
real,MSR-VTT,video8177.mp4,0.2916617612432305
real,MSR-VTT,video8178.mp4,0.5734489051094891
real,MSR-VTT,video8179.mp4,0.11652342830233105
real,MSR-VTT,video818.mp4,0.10344066399811633
real,MSR-VTT,video8180.mp4,0.15137155639274782
real,MSR-VTT,video8181.mp4,0.24068460089474925
real,MSR-VTT,video8182.mp4,0.06314751589357194
real,MSR-VTT,video8183.mp4,0.02587120320226042
real,MSR-VTT,video8184.mp4,0.04102896161996704
real,MSR-VTT,video8185.mp4,0.455041794207676
real,MSR-VTT,video8186.mp4,0.012538262302801978
real,MSR-VTT,video8187.mp4,0.0736549328938074
real,MSR-VTT,video8188.mp4,0.052595950082411115
real,MSR-VTT,video8189.mp4,0.05383211678832117
real,MSR-VTT,video819.mp4,0.09873145749941135
real,MSR-VTT,video8190.mp4,0.13140157758417706
real,MSR-VTT,video8191.mp4,0.36315340240169536
real,MSR-VTT,video8192.mp4,0.38967212149752767
real,MSR-VTT,video8193.mp4,0.03221391570520367
real,MSR-VTT,video8194.mp4,0.08956322109724511
real,MSR-VTT,video8195.mp4,0.13419766894278315
real,MSR-VTT,video8196.mp4,0.09909936425712268
real,MSR-VTT,video8197.mp4,0.015599246526960207
real,MSR-VTT,video8198.mp4,0.6714298328231694
real,MSR-VTT,video8199.mp4,0.3529403108076289
real,MSR-VTT,video82.mp4,0.6805539204144102
real,MSR-VTT,video820.mp4,0.3291293854485519
real,MSR-VTT,video8200.mp4,0.5047680715799387
real,MSR-VTT,video8201.mp4,0.11556687073228161
real,MSR-VTT,video8202.mp4,0.11291794207676006
real,MSR-VTT,video8203.mp4,0.08232281610548622
real,MSR-VTT,video8204.mp4,0.15188662585354368
real,MSR-VTT,video8205.mp4,0.31953437720744055
real,MSR-VTT,video8206.mp4,0.22170061219684484
real,MSR-VTT,video8207.mp4,0.3574287732517071
real,MSR-VTT,video8208.mp4,0.2327672474688015
real,MSR-VTT,video8209.mp4,0.18468919237108547
real,MSR-VTT,video821.mp4,0.04341299740993643
real,MSR-VTT,video8210.mp4,0.044928773251707084
real,MSR-VTT,video8211.mp4,0.04507593595479162
real,MSR-VTT,video8212.mp4,0.30835001177301624
real,MSR-VTT,video8213.mp4,0.11305038850953614
real,MSR-VTT,video8214.mp4,0.44992053214033434
real,MSR-VTT,video8215.mp4,0.06270602778431834
real,MSR-VTT,video8216.mp4,0.18449788085707558
real,MSR-VTT,video8217.mp4,0.708352955027078
real,MSR-VTT,video8218.mp4,0.00816753002119143
real,MSR-VTT,video8219.mp4,0.18707322816105487
real,MSR-VTT,video822.mp4,0.177007299270073
real,MSR-VTT,video8220.mp4,0.2742818460089475
real,MSR-VTT,video8221.mp4,0.5792765481516364
real,MSR-VTT,video8222.mp4,0.4324081704732753
real,MSR-VTT,video8223.mp4,0.23946315045914762
real,MSR-VTT,video8224.mp4,0.005135978337650106
real,MSR-VTT,video8225.mp4,0.18354132328702613
real,MSR-VTT,video8226.mp4,0.11886331528137509
real,MSR-VTT,video8227.mp4,0.01634977631269131
real,MSR-VTT,video8228.mp4,0.02413468330586296
real,MSR-VTT,video8229.mp4,0.043795620437956206
real,MSR-VTT,video823.mp4,0.17575641629385447
real,MSR-VTT,video8230.mp4,0.4595744054626796
real,MSR-VTT,video8231.mp4,0.16742700729927007
real,MSR-VTT,video8232.mp4,0.016467506475158936
real,MSR-VTT,video8233.mp4,0.43950141276194965
real,MSR-VTT,video8234.mp4,0.0834265363786202
real,MSR-VTT,video8235.mp4,0.05612785495643984
real,MSR-VTT,video8236.mp4,0.010566282081469272
real,MSR-VTT,video8237.mp4,0.9281257358135154
real,MSR-VTT,video8238.mp4,0.33307334589121734
real,MSR-VTT,video8239.mp4,0.2661878973392983
real,MSR-VTT,video824.mp4,0.1457057923239934
real,MSR-VTT,video8240.mp4,0.4779697433482458
real,MSR-VTT,video8241.mp4,0.10488285848834471
real,MSR-VTT,video8242.mp4,0.05125676948434189
real,MSR-VTT,video8243.mp4,0.358561926065458
real,MSR-VTT,video8244.mp4,0.08026253826230281
real,MSR-VTT,video8245.mp4,0.04676830704026372
real,MSR-VTT,video8246.mp4,0.18465975983046856
real,MSR-VTT,video8247.mp4,0.06576701200847658
real,MSR-VTT,video8248.mp4,0.019322462914998825
real,MSR-VTT,video8249.mp4,0.5773781492818459
real,MSR-VTT,video825.mp4,0.10039439604426653
real,MSR-VTT,video8250.mp4,0.6442047327525312
real,MSR-VTT,video8251.mp4,0.3948080998351778
real,MSR-VTT,video8252.mp4,0.09982046150223688
real,MSR-VTT,video8253.mp4,0.19864021662349893
real,MSR-VTT,video8254.mp4,0.7024517306333883
real,MSR-VTT,video8255.mp4,0.10283729691546975
real,MSR-VTT,video8256.mp4,0.03269955262538262
real,MSR-VTT,video8257.mp4,0.4084353661408053
real,MSR-VTT,video8258.mp4,0.4129238285848834
real,MSR-VTT,video8259.mp4,0.48423887449964675
real,MSR-VTT,video826.mp4,0.6134330115375559
real,MSR-VTT,video8260.mp4,0.009109371320932423
real,MSR-VTT,video8261.mp4,0.5479308923946314
real,MSR-VTT,video8262.mp4,0.2333264657405227
real,MSR-VTT,video8263.mp4,0.3509683305862962
real,MSR-VTT,video8264.mp4,0.4908906286790676
real,MSR-VTT,video8265.mp4,0.25822639510242523
real,MSR-VTT,video8266.mp4,0.1536378620202496
real,MSR-VTT,video8267.mp4,0.28219919943489524
real,MSR-VTT,video8268.mp4,0.024208264657405228
real,MSR-VTT,video8269.mp4,0.13940722863197552
real,MSR-VTT,video827.mp4,0.07536202024958795
real,MSR-VTT,video8270.mp4,0.5400576877796092
real,MSR-VTT,video8271.mp4,0.3327643042147398
real,MSR-VTT,video8272.mp4,0.009124087591240877
real,MSR-VTT,video8273.mp4,0.26521662349894043
real,MSR-VTT,video8274.mp4,0.012479397221568166
real,MSR-VTT,video8275.mp4,0.07759889333647281
real,MSR-VTT,video8276.mp4,0.006327996232634801
real,MSR-VTT,video8277.mp4,0.005091829526724747
real,MSR-VTT,video8278.mp4,0.028991052507652458
real,MSR-VTT,video8279.mp4,0.2549152342830233
real,MSR-VTT,video828.mp4,0.05150694607958559
real,MSR-VTT,video8280.mp4,0.27276607016717686
real,MSR-VTT,video8281.mp4,0.12276312691311514
real,MSR-VTT,video8282.mp4,0.535569225335531
real,MSR-VTT,video8283.mp4,0.045635154226512833
real,MSR-VTT,video8284.mp4,0.34587650105957146
real,MSR-VTT,video8285.mp4,0.11185837061455145
real,MSR-VTT,video8286.mp4,0.3332352248646103
real,MSR-VTT,video8287.mp4,0.13316753002119142
real,MSR-VTT,video8288.mp4,0.010124793972215681
real,MSR-VTT,video8289.mp4,0.6322845538026842
real,MSR-VTT,video829.mp4,0.022118554273604898
real,MSR-VTT,video8290.mp4,0.6942253355309631
real,MSR-VTT,video8291.mp4,0.39182069696256183
real,MSR-VTT,video8292.mp4,0.11597892630091829
real,MSR-VTT,video8293.mp4,0.5830880621615258
real,MSR-VTT,video8294.mp4,0.5584971744761008
real,MSR-VTT,video8295.mp4,0.04411937838474217
real,MSR-VTT,video8296.mp4,0.24203849776312691
real,MSR-VTT,video8297.mp4,0.31999058158700255
real,MSR-VTT,video8298.mp4,0.10558923946315046
real,MSR-VTT,video8299.mp4,0.20570402637155638
real,MSR-VTT,video83.mp4,0.5502266305627501
real,MSR-VTT,video830.mp4,0.364669178243466
real,MSR-VTT,video8300.mp4,0.46026607016717686
real,MSR-VTT,video8301.mp4,0.46239992936190255
real,MSR-VTT,video8302.mp4,0.06029255945373205
real,MSR-VTT,video8303.mp4,0.02666588179891688
real,MSR-VTT,video8304.mp4,0.14489639745702848
real,MSR-VTT,video8305.mp4,0.25791735342594774
real,MSR-VTT,video8306.mp4,0.03618730868848599
real,MSR-VTT,video8307.mp4,0.005577466446903697
real,MSR-VTT,video8308.mp4,0.12965034141747117
real,MSR-VTT,video8309.mp4,0.5362461737697198
real,MSR-VTT,video831.mp4,0.041102542971509295
real,MSR-VTT,video8310.mp4,0.19650635742877326
real,MSR-VTT,video8311.mp4,0.5685631033670826
real,MSR-VTT,video8312.mp4,0.014392512361667059
real,MSR-VTT,video8313.mp4,0.035907699552625384
real,MSR-VTT,video8314.mp4,0.05499470214268896
real,MSR-VTT,video8315.mp4,0.12332234518483634
real,MSR-VTT,video8316.mp4,0.22811690605133034
real,MSR-VTT,video8317.mp4,0.4600158935719332
real,MSR-VTT,video8318.mp4,0.5883417706616435
real,MSR-VTT,video8319.mp4,0.17733105721685893
real,MSR-VTT,video832.mp4,0.5691370379091123
real,MSR-VTT,video8320.mp4,0.6052949140569814
real,MSR-VTT,video8321.mp4,0.6294590299034613
real,MSR-VTT,video8322.mp4,0.6018071579938781
real,MSR-VTT,video8323.mp4,0.11839239463150458
real,MSR-VTT,video8324.mp4,0.5696668236402166
real,MSR-VTT,video8325.mp4,0.3497174476100777
real,MSR-VTT,video8326.mp4,0.3828143395337886
real,MSR-VTT,video8327.mp4,0.021971391570520367
real,MSR-VTT,video8328.mp4,0.07483223451848364
real,MSR-VTT,video8329.mp4,0.06561984930539204
real,MSR-VTT,video833.mp4,0.7609489051094891
real,MSR-VTT,video8330.mp4,0.2299122910289616
real,MSR-VTT,video8331.mp4,0.15382917353425948
real,MSR-VTT,video8332.mp4,0.1420708735578055
real,MSR-VTT,video8333.mp4,0.4401047798445962
real,MSR-VTT,video8334.mp4,0.01883682599481987
real,MSR-VTT,video8335.mp4,0.007063809748057453
real,MSR-VTT,video8336.mp4,0.029829879915234284
real,MSR-VTT,video8337.mp4,0.3469213562514716
real,MSR-VTT,video8338.mp4,0.0036202024958794446
real,MSR-VTT,video8339.mp4,0.7838621379797504
real,MSR-VTT,video834.mp4,0.19806628208146929
real,MSR-VTT,video8340.mp4,0.23612255709912877
real,MSR-VTT,video8341.mp4,0.013141629385448552
real,MSR-VTT,video8342.mp4,0.17633035083588416
real,MSR-VTT,video8343.mp4,0.4525253119849305
real,MSR-VTT,video8344.mp4,0.29303037438191665
real,MSR-VTT,video8345.mp4,0.4607075582764304
real,MSR-VTT,video8346.mp4,0.03614315987756063
real,MSR-VTT,video8347.mp4,0.23588709677419356
real,MSR-VTT,video8348.mp4,0.4846509300682835
real,MSR-VTT,video8349.mp4,0.4135566282081469
real,MSR-VTT,video835.mp4,0.2013480103602543
real,MSR-VTT,video8350.mp4,0.0175123616670591
real,MSR-VTT,video8351.mp4,0.026857193312926773
real,MSR-VTT,video8352.mp4,0.5263715563927478
real,MSR-VTT,video8353.mp4,0.06841594066399811
real,MSR-VTT,video8354.mp4,0.21837473510713445
real,MSR-VTT,video8355.mp4,0.2654373675535672
real,MSR-VTT,video8356.mp4,0.09082882034377207
real,MSR-VTT,video8357.mp4,0.09318342359312455
real,MSR-VTT,video8358.mp4,0.3988992229809277
real,MSR-VTT,video8359.mp4,0.18692606545797033
real,MSR-VTT,video836.mp4,0.01303861549328938
real,MSR-VTT,video8360.mp4,0.2511625853543678
real,MSR-VTT,video8361.mp4,0.25841770661643515
real,MSR-VTT,video8362.mp4,0.14485224864610313
real,MSR-VTT,video8363.mp4,0.11569931716505769
real,MSR-VTT,video8364.mp4,0.7687632446432776
real,MSR-VTT,video8365.mp4,0.27904991758888625
real,MSR-VTT,video8366.mp4,0.07855545090652225
real,MSR-VTT,video8367.mp4,0.01521662349894043
real,MSR-VTT,video8368.mp4,0.6414969390157759
real,MSR-VTT,video8369.mp4,0.10885625147162703
real,MSR-VTT,video837.mp4,0.42479985872380505
real,MSR-VTT,video8370.mp4,0.1118730868848599
real,MSR-VTT,video8371.mp4,0.34559689192371085
real,MSR-VTT,video8372.mp4,0.1344625618083353
real,MSR-VTT,video8373.mp4,0.5084912879679774
real,MSR-VTT,video8374.mp4,0.40131269131151404
real,MSR-VTT,video8375.mp4,0.4731133741464563
real,MSR-VTT,video8376.mp4,0.026871909583235227
real,MSR-VTT,video8377.mp4,0.05840887685425006
real,MSR-VTT,video8378.mp4,0.00871203202260419
real,MSR-VTT,video8379.mp4,0.10372027313397693
real,MSR-VTT,video838.mp4,0.009830468566046621
real,MSR-VTT,video8380.mp4,0.49983812102660696
real,MSR-VTT,video8381.mp4,0.04322168589592654
real,MSR-VTT,video8382.mp4,0.4985430892394631
real,MSR-VTT,video8383.mp4,0.17638921591711798
real,MSR-VTT,video8384.mp4,0.06866611725924181
real,MSR-VTT,video8385.mp4,0.10233694372498234
real,MSR-VTT,video8386.mp4,0.2924711561101954
real,MSR-VTT,video8387.mp4,0.22986814221803625
real,MSR-VTT,video8388.mp4,0.09500824111137274
real,MSR-VTT,video8389.mp4,0.40596303272898515
real,MSR-VTT,video839.mp4,0.14077584177066166
real,MSR-VTT,video8390.mp4,0.34525841770661647
real,MSR-VTT,video8391.mp4,0.00934483164586767
real,MSR-VTT,video8392.mp4,0.3050241346833059
real,MSR-VTT,video8393.mp4,0.1055450906522251
real,MSR-VTT,video8394.mp4,0.4612373440075347
real,MSR-VTT,video8395.mp4,0.5354514951730633
real,MSR-VTT,video8396.mp4,0.3533229338356487
real,MSR-VTT,video8397.mp4,0.01561396279726866
real,MSR-VTT,video8398.mp4,0.3635360254297151
real,MSR-VTT,video8399.mp4,0.22994172356957854
real,MSR-VTT,video84.mp4,0.26033082175653405
real,MSR-VTT,video840.mp4,0.06411878973392984
real,MSR-VTT,video8400.mp4,0.5756857781963739
real,MSR-VTT,video8401.mp4,0.18362962090887686
real,MSR-VTT,video8402.mp4,0.5242376971980222
real,MSR-VTT,video8403.mp4,0.262538262302802
real,MSR-VTT,video8404.mp4,0.24758653166941372
real,MSR-VTT,video8405.mp4,0.1483400047092065
real,MSR-VTT,video8406.mp4,0.05349364257122675
real,MSR-VTT,video8407.mp4,0.03761478690840593
real,MSR-VTT,video8408.mp4,0.4792647751353897
real,MSR-VTT,video8409.mp4,0.242789027548858
real,MSR-VTT,video841.mp4,0.09609724511419826
real,MSR-VTT,video8410.mp4,0.019499058158700257
real,MSR-VTT,video8411.mp4,0.37001118436543445
real,MSR-VTT,video8412.mp4,0.04389863433011537
real,MSR-VTT,video8413.mp4,0.12626559924652697
real,MSR-VTT,video8414.mp4,0.12154167647751354
real,MSR-VTT,video8415.mp4,0.1838062161525783
real,MSR-VTT,video8416.mp4,0.10679597362844362
real,MSR-VTT,video8417.mp4,0.12616258535436778
real,MSR-VTT,video8418.mp4,0.17585943018601366
real,MSR-VTT,video8419.mp4,0.12221862491170238
real,MSR-VTT,video842.mp4,0.20199552625382622
real,MSR-VTT,video8420.mp4,0.2967388744996468
real,MSR-VTT,video8421.mp4,0.17500588650812338
real,MSR-VTT,video8422.mp4,0.34728926300918295
real,MSR-VTT,video8423.mp4,0.6192017894984695
real,MSR-VTT,video8424.mp4,0.029020485048269366
real,MSR-VTT,video8425.mp4,0.6035878267012009
real,MSR-VTT,video8426.mp4,0.04445785260183659
real,MSR-VTT,video8427.mp4,0.09406639981163174
real,MSR-VTT,video8428.mp4,0.45418825052978573
real,MSR-VTT,video8429.mp4,0.251398045679303
real,MSR-VTT,video843.mp4,0.11864257122674829
real,MSR-VTT,video8430.mp4,0.0870320226041912
real,MSR-VTT,video8431.mp4,0.09071109018130445
real,MSR-VTT,video8432.mp4,0.1321079585589828
real,MSR-VTT,video8433.mp4,0.13940722863197552
real,MSR-VTT,video8434.mp4,0.562205674593831
real,MSR-VTT,video8435.mp4,0.0916087826701201
real,MSR-VTT,video8436.mp4,0.05072698375323758
real,MSR-VTT,video8437.mp4,0.5420149517306334
real,MSR-VTT,video8438.mp4,0.4067429950553332
real,MSR-VTT,video8439.mp4,0.22137685425005887
real,MSR-VTT,video844.mp4,0.15940663998116317
real,MSR-VTT,video8440.mp4,0.17369613845067106
real,MSR-VTT,video8441.mp4,0.17432893807393454
real,MSR-VTT,video8442.mp4,0.7032905580409701
real,MSR-VTT,video8443.mp4,0.3357958558982811
real,MSR-VTT,video8444.mp4,0.38777372262773724
real,MSR-VTT,video8445.mp4,0.12607428773251705
real,MSR-VTT,video8446.mp4,0.004179420767600659
real,MSR-VTT,video8447.mp4,0.11837767836119614
real,MSR-VTT,video8448.mp4,0.35511831881327993
real,MSR-VTT,video8449.mp4,0.06180833529550271
real,MSR-VTT,video845.mp4,0.15744937603013892
real,MSR-VTT,video8450.mp4,0.02957970331999058
real,MSR-VTT,video8451.mp4,0.5475188368259949
real,MSR-VTT,video8452.mp4,0.3381798916882505
real,MSR-VTT,video8453.mp4,0.1923563692017895
real,MSR-VTT,video8454.mp4,0.4567488815634565
real,MSR-VTT,video8455.mp4,0.12526489286555215
real,MSR-VTT,video8456.mp4,0.8379885801742406
real,MSR-VTT,video8457.mp4,0.32277195667530023
real,MSR-VTT,video8458.mp4,0.08491287967977396
real,MSR-VTT,video8459.mp4,0.018557216858959266
real,MSR-VTT,video846.mp4,0.3376648222274547
real,MSR-VTT,video8460.mp4,0.14249764539675064
real,MSR-VTT,video8461.mp4,0.08139569107605368
real,MSR-VTT,video8462.mp4,0.10317577113256417
real,MSR-VTT,video8463.mp4,0.003281728278785025
real,MSR-VTT,video8464.mp4,0.19781610548622558
real,MSR-VTT,video8465.mp4,0.6332116788321167
real,MSR-VTT,video8466.mp4,0.37488226983753237
real,MSR-VTT,video8467.mp4,0.10161584647986815
real,MSR-VTT,video8468.mp4,0.1536378620202496
real,MSR-VTT,video8469.mp4,0.08554567930303744
real,MSR-VTT,video847.mp4,0.13940722863197552
real,MSR-VTT,video8470.mp4,0.3055980692253355
real,MSR-VTT,video8471.mp4,0.36358017424064043
real,MSR-VTT,video8472.mp4,0.6684571462208617
real,MSR-VTT,video8473.mp4,0.07059394866964916
real,MSR-VTT,video8474.mp4,0.3145602778431834
real,MSR-VTT,video8475.mp4,0.09104956439839887
real,MSR-VTT,video8476.mp4,0.08851836590534495
real,MSR-VTT,video8477.mp4,0.008962208617847894
real,MSR-VTT,video8478.mp4,0.4608400047092065
real,MSR-VTT,video8479.mp4,0.3310130680480339
real,MSR-VTT,video848.mp4,0.26290616906051334
real,MSR-VTT,video8480.mp4,0.7505445020014128
real,MSR-VTT,video8481.mp4,0.24801330350835885
real,MSR-VTT,video8482.mp4,0.44026665881798915
real,MSR-VTT,video8483.mp4,0.15970096538733222
real,MSR-VTT,video8484.mp4,0.44961149046385684
real,MSR-VTT,video8485.mp4,0.15041499882269838
real,MSR-VTT,video8486.mp4,0.5007505297857311
real,MSR-VTT,video8487.mp4,0.26623204615022367
real,MSR-VTT,video8488.mp4,0.06361843654344243
real,MSR-VTT,video8489.mp4,0.046724158229338356
real,MSR-VTT,video849.mp4,0.0965534494937603
real,MSR-VTT,video8490.mp4,0.007269837532375794
real,MSR-VTT,video8491.mp4,0.5388803861549329
real,MSR-VTT,video8492.mp4,0.11493407110901813
real,MSR-VTT,video8493.mp4,0.2323257593595479
real,MSR-VTT,video8494.mp4,0.2922356957852602
real,MSR-VTT,video8495.mp4,0.13952495879444313
real,MSR-VTT,video8496.mp4,0.563309394866965
real,MSR-VTT,video8497.mp4,0.15984812809041676
real,MSR-VTT,video8498.mp4,0.025164822227454677
real,MSR-VTT,video8499.mp4,0.0432952672474688
real,MSR-VTT,video85.mp4,0.4054921120791146
real,MSR-VTT,video850.mp4,0.16270308453025664
real,MSR-VTT,video8500.mp4,0.2155050623969861
real,MSR-VTT,video8501.mp4,0.17887626559924652
real,MSR-VTT,video8502.mp4,0.4139392512361667
real,MSR-VTT,video8503.mp4,0.9243583706145515
real,MSR-VTT,video8504.mp4,0.7690870025900636
real,MSR-VTT,video8505.mp4,0.021279726866023075
real,MSR-VTT,video8506.mp4,0.3034789263009183
real,MSR-VTT,video8507.mp4,0.09739227690134213
real,MSR-VTT,video8508.mp4,0.4648869790440311
real,MSR-VTT,video8509.mp4,0.41154049917588886
real,MSR-VTT,video851.mp4,0.20039145279020487
real,MSR-VTT,video8510.mp4,0.5302713680244878
real,MSR-VTT,video8511.mp4,0.3999293619025195
real,MSR-VTT,video8512.mp4,0.1203938073934542
real,MSR-VTT,video8513.mp4,0.6014834000470921
real,MSR-VTT,video8514.mp4,0.12717800800565104
real,MSR-VTT,video8515.mp4,0.7037614786908406
real,MSR-VTT,video8516.mp4,0.3564427831410407
real,MSR-VTT,video8517.mp4,0.40903873322345186
real,MSR-VTT,video8518.mp4,0.11094596185542736
real,MSR-VTT,video8519.mp4,0.05765834706851895
real,MSR-VTT,video852.mp4,0.040764068754414885
real,MSR-VTT,video8520.mp4,0.47292206263244646
real,MSR-VTT,video8521.mp4,0.05094772780786437
real,MSR-VTT,video8522.mp4,0.40861196138450673
real,MSR-VTT,video8523.mp4,0.602130915940664
real,MSR-VTT,video8524.mp4,0.2354897574758653
real,MSR-VTT,video8525.mp4,0.1615257829055804
real,MSR-VTT,video8526.mp4,0.4319961149046386
real,MSR-VTT,video8527.mp4,0.428729102896162
real,MSR-VTT,video8529.mp4,0.40085648693195197
real,MSR-VTT,video853.mp4,0.0308894513774429
real,MSR-VTT,video8530.mp4,0.02220685189545562
real,MSR-VTT,video8531.mp4,0.6497380503885095
real,MSR-VTT,video8532.mp4,0.23478337650105957
real,MSR-VTT,video8533.mp4,0.16151106663527195
real,MSR-VTT,video8534.mp4,0.08940134212385213
real,MSR-VTT,video8535.mp4,0.06551683541323286
real,MSR-VTT,video8536.mp4,0.03389157052036732
real,MSR-VTT,video8537.mp4,0.46419531433953376
real,MSR-VTT,video8538.mp4,0.5016040734636213
real,MSR-VTT,video8539.mp4,0.12095302566517542
real,MSR-VTT,video854.mp4,0.21304744525547445
real,MSR-VTT,video8540.mp4,0.06411878973392983
real,MSR-VTT,video8541.mp4,0.8198581351542265
real,MSR-VTT,video8542.mp4,0.04874028726159642
real,MSR-VTT,video8543.mp4,0.27946197315752297
real,MSR-VTT,video8544.mp4,0.0702407581822463
real,MSR-VTT,video8545.mp4,0.033965151871909585
real,MSR-VTT,video8546.mp4,0.027166234989404285
real,MSR-VTT,video8547.mp4,0.06263244643277607
real,MSR-VTT,video8548.mp4,0.5383064516129032
real,MSR-VTT,video8549.mp4,0.35528019778667297
real,MSR-VTT,video855.mp4,0.007917353425947727
real,MSR-VTT,video8550.mp4,0.5758623734400754
real,MSR-VTT,video8551.mp4,0.7840828820343773
real,MSR-VTT,video8552.mp4,0.4385007063809748
real,MSR-VTT,video8553.mp4,0.5798357664233577
real,MSR-VTT,video8554.mp4,0.41417471156110197
real,MSR-VTT,video8555.mp4,0.48023604897574756
real,MSR-VTT,video8556.mp4,0.225409112314575
real,MSR-VTT,video8557.mp4,0.5422209795149517
real,MSR-VTT,video8558.mp4,0.35817930303743817
real,MSR-VTT,video8559.mp4,0.2099570284906993
real,MSR-VTT,video856.mp4,0.31235283729691543
real,MSR-VTT,video8560.mp4,0.02831410407346362
real,MSR-VTT,video8561.mp4,0.24604132328702613
real,MSR-VTT,video8562.mp4,0.40765540381445725
real,MSR-VTT,video8563.mp4,0.15549211207911467
real,MSR-VTT,video8564.mp4,0.5644425476807158
real,MSR-VTT,video8565.mp4,0.022147986814221803
real,MSR-VTT,video8566.mp4,0.7414351306804803
real,MSR-VTT,video8567.mp4,0.05815870025900636
real,MSR-VTT,video8568.mp4,0.1774782199199435
real,MSR-VTT,video8569.mp4,0.17382858488344713
real,MSR-VTT,video857.mp4,0.077378149281846
real,MSR-VTT,video8570.mp4,0.165572757240405
real,MSR-VTT,video8571.mp4,0.11717094419590299
real,MSR-VTT,video8572.mp4,0.3054803390628679
real,MSR-VTT,video8573.mp4,0.023707911466917822
real,MSR-VTT,video8574.mp4,0.2011272663056275
real,MSR-VTT,video8575.mp4,0.06086649399576172
real,MSR-VTT,video8576.mp4,0.6863226983753237
real,MSR-VTT,video8577.mp4,0.26999941134918765
real,MSR-VTT,video8578.mp4,0.07400812338121027
real,MSR-VTT,video8579.mp4,0.6318283494231222
real,MSR-VTT,video858.mp4,0.08448610784082881
real,MSR-VTT,video8580.mp4,0.4137626559924653
real,MSR-VTT,video8581.mp4,0.014995879444313635
real,MSR-VTT,video8582.mp4,0.2637155639274782
real,MSR-VTT,video8583.mp4,0.15621320932422889
real,MSR-VTT,video8584.mp4,0.7943401224393689
real,MSR-VTT,video8585.mp4,0.5690487402872616
real,MSR-VTT,video8586.mp4,0.2166970802919708
real,MSR-VTT,video8587.mp4,0.19329821050153048
real,MSR-VTT,video8588.mp4,0.6612167412291029
real,MSR-VTT,video8589.mp4,0.16345361431598776
real,MSR-VTT,video859.mp4,0.6138009182952673
real,MSR-VTT,video8590.mp4,0.24246526960207204
real,MSR-VTT,video8591.mp4,0.021515187190958324
real,MSR-VTT,video8592.mp4,0.16031904874028727
real,MSR-VTT,video8593.mp4,0.5202348716741229
real,MSR-VTT,video8594.mp4,0.35972451141982575
real,MSR-VTT,video8595.mp4,0.02807864374852837
real,MSR-VTT,video8596.mp4,0.5309188839180599
real,MSR-VTT,video8597.mp4,0.6775223687308688
real,MSR-VTT,video8598.mp4,0.22308394160583944
real,MSR-VTT,video8599.mp4,0.16037791382152108
real,MSR-VTT,video86.mp4,0.01960207205085943
real,MSR-VTT,video860.mp4,0.02183894513774429
real,MSR-VTT,video8600.mp4,0.12232163880386154
real,MSR-VTT,video8601.mp4,0.2669972922062632
real,MSR-VTT,video8602.mp4,0.10062985636920178
real,MSR-VTT,video8603.mp4,0.4252707793736755
real,MSR-VTT,video8604.mp4,0.11462502943254063
real,MSR-VTT,video8605.mp4,0.19554979985872378
real,MSR-VTT,video8606.mp4,0.3777813750882976
real,MSR-VTT,video8607.mp4,0.2168148104544384
real,MSR-VTT,video8608.mp4,0.5804097009653874
real,MSR-VTT,video8609.mp4,0.7506475158935719
real,MSR-VTT,video861.mp4,0.5333029197080292
real,MSR-VTT,video8610.mp4,0.3646250294325406
real,MSR-VTT,video8611.mp4,0.020882387567694845
real,MSR-VTT,video8612.mp4,0.1450877089710384
real,MSR-VTT,video8613.mp4,0.03979279491405698
real,MSR-VTT,video8614.mp4,0.4137332234518484
real,MSR-VTT,video8615.mp4,0.03140452083823876
real,MSR-VTT,video8616.mp4,0.17625676948434188
real,MSR-VTT,video8617.mp4,0.5702407581822463
real,MSR-VTT,video8618.mp4,0.1084589121732988
real,MSR-VTT,video8619.mp4,0.4612373440075347
real,MSR-VTT,video862.mp4,0.1045738168118672
real,MSR-VTT,video8620.mp4,0.8685837061455145
real,MSR-VTT,video8621.mp4,0.0488433011537556
real,MSR-VTT,video8622.mp4,0.2572845538026842
real,MSR-VTT,video8623.mp4,0.07508241111372733
real,MSR-VTT,video8624.mp4,0.03826230280197787
real,MSR-VTT,video8625.mp4,0.5755974805745232
real,MSR-VTT,video8626.mp4,0.6231751824817517
real,MSR-VTT,video8627.mp4,0.09500824111137274
real,MSR-VTT,video8628.mp4,0.02313397692488816
real,MSR-VTT,video8629.mp4,0.4994702142688957
real,MSR-VTT,video863.mp4,0.024973510713444783
real,MSR-VTT,video8630.mp4,0.5196462208617848
real,MSR-VTT,video8631.mp4,0.03000647515893572
real,MSR-VTT,video8632.mp4,0.02850541558747351
real,MSR-VTT,video8633.mp4,0.09646515187190959
real,MSR-VTT,video8634.mp4,0.04067577113256417
real,MSR-VTT,video8635.mp4,0.4128208146927243
real,MSR-VTT,video8636.mp4,0.018910407346362137
real,MSR-VTT,video8637.mp4,0.22062632446432776
real,MSR-VTT,video8638.mp4,0.1942400518012715
real,MSR-VTT,video8639.mp4,0.4647839651518719
real,MSR-VTT,video864.mp4,0.019999411349187663
real,MSR-VTT,video8640.mp4,0.012464680951259714
real,MSR-VTT,video8641.mp4,0.2143719095832352
real,MSR-VTT,video8642.mp4,0.24325994819872854
real,MSR-VTT,video8643.mp4,0.355736402166235
real,MSR-VTT,video8644.mp4,0.04993230515658112
real,MSR-VTT,video8645.mp4,0.6293707322816106
real,MSR-VTT,video8646.mp4,0.4807069696256181
real,MSR-VTT,video8647.mp4,0.35458853308217564
real,MSR-VTT,video8648.mp4,0.2725158935719331
real,MSR-VTT,video8649.mp4,0.04787202731339769
real,MSR-VTT,video865.mp4,0.020499764539675065
real,MSR-VTT,video8650.mp4,0.1309600894749235
real,MSR-VTT,video8651.mp4,0.03977807864374853
real,MSR-VTT,video8652.mp4,0.4034465505062397
real,MSR-VTT,video8653.mp4,0.02169178243465976
real,MSR-VTT,video8654.mp4,0.24074346597598306
real,MSR-VTT,video8655.mp4,0.16126089004002825
real,MSR-VTT,video8656.mp4,0.18240817047327526
real,MSR-VTT,video8657.mp4,0.10588356486931952
real,MSR-VTT,video8658.mp4,0.7171091358606074
real,MSR-VTT,video8659.mp4,0.14167353425947726
real,MSR-VTT,video866.mp4,0.39145279020485046
real,MSR-VTT,video8660.mp4,0.17943548387096775
real,MSR-VTT,video8661.mp4,0.10045326112550035
real,MSR-VTT,video8662.mp4,0.33993112785495644
real,MSR-VTT,video8663.mp4,0.02681304450200141
real,MSR-VTT,video8664.mp4,0.3966770661643513
real,MSR-VTT,video8665.mp4,0.37520602778431833
real,MSR-VTT,video8666.mp4,0.04236814221803627
real,MSR-VTT,video8667.mp4,0.03995467388744997
real,MSR-VTT,video8668.mp4,0.33248469507887923
real,MSR-VTT,video8669.mp4,0.28350894749234756
real,MSR-VTT,video867.mp4,0.006121968448316459
real,MSR-VTT,video8670.mp4,0.17009065222510006
real,MSR-VTT,video8671.mp4,0.3854632681893101
real,MSR-VTT,video8672.mp4,0.08410348481280905
real,MSR-VTT,video8673.mp4,0.28212561808335296
real,MSR-VTT,video8674.mp4,0.17479985872380505
real,MSR-VTT,video8675.mp4,0.22745467388744994
real,MSR-VTT,video8676.mp4,0.10934188839180597
real,MSR-VTT,video8677.mp4,0.03168412997409936
real,MSR-VTT,video8678.mp4,0.3525724040499176
real,MSR-VTT,video8679.mp4,0.12029079350129503
real,MSR-VTT,video868.mp4,0.27110313162232164
real,MSR-VTT,video8680.mp4,0.02542971509300683
real,MSR-VTT,video8681.mp4,0.28284671532846717
real,MSR-VTT,video8682.mp4,0.36516953143395336
real,MSR-VTT,video8683.mp4,0.4089504356016011
real,MSR-VTT,video8684.mp4,0.17385801742406404
real,MSR-VTT,video8685.mp4,0.34927595950082413
real,MSR-VTT,video8686.mp4,0.5520514480809984
real,MSR-VTT,video8687.mp4,0.07783435366140806
real,MSR-VTT,video8688.mp4,0.6235430892394631
real,MSR-VTT,video8689.mp4,0.04417824346597598
real,MSR-VTT,video869.mp4,0.471965505062397
real,MSR-VTT,video8690.mp4,0.01601130209559689
real,MSR-VTT,video8691.mp4,0.062102660701671766
real,MSR-VTT,video8692.mp4,0.09881975512126207
real,MSR-VTT,video8693.mp4,0.48663762655992465
real,MSR-VTT,video8694.mp4,0.2786084294796327
real,MSR-VTT,video8695.mp4,0.0664145279020485
real,MSR-VTT,video8696.mp4,0.41417471156110197
real,MSR-VTT,video8697.mp4,0.2603749705674594
real,MSR-VTT,video8698.mp4,0.2436425712267483
real,MSR-VTT,video8699.mp4,0.1927684247704262
real,MSR-VTT,video87.mp4,0.10067400518012715
real,MSR-VTT,video870.mp4,0.4987344007534731
real,MSR-VTT,video8700.mp4,0.5909465505062397
real,MSR-VTT,video8701.mp4,0.3627707793736755
real,MSR-VTT,video8702.mp4,0.34478749705674594
real,MSR-VTT,video8703.mp4,0.1684277136802449
real,MSR-VTT,video8704.mp4,0.630974805745232
real,MSR-VTT,video8705.mp4,0.437661878973393
real,MSR-VTT,video8706.mp4,0.4106280904167648
real,MSR-VTT,video8707.mp4,0.18866258535436778
real,MSR-VTT,video8708.mp4,0.21662349894042854
real,MSR-VTT,video8709.mp4,0.16611725924181775
real,MSR-VTT,video871.mp4,0.2861284436072522
real,MSR-VTT,video8710.mp4,0.07655403814457265
real,MSR-VTT,video8711.mp4,0.318769131151401
real,MSR-VTT,video8712.mp4,0.18246703555450905
real,MSR-VTT,video8713.mp4,0.12461737697198022
real,MSR-VTT,video8714.mp4,0.038630209559689196
real,MSR-VTT,video8715.mp4,0.43249646809512593
real,MSR-VTT,video8716.mp4,0.09206498704968212
real,MSR-VTT,video8717.mp4,0.0979956439839887
real,MSR-VTT,video8718.mp4,0.14121732987991525
real,MSR-VTT,video8719.mp4,0.006769484341888392
real,MSR-VTT,video872.mp4,0.699876383329409
real,MSR-VTT,video8720.mp4,0.5244142924417236
real,MSR-VTT,video8721.mp4,0.36368318813279965
real,MSR-VTT,video8722.mp4,0.1057952672474688
real,MSR-VTT,video8723.mp4,0.3733959265363786
real,MSR-VTT,video8724.mp4,0.27868201083117494
real,MSR-VTT,video8725.mp4,0.4340269602072051
real,MSR-VTT,video8726.mp4,0.029638568401224395
real,MSR-VTT,video8727.mp4,0.019028137508829764
real,MSR-VTT,video8728.mp4,0.06697374617376972
real,MSR-VTT,video8729.mp4,0.3163262302801978
real,MSR-VTT,video873.mp4,0.25615140098893335
real,MSR-VTT,video8730.mp4,0.22046444549093477
real,MSR-VTT,video8731.mp4,0.37594184129974095
real,MSR-VTT,video8732.mp4,0.4066694137037909
real,MSR-VTT,video8733.mp4,0.5177183894513775
real,MSR-VTT,video8734.mp4,0.3537938544855192
real,MSR-VTT,video8735.mp4,0.5643542500588651
real,MSR-VTT,video8736.mp4,0.03262597127384036
real,MSR-VTT,video8737.mp4,0.02163291735342595
real,MSR-VTT,video8738.mp4,0.054347186249117024
real,MSR-VTT,video8739.mp4,0.18816223216388037
real,MSR-VTT,video874.mp4,0.2898369437249823
real,MSR-VTT,video8740.mp4,0.7094125264892865
real,MSR-VTT,video8741.mp4,0.1960501530492112
real,MSR-VTT,video8742.mp4,0.09920237814928184
real,MSR-VTT,video8743.mp4,0.16093713209324229
real,MSR-VTT,video8744.mp4,0.06052801977866729
real,MSR-VTT,video8745.mp4,0.02525311984930539
real,MSR-VTT,video8746.mp4,0.021927242759595008
real,MSR-VTT,video8747.mp4,0.0157905580409701
real,MSR-VTT,video8748.mp4,0.02753414174711561
real,MSR-VTT,video8749.mp4,0.2885566282081469
real,MSR-VTT,video875.mp4,0.007328702613609607
real,MSR-VTT,video8750.mp4,0.022354014598540146
real,MSR-VTT,video8751.mp4,0.12876736519896398
real,MSR-VTT,video8752.mp4,0.07796680009418414
real,MSR-VTT,video8753.mp4,0.45115669884624443
real,MSR-VTT,video8754.mp4,0.13101895455615728
real,MSR-VTT,video8755.mp4,0.38730280197786676
real,MSR-VTT,video8756.mp4,0.08285260183659053
real,MSR-VTT,video8757.mp4,0.14313044502001412
real,MSR-VTT,video8758.mp4,0.272251000706381
real,MSR-VTT,video8759.mp4,0.40035613374146456
real,MSR-VTT,video876.mp4,0.05655462679538498
real,MSR-VTT,video8760.mp4,0.1784494937603014
real,MSR-VTT,video8761.mp4,0.12098245820579231
real,MSR-VTT,video8762.mp4,0.7227307511184365
real,MSR-VTT,video8763.mp4,0.11984930539204144
real,MSR-VTT,video8764.mp4,0.8589151165528608
real,MSR-VTT,video8765.mp4,0.19940546267953851
real,MSR-VTT,video8766.mp4,0.12951789498469507
real,MSR-VTT,video8767.mp4,0.2778873322345185
real,MSR-VTT,video8768.mp4,0.03412703084530257
real,MSR-VTT,video8769.mp4,0.520205439133506
real,MSR-VTT,video877.mp4,0.20561572874970568
real,MSR-VTT,video8770.mp4,0.6805980692253355
real,MSR-VTT,video8771.mp4,0.3564427831410407
real,MSR-VTT,video8772.mp4,0.6981104308923947
real,MSR-VTT,video8773.mp4,0.3036555215446197
real,MSR-VTT,video8774.mp4,0.24508476571697668
real,MSR-VTT,video8775.mp4,0.16722097951495174
real,MSR-VTT,video8776.mp4,0.13602248646103132
real,MSR-VTT,video8777.mp4,0.3570167176830704
real,MSR-VTT,video8778.mp4,0.08248469507887922
real,MSR-VTT,video8779.mp4,0.12245408523663763
real,MSR-VTT,video878.mp4,0.1084589121732988
real,MSR-VTT,video8780.mp4,0.4134683305862962
real,MSR-VTT,video8781.mp4,0.07676006592889098
real,MSR-VTT,video8782.mp4,0.006136684718624912
real,MSR-VTT,video8783.mp4,0.22693960442665412
real,MSR-VTT,video8784.mp4,0.6597745467388745
real,MSR-VTT,video8785.mp4,0.02980044737461738
real,MSR-VTT,video8786.mp4,0.5459147633623734
real,MSR-VTT,video8787.mp4,0.2396250294325406
real,MSR-VTT,video8788.mp4,0.09715681657640687
real,MSR-VTT,video8789.mp4,0.15621320932422886
real,MSR-VTT,video879.mp4,0.188603720273134
real,MSR-VTT,video8790.mp4,0.20507122674829292
real,MSR-VTT,video8791.mp4,0.37954732752531195
real,MSR-VTT,video8792.mp4,0.21718271721214977
real,MSR-VTT,video8793.mp4,0.07952672474688015
real,MSR-VTT,video8794.mp4,0.04049917588886273
real,MSR-VTT,video8795.mp4,0.05072698375323758
real,MSR-VTT,video8796.mp4,0.34830468566046624
real,MSR-VTT,video8797.mp4,0.10810572168589593
real,MSR-VTT,video8798.mp4,0.06378031551683541
real,MSR-VTT,video8799.mp4,0.24529079350129504
real,MSR-VTT,video88.mp4,0.12215975983046856
real,MSR-VTT,video880.mp4,0.2825376736519897
real,MSR-VTT,video8800.mp4,0.0308894513774429
real,MSR-VTT,video8801.mp4,0.5783788556628209
real,MSR-VTT,video8802.mp4,0.43735283729691543
real,MSR-VTT,video8803.mp4,0.4618848599011066
real,MSR-VTT,video8804.mp4,0.12969449022839652
real,MSR-VTT,video8805.mp4,0.036996703555450906
real,MSR-VTT,video8806.mp4,0.1300476807157994
real,MSR-VTT,video8807.mp4,0.007887920885330822
real,MSR-VTT,video8808.mp4,0.14324817518248176
real,MSR-VTT,video8809.mp4,0.7209206498704968
real,MSR-VTT,video881.mp4,0.024429008712032022
real,MSR-VTT,video8810.mp4,0.421061926065458
real,MSR-VTT,video8811.mp4,0.261758299976454
real,MSR-VTT,video8812.mp4,0.05612785495643984
real,MSR-VTT,video8813.mp4,0.020499764539675065
real,MSR-VTT,video8814.mp4,0.08757652460560396
real,MSR-VTT,video8815.mp4,0.747792559453732
real,MSR-VTT,video8816.mp4,0.7312661878973393
real,MSR-VTT,video8817.mp4,0.07864374852837297
real,MSR-VTT,video8818.mp4,0.47028785024723335
real,MSR-VTT,video8819.mp4,0.006769484341888392
real,MSR-VTT,video882.mp4,0.0046061926065457965
real,MSR-VTT,video8820.mp4,0.26158170473275255
real,MSR-VTT,video8821.mp4,0.12055568636684719
real,MSR-VTT,video8822.mp4,0.19350423828584884
real,MSR-VTT,video8823.mp4,0.5006033670826466
real,MSR-VTT,video8824.mp4,0.2151224393689663
real,MSR-VTT,video8825.mp4,0.1384653873322345
real,MSR-VTT,video8826.mp4,0.12395514480809983
real,MSR-VTT,video8827.mp4,0.06107252178008006
real,MSR-VTT,video8828.mp4,0.060542736048975754
real,MSR-VTT,video8829.mp4,0.20254002825523898
real,MSR-VTT,video883.mp4,0.28845361431598776
real,MSR-VTT,video8830.mp4,0.2863639039321874
real,MSR-VTT,video8831.mp4,0.3330144808099835
real,MSR-VTT,video8832.mp4,0.12002590063574287
real,MSR-VTT,video8833.mp4,0.41772133270543915
real,MSR-VTT,video8834.mp4,0.43355603955733457
real,MSR-VTT,video8835.mp4,0.05044737461737697
real,MSR-VTT,video8836.mp4,0.5329055804097009
real,MSR-VTT,video8837.mp4,0.4363668471862491
real,MSR-VTT,video8838.mp4,0.19999411349187662
real,MSR-VTT,video8839.mp4,0.018159877560631033
real,MSR-VTT,video884.mp4,0.6520337885566283
real,MSR-VTT,video8840.mp4,0.01445137744290087
real,MSR-VTT,video8841.mp4,0.19184129974099362
real,MSR-VTT,video8842.mp4,0.06903402401695315
real,MSR-VTT,video8843.mp4,0.5372174476100777
real,MSR-VTT,video8844.mp4,0.44709500824111137
real,MSR-VTT,video8845.mp4,0.21145808806216154
real,MSR-VTT,video8846.mp4,0.6097097951495174
real,MSR-VTT,video8847.mp4,0.05792323993407111
real,MSR-VTT,video8848.mp4,0.34422827878502477
real,MSR-VTT,video8849.mp4,0.5084029903461267
real,MSR-VTT,video885.mp4,0.1658229338356487
real,MSR-VTT,video8850.mp4,0.013774429008712032
real,MSR-VTT,video8851.mp4,0.12701612903225806
real,MSR-VTT,video8852.mp4,0.3846244407817283
real,MSR-VTT,video8853.mp4,0.45564516129032256
real,MSR-VTT,video8854.mp4,0.08476571697668943
real,MSR-VTT,video8855.mp4,0.05530374381916647
real,MSR-VTT,video8856.mp4,0.445167176830704
real,MSR-VTT,video8857.mp4,0.2693371791853073
real,MSR-VTT,video8858.mp4,0.30848245820579234
real,MSR-VTT,video8859.mp4,0.19045797033199907
real,MSR-VTT,video886.mp4,0.6030286084294796
real,MSR-VTT,video8860.mp4,0.006063103367082647
real,MSR-VTT,video8861.mp4,0.676359783376501
real,MSR-VTT,video8862.mp4,0.04042559453732046
real,MSR-VTT,video8863.mp4,0.037276312691311514
real,MSR-VTT,video8864.mp4,0.3234341888391806
real,MSR-VTT,video8865.mp4,0.5121114904638568
real,MSR-VTT,video8866.mp4,0.01886625853543678
real,MSR-VTT,video8867.mp4,0.15073875676948434
real,MSR-VTT,video8868.mp4,0.7416853072757241
real,MSR-VTT,video8869.mp4,0.24994113491876618
real,MSR-VTT,video887.mp4,0.20872086178478927
real,MSR-VTT,video8870.mp4,0.042574170002354604
real,MSR-VTT,video8871.mp4,0.03515716976689428
real,MSR-VTT,video8872.mp4,0.20233400047092065
real,MSR-VTT,video8873.mp4,0.4057717212149753
real,MSR-VTT,video8874.mp4,0.25326701200847657
real,MSR-VTT,video8875.mp4,0.08592830233105722
real,MSR-VTT,video8876.mp4,0.3185189545561573
real,MSR-VTT,video8877.mp4,0.19749234753943962
real,MSR-VTT,video8878.mp4,0.7681157287497057
real,MSR-VTT,video8879.mp4,0.09059336001883683
real,MSR-VTT,video888.mp4,0.45757299270072993
real,MSR-VTT,video8880.mp4,0.3843006828349423
real,MSR-VTT,video8881.mp4,0.33785613374146456
real,MSR-VTT,video8882.mp4,0.3588121026607017
real,MSR-VTT,video8883.mp4,0.3489522015540381
real,MSR-VTT,video8884.mp4,0.5053714386625854
real,MSR-VTT,video8885.mp4,0.19634447845538028
real,MSR-VTT,video8886.mp4,0.5914616199670355
real,MSR-VTT,video8887.mp4,0.3749117023781493
real,MSR-VTT,video8888.mp4,0.03767365198963975
real,MSR-VTT,video8889.mp4,0.40456498704968213
real,MSR-VTT,video889.mp4,0.5742877325170709
real,MSR-VTT,video8890.mp4,0.5770396750647515
real,MSR-VTT,video8891.mp4,0.20146574052272193
real,MSR-VTT,video8892.mp4,0.06241170237814928
real,MSR-VTT,video8893.mp4,0.3495850011773016
real,MSR-VTT,video8894.mp4,0.40775841770661647
real,MSR-VTT,video8895.mp4,0.16285024723334118
real,MSR-VTT,video8896.mp4,0.01668825052978573
real,MSR-VTT,video8897.mp4,0.28604014598540145
real,MSR-VTT,video8898.mp4,0.0929185307275724
real,MSR-VTT,video8899.mp4,0.7205085943018601
real,MSR-VTT,video89.mp4,0.7489109959971745
real,MSR-VTT,video890.mp4,0.31815104779844594
real,MSR-VTT,video8900.mp4,0.37917942076760064
real,MSR-VTT,video8901.mp4,0.07253649635036497
real,MSR-VTT,video8902.mp4,0.1936366847186249
real,MSR-VTT,video8903.mp4,0.07044678596656463
real,MSR-VTT,video8904.mp4,0.4564251236166706
real,MSR-VTT,video8905.mp4,0.1598922769013421
real,MSR-VTT,video8906.mp4,0.2732517070873558
real,MSR-VTT,video8907.mp4,0.1617465269602072
real,MSR-VTT,video8908.mp4,0.06985813515422651
real,MSR-VTT,video8909.mp4,0.06219095832352249
real,MSR-VTT,video891.mp4,0.034892276901342126
real,MSR-VTT,video8910.mp4,0.19600600423828585
real,MSR-VTT,video8911.mp4,0.1542559453732046
real,MSR-VTT,video8912.mp4,0.18610195432069696
real,MSR-VTT,video8913.mp4,0.1286349187661879
real,MSR-VTT,video8914.mp4,0.4990287261596421
real,MSR-VTT,video8915.mp4,0.46204673887449965
real,MSR-VTT,video8916.mp4,0.006092535907699552
real,MSR-VTT,video8917.mp4,0.18043619025194255
real,MSR-VTT,video8918.mp4,0.7255121262067341
real,MSR-VTT,video8919.mp4,0.12910583941605838
real,MSR-VTT,video892.mp4,0.006239698610784083
real,MSR-VTT,video8920.mp4,0.5628826230280197
real,MSR-VTT,video8921.mp4,0.01196432776077231
real,MSR-VTT,video8922.mp4,0.15535966564633857
real,MSR-VTT,video8923.mp4,0.22796974334824582
real,MSR-VTT,video8924.mp4,0.20100953614315986
real,MSR-VTT,video8925.mp4,0.45070049446668237
real,MSR-VTT,video8926.mp4,0.450170708735578
real,MSR-VTT,video8927.mp4,0.09706851895455615
real,MSR-VTT,video8928.mp4,0.012185071815399105
real,MSR-VTT,video8929.mp4,0.3029197080291971
real,MSR-VTT,video893.mp4,0.01327407581822463
real,MSR-VTT,video8930.mp4,0.05774664469036967
real,MSR-VTT,video8931.mp4,0.036834824582057925
real,MSR-VTT,video8932.mp4,0.17307805509771604
real,MSR-VTT,video8933.mp4,0.023693195196609368
real,MSR-VTT,video8934.mp4,0.043795620437956206
real,MSR-VTT,video8935.mp4,0.058820932422886746
real,MSR-VTT,video8936.mp4,0.4610607487638333
real,MSR-VTT,video8937.mp4,0.06547268660230751
real,MSR-VTT,video8938.mp4,0.16883976924888155
real,MSR-VTT,video8939.mp4,0.13734695078879208
real,MSR-VTT,video894.mp4,0.11424240640452085
real,MSR-VTT,video8940.mp4,0.021706498704968213
real,MSR-VTT,video8941.mp4,0.016364492582999764
real,MSR-VTT,video8942.mp4,0.3822404049917589
real,MSR-VTT,video8943.mp4,0.7107958558982812
real,MSR-VTT,video8944.mp4,0.12101189074640922
real,MSR-VTT,video8945.mp4,0.014098186955497999
real,MSR-VTT,video8946.mp4,0.18739698610784083
real,MSR-VTT,video8947.mp4,0.13711149046385684
real,MSR-VTT,video8948.mp4,0.06460442665410879
real,MSR-VTT,video8949.mp4,0.2684247704261832
real,MSR-VTT,video895.mp4,0.18576348010360252
real,MSR-VTT,video8950.mp4,0.6345214268895691
real,MSR-VTT,video8951.mp4,0.023266423357664233
real,MSR-VTT,video8952.mp4,0.017144454909347774
real,MSR-VTT,video8953.mp4,0.19114963503649635
real,MSR-VTT,video8954.mp4,0.04381033670826466
real,MSR-VTT,video8955.mp4,0.7016423357664234
real,MSR-VTT,video8956.mp4,0.34118201083117494
real,MSR-VTT,video8957.mp4,0.03930715799387803
real,MSR-VTT,video8958.mp4,0.23908052743112784
real,MSR-VTT,video8959.mp4,0.06010124793972216
real,MSR-VTT,video896.mp4,0.251398045679303
real,MSR-VTT,video8960.mp4,0.09558217565340241
real,MSR-VTT,video8961.mp4,0.4534965858252884
real,MSR-VTT,video8962.mp4,0.0467094419590299
real,MSR-VTT,video8963.mp4,0.1843654344242995
real,MSR-VTT,video8964.mp4,0.09656816576406875
real,MSR-VTT,video8965.mp4,0.6124911702378149
real,MSR-VTT,video8966.mp4,0.11121085472097951
real,MSR-VTT,video8967.mp4,0.33832705439133504
real,MSR-VTT,video8968.mp4,0.028049211207911467
real,MSR-VTT,video8969.mp4,0.22855839416058393
real,MSR-VTT,video897.mp4,0.26785083588415354
real,MSR-VTT,video8970.mp4,0.7305598069225336
real,MSR-VTT,video8971.mp4,0.33903343536614083
real,MSR-VTT,video8972.mp4,0.32673063338827407
real,MSR-VTT,video8973.mp4,0.013259359547916176
real,MSR-VTT,video8974.mp4,0.07181539910525075
real,MSR-VTT,video8975.mp4,0.5888421238521309
real,MSR-VTT,video8976.mp4,0.027107369908170472
real,MSR-VTT,video8977.mp4,0.7164321874264187
real,MSR-VTT,video8978.mp4,0.4786614080527431
real,MSR-VTT,video8979.mp4,0.30399399576171415
real,MSR-VTT,video898.mp4,0.6962267482929126
real,MSR-VTT,video8980.mp4,0.004091123145749941
real,MSR-VTT,video8981.mp4,0.9320991287967977
real,MSR-VTT,video8982.mp4,0.2242170944195903
real,MSR-VTT,video8983.mp4,0.1041323287026136
real,MSR-VTT,video8984.mp4,0.18557216858959263
real,MSR-VTT,video8985.mp4,0.10320520367318106
real,MSR-VTT,video8986.mp4,0.21687367553567224
real,MSR-VTT,video8987.mp4,0.8544855191900165
real,MSR-VTT,video8988.mp4,0.8254061690605133
real,MSR-VTT,video8989.mp4,0.403652578290558
real,MSR-VTT,video899.mp4,0.058585472097951494
real,MSR-VTT,video8990.mp4,0.07942371085472098
real,MSR-VTT,video8991.mp4,0.06676771838945138
real,MSR-VTT,video8992.mp4,0.2996968448316459
real,MSR-VTT,video8993.mp4,0.20189251236166705
real,MSR-VTT,video8994.mp4,0.07908523663762655
real,MSR-VTT,video8995.mp4,0.07252178008005651
real,MSR-VTT,video8996.mp4,0.010536849540852366
real,MSR-VTT,video8997.mp4,0.07798151636449258
real,MSR-VTT,video8998.mp4,0.0817341652931481
real,MSR-VTT,video8999.mp4,0.0471803626089004
real,MSR-VTT,video9.mp4,0.06825406169060513
real,MSR-VTT,video90.mp4,0.2701612903225806
real,MSR-VTT,video900.mp4,0.35870908876854246
real,MSR-VTT,video9000.mp4,0.30202201554038144
real,MSR-VTT,video9001.mp4,0.5743465975983046
real,MSR-VTT,video9002.mp4,0.3184306569343066
real,MSR-VTT,video9003.mp4,0.2344596185542736
real,MSR-VTT,video9004.mp4,0.3131475158935719
real,MSR-VTT,video9005.mp4,0.10906227925594539
real,MSR-VTT,video9006.mp4,0.3023163409465505
real,MSR-VTT,video9007.mp4,0.7283376501059571
real,MSR-VTT,video9008.mp4,0.16577878502472332
real,MSR-VTT,video9009.mp4,0.2685572168589593
real,MSR-VTT,video901.mp4,0.044104662114433715
real,MSR-VTT,video9010.mp4,0.030830586296209085
real,MSR-VTT,video9011.mp4,0.28898340004709205
real,MSR-VTT,video9012.mp4,0.20025900635742877
real,MSR-VTT,video9013.mp4,0.1483694372498234
real,MSR-VTT,video9014.mp4,0.13190193077466447
real,MSR-VTT,video9015.mp4,0.02563574287732517
real,MSR-VTT,video9016.mp4,0.2037614786908406
real,MSR-VTT,video9017.mp4,0.388156345655757
real,MSR-VTT,video9018.mp4,0.2300447374617377
real,MSR-VTT,video9019.mp4,0.7678066870732281
real,MSR-VTT,video902.mp4,0.5161731810689899
real,MSR-VTT,video9020.mp4,0.5573198728514245
real,MSR-VTT,video9021.mp4,0.31010124793972216
real,MSR-VTT,video9022.mp4,0.3148693195196609
real,MSR-VTT,video9023.mp4,0.1239992936190252
real,MSR-VTT,video9024.mp4,0.004105839416058394
real,MSR-VTT,video9025.mp4,0.4956587002590063
real,MSR-VTT,video9026.mp4,0.12338121026607017
real,MSR-VTT,video9027.mp4,0.35859135860607483
real,MSR-VTT,video9028.mp4,0.048887449964680946
real,MSR-VTT,video9029.mp4,0.5125676948434188
real,MSR-VTT,video903.mp4,0.11533141040734636
real,MSR-VTT,video9030.mp4,0.15509477278078643
real,MSR-VTT,video9031.mp4,0.07550918295267248
real,MSR-VTT,video9032.mp4,0.42978867435837065
real,MSR-VTT,video9033.mp4,0.028284671532846715
real,MSR-VTT,video9034.mp4,0.2550476807157994
real,MSR-VTT,video9035.mp4,0.0749058158700259
real,MSR-VTT,video9036.mp4,0.0432952672474688
real,MSR-VTT,video9037.mp4,0.23244348952201555
real,MSR-VTT,video9038.mp4,0.5807923239934071
real,MSR-VTT,video9039.mp4,0.028387685425005884
real,MSR-VTT,video904.mp4,0.1461767129738639
real,MSR-VTT,video9040.mp4,0.15085648693195197
real,MSR-VTT,video9041.mp4,0.05277254532611255
real,MSR-VTT,video9042.mp4,0.6518424770426183
real,MSR-VTT,video9043.mp4,0.015231339769248882
real,MSR-VTT,video9044.mp4,0.9608988697904404
real,MSR-VTT,video9045.mp4,0.07147692488815635
real,MSR-VTT,video9046.mp4,0.009668589592653636
real,MSR-VTT,video9047.mp4,0.003693783847421709
real,MSR-VTT,video9048.mp4,0.27176536378620203
real,MSR-VTT,video9049.mp4,0.08186661172592419
real,MSR-VTT,video905.mp4,0.03923357664233577
real,MSR-VTT,video9050.mp4,0.005165410878267012
real,MSR-VTT,video9051.mp4,0.14881092535907697
real,MSR-VTT,video9052.mp4,0.2339298328231693
real,MSR-VTT,video9053.mp4,0.13692017894984695
real,MSR-VTT,video9054.mp4,0.018763244643277607
real,MSR-VTT,video9055.mp4,0.1758447139157052
real,MSR-VTT,video9056.mp4,0.34359547916176125
real,MSR-VTT,video9057.mp4,0.035495643983988696
real,MSR-VTT,video9058.mp4,0.22019955262538263
real,MSR-VTT,video9059.mp4,0.02154461973157523
real,MSR-VTT,video906.mp4,0.2590652225100071
real,MSR-VTT,video9060.mp4,0.7653637862020249
real,MSR-VTT,video9061.mp4,0.4486255003531905
real,MSR-VTT,video9062.mp4,0.030609842241582294
real,MSR-VTT,video9063.mp4,0.5239875206027784
real,MSR-VTT,video9064.mp4,0.2953996939015776
real,MSR-VTT,video9065.mp4,0.23473922769013422
real,MSR-VTT,video9066.mp4,0.17627148575465035
real,MSR-VTT,video9067.mp4,0.1832322816105486
real,MSR-VTT,video9068.mp4,0.6559630327289852
real,MSR-VTT,video9069.mp4,0.10597186249117023
real,MSR-VTT,video907.mp4,0.5138627266305628
real,MSR-VTT,video9070.mp4,0.29169119378384745
real,MSR-VTT,video9071.mp4,0.16520485048269368
real,MSR-VTT,video9072.mp4,0.051286202024958795
real,MSR-VTT,video9073.mp4,0.7105603955733459
real,MSR-VTT,video9074.mp4,0.1719301860136567
real,MSR-VTT,video9075.mp4,0.6027195667530021
real,MSR-VTT,video9076.mp4,0.36798033906286787
real,MSR-VTT,video9077.mp4,0.036040145985401464
real,MSR-VTT,video9078.mp4,0.035878267012008476
real,MSR-VTT,video9079.mp4,0.0394101718860372
real,MSR-VTT,video908.mp4,0.2365934777489993
real,MSR-VTT,video9080.mp4,0.20857369908170473
real,MSR-VTT,video9081.mp4,0.13387391099599716
real,MSR-VTT,video9082.mp4,0.18836825994819872
real,MSR-VTT,video9083.mp4,0.4975865316694137
real,MSR-VTT,video9084.mp4,0.23294384271250296
real,MSR-VTT,video9085.mp4,0.03561337414645632
real,MSR-VTT,video9086.mp4,0.07920296680009418
real,MSR-VTT,video9087.mp4,0.28648163409465505
real,MSR-VTT,video9088.mp4,0.14929656227925595
real,MSR-VTT,video9089.mp4,0.026459854014598543
real,MSR-VTT,video909.mp4,0.06662055568636685
real,MSR-VTT,video9090.mp4,0.2504414881092536
real,MSR-VTT,video9091.mp4,0.15956851895455615
real,MSR-VTT,video9092.mp4,0.35133623734400754
real,MSR-VTT,video9093.mp4,0.46390098893336473
real,MSR-VTT,video9094.mp4,0.6136390393218742
real,MSR-VTT,video9095.mp4,0.5339798681422181
real,MSR-VTT,video9096.mp4,0.14510242524134684
real,MSR-VTT,video9097.mp4,0.28868907464092297
real,MSR-VTT,video9098.mp4,0.06809218271721215
real,MSR-VTT,video9099.mp4,0.06145514480809983
real,MSR-VTT,video91.mp4,0.3490699317165058
real,MSR-VTT,video910.mp4,0.5159377207440546
real,MSR-VTT,video9100.mp4,0.15697845538026842
real,MSR-VTT,video9101.mp4,0.705041794207676
real,MSR-VTT,video9102.mp4,0.06601718860372027
real,MSR-VTT,video9103.mp4,0.6819961149046385
real,MSR-VTT,video9104.mp4,0.08598716741229102
real,MSR-VTT,video9105.mp4,0.5802625382623028
real,MSR-VTT,video9106.mp4,0.19210619260654577
real,MSR-VTT,video9107.mp4,0.154918177537085
real,MSR-VTT,video9108.mp4,0.9435631033670826
real,MSR-VTT,video9109.mp4,0.37298387096774194
real,MSR-VTT,video911.mp4,0.21515187190958324
real,MSR-VTT,video9110.mp4,0.14155580409700966
real,MSR-VTT,video9111.mp4,0.034024016953143395
real,MSR-VTT,video9112.mp4,0.6875294325406169
real,MSR-VTT,video9113.mp4,0.08189604426654108
real,MSR-VTT,video9114.mp4,0.15552154461973158
real,MSR-VTT,video9115.mp4,0.059645043560160114
real,MSR-VTT,video9116.mp4,0.041485165999529075
real,MSR-VTT,video9117.mp4,0.3128826230280198
real,MSR-VTT,video9118.mp4,0.7234076995526253
real,MSR-VTT,video9119.mp4,0.02129444313633153
real,MSR-VTT,video912.mp4,0.1682069696256181
real,MSR-VTT,video9120.mp4,0.44821344478455377
real,MSR-VTT,video9121.mp4,0.7397574758653167
real,MSR-VTT,video9122.mp4,0.09166764775135389
real,MSR-VTT,video9123.mp4,0.2346803626089004
real,MSR-VTT,video9124.mp4,0.2897486461031316
real,MSR-VTT,video9125.mp4,0.5929332469978809
real,MSR-VTT,video9126.mp4,0.07779020485048269
real,MSR-VTT,video9127.mp4,0.3932923239934071
real,MSR-VTT,video9128.mp4,0.282258064516129
real,MSR-VTT,video9129.mp4,0.27125029432540615
real,MSR-VTT,video913.mp4,0.8047298092771368
real,MSR-VTT,video9130.mp4,0.015481516364492583
real,MSR-VTT,video9131.mp4,0.09496409230044738
real,MSR-VTT,video9132.mp4,0.030492112079114668
real,MSR-VTT,video9133.mp4,0.08843006828349423
real,MSR-VTT,video9134.mp4,0.13694961149046386
real,MSR-VTT,video9135.mp4,0.22838179891688248
real,MSR-VTT,video9136.mp4,0.0824552625382623
real,MSR-VTT,video9137.mp4,0.31410407346362135
real,MSR-VTT,video9138.mp4,0.1738727336943725
real,MSR-VTT,video9139.mp4,0.029211796562279256
real,MSR-VTT,video914.mp4,0.12030550977160348
real,MSR-VTT,video9140.mp4,0.4051977866729456
real,MSR-VTT,video9141.mp4,0.20417353425947726
real,MSR-VTT,video9142.mp4,0.13356486931951966
real,MSR-VTT,video9143.mp4,0.5106840122439369
real,MSR-VTT,video9144.mp4,0.19378384742170943
real,MSR-VTT,video9145.mp4,0.7625676948434189
real,MSR-VTT,video9146.mp4,0.009609724511419827
real,MSR-VTT,video9147.mp4,0.24334824582057923
real,MSR-VTT,video9148.mp4,0.7785348481280904
real,MSR-VTT,video9149.mp4,0.43613138686131386
real,MSR-VTT,video915.mp4,0.4477278078643748
real,MSR-VTT,video9150.mp4,0.8671267953849776
real,MSR-VTT,video9151.mp4,0.06871026607016717
real,MSR-VTT,video9152.mp4,0.21157581822462915
real,MSR-VTT,video9153.mp4,0.2673504826936661
real,MSR-VTT,video9154.mp4,0.17438780315516836
real,MSR-VTT,video9155.mp4,0.39445490934777494
real,MSR-VTT,video9156.mp4,0.21307687779609136
real,MSR-VTT,video9157.mp4,0.03799740993642571
real,MSR-VTT,video9158.mp4,0.07222745467388744
real,MSR-VTT,video9159.mp4,0.09006357428773251
real,MSR-VTT,video916.mp4,0.16597009653873324
real,MSR-VTT,video9160.mp4,0.2880562750176595
real,MSR-VTT,video9161.mp4,0.43561631740051804
real,MSR-VTT,video9162.mp4,0.25662232163880383
real,MSR-VTT,video9163.mp4,0.028225806451612902
real,MSR-VTT,video9164.mp4,0.08835648693195197
real,MSR-VTT,video9165.mp4,0.1240875912408759
real,MSR-VTT,video9166.mp4,0.3306157287497057
real,MSR-VTT,video9167.mp4,0.13300565104779843
real,MSR-VTT,video9168.mp4,0.14713327054391334
real,MSR-VTT,video9169.mp4,0.5893719095832353
real,MSR-VTT,video917.mp4,0.4778372969154697
real,MSR-VTT,video9170.mp4,0.3926448080998352
real,MSR-VTT,video9171.mp4,0.41844242995055336
real,MSR-VTT,video9172.mp4,0.20052389922298092
real,MSR-VTT,video9173.mp4,0.812794325406169
real,MSR-VTT,video9174.mp4,0.4356604662114434
real,MSR-VTT,video9175.mp4,0.4943931010124794
real,MSR-VTT,video9176.mp4,0.08166058394160584
real,MSR-VTT,video9177.mp4,0.26668825052978573
real,MSR-VTT,video9178.mp4,0.028490699317165056
real,MSR-VTT,video9179.mp4,0.7470567459383094
real,MSR-VTT,video918.mp4,0.13430068283494231
real,MSR-VTT,video9180.mp4,0.6413056275017659
real,MSR-VTT,video9181.mp4,0.5727278078643748
real,MSR-VTT,video9182.mp4,0.06820991287967977
real,MSR-VTT,video9183.mp4,0.14901695314339536
real,MSR-VTT,video9184.mp4,0.1106810689898752
real,MSR-VTT,video9185.mp4,0.00890334353661408
real,MSR-VTT,video9186.mp4,0.2813603720273134
real,MSR-VTT,video9187.mp4,0.014201200847657169
real,MSR-VTT,video9188.mp4,0.21412173298799153
real,MSR-VTT,video9189.mp4,0.752796091358606
real,MSR-VTT,video919.mp4,0.22381975512126207
real,MSR-VTT,video9190.mp4,0.5255032964445491
real,MSR-VTT,video9191.mp4,0.1407905580409701
real,MSR-VTT,video9192.mp4,0.623896279726866
real,MSR-VTT,video9193.mp4,0.10011478690840593
real,MSR-VTT,video9194.mp4,0.2804038144572639
real,MSR-VTT,video9195.mp4,0.003090416764775135
real,MSR-VTT,video9196.mp4,0.12679538497763126
real,MSR-VTT,video9197.mp4,0.3278196373910996
real,MSR-VTT,video9198.mp4,0.5212208617847892
real,MSR-VTT,video9199.mp4,0.023030963032728984
real,MSR-VTT,video92.mp4,0.11805392041441018
real,MSR-VTT,video920.mp4,0.17987697198022135
real,MSR-VTT,video9200.mp4,0.06074876383329409
real,MSR-VTT,video9201.mp4,0.25518012714857546
real,MSR-VTT,video9202.mp4,0.25981575229573817
real,MSR-VTT,video9203.mp4,0.3314251236166706
real,MSR-VTT,video9204.mp4,0.023810925359076994
real,MSR-VTT,video9205.mp4,0.6668677890275488
real,MSR-VTT,video9206.mp4,0.3722039086413939
real,MSR-VTT,video9207.mp4,0.4606192606545797
real,MSR-VTT,video9208.mp4,0.3604014598540146
real,MSR-VTT,video9209.mp4,0.16975217800800566
real,MSR-VTT,video921.mp4,0.5310954791617613
real,MSR-VTT,video9210.mp4,0.4748057452319284
real,MSR-VTT,video9211.mp4,0.0979662114433718
real,MSR-VTT,video9212.mp4,0.17993583706145513
real,MSR-VTT,video9213.mp4,0.4170443842712503
real,MSR-VTT,video9214.mp4,0.025532728985166
real,MSR-VTT,video9215.mp4,0.05593654344242995
real,MSR-VTT,video9216.mp4,0.400370850011773
real,MSR-VTT,video9217.mp4,0.014995879444313633
real,MSR-VTT,video9218.mp4,0.3770602778431834
real,MSR-VTT,video9219.mp4,0.03742347539439604
real,MSR-VTT,video922.mp4,0.041396868377678364
real,MSR-VTT,video9220.mp4,0.06222039086413939
real,MSR-VTT,video9221.mp4,0.08507475865316694
real,MSR-VTT,video9222.mp4,0.24312750176595244
real,MSR-VTT,video9223.mp4,0.41700023546032494
real,MSR-VTT,video9224.mp4,0.042544737461737696
real,MSR-VTT,video9225.mp4,0.14411643513068048
real,MSR-VTT,video9226.mp4,0.4582793736755357
real,MSR-VTT,video9227.mp4,0.3764127619496115
real,MSR-VTT,video9228.mp4,0.19144396044266543
real,MSR-VTT,video9229.mp4,0.6983606074876383
real,MSR-VTT,video923.mp4,0.09197668942783141
real,MSR-VTT,video9230.mp4,0.04411937838474217
real,MSR-VTT,video9231.mp4,0.29214739816340946
real,MSR-VTT,video9232.mp4,0.026724746880150696
real,MSR-VTT,video9233.mp4,0.03314104073463621
real,MSR-VTT,video9234.mp4,0.18468919237108547
real,MSR-VTT,video9235.mp4,0.30380268424770424
real,MSR-VTT,video9236.mp4,0.36634683305862964
real,MSR-VTT,video9237.mp4,0.14210030609842242
real,MSR-VTT,video9238.mp4,0.5189104073463622
real,MSR-VTT,video9239.mp4,0.25450317871438666
real,MSR-VTT,video924.mp4,0.5152902048504827
real,MSR-VTT,video9240.mp4,0.10351424534965858
real,MSR-VTT,video9241.mp4,0.3605927713680245
real,MSR-VTT,video9242.mp4,0.07631857781963738
real,MSR-VTT,video9243.mp4,0.3145749941134919
real,MSR-VTT,video9244.mp4,0.05467094419590299
real,MSR-VTT,video9245.mp4,0.25400282552389924
real,MSR-VTT,video9246.mp4,0.015878855662820813
real,MSR-VTT,video9247.mp4,0.02437014363079821
real,MSR-VTT,video9248.mp4,0.25696079585589826
real,MSR-VTT,video9249.mp4,0.3935866493995762
real,MSR-VTT,video925.mp4,0.041367435837061456
real,MSR-VTT,video9250.mp4,0.33264657405227216
real,MSR-VTT,video9251.mp4,0.5576141982575935
real,MSR-VTT,video9252.mp4,0.1616582293383565
real,MSR-VTT,video9253.mp4,0.09431657640687544
real,MSR-VTT,video9254.mp4,0.5547592418177537
real,MSR-VTT,video9255.mp4,0.03133093948669649
real,MSR-VTT,video9256.mp4,0.6149046385684012
real,MSR-VTT,video9257.mp4,0.2571668236402166
real,MSR-VTT,video9258.mp4,0.03393571933129268
real,MSR-VTT,video9259.mp4,0.003281728278785025
real,MSR-VTT,video926.mp4,0.5509624440781729
real,MSR-VTT,video9260.mp4,0.2178890981869555
real,MSR-VTT,video9261.mp4,0.07624499646809513
real,MSR-VTT,video9262.mp4,0.08881269131151401
real,MSR-VTT,video9263.mp4,0.007313986343301154
real,MSR-VTT,video9264.mp4,0.3564722156816576
real,MSR-VTT,video9265.mp4,0.007902637155639275
real,MSR-VTT,video9266.mp4,0.10954791617612432
real,MSR-VTT,video9267.mp4,0.4895808806216153
real,MSR-VTT,video9268.mp4,0.0646338591947257
real,MSR-VTT,video9269.mp4,0.3715269602072051
real,MSR-VTT,video927.mp4,0.23234047562985638
real,MSR-VTT,video9270.mp4,0.41279138215210737
real,MSR-VTT,video9271.mp4,0.11615552154461972
real,MSR-VTT,video9272.mp4,0.1830115375559218
real,MSR-VTT,video9273.mp4,0.18563103367082645
real,MSR-VTT,video9274.mp4,0.05135978337650106
real,MSR-VTT,video9275.mp4,0.049785142453496585
real,MSR-VTT,video9276.mp4,0.9388244643277608
real,MSR-VTT,video9277.mp4,0.07746644690369672
real,MSR-VTT,video9278.mp4,0.09600894749234755
real,MSR-VTT,video9279.mp4,0.5741994348952202
real,MSR-VTT,video928.mp4,0.40931834235931247
real,MSR-VTT,video9280.mp4,0.08366199670355545
real,MSR-VTT,video9281.mp4,0.04756298563692018
real,MSR-VTT,video9282.mp4,0.22292206263244646
real,MSR-VTT,video9283.mp4,0.08402990346126678
real,MSR-VTT,video9284.mp4,0.014039321874264186
real,MSR-VTT,video9285.mp4,0.19666823640216624
real,MSR-VTT,video9286.mp4,0.08091005415587474
real,MSR-VTT,video9287.mp4,0.26580527431127854
real,MSR-VTT,video9288.mp4,0.5270190722863197
real,MSR-VTT,video9289.mp4,0.5158935719331292
real,MSR-VTT,video929.mp4,0.1947698375323758
real,MSR-VTT,video9290.mp4,0.3441105486225571
real,MSR-VTT,video9291.mp4,0.15665469743348245
real,MSR-VTT,video9292.mp4,0.06457499411349188
real,MSR-VTT,video9293.mp4,0.1523869790440311
real,MSR-VTT,video9294.mp4,0.38873028019778666
real,MSR-VTT,video9295.mp4,0.3526165528608429
real,MSR-VTT,video9296.mp4,0.023781492818460093
real,MSR-VTT,video9297.mp4,0.20268719095832352
real,MSR-VTT,video9298.mp4,0.13391805980692253
real,MSR-VTT,video9299.mp4,0.125
real,MSR-VTT,video93.mp4,0.8735872380503885
real,MSR-VTT,video930.mp4,0.08040970096538733
real,MSR-VTT,video9300.mp4,0.023207558276430423
real,MSR-VTT,video9301.mp4,0.6315487402872616
real,MSR-VTT,video9302.mp4,0.2564015775841771
real,MSR-VTT,video9303.mp4,0.1557717212149753
real,MSR-VTT,video9304.mp4,0.29129385448551914
real,MSR-VTT,video9305.mp4,0.009256534024016952
real,MSR-VTT,video9306.mp4,0.051094890510948905
real,MSR-VTT,video9307.mp4,0.4681245585118908
real,MSR-VTT,video9308.mp4,0.25314928184600893
real,MSR-VTT,video9309.mp4,0.1539469036967271
real,MSR-VTT,video931.mp4,0.09612667765481517
real,MSR-VTT,video9310.mp4,0.361976100777019
real,MSR-VTT,video9311.mp4,0.0774075818224629
real,MSR-VTT,video9312.mp4,0.16260007063809748
real,MSR-VTT,video9313.mp4,0.01152283965151872
real,MSR-VTT,video9314.mp4,0.029550270779373677
real,MSR-VTT,video9315.mp4,0.053905698139863435
real,MSR-VTT,video9316.mp4,0.016232046150223688
real,MSR-VTT,video9317.mp4,0.022707205085943018
real,MSR-VTT,video9318.mp4,0.4393101012479397
real,MSR-VTT,video9319.mp4,0.08186661172592419
real,MSR-VTT,video932.mp4,0.2678508358841535
real,MSR-VTT,video9320.mp4,0.7199788085707558
real,MSR-VTT,video9321.mp4,0.035010007063809745
real,MSR-VTT,video9322.mp4,0.45202495879444315
real,MSR-VTT,video9323.mp4,0.12120320226041911
real,MSR-VTT,video9324.mp4,0.4723039792794914
real,MSR-VTT,video9325.mp4,0.012832587708971038
real,MSR-VTT,video9326.mp4,0.263480103602543
real,MSR-VTT,video9327.mp4,0.18165764068754414
real,MSR-VTT,video9328.mp4,0.057378737932658345
real,MSR-VTT,video9329.mp4,0.12338121026607017
real,MSR-VTT,video933.mp4,0.03674652696020721
real,MSR-VTT,video9330.mp4,0.10416176124323052
real,MSR-VTT,video9331.mp4,0.231516364492583
real,MSR-VTT,video9332.mp4,0.11405109489051096
real,MSR-VTT,video9333.mp4,0.5241493995761715
real,MSR-VTT,video9334.mp4,0.10588356486931952
real,MSR-VTT,video9335.mp4,0.14975276665881798
real,MSR-VTT,video9336.mp4,0.04754826936661173
real,MSR-VTT,video9337.mp4,0.1847039086413939
real,MSR-VTT,video9338.mp4,0.7357105015304921
real,MSR-VTT,video9339.mp4,0.03093360018836826
real,MSR-VTT,video934.mp4,0.1594949376030139
real,MSR-VTT,video9340.mp4,0.22615964210030612
real,MSR-VTT,video9341.mp4,0.4447992700729927
real,MSR-VTT,video9342.mp4,0.137214504356016
real,MSR-VTT,video9343.mp4,0.5108017424064045
real,MSR-VTT,video9344.mp4,0.06351542265128325
real,MSR-VTT,video9345.mp4,0.012788438898045679
real,MSR-VTT,video9346.mp4,0.02622439368966329
real,MSR-VTT,video9347.mp4,0.3257593595479162
real,MSR-VTT,video9348.mp4,0.20121556392747822
real,MSR-VTT,video9349.mp4,0.8598422415822934
real,MSR-VTT,video935.mp4,0.19669766894278312
real,MSR-VTT,video9350.mp4,0.2329585589828114
real,MSR-VTT,video9351.mp4,0.15191605839416059
real,MSR-VTT,video9352.mp4,0.07215387332234519
real,MSR-VTT,video9353.mp4,0.1914145279020485
real,MSR-VTT,video9354.mp4,0.11350659288909817
real,MSR-VTT,video9355.mp4,0.08079232399340712
real,MSR-VTT,video9356.mp4,0.3053478926300919
real,MSR-VTT,video9357.mp4,0.8679067577113256
real,MSR-VTT,video9358.mp4,0.03231692959736284
real,MSR-VTT,video9359.mp4,0.11056333882740758
real,MSR-VTT,video936.mp4,0.45145102425241346
real,MSR-VTT,video9360.mp4,0.020455615728749706
real,MSR-VTT,video9361.mp4,0.0676065457970332
real,MSR-VTT,video9362.mp4,0.392085589828114
real,MSR-VTT,video9363.mp4,0.23175182481751824
real,MSR-VTT,video9364.mp4,0.4676389215917118
real,MSR-VTT,video9365.mp4,0.3821373910995997
real,MSR-VTT,video9366.mp4,0.03486284436072522
real,MSR-VTT,video9367.mp4,0.2786672945608665
real,MSR-VTT,video9368.mp4,0.17912644219449023
real,MSR-VTT,video9369.mp4,0.08525135389686839
real,MSR-VTT,video937.mp4,0.12678066870732282
real,MSR-VTT,video9370.mp4,0.005592182717212149
real,MSR-VTT,video9371.mp4,0.22542382858488344
real,MSR-VTT,video9372.mp4,0.08616376265599246
real,MSR-VTT,video9373.mp4,0.10675182481751824
real,MSR-VTT,video9374.mp4,0.10837061455144809
real,MSR-VTT,video9375.mp4,0.4951730633388274
real,MSR-VTT,video9376.mp4,0.3035819401930775
real,MSR-VTT,video9377.mp4,0.011949611490463858
real,MSR-VTT,video9378.mp4,0.11424240640452084
real,MSR-VTT,video9379.mp4,0.10757593595479162
real,MSR-VTT,video938.mp4,0.4111578761478691
real,MSR-VTT,video9380.mp4,0.13591947256887216
real,MSR-VTT,video9381.mp4,0.012023192842006121
real,MSR-VTT,video9382.mp4,0.47125912408759124
real,MSR-VTT,video9383.mp4,0.12708971038380032
real,MSR-VTT,video9384.mp4,0.19406345655757007
real,MSR-VTT,video9385.mp4,0.15035613374146456
real,MSR-VTT,video9386.mp4,0.42805215446197314
real,MSR-VTT,video9387.mp4,0.08305862962090887
real,MSR-VTT,video9388.mp4,0.0892247468801507
real,MSR-VTT,video9389.mp4,0.05924770426183189
real,MSR-VTT,video939.mp4,0.15365257829055803
real,MSR-VTT,video9390.mp4,0.5075788792088533
real,MSR-VTT,video9391.mp4,0.08963680244878738
real,MSR-VTT,video9392.mp4,0.10005592182717213
real,MSR-VTT,video9393.mp4,0.09618554273604898
real,MSR-VTT,video9394.mp4,0.8231251471627031
real,MSR-VTT,video9395.mp4,0.10788497763126913
real,MSR-VTT,video9396.mp4,0.07228631975512126
real,MSR-VTT,video9397.mp4,0.4763803861549329
real,MSR-VTT,video9398.mp4,0.7219802213327055
real,MSR-VTT,video9399.mp4,0.06897515893571933
real,MSR-VTT,video94.mp4,0.5546562279255945
real,MSR-VTT,video940.mp4,0.2538262302801978
real,MSR-VTT,video9400.mp4,0.1067076760065929
real,MSR-VTT,video9401.mp4,0.27357546503414176
real,MSR-VTT,video9402.mp4,0.7670708735578056
real,MSR-VTT,video9403.mp4,0.04475217800800565
real,MSR-VTT,video9404.mp4,0.26963150459147633
real,MSR-VTT,video9405.mp4,0.1488697904403108
real,MSR-VTT,video9406.mp4,0.03212561808335295
real,MSR-VTT,video9407.mp4,0.3005356722392277
real,MSR-VTT,video9408.mp4,0.020352601836590534
real,MSR-VTT,video9409.mp4,0.050388509536143156
real,MSR-VTT,video941.mp4,0.00958029197080292
real,MSR-VTT,video9410.mp4,0.005062396986107841
real,MSR-VTT,video9411.mp4,0.33576642335766427
real,MSR-VTT,video9412.mp4,0.4022103838003297
real,MSR-VTT,video9413.mp4,0.052978573110430895
real,MSR-VTT,video9414.mp4,0.3254356016011302
real,MSR-VTT,video9415.mp4,0.06865140098893337
real,MSR-VTT,video9416.mp4,0.20106840122439368
real,MSR-VTT,video9417.mp4,0.1084883447139157
real,MSR-VTT,video9418.mp4,0.1454261831881328
real,MSR-VTT,video9419.mp4,0.6112550035319049
real,MSR-VTT,video942.mp4,0.6056628208146928
real,MSR-VTT,video9420.mp4,0.6339474923475394
real,MSR-VTT,video9421.mp4,0.09905521544619732
real,MSR-VTT,video9422.mp4,0.029829879915234284
real,MSR-VTT,video9423.mp4,0.3771338591947257
real,MSR-VTT,video9424.mp4,0.06545797033199906
real,MSR-VTT,video9425.mp4,0.06756239698610784
real,MSR-VTT,video9426.mp4,0.44173828584883446
real,MSR-VTT,video9427.mp4,0.5133035083588415
real,MSR-VTT,video9428.mp4,0.33469213562514716
real,MSR-VTT,video9429.mp4,0.4899193548387097
real,MSR-VTT,video943.mp4,0.18410054155874736
real,MSR-VTT,video9430.mp4,0.19550565104779843
real,MSR-VTT,video9431.mp4,0.034406639981163174
real,MSR-VTT,video9432.mp4,0.03736461031316223
real,MSR-VTT,video9433.mp4,0.4218124558511891
real,MSR-VTT,video9434.mp4,0.02475276665881799
real,MSR-VTT,video9435.mp4,0.35214563221097245
real,MSR-VTT,video9436.mp4,0.5072404049917589
real,MSR-VTT,video9437.mp4,0.07272780786437485
real,MSR-VTT,video9438.mp4,0.3093654344242995
real,MSR-VTT,video9439.mp4,0.08266129032258064
real,MSR-VTT,video944.mp4,0.03367082646574052
real,MSR-VTT,video9440.mp4,0.03155168354132329
real,MSR-VTT,video9441.mp4,0.3642276901342124
real,MSR-VTT,video9442.mp4,0.49155286084294797
real,MSR-VTT,video9443.mp4,0.12436720037673653
real,MSR-VTT,video9444.mp4,0.14190899458441253
real,MSR-VTT,video9445.mp4,0.27721038380032964
real,MSR-VTT,video9446.mp4,0.15843536614080528
real,MSR-VTT,video9447.mp4,0.5861784789263009
real,MSR-VTT,video9448.mp4,0.17138568401224394
real,MSR-VTT,video9449.mp4,0.05771721214975277
real,MSR-VTT,video945.mp4,0.7099864610313162
real,MSR-VTT,video9450.mp4,0.05281669413703791
real,MSR-VTT,video9451.mp4,0.454585589828114
real,MSR-VTT,video9452.mp4,0.026136096067812573
real,MSR-VTT,video9453.mp4,0.10822345184836354
real,MSR-VTT,video9454.mp4,0.4505091829526725
real,MSR-VTT,video9455.mp4,0.5138038615493289
real,MSR-VTT,video9456.mp4,0.04208853308217565
real,MSR-VTT,video9457.mp4,0.035583941605839414
real,MSR-VTT,video9458.mp4,0.00622498234047563
real,MSR-VTT,video9459.mp4,0.0578643748528373
real,MSR-VTT,video946.mp4,0.1919443136331528
real,MSR-VTT,video9460.mp4,0.08913644925829999
real,MSR-VTT,video9461.mp4,0.11131386861313869
real,MSR-VTT,video9462.mp4,0.10731104308923947
real,MSR-VTT,video9463.mp4,0.1945196609371321
real,MSR-VTT,video9464.mp4,0.015422651283258771
real,MSR-VTT,video9465.mp4,0.13727336943724983
real,MSR-VTT,video9466.mp4,0.3112491170237815
real,MSR-VTT,video9467.mp4,0.052463503649635035
real,MSR-VTT,video9468.mp4,0.12685425005886508
real,MSR-VTT,video9469.mp4,0.21603484812809043
real,MSR-VTT,video947.mp4,0.11104897574758653
real,MSR-VTT,video9470.mp4,0.12048210501530492
real,MSR-VTT,video9471.mp4,0.04725394396044267
real,MSR-VTT,video9472.mp4,0.019837532375794678
real,MSR-VTT,video9473.mp4,0.601512832587709
real,MSR-VTT,video9474.mp4,0.181230868848599
real,MSR-VTT,video9475.mp4,0.01293560160113021
real,MSR-VTT,video9476.mp4,0.08938662585354368
real,MSR-VTT,video9477.mp4,0.053846833058629626
real,MSR-VTT,video9478.mp4,0.07409642100306098
real,MSR-VTT,video9479.mp4,0.2542088533082176
real,MSR-VTT,video948.mp4,0.015687544148810927
real,MSR-VTT,video9480.mp4,0.155080056510478
real,MSR-VTT,video9481.mp4,0.7020543913350601
real,MSR-VTT,video9482.mp4,0.710692842006122
real,MSR-VTT,video9483.mp4,0.048916882505297854
real,MSR-VTT,video9484.mp4,0.40703732046150226
real,MSR-VTT,video9485.mp4,0.2727660701671768
real,MSR-VTT,video9486.mp4,0.021515187190958324
real,MSR-VTT,video9487.mp4,0.15896515187190957
real,MSR-VTT,video9488.mp4,0.08324994113491876
real,MSR-VTT,video9489.mp4,0.45570402637155644
real,MSR-VTT,video949.mp4,0.03349423122203909
real,MSR-VTT,video9490.mp4,0.37137979750412053
real,MSR-VTT,video9491.mp4,0.05110960678125735
real,MSR-VTT,video9492.mp4,0.1687661878973393
real,MSR-VTT,video9493.mp4,0.24218566046621146
real,MSR-VTT,video9494.mp4,0.14785436778902755
real,MSR-VTT,video9495.mp4,0.08719390157758418
real,MSR-VTT,video9496.mp4,0.2327083823875677
real,MSR-VTT,video9497.mp4,0.16134918766187897
real,MSR-VTT,video9498.mp4,0.30724629149988225
real,MSR-VTT,video9499.mp4,0.11786260890040029
real,MSR-VTT,video95.mp4,0.30121262067341653
real,MSR-VTT,video950.mp4,0.4013715563927478
real,MSR-VTT,video9500.mp4,0.2396544619731575
real,MSR-VTT,video9501.mp4,0.5040175417942077
real,MSR-VTT,video9502.mp4,0.17749293619025194
real,MSR-VTT,video9503.mp4,0.2464680951259713
real,MSR-VTT,video9504.mp4,0.6091505768777961
real,MSR-VTT,video9505.mp4,0.13047445255474452
real,MSR-VTT,video9506.mp4,0.07589180598069226
real,MSR-VTT,video9507.mp4,0.3778696727101484
real,MSR-VTT,video9508.mp4,0.07611255003531905
real,MSR-VTT,video9509.mp4,0.021338591947256888
real,MSR-VTT,video951.mp4,0.5066076053684954
real,MSR-VTT,video9510.mp4,0.008432422886743583
real,MSR-VTT,video9511.mp4,0.05063868613138686
real,MSR-VTT,video9512.mp4,0.12545620437956204
real,MSR-VTT,video9513.mp4,0.279756298563692
real,MSR-VTT,video9514.mp4,0.0384094655050624
real,MSR-VTT,video9515.mp4,0.18925123616670592
real,MSR-VTT,video9516.mp4,0.018513068048033907
real,MSR-VTT,video9517.mp4,0.5287850247233341
real,MSR-VTT,video9518.mp4,0.12497056745938309
real,MSR-VTT,video9519.mp4,0.19429891688250528
real,MSR-VTT,video952.mp4,0.0359959971744761
real,MSR-VTT,video9520.mp4,0.30706969625618086
real,MSR-VTT,video9521.mp4,0.1845567459383094
real,MSR-VTT,video9522.mp4,0.11611137273369437
real,MSR-VTT,video9523.mp4,0.5544207676006593
real,MSR-VTT,video9524.mp4,0.06407464092300447
real,MSR-VTT,video9525.mp4,0.1351836590534495
real,MSR-VTT,video9526.mp4,0.0768189310101248
real,MSR-VTT,video9527.mp4,0.47771956675300215
real,MSR-VTT,video9528.mp4,0.2576377442900871
real,MSR-VTT,video9529.mp4,0.06509006357428773
real,MSR-VTT,video953.mp4,0.11296209088768543
real,MSR-VTT,video9530.mp4,0.22081763597833765
real,MSR-VTT,video9531.mp4,0.20364374852837297
real,MSR-VTT,video9532.mp4,0.03424476100777019
real,MSR-VTT,video9533.mp4,0.3139421944902284
real,MSR-VTT,video9534.mp4,0.07549446668236401
real,MSR-VTT,video9535.mp4,0.06748881563456557
real,MSR-VTT,video9536.mp4,0.26780668707322813
real,MSR-VTT,video9537.mp4,0.36007770190722865
real,MSR-VTT,video9538.mp4,0.1277225100070638
real,MSR-VTT,video9539.mp4,0.4659759830468566
real,MSR-VTT,video954.mp4,0.12485283729691547
real,MSR-VTT,video9540.mp4,0.447212738403579
real,MSR-VTT,video9541.mp4,0.1361843654344243
real,MSR-VTT,video9542.mp4,0.3712179185307276
real,MSR-VTT,video9543.mp4,0.25570991287967976
real,MSR-VTT,video9544.mp4,0.09106428066870732
real,MSR-VTT,video9545.mp4,0.047298092771368025
real,MSR-VTT,video9546.mp4,0.28654049917588886
real,MSR-VTT,video9547.mp4,0.5428390628679067
real,MSR-VTT,video9548.mp4,0.43857428773251705
real,MSR-VTT,video9549.mp4,0.01611431598775606
real,MSR-VTT,video955.mp4,0.8087767836119614
real,MSR-VTT,video9550.mp4,0.4431216152578291
real,MSR-VTT,video9551.mp4,0.05783494231222039
real,MSR-VTT,video9552.mp4,0.11834824582057923
real,MSR-VTT,video9553.mp4,0.49518777960913585
real,MSR-VTT,video9554.mp4,0.17057628914527903
real,MSR-VTT,video9555.mp4,0.40359371320932425
real,MSR-VTT,video9556.mp4,0.059674476100777016
real,MSR-VTT,video9557.mp4,0.12676595243701436
real,MSR-VTT,video9558.mp4,0.021044266541087826
real,MSR-VTT,video9559.mp4,0.0913880386154933
real,MSR-VTT,video956.mp4,0.42031139627972686
real,MSR-VTT,video9560.mp4,0.5159082882034377
real,MSR-VTT,video9561.mp4,0.295738168118672
real,MSR-VTT,video9562.mp4,0.07805509771603485
real,MSR-VTT,video9563.mp4,0.008344125264892865
real,MSR-VTT,video9564.mp4,0.4278755592182717
real,MSR-VTT,video9565.mp4,0.06644396044266541
real,MSR-VTT,video9566.mp4,0.2710589828113963
real,MSR-VTT,video9567.mp4,0.012876736519896398
real,MSR-VTT,video9568.mp4,0.009168236402166234
real,MSR-VTT,video9569.mp4,0.4394425476807158
real,MSR-VTT,video957.mp4,0.6327701907228632
real,MSR-VTT,video9570.mp4,0.03144866964916412
real,MSR-VTT,video9571.mp4,0.01618789733929833
real,MSR-VTT,video9572.mp4,0.15681657640687544
real,MSR-VTT,video9573.mp4,0.2610224864610313
real,MSR-VTT,video9574.mp4,0.3941164351306805
real,MSR-VTT,video9575.mp4,0.5085207205085943
real,MSR-VTT,video9576.mp4,0.2406551683541323
real,MSR-VTT,video9577.mp4,0.21471038380032964
real,MSR-VTT,video9578.mp4,0.33893042147398167
real,MSR-VTT,video9579.mp4,0.5968772074405463
real,MSR-VTT,video958.mp4,0.5955821756534024
real,MSR-VTT,video9580.mp4,0.008991641158464798
real,MSR-VTT,video9581.mp4,0.02479691546974335
real,MSR-VTT,video9582.mp4,0.028564280668707323
real,MSR-VTT,video9583.mp4,0.3874941134918766
real,MSR-VTT,video9584.mp4,0.23603425947727807
real,MSR-VTT,video9585.mp4,0.21204673887449965
real,MSR-VTT,video9586.mp4,0.01877796091358606
real,MSR-VTT,video9587.mp4,0.16863374146456322
real,MSR-VTT,video9588.mp4,0.13616964916411586
real,MSR-VTT,video9589.mp4,0.2848922769013421
real,MSR-VTT,video959.mp4,0.37997409936425713
real,MSR-VTT,video9590.mp4,0.1018807393454203
real,MSR-VTT,video9591.mp4,0.4143807393454203
real,MSR-VTT,video9592.mp4,0.7130032964445491
real,MSR-VTT,video9593.mp4,0.27787261596421003
real,MSR-VTT,video9594.mp4,0.19866964916411584
real,MSR-VTT,video9595.mp4,0.3942047327525312
real,MSR-VTT,video9596.mp4,0.11399222980927715
real,MSR-VTT,video9597.mp4,0.19813986343301154
real,MSR-VTT,video9598.mp4,0.15596303272898518
real,MSR-VTT,video9599.mp4,0.27890275488580174
real,MSR-VTT,video96.mp4,0.0067547680715799386
real,MSR-VTT,video960.mp4,0.31027784318342355
real,MSR-VTT,video9600.mp4,0.19343065693430656
real,MSR-VTT,video9601.mp4,0.7493377678361196
real,MSR-VTT,video9602.mp4,0.06678243465975983
real,MSR-VTT,video9603.mp4,0.30140393218742645
real,MSR-VTT,video9604.mp4,0.6394366611725923
real,MSR-VTT,video9605.mp4,0.5479456086649399
real,MSR-VTT,video9606.mp4,0.3135448551919002
real,MSR-VTT,video9607.mp4,0.12773722627737227
real,MSR-VTT,video9608.mp4,0.08024782199199434
real,MSR-VTT,video9609.mp4,0.14920826465740525
real,MSR-VTT,video961.mp4,0.054406051330350834
real,MSR-VTT,video9610.mp4,0.2094566753002119
real,MSR-VTT,video9611.mp4,0.2242759595008241
real,MSR-VTT,video9612.mp4,0.05818813279962326
real,MSR-VTT,video9613.mp4,0.06017482929126442
real,MSR-VTT,video9614.mp4,0.1678832116788321
real,MSR-VTT,video9615.mp4,0.07253649635036497
real,MSR-VTT,video9616.mp4,0.22849952907935014
real,MSR-VTT,video9617.mp4,0.5546120791146691
real,MSR-VTT,video9618.mp4,0.1302242759595008
real,MSR-VTT,video9619.mp4,0.07558276430421473
real,MSR-VTT,video962.mp4,0.48226689427831415
real,MSR-VTT,video9620.mp4,0.17852307511184365
real,MSR-VTT,video9621.mp4,0.0035024723334118203
real,MSR-VTT,video9622.mp4,0.0751265599246527
real,MSR-VTT,video9623.mp4,0.09009300682834942
real,MSR-VTT,video9624.mp4,0.3643748528372969
real,MSR-VTT,video9625.mp4,0.10591299740993643
real,MSR-VTT,video9626.mp4,0.5481222039086414
real,MSR-VTT,video9627.mp4,0.0999087591240876
real,MSR-VTT,video9628.mp4,0.27512067341652935
real,MSR-VTT,video9629.mp4,0.019911113727336942
real,MSR-VTT,video963.mp4,0.09942312220390864
real,MSR-VTT,video9630.mp4,0.47955910054155876
real,MSR-VTT,video9631.mp4,0.07805509771603485
real,MSR-VTT,video9632.mp4,0.5475041205556864
real,MSR-VTT,video9633.mp4,0.03449493760301389
real,MSR-VTT,video9634.mp4,0.04722451141982576
real,MSR-VTT,video9635.mp4,0.5053567223922769
real,MSR-VTT,video9636.mp4,0.2732075582764304
real,MSR-VTT,video9637.mp4,0.124220037673652
real,MSR-VTT,video9638.mp4,0.010919472568872145
real,MSR-VTT,video9639.mp4,0.4200465034141747
real,MSR-VTT,video964.mp4,0.5165558040970096
real,MSR-VTT,video9640.mp4,0.043471862491170236
real,MSR-VTT,video9641.mp4,0.10092418177537085
real,MSR-VTT,video9642.mp4,0.3898487167412291
real,MSR-VTT,video9643.mp4,0.02329585589828114
real,MSR-VTT,video9644.mp4,0.13440369672710148
real,MSR-VTT,video9645.mp4,0.28433305862962094
real,MSR-VTT,video9646.mp4,0.1946373910995997
real,MSR-VTT,video9647.mp4,0.3041117259241818
real,MSR-VTT,video9648.mp4,0.5671356251471626
real,MSR-VTT,video9649.mp4,0.2997115611019543
real,MSR-VTT,video965.mp4,0.06620850011773016
real,MSR-VTT,video9650.mp4,0.6598775606310336
real,MSR-VTT,video9651.mp4,0.10373498940428538
real,MSR-VTT,video9652.mp4,0.12167412291028962
real,MSR-VTT,video9653.mp4,0.20816164351306804
real,MSR-VTT,video9654.mp4,0.2479985872380504
real,MSR-VTT,video9655.mp4,0.0771279726866023
real,MSR-VTT,video9656.mp4,0.06186720037673652
real,MSR-VTT,video9657.mp4,0.05752590063574288
real,MSR-VTT,video9658.mp4,0.06456027784318343
real,MSR-VTT,video9659.mp4,0.4982193312926772
real,MSR-VTT,video966.mp4,0.21934600894749234
real,MSR-VTT,video9660.mp4,0.034024016953143395
real,MSR-VTT,video9661.mp4,0.03281728278785025
real,MSR-VTT,video9662.mp4,0.04373675535672239
real,MSR-VTT,video9663.mp4,0.09920237814928184
real,MSR-VTT,video9664.mp4,0.07178596656463386
real,MSR-VTT,video9665.mp4,0.6051771838945138
real,MSR-VTT,video9666.mp4,0.2414498469507888
real,MSR-VTT,video9667.mp4,0.3313515422651283
real,MSR-VTT,video9668.mp4,0.06744466682364021
real,MSR-VTT,video9669.mp4,0.12655992465269603
real,MSR-VTT,video967.mp4,0.13528667294560867
real,MSR-VTT,video9670.mp4,0.07890864139392512
real,MSR-VTT,video9671.mp4,0.3077319284200612
real,MSR-VTT,video9672.mp4,0.010492700729927007
real,MSR-VTT,video9673.mp4,0.01827760772309866
real,MSR-VTT,video9674.mp4,0.27310454438427123
real,MSR-VTT,video9675.mp4,0.19972922062632448
real,MSR-VTT,video9676.mp4,0.01814516129032258
real,MSR-VTT,video9677.mp4,0.21730044737461737
real,MSR-VTT,video9678.mp4,0.010110077701907229
real,MSR-VTT,video9679.mp4,0.2612137979750412
real,MSR-VTT,video968.mp4,0.20343772074405464
real,MSR-VTT,video9680.mp4,0.017630091829526726
real,MSR-VTT,video9681.mp4,0.595567459383094
real,MSR-VTT,video9682.mp4,0.7051448080998353
real,MSR-VTT,video9683.mp4,0.1760948905109489
real,MSR-VTT,video9684.mp4,0.1724305392041441
real,MSR-VTT,video9685.mp4,0.857163880386155
real,MSR-VTT,video9686.mp4,0.2551506946079586
real,MSR-VTT,video9687.mp4,0.24239168825052979
real,MSR-VTT,video9688.mp4,0.16742700729927007
real,MSR-VTT,video9689.mp4,0.14318931010124794
real,MSR-VTT,video969.mp4,0.3594007534730398
real,MSR-VTT,video9690.mp4,0.08027725453261125
real,MSR-VTT,video9691.mp4,0.03072757240404992
real,MSR-VTT,video9692.mp4,0.172298092771368
real,MSR-VTT,video9693.mp4,0.46107546503414176
real,MSR-VTT,video9694.mp4,0.4365287261596421
real,MSR-VTT,video9695.mp4,0.030624558511890745
real,MSR-VTT,video9696.mp4,0.6168324699788086
real,MSR-VTT,video9697.mp4,0.018351189074640922
real,MSR-VTT,video9698.mp4,0.3981781257358135
real,MSR-VTT,video9699.mp4,0.3081292677183895
real,MSR-VTT,video97.mp4,0.05973334118201083
real,MSR-VTT,video970.mp4,0.43071579938780313
real,MSR-VTT,video9700.mp4,0.34284494937603016
real,MSR-VTT,video9701.mp4,0.2937367553567224
real,MSR-VTT,video9702.mp4,0.38811219684483167
real,MSR-VTT,video9703.mp4,0.27200082411113724
real,MSR-VTT,video9704.mp4,0.11313868613138686
real,MSR-VTT,video9705.mp4,0.03630503885095362
real,MSR-VTT,video9706.mp4,0.1490022368730869
real,MSR-VTT,video9707.mp4,0.2709559689192371
real,MSR-VTT,video9708.mp4,0.0755974805745232
real,MSR-VTT,video9709.mp4,0.052846126677654814
real,MSR-VTT,video971.mp4,0.14925241346833057
real,MSR-VTT,video9710.mp4,0.17833176359783376
real,MSR-VTT,video9711.mp4,0.06076348010360254
real,MSR-VTT,video9712.mp4,0.23937485283729693
real,MSR-VTT,video9713.mp4,0.024576171415116553
real,MSR-VTT,video9714.mp4,0.021471038380032965
real,MSR-VTT,video9715.mp4,0.16457205085943016
real,MSR-VTT,video9716.mp4,0.12217447610077702
real,MSR-VTT,video9717.mp4,0.5818077466446904
real,MSR-VTT,video9718.mp4,0.0350247233341182
real,MSR-VTT,video9719.mp4,0.268027431127855
real,MSR-VTT,video972.mp4,0.11749470214268895
real,MSR-VTT,video9720.mp4,0.26103720273133973
real,MSR-VTT,video9721.mp4,0.8285701671768307
real,MSR-VTT,video9722.mp4,0.01668825052978573
real,MSR-VTT,video9723.mp4,0.5035907699552625
real,MSR-VTT,video9724.mp4,0.2155050623969861
real,MSR-VTT,video9725.mp4,0.028211090181304452
real,MSR-VTT,video9726.mp4,0.196270897103838
real,MSR-VTT,video9727.mp4,0.09614139392512362
real,MSR-VTT,video9728.mp4,0.10816458676712974
real,MSR-VTT,video9729.mp4,0.3173710854720979
real,MSR-VTT,video973.mp4,0.7932805509771603
real,MSR-VTT,video9730.mp4,0.006578172827878503
real,MSR-VTT,video9731.mp4,0.6594507887920885
real,MSR-VTT,video9732.mp4,0.04220626324464328
real,MSR-VTT,video9733.mp4,0.013156345655757004
real,MSR-VTT,video9734.mp4,0.04759241817753709
real,MSR-VTT,video9735.mp4,0.21721214975276668
real,MSR-VTT,video9736.mp4,0.7946785966564633
real,MSR-VTT,video9737.mp4,0.23095714622086178
real,MSR-VTT,video9738.mp4,0.08859194725688722
real,MSR-VTT,video9739.mp4,0.24331881327996235
real,MSR-VTT,video974.mp4,0.2541941370379091
real,MSR-VTT,video9740.mp4,0.6376854250058865
real,MSR-VTT,video9741.mp4,0.8091594066399812
real,MSR-VTT,video9742.mp4,0.04682717212149753
real,MSR-VTT,video9743.mp4,0.07680421473981634
real,MSR-VTT,video9744.mp4,0.25753473039792796
real,MSR-VTT,video9745.mp4,0.11708264657405226
real,MSR-VTT,video9746.mp4,0.2247174476100777
real,MSR-VTT,video9747.mp4,0.3498793265834707
real,MSR-VTT,video9748.mp4,0.044899340711090176
real,MSR-VTT,video9749.mp4,0.15226924888156346
real,MSR-VTT,video975.mp4,0.021750647515893572
real,MSR-VTT,video9750.mp4,0.25487108547209797
real,MSR-VTT,video9751.mp4,0.038453614315987754
real,MSR-VTT,video9752.mp4,0.2228337650105957
real,MSR-VTT,video9753.mp4,0.03140452083823876
real,MSR-VTT,video9754.mp4,0.32269837532375795
real,MSR-VTT,video9755.mp4,0.3509094655050624
real,MSR-VTT,video9756.mp4,0.5012508829762186
real,MSR-VTT,video9757.mp4,0.06279432540616905
real,MSR-VTT,video9758.mp4,0.3423004473746174
real,MSR-VTT,video9759.mp4,0.523192842006122
real,MSR-VTT,video976.mp4,0.21498999293619026
real,MSR-VTT,video9760.mp4,0.3619025194254768
real,MSR-VTT,video9761.mp4,0.010595714622086177
real,MSR-VTT,video9762.mp4,0.4182805509771603
real,MSR-VTT,video9763.mp4,0.032493524841064284
real,MSR-VTT,video9764.mp4,0.7302360489757476
real,MSR-VTT,video9765.mp4,0.10161584647986814
real,MSR-VTT,video9766.mp4,0.006828349423122204
real,MSR-VTT,video9767.mp4,0.07559748057452319
real,MSR-VTT,video9768.mp4,0.1203643748528373
real,MSR-VTT,video9769.mp4,0.86720037673652
real,MSR-VTT,video977.mp4,0.10533906286790676
real,MSR-VTT,video9770.mp4,0.30715799387803155
real,MSR-VTT,video9771.mp4,0.36961384506710615
real,MSR-VTT,video9772.mp4,0.1672651283258771
real,MSR-VTT,video9773.mp4,0.1001589357193313
real,MSR-VTT,video9774.mp4,0.026916058394160586
real,MSR-VTT,video9775.mp4,0.6211149046385684
real,MSR-VTT,video9776.mp4,0.05967447610077702
real,MSR-VTT,video9777.mp4,0.05883564869319519
real,MSR-VTT,video9778.mp4,0.20133329408994582
real,MSR-VTT,video9779.mp4,0.01799799858723805
real,MSR-VTT,video978.mp4,0.2156227925594537
real,MSR-VTT,video9780.mp4,0.3162526489286555
real,MSR-VTT,video9781.mp4,0.061175535672239226
real,MSR-VTT,video9782.mp4,0.31766541087826705
real,MSR-VTT,video9783.mp4,0.26411290322580644
real,MSR-VTT,video9784.mp4,0.1111225570991288
real,MSR-VTT,video9785.mp4,0.32403755592182715
real,MSR-VTT,video9786.mp4,0.18560160113020957
real,MSR-VTT,video9787.mp4,0.4475217800800565
real,MSR-VTT,video9788.mp4,0.23943371791853074
real,MSR-VTT,video9789.mp4,0.027063221097245113
real,MSR-VTT,video979.mp4,0.9544972922062633
real,MSR-VTT,video9790.mp4,0.012405815870025901
real,MSR-VTT,video9791.mp4,0.09200612196844832
real,MSR-VTT,video9792.mp4,0.5903284671532847
real,MSR-VTT,video9793.mp4,0.6137420532140334
real,MSR-VTT,video9794.mp4,0.07625971273840358
real,MSR-VTT,video9795.mp4,0.04077878502472333
real,MSR-VTT,video9796.mp4,0.22902931481045444
real,MSR-VTT,video9797.mp4,0.03936602307511185
real,MSR-VTT,video9798.mp4,0.6604367789027549
real,MSR-VTT,video9799.mp4,0.0904756298563692
real,MSR-VTT,video98.mp4,0.3487756063103367
real,MSR-VTT,video980.mp4,0.27041146691782436
real,MSR-VTT,video9800.mp4,0.27977101483400046
real,MSR-VTT,video9801.mp4,0.11126971980221333
real,MSR-VTT,video9802.mp4,0.31304450200141276
real,MSR-VTT,video9803.mp4,0.43290852366376265
real,MSR-VTT,video9804.mp4,0.25020602778431833
real,MSR-VTT,video9805.mp4,0.06706204379562043
real,MSR-VTT,video9806.mp4,0.10469154697433483
real,MSR-VTT,video9807.mp4,0.0031787143866258537
real,MSR-VTT,video9808.mp4,0.007049093477748999
real,MSR-VTT,video9809.mp4,0.4038291735342595
real,MSR-VTT,video981.mp4,0.3518218742641865
real,MSR-VTT,video9810.mp4,0.037820814692724275
real,MSR-VTT,video9811.mp4,0.07103543677890276
real,MSR-VTT,video9812.mp4,0.010580998351777726
real,MSR-VTT,video9813.mp4,0.02977101483400047
real,MSR-VTT,video9814.mp4,0.06890157758417706
real,MSR-VTT,video9815.mp4,0.23791794207676006
real,MSR-VTT,video9816.mp4,0.20254002825523898
real,MSR-VTT,video9817.mp4,0.1945785260183659
real,MSR-VTT,video9818.mp4,0.4476836590534495
real,MSR-VTT,video9819.mp4,0.40069460795855893
real,MSR-VTT,video982.mp4,0.6614963503649636
real,MSR-VTT,video9820.mp4,0.006607605368495409
real,MSR-VTT,video9821.mp4,0.031198493053920417
real,MSR-VTT,video9822.mp4,0.492494702142689
real,MSR-VTT,video9823.mp4,0.21082528843889806
real,MSR-VTT,video9824.mp4,0.13627266305627503
real,MSR-VTT,video9825.mp4,0.20021485754650342
real,MSR-VTT,video9826.mp4,0.017409347774899928
real,MSR-VTT,video9827.mp4,0.10597186249117024
real,MSR-VTT,video9828.mp4,0.024090534494937605
real,MSR-VTT,video9829.mp4,0.025208971038380032
real,MSR-VTT,video983.mp4,0.34275665175417946
real,MSR-VTT,video9830.mp4,0.39174711561101955
real,MSR-VTT,video9831.mp4,0.06620850011773016
real,MSR-VTT,video9832.mp4,0.12738403578996937
real,MSR-VTT,video9833.mp4,0.31001295031787146
real,MSR-VTT,video9834.mp4,0.40253414174711555
real,MSR-VTT,video9835.mp4,0.4829879915234283
real,MSR-VTT,video9836.mp4,0.42947963268189315
real,MSR-VTT,video9837.mp4,0.19681539910525075
real,MSR-VTT,video9838.mp4,0.0418530727572404
real,MSR-VTT,video9839.mp4,0.11901047798445961
real,MSR-VTT,video984.mp4,0.42293089239463155
real,MSR-VTT,video9840.mp4,0.25151577584177065
real,MSR-VTT,video9841.mp4,0.024340711090181304
real,MSR-VTT,video9842.mp4,0.09337473510713445
real,MSR-VTT,video9843.mp4,0.6196432776077231
real,MSR-VTT,video9844.mp4,0.0029579703319990583
real,MSR-VTT,video9845.mp4,0.18539557334589124
real,MSR-VTT,video9846.mp4,0.08890098893336473
real,MSR-VTT,video9847.mp4,0.24574699788085708
real,MSR-VTT,video9848.mp4,0.10865022368730869
real,MSR-VTT,video9849.mp4,0.465048858017424
real,MSR-VTT,video985.mp4,0.6096656463385919
real,MSR-VTT,video9850.mp4,0.4135566282081469
real,MSR-VTT,video9851.mp4,0.0057540616906051325
real,MSR-VTT,video9852.mp4,0.4542323993407111
real,MSR-VTT,video9853.mp4,0.10195432069696257
real,MSR-VTT,video9854.mp4,0.1504738639039322
real,MSR-VTT,video9855.mp4,0.8098216388038616
real,MSR-VTT,video9856.mp4,0.021941959029903462
real,MSR-VTT,video9857.mp4,0.4520102425241347
real,MSR-VTT,video9858.mp4,0.32280138921591717
real,MSR-VTT,video9859.mp4,0.3771191429244173
real,MSR-VTT,video986.mp4,0.043751471627030844
real,MSR-VTT,video9860.mp4,0.33586943724982343
real,MSR-VTT,video9861.mp4,0.4915234283023311
real,MSR-VTT,video9862.mp4,0.11712679538497762
real,MSR-VTT,video9863.mp4,0.15474158229338358
real,MSR-VTT,video9864.mp4,0.09196197315752296
real,MSR-VTT,video9865.mp4,0.08722333411820107
real,MSR-VTT,video9866.mp4,0.35126265599246526
real,MSR-VTT,video9867.mp4,0.09823110430892396
real,MSR-VTT,video9868.mp4,0.07024075818224629
real,MSR-VTT,video9869.mp4,0.43839769248881566
real,MSR-VTT,video987.mp4,0.6266040734636213
real,MSR-VTT,video9870.mp4,0.392703673181069
real,MSR-VTT,video9871.mp4,0.5464886979044031
real,MSR-VTT,video9872.mp4,0.610769366611726
real,MSR-VTT,video9873.mp4,0.05414115846479868
real,MSR-VTT,video9874.mp4,0.17215093006828347
real,MSR-VTT,video9875.mp4,0.07814339533788556
real,MSR-VTT,video9876.mp4,0.1332116788321168
real,MSR-VTT,video9877.mp4,0.4531139627972687
real,MSR-VTT,video9878.mp4,0.31475158935719333
real,MSR-VTT,video9879.mp4,0.1820549799858724
real,MSR-VTT,video988.mp4,0.01236166705910054
real,MSR-VTT,video9880.mp4,0.34350718153991056
real,MSR-VTT,video9881.mp4,0.6065016482222746
real,MSR-VTT,video9882.mp4,0.29826936661172593
real,MSR-VTT,video9883.mp4,0.2752384035789969
real,MSR-VTT,video9884.mp4,0.3790322580645161
real,MSR-VTT,video9885.mp4,0.1403196373910996
real,MSR-VTT,video9886.mp4,0.5421179656227926
real,MSR-VTT,video9887.mp4,0.03005062396986108
real,MSR-VTT,video9888.mp4,0.1385389686837768
real,MSR-VTT,video9889.mp4,0.009801036025429715
real,MSR-VTT,video989.mp4,0.33032140334353666
real,MSR-VTT,video9890.mp4,0.6382887920885331
real,MSR-VTT,video9891.mp4,0.019631504591476338
real,MSR-VTT,video9892.mp4,0.4134977631269131
real,MSR-VTT,video9893.mp4,0.0855603955733459
real,MSR-VTT,video9894.mp4,0.6244260654579703
real,MSR-VTT,video9895.mp4,0.7027902048504826
real,MSR-VTT,video9896.mp4,0.34487579467859664
real,MSR-VTT,video9897.mp4,0.25540087120320226
real,MSR-VTT,video9898.mp4,0.3259065222510007
real,MSR-VTT,video9899.mp4,0.008829762185071815
real,MSR-VTT,video99.mp4,0.3610784082882034
real,MSR-VTT,video990.mp4,0.029653284671532845
real,MSR-VTT,video9900.mp4,0.027063221097245113
real,MSR-VTT,video9901.mp4,0.16722097951495174
real,MSR-VTT,video9902.mp4,0.2223334118201083
real,MSR-VTT,video9903.mp4,0.05247821991994349
real,MSR-VTT,video9904.mp4,0.554185307275724
real,MSR-VTT,video9905.mp4,0.35326406875441485
real,MSR-VTT,video9906.mp4,0.09252119142924417
real,MSR-VTT,video9907.mp4,0.28527489992936195
real,MSR-VTT,video9908.mp4,0.30887979750412053
real,MSR-VTT,video9909.mp4,0.07990934777489993
real,MSR-VTT,video991.mp4,0.04572345184836355
real,MSR-VTT,video9910.mp4,0.6139922298092771
real,MSR-VTT,video9911.mp4,0.38864198257593596
real,MSR-VTT,video9912.mp4,0.12873793265834707
real,MSR-VTT,video9913.mp4,0.016129032258064516
real,MSR-VTT,video9914.mp4,0.7182422886743585
real,MSR-VTT,video9915.mp4,0.2817429950553332
real,MSR-VTT,video9916.mp4,0.2180509771603485
real,MSR-VTT,video9917.mp4,0.5529491405698139
real,MSR-VTT,video9918.mp4,0.022398163409465505
real,MSR-VTT,video9919.mp4,0.28584883447139153
real,MSR-VTT,video992.mp4,0.12064398398869791
real,MSR-VTT,video9920.mp4,0.05359665646338592
real,MSR-VTT,video9921.mp4,0.23042736048975748
real,MSR-VTT,video9922.mp4,0.17738992229809275
real,MSR-VTT,video9923.mp4,0.41794207676006595
real,MSR-VTT,video9924.mp4,0.09874617376971981
real,MSR-VTT,video9925.mp4,0.11232929126442195
real,MSR-VTT,video9926.mp4,0.12248351777725452
real,MSR-VTT,video9927.mp4,0.19549093477749
real,MSR-VTT,video9928.mp4,0.6233664939957617
real,MSR-VTT,video9929.mp4,0.09472863197551212
real,MSR-VTT,video993.mp4,0.37009948198728515
real,MSR-VTT,video9930.mp4,0.07826112550035319
real,MSR-VTT,video9931.mp4,0.2530904167647752
real,MSR-VTT,video9932.mp4,0.12798740287261595
real,MSR-VTT,video9933.mp4,0.13216682364021662
real,MSR-VTT,video9934.mp4,0.18732340475629855
real,MSR-VTT,video9935.mp4,0.025311984930539204
real,MSR-VTT,video9936.mp4,0.4927595950082411
real,MSR-VTT,video9937.mp4,0.25232517070873556
real,MSR-VTT,video9938.mp4,0.2001559924652696
real,MSR-VTT,video9939.mp4,0.30215446197315754
real,MSR-VTT,video994.mp4,0.18137803155168353
real,MSR-VTT,video9940.mp4,0.026474570284906993
real,MSR-VTT,video9941.mp4,0.08074817518248176
real,MSR-VTT,video9942.mp4,0.01424534965858253
real,MSR-VTT,video9943.mp4,0.1700465034141747
real,MSR-VTT,video9944.mp4,0.08246997880857075
real,MSR-VTT,video9945.mp4,0.13034200612196845
real,MSR-VTT,video9946.mp4,0.412129149988227
real,MSR-VTT,video9947.mp4,0.3447286319755121
real,MSR-VTT,video9948.mp4,0.028770308453025667
real,MSR-VTT,video9949.mp4,0.04982929126442195
real,MSR-VTT,video995.mp4,0.0683276430421474
real,MSR-VTT,video9950.mp4,0.0690487402872616
real,MSR-VTT,video9951.mp4,0.14424888156345655
real,MSR-VTT,video9952.mp4,0.3180921827172122
real,MSR-VTT,video9953.mp4,0.11293265834706852
real,MSR-VTT,video9954.mp4,0.5039439604426654
real,MSR-VTT,video9955.mp4,0.09868730868848599
real,MSR-VTT,video9956.mp4,0.15936249117023782
real,MSR-VTT,video9957.mp4,0.9814133506004239
real,MSR-VTT,video9958.mp4,0.4545855898281139
real,MSR-VTT,video9959.mp4,0.077540028255239
real,MSR-VTT,video996.mp4,0.0625
real,MSR-VTT,video9960.mp4,0.027357546503414175
real,MSR-VTT,video9961.mp4,0.0741847186249117
real,MSR-VTT,video9962.mp4,0.1395102425241347
real,MSR-VTT,video9963.mp4,0.05219861078408289
real,MSR-VTT,video9964.mp4,0.20864728043324698
real,MSR-VTT,video9965.mp4,0.013126913115140098
real,MSR-VTT,video9966.mp4,0.17591829526724748
real,MSR-VTT,video9967.mp4,0.038556628208146926
real,MSR-VTT,video9968.mp4,0.06560513303508358
real,MSR-VTT,video9969.mp4,0.1379061690605133
real,MSR-VTT,video997.mp4,0.5320078879208854
real,MSR-VTT,video9970.mp4,0.26659995290793503
real,MSR-VTT,video9971.mp4,0.015437367553567224
real,MSR-VTT,video9972.mp4,0.28945432069696253
real,MSR-VTT,video9973.mp4,0.1996556392747822
real,MSR-VTT,video9974.mp4,0.3233311749470214
real,MSR-VTT,video9975.mp4,0.015334353661408054
real,MSR-VTT,video9976.mp4,0.02980044737461738
real,MSR-VTT,video9977.mp4,0.06567871438662586
real,MSR-VTT,video9978.mp4,0.6473687308688486
real,MSR-VTT,video9979.mp4,0.43857428773251705
real,MSR-VTT,video998.mp4,0.01158170473275253
real,MSR-VTT,video9980.mp4,0.20820579232399342
real,MSR-VTT,video9981.mp4,0.023619613845067104
real,MSR-VTT,video9982.mp4,0.5264157052036732
real,MSR-VTT,video9983.mp4,0.21690310807628915
real,MSR-VTT,video9984.mp4,0.1779197080291971
real,MSR-VTT,video9985.mp4,0.0023546032493524842
real,MSR-VTT,video9986.mp4,0.09812809041676478
real,MSR-VTT,video9987.mp4,0.2503679067577113
real,MSR-VTT,video9988.mp4,0.5608664939957617
real,MSR-VTT,video9989.mp4,0.061469861078408294
real,MSR-VTT,video999.mp4,0.07263951024252413
real,MSR-VTT,video9990.mp4,0.053964563221097245
real,MSR-VTT,video9991.mp4,0.32636272663056276
real,MSR-VTT,video9992.mp4,0.13577230986578762
real,MSR-VTT,video9993.mp4,0.16282081469272427
real,MSR-VTT,video9994.mp4,0.3805186013656699
real,MSR-VTT,video9995.mp4,0.12448493053920415
real,MSR-VTT,video9996.mp4,0.18785319048740287
real,MSR-VTT,video9997.mp4,0.18074523192842007
real,MSR-VTT,video9998.mp4,0.11387449964680951
real,MSR-VTT,video9999.mp4,0.6801712973863904
annotated,Crafter,Crafter_513.mp4,0.035245467388745
annotated,Crafter,Crafter_514.mp4,0.019999411349187663
annotated,Crafter,Crafter_515.mp4,0.37254238285848834
annotated,Crafter,Crafter_516.mp4,0.016717683070402636
annotated,Crafter,Crafter_517.mp4,0.09806922533553096
annotated,Crafter,Crafter_518.mp4,0.06837179185307275
annotated,Crafter,Crafter_519.mp4,0.115287261596421
annotated,Crafter,Crafter_520.mp4,0.2438044502001413
annotated,Crafter,Crafter_521.mp4,0.023516599952907936
annotated,Crafter,Crafter_522.mp4,0.0687985636920179
annotated,Crafter,Crafter_523.mp4,0.5133770897103838
annotated,Crafter,Crafter_524.mp4,0.03247880857075583
annotated,Crafter,Crafter_525.mp4,0.26658523663762657
annotated,Crafter,Crafter_526.mp4,0.6797739580880622
annotated,Crafter,Crafter_527.mp4,0.32222745467388747
annotated,Crafter,Crafter_528.mp4,0.08285260183659053
annotated,Crafter,Crafter_529.mp4,0.01274429008712032
annotated,Crafter,Crafter_530.mp4,0.2951495173063339
annotated,Crafter,Crafter_531.mp4,0.022000824111137275
annotated,Crafter,Crafter_532.mp4,0.1100924181775371
annotated,Crafter,Crafter_533.mp4,0.014848716741229104
annotated,Crafter,Crafter_534.mp4,0.6357870261360961
annotated,Crafter,Crafter_535.mp4,0.0635007063809748
annotated,Crafter,Crafter_536.mp4,0.018851542265128324
annotated,Crafter,Crafter_537.mp4,0.09586178478926301
annotated,Crafter,Crafter_538.mp4,0.02510595714622086
annotated,Crafter,Crafter_539.mp4,0.29029314810454443
annotated,Crafter,Crafter_540.mp4,0.018307040263715563
annotated,Crafter,Crafter_541.mp4,0.02160348481280904
annotated,Crafter,Crafter_542.mp4,0.018748528372969156
annotated,Crafter,Crafter_543.mp4,0.029638568401224395
annotated,Crafter,Crafter_544.mp4,0.07231575229573817
annotated,Crafter,Crafter_545.mp4,0.05954202966800094
annotated,Crafter,Crafter_546.mp4,0.1280168354132329
annotated,Crafter,Crafter_547.mp4,0.03871850718153991
annotated,Crafter,Crafter_548.mp4,0.01998469507887921
annotated,Crafter,Crafter_549.mp4,0.08272015540381446
annotated,Crafter,Crafter_550.mp4,0.026091947256887214
annotated,Crafter,Crafter_551.mp4,0.024958794443136333
annotated,Crafter,Crafter_552.mp4,0.0449876383329409
annotated,Crafter,Crafter_553.mp4,0.027107369908170476
annotated,Crafter,Crafter_554.mp4,0.014569107605368496
annotated,Crafter,Crafter_555.mp4,0.1668825052978573
annotated,Crafter,Crafter_556.mp4,0.02903520131857782
annotated,Crafter,Crafter_557.mp4,0.0206763597833765
annotated,Crafter,Crafter_558.mp4,0.019351895455615727
annotated,Crafter,Crafter_559.mp4,0.017482929126442195
annotated,Crafter,Crafter_560.mp4,0.11855427360489756
annotated,Crafter,Crafter_561.mp4,0.00428243465975983
annotated,Crafter,Crafter_562.mp4,0.01328879208853308
annotated,Crafter,Crafter_563.mp4,0.03503943960442665
annotated,Crafter,Crafter_564.mp4,0.030521544619731576
annotated,Crafter,Crafter_565.mp4,0.022883800329644453
annotated,Crafter,Crafter_566.mp4,0.1260007063809748
annotated,Crafter,Crafter_567.mp4,0.06185248410642807
annotated,Crafter,Crafter_568.mp4,0.03608429479632682
annotated,Crafter,Crafter_569.mp4,0.017056157287497056
annotated,Crafter,Crafter_570.mp4,0.44630032964445493
annotated,Crafter,Crafter_571.mp4,0.23435660466211444
annotated,Crafter,Crafter_572.mp4,0.23097186249117024
annotated,Crafter,Crafter_573.mp4,0.09992347539439606
annotated,Crafter,Crafter_574.mp4,0.04358959265363786
annotated,Crafter,Crafter_575.mp4,0.0938603720273134
annotated,Crafter,Crafter_576.mp4,0.17880268424770426
annotated,Crafter,Crafter_577.mp4,0.2931186720037674
annotated,Crafter,Crafter_578.mp4,0.4290087120320226
annotated,Crafter,Crafter_579.mp4,0.29590004709206497
annotated,Crafter,Crafter_580.mp4,0.19466682364021662
annotated,Crafter,Crafter_581.mp4,0.27684247704261833
annotated,Crafter,Crafter_582.mp4,0.025959500824111137
annotated,Crafter,Crafter_583.mp4,0.21934600894749234
annotated,Crafter,Crafter_584.mp4,0.16329173534259478
annotated,Crafter,Crafter_585.mp4,0.18751471627030847
annotated,Crafter,Crafter_586.mp4,0.2601542265128326
annotated,Crafter,Crafter_587.mp4,0.5610430892394631
annotated,Crafter,Crafter_588.mp4,0.5497704261831882
annotated,Crafter,Crafter_589.mp4,0.22568872145043561
annotated,Crafter,Crafter_590.mp4,0.04798975747586531
annotated,Crafter,Crafter_591.mp4,0.0430450906522251
annotated,Crafter,Crafter_592.mp4,0.005724629149988227
annotated,Crafter,Crafter_593.mp4,0.007019660937132093
annotated,Crafter,Crafter_594.mp4,0.001765952437014363
annotated,Crafter,Crafter_595.mp4,0.01687956204379562
annotated,Crafter,Crafter_596.mp4,0.01244996468095126
annotated,Crafter,Crafter_597.mp4,0.008447139157052037
annotated,Crafter,Crafter_598.mp4,0.05252236873086885
annotated,Crafter,Crafter_599.mp4,0.007034377207440546
annotated,Crafter,Crafter_600.mp4,0.037511773016246766
annotated,Crafter,Crafter_601.mp4,0.01876324464327761
annotated,Crafter,Crafter_602.mp4,0.02357546503414175
annotated,Crafter,Crafter_603.mp4,0.042603602542971505
annotated,Crafter,Crafter_604.mp4,0.006843065693430657
annotated,Crafter,Crafter_605.mp4,0.016261478690840592
annotated,Crafter,Crafter_606.mp4,0.061396279726866024
annotated,Crafter,Crafter_607.mp4,0.004871085472097952
annotated,Crafter,Crafter_608.mp4,0.2764451377442901
annotated,Crafter,Crafter_609.mp4,0.017232752531198492
annotated,Crafter,Crafter_610.mp4,0.009668589592653638
annotated,Crafter,Crafter_611.mp4,0.011449258299976455
annotated,Crafter,Crafter_612.mp4,0.005077113256416294
annotated,Crafter,Crafter_613.mp4,0.04641511655286084
annotated,Crafter,Crafter_614.mp4,0.010124793972215683
annotated,Crafter,Crafter_615.mp4,0.10722274546738875
annotated,Crafter,Crafter_616.mp4,0.03805627501765952
annotated,Crafter,Crafter_617.mp4,0.00447374617376972
annotated,Crafter,Crafter_618.mp4,0.0082705439133506
annotated,Crafter,Crafter_619.mp4,0.015231339769248882
annotated,Crafter,Crafter_620.mp4,0.005945373204615022
annotated,Crafter,Crafter_621.mp4,0.005489168825052978
annotated,Crafter,Crafter_622.mp4,0.07664233576642336
annotated,Crafter,Crafter_623.mp4,0.004900518012714857
annotated,Crafter,Crafter_624.mp4,0.011169649164115846
annotated,Crafter,Crafter_625.mp4,0.0165410878267012
annotated,Crafter,Crafter_626.mp4,0.42435837061455145
annotated,Crafter,Crafter_627.mp4,0.049755709912879684
annotated,Crafter,Crafter_628.mp4,0.025164822227454673
annotated,Crafter,Crafter_629.mp4,0.2555186013656699
annotated,Crafter,Crafter_630.mp4,0.018689663291735343
annotated,Crafter,Crafter_631.mp4,0.026886625853543678
annotated,Crafter,Crafter_632.mp4,0.0204261831881328
annotated,Crafter,Crafter_633.mp4,0.02703378855662821
annotated,Crafter,Crafter_634.mp4,0.013377089710383799
annotated,Crafter,Crafter_635.mp4,0.006637037909112314
annotated,Crafter,Crafter_636.mp4,0.032581822462914994
annotated,Crafter,Crafter_637.mp4,0.1019101718860372
annotated,Crafter,Crafter_638.mp4,0.006092535907699553
annotated,Crafter,Crafter_639.mp4,0.014024605603955733
annotated,Crafter,Crafter_640.mp4,0.015613962797268661
annotated,Crafter,Crafter_641.mp4,0.08503060984224159
annotated,Crafter,Crafter_642.mp4,0.014230633388274076
annotated,Crafter,Crafter_643.mp4,0.03336178478926301
annotated,Crafter,Crafter_644.mp4,0.013744996468095128
annotated,Crafter,Crafter_645.mp4,0.0041647044972922065
annotated,Crafter,Crafter_646.mp4,0.008079232399340712
annotated,Crafter,Crafter_647.mp4,0.012111490463856841
annotated,Crafter,Crafter_648.mp4,0.009433129267718391
annotated,Crafter,Crafter_649.mp4,0.036128443607252175
annotated,Crafter,Crafter_650.mp4,0.03371497527666588
annotated,Crafter,Crafter_651.mp4,0.013244643277607722
annotated,Crafter,Crafter_652.mp4,0.02378149281846009
annotated,Crafter,Crafter_653.mp4,0.04584118201083118
annotated,Crafter,Crafter_654.mp4,0.009153520131857782
annotated,Crafter,Crafter_655.mp4,0.024016953143395338
annotated,Crafter,Crafter_656.mp4,0.013318224629149989
annotated,Crafter,Crafter_657.mp4,0.009550859430186014
annotated,Crafter,Crafter_658.mp4,0.01114021662349894
annotated,Crafter,Crafter_659.mp4,0.024414292441723568
annotated,Crafter,Crafter_660.mp4,0.024738050388509535
annotated,Crafter,Crafter_661.mp4,0.1336825994819873
annotated,Crafter,Crafter_662.mp4,0.06597303979279491
annotated,Crafter,Crafter_663.mp4,0.00626913115140099
annotated,Crafter,Crafter_664.mp4,0.004032258064516129
annotated,Crafter,Crafter_665.mp4,0.008432422886743583
annotated,Crafter,Crafter_666.mp4,0.005430303743819167
annotated,Crafter,Crafter_667.mp4,0.03954261831881328
annotated,Crafter,Crafter_668.mp4,0.007093242288674358
annotated,Crafter,Crafter_669.mp4,0.00540087120320226
annotated,Crafter,Crafter_670.mp4,0.0044590299034612665
annotated,Crafter,Crafter_671.mp4,0.00685778196373911
annotated,Crafter,Crafter_672.mp4,0.019145867671297386
annotated,Crafter,Crafter_673.mp4,0.010477984459618554
annotated,Crafter,Crafter_674.mp4,0.009565575700494468
annotated,Crafter,Crafter_675.mp4,0.04425182481751825
annotated,Crafter,Crafter_676.mp4,0.0111843654344243
annotated,Crafter,Crafter_677.mp4,0.0035613374146456324
annotated,Crafter,Crafter_678.mp4,0.0838974570284907
annotated,Crafter,Crafter_679.mp4,0.016423357664233577
annotated,Crafter,Crafter_680.mp4,0.008991641158464798
annotated,Crafter,Crafter_681.mp4,0.008299976453967507
annotated,Crafter,Crafter_682.mp4,0.04597362844360725
annotated,Crafter,Crafter_683.mp4,0.03212561808335296
annotated,Crafter,Crafter_684.mp4,0.009653873322345186
annotated,Crafter,Crafter_685.mp4,0.00656345655757005
annotated,Crafter,Crafter_686.mp4,0.0515658111608194
annotated,Crafter,Crafter_687.mp4,0.008918059806922533
annotated,Crafter,Crafter_688.mp4,0.0727719566753002
annotated,Crafter,Crafter_689.mp4,0.00846185542736049
annotated,Crafter,Crafter_690.mp4,0.009830468566046621
annotated,Crafter,Crafter_691.mp4,0.010301389215917119
annotated,Crafter,Crafter_692.mp4,0.029932893807393453
annotated,Crafter,Crafter_693.mp4,0.005518601365669885
annotated,Crafter,Crafter_694.mp4,0.006828349423122204
annotated,Crafter,Crafter_695.mp4,0.00622498234047563
annotated,Crafter,Crafter_696.mp4,0.008447139157052037
annotated,Crafter,Crafter_697.mp4,0.0036790675771132563
annotated,Crafter,Crafter_698.mp4,0.022633623734400754
annotated,Crafter,Crafter_699.mp4,0.005194843418883918
annotated,Crafter,Crafter_700.mp4,0.009418412997409937
annotated,Gen2,gen2_1.mp4,0.007446432776077231
annotated,Gen2,gen2_10.mp4,0.005533317635978338
annotated,Gen2,gen2_100.mp4,0.02048504826936661
annotated,Gen2,gen2_1000.mp4,0.025253119849305394
annotated,Gen2,gen2_1001.mp4,0.01609959971744761
annotated,Gen2,gen2_1002.mp4,0.01152283965151872
annotated,Gen2,gen2_1003.mp4,0.06993171650576878
annotated,Gen2,gen2_1004.mp4,0.1521662349894043
annotated,Gen2,gen2_1005.mp4,0.17499117023781494
annotated,Gen2,gen2_1006.mp4,0.10753178714386627
annotated,Gen2,gen2_1007.mp4,0.10656051330350837
annotated,Gen2,gen2_1008.mp4,0.0464592653637862
annotated,Gen2,gen2_1009.mp4,0.05809983517777254
annotated,Gen2,gen2_101.mp4,0.18483635507417
annotated,Gen2,gen2_1010.mp4,0.023089828113962797
annotated,Gen2,gen2_1011.mp4,0.113565457970332
annotated,Gen2,gen2_1012.mp4,0.16342418177537085
annotated,Gen2,gen2_1013.mp4,0.007078526018365906
annotated,Gen2,gen2_1014.mp4,0.011169649164115846
annotated,Gen2,gen2_1015.mp4,0.011184365434424299
annotated,Gen2,gen2_1016.mp4,0.07290440310807628
annotated,Gen2,gen2_1017.mp4,0.06715034141747116
annotated,Gen2,gen2_1018.mp4,0.03942488815634566
annotated,Gen2,gen2_1019.mp4,0.027593006828349424
annotated,Gen2,gen2_102.mp4,0.09112314574994114
annotated,Gen2,gen2_1020.mp4,0.13900988933364727
annotated,Gen2,gen2_1021.mp4,0.1235283729691547
annotated,Gen2,gen2_1022.mp4,0.024826348010360252
annotated,Gen2,gen2_1023.mp4,0.038527195667530025
annotated,Gen2,gen2_1024.mp4,0.028372969154697433
annotated,Gen2,gen2_1025.mp4,0.007814339533788557
annotated,Gen2,gen2_1026.mp4,0.007608311749470214
annotated,Gen2,gen2_1027.mp4,0.1658229338356487
annotated,Gen2,gen2_1028.mp4,0.02306039557334589
annotated,Gen2,gen2_1029.mp4,0.04320696962561808
annotated,Gen2,gen2_103.mp4,0.02641570520367318
annotated,Gen2,gen2_1030.mp4,0.07263951024252413
annotated,Gen2,gen2_1031.mp4,0.02977101483400047
annotated,Gen2,gen2_1032.mp4,0.018380621615257827
annotated,Gen2,gen2_1033.mp4,0.004900518012714857
annotated,Gen2,gen2_1034.mp4,0.004370732281610549
annotated,Gen2,gen2_1035.mp4,0.006784200612196844
annotated,Gen2,gen2_1036.mp4,0.08600188368259948
annotated,Gen2,gen2_1037.mp4,0.02052919708029197
annotated,Gen2,gen2_1038.mp4,0.004488462444078173
annotated,Gen2,gen2_1039.mp4,0.0035760536849540852
annotated,Gen2,gen2_104.mp4,0.010477984459618554
annotated,Gen2,gen2_1040.mp4,0.02734283023310572
annotated,Gen2,gen2_1041.mp4,0.0024281846008947492
annotated,Gen2,gen2_1042.mp4,0.012082057923239933
annotated,Gen2,gen2_1043.mp4,0.007726041911937838
annotated,Gen2,gen2_1044.mp4,0.0832057923239934
annotated,Gen2,gen2_1045.mp4,0.0070049446668236405
annotated,Gen2,gen2_1046.mp4,0.01770367318106899
annotated,Gen2,gen2_1047.mp4,0.04066105486225571
annotated,Gen2,gen2_1048.mp4,0.004753355309630327
annotated,Gen2,gen2_1049.mp4,0.04335413232870261
annotated,Gen2,gen2_105.mp4,0.008299976453967507
annotated,Gen2,gen2_1050.mp4,0.027445844125264893
annotated,Gen2,gen2_1051.mp4,0.007431716505768777
annotated,Gen2,gen2_1052.mp4,0.008918059806922533
annotated,Gen2,gen2_1053.mp4,0.008976924888156346
annotated,Gen2,gen2_1054.mp4,0.00860901813044502
annotated,Gen2,gen2_1055.mp4,0.05673122203908641
annotated,Gen2,gen2_1056.mp4,0.004547327525311984
annotated,Gen2,gen2_1057.mp4,0.007961502236873088
annotated,Gen2,gen2_1058.mp4,0.009418412997409937
annotated,Gen2,gen2_1059.mp4,0.001707087355780551
annotated,Gen2,gen2_106.mp4,0.019248881563456558
annotated,Gen2,gen2_1060.mp4,0.022236284436072524
annotated,Gen2,gen2_1061.mp4,0.004915234283023311
annotated,Gen2,gen2_1062.mp4,0.007431716505768778
annotated,Gen2,gen2_1063.mp4,0.013480103602542972
annotated,Gen2,gen2_1064.mp4,0.02924122910289616
annotated,Gen2,gen2_1065.mp4,0.0035760536849540852
annotated,Gen2,gen2_1066.mp4,0.010522133270543913
annotated,Gen2,gen2_1067.mp4,0.02111784789263009
annotated,Gen2,gen2_1068.mp4,0.07580350835884155
annotated,Gen2,gen2_1069.mp4,0.007932069696256181
annotated,Gen2,gen2_107.mp4,0.041205556863668474
annotated,Gen2,gen2_1070.mp4,0.04488462444078173
annotated,Gen2,gen2_1071.mp4,0.025856486931951965
annotated,Gen2,gen2_1072.mp4,0.0025017659524370142
annotated,Gen2,gen2_1073.mp4,0.013156345655757006
annotated,Gen2,gen2_1074.mp4,0.004253002119142924
annotated,Gen2,gen2_1075.mp4,0.01523133976924888
annotated,Gen2,gen2_1076.mp4,0.004253002119142924
annotated,Gen2,gen2_1077.mp4,0.0551712973863904
annotated,Gen2,gen2_1078.mp4,0.01939604426654109
annotated,Gen2,gen2_1079.mp4,0.020661643513068047
annotated,Gen2,gen2_108.mp4,0.011066635271956676
annotated,Gen2,gen2_1080.mp4,0.012243936896632918
annotated,Gen2,gen2_1081.mp4,0.004032258064516129
annotated,Gen2,gen2_1082.mp4,0.011508123381210267
annotated,Gen2,gen2_1083.mp4,0.0011773016246762421
annotated,Gen2,gen2_1084.mp4,0.00856486931951966
annotated,Gen2,gen2_1085.mp4,0.012185071815399105
annotated,Gen2,gen2_1086.mp4,0.052110313162232164
annotated,Gen2,gen2_1087.mp4,0.003134565575700495
annotated,Gen2,gen2_1088.mp4,0.03499529079350129
annotated,Gen2,gen2_1089.mp4,0.023575465034141745
annotated,Gen2,gen2_109.mp4,0.007534730397927949
annotated,Gen2,gen2_1090.mp4,0.011140216623498941
annotated,Gen2,gen2_1091.mp4,0.013686131386861315
annotated,Gen2,gen2_1092.mp4,0.0033700259006357427
annotated,Gen2,gen2_1093.mp4,0.013391805980692253
annotated,Gen2,gen2_1094.mp4,0.006592889098186956
annotated,Gen2,gen2_1095.mp4,0.007181539910525076
annotated,Gen2,gen2_1096.mp4,0.17518248175182483
annotated,Gen2,gen2_1097.mp4,0.011405109489051095
annotated,Gen2,gen2_1098.mp4,0.007505297857311043
annotated,Gen2,gen2_1099.mp4,0.010198375323757947
annotated,Gen2,gen2_11.mp4,0.007417000235460325
annotated,Gen2,gen2_110.mp4,0.10171886037202732
annotated,Gen2,gen2_1100.mp4,0.0732134447845538
annotated,Gen2,gen2_1101.mp4,0.05236048975747587
annotated,Gen2,gen2_1102.mp4,0.04242700729927008
annotated,Gen2,gen2_1103.mp4,0.017762538262302802
annotated,Gen2,gen2_1104.mp4,0.01917530021191429
annotated,Gen2,gen2_1105.mp4,0.006401577584177066
annotated,Gen2,gen2_1106.mp4,0.20487991523428303
annotated,Gen2,gen2_1107.mp4,0.06083706145514481
annotated,Gen2,gen2_1108.mp4,0.025311984930539204
annotated,Gen2,gen2_1109.mp4,0.04320696962561808
annotated,Gen2,gen2_111.mp4,0.010095361431598775
annotated,Gen2,gen2_1110.mp4,0.04360430892394632
annotated,Gen2,gen2_1111.mp4,0.030477395808806217
annotated,Gen2,gen2_1112.mp4,0.06251471627030845
annotated,Gen2,gen2_1113.mp4,0.08405933600188369
annotated,Gen2,gen2_1114.mp4,0.03551036025429715
annotated,Gen2,gen2_1115.mp4,0.042485872380503886
annotated,Gen2,gen2_1116.mp4,0.007902637155639275
annotated,Gen2,gen2_1117.mp4,0.013980456793030374
annotated,Gen2,gen2_1118.mp4,0.010389686837767836
annotated,Gen2,gen2_1119.mp4,0.009065222510007064
annotated,Gen2,gen2_112.mp4,0.008726748292912645
annotated,Gen2,gen2_1120.mp4,0.06170532140334353
annotated,Gen2,gen2_1121.mp4,0.022089121732987993
annotated,Gen2,gen2_1122.mp4,0.024973510713444783
annotated,Gen2,gen2_1123.mp4,0.08473628443607252
annotated,Gen2,gen2_1124.mp4,0.005489168825052979
annotated,Gen2,gen2_1125.mp4,0.034597951495173064
annotated,Gen2,gen2_1126.mp4,0.012023192842006121
annotated,Gen2,gen2_1127.mp4,0.009065222510007064
annotated,Gen2,gen2_1128.mp4,0.006931363315281375
annotated,Gen2,gen2_1129.mp4,0.022089121732987993
annotated,Gen2,gen2_113.mp4,0.05021191429244173
annotated,Gen2,gen2_1130.mp4,0.14574994113491876
annotated,Gen2,gen2_1131.mp4,0.013803861549328939
annotated,Gen2,gen2_1132.mp4,0.06091064280668707
annotated,Gen2,gen2_1133.mp4,0.03196373910995998
annotated,Gen2,gen2_1134.mp4,0.031654697433482454
annotated,Gen2,gen2_1135.mp4,0.05091829526724746
annotated,Gen2,gen2_1136.mp4,0.08036555215446198
annotated,Gen2,gen2_1137.mp4,0.1310778196373911
annotated,Gen2,gen2_1138.mp4,0.03761478690840593
annotated,Gen2,gen2_1139.mp4,0.0131269131151401
annotated,Gen2,gen2_114.mp4,0.03517188603720273
annotated,Gen2,gen2_1140.mp4,0.010492700729927007
annotated,Gen2,gen2_1141.mp4,0.07442017894984695
annotated,Gen2,gen2_1142.mp4,0.01346538733223452
annotated,Gen2,gen2_1143.mp4,0.17427007299270075
annotated,Gen2,gen2_1144.mp4,0.019660937132093242
annotated,Gen2,gen2_1145.mp4,0.0902548858017424
annotated,Gen2,gen2_1146.mp4,0.2568430656934307
annotated,Gen2,gen2_1147.mp4,0.013774429008712032
annotated,Gen2,gen2_1148.mp4,0.004164704497292206
annotated,Gen2,gen2_1149.mp4,0.1235283729691547
annotated,Gen2,gen2_115.mp4,0.08657581822462915
annotated,Gen2,gen2_1150.mp4,0.1274723334118201
annotated,Gen2,gen2_1151.mp4,0.009889333647280433
annotated,Gen2,gen2_1152.mp4,0.0029726866023075116
annotated,Gen2,gen2_1153.mp4,0.007843772074405463
annotated,Gen2,gen2_1154.mp4,0.007196256180833529
annotated,Gen2,gen2_1155.mp4,0.006033670826465741
annotated,Gen2,gen2_1156.mp4,0.15765540381445725
annotated,Gen2,gen2_1157.mp4,0.01808629620908877
annotated,Gen2,gen2_1158.mp4,0.013627266305627501
annotated,Gen2,gen2_1159.mp4,0.024811631740051802
annotated,Gen2,gen2_116.mp4,0.06809218271721215
annotated,Gen2,gen2_1160.mp4,0.01196432776077231
annotated,Gen2,gen2_1161.mp4,0.012508829762185071
annotated,Gen2,gen2_1162.mp4,0.007990934777489992
annotated,Gen2,gen2_1163.mp4,0.03297916176124323
annotated,Gen2,gen2_1164.mp4,0.0593654344242995
annotated,Gen2,gen2_1165.mp4,0.21475453261125502
annotated,Gen2,gen2_1166.mp4,0.018704379562043794
annotated,Gen2,gen2_1167.mp4,0.015687544148810927
annotated,Gen2,gen2_1168.mp4,0.005945373204615021
annotated,Gen2,gen2_1169.mp4,0.026430421473981634
annotated,Gen2,gen2_117.mp4,0.12176242053214034
annotated,Gen2,gen2_1170.mp4,0.018307040263715563
annotated,Gen2,gen2_1171.mp4,0.04703319990581587
annotated,Gen2,gen2_1172.mp4,0.028122792559453734
annotated,Gen2,gen2_1173.mp4,0.02257475865316694
annotated,Gen2,gen2_1174.mp4,0.006386861313868612
annotated,Gen2,gen2_1175.mp4,0.003370025900635743
annotated,Gen2,gen2_1176.mp4,0.011257946785966564
annotated,Gen2,gen2_1177.mp4,0.02660701671768307
annotated,Gen2,gen2_1178.mp4,0.007166823640216624
annotated,Gen2,gen2_1179.mp4,0.034700965387332236
annotated,Gen2,gen2_118.mp4,0.13772957381681186
annotated,Gen2,gen2_1180.mp4,0.010566282081469272
annotated,Gen2,gen2_1181.mp4,0.013744996468095126
annotated,Gen2,gen2_1182.mp4,0.05386154932893807
annotated,Gen2,gen2_1183.mp4,0.010301389215917119
annotated,Gen2,gen2_1184.mp4,0.033096891923710854
annotated,Gen2,gen2_1185.mp4,0.01158170473275253
annotated,Gen2,gen2_1186.mp4,0.14444019307746644
annotated,Gen2,gen2_1187.mp4,0.003340593360018837
annotated,Gen2,gen2_1188.mp4,0.04275076524605604
annotated,Gen2,gen2_1189.mp4,0.23830056510477984
annotated,Gen2,gen2_119.mp4,0.04004297150930069
annotated,Gen2,gen2_1190.mp4,0.02762243936896633
annotated,Gen2,gen2_1191.mp4,0.09764245349658583
annotated,Gen2,gen2_1192.mp4,0.03353838003296444
annotated,Gen2,gen2_1193.mp4,0.006386861313868612
annotated,Gen2,gen2_1194.mp4,0.04189722156816576
annotated,Gen2,gen2_1195.mp4,0.017129738639039323
annotated,Gen2,gen2_1196.mp4,0.09109371320932423
annotated,Gen2,gen2_1197.mp4,0.012582411113727337
annotated,Gen2,gen2_1198.mp4,0.0773192842006122
annotated,Gen2,gen2_1199.mp4,0.12598599011066636
annotated,Gen2,gen2_12.mp4,0.005665764068754415
annotated,Gen2,gen2_120.mp4,0.01080174240640452
annotated,Gen2,gen2_1200.mp4,0.10794384271250294
annotated,Gen2,gen2_1201.mp4,0.04388391805980692
annotated,Gen2,gen2_1202.mp4,0.03580468566046621
annotated,Gen2,gen2_1203.mp4,0.23578408288203437
annotated,Gen2,gen2_1204.mp4,0.03983694372498234
annotated,Gen2,gen2_1205.mp4,0.23644631504591476
annotated,Gen2,gen2_1206.mp4,0.129385448551919
annotated,Gen2,gen2_1207.mp4,0.0948316458676713
annotated,Gen2,gen2_1208.mp4,0.07893807393454202
annotated,Gen2,gen2_1209.mp4,0.08642865552154462
annotated,Gen2,gen2_121.mp4,0.15282846715328466
annotated,Gen2,gen2_1210.mp4,0.030698139863433012
annotated,Gen2,gen2_1211.mp4,0.03886566988462444
annotated,Gen2,gen2_1212.mp4,0.02582705439133506
annotated,Gen2,gen2_1213.mp4,0.16068695549799858
annotated,Gen2,gen2_1214.mp4,0.11802448787379327
annotated,Gen2,gen2_1215.mp4,0.012523546032493525
annotated,Gen2,gen2_1216.mp4,0.11227042618318814
annotated,Gen2,gen2_1217.mp4,0.02428184600894749
annotated,Gen2,gen2_1218.mp4,0.01415705203673181
annotated,Gen2,gen2_1219.mp4,0.01122851424534966
annotated,Gen2,gen2_122.mp4,0.0898133976924888
annotated,Gen2,gen2_1220.mp4,0.007902637155639275
annotated,Gen2,gen2_1221.mp4,0.007770190722863198
annotated,Gen2,gen2_1222.mp4,0.004429597362844361
annotated,Gen2,gen2_1223.mp4,0.010404403108076289
annotated,Gen2,gen2_1224.mp4,0.006843065693430657
annotated,Gen2,gen2_1225.mp4,0.011066635271956674
annotated,Gen2,gen2_1226.mp4,0.012597127384035789
annotated,Gen2,gen2_1227.mp4,0.023207558276430423
annotated,Gen2,gen2_1228.mp4,0.00972745467388745
annotated,Gen2,gen2_1229.mp4,0.05138921591711797
annotated,Gen2,gen2_123.mp4,0.00749058158700259
annotated,Gen2,gen2_1230.mp4,0.03439192371085472
annotated,Gen2,gen2_1231.mp4,0.04622380503885096
annotated,Gen2,gen2_1232.mp4,0.012332234518483635
annotated,Gen2,gen2_1233.mp4,0.03178714386625854
annotated,Gen2,gen2_1234.mp4,0.03177242759595008
annotated,Gen2,gen2_1235.mp4,0.006695902990346126
annotated,Gen2,gen2_1236.mp4,0.003899811631740052
annotated,Gen2,gen2_1237.mp4,0.19656522251000705
annotated,Gen2,gen2_1238.mp4,0.013627266305627503
annotated,Gen2,gen2_1239.mp4,0.008226395102425241
annotated,Gen2,gen2_124.mp4,0.0143483635507417
annotated,Gen2,gen2_1240.mp4,0.009859901106663528
annotated,Gen2,gen2_1241.mp4,0.002281021897810219
annotated,Gen2,gen2_1242.mp4,0.0062544148810925355
annotated,Gen2,gen2_1243.mp4,0.013730280197786673
annotated,Gen2,gen2_1244.mp4,0.07436131386861314
annotated,Gen2,gen2_1245.mp4,0.0157905580409701
annotated,Gen2,gen2_1246.mp4,0.032169766894278314
annotated,Gen2,gen2_1247.mp4,0.006475158935719331
annotated,Gen2,gen2_1248.mp4,0.0267541794207676
annotated,Gen2,gen2_1249.mp4,0.052154461973157526
annotated,Gen2,gen2_125.mp4,0.18975158935719333
annotated,Gen2,gen2_1250.mp4,0.02258947492347539
annotated,Gen2,gen2_1251.mp4,0.007210972451141982
annotated,Gen2,gen2_1252.mp4,0.04957911466917825
annotated,Gen2,gen2_1253.mp4,0.028637862020249587
annotated,Gen2,gen2_1254.mp4,0.184998234047563
annotated,Gen2,gen2_1255.mp4,0.15041499882269838
annotated,Gen2,gen2_1256.mp4,0.07820226041911937
annotated,Gen2,gen2_1257.mp4,0.03140452083823876
annotated,Gen2,gen2_1258.mp4,0.061558158700259005
annotated,Gen2,gen2_1259.mp4,0.06534024016953144
annotated,Gen2,gen2_126.mp4,0.243892747821992
annotated,Gen2,gen2_1260.mp4,0.15157758417706615
annotated,Gen2,gen2_1261.mp4,0.039321874264186485
annotated,Gen2,gen2_1262.mp4,0.17815516835413234
annotated,Gen2,gen2_1263.mp4,0.06984341888391807
annotated,Gen2,gen2_1264.mp4,0.047872027313397694
annotated,Gen2,gen2_1265.mp4,0.32771662349894043
annotated,Gen2,gen2_1266.mp4,0.05233105721685896
annotated,Gen2,gen2_1267.mp4,0.39845773487167413
annotated,Gen2,gen2_1268.mp4,0.034921709441959034
annotated,Gen2,gen2_1269.mp4,0.08763538968683778
annotated,Gen2,gen2_127.mp4,0.03225806451612903
annotated,Gen2,gen2_1270.mp4,0.16804509065222512
annotated,Gen2,gen2_1271.mp4,0.2540322580645161
annotated,Gen2,gen2_1272.mp4,0.007122674829291265
annotated,Gen2,gen2_1273.mp4,0.00894749234753944
annotated,Gen2,gen2_1274.mp4,0.10204261831881328
annotated,Gen2,gen2_1275.mp4,0.0015893571933129269
annotated,Gen2,gen2_1276.mp4,0.0009271250294325406
annotated,Gen2,gen2_1277.mp4,0.005430303743819167
annotated,Gen2,gen2_1278.mp4,0.013892159171179657
annotated,Gen2,gen2_1279.mp4,0.039998822698375326
annotated,Gen2,gen2_128.mp4,0.1157581822462915
annotated,Gen2,gen2_1280.mp4,0.007887920885330822
annotated,Gen2,gen2_1281.mp4,0.012685425005886507
annotated,Gen2,gen2_1282.mp4,0.05121262067341653
annotated,Gen2,gen2_1283.mp4,0.016261478690840592
annotated,Gen2,gen2_1284.mp4,0.04057275724040499
annotated,Gen2,gen2_1285.mp4,0.022721921356251472
annotated,Gen2,gen2_1286.mp4,0.035745820579232396
annotated,Gen2,gen2_1287.mp4,0.05094772780786438
annotated,Gen2,gen2_1288.mp4,0.05923298799152343
annotated,Gen2,gen2_1289.mp4,0.050359076995526254
annotated,Gen2,gen2_129.mp4,0.2857311043089239
annotated,Gen2,gen2_1290.mp4,0.0315811160819402
annotated,Gen2,gen2_1291.mp4,0.0471509300682835
annotated,Gen2,gen2_1292.mp4,0.002899105250765246
annotated,Gen2,gen2_1293.mp4,0.005194843418883918
annotated,Gen2,gen2_1294.mp4,0.005474452554744526
annotated,Gen2,gen2_1295.mp4,0.018145161290322582
annotated,Gen2,gen2_1296.mp4,0.017041441017188602
annotated,Gen2,gen2_1297.mp4,0.1565811160819402
annotated,Gen2,gen2_1298.mp4,0.009212385213091593
annotated,Gen2,gen2_1299.mp4,0.022354014598540146
annotated,Gen2,gen2_13.mp4,0.005165410878267012
annotated,Gen2,gen2_130.mp4,0.05050623969861078
annotated,Gen2,gen2_1300.mp4,0.0035760536849540857
annotated,Gen2,gen2_1301.mp4,0.0048563692017894984
annotated,Gen2,gen2_1302.mp4,0.010095361431598776
annotated,Gen2,gen2_1303.mp4,0.024090534494937605
annotated,Gen2,gen2_1304.mp4,0.016438073934542028
annotated,Gen2,gen2_1305.mp4,0.006033670826465741
annotated,Gen2,gen2_1306.mp4,0.010757593595479162
annotated,Gen2,gen2_1307.mp4,0.007093242288674358
annotated,Gen2,gen2_1308.mp4,0.017232752531198492
annotated,Gen2,gen2_1309.mp4,0.019234165293148104
annotated,Gen2,gen2_131.mp4,0.017865552154461974
annotated,Gen2,gen2_1310.mp4,0.05386154932893807
annotated,Gen2,gen2_1311.mp4,0.006843065693430657
annotated,Gen2,gen2_1312.mp4,0.011566988462444078
annotated,Gen2,gen2_1313.mp4,0.048445961855427364
annotated,Gen2,gen2_1314.mp4,0.02588591947256887
annotated,Gen2,gen2_1315.mp4,0.015555097716034848
annotated,Gen2,gen2_1316.mp4,0.032684836355074166
annotated,Gen2,gen2_1317.mp4,0.1510625147162703
annotated,Gen2,gen2_1318.mp4,0.06688544855191901
annotated,Gen2,gen2_1319.mp4,0.01746821285613374
annotated,Gen2,gen2_132.mp4,0.12510301389215917
annotated,Gen2,gen2_1320.mp4,0.004562043795620438
annotated,Gen2,gen2_1321.mp4,0.005194843418883918
annotated,Gen2,gen2_1322.mp4,0.0049593830939486695
annotated,Gen2,gen2_1323.mp4,0.011228514245349657
annotated,Gen2,gen2_1324.mp4,0.036157876147869084
annotated,Gen2,gen2_1325.mp4,0.00782905580409701
annotated,Gen2,gen2_1326.mp4,0.03553979279491406
annotated,Gen2,gen2_1327.mp4,0.025311984930539204
annotated,Gen2,gen2_1328.mp4,0.008932776077230987
annotated,Gen2,gen2_1329.mp4,0.012965034141747114
annotated,Gen2,gen2_133.mp4,0.11224099364257123
annotated,Gen2,gen2_1330.mp4,0.02696020720508594
annotated,Gen2,gen2_1331.mp4,0.06207322816105486
annotated,Gen2,gen2_1332.mp4,0.003885095361431599
annotated,Gen2,gen2_1333.mp4,0.00618083352955027
annotated,Gen2,gen2_1334.mp4,0.005327289851659995
annotated,Gen2,gen2_1335.mp4,0.00432658347068519
annotated,Gen2,gen2_1336.mp4,0.0257829055804097
annotated,Gen2,gen2_1337.mp4,0.018056863668471864
annotated,Gen2,gen2_1338.mp4,0.03286143159877561
annotated,Gen2,gen2_1339.mp4,0.0060778196373911
annotated,Gen2,gen2_134.mp4,0.2282199199434895
annotated,Gen2,gen2_1340.mp4,0.04124970567459383
annotated,Gen2,gen2_1341.mp4,0.008520720508594301
annotated,Gen2,gen2_1342.mp4,0.018204026371556395
annotated,Gen2,gen2_1343.mp4,0.0075052978573110435
annotated,Gen2,gen2_1344.mp4,0.00968330586296209
annotated,Gen2,gen2_1345.mp4,0.004002825523899222
annotated,Gen2,gen2_1346.mp4,0.021853661408052744
annotated,Gen2,gen2_1347.mp4,0.006666470449729221
annotated,Gen2,gen2_1348.mp4,0.048298799152342836
annotated,Gen2,gen2_1349.mp4,0.014363079821050152
annotated,Gen2,gen2_135.mp4,0.021677066164351305
annotated,Gen2,gen2_1350.mp4,0.00603367082646574
annotated,Gen2,gen2_1351.mp4,0.018218742641864846
annotated,Gen2,gen2_1352.mp4,0.13329997645396752
annotated,Gen2,gen2_1353.mp4,0.010684012243936898
annotated,Gen2,gen2_1354.mp4,0.005077113256416294
annotated,Gen2,gen2_1355.mp4,0.04682717212149753
annotated,Gen2,gen2_1356.mp4,0.0046650576877796095
annotated,Gen2,gen2_1357.mp4,0.02073522486461031
annotated,Gen2,gen2_1358.mp4,0.00782905580409701
annotated,Gen2,gen2_1359.mp4,0.03146338591947257
annotated,Gen2,gen2_136.mp4,0.0032670120084765716
annotated,Gen2,gen2_1360.mp4,0.04851954320696963
annotated,Gen2,gen2_1361.mp4,0.03381798916882505
annotated,Gen2,gen2_1362.mp4,0.15563927478219922
annotated,Gen2,gen2_1363.mp4,0.028034494937603016
annotated,Gen2,gen2_1364.mp4,0.024193548387096774
annotated,Gen2,gen2_1365.mp4,0.0059600894749234756
annotated,Gen2,gen2_1366.mp4,0.02849069931716506
annotated,Gen2,gen2_1367.mp4,0.01308276430421474
annotated,Gen2,gen2_1368.mp4,0.01152283965151872
annotated,Gen2,gen2_1369.mp4,0.009977631269131152
annotated,Gen2,gen2_137.mp4,0.011081351542265128
annotated,Gen2,gen2_1370.mp4,0.01561396279726866
annotated,Gen2,gen2_1371.mp4,0.11921650576877796
annotated,Gen2,gen2_1372.mp4,0.018380621615257827
annotated,Gen2,gen2_1373.mp4,0.0063574287732517075
annotated,Gen2,gen2_1374.mp4,0.09952613609606781
annotated,Gen2,gen2_1375.mp4,0.02494407817282788
annotated,Gen2,gen2_1376.mp4,0.0039586767129738635
annotated,Gen2,gen2_1377.mp4,0.006592889098186955
annotated,Gen2,gen2_1378.mp4,0.04592947963268189
annotated,Gen2,gen2_1379.mp4,0.012361667059100542
annotated,Gen2,gen2_138.mp4,0.0016335060042382858
annotated,Gen2,gen2_1380.mp4,0.00540087120320226
annotated,Gen2,gen2_1381.mp4,0.011007770190722863
annotated,Gen2,gen2_139.mp4,0.4652254532611255
annotated,Gen2,gen2_14.mp4,0.012494113491876619
annotated,Gen2,gen2_140.mp4,0.09530256651754179
annotated,Gen2,gen2_141.mp4,0.005518601365669885
annotated,Gen2,gen2_142.mp4,0.03225806451612903
annotated,Gen2,gen2_143.mp4,0.03802684247704262
annotated,Gen2,gen2_144.mp4,0.11761243230515657
annotated,Gen2,gen2_145.mp4,0.007475865316694138
annotated,Gen2,gen2_146.mp4,0.03873322345184837
annotated,Gen2,gen2_147.mp4,0.006077819637391099
annotated,Gen2,gen2_148.mp4,0.006460442665410879
annotated,Gen2,gen2_149.mp4,0.003958676712973864
annotated,Gen2,gen2_15.mp4,0.0036790675771132568
annotated,Gen2,gen2_150.mp4,0.0031787143866258537
annotated,Gen2,gen2_151.mp4,0.0014569107605368495
annotated,Gen2,gen2_152.mp4,0.005032964445490935
annotated,Gen2,gen2_153.mp4,0.041867789027548855
annotated,Gen2,gen2_154.mp4,0.01333294089945844
annotated,Gen2,gen2_155.mp4,0.0025606310336708264
annotated,Gen2,gen2_156.mp4,0.014215917117965621
annotated,Gen2,gen2_157.mp4,0.012876736519896397
annotated,Gen2,gen2_158.mp4,0.0066517541794207675
annotated,Gen2,gen2_159.mp4,0.002781375088297622
annotated,Gen2,gen2_16.mp4,0.007534730397927949
annotated,Gen2,gen2_160.mp4,0.0026047798445961857
annotated,Gen2,gen2_161.mp4,0.017674240640452085
annotated,Gen2,gen2_162.mp4,0.011022486461031317
annotated,Gen2,gen2_163.mp4,0.012199788085707559
annotated,Gen2,gen2_164.mp4,0.0031787143866258537
annotated,Gen2,gen2_165.mp4,0.08110136566988461
annotated,Gen2,gen2_166.mp4,0.03885095361431599
annotated,Gen2,gen2_167.mp4,0.017777254532611256
annotated,Gen2,gen2_168.mp4,0.0025311984930539203
annotated,Gen2,gen2_169.mp4,0.028240522721921357
annotated,Gen2,gen2_17.mp4,0.04459029903461267
annotated,Gen2,gen2_170.mp4,0.0023546032493524842
annotated,Gen2,gen2_171.mp4,0.017836119613845066
annotated,Gen2,gen2_172.mp4,0.004797504120555686
annotated,Gen2,gen2_173.mp4,0.0043118672003767365
annotated,Gen2,gen2_174.mp4,0.005783494231222039
annotated,Gen2,gen2_175.mp4,0.0018689663291735343
annotated,Gen2,gen2_176.mp4,0.0033700259006357427
annotated,Gen2,gen2_177.mp4,0.004253002119142924
annotated,Gen2,gen2_178.mp4,0.06535495643983988
annotated,Gen2,gen2_179.mp4,0.007225688721450435
annotated,Gen2,gen2_18.mp4,0.002972686602307511
annotated,Gen2,gen2_180.mp4,0.007255121262067342
annotated,Gen2,gen2_181.mp4,0.023340004709206497
annotated,Gen2,gen2_182.mp4,0.01405403814457264
annotated,Gen2,gen2_183.mp4,0.007107958558982812
annotated,Gen2,gen2_184.mp4,0.009403696727101483
annotated,Gen2,gen2_185.mp4,0.0058570755827643045
annotated,Gen2,gen2_186.mp4,0.0059600894749234756
annotated,Gen2,gen2_187.mp4,0.0035760536849540857
annotated,Gen2,gen2_188.mp4,0.026724746880150693
annotated,Gen2,gen2_189.mp4,0.17375500353190487
annotated,Gen2,gen2_19.mp4,0.004149988226983753
annotated,Gen2,gen2_190.mp4,0.02135330821756534
annotated,Gen2,gen2_191.mp4,0.0020602778431834234
annotated,Gen2,gen2_192.mp4,0.016232046150223688
annotated,Gen2,gen2_193.mp4,0.011758299976453966
annotated,Gen2,gen2_194.mp4,0.006681186720037674
annotated,Gen2,gen2_195.mp4,0.004562043795620438
annotated,Gen2,gen2_196.mp4,0.00749058158700259
annotated,Gen2,gen2_197.mp4,0.01804214739816341
annotated,Gen2,gen2_198.mp4,0.003517188603720273
annotated,Gen2,gen2_199.mp4,0.04386920178949846
annotated,Gen2,gen2_2.mp4,0.003237579467859666
annotated,Gen2,gen2_20.mp4,0.005238992229809277
annotated,Gen2,gen2_200.mp4,0.16031904874028727
annotated,Gen2,gen2_201.mp4,0.11060748763833295
annotated,Gen2,gen2_202.mp4,0.05346421003060984
annotated,Gen2,gen2_203.mp4,0.0058570755827643045
annotated,Gen2,gen2_204.mp4,0.014318931010124793
annotated,Gen2,gen2_205.mp4,0.0043118672003767365
annotated,Gen2,gen2_206.mp4,0.01177301624676242
annotated,Gen2,gen2_207.mp4,0.09630327289851659
annotated,Gen2,gen2_208.mp4,0.030418530727572404
annotated,Gen2,gen2_209.mp4,0.0032228631975512127
annotated,Gen2,gen2_21.mp4,0.018704379562043794
annotated,Gen2,gen2_210.mp4,0.018424770426183186
annotated,Gen2,gen2_211.mp4,0.0030021191429244172
annotated,Gen2,gen2_212.mp4,0.007328702613609607
annotated,Gen2,gen2_213.mp4,0.016614669178243467
annotated,Gen2,gen2_214.mp4,0.04712149752766659
annotated,Gen2,gen2_215.mp4,0.0019425476807157995
annotated,Gen2,gen2_216.mp4,0.005091829526724747
annotated,Gen2,gen2_217.mp4,0.003561337414645632
annotated,Gen2,gen2_218.mp4,0.011022486461031317
annotated,Gen2,gen2_219.mp4,0.023634330115375562
annotated,Gen2,gen2_22.mp4,0.00958029197080292
annotated,Gen2,gen2_220.mp4,0.029167647751353897
annotated,Gen2,gen2_221.mp4,0.01196432776077231
annotated,Gen2,gen2_222.mp4,0.0026783611961384507
annotated,Gen2,gen2_223.mp4,0.004635625147162703
annotated,Gen2,gen2_224.mp4,0.0032081469272427594
annotated,Gen2,gen2_225.mp4,0.030168354132328705
annotated,Gen2,gen2_226.mp4,0.015481516364492583
annotated,Gen2,gen2_227.mp4,0.030286084294796328
annotated,Gen2,gen2_228.mp4,0.04823993407110902
annotated,Gen2,gen2_229.mp4,0.0059600894749234756
annotated,Gen2,gen2_23.mp4,0.010757593595479162
annotated,Gen2,gen2_230.mp4,0.006445726395102425
annotated,Gen2,gen2_231.mp4,0.0015599246526960208
annotated,Gen2,gen2_232.mp4,0.0032228631975512127
annotated,Gen2,gen2_233.mp4,0.32999764539675064
annotated,Gen2,gen2_234.mp4,0.010536849540852367
annotated,Gen2,gen2_235.mp4,0.17846421003060983
annotated,Gen2,gen2_236.mp4,0.018292323993407113
annotated,Gen2,gen2_237.mp4,0.0209265363786202
annotated,Gen2,gen2_238.mp4,0.0015746409230044738
annotated,Gen2,gen2_239.mp4,0.062323404756298564
annotated,Gen2,gen2_24.mp4,0.017453496585825286
annotated,Gen2,gen2_240.mp4,0.011728867435837061
annotated,Gen2,gen2_241.mp4,0.04859312455851189
annotated,Gen2,gen2_242.mp4,0.004194137037909112
annotated,Gen2,gen2_243.mp4,0.006386861313868613
annotated,Gen2,gen2_244.mp4,0.013612550035319049
annotated,Gen2,gen2_245.mp4,0.0030757004944666827
annotated,Gen2,gen2_246.mp4,0.013435954791617612
annotated,Gen2,gen2_247.mp4,0.020970685189545563
annotated,Gen2,gen2_248.mp4,0.04878443607252178
annotated,Gen2,gen2_249.mp4,0.007608311749470215
annotated,Gen2,gen2_25.mp4,0.0020161290322580645
annotated,Gen2,gen2_250.mp4,0.11393336472804333
annotated,Gen2,gen2_251.mp4,0.003929244172356958
annotated,Gen2,gen2_252.mp4,0.11097539439604426
annotated,Gen2,gen2_253.mp4,0.009109371320932423
annotated,Gen2,gen2_254.mp4,0.007034377207440547
annotated,Gen2,gen2_255.mp4,0.0021780080056510477
annotated,Gen2,gen2_256.mp4,0.006960795855898282
annotated,Gen2,gen2_257.mp4,0.01692371085472098
annotated,Gen2,gen2_258.mp4,0.001147869084059336
annotated,Gen2,gen2_259.mp4,0.0033405933600188366
annotated,Gen2,gen2_26.mp4,0.12245408523663763
annotated,Gen2,gen2_260.mp4,0.008932776077230985
annotated,Gen2,gen2_261.mp4,0.0012067341652931482
annotated,Gen2,gen2_262.mp4,0.05091829526724746
annotated,Gen2,gen2_263.mp4,0.058276430421473985
annotated,Gen2,gen2_264.mp4,0.03578996939015776
annotated,Gen2,gen2_265.mp4,0.015437367553567224
annotated,Gen2,gen2_266.mp4,0.011287379326583472
annotated,Gen2,gen2_267.mp4,0.011463974570284906
annotated,Gen2,gen2_268.mp4,0.016349776312691314
annotated,Gen2,gen2_269.mp4,0.01264127619496115
annotated,Gen2,gen2_27.mp4,0.036010713444784556
annotated,Gen2,gen2_270.mp4,0.0045620437956204385
annotated,Gen2,gen2_271.mp4,0.0233400047092065
annotated,Gen2,gen2_272.mp4,0.1518719095832352
annotated,Gen2,gen2_273.mp4,0.0069019307746644686
annotated,Gen2,gen2_274.mp4,0.10863550741700025
annotated,Gen2,gen2_275.mp4,0.028181657640687544
annotated,Gen2,gen2_276.mp4,0.0013980456793030375
annotated,Gen2,gen2_277.mp4,0.03811514009889334
annotated,Gen2,gen2_278.mp4,0.015613962797268661
annotated,Gen2,gen2_279.mp4,0.003458323522486461
annotated,Gen2,gen2_28.mp4,0.0015304921120791147
annotated,Gen2,gen2_280.mp4,0.006975512126206735
annotated,Gen2,gen2_281.mp4,0.06186720037673652
annotated,Gen2,gen2_282.mp4,0.18736755356722393
annotated,Gen2,gen2_283.mp4,0.009830468566046621
annotated,Gen2,gen2_284.mp4,0.01810101247939722
annotated,Gen2,gen2_285.mp4,0.027401695314339534
annotated,Gen2,gen2_286.mp4,0.010684012243936898
annotated,Gen2,gen2_287.mp4,0.002133859194725689
annotated,Gen2,gen2_288.mp4,0.013553684954085238
annotated,Gen2,gen2_289.mp4,0.004547327525311985
annotated,Gen2,gen2_29.mp4,0.01620261360960678
annotated,Gen2,gen2_290.mp4,0.038968683776783614
annotated,Gen2,gen2_291.mp4,0.019028137508829764
annotated,Gen2,gen2_292.mp4,0.019955262538262304
annotated,Gen2,gen2_293.mp4,0.008241111372733693
annotated,Gen2,gen2_294.mp4,0.04489934071109018
annotated,Gen2,gen2_295.mp4,0.0018983988697904401
annotated,Gen2,gen2_296.mp4,0.052110313162232164
annotated,Gen2,gen2_297.mp4,0.03565752295738168
annotated,Gen2,gen2_298.mp4,0.011993760301389217
annotated,Gen2,gen2_299.mp4,0.01508417706616435
annotated,Gen2,gen2_3.mp4,0.0895337885566282
annotated,Gen2,gen2_30.mp4,0.02338415352013186
annotated,Gen2,gen2_300.mp4,0.01814516129032258
annotated,Gen2,gen2_301.mp4,0.03665822933835649
annotated,Gen2,gen2_302.mp4,0.01103720273133977
annotated,Gen2,gen2_303.mp4,0.02072050859430186
annotated,Gen2,gen2_304.mp4,0.0323610784082882
annotated,Gen2,gen2_305.mp4,0.028475983046856605
annotated,Gen2,gen2_306.mp4,0.16669119378384742
annotated,Gen2,gen2_307.mp4,0.09334530256651755
annotated,Gen2,gen2_308.mp4,0.09544972922062632
annotated,Gen2,gen2_309.mp4,0.01839533788556628
annotated,Gen2,gen2_31.mp4,0.022707205085943018
annotated,Gen2,gen2_310.mp4,0.29071991994348956
annotated,Gen2,gen2_311.mp4,0.027887332234518482
annotated,Gen2,gen2_312.mp4,0.029800447374617376
annotated,Gen2,gen2_313.mp4,0.005474452554744526
annotated,Gen2,gen2_314.mp4,0.04819578526018366
annotated,Gen2,gen2_315.mp4,0.006695902990346126
annotated,Gen2,gen2_316.mp4,0.017409347774899928
annotated,Gen2,gen2_317.mp4,0.029697433482458204
annotated,Gen2,gen2_318.mp4,0.1291941370379091
annotated,Gen2,gen2_319.mp4,0.08196962561808335
annotated,Gen2,gen2_32.mp4,0.013053331763597832
annotated,Gen2,gen2_320.mp4,0.018101012479397223
annotated,Gen2,gen2_321.mp4,0.05006475158935719
annotated,Gen2,gen2_322.mp4,0.006431010124793972
annotated,Gen2,gen2_323.mp4,0.1929450200141276
annotated,Gen2,gen2_324.mp4,0.02316340946550506
annotated,Gen2,gen2_325.mp4,0.1418501295031787
annotated,Gen2,gen2_326.mp4,0.006637037909112314
annotated,Gen2,gen2_327.mp4,0.06603190487402873
annotated,Gen2,gen2_328.mp4,0.010051212620673416
annotated,Gen2,gen2_329.mp4,0.04001353896868378
annotated,Gen2,gen2_33.mp4,0.0016040734636213797
annotated,Gen2,gen2_330.mp4,0.016953143395337888
annotated,Gen2,gen2_331.mp4,0.10096833058629621
annotated,Gen2,gen2_332.mp4,0.03704085236637627
annotated,Gen2,gen2_333.mp4,0.10809100541558747
annotated,Gen2,gen2_334.mp4,0.2563427125029432
annotated,Gen2,gen2_335.mp4,0.0890334353661408
annotated,Gen2,gen2_336.mp4,0.11715622792559453
annotated,Gen2,gen2_337.mp4,0.005077113256416294
annotated,Gen2,gen2_338.mp4,0.011861313868613138
annotated,Gen2,gen2_339.mp4,0.02874087591240876
annotated,Gen2,gen2_34.mp4,0.006239698610784083
annotated,Gen2,gen2_340.mp4,0.39831057216858956
annotated,Gen2,gen2_341.mp4,0.018351189074640922
annotated,Gen2,gen2_342.mp4,0.09397810218978102
annotated,Gen2,gen2_343.mp4,0.05091829526724747
annotated,Gen2,gen2_344.mp4,0.012435248410642807
annotated,Gen2,gen2_345.mp4,0.005812926771838945
annotated,Gen2,gen2_346.mp4,0.005047680715799388
annotated,Gen2,gen2_347.mp4,0.0077996232634801035
annotated,Gen2,gen2_348.mp4,0.004223569578526019
annotated,Gen2,gen2_349.mp4,0.02545914763362373
annotated,Gen2,gen2_35.mp4,0.0013097480574523193
annotated,Gen2,gen2_350.mp4,0.004297150930068283
annotated,Gen2,gen2_351.mp4,0.002854956439839887
annotated,Gen2,gen2_352.mp4,0.002884388980456793
annotated,Gen2,gen2_353.mp4,0.005165410878267012
annotated,Gen2,gen2_354.mp4,0.0007358135154226513
annotated,Gen2,gen2_355.mp4,0.001147869084059336
annotated,Gen2,gen2_356.mp4,0.004444313633152814
annotated,Gen2,gen2_357.mp4,0.021426889569107602
annotated,Gen2,gen2_358.mp4,0.055465622792559455
annotated,Gen2,gen2_359.mp4,0.005018248175182482
annotated,Gen2,gen2_36.mp4,0.01598186955497999
annotated,Gen2,gen2_360.mp4,0.10803214033435365
annotated,Gen2,gen2_361.mp4,0.052110313162232164
annotated,Gen2,gen2_362.mp4,0.0021780080056510477
annotated,Gen2,gen2_363.mp4,0.011831881327996233
annotated,Gen2,gen2_364.mp4,0.010860607487638334
annotated,Gen2,gen2_365.mp4,0.07820226041911937
annotated,Gen2,gen2_366.mp4,0.012803155168354133
annotated,Gen2,gen2_367.mp4,0.033347068518954553
annotated,Gen2,gen2_368.mp4,0.01571697668942783
annotated,Gen2,gen2_369.mp4,0.01103720273133977
annotated,Gen2,gen2_37.mp4,0.017438780315516836
annotated,Gen2,gen2_370.mp4,0.005651047798445962
annotated,Gen2,gen2_371.mp4,0.005224275959500825
annotated,Gen2,gen2_372.mp4,0.0032228631975512127
annotated,Gen2,gen2_373.mp4,0.007549446668236402
annotated,Gen2,gen2_374.mp4,0.006592889098186955
annotated,Gen2,gen2_375.mp4,0.019469625618083353
annotated,Gen2,gen2_376.mp4,0.014657405227219214
annotated,Gen2,gen2_377.mp4,0.01405403814457264
annotated,Gen2,gen2_378.mp4,0.07820226041911937
annotated,Gen2,gen2_379.mp4,0.0031934306569343066
annotated,Gen2,gen2_38.mp4,0.006298563692017895
annotated,Gen2,gen2_380.mp4,0.006386861313868613
annotated,Gen2,gen2_381.mp4,0.007726041911937838
annotated,Gen2,gen2_382.mp4,0.005135978337650106
annotated,Gen2,gen2_383.mp4,0.010831174947021426
annotated,Gen2,gen2_384.mp4,0.036393336472804336
annotated,Gen2,gen2_385.mp4,0.02715151871909583
annotated,Gen2,gen2_386.mp4,0.021927242759595008
annotated,Gen2,gen2_387.mp4,0.02878502472333412
annotated,Gen2,gen2_388.mp4,0.011287379326583472
annotated,Gen2,gen2_389.mp4,0.0206763597833765
annotated,Gen2,gen2_39.mp4,0.0006769484341888392
annotated,Gen2,gen2_390.mp4,0.04712149752766659
annotated,Gen2,gen2_391.mp4,0.04971156110195432
annotated,Gen2,gen2_392.mp4,0.04195608664939957
annotated,Gen2,gen2_393.mp4,0.0030021191429244172
annotated,Gen2,gen2_394.mp4,0.0037673651989639746
annotated,Gen2,gen2_395.mp4,0.02363433011537556
annotated,Gen2,gen2_396.mp4,0.015304921120791147
annotated,Gen2,gen2_397.mp4,0.007078526018365905
annotated,Gen2,gen2_398.mp4,0.026680598069225334
annotated,Gen2,gen2_399.mp4,0.08772368730868849
annotated,Gen2,gen2_4.mp4,0.010757593595479162
annotated,Gen2,gen2_40.mp4,0.0031492818460089477
annotated,Gen2,gen2_400.mp4,0.004370732281610549
annotated,Gen2,gen2_401.mp4,0.0058129267718389456
annotated,Gen2,gen2_402.mp4,0.0029285377913821522
annotated,Gen2,gen2_403.mp4,0.005150694607958559
annotated,Gen2,gen2_404.mp4,0.011802448787379327
annotated,Gen2,gen2_405.mp4,0.03267012008476572
annotated,Gen2,gen2_406.mp4,0.007858488344713916
annotated,Gen2,gen2_407.mp4,0.01692371085472098
annotated,Gen2,gen2_408.mp4,0.01546680009418413
annotated,Gen2,gen2_409.mp4,0.002310454438427125
annotated,Gen2,gen2_41.mp4,0.008285260183659052
annotated,Gen2,gen2_410.mp4,0.01595243701436308
annotated,Gen2,gen2_411.mp4,0.032787850247233345
annotated,Gen2,gen2_412.mp4,0.006151400988933365
annotated,Gen2,gen2_413.mp4,0.00208971038380033
annotated,Gen2,gen2_414.mp4,0.00320814692724276
annotated,Gen2,gen2_415.mp4,0.04361902519425477
annotated,Gen2,gen2_416.mp4,0.02612137979750412
annotated,Gen2,gen2_417.mp4,0.004738639039321874
annotated,Gen2,gen2_418.mp4,0.029741582293383563
annotated,Gen2,gen2_419.mp4,0.010419119378384743
annotated,Gen2,gen2_42.mp4,0.002207440546267954
annotated,Gen2,gen2_420.mp4,0.027269248881563457
annotated,Gen2,gen2_421.mp4,0.09465505062396987
annotated,Gen2,gen2_422.mp4,0.021927242759595008
annotated,Gen2,gen2_423.mp4,0.0503443607252178
annotated,Gen2,gen2_424.mp4,0.04429597362844361
annotated,Gen2,gen2_425.mp4,0.013951024252413468
annotated,Gen2,gen2_426.mp4,0.03343536614080528
annotated,Gen2,gen2_427.mp4,0.007549446668236402
annotated,Gen2,gen2_428.mp4,0.006740051801271485
annotated,Gen2,gen2_429.mp4,0.016702966800094185
annotated,Gen2,gen2_43.mp4,0.004076406875441488
annotated,Gen2,gen2_430.mp4,0.021735931245585118
annotated,Gen2,gen2_431.mp4,0.010522133270543913
annotated,Gen2,gen2_432.mp4,0.004532611255003532
annotated,Gen2,gen2_433.mp4,0.0028108076289145283
annotated,Gen2,gen2_434.mp4,0.0192047327525312
annotated,Gen2,gen2_435.mp4,0.11634683305862963
annotated,Gen2,gen2_436.mp4,0.10010007063809748
annotated,Gen2,gen2_437.mp4,0.028093360018836826
annotated,Gen2,gen2_438.mp4,0.06448669649164115
annotated,Gen2,gen2_439.mp4,0.012979750412055568
annotated,Gen2,gen2_44.mp4,0.0035319048740287263
annotated,Gen2,gen2_440.mp4,0.056098422415822934
annotated,Gen2,gen2_441.mp4,0.006740051801271485
annotated,Gen2,gen2_442.mp4,0.004267718389451378
annotated,Gen2,gen2_443.mp4,0.008196962561808335
annotated,Gen2,gen2_444.mp4,0.08080704026371556
annotated,Gen2,gen2_445.mp4,0.0819549093477749
annotated,Gen2,gen2_446.mp4,0.1624676242053214
annotated,Gen2,gen2_447.mp4,0.016276194961149047
annotated,Gen2,gen2_448.mp4,0.32349305392041444
annotated,Gen2,gen2_449.mp4,0.021735931245585118
annotated,Gen2,gen2_45.mp4,0.013833294089945844
annotated,Gen2,gen2_450.mp4,0.06239698610784083
annotated,Gen2,gen2_451.mp4,0.10020308453025666
annotated,Gen2,gen2_452.mp4,0.20078879208853306
annotated,Gen2,gen2_453.mp4,0.01882210972451142
annotated,Gen2,gen2_454.mp4,0.05917412291028962
annotated,Gen2,gen2_455.mp4,0.0028108076289145283
annotated,Gen2,gen2_456.mp4,0.010419119378384743
annotated,Gen2,gen2_457.mp4,0.020352601836590534
annotated,Gen2,gen2_458.mp4,0.11992288674358371
annotated,Gen2,gen2_459.mp4,0.004046974334824582
annotated,Gen2,gen2_46.mp4,0.0026636449258299975
annotated,Gen2,gen2_460.mp4,0.015098893336472803
annotated,Gen2,gen2_461.mp4,0.015643395337885564
annotated,Gen2,gen2_462.mp4,0.014245349658582528
annotated,Gen2,gen2_463.mp4,0.0131269131151401
annotated,Gen2,gen2_464.mp4,0.01424534965858253
annotated,Gen2,gen2_465.mp4,0.4367494702142689
annotated,Gen2,gen2_466.mp4,0.2563427125029432
annotated,Gen2,gen2_467.mp4,0.2611255003531905
annotated,Gen2,gen2_468.mp4,0.0014569107605368495
annotated,Gen2,gen2_469.mp4,0.0013980456793030375
annotated,Gen2,gen2_47.mp4,0.06119025194254768
annotated,Gen2,gen2_470.mp4,0.0021044266541087827
annotated,Gen2,gen2_471.mp4,0.013244643277607724
annotated,Gen2,gen2_472.mp4,0.47611549328938074
annotated,Gen2,gen2_473.mp4,0.017674240640452085
annotated,Gen2,gen2_474.mp4,0.011566988462444078
annotated,Gen2,gen2_475.mp4,0.013759712738403578
annotated,Gen2,gen2_476.mp4,0.007196256180833529
annotated,Gen2,gen2_477.mp4,0.0960825288438898
annotated,Gen2,gen2_478.mp4,0.00875618083352955
annotated,Gen2,gen2_479.mp4,0.04576760065928891
annotated,Gen2,gen2_48.mp4,0.03364139392512362
annotated,Gen2,gen2_480.mp4,0.09346303272898517
annotated,Gen2,gen2_481.mp4,0.03294972922062633
annotated,Gen2,gen2_482.mp4,0.010404403108076289
annotated,Gen2,gen2_483.mp4,0.029594419590299036
annotated,Gen2,gen2_484.mp4,0.0026636449258299975
annotated,Gen2,gen2_485.mp4,0.01643807393454203
annotated,Gen2,gen2_486.mp4,0.0070049446668236405
annotated,Gen2,gen2_487.mp4,0.039704497292206264
annotated,Gen2,gen2_488.mp4,0.004046974334824582
annotated,Gen2,gen2_489.mp4,0.006151400988933365
annotated,Gen2,gen2_49.mp4,0.013965740522721922
annotated,Gen2,gen2_490.mp4,0.08470685189545561
annotated,Gen2,gen2_491.mp4,0.005135978337650106
annotated,Gen2,gen2_492.mp4,0.06239698610784083
annotated,Gen2,gen2_493.mp4,0.0020161290322580645
annotated,Gen2,gen2_494.mp4,0.005636331528137508
annotated,Gen2,gen2_495.mp4,0.0192047327525312
annotated,Gen2,gen2_496.mp4,0.1352719566753002
annotated,Gen2,gen2_497.mp4,0.006843065693430657
annotated,Gen2,gen2_498.mp4,0.018115728749705674
annotated,Gen2,gen2_499.mp4,0.004944666823640217
annotated,Gen2,gen2_5.mp4,0.006901930774664469
annotated,Gen2,gen2_50.mp4,0.24203849776312691
annotated,Gen2,gen2_500.mp4,0.04504650341417471
annotated,Gen2,gen2_501.mp4,0.004944666823640217
annotated,Gen2,gen2_502.mp4,0.014333647280433248
annotated,Gen2,gen2_503.mp4,0.00835884153520132
annotated,Gen2,gen2_504.mp4,0.022515893571933128
annotated,Gen2,gen2_505.mp4,0.008299976453967507
annotated,Gen2,gen2_506.mp4,0.012567694843418884
annotated,Gen2,gen2_507.mp4,0.002648928655521544
annotated,Gen2,gen2_508.mp4,0.35316105486225574
annotated,Gen2,gen2_509.mp4,0.01634977631269131
annotated,Gen2,gen2_51.mp4,0.023443018601365672
annotated,Gen2,gen2_510.mp4,0.009021073699081705
annotated,Gen2,gen2_511.mp4,0.09854014598540146
annotated,Gen2,gen2_512.mp4,0.004194137037909112
annotated,Gen2,gen2_513.mp4,0.03732046150223687
annotated,Gen2,gen2_514.mp4,0.12410230751118435
annotated,Gen2,gen2_515.mp4,0.012391099599717448
annotated,Gen2,gen2_516.mp4,0.010551565811160818
annotated,Gen2,gen2_517.mp4,0.03908641393925123
annotated,Gen2,gen2_518.mp4,0.2865699317165058
annotated,Gen2,gen2_519.mp4,0.04291264421944902
annotated,Gen2,gen2_52.mp4,0.009786319755121262
annotated,Gen2,gen2_520.mp4,0.08291146691782435
annotated,Gen2,gen2_521.mp4,0.15853838003296444
annotated,Gen2,gen2_522.mp4,0.42686013656698846
annotated,Gen2,gen2_523.mp4,0.11577289851659996
annotated,Gen2,gen2_524.mp4,0.3280403814457264
annotated,Gen2,gen2_525.mp4,0.07668648457734871
annotated,Gen2,gen2_526.mp4,0.09687720744054627
annotated,Gen2,gen2_527.mp4,0.10887096774193548
annotated,Gen2,gen2_528.mp4,0.017909700965387333
annotated,Gen2,gen2_529.mp4,0.27072050859430186
annotated,Gen2,gen2_53.mp4,0.08829762185071816
annotated,Gen2,gen2_530.mp4,0.02057334589121733
annotated,Gen2,gen2_531.mp4,0.03406816576406875
annotated,Gen2,gen2_532.mp4,0.059865787614786906
annotated,Gen2,gen2_533.mp4,0.04594419590299035
annotated,Gen2,gen2_534.mp4,0.019160583941605837
annotated,Gen2,gen2_535.mp4,0.01328879208853308
annotated,Gen2,gen2_536.mp4,0.004679773958088062
annotated,Gen2,gen2_537.mp4,0.009771603484812808
annotated,Gen2,gen2_538.mp4,0.02946197315752296
annotated,Gen2,gen2_539.mp4,0.013568401224393688
annotated,Gen2,gen2_54.mp4,0.02091182010831175
annotated,Gen2,gen2_540.mp4,0.005798210501530492
annotated,Gen2,gen2_541.mp4,0.07486166705910055
annotated,Gen2,gen2_542.mp4,0.039513185778196375
annotated,Gen2,gen2_543.mp4,0.0037232163880386157
annotated,Gen2,gen2_544.mp4,0.00476807157993878
annotated,Gen2,gen2_545.mp4,0.007740758182246291
annotated,Gen2,gen2_546.mp4,0.018262891452790204
annotated,Gen2,gen2_547.mp4,0.046473981634094656
annotated,Gen2,gen2_548.mp4,0.032773133976924884
annotated,Gen2,gen2_549.mp4,0.02052919708029197
annotated,Gen2,gen2_55.mp4,0.10495643983988698
annotated,Gen2,gen2_550.mp4,0.01255297857311043
annotated,Gen2,gen2_551.mp4,0.05062396986107841
annotated,Gen2,gen2_552.mp4,0.008388274075818224
annotated,Gen2,gen2_553.mp4,0.008108664939957617
annotated,Gen2,gen2_554.mp4,0.012714857546503415
annotated,Gen2,gen2_555.mp4,0.008623734400753473
annotated,Gen2,gen2_556.mp4,0.006578172827878502
annotated,Gen2,gen2_557.mp4,0.004267718389451378
annotated,Gen2,gen2_558.mp4,0.009977631269131152
annotated,Gen2,gen2_559.mp4,0.007313986343301154
annotated,Gen2,gen2_56.mp4,0.013803861549328937
annotated,Gen2,gen2_560.mp4,0.01805686366847186
annotated,Gen2,gen2_561.mp4,0.04663586060748764
annotated,Gen2,gen2_562.mp4,0.008344125264892865
annotated,Gen2,gen2_563.mp4,0.009109371320932423
annotated,Gen2,gen2_564.mp4,0.008873910995997174
annotated,Gen2,gen2_565.mp4,0.03923357664233577
annotated,Gen2,gen2_566.mp4,0.0192047327525312
annotated,Gen2,gen2_567.mp4,0.011419825759359549
annotated,Gen2,gen2_568.mp4,0.004547327525311985
annotated,Gen2,gen2_569.mp4,0.0916970802919708
annotated,Gen2,gen2_57.mp4,0.015393218742641865
annotated,Gen2,gen2_570.mp4,0.013332940899458441
annotated,Gen2,gen2_571.mp4,0.30805568636684716
annotated,Gen2,gen2_572.mp4,0.23807982105015305
annotated,Gen2,gen2_573.mp4,0.013641982575935956
annotated,Gen2,gen2_574.mp4,0.2681010124793972
annotated,Gen2,gen2_575.mp4,0.18377678361196137
annotated,Gen2,gen2_576.mp4,0.09622969154697433
annotated,Gen2,gen2_577.mp4,0.030477395808806214
annotated,Gen2,gen2_578.mp4,0.28904226512832587
annotated,Gen2,gen2_579.mp4,0.05475924181775371
annotated,Gen2,gen2_58.mp4,0.0878414174711561
annotated,Gen2,gen2_580.mp4,0.2253060984224158
annotated,Gen2,gen2_581.mp4,0.019293030374381917
annotated,Gen2,gen2_582.mp4,0.11608194019307747
annotated,Gen2,gen2_583.mp4,0.02582705439133506
annotated,Gen2,gen2_584.mp4,0.19986166705910052
annotated,Gen2,gen2_585.mp4,0.08657581822462915
annotated,Gen2,gen2_586.mp4,0.02048504826936661
annotated,Gen2,gen2_587.mp4,0.07668648457734871
annotated,Gen2,gen2_588.mp4,0.12881151400988933
annotated,Gen2,gen2_589.mp4,0.008844478455380268
annotated,Gen2,gen2_59.mp4,0.01649693901577584
annotated,Gen2,gen2_590.mp4,0.002810807628914528
annotated,Gen2,gen2_591.mp4,0.015967153284671534
annotated,Gen2,gen2_592.mp4,0.0013686131386861312
annotated,Gen2,gen2_593.mp4,0.0007210972451141982
annotated,Gen2,gen2_594.mp4,0.01270014127619496
annotated,Gen2,gen2_595.mp4,0.0035760536849540852
annotated,Gen2,gen2_596.mp4,0.006018954556157287
annotated,Gen2,gen2_597.mp4,0.0032964445490934777
annotated,Gen2,gen2_598.mp4,0.013803861549328939
annotated,Gen2,gen2_599.mp4,0.005489168825052978
annotated,Gen2,gen2_6.mp4,0.005489168825052978
annotated,Gen2,gen2_60.mp4,0.019425476807157994
annotated,Gen2,gen2_600.mp4,0.08812102660701672
annotated,Gen2,gen2_601.mp4,0.16417471156110197
annotated,Gen2,gen2_602.mp4,0.07911466917824346
annotated,Gen2,gen2_603.mp4,0.011199081704732753
annotated,Gen2,gen2_604.mp4,0.0719625618083353
annotated,Gen2,gen2_605.mp4,0.15321109018130447
annotated,Gen2,gen2_606.mp4,0.00719625618083353
annotated,Gen2,gen2_607.mp4,0.2421415116552861
annotated,Gen2,gen2_608.mp4,0.021014834000470918
annotated,Gen2,gen2_609.mp4,0.16095184836355073
annotated,Gen2,gen2_61.mp4,0.007461149046385684
annotated,Gen2,gen2_610.mp4,0.0024281846008947492
annotated,Gen2,gen2_611.mp4,0.005680480339062868
annotated,Gen2,gen2_612.mp4,0.015525665175417942
annotated,Gen2,gen2_613.mp4,0.007681893101012479
annotated,Gen2,gen2_614.mp4,0.15803802684247703
annotated,Gen2,gen2_615.mp4,0.07100600423828585
annotated,Gen2,gen2_616.mp4,0.006946079585589828
annotated,Gen2,gen2_617.mp4,0.11956969625618083
annotated,Gen2,gen2_618.mp4,0.018792677183894515
annotated,Gen2,gen2_619.mp4,0.012361667059100542
annotated,Gen2,gen2_62.mp4,0.008770897103838004
annotated,Gen2,gen2_620.mp4,0.005165410878267012
annotated,Gen2,gen2_621.mp4,0.006342712502943253
annotated,Gen2,gen2_622.mp4,0.007255121262067342
annotated,Gen2,gen2_623.mp4,0.004679773958088062
annotated,Gen2,gen2_624.mp4,0.007475865316694137
annotated,Gen2,gen2_625.mp4,0.011007770190722865
annotated,Gen2,gen2_626.mp4,0.014554391335060042
annotated,Gen2,gen2_627.mp4,0.00972745467388745
annotated,Gen2,gen2_628.mp4,0.06534024016953142
annotated,Gen2,gen2_629.mp4,0.005077113256416294
annotated,Gen2,gen2_63.mp4,0.0025606310336708264
annotated,Gen2,gen2_630.mp4,0.014804567930303745
annotated,Gen2,gen2_631.mp4,0.038203437720744055
annotated,Gen2,gen2_632.mp4,0.026327407581822462
annotated,Gen2,gen2_633.mp4,0.010316105486225573
annotated,Gen2,gen2_634.mp4,0.06288262302801978
annotated,Gen2,gen2_635.mp4,0.04851954320696963
annotated,Gen2,gen2_636.mp4,0.01595243701436308
annotated,Gen2,gen2_637.mp4,0.013200494466682363
annotated,Gen2,gen2_638.mp4,0.004576760065928891
annotated,Gen2,gen2_639.mp4,0.0048563692017894984
annotated,Gen2,gen2_64.mp4,0.020411466917824344
annotated,Gen2,gen2_640.mp4,0.031345655757004945
annotated,Gen2,gen2_641.mp4,0.004547327525311985
annotated,Gen2,gen2_642.mp4,0.0157905580409701
annotated,Gen2,gen2_643.mp4,0.007240404991758889
annotated,Gen2,gen2_644.mp4,0.011213797975041205
annotated,Gen2,gen2_645.mp4,0.006504591476336237
annotated,Gen2,gen2_646.mp4,0.01181716505768778
annotated,Gen2,gen2_647.mp4,0.009006357428773253
annotated,Gen2,gen2_648.mp4,0.06534024016953142
annotated,Gen2,gen2_649.mp4,0.03961619967035555
annotated,Gen2,gen2_65.mp4,0.0067547680715799386
annotated,Gen2,gen2_650.mp4,0.03576053684954085
annotated,Gen2,gen2_651.mp4,0.013435954791617612
annotated,Gen2,gen2_652.mp4,0.005165410878267012
annotated,Gen2,gen2_653.mp4,0.009065222510007064
annotated,Gen2,gen2_654.mp4,0.04253002119142924
annotated,Gen2,gen2_655.mp4,0.008388274075818224
annotated,Gen2,gen2_656.mp4,0.009227101483400047
annotated,Gen2,gen2_657.mp4,0.002398752060277843
annotated,Gen2,gen2_658.mp4,0.005091829526724746
annotated,Gen2,gen2_659.mp4,0.006681186720037674
annotated,Gen2,gen2_66.mp4,0.035848834471391575
annotated,Gen2,gen2_660.mp4,0.0812338121026607
annotated,Gen2,gen2_661.mp4,0.005989522015540382
annotated,Gen2,gen2_662.mp4,0.028814457263951022
annotated,Gen2,gen2_663.mp4,0.009521426889569109
annotated,Gen2,gen2_664.mp4,0.010213091594066399
annotated,Gen2,gen2_665.mp4,0.030080056510477987
annotated,Gen2,gen2_666.mp4,0.017144454909347774
annotated,Gen2,gen2_667.mp4,0.0044590299034612665
annotated,Gen2,gen2_668.mp4,0.007417000235460325
annotated,Gen2,gen2_669.mp4,0.022530609842241582
annotated,Gen2,gen2_67.mp4,0.006136684718624911
annotated,Gen2,gen2_670.mp4,0.007417000235460325
annotated,Gen2,gen2_671.mp4,0.02029373675535672
annotated,Gen2,gen2_672.mp4,0.005989522015540382
annotated,Gen2,gen2_673.mp4,0.01439251236166706
annotated,Gen2,gen2_674.mp4,0.029888744996468094
annotated,Gen2,gen2_675.mp4,0.013818577819637391
annotated,Gen2,gen2_676.mp4,0.007623028019778668
annotated,Gen2,gen2_677.mp4,0.015584530256651755
annotated,Gen2,gen2_678.mp4,0.024208264657405228
annotated,Gen2,gen2_679.mp4,0.007417000235460325
annotated,Gen2,gen2_68.mp4,0.001044855191900165
annotated,Gen2,gen2_680.mp4,0.005091829526724746
annotated,Gen2,gen2_681.mp4,0.05662820814692725
annotated,Gen2,gen2_682.mp4,0.005032964445490935
annotated,Gen2,gen2_683.mp4,0.02962385213091594
annotated,Gen2,gen2_684.mp4,0.01805686366847186
annotated,Gen2,gen2_685.mp4,0.005665764068754416
annotated,Gen2,gen2_686.mp4,0.026150812338121027
annotated,Gen2,gen2_687.mp4,0.010919472568872145
annotated,Gen2,gen2_688.mp4,0.023972804332469975
annotated,Gen2,gen2_689.mp4,0.0039586767129738635
annotated,Gen2,gen2_69.mp4,0.02403166941370379
annotated,Gen2,gen2_690.mp4,0.005812926771838945
annotated,Gen2,gen2_691.mp4,0.022648340004709205
annotated,Gen2,gen2_692.mp4,0.007417000235460325
annotated,Gen2,gen2_693.mp4,0.0014716270308453025
annotated,Gen2,gen2_694.mp4,0.005636331528137509
annotated,Gen2,gen2_695.mp4,0.00831469272427596
annotated,Gen2,gen2_696.mp4,0.008506004238285849
annotated,Gen2,gen2_697.mp4,0.008388274075818224
annotated,Gen2,gen2_698.mp4,0.0039586767129738635
annotated,Gen2,gen2_699.mp4,0.008579585589828114
annotated,Gen2,gen2_7.mp4,0.0048563692017894984
annotated,Gen2,gen2_70.mp4,0.063441841299741
annotated,Gen2,gen2_700.mp4,0.0513156345655757
annotated,Gen2,gen2_701.mp4,0.05088886272663057
annotated,Gen2,gen2_703.mp4,0.04314810454438427
annotated,Gen2,gen2_704.mp4,0.0051065457970332
annotated,Gen2,gen2_705.mp4,0.07213915705203673
annotated,Gen2,gen2_706.mp4,0.013641982575935956
annotated,Gen2,gen2_707.mp4,0.021559336001883683
annotated,Gen2,gen2_708.mp4,0.04763656698846244
annotated,Gen2,gen2_709.mp4,0.011508123381210267
annotated,Gen2,gen2_71.mp4,0.057570049446668235
annotated,Gen2,gen2_710.mp4,0.010154226512832588
annotated,Gen2,gen2_711.mp4,0.007152107369908171
annotated,Gen2,gen2_712.mp4,0.019410760536849543
annotated,Gen2,gen2_713.mp4,0.012847303979279492
annotated,Gen2,gen2_714.mp4,0.013259359547916176
annotated,Gen2,gen2_715.mp4,0.0031198493053920416
annotated,Gen2,gen2_716.mp4,0.0732134447845538
annotated,Gen2,gen2_717.mp4,0.030035907699552625
annotated,Gen2,gen2_718.mp4,0.003311160819401931
annotated,Gen2,gen2_719.mp4,0.009021073699081705
annotated,Gen2,gen2_72.mp4,0.02762243936896633
annotated,Gen2,gen2_720.mp4,0.03964563221097245
annotated,Gen2,gen2_721.mp4,0.01941076053684954
annotated,Gen2,gen2_722.mp4,0.06684129974099365
annotated,Gen2,gen2_723.mp4,0.004253002119142924
annotated,Gen2,gen2_724.mp4,0.017703673181068993
annotated,Gen2,gen2_725.mp4,0.07103543677890276
annotated,Gen2,gen2_726.mp4,0.08607546503414175
annotated,Gen2,gen2_727.mp4,0.012729573816811866
annotated,Gen2,gen2_728.mp4,0.0257829055804097
annotated,Gen2,gen2_729.mp4,0.04432540616906051
annotated,Gen2,gen2_73.mp4,0.008020367318106899
annotated,Gen2,gen2_730.mp4,0.012670708735578056
annotated,Gen2,gen2_731.mp4,0.011758299976453966
annotated,Gen2,gen2_732.mp4,0.00603367082646574
annotated,Gen2,gen2_733.mp4,0.03434777489992936
annotated,Gen2,gen2_734.mp4,0.04147044972922063
annotated,Gen2,gen2_735.mp4,0.01818931010124794
annotated,Gen2,gen2_736.mp4,0.007711325641629386
annotated,Gen2,gen2_737.mp4,0.01805686366847186
annotated,Gen2,gen2_738.mp4,0.01264127619496115
annotated,Gen2,gen2_739.mp4,0.005533317635978337
annotated,Gen2,gen2_74.mp4,0.16301212620673416
annotated,Gen2,gen2_740.mp4,0.0019719802213327055
annotated,Gen2,gen2_741.mp4,0.019955262538262304
annotated,Gen2,gen2_742.mp4,0.0020897103838003295
annotated,Gen2,gen2_743.mp4,0.007475865316694138
annotated,Gen2,gen2_744.mp4,0.009962914998822698
annotated,Gen2,gen2_745.mp4,0.031536967271014835
annotated,Gen2,gen2_746.mp4,0.06579644454909347
annotated,Gen2,gen2_747.mp4,0.11708264657405228
annotated,Gen2,gen2_748.mp4,0.01639392512361667
annotated,Gen2,gen2_749.mp4,0.005474452554744526
annotated,Gen2,gen2_75.mp4,0.0037967977395808807
annotated,Gen2,gen2_750.mp4,0.020926536378620204
annotated,Gen2,gen2_751.mp4,0.020043560160113022
annotated,Gen2,gen2_752.mp4,0.013229927007299271
annotated,Gen2,gen2_753.mp4,0.007932069696256181
annotated,Gen2,gen2_754.mp4,0.002192724275959501
annotated,Gen2,gen2_755.mp4,0.007932069696256181
annotated,Gen2,gen2_756.mp4,0.3301448080998352
annotated,Gen2,gen2_757.mp4,0.11449258299976454
annotated,Gen2,gen2_758.mp4,0.06940193077466447
annotated,Gen2,gen2_759.mp4,0.029167647751353894
annotated,Gen2,gen2_76.mp4,0.014510242524134683
annotated,Gen2,gen2_760.mp4,0.009565575700494468
annotated,Gen2,gen2_761.mp4,0.01289145279020485
annotated,Gen2,gen2_762.mp4,0.06951966093713209
annotated,Gen2,gen2_763.mp4,0.0029138215210736994
annotated,Gen2,gen2_764.mp4,0.05372910289616199
annotated,Gen2,gen2_765.mp4,0.009477278078643748
annotated,Gen2,gen2_766.mp4,0.05593654344242995
annotated,Gen2,gen2_767.mp4,0.006136684718624912
annotated,Gen2,gen2_768.mp4,0.004915234283023311
annotated,Gen2,gen2_769.mp4,0.015143042147398164
annotated,Gen2,gen2_77.mp4,0.09989404285377915
annotated,Gen2,gen2_770.mp4,0.05961561101954321
annotated,Gen2,gen2_771.mp4,0.05904167647751354
annotated,Gen2,gen2_772.mp4,0.05138921591711797
annotated,Gen2,gen2_773.mp4,0.018071579938780315
annotated,Gen2,gen2_774.mp4,0.018969272427595947
annotated,Gen2,gen2_775.mp4,0.030035907699552625
annotated,Gen2,gen2_776.mp4,0.030668707322816104
annotated,Gen2,gen2_777.mp4,0.11951083117494701
annotated,Gen2,gen2_778.mp4,0.06345655757004945
annotated,Gen2,gen2_779.mp4,0.0398810925359077
annotated,Gen2,gen2_78.mp4,0.05929185307275724
annotated,Gen2,gen2_780.mp4,0.030580409700965386
annotated,Gen2,gen2_781.mp4,0.022118554273604898
annotated,Gen2,gen2_782.mp4,0.0155698139863433
annotated,Gen2,gen2_783.mp4,0.04258888627266306
annotated,Gen2,gen2_784.mp4,0.011920178949846951
annotated,Gen2,gen2_785.mp4,0.02048504826936661
annotated,Gen2,gen2_786.mp4,0.03531904874028726
annotated,Gen2,gen2_787.mp4,0.2148869790440311
annotated,Gen2,gen2_788.mp4,0.00938898045679303
annotated,Gen2,gen2_789.mp4,0.11416882505297857
annotated,Gen2,gen2_79.mp4,0.0032522957381681183
annotated,Gen2,gen2_790.mp4,0.07318401224393689
annotated,Gen2,gen2_791.mp4,0.2021279726866023
annotated,Gen2,gen2_792.mp4,0.10146868377678361
annotated,Gen2,gen2_793.mp4,0.03751177301624676
annotated,Gen2,gen2_794.mp4,0.017718389451377443
annotated,Gen2,gen2_795.mp4,0.040131269131151406
annotated,Gen2,gen2_796.mp4,0.08163115140098894
annotated,Gen2,gen2_797.mp4,0.01611431598775606
annotated,Gen2,gen2_798.mp4,0.0036496350364963502
annotated,Gen2,gen2_799.mp4,0.026930774664469036
annotated,Gen2,gen2_8.mp4,0.057275724040499174
annotated,Gen2,gen2_80.mp4,0.00768189310101248
annotated,Gen2,gen2_800.mp4,0.1417912644219449
annotated,Gen2,gen2_801.mp4,0.06881327996232635
annotated,Gen2,gen2_802.mp4,0.016511655286084295
annotated,Gen2,gen2_803.mp4,0.014112903225806451
annotated,Gen2,gen2_804.mp4,0.0634712738403579
annotated,Gen2,gen2_805.mp4,0.023310572168589592
annotated,Gen2,gen2_806.mp4,0.013877442900871203
annotated,Gen2,gen2_807.mp4,0.04341299740993642
annotated,Gen2,gen2_808.mp4,0.06244113491876619
annotated,Gen2,gen2_809.mp4,0.0420443842712503
annotated,Gen2,gen2_81.mp4,0.00909465505062397
annotated,Gen2,gen2_810.mp4,0.012862020249587946
annotated,Gen2,gen2_811.mp4,0.036157876147869084
annotated,Gen2,gen2_812.mp4,0.052242759595008244
annotated,Gen2,gen2_813.mp4,0.11433070402637155
annotated,Gen2,gen2_814.mp4,0.006401577584177066
annotated,Gen2,gen2_815.mp4,0.29617965622792564
annotated,Gen2,gen2_816.mp4,0.017571226748292913
annotated,Gen2,gen2_817.mp4,0.05787909112314575
annotated,Gen2,gen2_818.mp4,0.05679008712032022
annotated,Gen2,gen2_819.mp4,0.1142276901342124
annotated,Gen2,gen2_82.mp4,0.009403696727101483
annotated,Gen2,gen2_820.mp4,0.056966682364021665
annotated,Gen2,gen2_821.mp4,0.004253002119142924
annotated,Gen2,gen2_822.mp4,0.014863433011537556
annotated,Gen2,gen2_823.mp4,0.1069872851424535
annotated,Gen2,gen2_824.mp4,0.16492524134683306
annotated,Gen2,gen2_825.mp4,0.4087149752766659
annotated,Gen2,gen2_826.mp4,0.2366229102896162
annotated,Gen2,gen2_827.mp4,0.009580291970802918
annotated,Gen2,gen2_828.mp4,0.23597539439604426
annotated,Gen2,gen2_829.mp4,0.11103425947727807
annotated,Gen2,gen2_83.mp4,0.30773192842006125
annotated,Gen2,gen2_830.mp4,0.27807864374852836
annotated,Gen2,gen2_831.mp4,0.014112903225806451
annotated,Gen2,gen2_832.mp4,0.043854485519190016
annotated,Gen2,gen2_833.mp4,0.07121203202260419
annotated,Gen2,gen2_834.mp4,0.14077584177066163
annotated,Gen2,gen2_835.mp4,0.1807305156581116
annotated,Gen2,gen2_836.mp4,0.025473863903932185
annotated,Gen2,gen2_837.mp4,0.005798210501530492
annotated,Gen2,gen2_838.mp4,0.008638450671061925
annotated,Gen2,gen2_839.mp4,0.4060660466211443
annotated,Gen2,gen2_84.mp4,0.008623734400753473
annotated,Gen2,gen2_840.mp4,0.007534730397927949
annotated,Gen2,gen2_841.mp4,0.03080115375559218
annotated,Gen2,gen2_842.mp4,0.004782787850247233
annotated,Gen2,gen2_843.mp4,0.06592889098186956
annotated,Gen2,gen2_844.mp4,0.0036054862255709913
annotated,Gen2,gen2_845.mp4,0.011478690840593359
annotated,Gen2,gen2_846.mp4,0.020352601836590534
annotated,Gen2,gen2_847.mp4,0.01158170473275253
annotated,Gen2,gen2_848.mp4,0.012096774193548387
annotated,Gen2,gen2_849.mp4,0.012199788085707559
annotated,Gen2,gen2_85.mp4,0.020308453025665175
annotated,Gen2,gen2_850.mp4,0.09742170944195903
annotated,Gen2,gen2_851.mp4,0.004488462444078173
annotated,Gen2,gen2_852.mp4,0.008329408994584411
annotated,Gen2,gen2_853.mp4,0.007166823640216624
annotated,Gen2,gen2_854.mp4,0.01808629620908877
annotated,Gen2,gen2_855.mp4,0.004223569578526019
annotated,Gen2,gen2_856.mp4,0.10358782670120084
annotated,Gen2,gen2_857.mp4,0.004694490228396515
annotated,Gen2,gen2_858.mp4,0.039130562750176595
annotated,Gen2,gen2_859.mp4,0.03531904874028726
annotated,Gen2,gen2_86.mp4,0.006637037909112315
annotated,Gen2,gen2_860.mp4,0.016894278314104075
annotated,Gen2,gen2_861.mp4,0.0053125735813515425
annotated,Gen2,gen2_862.mp4,0.0060042382858488345
annotated,Gen2,gen2_863.mp4,0.001221450435601601
annotated,Gen2,gen2_864.mp4,0.01274429008712032
annotated,Gen2,gen2_865.mp4,0.005754061690605133
annotated,Gen2,gen2_866.mp4,0.008182246291499882
annotated,Gen2,gen2_867.mp4,0.008108664939957617
annotated,Gen2,gen2_868.mp4,0.004738639039321874
annotated,Gen2,gen2_869.mp4,0.01542265128325877
annotated,Gen2,gen2_87.mp4,0.30515658111608196
annotated,Gen2,gen2_870.mp4,0.01892512361667059
annotated,Gen2,gen2_871.mp4,0.047106781257358135
annotated,Gen2,gen2_872.mp4,0.01133152813750883
annotated,Gen2,gen2_873.mp4,0.0032375794678596655
annotated,Gen2,gen2_874.mp4,0.008447139157052037
annotated,Gen2,gen2_875.mp4,0.011728867435837061
annotated,Gen2,gen2_876.mp4,0.002810807628914528
annotated,Gen2,gen2_877.mp4,0.006872498234047563
annotated,Gen2,gen2_878.mp4,0.006431010124793972
annotated,Gen2,gen2_879.mp4,0.0020161290322580645
annotated,Gen2,gen2_88.mp4,0.030286084294796328
annotated,Gen2,gen2_880.mp4,0.010728161054862257
annotated,Gen2,gen2_881.mp4,0.0131269131151401
annotated,Gen2,gen2_882.mp4,0.07849658582528843
annotated,Gen2,gen2_883.mp4,0.0075494466682364016
annotated,Gen2,gen2_884.mp4,0.024443724982340476
annotated,Gen2,gen2_885.mp4,0.0417942076760066
annotated,Gen2,gen2_886.mp4,0.0165410878267012
annotated,Gen2,gen2_887.mp4,0.02027902048504827
annotated,Gen2,gen2_888.mp4,0.05362608900400283
annotated,Gen2,gen2_889.mp4,0.04635625147162703
annotated,Gen2,gen2_89.mp4,0.06308865081233812
annotated,Gen2,gen2_890.mp4,0.009668589592653638
annotated,Gen2,gen2_891.mp4,0.006166117259241818
annotated,Gen2,gen2_892.mp4,0.16433659053449495
annotated,Gen2,gen2_893.mp4,0.01508417706616435
annotated,Gen2,gen2_894.mp4,0.0035171886037202735
annotated,Gen2,gen2_895.mp4,0.03556922533553097
annotated,Gen2,gen2_896.mp4,0.01289145279020485
annotated,Gen2,gen2_897.mp4,0.0032670120084765716
annotated,Gen2,gen2_898.mp4,0.015775841770661644
annotated,Gen2,gen2_899.mp4,0.025518012714857548
annotated,Gen2,gen2_9.mp4,0.01055156581116082
annotated,Gen2,gen2_90.mp4,0.010389686837767836
annotated,Gen2,gen2_900.mp4,0.024958794443136333
annotated,Gen2,gen2_901.mp4,0.014363079821050152
annotated,Gen2,gen2_902.mp4,0.0030757004944666822
annotated,Gen2,gen2_903.mp4,0.048225217800800566
annotated,Gen2,gen2_904.mp4,0.09157935012950319
annotated,Gen2,gen2_905.mp4,0.012405815870025901
annotated,Gen2,gen2_906.mp4,0.05564221803626089
annotated,Gen2,gen2_907.mp4,0.024002236873086884
annotated,Gen2,gen2_908.mp4,0.08569284200612197
annotated,Gen2,gen2_909.mp4,0.014951730633388274
annotated,Gen2,gen2_91.mp4,0.008844478455380268
annotated,Gen2,gen2_910.mp4,0.15715505062396984
annotated,Gen2,gen2_911.mp4,0.046665293148104546
annotated,Gen2,gen2_912.mp4,0.025606310336708266
annotated,Gen2,gen2_913.mp4,0.004915234283023311
annotated,Gen2,gen2_914.mp4,0.02582705439133506
annotated,Gen2,gen2_915.mp4,0.02257475865316694
annotated,Gen2,gen2_916.mp4,0.010772309865787616
annotated,Gen2,gen2_917.mp4,0.004253002119142924
annotated,Gen2,gen2_918.mp4,0.03983694372498234
annotated,Gen2,gen2_919.mp4,0.08614904638568402
annotated,Gen2,gen2_92.mp4,0.01055156581116082
annotated,Gen2,gen2_920.mp4,0.007387567694843418
annotated,Gen2,gen2_921.mp4,0.014672121497527666
annotated,Gen2,gen2_922.mp4,0.004723922769013421
annotated,Gen2,gen2_923.mp4,0.005415587473510714
annotated,Gen2,gen2_924.mp4,0.1609665646338592
annotated,Gen2,gen2_925.mp4,0.04152931481045444
annotated,Gen2,gen2_926.mp4,0.05681951966093714
annotated,Gen2,gen2_927.mp4,0.0165410878267012
annotated,Gen2,gen2_928.mp4,0.07696609371320932
annotated,Gen2,gen2_929.mp4,0.0015599246526960208
annotated,Gen2,gen2_93.mp4,0.013833294089945845
annotated,Gen2,gen2_930.mp4,0.12700141276194962
annotated,Gen2,gen2_931.mp4,0.007711325641629386
annotated,Gen2,gen2_932.mp4,0.017173887449964682
annotated,Gen2,gen2_933.mp4,0.019087002590063573
annotated,Gen2,gen2_934.mp4,0.0054597362844360725
annotated,Gen2,gen2_935.mp4,0.003899811631740052
annotated,Gen2,gen2_936.mp4,0.037055568636684716
annotated,Gen2,gen2_937.mp4,0.01147869084059336
annotated,Gen2,gen2_938.mp4,0.05686366847186249
annotated,Gen2,gen2_939.mp4,0.04781316223216388
annotated,Gen2,gen2_94.mp4,0.04706263244643277
annotated,Gen2,gen2_940.mp4,0.046915469743348245
annotated,Gen2,gen2_941.mp4,0.10735519190016482
annotated,Gen2,gen2_942.mp4,0.02367847892630092
annotated,Gen2,gen2_943.mp4,0.1916647044972922
annotated,Gen2,gen2_944.mp4,0.017291617612432305
annotated,Gen2,gen2_945.mp4,0.05340534494937603
annotated,Gen2,gen2_946.mp4,0.007461149046385685
annotated,Gen2,gen2_947.mp4,0.020499764539675065
annotated,Gen2,gen2_948.mp4,0.13178420061219684
annotated,Gen2,gen2_949.mp4,0.019454909347774902
annotated,Gen2,gen2_95.mp4,0.05649576171415116
annotated,Gen2,gen2_950.mp4,0.02048504826936661
annotated,Gen2,gen2_951.mp4,0.007843772074405463
annotated,Gen2,gen2_952.mp4,0.04333941605839416
annotated,Gen2,gen2_953.mp4,0.03630503885095361
annotated,Gen2,gen2_954.mp4,0.06160230751118437
annotated,Gen2,gen2_955.mp4,0.03228749705674594
annotated,Gen2,gen2_956.mp4,0.01308276430421474
annotated,Gen2,gen2_957.mp4,0.013759712738403578
annotated,Gen2,gen2_958.mp4,0.024443724982340476
annotated,Gen2,gen2_959.mp4,0.08013009182952673
annotated,Gen2,gen2_96.mp4,0.023619613845067108
annotated,Gen2,gen2_960.mp4,0.03462738403578997
annotated,Gen2,gen2_961.mp4,0.006239698610784083
annotated,Gen2,gen2_962.mp4,0.06557570049446668
annotated,Gen2,gen2_963.mp4,0.23828584883447138
annotated,Gen2,gen2_964.mp4,0.009992347539439606
annotated,Gen2,gen2_965.mp4,0.02587120320226042
annotated,Gen2,gen2_966.mp4,0.03311160819401931
annotated,Gen2,gen2_967.mp4,0.05443548387096774
annotated,Gen2,gen2_968.mp4,0.05037379326583471
annotated,Gen2,gen2_969.mp4,0.0052095596891923715
annotated,Gen2,gen2_97.mp4,0.013288792088533083
annotated,Gen2,gen2_970.mp4,0.022000824111137275
annotated,Gen2,gen2_971.mp4,0.0015893571933129269
annotated,Gen2,gen2_972.mp4,0.1310483870967742
annotated,Gen2,gen2_973.mp4,0.027225100070638095
annotated,Gen2,gen2_974.mp4,0.05349364257122675
annotated,Gen2,gen2_975.mp4,0.037055568636684716
annotated,Gen2,gen2_976.mp4,0.08363256416293854
annotated,Gen2,gen2_977.mp4,0.037438191664704495
annotated,Gen2,gen2_978.mp4,0.008285260183659052
annotated,Gen2,gen2_979.mp4,0.038527195667530025
annotated,Gen2,gen2_98.mp4,0.15989227690134214
annotated,Gen2,gen2_980.mp4,0.008035083588415353
annotated,Gen2,gen2_981.mp4,0.012979750412055568
annotated,Gen2,gen2_982.mp4,0.027593006828349424
annotated,Gen2,gen2_983.mp4,0.04216211443371792
annotated,Gen2,gen2_984.mp4,0.06261773016246762
annotated,Gen2,gen2_985.mp4,0.07453790911231457
annotated,Gen2,gen2_986.mp4,0.00900635742877325
annotated,Gen2,gen2_987.mp4,0.007313986343301154
annotated,Gen2,gen2_988.mp4,0.0069460795855898275
annotated,Gen2,gen2_989.mp4,0.03269955262538263
annotated,Gen2,gen2_99.mp4,0.007313986343301154
annotated,Gen2,gen2_990.mp4,0.03467153284671533
annotated,Gen2,gen2_991.mp4,0.10897398163409465
annotated,Gen2,gen2_992.mp4,0.060057099128796795
annotated,Gen2,gen2_993.mp4,0.05420002354603249
annotated,Gen2,gen2_994.mp4,0.10020308453025666
annotated,Gen2,gen2_995.mp4,0.12180656934306569
annotated,Gen2,gen2_996.mp4,0.23434188839180597
annotated,Gen2,gen2_997.mp4,0.1874411349187662
annotated,Gen2,gen2_998.mp4,0.01006592889098187
annotated,Gen2,gen2_999.mp4,0.07589180598069226
annotated,Lavie,lavie_1.mp4,0.05484753943960443
annotated,Lavie,lavie_10.mp4,0.004723922769013421
annotated,Lavie,lavie_100.mp4,0.010934188839180597
annotated,Lavie,lavie_1000.mp4,0.01696785966564634
annotated,Lavie,lavie_1001.mp4,0.011066635271956674
annotated,Lavie,lavie_1002.mp4,0.013641982575935954
annotated,Lavie,lavie_1003.mp4,0.18067165057687778
annotated,Lavie,lavie_1004.mp4,0.05308158700259006
annotated,Lavie,lavie_1005.mp4,0.21169354838709678
annotated,Lavie,lavie_1006.mp4,0.03861549328938074
annotated,Lavie,lavie_1007.mp4,0.0067547680715799386
annotated,Lavie,lavie_1008.mp4,0.10115964210030609
annotated,Lavie,lavie_1009.mp4,0.06974040499175889
annotated,Lavie,lavie_101.mp4,0.006092535907699552
annotated,Lavie,lavie_1010.mp4,0.11827466446903696
annotated,Lavie,lavie_1011.mp4,0.04566458676712974
annotated,Lavie,lavie_1012.mp4,0.02110313162232164
annotated,Lavie,lavie_1013.mp4,0.11280021191429244
annotated,Lavie,lavie_1014.mp4,0.05171297386390393
annotated,Lavie,lavie_1015.mp4,0.0702996232634801
annotated,Lavie,lavie_1016.mp4,0.03237579467859666
annotated,Lavie,lavie_1017.mp4,0.06823934542029668
annotated,Lavie,lavie_1018.mp4,0.03827701907228632
annotated,Lavie,lavie_1019.mp4,0.11871615257829056
annotated,Lavie,lavie_102.mp4,0.22645396750647515
annotated,Lavie,lavie_1020.mp4,0.011110784082882035
annotated,Lavie,lavie_1021.mp4,0.08132210972451143
annotated,Lavie,lavie_1022.mp4,0.0016040734636213797
annotated,Lavie,lavie_1023.mp4,0.016761831881327998
annotated,Lavie,lavie_1024.mp4,0.01827760772309866
annotated,Lavie,lavie_1025.mp4,0.04762185071815399
annotated,Lavie,lavie_1026.mp4,0.23367965622792558
annotated,Lavie,lavie_1027.mp4,0.08380915940663998
annotated,Lavie,lavie_1028.mp4,0.15481516364492584
annotated,Lavie,lavie_1029.mp4,0.08348540145985402
annotated,Lavie,lavie_103.mp4,0.1043530727572404
annotated,Lavie,lavie_1030.mp4,0.012346950788792088
annotated,Lavie,lavie_1031.mp4,0.03225806451612903
annotated,Lavie,lavie_1032.mp4,0.040440310807628915
annotated,Lavie,lavie_1033.mp4,0.015496232634801037
annotated,Lavie,lavie_1034.mp4,0.11197610077701908
annotated,Lavie,lavie_1035.mp4,0.040881798916882504
annotated,Lavie,lavie_1036.mp4,0.03359724511419826
annotated,Lavie,lavie_1037.mp4,0.02713680244878738
annotated,Lavie,lavie_1038.mp4,0.004267718389451378
annotated,Lavie,lavie_1039.mp4,0.007858488344713916
annotated,Lavie,lavie_104.mp4,0.2725158935719331
annotated,Lavie,lavie_1040.mp4,0.03693783847421709
annotated,Lavie,lavie_1041.mp4,0.09200612196844832
annotated,Lavie,lavie_1042.mp4,0.1493407110901813
annotated,Lavie,lavie_1043.mp4,0.0070049446668236405
annotated,Lavie,lavie_1044.mp4,0.011508123381210267
annotated,Lavie,lavie_1045.mp4,0.06628208146927243
annotated,Lavie,lavie_1046.mp4,0.17446138450671062
annotated,Lavie,lavie_1047.mp4,0.013686131386861315
annotated,Lavie,lavie_1048.mp4,0.03673181068989875
annotated,Lavie,lavie_1049.mp4,0.0025606310336708264
annotated,Lavie,lavie_105.mp4,0.17996526960207204
annotated,Lavie,lavie_1050.mp4,0.024031669413703792
annotated,Lavie,lavie_1051.mp4,0.005180127148575465
annotated,Lavie,lavie_1052.mp4,0.006519307746644691
annotated,Lavie,lavie_1053.mp4,0.0047092064987049684
annotated,Lavie,lavie_1054.mp4,0.01162585354367789
annotated,Lavie,lavie_1055.mp4,0.0011773016246762421
annotated,Lavie,lavie_1056.mp4,0.01346538733223452
annotated,Lavie,lavie_1057.mp4,0.01327407581822463
annotated,Lavie,lavie_1058.mp4,0.026974923475394395
annotated,Lavie,lavie_1059.mp4,0.01327407581822463
annotated,Lavie,lavie_106.mp4,0.008491287967977396
annotated,Lavie,lavie_1060.mp4,0.03368554273604898
annotated,Lavie,lavie_1061.mp4,0.05024134683305863
annotated,Lavie,lavie_1062.mp4,0.007681893101012479
annotated,Lavie,lavie_1063.mp4,0.02154461973157523
annotated,Lavie,lavie_1064.mp4,0.15006180833529548
annotated,Lavie,lavie_1065.mp4,0.026518719095832352
annotated,Lavie,lavie_1066.mp4,0.00890334353661408
annotated,Lavie,lavie_1067.mp4,0.19868436543442428
annotated,Lavie,lavie_1068.mp4,0.12929715093006827
annotated,Lavie,lavie_1069.mp4,0.03843889804567931
annotated,Lavie,lavie_107.mp4,0.15231339769248883
annotated,Lavie,lavie_1070.mp4,0.02027902048504827
annotated,Lavie,lavie_1071.mp4,0.010875323757946784
annotated,Lavie,lavie_1072.mp4,0.008064516129032258
annotated,Lavie,lavie_1073.mp4,0.020234871674122912
annotated,Lavie,lavie_1074.mp4,0.01605545090652225
annotated,Lavie,lavie_1075.mp4,0.03810042382858488
annotated,Lavie,lavie_1076.mp4,0.009683305862962092
annotated,Lavie,lavie_1077.mp4,0.005224275959500825
annotated,Lavie,lavie_1078.mp4,0.005489168825052979
annotated,Lavie,lavie_1079.mp4,0.0197050859430186
annotated,Lavie,lavie_108.mp4,0.2846862491170238
annotated,Lavie,lavie_1080.mp4,0.00909465505062397
annotated,Lavie,lavie_1081.mp4,0.005827643042147398
annotated,Lavie,lavie_1082.mp4,0.06922533553096304
annotated,Lavie,lavie_1083.mp4,0.02354603249352484
annotated,Lavie,lavie_1084.mp4,0.025444431363315284
annotated,Lavie,lavie_1085.mp4,0.021750647515893572
annotated,Lavie,lavie_1086.mp4,0.006578172827878502
annotated,Lavie,lavie_1087.mp4,0.01405403814457264
annotated,Lavie,lavie_1088.mp4,0.09898163409465505
annotated,Lavie,lavie_1089.mp4,0.041043677890275486
annotated,Lavie,lavie_109.mp4,0.0076524605603955735
annotated,Lavie,lavie_1090.mp4,0.061881916647044975
annotated,Lavie,lavie_1091.mp4,0.0381592889098187
annotated,Lavie,lavie_1092.mp4,0.022986814221803625
annotated,Lavie,lavie_1093.mp4,0.009653873322345184
annotated,Lavie,lavie_1094.mp4,0.07952672474688015
annotated,Lavie,lavie_1095.mp4,0.00807923239934071
annotated,Lavie,lavie_1096.mp4,0.01352425241346833
annotated,Lavie,lavie_1097.mp4,0.010742877325170708
annotated,Lavie,lavie_1098.mp4,0.0021044266541087827
annotated,Lavie,lavie_1099.mp4,0.025414998822698376
annotated,Lavie,lavie_11.mp4,0.014392512361667059
annotated,Lavie,lavie_110.mp4,0.1793619025194255
annotated,Lavie,lavie_1100.mp4,0.16994348952201552
annotated,Lavie,lavie_1101.mp4,0.063441841299741
annotated,Lavie,lavie_1102.mp4,0.0069019307746644686
annotated,Lavie,lavie_1103.mp4,0.033582528843889806
annotated,Lavie,lavie_1104.mp4,0.007932069696256181
annotated,Lavie,lavie_1105.mp4,0.011934895220155404
annotated,Lavie,lavie_1106.mp4,0.020499764539675065
annotated,Lavie,lavie_1107.mp4,0.017585943018601363
annotated,Lavie,lavie_1108.mp4,0.023619613845067104
annotated,Lavie,lavie_1109.mp4,0.005342006121968448
annotated,Lavie,lavie_111.mp4,0.01780668707322816
annotated,Lavie,lavie_1110.mp4,0.007961502236873088
annotated,Lavie,lavie_1111.mp4,0.011537555921827173
annotated,Lavie,lavie_1112.mp4,0.018321756534024018
annotated,Lavie,lavie_1113.mp4,0.004532611255003532
annotated,Lavie,lavie_1114.mp4,0.0345243701436308
annotated,Lavie,lavie_1115.mp4,0.004341299740993642
annotated,Lavie,lavie_1116.mp4,0.008476571697668942
annotated,Lavie,lavie_1117.mp4,0.019881681186720037
annotated,Lavie,lavie_1118.mp4,0.005032964445490934
annotated,Lavie,lavie_1119.mp4,0.008476571697668942
annotated,Lavie,lavie_112.mp4,0.5840299034612668
annotated,Lavie,lavie_1120.mp4,0.017394631504591477
annotated,Lavie,lavie_1121.mp4,0.004194137037909112
annotated,Lavie,lavie_1122.mp4,0.07655403814457264
annotated,Lavie,lavie_1123.mp4,0.020749941134918765
annotated,Lavie,lavie_1124.mp4,0.008888627266305628
annotated,Lavie,lavie_1125.mp4,0.25120673416529316
annotated,Lavie,lavie_1126.mp4,0.01768895691076054
annotated,Lavie,lavie_1127.mp4,0.0024281846008947492
annotated,Lavie,lavie_1128.mp4,0.010242524134683306
annotated,Lavie,lavie_1129.mp4,0.02831410407346362
annotated,Lavie,lavie_113.mp4,0.13955439133506006
annotated,Lavie,lavie_1130.mp4,0.010080645161290324
annotated,Lavie,lavie_1131.mp4,0.02485578055097716
annotated,Lavie,lavie_1132.mp4,0.008035083588415351
annotated,Lavie,lavie_1133.mp4,0.022206851895455616
annotated,Lavie,lavie_1134.mp4,0.004517894984695079
annotated,Lavie,lavie_1135.mp4,0.12472039086413939
annotated,Lavie,lavie_1136.mp4,0.0987167412291029
annotated,Lavie,lavie_1137.mp4,0.037408759124087594
annotated,Lavie,lavie_1138.mp4,0.02679832823169296
annotated,Lavie,lavie_1139.mp4,0.018733812102660702
annotated,Lavie,lavie_114.mp4,0.011758299976453966
annotated,Lavie,lavie_1140.mp4,0.0038703790911231457
annotated,Lavie,lavie_1141.mp4,0.009506710619260655
annotated,Lavie,lavie_1142.mp4,0.020264304214739817
annotated,Lavie,lavie_1143.mp4,0.004267718389451377
annotated,Lavie,lavie_1144.mp4,0.06417765481516365
annotated,Lavie,lavie_1145.mp4,0.037894396044266546
annotated,Lavie,lavie_1146.mp4,0.22021426889569107
annotated,Lavie,lavie_1147.mp4,0.022633623734400754
annotated,Lavie,lavie_1148.mp4,0.03503943960442665
annotated,Lavie,lavie_1149.mp4,0.35076230280197784
annotated,Lavie,lavie_115.mp4,0.15165116552860844
annotated,Lavie,lavie_1150.mp4,0.011758299976453966
annotated,Lavie,lavie_1151.mp4,0.026533435366140806
annotated,Lavie,lavie_1152.mp4,0.11150518012714858
annotated,Lavie,lavie_1153.mp4,0.011243230515658112
annotated,Lavie,lavie_1154.mp4,0.002972686602307511
annotated,Lavie,lavie_1155.mp4,0.07955615728749706
annotated,Lavie,lavie_1156.mp4,0.015393218742641865
annotated,Lavie,lavie_1157.mp4,0.04363374146456322
annotated,Lavie,lavie_1158.mp4,0.028623145749941136
annotated,Lavie,lavie_1159.mp4,0.09134388980456792
annotated,Lavie,lavie_116.mp4,0.10558923946315046
annotated,Lavie,lavie_1160.mp4,0.07107958558982812
annotated,Lavie,lavie_1161.mp4,0.012670708735578054
annotated,Lavie,lavie_1162.mp4,0.031669413703790915
annotated,Lavie,lavie_1163.mp4,0.05656934306569343
annotated,Lavie,lavie_1164.mp4,0.022251000706380974
annotated,Lavie,lavie_1165.mp4,0.059762773722627734
annotated,Lavie,lavie_1166.mp4,0.2591093713209324
annotated,Lavie,lavie_1167.mp4,0.02316340946550506
annotated,Lavie,lavie_1168.mp4,0.009580291970802918
annotated,Lavie,lavie_1169.mp4,0.0021632917353425945
annotated,Lavie,lavie_117.mp4,0.0223687308688486
annotated,Lavie,lavie_1170.mp4,0.006548740287261596
annotated,Lavie,lavie_1171.mp4,0.00622498234047563
annotated,Lavie,lavie_1172.mp4,0.007269837532375795
annotated,Lavie,lavie_1173.mp4,0.37355780550977163
annotated,Lavie,lavie_1174.mp4,0.031536967271014835
annotated,Lavie,lavie_1175.mp4,0.004929950553331764
annotated,Lavie,lavie_1176.mp4,0.03620202495879444
annotated,Lavie,lavie_1177.mp4,0.004841652931481045
annotated,Lavie,lavie_1178.mp4,0.013450671061926066
annotated,Lavie,lavie_1179.mp4,0.02544443136331528
annotated,Lavie,lavie_118.mp4,0.06451612903225806
annotated,Lavie,lavie_1180.mp4,0.016055450906522252
annotated,Lavie,lavie_1181.mp4,0.008079232399340712
annotated,Lavie,lavie_1182.mp4,0.10372027313397693
annotated,Lavie,lavie_1183.mp4,0.09690663998116318
annotated,Lavie,lavie_1184.mp4,0.10233694372498234
annotated,Lavie,lavie_1185.mp4,0.006342712502943254
annotated,Lavie,lavie_1186.mp4,0.009771603484812808
annotated,Lavie,lavie_1187.mp4,0.085369084059336
annotated,Lavie,lavie_1188.mp4,0.006313279962326349
annotated,Lavie,lavie_1189.mp4,0.0038703790911231457
annotated,Lavie,lavie_119.mp4,0.21874264186484577
annotated,Lavie,lavie_1190.mp4,0.01820402637155639
annotated,Lavie,lavie_1191.mp4,0.006327996232634801
annotated,Lavie,lavie_1192.mp4,0.0020455615728749705
annotated,Lavie,lavie_1193.mp4,0.04119084059336002
annotated,Lavie,lavie_1194.mp4,0.004871085472097952
annotated,Lavie,lavie_1195.mp4,0.018733812102660702
annotated,Lavie,lavie_1196.mp4,0.009550859430186014
annotated,Lavie,lavie_1197.mp4,0.004356016011302095
annotated,Lavie,lavie_1198.mp4,0.004517894984695079
annotated,Lavie,lavie_1199.mp4,0.01857193312926772
annotated,Lavie,lavie_12.mp4,0.011611137273369437
annotated,Lavie,lavie_120.mp4,0.020396750647515893
annotated,Lavie,lavie_1200.mp4,0.017585943018601363
annotated,Lavie,lavie_1201.mp4,0.16154049917588886
annotated,Lavie,lavie_1202.mp4,0.01711502236873087
annotated,Lavie,lavie_1203.mp4,0.00208971038380033
annotated,Lavie,lavie_1204.mp4,0.005901224393689663
annotated,Lavie,lavie_1205.mp4,0.007667176830704026
annotated,Lavie,lavie_1206.mp4,0.020588062161525783
annotated,Lavie,lavie_1207.mp4,0.02335472097951495
annotated,Lavie,lavie_1208.mp4,0.011861313868613138
annotated,Lavie,lavie_1209.mp4,0.09571462208617848
annotated,Lavie,lavie_121.mp4,0.03362667765481516
annotated,Lavie,lavie_1210.mp4,0.05857075582764304
annotated,Lavie,lavie_1211.mp4,0.0070049446668236405
annotated,Lavie,lavie_1212.mp4,0.012361667059100542
annotated,Lavie,lavie_1213.mp4,0.015437367553567224
annotated,Lavie,lavie_1214.mp4,0.018645514480809984
annotated,Lavie,lavie_1215.mp4,0.33904815163644925
annotated,Lavie,lavie_1216.mp4,0.007990934777489992
annotated,Lavie,lavie_1217.mp4,0.07974746880150695
annotated,Lavie,lavie_1218.mp4,0.0313898045679303
annotated,Lavie,lavie_1219.mp4,0.37789910525076525
annotated,Lavie,lavie_122.mp4,0.0359959971744761
annotated,Lavie,lavie_1220.mp4,0.14127619496114904
annotated,Lavie,lavie_1221.mp4,0.11374205321403344
annotated,Lavie,lavie_1222.mp4,0.11185837061455145
annotated,Lavie,lavie_1223.mp4,0.5182040263715564
annotated,Lavie,lavie_1224.mp4,0.02985931245585119
annotated,Lavie,lavie_1225.mp4,0.3853013892159171
annotated,Lavie,lavie_1226.mp4,0.4196197315752296
annotated,Lavie,lavie_1227.mp4,0.28477454673887453
annotated,Lavie,lavie_1228.mp4,0.049755709912879684
annotated,Lavie,lavie_1229.mp4,0.00943312926771839
annotated,Lavie,lavie_123.mp4,0.019631504591476334
annotated,Lavie,lavie_1230.mp4,0.3386949611490464
annotated,Lavie,lavie_1231.mp4,0.02466446903696727
annotated,Lavie,lavie_1232.mp4,0.013141629385448553
annotated,Lavie,lavie_1233.mp4,0.023752060277843184
annotated,Lavie,lavie_1234.mp4,0.38460972451141984
annotated,Lavie,lavie_1235.mp4,0.1805392041441017
annotated,Lavie,lavie_1236.mp4,0.0104632681893101
annotated,Lavie,lavie_1237.mp4,0.03390628679067577
annotated,Lavie,lavie_1238.mp4,0.004944666823640217
annotated,Lavie,lavie_1239.mp4,0.00894749234753944
annotated,Lavie,lavie_124.mp4,0.020161290322580645
annotated,Lavie,lavie_1240.mp4,0.00958029197080292
annotated,Lavie,lavie_1241.mp4,0.022501177301624677
annotated,Lavie,lavie_1242.mp4,0.007137391099599717
annotated,Lavie,lavie_1243.mp4,0.005754061690605133
annotated,Lavie,lavie_1244.mp4,0.016850129503178716
annotated,Lavie,lavie_1245.mp4,0.023266423357664233
annotated,Lavie,lavie_1246.mp4,0.010625147162703085
annotated,Lavie,lavie_1247.mp4,0.00525370850011773
annotated,Lavie,lavie_1248.mp4,0.01696785966564634
annotated,Lavie,lavie_1249.mp4,0.12582411113727338
annotated,Lavie,lavie_125.mp4,0.0021485754650341416
annotated,Lavie,lavie_1250.mp4,0.11031316223216388
annotated,Lavie,lavie_1251.mp4,0.08433894513774429
annotated,Lavie,lavie_1252.mp4,0.01371556392747822
annotated,Lavie,lavie_1253.mp4,0.01824817518248175
annotated,Lavie,lavie_1254.mp4,0.035142453496585825
annotated,Lavie,lavie_1255.mp4,0.01620261360960678
annotated,Lavie,lavie_1256.mp4,0.029358959265363787
annotated,Lavie,lavie_1257.mp4,0.03386213797975041
annotated,Lavie,lavie_1258.mp4,0.005989522015540381
annotated,Lavie,lavie_1259.mp4,0.006975512126206734
annotated,Lavie,lavie_126.mp4,0.3632122674829291
annotated,Lavie,lavie_1260.mp4,0.05883564869319519
annotated,Lavie,lavie_1261.mp4,0.038747939722156816
annotated,Lavie,lavie_1262.mp4,0.008873910995997174
annotated,Lavie,lavie_1263.mp4,0.01406875441488109
annotated,Lavie,lavie_1264.mp4,0.004620908876854251
annotated,Lavie,lavie_1265.mp4,0.036128443607252175
annotated,Lavie,lavie_1266.mp4,0.007505297857311043
annotated,Lavie,lavie_1267.mp4,0.014819284200612196
annotated,Lavie,lavie_1268.mp4,0.01114021662349894
annotated,Lavie,lavie_1269.mp4,0.037246880150694606
annotated,Lavie,lavie_127.mp4,0.3236990817047327
annotated,Lavie,lavie_1270.mp4,0.4698463621379798
annotated,Lavie,lavie_1271.mp4,0.05237520602778432
annotated,Lavie,lavie_1272.mp4,0.3053920414410172
annotated,Lavie,lavie_1273.mp4,0.1327407581822463
annotated,Lavie,lavie_1274.mp4,0.01951377442900871
annotated,Lavie,lavie_1275.mp4,0.19669766894278315
annotated,Lavie,lavie_1276.mp4,0.07128561337414646
annotated,Lavie,lavie_1277.mp4,0.11375676948434188
annotated,Lavie,lavie_1278.mp4,0.38703790911231456
annotated,Lavie,lavie_1279.mp4,0.3779432540616906
annotated,Lavie,lavie_128.mp4,0.03461266776548152
annotated,Lavie,lavie_1280.mp4,0.052728396515187195
annotated,Lavie,lavie_1281.mp4,0.5344066399811631
annotated,Lavie,lavie_1282.mp4,0.32069696256180835
annotated,Lavie,lavie_1283.mp4,0.29297150930068283
annotated,Lavie,lavie_1284.mp4,0.3552213327054391
annotated,Lavie,lavie_1285.mp4,0.14242406404520838
annotated,Lavie,lavie_1286.mp4,0.15541853072757242
annotated,Lavie,lavie_1287.mp4,0.27438485990110667
annotated,Lavie,lavie_1288.mp4,0.33410348481280905
annotated,Lavie,lavie_1289.mp4,0.02014657405227219
annotated,Lavie,lavie_129.mp4,0.004591476336237344
annotated,Lavie,lavie_1290.mp4,0.012729573816811866
annotated,Lavie,lavie_1291.mp4,0.03991052507652461
annotated,Lavie,lavie_1292.mp4,0.004885801742406404
annotated,Lavie,lavie_1293.mp4,0.011081351542265128
annotated,Lavie,lavie_1294.mp4,0.003693783847421709
annotated,Lavie,lavie_1295.mp4,0.03367082646574052
annotated,Lavie,lavie_1296.mp4,0.011993760301389215
annotated,Lavie,lavie_1297.mp4,0.020499764539675065
annotated,Lavie,lavie_1298.mp4,0.03331763597833765
annotated,Lavie,lavie_1299.mp4,0.08208735578055097
annotated,Lavie,lavie_13.mp4,0.002266305627501766
annotated,Lavie,lavie_130.mp4,0.11559630327289852
annotated,Lavie,lavie_1300.mp4,0.007932069696256181
annotated,Lavie,lavie_1301.mp4,0.00525370850011773
annotated,Lavie,lavie_1302.mp4,0.025326701200847655
annotated,Lavie,lavie_1303.mp4,0.12809041676477514
annotated,Lavie,lavie_1304.mp4,0.0058570755827643045
annotated,Lavie,lavie_1305.mp4,0.02618024487873793
annotated,Lavie,lavie_1306.mp4,0.10218978102189781
annotated,Lavie,lavie_1307.mp4,0.00618083352955027
annotated,Lavie,lavie_1308.mp4,0.1707676006592889
annotated,Lavie,lavie_1309.mp4,0.007593595479161761
annotated,Lavie,lavie_131.mp4,0.13487461737697198
annotated,Lavie,lavie_1310.mp4,0.07935012950317871
annotated,Lavie,lavie_1311.mp4,0.002663644925829998
annotated,Lavie,lavie_1312.mp4,0.006489875206027785
annotated,Lavie,lavie_1313.mp4,0.007623028019778667
annotated,Lavie,lavie_1314.mp4,0.014098186955497999
annotated,Lavie,lavie_1315.mp4,0.0902548858017424
annotated,Lavie,lavie_1316.mp4,0.04185307275724041
annotated,Lavie,lavie_1317.mp4,0.008211678832116789
annotated,Lavie,lavie_1318.mp4,0.0067547680715799386
annotated,Lavie,lavie_1319.mp4,0.003973392983282317
annotated,Lavie,lavie_132.mp4,0.07259536143159878
annotated,Lavie,lavie_1320.mp4,0.003929244172356958
annotated,Lavie,lavie_1321.mp4,0.010522133270543913
annotated,Lavie,lavie_1322.mp4,0.01658523663762656
annotated,Lavie,lavie_1323.mp4,0.007608311749470215
annotated,Lavie,lavie_1324.mp4,0.011728867435837061
annotated,Lavie,lavie_1325.mp4,0.012832587708971038
annotated,Lavie,lavie_1326.mp4,0.004753355309630327
annotated,Lavie,lavie_1327.mp4,0.06060160113020956
annotated,Lavie,lavie_1328.mp4,0.007873204615022368
annotated,Lavie,lavie_1329.mp4,0.08413291735342596
annotated,Lavie,lavie_133.mp4,0.05346421003060984
annotated,Lavie,lavie_1330.mp4,0.02640098893336473
annotated,Lavie,lavie_1331.mp4,0.10785554509065222
annotated,Lavie,lavie_1332.mp4,0.020264304214739813
annotated,Lavie,lavie_1333.mp4,0.02888803861549329
annotated,Lavie,lavie_1334.mp4,0.03911584647986814
annotated,Lavie,lavie_1335.mp4,0.0062544148810925355
annotated,Lavie,lavie_1336.mp4,0.07927654815163646
annotated,Lavie,lavie_1337.mp4,0.035642806687073224
annotated,Lavie,lavie_1338.mp4,0.06173475394396045
annotated,Lavie,lavie_1339.mp4,0.08663468330586296
annotated,Lavie,lavie_134.mp4,0.34834883447139153
annotated,Lavie,lavie_1340.mp4,0.06179361902519425
annotated,Lavie,lavie_1341.mp4,0.06890157758417707
annotated,Lavie,lavie_1342.mp4,0.05184542029668
annotated,Lavie,lavie_1343.mp4,0.1089298328231693
annotated,Lavie,lavie_1344.mp4,0.013774429008712032
annotated,Lavie,lavie_1345.mp4,0.012199788085707559
annotated,Lavie,lavie_1346.mp4,0.03234636213797975
annotated,Lavie,lavie_1347.mp4,0.023943371791853074
annotated,Lavie,lavie_1348.mp4,0.009227101483400047
annotated,Lavie,lavie_1349.mp4,0.024546738874499645
annotated,Lavie,lavie_135.mp4,0.1620997174476101
annotated,Lavie,lavie_1350.mp4,0.07590652225100071
annotated,Lavie,lavie_1351.mp4,0.015746409230044736
annotated,Lavie,lavie_1352.mp4,0.013656698846244408
annotated,Lavie,lavie_1353.mp4,0.014436661172592418
annotated,Lavie,lavie_1354.mp4,0.0025753473039792796
annotated,Lavie,lavie_1355.mp4,0.003914527902048505
annotated,Lavie,lavie_1356.mp4,0.01128737932658347
annotated,Lavie,lavie_1357.mp4,0.001648222274546739
annotated,Lavie,lavie_1358.mp4,0.01620261360960678
annotated,Lavie,lavie_1359.mp4,0.014480809983517778
annotated,Lavie,lavie_136.mp4,0.0243112785495644
annotated,Lavie,lavie_1360.mp4,0.012405815870025901
annotated,Lavie,lavie_1361.mp4,0.010625147162703085
annotated,Lavie,lavie_1362.mp4,0.02010242524134683
annotated,Lavie,lavie_1363.mp4,0.012288085707558277
annotated,Lavie,lavie_1364.mp4,0.022869084059336003
annotated,Lavie,lavie_1365.mp4,0.006901930774664469
annotated,Lavie,lavie_1366.mp4,0.00588650812338121
annotated,Lavie,lavie_1367.mp4,0.017291617612432305
annotated,Lavie,lavie_1368.mp4,0.009624440781728279
annotated,Lavie,lavie_1369.mp4,0.011728867435837061
annotated,Lavie,lavie_137.mp4,0.002281021897810219
annotated,Lavie,lavie_1370.mp4,0.025282552389922296
annotated,Lavie,lavie_1371.mp4,0.047298092771368025
annotated,Lavie,lavie_1372.mp4,0.006740051801271485
annotated,Lavie,lavie_1373.mp4,0.00715210736990817
annotated,Lavie,lavie_1374.mp4,0.008064516129032258
annotated,Lavie,lavie_1375.mp4,0.01099305392041441
annotated,Lavie,lavie_1376.mp4,0.024767482929126443
annotated,Lavie,lavie_1377.mp4,0.0025753473039792796
annotated,Lavie,lavie_1378.mp4,0.00875618083352955
annotated,Lavie,lavie_1379.mp4,0.006460442665410879
annotated,Lavie,lavie_138.mp4,0.09503767365198965
annotated,Lavie,lavie_1380.mp4,0.006813633152813751
annotated,Lavie,lavie_1381.mp4,0.008299976453967507
annotated,Lavie,lavie_1382.mp4,0.0013244643277607723
annotated,Lavie,lavie_1383.mp4,0.027740169531433954
annotated,Lavie,lavie_1384.mp4,0.01639392512361667
annotated,Lavie,lavie_1385.mp4,0.021618201083117492
annotated,Lavie,lavie_1386.mp4,0.01270014127619496
annotated,Lavie,lavie_1387.mp4,0.005077113256416294
annotated,Lavie,lavie_1388.mp4,0.009079938780315518
annotated,Lavie,lavie_1389.mp4,0.0062544148810925355
annotated,Lavie,lavie_139.mp4,0.0452378149281846
annotated,Lavie,lavie_1390.mp4,0.0037379326583470685
annotated,Lavie,lavie_1391.mp4,0.006063103367082646
annotated,Lavie,lavie_1392.mp4,0.01196432776077231
annotated,Lavie,lavie_1393.mp4,0.007181539910525076
annotated,Lavie,lavie_1394.mp4,0.01065457970331999
annotated,Lavie,lavie_1395.mp4,0.004576760065928891
annotated,Lavie,lavie_1396.mp4,0.04378090416764775
annotated,Lavie,lavie_1397.mp4,0.019410760536849543
annotated,Lavie,lavie_1398.mp4,0.008196962561808335
annotated,Lavie,lavie_1399.mp4,0.008667883211678832
annotated,Lavie,lavie_14.mp4,0.01006592889098187
annotated,Lavie,lavie_140.mp4,0.09739227690134213
annotated,Lavie,lavie_1400.mp4,0.0031051330350835883
annotated,Lavie,lavie_141.mp4,0.041970802919708027
annotated,Lavie,lavie_142.mp4,0.019925829997645396
annotated,Lavie,lavie_143.mp4,0.3566635271956675
annotated,Lavie,lavie_144.mp4,0.044016364492583
annotated,Lavie,lavie_145.mp4,0.1986255003531905
annotated,Lavie,lavie_146.mp4,0.42148869790440313
annotated,Lavie,lavie_147.mp4,0.18761773016246763
annotated,Lavie,lavie_148.mp4,0.0035760536849540852
annotated,Lavie,lavie_149.mp4,0.0014716270308453025
annotated,Lavie,lavie_15.mp4,0.002810807628914528
annotated,Lavie,lavie_150.mp4,0.0020308453025665177
annotated,Lavie,lavie_151.mp4,0.006239698610784083
annotated,Lavie,lavie_152.mp4,0.003693783847421709
annotated,Lavie,lavie_153.mp4,0.0021485754650341416
annotated,Lavie,lavie_154.mp4,0.0761566988462444
annotated,Lavie,lavie_155.mp4,0.03336178478926301
annotated,Lavie,lavie_156.mp4,0.02145632210972451
annotated,Lavie,lavie_157.mp4,0.007946785966564633
annotated,Lavie,lavie_158.mp4,0.013877442900871203
annotated,Lavie,lavie_159.mp4,0.0036496350364963502
annotated,Lavie,lavie_16.mp4,0.008432422886743583
annotated,Lavie,lavie_160.mp4,0.002281021897810219
annotated,Lavie,lavie_161.mp4,0.001721803626089004
annotated,Lavie,lavie_162.mp4,0.051065457970332
annotated,Lavie,lavie_163.mp4,0.00223687308688486
annotated,Lavie,lavie_164.mp4,0.03255238992229809
annotated,Lavie,lavie_165.mp4,0.0037526489286555213
annotated,Lavie,lavie_166.mp4,0.12670708735578054
annotated,Lavie,lavie_167.mp4,0.0632505297857311
annotated,Lavie,lavie_168.mp4,0.3116758888627266
annotated,Lavie,lavie_169.mp4,0.0036496350364963507
annotated,Lavie,lavie_17.mp4,0.022515893571933128
annotated,Lavie,lavie_170.mp4,0.005003531904874029
annotated,Lavie,lavie_171.mp4,0.004076406875441488
annotated,Lavie,lavie_172.mp4,0.005342006121968449
annotated,Lavie,lavie_173.mp4,0.004208853308217565
annotated,Lavie,lavie_174.mp4,0.004149988226983753
annotated,Lavie,lavie_175.mp4,0.0036054862255709913
annotated,Lavie,lavie_176.mp4,0.0025606310336708264
annotated,Lavie,lavie_177.mp4,0.05406757711325642
annotated,Lavie,lavie_178.mp4,0.0031198493053920416
annotated,Lavie,lavie_179.mp4,0.2907052036731811
annotated,Lavie,lavie_18.mp4,0.019410760536849543
annotated,Lavie,lavie_180.mp4,0.024429008712032026
annotated,Lavie,lavie_181.mp4,0.004547327525311985
annotated,Lavie,lavie_182.mp4,0.0008388274075818226
annotated,Lavie,lavie_183.mp4,0.005842359312455851
annotated,Lavie,lavie_184.mp4,0.05318460089474923
annotated,Lavie,lavie_185.mp4,0.31628208146927245
annotated,Lavie,lavie_186.mp4,0.018115728749705677
annotated,Lavie,lavie_187.mp4,0.019160583941605837
annotated,Lavie,lavie_188.mp4,0.002810807628914528
annotated,Lavie,lavie_189.mp4,0.008005651047798445
annotated,Lavie,lavie_19.mp4,0.007313986343301154
annotated,Lavie,lavie_190.mp4,0.19703614315987755
annotated,Lavie,lavie_191.mp4,0.1424534965858253
annotated,Lavie,lavie_192.mp4,0.010522133270543913
annotated,Lavie,lavie_193.mp4,0.054965269602072056
annotated,Lavie,lavie_194.mp4,0.016423357664233577
annotated,Lavie,lavie_195.mp4,0.003811514009889334
annotated,Lavie,lavie_196.mp4,0.05121262067341653
annotated,Lavie,lavie_197.mp4,0.01838062161525783
annotated,Lavie,lavie_198.mp4,0.025150105957146222
annotated,Lavie,lavie_199.mp4,0.009403696727101483
annotated,Lavie,lavie_2.mp4,0.013936307982105016
annotated,Lavie,lavie_20.mp4,0.004988815634565576
annotated,Lavie,lavie_200.mp4,0.08598716741229102
annotated,Lavie,lavie_201.mp4,0.16539616199670354
annotated,Lavie,lavie_202.mp4,0.01905757004944667
annotated,Lavie,lavie_203.mp4,0.016055450906522252
annotated,Lavie,lavie_204.mp4,0.039542618318813276
annotated,Lavie,lavie_205.mp4,0.007858488344713916
annotated,Lavie,lavie_206.mp4,0.014142335766423358
annotated,Lavie,lavie_207.mp4,0.009065222510007064
annotated,Lavie,lavie_208.mp4,0.14592653637862021
annotated,Lavie,lavie_209.mp4,0.08488344713915705
annotated,Lavie,lavie_21.mp4,0.007902637155639275
annotated,Lavie,lavie_210.mp4,0.0037526489286555218
annotated,Lavie,lavie_211.mp4,0.03528961619967036
annotated,Lavie,lavie_212.mp4,0.005165410878267012
annotated,Lavie,lavie_213.mp4,0.11519896397457029
annotated,Lavie,lavie_214.mp4,0.028505415587473514
annotated,Lavie,lavie_215.mp4,0.0019719802213327055
annotated,Lavie,lavie_216.mp4,0.0447668942783141
annotated,Lavie,lavie_217.mp4,0.06656169060513303
annotated,Lavie,lavie_218.mp4,0.018748528372969156
annotated,Lavie,lavie_219.mp4,0.009801036025429716
annotated,Lavie,lavie_22.mp4,0.035525076524605605
annotated,Lavie,lavie_220.mp4,0.09945255474452554
annotated,Lavie,lavie_221.mp4,0.03395043560160113
annotated,Lavie,lavie_222.mp4,0.011110784082882035
annotated,Lavie,lavie_223.mp4,0.002192724275959501
annotated,Lavie,lavie_224.mp4,0.008741464563221097
annotated,Lavie,lavie_225.mp4,0.00856486931951966
annotated,Lavie,lavie_226.mp4,0.010713444784553803
annotated,Lavie,lavie_227.mp4,0.022736637626559923
annotated,Lavie,lavie_228.mp4,0.1662938544855192
annotated,Lavie,lavie_229.mp4,0.08720861784789263
annotated,Lavie,lavie_23.mp4,0.061631740051801276
annotated,Lavie,lavie_230.mp4,0.0157905580409701
annotated,Lavie,lavie_231.mp4,0.013833294089945844
annotated,Lavie,lavie_232.mp4,0.011390393218742642
annotated,Lavie,lavie_233.mp4,0.025032375794678596
annotated,Lavie,lavie_234.mp4,0.017100306098422415
annotated,Lavie,lavie_235.mp4,0.0019131151400988934
annotated,Lavie,lavie_236.mp4,0.034215328467153285
annotated,Lavie,lavie_237.mp4,0.024281846008947495
annotated,Lavie,lavie_238.mp4,0.004517894984695079
annotated,Lavie,lavie_239.mp4,0.010978337650105956
annotated,Lavie,lavie_24.mp4,0.025944784553802683
annotated,Lavie,lavie_240.mp4,0.08840063574287732
annotated,Lavie,lavie_241.mp4,0.005430303743819167
annotated,Lavie,lavie_242.mp4,0.03343536614080527
annotated,Lavie,lavie_243.mp4,0.006843065693430657
annotated,Lavie,lavie_244.mp4,0.016820696962561808
annotated,Lavie,lavie_245.mp4,0.010610430892394631
annotated,Lavie,lavie_246.mp4,0.02874087591240876
annotated,Lavie,lavie_247.mp4,0.02479691546974335
annotated,Lavie,lavie_248.mp4,0.003517188603720273
annotated,Lavie,lavie_249.mp4,0.022721921356251472
annotated,Lavie,lavie_25.mp4,0.004679773958088062
annotated,Lavie,lavie_250.mp4,0.05125676948434189
annotated,Lavie,lavie_251.mp4,0.15859724511419826
annotated,Lavie,lavie_252.mp4,0.013892159171179657
annotated,Lavie,lavie_253.mp4,0.012185071815399106
annotated,Lavie,lavie_254.mp4,0.014613256416293855
annotated,Lavie,lavie_255.mp4,0.015466800094184132
annotated,Lavie,lavie_256.mp4,0.011537555921827173
annotated,Lavie,lavie_257.mp4,0.02353131622321639
annotated,Lavie,lavie_258.mp4,0.0054597362844360725
annotated,Lavie,lavie_259.mp4,0.014318931010124793
annotated,Lavie,lavie_26.mp4,0.019469625618083353
annotated,Lavie,lavie_260.mp4,0.006960795855898282
annotated,Lavie,lavie_261.mp4,0.02242759595008241
annotated,Lavie,lavie_262.mp4,0.014907581822462913
annotated,Lavie,lavie_263.mp4,0.14217388744996468
annotated,Lavie,lavie_264.mp4,0.5132299270072993
annotated,Lavie,lavie_265.mp4,0.0367170944195903
annotated,Lavie,lavie_266.mp4,0.015275488580174242
annotated,Lavie,lavie_267.mp4,0.005180127148575465
annotated,Lavie,lavie_268.mp4,0.012626559924652697
annotated,Lavie,lavie_269.mp4,0.015157758417706616
annotated,Lavie,lavie_27.mp4,0.020205439133506004
annotated,Lavie,lavie_270.mp4,0.09881975512126207
annotated,Lavie,lavie_271.mp4,0.028417117965622792
annotated,Lavie,lavie_272.mp4,0.007034377207440547
annotated,Lavie,lavie_273.mp4,0.14572050859430186
annotated,Lavie,lavie_274.mp4,0.020072992700729927
annotated,Lavie,lavie_275.mp4,0.08973981634094655
annotated,Lavie,lavie_276.mp4,0.006195549799858724
annotated,Lavie,lavie_277.mp4,0.008976924888156344
annotated,Lavie,lavie_278.mp4,0.011993760301389217
annotated,Lavie,lavie_279.mp4,0.002737226277372263
annotated,Lavie,lavie_28.mp4,0.05440605133035084
annotated,Lavie,lavie_280.mp4,0.010021780080056511
annotated,Lavie,lavie_281.mp4,0.001765952437014363
annotated,Lavie,lavie_282.mp4,0.01712973863903932
annotated,Lavie,lavie_283.mp4,0.02525311984930539
annotated,Lavie,lavie_284.mp4,0.026842477042618322
annotated,Lavie,lavie_285.mp4,0.05162467624205322
annotated,Lavie,lavie_286.mp4,0.13569872851424536
annotated,Lavie,lavie_287.mp4,0.0031345655757004944
annotated,Lavie,lavie_288.mp4,0.008506004238285849
annotated,Lavie,lavie_289.mp4,0.008093948669649164
annotated,Lavie,lavie_29.mp4,0.005548033906286791
annotated,Lavie,lavie_290.mp4,0.004253002119142924
annotated,Lavie,lavie_291.mp4,0.004076406875441488
annotated,Lavie,lavie_292.mp4,0.006416293854485519
annotated,Lavie,lavie_293.mp4,0.1545649870496821
annotated,Lavie,lavie_294.mp4,0.030845302566517543
annotated,Lavie,lavie_295.mp4,0.008918059806922533
annotated,Lavie,lavie_296.mp4,0.03860077701907229
annotated,Lavie,lavie_297.mp4,0.02013185778196374
annotated,Lavie,lavie_298.mp4,0.10619260654579703
annotated,Lavie,lavie_299.mp4,0.03205203673181069
annotated,Lavie,lavie_3.mp4,0.031595832352248644
annotated,Lavie,lavie_30.mp4,0.0019572639510242523
annotated,Lavie,lavie_300.mp4,0.028608429479632682
annotated,Lavie,lavie_301.mp4,0.01274429008712032
annotated,Lavie,lavie_302.mp4,0.010154226512832588
annotated,Lavie,lavie_303.mp4,0.07062338121026607
annotated,Lavie,lavie_304.mp4,0.054185307275724036
annotated,Lavie,lavie_305.mp4,0.49452554744525545
annotated,Lavie,lavie_306.mp4,0.03639333647280433
annotated,Lavie,lavie_307.mp4,0.005297857311043089
annotated,Lavie,lavie_308.mp4,0.07574464327760771
annotated,Lavie,lavie_309.mp4,0.26311219684483167
annotated,Lavie,lavie_31.mp4,0.007034377207440547
annotated,Lavie,lavie_310.mp4,0.029108782670120084
annotated,Lavie,lavie_311.mp4,0.084427242759595
annotated,Lavie,lavie_312.mp4,0.006769484341888392
annotated,Lavie,lavie_313.mp4,0.11475747586531669
annotated,Lavie,lavie_314.mp4,0.07060866493995763
annotated,Lavie,lavie_315.mp4,0.10797327525311984
annotated,Lavie,lavie_316.mp4,0.047239227690134215
annotated,Lavie,lavie_317.mp4,0.14096715328467152
annotated,Lavie,lavie_318.mp4,0.03630503885095361
annotated,Lavie,lavie_319.mp4,0.07673063338827407
annotated,Lavie,lavie_32.mp4,0.07720155403814456
annotated,Lavie,lavie_320.mp4,0.03327348716741229
annotated,Lavie,lavie_321.mp4,0.015731692959736282
annotated,Lavie,lavie_322.mp4,0.0017070873557805508
annotated,Lavie,lavie_323.mp4,0.012111490463856841
annotated,Lavie,lavie_324.mp4,0.009801036025429716
annotated,Lavie,lavie_325.mp4,0.0758476571697669
annotated,Lavie,lavie_326.mp4,0.08173416529314811
annotated,Lavie,lavie_327.mp4,0.10419119378384742
annotated,Lavie,lavie_328.mp4,0.06351542265128327
annotated,Lavie,lavie_329.mp4,0.010669295973628444
annotated,Lavie,lavie_33.mp4,0.0038850953614315985
annotated,Lavie,lavie_330.mp4,0.01712973863903932
annotated,Lavie,lavie_331.mp4,0.043530727572404046
annotated,Lavie,lavie_332.mp4,0.051227336943724985
annotated,Lavie,lavie_333.mp4,0.048063338827407584
annotated,Lavie,lavie_334.mp4,0.15087120320226044
annotated,Lavie,lavie_335.mp4,0.03209618554273605
annotated,Lavie,lavie_336.mp4,0.03564280668707323
annotated,Lavie,lavie_337.mp4,0.012199788085707559
annotated,Lavie,lavie_338.mp4,0.003929244172356958
annotated,Lavie,lavie_339.mp4,0.00871203202260419
annotated,Lavie,lavie_34.mp4,0.04668000941841299
annotated,Lavie,lavie_340.mp4,0.05656934306569343
annotated,Lavie,lavie_341.mp4,0.11207911466917825
annotated,Lavie,lavie_342.mp4,0.015143042147398164
annotated,Lavie,lavie_343.mp4,0.006416293854485519
annotated,Lavie,lavie_344.mp4,0.045635154226512833
annotated,Lavie,lavie_345.mp4,0.10011478690840594
annotated,Lavie,lavie_346.mp4,0.11954026371556392
annotated,Lavie,lavie_347.mp4,0.021147280433246998
annotated,Lavie,lavie_348.mp4,0.018115728749705674
annotated,Lavie,lavie_349.mp4,0.005371438662585355
annotated,Lavie,lavie_35.mp4,0.031198493053920414
annotated,Lavie,lavie_350.mp4,0.04582646574052272
annotated,Lavie,lavie_351.mp4,0.017659524370143634
annotated,Lavie,lavie_352.mp4,0.0043118672003767365
annotated,Lavie,lavie_353.mp4,0.0041352719566753
annotated,Lavie,lavie_354.mp4,0.014039321874264186
annotated,Lavie,lavie_355.mp4,0.002884388980456793
annotated,Lavie,lavie_356.mp4,0.0058570755827643045
annotated,Lavie,lavie_357.mp4,0.011846597598304686
annotated,Lavie,lavie_358.mp4,0.04314810454438427
annotated,Lavie,lavie_359.mp4,0.01333294089945844
annotated,Lavie,lavie_36.mp4,0.0030315516835413233
annotated,Lavie,lavie_360.mp4,0.01789498469507888
annotated,Lavie,lavie_361.mp4,0.04141158464798682
annotated,Lavie,lavie_362.mp4,0.010051212620673416
annotated,Lavie,lavie_363.mp4,0.037379326583470686
annotated,Lavie,lavie_364.mp4,0.1433953378855663
annotated,Lavie,lavie_365.mp4,0.08826818931010125
annotated,Lavie,lavie_366.mp4,0.011066635271956674
annotated,Lavie,lavie_367.mp4,0.11868672003767365
annotated,Lavie,lavie_368.mp4,0.21213503649635035
annotated,Lavie,lavie_369.mp4,0.039483753237579466
annotated,Lavie,lavie_37.mp4,0.0041647044972922065
annotated,Lavie,lavie_370.mp4,0.023560748763833295
annotated,Lavie,lavie_371.mp4,0.0077996232634801035
annotated,Lavie,lavie_372.mp4,0.02052919708029197
annotated,Lavie,lavie_373.mp4,0.012832587708971038
annotated,Lavie,lavie_374.mp4,0.005533317635978338
annotated,Lavie,lavie_375.mp4,0.029785731104308925
annotated,Lavie,lavie_376.mp4,0.04264775135389687
annotated,Lavie,lavie_377.mp4,0.012140923004473746
annotated,Lavie,lavie_378.mp4,0.007196256180833529
annotated,Lavie,lavie_379.mp4,0.012597127384035789
annotated,Lavie,lavie_38.mp4,0.00335530963032729
annotated,Lavie,lavie_380.mp4,0.008976924888156346
annotated,Lavie,lavie_381.mp4,0.018027431127854956
annotated,Lavie,lavie_382.mp4,0.050035319048740284
annotated,Lavie,lavie_383.mp4,0.02470861784789263
annotated,Lavie,lavie_384.mp4,0.04083765010595715
annotated,Lavie,lavie_385.mp4,0.022736637626559923
annotated,Lavie,lavie_386.mp4,0.011611137273369437
annotated,Lavie,lavie_387.mp4,0.016702966800094185
annotated,Lavie,lavie_388.mp4,0.040528608429479626
annotated,Lavie,lavie_389.mp4,0.06380974805745232
annotated,Lavie,lavie_39.mp4,0.0023251707087355777
annotated,Lavie,lavie_390.mp4,0.042132681893101015
annotated,Lavie,lavie_391.mp4,0.06642924417235696
annotated,Lavie,lavie_392.mp4,0.04619437249823405
annotated,Lavie,lavie_393.mp4,0.022986814221803625
annotated,Lavie,lavie_394.mp4,0.17119437249823405
annotated,Lavie,lavie_395.mp4,0.004238285848834471
annotated,Lavie,lavie_396.mp4,0.01084589121732988
annotated,Lavie,lavie_397.mp4,0.005974805745231928
annotated,Lavie,lavie_398.mp4,0.0024134683305862964
annotated,Lavie,lavie_399.mp4,0.00938898045679303
annotated,Lavie,lavie_4.mp4,0.013656698846244408
annotated,Lavie,lavie_40.mp4,0.007240404991758889
annotated,Lavie,lavie_400.mp4,0.3480545090652225
annotated,Lavie,lavie_401.mp4,0.05244878737932658
annotated,Lavie,lavie_402.mp4,0.008888627266305628
annotated,Lavie,lavie_403.mp4,0.03200788792088533
annotated,Lavie,lavie_404.mp4,0.007770190722863198
annotated,Lavie,lavie_405.mp4,0.02517953849776313
annotated,Lavie,lavie_406.mp4,0.01770367318106899
annotated,Lavie,lavie_407.mp4,0.01696785966564634
annotated,Lavie,lavie_408.mp4,0.038203437720744055
annotated,Lavie,lavie_409.mp4,0.004871085472097952
annotated,Lavie,lavie_41.mp4,0.03187544148810925
annotated,Lavie,lavie_410.mp4,0.007564162938544856
annotated,Lavie,lavie_411.mp4,0.015878855662820816
annotated,Lavie,lavie_412.mp4,0.017144454909347774
annotated,Lavie,lavie_413.mp4,0.04460501530492112
annotated,Lavie,lavie_414.mp4,0.03767365198963975
annotated,Lavie,lavie_415.mp4,0.00223687308688486
annotated,Lavie,lavie_416.mp4,0.01964622086178479
annotated,Lavie,lavie_417.mp4,0.014686837767836119
annotated,Lavie,lavie_418.mp4,0.00700494466682364
annotated,Lavie,lavie_419.mp4,0.02947668942783141
annotated,Lavie,lavie_42.mp4,0.045296680009418416
annotated,Lavie,lavie_420.mp4,0.005474452554744526
annotated,Lavie,lavie_421.mp4,0.005062396986107841
annotated,Lavie,lavie_422.mp4,0.0566723569578526
annotated,Lavie,lavie_423.mp4,0.06379503178714387
annotated,Lavie,lavie_424.mp4,0.0094919943489522
annotated,Lavie,lavie_425.mp4,0.2921179656227926
annotated,Lavie,lavie_426.mp4,0.015437367553567224
annotated,Lavie,lavie_427.mp4,0.003311160819401931
annotated,Lavie,lavie_428.mp4,0.011596421003060985
annotated,Lavie,lavie_429.mp4,0.04016070167176831
annotated,Lavie,lavie_43.mp4,0.01916058394160584
annotated,Lavie,lavie_430.mp4,0.007534730397927949
annotated,Lavie,lavie_431.mp4,0.018704379562043794
annotated,Lavie,lavie_432.mp4,0.008241111372733693
annotated,Lavie,lavie_433.mp4,0.051536378620202494
annotated,Lavie,lavie_434.mp4,0.001707087355780551
annotated,Lavie,lavie_435.mp4,0.05371438662585354
annotated,Lavie,lavie_436.mp4,0.12954732752531198
annotated,Lavie,lavie_437.mp4,0.07767247468801507
annotated,Lavie,lavie_438.mp4,0.04938780315516835
annotated,Lavie,lavie_439.mp4,0.02454673887449965
annotated,Lavie,lavie_44.mp4,0.005930656934306569
annotated,Lavie,lavie_440.mp4,0.004356016011302095
annotated,Lavie,lavie_441.mp4,0.020161290322580645
annotated,Lavie,lavie_442.mp4,0.02566517541794208
annotated,Lavie,lavie_443.mp4,0.004988815634565575
annotated,Lavie,lavie_444.mp4,0.09940840593360019
annotated,Lavie,lavie_445.mp4,0.05615728749705674
annotated,Lavie,lavie_446.mp4,0.19660937132093242
annotated,Lavie,lavie_447.mp4,0.024826348010360252
annotated,Lavie,lavie_448.mp4,0.061940781728278785
annotated,Lavie,lavie_449.mp4,0.4055068283494231
annotated,Lavie,lavie_45.mp4,0.0362461737697198
annotated,Lavie,lavie_450.mp4,0.009550859430186014
annotated,Lavie,lavie_451.mp4,0.043059806922533556
annotated,Lavie,lavie_452.mp4,0.2619937603013892
annotated,Lavie,lavie_453.mp4,0.010242524134683306
annotated,Lavie,lavie_454.mp4,0.003458323522486461
annotated,Lavie,lavie_455.mp4,0.19681539910525075
annotated,Lavie,lavie_456.mp4,0.023707911466917825
annotated,Lavie,lavie_457.mp4,0.20702849069931717
annotated,Lavie,lavie_458.mp4,0.14379267718389452
annotated,Lavie,lavie_459.mp4,0.13706734165293147
annotated,Lavie,lavie_46.mp4,0.00559218271721215
annotated,Lavie,lavie_460.mp4,0.04868142218036261
annotated,Lavie,lavie_461.mp4,0.05837944431363316
annotated,Lavie,lavie_462.mp4,0.06138156345655757
annotated,Lavie,lavie_463.mp4,0.02378149281846009
annotated,Lavie,lavie_464.mp4,0.02489992936190252
annotated,Lavie,lavie_465.mp4,0.05371438662585354
annotated,Lavie,lavie_466.mp4,0.11041617612432306
annotated,Lavie,lavie_467.mp4,0.03654049917588886
annotated,Lavie,lavie_468.mp4,0.012655992465269602
annotated,Lavie,lavie_469.mp4,0.0006180833529550271
annotated,Lavie,lavie_47.mp4,0.017718389451377443
annotated,Lavie,lavie_470.mp4,0.012582411113727337
annotated,Lavie,lavie_471.mp4,0.005842359312455851
annotated,Lavie,lavie_472.mp4,0.00588650812338121
annotated,Lavie,lavie_473.mp4,0.7295296680009418
annotated,Lavie,lavie_474.mp4,0.06504591476336237
annotated,Lavie,lavie_475.mp4,0.006519307746644691
annotated,Lavie,lavie_476.mp4,0.006578172827878502
annotated,Lavie,lavie_477.mp4,0.0010595714622086178
annotated,Lavie,lavie_478.mp4,0.013435954791617612
annotated,Lavie,lavie_479.mp4,0.015407935012950319
annotated,Lavie,lavie_48.mp4,0.10226336237344008
annotated,Lavie,lavie_480.mp4,0.017276901342123854
annotated,Lavie,lavie_481.mp4,0.02163291735342595
annotated,Lavie,lavie_482.mp4,0.043148104544384266
annotated,Lavie,lavie_483.mp4,0.03870379091123145
annotated,Lavie,lavie_484.mp4,0.13856840122439368
annotated,Lavie,lavie_485.mp4,0.010227807864374851
annotated,Lavie,lavie_486.mp4,0.007107958558982811
annotated,Lavie,lavie_487.mp4,0.04097009653873322
annotated,Lavie,lavie_488.mp4,0.001868966329173534
annotated,Lavie,lavie_489.mp4,0.013038615493289381
annotated,Lavie,lavie_49.mp4,0.012920885330821757
annotated,Lavie,lavie_490.mp4,0.008182246291499882
annotated,Lavie,lavie_491.mp4,0.003237579467859666
annotated,Lavie,lavie_492.mp4,0.027710736990817046
annotated,Lavie,lavie_493.mp4,0.06311808335295503
annotated,Lavie,lavie_494.mp4,0.005474452554744526
annotated,Lavie,lavie_495.mp4,0.006431010124793972
annotated,Lavie,lavie_496.mp4,0.005695196609371321
annotated,Lavie,lavie_497.mp4,0.0031198493053920416
annotated,Lavie,lavie_498.mp4,0.00894749234753944
annotated,Lavie,lavie_499.mp4,0.026018365905344946
annotated,Lavie,lavie_5.mp4,0.02204497292206263
annotated,Lavie,lavie_50.mp4,0.009801036025429715
annotated,Lavie,lavie_500.mp4,0.007343418883918059
annotated,Lavie,lavie_501.mp4,0.18083352955027077
annotated,Lavie,lavie_502.mp4,0.024061101954320697
annotated,Lavie,lavie_503.mp4,0.0038262302801977868
annotated,Lavie,lavie_504.mp4,0.008520720508594301
annotated,Lavie,lavie_505.mp4,0.015143042147398164
annotated,Lavie,lavie_506.mp4,0.03682010831174947
annotated,Lavie,lavie_507.mp4,0.04566458676712974
annotated,Lavie,lavie_508.mp4,0.010374970567459382
annotated,Lavie,lavie_509.mp4,0.08979868142218037
annotated,Lavie,lavie_51.mp4,0.13924534965858254
annotated,Lavie,lavie_510.mp4,0.23802095596891926
annotated,Lavie,lavie_511.mp4,0.007313986343301154
annotated,Lavie,lavie_512.mp4,0.00734341888391806
annotated,Lavie,lavie_513.mp4,0.07327230986578762
annotated,Lavie,lavie_514.mp4,0.01630562750176595
annotated,Lavie,lavie_515.mp4,0.7688662585354368
annotated,Lavie,lavie_516.mp4,0.004238285848834471
annotated,Lavie,lavie_517.mp4,0.03630503885095361
annotated,Lavie,lavie_518.mp4,0.06242641864845773
annotated,Lavie,lavie_519.mp4,0.5961266776548151
annotated,Lavie,lavie_52.mp4,0.019234165293148104
annotated,Lavie,lavie_520.mp4,0.22885271956675302
annotated,Lavie,lavie_521.mp4,0.24351012479397222
annotated,Lavie,lavie_522.mp4,0.2118995761714151
annotated,Lavie,lavie_523.mp4,0.6345214268895691
annotated,Lavie,lavie_524.mp4,0.08953378855662822
annotated,Lavie,lavie_525.mp4,0.4801036025429715
annotated,Lavie,lavie_526.mp4,0.2796680009418413
annotated,Lavie,lavie_527.mp4,0.5351866023075111
annotated,Lavie,lavie_528.mp4,0.04392806687073228
annotated,Lavie,lavie_529.mp4,0.014524958794443136
annotated,Lavie,lavie_53.mp4,0.013171061926065458
annotated,Lavie,lavie_530.mp4,0.5842947963268189
annotated,Lavie,lavie_531.mp4,0.0551712973863904
annotated,Lavie,lavie_532.mp4,0.039807511184365436
annotated,Lavie,lavie_533.mp4,0.08448610784082883
annotated,Lavie,lavie_534.mp4,0.3356192606545797
annotated,Lavie,lavie_535.mp4,0.20330527431127857
annotated,Lavie,lavie_536.mp4,0.004414881092535908
annotated,Lavie,lavie_537.mp4,0.024487873793265835
annotated,Lavie,lavie_538.mp4,0.003973392983282317
annotated,Lavie,lavie_539.mp4,0.06825406169060513
annotated,Lavie,lavie_54.mp4,0.0037673651989639746
annotated,Lavie,lavie_540.mp4,0.010110077701907229
annotated,Lavie,lavie_541.mp4,0.027460560395573347
annotated,Lavie,lavie_542.mp4,0.010948905109489052
annotated,Lavie,lavie_543.mp4,0.005562750176595244
annotated,Lavie,lavie_544.mp4,0.012685425005886507
annotated,Lavie,lavie_545.mp4,0.02850541558747351
annotated,Lavie,lavie_546.mp4,0.033229338356486934
annotated,Lavie,lavie_547.mp4,0.005974805745231929
annotated,Lavie,lavie_548.mp4,0.01517247468801507
annotated,Lavie,lavie_549.mp4,0.1899134683305863
annotated,Lavie,lavie_55.mp4,0.010860607487638334
annotated,Lavie,lavie_550.mp4,0.34118201083117494
annotated,Lavie,lavie_551.mp4,0.0926389215917118
annotated,Lavie,lavie_552.mp4,0.01673239934071109
annotated,Lavie,lavie_553.mp4,0.02160348481280904
annotated,Lavie,lavie_554.mp4,0.07989463150459147
annotated,Lavie,lavie_555.mp4,0.011508123381210267
annotated,Lavie,lavie_556.mp4,0.03350894749234754
annotated,Lavie,lavie_557.mp4,0.03306745938309395
annotated,Lavie,lavie_558.mp4,0.005224275959500824
annotated,Lavie,lavie_559.mp4,0.016158464798681424
annotated,Lavie,lavie_56.mp4,0.008064516129032258
annotated,Lavie,lavie_560.mp4,0.05108017424064045
annotated,Lavie,lavie_561.mp4,0.089754532611255
annotated,Lavie,lavie_562.mp4,0.009109371320932423
annotated,Lavie,lavie_563.mp4,0.0340534494937603
annotated,Lavie,lavie_564.mp4,0.0162909112314575
annotated,Lavie,lavie_565.mp4,0.05091829526724747
annotated,Lavie,lavie_566.mp4,0.04704791617612432
annotated,Lavie,lavie_567.mp4,0.026871909583235227
annotated,Lavie,lavie_568.mp4,0.027460560395573347
annotated,Lavie,lavie_569.mp4,0.11409524370143631
annotated,Lavie,lavie_57.mp4,0.010448551919001648
annotated,Lavie,lavie_570.mp4,0.3281433953378856
annotated,Lavie,lavie_571.mp4,0.056804803390628676
annotated,Lavie,lavie_572.mp4,0.3959559689192371
annotated,Lavie,lavie_573.mp4,0.180289027548858
annotated,Lavie,lavie_574.mp4,0.02450259006357429
annotated,Lavie,lavie_575.mp4,0.30587767836119617
annotated,Lavie,lavie_576.mp4,0.0931687073228161
annotated,Lavie,lavie_577.mp4,0.11718566046621144
annotated,Lavie,lavie_578.mp4,0.3274370143630798
annotated,Lavie,lavie_579.mp4,0.530241935483871
annotated,Lavie,lavie_58.mp4,0.02526783611961385
annotated,Lavie,lavie_580.mp4,0.2039822227454674
annotated,Lavie,lavie_581.mp4,0.689707440546268
annotated,Lavie,lavie_582.mp4,0.5195432069696256
annotated,Lavie,lavie_583.mp4,0.24746880150694608
annotated,Lavie,lavie_584.mp4,0.11000412055568637
annotated,Lavie,lavie_585.mp4,0.19534377207440545
annotated,Lavie,lavie_586.mp4,0.1967712502943254
annotated,Lavie,lavie_587.mp4,0.30478867435837065
annotated,Lavie,lavie_588.mp4,0.47053802684247703
annotated,Lavie,lavie_589.mp4,0.026459854014598543
annotated,Lavie,lavie_59.mp4,0.03982222745467389
annotated,Lavie,lavie_590.mp4,0.004797504120555686
annotated,Lavie,lavie_591.mp4,0.06239698610784082
annotated,Lavie,lavie_592.mp4,0.0046650576877796095
annotated,Lavie,lavie_593.mp4,0.009153520131857783
annotated,Lavie,lavie_594.mp4,0.0036643513068048035
annotated,Lavie,lavie_595.mp4,0.09544972922062632
annotated,Lavie,lavie_596.mp4,0.011243230515658112
annotated,Lavie,lavie_597.mp4,0.011434542029668001
annotated,Lavie,lavie_598.mp4,0.03680539204144102
annotated,Lavie,lavie_599.mp4,0.07141805980692253
annotated,Lavie,lavie_6.mp4,0.012111490463856841
annotated,Lavie,lavie_60.mp4,0.008991641158464798
annotated,Lavie,lavie_600.mp4,0.005695196609371321
annotated,Lavie,lavie_601.mp4,0.005474452554744526
annotated,Lavie,lavie_602.mp4,0.13328526018365905
annotated,Lavie,lavie_603.mp4,0.12717800800565104
annotated,Lavie,lavie_604.mp4,0.008579585589828114
annotated,Lavie,lavie_605.mp4,0.0780109489051095
annotated,Lavie,lavie_606.mp4,0.1254414881092536
annotated,Lavie,lavie_607.mp4,0.004871085472097952
annotated,Lavie,lavie_608.mp4,0.33532493524841067
annotated,Lavie,lavie_609.mp4,0.010021780080056511
annotated,Lavie,lavie_61.mp4,0.2971067812573581
annotated,Lavie,lavie_610.mp4,0.11163762655992465
annotated,Lavie,lavie_611.mp4,0.011787732517070873
annotated,Lavie,lavie_612.mp4,0.004105839416058394
annotated,Lavie,lavie_613.mp4,0.0082705439133506
annotated,Lavie,lavie_614.mp4,0.031507534730397926
annotated,Lavie,lavie_615.mp4,0.20033258770897105
annotated,Lavie,lavie_616.mp4,0.3003443607252178
annotated,Lavie,lavie_617.mp4,0.009035789969390157
annotated,Lavie,lavie_618.mp4,0.012023192842006123
annotated,Lavie,lavie_619.mp4,0.005798210501530492
annotated,Lavie,lavie_62.mp4,0.011257946785966564
annotated,Lavie,lavie_620.mp4,0.009815752295738169
annotated,Lavie,lavie_621.mp4,0.015157758417706616
annotated,Lavie,lavie_622.mp4,0.01162585354367789
annotated,Lavie,lavie_623.mp4,0.007932069696256181
annotated,Lavie,lavie_624.mp4,0.02167706616435131
annotated,Lavie,lavie_625.mp4,0.020058276430421476
annotated,Lavie,lavie_626.mp4,0.011993760301389215
annotated,Lavie,lavie_627.mp4,0.008815045914763363
annotated,Lavie,lavie_628.mp4,0.0033111608194019305
annotated,Lavie,lavie_629.mp4,0.03949846950788792
annotated,Lavie,lavie_63.mp4,0.008196962561808335
annotated,Lavie,lavie_630.mp4,0.019351895455615727
annotated,Lavie,lavie_631.mp4,0.22498234047562987
annotated,Lavie,lavie_632.mp4,0.01708558982811396
annotated,Lavie,lavie_633.mp4,0.030830586296209092
annotated,Lavie,lavie_634.mp4,0.05455321403343537
annotated,Lavie,lavie_635.mp4,0.034406639981163174
annotated,Lavie,lavie_636.mp4,0.026268542500588653
annotated,Lavie,lavie_637.mp4,0.005371438662585355
annotated,Lavie,lavie_638.mp4,0.026592300447374616
annotated,Lavie,lavie_639.mp4,0.10276371556392748
annotated,Lavie,lavie_64.mp4,0.0009859901106663528
annotated,Lavie,lavie_640.mp4,0.07302213327054391
annotated,Lavie,lavie_641.mp4,0.029358959265363787
annotated,Lavie,lavie_642.mp4,0.01951377442900871
annotated,Lavie,lavie_643.mp4,0.083647280433247
annotated,Lavie,lavie_644.mp4,0.011360960678125736
annotated,Lavie,lavie_645.mp4,0.012391099599717448
annotated,Lavie,lavie_646.mp4,0.01935189545561573
annotated,Lavie,lavie_647.mp4,0.012405815870025901
annotated,Lavie,lavie_648.mp4,0.008344125264892865
annotated,Lavie,lavie_649.mp4,0.021677066164351305
annotated,Lavie,lavie_65.mp4,0.10528019778667294
annotated,Lavie,lavie_650.mp4,0.22927949140569814
annotated,Lavie,lavie_651.mp4,0.02500294325406169
annotated,Lavie,lavie_652.mp4,0.01770367318106899
annotated,Lavie,lavie_653.mp4,0.034789263009182954
annotated,Lavie,lavie_654.mp4,0.005474452554744526
annotated,Lavie,lavie_655.mp4,0.005930656934306569
annotated,Lavie,lavie_656.mp4,0.014304214739816343
annotated,Lavie,lavie_657.mp4,0.004841652931481045
annotated,Lavie,lavie_658.mp4,0.011272663056275018
annotated,Lavie,lavie_659.mp4,0.012494113491876619
annotated,Lavie,lavie_66.mp4,0.022927949140569812
annotated,Lavie,lavie_660.mp4,0.012494113491876617
annotated,Lavie,lavie_661.mp4,0.013450671061926066
annotated,Lavie,lavie_662.mp4,0.05355250765246056
annotated,Lavie,lavie_663.mp4,0.00540087120320226
annotated,Lavie,lavie_664.mp4,0.016452790204850486
annotated,Lavie,lavie_665.mp4,0.008226395102425241
annotated,Lavie,lavie_666.mp4,0.008064516129032258
annotated,Lavie,lavie_667.mp4,0.03528961619967036
annotated,Lavie,lavie_668.mp4,0.008638450671061925
annotated,Lavie,lavie_669.mp4,0.02354603249352484
annotated,Lavie,lavie_67.mp4,0.019999411349187663
annotated,Lavie,lavie_670.mp4,0.009904049917588887
annotated,Lavie,lavie_671.mp4,0.03583411820108312
annotated,Lavie,lavie_672.mp4,0.005430303743819167
annotated,Lavie,lavie_673.mp4,0.01633506004238286
annotated,Lavie,lavie_674.mp4,0.005327289851659995
annotated,Lavie,lavie_675.mp4,0.011993760301389215
annotated,Lavie,lavie_676.mp4,0.009624440781728279
annotated,Lavie,lavie_677.mp4,0.00398810925359077
annotated,Lavie,lavie_678.mp4,0.008506004238285849
annotated,Lavie,lavie_679.mp4,0.01122851424534966
annotated,Lavie,lavie_68.mp4,0.007917353425947729
annotated,Lavie,lavie_680.mp4,0.01025724040499176
annotated,Lavie,lavie_681.mp4,0.02398752060277843
annotated,Lavie,lavie_682.mp4,0.0007799623263480104
annotated,Lavie,lavie_683.mp4,0.008344125264892865
annotated,Lavie,lavie_684.mp4,0.010257240404991758
annotated,Lavie,lavie_685.mp4,0.0308894513774429
annotated,Lavie,lavie_686.mp4,0.008815045914763363
annotated,Lavie,lavie_687.mp4,0.009374264186484578
annotated,Lavie,lavie_688.mp4,0.005077113256416294
annotated,Lavie,lavie_689.mp4,0.005812926771838945
annotated,Lavie,lavie_69.mp4,0.03553979279491406
annotated,Lavie,lavie_690.mp4,0.008093948669649164
annotated,Lavie,lavie_691.mp4,0.008623734400753473
annotated,Lavie,lavie_692.mp4,0.004826936661172593
annotated,Lavie,lavie_693.mp4,0.004738639039321874
annotated,Lavie,lavie_694.mp4,0.00588650812338121
annotated,Lavie,lavie_695.mp4,0.0043118672003767365
annotated,Lavie,lavie_696.mp4,0.015510948905109487
annotated,Lavie,lavie_697.mp4,0.03742347539439604
annotated,Lavie,lavie_698.mp4,0.011257946785966564
annotated,Lavie,lavie_699.mp4,0.012788438898045679
annotated,Lavie,lavie_7.mp4,0.02354603249352484
annotated,Lavie,lavie_70.mp4,0.0936396279726866
annotated,Lavie,lavie_700.mp4,0.00223687308688486
annotated,Lavie,lavie_701.mp4,0.024590887685425007
annotated,Lavie,lavie_702.mp4,0.0021780080056510477
annotated,Lavie,lavie_703.mp4,0.0235901813044502
annotated,Lavie,lavie_704.mp4,0.0155698139863433
annotated,Lavie,lavie_705.mp4,0.005754061690605133
annotated,Lavie,lavie_706.mp4,0.015864139392512362
annotated,Lavie,lavie_707.mp4,0.018292323993407113
annotated,Lavie,lavie_708.mp4,0.02696020720508594
annotated,Lavie,lavie_709.mp4,0.0018248175182481751
annotated,Lavie,lavie_71.mp4,0.02734283023310572
annotated,Lavie,lavie_710.mp4,0.007063809748057453
annotated,Lavie,lavie_711.mp4,0.01658523663762656
annotated,Lavie,lavie_712.mp4,0.007240404991758888
annotated,Lavie,lavie_713.mp4,0.0028255238992229807
annotated,Lavie,lavie_714.mp4,0.010536849540852366
annotated,Lavie,lavie_715.mp4,0.004797504120555686
annotated,Lavie,lavie_716.mp4,0.008564869319519662
annotated,Lavie,lavie_717.mp4,0.05898281139627973
annotated,Lavie,lavie_718.mp4,0.05269896397457029
annotated,Lavie,lavie_719.mp4,0.009521426889569107
annotated,Lavie,lavie_72.mp4,0.06700317871438663
annotated,Lavie,lavie_720.mp4,0.0074022839651518724
annotated,Lavie,lavie_721.mp4,0.015878855662820816
annotated,Lavie,lavie_722.mp4,0.024325994819872854
annotated,Lavie,lavie_723.mp4,0.02647457028490699
annotated,Lavie,lavie_724.mp4,0.020072992700729927
annotated,Lavie,lavie_725.mp4,0.005018248175182482
annotated,Lavie,lavie_726.mp4,0.012273369437249822
annotated,Lavie,lavie_727.mp4,0.029167647751353894
annotated,Lavie,lavie_728.mp4,0.018645514480809984
annotated,Lavie,lavie_729.mp4,0.008991641158464798
annotated,Lavie,lavie_73.mp4,0.016658817989168823
annotated,Lavie,lavie_730.mp4,0.005665764068754415
annotated,Lavie,lavie_731.mp4,0.007961502236873086
annotated,Lavie,lavie_732.mp4,0.05384683305862962
annotated,Lavie,lavie_733.mp4,0.003414174711561102
annotated,Lavie,lavie_734.mp4,0.031286790675771135
annotated,Lavie,lavie_735.mp4,0.01896927242759595
annotated,Lavie,lavie_736.mp4,0.003399458441252649
annotated,Lavie,lavie_737.mp4,0.003370025900635743
annotated,Lavie,lavie_738.mp4,0.006769484341888392
annotated,Lavie,lavie_739.mp4,0.003914527902048505
annotated,Lavie,lavie_74.mp4,0.034318342359312456
annotated,Lavie,lavie_740.mp4,0.00797621850718154
annotated,Lavie,lavie_741.mp4,0.013921591711796561
annotated,Lavie,lavie_742.mp4,0.04810748763833294
annotated,Lavie,lavie_743.mp4,0.019248881563456558
annotated,Lavie,lavie_744.mp4,0.009904049917588887
annotated,Lavie,lavie_745.mp4,0.02567989168825053
annotated,Lavie,lavie_746.mp4,0.011066635271956676
annotated,Lavie,lavie_747.mp4,0.014524958794443136
annotated,Lavie,lavie_748.mp4,0.022589474923475395
annotated,Lavie,lavie_749.mp4,0.002133859194725689
annotated,Lavie,lavie_75.mp4,0.011552272192135626
annotated,Lavie,lavie_750.mp4,0.04166176124323052
annotated,Lavie,lavie_751.mp4,0.1333294089945844
annotated,Lavie,lavie_752.mp4,0.026504002825523898
annotated,Lavie,lavie_753.mp4,0.016202613609606783
annotated,Lavie,lavie_754.mp4,0.0036643513068048035
annotated,Lavie,lavie_755.mp4,0.028623145749941133
annotated,Lavie,lavie_756.mp4,0.03520131857781964
annotated,Lavie,lavie_757.mp4,0.03174299505533318
annotated,Lavie,lavie_758.mp4,0.027195667530021193
annotated,Lavie,lavie_759.mp4,0.011905462679538497
annotated,Lavie,lavie_76.mp4,0.003782081469272428
annotated,Lavie,lavie_760.mp4,0.01270014127619496
annotated,Lavie,lavie_761.mp4,0.12504414881092535
annotated,Lavie,lavie_762.mp4,0.01614374852837297
annotated,Lavie,lavie_763.mp4,0.0038556628208146924
annotated,Lavie,lavie_764.mp4,0.0004414881092535908
annotated,Lavie,lavie_765.mp4,0.07522957381681186
annotated,Lavie,lavie_766.mp4,0.010948905109489052
annotated,Lavie,lavie_767.mp4,0.02698963974570285
annotated,Lavie,lavie_768.mp4,0.004826936661172593
annotated,Lavie,lavie_769.mp4,0.039630915940664
annotated,Lavie,lavie_77.mp4,0.007019660937132093
annotated,Lavie,lavie_770.mp4,0.04566458676712974
annotated,Lavie,lavie_771.mp4,0.07181539910525077
annotated,Lavie,lavie_772.mp4,0.05356722392276901
annotated,Lavie,lavie_773.mp4,0.005665764068754416
annotated,Lavie,lavie_774.mp4,0.043530727572404046
annotated,Lavie,lavie_775.mp4,0.010728161054862257
annotated,Lavie,lavie_776.mp4,0.005680480339062868
annotated,Lavie,lavie_777.mp4,0.0049593830939486695
annotated,Lavie,lavie_778.mp4,0.017012008476571697
annotated,Lavie,lavie_779.mp4,0.1233076289145279
annotated,Lavie,lavie_78.mp4,0.1841152578290558
annotated,Lavie,lavie_780.mp4,0.014686837767836119
annotated,Lavie,lavie_781.mp4,0.0031639981163174005
annotated,Lavie,lavie_782.mp4,0.006784200612196844
annotated,Lavie,lavie_783.mp4,0.14237991523428303
annotated,Lavie,lavie_784.mp4,0.06510477984459619
annotated,Lavie,lavie_785.mp4,0.024046385684012243
annotated,Lavie,lavie_786.mp4,0.3092035554509065
annotated,Lavie,lavie_787.mp4,0.019631504591476334
annotated,Lavie,lavie_788.mp4,0.26431893101012477
annotated,Lavie,lavie_789.mp4,0.04762185071815399
annotated,Lavie,lavie_79.mp4,0.11452201554038145
annotated,Lavie,lavie_790.mp4,0.14728043324699785
annotated,Lavie,lavie_791.mp4,0.014466093713209324
annotated,Lavie,lavie_792.mp4,0.0345243701436308
annotated,Lavie,lavie_793.mp4,0.02008770897103838
annotated,Lavie,lavie_794.mp4,0.07862903225806452
annotated,Lavie,lavie_795.mp4,0.08191076053684954
annotated,Lavie,lavie_796.mp4,0.20418825052978573
annotated,Lavie,lavie_797.mp4,0.007990934777489992
annotated,Lavie,lavie_798.mp4,0.2040116552860843
annotated,Lavie,lavie_799.mp4,0.07500882976218506
annotated,Lavie,lavie_8.mp4,0.011493407110901813
annotated,Lavie,lavie_80.mp4,0.022721921356251472
annotated,Lavie,lavie_800.mp4,0.009595008241111373
annotated,Lavie,lavie_801.mp4,0.009374264186484578
annotated,Lavie,lavie_802.mp4,0.422783729691547
annotated,Lavie,lavie_803.mp4,0.049976453967506475
annotated,Lavie,lavie_804.mp4,0.28212561808335296
annotated,Lavie,lavie_805.mp4,0.17588886272663057
annotated,Lavie,lavie_806.mp4,0.014068754414881092
annotated,Lavie,lavie_807.mp4,0.1948581351542265
annotated,Lavie,lavie_808.mp4,0.22112667765481517
annotated,Lavie,lavie_809.mp4,0.008182246291499882
annotated,Lavie,lavie_81.mp4,0.0017806687073228162
annotated,Lavie,lavie_810.mp4,0.29741582293383567
annotated,Lavie,lavie_811.mp4,0.02960913586060749
annotated,Lavie,lavie_812.mp4,0.32019660937132094
annotated,Lavie,lavie_813.mp4,0.0991876618789734
annotated,Lavie,lavie_814.mp4,0.009462561808335296
annotated,Lavie,lavie_815.mp4,0.09054921120791146
annotated,Lavie,lavie_816.mp4,0.10469154697433483
annotated,Lavie,lavie_817.mp4,0.016452790204850482
annotated,Lavie,lavie_818.mp4,0.038144572639510245
annotated,Lavie,lavie_819.mp4,0.22823463621379797
annotated,Lavie,lavie_82.mp4,0.00626913115140099
annotated,Lavie,lavie_820.mp4,0.012435248410642807
annotated,Lavie,lavie_821.mp4,0.016570520367318105
annotated,Lavie,lavie_822.mp4,0.0882240404991759
annotated,Lavie,lavie_823.mp4,0.07799623263480104
annotated,Lavie,lavie_824.mp4,0.01181716505768778
annotated,Lavie,lavie_825.mp4,0.00554803390628679
annotated,Lavie,lavie_826.mp4,0.1887803155168354
annotated,Lavie,lavie_827.mp4,0.23108959265363788
annotated,Lavie,lavie_828.mp4,0.038821521073699086
annotated,Lavie,lavie_829.mp4,0.015157758417706616
annotated,Lavie,lavie_83.mp4,0.08317635978337651
annotated,Lavie,lavie_830.mp4,0.05236048975747586
annotated,Lavie,lavie_831.mp4,0.06670885330821756
annotated,Lavie,lavie_832.mp4,0.05094772780786437
annotated,Lavie,lavie_833.mp4,0.013730280197786673
annotated,Lavie,lavie_834.mp4,0.08239639745702848
annotated,Lavie,lavie_835.mp4,0.1160083588415352
annotated,Lavie,lavie_836.mp4,0.059321285613374145
annotated,Lavie,lavie_837.mp4,0.003929244172356958
annotated,Lavie,lavie_838.mp4,0.04526724746880151
annotated,Lavie,lavie_839.mp4,0.01896927242759595
annotated,Lavie,lavie_84.mp4,0.09200612196844832
annotated,Lavie,lavie_840.mp4,0.061469861078408294
annotated,Lavie,lavie_841.mp4,0.062426418648457736
annotated,Lavie,lavie_842.mp4,0.12613315281375087
annotated,Lavie,lavie_843.mp4,0.38416823640216624
annotated,Lavie,lavie_844.mp4,0.218360018836826
annotated,Lavie,lavie_845.mp4,0.06935778196373911
annotated,Lavie,lavie_846.mp4,0.3972804332469979
annotated,Lavie,lavie_847.mp4,0.05742288674358371
annotated,Lavie,lavie_848.mp4,0.004002825523899223
annotated,Lavie,lavie_849.mp4,0.0024870496821285614
annotated,Lavie,lavie_85.mp4,0.08801801271485754
annotated,Lavie,lavie_850.mp4,0.0009418412997409936
annotated,Lavie,lavie_851.mp4,0.0052095596891923715
annotated,Lavie,lavie_852.mp4,0.003384742170944196
annotated,Lavie,lavie_853.mp4,0.0018542500588650812
annotated,Lavie,lavie_854.mp4,0.04092594772780786
annotated,Lavie,lavie_855.mp4,0.013774429008712032
annotated,Lavie,lavie_856.mp4,0.020072992700729927
annotated,Lavie,lavie_857.mp4,0.009595008241111373
annotated,Lavie,lavie_858.mp4,0.00525370850011773
annotated,Lavie,lavie_859.mp4,0.005901224393689663
annotated,Lavie,lavie_86.mp4,0.1115640452083824
annotated,Lavie,lavie_860.mp4,0.002339886979044031
annotated,Lavie,lavie_861.mp4,0.0015599246526960208
annotated,Lavie,lavie_862.mp4,0.022677772545326113
annotated,Lavie,lavie_863.mp4,0.006445726395102425
annotated,Lavie,lavie_864.mp4,0.028976336237344007
annotated,Lavie,lavie_865.mp4,0.002928537791382152
annotated,Lavie,lavie_866.mp4,0.04016070167176831
annotated,Lavie,lavie_867.mp4,0.024325994819872854
annotated,Lavie,lavie_868.mp4,0.16339474923475394
annotated,Lavie,lavie_869.mp4,0.0060778196373911
annotated,Lavie,lavie_87.mp4,0.02278078643748528
annotated,Lavie,lavie_870.mp4,0.004797504120555686
annotated,Lavie,lavie_871.mp4,0.0013391805980692254
annotated,Lavie,lavie_872.mp4,0.0036496350364963502
annotated,Lavie,lavie_873.mp4,0.01006592889098187
annotated,Lavie,lavie_874.mp4,0.0038262302801977868
annotated,Lavie,lavie_875.mp4,0.002266305627501766
annotated,Lavie,lavie_876.mp4,0.002766658817989169
annotated,Lavie,lavie_877.mp4,0.007402283965151872
annotated,Lavie,lavie_878.mp4,0.0013244643277607723
annotated,Lavie,lavie_879.mp4,0.18966329173534258
annotated,Lavie,lavie_88.mp4,0.24873440075347306
annotated,Lavie,lavie_880.mp4,0.017571226748292913
annotated,Lavie,lavie_881.mp4,0.003517188603720273
annotated,Lavie,lavie_882.mp4,0.0003531904874028726
annotated,Lavie,lavie_883.mp4,0.003943960442665411
annotated,Lavie,lavie_884.mp4,0.017276901342123854
annotated,Lavie,lavie_885.mp4,0.04226512832587709
annotated,Lavie,lavie_886.mp4,0.005312573581351542
annotated,Lavie,lavie_887.mp4,0.050874146456322114
annotated,Lavie,lavie_888.mp4,0.007196256180833529
annotated,Lavie,lavie_889.mp4,0.007255121262067342
annotated,Lavie,lavie_89.mp4,0.07442017894984695
annotated,Lavie,lavie_890.mp4,0.13594890510948904
annotated,Lavie,lavie_891.mp4,0.07131504591476337
annotated,Lavie,lavie_892.mp4,0.017365198963974572
annotated,Lavie,lavie_893.mp4,0.05418530727572404
annotated,Lavie,lavie_894.mp4,0.01974923475394396
annotated,Lavie,lavie_895.mp4,0.003855662820814693
annotated,Lavie,lavie_896.mp4,0.035392630091829524
annotated,Lavie,lavie_897.mp4,0.010374970567459382
annotated,Lavie,lavie_898.mp4,0.032964445490934774
annotated,Lavie,lavie_899.mp4,0.004944666823640217
annotated,Lavie,lavie_9.mp4,0.0011920178949846952
annotated,Lavie,lavie_90.mp4,0.17996526960207204
annotated,Lavie,lavie_900.mp4,0.06370673416529314
annotated,Lavie,lavie_901.mp4,0.14002531198493054
annotated,Lavie,lavie_902.mp4,0.04080821756534024
annotated,Lavie,lavie_903.mp4,0.01139039321874264
annotated,Lavie,lavie_904.mp4,0.09174122910289616
annotated,Lavie,lavie_905.mp4,0.029138215210736992
annotated,Lavie,lavie_906.mp4,0.004444313633152814
annotated,Lavie,lavie_907.mp4,0.00797621850718154
annotated,Lavie,lavie_908.mp4,0.05537732517070873
annotated,Lavie,lavie_909.mp4,0.035966564633859194
annotated,Lavie,lavie_91.mp4,0.02344301860136567
annotated,Lavie,lavie_910.mp4,0.0004562043795620438
annotated,Lavie,lavie_911.mp4,0.01598186955497999
annotated,Lavie,lavie_912.mp4,0.004900518012714857
annotated,Lavie,lavie_913.mp4,0.027504709206498702
annotated,Lavie,lavie_914.mp4,0.1287967977395809
annotated,Lavie,lavie_915.mp4,0.006651754179420768
annotated,Lavie,lavie_916.mp4,0.01921944902283965
annotated,Lavie,lavie_917.mp4,0.011876030138921592
annotated,Lavie,lavie_918.mp4,0.022089121732987993
annotated,Lavie,lavie_919.mp4,0.02353131622321639
annotated,Lavie,lavie_92.mp4,0.040469743348245824
annotated,Lavie,lavie_920.mp4,0.0853396515187191
annotated,Lavie,lavie_921.mp4,0.047268660230751124
annotated,Lavie,lavie_922.mp4,0.011302095596891923
annotated,Lavie,lavie_923.mp4,0.00111843654344243
annotated,Lavie,lavie_924.mp4,0.002634212385213092
annotated,Lavie,lavie_925.mp4,0.00909465505062397
annotated,Lavie,lavie_926.mp4,0.018218742641864846
annotated,Lavie,lavie_927.mp4,0.014260065928890982
annotated,Lavie,lavie_928.mp4,0.0612785495643984
annotated,Lavie,lavie_929.mp4,0.09826053684954085
annotated,Lavie,lavie_93.mp4,0.039130562750176595
annotated,Lavie,lavie_930.mp4,0.022486461031316223
annotated,Lavie,lavie_931.mp4,0.00890334353661408
annotated,Lavie,lavie_932.mp4,0.01843948669649164
annotated,Lavie,lavie_933.mp4,0.022339298328231692
annotated,Lavie,lavie_934.mp4,0.021014834000470918
annotated,Lavie,lavie_935.mp4,0.0020602778431834234
annotated,Lavie,lavie_936.mp4,0.08360313162232164
annotated,Lavie,lavie_937.mp4,0.022677772545326113
annotated,Lavie,lavie_938.mp4,0.012111490463856841
annotated,Lavie,lavie_939.mp4,0.012405815870025901
annotated,Lavie,lavie_94.mp4,0.039380739345420294
annotated,Lavie,lavie_940.mp4,0.13733223451848364
annotated,Lavie,lavie_941.mp4,0.010831174947021427
annotated,Lavie,lavie_942.mp4,0.018998704968212855
annotated,Lavie,lavie_943.mp4,0.06672356957852603
annotated,Lavie,lavie_944.mp4,0.01137567694843419
annotated,Lavie,lavie_945.mp4,0.010566282081469272
annotated,Lavie,lavie_946.mp4,0.010036496350364963
annotated,Lavie,lavie_947.mp4,0.04214739816340946
annotated,Lavie,lavie_948.mp4,0.002398752060277843
annotated,Lavie,lavie_949.mp4,0.004385448551919002
annotated,Lavie,lavie_95.mp4,0.02019072286319755
annotated,Lavie,lavie_950.mp4,0.03749705674593831
annotated,Lavie,lavie_951.mp4,0.10001177301624675
annotated,Lavie,lavie_952.mp4,0.017836119613845066
annotated,Lavie,lavie_953.mp4,0.014480809983517778
annotated,Lavie,lavie_954.mp4,0.03526018365905345
annotated,Lavie,lavie_955.mp4,0.012185071815399105
annotated,Lavie,lavie_956.mp4,0.005548033906286791
annotated,Lavie,lavie_957.mp4,0.06258829762185072
annotated,Lavie,lavie_958.mp4,0.012920885330821757
annotated,Lavie,lavie_959.mp4,0.0060042382858488345
annotated,Lavie,lavie_96.mp4,0.1638803861549329
annotated,Lavie,lavie_960.mp4,0.06536967271014835
annotated,Lavie,lavie_961.mp4,0.026312691311514008
annotated,Lavie,lavie_962.mp4,0.020440899458441256
annotated,Lavie,lavie_963.mp4,0.12473510713444784
annotated,Lavie,lavie_964.mp4,0.181230868848599
annotated,Lavie,lavie_965.mp4,0.029932893807393456
annotated,Lavie,lavie_966.mp4,0.01318577819637391
annotated,Lavie,lavie_967.mp4,0.010168942783141042
annotated,Lavie,lavie_968.mp4,0.01634977631269131
annotated,Lavie,lavie_969.mp4,0.020749941134918765
annotated,Lavie,lavie_97.mp4,0.010875323757946784
annotated,Lavie,lavie_970.mp4,0.10333765010595715
annotated,Lavie,lavie_971.mp4,0.0333029197080292
annotated,Lavie,lavie_972.mp4,0.017674240640452085
annotated,Lavie,lavie_973.mp4,0.22763126913115142
annotated,Lavie,lavie_974.mp4,0.024340711090181304
annotated,Lavie,lavie_975.mp4,0.04985872380503885
annotated,Lavie,lavie_976.mp4,0.006872498234047564
annotated,Lavie,lavie_977.mp4,0.007520014127619497
annotated,Lavie,lavie_978.mp4,0.006210266070167177
annotated,Lavie,lavie_979.mp4,0.003296444549093478
annotated,Lavie,lavie_98.mp4,0.06014539675064751
annotated,Lavie,lavie_980.mp4,0.014583823875676949
annotated,Lavie,lavie_981.mp4,0.004782787850247233
annotated,Lavie,lavie_982.mp4,0.011979044031080764
annotated,Lavie,lavie_983.mp4,0.03779138215210737
annotated,Lavie,lavie_984.mp4,0.02616552860842948
annotated,Lavie,lavie_985.mp4,0.03293501295031787
annotated,Lavie,lavie_986.mp4,0.11307982105015305
annotated,Lavie,lavie_987.mp4,0.0010742877325170708
annotated,Lavie,lavie_988.mp4,0.0040175417942076765
annotated,Lavie,lavie_989.mp4,0.008844478455380268
annotated,Lavie,lavie_99.mp4,0.10508888627266305
annotated,Lavie,lavie_990.mp4,0.0019572639510242523
annotated,Lavie,lavie_991.mp4,0.005327289851659995
annotated,Lavie,lavie_992.mp4,0.008005651047798445
annotated,Lavie,lavie_993.mp4,0.07411113727336943
annotated,Lavie,lavie_994.mp4,0.04566458676712974
annotated,Lavie,lavie_995.mp4,0.020087708971038377
annotated,Lavie,lavie_996.mp4,0.024532022604191194
annotated,Lavie,lavie_997.mp4,0.02335472097951495
annotated,Lavie,lavie_998.mp4,0.13215210736990818
annotated,Lavie,lavie_999.mp4,0.08904815163644926
annotated,ModelScope,modelscope_1.mp4,0.04408994584412526
annotated,ModelScope,modelscope_10.mp4,0.004797504120555686
annotated,ModelScope,modelscope_100.mp4,0.006519307746644691
annotated,ModelScope,modelscope_101.mp4,0.02981516364492583
annotated,ModelScope,modelscope_102.mp4,0.11481634094655051
annotated,ModelScope,modelscope_103.mp4,0.03318518954556157
annotated,ModelScope,modelscope_104.mp4,0.5396014834000471
annotated,ModelScope,modelscope_105.mp4,0.05511243230515658
annotated,ModelScope,modelscope_106.mp4,0.008976924888156346
annotated,ModelScope,modelscope_107.mp4,0.15980397927949141
annotated,ModelScope,modelscope_108.mp4,0.8120585118907464
annotated,ModelScope,modelscope_109.mp4,0.09343360018836826
annotated,ModelScope,modelscope_11.mp4,0.017291617612432305
annotated,ModelScope,modelscope_110.mp4,0.10988639039321874
annotated,ModelScope,modelscope_111.mp4,0.17491758888627265
annotated,ModelScope,modelscope_112.mp4,0.41726512832587703
annotated,ModelScope,modelscope_113.mp4,0.023281139627972687
annotated,ModelScope,modelscope_114.mp4,0.06744466682364021
annotated,ModelScope,modelscope_115.mp4,0.13121026607016717
annotated,ModelScope,modelscope_116.mp4,0.16885448551919002
annotated,ModelScope,modelscope_117.mp4,0.023133976924888156
annotated,ModelScope,modelscope_118.mp4,0.23257593595479162
annotated,ModelScope,modelscope_119.mp4,0.2977984459618554
annotated,ModelScope,modelscope_12.mp4,0.006725335530963033
annotated,ModelScope,modelscope_120.mp4,0.31261773016246763
annotated,ModelScope,modelscope_121.mp4,0.15711090181304452
annotated,ModelScope,modelscope_122.mp4,0.2431422180362609
annotated,ModelScope,modelscope_123.mp4,0.07834942312220392
annotated,ModelScope,modelscope_124.mp4,0.014848716741229104
annotated,ModelScope,modelscope_125.mp4,0.21363609606781256
annotated,ModelScope,modelscope_126.mp4,0.2830527431127855
annotated,ModelScope,modelscope_127.mp4,0.19412232163880386
annotated,ModelScope,modelscope_128.mp4,0.4258152813750883
annotated,ModelScope,modelscope_129.mp4,0.25907993878031554
annotated,ModelScope,modelscope_13.mp4,0.023016246762420534
annotated,ModelScope,modelscope_130.mp4,0.4675947727807864
annotated,ModelScope,modelscope_131.mp4,0.09622969154697433
annotated,ModelScope,modelscope_132.mp4,0.2540469743348246
annotated,ModelScope,modelscope_133.mp4,0.11871615257829056
annotated,ModelScope,modelscope_134.mp4,0.09063750882976218
annotated,ModelScope,modelscope_135.mp4,0.2806687073228161
annotated,ModelScope,modelscope_136.mp4,0.2885566282081469
annotated,ModelScope,modelscope_137.mp4,0.011611137273369437
annotated,ModelScope,modelscope_138.mp4,0.015746409230044736
annotated,ModelScope,modelscope_139.mp4,0.04707734871674123
annotated,ModelScope,modelscope_14.mp4,0.30684895220155406
annotated,ModelScope,modelscope_140.mp4,0.02957970331999058
annotated,ModelScope,modelscope_141.mp4,0.2591829526724747
annotated,ModelScope,modelscope_142.mp4,0.054406051330350834
annotated,ModelScope,modelscope_143.mp4,0.32255121262067343
annotated,ModelScope,modelscope_144.mp4,0.18096597598304687
annotated,ModelScope,modelscope_145.mp4,0.016423357664233577
annotated,ModelScope,modelscope_146.mp4,0.6927537085001176
annotated,ModelScope,modelscope_147.mp4,0.30487697198022135
annotated,ModelScope,modelscope_148.mp4,0.003914527902048505
annotated,ModelScope,modelscope_149.mp4,0.004061690605133035
annotated,ModelScope,modelscope_15.mp4,0.002369319519660937
annotated,ModelScope,modelscope_150.mp4,0.010713444784553803
annotated,ModelScope,modelscope_151.mp4,0.010787026136096068
annotated,ModelScope,modelscope_152.mp4,0.008299976453967507
annotated,ModelScope,modelscope_153.mp4,0.007122674829291265
annotated,ModelScope,modelscope_154.mp4,0.41280609842241583
annotated,ModelScope,modelscope_155.mp4,0.02130915940663998
annotated,ModelScope,modelscope_156.mp4,0.011655286084294796
annotated,ModelScope,modelscope_157.mp4,0.004429597362844361
annotated,ModelScope,modelscope_158.mp4,0.014024605603955735
annotated,ModelScope,modelscope_159.mp4,0.011051919001648222
annotated,ModelScope,modelscope_16.mp4,0.00938898045679303
annotated,ModelScope,modelscope_160.mp4,0.004149988226983753
annotated,ModelScope,modelscope_161.mp4,0.00559218271721215
annotated,ModelScope,modelscope_162.mp4,0.0049593830939486695
annotated,ModelScope,modelscope_163.mp4,0.011566988462444078
annotated,ModelScope,modelscope_164.mp4,0.014539675064751591
annotated,ModelScope,modelscope_165.mp4,0.0012508829762185071
annotated,ModelScope,modelscope_166.mp4,0.023913939251236166
annotated,ModelScope,modelscope_167.mp4,0.08117494702142689
annotated,ModelScope,modelscope_168.mp4,0.16280609842241583
annotated,ModelScope,modelscope_169.mp4,0.0038262302801977863
annotated,ModelScope,modelscope_17.mp4,0.1439839886979044
annotated,ModelScope,modelscope_170.mp4,0.001618789733929833
annotated,ModelScope,modelscope_171.mp4,0.004812220390864139
annotated,ModelScope,modelscope_172.mp4,0.006666470449729221
annotated,ModelScope,modelscope_173.mp4,0.006357428773251707
annotated,ModelScope,modelscope_174.mp4,0.003590769955262538
annotated,ModelScope,modelscope_175.mp4,0.0030315516835413233
annotated,ModelScope,modelscope_176.mp4,0.00428243465975983
annotated,ModelScope,modelscope_177.mp4,0.07539145279020486
annotated,ModelScope,modelscope_178.mp4,0.06054273604897575
annotated,ModelScope,modelscope_179.mp4,0.27403166941370377
annotated,ModelScope,modelscope_18.mp4,0.004753355309630327
annotated,ModelScope,modelscope_180.mp4,0.25938898045679304
annotated,ModelScope,modelscope_181.mp4,0.28573110430892396
annotated,ModelScope,modelscope_182.mp4,0.025841770661643514
annotated,ModelScope,modelscope_183.mp4,0.07630386154932894
annotated,ModelScope,modelscope_184.mp4,0.00871203202260419
annotated,ModelScope,modelscope_185.mp4,0.025709324228867434
annotated,ModelScope,modelscope_186.mp4,0.01565811160819402
annotated,ModelScope,modelscope_187.mp4,0.07547975041205557
annotated,ModelScope,modelscope_188.mp4,0.010654579703319992
annotated,ModelScope,modelscope_189.mp4,0.2088385919472569
annotated,ModelScope,modelscope_19.mp4,0.017350482693666118
annotated,ModelScope,modelscope_190.mp4,0.03493642571226748
annotated,ModelScope,modelscope_191.mp4,0.06045443842712503
annotated,ModelScope,modelscope_192.mp4,0.049431951966093714
annotated,ModelScope,modelscope_193.mp4,0.029108782670120084
annotated,ModelScope,modelscope_194.mp4,0.11224099364257123
annotated,ModelScope,modelscope_195.mp4,0.01707087355780551
annotated,ModelScope,modelscope_196.mp4,0.052375206027784324
annotated,ModelScope,modelscope_197.mp4,0.48401813044502
annotated,ModelScope,modelscope_198.mp4,0.10199846950788792
annotated,ModelScope,modelscope_199.mp4,0.045296680009418416
annotated,ModelScope,modelscope_2.mp4,0.012803155168354133
annotated,ModelScope,modelscope_20.mp4,0.0042088533082175646
annotated,ModelScope,modelscope_200.mp4,0.030506828349423122
annotated,ModelScope,modelscope_201.mp4,0.012126206734165293
annotated,ModelScope,modelscope_202.mp4,0.02160348481280904
annotated,ModelScope,modelscope_203.mp4,0.01861608194019308
annotated,ModelScope,modelscope_204.mp4,0.06894572639510242
annotated,ModelScope,modelscope_205.mp4,0.009830468566046621
annotated,ModelScope,modelscope_206.mp4,0.10557452319284201
annotated,ModelScope,modelscope_207.mp4,0.015290204850482693
annotated,ModelScope,modelscope_208.mp4,0.07581822462914999
annotated,ModelScope,modelscope_209.mp4,0.010772309865787614
annotated,ModelScope,modelscope_21.mp4,0.03562809041676478
annotated,ModelScope,modelscope_210.mp4,0.004738639039321875
annotated,ModelScope,modelscope_211.mp4,0.017350482693666118
annotated,ModelScope,modelscope_212.mp4,0.05837944431363316
annotated,ModelScope,modelscope_213.mp4,0.03709971744761008
annotated,ModelScope,modelscope_214.mp4,0.0069019307746644686
annotated,ModelScope,modelscope_215.mp4,0.07861431598775606
annotated,ModelScope,modelscope_216.mp4,0.19894925829997645
annotated,ModelScope,modelscope_217.mp4,0.05159524370143631
annotated,ModelScope,modelscope_218.mp4,0.06885742877325171
annotated,ModelScope,modelscope_219.mp4,0.054155874735107135
annotated,ModelScope,modelscope_22.mp4,0.33199905815870023
annotated,ModelScope,modelscope_220.mp4,0.09883447139157052
annotated,ModelScope,modelscope_221.mp4,0.10494172356957852
annotated,ModelScope,modelscope_222.mp4,0.2421267953849776
annotated,ModelScope,modelscope_223.mp4,0.012302801977866729
annotated,ModelScope,modelscope_224.mp4,0.054038144572639515
annotated,ModelScope,modelscope_225.mp4,0.04900518012714857
annotated,ModelScope,modelscope_226.mp4,0.10037967977395808
annotated,ModelScope,modelscope_227.mp4,0.07484695078879208
annotated,ModelScope,modelscope_228.mp4,0.14960560395573347
annotated,ModelScope,modelscope_229.mp4,0.20646927242759597
annotated,ModelScope,modelscope_23.mp4,0.11269719802213327
annotated,ModelScope,modelscope_230.mp4,0.018601365669884625
annotated,ModelScope,modelscope_231.mp4,0.02489992936190252
annotated,ModelScope,modelscope_232.mp4,0.04092594772780786
annotated,ModelScope,modelscope_233.mp4,0.0040175417942076765
annotated,ModelScope,modelscope_234.mp4,0.08441252648928656
annotated,ModelScope,modelscope_235.mp4,0.10672239227690133
annotated,ModelScope,modelscope_236.mp4,0.06551683541323287
annotated,ModelScope,modelscope_237.mp4,0.06020426183188133
annotated,ModelScope,modelscope_238.mp4,0.02148575465034142
annotated,ModelScope,modelscope_239.mp4,0.027593006828349424
annotated,ModelScope,modelscope_24.mp4,0.059939368966329176
annotated,ModelScope,modelscope_240.mp4,0.12195373204615022
annotated,ModelScope,modelscope_241.mp4,0.04539969390157758
annotated,ModelScope,modelscope_242.mp4,0.14549976453967506
annotated,ModelScope,modelscope_243.mp4,0.013141629385448553
annotated,ModelScope,modelscope_244.mp4,0.03074228867435837
annotated,ModelScope,modelscope_245.mp4,0.011846597598304686
annotated,ModelScope,modelscope_246.mp4,0.025856486931951965
annotated,ModelScope,modelscope_247.mp4,0.05982163880386155
annotated,ModelScope,modelscope_248.mp4,0.026136096067812573
annotated,ModelScope,modelscope_249.mp4,0.0945814692724276
annotated,ModelScope,modelscope_25.mp4,0.05779079350129503
annotated,ModelScope,modelscope_250.mp4,0.06832764304214739
annotated,ModelScope,modelscope_251.mp4,0.04569401930774664
annotated,ModelScope,modelscope_252.mp4,0.07805509771603486
annotated,ModelScope,modelscope_253.mp4,0.0333323522486461
annotated,ModelScope,modelscope_254.mp4,0.40737579467859664
annotated,ModelScope,modelscope_255.mp4,0.07024075818224629
annotated,ModelScope,modelscope_256.mp4,0.008241111372733693
annotated,ModelScope,modelscope_257.mp4,0.010728161054862255
annotated,ModelScope,modelscope_258.mp4,0.05949788085707558
annotated,ModelScope,modelscope_259.mp4,0.02247174476100777
annotated,ModelScope,modelscope_26.mp4,0.0457087355780551
annotated,ModelScope,modelscope_260.mp4,0.024443724982340476
annotated,ModelScope,modelscope_261.mp4,0.10954791617612433
annotated,ModelScope,modelscope_262.mp4,0.04245643983988698
annotated,ModelScope,modelscope_263.mp4,0.3673475394396044
annotated,ModelScope,modelscope_264.mp4,0.04794560866493995
annotated,ModelScope,modelscope_265.mp4,0.02622439368966329
annotated,ModelScope,modelscope_266.mp4,0.11990817047327526
annotated,ModelScope,modelscope_267.mp4,0.07411113727336943
annotated,ModelScope,modelscope_268.mp4,0.007063809748057453
annotated,ModelScope,modelscope_269.mp4,0.08036555215446196
annotated,ModelScope,modelscope_27.mp4,0.022869084059336
annotated,ModelScope,modelscope_270.mp4,0.042000235460324935
annotated,ModelScope,modelscope_271.mp4,0.03684954085236637
annotated,ModelScope,modelscope_272.mp4,0.009992347539439603
annotated,ModelScope,modelscope_273.mp4,0.04320696962561808
annotated,ModelScope,modelscope_274.mp4,0.01299446668236402
annotated,ModelScope,modelscope_275.mp4,0.035392630091829524
annotated,ModelScope,modelscope_276.mp4,0.0035024723334118203
annotated,ModelScope,modelscope_277.mp4,0.006475158935719331
annotated,ModelScope,modelscope_278.mp4,0.032302213327054394
annotated,ModelScope,modelscope_279.mp4,0.006063103367082647
annotated,ModelScope,modelscope_28.mp4,0.029123498940428538
annotated,ModelScope,modelscope_280.mp4,0.012626559924652697
annotated,ModelScope,modelscope_281.mp4,0.1167000235460325
annotated,ModelScope,modelscope_282.mp4,0.01939604426654109
annotated,ModelScope,modelscope_283.mp4,0.03686425712267483
annotated,ModelScope,modelscope_284.mp4,0.14249764539675064
annotated,ModelScope,modelscope_285.mp4,0.0979956439839887
annotated,ModelScope,modelscope_286.mp4,0.1258829762185072
annotated,ModelScope,modelscope_287.mp4,0.15527136802448788
annotated,ModelScope,modelscope_288.mp4,0.07942371085472097
annotated,ModelScope,modelscope_289.mp4,0.017173887449964682
annotated,ModelScope,modelscope_29.mp4,0.010036496350364963
annotated,ModelScope,modelscope_290.mp4,0.07383152813750883
annotated,ModelScope,modelscope_291.mp4,0.0350247233341182
annotated,ModelScope,modelscope_292.mp4,0.1310778196373911
annotated,ModelScope,modelscope_293.mp4,0.15029726866023074
annotated,ModelScope,modelscope_294.mp4,0.08803272898516601
annotated,ModelScope,modelscope_295.mp4,0.14739816340946552
annotated,ModelScope,modelscope_296.mp4,0.12098245820579231
annotated,ModelScope,modelscope_297.mp4,0.11699434895220157
annotated,ModelScope,modelscope_298.mp4,0.06912232163880386
annotated,ModelScope,modelscope_299.mp4,0.012920885330821755
annotated,ModelScope,modelscope_3.mp4,0.02453202260419119
annotated,ModelScope,modelscope_30.mp4,0.007137391099599717
annotated,ModelScope,modelscope_300.mp4,0.08489816340946552
annotated,ModelScope,modelscope_301.mp4,0.09412526489286555
annotated,ModelScope,modelscope_302.mp4,0.03269955262538262
annotated,ModelScope,modelscope_303.mp4,0.268483635507417
annotated,ModelScope,modelscope_304.mp4,0.27704850482693666
annotated,ModelScope,modelscope_305.mp4,0.4280815870025901
annotated,ModelScope,modelscope_306.mp4,0.05954202966800094
annotated,ModelScope,modelscope_307.mp4,0.023766776548151635
annotated,ModelScope,modelscope_308.mp4,0.5448551919001648
annotated,ModelScope,modelscope_309.mp4,0.08875382623028019
annotated,ModelScope,modelscope_31.mp4,0.012582411113727337
annotated,ModelScope,modelscope_310.mp4,0.02766658817989169
annotated,ModelScope,modelscope_311.mp4,0.36561101954320696
annotated,ModelScope,modelscope_312.mp4,0.25114786908405934
annotated,ModelScope,modelscope_313.mp4,0.03035966564633859
annotated,ModelScope,modelscope_314.mp4,0.04108782670120085
annotated,ModelScope,modelscope_315.mp4,0.043692606545797034
annotated,ModelScope,modelscope_316.mp4,0.0663262302801978
annotated,ModelScope,modelscope_317.mp4,0.07474393689663292
annotated,ModelScope,modelscope_318.mp4,0.04070520367318107
annotated,ModelScope,modelscope_319.mp4,0.056937249823404756
annotated,ModelScope,modelscope_32.mp4,0.05612785495643984
annotated,ModelScope,modelscope_320.mp4,0.10722274546738875
annotated,ModelScope,modelscope_321.mp4,0.3082911466917825
annotated,ModelScope,modelscope_322.mp4,0.015378502472333412
annotated,ModelScope,modelscope_323.mp4,0.0685189545561573
annotated,ModelScope,modelscope_324.mp4,0.0075935954791617605
annotated,ModelScope,modelscope_325.mp4,0.024193548387096774
annotated,ModelScope,modelscope_326.mp4,0.4412526489286555
annotated,ModelScope,modelscope_327.mp4,0.07384624440781729
annotated,ModelScope,modelscope_328.mp4,0.06871026607016717
annotated,ModelScope,modelscope_329.mp4,0.019719802213327052
annotated,ModelScope,modelscope_33.mp4,0.01177301624676242
annotated,ModelScope,modelscope_330.mp4,0.1805833529550271
annotated,ModelScope,modelscope_331.mp4,0.053773251707087355
annotated,ModelScope,modelscope_332.mp4,0.012317518248175181
annotated,ModelScope,modelscope_333.mp4,0.2302654815163645
annotated,ModelScope,modelscope_334.mp4,0.22888215210736992
annotated,ModelScope,modelscope_335.mp4,0.2585354367789027
annotated,ModelScope,modelscope_336.mp4,0.05296385684012244
annotated,ModelScope,modelscope_337.mp4,0.13472745467388744
annotated,ModelScope,modelscope_338.mp4,0.009491994348952202
annotated,ModelScope,modelscope_339.mp4,0.09496409230044738
annotated,ModelScope,modelscope_34.mp4,0.009212385213091593
annotated,ModelScope,modelscope_340.mp4,0.21971391570520368
annotated,ModelScope,modelscope_341.mp4,0.31495761714151166
annotated,ModelScope,modelscope_342.mp4,0.07134447845538026
annotated,ModelScope,modelscope_343.mp4,0.07592123852130916
annotated,ModelScope,modelscope_344.mp4,0.11664115846479868
annotated,ModelScope,modelscope_345.mp4,0.23604897574758654
annotated,ModelScope,modelscope_346.mp4,0.11144631504591476
annotated,ModelScope,modelscope_347.mp4,0.042309277136802444
annotated,ModelScope,modelscope_348.mp4,0.008491287967977396
annotated,ModelScope,modelscope_349.mp4,0.017379915234283023
annotated,ModelScope,modelscope_35.mp4,0.01375971273840358
annotated,ModelScope,modelscope_350.mp4,0.0972451141982576
annotated,ModelScope,modelscope_351.mp4,0.025164822227454677
annotated,ModelScope,modelscope_352.mp4,0.01668825052978573
annotated,ModelScope,modelscope_353.mp4,0.00934483164586767
annotated,ModelScope,modelscope_354.mp4,0.024193548387096774
annotated,ModelScope,modelscope_355.mp4,0.0056510477984459614
annotated,ModelScope,modelscope_356.mp4,0.0037820814692724274
annotated,ModelScope,modelscope_357.mp4,0.02105898281139628
annotated,ModelScope,modelscope_358.mp4,0.2047621850718154
annotated,ModelScope,modelscope_359.mp4,0.03372969154697433
annotated,ModelScope,modelscope_36.mp4,0.008152813750882976
annotated,ModelScope,modelscope_360.mp4,0.05790852366376265
annotated,ModelScope,modelscope_361.mp4,0.03879208853308218
annotated,ModelScope,modelscope_362.mp4,0.04428125735813515
annotated,ModelScope,modelscope_363.mp4,0.013995173063338829
annotated,ModelScope,modelscope_364.mp4,0.19104662114433718
annotated,ModelScope,modelscope_365.mp4,0.05038850953614316
annotated,ModelScope,modelscope_366.mp4,0.20869142924417233
annotated,ModelScope,modelscope_367.mp4,0.052434071109018134
annotated,ModelScope,modelscope_368.mp4,0.03274370143630798
annotated,ModelScope,modelscope_369.mp4,0.007902637155639275
annotated,ModelScope,modelscope_37.mp4,0.003958676712973864
annotated,ModelScope,modelscope_370.mp4,0.023899222980927712
annotated,ModelScope,modelscope_371.mp4,0.010345538026842478
annotated,ModelScope,modelscope_372.mp4,0.008785613374146456
annotated,ModelScope,modelscope_373.mp4,0.03219919943489522
annotated,ModelScope,modelscope_374.mp4,0.021853661408052744
annotated,ModelScope,modelscope_375.mp4,0.06018954556157287
annotated,ModelScope,modelscope_376.mp4,0.025311984930539204
annotated,ModelScope,modelscope_377.mp4,0.01630562750176595
annotated,ModelScope,modelscope_378.mp4,0.018880974805745233
annotated,ModelScope,modelscope_379.mp4,0.44559394866964913
annotated,ModelScope,modelscope_38.mp4,0.01449552625382623
annotated,ModelScope,modelscope_380.mp4,0.012229220626324465
annotated,ModelScope,modelscope_381.mp4,0.01615846479868142
annotated,ModelScope,modelscope_382.mp4,0.01109606781257358
annotated,ModelScope,modelscope_383.mp4,0.07877619496114904
annotated,ModelScope,modelscope_384.mp4,0.015334353661408052
annotated,ModelScope,modelscope_385.mp4,0.2851571697668943
annotated,ModelScope,modelscope_386.mp4,0.059321285613374145
annotated,ModelScope,modelscope_387.mp4,0.19322462914998823
annotated,ModelScope,modelscope_388.mp4,0.054126442194490226
annotated,ModelScope,modelscope_389.mp4,0.0024281846008947492
annotated,ModelScope,modelscope_39.mp4,0.003281728278785025
annotated,ModelScope,modelscope_390.mp4,0.08453025665175418
annotated,ModelScope,modelscope_391.mp4,0.10788497763126913
annotated,ModelScope,modelscope_392.mp4,0.17990640452083823
annotated,ModelScope,modelscope_393.mp4,0.11511066635271956
annotated,ModelScope,modelscope_394.mp4,0.08174888156345655
annotated,ModelScope,modelscope_395.mp4,0.02051448080998352
annotated,ModelScope,modelscope_396.mp4,0.11608194019307747
annotated,ModelScope,modelscope_397.mp4,0.059071109018130445
annotated,ModelScope,modelscope_398.mp4,0.03102189781021898
annotated,ModelScope,modelscope_399.mp4,0.05506828349423122
annotated,ModelScope,modelscope_4.mp4,0.02073522486461031
annotated,ModelScope,modelscope_40.mp4,0.010036496350364963
annotated,ModelScope,modelscope_400.mp4,0.0029874028726159644
annotated,ModelScope,modelscope_401.mp4,0.013215210736990817
annotated,ModelScope,modelscope_402.mp4,0.00559218271721215
annotated,ModelScope,modelscope_403.mp4,0.10292559453732046
annotated,ModelScope,modelscope_404.mp4,0.0066517541794207675
annotated,ModelScope,modelscope_405.mp4,0.008255827643042148
annotated,ModelScope,modelscope_406.mp4,0.06975512126206734
annotated,ModelScope,modelscope_407.mp4,0.013215210736990817
annotated,ModelScope,modelscope_408.mp4,0.1014098186955498
annotated,ModelScope,modelscope_409.mp4,0.038850953614315994
annotated,ModelScope,modelscope_41.mp4,0.013082764304214739
annotated,ModelScope,modelscope_410.mp4,0.0019719802213327055
annotated,ModelScope,modelscope_411.mp4,0.055848245820579234
annotated,ModelScope,modelscope_412.mp4,0.007461149046385685
annotated,ModelScope,modelscope_413.mp4,0.014009889333647281
annotated,ModelScope,modelscope_414.mp4,0.0031198493053920416
annotated,ModelScope,modelscope_415.mp4,0.006607605368495409
annotated,ModelScope,modelscope_416.mp4,0.01727690134212385
annotated,ModelScope,modelscope_417.mp4,0.03807099128796798
annotated,ModelScope,modelscope_418.mp4,0.019351895455615727
annotated,ModelScope,modelscope_419.mp4,0.004797504120555686
annotated,ModelScope,modelscope_42.mp4,0.02957970331999058
annotated,ModelScope,modelscope_420.mp4,0.0036643513068048035
annotated,ModelScope,modelscope_421.mp4,0.010021780080056511
annotated,ModelScope,modelscope_422.mp4,0.00871203202260419
annotated,ModelScope,modelscope_423.mp4,0.019925829997645396
annotated,ModelScope,modelscope_424.mp4,0.015334353661408054
annotated,ModelScope,modelscope_425.mp4,0.399752766658818
annotated,ModelScope,modelscope_426.mp4,0.018159877560631033
annotated,ModelScope,modelscope_427.mp4,0.05923298799152343
annotated,ModelScope,modelscope_428.mp4,0.17132681893101012
annotated,ModelScope,modelscope_429.mp4,0.02766658817989169
annotated,ModelScope,modelscope_43.mp4,0.01405403814457264
annotated,ModelScope,modelscope_430.mp4,0.05069755121262067
annotated,ModelScope,modelscope_431.mp4,0.03802684247704262
annotated,ModelScope,modelscope_432.mp4,0.009447845538026842
annotated,ModelScope,modelscope_433.mp4,0.09197668942783141
annotated,ModelScope,modelscope_434.mp4,0.0026489286555215446
annotated,ModelScope,modelscope_435.mp4,0.1740346126677655
annotated,ModelScope,modelscope_436.mp4,0.11356545797033199
annotated,ModelScope,modelscope_437.mp4,0.1463974570284907
annotated,ModelScope,modelscope_438.mp4,0.08394160583941605
annotated,ModelScope,modelscope_439.mp4,0.056127854956439835
annotated,ModelScope,modelscope_44.mp4,0.008962208617847892
annotated,ModelScope,modelscope_440.mp4,0.02095596891923711
annotated,ModelScope,modelscope_441.mp4,0.01167000235460325
annotated,ModelScope,modelscope_442.mp4,0.03417117965622793
annotated,ModelScope,modelscope_443.mp4,0.17522663056275017
annotated,ModelScope,modelscope_444.mp4,0.19463739109959974
annotated,ModelScope,modelscope_445.mp4,0.0727130915940664
annotated,ModelScope,modelscope_446.mp4,0.3854632681893101
annotated,ModelScope,modelscope_447.mp4,0.14052566517541795
annotated,ModelScope,modelscope_448.mp4,0.37601542265128324
annotated,ModelScope,modelscope_449.mp4,0.09731869554979986
annotated,ModelScope,modelscope_45.mp4,0.12514716270308454
annotated,ModelScope,modelscope_450.mp4,0.3459059336001884
annotated,ModelScope,modelscope_451.mp4,0.017821403343536615
annotated,ModelScope,modelscope_452.mp4,0.44238580174240644
annotated,ModelScope,modelscope_453.mp4,0.10837061455144807
annotated,ModelScope,modelscope_454.mp4,0.0060042382858488345
annotated,ModelScope,modelscope_455.mp4,0.022162703084530257
annotated,ModelScope,modelscope_456.mp4,0.002266305627501766
annotated,ModelScope,modelscope_457.mp4,0.10784082882034376
annotated,ModelScope,modelscope_458.mp4,0.20047975041205557
annotated,ModelScope,modelscope_459.mp4,0.16683835648693196
annotated,ModelScope,modelscope_46.mp4,0.04119084059336002
annotated,ModelScope,modelscope_460.mp4,0.0700494466682364
annotated,ModelScope,modelscope_461.mp4,0.5474011066635271
annotated,ModelScope,modelscope_462.mp4,0.14987049682128561
annotated,ModelScope,modelscope_463.mp4,0.15889157052036731
annotated,ModelScope,modelscope_464.mp4,0.054317753708500116
annotated,ModelScope,modelscope_465.mp4,0.2517512361667059
annotated,ModelScope,modelscope_466.mp4,0.29428125735813515
annotated,ModelScope,modelscope_467.mp4,0.03133093948669649
annotated,ModelScope,modelscope_468.mp4,0.021574052272192133
annotated,ModelScope,modelscope_469.mp4,0.0070049446668236405
annotated,ModelScope,modelscope_47.mp4,0.047415822933835644
annotated,ModelScope,modelscope_470.mp4,0.0007652460560395574
annotated,ModelScope,modelscope_471.mp4,0.01857193312926772
annotated,ModelScope,modelscope_472.mp4,0.026312691311514008
annotated,ModelScope,modelscope_473.mp4,0.46846303272898515
annotated,ModelScope,modelscope_474.mp4,0.022766070167176834
annotated,ModelScope,modelscope_475.mp4,0.004738639039321874
annotated,ModelScope,modelscope_476.mp4,0.01901342123852131
annotated,ModelScope,modelscope_477.mp4,0.00768189310101248
annotated,ModelScope,modelscope_478.mp4,0.0197050859430186
annotated,ModelScope,modelscope_479.mp4,0.011493407110901813
annotated,ModelScope,modelscope_48.mp4,0.009977631269131152
annotated,ModelScope,modelscope_480.mp4,0.013141629385448553
annotated,ModelScope,modelscope_481.mp4,0.20089180598069226
annotated,ModelScope,modelscope_482.mp4,0.07531787143866259
annotated,ModelScope,modelscope_483.mp4,0.013730280197786673
annotated,ModelScope,modelscope_484.mp4,0.025768189310101247
annotated,ModelScope,modelscope_485.mp4,0.04526724746880151
annotated,ModelScope,modelscope_486.mp4,0.14788380032964446
annotated,ModelScope,modelscope_487.mp4,0.412747233341182
annotated,ModelScope,modelscope_488.mp4,0.01016894278314104
annotated,ModelScope,modelscope_489.mp4,0.0077554744525547455
annotated,ModelScope,modelscope_49.mp4,0.043192253355309636
annotated,ModelScope,modelscope_490.mp4,0.05790852366376266
annotated,ModelScope,modelscope_491.mp4,0.017056157287497056
annotated,ModelScope,modelscope_492.mp4,0.01611431598775606
annotated,ModelScope,modelscope_493.mp4,0.0032522957381681183
annotated,ModelScope,modelscope_494.mp4,0.025885919472568873
annotated,ModelScope,modelscope_495.mp4,0.013597833765010597
annotated,ModelScope,modelscope_496.mp4,0.2352395808806216
annotated,ModelScope,modelscope_497.mp4,0.06110195432069696
annotated,ModelScope,modelscope_498.mp4,0.11349187661878973
annotated,ModelScope,modelscope_499.mp4,0.16373322345184835
annotated,ModelScope,modelscope_5.mp4,0.13073934542029667
annotated,ModelScope,modelscope_50.mp4,0.13774429008712033
annotated,ModelScope,modelscope_500.mp4,0.05580409700965387
annotated,ModelScope,modelscope_501.mp4,0.1449258299976454
annotated,ModelScope,modelscope_502.mp4,0.057128561337414646
annotated,ModelScope,modelscope_503.mp4,0.10305804097009655
annotated,ModelScope,modelscope_504.mp4,0.03602542971509301
annotated,ModelScope,modelscope_505.mp4,0.17805215446197314
annotated,ModelScope,modelscope_506.mp4,0.1648516599952908
annotated,ModelScope,modelscope_507.mp4,0.13996644690369672
annotated,ModelScope,modelscope_508.mp4,0.26661466917824345
annotated,ModelScope,modelscope_509.mp4,0.033317635978337645
annotated,ModelScope,modelscope_51.mp4,0.03927772545326112
annotated,ModelScope,modelscope_510.mp4,0.015098893336472803
annotated,ModelScope,modelscope_511.mp4,0.006843065693430657
annotated,ModelScope,modelscope_512.mp4,0.034274193548387094
annotated,ModelScope,modelscope_513.mp4,0.01114021662349894
annotated,ModelScope,modelscope_514.mp4,0.005562750176595244
annotated,ModelScope,modelscope_515.mp4,0.1477513538968684
annotated,ModelScope,modelscope_516.mp4,0.017747821991994348
annotated,ModelScope,modelscope_517.mp4,0.3508506004238286
annotated,ModelScope,modelscope_518.mp4,0.2523693195196609
annotated,ModelScope,modelscope_519.mp4,0.14027548858017425
annotated,ModelScope,modelscope_52.mp4,0.05356722392276902
annotated,ModelScope,modelscope_520.mp4,0.1855868848599011
annotated,ModelScope,modelscope_521.mp4,0.05461207911466918
annotated,ModelScope,modelscope_522.mp4,0.07942371085472098
annotated,ModelScope,modelscope_523.mp4,0.2425388509536143
annotated,ModelScope,modelscope_524.mp4,0.018910407346362137
annotated,ModelScope,modelscope_525.mp4,0.38830350835884153
annotated,ModelScope,modelscope_526.mp4,0.4106280904167648
annotated,ModelScope,modelscope_527.mp4,0.2903225806451613
annotated,ModelScope,modelscope_528.mp4,0.03372969154697433
annotated,ModelScope,modelscope_529.mp4,0.005047680715799388
annotated,ModelScope,modelscope_53.mp4,0.04173534259477278
annotated,ModelScope,modelscope_530.mp4,0.19496114904638567
annotated,ModelScope,modelscope_531.mp4,0.1530786437485284
annotated,ModelScope,modelscope_532.mp4,0.06261773016246763
annotated,ModelScope,modelscope_533.mp4,0.03692312220390864
annotated,ModelScope,modelscope_534.mp4,0.5541411584647987
annotated,ModelScope,modelscope_535.mp4,0.4353072757240405
annotated,ModelScope,modelscope_536.mp4,0.026886625853543678
annotated,ModelScope,modelscope_537.mp4,0.1564486696491641
annotated,ModelScope,modelscope_538.mp4,0.015319637391099601
annotated,ModelScope,modelscope_539.mp4,0.0104632681893101
annotated,ModelScope,modelscope_54.mp4,0.005238992229809277
annotated,ModelScope,modelscope_540.mp4,0.012494113491876617
annotated,ModelScope,modelscope_541.mp4,0.010904756298563693
annotated,ModelScope,modelscope_542.mp4,0.010007063809748057
annotated,ModelScope,modelscope_543.mp4,0.02032316929597363
annotated,ModelScope,modelscope_544.mp4,0.021161996703555452
annotated,ModelScope,modelscope_545.mp4,0.05573051565811161
annotated,ModelScope,modelscope_546.mp4,0.05973334118201083
annotated,ModelScope,modelscope_547.mp4,0.026636449258299978
annotated,ModelScope,modelscope_548.mp4,0.02737226277372263
annotated,ModelScope,modelscope_549.mp4,0.06086649399576172
annotated,ModelScope,modelscope_55.mp4,0.007063809748057452
annotated,ModelScope,modelscope_550.mp4,0.017365198963974572
annotated,ModelScope,modelscope_551.mp4,0.021338591947256888
annotated,ModelScope,modelscope_552.mp4,0.059321285613374145
annotated,ModelScope,modelscope_553.mp4,0.005194843418883918
annotated,ModelScope,modelscope_554.mp4,0.11219684483164587
annotated,ModelScope,modelscope_555.mp4,0.01996997880857076
annotated,ModelScope,modelscope_556.mp4,0.12445549799858724
annotated,ModelScope,modelscope_557.mp4,0.009815752295738167
annotated,ModelScope,modelscope_558.mp4,0.02485578055097716
annotated,ModelScope,modelscope_559.mp4,0.021765363786202023
annotated,ModelScope,modelscope_56.mp4,0.020970685189545563
annotated,ModelScope,modelscope_560.mp4,0.05355250765246056
annotated,ModelScope,modelscope_561.mp4,0.01415705203673181
annotated,ModelScope,modelscope_562.mp4,0.007299270072992701
annotated,ModelScope,modelscope_563.mp4,0.24147927949140569
annotated,ModelScope,modelscope_564.mp4,0.043501295031787145
annotated,ModelScope,modelscope_565.mp4,0.06664998822698376
annotated,ModelScope,modelscope_566.mp4,0.13318224629149988
annotated,ModelScope,modelscope_567.mp4,0.14470508594301862
annotated,ModelScope,modelscope_568.mp4,0.022221568165764066
annotated,ModelScope,modelscope_569.mp4,0.05717271014834
annotated,ModelScope,modelscope_57.mp4,0.0157905580409701
annotated,ModelScope,modelscope_570.mp4,0.08622262773722628
annotated,ModelScope,modelscope_571.mp4,0.12004061690605133
annotated,ModelScope,modelscope_572.mp4,0.1031316223216388
annotated,ModelScope,modelscope_573.mp4,0.1302978573110431
annotated,ModelScope,modelscope_574.mp4,0.06383918059806923
annotated,ModelScope,modelscope_575.mp4,0.20267247468801508
annotated,ModelScope,modelscope_576.mp4,0.22445255474452555
annotated,ModelScope,modelscope_577.mp4,0.03267012008476572
annotated,ModelScope,modelscope_578.mp4,0.16867789027548857
annotated,ModelScope,modelscope_579.mp4,0.15135684012243938
annotated,ModelScope,modelscope_58.mp4,0.060439722156816575
annotated,ModelScope,modelscope_580.mp4,0.1325788792088533
annotated,ModelScope,modelscope_581.mp4,0.1475600423828585
annotated,ModelScope,modelscope_582.mp4,0.16911937838474217
annotated,ModelScope,modelscope_583.mp4,0.07995349658582529
annotated,ModelScope,modelscope_584.mp4,0.02829938780315517
annotated,ModelScope,modelscope_585.mp4,0.4157052036731811
annotated,ModelScope,modelscope_586.mp4,0.1490905344949376
annotated,ModelScope,modelscope_587.mp4,0.1632770190722863
annotated,ModelScope,modelscope_588.mp4,0.6042206263244643
annotated,ModelScope,modelscope_589.mp4,0.3006828349423122
annotated,ModelScope,modelscope_59.mp4,0.06639981163174005
annotated,ModelScope,modelscope_590.mp4,0.010580998351777726
annotated,ModelScope,modelscope_591.mp4,0.0036349187661878974
annotated,ModelScope,modelscope_592.mp4,0.008329408994584413
annotated,ModelScope,modelscope_593.mp4,0.0020161290322580645
annotated,ModelScope,modelscope_594.mp4,0.0023104544384271253
annotated,ModelScope,modelscope_595.mp4,0.07437603013892159
annotated,ModelScope,modelscope_596.mp4,0.00797621850718154
annotated,ModelScope,modelscope_597.mp4,0.008697315752295738
annotated,ModelScope,modelscope_598.mp4,0.014951730633388272
annotated,ModelScope,modelscope_599.mp4,0.040513892159171186
annotated,ModelScope,modelscope_6.mp4,0.04226512832587709
annotated,ModelScope,modelscope_60.mp4,0.020970685189545563
annotated,ModelScope,modelscope_600.mp4,0.03409759830468566
annotated,ModelScope,modelscope_601.mp4,0.010271956675300212
annotated,ModelScope,modelscope_602.mp4,0.022133270543913352
annotated,ModelScope,modelscope_603.mp4,0.009182952672474688
annotated,ModelScope,modelscope_604.mp4,0.040087120320226044
annotated,ModelScope,modelscope_605.mp4,0.004429597362844361
annotated,ModelScope,modelscope_606.mp4,0.33304391335060046
annotated,ModelScope,modelscope_607.mp4,0.011802448787379327
annotated,ModelScope,modelscope_608.mp4,0.11316811867200377
annotated,ModelScope,modelscope_609.mp4,0.005621615257829056
annotated,ModelScope,modelscope_61.mp4,0.08996056039557335
annotated,ModelScope,modelscope_610.mp4,0.05733458912173299
annotated,ModelScope,modelscope_611.mp4,0.02980044737461738
annotated,ModelScope,modelscope_612.mp4,0.005533317635978338
annotated,ModelScope,modelscope_613.mp4,0.007696609371320932
annotated,ModelScope,modelscope_614.mp4,0.006622321638803862
annotated,ModelScope,modelscope_615.mp4,0.08330880621615258
annotated,ModelScope,modelscope_616.mp4,0.02344301860136567
annotated,ModelScope,modelscope_617.mp4,0.005091829526724747
annotated,ModelScope,modelscope_618.mp4,0.009006357428773253
annotated,ModelScope,modelscope_619.mp4,0.008550153049211208
annotated,ModelScope,modelscope_62.mp4,0.1352719566753002
annotated,ModelScope,modelscope_620.mp4,0.00856486931951966
annotated,ModelScope,modelscope_621.mp4,0.0051065457970332
annotated,ModelScope,modelscope_622.mp4,0.04297150930068283
annotated,ModelScope,modelscope_623.mp4,0.0061072521780080056
annotated,ModelScope,modelscope_624.mp4,0.015304921120791147
annotated,ModelScope,modelscope_625.mp4,0.011640569813986344
annotated,ModelScope,modelscope_626.mp4,0.019145867671297386
annotated,ModelScope,modelscope_627.mp4,0.01580527431127855
annotated,ModelScope,modelscope_628.mp4,0.03936602307511184
annotated,ModelScope,modelscope_629.mp4,0.02182422886743584
annotated,ModelScope,modelscope_63.mp4,0.04133800329644455
annotated,ModelScope,modelscope_630.mp4,0.007196256180833529
annotated,ModelScope,modelscope_631.mp4,0.06226453967506475
annotated,ModelScope,modelscope_632.mp4,0.03255238992229809
annotated,ModelScope,modelscope_633.mp4,0.03199317165057688
annotated,ModelScope,modelscope_634.mp4,0.008594301860136567
annotated,ModelScope,modelscope_635.mp4,0.05053567223922769
annotated,ModelScope,modelscope_636.mp4,0.010993053920414409
annotated,ModelScope,modelscope_637.mp4,0.03911584647986814
annotated,ModelScope,modelscope_638.mp4,0.013318224629149987
annotated,ModelScope,modelscope_639.mp4,0.023236990817047328
annotated,ModelScope,modelscope_64.mp4,0.014157052036731812
annotated,ModelScope,modelscope_640.mp4,0.008182246291499882
annotated,ModelScope,modelscope_641.mp4,0.03297916176124323
annotated,ModelScope,modelscope_642.mp4,0.009271250294325406
annotated,ModelScope,modelscope_643.mp4,0.0515658111608194
annotated,ModelScope,modelscope_644.mp4,0.012052625382623028
annotated,ModelScope,modelscope_645.mp4,0.004341299740993642
annotated,ModelScope,modelscope_646.mp4,0.1259712738403579
annotated,ModelScope,modelscope_647.mp4,0.00987461737697198
annotated,ModelScope,modelscope_648.mp4,0.02545914763362373
annotated,ModelScope,modelscope_649.mp4,0.023310572168589592
annotated,ModelScope,modelscope_65.mp4,0.1485901813044502
annotated,ModelScope,modelscope_650.mp4,0.013553684954085238
annotated,ModelScope,modelscope_651.mp4,0.022059689192371085
annotated,ModelScope,modelscope_652.mp4,0.009374264186484578
annotated,ModelScope,modelscope_653.mp4,0.040307864374852835
annotated,ModelScope,modelscope_654.mp4,0.0046061926065457965
annotated,ModelScope,modelscope_655.mp4,0.03933659053449493
annotated,ModelScope,modelscope_656.mp4,0.030815870025900634
annotated,ModelScope,modelscope_657.mp4,0.07141805980692253
annotated,ModelScope,modelscope_658.mp4,0.012773722627737226
annotated,ModelScope,modelscope_659.mp4,0.03571638803861549
annotated,ModelScope,modelscope_66.mp4,0.1799505533317636
annotated,ModelScope,modelscope_660.mp4,0.022927949140569816
annotated,ModelScope,modelscope_661.mp4,0.09256534024016953
annotated,ModelScope,modelscope_662.mp4,0.025753473039792793
annotated,ModelScope,modelscope_663.mp4,0.07339004002825524
annotated,ModelScope,modelscope_664.mp4,0.024296562279255945
annotated,ModelScope,modelscope_665.mp4,0.006740051801271485
annotated,ModelScope,modelscope_666.mp4,0.07717212149752767
annotated,ModelScope,modelscope_667.mp4,0.040984812809041676
annotated,ModelScope,modelscope_668.mp4,0.01974923475394396
annotated,ModelScope,modelscope_669.mp4,0.011876030138921592
annotated,ModelScope,modelscope_67.mp4,0.056230868848599014
annotated,ModelScope,modelscope_670.mp4,0.011993760301389215
annotated,ModelScope,modelscope_671.mp4,0.07453790911231457
annotated,ModelScope,modelscope_672.mp4,0.04004297150930068
annotated,ModelScope,modelscope_673.mp4,0.02985931245585119
annotated,ModelScope,modelscope_674.mp4,0.019425476807157997
annotated,ModelScope,modelscope_675.mp4,0.008373557805509772
annotated,ModelScope,modelscope_676.mp4,0.05169825759359548
annotated,ModelScope,modelscope_677.mp4,0.061072521780080054
annotated,ModelScope,modelscope_678.mp4,0.061249117023781496
annotated,ModelScope,modelscope_679.mp4,0.02529726866023075
annotated,ModelScope,modelscope_68.mp4,0.01863079821050153
annotated,ModelScope,modelscope_680.mp4,0.1476189074640923
annotated,ModelScope,modelscope_681.mp4,0.022280433246997883
annotated,ModelScope,modelscope_682.mp4,0.026180244878737935
annotated,ModelScope,modelscope_683.mp4,0.08071874264186485
annotated,ModelScope,modelscope_684.mp4,0.03374440781728279
annotated,ModelScope,modelscope_685.mp4,0.004208853308217565
annotated,ModelScope,modelscope_686.mp4,0.012082057923239934
annotated,ModelScope,modelscope_687.mp4,0.04045502707793737
annotated,ModelScope,modelscope_688.mp4,0.010095361431598775
annotated,ModelScope,modelscope_689.mp4,0.001721803626089004
annotated,ModelScope,modelscope_69.mp4,0.3141335060042383
annotated,ModelScope,modelscope_690.mp4,0.05243407110901813
annotated,ModelScope,modelscope_691.mp4,0.017056157287497056
annotated,ModelScope,modelscope_692.mp4,0.10882681893101012
annotated,ModelScope,modelscope_693.mp4,0.005724629149988227
annotated,ModelScope,modelscope_694.mp4,0.02762243936896633
annotated,ModelScope,modelscope_695.mp4,0.018601365669884625
annotated,ModelScope,modelscope_696.mp4,0.024046385684012246
annotated,ModelScope,modelscope_697.mp4,0.02320755827643042
annotated,ModelScope,modelscope_698.mp4,0.0143483635507417
annotated,ModelScope,modelscope_699.mp4,0.09787791382152108
annotated,ModelScope,modelscope_7.mp4,0.060027666588179894
annotated,ModelScope,modelscope_70.mp4,0.09185895926536379
annotated,ModelScope,modelscope_700.mp4,0.010875323757946786
annotated,ModelScope,modelscope_71.mp4,0.17452024958794443
annotated,ModelScope,modelscope_72.mp4,0.12910583941605838
annotated,ModelScope,modelscope_73.mp4,0.012067341652931482
annotated,ModelScope,modelscope_74.mp4,0.108400047092065
annotated,ModelScope,modelscope_75.mp4,0.3684512597127384
annotated,ModelScope,modelscope_76.mp4,0.0315811160819402
annotated,ModelScope,modelscope_77.mp4,0.023075111843654343
annotated,ModelScope,modelscope_78.mp4,0.24792500588650812
annotated,ModelScope,modelscope_79.mp4,0.07680421473981634
annotated,ModelScope,modelscope_8.mp4,0.026695314339533788
annotated,ModelScope,modelscope_80.mp4,0.00943312926771839
annotated,ModelScope,modelscope_81.mp4,0.019145867671297386
annotated,ModelScope,modelscope_82.mp4,0.025915352013185778
annotated,ModelScope,modelscope_83.mp4,0.24770426183188132
annotated,ModelScope,modelscope_84.mp4,0.43460089474923475
annotated,ModelScope,modelscope_85.mp4,0.16638215210736992
annotated,ModelScope,modelscope_86.mp4,0.28826230280197784
annotated,ModelScope,modelscope_87.mp4,0.07912938544855191
annotated,ModelScope,modelscope_88.mp4,0.3252148575465034
annotated,ModelScope,modelscope_89.mp4,0.19019307746644692
annotated,ModelScope,modelscope_9.mp4,0.0024281846008947492
annotated,ModelScope,modelscope_90.mp4,0.31481045443842715
annotated,ModelScope,modelscope_91.mp4,0.10045326112550035
annotated,ModelScope,modelscope_92.mp4,0.21587296915469742
annotated,ModelScope,modelscope_93.mp4,0.016276194961149047
annotated,ModelScope,modelscope_94.mp4,0.5045031787143867
annotated,ModelScope,modelscope_95.mp4,0.33656110195432065
annotated,ModelScope,modelscope_96.mp4,0.3112785495643984
annotated,ModelScope,modelscope_97.mp4,0.029682717212149753
annotated,ModelScope,modelscope_98.mp4,0.16882505297857311
annotated,ModelScope,modelscope_99.mp4,0.049240640452083824
annotated,MorphStudio,MorphStudio_1.mp4,0.16342418177537085
annotated,MorphStudio,MorphStudio_10.mp4,0.017865552154461974
annotated,MorphStudio,MorphStudio_100.mp4,0.02618024487873793
annotated,MorphStudio,MorphStudio_101.mp4,0.18420355545090653
annotated,MorphStudio,MorphStudio_102.mp4,0.15549211207911467
annotated,MorphStudio,MorphStudio_103.mp4,0.1970802919708029
annotated,MorphStudio,MorphStudio_104.mp4,0.5473863903932188
annotated,MorphStudio,MorphStudio_105.mp4,0.020646927242759593
annotated,MorphStudio,MorphStudio_106.mp4,0.06416293854485519
annotated,MorphStudio,MorphStudio_107.mp4,0.024046385684012246
annotated,MorphStudio,MorphStudio_108.mp4,0.20657228631975513
annotated,MorphStudio,MorphStudio_109.mp4,0.02947668942783141
annotated,MorphStudio,MorphStudio_11.mp4,0.01827760772309866
annotated,MorphStudio,MorphStudio_110.mp4,0.10024723334118202
annotated,MorphStudio,MorphStudio_111.mp4,0.03821815399105251
annotated,MorphStudio,MorphStudio_112.mp4,0.2962826701200848
annotated,MorphStudio,MorphStudio_113.mp4,0.016555804097009654
annotated,MorphStudio,MorphStudio_114.mp4,0.033229338356486934
annotated,MorphStudio,MorphStudio_115.mp4,0.062132093242288675
annotated,MorphStudio,MorphStudio_116.mp4,0.26197904403108074
annotated,MorphStudio,MorphStudio_117.mp4,0.049211207911466916
annotated,MorphStudio,MorphStudio_118.mp4,0.43040675771132564
annotated,MorphStudio,MorphStudio_119.mp4,0.1260301389215917
annotated,MorphStudio,MorphStudio_12.mp4,0.00778490699317165
annotated,MorphStudio,MorphStudio_120.mp4,0.011449258299976454
annotated,MorphStudio,MorphStudio_121.mp4,0.06450141276194961
annotated,MorphStudio,MorphStudio_122.mp4,0.19756592889098185
annotated,MorphStudio,MorphStudio_123.mp4,0.0330821756534024
annotated,MorphStudio,MorphStudio_124.mp4,0.012288085707558277
annotated,MorphStudio,MorphStudio_125.mp4,0.19822816105486227
annotated,MorphStudio,MorphStudio_126.mp4,0.045605721685895925
annotated,MorphStudio,MorphStudio_127.mp4,0.0347745467388745
annotated,MorphStudio,MorphStudio_128.mp4,0.18645514480809985
annotated,MorphStudio,MorphStudio_129.mp4,0.06826877796091359
annotated,MorphStudio,MorphStudio_13.mp4,0.02980044737461738
annotated,MorphStudio,MorphStudio_130.mp4,0.4431804803390629
annotated,MorphStudio,MorphStudio_131.mp4,0.03464210030609842
annotated,MorphStudio,MorphStudio_132.mp4,0.05187485283729692
annotated,MorphStudio,MorphStudio_133.mp4,0.09453732046150223
annotated,MorphStudio,MorphStudio_134.mp4,0.1772280433246998
annotated,MorphStudio,MorphStudio_135.mp4,0.17438780315516833
annotated,MorphStudio,MorphStudio_136.mp4,0.018424770426183186
annotated,MorphStudio,MorphStudio_137.mp4,0.004208853308217565
annotated,MorphStudio,MorphStudio_138.mp4,0.09125559218271723
annotated,MorphStudio,MorphStudio_139.mp4,0.00223687308688486
annotated,MorphStudio,MorphStudio_14.mp4,0.026047798445961858
annotated,MorphStudio,MorphStudio_140.mp4,0.022927949140569816
annotated,MorphStudio,MorphStudio_141.mp4,0.10198375323757947
annotated,MorphStudio,MorphStudio_142.mp4,0.015510948905109487
annotated,MorphStudio,MorphStudio_143.mp4,0.02213327054391335
annotated,MorphStudio,MorphStudio_144.mp4,0.10666352719566753
annotated,MorphStudio,MorphStudio_145.mp4,0.044369554979985876
annotated,MorphStudio,MorphStudio_146.mp4,0.11833352955027077
annotated,MorphStudio,MorphStudio_147.mp4,0.11630268424770426
annotated,MorphStudio,MorphStudio_148.mp4,0.0030168354132328705
annotated,MorphStudio,MorphStudio_149.mp4,0.0015893571933129269
annotated,MorphStudio,MorphStudio_15.mp4,0.002442900871203202
annotated,MorphStudio,MorphStudio_150.mp4,0.00398810925359077
annotated,MorphStudio,MorphStudio_151.mp4,0.013362373440075348
annotated,MorphStudio,MorphStudio_152.mp4,0.016423357664233577
annotated,MorphStudio,MorphStudio_153.mp4,0.00569519660937132
annotated,MorphStudio,MorphStudio_154.mp4,0.008932776077230985
annotated,MorphStudio,MorphStudio_155.mp4,0.02960913586060749
annotated,MorphStudio,MorphStudio_156.mp4,0.0037526489286555213
annotated,MorphStudio,MorphStudio_157.mp4,0.007387567694843419
annotated,MorphStudio,MorphStudio_158.mp4,0.0102130915940664
annotated,MorphStudio,MorphStudio_159.mp4,0.004370732281610549
annotated,MorphStudio,MorphStudio_16.mp4,0.008049799858723805
annotated,MorphStudio,MorphStudio_160.mp4,0.009006357428773253
annotated,MorphStudio,MorphStudio_161.mp4,0.0014421944902283964
annotated,MorphStudio,MorphStudio_162.mp4,0.010080645161290324
annotated,MorphStudio,MorphStudio_163.mp4,0.0007505297857311043
annotated,MorphStudio,MorphStudio_164.mp4,0.004944666823640217
annotated,MorphStudio,MorphStudio_165.mp4,0.0024134683305862964
annotated,MorphStudio,MorphStudio_166.mp4,0.006666470449729221
annotated,MorphStudio,MorphStudio_167.mp4,0.022545326112550036
annotated,MorphStudio,MorphStudio_168.mp4,0.0770985401459854
annotated,MorphStudio,MorphStudio_169.mp4,0.0010742877325170708
annotated,MorphStudio,MorphStudio_17.mp4,0.032581822462915
annotated,MorphStudio,MorphStudio_170.mp4,0.006578172827878503
annotated,MorphStudio,MorphStudio_171.mp4,0.003988109253590769
annotated,MorphStudio,MorphStudio_172.mp4,0.005371438662585354
annotated,MorphStudio,MorphStudio_173.mp4,0.0029579703319990583
annotated,MorphStudio,MorphStudio_174.mp4,0.007417000235460325
annotated,MorphStudio,MorphStudio_175.mp4,0.0031639981163174005
annotated,MorphStudio,MorphStudio_176.mp4,0.0024281846008947492
annotated,MorphStudio,MorphStudio_177.mp4,0.05776136096067813
annotated,MorphStudio,MorphStudio_178.mp4,0.07138862726630563
annotated,MorphStudio,MorphStudio_179.mp4,0.27388450671061926
annotated,MorphStudio,MorphStudio_18.mp4,0.15819990581587
annotated,MorphStudio,MorphStudio_180.mp4,0.048033906286790676
annotated,MorphStudio,MorphStudio_181.mp4,0.014819284200612197
annotated,MorphStudio,MorphStudio_182.mp4,0.02657758417706616
annotated,MorphStudio,MorphStudio_183.mp4,0.01270014127619496
annotated,MorphStudio,MorphStudio_184.mp4,0.007520014127619496
annotated,MorphStudio,MorphStudio_185.mp4,0.09767188603720274
annotated,MorphStudio,MorphStudio_186.mp4,0.005180127148575465
annotated,MorphStudio,MorphStudio_187.mp4,0.00320814692724276
annotated,MorphStudio,MorphStudio_188.mp4,0.010404403108076289
annotated,MorphStudio,MorphStudio_189.mp4,0.044869908170473274
annotated,MorphStudio,MorphStudio_19.mp4,0.00417942076760066
annotated,MorphStudio,MorphStudio_190.mp4,0.26988168118672
annotated,MorphStudio,MorphStudio_191.mp4,0.04373675535672239
annotated,MorphStudio,MorphStudio_192.mp4,0.039454320696962565
annotated,MorphStudio,MorphStudio_193.mp4,0.021235578055097716
annotated,MorphStudio,MorphStudio_194.mp4,0.052978573110430895
annotated,MorphStudio,MorphStudio_195.mp4,0.08998999293619026
annotated,MorphStudio,MorphStudio_196.mp4,0.01328879208853308
annotated,MorphStudio,MorphStudio_197.mp4,0.04403108076289145
annotated,MorphStudio,MorphStudio_198.mp4,0.06392747821991994
annotated,MorphStudio,MorphStudio_199.mp4,0.014304214739816343
annotated,MorphStudio,MorphStudio_2.mp4,0.014907581822462915
annotated,MorphStudio,MorphStudio_20.mp4,0.00846185542736049
annotated,MorphStudio,MorphStudio_200.mp4,0.08635507417000235
annotated,MorphStudio,MorphStudio_201.mp4,0.08501589357193312
annotated,MorphStudio,MorphStudio_202.mp4,0.06607605368495408
annotated,MorphStudio,MorphStudio_203.mp4,0.04663586060748764
annotated,MorphStudio,MorphStudio_204.mp4,0.009595008241111373
annotated,MorphStudio,MorphStudio_205.mp4,0.021441605839416056
annotated,MorphStudio,MorphStudio_206.mp4,0.16142276901342123
annotated,MorphStudio,MorphStudio_207.mp4,0.008344125264892865
annotated,MorphStudio,MorphStudio_208.mp4,0.17213621379797503
annotated,MorphStudio,MorphStudio_209.mp4,0.05611313868613139
annotated,MorphStudio,MorphStudio_21.mp4,0.031890157758417706
annotated,MorphStudio,MorphStudio_210.mp4,0.0015746409230044738
annotated,MorphStudio,MorphStudio_211.mp4,0.04600306098422416
annotated,MorphStudio,MorphStudio_212.mp4,0.006916647044972923
annotated,MorphStudio,MorphStudio_213.mp4,0.021529903461266778
annotated,MorphStudio,MorphStudio_214.mp4,0.015378502472333412
annotated,MorphStudio,MorphStudio_215.mp4,0.007049093477748999
annotated,MorphStudio,MorphStudio_216.mp4,0.021338591947256888
annotated,MorphStudio,MorphStudio_217.mp4,0.03131622321638804
annotated,MorphStudio,MorphStudio_218.mp4,0.03171356251471627
annotated,MorphStudio,MorphStudio_219.mp4,0.010374970567459382
annotated,MorphStudio,MorphStudio_22.mp4,0.05094772780786438
annotated,MorphStudio,MorphStudio_220.mp4,0.06142571226748293
annotated,MorphStudio,MorphStudio_221.mp4,0.03286143159877561
annotated,MorphStudio,MorphStudio_222.mp4,0.07308099835177773
annotated,MorphStudio,MorphStudio_223.mp4,0.020396750647515893
annotated,MorphStudio,MorphStudio_224.mp4,0.0024870496821285614
annotated,MorphStudio,MorphStudio_225.mp4,0.0059600894749234756
annotated,MorphStudio,MorphStudio_226.mp4,0.004606192606545797
annotated,MorphStudio,MorphStudio_227.mp4,0.0189839886979044
annotated,MorphStudio,MorphStudio_228.mp4,0.17740463856840122
annotated,MorphStudio,MorphStudio_229.mp4,0.16039263009182952
annotated,MorphStudio,MorphStudio_23.mp4,0.035525076524605605
annotated,MorphStudio,MorphStudio_230.mp4,0.009801036025429715
annotated,MorphStudio,MorphStudio_231.mp4,0.006740051801271486
annotated,MorphStudio,MorphStudio_232.mp4,0.006048387096774193
annotated,MorphStudio,MorphStudio_233.mp4,0.010948905109489052
annotated,MorphStudio,MorphStudio_234.mp4,0.1352425241346833
annotated,MorphStudio,MorphStudio_235.mp4,0.013141629385448552
annotated,MorphStudio,MorphStudio_236.mp4,0.00238403578996939
annotated,MorphStudio,MorphStudio_237.mp4,0.031787143866258534
annotated,MorphStudio,MorphStudio_238.mp4,0.005283141040734636
annotated,MorphStudio,MorphStudio_239.mp4,0.009124087591240877
annotated,MorphStudio,MorphStudio_24.mp4,0.014995879444313635
annotated,MorphStudio,MorphStudio_240.mp4,0.0693283494231222
annotated,MorphStudio,MorphStudio_241.mp4,0.25392924417235696
annotated,MorphStudio,MorphStudio_242.mp4,0.051418648457734875
annotated,MorphStudio,MorphStudio_243.mp4,0.057952672474688015
annotated,MorphStudio,MorphStudio_244.mp4,0.0423239934071109
annotated,MorphStudio,MorphStudio_245.mp4,0.009227101483400047
annotated,MorphStudio,MorphStudio_246.mp4,0.018321756534024018
annotated,MorphStudio,MorphStudio_247.mp4,0.027696020720508596
annotated,MorphStudio,MorphStudio_248.mp4,0.02256004238285849
annotated,MorphStudio,MorphStudio_249.mp4,0.08486873086884861
annotated,MorphStudio,MorphStudio_25.mp4,0.008049799858723805
annotated,MorphStudio,MorphStudio_250.mp4,0.07514127619496115
annotated,MorphStudio,MorphStudio_251.mp4,0.06747409936425712
annotated,MorphStudio,MorphStudio_252.mp4,0.052404638568401225
annotated,MorphStudio,MorphStudio_253.mp4,0.021485754650341415
annotated,MorphStudio,MorphStudio_254.mp4,0.16461619967035557
annotated,MorphStudio,MorphStudio_255.mp4,0.09099069931716505
annotated,MorphStudio,MorphStudio_256.mp4,0.014627972686602307
annotated,MorphStudio,MorphStudio_257.mp4,0.007667176830704026
annotated,MorphStudio,MorphStudio_258.mp4,0.038644925829997644
annotated,MorphStudio,MorphStudio_259.mp4,0.13366788321167883
annotated,MorphStudio,MorphStudio_26.mp4,0.008594301860136568
annotated,MorphStudio,MorphStudio_260.mp4,0.02276607016717683
annotated,MorphStudio,MorphStudio_261.mp4,0.009536143159877561
annotated,MorphStudio,MorphStudio_262.mp4,0.035525076524605605
annotated,MorphStudio,MorphStudio_263.mp4,0.025503296444549094
annotated,MorphStudio,MorphStudio_264.mp4,0.2658347068518955
annotated,MorphStudio,MorphStudio_265.mp4,0.01255297857311043
annotated,MorphStudio,MorphStudio_266.mp4,0.01755651047798446
annotated,MorphStudio,MorphStudio_267.mp4,0.010183659053449493
annotated,MorphStudio,MorphStudio_268.mp4,0.020882387567694845
annotated,MorphStudio,MorphStudio_269.mp4,0.02544443136331528
annotated,MorphStudio,MorphStudio_27.mp4,0.010757593595479162
annotated,MorphStudio,MorphStudio_270.mp4,0.022339298328231692
annotated,MorphStudio,MorphStudio_271.mp4,0.03758535436778902
annotated,MorphStudio,MorphStudio_272.mp4,0.005812926771838945
annotated,MorphStudio,MorphStudio_273.mp4,0.012096774193548387
annotated,MorphStudio,MorphStudio_274.mp4,0.03225806451612903
annotated,MorphStudio,MorphStudio_275.mp4,0.14444019307746644
annotated,MorphStudio,MorphStudio_276.mp4,0.004208853308217565
annotated,MorphStudio,MorphStudio_277.mp4,0.044546150223687304
annotated,MorphStudio,MorphStudio_278.mp4,0.017012008476571697
annotated,MorphStudio,MorphStudio_279.mp4,0.007887920885330822
annotated,MorphStudio,MorphStudio_28.mp4,0.028902754885801744
annotated,MorphStudio,MorphStudio_280.mp4,0.008873910995997174
annotated,MorphStudio,MorphStudio_281.mp4,0.02130915940663998
annotated,MorphStudio,MorphStudio_282.mp4,0.04993230515658112
annotated,MorphStudio,MorphStudio_283.mp4,0.020794089945844127
annotated,MorphStudio,MorphStudio_284.mp4,0.29411937838474217
annotated,MorphStudio,MorphStudio_285.mp4,0.036393336472804336
annotated,MorphStudio,MorphStudio_286.mp4,0.149590887685425
annotated,MorphStudio,MorphStudio_287.mp4,0.008800329644454909
annotated,MorphStudio,MorphStudio_288.mp4,0.009815752295738169
annotated,MorphStudio,MorphStudio_289.mp4,0.019337179185307276
annotated,MorphStudio,MorphStudio_29.mp4,0.00860901813044502
annotated,MorphStudio,MorphStudio_290.mp4,0.008108664939957617
annotated,MorphStudio,MorphStudio_291.mp4,0.03449493760301389
annotated,MorphStudio,MorphStudio_292.mp4,0.06694431363315281
annotated,MorphStudio,MorphStudio_293.mp4,0.012037909112314575
annotated,MorphStudio,MorphStudio_294.mp4,0.03811514009889334
annotated,MorphStudio,MorphStudio_295.mp4,0.006048387096774193
annotated,MorphStudio,MorphStudio_296.mp4,0.024031669413703792
annotated,MorphStudio,MorphStudio_297.mp4,0.25295797033199907
annotated,MorphStudio,MorphStudio_298.mp4,0.1572727807864375
annotated,MorphStudio,MorphStudio_299.mp4,0.0500941841299741
annotated,MorphStudio,MorphStudio_3.mp4,0.052919708029197085
annotated,MorphStudio,MorphStudio_30.mp4,0.030992465269602074
annotated,MorphStudio,MorphStudio_300.mp4,0.011743583706145515
annotated,MorphStudio,MorphStudio_301.mp4,0.01977866729456087
annotated,MorphStudio,MorphStudio_302.mp4,0.15772898516599954
annotated,MorphStudio,MorphStudio_303.mp4,0.2998440075347304
annotated,MorphStudio,MorphStudio_304.mp4,0.0250618083352955
annotated,MorphStudio,MorphStudio_305.mp4,0.20830880621615255
annotated,MorphStudio,MorphStudio_306.mp4,0.10354367789027549
annotated,MorphStudio,MorphStudio_307.mp4,0.024635036496350366
annotated,MorphStudio,MorphStudio_308.mp4,0.44231222039086415
annotated,MorphStudio,MorphStudio_309.mp4,0.025253119849305394
annotated,MorphStudio,MorphStudio_31.mp4,0.033155757004944664
annotated,MorphStudio,MorphStudio_310.mp4,0.04690075347303979
annotated,MorphStudio,MorphStudio_311.mp4,0.010242524134683306
annotated,MorphStudio,MorphStudio_312.mp4,0.019484341888391807
annotated,MorphStudio,MorphStudio_313.mp4,0.037511773016246766
annotated,MorphStudio,MorphStudio_314.mp4,0.011787732517070874
annotated,MorphStudio,MorphStudio_315.mp4,0.11309453732046151
annotated,MorphStudio,MorphStudio_316.mp4,0.048916882505297854
annotated,MorphStudio,MorphStudio_317.mp4,0.23088356486931955
annotated,MorphStudio,MorphStudio_318.mp4,0.025120673416529314
annotated,MorphStudio,MorphStudio_319.mp4,0.21170826465740522
annotated,MorphStudio,MorphStudio_32.mp4,0.04116140805274311
annotated,MorphStudio,MorphStudio_320.mp4,0.10710501530492111
annotated,MorphStudio,MorphStudio_321.mp4,0.04291264421944902
annotated,MorphStudio,MorphStudio_322.mp4,0.0907552389922298
annotated,MorphStudio,MorphStudio_323.mp4,0.022707205085943018
annotated,MorphStudio,MorphStudio_324.mp4,0.007210972451141983
annotated,MorphStudio,MorphStudio_325.mp4,0.025120673416529314
annotated,MorphStudio,MorphStudio_326.mp4,0.04385448551919002
annotated,MorphStudio,MorphStudio_327.mp4,0.045061219684483164
annotated,MorphStudio,MorphStudio_328.mp4,0.014510242524134683
annotated,MorphStudio,MorphStudio_329.mp4,0.0037526489286555213
annotated,MorphStudio,MorphStudio_33.mp4,0.004562043795620438
annotated,MorphStudio,MorphStudio_330.mp4,0.009609724511419827
annotated,MorphStudio,MorphStudio_331.mp4,0.05503885095361431
annotated,MorphStudio,MorphStudio_332.mp4,0.010374970567459384
annotated,MorphStudio,MorphStudio_333.mp4,0.09035789969390158
annotated,MorphStudio,MorphStudio_334.mp4,0.04874028726159642
annotated,MorphStudio,MorphStudio_335.mp4,0.1451760065928891
annotated,MorphStudio,MorphStudio_336.mp4,0.1559483164586767
annotated,MorphStudio,MorphStudio_337.mp4,0.11163762655992465
annotated,MorphStudio,MorphStudio_338.mp4,0.015643395337885564
annotated,MorphStudio,MorphStudio_339.mp4,0.1133152813750883
annotated,MorphStudio,MorphStudio_34.mp4,0.019808099835177773
annotated,MorphStudio,MorphStudio_340.mp4,0.06669413703790911
annotated,MorphStudio,MorphStudio_341.mp4,0.15552154461973156
annotated,MorphStudio,MorphStudio_342.mp4,0.06813633152813751
annotated,MorphStudio,MorphStudio_343.mp4,0.008447139157052037
annotated,MorphStudio,MorphStudio_344.mp4,0.04659171179656228
annotated,MorphStudio,MorphStudio_345.mp4,0.09803979279491405
annotated,MorphStudio,MorphStudio_346.mp4,0.01955792323993407
annotated,MorphStudio,MorphStudio_347.mp4,0.1322992700729927
annotated,MorphStudio,MorphStudio_348.mp4,0.029152931481045447
annotated,MorphStudio,MorphStudio_349.mp4,0.004341299740993642
annotated,MorphStudio,MorphStudio_35.mp4,0.008682599481987286
annotated,MorphStudio,MorphStudio_350.mp4,0.019925829997645396
annotated,MorphStudio,MorphStudio_351.mp4,0.007210972451141983
annotated,MorphStudio,MorphStudio_352.mp4,0.0044590299034612665
annotated,MorphStudio,MorphStudio_353.mp4,0.004547327525311984
annotated,MorphStudio,MorphStudio_354.mp4,0.02188309394866965
annotated,MorphStudio,MorphStudio_355.mp4,0.007049093477748999
annotated,MorphStudio,MorphStudio_356.mp4,0.006769484341888392
annotated,MorphStudio,MorphStudio_357.mp4,0.014745702849069932
annotated,MorphStudio,MorphStudio_358.mp4,0.026916058394160582
annotated,MorphStudio,MorphStudio_359.mp4,0.09174122910289617
annotated,MorphStudio,MorphStudio_36.mp4,0.0022515893571933127
annotated,MorphStudio,MorphStudio_360.mp4,0.12507358135154226
annotated,MorphStudio,MorphStudio_361.mp4,0.1474275959500824
annotated,MorphStudio,MorphStudio_362.mp4,0.04632681893101012
annotated,MorphStudio,MorphStudio_363.mp4,0.062426418648457736
annotated,MorphStudio,MorphStudio_364.mp4,0.019719802213327052
annotated,MorphStudio,MorphStudio_365.mp4,0.027445844125264893
annotated,MorphStudio,MorphStudio_366.mp4,0.0403814457263951
annotated,MorphStudio,MorphStudio_367.mp4,0.018660230751118438
annotated,MorphStudio,MorphStudio_368.mp4,0.28439192371085475
annotated,MorphStudio,MorphStudio_369.mp4,0.02825523899222981
annotated,MorphStudio,MorphStudio_37.mp4,0.012538262302801978
annotated,MorphStudio,MorphStudio_370.mp4,0.012685425005886508
annotated,MorphStudio,MorphStudio_371.mp4,0.07477336943724983
annotated,MorphStudio,MorphStudio_372.mp4,0.015981869554979985
annotated,MorphStudio,MorphStudio_373.mp4,0.02316340946550506
annotated,MorphStudio,MorphStudio_374.mp4,0.11079879915234284
annotated,MorphStudio,MorphStudio_375.mp4,0.16783906286790676
annotated,MorphStudio,MorphStudio_376.mp4,0.15718448316458677
annotated,MorphStudio,MorphStudio_377.mp4,0.03518660230751118
annotated,MorphStudio,MorphStudio_378.mp4,0.016232046150223688
annotated,MorphStudio,MorphStudio_379.mp4,0.017394631504591477
annotated,MorphStudio,MorphStudio_38.mp4,0.00938898045679303
annotated,MorphStudio,MorphStudio_380.mp4,0.04550270779373676
annotated,MorphStudio,MorphStudio_381.mp4,0.02698963974570285
annotated,MorphStudio,MorphStudio_382.mp4,0.023266423357664236
annotated,MorphStudio,MorphStudio_383.mp4,0.015143042147398164
annotated,MorphStudio,MorphStudio_384.mp4,0.038689074640923006
annotated,MorphStudio,MorphStudio_385.mp4,0.0068577819637391105
annotated,MorphStudio,MorphStudio_386.mp4,0.005180127148575465
annotated,MorphStudio,MorphStudio_387.mp4,0.034892276901342126
annotated,MorphStudio,MorphStudio_388.mp4,0.25295797033199907
annotated,MorphStudio,MorphStudio_389.mp4,0.04095538026842477
annotated,MorphStudio,MorphStudio_39.mp4,0.0052095596891923715
annotated,MorphStudio,MorphStudio_390.mp4,0.07012302801977867
annotated,MorphStudio,MorphStudio_391.mp4,0.11756828349423122
annotated,MorphStudio,MorphStudio_392.mp4,0.1350217800800565
annotated,MorphStudio,MorphStudio_393.mp4,0.016555804097009654
annotated,MorphStudio,MorphStudio_394.mp4,0.01618789733929833
annotated,MorphStudio,MorphStudio_395.mp4,0.013215210736990817
annotated,MorphStudio,MorphStudio_396.mp4,0.04051389215917118
annotated,MorphStudio,MorphStudio_397.mp4,0.012552978573110432
annotated,MorphStudio,MorphStudio_398.mp4,0.05525959500824111
annotated,MorphStudio,MorphStudio_399.mp4,0.01580527431127855
annotated,MorphStudio,MorphStudio_4.mp4,0.009845184836355074
annotated,MorphStudio,MorphStudio_40.mp4,0.014407228631975513
annotated,MorphStudio,MorphStudio_400.mp4,0.15013538968683776
annotated,MorphStudio,MorphStudio_401.mp4,0.1765363786202025
annotated,MorphStudio,MorphStudio_402.mp4,0.07109430186013657
annotated,MorphStudio,MorphStudio_403.mp4,0.10704615022368731
annotated,MorphStudio,MorphStudio_404.mp4,0.008491287967977396
annotated,MorphStudio,MorphStudio_405.mp4,0.013318224629149989
annotated,MorphStudio,MorphStudio_406.mp4,0.05094772780786438
annotated,MorphStudio,MorphStudio_407.mp4,0.031242641864845773
annotated,MorphStudio,MorphStudio_408.mp4,0.20835295502707793
annotated,MorphStudio,MorphStudio_409.mp4,0.0066517541794207675
annotated,MorphStudio,MorphStudio_41.mp4,0.03324405462679538
annotated,MorphStudio,MorphStudio_410.mp4,0.003046267953849776
annotated,MorphStudio,MorphStudio_411.mp4,0.09218271721214975
annotated,MorphStudio,MorphStudio_412.mp4,0.030521544619731573
annotated,MorphStudio,MorphStudio_413.mp4,0.018262891452790204
annotated,MorphStudio,MorphStudio_414.mp4,0.006578172827878503
annotated,MorphStudio,MorphStudio_415.mp4,0.013391805980692253
annotated,MorphStudio,MorphStudio_416.mp4,0.021574052272192133
annotated,MorphStudio,MorphStudio_417.mp4,0.015687544148810927
annotated,MorphStudio,MorphStudio_418.mp4,0.005724629149988227
annotated,MorphStudio,MorphStudio_419.mp4,0.009904049917588887
annotated,MorphStudio,MorphStudio_42.mp4,0.006180833529550271
annotated,MorphStudio,MorphStudio_420.mp4,0.015157758417706616
annotated,MorphStudio,MorphStudio_421.mp4,0.010227807864374853
annotated,MorphStudio,MorphStudio_422.mp4,0.011890746409230045
annotated,MorphStudio,MorphStudio_423.mp4,0.018262891452790204
annotated,MorphStudio,MorphStudio_424.mp4,0.08177831410407346
annotated,MorphStudio,MorphStudio_425.mp4,0.14332175653402401
annotated,MorphStudio,MorphStudio_426.mp4,0.0073581351542265135
annotated,MorphStudio,MorphStudio_427.mp4,0.024620320226041912
annotated,MorphStudio,MorphStudio_428.mp4,0.011876030138921592
annotated,MorphStudio,MorphStudio_429.mp4,0.012876736519896397
annotated,MorphStudio,MorphStudio_43.mp4,0.004723922769013422
annotated,MorphStudio,MorphStudio_430.mp4,0.09278608429479633
annotated,MorphStudio,MorphStudio_431.mp4,0.020779373675535673
annotated,MorphStudio,MorphStudio_432.mp4,0.02004356016011302
annotated,MorphStudio,MorphStudio_433.mp4,0.028726159642100305
annotated,MorphStudio,MorphStudio_434.mp4,0.04253002119142925
annotated,MorphStudio,MorphStudio_435.mp4,0.19209147633623735
annotated,MorphStudio,MorphStudio_436.mp4,0.06898987520602778
annotated,MorphStudio,MorphStudio_437.mp4,0.026768895691076055
annotated,MorphStudio,MorphStudio_438.mp4,0.014878149281846009
annotated,MorphStudio,MorphStudio_439.mp4,0.05316988462444078
annotated,MorphStudio,MorphStudio_44.mp4,0.013053331763597834
annotated,MorphStudio,MorphStudio_440.mp4,0.0028549564398398872
annotated,MorphStudio,MorphStudio_441.mp4,0.016717683070402636
annotated,MorphStudio,MorphStudio_442.mp4,0.019572639510242525
annotated,MorphStudio,MorphStudio_443.mp4,0.008520720508594301
annotated,MorphStudio,MorphStudio_444.mp4,0.1944607958558983
annotated,MorphStudio,MorphStudio_445.mp4,0.08166058394160584
annotated,MorphStudio,MorphStudio_446.mp4,0.056863668471862486
annotated,MorphStudio,MorphStudio_447.mp4,0.22977984459618553
annotated,MorphStudio,MorphStudio_448.mp4,0.06516364492583
annotated,MorphStudio,MorphStudio_449.mp4,0.34589121732987993
annotated,MorphStudio,MorphStudio_45.mp4,0.014583823875676949
annotated,MorphStudio,MorphStudio_450.mp4,0.10588356486931952
annotated,MorphStudio,MorphStudio_451.mp4,0.004694490228396515
annotated,MorphStudio,MorphStudio_452.mp4,0.3821521073699082
annotated,MorphStudio,MorphStudio_453.mp4,0.026504002825523898
annotated,MorphStudio,MorphStudio_454.mp4,0.04188250529785731
annotated,MorphStudio,MorphStudio_455.mp4,0.018012714857546505
annotated,MorphStudio,MorphStudio_456.mp4,0.022118554273604898
annotated,MorphStudio,MorphStudio_457.mp4,0.08751765952437014
annotated,MorphStudio,MorphStudio_458.mp4,0.24770426183188132
annotated,MorphStudio,MorphStudio_459.mp4,0.1969625618083353
annotated,MorphStudio,MorphStudio_46.mp4,0.02734283023310572
annotated,MorphStudio,MorphStudio_460.mp4,0.13431539910525075
annotated,MorphStudio,MorphStudio_461.mp4,0.01998469507887921
annotated,MorphStudio,MorphStudio_462.mp4,0.22607134447845537
annotated,MorphStudio,MorphStudio_463.mp4,0.04925535672239227
annotated,MorphStudio,MorphStudio_464.mp4,0.022295149517306333
annotated,MorphStudio,MorphStudio_465.mp4,0.11987873793265835
annotated,MorphStudio,MorphStudio_466.mp4,0.13586060748763834
annotated,MorphStudio,MorphStudio_467.mp4,0.6216005415587473
annotated,MorphStudio,MorphStudio_468.mp4,0.04734224158229339
annotated,MorphStudio,MorphStudio_469.mp4,0.0018248175182481751
annotated,MorphStudio,MorphStudio_47.mp4,0.0049593830939486695
annotated,MorphStudio,MorphStudio_470.mp4,0.003929244172356958
annotated,MorphStudio,MorphStudio_471.mp4,0.0021780080056510477
annotated,MorphStudio,MorphStudio_472.mp4,0.0036202024958794446
annotated,MorphStudio,MorphStudio_473.mp4,0.3532640687544149
annotated,MorphStudio,MorphStudio_474.mp4,0.009653873322345186
annotated,MorphStudio,MorphStudio_475.mp4,0.005724629149988227
annotated,MorphStudio,MorphStudio_476.mp4,0.1340210736990817
annotated,MorphStudio,MorphStudio_477.mp4,0.007549446668236402
annotated,MorphStudio,MorphStudio_478.mp4,0.10900341417471157
annotated,MorphStudio,MorphStudio_479.mp4,0.11981987285142454
annotated,MorphStudio,MorphStudio_48.mp4,0.03993995761714151
annotated,MorphStudio,MorphStudio_480.mp4,0.04176477513538969
annotated,MorphStudio,MorphStudio_481.mp4,0.012979750412055568
annotated,MorphStudio,MorphStudio_482.mp4,0.008520720508594301
annotated,MorphStudio,MorphStudio_483.mp4,0.040190134212385216
annotated,MorphStudio,MorphStudio_484.mp4,0.14046680009418414
annotated,MorphStudio,MorphStudio_485.mp4,0.06192606545797033
annotated,MorphStudio,MorphStudio_486.mp4,0.12324876383329408
annotated,MorphStudio,MorphStudio_487.mp4,0.06974040499175889
annotated,MorphStudio,MorphStudio_488.mp4,0.052595950082411115
annotated,MorphStudio,MorphStudio_489.mp4,0.025414998822698376
annotated,MorphStudio,MorphStudio_49.mp4,0.0050035319048740284
annotated,MorphStudio,MorphStudio_490.mp4,0.011390393218742642
annotated,MorphStudio,MorphStudio_491.mp4,0.031051330350835883
annotated,MorphStudio,MorphStudio_492.mp4,0.014775135389686837
annotated,MorphStudio,MorphStudio_493.mp4,0.005091829526724746
annotated,MorphStudio,MorphStudio_494.mp4,0.14377796091358605
annotated,MorphStudio,MorphStudio_495.mp4,0.009124087591240875
annotated,MorphStudio,MorphStudio_496.mp4,0.10588356486931952
annotated,MorphStudio,MorphStudio_497.mp4,0.06681186720037674
annotated,MorphStudio,MorphStudio_498.mp4,0.028417117965622792
annotated,MorphStudio,MorphStudio_499.mp4,0.029255945373204615
annotated,MorphStudio,MorphStudio_5.mp4,0.053111019543206975
annotated,MorphStudio,MorphStudio_50.mp4,0.0037526489286555218
annotated,MorphStudio,MorphStudio_500.mp4,0.009992347539439604
annotated,MorphStudio,MorphStudio_501.mp4,0.10232222745467388
annotated,MorphStudio,MorphStudio_502.mp4,0.010183659053449494
annotated,MorphStudio,MorphStudio_503.mp4,0.0155698139863433
annotated,MorphStudio,MorphStudio_504.mp4,0.004885801742406404
annotated,MorphStudio,MorphStudio_505.mp4,0.019131151400988932
annotated,MorphStudio,MorphStudio_506.mp4,0.09127030845302567
annotated,MorphStudio,MorphStudio_507.mp4,0.11487520602778431
annotated,MorphStudio,MorphStudio_508.mp4,0.032905580409700964
annotated,MorphStudio,MorphStudio_509.mp4,0.0629414881092536
annotated,MorphStudio,MorphStudio_51.mp4,0.08207263951024252
annotated,MorphStudio,MorphStudio_510.mp4,0.11280021191429243
annotated,MorphStudio,MorphStudio_511.mp4,0.004929950553331764
annotated,MorphStudio,MorphStudio_512.mp4,0.006033670826465741
annotated,MorphStudio,MorphStudio_513.mp4,0.034185895926536376
annotated,MorphStudio,MorphStudio_514.mp4,0.07366964916411585
annotated,MorphStudio,MorphStudio_515.mp4,0.536481634094655
annotated,MorphStudio,MorphStudio_516.mp4,0.06117553567223923
annotated,MorphStudio,MorphStudio_517.mp4,0.12307216858959266
annotated,MorphStudio,MorphStudio_518.mp4,0.07842300447374617
annotated,MorphStudio,MorphStudio_519.mp4,0.15696373910995998
annotated,MorphStudio,MorphStudio_52.mp4,0.04077878502472333
annotated,MorphStudio,MorphStudio_520.mp4,0.09001942547680716
annotated,MorphStudio,MorphStudio_521.mp4,0.12419060513303509
annotated,MorphStudio,MorphStudio_522.mp4,0.09361019543206969
annotated,MorphStudio,MorphStudio_523.mp4,0.1325494466682364
annotated,MorphStudio,MorphStudio_524.mp4,0.18802978573110432
annotated,MorphStudio,MorphStudio_525.mp4,0.27660701671768306
annotated,MorphStudio,MorphStudio_526.mp4,0.3235224864610313
annotated,MorphStudio,MorphStudio_527.mp4,0.2510890040028255
annotated,MorphStudio,MorphStudio_528.mp4,0.058938662585354365
annotated,MorphStudio,MorphStudio_529.mp4,0.04837238050388509
annotated,MorphStudio,MorphStudio_53.mp4,0.015775841770661644
annotated,MorphStudio,MorphStudio_530.mp4,0.46662349894042854
annotated,MorphStudio,MorphStudio_531.mp4,0.022986814221803625
annotated,MorphStudio,MorphStudio_532.mp4,0.2484989404285378
annotated,MorphStudio,MorphStudio_533.mp4,0.01673239934071109
annotated,MorphStudio,MorphStudio_534.mp4,0.3762508829762185
annotated,MorphStudio,MorphStudio_535.mp4,0.08791499882269838
annotated,MorphStudio,MorphStudio_536.mp4,0.019219449022839653
annotated,MorphStudio,MorphStudio_537.mp4,0.05417059100541559
annotated,MorphStudio,MorphStudio_538.mp4,0.0037085001177301624
annotated,MorphStudio,MorphStudio_539.mp4,0.025341417471156112
annotated,MorphStudio,MorphStudio_54.mp4,0.002545914763362373
annotated,MorphStudio,MorphStudio_540.mp4,0.02198610784082882
annotated,MorphStudio,MorphStudio_541.mp4,0.007431716505768777
annotated,MorphStudio,MorphStudio_542.mp4,0.007181539910525076
annotated,MorphStudio,MorphStudio_543.mp4,0.0744643277607723
annotated,MorphStudio,MorphStudio_544.mp4,0.02447315752295738
annotated,MorphStudio,MorphStudio_545.mp4,0.02194195902990346
annotated,MorphStudio,MorphStudio_546.mp4,0.01652637155639275
annotated,MorphStudio,MorphStudio_547.mp4,0.15575700494466682
annotated,MorphStudio,MorphStudio_548.mp4,0.09937897339298328
annotated,MorphStudio,MorphStudio_549.mp4,0.11790675771132564
annotated,MorphStudio,MorphStudio_55.mp4,0.012023192842006123
annotated,MorphStudio,MorphStudio_550.mp4,0.006195549799858724
annotated,MorphStudio,MorphStudio_551.mp4,0.041131975512126204
annotated,MorphStudio,MorphStudio_552.mp4,0.015157758417706616
annotated,MorphStudio,MorphStudio_553.mp4,0.014274782199199434
annotated,MorphStudio,MorphStudio_554.mp4,0.016673534259477277
annotated,MorphStudio,MorphStudio_555.mp4,0.023649046385684012
annotated,MorphStudio,MorphStudio_556.mp4,0.028902754885801744
annotated,MorphStudio,MorphStudio_557.mp4,0.026813044502001414
annotated,MorphStudio,MorphStudio_558.mp4,0.011405109489051095
annotated,MorphStudio,MorphStudio_559.mp4,0.0223687308688486
annotated,MorphStudio,MorphStudio_56.mp4,0.011846597598304686
annotated,MorphStudio,MorphStudio_560.mp4,0.024738050388509535
annotated,MorphStudio,MorphStudio_561.mp4,0.015260772309865788
annotated,MorphStudio,MorphStudio_562.mp4,0.012906169060513303
annotated,MorphStudio,MorphStudio_563.mp4,0.017424064045208385
annotated,MorphStudio,MorphStudio_564.mp4,0.017600659288909817
annotated,MorphStudio,MorphStudio_565.mp4,0.03968978102189781
annotated,MorphStudio,MorphStudio_566.mp4,0.036099011066635274
annotated,MorphStudio,MorphStudio_567.mp4,0.014318931010124793
annotated,MorphStudio,MorphStudio_568.mp4,0.012788438898045679
annotated,MorphStudio,MorphStudio_569.mp4,0.017379915234283023
annotated,MorphStudio,MorphStudio_57.mp4,0.00544502001412762
annotated,MorphStudio,MorphStudio_570.mp4,0.4901548151636449
annotated,MorphStudio,MorphStudio_571.mp4,0.15975983046856604
annotated,MorphStudio,MorphStudio_572.mp4,0.07256592889098187
annotated,MorphStudio,MorphStudio_573.mp4,0.0901960207205086
annotated,MorphStudio,MorphStudio_574.mp4,0.18108370614551447
annotated,MorphStudio,MorphStudio_575.mp4,0.13980456793030374
annotated,MorphStudio,MorphStudio_576.mp4,0.18948669649164115
annotated,MorphStudio,MorphStudio_577.mp4,0.41830998351777726
annotated,MorphStudio,MorphStudio_578.mp4,0.3846391570520367
annotated,MorphStudio,MorphStudio_579.mp4,0.2642747821991994
annotated,MorphStudio,MorphStudio_58.mp4,0.018145161290322582
annotated,MorphStudio,MorphStudio_580.mp4,0.1349334824582058
annotated,MorphStudio,MorphStudio_581.mp4,0.1098716741229103
annotated,MorphStudio,MorphStudio_582.mp4,0.16159936425712268
annotated,MorphStudio,MorphStudio_583.mp4,0.32578879208853306
annotated,MorphStudio,MorphStudio_584.mp4,0.17117965622792558
annotated,MorphStudio,MorphStudio_585.mp4,0.13412408759124086
annotated,MorphStudio,MorphStudio_586.mp4,0.11079879915234284
annotated,MorphStudio,MorphStudio_587.mp4,0.18329114669178243
annotated,MorphStudio,MorphStudio_588.mp4,0.5688279962326348
annotated,MorphStudio,MorphStudio_589.mp4,0.22733694372498237
annotated,MorphStudio,MorphStudio_59.mp4,0.03712914998822699
annotated,MorphStudio,MorphStudio_590.mp4,0.040764068754414885
annotated,MorphStudio,MorphStudio_591.mp4,0.027813750882976218
annotated,MorphStudio,MorphStudio_592.mp4,0.0486225570991288
annotated,MorphStudio,MorphStudio_593.mp4,0.0032964445490934777
annotated,MorphStudio,MorphStudio_594.mp4,0.006048387096774193
annotated,MorphStudio,MorphStudio_595.mp4,0.013362373440075348
annotated,MorphStudio,MorphStudio_596.mp4,0.07624499646809513
annotated,MorphStudio,MorphStudio_597.mp4,0.0048122203908641395
annotated,MorphStudio,MorphStudio_598.mp4,0.006519307746644691
annotated,MorphStudio,MorphStudio_599.mp4,0.10957734871674124
annotated,MorphStudio,MorphStudio_6.mp4,0.010963621379797504
annotated,MorphStudio,MorphStudio_60.mp4,0.04054332469978809
annotated,MorphStudio,MorphStudio_600.mp4,0.026091947256887217
annotated,MorphStudio,MorphStudio_601.mp4,0.16733870967741934
annotated,MorphStudio,MorphStudio_602.mp4,0.09099069931716505
annotated,MorphStudio,MorphStudio_603.mp4,0.028431834235931246
annotated,MorphStudio,MorphStudio_604.mp4,0.010154226512832588
annotated,MorphStudio,MorphStudio_605.mp4,0.04016070167176831
annotated,MorphStudio,MorphStudio_606.mp4,0.11594949376030139
annotated,MorphStudio,MorphStudio_607.mp4,0.007578879208853308
annotated,MorphStudio,MorphStudio_608.mp4,0.1751971980221333
annotated,MorphStudio,MorphStudio_609.mp4,0.004723922769013421
annotated,MorphStudio,MorphStudio_61.mp4,0.07456734165293148
annotated,MorphStudio,MorphStudio_610.mp4,0.06107252178008006
annotated,MorphStudio,MorphStudio_611.mp4,0.03222863197551212
annotated,MorphStudio,MorphStudio_612.mp4,0.013509536143159877
annotated,MorphStudio,MorphStudio_613.mp4,0.03184600894749235
annotated,MorphStudio,MorphStudio_614.mp4,0.011699434895220157
annotated,MorphStudio,MorphStudio_615.mp4,0.08057157993878032
annotated,MorphStudio,MorphStudio_616.mp4,0.14283611961384507
annotated,MorphStudio,MorphStudio_617.mp4,0.009845184836355075
annotated,MorphStudio,MorphStudio_618.mp4,0.006489875206027784
annotated,MorphStudio,MorphStudio_619.mp4,0.0060778196373911
annotated,MorphStudio,MorphStudio_62.mp4,0.019852248646103132
annotated,MorphStudio,MorphStudio_620.mp4,0.003605486225570991
annotated,MorphStudio,MorphStudio_621.mp4,0.01749764539675065
annotated,MorphStudio,MorphStudio_622.mp4,0.017468212856133744
annotated,MorphStudio,MorphStudio_623.mp4,0.01147869084059336
annotated,MorphStudio,MorphStudio_624.mp4,0.007505297857311043
annotated,MorphStudio,MorphStudio_625.mp4,0.022869084059336
annotated,MorphStudio,MorphStudio_626.mp4,0.026974923475394395
annotated,MorphStudio,MorphStudio_627.mp4,0.012023192842006123
annotated,MorphStudio,MorphStudio_628.mp4,0.03206675300211914
annotated,MorphStudio,MorphStudio_629.mp4,0.08229338356486932
annotated,MorphStudio,MorphStudio_63.mp4,0.055436190251942546
annotated,MorphStudio,MorphStudio_630.mp4,0.008667883211678832
annotated,MorphStudio,MorphStudio_631.mp4,0.02932952672474688
annotated,MorphStudio,MorphStudio_632.mp4,0.026077230986578763
annotated,MorphStudio,MorphStudio_633.mp4,0.018895691076053683
annotated,MorphStudio,MorphStudio_634.mp4,0.07284553802684247
annotated,MorphStudio,MorphStudio_635.mp4,0.024237697198022136
annotated,MorphStudio,MorphStudio_636.mp4,0.017630091829526726
annotated,MorphStudio,MorphStudio_637.mp4,0.02718095125971274
annotated,MorphStudio,MorphStudio_638.mp4,0.029211796562279256
annotated,MorphStudio,MorphStudio_639.mp4,0.01167000235460325
annotated,MorphStudio,MorphStudio_64.mp4,0.014804567930303745
annotated,MorphStudio,MorphStudio_640.mp4,0.1383770897103838
annotated,MorphStudio,MorphStudio_641.mp4,0.04016070167176831
annotated,MorphStudio,MorphStudio_642.mp4,0.006534024016953143
annotated,MorphStudio,MorphStudio_643.mp4,0.011066635271956676
annotated,MorphStudio,MorphStudio_644.mp4,0.004238285848834471
annotated,MorphStudio,MorphStudio_645.mp4,0.010860607487638334
annotated,MorphStudio,MorphStudio_646.mp4,0.03543677890275489
annotated,MorphStudio,MorphStudio_647.mp4,0.011331528137508831
annotated,MorphStudio,MorphStudio_648.mp4,0.02276607016717683
annotated,MorphStudio,MorphStudio_649.mp4,0.18115728749705673
annotated,MorphStudio,MorphStudio_65.mp4,0.06454556157287497
annotated,MorphStudio,MorphStudio_650.mp4,0.018689663291735343
annotated,MorphStudio,MorphStudio_651.mp4,0.021368024487873796
annotated,MorphStudio,MorphStudio_652.mp4,0.047930892394631504
annotated,MorphStudio,MorphStudio_653.mp4,0.017144454909347774
annotated,MorphStudio,MorphStudio_654.mp4,0.0153196373910996
annotated,MorphStudio,MorphStudio_655.mp4,0.01498116317400518
annotated,MorphStudio,MorphStudio_656.mp4,0.0770396750647516
annotated,MorphStudio,MorphStudio_657.mp4,0.00972745467388745
annotated,MorphStudio,MorphStudio_658.mp4,0.008844478455380268
annotated,MorphStudio,MorphStudio_659.mp4,0.006872498234047563
annotated,MorphStudio,MorphStudio_66.mp4,0.026342123852130916
annotated,MorphStudio,MorphStudio_660.mp4,0.015378502472333412
annotated,MorphStudio,MorphStudio_661.mp4,0.12386684718624912
annotated,MorphStudio,MorphStudio_662.mp4,0.030094772780786438
annotated,MorphStudio,MorphStudio_663.mp4,0.006843065693430657
annotated,MorphStudio,MorphStudio_664.mp4,0.009124087591240875
annotated,MorphStudio,MorphStudio_665.mp4,0.024267129738639037
annotated,MorphStudio,MorphStudio_666.mp4,0.007858488344713916
annotated,MorphStudio,MorphStudio_667.mp4,0.025017659524370142
annotated,MorphStudio,MorphStudio_668.mp4,0.04566458676712974
annotated,MorphStudio,MorphStudio_669.mp4,0.008432422886743583
annotated,MorphStudio,MorphStudio_67.mp4,0.027857899693901577
annotated,MorphStudio,MorphStudio_670.mp4,0.007917353425947729
annotated,MorphStudio,MorphStudio_671.mp4,0.020882387567694845
annotated,MorphStudio,MorphStudio_672.mp4,0.025194254768071578
annotated,MorphStudio,MorphStudio_673.mp4,0.010934188839180597
annotated,MorphStudio,MorphStudio_674.mp4,0.008741464563221097
annotated,MorphStudio,MorphStudio_675.mp4,0.030668707322816104
annotated,MorphStudio,MorphStudio_676.mp4,0.08447139157052037
annotated,MorphStudio,MorphStudio_677.mp4,0.02285436778902755
annotated,MorphStudio,MorphStudio_678.mp4,0.016673534259477277
annotated,MorphStudio,MorphStudio_679.mp4,0.038880386154932896
annotated,MorphStudio,MorphStudio_68.mp4,0.0048122203908641395
annotated,MorphStudio,MorphStudio_680.mp4,0.010095361431598776
annotated,MorphStudio,MorphStudio_681.mp4,0.013583117494702143
annotated,MorphStudio,MorphStudio_682.mp4,0.010522133270543913
annotated,MorphStudio,MorphStudio_683.mp4,0.02523840357899694
annotated,MorphStudio,MorphStudio_684.mp4,0.012538262302801978
annotated,MorphStudio,MorphStudio_685.mp4,0.004120555686366847
annotated,MorphStudio,MorphStudio_686.mp4,0.06382446432776077
annotated,MorphStudio,MorphStudio_687.mp4,0.035392630091829524
annotated,MorphStudio,MorphStudio_688.mp4,0.01799799858723805
annotated,MorphStudio,MorphStudio_689.mp4,0.00816753002119143
annotated,MorphStudio,MorphStudio_69.mp4,0.004782787850247234
annotated,MorphStudio,MorphStudio_690.mp4,0.010787026136096068
annotated,MorphStudio,MorphStudio_691.mp4,0.015864139392512362
annotated,MorphStudio,MorphStudio_692.mp4,0.006018954556157288
annotated,MorphStudio,MorphStudio_693.mp4,0.025253119849305394
annotated,MorphStudio,MorphStudio_694.mp4,0.02047033199905816
annotated,MorphStudio,MorphStudio_695.mp4,0.09977631269131151
annotated,MorphStudio,MorphStudio_696.mp4,0.020411466917824347
annotated,MorphStudio,MorphStudio_697.mp4,0.021103131622321636
annotated,MorphStudio,MorphStudio_698.mp4,0.018071579938780315
annotated,MorphStudio,MorphStudio_699.mp4,0.049181775370850014
annotated,MorphStudio,MorphStudio_7.mp4,0.04944666823640216
annotated,MorphStudio,MorphStudio_70.mp4,0.008211678832116789
annotated,MorphStudio,MorphStudio_700.mp4,0.0248116317400518
annotated,MorphStudio,MorphStudio_71.mp4,0.07957087355780551
annotated,MorphStudio,MorphStudio_72.mp4,0.06547268660230751
annotated,MorphStudio,MorphStudio_73.mp4,0.010051212620673416
annotated,MorphStudio,MorphStudio_74.mp4,0.2066753002119143
annotated,MorphStudio,MorphStudio_75.mp4,0.12689839886979043
annotated,MorphStudio,MorphStudio_76.mp4,0.007843772074405463
annotated,MorphStudio,MorphStudio_77.mp4,0.012288085707558277
annotated,MorphStudio,MorphStudio_78.mp4,0.11549328938073936
annotated,MorphStudio,MorphStudio_79.mp4,0.03144866964916412
annotated,MorphStudio,MorphStudio_8.mp4,0.014937014363079822
annotated,MorphStudio,MorphStudio_80.mp4,0.005915940663998117
annotated,MorphStudio,MorphStudio_81.mp4,0.0037085001177301624
annotated,MorphStudio,MorphStudio_82.mp4,0.012920885330821755
annotated,MorphStudio,MorphStudio_83.mp4,0.12458794443136331
annotated,MorphStudio,MorphStudio_84.mp4,0.06781257358135155
annotated,MorphStudio,MorphStudio_85.mp4,0.014009889333647281
annotated,MorphStudio,MorphStudio_86.mp4,0.27454673887449965
annotated,MorphStudio,MorphStudio_87.mp4,0.04706263244643277
annotated,MorphStudio,MorphStudio_88.mp4,0.040381445726395106
annotated,MorphStudio,MorphStudio_89.mp4,0.0793206969625618
annotated,MorphStudio,MorphStudio_9.mp4,0.011655286084294796
annotated,MorphStudio,MorphStudio_90.mp4,0.03250824111137274
annotated,MorphStudio,MorphStudio_91.mp4,0.2212738403578997
annotated,MorphStudio,MorphStudio_92.mp4,0.14477866729456088
annotated,MorphStudio,MorphStudio_93.mp4,0.16043677890275487
annotated,MorphStudio,MorphStudio_94.mp4,0.27526783611961386
annotated,MorphStudio,MorphStudio_95.mp4,0.14249764539675064
annotated,MorphStudio,MorphStudio_96.mp4,0.05905639274782199
annotated,MorphStudio,MorphStudio_97.mp4,0.007107958558982811
annotated,MorphStudio,MorphStudio_98.mp4,0.04564987049682129
annotated,MorphStudio,MorphStudio_99.mp4,0.07977690134212385
annotated,Show_1,show1_1.mp4,0.08688485990110667
annotated,Show_1,show1_10.mp4,0.014407228631975511
annotated,Show_1,show1_100.mp4,0.01137567694843419
annotated,Show_1,show1_101.mp4,0.14922298092771366
annotated,Show_1,show1_102.mp4,0.06832764304214739
annotated,Show_1,show1_103.mp4,0.17419649164115847
annotated,Show_1,show1_104.mp4,0.4317017894984695
annotated,Show_1,show1_105.mp4,0.046606428066870736
annotated,Show_1,show1_106.mp4,0.008741464563221097
annotated,Show_1,show1_107.mp4,0.08991641158464798
annotated,Show_1,show1_108.mp4,0.4398251707087356
annotated,Show_1,show1_109.mp4,0.010492700729927008
annotated,Show_1,show1_11.mp4,0.01576112550035319
annotated,Show_1,show1_110.mp4,0.01293560160113021
annotated,Show_1,show1_111.mp4,0.017939133506004238
annotated,Show_1,show1_112.mp4,0.27438485990110667
annotated,Show_1,show1_113.mp4,0.04659171179656228
annotated,Show_1,show1_114.mp4,0.03676124323051566
annotated,Show_1,show1_115.mp4,0.11600835884153521
annotated,Show_1,show1_116.mp4,0.2279403108076289
annotated,Show_1,show1_117.mp4,0.10060042382858489
annotated,Show_1,show1_118.mp4,0.5717418177537085
annotated,Show_1,show1_119.mp4,0.3680833529550271
annotated,Show_1,show1_12.mp4,0.007210972451141983
annotated,Show_1,show1_120.mp4,0.04180892394631505
annotated,Show_1,show1_121.mp4,0.055627501765952436
annotated,Show_1,show1_122.mp4,0.15790558040970096
annotated,Show_1,show1_123.mp4,0.030035907699552625
annotated,Show_1,show1_124.mp4,0.010831174947021427
annotated,Show_1,show1_125.mp4,0.175285495643984
annotated,Show_1,show1_126.mp4,0.1252207440546268
annotated,Show_1,show1_127.mp4,0.1404520838238757
annotated,Show_1,show1_128.mp4,0.1622174476100777
annotated,Show_1,show1_129.mp4,0.37583882740758184
annotated,Show_1,show1_13.mp4,0.00749058158700259
annotated,Show_1,show1_130.mp4,0.4584706851895456
annotated,Show_1,show1_131.mp4,0.07884977631269131
annotated,Show_1,show1_132.mp4,0.24181775370850012
annotated,Show_1,show1_133.mp4,0.027122086178478926
annotated,Show_1,show1_134.mp4,0.026945490934777487
annotated,Show_1,show1_135.mp4,0.25813809748057454
annotated,Show_1,show1_136.mp4,0.02757829055804097
annotated,Show_1,show1_137.mp4,0.008167530021191428
annotated,Show_1,show1_138.mp4,0.02693077466446904
annotated,Show_1,show1_139.mp4,0.05021191429244172
annotated,Show_1,show1_14.mp4,0.007681893101012479
annotated,Show_1,show1_140.mp4,0.16795679303037436
annotated,Show_1,show1_141.mp4,0.24214151165528608
annotated,Show_1,show1_142.mp4,0.03299387803155168
annotated,Show_1,show1_143.mp4,0.12555921827172123
annotated,Show_1,show1_144.mp4,0.48877148575465035
annotated,Show_1,show1_145.mp4,0.21276783611961383
annotated,Show_1,show1_146.mp4,0.08700259006357428
annotated,Show_1,show1_147.mp4,0.17880268424770426
annotated,Show_1,show1_148.mp4,0.006592889098186955
annotated,Show_1,show1_149.mp4,0.002943254061690605
annotated,Show_1,show1_15.mp4,0.0015599246526960208
annotated,Show_1,show1_150.mp4,0.003370025900635743
annotated,Show_1,show1_151.mp4,0.016673534259477277
annotated,Show_1,show1_152.mp4,0.01589357193312927
annotated,Show_1,show1_153.mp4,0.00894749234753944
annotated,Show_1,show1_154.mp4,0.03165469743348246
annotated,Show_1,show1_155.mp4,0.027784318342359313
annotated,Show_1,show1_156.mp4,0.00841770661643513
annotated,Show_1,show1_157.mp4,0.007461149046385684
annotated,Show_1,show1_158.mp4,0.01634977631269131
annotated,Show_1,show1_159.mp4,0.009124087591240875
annotated,Show_1,show1_16.mp4,0.006239698610784083
annotated,Show_1,show1_160.mp4,0.00782905580409701
annotated,Show_1,show1_161.mp4,0.006607605368495409
annotated,Show_1,show1_162.mp4,0.015555097716034848
annotated,Show_1,show1_163.mp4,0.005180127148575465
annotated,Show_1,show1_164.mp4,0.046120791146691785
annotated,Show_1,show1_165.mp4,0.002766658817989169
annotated,Show_1,show1_166.mp4,0.050197198022133266
annotated,Show_1,show1_167.mp4,0.18660230751118437
annotated,Show_1,show1_168.mp4,0.035819401930774666
annotated,Show_1,show1_169.mp4,0.005180127148575465
annotated,Show_1,show1_17.mp4,0.04816635271956675
annotated,Show_1,show1_170.mp4,0.0031345655757004944
annotated,Show_1,show1_171.mp4,0.0026047798445961853
annotated,Show_1,show1_172.mp4,0.005032964445490934
annotated,Show_1,show1_173.mp4,0.010757593595479162
annotated,Show_1,show1_174.mp4,0.0015599246526960208
annotated,Show_1,show1_175.mp4,0.0026930774664469036
annotated,Show_1,show1_176.mp4,0.005901224393689663
annotated,Show_1,show1_177.mp4,0.036584647986814225
annotated,Show_1,show1_178.mp4,0.027372262773722626
annotated,Show_1,show1_179.mp4,0.23091299740993643
annotated,Show_1,show1_18.mp4,0.06085177772545326
annotated,Show_1,show1_180.mp4,0.006578172827878502
annotated,Show_1,show1_181.mp4,0.08820932422886743
annotated,Show_1,show1_182.mp4,0.00384094655050624
annotated,Show_1,show1_183.mp4,0.07817282787850247
annotated,Show_1,show1_184.mp4,0.0044148810925359085
annotated,Show_1,show1_185.mp4,0.021941959029903462
annotated,Show_1,show1_186.mp4,0.0036643513068048035
annotated,Show_1,show1_187.mp4,0.08682599481987285
annotated,Show_1,show1_188.mp4,0.0019866964916411584
annotated,Show_1,show1_189.mp4,0.11088709677419355
annotated,Show_1,show1_19.mp4,0.013627266305627501
annotated,Show_1,show1_190.mp4,0.11775959500824111
annotated,Show_1,show1_191.mp4,0.1794502001412762
annotated,Show_1,show1_192.mp4,0.014024605603955733
annotated,Show_1,show1_193.mp4,0.01327407581822463
annotated,Show_1,show1_194.mp4,0.08759124087591241
annotated,Show_1,show1_195.mp4,0.016864845773487167
annotated,Show_1,show1_196.mp4,0.016173181068989875
annotated,Show_1,show1_197.mp4,0.009859901106663528
annotated,Show_1,show1_198.mp4,0.010757593595479162
annotated,Show_1,show1_199.mp4,0.030801153755592184
annotated,Show_1,show1_2.mp4,0.021529903461266778
annotated,Show_1,show1_20.mp4,0.0043118672003767365
annotated,Show_1,show1_200.mp4,0.02644513774429009
annotated,Show_1,show1_201.mp4,0.2479985872380504
annotated,Show_1,show1_202.mp4,0.045738168118672005
annotated,Show_1,show1_203.mp4,0.04654756298563692
annotated,Show_1,show1_204.mp4,0.09190310807628914
annotated,Show_1,show1_205.mp4,0.006048387096774193
annotated,Show_1,show1_206.mp4,0.027225100070638098
annotated,Show_1,show1_207.mp4,0.02884388980456793
annotated,Show_1,show1_208.mp4,0.10326406875441488
annotated,Show_1,show1_209.mp4,0.06903402401695315
annotated,Show_1,show1_21.mp4,0.253767365198964
annotated,Show_1,show1_210.mp4,0.0032081469272427594
annotated,Show_1,show1_211.mp4,0.015201907228631975
annotated,Show_1,show1_212.mp4,0.004356016011302095
annotated,Show_1,show1_213.mp4,0.030168354132328705
annotated,Show_1,show1_214.mp4,0.006519307746644691
annotated,Show_1,show1_215.mp4,0.04052860842947963
annotated,Show_1,show1_216.mp4,0.08141040734636214
annotated,Show_1,show1_217.mp4,0.010772309865787614
annotated,Show_1,show1_218.mp4,0.15484459618554275
annotated,Show_1,show1_219.mp4,0.033288203437720744
annotated,Show_1,show1_22.mp4,0.39441076053684954
annotated,Show_1,show1_220.mp4,0.066105486225571
annotated,Show_1,show1_221.mp4,0.07216858959265364
annotated,Show_1,show1_222.mp4,0.039733929832823166
annotated,Show_1,show1_223.mp4,0.002899105250765246
annotated,Show_1,show1_224.mp4,0.0016335060042382858
annotated,Show_1,show1_225.mp4,0.013656698846244406
annotated,Show_1,show1_226.mp4,0.003517188603720273
annotated,Show_1,show1_227.mp4,0.054097009653873325
annotated,Show_1,show1_228.mp4,0.23732929126442193
annotated,Show_1,show1_229.mp4,0.23618142218036262
annotated,Show_1,show1_23.mp4,0.024046385684012243
annotated,Show_1,show1_230.mp4,0.012920885330821755
annotated,Show_1,show1_231.mp4,0.051963150459147636
annotated,Show_1,show1_232.mp4,0.009212385213091593
annotated,Show_1,show1_233.mp4,0.018954556157287496
annotated,Show_1,show1_234.mp4,0.11366847186249118
annotated,Show_1,show1_235.mp4,0.01905757004944667
annotated,Show_1,show1_236.mp4,0.09736284436072523
annotated,Show_1,show1_237.mp4,0.0741258535436779
annotated,Show_1,show1_238.mp4,0.0018983988697904401
annotated,Show_1,show1_239.mp4,0.0022221568165764066
annotated,Show_1,show1_24.mp4,0.08249941134918767
annotated,Show_1,show1_240.mp4,0.11936366847186249
annotated,Show_1,show1_241.mp4,0.008447139157052037
annotated,Show_1,show1_242.mp4,0.04067577113256416
annotated,Show_1,show1_243.mp4,0.005312573581351542
annotated,Show_1,show1_244.mp4,0.017335766423357664
annotated,Show_1,show1_245.mp4,0.0068577819637391105
annotated,Show_1,show1_246.mp4,0.00447374617376972
annotated,Show_1,show1_247.mp4,0.08741464563221098
annotated,Show_1,show1_248.mp4,0.00223687308688486
annotated,Show_1,show1_249.mp4,0.04104367789027549
annotated,Show_1,show1_25.mp4,0.006327996232634801
annotated,Show_1,show1_250.mp4,0.02903520131857782
annotated,Show_1,show1_251.mp4,0.018159877560631033
annotated,Show_1,show1_252.mp4,0.03895396750647516
annotated,Show_1,show1_253.mp4,0.011596421003060985
annotated,Show_1,show1_254.mp4,0.029932893807393453
annotated,Show_1,show1_255.mp4,0.0394101718860372
annotated,Show_1,show1_256.mp4,0.013848010360254298
annotated,Show_1,show1_257.mp4,0.006092535907699552
annotated,Show_1,show1_258.mp4,0.01449552625382623
annotated,Show_1,show1_259.mp4,0.011419825759359547
annotated,Show_1,show1_26.mp4,0.04856369201789498
annotated,Show_1,show1_260.mp4,0.009168236402166236
annotated,Show_1,show1_261.mp4,0.01886625853543678
annotated,Show_1,show1_262.mp4,0.006872498234047563
annotated,Show_1,show1_263.mp4,0.016055450906522252
annotated,Show_1,show1_264.mp4,0.05798210501530492
annotated,Show_1,show1_265.mp4,0.02849069931716506
annotated,Show_1,show1_266.mp4,0.023796209088768543
annotated,Show_1,show1_267.mp4,0.0047092064987049684
annotated,Show_1,show1_268.mp4,0.004974099364257123
annotated,Show_1,show1_269.mp4,0.024340711090181304
annotated,Show_1,show1_27.mp4,0.1295767600659289
annotated,Show_1,show1_270.mp4,0.012229220626324465
annotated,Show_1,show1_271.mp4,0.017791970802919707
annotated,Show_1,show1_272.mp4,0.014524958794443137
annotated,Show_1,show1_273.mp4,0.026194961149046382
annotated,Show_1,show1_274.mp4,0.02841711796562279
annotated,Show_1,show1_275.mp4,0.0578643748528373
annotated,Show_1,show1_276.mp4,0.004444313633152814
annotated,Show_1,show1_277.mp4,0.01453967506475159
annotated,Show_1,show1_278.mp4,0.03559865787614787
annotated,Show_1,show1_279.mp4,0.00462090887685425
annotated,Show_1,show1_28.mp4,0.07337532375794678
annotated,Show_1,show1_280.mp4,0.01006592889098187
annotated,Show_1,show1_281.mp4,0.08401518719095832
annotated,Show_1,show1_282.mp4,0.010566282081469272
annotated,Show_1,show1_283.mp4,0.031890157758417706
annotated,Show_1,show1_284.mp4,0.019896397457028488
annotated,Show_1,show1_285.mp4,0.09639157052036731
annotated,Show_1,show1_286.mp4,0.13924534965858254
annotated,Show_1,show1_287.mp4,0.03018307040263716
annotated,Show_1,show1_288.mp4,0.0025017659524370147
annotated,Show_1,show1_289.mp4,0.0488727336943725
annotated,Show_1,show1_29.mp4,0.0060778196373911
annotated,Show_1,show1_290.mp4,0.03010948905109489
annotated,Show_1,show1_291.mp4,0.07253649635036497
annotated,Show_1,show1_292.mp4,0.05206616435130681
annotated,Show_1,show1_293.mp4,0.10539792794914057
annotated,Show_1,show1_294.mp4,0.05352307511184365
annotated,Show_1,show1_295.mp4,0.013509536143159877
annotated,Show_1,show1_296.mp4,0.009918766187897339
annotated,Show_1,show1_297.mp4,0.030138921591711797
annotated,Show_1,show1_298.mp4,0.01989639745702849
annotated,Show_1,show1_299.mp4,0.07302213327054391
annotated,Show_1,show1_3.mp4,0.06366258535436779
annotated,Show_1,show1_30.mp4,0.020308453025665175
annotated,Show_1,show1_300.mp4,0.02428184600894749
annotated,Show_1,show1_301.mp4,0.07646574052272193
annotated,Show_1,show1_302.mp4,0.013803861549328939
annotated,Show_1,show1_303.mp4,0.09686249117023782
annotated,Show_1,show1_304.mp4,0.07487638332940899
annotated,Show_1,show1_305.mp4,0.09299211207911467
annotated,Show_1,show1_306.mp4,0.023428302331057214
annotated,Show_1,show1_307.mp4,0.010566282081469272
annotated,Show_1,show1_308.mp4,0.06531080762891453
annotated,Show_1,show1_309.mp4,0.15746409230044736
annotated,Show_1,show1_31.mp4,0.008299976453967507
annotated,Show_1,show1_310.mp4,0.01571697668942783
annotated,Show_1,show1_311.mp4,0.3897309865787615
annotated,Show_1,show1_312.mp4,0.015923004473746175
annotated,Show_1,show1_313.mp4,0.04581174947021427
annotated,Show_1,show1_314.mp4,0.0197050859430186
annotated,Show_1,show1_315.mp4,0.0267541794207676
annotated,Show_1,show1_316.mp4,0.03939545561572875
annotated,Show_1,show1_317.mp4,0.023075111843654343
annotated,Show_1,show1_318.mp4,0.14380739345420296
annotated,Show_1,show1_319.mp4,0.11107840828820344
annotated,Show_1,show1_32.mp4,0.07160937132093242
annotated,Show_1,show1_320.mp4,0.036010713444784556
annotated,Show_1,show1_321.mp4,0.1286937838474217
annotated,Show_1,show1_322.mp4,0.03397986814221804
annotated,Show_1,show1_323.mp4,0.010595714622086179
annotated,Show_1,show1_324.mp4,0.16452790204850481
annotated,Show_1,show1_325.mp4,0.05636331528137509
annotated,Show_1,show1_326.mp4,0.03864492582999765
annotated,Show_1,show1_327.mp4,0.06061631740051801
annotated,Show_1,show1_328.mp4,0.014716270308453027
annotated,Show_1,show1_329.mp4,0.007990934777489992
annotated,Show_1,show1_33.mp4,0.005989522015540381
annotated,Show_1,show1_330.mp4,0.03562809041676478
annotated,Show_1,show1_331.mp4,0.0197050859430186
annotated,Show_1,show1_332.mp4,0.2604338356486932
annotated,Show_1,show1_333.mp4,0.03327348716741229
annotated,Show_1,show1_334.mp4,0.1260007063809748
annotated,Show_1,show1_335.mp4,0.20738168118672004
annotated,Show_1,show1_336.mp4,0.029432540616906047
annotated,Show_1,show1_337.mp4,0.05097716034848128
annotated,Show_1,show1_338.mp4,0.005474452554744526
annotated,Show_1,show1_339.mp4,0.024487873793265835
annotated,Show_1,show1_34.mp4,0.01137567694843419
annotated,Show_1,show1_340.mp4,0.07970331999058158
annotated,Show_1,show1_341.mp4,0.08667883211678833
annotated,Show_1,show1_342.mp4,0.15207793736755357
annotated,Show_1,show1_343.mp4,0.004562043795620438
annotated,Show_1,show1_344.mp4,0.10196903696727101
annotated,Show_1,show1_345.mp4,0.28103661408052744
annotated,Show_1,show1_346.mp4,0.038203437720744055
annotated,Show_1,show1_347.mp4,0.016232046150223688
annotated,Show_1,show1_348.mp4,0.018218742641864846
annotated,Show_1,show1_349.mp4,0.005974805745231928
annotated,Show_1,show1_35.mp4,0.03709971744761008
annotated,Show_1,show1_350.mp4,0.042441723569578524
annotated,Show_1,show1_351.mp4,0.010684012243936896
annotated,Show_1,show1_352.mp4,0.008447139157052037
annotated,Show_1,show1_353.mp4,0.01308276430421474
annotated,Show_1,show1_354.mp4,0.014804567930303745
annotated,Show_1,show1_355.mp4,0.0013980456793030375
annotated,Show_1,show1_356.mp4,0.0034877560631033674
annotated,Show_1,show1_357.mp4,0.01668825052978573
annotated,Show_1,show1_358.mp4,0.237461737697198
annotated,Show_1,show1_359.mp4,0.03425947727807864
annotated,Show_1,show1_36.mp4,0.011272663056275018
annotated,Show_1,show1_360.mp4,0.01721803626089004
annotated,Show_1,show1_361.mp4,0.032331645867671295
annotated,Show_1,show1_362.mp4,0.015834706851895454
annotated,Show_1,show1_363.mp4,0.007240404991758888
annotated,Show_1,show1_364.mp4,0.048342947963268185
annotated,Show_1,show1_365.mp4,0.0037085001177301624
annotated,Show_1,show1_366.mp4,0.012052625382623028
annotated,Show_1,show1_367.mp4,0.021441605839416056
annotated,Show_1,show1_368.mp4,0.044134094655050624
annotated,Show_1,show1_369.mp4,0.012803155168354133
annotated,Show_1,show1_37.mp4,0.002310454438427125
annotated,Show_1,show1_370.mp4,0.02718095125971274
annotated,Show_1,show1_371.mp4,0.009462561808335296
annotated,Show_1,show1_372.mp4,0.008285260183659052
annotated,Show_1,show1_373.mp4,0.0442665410878267
annotated,Show_1,show1_374.mp4,0.011051919001648224
annotated,Show_1,show1_375.mp4,0.12027607723098657
annotated,Show_1,show1_376.mp4,0.020455615728749706
annotated,Show_1,show1_377.mp4,0.037276312691311514
annotated,Show_1,show1_378.mp4,0.01745349658582529
annotated,Show_1,show1_379.mp4,0.11425712267482929
annotated,Show_1,show1_38.mp4,0.0109341888391806
annotated,Show_1,show1_380.mp4,0.006210266070167177
annotated,Show_1,show1_381.mp4,0.03926300918295267
annotated,Show_1,show1_382.mp4,0.012052625382623028
annotated,Show_1,show1_383.mp4,0.006386861313868613
annotated,Show_1,show1_384.mp4,0.26091947256887216
annotated,Show_1,show1_385.mp4,0.023222274546738874
annotated,Show_1,show1_386.mp4,0.038277019072286325
annotated,Show_1,show1_387.mp4,0.1108429479632682
annotated,Show_1,show1_388.mp4,0.007505297857311043
annotated,Show_1,show1_389.mp4,0.020970685189545563
annotated,Show_1,show1_39.mp4,0.004488462444078173
annotated,Show_1,show1_390.mp4,0.046606428066870736
annotated,Show_1,show1_391.mp4,0.017733105721685898
annotated,Show_1,show1_392.mp4,0.0873116317400518
annotated,Show_1,show1_393.mp4,0.03311160819401931
annotated,Show_1,show1_394.mp4,0.019896397457028488
annotated,Show_1,show1_395.mp4,0.008182246291499882
annotated,Show_1,show1_396.mp4,0.02105898281139628
annotated,Show_1,show1_397.mp4,0.0605868848599011
annotated,Show_1,show1_398.mp4,0.06068989875206028
annotated,Show_1,show1_399.mp4,0.09009300682834942
annotated,Show_1,show1_4.mp4,0.008770897103838004
annotated,Show_1,show1_40.mp4,0.006342712502943254
annotated,Show_1,show1_400.mp4,0.053611372733694374
annotated,Show_1,show1_401.mp4,0.011346244407817282
annotated,Show_1,show1_402.mp4,0.02066164351306805
annotated,Show_1,show1_403.mp4,0.03162526489286555
annotated,Show_1,show1_404.mp4,0.010154226512832588
annotated,Show_1,show1_405.mp4,0.040690487402872615
annotated,Show_1,show1_406.mp4,0.027445844125264893
annotated,Show_1,show1_407.mp4,0.020043560160113022
annotated,Show_1,show1_408.mp4,0.028902754885801744
annotated,Show_1,show1_409.mp4,0.005386154932893808
annotated,Show_1,show1_41.mp4,0.022986814221803625
annotated,Show_1,show1_410.mp4,0.004753355309630327
annotated,Show_1,show1_411.mp4,0.07464092300447375
annotated,Show_1,show1_412.mp4,0.011199081704732753
annotated,Show_1,show1_413.mp4,0.003487756063103367
annotated,Show_1,show1_414.mp4,0.007961502236873086
annotated,Show_1,show1_415.mp4,0.007049093477748999
annotated,Show_1,show1_416.mp4,0.010875323757946786
annotated,Show_1,show1_417.mp4,0.09976159642100306
annotated,Show_1,show1_418.mp4,0.023178125735813515
annotated,Show_1,show1_419.mp4,0.01935189545561573
annotated,Show_1,show1_42.mp4,0.026665881798916883
annotated,Show_1,show1_420.mp4,0.006445726395102425
annotated,Show_1,show1_421.mp4,0.025518012714857548
annotated,Show_1,show1_422.mp4,0.011802448787379327
annotated,Show_1,show1_423.mp4,0.010080645161290322
annotated,Show_1,show1_424.mp4,0.01181716505768778
annotated,Show_1,show1_425.mp4,0.04039616199670355
annotated,Show_1,show1_426.mp4,0.0037967977395808807
annotated,Show_1,show1_427.mp4,0.03180186013656699
annotated,Show_1,show1_428.mp4,0.0048563692017894984
annotated,Show_1,show1_429.mp4,0.012655992465269602
annotated,Show_1,show1_43.mp4,0.11282964445490935
annotated,Show_1,show1_430.mp4,0.016026018365905344
annotated,Show_1,show1_431.mp4,0.12470567459383095
annotated,Show_1,show1_432.mp4,0.011257946785966564
annotated,Show_1,show1_433.mp4,0.05686366847186249
annotated,Show_1,show1_434.mp4,0.01742406404520838
annotated,Show_1,show1_435.mp4,0.5466505768777961
annotated,Show_1,show1_436.mp4,0.26431893101012477
annotated,Show_1,show1_437.mp4,0.018307040263715563
annotated,Show_1,show1_438.mp4,0.09542029668000941
annotated,Show_1,show1_439.mp4,0.14541146691782433
annotated,Show_1,show1_44.mp4,0.022103838003296444
annotated,Show_1,show1_440.mp4,0.028063927478219917
annotated,Show_1,show1_441.mp4,0.07621556392747822
annotated,Show_1,show1_442.mp4,0.008829762185071815
annotated,Show_1,show1_443.mp4,0.00685778196373911
annotated,Show_1,show1_444.mp4,0.17029668000941842
annotated,Show_1,show1_445.mp4,0.2166676477513539
annotated,Show_1,show1_446.mp4,0.09009300682834942
annotated,Show_1,show1_447.mp4,0.08401518719095832
annotated,Show_1,show1_448.mp4,0.06332411113727336
annotated,Show_1,show1_449.mp4,0.21815399105250766
annotated,Show_1,show1_45.mp4,0.1797003767365199
annotated,Show_1,show1_450.mp4,0.11948139863433012
annotated,Show_1,show1_451.mp4,0.17862608900400284
annotated,Show_1,show1_452.mp4,0.10608959265363786
annotated,Show_1,show1_453.mp4,0.017909700965387333
annotated,Show_1,show1_454.mp4,0.01322992700729927
annotated,Show_1,show1_455.mp4,0.02665116552860843
annotated,Show_1,show1_456.mp4,0.003311160819401931
annotated,Show_1,show1_457.mp4,0.030168354132328705
annotated,Show_1,show1_458.mp4,0.05149222980927714
annotated,Show_1,show1_459.mp4,0.5611313868613139
annotated,Show_1,show1_46.mp4,0.1580821756534024
annotated,Show_1,show1_460.mp4,0.1814516129032258
annotated,Show_1,show1_461.mp4,0.10628090416764775
annotated,Show_1,show1_462.mp4,0.1405698139863433
annotated,Show_1,show1_463.mp4,0.028608429479632682
annotated,Show_1,show1_464.mp4,0.02859371320932423
annotated,Show_1,show1_465.mp4,0.07505297857311043
annotated,Show_1,show1_466.mp4,0.16627913821521073
annotated,Show_1,show1_467.mp4,0.19190016482222744
annotated,Show_1,show1_468.mp4,0.0059600894749234756
annotated,Show_1,show1_469.mp4,0.00032375794678596656
annotated,Show_1,show1_47.mp4,0.014583823875676949
annotated,Show_1,show1_470.mp4,0.0024281846008947492
annotated,Show_1,show1_471.mp4,0.001044855191900165
annotated,Show_1,show1_472.mp4,0.006637037909112315
annotated,Show_1,show1_473.mp4,0.09901106663527195
annotated,Show_1,show1_474.mp4,0.007093242288674358
annotated,Show_1,show1_475.mp4,0.013097480574523193
annotated,Show_1,show1_476.mp4,0.019219449022839653
annotated,Show_1,show1_477.mp4,0.001707087355780551
annotated,Show_1,show1_478.mp4,0.012655992465269602
annotated,Show_1,show1_479.mp4,0.03297916176124323
annotated,Show_1,show1_48.mp4,0.04220626324464327
annotated,Show_1,show1_480.mp4,0.02938839180598069
annotated,Show_1,show1_481.mp4,0.021029550270779372
annotated,Show_1,show1_482.mp4,0.021014834000470918
annotated,Show_1,show1_483.mp4,0.07241876618789733
annotated,Show_1,show1_484.mp4,0.15238697904403106
annotated,Show_1,show1_485.mp4,0.006769484341888392
annotated,Show_1,show1_486.mp4,0.020941252648928654
annotated,Show_1,show1_487.mp4,0.23774134683305864
annotated,Show_1,show1_488.mp4,0.013877442900871203
annotated,Show_1,show1_489.mp4,0.009962914998822698
annotated,Show_1,show1_49.mp4,0.024988226983753237
annotated,Show_1,show1_490.mp4,0.018969272427595947
annotated,Show_1,show1_491.mp4,0.016982575935954793
annotated,Show_1,show1_492.mp4,0.009756887214504356
annotated,Show_1,show1_493.mp4,0.14864904638568402
annotated,Show_1,show1_494.mp4,0.006725335530963033
annotated,Show_1,show1_495.mp4,0.03093360018836826
annotated,Show_1,show1_496.mp4,0.07107958558982812
annotated,Show_1,show1_497.mp4,0.052139745702849065
annotated,Show_1,show1_498.mp4,0.005857075582764304
annotated,Show_1,show1_499.mp4,0.10573640216623499
annotated,Show_1,show1_5.mp4,0.039380739345420294
annotated,Show_1,show1_50.mp4,0.014127619496114904
annotated,Show_1,show1_500.mp4,0.016467506475158936
annotated,Show_1,show1_501.mp4,0.0770396750647516
annotated,Show_1,show1_502.mp4,0.018689663291735343
annotated,Show_1,show1_503.mp4,0.007210972451141983
annotated,Show_1,show1_504.mp4,0.027386979044031083
annotated,Show_1,show1_505.mp4,0.009065222510007064
annotated,Show_1,show1_506.mp4,0.04210324935248411
annotated,Show_1,show1_507.mp4,0.07990934777489993
annotated,Show_1,show1_508.mp4,0.4855191900164822
annotated,Show_1,show1_509.mp4,0.17413762655992465
annotated,Show_1,show1_51.mp4,0.058085118907464095
annotated,Show_1,show1_510.mp4,0.009756887214504356
annotated,Show_1,show1_511.mp4,0.015098893336472805
annotated,Show_1,show1_512.mp4,0.0061072521780080056
annotated,Show_1,show1_513.mp4,0.02130915940663998
annotated,Show_1,show1_514.mp4,0.017674240640452085
annotated,Show_1,show1_515.mp4,0.4982929126442195
annotated,Show_1,show1_516.mp4,0.013141629385448553
annotated,Show_1,show1_517.mp4,0.4243142218036261
annotated,Show_1,show1_518.mp4,0.21476924888156346
annotated,Show_1,show1_519.mp4,0.14068754414881093
annotated,Show_1,show1_52.mp4,0.08870967741935484
annotated,Show_1,show1_520.mp4,0.17091476336237343
annotated,Show_1,show1_521.mp4,0.03802684247704262
annotated,Show_1,show1_522.mp4,0.22109724511419826
annotated,Show_1,show1_523.mp4,0.647221568165764
annotated,Show_1,show1_524.mp4,0.0537585354367789
annotated,Show_1,show1_525.mp4,0.34103484812809043
annotated,Show_1,show1_526.mp4,0.7382122674829291
annotated,Show_1,show1_527.mp4,0.8054067577113256
annotated,Show_1,show1_528.mp4,0.029888744996468097
annotated,Show_1,show1_529.mp4,0.011140216623498941
annotated,Show_1,show1_53.mp4,0.008005651047798447
annotated,Show_1,show1_530.mp4,0.35051212620673416
annotated,Show_1,show1_531.mp4,0.018733812102660702
annotated,Show_1,show1_532.mp4,0.4342771368024488
annotated,Show_1,show1_533.mp4,0.023340004709206497
annotated,Show_1,show1_534.mp4,0.7325465034141747
annotated,Show_1,show1_535.mp4,0.163689074640923
annotated,Show_1,show1_536.mp4,0.007225688721450436
annotated,Show_1,show1_537.mp4,0.011640569813986344
annotated,Show_1,show1_538.mp4,0.007210972451141983
annotated,Show_1,show1_539.mp4,0.00797621850718154
annotated,Show_1,show1_54.mp4,0.008255827643042148
annotated,Show_1,show1_540.mp4,0.01424534965858253
annotated,Show_1,show1_541.mp4,0.04616493995761714
annotated,Show_1,show1_542.mp4,0.016526371556392746
annotated,Show_1,show1_543.mp4,0.02703378855662821
annotated,Show_1,show1_544.mp4,0.24321579938780316
annotated,Show_1,show1_545.mp4,0.030992465269602074
annotated,Show_1,show1_546.mp4,0.06953437720744055
annotated,Show_1,show1_547.mp4,0.03876265599246527
annotated,Show_1,show1_548.mp4,0.04668000941841299
annotated,Show_1,show1_549.mp4,0.07394925829997645
annotated,Show_1,show1_55.mp4,0.023236990817047328
annotated,Show_1,show1_550.mp4,0.05316988462444078
annotated,Show_1,show1_551.mp4,0.0605574523192842
annotated,Show_1,show1_552.mp4,0.05047680715799388
annotated,Show_1,show1_553.mp4,0.013759712738403578
annotated,Show_1,show1_554.mp4,0.017144454909347774
annotated,Show_1,show1_555.mp4,0.05480339062867907
annotated,Show_1,show1_556.mp4,0.10600129503178715
annotated,Show_1,show1_557.mp4,0.1167000235460325
annotated,Show_1,show1_558.mp4,0.005518601365669885
annotated,Show_1,show1_559.mp4,0.019337179185307276
annotated,Show_1,show1_56.mp4,0.036202024958794446
annotated,Show_1,show1_560.mp4,0.11059277136802448
annotated,Show_1,show1_561.mp4,0.009992347539439604
annotated,Show_1,show1_562.mp4,0.04336884859901107
annotated,Show_1,show1_563.mp4,0.10039439604426653
annotated,Show_1,show1_564.mp4,0.04091123145749941
annotated,Show_1,show1_565.mp4,0.10610430892394632
annotated,Show_1,show1_566.mp4,0.06703261125500354
annotated,Show_1,show1_567.mp4,0.105574523192842
annotated,Show_1,show1_568.mp4,0.02101483400047092
annotated,Show_1,show1_569.mp4,0.12048210501530493
annotated,Show_1,show1_57.mp4,0.007372851424534966
annotated,Show_1,show1_570.mp4,0.4784700965387332
annotated,Show_1,show1_571.mp4,0.03055097716034848
annotated,Show_1,show1_572.mp4,0.3716741229102896
annotated,Show_1,show1_573.mp4,0.2494113491876619
annotated,Show_1,show1_574.mp4,0.10841476336237343
annotated,Show_1,show1_575.mp4,0.3217123852130916
annotated,Show_1,show1_576.mp4,0.047739580880621614
annotated,Show_1,show1_577.mp4,0.4151312691311514
annotated,Show_1,show1_578.mp4,0.4261096067812573
annotated,Show_1,show1_579.mp4,0.36868672003767367
annotated,Show_1,show1_58.mp4,0.018365905344949376
annotated,Show_1,show1_580.mp4,0.6647780786437485
annotated,Show_1,show1_581.mp4,0.2823169295973628
annotated,Show_1,show1_582.mp4,0.07880562750176595
annotated,Show_1,show1_583.mp4,0.5365257829055804
annotated,Show_1,show1_584.mp4,0.23211973157522958
annotated,Show_1,show1_585.mp4,0.3443607252178008
annotated,Show_1,show1_586.mp4,0.2619937603013892
annotated,Show_1,show1_587.mp4,0.6528578996939016
annotated,Show_1,show1_588.mp4,0.7941340946550506
annotated,Show_1,show1_589.mp4,0.14008417706616436
annotated,Show_1,show1_59.mp4,0.11483105721685896
annotated,Show_1,show1_590.mp4,0.0367170944195903
annotated,Show_1,show1_591.mp4,0.008049799858723805
annotated,Show_1,show1_592.mp4,0.015599246526960207
annotated,Show_1,show1_593.mp4,0.01084589121732988
annotated,Show_1,show1_594.mp4,0.0019278314104073462
annotated,Show_1,show1_595.mp4,0.009889333647280433
annotated,Show_1,show1_596.mp4,0.004753355309630327
annotated,Show_1,show1_597.mp4,0.01839533788556628
annotated,Show_1,show1_598.mp4,0.01396574052272192
annotated,Show_1,show1_599.mp4,0.01690899458441253
annotated,Show_1,show1_6.mp4,0.029594419590299036
annotated,Show_1,show1_60.mp4,0.024296562279255945
annotated,Show_1,show1_600.mp4,0.05266953143395338
annotated,Show_1,show1_601.mp4,0.006195549799858724
annotated,Show_1,show1_602.mp4,0.10257240404991759
annotated,Show_1,show1_603.mp4,0.036319755121262065
annotated,Show_1,show1_604.mp4,0.007431716505768778
annotated,Show_1,show1_605.mp4,0.03780609842241582
annotated,Show_1,show1_606.mp4,0.029108782670120084
annotated,Show_1,show1_607.mp4,0.010110077701907229
annotated,Show_1,show1_608.mp4,0.48657876147869084
annotated,Show_1,show1_609.mp4,0.019660937132093242
annotated,Show_1,show1_61.mp4,0.06951966093713209
annotated,Show_1,show1_610.mp4,0.07974746880150695
annotated,Show_1,show1_611.mp4,0.004532611255003532
annotated,Show_1,show1_612.mp4,0.0031198493053920416
annotated,Show_1,show1_613.mp4,0.02203025665175418
annotated,Show_1,show1_614.mp4,0.005665764068754415
annotated,Show_1,show1_615.mp4,0.2003767365198964
annotated,Show_1,show1_616.mp4,0.011743583706145515
annotated,Show_1,show1_617.mp4,0.009300682834942313
annotated,Show_1,show1_618.mp4,0.02432599481987285
annotated,Show_1,show1_619.mp4,0.010919472568872145
annotated,Show_1,show1_62.mp4,0.19120850011773016
annotated,Show_1,show1_620.mp4,0.0038998116317400518
annotated,Show_1,show1_621.mp4,0.012435248410642807
annotated,Show_1,show1_622.mp4,0.010036496350364963
annotated,Show_1,show1_623.mp4,0.010007063809748057
annotated,Show_1,show1_624.mp4,0.026121379797504122
annotated,Show_1,show1_625.mp4,0.019042853779138218
annotated,Show_1,show1_626.mp4,0.04435483870967742
annotated,Show_1,show1_627.mp4,0.01162585354367789
annotated,Show_1,show1_628.mp4,0.0038262302801977868
annotated,Show_1,show1_629.mp4,0.015599246526960205
annotated,Show_1,show1_63.mp4,0.32961502236873086
annotated,Show_1,show1_630.mp4,0.009153520131857783
annotated,Show_1,show1_631.mp4,0.015731692959736285
annotated,Show_1,show1_632.mp4,0.01662938544855192
annotated,Show_1,show1_633.mp4,0.03392100306098422
annotated,Show_1,show1_634.mp4,0.05793795620437957
annotated,Show_1,show1_635.mp4,0.020043560160113022
annotated,Show_1,show1_636.mp4,0.023560748763833295
annotated,Show_1,show1_637.mp4,0.03171356251471627
annotated,Show_1,show1_638.mp4,0.00972745467388745
annotated,Show_1,show1_639.mp4,0.0048122203908641395
annotated,Show_1,show1_64.mp4,0.05331704732752532
annotated,Show_1,show1_640.mp4,0.020352601836590534
annotated,Show_1,show1_641.mp4,0.021956675300211913
annotated,Show_1,show1_642.mp4,0.022883800329644453
annotated,Show_1,show1_643.mp4,0.025150105957146222
annotated,Show_1,show1_644.mp4,0.013509536143159879
annotated,Show_1,show1_645.mp4,0.039380739345420294
annotated,Show_1,show1_646.mp4,0.007019660937132093
annotated,Show_1,show1_647.mp4,0.00525370850011773
annotated,Show_1,show1_648.mp4,0.010316105486225571
annotated,Show_1,show1_649.mp4,0.05402342830233106
annotated,Show_1,show1_65.mp4,0.16354191193783849
annotated,Show_1,show1_650.mp4,0.03144866964916412
annotated,Show_1,show1_651.mp4,0.06245585118907464
annotated,Show_1,show1_652.mp4,0.060057099128796795
annotated,Show_1,show1_653.mp4,0.0206763597833765
annotated,Show_1,show1_654.mp4,0.008697315752295738
annotated,Show_1,show1_655.mp4,0.0194549093477749
annotated,Show_1,show1_656.mp4,0.021750647515893572
annotated,Show_1,show1_657.mp4,0.0009418412997409936
annotated,Show_1,show1_658.mp4,0.006401577584177066
annotated,Show_1,show1_659.mp4,0.0008241111372733695
annotated,Show_1,show1_66.mp4,0.008918059806922533
annotated,Show_1,show1_660.mp4,0.018660230751118438
annotated,Show_1,show1_661.mp4,0.03517188603720273
annotated,Show_1,show1_662.mp4,0.010904756298563693
annotated,Show_1,show1_663.mp4,0.017747821991994348
annotated,Show_1,show1_664.mp4,0.002398752060277843
annotated,Show_1,show1_665.mp4,0.012817871438662585
annotated,Show_1,show1_666.mp4,0.009153520131857782
annotated,Show_1,show1_667.mp4,0.024002236873086884
annotated,Show_1,show1_668.mp4,0.006960795855898281
annotated,Show_1,show1_669.mp4,0.005533317635978338
annotated,Show_1,show1_67.mp4,0.008491287967977396
annotated,Show_1,show1_670.mp4,0.006121968448316458
annotated,Show_1,show1_671.mp4,0.012420532140334353
annotated,Show_1,show1_672.mp4,0.017836119613845066
annotated,Show_1,show1_673.mp4,0.006136684718624911
annotated,Show_1,show1_674.mp4,0.01137567694843419
annotated,Show_1,show1_675.mp4,0.0038115140098893335
annotated,Show_1,show1_676.mp4,0.008226395102425241
annotated,Show_1,show1_677.mp4,0.05236048975747586
annotated,Show_1,show1_678.mp4,0.03518660230751118
annotated,Show_1,show1_679.mp4,0.002884388980456793
annotated,Show_1,show1_68.mp4,0.0632210972451142
annotated,Show_1,show1_680.mp4,0.016997292206263243
annotated,Show_1,show1_681.mp4,0.0025017659524370147
annotated,Show_1,show1_682.mp4,0.004385448551919002
annotated,Show_1,show1_683.mp4,0.007887920885330822
annotated,Show_1,show1_684.mp4,0.005283141040734636
annotated,Show_1,show1_685.mp4,0.004282434659759831
annotated,Show_1,show1_686.mp4,0.004370732281610549
annotated,Show_1,show1_687.mp4,0.007387567694843418
annotated,Show_1,show1_688.mp4,0.02529726866023075
annotated,Show_1,show1_689.mp4,0.005150694607958559
annotated,Show_1,show1_69.mp4,0.12973863903932187
annotated,Show_1,show1_690.mp4,0.007755474452554745
annotated,Show_1,show1_691.mp4,0.006460442665410878
annotated,Show_1,show1_692.mp4,0.012391099599717447
annotated,Show_1,show1_693.mp4,0.006416293854485519
annotated,Show_1,show1_694.mp4,0.0109341888391806
annotated,Show_1,show1_695.mp4,0.00685778196373911
annotated,Show_1,show1_696.mp4,0.007063809748057452
annotated,Show_1,show1_697.mp4,0.004459029903461267
annotated,Show_1,show1_698.mp4,0.00588650812338121
annotated,Show_1,show1_699.mp4,0.0032081469272427594
annotated,Show_1,show1_7.mp4,0.02101483400047092
annotated,Show_1,show1_70.mp4,0.2591093713209324
annotated,Show_1,show1_700.mp4,0.002707793736755357
annotated,Show_1,show1_71.mp4,0.06623793265834707
annotated,Show_1,show1_72.mp4,0.07680421473981634
annotated,Show_1,show1_73.mp4,0.08404461973157523
annotated,Show_1,show1_74.mp4,0.09374264186484577
annotated,Show_1,show1_75.mp4,0.1042942076760066
annotated,Show_1,show1_76.mp4,0.005783494231222039
annotated,Show_1,show1_77.mp4,0.04881386861313868
annotated,Show_1,show1_78.mp4,0.062323404756298564
annotated,Show_1,show1_79.mp4,0.03914527902048505
annotated,Show_1,show1_8.mp4,0.007284553802684247
annotated,Show_1,show1_80.mp4,0.00656345655757005
annotated,Show_1,show1_81.mp4,0.0027225100070638096
annotated,Show_1,show1_82.mp4,0.01293560160113021
annotated,Show_1,show1_83.mp4,0.04491405698139864
annotated,Show_1,show1_84.mp4,0.35706086649399577
annotated,Show_1,show1_85.mp4,0.04328055097716035
annotated,Show_1,show1_86.mp4,0.025885919472568873
annotated,Show_1,show1_87.mp4,0.027460560395573347
annotated,Show_1,show1_88.mp4,0.30618672003767367
annotated,Show_1,show1_89.mp4,0.16190840593360017
annotated,Show_1,show1_9.mp4,0.028490699317165056
annotated,Show_1,show1_90.mp4,0.22689545561572874
annotated,Show_1,show1_91.mp4,0.08279373675535671
annotated,Show_1,show1_92.mp4,0.1426742406404521
annotated,Show_1,show1_93.mp4,0.05548033906286791
annotated,Show_1,show1_94.mp4,0.2215828820343772
annotated,Show_1,show1_95.mp4,0.15948022133270545
annotated,Show_1,show1_96.mp4,0.13269660937132094
annotated,Show_1,show1_97.mp4,0.0039586767129738635
annotated,Show_1,show1_98.mp4,0.07990934777489993
annotated,Show_1,show1_99.mp4,0.16342418177537085
annotated,Sora,sora_1.mp4,0.007578879208853308
annotated,Sora,sora_10.mp4,0.07521485754650341
annotated,Sora,sora_11.mp4,0.038012126206734165
annotated,Sora,sora_12.mp4,0.5491964916411585
annotated,Sora,sora_13.mp4,0.002295738168118672
annotated,Sora,sora_14.mp4,0.011449258299976454
annotated,Sora,sora_15.mp4,0.030080056510477987
annotated,Sora,sora_16.mp4,0.010316105486225571
annotated,Sora,sora_17.mp4,0.010154226512832588
annotated,Sora,sora_18.mp4,0.016658817989168826
annotated,Sora,sora_19.mp4,0.2753119849305392
annotated,Sora,sora_2.mp4,0.16127560631033672
annotated,Sora,sora_20.mp4,0.04210324935248411
annotated,Sora,sora_21.mp4,0.02637155639274782
annotated,Sora,sora_22.mp4,0.030904167647751356
annotated,Sora,sora_23.mp4,0.1150076524605604
annotated,Sora,sora_24.mp4,0.024649752766658817
annotated,Sora,sora_25.mp4,0.16808923946315046
annotated,Sora,sora_26.mp4,0.026297975041205558
annotated,Sora,sora_27.mp4,0.10661937838474217
annotated,Sora,sora_28.mp4,0.04151459854014598
annotated,Sora,sora_29.mp4,0.05063868613138686
annotated,Sora,sora_3.mp4,0.043560160113020954
annotated,Sora,sora_30.mp4,0.34469919943489524
annotated,Sora,sora_31.mp4,0.08913644925829999
annotated,Sora,sora_32.mp4,0.07250706380974806
annotated,Sora,sora_33.mp4,0.00900635742877325
annotated,Sora,sora_34.mp4,0.04578231692959737
annotated,Sora,sora_35.mp4,0.007667176830704027
annotated,Sora,sora_36.mp4,0.028255238992229807
annotated,Sora,sora_37.mp4,0.10179244172356958
annotated,Sora,sora_38.mp4,0.2388450671061926
annotated,Sora,sora_39.mp4,0.0037526489286555218
annotated,Sora,sora_4.mp4,0.06731222039086414
annotated,Sora,sora_40.mp4,0.07430244878737932
annotated,Sora,sora_41.mp4,0.0895043560160113
annotated,Sora,sora_42.mp4,0.008285260183659052
annotated,Sora,sora_43.mp4,0.014804567930303745
annotated,Sora,sora_44.mp4,0.007063809748057453
annotated,Sora,sora_45.mp4,0.004238285848834471
annotated,Sora,sora_46.mp4,0.04097009653873322
annotated,Sora,sora_47.mp4,0.14625029432540618
annotated,Sora,sora_48.mp4,0.013009182952672473
annotated,Sora,sora_49.mp4,0.026489286555215447
annotated,Sora,sora_5.mp4,0.5168354132328703
annotated,Sora,sora_50.mp4,0.017041441017188602
annotated,Sora,sora_51.mp4,0.0007799623263480104
annotated,Sora,sora_52.mp4,0.015893571933129267
annotated,Sora,sora_53.mp4,0.09642100306098422
annotated,Sora,sora_54.mp4,0.0671356251471627
annotated,Sora,sora_55.mp4,0.028873322345184835
annotated,Sora,sora_56.mp4,0.1217771368024488
annotated,Sora,sora_6.mp4,0.18880974805745232
annotated,Sora,sora_7.mp4,0.016026018365905344
annotated,Sora,sora_8.mp4,0.01094890510948905
annotated,Sora,sora_9.mp4,0.036967271014834
annotated,WildScrape,D1.mp4,0.012332234518483635
annotated,WildScrape,D100.mp4,0.008741464563221097
annotated,WildScrape,D101.mp4,0.0028255238992229807
annotated,WildScrape,D102.mp4,0.019734518483635506
annotated,WildScrape,D103.mp4,0.03442135625147163
annotated,WildScrape,D104.mp4,0.02447315752295738
annotated,WildScrape,D105.mp4,0.017438780315516832
annotated,WildScrape,D106.mp4,0.014569107605368496
annotated,WildScrape,D107.mp4,0.024723334118201084
annotated,WildScrape,D108.mp4,0.11902519425476808
annotated,WildScrape,D109.mp4,0.0023546032493524842
annotated,WildScrape,D110.mp4,0.030595125971273843
annotated,WildScrape,D111.mp4,0.00875618083352955
annotated,WildScrape,D112.mp4,0.09506710619260655
annotated,WildScrape,D113.mp4,0.023722627737226276
annotated,WildScrape,D114.mp4,0.31160230751118434
annotated,WildScrape,D115.mp4,0.010124793972215681
annotated,WildScrape,D116.mp4,0.01838062161525783
annotated,WildScrape,D117.mp4,0.005047680715799388
annotated,WildScrape,D118.mp4,0.08266129032258064
annotated,WildScrape,D119.mp4,0.01084589121732988
annotated,WildScrape,D120.mp4,0.009035789969390157
annotated,WildScrape,D121.mp4,0.02859371320932423
annotated,WildScrape,D122.mp4,0.10372027313397693
annotated,WildScrape,D123.mp4,0.011787732517070874
annotated,WildScrape,D124.mp4,0.004576760065928891
annotated,WildScrape,D125.mp4,0.0031787143866258537
annotated,WildScrape,D126.mp4,0.007711325641629385
annotated,WildScrape,D127.mp4,0.5844419590299035
annotated,WildScrape,D128.mp4,0.7517806687073227
annotated,WildScrape,D129.mp4,0.7145485048269367
annotated,WildScrape,D13.mp4,0.12482340475629855
annotated,WildScrape,D130.mp4,0.7980486225570991
annotated,WildScrape,D131.mp4,0.6270014127619497
annotated,WildScrape,D132.mp4,0.20963327054391334
annotated,WildScrape,D133.mp4,0.6944313633152814
annotated,WildScrape,D135.mp4,0.07302213327054391
annotated,WildScrape,D136.mp4,0.3080262538262303
annotated,WildScrape,D137.mp4,0.28874793972215684
annotated,WildScrape,D138.mp4,0.5557305156581116
annotated,WildScrape,D139.mp4,0.45487991523428306
annotated,WildScrape,D140.mp4,0.38129856369201787
annotated,WildScrape,D141.mp4,0.17949434895220157
annotated,WildScrape,D142.mp4,0.6386272663056275
annotated,WildScrape,D143.mp4,0.31342712502943254
annotated,WildScrape,D144.mp4,0.11287379326583472
annotated,WildScrape,D145.mp4,0.25188368259948196
annotated,WildScrape,D146.mp4,0.15834706851895455
annotated,WildScrape,D147.mp4,0.3320579232399341
annotated,WildScrape,D15.mp4,0.008035083588415351
annotated,WildScrape,D153.mp4,0.005194843418883918
annotated,WildScrape,D155.mp4,0.0033111608194019305
annotated,WildScrape,D156.mp4,0.1137567694843419
annotated,WildScrape,D157.mp4,0.28793854485519194
annotated,WildScrape,D158.mp4,0.033803272898516604
annotated,WildScrape,D159.mp4,0.028564280668707323
annotated,WildScrape,D16.mp4,0.019925829997645396
annotated,WildScrape,D160.mp4,0.022795502707793736
annotated,WildScrape,D161.mp4,0.07028490699317165
annotated,WildScrape,D162.mp4,0.09025488580174242
annotated,WildScrape,D163.mp4,0.05765834706851895
annotated,WildScrape,D164.mp4,0.016820696962561808
annotated,WildScrape,D165.mp4,0.10224864610313161
annotated,WildScrape,D166.mp4,0.022869084059336003
annotated,WildScrape,D167.mp4,0.035245467388745
annotated,WildScrape,D174.mp4,0.011861313868613138
annotated,WildScrape,D175.mp4,0.03163998116317401
annotated,WildScrape,D176.mp4,0.06235283729691547
annotated,WildScrape,D178.mp4,0.046253237579467865
annotated,WildScrape,D179.mp4,0.036069578526018366
annotated,WildScrape,D180.mp4,0.11686190251942546
annotated,WildScrape,D182.mp4,0.0052095596891923715
annotated,WildScrape,D183.mp4,0.007269837532375795
annotated,WildScrape,D184.mp4,0.06011596421003061
annotated,WildScrape,D185.mp4,0.019528490699317166
annotated,WildScrape,D186.mp4,0.03578996939015776
annotated,WildScrape,D187.mp4,0.1480603955733459
annotated,WildScrape,D188.mp4,0.053140452083823876
annotated,WildScrape,D189.mp4,0.01236166705910054
annotated,WildScrape,D19.mp4,0.2547239227690134
annotated,WildScrape,D191.mp4,0.1370379091123146
annotated,WildScrape,D192.mp4,0.028490699317165056
annotated,WildScrape,D193.mp4,0.10617789027548859
annotated,WildScrape,D194.mp4,0.005283141040734636
annotated,WildScrape,D195.mp4,0.20935366140805275
annotated,WildScrape,D196.mp4,0.022986814221803625
annotated,WildScrape,D197.mp4,0.026091947256887214
annotated,WildScrape,D199.mp4,0.006283847421709442
annotated,WildScrape,D2.mp4,0.18589592653637863
annotated,WildScrape,D20.mp4,0.017144454909347774
annotated,WildScrape,D200.mp4,0.005165410878267012
annotated,WildScrape,D201.mp4,0.029550270779373677
annotated,WildScrape,D202.mp4,0.012096774193548387
annotated,WildScrape,D203.mp4,0.012405815870025901
annotated,WildScrape,D204.mp4,0.08307334589121733
annotated,WildScrape,D205.mp4,0.08045384977631269
annotated,WildScrape,D206.mp4,0.1183923946315046
annotated,WildScrape,D208.mp4,0.034215328467153285
annotated,WildScrape,D209.mp4,0.08978396515187191
annotated,WildScrape,D21.mp4,0.5675623969861079
annotated,WildScrape,D210.mp4,0.3411084294796327
annotated,WildScrape,D211.mp4,0.09308040970096539
annotated,WildScrape,D212.mp4,0.08829762185071816
annotated,WildScrape,D213.mp4,0.052345773487167416
annotated,WildScrape,D214.mp4,0.1435425005886508
annotated,WildScrape,D215.mp4,0.1435425005886508
annotated,WildScrape,D216.mp4,0.09883447139157052
annotated,WildScrape,D217.mp4,0.11128443607252178
annotated,WildScrape,D218.mp4,0.0296680009418413
annotated,WildScrape,D219.mp4,0.08713503649635036
annotated,WildScrape,D220.mp4,0.03168412997409936
annotated,WildScrape,D221.mp4,0.5928596656463385
annotated,WildScrape,D222.mp4,0.33934247704261833
annotated,WildScrape,D223.mp4,0.3846685895926536
annotated,WildScrape,D224.mp4,0.11590534494937603
annotated,WildScrape,D225.mp4,0.13608135154226514
annotated,WildScrape,D226.mp4,0.13608135154226514
annotated,WildScrape,D227.mp4,0.12168883918059807
annotated,WildScrape,D228.mp4,0.3202260419119378
annotated,WildScrape,D229.mp4,0.15016482222745467
annotated,WildScrape,D23.mp4,0.31850423828584884
annotated,WildScrape,D230.mp4,0.046429832823169294
annotated,WildScrape,D231.mp4,0.16433659053449495
annotated,WildScrape,D232.mp4,0.086149046385684
annotated,WildScrape,D233.mp4,0.02086767129738639
annotated,WildScrape,D234.mp4,0.1074876383329409
annotated,WildScrape,D235.mp4,0.06575229573816811
annotated,WildScrape,D236.mp4,0.19440193077466447
annotated,WildScrape,D237.mp4,0.17971509300682836
annotated,WildScrape,D238.mp4,0.21401871909583237
annotated,WildScrape,D239.mp4,0.06975512126206734
annotated,WildScrape,D240.mp4,0.11864257122674829
annotated,WildScrape,D241.mp4,0.19219449022839652
annotated,WildScrape,D242.mp4,0.2382858488344714
annotated,WildScrape,D243.mp4,0.11851012479397222
annotated,WildScrape,D244.mp4,0.3301448080998352
annotated,WildScrape,D245.mp4,0.17902342830233106
annotated,WildScrape,D246.mp4,0.08327937367553567
annotated,WildScrape,D247.mp4,0.15668412997409936
annotated,WildScrape,D248.mp4,0.04735695785260184
annotated,WildScrape,D249.mp4,0.04735695785260184
annotated,WildScrape,D25.mp4,0.06099894042853779
annotated,WildScrape,D250.mp4,0.0267541794207676
annotated,WildScrape,D251.mp4,0.06011596421003061
annotated,WildScrape,D252.mp4,0.04086708264657406
annotated,WildScrape,D253.mp4,0.02734283023310572
annotated,WildScrape,D254.mp4,0.03400930068283495
annotated,WildScrape,D255.mp4,0.06405992465269603
annotated,WildScrape,D257.mp4,0.07668648457734871
annotated,WildScrape,D258.mp4,0.00622498234047563
annotated,WildScrape,D259.mp4,0.07702495879444314
annotated,WildScrape,D260.mp4,0.07702495879444314
annotated,WildScrape,D261.mp4,0.015981869554979985
annotated,WildScrape,D263.mp4,0.07121203202260419
annotated,WildScrape,D265.mp4,0.23858017424064043
annotated,WildScrape,D266.mp4,0.125779962326348
annotated,WildScrape,D268.mp4,0.0719625618083353
annotated,WildScrape,D270.mp4,0.057511184365434426
annotated,WildScrape,D271.mp4,0.3245673416529315
annotated,WildScrape,D279.mp4,0.03787967977395809
annotated,WildScrape,D280.mp4,0.07620084765716977
annotated,WildScrape,D281.mp4,0.28629032258064513
annotated,WildScrape,D282.mp4,0.13415352013185777
annotated,WildScrape,D283.mp4,0.5906080762891452
annotated,WildScrape,D284.mp4,0.0386596421003061
annotated,WildScrape,D286.mp4,0.001103720273133977
annotated,WildScrape,D287.mp4,0.24866081940193074
annotated,WildScrape,D295.mp4,0.008270543913350602
annotated,WildScrape,D296.mp4,0.00320814692724276
annotated,WildScrape,D297.mp4,0.019175300211914294
annotated,WildScrape,D307.mp4,0.19652107369908167
annotated,WildScrape,D312.mp4,0.04099952907935013
annotated,WildScrape,D313.mp4,0.03433305862962091
annotated,WildScrape,D314.mp4,0.03425947727807864
annotated,WildScrape,D319.mp4,0.021161996703555452
annotated,WildScrape,D320.mp4,0.31082234518483637
annotated,WildScrape,D321.mp4,0.3346774193548387
annotated,WildScrape,D322.mp4,0.3346774193548387
annotated,WildScrape,D323.mp4,0.3616229102896162
annotated,WildScrape,D324.mp4,0.32525900635742877
annotated,WildScrape,D325.mp4,0.23017718389451378
annotated,WildScrape,D326.mp4,0.293074523192842
annotated,WildScrape,D327.mp4,0.4443577819637391
annotated,WildScrape,D328.mp4,0.3054361902519425
annotated,WildScrape,D329.mp4,0.3390628679067577
annotated,WildScrape,D33.mp4,0.8127501765952436
annotated,WildScrape,D330.mp4,0.25634271250294327
annotated,WildScrape,D331.mp4,0.2706910760536849
annotated,WildScrape,D332.mp4,0.10486814221803625
annotated,WildScrape,D34.mp4,0.4646073699081705
annotated,WildScrape,D346.mp4,0.006166117259241818
annotated,WildScrape,D348.mp4,0.017232752531198492
annotated,WildScrape,D35.mp4,0.5953467153284672
annotated,WildScrape,D350.mp4,0.01371556392747822
annotated,WildScrape,D352.mp4,0.0340534494937603
annotated,WildScrape,D359.mp4,0.10326406875441488
annotated,WildScrape,D36.mp4,0.6630562750176595
annotated,WildScrape,D360.mp4,0.1261920178949847
annotated,WildScrape,D361.mp4,0.22945608664939957
annotated,WildScrape,D362.mp4,0.11873086884859901
annotated,WildScrape,D363.mp4,0.08935719331292677
annotated,WildScrape,D364.mp4,0.1817017894984695
annotated,WildScrape,D365.mp4,0.25902107369908167
annotated,WildScrape,D366.mp4,0.41720626324464327
annotated,WildScrape,D367.mp4,0.49642394631504594
annotated,WildScrape,D368.mp4,0.49642394631504594
annotated,WildScrape,D369.mp4,0.49642394631504594
annotated,WildScrape,D37.mp4,0.33719390157758417
annotated,WildScrape,D370.mp4,0.49642394631504594
annotated,WildScrape,D373.mp4,0.10954791617612432
annotated,WildScrape,D374.mp4,0.023663762655992467
annotated,WildScrape,D375.mp4,0.05068283494231222
annotated,WildScrape,D376.mp4,0.041323287026136094
annotated,WildScrape,D378.mp4,0.008932776077230987
annotated,WildScrape,D38.mp4,0.2951495173063339
annotated,WildScrape,D380.mp4,0.04344242995055333
annotated,WildScrape,D381.mp4,0.010625147162703085
annotated,WildScrape,D382.mp4,0.042073816811867205
annotated,WildScrape,D387.mp4,0.02105898281139628
annotated,WildScrape,D388.mp4,0.14039321874264188
annotated,WildScrape,D389.mp4,0.01692371085472098
annotated,WildScrape,D39.mp4,0.006843065693430656
annotated,WildScrape,D390.mp4,0.1167294560866494
annotated,WildScrape,D391.mp4,0.04152931481045444
annotated,WildScrape,D392.mp4,0.013715563927478221
annotated,WildScrape,D394.mp4,0.05503885095361431
annotated,WildScrape,D396.mp4,0.0006769484341888392
annotated,WildScrape,D397.mp4,0.0044590299034612665
annotated,WildScrape,D398.mp4,0.017909700965387333
annotated,WildScrape,D40.mp4,0.0065045914763362375
annotated,WildScrape,D41.mp4,0.005047680715799388
annotated,WildScrape,D43.mp4,0.13316753002119144
annotated,WildScrape,D431.mp4,0.1349923475394396
annotated,WildScrape,D432.mp4,0.1349923475394396
annotated,WildScrape,D433.mp4,0.10528019778667295
annotated,WildScrape,D434.mp4,0.018351189074640926
annotated,WildScrape,D435.mp4,0.024105250765246056
annotated,WildScrape,D437.mp4,0.10483870967741934
annotated,WildScrape,D438.mp4,0.013597833765010597
annotated,WildScrape,D439.mp4,0.10483870967741934
annotated,WildScrape,D44.mp4,0.005827643042147399
annotated,WildScrape,D442.mp4,0.23451848363550742
annotated,WildScrape,D445.mp4,0.022309865787614788
annotated,WildScrape,D447.mp4,0.10857664233576642
annotated,WildScrape,D448.mp4,0.025414998822698376
annotated,WildScrape,D449.mp4,0.017379915234283023
annotated,WildScrape,D455.mp4,0.13730280197786673
annotated,WildScrape,D456.mp4,0.2941635271956675
annotated,WildScrape,D457.mp4,0.04419295973628444
annotated,WildScrape,D459.mp4,0.018424770426183186
annotated,WildScrape,D46.mp4,0.23357664233576642
annotated,WildScrape,D460.mp4,0.014613256416293855
annotated,WildScrape,D461.mp4,0.02804921120791147
annotated,WildScrape,D462.mp4,0.03200788792088533
annotated,WildScrape,D463.mp4,0.012229220626324463
annotated,WildScrape,D464.mp4,0.030904167647751352
annotated,WildScrape,D465.mp4,0.026430421473981634
annotated,WildScrape,D466.mp4,0.010036496350364963
annotated,WildScrape,D467.mp4,0.015260772309865788
annotated,WildScrape,D470.mp4,0.04382505297857311
annotated,WildScrape,D472.mp4,0.49857252178008005
annotated,WildScrape,D474.mp4,0.013435954791617613
annotated,WildScrape,D475.mp4,0.015349069931716506
annotated,WildScrape,D476.mp4,0.1116523428302331
annotated,WildScrape,D477.mp4,0.4640040028255239
annotated,WildScrape,D48.mp4,0.020411466917824347
annotated,WildScrape,D5.mp4,0.29406051330350835
annotated,WildScrape,D501.mp4,0.8726453967506476
annotated,WildScrape,D502.mp4,0.03630503885095361
annotated,WildScrape,D503.mp4,0.6071050153049211
annotated,WildScrape,D504.mp4,0.15643395337885566
annotated,WildScrape,D505.mp4,0.06698846244407818
annotated,WildScrape,D506.mp4,0.05305215446197316
annotated,WildScrape,D510.mp4,0.012817871438662585
annotated,WildScrape,D512.mp4,0.4104809277136803
annotated,WildScrape,D513.mp4,0.03387685425005886
annotated,WildScrape,D515.mp4,0.1650135389686838
annotated,WildScrape,D516.mp4,0.10366140805274311
annotated,WildScrape,D517.mp4,0.12925300211914292
annotated,WildScrape,D518.mp4,0.03053626089004003
annotated,WildScrape,D519.mp4,0.010698728514245349
annotated,WildScrape,D520.mp4,0.8954703319990582
annotated,WildScrape,D521.mp4,0.7969596185542736
annotated,WildScrape,D522.mp4,0.9291264421944903
annotated,WildScrape,D523.mp4,0.5785995997174476
annotated,WildScrape,D524.mp4,0.27512067341652935
annotated,WildScrape,D525.mp4,0.5504473746173769
annotated,WildScrape,D526.mp4,0.9654314810454439
annotated,WildScrape,D527.mp4,0.8896868377678362
annotated,WildScrape,D528.mp4,0.7528549564398399
annotated,WildScrape,D529.mp4,0.735769366611726
annotated,WildScrape,D530.mp4,0.2250412055568637
annotated,WildScrape,D531.mp4,0.5957587708971038
annotated,WildScrape,D55.mp4,0.037143866258535434
annotated,WildScrape,D56.mp4,0.042132681893101015
annotated,WildScrape,D568.mp4,0.009742170944195903
annotated,WildScrape,D569.mp4,0.032464092300447375
annotated,WildScrape,D57.mp4,0.018218742641864846
annotated,WildScrape,D570.mp4,0.06740051801271485
annotated,WildScrape,D571.mp4,0.2446432776077231
annotated,WildScrape,D574.mp4,0.0766570520367318
annotated,WildScrape,D576.mp4,0.010492700729927007
annotated,WildScrape,D577.mp4,0.008402990346126678
annotated,WildScrape,D578.mp4,0.017350482693666118
annotated,WildScrape,D579.mp4,0.09962914998822697
annotated,WildScrape,D58.mp4,0.03203732046150223
annotated,WildScrape,D580.mp4,0.12725158935719333
annotated,WildScrape,D581.mp4,0.0417942076760066
annotated,WildScrape,D582.mp4,0.0401312691311514
annotated,WildScrape,D583.mp4,0.13833294089945844
annotated,WildScrape,D584.mp4,0.058438309394866966
annotated,WildScrape,D585.mp4,0.0011920178949846952
annotated,WildScrape,D586.mp4,0.01785083588415352
annotated,WildScrape,D587.mp4,0.10738462444078173
annotated,WildScrape,D588.mp4,0.33423593124558515
annotated,WildScrape,D589.mp4,0.15747880857075583
annotated,WildScrape,D590.mp4,0.009330115375559217
annotated,WildScrape,D591.mp4,0.0556716505768778
annotated,WildScrape,D592.mp4,0.046724158229338356
annotated,WildScrape,D593.mp4,0.024296562279255945
annotated,WildScrape,D594.mp4,0.17953849776312691
annotated,WildScrape,D595.mp4,0.02256004238285849
annotated,WildScrape,D596.mp4,0.30119790440310806
annotated,WildScrape,D597.mp4,0.06304450200141276
annotated,WildScrape,D598.mp4,0.08111608194019308
annotated,WildScrape,D60.mp4,0.001147869084059336
annotated,WildScrape,D605.mp4,0.002133859194725689
annotated,WildScrape,D606.mp4,0.1160083588415352
annotated,WildScrape,D607.mp4,0.040322580645161296
annotated,WildScrape,D608.mp4,0.02051448080998352
annotated,WildScrape,D609.mp4,0.042309277136802444
annotated,WildScrape,D61.mp4,0.010669295973628444
annotated,WildScrape,D610.mp4,0.04629738639039322
annotated,WildScrape,D611.mp4,0.10533906286790676
annotated,WildScrape,D612.mp4,0.03411231457499411
annotated,WildScrape,D613.mp4,0.05019719802213327
annotated,WildScrape,D614.mp4,0.018483635507417003
annotated,WildScrape,D615.mp4,0.05019719802213327
annotated,WildScrape,D616.mp4,0.006769484341888392
annotated,WildScrape,D618.mp4,0.03174299505533318
annotated,WildScrape,D623.mp4,0.8596656463385919
annotated,WildScrape,D624.mp4,0.2424799858723805
annotated,WildScrape,D625.mp4,0.023899222980927715
annotated,WildScrape,D626.mp4,0.04408994584412526
annotated,WildScrape,D627.mp4,0.6898840357899694
annotated,WildScrape,D628.mp4,0.6068254061690606
annotated,WildScrape,D629.mp4,0.03199317165057688
annotated,WildScrape,D630.mp4,0.07428773251707087
annotated,WildScrape,D631.mp4,0.04270661643513068
annotated,WildScrape,D632.mp4,0.008358841535201318
annotated,WildScrape,D633.mp4,0.016511655286084295
annotated,WildScrape,D634.mp4,0.005003531904874029
annotated,WildScrape,D635.mp4,0.06859253590769955
annotated,WildScrape,D636.mp4,0.004356016011302095
annotated,WildScrape,D64.mp4,0.009521426889569107
annotated,WildScrape,D647.mp4,0.026386272663056275
annotated,WildScrape,D649.mp4,0.06220567459383094
annotated,WildScrape,D65.mp4,0.1729308923946315
annotated,WildScrape,D650.mp4,0.10230751118436544
annotated,WildScrape,D652.mp4,0.20393807393454202
annotated,WildScrape,D653.mp4,0.03214033435366141
annotated,WildScrape,D657.mp4,0.038630209559689196
annotated,WildScrape,D66.mp4,0.006121968448316459
annotated,WildScrape,D668.mp4,0.5896368024487874
annotated,WildScrape,D669.mp4,0.6007034377207441
annotated,WildScrape,D670.mp4,0.4700523899222981
annotated,WildScrape,D672.mp4,0.024885213091594065
annotated,WildScrape,D673.mp4,0.06279432540616907
annotated,WildScrape,D674.mp4,0.28611372733694374
annotated,WildScrape,D675.mp4,0.21696197315752294
annotated,WildScrape,D677.mp4,0.01299446668236402
annotated,WildScrape,D678.mp4,0.00651930774664469
annotated,WildScrape,D679.mp4,0.0058129267718389456
annotated,WildScrape,D68.mp4,0.12642747821991995
annotated,WildScrape,D680.mp4,0.05428832116788321
annotated,WildScrape,D681.mp4,0.01916058394160584
annotated,WildScrape,D682.mp4,0.12691311514009887
annotated,WildScrape,D687.mp4,0.34356604662114437
annotated,WildScrape,D688.mp4,0.2282199199434895
annotated,WildScrape,D689.mp4,0.18932481751824817
annotated,WildScrape,D69.mp4,0.007534730397927949
annotated,WildScrape,D694.mp4,0.011640569813986344
annotated,WildScrape,D7.mp4,0.22021426889569107
annotated,WildScrape,D700.mp4,0.03462738403578997
annotated,WildScrape,D705.mp4,0.004046974334824582
annotated,WildScrape,D71.mp4,0.04130857075582764
annotated,WildScrape,D710.mp4,0.005577466446903697
annotated,WildScrape,D715.mp4,0.01639392512361667
annotated,WildScrape,D72.mp4,0.16502825523899223
annotated,WildScrape,D720.mp4,0.06950494466682364
annotated,WildScrape,D723.mp4,0.04562043795620438
annotated,WildScrape,D724.mp4,0.035937132093242286
annotated,WildScrape,D725.mp4,0.08219036967271015
annotated,WildScrape,D726.mp4,0.10213091594066401
annotated,WildScrape,D727.mp4,0.0928890981869555
annotated,WildScrape,D729.mp4,0.030315516835413232
annotated,WildScrape,D73.mp4,0.020220155403814458
annotated,WildScrape,D730.mp4,0.01147869084059336
annotated,WildScrape,D739.mp4,0.007343418883918059
annotated,WildScrape,D74.mp4,0.12068813279962327
annotated,WildScrape,D76.mp4,0.04953496585825288
annotated,WildScrape,D77.mp4,0.017247468801506946
annotated,WildScrape,D79.mp4,0.18923651989639745
annotated,WildScrape,D80.mp4,0.006975512126206734
annotated,WildScrape,D81.mp4,0.01147869084059336
annotated,WildScrape,D83.mp4,0.025208971038380032
annotated,WildScrape,D84.mp4,0.0082705439133506
annotated,WildScrape,D85.mp4,0.19852248646103132
annotated,WildScrape,D86.mp4,0.005636331528137509
annotated,WildScrape,D87.mp4,0.09182952672474688
annotated,WildScrape,D88.mp4,0.04313338827407582
annotated,WildScrape,D89.mp4,0.03010948905109489
annotated,WildScrape,D90.mp4,0.026813044502001414
annotated,WildScrape,D91.mp4,0.1734606781257358
annotated,WildScrape,D92.mp4,0.010831174947021427
annotated,WildScrape,D93.mp4,0.0036496350364963502
annotated,WildScrape,D95.mp4,0.010463268189310102
annotated,WildScrape,D96.mp4,0.006283847421709442
annotated,WildScrape,D97.mp4,0.007417000235460325
annotated,WildScrape,D99.mp4,0.01648222274546739
annotated,WildScrape,O1.mp4,0.018454202966800094
annotated,WildScrape,O74.mp4,0.013936307982105016
annotated,WildScrape,O76.mp4,0.20507122674829292
annotated,WildScrape,O77.mp4,0.32409642100306096
annotated,WildScrape,T1.mp4,0.04064633859194726
annotated,WildScrape,T10.mp4,0.39757475865316694
annotated,WildScrape,T11.mp4,0.010080645161290322
annotated,WildScrape,T12.mp4,0.02903520131857782
annotated,WildScrape,T13.mp4,0.017733105721685898
annotated,WildScrape,T15.mp4,0.06361843654344243
annotated,WildScrape,T16.mp4,0.03400930068283494
annotated,WildScrape,T17.mp4,0.040087120320226044
annotated,WildScrape,T18.mp4,0.005562750176595244
annotated,WildScrape,T19.mp4,0.03824758653166941
annotated,WildScrape,T2.mp4,0.006990228396515186
annotated,WildScrape,T20.mp4,0.004900518012714857
annotated,WildScrape,T21.mp4,0.008432422886743583
annotated,WildScrape,T22.mp4,0.008182246291499882
annotated,WildScrape,T23.mp4,0.003414174711561102
annotated,WildScrape,T24.mp4,0.04303037438191665
annotated,WildScrape,T25.mp4,0.0037967977395808802
annotated,WildScrape,T27.mp4,0.010139510242524135
annotated,WildScrape,T28.mp4,0.06788615493289381
annotated,WildScrape,T29.mp4,0.012641276194961148
annotated,WildScrape,T3.mp4,0.03777666588179892
annotated,WildScrape,T30.mp4,0.014672121497527666
annotated,WildScrape,T32.mp4,0.15440310807628915
annotated,WildScrape,T33.mp4,0.018571933129267717
annotated,WildScrape,T34.mp4,0.027710736990817046
annotated,WildScrape,T35.mp4,0.06264716270308453
annotated,WildScrape,T36.mp4,0.04177949140569814
annotated,WildScrape,T37.mp4,0.004635625147162703
annotated,WildScrape,T38.mp4,0.014937014363079822
annotated,WildScrape,T39.mp4,0.006224982340475629
annotated,WildScrape,T4.mp4,0.006725335530963033
annotated,WildScrape,T40.mp4,0.012170355545090652
annotated,WildScrape,T41.mp4,0.007240404991758888
annotated,WildScrape,T42.mp4,0.008182246291499882
annotated,WildScrape,T43.mp4,0.22411408052743115
annotated,WildScrape,T44.mp4,0.08324994113491876
annotated,WildScrape,T45.mp4,0.08324994113491876
annotated,WildScrape,T46.mp4,0.19688898045679304
annotated,WildScrape,T47.mp4,0.013803861549328937
annotated,WildScrape,T48.mp4,0.009595008241111373
annotated,WildScrape,T49.mp4,0.010713444784553803
annotated,WildScrape,T5.mp4,0.10260183659053448
annotated,WildScrape,T50.mp4,0.013833294089945844
annotated,WildScrape,T51.mp4,0.07150635742877326
annotated,WildScrape,T52.mp4,0.1869113491876619
annotated,WildScrape,T54.mp4,0.0020455615728749705
annotated,WildScrape,T55.mp4,0.011728867435837061
annotated,WildScrape,T56.mp4,0.07661290322580645
annotated,WildScrape,T57.mp4,0.015466800094184132
annotated,WildScrape,T58.mp4,0.006342712502943253
annotated,WildScrape,T59.mp4,0.02275135389686838
annotated,WildScrape,T6.mp4,0.007328702613609607
annotated,WildScrape,T60.mp4,0.009933482458205793
annotated,WildScrape,T61.mp4,0.04021956675300212
annotated,WildScrape,T62.mp4,0.07237461737697198
annotated,WildScrape,T63.mp4,0.002442900871203202
annotated,WildScrape,T64.mp4,0.015599246526960207
annotated,WildScrape,T65.mp4,0.006327996232634801
annotated,WildScrape,T67.mp4,0.23133976924888155
annotated,WildScrape,T68.mp4,0.006666470449729221
annotated,WildScrape,T69.mp4,0.005297857311043088
annotated,WildScrape,T7.mp4,0.004871085472097952
annotated,WildScrape,T70.mp4,0.0035024723334118203
annotated,WildScrape,T71.mp4,0.011154932893807394
annotated,WildScrape,T72.mp4,0.0028843889804567933
annotated,WildScrape,T73.mp4,0.008402990346126677
annotated,WildScrape,T74.mp4,0.008241111372733693
annotated,WildScrape,T75.mp4,0.009933482458205793
annotated,WildScrape,T76.mp4,0.015054744525547444
annotated,WildScrape,T77.mp4,0.007417000235460325
annotated,WildScrape,T78.mp4,0.014951730633388276
annotated,WildScrape,T79.mp4,0.0025017659524370142
annotated,WildScrape,T8.mp4,0.0028255238992229807
annotated,WildScrape,T80.mp4,0.00588650812338121
annotated,WildScrape,T81.mp4,0.11990817047327525
annotated,WildScrape,T82.mp4,0.01443666117259242
annotated,WildScrape,T83.mp4,0.01673239934071109
annotated,WildScrape,T84.mp4,0.006740051801271486
annotated,WildScrape,T85.mp4,0.005415587473510713
annotated,WildScrape,T86.mp4,0.005283141040734636
annotated,WildScrape,T87.mp4,0.18463032728985165
annotated,WildScrape,T88.mp4,0.08372086178478926
annotated,WildScrape,T89.mp4,0.07661290322580645
annotated,WildScrape,T9.mp4,0.0028843889804567933
annotated,WildScrape,T90.mp4,0.017674240640452085
annotated,WildScrape,T91.mp4,0.22411408052743115
annotated,WildScrape,T92.mp4,0.007255121262067342
annotated,WildScrape,T93.mp4,0.009801036025429716
annotated,WildScrape,T94.mp4,0.01025724040499176
annotated,WildScrape,T95.mp4,0.02207440546267954
annotated,WildScrape,T96.mp4,0.005489168825052979
