dataset,paper_priority,risk_type,category,subset,source_model,filename,video_path,duration_seconds,fps,num_frames,has_2s_window,global_score,patch_score,alpha_score,alpha_minus_global_score,patch_minus_global_score,alpha_minus_patch_score,generator_ci_class,generator_delta_auc_mean,generator_delta_auc_ci_low,generator_delta_auc_ci_high,macro_delta_auc_mean,macro_delta_auc_ci_low,macro_delta_auc_ci_high,recommended_use
comgenvid,P0,real_false_positive_risk,real_alpha_low,real,MSVD,P6eo3LULuuc_1_11.mp4,STALL/datasets/comgenvid/real/MSVD/P6eo3LULuuc_1_11.mp4,10.04,25.0,251.0,True,0.0061661172592418,0.0342167243361473,0.017386360090004,0.0112202428307622,0.0280506070769055,-0.0168303642461433,no_generator_ci,,,,0.0668755029411764,0.0617714900519031,0.071396221885813,failure figure: real-video false-positive / recall boundary
comgenvid,P0,real_false_positive_risk,real_alpha_low,real,MSVD,Li3umATsU0E_1_5.mp4,STALL/datasets/comgenvid/real/MSVD/Li3umATsU0E_1_5.mp4,2.936267,29.97002997002997,88.0,True,0.0074758653166941,0.034628976136446,0.0183371096445948,0.0108612443279006,0.0271531108197519,-0.0162918664918512,no_generator_ci,,,,0.0668755029411764,0.0617714900519031,0.071396221885813,failure figure: real-video false-positive / recall boundary
comgenvid,P0,real_false_positive_risk,real_alpha_low,real,MSVD,gHyXstpe_N8_95_100.mp4,STALL/datasets/comgenvid/real/MSVD/gHyXstpe_N8_95_100.mp4,5.005,29.97002997002997,150.0,True,0.0098304685660466,0.0333333350718021,0.0192316151683488,0.0094011466023022,0.0235028665057554,-0.0141017199034532,no_generator_ci,,,,0.0668755029411764,0.0617714900519031,0.071396221885813,failure figure: real-video false-positive / recall boundary
comgenvid,P0,real_false_positive_risk,real_alpha_low,real,MSVD,a1Y73sPHKxw_0_5.mp4,STALL/datasets/comgenvid/real/MSVD/a1Y73sPHKxw_0_5.mp4,5.04,25.0,126.0,True,0.0062985636920178,0.029740871861577,0.0156754869598414,0.0093769232678235,0.0234423081695592,-0.0140653849017356,no_generator_ci,,,,0.0668755029411764,0.0617714900519031,0.071396221885813,failure figure: real-video false-positive / recall boundary
comgenvid,P0,real_false_positive_risk,real_alpha_low,real,MSVD,D1tTBncIsm8_248_254.mp4,STALL/datasets/comgenvid/real/MSVD/D1tTBncIsm8_248_254.mp4,6.04,25.0,151.0,True,0.0077260419119378,0.0249116607010364,0.0146002894275772,0.0068742475156394,0.0171856187890986,-0.0103113712734592,no_generator_ci,,,,0.0668755029411764,0.0617714900519031,0.071396221885813,failure figure: real-video false-positive / recall boundary
comgenvid,P0,real_false_positive_risk,real_alpha_low,real,MSVD,5W02895vT8c_312_322.mp4,STALL/datasets/comgenvid/real/MSVD/5W02895vT8c_312_322.mp4,10.04,25.0,251.0,True,0.0219861078408288,0.0078916372731328,0.0163483196137504,-0.0056377882270783,-0.014094470567696,0.0084566823406176,no_generator_ci,,,,0.0668755029411764,0.0617714900519031,0.071396221885813,failure figure: real-video false-positive / recall boundary
comgenvid,P0,real_false_positive_risk,real_alpha_low,real,MSVD,sFExO_PW22s_10_18.mp4,STALL/datasets/comgenvid/real/MSVD/sFExO_PW22s_10_18.mp4,8.008,29.97002997002997,240.0,True,0.0121556392747821,0.0206124857068061,0.0155383778475916,0.0033827385728095,0.008456846432024,-0.0050741078592144,no_generator_ci,,,,0.0668755029411764,0.0617714900519031,0.071396221885813,failure figure: real-video false-positive / recall boundary
comgenvid,P0,real_false_positive_risk,real_alpha_low,real,MSVD,ZbzDGXEwtGc_6_15.mp4,STALL/datasets/comgenvid/real/MSVD/ZbzDGXEwtGc_6_15.mp4,9.02507,29.916666666666668,270.0,True,0.0086678832116788,0.0011189634678885,0.0056483153141626,-0.0030195678975162,-0.0075489197437903,0.004529351846274,no_generator_ci,,,,0.0668755029411764,0.0617714900519031,0.071396221885813,failure figure: real-video false-positive / recall boundary
comgenvid,P0,real_false_positive_risk,real_alpha_low,real,MSVD,Z19zFlPah-o_6_11.mp4,STALL/datasets/comgenvid/real/MSVD/Z19zFlPah-o_6_11.mp4,5.04,25.0,126.0,True,0.0024134683305862,0.009069493971765,0.0050758785870577,0.0026624102564715,0.0066560256411788,-0.0039936153847073,no_generator_ci,,,,0.0668755029411764,0.0617714900519031,0.071396221885813,failure figure: real-video false-positive / recall boundary
comgenvid,P0,real_false_positive_risk,real_alpha_low,real,MSVD,6JnGBs88sL0_4_10.mp4,STALL/datasets/comgenvid/real/MSVD/6JnGBs88sL0_4_10.mp4,6.006,23.976023976023978,144.0,True,0.0120084765716976,0.0067726736888289,0.0099141554185501,-0.0020943211531474,-0.0052358028828686,0.0031414817297212,no_generator_ci,,,,0.0668755029411764,0.0617714900519031,0.071396221885813,failure figure: real-video false-positive / recall boundary
comgenvid,P0,real_false_positive_risk,real_alpha_low,real,MSVD,jCplbayVbtw_10_20.mp4,STALL/datasets/comgenvid/real/MSVD/jCplbayVbtw_10_20.mp4,10.01,29.97002997002997,300.0,True,0.0182628914527902,0.0220259130001068,0.0197681000717168,0.0015052086189265,0.0037630215473166,-0.00225781292839,no_generator_ci,,,,0.0668755029411764,0.0617714900519031,0.071396221885813,failure figure: real-video false-positive / recall boundary
comgenvid,P0,real_false_positive_risk,real_alpha_low,real,MSVD,1QVn0FffExM_14_24.mp4,STALL/datasets/comgenvid/real/MSVD/1QVn0FffExM_14_24.mp4,10.01,29.97002997002997,300.0,True,0.0093448316458676,0.0062426384538412,0.008103954369057,-0.0012408772768106,-0.0031021931920264,0.0018613159152158,no_generator_ci,,,,0.0668755029411764,0.0617714900519031,0.071396221885813,failure figure: real-video false-positive / recall boundary
comgenvid,P0,real_false_positive_risk,real_alpha_low,real,MSVD,dP15zlyra3c_0_10.mp4,STALL/datasets/comgenvid/real/MSVD/dP15zlyra3c_0_10.mp4,10.0,25.0,250.0,True,0.0041794207676006,0.0067137810401618,0.005193164876625,0.0010137441090244,0.0025343602725612,-0.0015206161635368,no_generator_ci,,,,0.0668755029411764,0.0617714900519031,0.071396221885813,failure figure: real-video false-positive / recall boundary
comgenvid,P0,real_false_positive_risk,real_alpha_low,real,MSVD,-mAoVOhKy0c_4_9.mp4,STALL/datasets/comgenvid/real/MSVD/-mAoVOhKy0c_4_9.mp4,5.013928,29.916666666666668,150.0,True,0.0115964210030609,0.0134864542633295,0.0123524343071683,0.0007560133041074,0.0018900332602686,-0.0011340199561612,no_generator_ci,,,,0.0668755029411764,0.0617714900519031,0.071396221885813,failure figure: real-video false-positive / recall boundary
comgenvid,P0,real_false_positive_risk,real_alpha_low,real,MSVD,TF6LNmwDr_0_2_10.mp4,STALL/datasets/comgenvid/real/MSVD/TF6LNmwDr_0_2_10.mp4,8.022284,29.916666666666668,240.0,True,0.0098746173769719,0.0100117782130837,0.0099294817114166,5.486433444469932e-05,0.0001371608361118,-8.229650166710102e-05,no_generator_ci,,,,0.0668755029411764,0.0617714900519031,0.071396221885813,failure figure: real-video false-positive / recall boundary
genvideo,P0,real_false_positive_risk,real_alpha_low,real,MSR-VTT,video6898.mp4,STALL/datasets/genvideo/real/MSR-VTT/video6898.mp4,15.015,29.97002997002997,450.0,True,0.001074287732517,0.0165665075182914,0.0072711756468267,0.0061968879143097,0.0154922197857744,-0.0092953318714647,no_generator_ci,,,,0.0344333525503979,0.0266361776131194,0.0432855090972428,failure figure: real-video false-positive / recall boundary
genvideo,P0,real_false_positive_risk,real_alpha_low,real,MSR-VTT,video1086.mp4,STALL/datasets/genvideo/real/MSR-VTT/video1086.mp4,10.0,25.0,250.0,True,0.0037232163880386,0.0124899838119745,0.0072299233576129,0.0035067069695743,0.0087667674239358,-0.0052600604543615,no_generator_ci,,,,0.0344333525503979,0.0266361776131194,0.0432855090972428,failure figure: real-video false-positive / recall boundary
genvideo,P0,real_false_positive_risk,real_alpha_low,real,MSR-VTT,video5946.mp4,STALL/datasets/genvideo/real/MSR-VTT/video5946.mp4,15.0,25.0,375.0,True,0.0017070873557805,0.0101862987503409,0.0050987719136046,0.0033916845578241,0.0084792113945604,-0.0050875268367363,no_generator_ci,,,,0.0344333525503979,0.0266361776131194,0.0432855090972428,failure figure: real-video false-positive / recall boundary
genvideo,P0,real_false_positive_risk,real_alpha_low,real,MSR-VTT,video8288.mp4,STALL/datasets/genvideo/real/MSR-VTT/video8288.mp4,17.0,25.0,425.0,True,0.0101247939722156,0.0018129006493836,0.0068000366430827,-0.0033247573291329,-0.008311893322832,0.0049871359936991,no_generator_ci,,,,0.0344333525503979,0.0266361776131194,0.0432855090972428,failure figure: real-video false-positive / recall boundary
genvideo,P0,real_false_positive_risk,real_alpha_low,real,MSR-VTT,video4763.mp4,STALL/datasets/genvideo/real/MSR-VTT/video4763.mp4,17.017,29.97002997002997,510.0,True,0.0097421709441959,0.0016225961735472,0.0064943410359364,-0.0032478299082594,-0.0081195747706487,0.0048717448623892,no_generator_ci,,,,0.0344333525503979,0.0266361776131194,0.0432855090972428,failure figure: real-video false-positive / recall boundary
genvideo,P0,real_false_positive_risk,real_alpha_low,real,MSR-VTT,video7632.mp4,STALL/datasets/genvideo/real/MSR-VTT/video7632.mp4,10.0,25.0,250.0,True,0.0036349187661878,0.0117487981915473,0.0068804705363316,0.0032455517701438,0.0081138794253595,-0.0048683276552157,no_generator_ci,,,,0.0344333525503979,0.0266361776131194,0.0432855090972428,failure figure: real-video false-positive / recall boundary
genvideo,P0,real_false_positive_risk,real_alpha_low,real,MSR-VTT,video5695.mp4,STALL/datasets/genvideo/real/MSR-VTT/video5695.mp4,14.014,29.97002997002997,420.0,True,0.0090357899693901,0.0030348559375852,0.0066354163566681,-0.002400373612722,-0.0060009340318049,0.0036005604190829,no_generator_ci,,,,0.0344333525503979,0.0266361776131194,0.0432855090972428,failure figure: real-video false-positive / recall boundary
genvideo,P0,real_false_positive_risk,real_alpha_low,real,MSR-VTT,video6839.mp4,STALL/datasets/genvideo/real/MSR-VTT/video6839.mp4,20.02,29.97002997002997,600.0,True,0.0053861549328938,0.0108673870563507,0.0075786477822765,0.0021924928493826,0.0054812321234568,-0.0032887392740741,no_generator_ci,,,,0.0344333525503979,0.0266361776131194,0.0432855090972428,failure figure: real-video false-positive / recall boundary
genvideo,P0,real_false_positive_risk,real_alpha_low,real,MSR-VTT,video8053.mp4,STALL/datasets/genvideo/real/MSR-VTT/video8053.mp4,19.019,23.976023976023978,456.0,True,0.008770897103838,0.0040564904920756,0.006885134459133,-0.001885762644705,-0.0047144066117624,0.0028286439670574,no_generator_ci,,,,0.0344333525503979,0.0266361776131194,0.0432855090972428,failure figure: real-video false-positive / recall boundary
genvideo,P0,real_false_positive_risk,real_alpha_low,real,MSR-VTT,video8335.mp4,STALL/datasets/genvideo/real/MSR-VTT/video8335.mp4,10.01,29.97002997002997,300.0,True,0.0070638097480574,0.0031450320966541,0.005496298687496,-0.0015675110605613,-0.0039187776514032,0.0023512665908419,no_generator_ci,,,,0.0344333525503979,0.0266361776131194,0.0432855090972428,failure figure: real-video false-positive / recall boundary
genvideo,P0,real_false_positive_risk,real_alpha_low,real,MSR-VTT,video113.mp4,STALL/datasets/genvideo/real/MSR-VTT/video113.mp4,22.022,29.97002997002997,660.0,True,0.0032964445490934,0.0071814898401498,0.0048504626655159,0.0015540181164225,0.0038850452910563,-0.0023310271746338,no_generator_ci,,,,0.0344333525503979,0.0266361776131194,0.0432855090972428,failure figure: real-video false-positive / recall boundary
genvideo,P0,real_false_positive_risk,real_alpha_low,real,MSR-VTT,video1466.mp4,STALL/datasets/genvideo/real/MSR-VTT/video1466.mp4,12.0,25.0,300.0,True,0.0086678832116788,0.0048277247697114,0.0071318198348918,-0.001536063376787,-0.0038401584419674,0.0023040950651804,no_generator_ci,,,,0.0344333525503979,0.0266361776131194,0.0432855090972428,failure figure: real-video false-positive / recall boundary
genvideo,P0,real_false_positive_risk,real_alpha_low,real,MSR-VTT,video3085.mp4,STALL/datasets/genvideo/real/MSR-VTT/video3085.mp4,17.0,24.0,408.0,True,0.0051359783376501,0.0014723557978868,0.0036705293217447,-0.0014654490159054,-0.0036636225397633,0.0021981735238579,no_generator_ci,,,,0.0344333525503979,0.0266361776131194,0.0432855090972428,failure figure: real-video false-positive / recall boundary
genvideo,P0,real_false_positive_risk,real_alpha_low,real,MSR-VTT,video5272.mp4,STALL/datasets/genvideo/real/MSR-VTT/video5272.mp4,12.0,30.0,360.0,True,0.0053567223922769,0.0020032052416354,0.0040153155320202,-0.0013414068602567,-0.0033535171506414,0.0020121102903847,no_generator_ci,,,,0.0344333525503979,0.0266361776131194,0.0432855090972428,failure figure: real-video false-positive / recall boundary
genvideo,P0,real_false_positive_risk,real_alpha_low,real,MSR-VTT,video1497.mp4,STALL/datasets/genvideo/real/MSR-VTT/video1497.mp4,13.0,30.0,390.0,True,0.0088591947256887,0.0069711538963019,0.0081039783939339,-0.0007552163317547,-0.0018880408293867,0.001132824497632,no_generator_ci,,,,0.0344333525503979,0.0266361776131194,0.0432855090972428,failure figure: real-video false-positive / recall boundary
genvideo,P0,real_false_positive_risk,real_alpha_low,real,MSR-VTT,video4032.mp4,STALL/datasets/genvideo/real/MSR-VTT/video4032.mp4,11.011,29.97002997002997,330.0,True,0.0057540616906051,0.0045272437855601,0.0052633345285871,-0.0004907271620179,-0.0012268179050449,0.000736090743027,no_generator_ci,,,,0.0344333525503979,0.0266361776131194,0.0432855090972428,failure figure: real-video false-positive / recall boundary
genvideo,P0,real_false_positive_risk,real_alpha_low,real,MSR-VTT,video2150.mp4,STALL/datasets/genvideo/real/MSR-VTT/video2150.mp4,12.0,25.0,300.0,True,0.0033847421709441,0.0044471155852079,0.0038096915366496,0.0004249493657054,0.0010623734142638,-0.0006374240485583,no_generator_ci,,,,0.0344333525503979,0.0266361776131194,0.0432855090972428,failure figure: real-video false-positive / recall boundary
genvideo,P0,real_false_positive_risk,real_alpha_low,real,MSR-VTT,video9844.mp4,STALL/datasets/genvideo/real/MSR-VTT/video9844.mp4,11.011,23.976023976023978,264.0,True,0.002957970331999,0.0035657053813338,0.0032010643517329,0.0002430940197338,0.0006077350493348,-0.0003646410296009,no_generator_ci,,,,0.0344333525503979,0.0266361776131194,0.0432855090972428,failure figure: real-video false-positive / recall boundary
genvideo,P0,real_false_positive_risk,real_alpha_low,real,MSR-VTT,video1032.mp4,STALL/datasets/genvideo/real/MSR-VTT/video1032.mp4,10.0,25.0,250.0,True,0.0039586767129738,0.0040865382179617,0.0040098213149689,5.1144601995099966e-05,0.0001278615049878,-7.671690299279957e-05,no_generator_ci,,,,0.0344333525503979,0.0266361776131194,0.0432855090972428,failure figure: real-video false-positive / recall boundary
genvideo,P0,real_false_positive_risk,real_alpha_low,real,MSR-VTT,video2418.mp4,STALL/datasets/genvideo/real/MSR-VTT/video2418.mp4,12.0,25.0,300.0,True,0.0063427125029432,0.0064403042197227,0.0063817491896549,3.903668671170063e-05,9.759171677950052e-05,-5.855503006779988e-05,no_generator_ci,,,,0.0344333525503979,0.0266361776131194,0.0432855090972428,failure figure: real-video false-positive / recall boundary
videofeedback,P0,generated_false_real_risk,generated_score_increased_by_alpha,annotated,VideoCrafter2,2001966.mp4,STALL/datasets/videofeedback/fake/VideoCrafter2/2001966.mp4,2.0,8.0,16.0,True,0.0012950317871438,0.910392165184021,0.3649338851458947,0.3636388533587509,0.9090971333968773,-0.5454582800381262,stable_negative_transfer,-0.0303711663034643,-0.0354361251146606,-0.0253343021962186,0.0153352195195958,0.0127410021059496,0.0179051806441933,failure figure: stable generator-level negative transfer or hard generated case
videofeedback,P0,generated_false_real_risk,generated_score_increased_by_alpha,annotated,VideoCrafter2,2000555.mp4,STALL/datasets/videofeedback/fake/VideoCrafter2/2000555.mp4,2.0,8.0,16.0,True,0.058894513774429,0.9663479924201964,0.421875905232736,0.362981391458307,0.9074534786457674,-0.5444720871874604,stable_negative_transfer,-0.0303711663034643,-0.0354361251146606,-0.0253343021962186,0.0153352195195958,0.0127410021059496,0.0179051806441933,failure figure: stable generator-level negative transfer or hard generated case
videofeedback,P0,generated_false_real_risk,generated_score_increased_by_alpha,annotated,VideoCrafter2,2002317.mp4,STALL/datasets/videofeedback/fake/VideoCrafter2/2002317.mp4,2.0,8.0,16.0,True,0.0037673651989639,0.9098774194717408,0.3662113869080747,0.3624440217091108,0.9061100542727768,-0.5436660325636662,stable_negative_transfer,-0.0303711663034643,-0.0354361251146606,-0.0253343021962186,0.0153352195195958,0.0127410021059496,0.0179051806441933,failure figure: stable generator-level negative transfer or hard generated case
videofeedback,P0,generated_false_real_risk,generated_score_increased_by_alpha,annotated,VideoCrafter2,2002745.mp4,STALL/datasets/videofeedback/fake/VideoCrafter2/2002745.mp4,2.0,8.0,16.0,True,0.0412349894042853,0.9400489330291748,0.4007605668542411,0.3595255774499558,0.8988139436248895,-0.5392883661749337,stable_negative_transfer,-0.0303711663034643,-0.0354361251146606,-0.0253343021962186,0.0153352195195958,0.0127410021059496,0.0179051806441933,failure figure: stable generator-level negative transfer or hard generated case
videofeedback,P0,generated_false_real_risk,generated_score_increased_by_alpha,annotated,VideoCrafter2,2006829.mp4,STALL/datasets/videofeedback/fake/VideoCrafter2/2006829.mp4,2.0,8.0,16.0,True,0.0062249823404756,0.8883088231086731,0.3590585186477546,0.352833536307279,0.8820838407681975,-0.5292503044609185,stable_negative_transfer,-0.0303711663034643,-0.0354361251146606,-0.0253343021962186,0.0153352195195958,0.0127410021059496,0.0179051806441933,failure figure: stable generator-level negative transfer or hard generated case
videofeedback,P0,generated_false_real_risk,generated_score_increased_by_alpha,annotated,VideoCrafter2,2004089.mp4,STALL/datasets/videofeedback/fake/VideoCrafter2/2004089.mp4,2.0,8.0,16.0,True,0.087223334118201,0.9601470232009888,0.4363928097513161,0.3491694756331151,0.8729236890827877,-0.5237542134496727,stable_negative_transfer,-0.0303711663034643,-0.0354361251146606,-0.0253343021962186,0.0153352195195958,0.0127410021059496,0.0179051806441933,failure figure: stable generator-level negative transfer or hard generated case
videofeedback,P0,generated_false_real_risk,generated_score_increased_by_alpha,annotated,VideoCrafter2,2004811.mp4,STALL/datasets/videofeedback/fake/VideoCrafter2/2004811.mp4,2.0,8.0,16.0,True,0.0067989168825052,0.8735293745994568,0.3534910999692858,0.3466921830867805,0.8667304577169516,-0.520038274630171,stable_negative_transfer,-0.0303711663034643,-0.0354361251146606,-0.0253343021962186,0.0153352195195958,0.0127410021059496,0.0179051806441933,failure figure: stable generator-level negative transfer or hard generated case
videofeedback,P0,generated_false_real_risk,generated_score_increased_by_alpha,annotated,Text2Video-Zero,1004886.mp4,STALL/datasets/videofeedback/fake/Text2Video-Zero/1004886.mp4,2.0,8.0,16.0,True,0.0324346597598304,0.897156834602356,0.3783235296968406,0.3458888699370102,0.8647221748425256,-0.5188333049055154,stable_negative_transfer,-0.0709081190397474,-0.0766744251389585,-0.0649173370408726,0.0153352195195958,0.0127410021059496,0.0179051806441933,failure figure: stable generator-level negative transfer or hard generated case
videofeedback,P0,patch_global_conflict,generated_patch_global_conflict,annotated,VideoCrafter2,2001966.mp4,STALL/datasets/videofeedback/fake/VideoCrafter2/2001966.mp4,2.0,8.0,16.0,True,0.0012950317871438,0.910392165184021,0.3649338851458947,0.3636388533587509,0.9090971333968773,-0.5454582800381262,stable_negative_transfer,-0.0303711663034643,-0.0354361251146606,-0.0253343021962186,0.0153352195195958,0.0127410021059496,0.0179051806441933,failure figure: stable generator-level negative transfer or hard generated case
videofeedback,P0,patch_global_conflict,generated_patch_global_conflict,annotated,VideoCrafter2,2000555.mp4,STALL/datasets/videofeedback/fake/VideoCrafter2/2000555.mp4,2.0,8.0,16.0,True,0.058894513774429,0.9663479924201964,0.421875905232736,0.362981391458307,0.9074534786457674,-0.5444720871874604,stable_negative_transfer,-0.0303711663034643,-0.0354361251146606,-0.0253343021962186,0.0153352195195958,0.0127410021059496,0.0179051806441933,failure figure: stable generator-level negative transfer or hard generated case
videofeedback,P0,patch_global_conflict,generated_patch_global_conflict,annotated,VideoCrafter2,2002317.mp4,STALL/datasets/videofeedback/fake/VideoCrafter2/2002317.mp4,2.0,8.0,16.0,True,0.0037673651989639,0.9098774194717408,0.3662113869080747,0.3624440217091108,0.9061100542727768,-0.5436660325636662,stable_negative_transfer,-0.0303711663034643,-0.0354361251146606,-0.0253343021962186,0.0153352195195958,0.0127410021059496,0.0179051806441933,failure figure: stable generator-level negative transfer or hard generated case
videofeedback,P0,patch_global_conflict,generated_patch_global_conflict,annotated,VideoCrafter2,2002745.mp4,STALL/datasets/videofeedback/fake/VideoCrafter2/2002745.mp4,2.0,8.0,16.0,True,0.0412349894042853,0.9400489330291748,0.4007605668542411,0.3595255774499558,0.8988139436248895,-0.5392883661749337,stable_negative_transfer,-0.0303711663034643,-0.0354361251146606,-0.0253343021962186,0.0153352195195958,0.0127410021059496,0.0179051806441933,failure figure: stable generator-level negative transfer or hard generated case
videofeedback,P0,patch_global_conflict,generated_patch_global_conflict,annotated,VideoCrafter2,2006829.mp4,STALL/datasets/videofeedback/fake/VideoCrafter2/2006829.mp4,2.0,8.0,16.0,True,0.0062249823404756,0.8883088231086731,0.3590585186477546,0.352833536307279,0.8820838407681975,-0.5292503044609185,stable_negative_transfer,-0.0303711663034643,-0.0354361251146606,-0.0253343021962186,0.0153352195195958,0.0127410021059496,0.0179051806441933,failure figure: stable generator-level negative transfer or hard generated case
videofeedback,P0,patch_global_conflict,generated_patch_global_conflict,annotated,VideoCrafter2,2004089.mp4,STALL/datasets/videofeedback/fake/VideoCrafter2/2004089.mp4,2.0,8.0,16.0,True,0.087223334118201,0.9601470232009888,0.4363928097513161,0.3491694756331151,0.8729236890827877,-0.5237542134496727,stable_negative_transfer,-0.0303711663034643,-0.0354361251146606,-0.0253343021962186,0.0153352195195958,0.0127410021059496,0.0179051806441933,failure figure: stable generator-level negative transfer or hard generated case
videofeedback,P0,patch_global_conflict,generated_patch_global_conflict,annotated,VideoCrafter2,2004811.mp4,STALL/datasets/videofeedback/fake/VideoCrafter2/2004811.mp4,2.0,8.0,16.0,True,0.0067989168825052,0.8735293745994568,0.3534910999692858,0.3466921830867805,0.8667304577169516,-0.520038274630171,stable_negative_transfer,-0.0303711663034643,-0.0354361251146606,-0.0253343021962186,0.0153352195195958,0.0127410021059496,0.0179051806441933,failure figure: stable generator-level negative transfer or hard generated case
videofeedback,P0,patch_global_conflict,generated_patch_global_conflict,annotated,Text2Video-Zero,1004886.mp4,STALL/datasets/videofeedback/fake/Text2Video-Zero/1004886.mp4,2.0,8.0,16.0,True,0.0324346597598304,0.897156834602356,0.3783235296968406,0.3458888699370102,0.8647221748425256,-0.5188333049055154,stable_negative_transfer,-0.0709081190397474,-0.0766744251389585,-0.0649173370408726,0.0153352195195958,0.0127410021059496,0.0179051806441933,failure figure: stable generator-level negative transfer or hard generated case
videofeedback,P0,real_false_positive_risk,real_alpha_low,real,Panda70M,p102734.mp4,STALL/datasets/videofeedback/real/Panda70M/p102734.mp4,3.0,8.0,24.0,True,0.0017953849776312,0.0242401957511901,0.0107733092870547,0.0089779243094234,0.0224448107735589,-0.0134668864641354,no_generator_ci,,,,0.0153352195195958,0.0127410021059496,0.0179051806441933,failure figure: real-video false-positive / recall boundary
videofeedback,P0,real_false_positive_risk,real_alpha_low,real,Panda70M,p106927.mp4,STALL/datasets/videofeedback/real/Panda70M/p106927.mp4,2.0,8.0,16.0,True,0.0043707322816105,0.0260784309357404,0.0130538117432624,0.0086830794616519,0.0217076986541299,-0.013024619192478,no_generator_ci,,,,0.0153352195195958,0.0127410021059496,0.0179051806441933,failure figure: real-video false-positive / recall boundary
videofeedback,P0,real_false_positive_risk,real_alpha_low,real,Panda70M,p103022.mp4,STALL/datasets/videofeedback/real/Panda70M/p103022.mp4,2.0,8.0,16.0,True,0.0180715799387803,0.000539215747267,0.0110586342621749,-0.0070129456766054,-0.0175323641915133,0.0105194185149079,no_generator_ci,,,,0.0153352195195958,0.0127410021059496,0.0179051806441933,failure figure: real-video false-positive / recall boundary
videofeedback,P0,real_false_positive_risk,real_alpha_low,real,Panda70M,p108736.mp4,STALL/datasets/videofeedback/real/Panda70M/p108736.mp4,3.0,8.0,24.0,True,0.0049888156345655,0.0210784319788217,0.0114246621722679,0.0064358465377024,0.0160896163442562,-0.0096537698065537,no_generator_ci,,,,0.0153352195195958,0.0127410021059496,0.0179051806441933,failure figure: real-video false-positive / recall boundary
videofeedback,P0,real_false_positive_risk,real_alpha_low,real,Panda70M,p104674.mp4,STALL/datasets/videofeedback/real/Panda70M/p104674.mp4,3.0,8.0,24.0,True,0.0085795855898281,0.0216911770403385,0.0138242221700322,0.0052446365802041,0.0131115914505103,-0.0078669548703062,no_generator_ci,,,,0.0153352195195958,0.0127410021059496,0.0179051806441933,failure figure: real-video false-positive / recall boundary
videofeedback,P0,real_false_positive_risk,real_alpha_low,real,Panda70M,p109044.mp4,STALL/datasets/videofeedback/real/Panda70M/p109044.mp4,2.0,8.0,16.0,True,0.002957970331999,0.0143382363021373,0.0075100767200543,0.0045521063880553,0.0113802659701383,-0.006828159582083,no_generator_ci,,,,0.0153352195195958,0.0127410021059496,0.0179051806441933,failure figure: real-video false-positive / recall boundary
videofeedback,P0,real_false_positive_risk,real_alpha_low,real,DiDeMo,p002562.mp4,STALL/datasets/videofeedback/real/DiDeMo/p002562.mp4,3.0,8.0,24.0,True,0.0071373910995997,0.0182843133807182,0.0115961600120471,0.0044587689124474,0.0111469222811185,-0.006688153368671,no_generator_ci,,,,0.0153352195195958,0.0127410021059496,0.0179051806441933,failure figure: real-video false-positive / recall boundary
videofeedback,P0,real_false_positive_risk,real_alpha_low,real,DiDeMo,p008088.mp4,STALL/datasets/videofeedback/real/DiDeMo/p008088.mp4,3.0,8.0,24.0,True,0.0103602542971509,0.0172303915023803,0.0131083091792426,0.0027480548820917,0.0068701372052294,-0.0041220823231377,no_generator_ci,,,,0.0153352195195958,0.0127410021059496,0.0179051806441933,failure figure: real-video false-positive / recall boundary
videofeedback,P0,real_false_positive_risk,real_alpha_low,real,Panda70M,p106439.mp4,STALL/datasets/videofeedback/real/Panda70M/p106439.mp4,3.0,8.0,24.0,True,0.0066811867200376,0.0018872549990192,0.0047636140316302,-0.0019175726884073,-0.0047939317210184,0.002876359032611,no_generator_ci,,,,0.0153352195195958,0.0127410021059496,0.0179051806441933,failure figure: real-video false-positive / recall boundary
videofeedback,P0,real_false_positive_risk,real_alpha_low,real,Panda70M,p105198.mp4,STALL/datasets/videofeedback/real/Panda70M/p105198.mp4,2.0,8.0,16.0,True,0.0157169766894278,0.010931372642517,0.0138027350706634,-0.0019142416187643,-0.0047856040469108,0.0028713624281464,no_generator_ci,,,,0.0153352195195958,0.0127410021059496,0.0179051806441933,failure figure: real-video false-positive / recall boundary
videofeedback,P0,real_false_positive_risk,real_alpha_low,real,Panda70M,p106104.mp4,STALL/datasets/videofeedback/real/Panda70M/p106104.mp4,2.0,8.0,16.0,True,0.0124352484106428,0.0078921569511294,0.0106180118268374,-0.0018172365838053,-0.0045430914595134,0.002725854875708,no_generator_ci,,,,0.0153352195195958,0.0127410021059496,0.0179051806441933,failure figure: real-video false-positive / recall boundary
videofeedback,P0,real_false_positive_risk,real_alpha_low,real,Panda70M,p101355.mp4,STALL/datasets/videofeedback/real/Panda70M/p101355.mp4,2.0,8.0,16.0,True,0.0113315281375088,0.0071568628773093,0.009661662033429,-0.0016698661040797,-0.0041746652601995,0.0025047991561197,no_generator_ci,,,,0.0153352195195958,0.0127410021059496,0.0179051806441933,failure figure: real-video false-positive / recall boundary
videofeedback,P0,real_false_positive_risk,real_alpha_low,real,Panda70M,p100187.mp4,STALL/datasets/videofeedback/real/Panda70M/p100187.mp4,3.0,8.0,24.0,True,0.0051801271485754,0.0090931374579668,0.0067453312723319,0.0015652041237565,0.0039130103093913,-0.0023478061856348,no_generator_ci,,,,0.0153352195195958,0.0127410021059496,0.0179051806441933,failure figure: real-video false-positive / recall boundary
videofeedback,P0,real_false_positive_risk,real_alpha_low,real,Panda70M,p109626.mp4,STALL/datasets/videofeedback/real/Panda70M/p109626.mp4,2.0,8.0,16.0,True,0.0108900400282552,0.0147058814764022,0.012416376607514,0.0015263365792588,0.0038158414481469,-0.0022895048688881,no_generator_ci,,,,0.0153352195195958,0.0127410021059496,0.0179051806441933,failure figure: real-video false-positive / recall boundary
videofeedback,P0,real_false_positive_risk,real_alpha_low,real,Panda70M,p100866.mp4,STALL/datasets/videofeedback/real/Panda70M/p100866.mp4,2.0,8.0,16.0,True,0.008447139157052,0.0048529412597417,0.0070094599981278,-0.0014376791589241,-0.0035941978973102,0.0021565187383861,no_generator_ci,,,,0.0153352195195958,0.0127410021059496,0.0179051806441933,failure figure: real-video false-positive / recall boundary
videofeedback,P0,real_false_positive_risk,real_alpha_low,real,Panda70M,p106966.mp4,STALL/datasets/videofeedback/real/Panda70M/p106966.mp4,2.0,8.0,16.0,True,0.004841652931481,0.0013970588333904,0.0034638152922447,-0.0013778376392363,-0.0034445940980906,0.0020667564588543,no_generator_ci,,,,0.0153352195195958,0.0127410021059496,0.0179051806441933,failure figure: real-video false-positive / recall boundary
videofeedback,P0,real_false_positive_risk,real_alpha_low,real,Panda70M,p105645.mp4,STALL/datasets/videofeedback/real/Panda70M/p105645.mp4,2.0,8.0,16.0,True,0.0083735578055097,0.0100000007078051,0.0090241349664278,0.000650577160918,0.0016264429022953,-0.0009758657413772,no_generator_ci,,,,0.0153352195195958,0.0127410021059496,0.0179051806441933,failure figure: real-video false-positive / recall boundary
videofeedback,P0,real_false_positive_risk,real_alpha_low,real,Panda70M,p103773.mp4,STALL/datasets/videofeedback/real/Panda70M/p103773.mp4,2.0,8.0,16.0,True,0.0103602542971509,0.0091911759227514,0.0098926229473911,-0.0004676313497598,-0.0011690783743994,0.0007014470246396,no_generator_ci,,,,0.0153352195195958,0.0127410021059496,0.0179051806441933,failure figure: real-video false-positive / recall boundary
videofeedback,P0,real_false_positive_risk,real_alpha_low,real,Panda70M,p106149.mp4,STALL/datasets/videofeedback/real/Panda70M/p106149.mp4,2.0,8.0,16.0,True,0.0080056510477984,0.0086029414087533,0.0082445671921803,0.0002389161443819,0.0005972903609549,-0.0003583742165729,no_generator_ci,,,,0.0153352195195958,0.0127410021059496,0.0179051806441933,failure figure: real-video false-positive / recall boundary
videofeedback,P0,real_false_positive_risk,real_alpha_low,real,DiDeMo,p004212.mp4,STALL/datasets/videofeedback/real/DiDeMo/p004212.mp4,3.0,8.0,24.0,True,0.01189074640923,0.0117647051811218,0.0118403299179867,-5.041649124329882e-05,-0.0001260412281081,7.562473686490052e-05,no_generator_ci,,,,0.0153352195195958,0.0127410021059496,0.0179051806441933,failure figure: real-video false-positive / recall boundary
videofeedback,P0,residual_generated_hard_case,generated_alpha_still_high,annotated,Text2Video-Zero,1004373.mp4,STALL/datasets/videofeedback/fake/Text2Video-Zero/1004373.mp4,2.0,8.0,16.0,True,0.5588062161525783,0.9684558510780334,0.7226660701227603,0.163859853970182,0.4096496349254551,-0.2457897809552731,stable_negative_transfer,-0.0709081190397474,-0.0766744251389585,-0.0649173370408726,0.0153352195195958,0.0127410021059496,0.0179051806441933,failure figure: stable generator-level negative transfer or hard generated case
videofeedback,P0,residual_generated_hard_case,generated_alpha_still_high,annotated,Text2Video-Zero,1000341.mp4,STALL/datasets/videofeedback/fake/Text2Video-Zero/1000341.mp4,2.0,8.0,16.0,True,0.5976571697668942,0.9617156982421876,0.7432805811570116,0.1456234113901173,0.3640585284752934,-0.218435117085176,stable_negative_transfer,-0.0709081190397474,-0.0766744251389585,-0.0649173370408726,0.0153352195195958,0.0127410021059496,0.0179051806441933,failure figure: stable generator-level negative transfer or hard generated case
videofeedback,P0,residual_generated_hard_case,generated_alpha_still_high,annotated,Text2Video-Zero,1001650.mp4,STALL/datasets/videofeedback/fake/Text2Video-Zero/1001650.mp4,2.0,8.0,16.0,True,0.5865905344949376,0.9243382215499878,0.7216896093169577,0.1350990748220201,0.3377476870550502,-0.2026486122330301,stable_negative_transfer,-0.0709081190397474,-0.0766744251389585,-0.0649173370408726,0.0153352195195958,0.0127410021059496,0.0179051806441933,failure figure: stable generator-level negative transfer or hard generated case
videofeedback,P0,residual_generated_hard_case,generated_alpha_still_high,annotated,Text2Video-Zero,1002423.mp4,STALL/datasets/videofeedback/fake/Text2Video-Zero/1002423.mp4,2.0,8.0,16.0,True,0.6115051801271485,0.9381617307662964,0.7421678003828076,0.1306626202556591,0.3266565506391479,-0.1959939303834887,stable_negative_transfer,-0.0709081190397474,-0.0766744251389585,-0.0649173370408726,0.0153352195195958,0.0127410021059496,0.0179051806441933,failure figure: stable generator-level negative transfer or hard generated case
videofeedback,P0,residual_generated_hard_case,generated_alpha_still_high,annotated,Text2Video-Zero,1002229.mp4,STALL/datasets/videofeedback/fake/Text2Video-Zero/1002229.mp4,2.0,8.0,16.0,True,0.6057952672474688,0.9168382287025452,0.7302124518294993,0.1244171845820305,0.3110429614550763,-0.1866257768730458,stable_negative_transfer,-0.0709081190397474,-0.0766744251389585,-0.0649173370408726,0.0153352195195958,0.0127410021059496,0.0179051806441933,failure figure: stable generator-level negative transfer or hard generated case
videofeedback,P0,residual_generated_hard_case,generated_alpha_still_high,annotated,Text2Video-Zero,1001056.mp4,STALL/datasets/videofeedback/fake/Text2Video-Zero/1001056.mp4,2.0,8.0,16.0,True,0.6317547680715799,0.9157353043556212,0.7453469825851964,0.1135922145136164,0.2839805362840413,-0.1703883217704248,stable_negative_transfer,-0.0709081190397474,-0.0766744251389585,-0.0649173370408726,0.0153352195195958,0.0127410021059496,0.0179051806441933,failure figure: stable generator-level negative transfer or hard generated case
videofeedback,P0,residual_generated_hard_case,generated_alpha_still_high,annotated,Text2Video-Zero,1002211.mp4,STALL/datasets/videofeedback/fake/Text2Video-Zero/1002211.mp4,2.0,8.0,16.0,True,0.6353013892159172,0.8813234567642212,0.7337102162352388,0.0984088270193216,0.246022067548304,-0.1476132405289824,stable_negative_transfer,-0.0709081190397474,-0.0766744251389585,-0.0649173370408726,0.0153352195195958,0.0127410021059496,0.0179051806441933,failure figure: stable generator-level negative transfer or hard generated case
videofeedback,P0,residual_generated_hard_case,generated_alpha_still_high,annotated,Text2Video-Zero,1002250.mp4,STALL/datasets/videofeedback/fake/Text2Video-Zero/1002250.mp4,2.0,8.0,16.0,True,0.6764333647280434,0.8939460515975952,0.7634384394758642,0.0870050747478208,0.2175126868695518,-0.130507612121731,stable_negative_transfer,-0.0709081190397474,-0.0766744251389585,-0.0649173370408726,0.0153352195195958,0.0127410021059496,0.0179051806441933,failure figure: stable generator-level negative transfer or hard generated case
videofeedback,P0,residual_generated_hard_case,generated_alpha_still_high,annotated,Text2Video-Zero,1002458.mp4,STALL/datasets/videofeedback/fake/Text2Video-Zero/1002458.mp4,2.0,8.0,16.0,True,0.7584324228867436,0.9152205586433412,0.8211476771893826,0.062715254302639,0.1567881357565975,-0.0940728814539585,stable_negative_transfer,-0.0709081190397474,-0.0766744251389585,-0.0649173370408726,0.0153352195195958,0.0127410021059496,0.0179051806441933,failure figure: stable generator-level negative transfer or hard generated case
videofeedback,P0,residual_generated_hard_case,generated_alpha_still_high,annotated,Text2Video-Zero,1000961.mp4,STALL/datasets/videofeedback/fake/Text2Video-Zero/1000961.mp4,2.0,8.0,16.0,True,0.6733135154226513,0.8294607400894165,0.7357724052893574,0.0624588898667061,0.1561472246667652,-0.0936883348000591,stable_negative_transfer,-0.0709081190397474,-0.0766744251389585,-0.0649173370408726,0.0153352195195958,0.0127410021059496,0.0179051806441933,failure figure: stable generator-level negative transfer or hard generated case
videofeedback,P0,residual_generated_hard_case,generated_alpha_still_high,annotated,Text2Video-Zero,1000968.mp4,STALL/datasets/videofeedback/fake/Text2Video-Zero/1000968.mp4,2.0,8.0,16.0,True,0.7043059806922534,0.856666624546051,0.7652502382337725,0.0609442575415191,0.1523606438537976,-0.0914163863122785,stable_negative_transfer,-0.0709081190397474,-0.0766744251389585,-0.0649173370408726,0.0153352195195958,0.0127410021059496,0.0179051806441933,failure figure: stable generator-level negative transfer or hard generated case
videofeedback,P0,residual_generated_hard_case,generated_alpha_still_high,annotated,Text2Video-Zero,1000937.mp4,STALL/datasets/videofeedback/fake/Text2Video-Zero/1000937.mp4,2.0,8.0,16.0,True,0.7251000706380974,0.7876715660095215,0.7501286687866671,0.0250285981485696,0.062571495371424,-0.0375428972228544,stable_negative_transfer,-0.0709081190397474,-0.0766744251389585,-0.0649173370408726,0.0153352195195958,0.0127410021059496,0.0179051806441933,failure figure: stable generator-level negative transfer or hard generated case
videofeedback,P0,residual_generated_hard_case,generated_alpha_still_high,annotated,Text2Video-Zero,1001569.mp4,STALL/datasets/videofeedback/fake/Text2Video-Zero/1001569.mp4,2.0,8.0,16.0,True,0.7357840828820343,0.7047794461250305,0.7233822281792328,-0.0124018547028015,-0.0310046367570038,0.0186027820542022,stable_negative_transfer,-0.0709081190397474,-0.0766744251389585,-0.0649173370408726,0.0153352195195958,0.0127410021059496,0.0179051806441933,failure figure: stable generator-level negative transfer or hard generated case
videofeedback,P0,residual_generated_hard_case,generated_alpha_still_high,annotated,Text2Video-Zero,1000945.mp4,STALL/datasets/videofeedback/fake/Text2Video-Zero/1000945.mp4,2.0,8.0,16.0,True,0.929347186249117,0.9042401909828186,0.9193043881425976,-0.0100427981065194,-0.0251069952662984,0.015064197159779,stable_negative_transfer,-0.0709081190397474,-0.0766744251389585,-0.0649173370408726,0.0153352195195958,0.0127410021059496,0.0179051806441933,failure figure: stable generator-level negative transfer or hard generated case
videofeedback,P0,residual_generated_hard_case,generated_alpha_still_high,annotated,Text2Video-Zero,1001779.mp4,STALL/datasets/videofeedback/fake/Text2Video-Zero/1001779.mp4,2.0,8.0,16.0,True,0.7627590063574288,0.7501960396766663,0.7577338196851238,-0.005025186672305,-0.0125629666807625,0.0075377800084575,stable_negative_transfer,-0.0709081190397474,-0.0766744251389585,-0.0649173370408726,0.0153352195195958,0.0127410021059496,0.0179051806441933,failure figure: stable generator-level negative transfer or hard generated case
comgenvid,P1,generated_false_real_risk,generated_score_increased_by_alpha,annotated,VEO3,267841ab-d2a2-5e99-a71f-d4b2503b16a5.mp4,STALL/datasets/comgenvid/fake/VEO3/267841ab-d2a2-5e99-a71f-d4b2503b16a5.mp4,8.0,24.0,192.0,True,0.0671650576877796,0.7512956261634827,0.3408172850780608,0.2736522273902812,0.6841305684757031,-0.4104783410854218,stable_positive_transfer,0.0637713615916955,0.0573656401384083,0.0706377465397923,0.0668755029411764,0.0617714900519031,0.071396221885813,supplementary audit candidate
comgenvid,P1,generated_false_real_risk,generated_score_increased_by_alpha,annotated,Sora,gimdonghun_320759929%2Fmd.mp4,STALL/datasets/comgenvid/fake/Sora/gimdonghun_320759929%2Fmd.mp4,5.0,30.0,150.0,True,0.0510948905109489,0.6787396669387817,0.302152801082082,0.2510579105711331,0.6276447764278328,-0.3765868658566997,stable_positive_transfer,0.0691531996539792,0.0621494506920416,0.076427794117647,0.0668755029411764,0.0617714900519031,0.071396221885813,supplementary audit candidate
comgenvid,P1,generated_false_real_risk,generated_score_increased_by_alpha,annotated,Sora,antoinemg_733077046%2Fmd.mp4,STALL/datasets/comgenvid/fake/Sora/antoinemg_733077046%2Fmd.mp4,5.0,30.0,150.0,True,0.1101365669884624,0.6960541605949402,0.3445036044310535,0.234367037442591,0.5859175936064778,-0.3515505561638867,stable_positive_transfer,0.0691531996539792,0.0621494506920416,0.076427794117647,0.0668755029411764,0.0617714900519031,0.071396221885813,supplementary audit candidate
comgenvid,P1,generated_false_real_risk,generated_score_increased_by_alpha,annotated,Sora,callumhall0504_276528656%2Fmd.mp4,STALL/datasets/comgenvid/fake/Sora/callumhall0504_276528656%2Fmd.mp4,10.0,30.0,300.0,True,0.1378914527902048,0.6958186030387878,0.361062312889638,0.2231708600994332,0.5579271502485831,-0.3347562901491498,stable_positive_transfer,0.0691531996539792,0.0621494506920416,0.076427794117647,0.0668755029411764,0.0617714900519031,0.071396221885813,supplementary audit candidate
comgenvid,P1,generated_false_real_risk,generated_score_increased_by_alpha,annotated,Sora,johnwickerson_618482429%2Fmd.mp4,STALL/datasets/comgenvid/fake/Sora/johnwickerson_618482429%2Fmd.mp4,5.0,30.0,150.0,True,0.263612550035319,0.7845700979232788,0.471995569190503,0.2083830191551839,0.5209575478879598,-0.3125745287327758,stable_positive_transfer,0.0691531996539792,0.0621494506920416,0.076427794117647,0.0668755029411764,0.0617714900519031,0.071396221885813,supplementary audit candidate
comgenvid,P1,generated_false_real_risk,generated_score_increased_by_alpha,annotated,VEO3,226a982a-267e-5578-8375-b71dea1a085f.mp4,STALL/datasets/comgenvid/fake/VEO3/226a982a-267e-5578-8375-b71dea1a085f.mp4,8.0,24.0,192.0,True,0.057305156581116,0.5732626914978027,0.2636881705477907,0.2063830139666747,0.5159575349166867,-0.309574520950012,stable_positive_transfer,0.0637713615916955,0.0573656401384083,0.0706377465397923,0.0668755029411764,0.0617714900519031,0.071396221885813,supplementary audit candidate
comgenvid,P1,generated_false_real_risk,generated_score_increased_by_alpha,annotated,Sora,chasexcx_403885798%2Fmd.mp4,STALL/datasets/comgenvid/fake/Sora/chasexcx_403885798%2Fmd.mp4,10.0,30.0,300.0,True,0.0605574523192842,0.5666666626930237,0.26300113646878,0.2024436841494958,0.5061092103737395,-0.3036655262242437,stable_positive_transfer,0.0691531996539792,0.0621494506920416,0.076427794117647,0.0668755029411764,0.0617714900519031,0.071396221885813,supplementary audit candidate
comgenvid,P1,generated_false_real_risk,generated_score_increased_by_alpha,annotated,VEO3,74bb3761-ef8b-5875-9c51-1c730b2c3cef.mp4,STALL/datasets/comgenvid/fake/VEO3/74bb3761-ef8b-5875-9c51-1c730b2c3cef.mp4,8.0,24.0,192.0,True,0.0276665881798916,0.5166666507720947,0.2232666132167728,0.1956000250368812,0.4890000625922031,-0.2934000375553219,stable_positive_transfer,0.0637713615916955,0.0573656401384083,0.0706377465397923,0.0668755029411764,0.0617714900519031,0.071396221885813,supplementary audit candidate
comgenvid,P1,generated_false_real_risk,generated_score_increased_by_alpha,annotated,Sora,raqibyousuf_172895658%2Fmd.mp4,STALL/datasets/comgenvid/fake/Sora/raqibyousuf_172895658%2Fmd.mp4,5.0,30.0,150.0,True,0.1514892865552154,0.6373380422592163,0.3458287888368158,0.1943395022816003,0.4858487557040009,-0.2915092534224005,stable_positive_transfer,0.0691531996539792,0.0621494506920416,0.076427794117647,0.0668755029411764,0.0617714900519031,0.071396221885813,supplementary audit candidate
comgenvid,P1,generated_false_real_risk,generated_score_increased_by_alpha,annotated,Sora,kanon0707_322281649%2Fmd.mp4,STALL/datasets/comgenvid/fake/Sora/kanon0707_322281649%2Fmd.mp4,10.0,30.0,300.0,True,0.4021662349894043,0.8851001262664795,0.5953397915002344,0.1931735565108301,0.4829338912770752,-0.2897603347662451,stable_positive_transfer,0.0691531996539792,0.0621494506920416,0.076427794117647,0.0668755029411764,0.0617714900519031,0.071396221885813,supplementary audit candidate
comgenvid,P1,generated_false_real_risk,generated_score_increased_by_alpha,annotated,VEO3,e237197d-f25a-5d4a-a654-7f95f219d6de.mp4,STALL/datasets/comgenvid/fake/VEO3/e237197d-f25a-5d4a-a654-7f95f219d6de.mp4,8.0,24.0,192.0,True,0.065943607252178,0.5448763370513916,0.2575166991718634,0.1915730919196853,0.4789327297992136,-0.2873596378795282,stable_positive_transfer,0.0637713615916955,0.0573656401384083,0.0706377465397923,0.0668755029411764,0.0617714900519031,0.071396221885813,supplementary audit candidate
comgenvid,P1,generated_false_real_risk,generated_score_increased_by_alpha,annotated,VEO3,1395a33b-8814-514c-94ea-23096918fe71.mp4,STALL/datasets/comgenvid/fake/VEO3/1395a33b-8814-514c-94ea-23096918fe71.mp4,8.0,24.0,192.0,True,0.0464739816340946,0.5245583057403564,0.2377077112765993,0.1912337296425046,0.4780843241062618,-0.2868505944637571,stable_positive_transfer,0.0637713615916955,0.0573656401384083,0.0706377465397923,0.0668755029411764,0.0617714900519031,0.071396221885813,supplementary audit candidate
comgenvid,P1,generated_false_real_risk,generated_score_increased_by_alpha,annotated,VEO3,0824813a-5d4e-5cd3-9f88-bf7ac0fec256.mp4,STALL/datasets/comgenvid/fake/VEO3/0824813a-5d4e-5cd3-9f88-bf7ac0fec256.mp4,8.0,24.0,192.0,True,0.2303243465975983,0.7005889415740967,0.4184301845881976,0.1881058379905993,0.4702645949764984,-0.2821587569858991,stable_positive_transfer,0.0637713615916955,0.0573656401384083,0.0706377465397923,0.0668755029411764,0.0617714900519031,0.071396221885813,supplementary audit candidate
comgenvid,P1,generated_false_real_risk,generated_score_increased_by_alpha,annotated,Sora,yasgf701177_900651029%2Fmd.mp4,STALL/datasets/comgenvid/fake/Sora/yasgf701177_900651029%2Fmd.mp4,5.0,30.0,150.0,True,0.0507122674829291,0.5189045667648315,0.23798918719569,0.1872769197127609,0.4681922992819024,-0.2809153795691415,stable_positive_transfer,0.0691531996539792,0.0621494506920416,0.076427794117647,0.0668755029411764,0.0617714900519031,0.071396221885813,supplementary audit candidate
comgenvid,P1,generated_false_real_risk,generated_score_increased_by_alpha,annotated,Sora,ashes1881_697273547%2Fmd.mp4,STALL/datasets/comgenvid/fake/Sora/ashes1881_697273547%2Fmd.mp4,5.0,30.0,150.0,True,0.1594507887920885,0.6130741834640503,0.3409001466608732,0.1814493578687847,0.4536233946719618,-0.2721740368031771,stable_positive_transfer,0.0691531996539792,0.0621494506920416,0.076427794117647,0.0668755029411764,0.0617714900519031,0.071396221885813,supplementary audit candidate
comgenvid,P1,generated_false_real_risk,generated_score_increased_by_alpha,annotated,Sora,harusunshine_450175492%2Fmd.mp4,STALL/datasets/comgenvid/fake/Sora/harusunshine_450175492%2Fmd.mp4,5.0,30.0,150.0,True,0.1115787614786908,0.5559481978416443,0.2893265360238722,0.1777477745451814,0.4443694363629535,-0.2666216618177721,stable_positive_transfer,0.0691531996539792,0.0621494506920416,0.076427794117647,0.0668755029411764,0.0617714900519031,0.071396221885813,supplementary audit candidate
comgenvid,P1,generated_false_real_risk,generated_score_increased_by_alpha,annotated,Sora,joseantonio71_614690824%2Fmd.mp4,STALL/datasets/comgenvid/fake/Sora/joseantonio71_614690824%2Fmd.mp4,10.0,30.0,300.0,True,0.0367759595008241,0.4787396788597107,0.2135614472443787,0.1767854877435546,0.4419637193588865,-0.265178231615332,stable_positive_transfer,0.0691531996539792,0.0621494506920416,0.076427794117647,0.0668755029411764,0.0617714900519031,0.071396221885813,supplementary audit candidate
comgenvid,P1,generated_false_real_risk,generated_score_increased_by_alpha,annotated,VEO3,13907fcc-2fee-5e7c-a75f-bad2e74114d9.mp4,STALL/datasets/comgenvid/fake/VEO3/13907fcc-2fee-5e7c-a75f-bad2e74114d9.mp4,8.0,24.0,192.0,True,0.1687073228161054,0.6084216833114624,0.3445930670142482,0.1758857441981428,0.439714360495357,-0.2638286162972142,stable_positive_transfer,0.0637713615916955,0.0573656401384083,0.0706377465397923,0.0668755029411764,0.0617714900519031,0.071396221885813,supplementary audit candidate
comgenvid,P1,generated_false_real_risk,generated_score_increased_by_alpha,annotated,VEO3,db33af0f-e352-5b65-a3d5-1062f5249081.mp4,STALL/datasets/comgenvid/fake/VEO3/db33af0f-e352-5b65-a3d5-1062f5249081.mp4,8.0,24.0,192.0,True,0.2728838003296444,0.7100117802619934,0.447734992302584,0.1748511919729396,0.437127979932349,-0.2622767879594094,stable_positive_transfer,0.0637713615916955,0.0573656401384083,0.0706377465397923,0.0668755029411764,0.0617714900519031,0.071396221885813,supplementary audit candidate
comgenvid,P1,generated_false_real_risk,generated_score_increased_by_alpha,annotated,Sora,trecording_547987669%2Fmd.mp4,STALL/datasets/comgenvid/fake/Sora/trecording_547987669%2Fmd.mp4,5.0,30.0,150.0,True,0.042912644219449,0.4769140183925628,0.2165131938886945,0.1736005496692454,0.4340013741731138,-0.2604008245038683,stable_positive_transfer,0.0691531996539792,0.0621494506920416,0.076427794117647,0.0668755029411764,0.0617714900519031,0.071396221885813,supplementary audit candidate
comgenvid,P1,patch_global_conflict,generated_patch_global_conflict,annotated,VEO3,267841ab-d2a2-5e99-a71f-d4b2503b16a5.mp4,STALL/datasets/comgenvid/fake/VEO3/267841ab-d2a2-5e99-a71f-d4b2503b16a5.mp4,8.0,24.0,192.0,True,0.0671650576877796,0.7512956261634827,0.3408172850780608,0.2736522273902812,0.6841305684757031,-0.4104783410854218,stable_positive_transfer,0.0637713615916955,0.0573656401384083,0.0706377465397923,0.0668755029411764,0.0617714900519031,0.071396221885813,mechanism audit: patch-global disagreement
comgenvid,P1,patch_global_conflict,generated_patch_global_conflict,annotated,Sora,gimdonghun_320759929%2Fmd.mp4,STALL/datasets/comgenvid/fake/Sora/gimdonghun_320759929%2Fmd.mp4,5.0,30.0,150.0,True,0.0510948905109489,0.6787396669387817,0.302152801082082,0.2510579105711331,0.6276447764278328,-0.3765868658566997,stable_positive_transfer,0.0691531996539792,0.0621494506920416,0.076427794117647,0.0668755029411764,0.0617714900519031,0.071396221885813,mechanism audit: patch-global disagreement
comgenvid,P1,patch_global_conflict,generated_patch_global_conflict,annotated,Sora,antoinemg_733077046%2Fmd.mp4,STALL/datasets/comgenvid/fake/Sora/antoinemg_733077046%2Fmd.mp4,5.0,30.0,150.0,True,0.1101365669884624,0.6960541605949402,0.3445036044310535,0.234367037442591,0.5859175936064778,-0.3515505561638867,stable_positive_transfer,0.0691531996539792,0.0621494506920416,0.076427794117647,0.0668755029411764,0.0617714900519031,0.071396221885813,mechanism audit: patch-global disagreement
comgenvid,P1,patch_global_conflict,generated_patch_global_conflict,annotated,Sora,callumhall0504_276528656%2Fmd.mp4,STALL/datasets/comgenvid/fake/Sora/callumhall0504_276528656%2Fmd.mp4,10.0,30.0,300.0,True,0.1378914527902048,0.6958186030387878,0.361062312889638,0.2231708600994332,0.5579271502485831,-0.3347562901491498,stable_positive_transfer,0.0691531996539792,0.0621494506920416,0.076427794117647,0.0668755029411764,0.0617714900519031,0.071396221885813,mechanism audit: patch-global disagreement
comgenvid,P1,patch_global_conflict,generated_patch_global_conflict,annotated,Sora,johnwickerson_618482429%2Fmd.mp4,STALL/datasets/comgenvid/fake/Sora/johnwickerson_618482429%2Fmd.mp4,5.0,30.0,150.0,True,0.263612550035319,0.7845700979232788,0.471995569190503,0.2083830191551839,0.5209575478879598,-0.3125745287327758,stable_positive_transfer,0.0691531996539792,0.0621494506920416,0.076427794117647,0.0668755029411764,0.0617714900519031,0.071396221885813,mechanism audit: patch-global disagreement
comgenvid,P1,patch_global_conflict,generated_patch_global_conflict,annotated,VEO3,226a982a-267e-5578-8375-b71dea1a085f.mp4,STALL/datasets/comgenvid/fake/VEO3/226a982a-267e-5578-8375-b71dea1a085f.mp4,8.0,24.0,192.0,True,0.057305156581116,0.5732626914978027,0.2636881705477907,0.2063830139666747,0.5159575349166867,-0.309574520950012,stable_positive_transfer,0.0637713615916955,0.0573656401384083,0.0706377465397923,0.0668755029411764,0.0617714900519031,0.071396221885813,mechanism audit: patch-global disagreement
comgenvid,P1,patch_global_conflict,generated_patch_global_conflict,annotated,Sora,chasexcx_403885798%2Fmd.mp4,STALL/datasets/comgenvid/fake/Sora/chasexcx_403885798%2Fmd.mp4,10.0,30.0,300.0,True,0.0605574523192842,0.5666666626930237,0.26300113646878,0.2024436841494958,0.5061092103737395,-0.3036655262242437,stable_positive_transfer,0.0691531996539792,0.0621494506920416,0.076427794117647,0.0668755029411764,0.0617714900519031,0.071396221885813,mechanism audit: patch-global disagreement
comgenvid,P1,patch_global_conflict,generated_patch_global_conflict,annotated,VEO3,74bb3761-ef8b-5875-9c51-1c730b2c3cef.mp4,STALL/datasets/comgenvid/fake/VEO3/74bb3761-ef8b-5875-9c51-1c730b2c3cef.mp4,8.0,24.0,192.0,True,0.0276665881798916,0.5166666507720947,0.2232666132167728,0.1956000250368812,0.4890000625922031,-0.2934000375553219,stable_positive_transfer,0.0637713615916955,0.0573656401384083,0.0706377465397923,0.0668755029411764,0.0617714900519031,0.071396221885813,mechanism audit: patch-global disagreement
comgenvid,P1,patch_global_conflict,generated_patch_global_conflict,annotated,Sora,raqibyousuf_172895658%2Fmd.mp4,STALL/datasets/comgenvid/fake/Sora/raqibyousuf_172895658%2Fmd.mp4,5.0,30.0,150.0,True,0.1514892865552154,0.6373380422592163,0.3458287888368158,0.1943395022816003,0.4858487557040009,-0.2915092534224005,stable_positive_transfer,0.0691531996539792,0.0621494506920416,0.076427794117647,0.0668755029411764,0.0617714900519031,0.071396221885813,mechanism audit: patch-global disagreement
comgenvid,P1,patch_global_conflict,generated_patch_global_conflict,annotated,Sora,kanon0707_322281649%2Fmd.mp4,STALL/datasets/comgenvid/fake/Sora/kanon0707_322281649%2Fmd.mp4,10.0,30.0,300.0,True,0.4021662349894043,0.8851001262664795,0.5953397915002344,0.1931735565108301,0.4829338912770752,-0.2897603347662451,stable_positive_transfer,0.0691531996539792,0.0621494506920416,0.076427794117647,0.0668755029411764,0.0617714900519031,0.071396221885813,mechanism audit: patch-global disagreement
comgenvid,P1,patch_global_conflict,generated_patch_global_conflict,annotated,VEO3,e237197d-f25a-5d4a-a654-7f95f219d6de.mp4,STALL/datasets/comgenvid/fake/VEO3/e237197d-f25a-5d4a-a654-7f95f219d6de.mp4,8.0,24.0,192.0,True,0.065943607252178,0.5448763370513916,0.2575166991718634,0.1915730919196853,0.4789327297992136,-0.2873596378795282,stable_positive_transfer,0.0637713615916955,0.0573656401384083,0.0706377465397923,0.0668755029411764,0.0617714900519031,0.071396221885813,mechanism audit: patch-global disagreement
comgenvid,P1,patch_global_conflict,generated_patch_global_conflict,annotated,VEO3,1395a33b-8814-514c-94ea-23096918fe71.mp4,STALL/datasets/comgenvid/fake/VEO3/1395a33b-8814-514c-94ea-23096918fe71.mp4,8.0,24.0,192.0,True,0.0464739816340946,0.5245583057403564,0.2377077112765993,0.1912337296425046,0.4780843241062618,-0.2868505944637571,stable_positive_transfer,0.0637713615916955,0.0573656401384083,0.0706377465397923,0.0668755029411764,0.0617714900519031,0.071396221885813,mechanism audit: patch-global disagreement
comgenvid,P1,patch_global_conflict,generated_patch_global_conflict,annotated,VEO3,0824813a-5d4e-5cd3-9f88-bf7ac0fec256.mp4,STALL/datasets/comgenvid/fake/VEO3/0824813a-5d4e-5cd3-9f88-bf7ac0fec256.mp4,8.0,24.0,192.0,True,0.2303243465975983,0.7005889415740967,0.4184301845881976,0.1881058379905993,0.4702645949764984,-0.2821587569858991,stable_positive_transfer,0.0637713615916955,0.0573656401384083,0.0706377465397923,0.0668755029411764,0.0617714900519031,0.071396221885813,mechanism audit: patch-global disagreement
comgenvid,P1,patch_global_conflict,generated_patch_global_conflict,annotated,Sora,yasgf701177_900651029%2Fmd.mp4,STALL/datasets/comgenvid/fake/Sora/yasgf701177_900651029%2Fmd.mp4,5.0,30.0,150.0,True,0.0507122674829291,0.5189045667648315,0.23798918719569,0.1872769197127609,0.4681922992819024,-0.2809153795691415,stable_positive_transfer,0.0691531996539792,0.0621494506920416,0.076427794117647,0.0668755029411764,0.0617714900519031,0.071396221885813,mechanism audit: patch-global disagreement
comgenvid,P1,patch_global_conflict,generated_patch_global_conflict,annotated,Sora,ashes1881_697273547%2Fmd.mp4,STALL/datasets/comgenvid/fake/Sora/ashes1881_697273547%2Fmd.mp4,5.0,30.0,150.0,True,0.1594507887920885,0.6130741834640503,0.3409001466608732,0.1814493578687847,0.4536233946719618,-0.2721740368031771,stable_positive_transfer,0.0691531996539792,0.0621494506920416,0.076427794117647,0.0668755029411764,0.0617714900519031,0.071396221885813,mechanism audit: patch-global disagreement
comgenvid,P1,patch_global_conflict,generated_patch_global_conflict,annotated,Sora,harusunshine_450175492%2Fmd.mp4,STALL/datasets/comgenvid/fake/Sora/harusunshine_450175492%2Fmd.mp4,5.0,30.0,150.0,True,0.1115787614786908,0.5559481978416443,0.2893265360238722,0.1777477745451814,0.4443694363629535,-0.2666216618177721,stable_positive_transfer,0.0691531996539792,0.0621494506920416,0.076427794117647,0.0668755029411764,0.0617714900519031,0.071396221885813,mechanism audit: patch-global disagreement
comgenvid,P1,patch_global_conflict,generated_patch_global_conflict,annotated,Sora,joseantonio71_614690824%2Fmd.mp4,STALL/datasets/comgenvid/fake/Sora/joseantonio71_614690824%2Fmd.mp4,10.0,30.0,300.0,True,0.0367759595008241,0.4787396788597107,0.2135614472443787,0.1767854877435546,0.4419637193588865,-0.265178231615332,stable_positive_transfer,0.0691531996539792,0.0621494506920416,0.076427794117647,0.0668755029411764,0.0617714900519031,0.071396221885813,mechanism audit: patch-global disagreement
comgenvid,P1,patch_global_conflict,generated_patch_global_conflict,annotated,VEO3,13907fcc-2fee-5e7c-a75f-bad2e74114d9.mp4,STALL/datasets/comgenvid/fake/VEO3/13907fcc-2fee-5e7c-a75f-bad2e74114d9.mp4,8.0,24.0,192.0,True,0.1687073228161054,0.6084216833114624,0.3445930670142482,0.1758857441981428,0.439714360495357,-0.2638286162972142,stable_positive_transfer,0.0637713615916955,0.0573656401384083,0.0706377465397923,0.0668755029411764,0.0617714900519031,0.071396221885813,mechanism audit: patch-global disagreement
comgenvid,P1,patch_global_conflict,generated_patch_global_conflict,annotated,VEO3,db33af0f-e352-5b65-a3d5-1062f5249081.mp4,STALL/datasets/comgenvid/fake/VEO3/db33af0f-e352-5b65-a3d5-1062f5249081.mp4,8.0,24.0,192.0,True,0.2728838003296444,0.7100117802619934,0.447734992302584,0.1748511919729396,0.437127979932349,-0.2622767879594094,stable_positive_transfer,0.0637713615916955,0.0573656401384083,0.0706377465397923,0.0668755029411764,0.0617714900519031,0.071396221885813,mechanism audit: patch-global disagreement
comgenvid,P1,patch_global_conflict,generated_patch_global_conflict,annotated,Sora,trecording_547987669%2Fmd.mp4,STALL/datasets/comgenvid/fake/Sora/trecording_547987669%2Fmd.mp4,5.0,30.0,150.0,True,0.042912644219449,0.4769140183925628,0.2165131938886945,0.1736005496692454,0.4340013741731138,-0.2604008245038683,stable_positive_transfer,0.0691531996539792,0.0621494506920416,0.076427794117647,0.0668755029411764,0.0617714900519031,0.071396221885813,mechanism audit: patch-global disagreement
comgenvid,P1,real_recall_degradation_risk,real_score_decreased_by_alpha,real,MSVD,jjl2ZMdFCsw_130_142.mp4,STALL/datasets/comgenvid/real/MSVD/jjl2ZMdFCsw_130_142.mp4,12.012,29.97002997002997,360.0,True,0.9317017894984696,0.345641940832138,0.697277850031937,-0.2344239394665326,-0.5860598486663315,0.351635909199799,no_generator_ci,,,,0.0668755029411764,0.0617714900519031,0.071396221885813,supplementary audit candidate
comgenvid,P1,real_recall_degradation_risk,real_score_decreased_by_alpha,real,MSVD,_1vy2HIN60A_32_40.mp4,STALL/datasets/comgenvid/real/MSVD/_1vy2HIN60A_32_40.mp4,8.008,29.97002997002997,240.0,True,0.7331057216858958,0.1858657300472259,0.5142097250304278,-0.218895996655468,-0.5472399916386699,0.3283439949832019,no_generator_ci,,,,0.0668755029411764,0.0617714900519031,0.071396221885813,supplementary audit candidate
comgenvid,P1,real_recall_degradation_risk,real_score_decreased_by_alpha,real,MSVD,IY1Fn796MoY_7_10.mp4,STALL/datasets/comgenvid/real/MSVD/IY1Fn796MoY_7_10.mp4,3.003,29.97002997002997,90.0,True,0.9350276665881798,0.3991754949092865,0.7206867979166225,-0.2143408686715573,-0.5358521716788933,0.321511303007336,no_generator_ci,,,,0.0668755029411764,0.0617714900519031,0.071396221885813,supplementary audit candidate
comgenvid,P1,real_recall_degradation_risk,real_score_decreased_by_alpha,real,MSVD,FeTaKOPVaJg_60_70.mp4,STALL/datasets/comgenvid/real/MSVD/FeTaKOPVaJg_60_70.mp4,10.041667,24.0,241.0,True,0.6296944902283965,0.1212014108896255,0.4262972584928881,-0.2033972317355084,-0.508493079338771,0.3050958476032626,no_generator_ci,,,,0.0668755029411764,0.0617714900519031,0.071396221885813,supplementary audit candidate
comgenvid,P1,real_recall_degradation_risk,real_score_decreased_by_alpha,real,MSVD,-8y1Q0rA3n8_108_115.mp4,STALL/datasets/comgenvid/real/MSVD/-8y1Q0rA3n8_108_115.mp4,7.007,29.97002997002997,210.0,True,0.7422739580880622,0.2782096564769745,0.5566482374436271,-0.185625720644435,-0.4640643016110877,0.2784385809666526,no_generator_ci,,,,0.0668755029411764,0.0617714900519031,0.071396221885813,supplementary audit candidate
comgenvid,P1,real_recall_degradation_risk,real_score_decreased_by_alpha,real,MSVD,Z10_CDPQKKs_1_6.mp4,STALL/datasets/comgenvid/real/MSVD/Z10_CDPQKKs_1_6.mp4,5.013928,29.916666666666668,150.0,True,0.7833323522486462,0.3648409843444824,0.6159358050869806,-0.1673965471616655,-0.4184913679041637,0.2510948207424982,no_generator_ci,,,,0.0668755029411764,0.0617714900519031,0.071396221885813,supplementary audit candidate
comgenvid,P1,real_recall_degradation_risk,real_score_decreased_by_alpha,real,MSVD,SZP3Jpbbwj0_52_59.mp4,STALL/datasets/comgenvid/real/MSVD/SZP3Jpbbwj0_52_59.mp4,7.007,29.97002997002997,210.0,True,0.5990846479868143,0.1819787919521331,0.4322423055729417,-0.1668423424138725,-0.4171058560346812,0.2502635136208085,no_generator_ci,,,,0.0668755029411764,0.0617714900519031,0.071396221885813,supplementary audit candidate
comgenvid,P1,real_recall_degradation_risk,real_score_decreased_by_alpha,real,MSVD,FeTaKOPVaJg_15_25.mp4,STALL/datasets/comgenvid/real/MSVD/FeTaKOPVaJg_15_25.mp4,10.041667,24.0,241.0,True,0.7060572168589593,0.292815089225769,0.5407603658056832,-0.165296851053276,-0.4132421276331903,0.2479452765799142,no_generator_ci,,,,0.0668755029411764,0.0617714900519031,0.071396221885813,supplementary audit candidate
comgenvid,P1,real_recall_degradation_risk,real_score_decreased_by_alpha,real,MSVD,jjl2ZMdFCsw_17_35.mp4,STALL/datasets/comgenvid/real/MSVD/jjl2ZMdFCsw_17_35.mp4,18.018,29.97002997002997,540.0,True,0.8987226277372262,0.4992344081401825,0.7389273398984088,-0.1597952878388174,-0.3994882195970437,0.2396929317582262,no_generator_ci,,,,0.0668755029411764,0.0617714900519031,0.071396221885813,supplementary audit candidate
comgenvid,P1,real_recall_degradation_risk,real_score_decreased_by_alpha,real,MSVD,zpgW7m7_LZw_2_15.mp4,STALL/datasets/comgenvid/real/MSVD/zpgW7m7_LZw_2_15.mp4,13.04,25.0,326.0,True,0.6367877325170709,0.2416372150182724,0.4787275255175515,-0.1580602069995194,-0.3951505174987985,0.2370903104992791,no_generator_ci,,,,0.0668755029411764,0.0617714900519031,0.071396221885813,supplementary audit candidate
comgenvid,P1,real_recall_degradation_risk,real_score_decreased_by_alpha,real,MSVD,5dZ8PXABC30_14_20.mp4,STALL/datasets/comgenvid/real/MSVD/5dZ8PXABC30_14_20.mp4,6.006,29.97002997002997,180.0,True,0.488079821050153,0.0987632498145103,0.3323531925558959,-0.1557266284942571,-0.3893165712356427,0.2335899427413856,no_generator_ci,,,,0.0668755029411764,0.0617714900519031,0.071396221885813,supplementary audit candidate
comgenvid,P1,real_recall_degradation_risk,real_score_decreased_by_alpha,real,MSVD,5P6UU6m3cqk_57_75.mp4,STALL/datasets/comgenvid/real/MSVD/5P6UU6m3cqk_57_75.mp4,18.04,25.0,451.0,True,0.5797621850718154,0.1916372179985046,0.4245121982424911,-0.1552499868293243,-0.3881249670733108,0.2328749802439864,no_generator_ci,,,,0.0668755029411764,0.0617714900519031,0.071396221885813,supplementary audit candidate
comgenvid,P1,real_recall_degradation_risk,real_score_decreased_by_alpha,real,MSVD,MoqC84sXu88_47_59.mp4,STALL/datasets/comgenvid/real/MSVD/MoqC84sXu88_47_59.mp4,11.7,10.0,117.0,True,0.5640157758417707,0.1850412189960479,0.4124259531034815,-0.1515898227382891,-0.3789745568457228,0.2273847341074336,no_generator_ci,,,,0.0668755029411764,0.0617714900519031,0.071396221885813,supplementary audit candidate
comgenvid,P1,real_recall_degradation_risk,real_score_decreased_by_alpha,real,MSVD,lmCrIZeob4w_23_26.mp4,STALL/datasets/comgenvid/real/MSVD/lmCrIZeob4w_23_26.mp4,3.008357,29.916666666666668,90.0,True,0.91885448551919,0.5442284941673279,0.7690040889784451,-0.1498503965407449,-0.3746259913518621,0.2247755948111172,no_generator_ci,,,,0.0668755029411764,0.0617714900519031,0.071396221885813,supplementary audit candidate
comgenvid,P1,real_recall_degradation_risk,real_score_decreased_by_alpha,real,MSVD,cM55xNJ_pfU_1_20.mp4,STALL/datasets/comgenvid/real/MSVD/cM55xNJ_pfU_1_20.mp4,19.04,25.0,476.0,True,0.5163203437720745,0.160718485713005,0.3740796005484467,-0.1422407432236277,-0.3556018580590694,0.2133611148354416,no_generator_ci,,,,0.0668755029411764,0.0617714900519031,0.071396221885813,supplementary audit candidate
comgenvid,P1,real_recall_degradation_risk,real_score_decreased_by_alpha,real,MSVD,2Nn2CAeaI5k_72_77.mp4,STALL/datasets/comgenvid/real/MSVD/2Nn2CAeaI5k_72_77.mp4,5.005,14.985014985014985,75.0,True,0.5127001412761949,0.1695524156093597,0.3754410510094608,-0.1372590902667341,-0.3431477256668351,0.205888635400101,no_generator_ci,,,,0.0668755029411764,0.0617714900519031,0.071396221885813,supplementary audit candidate
comgenvid,P1,real_recall_degradation_risk,real_score_decreased_by_alpha,real,MSVD,QA_JTtM1hKA_5_15.mp4,STALL/datasets/comgenvid/real/MSVD/QA_JTtM1hKA_5_15.mp4,10.033333,30.0,301.0,True,0.5178066870732281,0.1767373383045196,0.3813789475657446,-0.1364277395074835,-0.3410693487687085,0.204641609261225,no_generator_ci,,,,0.0668755029411764,0.0617714900519031,0.071396221885813,supplementary audit candidate
comgenvid,P1,real_recall_degradation_risk,real_score_decreased_by_alpha,real,MSVD,gIvetX_oXeI_85_90.mp4,STALL/datasets/comgenvid/real/MSVD/gIvetX_oXeI_85_90.mp4,5.033333,30.0,151.0,True,0.814089357193313,0.477856308221817,0.6795961376047146,-0.1344932195885984,-0.336233048971496,0.2017398293828975,no_generator_ci,,,,0.0668755029411764,0.0617714900519031,0.071396221885813,supplementary audit candidate
comgenvid,P1,real_recall_degradation_risk,real_score_decreased_by_alpha,real,MSVD,5QJf-l4lPJw_133_138.mp4,STALL/datasets/comgenvid/real/MSVD/5QJf-l4lPJw_133_138.mp4,5.005,29.97002997002997,150.0,True,0.6076789498469508,0.2736749053001404,0.4740773320282266,-0.1336016178187242,-0.3340040445468104,0.2004024267280862,no_generator_ci,,,,0.0668755029411764,0.0617714900519031,0.071396221885813,supplementary audit candidate
comgenvid,P1,real_recall_degradation_risk,real_score_decreased_by_alpha,real,MSVD,j1Z890_Q3so_131_138.mp4,STALL/datasets/comgenvid/real/MSVD/j1Z890_Q3so_131_138.mp4,7.007,59.94005994005994,420.0,True,0.7128561337414645,0.379446417093277,0.5794922470821895,-0.133363886659275,-0.3334097166481875,0.2000458299889125,no_generator_ci,,,,0.0668755029411764,0.0617714900519031,0.071396221885813,supplementary audit candidate
comgenvid,P1,residual_generated_hard_case,generated_alpha_still_high,annotated,Sora,kanon0707_322281649%2Fmd.mp4,STALL/datasets/comgenvid/fake/Sora/kanon0707_322281649%2Fmd.mp4,10.0,30.0,300.0,True,0.4021662349894043,0.8851001262664795,0.5953397915002344,0.1931735565108301,0.4829338912770752,-0.2897603347662451,stable_positive_transfer,0.0691531996539792,0.0621494506920416,0.076427794117647,0.0668755029411764,0.0617714900519031,0.071396221885813,limitation audit: generated video remains high-scoring
comgenvid,P1,residual_generated_hard_case,generated_alpha_still_high,annotated,Sora,tenaiai_586325615%2Fmd.mp4,STALL/datasets/comgenvid/fake/Sora/tenaiai_586325615%2Fmd.mp4,5.0,30.0,150.0,True,0.4175300211914292,0.8379858732223511,0.585712362003798,0.1681823408123687,0.4204558520309219,-0.2522735112185531,stable_positive_transfer,0.0691531996539792,0.0621494506920416,0.076427794117647,0.0668755029411764,0.0617714900519031,0.071396221885813,limitation audit: generated video remains high-scoring
comgenvid,P1,residual_generated_hard_case,generated_alpha_still_high,annotated,VEO3,1a9360dc-ca9f-5d0d-9514-68e25bb0ac9e.mp4,STALL/datasets/comgenvid/fake/VEO3/1a9360dc-ca9f-5d0d-9514-68e25bb0ac9e.mp4,8.0,24.0,192.0,True,0.3754856369201789,0.7874558568000793,0.5402737248721391,0.1647880879519602,0.4119702198799004,-0.2471821319279402,stable_positive_transfer,0.0637713615916955,0.0573656401384083,0.0706377465397923,0.0668755029411764,0.0617714900519031,0.071396221885813,limitation audit: generated video remains high-scoring
comgenvid,P1,residual_generated_hard_case,generated_alpha_still_high,annotated,VEO3,bb014f75-5f93-58e0-bb6d-a5524a12c0e2.mp4,STALL/datasets/comgenvid/fake/VEO3/bb014f75-5f93-58e0-bb6d-a5524a12c0e2.mp4,8.0,24.0,192.0,True,0.3486431598775606,0.7573615908622742,0.512130532271446,0.1634873723938854,0.4087184309847135,-0.2452310585908281,stable_positive_transfer,0.0637713615916955,0.0573656401384083,0.0706377465397923,0.0668755029411764,0.0617714900519031,0.071396221885813,limitation audit: generated video remains high-scoring
comgenvid,P1,residual_generated_hard_case,generated_alpha_still_high,annotated,Sora,buschdogg_875400141%2Fmd.mp4,STALL/datasets/comgenvid/fake/Sora/buschdogg_875400141%2Fmd.mp4,5.0,30.0,150.0,True,0.4065222510007064,0.7498233318328857,0.5438426833335781,0.1373204323328717,0.3433010808321793,-0.2059806484993076,stable_positive_transfer,0.0691531996539792,0.0621494506920416,0.076427794117647,0.0668755029411764,0.0617714900519031,0.071396221885813,limitation audit: generated video remains high-scoring
comgenvid,P1,residual_generated_hard_case,generated_alpha_still_high,annotated,Sora,xplore45_watermarked.mp4,STALL/datasets/comgenvid/fake/Sora/xplore45_watermarked.mp4,10.0,30.0,300.0,True,0.4747763126913115,0.7606595754623413,0.5891296177997234,0.1143533051084119,0.2858832627710298,-0.1715299576626179,stable_positive_transfer,0.0691531996539792,0.0621494506920416,0.076427794117647,0.0668755029411764,0.0617714900519031,0.071396221885813,limitation audit: generated video remains high-scoring
comgenvid,P1,residual_generated_hard_case,generated_alpha_still_high,annotated,Sora,coqrouge_309642307%2Fmd.mp4,STALL/datasets/comgenvid/fake/Sora/coqrouge_309642307%2Fmd.mp4,5.0,30.0,150.0,True,0.5505798210501531,0.803239107131958,0.6516435354828751,0.101063714432722,0.2526592860818049,-0.1515955716490828,stable_positive_transfer,0.0691531996539792,0.0621494506920416,0.076427794117647,0.0668755029411764,0.0617714900519031,0.071396221885813,limitation audit: generated video remains high-scoring
genvideo,P1,generated_false_real_risk,generated_score_increased_by_alpha,annotated,MorphStudio,MorphStudio_98.mp4,STALL/datasets/genvideo/fake/MorphStudio/MorphStudio_98.mp4,2.0,8.0,16.0,True,0.0456498704968212,0.9229968190193176,0.3965886499058198,0.3509387794089986,0.8773469485224964,-0.5264081691134979,boundary_ci_crosses_zero,0.0093936489795918,-0.0040502551020408,0.0238552295918368,0.0344333525503979,0.0266361776131194,0.0432855090972428,supplementary audit candidate
genvideo,P1,generated_false_real_risk,generated_score_increased_by_alpha,annotated,Lavie,lavie_666.mp4,STALL/datasets/genvideo/fake/Lavie/lavie_666.mp4,2.541667,24.0,61.0,True,0.0080645161290322,0.8742688298225403,0.3545462416064355,0.3464817254774033,0.866204313693508,-0.5197225882161047,boundary_ci_crosses_zero,0.0090963214285714,-0.0014073724489796,0.0201207589285715,0.0344333525503979,0.0266361776131194,0.0432855090972428,supplementary audit candidate
genvideo,P1,generated_false_real_risk,generated_score_increased_by_alpha,annotated,MorphStudio,MorphStudio_89.mp4,STALL/datasets/genvideo/fake/MorphStudio/MorphStudio_89.mp4,2.0,8.0,16.0,True,0.0793206969625618,0.9361377954483032,0.4220475363568584,0.3427268393942966,0.8568170984857414,-0.5140902590914449,boundary_ci_crosses_zero,0.0093936489795918,-0.0040502551020408,0.0238552295918368,0.0344333525503979,0.0266361776131194,0.0432855090972428,supplementary audit candidate
genvideo,P1,generated_false_real_risk,generated_score_increased_by_alpha,annotated,Lavie,lavie_867.mp4,STALL/datasets/genvideo/fake/Lavie/lavie_867.mp4,2.0,8.0,16.0,True,0.0243259948198728,0.8794671297073364,0.3663824487748582,0.3420564539549854,0.8551411348874636,-0.5130846809324783,boundary_ci_crosses_zero,0.0090963214285714,-0.0014073724489796,0.0201207589285715,0.0344333525503979,0.0266361776131194,0.0432855090972428,supplementary audit candidate
genvideo,P1,generated_false_real_risk,generated_score_increased_by_alpha,annotated,MorphStudio,MorphStudio_696.mp4,STALL/datasets/genvideo/fake/MorphStudio/MorphStudio_696.mp4,2.0,8.0,16.0,True,0.0204114669178243,0.869130551815033,0.3598991008767078,0.3394876339588835,0.8487190848972087,-0.5092314509383251,boundary_ci_crosses_zero,0.0093936489795918,-0.0040502551020408,0.0238552295918368,0.0344333525503979,0.0266361776131194,0.0432855090972428,supplementary audit candidate
genvideo,P1,generated_false_real_risk,generated_score_increased_by_alpha,annotated,ModelScope,modelscope_323.mp4,STALL/datasets/genvideo/fake/ModelScope/modelscope_323.mp4,4.0,8.0,32.0,True,0.0685189545561573,0.9115083813667296,0.4057147252803862,0.3371957707242289,0.8429894268105723,-0.5057936560863434,stable_positive_transfer,0.0612203836734693,0.0471257908163265,0.0778849489795919,0.0344333525503979,0.0266361776131194,0.0432855090972428,supplementary audit candidate
genvideo,P1,generated_false_real_risk,generated_score_increased_by_alpha,annotated,WildScrape,D332.mp4,STALL/datasets/genvideo/fake/WildScrape/D332.mp4,8.4,25.0,210.0,True,0.1048681422180362,0.9450420141220092,0.4409376909796254,0.3360695487615892,0.840173871903973,-0.5041043231423838,stable_positive_transfer,0.0388172306532189,0.0222524271844659,0.0549125742294278,0.0344333525503979,0.0266361776131194,0.0432855090972428,supplementary audit candidate
genvideo,P1,generated_false_real_risk,generated_score_increased_by_alpha,annotated,Lavie,lavie_1371.mp4,STALL/datasets/genvideo/fake/Lavie/lavie_1371.mp4,2.0,8.0,16.0,True,0.047298092771368,0.8832831978797913,0.3816921348147373,0.3343940420433693,0.8359851051084233,-0.501591063065054,boundary_ci_crosses_zero,0.0090963214285714,-0.0014073724489796,0.0201207589285715,0.0344333525503979,0.0266361776131194,0.0432855090972428,supplementary audit candidate
genvideo,P1,generated_false_real_risk,generated_score_increased_by_alpha,annotated,MorphStudio,MorphStudio_167.mp4,STALL/datasets/genvideo/fake/MorphStudio/MorphStudio_167.mp4,2.0,8.0,16.0,True,0.02254532611255,0.8551883101463318,0.3556025197260627,0.3330571936135127,0.8326429840337818,-0.499585790420269,boundary_ci_crosses_zero,0.0093936489795918,-0.0040502551020408,0.0238552295918368,0.0344333525503979,0.0266361776131194,0.0432855090972428,supplementary audit candidate
genvideo,P1,generated_false_real_risk,generated_score_increased_by_alpha,annotated,MorphStudio,MorphStudio_501.mp4,STALL/datasets/genvideo/fake/MorphStudio/MorphStudio_501.mp4,2.0,8.0,16.0,True,0.1023222274546738,0.928235113620758,0.4326873819211074,0.3303651544664336,0.8259128861660842,-0.4955477316996505,boundary_ci_crosses_zero,0.0093936489795918,-0.0040502551020408,0.0238552295918368,0.0344333525503979,0.0266361776131194,0.0432855090972428,supplementary audit candidate
genvideo,P1,generated_false_real_risk,generated_score_increased_by_alpha,annotated,Lavie,lavie_801.mp4,STALL/datasets/genvideo/fake/Lavie/lavie_801.mp4,2.0,8.0,16.0,True,0.0093742641864845,0.8226362466812134,0.334679057184376,0.3253047929978915,0.8132619824947289,-0.4879571894968373,boundary_ci_crosses_zero,0.0090963214285714,-0.0014073724489796,0.0201207589285715,0.0344333525503979,0.0266361776131194,0.0432855090972428,supplementary audit candidate
genvideo,P1,generated_false_real_risk,generated_score_increased_by_alpha,annotated,Lavie,lavie_671.mp4,STALL/datasets/genvideo/fake/Lavie/lavie_671.mp4,2.541667,24.0,61.0,True,0.0358341182010831,0.8479066491127014,0.3606631305657304,0.3248290123646473,0.8120725309116184,-0.487243518546971,boundary_ci_crosses_zero,0.0090963214285714,-0.0014073724489796,0.0201207589285715,0.0344333525503979,0.0266361776131194,0.0432855090972428,supplementary audit candidate
genvideo,P1,generated_false_real_risk,generated_score_increased_by_alpha,annotated,Lavie,lavie_662.mp4,STALL/datasets/genvideo/fake/Lavie/lavie_662.mp4,2.541667,24.0,61.0,True,0.0535525076524605,0.8626301884651184,0.3771835799775236,0.3236310723250631,0.8090776808126579,-0.4854466084875948,boundary_ci_crosses_zero,0.0090963214285714,-0.0014073724489796,0.0201207589285715,0.0344333525503979,0.0266361776131194,0.0432855090972428,supplementary audit candidate
genvideo,P1,generated_false_real_risk,generated_score_increased_by_alpha,annotated,Lavie,lavie_101.mp4,STALL/datasets/genvideo/fake/Lavie/lavie_101.mp4,2.541667,24.0,61.0,True,0.0060925359076995,0.8138321042060852,0.3291883632270538,0.3230958273193543,0.8077395682983857,-0.4846437409790314,boundary_ci_crosses_zero,0.0090963214285714,-0.0014073724489796,0.0201207589285715,0.0344333525503979,0.0266361776131194,0.0432855090972428,supplementary audit candidate
genvideo,P1,generated_false_real_risk,generated_score_increased_by_alpha,annotated,Lavie,lavie_1362.mp4,STALL/datasets/genvideo/fake/Lavie/lavie_1362.mp4,2.0,8.0,16.0,True,0.0201024252413468,0.8189101815223694,0.3396255277537558,0.319523102512409,0.7988077562810226,-0.4792846537686135,boundary_ci_crosses_zero,0.0090963214285714,-0.0014073724489796,0.0201207589285715,0.0344333525503979,0.0266361776131194,0.0432855090972428,supplementary audit candidate
genvideo,P1,generated_false_real_risk,generated_score_increased_by_alpha,annotated,MorphStudio,MorphStudio_59.mp4,STALL/datasets/genvideo/fake/MorphStudio/MorphStudio_59.mp4,2.0,8.0,16.0,True,0.0371291499882269,0.8267127275466919,0.3529625810116129,0.3158334310233859,0.789583577558465,-0.473750146535079,boundary_ci_crosses_zero,0.0093936489795918,-0.0040502551020408,0.0238552295918368,0.0344333525503979,0.0266361776131194,0.0432855090972428,supplementary audit candidate
genvideo,P1,generated_false_real_risk,generated_score_increased_by_alpha,annotated,Lavie,lavie_1381.mp4,STALL/datasets/genvideo/fake/Lavie/lavie_1381.mp4,2.0,8.0,16.0,True,0.0082999764539675,0.795813262462616,0.3233052908574269,0.3150053144034593,0.7875132860086484,-0.4725079716051891,boundary_ci_crosses_zero,0.0090963214285714,-0.0014073724489796,0.0201207589285715,0.0344333525503979,0.0266361776131194,0.0432855090972428,supplementary audit candidate
genvideo,P1,generated_false_real_risk,generated_score_increased_by_alpha,annotated,Show_1,show1_98.mp4,STALL/datasets/genvideo/fake/Show_1/show1_98.mp4,3.625,8.0,29.0,True,0.0799093477748999,0.8642728328704834,0.3936547418131333,0.3137453940382334,0.7843634850955835,-0.4706180910573501,stable_positive_transfer,0.0274408714285714,0.0116661734693876,0.04069,0.0344333525503979,0.0266361776131194,0.0432855090972428,supplementary audit candidate
genvideo,P1,generated_false_real_risk,generated_score_increased_by_alpha,annotated,MorphStudio,MorphStudio_88.mp4,STALL/datasets/genvideo/fake/MorphStudio/MorphStudio_88.mp4,2.0,8.0,16.0,True,0.0403814457263951,0.8246995210647583,0.3541086758617404,0.3137272301353453,0.7843180753383632,-0.4705908452030179,boundary_ci_crosses_zero,0.0093936489795918,-0.0040502551020408,0.0238552295918368,0.0344333525503979,0.0266361776131194,0.0432855090972428,supplementary audit candidate
genvideo,P1,generated_false_real_risk,generated_score_increased_by_alpha,annotated,Lavie,lavie_1361.mp4,STALL/datasets/genvideo/fake/Lavie/lavie_1361.mp4,2.0,8.0,16.0,True,0.010625147162703,0.7935697436332703,0.3238029857509299,0.3131778385882269,0.7829445964705672,-0.4697667578823403,boundary_ci_crosses_zero,0.0090963214285714,-0.0014073724489796,0.0201207589285715,0.0344333525503979,0.0266361776131194,0.0432855090972428,supplementary audit candidate
genvideo,P1,patch_global_conflict,generated_patch_global_conflict,annotated,MorphStudio,MorphStudio_98.mp4,STALL/datasets/genvideo/fake/MorphStudio/MorphStudio_98.mp4,2.0,8.0,16.0,True,0.0456498704968212,0.9229968190193176,0.3965886499058198,0.3509387794089986,0.8773469485224964,-0.5264081691134979,boundary_ci_crosses_zero,0.0093936489795918,-0.0040502551020408,0.0238552295918368,0.0344333525503979,0.0266361776131194,0.0432855090972428,mechanism audit: patch-global disagreement
genvideo,P1,patch_global_conflict,generated_patch_global_conflict,annotated,Lavie,lavie_666.mp4,STALL/datasets/genvideo/fake/Lavie/lavie_666.mp4,2.541667,24.0,61.0,True,0.0080645161290322,0.8742688298225403,0.3545462416064355,0.3464817254774033,0.866204313693508,-0.5197225882161047,boundary_ci_crosses_zero,0.0090963214285714,-0.0014073724489796,0.0201207589285715,0.0344333525503979,0.0266361776131194,0.0432855090972428,mechanism audit: patch-global disagreement
genvideo,P1,patch_global_conflict,generated_patch_global_conflict,annotated,MorphStudio,MorphStudio_89.mp4,STALL/datasets/genvideo/fake/MorphStudio/MorphStudio_89.mp4,2.0,8.0,16.0,True,0.0793206969625618,0.9361377954483032,0.4220475363568584,0.3427268393942966,0.8568170984857414,-0.5140902590914449,boundary_ci_crosses_zero,0.0093936489795918,-0.0040502551020408,0.0238552295918368,0.0344333525503979,0.0266361776131194,0.0432855090972428,mechanism audit: patch-global disagreement
genvideo,P1,patch_global_conflict,generated_patch_global_conflict,annotated,Lavie,lavie_867.mp4,STALL/datasets/genvideo/fake/Lavie/lavie_867.mp4,2.0,8.0,16.0,True,0.0243259948198728,0.8794671297073364,0.3663824487748582,0.3420564539549854,0.8551411348874636,-0.5130846809324783,boundary_ci_crosses_zero,0.0090963214285714,-0.0014073724489796,0.0201207589285715,0.0344333525503979,0.0266361776131194,0.0432855090972428,mechanism audit: patch-global disagreement
genvideo,P1,patch_global_conflict,generated_patch_global_conflict,annotated,MorphStudio,MorphStudio_696.mp4,STALL/datasets/genvideo/fake/MorphStudio/MorphStudio_696.mp4,2.0,8.0,16.0,True,0.0204114669178243,0.869130551815033,0.3598991008767078,0.3394876339588835,0.8487190848972087,-0.5092314509383251,boundary_ci_crosses_zero,0.0093936489795918,-0.0040502551020408,0.0238552295918368,0.0344333525503979,0.0266361776131194,0.0432855090972428,mechanism audit: patch-global disagreement
genvideo,P1,patch_global_conflict,generated_patch_global_conflict,annotated,ModelScope,modelscope_323.mp4,STALL/datasets/genvideo/fake/ModelScope/modelscope_323.mp4,4.0,8.0,32.0,True,0.0685189545561573,0.9115083813667296,0.4057147252803862,0.3371957707242289,0.8429894268105723,-0.5057936560863434,stable_positive_transfer,0.0612203836734693,0.0471257908163265,0.0778849489795919,0.0344333525503979,0.0266361776131194,0.0432855090972428,mechanism audit: patch-global disagreement
genvideo,P1,patch_global_conflict,generated_patch_global_conflict,annotated,WildScrape,D332.mp4,STALL/datasets/genvideo/fake/WildScrape/D332.mp4,8.4,25.0,210.0,True,0.1048681422180362,0.9450420141220092,0.4409376909796254,0.3360695487615892,0.840173871903973,-0.5041043231423838,stable_positive_transfer,0.0388172306532189,0.0222524271844659,0.0549125742294278,0.0344333525503979,0.0266361776131194,0.0432855090972428,mechanism audit: patch-global disagreement
genvideo,P1,patch_global_conflict,generated_patch_global_conflict,annotated,Lavie,lavie_1371.mp4,STALL/datasets/genvideo/fake/Lavie/lavie_1371.mp4,2.0,8.0,16.0,True,0.047298092771368,0.8832831978797913,0.3816921348147373,0.3343940420433693,0.8359851051084233,-0.501591063065054,boundary_ci_crosses_zero,0.0090963214285714,-0.0014073724489796,0.0201207589285715,0.0344333525503979,0.0266361776131194,0.0432855090972428,mechanism audit: patch-global disagreement
genvideo,P1,patch_global_conflict,generated_patch_global_conflict,annotated,MorphStudio,MorphStudio_167.mp4,STALL/datasets/genvideo/fake/MorphStudio/MorphStudio_167.mp4,2.0,8.0,16.0,True,0.02254532611255,0.8551883101463318,0.3556025197260627,0.3330571936135127,0.8326429840337818,-0.499585790420269,boundary_ci_crosses_zero,0.0093936489795918,-0.0040502551020408,0.0238552295918368,0.0344333525503979,0.0266361776131194,0.0432855090972428,mechanism audit: patch-global disagreement
genvideo,P1,patch_global_conflict,generated_patch_global_conflict,annotated,MorphStudio,MorphStudio_501.mp4,STALL/datasets/genvideo/fake/MorphStudio/MorphStudio_501.mp4,2.0,8.0,16.0,True,0.1023222274546738,0.928235113620758,0.4326873819211074,0.3303651544664336,0.8259128861660842,-0.4955477316996505,boundary_ci_crosses_zero,0.0093936489795918,-0.0040502551020408,0.0238552295918368,0.0344333525503979,0.0266361776131194,0.0432855090972428,mechanism audit: patch-global disagreement
genvideo,P1,patch_global_conflict,generated_patch_global_conflict,annotated,Lavie,lavie_801.mp4,STALL/datasets/genvideo/fake/Lavie/lavie_801.mp4,2.0,8.0,16.0,True,0.0093742641864845,0.8226362466812134,0.334679057184376,0.3253047929978915,0.8132619824947289,-0.4879571894968373,boundary_ci_crosses_zero,0.0090963214285714,-0.0014073724489796,0.0201207589285715,0.0344333525503979,0.0266361776131194,0.0432855090972428,mechanism audit: patch-global disagreement
genvideo,P1,patch_global_conflict,generated_patch_global_conflict,annotated,Lavie,lavie_671.mp4,STALL/datasets/genvideo/fake/Lavie/lavie_671.mp4,2.541667,24.0,61.0,True,0.0358341182010831,0.8479066491127014,0.3606631305657304,0.3248290123646473,0.8120725309116184,-0.487243518546971,boundary_ci_crosses_zero,0.0090963214285714,-0.0014073724489796,0.0201207589285715,0.0344333525503979,0.0266361776131194,0.0432855090972428,mechanism audit: patch-global disagreement
genvideo,P1,patch_global_conflict,generated_patch_global_conflict,annotated,Lavie,lavie_662.mp4,STALL/datasets/genvideo/fake/Lavie/lavie_662.mp4,2.541667,24.0,61.0,True,0.0535525076524605,0.8626301884651184,0.3771835799775236,0.3236310723250631,0.8090776808126579,-0.4854466084875948,boundary_ci_crosses_zero,0.0090963214285714,-0.0014073724489796,0.0201207589285715,0.0344333525503979,0.0266361776131194,0.0432855090972428,mechanism audit: patch-global disagreement
genvideo,P1,patch_global_conflict,generated_patch_global_conflict,annotated,Lavie,lavie_101.mp4,STALL/datasets/genvideo/fake/Lavie/lavie_101.mp4,2.541667,24.0,61.0,True,0.0060925359076995,0.8138321042060852,0.3291883632270538,0.3230958273193543,0.8077395682983857,-0.4846437409790314,boundary_ci_crosses_zero,0.0090963214285714,-0.0014073724489796,0.0201207589285715,0.0344333525503979,0.0266361776131194,0.0432855090972428,mechanism audit: patch-global disagreement
genvideo,P1,patch_global_conflict,generated_patch_global_conflict,annotated,Lavie,lavie_1362.mp4,STALL/datasets/genvideo/fake/Lavie/lavie_1362.mp4,2.0,8.0,16.0,True,0.0201024252413468,0.8189101815223694,0.3396255277537558,0.319523102512409,0.7988077562810226,-0.4792846537686135,boundary_ci_crosses_zero,0.0090963214285714,-0.0014073724489796,0.0201207589285715,0.0344333525503979,0.0266361776131194,0.0432855090972428,mechanism audit: patch-global disagreement
genvideo,P1,patch_global_conflict,generated_patch_global_conflict,annotated,MorphStudio,MorphStudio_59.mp4,STALL/datasets/genvideo/fake/MorphStudio/MorphStudio_59.mp4,2.0,8.0,16.0,True,0.0371291499882269,0.8267127275466919,0.3529625810116129,0.3158334310233859,0.789583577558465,-0.473750146535079,boundary_ci_crosses_zero,0.0093936489795918,-0.0040502551020408,0.0238552295918368,0.0344333525503979,0.0266361776131194,0.0432855090972428,mechanism audit: patch-global disagreement
genvideo,P1,patch_global_conflict,generated_patch_global_conflict,annotated,Lavie,lavie_1381.mp4,STALL/datasets/genvideo/fake/Lavie/lavie_1381.mp4,2.0,8.0,16.0,True,0.0082999764539675,0.795813262462616,0.3233052908574269,0.3150053144034593,0.7875132860086484,-0.4725079716051891,boundary_ci_crosses_zero,0.0090963214285714,-0.0014073724489796,0.0201207589285715,0.0344333525503979,0.0266361776131194,0.0432855090972428,mechanism audit: patch-global disagreement
genvideo,P1,patch_global_conflict,generated_patch_global_conflict,annotated,Show_1,show1_98.mp4,STALL/datasets/genvideo/fake/Show_1/show1_98.mp4,3.625,8.0,29.0,True,0.0799093477748999,0.8642728328704834,0.3936547418131333,0.3137453940382334,0.7843634850955835,-0.4706180910573501,stable_positive_transfer,0.0274408714285714,0.0116661734693876,0.04069,0.0344333525503979,0.0266361776131194,0.0432855090972428,mechanism audit: patch-global disagreement
genvideo,P1,patch_global_conflict,generated_patch_global_conflict,annotated,MorphStudio,MorphStudio_88.mp4,STALL/datasets/genvideo/fake/MorphStudio/MorphStudio_88.mp4,2.0,8.0,16.0,True,0.0403814457263951,0.8246995210647583,0.3541086758617404,0.3137272301353453,0.7843180753383632,-0.4705908452030179,boundary_ci_crosses_zero,0.0093936489795918,-0.0040502551020408,0.0238552295918368,0.0344333525503979,0.0266361776131194,0.0432855090972428,mechanism audit: patch-global disagreement
genvideo,P1,patch_global_conflict,generated_patch_global_conflict,annotated,Lavie,lavie_1361.mp4,STALL/datasets/genvideo/fake/Lavie/lavie_1361.mp4,2.0,8.0,16.0,True,0.010625147162703,0.7935697436332703,0.3238029857509299,0.3131778385882269,0.7829445964705672,-0.4697667578823403,boundary_ci_crosses_zero,0.0090963214285714,-0.0014073724489796,0.0201207589285715,0.0344333525503979,0.0266361776131194,0.0432855090972428,mechanism audit: patch-global disagreement
genvideo,P1,real_recall_degradation_risk,real_score_decreased_by_alpha,real,MSR-VTT,video8981.mp4,STALL/datasets/genvideo/real/MSR-VTT/video8981.mp4,12.0,25.0,300.0,True,0.9320991287967976,0.1963842064142227,0.6378131598437676,-0.2942859689530299,-0.7357149223825749,0.4414289534295449,no_generator_ci,,,,0.0344333525503979,0.0266361776131194,0.0432855090972428,supplementary audit candidate
genvideo,P1,real_recall_degradation_risk,real_score_decreased_by_alpha,real,MSR-VTT,video7428.mp4,STALL/datasets/genvideo/real/MSR-VTT/video7428.mp4,21.021,29.97002997002997,630.0,True,0.8542794914056981,0.1474759578704834,0.5715580779916123,-0.2827214134140858,-0.7068035335352147,0.4240821201211289,no_generator_ci,,,,0.0344333525503979,0.0266361776131194,0.0432855090972428,supplementary audit candidate
genvideo,P1,real_recall_degradation_risk,real_score_decreased_by_alpha,real,MSR-VTT,video9338.mp4,STALL/datasets/genvideo/real/MSR-VTT/video9338.mp4,17.017,29.97002997002997,510.0,True,0.7357105015304921,0.0849358960986137,0.4754006593577407,-0.2603098421727514,-0.6507746054318784,0.390464763259127,no_generator_ci,,,,0.0344333525503979,0.0266361776131194,0.0432855090972428,supplementary audit candidate
genvideo,P1,real_recall_degradation_risk,real_score_decreased_by_alpha,real,MSR-VTT,video9148.mp4,STALL/datasets/genvideo/real/MSR-VTT/video9148.mp4,15.015,29.97002997002997,450.0,True,0.7785348481280904,0.172556072473526,0.5361433378662646,-0.2423915102618258,-0.6059787756545644,0.3635872653927385,no_generator_ci,,,,0.0344333525503979,0.0266361776131194,0.0432855090972428,supplementary audit candidate
genvideo,P1,real_recall_degradation_risk,real_score_decreased_by_alpha,real,MSR-VTT,video1039.mp4,STALL/datasets/genvideo/real/MSR-VTT/video1039.mp4,12.012,29.97002997002997,360.0,True,0.8013744996468095,0.197235569357872,0.5597189275312344,-0.2416555721155751,-0.6041389302889375,0.3624833581733624,no_generator_ci,,,,0.0344333525503979,0.0266361776131194,0.0432855090972428,supplementary audit candidate
genvideo,P1,real_recall_degradation_risk,real_score_decreased_by_alpha,real,MSR-VTT,video1994.mp4,STALL/datasets/genvideo/real/MSR-VTT/video1994.mp4,12.979633,29.97002997002997,389.0,True,0.8534259477278079,0.2694210708141327,0.6198239969623378,-0.23360195076547,-0.5840048769136752,0.3504029261482051,no_generator_ci,,,,0.0344333525503979,0.0266361776131194,0.0432855090972428,supplementary audit candidate
genvideo,P1,real_recall_degradation_risk,real_score_decreased_by_alpha,real,MSR-VTT,video2622.mp4,STALL/datasets/genvideo/real/MSR-VTT/video2622.mp4,28.028,29.97002997002997,840.0,True,0.7877766658817988,0.2234375029802322,0.5620410007211721,-0.2257356651606267,-0.5643391629015666,0.3386034977409399,no_generator_ci,,,,0.0344333525503979,0.0266361776131194,0.0432855090972428,supplementary audit candidate
genvideo,P1,real_recall_degradation_risk,real_score_decreased_by_alpha,real,MSR-VTT,video5681.mp4,STALL/datasets/genvideo/real/MSR-VTT/video5681.mp4,19.019,29.97002997002997,570.0,True,0.9180892394631504,0.362109363079071,0.6956972889095185,-0.2223919505536318,-0.5559798763840793,0.3335879258304475,no_generator_ci,,,,0.0344333525503979,0.0266361776131194,0.0432855090972428,supplementary audit candidate
genvideo,P1,real_recall_degradation_risk,real_score_decreased_by_alpha,real,MSR-VTT,video7312.mp4,STALL/datasets/genvideo/real/MSR-VTT/video7312.mp4,11.011,29.97002997002997,330.0,True,0.7566811867200377,0.2052984684705734,0.536128099420252,-0.2205530872997857,-0.5513827182494643,0.3308296309496785,no_generator_ci,,,,0.0344333525503979,0.0266361776131194,0.0432855090972428,supplementary audit candidate
genvideo,P1,real_recall_degradation_risk,real_score_decreased_by_alpha,real,MSR-VTT,video5930.mp4,STALL/datasets/genvideo/real/MSR-VTT/video5930.mp4,22.022,11.988011988011989,264.0,True,0.6949611490463856,0.1484174728393554,0.4763436785635735,-0.2186174704828121,-0.5465436762070301,0.3279262057242181,no_generator_ci,,,,0.0344333525503979,0.0266361776131194,0.0432855090972428,supplementary audit candidate
genvideo,P1,real_recall_degradation_risk,real_score_decreased_by_alpha,real,MSR-VTT,video5561.mp4,STALL/datasets/genvideo/real/MSR-VTT/video5561.mp4,12.0,25.0,300.0,True,0.7312073228161055,0.1876302063465118,0.5137764762282679,-0.2174308465878375,-0.5435771164695936,0.3261462698817561,no_generator_ci,,,,0.0344333525503979,0.0266361776131194,0.0432855090972428,supplementary audit candidate
genvideo,P1,real_recall_degradation_risk,real_score_decreased_by_alpha,real,MSR-VTT,video2175.mp4,STALL/datasets/genvideo/real/MSR-VTT/video2175.mp4,22.989633,29.97002997002997,689.0,True,0.7561955497998587,0.220302477478981,0.5418383208715076,-0.214357228928351,-0.5358930723208777,0.3215358433925266,no_generator_ci,,,,0.0344333525503979,0.0266361776131194,0.0432855090972428,supplementary audit candidate
genvideo,P1,real_recall_degradation_risk,real_score_decreased_by_alpha,real,MSR-VTT,video8021.mp4,STALL/datasets/genvideo/real/MSR-VTT/video8021.mp4,11.011,29.97002997002997,330.0,True,0.674667412291029,0.140625,0.4610504473746174,-0.2136169649164115,-0.534042412291029,0.3204254473746174,no_generator_ci,,,,0.0344333525503979,0.0266361776131194,0.0432855090972428,supplementary audit candidate
genvideo,P1,real_recall_degradation_risk,real_score_decreased_by_alpha,real,MSR-VTT,video7588.mp4,STALL/datasets/genvideo/real/MSR-VTT/video7588.mp4,11.011,23.976023976023978,264.0,True,0.910804685660466,0.3772836625576019,0.6973962764193204,-0.2134084092411455,-0.5335210231028642,0.3201126138617186,no_generator_ci,,,,0.0344333525503979,0.0266361776131194,0.0432855090972428,supplementary audit candidate
genvideo,P1,real_recall_degradation_risk,real_score_decreased_by_alpha,real,MSR-VTT,video2546.mp4,STALL/datasets/genvideo/real/MSR-VTT/video2546.mp4,12.012,29.97002997002997,360.0,True,0.8547356957852602,0.322986751794815,0.6420361181890821,-0.212699577596178,-0.5317489439904453,0.3190493663942671,no_generator_ci,,,,0.0344333525503979,0.0266361776131194,0.0432855090972428,supplementary audit candidate
genvideo,P1,real_recall_degradation_risk,real_score_decreased_by_alpha,real,MSR-VTT,video5205.mp4,STALL/datasets/genvideo/real/MSR-VTT/video5205.mp4,13.013,29.97002997002997,390.0,True,0.7704556157287497,0.2418569773435592,0.5590161603746735,-0.2114394553540761,-0.5285986383851904,0.3171591830311143,no_generator_ci,,,,0.0344333525503979,0.0266361776131194,0.0432855090972428,supplementary audit candidate
genvideo,P1,real_recall_degradation_risk,real_score_decreased_by_alpha,real,MSR-VTT,video6145.mp4,STALL/datasets/genvideo/real/MSR-VTT/video6145.mp4,15.015,29.97002997002997,450.0,True,0.8600041205556863,0.336368203163147,0.6505497535986706,-0.2094543669570157,-0.5236359173925393,0.3141815504355236,no_generator_ci,,,,0.0344333525503979,0.0266361776131194,0.0432855090972428,supplementary audit candidate
genvideo,P1,real_recall_degradation_risk,real_score_decreased_by_alpha,real,MSR-VTT,video6773.mp4,STALL/datasets/genvideo/real/MSR-VTT/video6773.mp4,23.0,25.0,575.0,True,0.862594184129974,0.3409755825996399,0.6539467435178403,-0.2086474406121337,-0.5216186015303341,0.3129711609182004,no_generator_ci,,,,0.0344333525503979,0.0266361776131194,0.0432855090972428,supplementary audit candidate
genvideo,P1,real_recall_degradation_risk,real_score_decreased_by_alpha,real,MSR-VTT,video4833.mp4,STALL/datasets/genvideo/real/MSR-VTT/video4833.mp4,19.019,29.97002997002997,570.0,True,0.8025518012714857,0.2894931733608246,0.5973283501072213,-0.2052234511642644,-0.5130586279106611,0.3078351767463967,no_generator_ci,,,,0.0344333525503979,0.0266361776131194,0.0432855090972428,supplementary audit candidate
genvideo,P1,real_recall_degradation_risk,real_score_decreased_by_alpha,real,MSR-VTT,video3812.mp4,STALL/datasets/genvideo/real/MSR-VTT/video3812.mp4,28.028,29.97002997002997,840.0,True,0.728528961619967,0.2184394896030426,0.5244931728131973,-0.2040357888067697,-0.5100894720169245,0.3060536832101547,no_generator_ci,,,,0.0344333525503979,0.0266361776131194,0.0432855090972428,supplementary audit candidate
genvideo,P1,residual_generated_hard_case,generated_alpha_still_high,annotated,Show_1,show1_459.mp4,STALL/datasets/genvideo/fake/Show_1/show1_459.mp4,3.625,8.0,29.0,True,0.5611313868613139,0.981760799884796,0.7293831520707068,0.1682517652093929,0.4206294130234821,-0.2523776478140892,stable_positive_transfer,0.0274408714285714,0.0116661734693876,0.04069,0.0344333525503979,0.0266361776131194,0.0432855090972428,limitation audit: generated video remains high-scoring
genvideo,P1,residual_generated_hard_case,generated_alpha_still_high,annotated,Lavie,lavie_523.mp4,STALL/datasets/genvideo/fake/Lavie/lavie_523.mp4,2.541667,24.0,61.0,True,0.6345214268895691,0.9567908644676208,0.7634292019207898,0.1289077750312206,0.3222694375780517,-0.193361662546831,boundary_ci_crosses_zero,0.0090963214285714,-0.0014073724489796,0.0201207589285715,0.0344333525503979,0.0266361776131194,0.0432855090972428,limitation audit: generated video remains high-scoring
genvideo,P1,residual_generated_hard_case,generated_alpha_still_high,annotated,WildScrape,D131.mp4,STALL/datasets/genvideo/fake/WildScrape/D131.mp4,22.64,25.0,566.0,True,0.6270014127619497,0.9254907965660096,0.7463971662835737,0.119395753521624,0.29848938380406,-0.1790936302824359,stable_positive_transfer,0.0388172306532189,0.0222524271844659,0.0549125742294278,0.0344333525503979,0.0266361776131194,0.0432855090972428,limitation audit: generated video remains high-scoring
videofeedback,P1,generated_false_real_risk,generated_score_increased_by_alpha,annotated,LaVie-base,4001104.mp4,STALL/datasets/videofeedback/fake/LaVie-base/4001104.mp4,2.0,8.0,16.0,True,0.0234430186013656,0.9839460849761964,0.4076442451512979,0.3842012265499323,0.9605030663748308,-0.5763018398248985,boundary_ci_crosses_zero,-0.0012719270545129,-0.0076430926128647,0.005359613345704,0.0153352195195958,0.0127410021059496,0.0179051806441933,supplementary audit candidate
videofeedback,P1,generated_false_real_risk,generated_score_increased_by_alpha,annotated,LaVie-base,4002630.mp4,STALL/datasets/videofeedback/fake/LaVie-base/4002630.mp4,2.0,8.0,16.0,True,0.0861343301153755,0.9948039054870604,0.4496021602640495,0.363467830148674,0.9086695753716848,-0.5452017452230109,boundary_ci_crosses_zero,-0.0012719270545129,-0.0076430926128647,0.005359613345704,0.0153352195195958,0.0127410021059496,0.0179051806441933,supplementary audit candidate
videofeedback,P1,generated_false_real_risk,generated_score_increased_by_alpha,annotated,LaVie-base,4004413.mp4,STALL/datasets/videofeedback/fake/LaVie-base/4004413.mp4,2.0,8.0,16.0,True,0.067179773958088,0.9677451252937316,0.4274059144923454,0.3602261405342574,0.9005653513356435,-0.5403392108013862,boundary_ci_crosses_zero,-0.0012719270545129,-0.0076430926128647,0.005359613345704,0.0153352195195958,0.0127410021059496,0.0179051806441933,supplementary audit candidate
videofeedback,P1,generated_false_real_risk,generated_score_increased_by_alpha,annotated,AnimateDiff,5000419.mp4,STALL/datasets/videofeedback/fake/AnimateDiff/5000419.mp4,2.0,8.0,16.0,True,0.0166441017188603,0.9081861972808838,0.3732609399436697,0.3566168382248094,0.8915420955620235,-0.5349252573372141,stable_positive_transfer,0.0145738066759622,0.0046284847596133,0.0264392236668589,0.0153352195195958,0.0127410021059496,0.0179051806441933,supplementary audit candidate
videofeedback,P1,generated_false_real_risk,generated_score_increased_by_alpha,annotated,AnimateDiff,5000254.mp4,STALL/datasets/videofeedback/fake/AnimateDiff/5000254.mp4,2.0,8.0,16.0,True,0.0379974099364257,0.9217647314071656,0.3915043385247217,0.353506928588296,0.88376732147074,-0.5302603928824439,stable_positive_transfer,0.0145738066759622,0.0046284847596133,0.0264392236668589,0.0153352195195958,0.0127410021059496,0.0179051806441933,supplementary audit candidate
videofeedback,P1,generated_false_real_risk,generated_score_increased_by_alpha,annotated,SoRA-Clip,s000095.mp4,STALL/datasets/videofeedback/fake/SoRA-Clip/s000095.mp4,2.5,8.0,20.0,True,0.0621615257829055,0.94539213180542,0.4154537681919113,0.3532922424090058,0.8832306060225146,-0.5299383636135087,boundary_ci_crosses_zero,0.0051428130907372,-0.0056208205340264,0.0173222914697542,0.0153352195195958,0.0127410021059496,0.0179051806441933,supplementary audit candidate
videofeedback,P1,generated_false_real_risk,generated_score_increased_by_alpha,annotated,LaVie-base,4004408.mp4,STALL/datasets/videofeedback/fake/LaVie-base/4004408.mp4,2.0,8.0,16.0,True,0.1038674358370614,0.9865930676460266,0.4569576885606475,0.3530902527235861,0.8827256318089652,-0.5296353790853792,boundary_ci_crosses_zero,-0.0012719270545129,-0.0076430926128647,0.005359613345704,0.0153352195195958,0.0127410021059496,0.0179051806441933,supplementary audit candidate
videofeedback,P1,generated_false_real_risk,generated_score_increased_by_alpha,annotated,LaVie-base,4004807.mp4,STALL/datasets/videofeedback/fake/LaVie-base/4004807.mp4,2.0,8.0,16.0,True,0.0358635507417,0.9135293960571288,0.3869298888678715,0.3510663381261715,0.8776658453154288,-0.5265995071892573,boundary_ci_crosses_zero,-0.0012719270545129,-0.0076430926128647,0.005359613345704,0.0153352195195958,0.0127410021059496,0.0179051806441933,supplementary audit candidate
videofeedback,P1,generated_false_real_risk,generated_score_increased_by_alpha,annotated,LaVie-base,4000650.mp4,STALL/datasets/videofeedback/fake/LaVie-base/4000650.mp4,2.0,8.0,16.0,True,0.0355250765246056,0.9057597517967224,0.3836189466334523,0.3480938701088467,0.8702346752721168,-0.5221408051632701,boundary_ci_crosses_zero,-0.0012719270545129,-0.0076430926128647,0.005359613345704,0.0153352195195958,0.0127410021059496,0.0179051806441933,supplementary audit candidate
videofeedback,P1,generated_false_real_risk,generated_score_increased_by_alpha,annotated,ZeroScope-576w,8000640.mp4,STALL/datasets/videofeedback/fake/ZeroScope-576w/8000640.mp4,3.0,8.0,24.0,True,0.0288733223451848,0.898504912853241,0.3767259585484073,0.3478526362032225,0.8696315905080562,-0.5217789543048337,stable_positive_transfer,0.0923875049434152,0.0836165941913499,0.1009002338688663,0.0153352195195958,0.0127410021059496,0.0179051806441933,supplementary audit candidate
videofeedback,P1,generated_false_real_risk,generated_score_increased_by_alpha,annotated,LaVie-base,4002845.mp4,STALL/datasets/videofeedback/fake/LaVie-base/4002845.mp4,2.0,8.0,16.0,True,0.0453702613609606,0.9095342755317688,0.3910358670292839,0.3456656056683233,0.8641640141708082,-0.5184984085024849,boundary_ci_crosses_zero,-0.0012719270545129,-0.0076430926128647,0.005359613345704,0.0153352195195958,0.0127410021059496,0.0179051806441933,supplementary audit candidate
videofeedback,P1,generated_false_real_risk,generated_score_increased_by_alpha,annotated,LaVie-base,4003156.mp4,STALL/datasets/videofeedback/fake/LaVie-base/4003156.mp4,2.0,8.0,16.0,True,0.0469449022839651,0.9101715683937072,0.3922355687278619,0.3452906664438968,0.8632266661097421,-0.5179359996658452,boundary_ci_crosses_zero,-0.0012719270545129,-0.0076430926128647,0.005359613345704,0.0153352195195958,0.0127410021059496,0.0179051806441933,supplementary audit candidate
videofeedback,P1,patch_global_conflict,generated_patch_global_conflict,annotated,LaVie-base,4001104.mp4,STALL/datasets/videofeedback/fake/LaVie-base/4001104.mp4,2.0,8.0,16.0,True,0.0234430186013656,0.9839460849761964,0.4076442451512979,0.3842012265499323,0.9605030663748308,-0.5763018398248985,boundary_ci_crosses_zero,-0.0012719270545129,-0.0076430926128647,0.005359613345704,0.0153352195195958,0.0127410021059496,0.0179051806441933,mechanism audit: patch-global disagreement
videofeedback,P1,patch_global_conflict,generated_patch_global_conflict,annotated,LaVie-base,4002630.mp4,STALL/datasets/videofeedback/fake/LaVie-base/4002630.mp4,2.0,8.0,16.0,True,0.0861343301153755,0.9948039054870604,0.4496021602640495,0.363467830148674,0.9086695753716848,-0.5452017452230109,boundary_ci_crosses_zero,-0.0012719270545129,-0.0076430926128647,0.005359613345704,0.0153352195195958,0.0127410021059496,0.0179051806441933,mechanism audit: patch-global disagreement
videofeedback,P1,patch_global_conflict,generated_patch_global_conflict,annotated,LaVie-base,4004413.mp4,STALL/datasets/videofeedback/fake/LaVie-base/4004413.mp4,2.0,8.0,16.0,True,0.067179773958088,0.9677451252937316,0.4274059144923454,0.3602261405342574,0.9005653513356435,-0.5403392108013862,boundary_ci_crosses_zero,-0.0012719270545129,-0.0076430926128647,0.005359613345704,0.0153352195195958,0.0127410021059496,0.0179051806441933,mechanism audit: patch-global disagreement
videofeedback,P1,patch_global_conflict,generated_patch_global_conflict,annotated,AnimateDiff,5000419.mp4,STALL/datasets/videofeedback/fake/AnimateDiff/5000419.mp4,2.0,8.0,16.0,True,0.0166441017188603,0.9081861972808838,0.3732609399436697,0.3566168382248094,0.8915420955620235,-0.5349252573372141,stable_positive_transfer,0.0145738066759622,0.0046284847596133,0.0264392236668589,0.0153352195195958,0.0127410021059496,0.0179051806441933,mechanism audit: patch-global disagreement
videofeedback,P1,patch_global_conflict,generated_patch_global_conflict,annotated,AnimateDiff,5000254.mp4,STALL/datasets/videofeedback/fake/AnimateDiff/5000254.mp4,2.0,8.0,16.0,True,0.0379974099364257,0.9217647314071656,0.3915043385247217,0.353506928588296,0.88376732147074,-0.5302603928824439,stable_positive_transfer,0.0145738066759622,0.0046284847596133,0.0264392236668589,0.0153352195195958,0.0127410021059496,0.0179051806441933,mechanism audit: patch-global disagreement
videofeedback,P1,patch_global_conflict,generated_patch_global_conflict,annotated,SoRA-Clip,s000095.mp4,STALL/datasets/videofeedback/fake/SoRA-Clip/s000095.mp4,2.5,8.0,20.0,True,0.0621615257829055,0.94539213180542,0.4154537681919113,0.3532922424090058,0.8832306060225146,-0.5299383636135087,boundary_ci_crosses_zero,0.0051428130907372,-0.0056208205340264,0.0173222914697542,0.0153352195195958,0.0127410021059496,0.0179051806441933,mechanism audit: patch-global disagreement
videofeedback,P1,patch_global_conflict,generated_patch_global_conflict,annotated,LaVie-base,4004408.mp4,STALL/datasets/videofeedback/fake/LaVie-base/4004408.mp4,2.0,8.0,16.0,True,0.1038674358370614,0.9865930676460266,0.4569576885606475,0.3530902527235861,0.8827256318089652,-0.5296353790853792,boundary_ci_crosses_zero,-0.0012719270545129,-0.0076430926128647,0.005359613345704,0.0153352195195958,0.0127410021059496,0.0179051806441933,mechanism audit: patch-global disagreement
videofeedback,P1,patch_global_conflict,generated_patch_global_conflict,annotated,LaVie-base,4004807.mp4,STALL/datasets/videofeedback/fake/LaVie-base/4004807.mp4,2.0,8.0,16.0,True,0.0358635507417,0.9135293960571288,0.3869298888678715,0.3510663381261715,0.8776658453154288,-0.5265995071892573,boundary_ci_crosses_zero,-0.0012719270545129,-0.0076430926128647,0.005359613345704,0.0153352195195958,0.0127410021059496,0.0179051806441933,mechanism audit: patch-global disagreement
videofeedback,P1,patch_global_conflict,generated_patch_global_conflict,annotated,LaVie-base,4000650.mp4,STALL/datasets/videofeedback/fake/LaVie-base/4000650.mp4,2.0,8.0,16.0,True,0.0355250765246056,0.9057597517967224,0.3836189466334523,0.3480938701088467,0.8702346752721168,-0.5221408051632701,boundary_ci_crosses_zero,-0.0012719270545129,-0.0076430926128647,0.005359613345704,0.0153352195195958,0.0127410021059496,0.0179051806441933,mechanism audit: patch-global disagreement
videofeedback,P1,patch_global_conflict,generated_patch_global_conflict,annotated,ZeroScope-576w,8000640.mp4,STALL/datasets/videofeedback/fake/ZeroScope-576w/8000640.mp4,3.0,8.0,24.0,True,0.0288733223451848,0.898504912853241,0.3767259585484073,0.3478526362032225,0.8696315905080562,-0.5217789543048337,stable_positive_transfer,0.0923875049434152,0.0836165941913499,0.1009002338688663,0.0153352195195958,0.0127410021059496,0.0179051806441933,mechanism audit: patch-global disagreement
videofeedback,P1,patch_global_conflict,generated_patch_global_conflict,annotated,LaVie-base,4002845.mp4,STALL/datasets/videofeedback/fake/LaVie-base/4002845.mp4,2.0,8.0,16.0,True,0.0453702613609606,0.9095342755317688,0.3910358670292839,0.3456656056683233,0.8641640141708082,-0.5184984085024849,boundary_ci_crosses_zero,-0.0012719270545129,-0.0076430926128647,0.005359613345704,0.0153352195195958,0.0127410021059496,0.0179051806441933,mechanism audit: patch-global disagreement
videofeedback,P1,patch_global_conflict,generated_patch_global_conflict,annotated,LaVie-base,4003156.mp4,STALL/datasets/videofeedback/fake/LaVie-base/4003156.mp4,2.0,8.0,16.0,True,0.0469449022839651,0.9101715683937072,0.3922355687278619,0.3452906664438968,0.8632266661097421,-0.5179359996658452,boundary_ci_crosses_zero,-0.0012719270545129,-0.0076430926128647,0.005359613345704,0.0153352195195958,0.0127410021059496,0.0179051806441933,mechanism audit: patch-global disagreement
videofeedback,P1,real_recall_degradation_risk,real_score_decreased_by_alpha,real,Panda70M,p101472.mp4,STALL/datasets/videofeedback/real/Panda70M/p101472.mp4,3.0,8.0,24.0,True,0.736358017424064,0.2030882388353347,0.5230501059885724,-0.2133079114354916,-0.5332697785887294,0.3199618671532377,no_generator_ci,,,,0.0153352195195958,0.0127410021059496,0.0179051806441933,supplementary audit candidate
videofeedback,P1,real_recall_degradation_risk,real_score_decreased_by_alpha,real,DiDeMo,p005071.mp4,STALL/datasets/videofeedback/real/DiDeMo/p005071.mp4,3.0,8.0,24.0,True,0.8611667059100541,0.3582107722759247,0.6599843324564023,-0.2011823734536517,-0.5029559336341294,0.3017735601804776,no_generator_ci,,,,0.0153352195195958,0.0127410021059496,0.0179051806441933,supplementary audit candidate
videofeedback,P1,real_recall_degradation_risk,real_score_decreased_by_alpha,real,Panda70M,p104747.mp4,STALL/datasets/videofeedback/real/Panda70M/p104747.mp4,3.0,8.0,24.0,True,0.8172092064987049,0.323235273361206,0.6196196332437053,-0.1975895732549996,-0.4939739331374989,0.2963843598824993,no_generator_ci,,,,0.0153352195195958,0.0127410021059496,0.0179051806441933,supplementary audit candidate
videofeedback,P1,real_recall_degradation_risk,real_score_decreased_by_alpha,real,DiDeMo,p005015.mp4,STALL/datasets/videofeedback/real/DiDeMo/p005015.mp4,3.0,8.0,24.0,True,0.8847274546738875,0.4016176164150238,0.6914835193703419,-0.1932439353035455,-0.4831098382588636,0.2898659029553181,no_generator_ci,,,,0.0153352195195958,0.0127410021059496,0.0179051806441933,supplementary audit candidate
videofeedback,P1,real_recall_degradation_risk,real_score_decreased_by_alpha,real,Panda70M,p106612.mp4,STALL/datasets/videofeedback/real/Panda70M/p106612.mp4,2.0,8.0,16.0,True,0.7379179420767601,0.2608823478221893,0.5471037043749318,-0.1908142377018282,-0.4770355942545708,0.2862213565527425,no_generator_ci,,,,0.0153352195195958,0.0127410021059496,0.0179051806441933,supplementary audit candidate
videofeedback,P1,real_recall_degradation_risk,real_score_decreased_by_alpha,real,Panda70M,p100850.mp4,STALL/datasets/videofeedback/real/Panda70M/p100850.mp4,3.0,8.0,24.0,True,0.804670944195903,0.3364950716495514,0.6174005951773623,-0.1872703490185406,-0.4681758725463516,0.2809055235278109,no_generator_ci,,,,0.0153352195195958,0.0127410021059496,0.0179051806441933,supplementary audit candidate
videofeedback,P1,real_recall_degradation_risk,real_score_decreased_by_alpha,real,Panda70M,p111478.mp4,STALL/datasets/videofeedback/real/Panda70M/p111478.mp4,2.0,8.0,16.0,True,0.7204791617612432,0.2636764645576477,0.537758082879805,-0.1827210788814381,-0.4568026972035954,0.2740816183221572,no_generator_ci,,,,0.0153352195195958,0.0127410021059496,0.0179051806441933,supplementary audit candidate
videofeedback,P1,real_recall_degradation_risk,real_score_decreased_by_alpha,real,DiDeMo,p000714.mp4,STALL/datasets/videofeedback/real/DiDeMo/p000714.mp4,3.0,8.0,24.0,True,0.8754267718389451,0.4186519384384155,0.6927168384787332,-0.1827099333602119,-0.4567748334005296,0.2740649000403177,no_generator_ci,,,,0.0153352195195958,0.0127410021059496,0.0179051806441933,supplementary audit candidate
videofeedback,P1,real_recall_degradation_risk,real_score_decreased_by_alpha,real,DiDeMo,p008560.mp4,STALL/datasets/videofeedback/real/DiDeMo/p008560.mp4,3.0,8.0,24.0,True,0.7134889333647281,0.2639460861682892,0.5336717944861525,-0.1798171388785755,-0.4495428471964389,0.2697257083178633,no_generator_ci,,,,0.0153352195195958,0.0127410021059496,0.0179051806441933,supplementary audit candidate
videofeedback,P1,real_recall_degradation_risk,real_score_decreased_by_alpha,real,Panda70M,p111472.mp4,STALL/datasets/videofeedback/real/Panda70M/p111472.mp4,3.0,8.0,24.0,True,0.628796797739581,0.1805392056703567,0.4494937609118912,-0.1793030368276897,-0.4482575920692243,0.2689545552415345,no_generator_ci,,,,0.0153352195195958,0.0127410021059496,0.0179051806441933,supplementary audit candidate
videofeedback,P1,real_recall_degradation_risk,real_score_decreased_by_alpha,real,Panda70M,p103018.mp4,STALL/datasets/videofeedback/real/Panda70M/p103018.mp4,2.0,8.0,16.0,True,0.5935954791617613,0.1455637216567993,0.4143827761597764,-0.1792127030019848,-0.4480317575049619,0.2688190545029771,no_generator_ci,,,,0.0153352195195958,0.0127410021059496,0.0179051806441933,supplementary audit candidate
videofeedback,P1,real_recall_degradation_risk,real_score_decreased_by_alpha,real,Panda70M,p106326.mp4,STALL/datasets/videofeedback/real/Panda70M/p106326.mp4,2.0,8.0,16.0,True,0.8820638097480574,0.4343382120132446,0.7029735706541324,-0.179090239093925,-0.4477255977348128,0.2686353586408878,no_generator_ci,,,,0.0153352195195958,0.0127410021059496,0.0179051806441933,supplementary audit candidate
videofeedback,P1,real_recall_degradation_risk,real_score_decreased_by_alpha,real,DiDeMo,p009127.mp4,STALL/datasets/videofeedback/real/DiDeMo/p009127.mp4,3.0,8.0,24.0,True,0.6822168589592654,0.2381127476692199,0.5045752144432472,-0.1776416445160182,-0.4441041112900455,0.2664624667740273,no_generator_ci,,,,0.0153352195195958,0.0127410021059496,0.0179051806441933,supplementary audit candidate
videofeedback,P1,real_recall_degradation_risk,real_score_decreased_by_alpha,real,Panda70M,p100794.mp4,STALL/datasets/videofeedback/real/Panda70M/p100794.mp4,2.0,8.0,16.0,True,0.7017012008476572,0.2577696144580841,0.5241285662918279,-0.1775726345558292,-0.4439315863895731,0.2663589518337438,no_generator_ci,,,,0.0153352195195958,0.0127410021059496,0.0179051806441933,supplementary audit candidate
videofeedback,P1,real_recall_degradation_risk,real_score_decreased_by_alpha,real,Panda70M,p103460.mp4,STALL/datasets/videofeedback/real/Panda70M/p103460.mp4,3.0,8.0,24.0,True,0.8783258770897104,0.4389460682868957,0.7025739535685845,-0.1757519235211259,-0.4393798088028147,0.2636278852816888,no_generator_ci,,,,0.0153352195195958,0.0127410021059496,0.0179051806441933,supplementary audit candidate
videofeedback,P1,real_recall_degradation_risk,real_score_decreased_by_alpha,real,Panda70M,p107647.mp4,STALL/datasets/videofeedback/real/Panda70M/p107647.mp4,3.0,8.0,24.0,True,0.7439663291735343,0.3177450895309448,0.5734778333164985,-0.1704884958570358,-0.4262212396425895,0.2557327437855536,no_generator_ci,,,,0.0153352195195958,0.0127410021059496,0.0179051806441933,supplementary audit candidate
videofeedback,P1,real_recall_degradation_risk,real_score_decreased_by_alpha,real,Panda70M,p104553.mp4,STALL/datasets/videofeedback/real/Panda70M/p104553.mp4,2.0,8.0,16.0,True,0.6960060042382858,0.274117648601532,0.5272506619835843,-0.1687553422547015,-0.4218883556367538,0.2531330133820523,no_generator_ci,,,,0.0153352195195958,0.0127410021059496,0.0179051806441933,supplementary audit candidate
videofeedback,P1,real_recall_degradation_risk,real_score_decreased_by_alpha,real,DiDeMo,p002166.mp4,STALL/datasets/videofeedback/real/DiDeMo/p002166.mp4,3.0,8.0,24.0,True,0.7644955262538262,0.3455392122268677,0.5969130006430428,-0.1675825256107834,-0.4189563140269585,0.2513737884161751,no_generator_ci,,,,0.0153352195195958,0.0127410021059496,0.0179051806441933,supplementary audit candidate
videofeedback,P1,real_recall_degradation_risk,real_score_decreased_by_alpha,real,DiDeMo,p004607.mp4,STALL/datasets/videofeedback/real/DiDeMo/p004607.mp4,3.0,8.0,24.0,True,0.5022368730868849,0.0833578407764434,0.3346852601627083,-0.1675516129241766,-0.4188790323104415,0.2513274193862649,no_generator_ci,,,,0.0153352195195958,0.0127410021059496,0.0179051806441933,supplementary audit candidate
videofeedback,P1,real_recall_degradation_risk,real_score_decreased_by_alpha,real,Panda70M,p109351.mp4,STALL/datasets/videofeedback/real/Panda70M/p109351.mp4,2.0,8.0,16.0,True,0.665572757240405,0.2578186392784118,0.5024711100556076,-0.1631016471847973,-0.4077541179619932,0.2446524707771958,no_generator_ci,,,,0.0153352195195958,0.0127410021059496,0.0179051806441933,supplementary audit candidate
videofeedback,P1,residual_generated_hard_case,generated_alpha_still_high,annotated,ModelScope,3000848.mp4,STALL/datasets/videofeedback/fake/ModelScope/3000848.mp4,2.0,8.0,16.0,True,0.8951465740522722,0.6400244832038879,0.7930977377129185,-0.1020488363393536,-0.2551220908483842,0.1530732545090305,stable_positive_transfer,0.036196043758825,0.0308990263553466,0.0417192421983063,0.0153352195195958,0.0127410021059496,0.0179051806441933,limitation audit: generated video remains high-scoring
videofeedback,P1,residual_generated_hard_case,generated_alpha_still_high,annotated,LaVie-base,4000576.mp4,STALL/datasets/videofeedback/fake/LaVie-base/4000576.mp4,2.0,8.0,16.0,True,0.8148104544384271,0.78519606590271,0.8029646990241404,-0.0118457554142867,-0.0296143885357171,0.0177686331214304,boundary_ci_crosses_zero,-0.0012719270545129,-0.0076430926128647,0.005359613345704,0.0153352195195958,0.0127410021059496,0.0179051806441933,limitation audit: generated video remains high-scoring
comgenvid,P2,real_false_positive_risk,real_alpha_low,real,MSVD,idRc_KkInds_0_6.mp4,STALL/datasets/comgenvid/real/MSVD/idRc_KkInds_0_6.mp4,6.033333,30.0,181.0,True,0.009065222510007,0.0425795055925846,0.022470935743038,0.013405713233031,0.0335142830825776,-0.0201085698495466,no_generator_ci,,,,0.0668755029411764,0.0617714900519031,0.071396221885813,supplementary audit candidate
comgenvid,P2,real_false_positive_risk,real_alpha_low,real,MSVD,iLr7ZHAq1ro_7_11.mp4,STALL/datasets/comgenvid/real/MSVD/iLr7ZHAq1ro_7_11.mp4,4.004,59.94005994005994,240.0,True,0.0252531198493053,0.013663132674992,0.0206171249795799,-0.0046359948697254,-0.0115899871743133,0.0069539923045879,no_generator_ci,,,,0.0668755029411764,0.0617714900519031,0.071396221885813,supplementary audit candidate
comgenvid,P2,real_false_positive_risk,real_alpha_low,real,MSVD,F3pmw2ga244_59_65.mp4,STALL/datasets/comgenvid/real/MSVD/F3pmw2ga244_59_65.mp4,6.016713,29.916666666666668,180.0,True,0.024590887685425,0.0182567723095417,0.0220572415350716,-0.0025336461503534,-0.0063341153758833,0.0038004692255299,no_generator_ci,,,,0.0668755029411764,0.0617714900519031,0.071396221885813,supplementary audit candidate
comgenvid,P2,real_false_positive_risk,real_alpha_low,real,MSVD,W_iR4YVCxUY_8_15.mp4,STALL/datasets/comgenvid/real/MSVD/W_iR4YVCxUY_8_15.mp4,7.007,29.97002997002997,210.0,True,0.0193371791853072,0.0210247356444597,0.0200122017689682,0.0006750225836609,0.0016875564591525,-0.0010125338754915,no_generator_ci,,,,0.0668755029411764,0.0617714900519031,0.071396221885813,supplementary audit candidate
comgenvid,P2,real_false_positive_risk,real_alpha_low,real,MSVD,RjpbFlOHFps_8_25.mp4,STALL/datasets/comgenvid/real/MSVD/RjpbFlOHFps_8_25.mp4,17.04,25.0,426.0,True,0.0251795384977631,0.0242638401687145,0.0248132591661436,-0.0003662793316194,-0.0009156983290486,0.0005494189974291,no_generator_ci,,,,0.0668755029411764,0.0617714900519031,0.071396221885813,supplementary audit candidate
comgenvid,P2,residual_generated_hard_case,generated_alpha_still_high,annotated,Sora,casp3rrrr_909638998%2Fmd.mp4,STALL/datasets/comgenvid/fake/Sora/casp3rrrr_909638998%2Fmd.mp4,5.0,30.0,150.0,True,0.5213827407581823,0.7538869380950928,0.6143844196929464,0.0930016789347641,0.2325041973369105,-0.1395025184021463,stable_positive_transfer,0.0691531996539792,0.0621494506920416,0.076427794117647,0.0668755029411764,0.0617714900519031,0.071396221885813,limitation audit: generated video remains high-scoring
comgenvid,P2,residual_generated_hard_case,generated_alpha_still_high,annotated,Sora,ankita68_239170629%2Fmd.mp4,STALL/datasets/comgenvid/fake/Sora/ankita68_239170629%2Fmd.mp4,5.0,30.0,150.0,True,0.4371026607016718,0.6374558210372925,0.5172439248359201,0.0801412641342482,0.2003531603356206,-0.1202118962013724,stable_positive_transfer,0.0691531996539792,0.0621494506920416,0.076427794117647,0.0668755029411764,0.0617714900519031,0.071396221885813,limitation audit: generated video remains high-scoring
comgenvid,P2,residual_generated_hard_case,generated_alpha_still_high,annotated,VEO3,fe790a42-597e-5b02-83c8-f568c5bfa4c2.mp4,STALL/datasets/comgenvid/fake/VEO3/fe790a42-597e-5b02-83c8-f568c5bfa4c2.mp4,8.0,24.0,192.0,True,0.4371173769719803,0.6325677037239075,0.5152975076727511,0.0781801307007707,0.1954503267519272,-0.1172701960511564,stable_positive_transfer,0.0637713615916955,0.0573656401384083,0.0706377465397923,0.0668755029411764,0.0617714900519031,0.071396221885813,limitation audit: generated video remains high-scoring
comgenvid,P2,residual_generated_hard_case,generated_alpha_still_high,annotated,VEO3,cf270be1-25f8-541b-b0f0-847840b80b67.mp4,STALL/datasets/comgenvid/fake/VEO3/cf270be1-25f8-541b-b0f0-847840b80b67.mp4,8.0,24.0,192.0,True,0.6355809983517777,0.4551236629486084,0.56339806419051,-0.0721829341612677,-0.1804573354031693,0.1082744012419015,stable_positive_transfer,0.0637713615916955,0.0573656401384083,0.0706377465397923,0.0668755029411764,0.0617714900519031,0.071396221885813,limitation audit: generated video remains high-scoring
comgenvid,P2,residual_generated_hard_case,generated_alpha_still_high,annotated,Sora,joren111_304812655%2Fmd.mp4,STALL/datasets/comgenvid/fake/Sora/joren111_304812655%2Fmd.mp4,5.0,30.0,150.0,True,0.4599275959500824,0.6284452080726624,0.5273346407991144,0.0674070448490319,0.1685176121225799,-0.1011105672735479,stable_positive_transfer,0.0691531996539792,0.0621494506920416,0.076427794117647,0.0668755029411764,0.0617714900519031,0.071396221885813,limitation audit: generated video remains high-scoring
comgenvid,P2,residual_generated_hard_case,generated_alpha_still_high,annotated,Sora,nguyenhieuls_243551143%2Fmd.mp4,STALL/datasets/comgenvid/fake/Sora/nguyenhieuls_243551143%2Fmd.mp4,5.0,30.0,150.0,True,0.4569990581587002,0.6243816018104553,0.5239520756194023,0.066953017460702,0.1673825436517551,-0.100429526191053,stable_positive_transfer,0.0691531996539792,0.0621494506920416,0.076427794117647,0.0668755029411764,0.0617714900519031,0.071396221885813,limitation audit: generated video remains high-scoring
comgenvid,P2,residual_generated_hard_case,generated_alpha_still_high,annotated,Sora,adryan91_80558088%2Fmd.mp4,STALL/datasets/comgenvid/fake/Sora/adryan91_80558088%2Fmd.mp4,10.0,30.0,300.0,True,0.4974835177772545,0.6585394740104675,0.5619059002705398,0.0644223824932852,0.161055956233213,-0.0966335737399277,stable_positive_transfer,0.0691531996539792,0.0621494506920416,0.076427794117647,0.0668755029411764,0.0617714900519031,0.071396221885813,limitation audit: generated video remains high-scoring
comgenvid,P2,residual_generated_hard_case,generated_alpha_still_high,annotated,Sora,kitsunen_994713703%2Fmd.mp4,STALL/datasets/comgenvid/fake/Sora/kitsunen_994713703%2Fmd.mp4,5.0,30.0,150.0,True,0.5190722863197551,0.6398115158081055,0.5673679781150953,0.0482956917953402,0.1207392294883503,-0.0724435376930101,stable_positive_transfer,0.0691531996539792,0.0621494506920416,0.076427794117647,0.0668755029411764,0.0617714900519031,0.071396221885813,limitation audit: generated video remains high-scoring
comgenvid,P2,residual_generated_hard_case,generated_alpha_still_high,annotated,Sora,shang0_860401353%2Fmd.mp4,STALL/datasets/comgenvid/fake/Sora/shang0_860401353%2Fmd.mp4,10.0,30.0,300.0,True,0.583971038380033,0.65800940990448,0.6135863869898117,0.0296153486097787,0.074038371524447,-0.0444230229146682,stable_positive_transfer,0.0691531996539792,0.0621494506920416,0.076427794117647,0.0668755029411764,0.0617714900519031,0.071396221885813,limitation audit: generated video remains high-scoring
comgenvid,P2,residual_generated_hard_case,generated_alpha_still_high,annotated,VEO3,2bc23ae4-7a7a-5421-a8a4-58c1f9116421.mp4,STALL/datasets/comgenvid/fake/VEO3/2bc23ae4-7a7a-5421-a8a4-58c1f9116421.mp4,8.0,24.0,192.0,True,0.4965416764775135,0.5698468685150146,0.525863753292514,0.0293220768150004,0.0733051920375011,-0.0439831152225006,stable_positive_transfer,0.0637713615916955,0.0573656401384083,0.0706377465397923,0.0668755029411764,0.0617714900519031,0.071396221885813,limitation audit: generated video remains high-scoring
comgenvid,P2,residual_generated_hard_case,generated_alpha_still_high,annotated,Sora,rh1ng0_954745746%2Fmd.mp4,STALL/datasets/comgenvid/fake/Sora/rh1ng0_954745746%2Fmd.mp4,10.0,30.0,300.0,True,0.7406551683541323,0.7981743216514587,0.7636628296730629,0.0230076613189306,0.0575191532973264,-0.0345114919783958,stable_positive_transfer,0.0691531996539792,0.0621494506920416,0.076427794117647,0.0668755029411764,0.0617714900519031,0.071396221885813,limitation audit: generated video remains high-scoring
comgenvid,P2,residual_generated_hard_case,generated_alpha_still_high,annotated,Sora,phpdgs_989549820%2Fmd.mp4,STALL/datasets/comgenvid/fake/Sora/phpdgs_989549820%2Fmd.mp4,10.0,30.0,300.0,True,0.5460472097951495,0.5219669938087463,0.5364151234005883,-0.0096320863945612,-0.0240802159864031,0.0144481295918419,stable_positive_transfer,0.0691531996539792,0.0621494506920416,0.076427794117647,0.0668755029411764,0.0617714900519031,0.071396221885813,limitation audit: generated video remains high-scoring
comgenvid,P2,residual_generated_hard_case,generated_alpha_still_high,annotated,VEO3,3096cf20-cd88-5b4d-bea6-61746776ff67.mp4,STALL/datasets/comgenvid/fake/VEO3/3096cf20-cd88-5b4d-bea6-61746776ff67.mp4,8.0,24.0,192.0,True,0.5552154461973158,0.5492932796478271,0.5528465795775204,-0.0023688666197954,-0.0059221665494886,0.0035532999296932,stable_positive_transfer,0.0637713615916955,0.0573656401384083,0.0706377465397923,0.0668755029411764,0.0617714900519031,0.071396221885813,limitation audit: generated video remains high-scoring
genvideo,P2,residual_generated_hard_case,generated_alpha_still_high,annotated,WildScrape,D133.mp4,STALL/datasets/genvideo/fake/WildScrape/D133.mp4,22.64,25.0,566.0,True,0.6944313633152814,0.9286457896232604,0.788117133838473,0.0936857705231916,0.2342144263079789,-0.1405286557847873,stable_positive_transfer,0.0388172306532189,0.0222524271844659,0.0549125742294278,0.0344333525503979,0.0266361776131194,0.0432855090972428,limitation audit: generated video remains high-scoring
genvideo,P2,residual_generated_hard_case,generated_alpha_still_high,annotated,WildScrape,D129.mp4,STALL/datasets/genvideo/fake/WildScrape/D129.mp4,22.64,25.0,566.0,True,0.7145485048269367,0.911518394947052,0.7933364608749829,0.0787879560480462,0.1969698901201153,-0.1181819340720691,stable_positive_transfer,0.0388172306532189,0.0222524271844659,0.0549125742294278,0.0344333525503979,0.0266361776131194,0.0432855090972428,limitation audit: generated video remains high-scoring
genvideo,P2,residual_generated_hard_case,generated_alpha_still_high,annotated,WildScrape,D128.mp4,STALL/datasets/genvideo/fake/WildScrape/D128.mp4,22.64,25.0,566.0,True,0.7517806687073227,0.918038845062256,0.818283939249296,0.0665032705419732,0.1662581763549332,-0.0997549058129599,stable_positive_transfer,0.0388172306532189,0.0222524271844659,0.0549125742294278,0.0344333525503979,0.0266361776131194,0.0432855090972428,limitation audit: generated video remains high-scoring
genvideo,P2,residual_generated_hard_case,generated_alpha_still_high,annotated,WildScrape,D130.mp4,STALL/datasets/genvideo/fake/WildScrape/D130.mp4,22.64,25.0,566.0,True,0.7980486225570991,0.9303284883499146,0.8509605688742252,0.0529119463171261,0.1322798657928154,-0.0793679194756893,stable_positive_transfer,0.0388172306532189,0.0222524271844659,0.0549125742294278,0.0344333525503979,0.0266361776131194,0.0432855090972428,limitation audit: generated video remains high-scoring
genvideo,P2,residual_generated_hard_case,generated_alpha_still_high,annotated,WildScrape,D529.mp4,STALL/datasets/genvideo/fake/WildScrape/D529.mp4,1.92,25.0,48.0,True,0.735769366611726,0.8640023469924927,0.7870625587640327,0.0512931921523067,0.1282329803807667,-0.0769397882284599,stable_positive_transfer,0.0388172306532189,0.0222524271844659,0.0549125742294278,0.0344333525503979,0.0266361776131194,0.0432855090972428,limitation audit: generated video remains high-scoring
genvideo,P2,residual_generated_hard_case,generated_alpha_still_high,annotated,Show_1,show1_527.mp4,STALL/datasets/genvideo/fake/Show_1/show1_527.mp4,3.625,8.0,29.0,True,0.8054067577113256,0.9011918902397156,0.8437208107226817,0.038314053011356,0.0957851325283899,-0.0574710795170338,stable_positive_transfer,0.0274408714285714,0.0116661734693876,0.04069,0.0344333525503979,0.0266361776131194,0.0432855090972428,limitation audit: generated video remains high-scoring
genvideo,P2,residual_generated_hard_case,generated_alpha_still_high,annotated,WildScrape,D528.mp4,STALL/datasets/genvideo/fake/WildScrape/D528.mp4,1.92,25.0,48.0,True,0.7528549564398399,0.8399037718772888,0.7876744826148194,0.0348195261749795,0.0870488154374489,-0.0522292892624693,stable_positive_transfer,0.0388172306532189,0.0222524271844659,0.0549125742294278,0.0344333525503979,0.0266361776131194,0.0432855090972428,limitation audit: generated video remains high-scoring
genvideo,P2,residual_generated_hard_case,generated_alpha_still_high,annotated,WildScrape,D522.mp4,STALL/datasets/genvideo/fake/WildScrape/D522.mp4,1.92,25.0,48.0,True,0.9291264421944904,0.8449218273162842,0.8954445962432079,-0.0336818459512824,-0.0842046148782061,0.0505227689269237,stable_positive_transfer,0.0388172306532189,0.0222524271844659,0.0549125742294278,0.0344333525503979,0.0266361776131194,0.0432855090972428,limitation audit: generated video remains high-scoring
genvideo,P2,residual_generated_hard_case,generated_alpha_still_high,annotated,WildScrape,D521.mp4,STALL/datasets/genvideo/fake/WildScrape/D521.mp4,1.92,25.0,48.0,True,0.7969596185542736,0.8451822996139526,0.8162486909781452,0.0192890724238716,0.048222681059679,-0.0289336086358074,stable_positive_transfer,0.0388172306532189,0.0222524271844659,0.0549125742294278,0.0344333525503979,0.0266361776131194,0.0432855090972428,limitation audit: generated video remains high-scoring
genvideo,P2,residual_generated_hard_case,generated_alpha_still_high,annotated,WildScrape,D623.mp4,STALL/datasets/genvideo/fake/WildScrape/D623.mp4,9.92,25.0,248.0,True,0.8596656463385919,0.8324018120765686,0.8487601126337826,-0.0109055337048092,-0.0272638342620232,0.0163583005572139,stable_positive_transfer,0.0388172306532189,0.0222524271844659,0.0549125742294278,0.0344333525503979,0.0266361776131194,0.0432855090972428,limitation audit: generated video remains high-scoring
genvideo,P2,residual_generated_hard_case,generated_alpha_still_high,annotated,WildScrape,D33.mp4,STALL/datasets/genvideo/fake/WildScrape/D33.mp4,1.92,25.0,48.0,True,0.8127501765952436,0.8373196721076965,0.8225779748002248,0.0098277982049811,0.0245694955124529,-0.0147416973074717,stable_positive_transfer,0.0388172306532189,0.0222524271844659,0.0549125742294278,0.0344333525503979,0.0266361776131194,0.0432855090972428,limitation audit: generated video remains high-scoring
genvideo,P2,residual_generated_hard_case,generated_alpha_still_high,annotated,WildScrape,D501.mp4,STALL/datasets/genvideo/fake/WildScrape/D501.mp4,3.08,14.285714285714286,44.0,True,0.8726453967506476,0.8498897552490234,0.863543140149998,-0.0091022566006495,-0.0227556415016241,0.0136533849009745,stable_positive_transfer,0.0388172306532189,0.0222524271844659,0.0549125742294278,0.0344333525503979,0.0266361776131194,0.0432855090972428,limitation audit: generated video remains high-scoring
genvideo,P2,residual_generated_hard_case,generated_alpha_still_high,annotated,WildScrape,D526.mp4,STALL/datasets/genvideo/fake/WildScrape/D526.mp4,1.92,25.0,48.0,True,0.965431481045444,0.9453425407409668,0.9573959049236532,-0.0080355761217907,-0.0200889403044771,0.0120533641826864,stable_positive_transfer,0.0388172306532189,0.0222524271844659,0.0549125742294278,0.0344333525503979,0.0266361776131194,0.0432855090972428,limitation audit: generated video remains high-scoring
genvideo,P2,residual_generated_hard_case,generated_alpha_still_high,annotated,WildScrape,D520.mp4,STALL/datasets/genvideo/fake/WildScrape/D520.mp4,1.92,25.0,48.0,True,0.8954703319990582,0.8790263533592224,0.8888927405431238,-0.0065775914559343,-0.0164439786398358,0.0098663871839014,stable_positive_transfer,0.0388172306532189,0.0222524271844659,0.0549125742294278,0.0344333525503979,0.0266361776131194,0.0432855090972428,limitation audit: generated video remains high-scoring
genvideo,P2,residual_generated_hard_case,generated_alpha_still_high,annotated,WildScrape,D527.mp4,STALL/datasets/genvideo/fake/WildScrape/D527.mp4,1.92,25.0,48.0,True,0.8896868377678362,0.8755108118057251,0.8840164273829918,-0.0056704103848443,-0.014176025962111,0.0085056155772667,stable_positive_transfer,0.0388172306532189,0.0222524271844659,0.0549125742294278,0.0344333525503979,0.0266361776131194,0.0432855090972428,limitation audit: generated video remains high-scoring
genvideo,P2,residual_generated_hard_case,generated_alpha_still_high,annotated,Show_1,show1_526.mp4,STALL/datasets/genvideo/fake/Show_1/show1_526.mp4,3.625,8.0,29.0,True,0.7382122674829291,0.727143406867981,0.7337847232369499,-0.0044275442459792,-0.0110688606149481,0.0066413163689689,stable_positive_transfer,0.0274408714285714,0.0116661734693876,0.04069,0.0344333525503979,0.0266361776131194,0.0432855090972428,limitation audit: generated video remains high-scoring
genvideo,P2,residual_generated_hard_case,generated_alpha_still_high,annotated,Show_1,show1_588.mp4,STALL/datasets/genvideo/fake/Show_1/show1_588.mp4,3.625,8.0,29.0,True,0.7941340946550506,0.7887519598007202,0.7919812407133184,-0.0021528539417321,-0.0053821348543303,0.0032292809125982,stable_positive_transfer,0.0274408714285714,0.0116661734693876,0.04069,0.0344333525503979,0.0266361776131194,0.0432855090972428,limitation audit: generated video remains high-scoring
videofeedback,P2,residual_generated_hard_case,generated_alpha_still_high,annotated,Pika,0003718.mp4,STALL/datasets/videofeedback/fake/Pika/0003718.mp4,3.0,8.0,24.0,True,0.7995643983988698,0.6198038458824158,0.7276601773922882,-0.0719042210065816,-0.179760552516454,0.1078563315098724,stable_positive_transfer,0.0581962706827774,0.0526588185388832,0.0635078066518735,0.0153352195195958,0.0127410021059496,0.0179051806441933,limitation audit: generated video remains high-scoring
videofeedback,P2,residual_generated_hard_case,generated_alpha_still_high,annotated,Fast-SVD,9000330.mp4,STALL/datasets/videofeedback/fake/Fast-SVD/9000330.mp4,3.0,8.0,24.0,True,0.6705615728749705,0.8144362568855286,0.7281114464791938,0.0575498736042232,0.143874684010558,-0.0863248104063347,stable_positive_transfer,0.0234238879999999,0.0127021249999999,0.0337360125,0.0153352195195958,0.0127410021059496,0.0179051806441933,limitation audit: generated video remains high-scoring
videofeedback,P2,residual_generated_hard_case,generated_alpha_still_high,annotated,ModelScope,3004838.mp4,STALL/datasets/videofeedback/fake/ModelScope/3004838.mp4,2.0,8.0,16.0,True,0.7920002354603249,0.7895097732543945,0.7910040505779528,-0.0009961848823721,-0.0024904622059304,0.0014942773235582,stable_positive_transfer,0.036196043758825,0.0308990263553466,0.0417192421983063,0.0153352195195958,0.0127410021059496,0.0179051806441933,limitation audit: generated video remains high-scoring
